attempt,turns,length
0,0,3
1,1,3
2,2,3
3,3,3
4,4,3
5,0,3
6,2,3
7,1,3
8,0,3
9,0,3
10,4,3
11,0,3
12,3,3
13,0,3
14,2,3
15,7,3
16,0,3
17,0,3
18,2,3
19,0,3
20,2,3
21,4,3
22,1,3
23,1,3
24,0,3
25,1,3
26,0,3
27,2,3
28,2,3
29,4,3
30,5,3
31,1,3
32,3,3
33,3,3
34,2,3
35,1,3
36,1,3
37,0,3
38,9,4
39,1,3
40,2,3
41,3,3
42,0,3
43,9,3
44,15,3
45,2,3
46,0,3
47,8,3
48,0,3
49,8,4
50,0,3
51,1,3
52,24,3
53,3,3
54,0,3
55,18,3
56,1,3
57,1,3
58,3,3
59,6,3
60,0,3
61,0,3
62,0,3
63,1,3
64,2,3
65,5,3
66,1,3
67,5,3
68,0,3
69,4,3
70,0,3
71,0,3
72,9,3
73,0,3
74,1,3
75,0,3
76,1,3
77,1,4
78,0,3
79,0,3
80,4,2
81,3,3
82,0,3
83,2,3
84,0,3
85,0,3
86,3,3
87,1,3
88,1,3
89,7,3
90,2,3
91,4,3
92,1,3
93,1,3
94,0,3
95,0,3
96,1,3
97,1,4
98,0,3
99,2,3
100,0,3
101,0,3
102,3,3
103,2,3
104,1,3
105,2,3
106,6,3
107,1,3
108,0,3
109,0,3
110,0,3
111,0,3
112,3,3
113,0,3
114,1,3
115,0,3
116,0,3
117,1,2
118,2,3
119,1,3
120,1,3
121,0,3
122,0,3
123,1,3
124,8,3
125,0,3
126,1,3
127,0,3
128,0,3
129,0,3
130,3,3
131,2,3
132,0,3
133,1,3
134,2,3
135,1,3
136,0,3
137,3,3
138,3,3
139,0,3
140,2,3
141,4,3
142,0,3
143,3,3
144,1,3
145,0,3
146,0,3
147,6,3
148,4,3
149,4,3
150,5,3
151,1,3
152,0,3
153,9,3
154,4,3
155,0,3
156,5,4
157,0,3
158,5,4
159,0,3
160,11,3
161,5,3
162,0,3
163,1,3
164,0,3
165,0,3
166,1,3
167,1,3
168,1,3
169,1,3
170,0,3
171,1,3
172,12,3
173,9,3
174,1,3
175,10,4
176,2,3
177,3,3
178,6,3
179,0,3
180,0,3
181,3,4
182,0,3
183,11,4
184,0,3
185,3,3
186,5,3
187,3,3
188,2,3
189,1,3
190,7,3
191,2,4
192,0,3
193,0,3
194,0,3
195,3,3
196,3,3
197,0,3
198,0,3
199,0,3
200,1,3
201,4,3
202,1,3
203,3,3
204,5,4
205,7,3
206,1,3
207,3,3
208,0,3
209,3,3
210,1,3
211,3,3
212,0,3
213,11,5
214,0,3
215,6,3
216,4,2
217,14,3
218,0,3
219,1,3
220,5,3
221,0,3
222,0,3
223,0,3
224,7,3
225,1,3
226,1,3
227,2,3
228,1,3
229,0,3
230,5,3
231,4,3
232,0,3
233,0,3
234,1,3
235,1,3
236,0,3
237,1,3
238,1,3
239,4,3
240,2,3
241,0,3
242,0,3
243,3,3
244,0,3
245,2,3
246,1,3
247,0,3
248,0,3
249,6,3
250,0,3
251,0,3
252,1,3
253,7,3
254,1,3
255,7,3
256,5,2
257,0,3
258,1,3
259,0,3
260,3,3
261,0,3
262,0,3
263,0,3
264,2,3
265,3,3
266,1,3
267,0,3
268,5,3
269,2,3
270,5,3
271,0,3
272,7,3
273,0,3
274,0,3
275,0,3
276,1,3
277,0,3
278,3,3
279,2,3
280,1,3
281,1,3
282,3,3
283,2,3
284,0,3
285,15,2
286,4,3
287,1,3
288,2,3
289,1,3
290,1,3
291,3,3
292,9,3
293,1,3
294,0,3
295,1,3
296,0,3
297,1,3
298,3,3
299,2,3
300,5,3
301,2,4
302,7,3
303,0,3
304,1,3
305,0,3
306,3,3
307,4,3
308,1,3
309,0,3
310,0,3
311,4,2
312,3,3
313,2,3
314,4,3
315,7,4
316,0,3
317,3,2
318,4,3
319,0,3
320,7,3
321,1,3
322,0,3
323,0,3
324,1,3
325,6,3
326,4,3
327,1,3
328,1,3
329,1,3
330,0,3
331,2,3
332,1,3
333,0,3
334,8,3
335,4,4
336,0,3
337,3,3
338,1,3
339,0,3
340,5,3
341,1,4
342,2,3
343,4,3
344,3,3
345,8,3
346,1,3
347,10,3
348,0,3
349,6,2
350,1,3
351,1,3
352,4,3
353,1,3
354,1,3
355,3,3
356,3,3
357,0,3
358,2,3
359,0,3
360,5,3
361,4,3
362,7,4
363,5,3
364,13,3
365,13,2
366,0,3
367,0,3
368,4,3
369,3,3
370,4,4
371,1,3
372,5,3
373,1,3
374,4,3
375,1,3
376,0,3
377,5,3
378,0,3
379,0,3
380,5,3
381,1,3
382,2,4
383,5,3
384,0,3
385,0,3
386,4,3
387,2,3
388,4,3
389,3,3
390,0,3
391,5,3
392,4,3
393,7,3
394,1,3
395,6,3
396,1,3
397,4,3
398,1,3
399,0,3
400,3,3
401,0,3
402,1,3
403,0,3
404,1,3
405,0,3
406,0,3
407,1,3
408,3,3
409,2,3
410,3,3
411,3,3
412,10,3
413,1,3
414,0,3
415,5,3
416,4,3
417,2,3
418,0,3
419,3,3
420,0,3
421,4,3
422,3,3
423,1,3
424,0,3
425,0,3
426,6,3
427,1,3
428,5,3
429,5,3
430,5,3
431,1,4
432,0,3
433,1,3
434,5,3
435,2,3
436,3,3
437,0,3
438,0,3
439,2,3
440,0,3
441,2,2
442,9,3
443,1,3
444,1,3
445,0,3
446,0,3
447,4,3
448,0,3
449,3,3
450,2,3
451,4,4
452,4,3
453,2,4
454,3,3
455,1,3
456,0,3
457,20,2
458,1,3
459,0,3
460,11,3
461,0,3
462,5,3
463,1,3
464,0,3
465,1,3
466,3,3
467,4,3
468,2,3
469,5,3
470,2,3
471,7,3
472,5,3
473,2,3
474,3,3
475,0,3
476,1,3
477,5,3
478,0,3
479,4,3
480,0,3
481,3,3
482,0,3
483,3,3
484,3,3
485,1,3
486,0,3
487,5,3
488,4,3
489,0,3
490,1,4
491,9,3
492,1,3
493,4,3
494,1,3
495,0,3
496,2,3
497,0,3
498,4,3
499,0,3
500,7,3
501,4,3
502,2,3
503,2,3
504,1,3
505,0,3
506,1,3
507,4,3
508,2,3
509,3,3
510,0,3
511,2,3
512,0,3
513,6,3
514,8,4
515,3,3
516,0,3
517,0,3
518,1,3
519,0,3
520,2,3
521,5,3
522,7,3
523,4,3
524,2,3
525,0,3
526,1,3
527,18,3
528,1,3
529,2,3
530,3,3
531,2,3
532,2,3
533,2,3
534,7,3
535,6,2
536,3,3
537,0,3
538,1,3
539,3,4
540,1,3
541,4,3
542,1,3
543,0,3
544,0,3
545,1,3
546,1,3
547,0,3
548,1,3
549,1,3
550,4,3
551,0,3
552,3,3
553,1,3
554,3,3
555,2,3
556,2,3
557,2,3
558,2,3
559,0,3
560,4,3
561,0,3
562,9,3
563,1,3
564,1,3
565,0,3
566,1,3
567,2,3
568,0,3
569,1,3
570,0,3
571,0,3
572,1,3
573,2,3
574,11,3
575,5,3
576,1,3
577,4,3
578,3,3
579,1,3
580,5,3
581,1,3
582,6,3
583,0,3
584,1,3
585,0,3
586,1,3
587,8,3
588,0,3
589,4,3
590,0,3
591,5,2
592,3,3
593,3,3
594,1,3
595,4,3
596,0,3
597,11,3
598,6,3
599,7,3
600,4,3
601,3,3
602,0,3
603,1,3
604,0,3
605,6,3
606,2,4
607,7,3
608,0,3
609,5,3
610,1,3
611,1,3
612,1,3
613,1,3
614,1,3
615,4,3
616,3,3
617,3,3
618,0,3
619,4,3
620,8,3
621,2,3
622,2,3
623,3,3
624,0,3
625,5,3
626,11,3
627,2,3
628,1,3
629,0,3
630,0,3
631,0,3
632,0,3
633,3,3
634,0,3
635,0,3
636,2,3
637,6,3
638,0,3
639,3,3
640,0,3
641,2,3
642,0,3
643,3,3
644,5,3
645,7,3
646,2,3
647,2,3
648,6,3
649,0,3
650,1,3
651,3,4
652,2,3
653,2,3
654,1,3
655,2,3
656,2,3
657,3,3
658,3,3
659,2,4
660,9,3
661,0,3
662,1,3
663,1,3
664,5,3
665,1,3
666,2,3
667,2,2
668,5,3
669,0,3
670,0,3
671,0,3
672,14,3
673,0,3
674,0,3
675,0,3
676,0,3
677,13,3
678,8,3
679,1,3
680,5,3
681,6,3
682,8,2
683,0,3
684,3,3
685,4,3
686,0,3
687,1,3
688,2,2
689,1,3
690,7,4
691,0,3
692,0,3
693,0,3
694,5,2
695,0,3
696,1,3
697,3,3
698,4,3
699,2,3
700,3,3
701,1,3
702,5,3
703,3,3
704,0,3
705,1,3
706,1,3
707,3,3
708,0,3
709,1,3
710,1,3
711,3,3
712,1,3
713,5,3
714,2,4
715,1,3
716,0,3
717,1,3
718,1,3
719,1,3
720,1,3
721,0,3
722,3,3
723,0,3
724,0,3
725,0,3
726,6,3
727,0,3
728,0,3
729,2,3
730,0,3
731,4,3
732,12,2
733,1,3
734,0,3
735,5,3
736,4,3
737,0,3
738,10,3
739,2,3
740,1,3
741,2,3
742,0,3
743,0,3
744,1,3
745,0,3
746,1,3
747,10,3
748,1,3
749,1,3
750,1,3
751,3,3
752,0,3
753,5,3
754,7,3
755,1,3
756,2,3
757,1,3
758,8,3
759,0,3
760,3,3
761,2,3
762,2,3
763,0,3
764,2,3
765,7,3
766,17,2
767,1,3
768,1,3
769,0,3
770,1,3
771,5,3
772,0,3
773,0,3
774,1,3
775,1,3
776,3,3
777,0,3
778,0,3
779,9,3
780,1,3
781,1,3
782,2,3
783,0,3
784,0,3
785,2,3
786,9,3
787,1,4
788,6,3
789,0,3
790,3,3
791,1,3
792,1,3
793,0,3
794,1,3
795,0,3
796,3,4
797,7,3
798,0,3
799,0,3
800,3,2
801,0,3
802,7,3
803,1,3
804,1,3
805,0,3
806,0,3
807,2,3
808,1,4
809,2,3
810,1,3
811,7,3
812,3,3
813,2,3
814,1,3
815,3,3
816,4,3
817,2,3
818,0,3
819,0,3
820,0,3
821,2,3
822,0,3
823,2,3
824,2,3
825,1,3
826,7,3
827,1,3
828,10,3
829,5,4
830,3,3
831,0,3
832,3,3
833,7,4
834,3,3
835,0,3
836,6,3
837,6,3
838,8,3
839,1,3
840,0,3
841,3,3
842,0,3
843,0,3
844,2,3
845,7,3
846,0,3
847,0,3
848,1,3
849,0,3
850,0,3
851,7,3
852,0,3
853,0,3
854,1,3
855,2,3
856,5,3
857,1,3
858,0,3
859,0,3
860,2,3
861,1,2
862,1,2
863,0,3
864,2,3
865,10,2
866,12,3
867,1,3
868,1,3
869,0,3
870,12,3
871,9,3
872,8,3
873,0,3
874,0,3
875,0,3
876,4,2
877,5,2
878,0,3
879,0,3
880,0,3
881,5,3
882,1,3
883,3,3
884,6,3
885,4,2
886,3,3
887,3,4
888,7,2
889,0,3
890,4,3
891,2,3
892,1,3
893,0,3
894,2,3
895,0,3
896,7,4
897,2,3
898,4,3
899,0,3
900,5,3
901,0,3
902,7,3
903,4,3
904,0,3
905,1,3
906,0,3
907,18,4
908,2,3
909,8,3
910,3,4
911,0,3
912,4,3
913,1,3
914,3,3
915,2,3
916,1,3
917,2,3
918,1,3
919,3,3
920,0,3
921,1,3
922,0,3
923,0,3
924,6,3
925,0,3
926,1,3
927,3,3
928,3,3
929,1,3
930,1,3
931,0,3
932,3,3
933,1,3
934,3,3
935,0,3
936,4,3
937,3,3
938,0,3
939,4,3
940,3,3
941,0,3
942,0,3
943,8,3
944,0,3
945,1,3
946,0,3
947,2,3
948,1,3
949,4,2
950,0,3
951,1,3
952,1,4
953,0,3
954,1,3
955,8,3
956,1,3
957,4,3
958,3,3
959,6,3
960,0,3
961,0,3
962,10,5
963,0,3
964,2,3
965,6,3
966,10,3
967,2,3
968,0,3
969,5,3
970,5,3
971,0,3
972,0,3
973,2,3
974,1,3
975,13,3
976,4,3
977,0,3
978,9,3
979,0,3
980,0,3
981,0,3
982,0,3
983,0,3
984,0,3
985,6,4
986,2,3
987,1,3
988,0,3
989,5,3
990,0,3
991,8,3
992,7,3
993,4,3
994,0,3
995,1,3
996,1,3
997,6,3
998,1,4
999,1,3
1000,0,3
1001,0,3
1002,10,3
1003,0,3
1004,2,3
1005,3,3
1006,1,3
1007,2,3
1008,1,3
1009,1,3
1010,5,3
1011,3,3
1012,5,3
1013,0,3
1014,4,3
1015,0,3
1016,2,3
1017,0,3
1018,0,3
1019,0,3
1020,1,3
1021,2,3
1022,1,3
1023,2,3
1024,5,3
1025,4,3
1026,6,3
1027,2,3
1028,4,4
1029,0,3
1030,5,3
1031,5,3
1032,15,3
1033,0,3
1034,4,3
1035,3,3
1036,2,3
1037,1,3
1038,2,3
1039,0,3
1040,0,3
1041,0,3
1042,1,3
1043,6,4
1044,9,3
1045,16,3
1046,11,3
1047,3,3
1048,4,3
1049,0,3
1050,3,3
1051,1,3
1052,14,4
1053,0,3
1054,3,3
1055,6,3
1056,3,3
1057,5,3
1058,4,3
1059,0,3
1060,15,3
1061,4,3
1062,4,4
1063,3,3
1064,4,3
1065,0,3
1066,2,3
1067,7,4
1068,7,3
1069,0,3
1070,0,3
1071,2,3
1072,3,3
1073,0,3
1074,4,3
1075,7,3
1076,0,3
1077,8,3
1078,0,3
1079,4,3
1080,0,3
1081,11,3
1082,2,3
1083,4,3
1084,2,3
1085,0,3
1086,5,3
1087,2,3
1088,1,3
1089,3,3
1090,1,3
1091,6,4
1092,5,3
1093,5,3
1094,4,3
1095,5,4
1096,0,3
1097,0,3
1098,1,3
1099,1,3
1100,0,3
1101,1,3
1102,0,3
1103,6,3
1104,1,3
1105,5,3
1106,1,3
1107,1,3
1108,1,3
1109,6,4
1110,13,3
1111,0,3
1112,0,3
1113,0,3
1114,7,3
1115,0,3
1116,5,3
1117,1,3
1118,1,3
1119,0,3
1120,2,3
1121,1,4
1122,5,3
1123,4,3
1124,11,4
1125,0,3
1126,0,3
1127,8,3
1128,12,2
1129,1,3
1130,0,3
1131,3,3
1132,1,3
1133,1,3
1134,0,3
1135,0,3
1136,2,3
1137,2,3
1138,1,3
1139,0,3
1140,0,3
1141,0,3
1142,1,3
1143,0,3
1144,1,3
1145,8,3
1146,5,3
1147,1,3
1148,11,3
1149,0,3
1150,5,3
1151,0,3
1152,5,3
1153,0,3
1154,2,3
1155,2,3
1156,1,3
1157,1,3
1158,3,3
1159,2,3
1160,7,2
1161,0,3
1162,0,3
1163,0,3
1164,5,3
1165,1,3
1166,1,3
1167,4,3
1168,6,4
1169,7,3
1170,5,3
1171,7,3
1172,1,3
1173,5,4
1174,0,3
1175,4,3
1176,2,3
1177,0,3
1178,1,3
1179,3,3
1180,0,3
1181,7,3
1182,0,3
1183,0,3
1184,6,4
1185,0,3
1186,3,3
1187,1,3
1188,1,3
1189,0,3
1190,4,3
1191,6,3
1192,5,4
1193,0,3
1194,12,2
1195,12,4
1196,2,3
1197,7,3
1198,5,4
1199,0,3
1200,4,3
1201,1,3
1202,0,3
1203,0,3
1204,1,3
1205,0,3
1206,0,3
1207,2,3
1208,5,3
1209,0,3
1210,0,3
1211,0,3
1212,6,3
1213,0,3
1214,0,3
1215,3,3
1216,3,3
1217,3,3
1218,3,3
1219,1,3
1220,2,4
1221,6,3
1222,0,3
1223,1,3
1224,0,3
1225,1,3
1226,0,3
1227,0,3
1228,0,3
1229,3,3
1230,3,3
1231,2,3
1232,0,3
1233,1,3
1234,1,3
1235,0,3
1236,2,3
1237,0,3
1238,9,3
1239,2,3
1240,7,4
1241,0,3
1242,3,3
1243,0,3
1244,1,3
1245,0,3
1246,4,3
1247,7,3
1248,7,3
1249,9,3
1250,0,3
1251,12,3
1252,2,3
1253,0,3
1254,4,2
1255,0,3
1256,8,3
1257,1,3
1258,0,3
1259,0,3
1260,0,3
1261,8,4
1262,1,3
1263,4,3
1264,5,3
1265,0,3
1266,2,3
1267,0,3
1268,4,3
1269,5,3
1270,0,3
1271,2,3
1272,11,2
1273,0,3
1274,3,3
1275,16,3
1276,0,3
1277,2,3
1278,11,3
1279,7,5
1280,0,3
1281,1,3
1282,0,3
1283,1,3
1284,2,3
1285,1,3
1286,1,3
1287,0,3
1288,3,3
1289,7,3
1290,1,3
1291,0,3
1292,6,3
1293,0,3
1294,11,3
1295,0,3
1296,0,3
1297,4,3
1298,2,3
1299,0,3
1300,0,3
1301,7,4
1302,0,3
1303,0,3
1304,0,3
1305,5,3
1306,0,3
1307,0,3
1308,6,3
1309,14,2
1310,0,3
1311,5,3
1312,1,3
1313,3,3
1314,5,3
1315,3,3
1316,1,3
1317,0,3
1318,14,4
1319,7,3
1320,0,3
1321,0,3
1322,2,4
1323,2,3
1324,6,3
1325,1,3
1326,3,4
1327,0,3
1328,16,3
1329,1,3
1330,0,3
1331,5,3
1332,2,3
1333,0,3
1334,3,3
1335,1,3
1336,4,3
1337,0,3
1338,11,3
1339,3,3
1340,2,3
1341,0,3
1342,0,3
1343,0,3
1344,0,3
1345,0,3
1346,1,3
1347,1,3
1348,0,3
1349,1,3
1350,3,3
1351,10,4
1352,0,3
1353,1,3
1354,2,4
1355,5,3
1356,5,3
1357,0,3
1358,2,3
1359,0,3
1360,6,3
1361,0,3
1362,1,3
1363,0,3
1364,4,3
1365,2,3
1366,14,3
1367,0,3
1368,0,3
1369,0,3
1370,24,3
1371,0,3
1372,15,3
1373,3,3
1374,9,3
1375,16,3
1376,0,3
1377,0,3
1378,2,3
1379,2,3
1380,1,3
1381,1,3
1382,0,3
1383,4,3
1384,3,3
1385,0,3
1386,1,3
1387,32,3
1388,0,3
1389,1,3
1390,0,3
1391,0,3
1392,0,3
1393,10,3
1394,4,3
1395,0,3
1396,3,4
1397,4,3
1398,10,3
1399,0,3
1400,1,3
1401,16,3
1402,0,3
1403,1,3
1404,2,3
1405,3,3
1406,0,3
1407,3,3
1408,0,3
1409,4,3
1410,8,3
1411,22,4
1412,5,3
1413,1,3
1414,18,4
1415,0,3
1416,16,2
1417,17,3
1418,13,3
1419,1,3
1420,13,3
1421,0,3
1422,11,3
1423,9,3
1424,0,3
1425,0,3
1426,4,3
1427,11,3
1428,8,3
1429,0,3
1430,0,3
1431,0,3
1432,1,3
1433,0,3
1434,1,3
1435,1,3
1436,8,3
1437,0,3
1438,0,3
1439,0,3
1440,1,3
1441,0,3
1442,8,3
1443,0,3
1444,16,2
1445,0,3
1446,9,3
1447,0,3
1448,4,3
1449,5,3
1450,8,3
1451,0,3
1452,2,3
1453,8,3
1454,1,3
1455,2,3
1456,0,3
1457,0,3
1458,1,3
1459,0,3
1460,4,3
1461,0,3
1462,2,3
1463,20,3
1464,2,5
1465,7,3
1466,10,3
1467,0,3
1468,3,3
1469,2,3
1470,9,3
1471,4,3
1472,1,3
1473,2,3
1474,1,3
1475,1,4
1476,0,3
1477,0,3
1478,4,3
1479,5,4
1480,3,3
1481,1,3
1482,3,3
1483,0,3
1484,3,3
1485,6,3
1486,1,3
1487,1,3
1488,4,2
1489,1,3
1490,1,3
1491,2,3
1492,0,3
1493,0,3
1494,4,3
1495,9,3
1496,3,3
1497,3,3
1498,0,3
1499,0,3
1500,3,3
1501,0,3
1502,10,4
1503,1,3
1504,4,3
1505,1,3
1506,0,3
1507,7,4
1508,1,3
1509,0,3
1510,1,3
1511,0,3
1512,5,3
1513,2,3
1514,0,3
1515,0,3
1516,0,3
1517,13,3
1518,4,3
1519,1,3
1520,0,3
1521,0,3
1522,1,3
1523,0,3
1524,1,3
1525,1,3
1526,0,3
1527,19,3
1528,0,3
1529,2,3
1530,5,4
1531,13,4
1532,0,3
1533,7,3
1534,0,3
1535,3,3
1536,3,3
1537,13,3
1538,18,3
1539,4,3
1540,0,3
1541,6,3
1542,8,3
1543,1,3
1544,18,5
1545,1,3
1546,0,3
1547,1,3
1548,5,3
1549,1,3
1550,3,3
1551,0,3
1552,10,3
1553,0,3
1554,2,3
1555,0,3
1556,1,3
1557,1,3
1558,13,2
1559,3,3
1560,7,4
1561,0,3
1562,3,3
1563,11,3
1564,0,3
1565,6,3
1566,3,3
1567,0,3
1568,0,3
1569,14,3
1570,0,3
1571,5,2
1572,14,3
1573,0,3
1574,0,3
1575,4,3
1576,0,3
1577,19,4
1578,3,3
1579,1,3
1580,8,3
1581,0,3
1582,1,3
1583,0,3
1584,1,3
1585,1,3
1586,18,3
1587,1,3
1588,8,3
1589,6,3
1590,3,3
1591,19,3
1592,0,3
1593,2,3
1594,0,3
1595,2,3
1596,1,3
1597,2,3
1598,1,3
1599,12,3
1600,1,3
1601,5,3
1602,0,3
1603,6,5
1604,0,3
1605,0,3
1606,21,3
1607,6,3
1608,0,3
1609,26,4
1610,0,3
1611,13,3
1612,27,3
1613,11,3
1614,0,3
1615,8,3
1616,2,3
1617,0,3
1618,11,3
1619,0,3
1620,4,3
1621,10,3
1622,1,3
1623,3,3
1624,0,3
1625,5,3
1626,1,3
1627,3,3
1628,1,3
1629,0,3
1630,2,3
1631,0,3
1632,0,3
1633,3,3
1634,1,3
1635,0,3
1636,3,3
1637,3,3
1638,1,3
1639,0,3
1640,1,3
1641,0,3
1642,0,3
1643,0,3
1644,7,3
1645,1,3
1646,0,3
1647,6,3
1648,1,3
1649,17,3
1650,1,3
1651,0,3
1652,6,3
1653,3,3
1654,0,3
1655,0,3
1656,0,3
1657,8,2
1658,11,3
1659,0,3
1660,8,3
1661,0,3
1662,1,3
1663,14,2
1664,0,3
1665,2,3
1666,3,3
1667,1,3
1668,4,3
1669,1,3
1670,4,3
1671,2,3
1672,1,3
1673,0,3
1674,3,3
1675,6,3
1676,21,3
1677,1,3
1678,0,3
1679,1,3
1680,9,4
1681,0,3
1682,2,3
1683,0,3
1684,7,3
1685,2,3
1686,1,3
1687,0,3
1688,9,3
1689,0,3
1690,1,3
1691,5,3
1692,0,3
1693,0,3
1694,0,3
1695,3,3
1696,5,3
1697,2,3
1698,8,4
1699,4,3
1700,4,3
1701,17,4
1702,0,3
1703,1,3
1704,0,3
1705,1,3
1706,1,3
1707,0,3
1708,0,3
1709,0,3
1710,13,3
1711,1,3
1712,10,3
1713,0,3
1714,1,3
1715,3,3
1716,4,3
1717,2,3
1718,6,3
1719,1,3
1720,11,3
1721,1,3
1722,6,3
1723,8,4
1724,1,3
1725,2,3
1726,0,3
1727,6,3
1728,11,3
1729,0,3
1730,1,3
1731,1,3
1732,4,3
1733,10,3
1734,0,3
1735,29,4
1736,33,4
1737,2,3
1738,3,3
1739,0,3
1740,5,4
1741,6,3
1742,0,3
1743,7,3
1744,1,3
1745,16,3
1746,2,3
1747,1,3
1748,0,3
1749,0,3
1750,1,3
1751,1,3
1752,9,4
1753,0,3
1754,2,3
1755,0,3
1756,13,4
1757,0,3
1758,4,3
1759,0,3
1760,0,3
1761,1,4
1762,0,3
1763,0,3
1764,1,4
1765,0,3
1766,2,3
1767,8,3
1768,0,3
1769,2,3
1770,0,3
1771,3,3
1772,0,3
1773,5,3
1774,0,3
1775,6,3
1776,1,3
1777,3,3
1778,13,3
1779,0,3
1780,1,3
1781,2,3
1782,12,3
1783,3,3
1784,1,3
1785,0,3
1786,3,4
1787,3,3
1788,3,3
1789,1,3
1790,9,3
1791,0,3
1792,3,3
1793,11,2
1794,0,3
1795,0,3
1796,2,3
1797,27,2
1798,5,3
1799,2,3
1800,7,3
1801,10,4
1802,2,3
1803,1,3
1804,0,3
1805,2,3
1806,0,3
1807,0,3
1808,1,3
1809,1,3
1810,6,3
1811,43,2
1812,6,4
1813,3,3
1814,1,3
1815,15,3
1816,0,3
1817,6,3
1818,0,3
1819,0,3
1820,12,5
1821,35,3
1822,0,3
1823,0,3
1824,0,3
1825,5,4
1826,14,3
1827,0,3
1828,0,3
1829,0,3
1830,7,3
1831,0,3
1832,4,3
1833,5,3
1834,1,3
1835,6,3
1836,0,3
1837,0,3
1838,0,3
1839,13,4
1840,1,3
1841,14,3
1842,17,4
1843,0,3
1844,17,3
1845,2,4
1846,1,3
1847,1,3
1848,0,3
1849,4,4
1850,3,3
1851,4,3
1852,8,4
1853,6,3
1854,2,3
1855,0,3
1856,1,3
1857,9,4
1858,1,3
1859,1,3
1860,0,3
1861,0,3
1862,0,3
1863,15,3
1864,2,3
1865,0,3
1866,0,3
1867,13,3
1868,0,3
1869,2,3
1870,0,3
1871,0,3
1872,0,3
1873,29,3
1874,3,3
1875,0,3
1876,0,3
1877,8,3
1878,2,3
1879,1,3
1880,0,3
1881,0,3
1882,9,3
1883,0,3
1884,0,3
1885,44,3
1886,0,3
1887,17,4
1888,0,3
1889,27,4
1890,12,3
1891,2,3
1892,0,3
1893,20,3
1894,2,3
1895,2,4
1896,0,3
1897,3,3
1898,0,3
1899,1,3
1900,4,3
1901,2,3
1902,3,3
1903,0,3
1904,1,3
1905,4,3
1906,5,4
1907,2,3
1908,0,3
1909,0,3
1910,1,3
1911,6,3
1912,1,3
1913,10,3
1914,1,3
1915,0,3
1916,0,3
1917,3,3
1918,0,3
1919,1,3
1920,2,2
1921,8,3
1922,0,3
1923,1,3
1924,4,3
1925,20,4
1926,0,3
1927,1,3
1928,0,3
1929,0,3
1930,9,2
1931,13,3
1932,1,3
1933,17,3
1934,0,3
1935,2,3
1936,2,3
1937,2,3
1938,1,3
1939,0,3
1940,0,3
1941,6,3
1942,6,4
1943,6,2
1944,0,3
1945,2,3
1946,0,3
1947,0,3
1948,0,3
1949,3,3
1950,5,3
1951,19,3
1952,0,3
1953,0,3
1954,0,3
1955,0,3
1956,0,3
1957,5,3
1958,1,3
1959,11,4
1960,18,3
1961,0,3
1962,4,3
1963,1,3
1964,10,3
1965,0,3
1966,0,3
1967,6,3
1968,0,3
1969,1,3
1970,2,3
1971,7,4
1972,0,3
1973,30,2
1974,15,3
1975,0,3
1976,0,3
1977,2,3
1978,2,3
1979,2,3
1980,17,3
1981,1,3
1982,0,3
1983,0,3
1984,0,3
1985,5,3
1986,19,3
1987,0,3
1988,0,3
1989,50,4
1990,4,3
1991,21,4
1992,0,3
1993,0,3
1994,6,3
1995,0,3
1996,0,3
1997,2,3
1998,0,3
1999,0,3
2000,2,3
2001,2,3
2002,16,3
2003,2,3
2004,13,3
2005,2,3
2006,2,3
2007,0,3
2008,20,3
2009,0,3
2010,1,3
2011,0,3
2012,1,3
2013,0,3
2014,0,3
2015,28,4
2016,3,4
2017,8,2
2018,0,3
2019,1,3
2020,4,3
2021,15,3
2022,23,3
2023,2,3
2024,0,3
2025,15,4
2026,5,3
2027,13,3
2028,1,3
2029,2,3
2030,3,3
2031,11,2
2032,0,3
2033,2,3
2034,2,3
2035,0,3
2036,0,3
2037,7,3
2038,0,3
2039,4,3
2040,1,3
2041,0,3
2042,4,3
2043,0,3
2044,4,3
2045,0,3
2046,1,3
2047,0,3
2048,13,4
2049,0,3
2050,0,3
2051,0,3
2052,5,3
2053,2,3
2054,8,3
2055,24,3
2056,0,3
2057,0,3
2058,0,3
2059,0,3
2060,12,3
2061,2,3
2062,24,2
2063,29,3
2064,12,5
2065,5,3
2066,0,3
2067,0,3
2068,7,3
2069,3,3
2070,30,4
2071,2,3
2072,0,3
2073,0,3
2074,0,3
2075,1,3
2076,1,3
2077,0,3
2078,0,3
2079,5,3
2080,2,3
2081,5,3
2082,2,3
2083,14,4
2084,0,3
2085,0,3
2086,6,3
2087,2,3
2088,2,4
2089,0,3
2090,3,3
2091,0,3
2092,11,4
2093,13,3
2094,5,3
2095,3,3
2096,1,3
2097,0,3
2098,1,3
2099,1,3
2100,1,3
2101,0,3
2102,1,3
2103,0,3
2104,17,4
2105,0,3
2106,0,3
2107,20,4
2108,0,3
2109,2,3
2110,26,3
2111,1,3
2112,0,3
2113,5,3
2114,12,4
2115,8,4
2116,7,3
2117,3,3
2118,0,3
2119,0,3
2120,0,3
2121,0,3
2122,42,3
2123,0,3
2124,0,3
2125,17,3
2126,7,2
2127,0,3
2128,0,3
2129,1,3
2130,4,3
2131,1,3
2132,14,3
2133,0,3
2134,0,3
2135,11,3
2136,0,3
2137,9,3
2138,2,3
2139,7,4
2140,15,3
2141,3,3
2142,0,3
2143,0,3
2144,0,3
2145,13,3
2146,2,3
2147,5,4
2148,0,3
2149,0,3
2150,4,3
2151,0,3
2152,5,4
2153,0,3
2154,2,3
2155,4,3
2156,0,3
2157,6,3
2158,40,4
2159,16,3
2160,0,3
2161,17,4
2162,3,3
2163,1,3
2164,0,3
2165,10,3
2166,2,3
2167,2,3
2168,0,3
2169,2,3
2170,0,3
2171,12,4
2172,0,3
2173,0,3
2174,10,3
2175,0,3
2176,3,4
2177,11,3
2178,0,3
2179,0,3
2180,0,3
2181,5,3
2182,0,3
2183,0,3
2184,0,3
2185,11,3
2186,19,3
2187,4,3
2188,25,3
2189,0,3
2190,4,2
2191,7,3
2192,42,3
2193,0,3
2194,2,3
2195,8,2
2196,1,3
2197,1,3
2198,3,4
2199,34,4
2200,0,3
2201,0,3
2202,0,3
2203,0,3
2204,0,3
2205,15,3
2206,6,3
2207,2,3
2208,1,3
2209,0,3
2210,4,3
2211,1,3
2212,5,4
2213,3,2
2214,0,3
2215,0,3
2216,1,3
2217,4,3
2218,0,3
2219,7,3
2220,1,4
2221,1,3
2222,0,3
2223,0,3
2224,3,4
2225,14,3
2226,2,4
2227,1,3
2228,21,3
2229,0,3
2230,0,3
2231,23,3
2232,0,3
2233,0,3
2234,12,3
2235,0,3
2236,0,3
2237,0,3
2238,5,3
2239,0,3
2240,3,3
2241,0,3
2242,15,4
2243,3,3
2244,3,4
2245,0,3
2246,1,3
2247,0,3
2248,0,3
2249,1,3
2250,4,3
2251,0,3
2252,16,4
2253,3,4
2254,0,3
2255,16,3
2256,1,3
2257,1,4
2258,7,4
2259,4,3
2260,1,3
2261,0,3
2262,0,3
2263,11,3
2264,0,3
2265,20,3
2266,0,3
2267,0,3
2268,2,4
2269,2,3
2270,0,3
2271,0,3
2272,0,3
2273,7,4
2274,8,4
2275,0,3
2276,0,3
2277,2,3
2278,1,3
2279,0,3
2280,1,3
2281,18,3
2282,0,3
2283,0,3
2284,8,3
2285,7,3
2286,3,3
2287,6,3
2288,0,3
2289,1,3
2290,12,2
2291,12,4
2292,0,3
2293,0,3
2294,0,3
2295,17,3
2296,0,3
2297,0,3
2298,0,3
2299,0,3
2300,34,3
2301,2,3
2302,11,3
2303,21,6
2304,13,3
2305,0,3
2306,1,3
2307,1,3
2308,0,3
2309,15,3
2310,0,3
2311,1,3
2312,0,3
2313,0,3
2314,1,3
2315,5,4
2316,1,3
2317,4,3
2318,4,3
2319,0,3
2320,3,3
2321,9,4
2322,4,3
2323,1,3
2324,3,3
2325,1,3
2326,1,3
2327,1,3
2328,1,3
2329,5,3
2330,1,3
2331,0,3
2332,0,3
2333,0,3
2334,0,3
2335,0,3
2336,0,3
2337,1,3
2338,2,3
2339,11,3
2340,0,3
2341,9,4
2342,1,3
2343,25,4
2344,2,3
2345,3,3
2346,0,3
2347,2,3
2348,3,3
2349,0,3
2350,11,3
2351,7,3
2352,0,3
2353,0,3
2354,0,3
2355,0,3
2356,0,3
2357,0,3
2358,2,3
2359,6,3
2360,2,3
2361,0,3
2362,0,3
2363,0,3
2364,23,4
2365,0,3
2366,0,3
2367,10,4
2368,39,3
2369,8,3
2370,0,3
2371,0,3
2372,4,3
2373,5,3
2374,0,3
2375,41,3
2376,1,4
2377,0,3
2378,8,3
2379,1,3
2380,9,3
2381,3,3
2382,5,3
2383,1,3
2384,1,3
2385,4,3
2386,4,3
2387,18,3
2388,0,3
2389,1,3
2390,2,3
2391,12,3
2392,13,3
2393,0,3
2394,12,4
2395,13,3
2396,0,3
2397,7,3
2398,7,3
2399,1,3
2400,9,3
2401,0,3
2402,0,3
2403,13,3
2404,1,3
2405,0,3
2406,1,3
2407,1,3
2408,1,2
2409,9,2
2410,14,3
2411,19,3
2412,0,3
2413,13,3
2414,22,3
2415,0,3
2416,1,3
2417,26,2
2418,4,3
2419,10,3
2420,19,3
2421,11,4
2422,4,3
2423,2,3
2424,1,3
2425,11,3
2426,41,3
2427,32,4
2428,13,3
2429,12,3
2430,2,3
2431,1,3
2432,0,3
2433,4,4
2434,1,3
2435,21,3
2436,2,3
2437,0,3
2438,16,3
2439,2,3
2440,0,3
2441,6,3
2442,6,4
2443,1,3
2444,16,3
2445,0,3
2446,0,3
2447,2,3
2448,0,3
2449,2,3
2450,0,3
2451,1,3
2452,6,3
2453,7,3
2454,0,3
2455,2,3
2456,0,3
2457,0,3
2458,0,3
2459,40,3
2460,0,3
2461,2,3
2462,0,3
2463,2,3
2464,3,3
2465,2,3
2466,5,3
2467,1,3
2468,3,3
2469,0,3
2470,1,3
2471,2,3
2472,1,3
2473,15,3
2474,6,3
2475,2,2
2476,17,3
2477,1,4
2478,0,3
2479,15,3
2480,8,3
2481,0,3
2482,0,3
2483,0,3
2484,10,3
2485,3,3
2486,0,3
2487,0,3
2488,0,3
2489,0,3
2490,0,3
2491,4,3
2492,0,3
2493,0,3
2494,20,3
2495,5,4
2496,5,3
2497,3,3
2498,0,3
2499,1,3
2500,0,3
2501,0,3
2502,0,3
2503,0,3
2504,5,3
2505,0,3
2506,2,3
2507,32,3
2508,3,2
2509,1,3
2510,13,4
2511,6,3
2512,0,3
2513,6,3
2514,2,4
2515,0,3
2516,1,4
2517,1,3
2518,13,4
2519,4,3
2520,8,3
2521,0,3
2522,1,3
2523,24,3
2524,0,3
2525,2,3
2526,7,3
2527,0,3
2528,0,3
2529,4,3
2530,1,3
2531,0,3
2532,1,3
2533,1,3
2534,0,3
2535,0,3
2536,0,3
2537,1,3
2538,4,4
2539,24,3
2540,0,3
2541,0,3
2542,32,3
2543,1,3
2544,20,4
2545,2,3
2546,0,3
2547,16,3
2548,1,3
2549,0,3
2550,6,3
2551,10,4
2552,1,3
2553,0,3
2554,3,3
2555,0,3
2556,0,3
2557,0,3
2558,12,3
2559,2,3
2560,2,3
2561,3,3
2562,2,3
2563,0,3
2564,0,3
2565,4,3
2566,0,3
2567,0,3
2568,2,3
2569,0,3
2570,0,3
2571,0,3
2572,4,3
2573,0,3
2574,15,3
2575,1,3
2576,2,3
2577,14,3
2578,1,3
2579,0,3
2580,0,3
2581,16,3
2582,3,3
2583,0,3
2584,16,3
2585,13,3
2586,12,2
2587,0,3
2588,1,3
2589,2,3
2590,11,3
2591,0,3
2592,34,3
2593,12,3
2594,2,3
2595,31,3
2596,4,3
2597,6,3
2598,1,3
2599,0,3
2600,0,3
2601,2,3
2602,1,3
2603,43,5
2604,2,3
2605,15,3
2606,0,3
2607,4,3
2608,0,3
2609,2,3
2610,0,3
2611,6,3
2612,0,3
2613,34,5
2614,3,3
2615,0,3
2616,0,3
2617,72,3
2618,8,4
2619,1,3
2620,0,3
2621,0,3
2622,0,3
2623,1,3
2624,0,3
2625,0,3
2626,3,4
2627,1,3
2628,4,3
2629,1,3
2630,0,3
2631,0,3
2632,0,3
2633,1,3
2634,10,3
2635,0,3
2636,10,3
2637,0,3
2638,0,3
2639,2,3
2640,8,3
2641,7,4
2642,5,4
2643,3,3
2644,22,3
2645,0,3
2646,1,3
2647,1,3
2648,0,3
2649,2,4
2650,0,3
2651,3,3
2652,0,3
2653,1,3
2654,0,3
2655,1,3
2656,0,3
2657,0,3
2658,1,3
2659,7,3
2660,1,3
2661,7,3
2662,0,3
2663,60,4
2664,1,3
2665,0,3
2666,2,3
2667,7,4
2668,0,3
2669,2,3
2670,0,3
2671,21,4
2672,12,3
2673,0,3
2674,1,3
2675,0,3
2676,0,3
2677,0,3
2678,1,3
2679,4,3
2680,1,3
2681,1,3
2682,9,4
2683,19,3
2684,27,3
2685,0,3
2686,12,4
2687,0,3
2688,0,3
2689,0,3
2690,3,3
2691,3,3
2692,15,2
2693,0,3
2694,12,3
2695,0,3
2696,6,3
2697,20,2
2698,0,3
2699,6,3
2700,1,3
2701,1,3
2702,7,3
2703,0,3
2704,17,3
2705,7,3
2706,23,3
2707,7,3
2708,5,4
2709,17,3
2710,3,3
2711,7,3
2712,0,3
2713,0,3
2714,0,3
2715,0,3
2716,0,3
2717,0,3
2718,0,3
2719,0,3
2720,1,3
2721,5,2
2722,1,3
2723,0,3
2724,0,3
2725,1,3
2726,4,4
2727,11,3
2728,0,3
2729,1,3
2730,13,3
2731,0,3
2732,0,3
2733,5,3
2734,0,3
2735,7,4
2736,0,3
2737,0,3
2738,1,3
2739,0,3
2740,0,3
2741,2,3
2742,2,3
2743,0,3
2744,2,3
2745,2,3
2746,0,3
2747,1,3
2748,2,3
2749,0,3
2750,1,4
2751,7,3
2752,1,3
2753,15,3
2754,3,3
2755,0,3
2756,0,3
2757,16,4
2758,33,3
2759,0,3
2760,4,4
2761,0,3
2762,0,3
2763,9,3
2764,2,3
2765,1,3
2766,12,3
2767,0,3
2768,0,3
2769,2,3
2770,0,3
2771,0,3
2772,0,3
2773,0,3
2774,2,3
2775,0,3
2776,1,3
2777,1,3
2778,13,4
2779,0,3
2780,0,3
2781,1,3
2782,0,3
2783,4,3
2784,3,3
2785,0,3
2786,5,3
2787,0,3
2788,3,3
2789,34,2
2790,3,3
2791,2,3
2792,13,2
2793,0,3
2794,7,3
2795,15,3
2796,1,3
2797,3,3
2798,6,3
2799,2,3
2800,1,3
2801,21,2
2802,1,3
2803,0,3
2804,9,4
2805,17,3
2806,9,3
2807,0,3
2808,5,3
2809,0,3
2810,6,3
2811,1,3
2812,2,3
2813,0,3
2814,6,3
2815,2,3
2816,9,3
2817,0,3
2818,0,3
2819,7,3
2820,2,4
2821,2,4
2822,0,3
2823,7,5
2824,0,3
2825,3,3
2826,3,3
2827,5,4
2828,22,2
2829,17,4
2830,0,3
2831,2,3
2832,2,3
2833,19,3
2834,6,3
2835,1,3
2836,6,3
2837,0,3
2838,6,3
2839,3,4
2840,0,3
2841,5,3
2842,0,3
2843,40,3
2844,0,3
2845,8,5
2846,1,3
2847,11,3
2848,0,3
2849,0,3
2850,23,3
2851,31,3
2852,24,5
2853,0,3
2854,1,3
2855,23,3
2856,1,3
2857,2,3
2858,2,3
2859,12,3
2860,0,3
2861,0,3
2862,0,3
2863,9,4
2864,7,3
2865,0,3
2866,0,3
2867,23,3
2868,1,3
2869,17,3
2870,0,3
2871,3,3
2872,0,3
2873,4,2
2874,0,3
2875,2,2
2876,2,3
2877,0,3
2878,1,3
2879,1,3
2880,4,3
2881,1,3
2882,0,3
2883,1,3
2884,1,3
2885,1,3
2886,0,3
2887,8,3
2888,23,3
2889,42,3
2890,0,3
2891,0,3
2892,0,3
2893,19,4
2894,9,3
2895,0,3
2896,15,3
2897,1,3
2898,0,3
2899,0,3
2900,0,3
2901,9,3
2902,0,3
2903,1,3
2904,1,3
2905,20,3
2906,1,3
2907,0,3
2908,10,3
2909,0,3
2910,1,3
2911,7,3
2912,1,3
2913,0,3
2914,13,4
2915,0,3
2916,0,3
2917,5,4
2918,0,3
2919,5,3
2920,3,3
2921,2,4
2922,0,3
2923,1,3
2924,1,3
2925,2,4
2926,13,3
2927,9,4
2928,0,3
2929,2,3
2930,13,4
2931,0,3
2932,0,3
2933,4,4
2934,0,3
2935,5,3
2936,0,3
2937,21,3
2938,0,3
2939,1,3
2940,9,3
2941,12,5
2942,7,3
2943,4,3
2944,0,3
2945,5,3
2946,1,3
2947,0,3
2948,19,3
2949,0,3
2950,0,3
2951,1,3
2952,2,3
2953,2,3
2954,0,3
2955,0,3
2956,0,3
2957,0,3
2958,33,3
2959,4,3
2960,2,3
2961,0,3
2962,5,3
2963,6,3
2964,2,3
2965,0,3
2966,0,3
2967,0,3
2968,1,3
2969,0,3
2970,1,3
2971,2,3
2972,1,3
2973,0,3
2974,37,4
2975,2,4
2976,18,4
2977,22,3
2978,1,3
2979,15,3
2980,1,4
2981,0,3
2982,0,3
2983,4,3
2984,1,3
2985,6,3
2986,28,4
2987,0,3
2988,23,4
2989,1,3
2990,9,3
2991,2,3
2992,1,3
2993,0,3
2994,0,3
2995,17,3
2996,3,3
2997,1,3
2998,1,3
2999,3,3
3000,1,3
3001,8,2
3002,13,3
3003,46,3
3004,1,3
3005,1,3
3006,1,3
3007,1,3
3008,0,3
3009,11,3
3010,0,3
3011,12,3
3012,0,3
3013,0,3
3014,3,3
3015,0,3
3016,0,3
3017,1,3
3018,0,3
3019,0,3
3020,9,3
3021,11,3
3022,0,3
3023,2,3
3024,0,3
3025,0,3
3026,1,3
3027,2,3
3028,5,3
3029,0,3
3030,0,3
3031,1,3
3032,0,3
3033,2,3
3034,25,3
3035,21,3
3036,0,3
3037,0,3
3038,2,3
3039,2,3
3040,0,3
3041,2,3
3042,24,3
3043,1,3
3044,3,3
3045,0,3
3046,3,3
3047,0,3
3048,0,3
3049,0,3
3050,19,4
3051,15,3
3052,4,3
3053,0,3
3054,2,4
3055,0,3
3056,1,3
3057,0,3
3058,16,4
3059,0,3
3060,0,3
3061,1,3
3062,0,3
3063,0,3
3064,0,3
3065,0,3
3066,0,3
3067,0,3
3068,0,3
3069,9,3
3070,0,3
3071,0,3
3072,18,3
3073,0,3
3074,1,3
3075,26,3
3076,2,3
3077,1,3
3078,0,3
3079,4,3
3080,15,4
3081,11,3
3082,0,3
3083,3,3
3084,0,3
3085,1,3
3086,2,3
3087,7,4
3088,0,3
3089,0,3
3090,1,3
3091,8,4
3092,4,3
3093,9,4
3094,4,3
3095,18,3
3096,0,3
3097,9,3
3098,12,4
3099,14,5
3100,0,3
3101,0,3
3102,0,3
3103,4,3
3104,12,3
3105,17,4
3106,7,3
3107,4,3
3108,0,3
3109,0,3
3110,6,3
3111,10,3
3112,0,3
3113,64,3
3114,2,3
3115,6,4
3116,19,3
3117,13,4
3118,1,3
3119,33,6
3120,0,3
3121,3,3
3122,13,3
3123,1,3
3124,11,2
3125,0,3
3126,9,4
3127,0,3
3128,3,3
3129,18,4
3130,0,3
3131,0,3
3132,4,3
3133,11,3
3134,7,3
3135,23,3
3136,0,3
3137,8,3
3138,7,3
3139,2,3
3140,17,3
3141,0,3
3142,0,3
3143,4,3
3144,15,3
3145,1,3
3146,1,3
3147,0,3
3148,22,3
3149,12,3
3150,2,3
3151,9,3
3152,6,3
3153,0,3
3154,0,3
3155,11,5
3156,17,3
3157,0,3
3158,0,3
3159,12,3
3160,0,3
3161,14,3
3162,0,3
3163,37,4
3164,0,3
3165,22,4
3166,43,4
3167,6,3
3168,3,3
3169,5,3
3170,5,4
3171,8,3
3172,4,3
3173,0,3
3174,6,4
3175,19,5
3176,0,3
3177,2,3
3178,1,3
3179,2,3
3180,1,3
3181,0,3
3182,1,3
3183,9,3
3184,0,3
3185,4,2
3186,1,3
3187,2,3
3188,0,3
3189,0,3
3190,3,3
3191,4,4
3192,15,5
3193,1,3
3194,0,3
3195,4,3
3196,5,3
3197,10,3
3198,0,3
3199,12,3
3200,0,3
3201,0,3
3202,33,3
3203,0,3
3204,2,3
3205,9,5
3206,0,3
3207,0,3
3208,8,3
3209,3,3
3210,2,3
3211,16,3
3212,2,3
3213,0,3
3214,0,3
3215,0,3
3216,12,4
3217,0,3
3218,1,3
3219,1,3
3220,1,3
3221,1,3
3222,0,3
3223,5,3
3224,0,3
3225,7,4
3226,0,3
3227,2,3
3228,19,3
3229,2,3
3230,3,3
3231,0,3
3232,5,3
3233,0,3
3234,6,5
3235,16,3
3236,0,3
3237,0,3
3238,5,3
3239,2,3
3240,1,3
3241,0,3
3242,5,3
3243,6,3
3244,2,3
3245,5,4
3246,0,3
3247,5,2
3248,2,3
3249,7,3
3250,0,3
3251,0,3
3252,0,3
3253,4,3
3254,6,3
3255,4,4
3256,10,3
3257,1,3
3258,0,3
3259,2,4
3260,13,4
3261,0,3
3262,3,3
3263,1,3
3264,0,3
3265,7,3
3266,29,3
3267,15,3
3268,0,3
3269,0,3
3270,1,3
3271,0,3
3272,0,3
3273,0,3
3274,0,3
3275,1,3
3276,1,3
3277,0,3
3278,3,3
3279,2,3
3280,0,3
3281,8,3
3282,2,3
3283,0,3
3284,0,3
3285,2,3
3286,8,3
3287,3,4
3288,0,3
3289,0,3
3290,10,3
3291,0,3
3292,37,5
3293,2,3
3294,2,3
3295,21,3
3296,2,3
3297,3,3
3298,0,3
3299,0,3
3300,5,3
3301,19,4
3302,9,3
3303,2,3
3304,0,3
3305,20,4
3306,0,3
3307,0,3
3308,13,3
3309,0,3
3310,0,3
3311,1,3
3312,5,3
3313,0,3
3314,1,3
3315,6,3
3316,0,3
3317,2,3
3318,20,3
3319,0,3
3320,6,3
3321,0,3
3322,14,3
3323,63,3
3324,0,3
3325,2,3
3326,0,3
3327,0,3
3328,1,3
3329,1,3
3330,5,4
3331,0,3
3332,0,3
3333,1,3
3334,0,3
3335,1,3
3336,0,3
3337,0,3
3338,0,3
3339,15,4
3340,5,3
3341,14,3
3342,5,3
3343,0,3
3344,0,3
3345,1,3
3346,12,3
3347,0,3
3348,14,3
3349,0,3
3350,9,3
3351,28,3
3352,1,4
3353,0,3
3354,10,4
3355,0,3
3356,0,3
3357,5,3
3358,0,3
3359,1,3
3360,0,3
3361,10,4
3362,0,3
3363,1,3
3364,10,3
3365,0,3
3366,1,3
3367,6,3
3368,16,4
3369,0,3
3370,2,3
3371,0,3
3372,13,3
3373,0,3
3374,27,3
3375,40,3
3376,0,3
3377,0,3
3378,0,3
3379,15,3
3380,4,3
3381,13,4
3382,1,4
3383,0,3
3384,0,3
3385,15,4
3386,19,3
3387,0,3
3388,2,3
3389,2,3
3390,4,3
3391,0,3
3392,0,3
3393,24,3
3394,11,3
3395,9,2
3396,9,3
3397,0,3
3398,1,3
3399,19,5
3400,3,3
3401,21,3
3402,5,3
3403,1,3
3404,0,3
3405,0,3
3406,0,3
3407,0,3
3408,1,3
3409,5,3
3410,0,3
3411,0,3
3412,2,3
3413,11,3
3414,4,3
3415,52,3
3416,7,4
3417,36,4
3418,55,4
3419,2,3
3420,5,3
3421,2,3
3422,0,3
3423,0,3
3424,12,4
3425,35,3
3426,1,2
3427,8,3
3428,0,3
3429,34,2
3430,1,3
3431,40,3
3432,4,3
3433,3,4
3434,1,3
3435,0,3
3436,0,3
3437,6,3
3438,25,3
3439,1,3
3440,4,4
3441,0,3
3442,1,3
3443,0,3
3444,15,4
3445,13,3
3446,3,3
3447,0,3
3448,0,3
3449,0,3
3450,0,3
3451,8,3
3452,3,3
3453,0,3
3454,4,4
3455,0,3
3456,4,3
3457,1,3
3458,0,3
3459,0,3
3460,3,3
3461,16,4
3462,2,3
3463,11,4
3464,5,3
3465,0,3
3466,4,3
3467,13,4
3468,6,3
3469,2,3
3470,1,3
3471,1,4
3472,0,3
3473,8,3
3474,0,3
3475,6,3
3476,0,3
3477,13,3
3478,0,3
3479,1,3
3480,0,3
3481,25,6
3482,15,4
3483,0,3
3484,4,3
3485,4,3
3486,9,4
3487,1,3
3488,1,3
3489,0,3
3490,1,3
3491,5,3
3492,3,3
3493,4,3
3494,10,3
3495,0,3
3496,11,2
3497,0,3
3498,1,3
3499,0,3
3500,10,3
3501,0,3
3502,56,3
3503,0,3
3504,1,3
3505,0,3
3506,3,3
3507,4,3
3508,34,5
3509,5,3
3510,1,3
3511,0,3
3512,2,3
3513,15,4
3514,8,2
3515,7,3
3516,13,4
3517,12,3
3518,7,3
3519,0,3
3520,10,3
3521,1,3
3522,11,3
3523,4,3
3524,0,3
3525,0,3
3526,13,3
3527,0,3
3528,10,3
3529,0,3
3530,1,3
3531,0,3
3532,2,3
3533,0,3
3534,25,4
3535,0,3
3536,1,3
3537,1,3
3538,6,3
3539,0,3
3540,0,3
3541,1,3
3542,16,4
3543,2,3
3544,0,3
3545,6,4
3546,2,3
3547,2,3
3548,0,3
3549,1,3
3550,0,3
3551,0,3
3552,5,3
3553,9,3
3554,12,3
3555,23,3
3556,16,3
3557,12,3
3558,0,3
3559,19,3
3560,1,3
3561,2,3
3562,1,3
3563,11,3
3564,9,3
3565,11,3
3566,5,3
3567,9,4
3568,1,3
3569,1,3
3570,2,3
3571,1,3
3572,3,3
3573,16,3
3574,6,3
3575,1,3
3576,0,3
3577,0,3
3578,1,3
3579,6,4
3580,3,3
3581,7,3
3582,0,3
3583,27,3
3584,1,3
3585,0,3
3586,0,3
3587,1,3
3588,0,3
3589,2,3
3590,2,3
3591,0,3
3592,0,3
3593,1,3
3594,0,3
3595,10,5
3596,0,3
3597,4,3
3598,0,3
3599,0,3
3600,20,3
3601,3,3
3602,4,3
3603,1,3
3604,52,3
3605,0,3
3606,0,3
3607,1,3
3608,0,3
3609,9,3
3610,1,3
3611,4,3
3612,0,3
3613,2,4
3614,2,3
3615,8,2
3616,18,3
3617,0,3
3618,35,3
3619,24,4
3620,10,3
3621,18,4
3622,20,3
3623,3,3
3624,7,4
3625,4,3
3626,5,2
3627,24,3
3628,14,3
3629,1,3
3630,1,3
3631,9,4
3632,0,3
3633,13,3
3634,0,3
3635,2,3
3636,2,3
3637,25,3
3638,3,3
3639,1,3
3640,5,4
3641,11,3
3642,48,4
3643,5,3
3644,1,3
3645,7,3
3646,33,4
3647,29,2
3648,38,4
3649,8,4
3650,0,3
3651,0,3
3652,6,3
3653,0,3
3654,2,3
3655,0,3
3656,1,3
3657,0,3
3658,23,4
3659,0,3
3660,0,3
3661,14,2
3662,5,3
3663,0,3
3664,38,5
3665,0,3
3666,2,4
3667,1,3
3668,2,4
3669,0,3
3670,0,3
3671,0,3
3672,0,3
3673,0,3
3674,2,4
3675,6,3
3676,0,3
3677,0,3
3678,9,3
3679,2,3
3680,8,4
3681,2,3
3682,17,3
3683,8,3
3684,15,3
3685,18,4
3686,5,3
3687,2,4
3688,0,3
3689,20,3
3690,1,3
3691,6,3
3692,0,3
3693,6,3
3694,13,3
3695,3,3
3696,7,3
3697,15,3
3698,8,3
3699,31,3
3700,9,3
3701,10,3
3702,2,3
3703,0,3
3704,0,3
3705,4,3
3706,17,3
3707,0,3
3708,5,3
3709,0,3
3710,0,3
3711,18,3
3712,12,3
3713,1,3
3714,0,3
3715,17,3
3716,0,3
3717,0,3
3718,3,3
3719,4,3
3720,0,3
3721,0,3
3722,0,3
3723,9,5
3724,21,3
3725,0,3
3726,0,3
3727,0,3
3728,5,3
3729,11,3
3730,2,4
3731,3,3
3732,2,3
3733,1,3
3734,0,3
3735,19,3
3736,2,3
3737,9,3
3738,2,3
3739,0,3
3740,40,3
3741,0,3
3742,0,3
3743,22,4
3744,16,3
3745,6,3
3746,36,2
3747,0,3
3748,18,3
3749,0,3
3750,0,3
3751,0,3
3752,8,3
3753,1,3
3754,2,3
3755,0,3
3756,0,3
3757,11,3
3758,1,3
3759,20,3
3760,4,3
3761,14,3
3762,0,3
3763,9,3
3764,17,3
3765,16,3
3766,0,3
3767,36,3
3768,0,3
3769,0,3
3770,0,3
3771,0,3
3772,4,3
3773,1,3
3774,2,3
3775,20,4
3776,0,3
3777,3,3
3778,4,3
3779,0,3
3780,10,3
3781,0,3
3782,0,3
3783,18,3
3784,50,3
3785,1,3
3786,4,4
3787,2,3
3788,31,3
3789,29,4
3790,0,3
3791,17,2
3792,0,3
3793,0,3
3794,4,3
3795,68,3
3796,14,2
3797,5,3
3798,19,3
3799,1,3
3800,9,3
3801,4,3
3802,2,3
3803,2,3
3804,0,3
3805,6,3
3806,2,3
3807,13,3
3808,0,3
3809,7,3
3810,18,3
3811,10,3
3812,2,3
3813,9,3
3814,10,2
3815,0,3
3816,2,3
3817,13,3
3818,2,3
3819,34,3
3820,1,3
3821,7,3
3822,24,3
3823,0,3
3824,1,3
3825,21,3
3826,0,3
3827,8,3
3828,0,3
3829,11,5
3830,13,3
3831,0,3
3832,0,3
3833,0,3
3834,1,3
3835,18,2
3836,27,3
3837,9,3
3838,3,3
3839,0,3
3840,0,3
3841,0,3
3842,0,3
3843,0,3
3844,12,3
3845,0,3
3846,0,3
3847,40,3
3848,0,3
3849,19,5
3850,19,4
3851,9,3
3852,0,3
3853,0,3
3854,14,3
3855,11,2
3856,12,2
3857,0,3
3858,5,3
3859,0,3
3860,0,3
3861,0,3
3862,1,3
3863,31,5
3864,1,3
3865,0,3
3866,0,3
3867,49,3
3868,0,3
3869,25,3
3870,1,3
3871,23,4
3872,0,3
3873,0,3
3874,26,4
3875,6,3
3876,7,3
3877,15,3
3878,0,3
3879,1,3
3880,44,3
3881,1,3
3882,0,3
3883,0,3
3884,5,4
3885,9,3
3886,4,3
3887,1,2
3888,1,3
3889,12,3
3890,1,3
3891,10,3
3892,2,3
3893,0,3
3894,8,3
3895,0,3
3896,5,3
3897,0,3
3898,1,3
3899,0,3
3900,9,3
3901,1,3
3902,1,3
3903,9,3
3904,4,3
3905,5,3
3906,3,3
3907,0,3
3908,12,5
3909,13,5
3910,0,3
3911,0,3
3912,10,3
3913,0,3
3914,0,3
3915,0,3
3916,9,3
3917,0,3
3918,1,3
3919,0,3
3920,0,3
3921,8,3
3922,7,4
3923,4,3
3924,0,3
3925,1,3
3926,0,3
3927,10,3
3928,1,3
3929,1,3
3930,10,4
3931,2,3
3932,25,3
3933,0,3
3934,2,3
3935,3,3
3936,4,4
3937,0,3
3938,18,3
3939,0,3
3940,0,3
3941,0,3
3942,1,3
3943,1,3
3944,0,3
3945,1,3
3946,5,3
3947,6,3
3948,5,3
3949,0,3
3950,0,3
3951,1,3
3952,0,3
3953,2,3
3954,2,3
3955,0,3
3956,0,3
3957,0,3
3958,0,3
3959,2,3
3960,0,3
3961,1,3
3962,1,3
3963,1,3
3964,10,3
3965,3,3
3966,1,3
3967,17,4
3968,1,3
3969,0,3
3970,2,3
3971,19,4
3972,0,3
3973,14,3
3974,1,3
3975,0,3
3976,13,4
3977,11,2
3978,3,3
3979,7,3
3980,11,3
3981,15,4
3982,0,3
3983,0,3
3984,19,3
3985,0,3
3986,0,3
3987,0,3
3988,1,3
3989,0,3
3990,6,3
3991,0,3
3992,8,3
3993,7,3
3994,7,2
3995,0,3
3996,11,3
3997,0,3
3998,0,3
3999,3,3
4000,0,3
4001,0,3
4002,5,3
4003,0,3
4004,0,3
4005,20,3
4006,0,3
4007,10,3
4008,1,3
4009,0,3
4010,4,3
4011,0,3
4012,1,3
4013,1,3
4014,0,3
4015,0,3
4016,9,3
4017,0,3
4018,1,3
4019,0,3
4020,15,5
4021,4,3
4022,11,3
4023,11,4
4024,0,3
4025,18,4
4026,3,3
4027,6,3
4028,2,3
4029,0,3
4030,0,3
4031,0,3
4032,1,3
4033,2,4
4034,0,3
4035,1,3
4036,32,5
4037,5,4
4038,0,3
4039,5,4
4040,1,3
4041,23,3
4042,0,3
4043,14,5
4044,0,3
4045,3,3
4046,34,3
4047,41,2
4048,16,3
4049,19,2
4050,0,3
4051,12,3
4052,9,3
4053,0,3
4054,0,3
4055,10,3
4056,0,3
4057,46,4
4058,11,3
4059,0,3
4060,1,3
4061,0,3
4062,20,3
4063,0,3
4064,0,3
4065,0,3
4066,0,3
4067,0,3
4068,0,3
4069,0,3
4070,16,5
4071,10,3
4072,1,3
4073,0,3
4074,0,3
4075,0,3
4076,0,3
4077,0,3
4078,122,3
4079,0,3
4080,1,3
4081,1,3
4082,2,3
4083,14,3
4084,4,3
4085,0,3
4086,0,3
4087,3,3
4088,5,3
4089,5,3
4090,3,3
4091,0,3
4092,6,3
4093,9,4
4094,14,3
4095,15,3
4096,0,3
4097,11,3
4098,0,3
4099,7,3
4100,27,4
4101,4,3
4102,1,3
4103,1,3
4104,1,3
4105,7,3
4106,0,3
4107,0,3
4108,1,3
4109,0,3
4110,4,3
4111,8,3
4112,1,3
4113,5,4
4114,3,3
4115,0,3
4116,1,3
4117,13,3
4118,7,3
4119,7,4
4120,11,4
4121,2,3
4122,1,3
4123,0,3
4124,8,3
4125,1,3
4126,0,3
4127,2,3
4128,10,3
4129,2,3
4130,0,3
4131,23,3
4132,0,3
4133,14,4
4134,30,4
4135,7,4
4136,34,3
4137,0,3
4138,11,3
4139,0,3
4140,11,4
4141,13,3
4142,0,3
4143,0,3
4144,0,3
4145,1,3
4146,2,3
4147,33,3
4148,2,3
4149,0,3
4150,5,3
4151,7,4
4152,1,3
4153,0,3
4154,14,4
4155,0,3
4156,0,3
4157,9,3
4158,6,3
4159,12,4
4160,0,3
4161,1,3
4162,3,3
4163,3,3
4164,0,3
4165,4,3
4166,2,3
4167,3,3
4168,0,3
4169,10,4
4170,3,3
4171,4,3
4172,6,3
4173,18,3
4174,1,3
4175,0,3
4176,1,3
4177,0,3
4178,15,3
4179,1,3
4180,1,3
4181,1,3
4182,0,3
4183,3,3
4184,0,3
4185,3,3
4186,0,3
4187,0,3
4188,0,3
4189,5,4
4190,21,3
4191,4,3
4192,0,3
4193,31,3
4194,4,4
4195,22,3
4196,0,3
4197,0,3
4198,0,3
4199,0,3
4200,6,3
4201,2,3
4202,9,3
4203,1,3
4204,0,3
4205,8,5
4206,3,3
4207,7,3
4208,1,3
4209,0,3
4210,5,3
4211,7,3
4212,2,3
4213,0,3
4214,0,3
4215,2,3
4216,0,3
4217,22,4
4218,1,3
4219,1,3
4220,4,4
4221,0,3
4222,8,3
4223,1,3
4224,11,3
4225,0,3
4226,5,3
4227,34,3
4228,10,3
4229,8,4
4230,0,3
4231,4,3
4232,0,3
4233,1,3
4234,0,3
4235,6,3
4236,1,3
4237,12,3
4238,7,3
4239,1,3
4240,2,3
4241,13,3
4242,0,3
4243,8,3
4244,16,4
4245,33,1
4246,22,3
4247,0,3
4248,12,3
4249,3,3
4250,2,3
4251,19,4
4252,1,3
4253,6,3
4254,10,3
4255,3,3
4256,2,3
4257,0,3
4258,22,2
4259,12,3
4260,0,3
4261,5,2
4262,6,3
4263,2,3
4264,0,3
4265,0,3
4266,0,3
4267,8,3
4268,0,3
4269,4,3
4270,1,3
4271,0,3
4272,14,5
4273,0,3
4274,20,5
4275,0,3
4276,4,3
4277,0,3
4278,0,3
4279,0,3
4280,10,3
4281,1,3
4282,0,3
4283,0,3
4284,0,3
4285,14,3
4286,13,3
4287,0,3
4288,1,3
4289,7,3
4290,8,3
4291,1,3
4292,17,4
4293,9,4
4294,24,3
4295,0,3
4296,1,3
4297,2,3
4298,20,4
4299,0,3
4300,1,3
4301,1,3
4302,26,4
4303,0,3
4304,0,3
4305,22,4
4306,1,3
4307,0,3
4308,0,3
4309,10,4
4310,5,3
4311,0,3
4312,8,3
4313,0,3
4314,7,3
4315,5,3
4316,5,3
4317,0,3
4318,1,3
4319,2,3
4320,4,4
4321,8,3
4322,0,3
4323,3,3
4324,1,3
4325,14,3
4326,8,4
4327,6,3
4328,0,3
4329,10,3
4330,1,3
4331,12,3
4332,20,3
4333,0,3
4334,9,4
4335,0,3
4336,11,4
4337,30,3
4338,12,5
4339,0,3
4340,16,3
4341,0,3
4342,1,3
4343,2,3
4344,0,3
4345,11,4
4346,0,3
4347,10,3
4348,0,3
4349,13,3
4350,2,3
4351,3,4
4352,0,3
4353,36,5
4354,1,3
4355,9,3
4356,5,3
4357,0,3
4358,7,3
4359,12,3
4360,0,3
4361,8,3
4362,19,2
4363,5,3
4364,0,3
4365,19,3
4366,9,4
4367,7,3
4368,13,3
4369,9,4
4370,0,3
4371,2,3
4372,34,3
4373,0,3
4374,14,4
4375,15,3
4376,5,3
4377,0,3
4378,9,2
4379,0,3
4380,7,3
4381,0,3
4382,0,3
4383,5,3
4384,10,3
4385,7,3
4386,12,3
4387,0,3
4388,0,3
4389,20,4
4390,0,3
4391,0,3
4392,0,3
4393,0,3
4394,0,3
4395,0,3
4396,3,3
4397,2,4
4398,0,3
4399,0,3
4400,2,3
4401,0,3
4402,6,3
4403,1,3
4404,0,3
4405,11,4
4406,0,3
4407,0,3
4408,0,3
4409,8,3
4410,0,3
4411,10,4
4412,0,3
4413,26,2
4414,0,3
4415,1,3
4416,1,3
4417,0,3
4418,39,3
4419,0,3
4420,4,3
4421,0,3
4422,7,3
4423,4,3
4424,6,4
4425,0,3
4426,5,4
4427,6,2
4428,20,4
4429,1,3
4430,4,3
4431,0,3
4432,15,3
4433,9,5
4434,0,3
4435,37,4
4436,22,4
4437,17,4
4438,12,3
4439,4,4
4440,0,3
4441,5,2
4442,1,3
4443,48,4
4444,1,3
4445,11,4
4446,4,3
4447,2,3
4448,14,2
4449,0,3
4450,11,3
4451,1,3
4452,15,3
4453,2,3
4454,3,3
4455,2,3
4456,0,3
4457,0,3
4458,7,3
4459,0,3
4460,5,3
4461,0,3
4462,0,3
4463,32,4
4464,0,3
4465,1,3
4466,13,3
4467,1,3
4468,0,3
4469,15,3
4470,0,3
4471,6,4
4472,0,3
4473,2,2
4474,7,3
4475,4,3
4476,11,4
4477,0,3
4478,0,3
4479,9,3
4480,0,3
4481,4,3
4482,0,3
4483,0,3
4484,0,3
4485,0,3
4486,15,3
4487,1,3
4488,9,3
4489,2,4
4490,0,3
4491,0,3
4492,27,4
4493,0,3
4494,5,3
4495,12,3
4496,40,4
4497,0,3
4498,7,5
4499,32,3
4500,18,4
4501,0,3
4502,1,3
4503,5,3
4504,0,3
4505,0,3
4506,1,3
4507,4,4
4508,30,3
4509,0,3
4510,4,4
4511,0,3
4512,48,4
4513,13,4
4514,6,3
4515,25,5
4516,0,3
4517,19,3
4518,1,3
4519,0,3
4520,0,3
4521,0,3
4522,12,3
4523,8,4
4524,1,3
4525,2,3
4526,0,3
4527,8,3
4528,6,3
4529,3,3
4530,2,3
4531,7,4
4532,0,3
4533,14,5
4534,2,3
4535,4,3
4536,17,6
4537,0,3
4538,20,4
4539,2,3
4540,0,3
4541,0,3
4542,3,3
4543,0,3
4544,6,3
4545,0,3
4546,21,3
4547,3,3
4548,8,5
4549,0,3
4550,0,3
4551,23,3
4552,14,3
4553,41,4
4554,0,3
4555,0,3
4556,12,3
4557,0,3
4558,9,3
4559,1,3
4560,10,4
4561,8,3
4562,2,3
4563,12,3
4564,5,3
4565,1,3
4566,6,3
4567,4,3
4568,7,3
4569,6,3
4570,0,3
4571,4,3
4572,4,3
4573,0,3
4574,20,4
4575,0,3
4576,4,4
4577,1,4
4578,3,3
4579,12,3
4580,0,3
4581,0,3
4582,12,3
4583,3,3
4584,2,3
4585,1,3
4586,6,4
4587,9,3
4588,18,5
4589,4,3
4590,1,3
4591,15,4
4592,11,3
4593,26,1
4594,62,3
4595,0,3
4596,16,3
4597,32,4
4598,0,3
4599,2,3
4600,1,3
4601,0,3
4602,16,4
4603,0,3
4604,0,3
4605,0,3
4606,1,3
4607,0,3
4608,0,3
4609,0,3
4610,19,3
4611,2,3
4612,1,4
4613,1,3
4614,5,3
4615,24,5
4616,5,3
4617,0,3
4618,35,4
4619,0,3
4620,34,5
4621,0,3
4622,1,3
4623,11,4
4624,7,3
4625,14,3
4626,1,3
4627,10,4
4628,0,3
4629,18,3
4630,11,3
4631,42,4
4632,0,3
4633,3,3
4634,0,3
4635,0,3
4636,0,3
4637,25,4
4638,0,3
4639,4,2
4640,0,3
4641,1,3
4642,27,4
4643,2,3
4644,0,3
4645,0,3
4646,11,4
4647,0,3
4648,12,3
4649,12,3
4650,9,3
4651,0,3
4652,7,3
4653,0,3
4654,1,3
4655,11,3
4656,10,3
4657,0,3
4658,11,3
4659,1,3
4660,4,3
4661,4,3
4662,1,3
4663,4,3
4664,3,3
4665,3,3
4666,31,4
4667,0,3
4668,1,3
4669,1,3
4670,0,3
4671,8,3
4672,0,3
4673,9,4
4674,0,3
4675,5,3
4676,4,3
4677,0,3
4678,0,3
4679,13,3
4680,4,3
4681,6,3
4682,4,4
4683,8,3
4684,2,3
4685,0,3
4686,6,3
4687,6,3
4688,26,5
4689,23,3
4690,45,3
4691,0,3
4692,0,3
4693,44,3
4694,21,4
4695,19,3
4696,0,3
4697,1,3
4698,1,3
4699,0,3
4700,1,3
4701,5,3
4702,9,4
4703,0,3
4704,39,5
4705,1,3
4706,1,3
4707,33,3
4708,8,4
4709,32,3
4710,3,4
4711,0,3
4712,8,3
4713,5,3
4714,1,3
4715,0,3
4716,2,3
4717,8,3
4718,29,2
4719,0,3
4720,11,3
4721,0,3
4722,8,4
4723,4,3
4724,15,3
4725,15,7
4726,22,4
4727,25,3
4728,1,3
4729,4,3
4730,3,3
4731,1,3
4732,6,4
4733,5,3
4734,12,4
4735,0,3
4736,14,3
4737,15,3
4738,3,3
4739,13,3
4740,1,3
4741,2,3
4742,0,3
4743,0,3
4744,0,3
4745,4,4
4746,1,3
4747,0,3
4748,13,3
4749,4,4
4750,4,3
4751,16,3
4752,22,2
4753,22,3
4754,0,3
4755,0,3
4756,10,3
4757,1,3
4758,5,3
4759,1,3
4760,0,3
4761,0,3
4762,42,2
4763,1,3
4764,49,4
4765,0,3
4766,0,3
4767,23,4
4768,0,3
4769,0,3
4770,1,3
4771,0,3
4772,1,3
4773,1,3
4774,30,4
4775,16,4
4776,0,3
4777,1,3
4778,0,3
4779,20,5
4780,0,3
4781,0,3
4782,16,3
4783,6,3
4784,0,3
4785,17,3
4786,3,3
4787,0,3
4788,0,3
4789,12,4
4790,3,3
4791,0,3
4792,23,3
4793,11,3
4794,13,3
4795,0,3
4796,5,3
4797,10,4
4798,19,3
4799,2,3
4800,0,3
4801,0,3
4802,46,3
4803,3,3
4804,0,3
4805,23,4
4806,13,2
4807,10,3
4808,0,3
4809,15,4
4810,0,3
4811,8,4
4812,2,3
4813,11,4
4814,0,3
4815,4,3
4816,2,3
4817,16,4
4818,1,3
4819,2,3
4820,12,3
4821,3,3
4822,0,3
4823,0,3
4824,1,3
4825,0,3
4826,0,3
4827,6,3
4828,10,5
4829,0,3
4830,2,3
4831,1,3
4832,11,3
4833,0,3
4834,2,3
4835,13,5
4836,15,3
4837,0,3
4838,19,3
4839,0,3
4840,0,3
4841,3,3
4842,0,3
4843,15,6
4844,12,2
4845,10,3
4846,0,3
4847,29,3
4848,1,3
4849,5,3
4850,2,3
4851,7,4
4852,11,5
4853,2,3
4854,1,3
4855,0,3
4856,0,3
4857,10,4
4858,23,3
4859,14,4
4860,2,3
4861,0,3
4862,2,3
4863,3,3
4864,3,3
4865,0,3
4866,0,3
4867,10,4
4868,0,3
4869,4,4
4870,26,3
4871,0,3
4872,24,4
4873,8,5
4874,0,3
4875,4,3
4876,4,3
4877,0,3
4878,2,3
4879,15,3
4880,9,3
4881,5,4
4882,0,3
4883,3,3
4884,26,3
4885,1,3
4886,0,3
4887,1,3
4888,0,3
4889,1,3
4890,19,3
4891,13,3
4892,37,4
4893,0,3
4894,5,3
4895,0,3
4896,1,3
4897,5,4
4898,2,3
4899,0,3
4900,27,3
4901,1,3
4902,10,4
4903,32,3
4904,0,3
4905,26,4
4906,0,3
4907,0,3
4908,1,3
4909,1,3
4910,0,3
4911,0,3
4912,36,5
4913,0,3
4914,8,3
4915,4,3
4916,1,3
4917,9,3
4918,10,3
4919,22,3
4920,5,3
4921,0,3
4922,6,3
4923,6,3
4924,12,3
4925,1,3
4926,15,4
4927,0,3
4928,10,3
4929,6,3
4930,13,4
4931,15,4
4932,8,3
4933,4,4
4934,1,3
4935,0,3
4936,6,3
4937,46,6
4938,0,3
4939,0,3
4940,5,3
4941,0,3
4942,5,3
4943,9,3
4944,1,3
4945,0,3
4946,0,3
4947,0,3
4948,3,4
4949,24,3
4950,15,3
4951,0,3
4952,2,4
4953,1,3
4954,37,4
4955,7,4
4956,11,4
4957,7,4
4958,32,4
4959,3,3
4960,4,3
4961,20,6
4962,0,3
4963,3,3
4964,0,3
4965,9,4
4966,15,3
4967,0,3
4968,10,3
4969,11,3
4970,27,4
4971,10,3
4972,23,4
4973,0,3
4974,2,3
4975,5,3
4976,0,3
4977,10,4
4978,3,3
4979,0,3
4980,1,3
4981,36,5
4982,10,4
4983,0,3
4984,0,3
4985,11,4
4986,2,3
4987,0,3
4988,30,5
4989,0,3
4990,1,3
4991,0,3
4992,16,3
4993,8,5
4994,1,3
4995,1,4
4996,6,3
4997,4,3
4998,0,3
4999,13,6
5000,0,3
5001,1,3
5002,0,3
5003,0,3
5004,0,3
5005,9,3
5006,24,3
5007,35,1
5008,0,3
5009,0,3
5010,0,3
5011,0,3
5012,18,3
5013,13,3
5014,0,3
5015,0,3
5016,15,4
5017,10,3
5018,0,3
5019,1,3
5020,5,3
5021,4,4
5022,0,3
5023,0,3
5024,11,4
5025,10,4
5026,0,3
5027,0,3
5028,0,3
5029,9,3
5030,6,3
5031,12,3
5032,33,4
5033,0,3
5034,1,3
5035,33,3
5036,10,3
5037,4,3
5038,16,3
5039,0,3
5040,10,3
5041,0,3
5042,0,3
5043,1,3
5044,7,4
5045,26,3
5046,0,3
5047,2,4
5048,0,3
5049,2,3
5050,12,4
5051,42,4
5052,8,4
5053,43,4
5054,12,3
5055,5,3
5056,3,3
5057,14,2
5058,1,3
5059,0,3
5060,1,3
5061,0,3
5062,7,3
5063,6,3
5064,1,4
5065,1,3
5066,2,4
5067,1,3
5068,0,3
5069,11,4
5070,9,5
5071,0,3
5072,0,3
5073,0,3
5074,0,3
5075,0,3
5076,19,6
5077,0,3
5078,1,3
5079,1,3
5080,1,3
5081,2,3
5082,1,3
5083,7,4
5084,1,3
5085,1,3
5086,5,3
5087,0,3
5088,2,3
5089,6,3
5090,16,3
5091,4,3
5092,9,5
5093,4,3
5094,3,3
5095,2,3
5096,0,3
5097,0,3
5098,0,3
5099,40,4
5100,0,3
5101,1,3
5102,2,3
5103,7,3
5104,20,4
5105,0,3
5106,2,3
5107,6,3
5108,6,3
5109,14,3
5110,14,4
5111,5,3
5112,2,3
5113,2,3
5114,19,4
5115,9,4
5116,14,5
5117,3,3
5118,4,3
5119,32,4
5120,9,4
5121,0,3
5122,1,3
5123,4,3
5124,37,4
5125,0,3
5126,14,4
5127,7,4
5128,0,3
5129,28,4
5130,0,3
5131,0,3
5132,0,3
5133,0,3
5134,9,3
5135,16,3
5136,8,3
5137,0,3
5138,9,3
5139,1,3
5140,3,3
5141,1,3
5142,6,3
5143,1,3
5144,0,3
5145,1,3
5146,3,2
5147,1,3
5148,0,3
5149,0,3
5150,3,3
5151,0,3
5152,0,3
5153,0,3
5154,23,3
5155,0,3
5156,19,4
5157,2,3
5158,0,3
5159,16,4
5160,31,3
5161,17,4
5162,23,4
5163,23,3
5164,23,5
5165,0,3
5166,26,2
5167,1,3
5168,4,3
5169,50,3
5170,2,3
5171,25,4
5172,0,3
5173,0,3
5174,0,3
5175,7,3
5176,0,3
5177,2,3
5178,0,3
5179,0,3
5180,2,3
5181,0,3
5182,0,3
5183,0,3
5184,10,4
5185,0,3
5186,27,4
5187,5,4
5188,0,3
5189,4,3
5190,1,2
5191,1,3
5192,10,3
5193,1,3
5194,0,3
5195,0,3
5196,0,3
5197,18,3
5198,0,3
5199,12,3
5200,0,3
5201,0,3
5202,14,3
5203,0,3
5204,0,3
5205,0,3
5206,0,3
5207,0,3
5208,7,3
5209,24,2
5210,1,3
5211,7,3
5212,0,3
5213,22,4
5214,1,3
5215,0,3
5216,13,3
5217,5,3
5218,12,3
5219,0,3
5220,0,3
5221,4,3
5222,60,3
5223,1,3
5224,18,3
5225,3,3
5226,16,3
5227,0,3
5228,1,3
5229,2,3
5230,13,3
5231,4,3
5232,0,3
5233,6,3
5234,17,4
5235,3,3
5236,1,3
5237,0,3
5238,0,3
5239,0,3
5240,1,3
5241,9,2
5242,0,3
5243,0,3
5244,21,4
5245,18,4
5246,0,3
5247,2,3
5248,5,4
5249,1,3
5250,3,3
5251,21,4
5252,0,3
5253,5,3
5254,0,3
5255,8,3
5256,12,3
5257,21,3
5258,0,3
5259,3,3
5260,1,3
5261,7,3
5262,0,3
5263,1,3
5264,1,3
5265,3,3
5266,4,3
5267,2,3
5268,11,5
5269,1,3
5270,13,3
5271,10,4
5272,0,3
5273,0,3
5274,0,3
5275,4,4
5276,0,3
5277,0,3
5278,4,3
5279,0,3
5280,21,4
5281,0,3
5282,10,5
5283,0,3
5284,9,3
5285,7,3
5286,4,3
5287,0,3
5288,0,3
5289,0,3
5290,0,3
5291,0,3
5292,0,3
5293,0,3
5294,5,5
5295,0,3
5296,0,3
5297,0,3
5298,13,4
5299,54,3
5300,3,3
5301,20,4
5302,0,3
5303,5,3
5304,1,3
5305,5,3
5306,0,3
5307,0,3
5308,3,3
5309,8,4
5310,25,3
5311,1,3
5312,6,3
5313,0,3
5314,1,3
5315,64,2
5316,1,3
5317,1,3
5318,17,4
5319,4,3
5320,0,3
5321,0,3
5322,3,3
5323,0,3
5324,0,3
5325,10,4
5326,18,5
5327,0,3
5328,19,4
5329,0,3
5330,0,3
5331,0,3
5332,0,3
5333,7,3
5334,6,4
5335,1,3
5336,2,3
5337,2,3
5338,23,4
5339,8,4
5340,28,2
5341,4,3
5342,1,3
5343,31,4
5344,0,3
5345,14,4
5346,27,4
5347,0,3
5348,0,3
5349,2,3
5350,0,3
5351,8,3
5352,0,3
5353,22,4
5354,5,4
5355,2,3
5356,0,3
5357,1,3
5358,0,3
5359,0,3
5360,0,3
5361,26,4
5362,6,3
5363,1,4
5364,4,3
5365,1,3
5366,2,3
5367,12,3
5368,2,3
5369,4,3
5370,10,4
5371,1,3
5372,4,4
5373,10,3
5374,62,4
5375,0,3
5376,0,3
5377,25,3
5378,0,3
5379,1,3
5380,1,3
5381,0,3
5382,2,3
5383,0,3
5384,0,3
5385,1,4
5386,9,3
5387,41,5
5388,1,3
5389,2,3
5390,8,3
5391,29,3
5392,10,3
5393,5,3
5394,2,3
5395,1,3
5396,0,3
5397,9,4
5398,2,3
5399,0,3
5400,0,3
5401,0,3
5402,17,3
5403,0,3
5404,0,3
5405,0,3
5406,37,4
5407,0,3
5408,1,3
5409,7,4
5410,0,3
5411,0,3
5412,0,3
5413,1,3
5414,37,5
5415,13,3
5416,2,3
5417,17,4
5418,1,3
5419,13,3
5420,0,3
5421,0,3
5422,0,3
5423,2,3
5424,47,4
5425,51,5
5426,1,3
5427,62,4
5428,6,4
5429,0,3
5430,0,3
5431,22,3
5432,0,3
5433,12,3
5434,0,3
5435,2,3
5436,0,3
5437,9,3
5438,18,3
5439,14,4
5440,6,3
5441,0,3
5442,0,3
5443,0,3
5444,15,3
5445,9,3
5446,3,3
5447,8,4
5448,6,3
5449,0,3
5450,0,3
5451,0,3
5452,0,3
5453,2,3
5454,6,3
5455,0,3
5456,1,3
5457,6,4
5458,13,3
5459,0,3
5460,14,4
5461,2,3
5462,9,3
5463,7,4
5464,3,3
5465,11,4
5466,0,3
5467,0,3
5468,6,3
5469,15,3
5470,1,3
5471,33,3
5472,0,3
5473,20,4
5474,11,3
5475,6,3
5476,71,1
5477,0,3
5478,0,3
5479,1,3
5480,3,3
5481,9,3
5482,0,3
5483,16,4
5484,0,3
5485,3,3
5486,0,3
5487,1,3
5488,2,3
5489,8,5
5490,2,3
5491,0,3
5492,5,3
5493,0,3
5494,0,3
5495,8,4
5496,7,3
5497,1,3
5498,2,3
5499,0,3
5500,0,3
5501,2,3
5502,7,3
5503,0,3
5504,1,3
5505,11,3
5506,6,3
5507,0,3
5508,1,3
5509,12,3
5510,0,3
5511,10,3
5512,0,3
5513,12,3
5514,3,4
5515,7,4
5516,0,3
5517,1,3
5518,1,3
5519,0,3
5520,0,3
5521,1,3
5522,2,3
5523,0,3
5524,11,4
5525,0,3
5526,0,3
5527,9,3
5528,0,3
5529,6,3
5530,2,3
5531,8,4
5532,15,3
5533,8,4
5534,0,3
5535,0,3
5536,1,3
5537,0,3
5538,17,3
5539,9,3
5540,18,2
5541,8,3
5542,1,3
5543,0,3
5544,10,2
5545,0,3
5546,1,3
5547,5,3
5548,0,3
5549,1,3
5550,30,2
5551,6,4
5552,0,3
5553,12,3
5554,2,3
5555,6,3
5556,1,3
5557,3,3
5558,0,3
5559,1,3
5560,10,4
5561,4,3
5562,0,3
5563,17,4
5564,0,3
5565,2,3
5566,3,3
5567,9,3
5568,21,4
5569,7,4
5570,0,3
5571,0,3
5572,1,3
5573,1,3
5574,0,3
5575,0,3
5576,18,3
5577,0,3
5578,3,3
5579,6,3
5580,0,3
5581,18,3
5582,8,3
5583,22,3
5584,0,3
5585,0,3
5586,0,3
5587,0,3
5588,2,3
5589,1,3
5590,5,5
5591,2,3
5592,11,3
5593,0,3
5594,11,4
5595,7,3
5596,36,3
5597,0,3
5598,15,3
5599,0,3
5600,0,3
5601,5,3
5602,0,3
5603,3,3
5604,1,3
5605,2,3
5606,0,3
5607,0,3
5608,22,3
5609,0,3
5610,0,3
5611,0,3
5612,19,4
5613,1,3
5614,43,2
5615,13,3
5616,0,3
5617,21,3
5618,22,5
5619,2,3
5620,0,3
5621,10,3
5622,5,3
5623,5,3
5624,0,3
5625,2,3
5626,10,3
5627,0,3
5628,1,3
5629,1,3
5630,3,2
5631,2,3
5632,0,3
5633,0,3
5634,0,3
5635,0,3
5636,0,3
5637,0,3
5638,43,5
5639,0,3
5640,7,3
5641,1,3
5642,0,3
5643,11,4
5644,26,3
5645,0,3
5646,16,3
5647,0,3
5648,1,3
5649,2,3
5650,0,3
5651,12,3
5652,2,3
5653,7,3
5654,3,4
5655,0,3
5656,4,3
5657,0,3
5658,2,3
5659,4,3
5660,0,3
5661,12,5
5662,8,3
5663,0,3
5664,1,3
5665,9,3
5666,10,4
5667,2,3
5668,1,3
5669,0,3
5670,16,3
5671,1,3
5672,13,3
5673,0,3
5674,6,3
5675,1,3
5676,22,5
5677,3,3
5678,0,3
5679,0,3
5680,1,3
5681,12,3
5682,6,3
5683,22,3
5684,36,4
5685,12,4
5686,7,3
5687,33,4
5688,15,3
5689,9,3
5690,1,3
5691,16,3
5692,0,3
5693,9,3
5694,1,3
5695,10,3
5696,25,3
5697,7,3
5698,0,3
5699,8,4
5700,6,3
5701,0,3
5702,2,3
5703,1,3
5704,3,3
5705,1,3
5706,1,3
5707,2,3
5708,2,3
5709,3,3
5710,0,3
5711,0,3
5712,1,3
5713,0,3
5714,0,3
5715,18,4
5716,1,3
5717,2,3
5718,24,4
5719,0,3
5720,20,4
5721,8,4
5722,11,4
5723,4,3
5724,7,4
5725,6,3
5726,10,4
5727,2,3
5728,29,3
5729,0,3
5730,1,3
5731,9,4
5732,1,3
5733,13,4
5734,24,5
5735,6,4
5736,5,4
5737,10,3
5738,0,3
5739,6,3
5740,20,4
5741,0,3
5742,14,4
5743,28,4
5744,20,4
5745,2,3
5746,19,4
5747,14,4
5748,0,3
5749,0,3
5750,0,3
5751,12,4
5752,2,2
5753,0,3
5754,1,3
5755,7,3
5756,2,3
5757,0,3
5758,0,3
5759,0,3
5760,14,3
5761,2,3
5762,3,3
5763,1,3
5764,0,3
5765,31,5
5766,0,3
5767,1,4
5768,5,3
5769,6,4
5770,8,3
5771,76,3
5772,5,3
5773,26,3
5774,15,4
5775,0,3
5776,4,3
5777,4,4
5778,0,3
5779,3,3
5780,13,3
5781,2,3
5782,0,3
5783,3,3
5784,2,3
5785,0,3
5786,0,3
5787,53,5
5788,0,3
5789,21,3
5790,0,3
5791,0,3
5792,16,4
5793,0,3
5794,0,3
5795,85,3
5796,7,4
5797,48,6
5798,0,3
5799,0,3
5800,16,5
5801,0,3
5802,6,3
5803,0,3
5804,4,3
5805,17,4
5806,38,3
5807,4,4
5808,6,4
5809,30,3
5810,34,3
5811,0,3
5812,4,3
5813,7,4
5814,0,3
5815,2,3
5816,0,3
5817,7,4
5818,0,3
5819,1,3
5820,5,3
5821,0,3
5822,11,4
5823,13,4
5824,11,2
5825,31,3
5826,13,3
5827,2,3
5828,0,3
5829,64,4
5830,0,3
5831,0,3
5832,0,3
5833,8,3
5834,12,3
5835,7,3
5836,1,3
5837,16,5
5838,7,4
5839,2,3
5840,0,3
5841,0,3
5842,0,3
5843,1,3
5844,13,3
5845,0,3
5846,4,3
5847,0,3
5848,0,3
5849,0,3
5850,4,4
5851,0,3
5852,24,4
5853,0,3
5854,0,3
5855,0,3
5856,0,3
5857,1,3
5858,6,4
5859,5,3
5860,5,4
5861,0,3
5862,12,4
5863,0,3
5864,0,3
5865,0,3
5866,0,3
5867,3,3
5868,9,4
5869,0,3
5870,0,3
5871,0,3
5872,0,3
5873,0,3
5874,0,3
5875,13,3
5876,1,3
5877,7,3
5878,0,3
5879,18,4
5880,0,3
5881,0,3
5882,0,3
5883,0,3
5884,22,5
5885,3,3
5886,9,3
5887,7,3
5888,3,3
5889,16,4
5890,6,3
5891,3,3
5892,1,3
5893,31,5
5894,2,3
5895,1,3
5896,3,3
5897,17,3
5898,8,3
5899,0,3
5900,10,3
5901,0,3
5902,53,3
5903,0,3
5904,14,3
5905,2,3
5906,12,3
5907,0,3
5908,0,3
5909,0,3
5910,0,3
5911,19,3
5912,0,3
5913,0,3
5914,1,3
5915,0,3
5916,4,4
5917,0,3
5918,0,3
5919,8,4
5920,0,3
5921,0,3
5922,2,3
5923,12,3
5924,2,3
5925,14,3
5926,2,4
5927,0,3
5928,6,3
5929,41,3
5930,0,3
5931,0,3
5932,0,3
5933,1,3
5934,31,4
5935,0,3
5936,0,3
5937,0,3
5938,15,3
5939,2,3
5940,0,3
5941,2,3
5942,11,3
5943,1,3
5944,1,3
5945,13,4
5946,7,3
5947,14,3
5948,0,3
5949,7,4
5950,5,2
5951,18,3
5952,29,4
5953,3,3
5954,0,3
5955,2,3
5956,0,3
5957,10,4
5958,3,3
5959,0,3
5960,0,3
5961,18,3
5962,12,3
5963,0,3
5964,0,3
5965,2,3
5966,29,4
5967,0,3
5968,17,3
5969,1,3
5970,3,3
5971,20,3
5972,11,3
5973,0,3
5974,0,3
5975,5,4
5976,0,3
5977,1,3
5978,0,3
5979,11,5
5980,27,4
5981,0,3
5982,2,3
5983,0,3
5984,0,3
5985,11,3
5986,43,5
5987,0,3
5988,3,3
5989,16,4
5990,14,4
5991,3,3
5992,16,4
5993,0,3
5994,42,3
5995,0,3
5996,15,3
5997,0,3
5998,0,3
5999,0,3
6000,0,3
6001,17,4
6002,8,3
6003,20,3
6004,14,3
6005,0,3
6006,0,3
6007,2,3
6008,0,3
6009,4,3
6010,0,3
6011,4,3
6012,24,2
6013,12,3
6014,12,2
6015,0,3
6016,4,3
6017,0,3
6018,15,3
6019,5,3
6020,24,3
6021,3,3
6022,1,3
6023,0,3
6024,28,3
6025,7,3
6026,1,3
6027,0,3
6028,0,3
6029,2,3
6030,12,3
6031,19,5
6032,0,3
6033,0,3
6034,0,3
6035,0,3
6036,1,3
6037,20,4
6038,17,6
6039,0,3
6040,9,4
6041,0,3
6042,4,3
6043,14,3
6044,10,3
6045,23,4
6046,0,3
6047,18,4
6048,19,3
6049,3,3
6050,1,3
6051,8,4
6052,0,3
6053,0,3
6054,3,3
6055,0,3
6056,11,3
6057,3,3
6058,6,3
6059,1,3
6060,6,3
6061,6,3
6062,16,3
6063,30,3
6064,5,2
6065,3,3
6066,25,4
6067,2,3
6068,11,3
6069,10,3
6070,5,3
6071,15,3
6072,8,3
6073,15,4
6074,0,3
6075,1,3
6076,7,3
6077,0,3
6078,0,3
6079,12,4
6080,1,3
6081,1,3
6082,0,3
6083,9,4
6084,0,3
6085,0,3
6086,0,3
6087,2,4
6088,13,3
6089,12,3
6090,4,3
6091,30,4
6092,0,3
6093,12,4
6094,0,3
6095,1,3
6096,3,3
6097,2,3
6098,1,3
6099,0,3
6100,1,3
6101,0,3
6102,4,3
6103,0,3
6104,3,3
6105,0,3
6106,4,4
6107,2,3
6108,14,3
6109,20,3
6110,0,3
6111,10,4
6112,1,3
6113,21,3
6114,4,3
6115,16,3
6116,10,3
6117,0,3
6118,0,3
6119,9,3
6120,2,3
6121,20,5
6122,1,3
6123,0,3
6124,0,3
6125,12,3
6126,14,3
6127,8,3
6128,9,3
6129,0,3
6130,2,3
6131,1,3
6132,0,3
6133,4,3
6134,1,2
6135,0,3
6136,0,3
6137,0,3
6138,3,3
6139,8,3
6140,9,4
6141,0,3
6142,1,3
6143,1,3
6144,0,3
6145,1,3
6146,0,3
6147,9,3
6148,3,3
6149,9,4
6150,2,3
6151,14,3
6152,8,3
6153,24,3
6154,0,3
6155,0,3
6156,6,4
6157,0,3
6158,3,3
6159,0,3
6160,5,3
6161,0,3
6162,0,3
6163,1,3
6164,22,5
6165,1,3
6166,3,3
6167,4,3
6168,25,5
6169,0,3
6170,0,3
6171,28,5
6172,4,3
6173,0,3
6174,3,3
6175,22,5
6176,1,3
6177,3,3
6178,7,3
6179,0,3
6180,31,3
6181,4,3
6182,0,3
6183,8,3
6184,5,3
6185,4,3
6186,0,3
6187,0,3
6188,10,4
6189,10,4
6190,2,3
6191,13,3
6192,14,4
6193,9,3
6194,0,3
6195,1,3
6196,3,3
6197,0,3
6198,17,4
6199,3,3
6200,9,3
6201,8,3
6202,0,3
6203,13,5
6204,4,3
6205,5,3
6206,0,3
6207,0,3
6208,7,3
6209,3,3
6210,11,4
6211,21,3
6212,5,4
6213,0,3
6214,1,3
6215,0,3
6216,11,4
6217,0,3
6218,5,4
6219,0,3
6220,0,3
6221,0,3
6222,12,4
6223,0,3
6224,7,3
6225,5,3
6226,5,3
6227,1,3
6228,26,4
6229,0,3
6230,0,3
6231,24,4
6232,0,3
6233,15,5
6234,0,3
6235,8,3
6236,7,3
6237,0,3
6238,0,3
6239,0,3
6240,0,3
6241,52,3
6242,1,3
6243,0,3
6244,4,4
6245,6,4
6246,1,3
6247,11,4
6248,0,3
6249,1,3
6250,2,3
6251,3,2
6252,8,3
6253,0,3
6254,0,3
6255,11,6
6256,62,3
6257,0,3
6258,6,3
6259,3,3
6260,6,3
6261,0,3
6262,6,4
6263,1,3
6264,0,3
6265,0,3
6266,0,3
6267,0,3
6268,9,5
6269,0,3
6270,0,3
6271,0,3
6272,0,3
6273,4,3
6274,0,3
6275,1,3
6276,10,5
6277,0,3
6278,1,3
6279,10,3
6280,0,3
6281,0,3
6282,17,3
6283,20,5
6284,0,3
6285,0,3
6286,1,3
6287,15,3
6288,44,4
6289,2,3
6290,0,3
6291,1,3
6292,0,3
6293,6,4
6294,61,2
6295,0,3
6296,9,5
6297,0,3
6298,3,3
6299,11,3
6300,11,3
6301,0,3
6302,0,3
6303,7,3
6304,0,3
6305,2,3
6306,0,3
6307,10,4
6308,24,4
6309,1,3
6310,2,3
6311,2,3
6312,0,3
6313,0,3
6314,0,3
6315,78,4
6316,0,3
6317,1,3
6318,0,3
6319,0,3
6320,4,4
6321,13,4
6322,0,3
6323,0,3
6324,0,3
6325,10,4
6326,0,3
6327,0,3
6328,9,3
6329,0,3
6330,0,3
6331,0,3
6332,0,3
6333,0,3
6334,12,3
6335,2,3
6336,0,3
6337,1,3
6338,2,3
6339,47,4
6340,11,3
6341,30,3
6342,1,3
6343,11,3
6344,17,3
6345,1,3
6346,13,3
6347,0,3
6348,9,3
6349,3,3
6350,4,4
6351,1,3
6352,44,5
6353,44,4
6354,0,3
6355,0,3
6356,3,3
6357,0,3
6358,1,3
6359,6,4
6360,5,4
6361,18,4
6362,1,3
6363,0,3
6364,0,3
6365,3,3
6366,8,3
6367,1,4
6368,0,3
6369,7,3
6370,13,3
6371,1,3
6372,6,3
6373,1,3
6374,0,3
6375,0,3
6376,0,3
6377,0,3
6378,6,3
6379,5,3
6380,4,3
6381,6,4
6382,0,3
6383,4,4
6384,1,3
6385,9,4
6386,11,3
6387,25,3
6388,4,3
6389,0,3
6390,16,3
6391,10,3
6392,8,4
6393,9,3
6394,0,3
6395,1,3
6396,31,4
6397,10,4
6398,0,3
6399,2,3
6400,0,3
6401,8,3
6402,1,3
6403,2,3
6404,69,4
6405,2,3
6406,10,3
6407,10,3
6408,9,3
6409,4,3
6410,15,3
6411,25,5
6412,11,4
6413,2,3
6414,0,3
6415,12,3
6416,1,3
6417,16,3
6418,2,3
6419,1,3
6420,0,3
6421,0,3
6422,21,4
6423,5,3
6424,7,3
6425,0,3
6426,27,4
6427,0,3
6428,0,3
6429,16,3
6430,4,2
6431,0,3
6432,0,3
6433,1,3
6434,4,3
6435,0,3
6436,1,3
6437,13,4
6438,1,3
6439,0,3
6440,1,3
6441,0,3
6442,1,3
6443,0,3
6444,11,4
6445,0,3
6446,0,3
6447,0,3
6448,0,3
6449,17,4
6450,0,3
6451,9,3
6452,18,3
6453,15,4
6454,1,2
6455,0,3
6456,0,3
6457,0,3
6458,10,3
6459,1,3
6460,0,3
6461,5,3
6462,12,3
6463,25,5
6464,0,3
6465,5,3
6466,0,3
6467,3,4
6468,1,3
6469,43,5
6470,14,3
6471,0,3
6472,21,4
6473,13,3
6474,0,3
6475,2,3
6476,0,3
6477,0,3
6478,0,3
6479,0,3
6480,8,3
6481,35,3
6482,0,3
6483,0,3
6484,24,4
6485,2,3
6486,8,3
6487,19,3
6488,15,1
6489,0,3
6490,17,3
6491,6,4
6492,3,3
6493,2,3
6494,11,3
6495,0,3
6496,0,3
6497,4,3
6498,0,3
6499,23,5
6500,0,3
6501,8,5
6502,0,3
6503,13,3
6504,4,3
6505,1,3
6506,2,3
6507,5,4
6508,11,4
6509,23,4
6510,0,3
6511,16,3
6512,0,3
6513,14,3
6514,0,3
6515,0,3
6516,0,3
6517,4,3
6518,0,3
6519,15,4
6520,1,4
6521,69,4
6522,16,3
6523,0,3
6524,0,3
6525,22,4
6526,1,3
6527,0,3
6528,14,3
6529,4,3
6530,0,3
6531,3,3
6532,0,3
6533,25,3
6534,4,4
6535,6,4
6536,0,3
6537,0,3
6538,0,3
6539,26,3
6540,0,3
6541,12,3
6542,11,6
6543,0,3
6544,23,4
6545,0,3
6546,29,3
6547,22,3
6548,27,3
6549,1,3
6550,0,3
6551,8,3
6552,17,3
6553,20,5
6554,6,3
6555,0,3
6556,3,3
6557,34,4
6558,0,3
6559,6,3
6560,0,3
6561,8,3
6562,3,3
6563,0,3
6564,6,4
6565,0,3
6566,6,3
6567,4,3
6568,0,3
6569,13,4
6570,3,3
6571,0,3
6572,2,3
6573,2,3
6574,27,4
6575,13,4
6576,0,3
6577,0,3
6578,3,3
6579,0,3
6580,9,3
6581,12,4
6582,0,3
6583,6,3
6584,12,3
6585,0,3
6586,9,4
6587,9,3
6588,19,2
6589,0,3
6590,0,3
6591,21,5
6592,0,3
6593,0,3
6594,0,3
6595,14,5
6596,0,3
6597,1,3
6598,1,3
6599,1,3
6600,6,4
6601,8,4
6602,0,3
6603,0,3
6604,0,3
6605,0,3
6606,6,3
6607,1,3
6608,2,3
6609,6,3
6610,0,3
6611,8,4
6612,0,3
6613,20,4
6614,3,3
6615,0,3
6616,0,3
6617,1,3
6618,0,3
6619,27,3
6620,1,3
6621,6,3
6622,1,3
6623,7,3
6624,29,5
6625,0,3
6626,0,3
6627,7,3
6628,19,6
6629,9,3
6630,1,3
6631,7,3
6632,1,3
6633,0,3
6634,23,3
6635,0,3
6636,0,3
6637,2,3
6638,0,3
6639,4,3
6640,10,3
6641,10,3
6642,2,3
6643,0,3
6644,5,4
6645,0,3
6646,1,3
6647,0,3
6648,0,3
6649,1,3
6650,0,3
6651,0,3
6652,1,3
6653,0,3
6654,43,3
6655,0,3
6656,12,4
6657,0,3
6658,0,3
6659,0,3
6660,8,3
6661,32,3
6662,12,4
6663,10,4
6664,0,3
6665,1,3
6666,1,3
6667,2,3
6668,3,3
6669,1,3
6670,1,3
6671,1,3
6672,4,3
6673,17,3
6674,11,3
6675,17,3
6676,2,3
6677,1,3
6678,0,3
6679,0,3
6680,2,3
6681,2,3
6682,2,3
6683,12,4
6684,0,3
6685,0,3
6686,6,3
6687,1,3
6688,2,3
6689,23,5
6690,3,2
6691,14,3
6692,27,4
6693,1,3
6694,1,3
6695,3,3
6696,6,3
6697,1,3
6698,2,3
6699,1,3
6700,0,3
6701,8,4
6702,0,3
6703,0,3
6704,0,3
6705,0,3
6706,1,3
6707,12,4
6708,0,3
6709,5,3
6710,0,3
6711,6,3
6712,8,4
6713,7,4
6714,20,4
6715,1,3
6716,17,5
6717,12,3
6718,3,3
6719,3,3
6720,2,3
6721,27,6
6722,11,5
6723,1,3
6724,21,6
6725,18,8
6726,33,3
6727,7,4
6728,56,4
6729,0,3
6730,16,3
6731,5,4
6732,0,3
6733,25,3
6734,5,5
6735,31,3
6736,11,3
6737,1,3
6738,0,3
6739,11,3
6740,11,5
6741,0,3
6742,2,3
6743,10,4
6744,10,3
6745,0,3
6746,0,3
6747,1,3
6748,1,3
6749,7,3
6750,30,3
6751,5,3
6752,22,3
6753,18,3
6754,6,4
6755,0,3
6756,16,3
6757,8,3
6758,2,3
6759,0,3
6760,0,3
6761,4,3
6762,6,3
6763,0,3
6764,0,3
6765,21,3
6766,2,3
6767,0,3
6768,9,3
6769,4,3
6770,0,3
6771,3,3
6772,0,3
6773,8,4
6774,1,3
6775,2,3
6776,0,3
6777,16,3
6778,11,2
6779,4,3
6780,0,3
6781,11,4
6782,0,3
6783,26,5
6784,6,3
6785,9,3
6786,0,3
6787,0,3
6788,0,3
6789,27,4
6790,0,3
6791,0,3
6792,15,3
6793,0,3
6794,13,3
6795,3,3
6796,0,3
6797,0,3
6798,0,3
6799,54,4
6800,11,4
6801,0,3
6802,1,4
6803,9,5
6804,13,4
6805,0,3
6806,0,3
6807,1,3
6808,0,3
6809,0,3
6810,30,6
6811,8,4
6812,2,3
6813,5,4
6814,3,3
6815,21,4
6816,1,3
6817,0,3
6818,10,4
6819,14,4
6820,17,2
6821,9,4
6822,0,3
6823,0,3
6824,0,3
6825,0,3
6826,17,3
6827,0,3
6828,0,3
6829,0,3
6830,1,3
6831,21,4
6832,26,3
6833,0,3
6834,0,3
6835,9,4
6836,11,3
6837,0,3
6838,4,4
6839,0,3
6840,16,5
6841,14,3
6842,2,4
6843,6,3
6844,0,3
6845,0,3
6846,15,3
6847,3,3
6848,5,3
6849,4,3
6850,33,5
6851,0,3
6852,6,3
6853,14,4
6854,7,4
6855,0,3
6856,21,4
6857,0,3
6858,12,3
6859,0,3
6860,0,3
6861,4,3
6862,7,3
6863,0,3
6864,14,4
6865,13,3
6866,38,3
6867,0,3
6868,1,3
6869,0,3
6870,1,3
6871,3,3
6872,6,5
6873,7,3
6874,0,3
6875,33,2
6876,13,4
6877,2,3
6878,0,3
6879,1,3
6880,29,5
6881,5,3
6882,1,3
6883,21,4
6884,1,3
6885,3,4
6886,3,3
6887,5,3
6888,0,3
6889,0,3
6890,1,3
6891,0,3
6892,24,4
6893,0,3
6894,2,2
6895,0,3
6896,0,3
6897,1,3
6898,15,6
6899,7,4
6900,0,3
6901,2,3
6902,2,3
6903,0,3
6904,23,5
6905,0,3
6906,0,3
6907,23,5
6908,1,3
6909,0,3
6910,12,4
6911,8,3
6912,0,3
6913,11,3
6914,1,3
6915,6,3
6916,1,3
6917,0,3
6918,17,4
6919,23,3
6920,6,3
6921,0,3
6922,4,3
6923,0,3
6924,6,4
6925,1,3
6926,0,3
6927,33,5
6928,2,3
6929,0,3
6930,0,3
6931,0,3
6932,0,3
6933,23,5
6934,0,3
6935,28,3
6936,18,3
6937,4,3
6938,4,3
6939,1,3
6940,9,3
6941,12,3
6942,4,4
6943,0,3
6944,0,3
6945,31,4
6946,2,3
6947,0,3
6948,38,3
6949,1,4
6950,19,4
6951,0,3
6952,7,3
6953,10,5
6954,0,3
6955,0,3
6956,23,4
6957,0,3
6958,27,4
6959,0,3
6960,4,3
6961,2,3
6962,16,2
6963,1,3
6964,9,3
6965,0,3
6966,17,4
6967,24,4
6968,1,3
6969,5,3
6970,0,3
6971,2,3
6972,0,3
6973,29,4
6974,5,3
6975,2,4
6976,3,2
6977,0,3
6978,2,3
6979,17,3
6980,9,3
6981,1,3
6982,0,3
6983,5,5
6984,7,2
6985,2,3
6986,0,3
6987,0,3
6988,4,3
6989,0,3
6990,0,3
6991,0,3
6992,26,4
6993,0,3
6994,12,3
6995,0,3
6996,11,3
6997,26,8
6998,7,5
6999,24,4
7000,8,3
7001,8,3
7002,2,4
7003,0,3
7004,1,3
7005,0,3
7006,21,4
7007,18,5
7008,1,3
7009,0,3
7010,3,3
7011,1,3
7012,0,3
7013,3,3
7014,8,4
7015,31,5
7016,0,3
7017,0,3
7018,0,3
7019,7,3
7020,1,3
7021,0,3
7022,6,3
7023,0,3
7024,0,3
7025,1,3
7026,0,3
7027,18,3
7028,3,3
7029,3,3
7030,0,3
7031,1,3
7032,34,3
7033,0,3
7034,9,3
7035,8,5
7036,7,5
7037,0,3
7038,10,4
7039,13,4
7040,6,3
7041,0,3
7042,24,5
7043,0,3
7044,2,3
7045,0,3
7046,22,3
7047,13,5
7048,24,4
7049,11,3
7050,19,5
7051,2,3
7052,1,3
7053,10,3
7054,0,3
7055,22,4
7056,23,4
7057,25,3
7058,20,4
7059,0,3
7060,13,3
7061,11,4
7062,6,4
7063,1,3
7064,0,3
7065,16,5
7066,12,4
7067,1,3
7068,12,3
7069,0,3
7070,4,3
7071,0,3
7072,40,6
7073,2,3
7074,0,3
7075,1,3
7076,11,3
7077,0,3
7078,6,4
7079,0,3
7080,0,3
7081,2,3
7082,11,4
7083,0,3
7084,0,3
7085,6,3
7086,4,3
7087,7,3
7088,1,3
7089,9,3
7090,121,3
7091,0,3
7092,30,4
7093,0,3
7094,11,3
7095,17,3
7096,0,3
7097,40,1
7098,15,4
7099,28,3
7100,4,3
7101,21,3
7102,10,4
7103,0,3
7104,0,3
7105,15,4
7106,0,3
7107,0,3
7108,10,4
7109,11,4
7110,0,3
7111,15,4
7112,2,3
7113,0,3
7114,25,4
7115,6,3
7116,1,3
7117,9,5
7118,0,3
7119,0,3
7120,0,3
7121,4,3
7122,0,3
7123,8,3
7124,3,4
7125,0,3
7126,5,3
7127,0,3
7128,22,5
7129,4,3
7130,1,4
7131,3,3
7132,1,3
7133,25,4
7134,0,3
7135,34,4
7136,1,3
7137,13,4
7138,12,3
7139,19,4
7140,3,3
7141,0,3
7142,4,3
7143,0,3
7144,0,3
7145,0,3
7146,1,3
7147,5,3
7148,33,4
7149,2,3
7150,0,3
7151,0,3
7152,2,3
7153,21,2
7154,0,3
7155,1,3
7156,3,4
7157,5,3
7158,1,3
7159,21,4
7160,10,3
7161,8,3
7162,5,3
7163,3,3
7164,0,3
7165,19,5
7166,0,3
7167,0,3
7168,17,5
7169,0,3
7170,0,3
7171,1,3
7172,15,4
7173,0,3
7174,0,3
7175,0,3
7176,19,4
7177,0,3
7178,0,3
7179,2,3
7180,18,5
7181,1,3
7182,5,4
7183,18,4
7184,0,3
7185,31,4
7186,14,3
7187,0,3
7188,1,3
7189,9,3
7190,0,3
7191,0,3
7192,1,3
7193,13,6
7194,0,3
7195,5,4
7196,11,4
7197,1,4
7198,6,5
7199,12,5
7200,1,3
7201,9,4
7202,0,3
7203,0,3
7204,11,4
7205,1,3
7206,0,3
7207,12,5
7208,0,3
7209,11,3
7210,1,3
7211,0,3
7212,0,3
7213,33,3
7214,4,3
7215,0,3
7216,32,6
7217,0,3
7218,0,3
7219,0,3
7220,0,3
7221,0,3
7222,0,3
7223,7,3
7224,0,3
7225,0,3
7226,0,3
7227,14,3
7228,6,3
7229,0,3
7230,0,3
7231,1,3
7232,20,4
7233,0,3
7234,0,3
7235,0,3
7236,12,3
7237,0,3
7238,3,3
7239,0,3
7240,32,6
7241,0,3
7242,0,3
7243,0,3
7244,0,3
7245,18,4
7246,16,5
7247,2,3
7248,35,4
7249,15,3
7250,4,3
7251,4,3
7252,7,5
7253,2,3
7254,0,3
7255,0,3
7256,0,3
7257,0,3
7258,17,4
7259,0,3
7260,0,3
7261,14,4
7262,22,3
7263,5,4
7264,21,2
7265,0,3
7266,0,3
7267,13,4
7268,0,3
7269,12,4
7270,0,3
7271,0,3
7272,0,3
7273,0,3
7274,13,4
7275,0,3
7276,3,3
7277,13,4
7278,6,3
7279,20,4
7280,0,3
7281,3,3
7282,8,4
7283,55,4
7284,1,3
7285,9,3
7286,0,3
7287,3,4
7288,4,4
7289,3,4
7290,5,4
7291,0,3
7292,10,4
7293,12,4
7294,16,5
7295,18,4
7296,1,3
7297,0,3
7298,0,3
7299,0,3
7300,0,3
7301,0,3
7302,1,3
7303,0,3
7304,0,3
7305,1,3
7306,0,3
7307,0,3
7308,13,4
7309,22,3
7310,9,4
7311,12,3
7312,0,3
7313,0,3
7314,0,3
7315,1,3
7316,24,2
7317,0,3
7318,4,3
7319,0,3
7320,7,4
7321,0,3
7322,14,4
7323,10,3
7324,7,4
7325,10,3
7326,0,3
7327,0,3
7328,0,3
7329,9,3
7330,0,3
7331,0,3
7332,12,3
7333,33,4
7334,0,3
7335,2,3
7336,10,4
7337,6,3
7338,1,3
7339,12,4
7340,0,3
7341,25,3
7342,33,4
7343,1,3
7344,6,3
7345,0,3
7346,5,3
7347,0,3
7348,0,3
7349,1,3
7350,0,3
7351,17,4
7352,8,2
7353,2,3
7354,7,4
7355,21,3
7356,9,4
7357,46,3
7358,0,3
7359,2,3
7360,0,3
7361,15,3
7362,23,4
7363,3,3
7364,1,3
7365,17,4
7366,5,3
7367,12,5
7368,42,4
7369,10,3
7370,18,5
7371,0,3
7372,0,3
7373,0,3
7374,0,3
7375,0,3
7376,0,3
7377,19,3
7378,2,4
7379,3,3
7380,41,4
7381,1,3
7382,0,3
7383,15,2
7384,24,5
7385,0,3
7386,27,2
7387,0,3
7388,0,3
7389,11,5
7390,12,3
7391,1,3
7392,22,5
7393,1,3
7394,0,3
7395,8,4
7396,0,3
7397,41,4
7398,0,3
7399,0,3
7400,6,3
7401,0,3
7402,24,4
7403,24,5
7404,0,3
7405,0,3
7406,0,3
7407,35,4
7408,0,3
7409,18,3
7410,23,5
7411,0,3
7412,0,3
7413,0,3
7414,6,3
7415,0,3
7416,7,4
7417,1,3
7418,10,3
7419,13,5
7420,19,5
7421,0,3
7422,0,3
7423,13,4
7424,0,3
7425,5,4
7426,7,4
7427,12,4
7428,0,3
7429,0,3
7430,1,3
7431,0,3
7432,0,3
7433,0,3
7434,41,5
7435,13,3
7436,12,3
7437,42,3
7438,2,3
7439,0,3
7440,0,3
7441,46,3
7442,3,3
7443,17,4
7444,6,4
7445,0,3
7446,4,3
7447,1,3
7448,20,5
7449,3,3
7450,12,3
7451,0,3
7452,1,3
7453,12,3
7454,0,3
7455,2,3
7456,0,3
7457,3,4
7458,6,3
7459,0,3
7460,0,3
7461,15,5
7462,0,3
7463,13,2
7464,14,3
7465,15,4
7466,0,3
7467,26,5
7468,24,5
7469,10,3
7470,1,3
7471,7,3
7472,1,3
7473,1,3
7474,0,3
7475,5,3
7476,8,3
7477,1,3
7478,1,3
7479,31,5
7480,6,3
7481,8,3
7482,59,5
7483,2,3
7484,2,3
7485,2,3
7486,4,3
7487,0,3
7488,0,3
7489,12,4
7490,10,4
7491,1,3
7492,0,3
7493,11,4
7494,3,3
7495,3,4
7496,2,3
7497,0,3
7498,1,3
7499,5,3
7500,0,3
7501,16,3
7502,7,3
7503,3,3
7504,3,3
7505,10,4
7506,0,3
7507,28,3
7508,2,3
7509,15,4
7510,0,3
7511,1,3
7512,8,5
7513,12,4
7514,11,4
7515,0,3
7516,0,3
7517,32,4
7518,0,3
7519,18,5
7520,26,3
7521,11,3
7522,1,3
7523,9,4
7524,22,3
7525,0,3
7526,180,4
7527,14,5
7528,0,3
7529,25,4
7530,0,3
7531,25,4
7532,13,4
7533,1,3
7534,13,5
7535,0,3
7536,39,5
7537,10,4
7538,0,3
7539,3,3
7540,21,6
7541,7,4
7542,65,3
7543,29,4
7544,0,3
7545,4,3
7546,54,4
7547,1,3
7548,0,3
7549,2,3
7550,0,3
7551,37,4
7552,26,5
7553,8,3
7554,2,3
7555,32,3
7556,7,4
7557,0,3
7558,0,3
7559,0,3
7560,0,3
7561,2,4
7562,2,3
7563,27,5
7564,18,5
7565,0,3
7566,0,3
7567,4,3
7568,34,6
7569,0,3
7570,41,3
7571,0,3
7572,6,3
7573,27,6
7574,0,3
7575,7,2
7576,3,3
7577,0,3
7578,0,3
7579,3,3
7580,0,3
7581,5,3
7582,0,3
7583,0,3
7584,0,3
7585,0,3
7586,0,3
7587,1,3
7588,0,3
7589,1,3
7590,17,3
7591,1,3
7592,0,3
7593,10,4
7594,5,3
7595,7,6
7596,2,3
7597,0,3
7598,10,3
7599,10,3
7600,8,4
7601,0,3
7602,0,3
7603,3,4
7604,11,3
7605,10,3
7606,0,3
7607,57,5
7608,0,3
7609,2,3
7610,6,3
7611,0,3
7612,13,4
7613,38,7
7614,0,3
7615,0,3
7616,4,4
7617,1,3
7618,1,3
7619,2,3
7620,16,3
7621,14,3
7622,3,3
7623,9,3
7624,6,4
7625,1,3
7626,0,3
7627,0,3
7628,0,3
7629,31,3
7630,47,3
7631,0,3
7632,26,4
7633,0,3
7634,26,6
7635,0,3
7636,0,3
7637,13,3
7638,0,3
7639,2,4
7640,4,3
7641,3,3
7642,0,3
7643,4,3
7644,1,3
7645,5,4
7646,0,3
7647,0,3
7648,23,5
7649,29,5
7650,0,3
7651,0,3
7652,8,3
7653,18,3
7654,8,3
7655,1,3
7656,2,3
7657,0,3
7658,0,3
7659,0,3
7660,44,5
7661,4,4
7662,0,3
7663,18,4
7664,0,3
7665,0,3
7666,6,3
7667,12,3
7668,1,3
7669,4,3
7670,31,3
7671,7,3
7672,0,3
7673,0,3
7674,5,4
7675,6,4
7676,14,6
7677,0,3
7678,82,3
7679,19,3
7680,5,4
7681,7,4
7682,0,3
7683,0,3
7684,22,3
7685,0,3
7686,12,3
7687,0,3
7688,33,2
7689,41,3
7690,0,3
7691,11,4
7692,16,3
7693,1,3
7694,0,3
7695,4,3
7696,80,3
7697,0,3
7698,1,3
7699,4,4
7700,0,3
7701,1,3
7702,0,3
7703,3,4
7704,20,4
7705,13,4
7706,13,5
7707,9,4
7708,0,3
7709,22,3
7710,1,3
7711,0,3
7712,1,3
7713,0,3
7714,0,3
7715,17,3
7716,5,4
7717,3,3
7718,8,4
7719,1,3
7720,4,3
7721,0,3
7722,10,3
7723,0,3
7724,0,3
7725,4,3
7726,12,3
7727,0,3
7728,1,3
7729,5,4
7730,3,3
7731,19,4
7732,0,3
7733,4,3
7734,0,3
7735,19,4
7736,1,3
7737,2,4
7738,0,3
7739,12,3
7740,0,3
7741,13,3
7742,0,3
7743,0,3
7744,16,4
7745,0,3
7746,0,3
7747,10,3
7748,6,3
7749,0,3
7750,0,3
7751,0,3
7752,0,3
7753,16,6
7754,14,5
7755,7,4
7756,0,3
7757,7,3
7758,1,3
7759,16,3
7760,2,3
7761,15,3
7762,0,3
7763,10,3
7764,18,3
7765,1,4
7766,0,3
7767,24,4
7768,0,3
7769,5,3
7770,16,4
7771,1,3
7772,2,3
7773,2,3
7774,25,3
7775,7,4
7776,0,3
7777,6,4
7778,16,3
7779,10,5
7780,4,3
7781,8,4
7782,2,5
7783,20,4
7784,5,3
7785,0,3
7786,15,3
7787,8,4
7788,1,3
7789,4,3
7790,13,4
7791,5,3
7792,1,3
7793,0,3
7794,15,6
7795,49,3
7796,5,3
7797,2,3
7798,1,3
7799,1,3
7800,2,3
7801,2,4
7802,7,3
7803,10,3
7804,6,3
7805,5,3
7806,4,3
7807,6,3
7808,5,3
7809,0,3
7810,0,3
7811,64,3
7812,1,3
7813,0,3
7814,16,4
7815,21,3
7816,0,3
7817,11,4
7818,9,4
7819,1,3
7820,2,3
7821,1,3
7822,23,7
7823,8,3
7824,1,3
7825,7,3
7826,0,3
7827,1,3
7828,0,3
7829,2,3
7830,1,3
7831,0,3
7832,0,3
7833,0,3
7834,14,3
7835,14,4
7836,19,6
7837,0,3
7838,2,3
7839,0,3
7840,0,3
7841,0,3
7842,0,3
7843,0,3
7844,9,5
7845,16,3
7846,6,3
7847,8,3
7848,1,3
7849,0,3
7850,0,3
7851,7,3
7852,0,3
7853,3,4
7854,7,3
7855,20,3
7856,11,4
7857,0,3
7858,11,5
7859,0,3
7860,6,3
7861,24,3
7862,11,4
7863,1,3
7864,0,3
7865,1,3
7866,0,3
7867,11,4
7868,2,3
7869,21,3
7870,11,3
7871,21,3
7872,6,4
7873,5,3
7874,13,4
7875,0,3
7876,32,6
7877,4,4
7878,11,4
7879,0,3
7880,0,3
7881,0,3
7882,5,4
7883,16,3
7884,0,3
7885,0,3
7886,19,4
7887,1,3
7888,1,3
7889,1,3
7890,10,5
7891,24,4
7892,5,3
7893,0,3
7894,62,5
7895,0,3
7896,1,3
7897,0,3
7898,13,3
7899,4,3
7900,0,3
7901,4,4
7902,0,3
7903,27,4
7904,2,3
7905,0,3
7906,17,4
7907,9,4
7908,1,3
7909,0,3
7910,0,3
7911,1,3
7912,0,3
7913,7,4
7914,0,3
7915,0,3
7916,4,3
7917,0,3
7918,0,3
7919,30,5
7920,2,4
7921,0,3
7922,10,4
7923,0,3
7924,14,6
7925,10,3
7926,4,3
7927,1,3
7928,50,3
7929,39,5
7930,23,3
7931,5,3
7932,0,3
7933,0,3
7934,0,3
7935,6,3
7936,2,3
7937,0,3
7938,9,3
7939,30,3
7940,0,3
7941,17,4
7942,0,3
7943,0,3
7944,16,4
7945,6,3
7946,0,3
7947,3,3
7948,6,3
7949,3,3
7950,0,3
7951,5,4
7952,0,3
7953,0,3
7954,35,5
7955,0,3
7956,0,3
7957,6,3
7958,0,3
7959,0,3
7960,29,5
7961,17,3
7962,3,3
7963,28,4
7964,5,4
7965,39,4
7966,11,3
7967,0,3
7968,0,3
7969,30,3
7970,0,3
7971,0,3
7972,2,3
7973,22,5
7974,1,3
7975,13,4
7976,14,4
7977,0,3
7978,1,3
7979,0,3
7980,11,3
7981,10,3
7982,0,3
7983,0,3
7984,0,3
7985,0,3
7986,7,3
7987,6,3
7988,0,3
7989,1,3
7990,0,3
7991,16,5
7992,12,4
7993,17,5
7994,11,3
7995,11,3
7996,0,3
7997,21,3
7998,4,3
7999,2,3
8000,80,3
8001,0,3
8002,1,3
8003,1,3
8004,0,3
8005,15,5
8006,32,3
8007,0,3
8008,9,3
8009,0,3
8010,25,3
8011,12,4
8012,7,4
8013,1,3
8014,14,3
8015,33,8
8016,11,4
8017,5,3
8018,9,4
8019,14,3
8020,21,4
8021,1,3
8022,3,3
8023,22,3
8024,4,3
8025,12,4
8026,13,3
8027,1,3
8028,0,3
8029,14,4
8030,10,3
8031,0,3
8032,2,3
8033,19,4
8034,21,4
8035,6,4
8036,2,3
8037,9,3
8038,72,3
8039,3,3
8040,0,3
8041,0,3
8042,0,3
8043,24,4
8044,0,3
8045,5,3
8046,0,3
8047,18,5
8048,10,3
8049,0,3
8050,10,3
8051,0,3
8052,36,5
8053,8,4
8054,0,3
8055,0,3
8056,4,3
8057,10,2
8058,22,5
8059,2,3
8060,1,3
8061,21,5
8062,0,3
8063,0,3
8064,0,3
8065,17,4
8066,10,3
8067,9,4
8068,2,3
8069,2,3
8070,1,3
8071,1,3
8072,0,3
8073,0,3
8074,12,4
8075,3,3
8076,23,4
8077,19,3
8078,1,4
8079,23,3
8080,6,3
8081,0,3
8082,0,3
8083,5,3
8084,0,3
8085,2,3
8086,0,3
8087,0,3
8088,2,2
8089,3,3
8090,0,3
8091,0,3
8092,22,2
8093,14,3
8094,27,5
8095,0,3
8096,3,2
8097,54,5
8098,6,3
8099,39,7
8100,0,3
8101,11,3
8102,5,3
8103,6,3
8104,27,4
8105,1,3
8106,20,5
8107,6,4
8108,28,4
8109,33,6
8110,0,3
8111,1,3
8112,10,3
8113,3,2
8114,0,3
8115,29,4
8116,13,4
8117,1,3
8118,0,3
8119,1,3
8120,0,3
8121,15,2
8122,35,6
8123,1,3
8124,14,2
8125,3,3
8126,9,4
8127,4,4
8128,0,3
8129,9,3
8130,0,3
8131,2,3
8132,15,4
8133,14,4
8134,4,3
8135,23,6
8136,0,3
8137,0,3
8138,0,3
8139,1,3
8140,2,3
8141,5,4
8142,13,4
8143,1,3
8144,10,4
8145,9,4
8146,6,4
8147,0,3
8148,14,6
8149,7,3
8150,0,3
8151,1,3
8152,7,3
8153,10,5
8154,10,5
8155,24,4
8156,8,3
8157,2,3
8158,54,3
8159,14,3
8160,0,3
8161,45,4
8162,0,3
8163,21,4
8164,1,3
8165,24,3
8166,3,3
8167,19,6
8168,0,3
8169,0,3
8170,0,3
8171,29,5
8172,2,3
8173,6,3
8174,14,4
8175,0,3
8176,1,3
8177,2,3
8178,3,3
8179,0,3
8180,0,3
8181,14,3
8182,5,3
8183,7,3
8184,0,3
8185,0,3
8186,7,3
8187,2,3
8188,0,3
8189,0,3
8190,0,3
8191,1,2
8192,0,3
8193,0,3
8194,13,3
8195,0,3
8196,10,3
8197,4,4
8198,16,5
8199,0,3
8200,20,5
8201,29,4
8202,11,3
8203,2,3
8204,0,3
8205,5,4
8206,15,3
8207,20,4
8208,5,3
8209,47,5
8210,9,4
8211,0,3
8212,25,5
8213,12,4
8214,0,3
8215,0,3
8216,0,3
8217,0,3
8218,18,3
8219,14,4
8220,1,3
8221,0,3
8222,0,3
8223,0,3
8224,15,5
8225,0,3
8226,6,4
8227,0,3
8228,0,3
8229,14,5
8230,20,4
8231,8,3
8232,14,4
8233,7,3
8234,0,3
8235,6,4
8236,15,4
8237,19,4
8238,15,4
8239,0,3
8240,1,3
8241,7,4
8242,20,5
8243,32,4
8244,0,3
8245,33,5
8246,24,4
8247,2,3
8248,0,3
8249,0,3
8250,14,4
8251,0,3
8252,7,4
8253,1,3
8254,0,3
8255,5,4
8256,36,3
8257,13,3
8258,0,3
8259,3,3
8260,22,4
8261,29,4
8262,0,3
8263,0,3
8264,13,3
8265,42,4
8266,17,5
8267,0,3
8268,31,5
8269,4,3
8270,9,4
8271,22,3
8272,34,5
8273,5,3
8274,0,3
8275,0,3
8276,0,3
8277,11,4
8278,6,3
8279,7,4
8280,16,3
8281,9,4
8282,5,3
8283,24,4
8284,0,3
8285,6,3
8286,3,3
8287,11,2
8288,10,4
8289,18,3
8290,12,3
8291,16,4
8292,26,4
8293,0,3
8294,26,3
8295,5,3
8296,0,3
8297,1,3
8298,0,3
8299,0,3
8300,0,3
8301,16,5
8302,3,3
8303,0,3
8304,0,3
8305,1,3
8306,5,3
8307,0,3
8308,19,5
8309,0,3
8310,0,3
8311,3,3
8312,4,3
8313,3,3
8314,0,3
8315,28,4
8316,0,3
8317,12,5
8318,28,2
8319,11,3
8320,14,4
8321,2,3
8322,35,4
8323,0,3
8324,0,3
8325,23,5
8326,5,3
8327,0,3
8328,6,3
8329,5,2
8330,17,4
8331,74,3
8332,17,5
8333,0,3
8334,1,3
8335,0,3
8336,17,3
8337,3,3
8338,18,5
8339,15,4
8340,5,3
8341,11,4
8342,8,3
8343,0,3
8344,0,3
8345,0,3
8346,20,4
8347,15,4
8348,26,3
8349,0,3
8350,8,3
8351,8,4
8352,42,4
8353,0,3
8354,11,4
8355,0,3
8356,0,3
8357,14,3
8358,0,3
8359,0,3
8360,0,3
8361,0,3
8362,10,5
8363,0,3
8364,0,3
8365,0,3
8366,20,3
8367,14,5
8368,0,3
8369,2,3
8370,0,3
8371,3,3
8372,6,3
8373,0,3
8374,0,3
8375,0,3
8376,0,3
8377,1,3
8378,0,3
8379,1,3
8380,5,4
8381,8,3
8382,0,3
8383,19,4
8384,3,3
8385,10,4
8386,2,3
8387,26,3
8388,0,3
8389,0,3
8390,0,3
8391,12,3
8392,2,3
8393,0,3
8394,0,3
8395,2,3
8396,0,3
8397,13,4
8398,6,3
8399,0,3
8400,19,3
8401,0,3
8402,0,3
8403,9,4
8404,3,3
8405,0,3
8406,5,3
8407,9,4
8408,1,3
8409,10,3
8410,0,3
8411,2,4
8412,0,3
8413,9,4
8414,0,3
8415,6,3
8416,5,3
8417,1,2
8418,1,3
8419,0,3
8420,0,3
8421,0,3
8422,0,3
8423,0,3
8424,36,4
8425,48,4
8426,0,3
8427,0,3
8428,0,3
8429,9,4
8430,0,3
8431,7,4
8432,0,3
8433,20,5
8434,0,3
8435,5,4
8436,0,3
8437,2,4
8438,1,3
8439,0,3
8440,0,3
8441,18,4
8442,39,4
8443,0,3
8444,2,3
8445,1,3
8446,0,3
8447,10,4
8448,1,3
8449,56,6
8450,34,4
8451,22,4
8452,3,3
8453,10,3
8454,20,4
8455,27,4
8456,18,3
8457,26,4
8458,13,3
8459,7,3
8460,52,3
8461,3,3
8462,15,3
8463,0,3
8464,21,4
8465,2,3
8466,0,3
8467,8,3
8468,0,3
8469,1,3
8470,7,3
8471,1,3
8472,0,3
8473,13,4
8474,13,5
8475,0,3
8476,1,3
8477,0,3
8478,0,3
8479,0,3
8480,0,3
8481,15,4
8482,10,3
8483,2,3
8484,11,3
8485,31,4
8486,40,4
8487,15,3
8488,3,3
8489,0,3
8490,0,3
8491,0,3
8492,16,3
8493,3,3
8494,0,3
8495,27,5
8496,0,3
8497,1,3
8498,0,3
8499,3,3
8500,8,3
8501,0,3
8502,2,3
8503,5,3
8504,5,4
8505,5,4
8506,16,3
8507,31,4
8508,0,3
8509,5,3
8510,22,4
8511,62,4
8512,34,4
8513,0,3
8514,0,3
8515,0,3
8516,0,3
8517,0,3
8518,10,3
8519,5,3
8520,27,3
8521,0,3
8522,38,3
8523,0,3
8524,0,3
8525,0,3
8526,35,4
8527,0,3
8528,0,3
8529,3,3
8530,0,3
8531,26,4
8532,3,3
8533,0,3
8534,7,3
8535,0,3
8536,0,3
8537,1,3
8538,0,3
8539,18,5
8540,18,3
8541,0,3
8542,5,3
8543,12,5
8544,1,3
8545,18,5
8546,2,4
8547,3,3
8548,0,3
8549,29,3
8550,14,3
8551,8,3
8552,7,4
8553,2,3
8554,0,3
8555,0,3
8556,0,3
8557,16,3
8558,40,5
8559,0,3
8560,51,4
8561,9,3
8562,0,3
8563,25,5
8564,14,3
8565,4,3
8566,22,3
8567,0,3
8568,0,3
8569,9,3
8570,0,3
8571,0,3
8572,11,3
8573,2,3
8574,4,3
8575,0,3
8576,17,4
8577,25,3
8578,16,3
8579,0,3
8580,60,3
8581,27,3
8582,36,5
8583,0,3
8584,0,3
8585,0,3
8586,0,3
8587,0,3
8588,0,3
8589,7,4
8590,0,3
8591,14,4
8592,10,3
8593,0,3
8594,0,3
8595,6,4
8596,12,4
8597,0,3
8598,6,3
8599,14,3
8600,0,3
8601,8,5
8602,0,3
8603,0,3
8604,0,3
8605,6,3
8606,0,3
8607,38,4
8608,6,4
8609,0,3
8610,11,3
8611,9,3
8612,7,3
8613,1,3
8614,0,3
8615,1,3
8616,8,4
8617,1,3
8618,6,3
8619,1,3
8620,0,3
8621,0,3
8622,0,3
8623,0,3
8624,36,4
8625,5,3
8626,1,3
8627,0,3
8628,5,3
8629,0,3
8630,92,6
8631,3,3
8632,11,4
8633,9,3
8634,0,3
8635,6,2
8636,4,3
8637,1,3
8638,10,6
8639,9,6
8640,10,3
8641,1,3
8642,1,3
8643,1,3
8644,0,3
8645,1,4
8646,2,3
8647,1,3
8648,0,3
8649,15,3
8650,6,4
8651,0,3
8652,1,3
8653,0,3
8654,0,3
8655,1,3
8656,0,3
8657,20,5
8658,0,3
8659,13,4
8660,13,3
8661,6,3
8662,13,3
8663,0,3
8664,11,3
8665,0,3
8666,6,4
8667,9,3
8668,2,3
8669,18,3
8670,13,4
8671,0,3
8672,0,3
8673,1,3
8674,11,3
8675,25,3
8676,0,3
8677,0,3
8678,0,3
8679,5,4
8680,20,3
8681,19,6
8682,48,2
8683,13,3
8684,2,3
8685,0,3
8686,20,5
8687,2,3
8688,21,4
8689,32,4
8690,0,3
8691,0,3
8692,13,4
8693,6,4
8694,10,3
8695,0,3
8696,15,3
8697,1,3
8698,16,4
8699,27,3
8700,0,3
8701,35,5
8702,0,3
8703,25,6
8704,14,4
8705,14,4
8706,13,4
8707,0,3
8708,1,3
8709,20,4
8710,1,3
8711,0,3
8712,87,4
8713,0,3
8714,0,3
8715,7,3
8716,1,3
8717,12,4
8718,0,3
8719,9,3
8720,28,5
8721,0,3
8722,1,3
8723,5,3
8724,13,3
8725,0,3
8726,20,5
8727,1,3
8728,22,4
8729,11,4
8730,0,3
8731,0,3
8732,18,4
8733,16,3
8734,0,3
8735,2,3
8736,0,3
8737,0,3
8738,10,6
8739,0,3
8740,0,3
8741,7,4
8742,0,3
8743,41,7
8744,0,3
8745,23,3
8746,2,4
8747,9,4
8748,0,3
8749,18,6
8750,1,3
8751,11,5
8752,0,3
8753,14,3
8754,17,4
8755,0,3
8756,0,3
8757,0,3
8758,0,3
8759,3,3
8760,5,3
8761,27,4
8762,0,3
8763,1,3
8764,1,3
8765,2,3
8766,0,3
8767,3,3
8768,14,4
8769,6,3
8770,18,5
8771,8,4
8772,6,3
8773,5,4
8774,0,3
8775,0,3
8776,0,3
8777,8,4
8778,30,3
8779,16,4
8780,1,3
8781,0,3
8782,22,4
8783,0,3
8784,11,4
8785,21,4
8786,3,4
8787,1,3
8788,4,3
8789,0,3
8790,0,3
8791,2,3
8792,10,4
8793,1,3
8794,4,3
8795,0,3
8796,2,3
8797,10,2
8798,0,3
8799,0,3
8800,22,4
8801,8,5
8802,0,3
8803,0,3
8804,26,5
8805,0,3
8806,0,3
8807,0,3
8808,36,3
8809,0,3
8810,0,3
8811,5,4
8812,0,3
8813,3,3
8814,0,3
8815,2,3
8816,8,4
8817,16,5
8818,5,3
8819,3,4
8820,54,3
8821,62,5
8822,0,3
8823,0,3
8824,42,5
8825,0,3
8826,8,4
8827,3,3
8828,15,3
8829,3,3
8830,0,3
8831,1,3
8832,11,4
8833,24,3
8834,22,6
8835,0,3
8836,0,3
8837,0,3
8838,26,4
8839,23,5
8840,0,3
8841,6,3
8842,0,3
8843,0,3
8844,8,4
8845,0,3
8846,23,3
8847,0,3
8848,15,3
8849,0,3
8850,0,3
8851,3,3
8852,5,5
8853,0,3
8854,0,3
8855,25,5
8856,8,3
8857,12,4
8858,2,3
8859,0,3
8860,1,3
8861,2,3
8862,8,4
8863,42,3
8864,1,3
8865,37,3
8866,23,4
8867,0,3
8868,3,4
8869,63,5
8870,31,5
8871,72,4
8872,0,3
8873,0,3
8874,1,3
8875,1,3
8876,10,3
8877,0,3
8878,15,2
8879,0,3
8880,0,3
8881,0,3
8882,0,3
8883,8,4
8884,12,3
8885,15,4
8886,14,3
8887,17,3
8888,0,3
8889,0,3
8890,0,3
8891,6,4
8892,2,3
8893,0,3
8894,0,3
8895,21,4
8896,26,4
8897,0,3
8898,31,4
8899,0,3
8900,0,3
8901,0,3
8902,0,3
8903,0,3
8904,5,3
8905,4,3
8906,12,3
8907,0,3
8908,0,3
8909,14,5
8910,7,3
8911,3,3
8912,10,4
8913,2,3
8914,67,1
8915,10,2
8916,3,3
8917,0,3
8918,12,4
8919,7,5
8920,0,3
8921,3,3
8922,2,3
8923,0,3
8924,0,3
8925,2,3
8926,40,4
8927,10,4
8928,29,4
8929,0,3
8930,0,3
8931,2,4
8932,14,4
8933,9,3
8934,2,4
8935,0,3
8936,14,4
8937,0,3
8938,20,5
8939,0,3
8940,2,3
8941,1,3
8942,0,3
8943,26,4
8944,12,5
8945,9,3
8946,10,3
8947,24,8
8948,19,4
8949,9,3
8950,24,3
8951,10,3
8952,0,3
8953,8,4
8954,4,3
8955,9,3
8956,5,4
8957,21,5
8958,11,3
8959,1,3
8960,17,3
8961,0,3
8962,0,3
8963,0,3
8964,0,3
8965,14,5
8966,34,4
8967,5,4
8968,38,4
8969,61,2
8970,0,3
8971,18,3
8972,3,3
8973,3,3
8974,0,3
8975,8,3
8976,3,3
8977,1,3
8978,0,3
8979,0,3
8980,16,3
8981,0,3
8982,12,5
8983,0,3
8984,26,3
8985,3,3
8986,0,3
8987,1,3
8988,1,3
8989,1,3
8990,1,3
8991,0,3
8992,0,3
8993,0,3
8994,3,3
8995,1,3
8996,5,3
8997,10,4
8998,0,3
8999,1,3
9000,0,3
9001,9,3
9002,8,3
9003,0,3
9004,0,3
9005,12,2
9006,0,3
9007,0,3
9008,59,6
9009,5,3
9010,0,3
9011,0,3
9012,0,3
9013,2,3
9014,19,5
9015,0,3
9016,0,3
9017,2,3
9018,0,3
9019,4,3
9020,0,3
9021,3,3
9022,4,3
9023,9,4
9024,13,4
9025,25,5
9026,0,3
9027,5,3
9028,0,3
9029,17,4
9030,1,3
9031,43,4
9032,6,2
9033,0,3
9034,9,3
9035,2,3
9036,14,5
9037,0,3
9038,0,3
9039,1,3
9040,0,3
9041,0,3
9042,1,3
9043,14,4
9044,0,3
9045,0,3
9046,17,5
9047,2,3
9048,0,3
9049,4,3
9050,0,3
9051,4,3
9052,0,3
9053,1,3
9054,40,3
9055,0,3
9056,9,6
9057,31,4
9058,21,4
9059,1,3
9060,0,3
9061,8,4
9062,0,3
9063,12,3
9064,27,2
9065,23,5
9066,30,3
9067,45,3
9068,3,3
9069,6,3
9070,13,3
9071,10,5
9072,35,4
9073,0,3
9074,0,3
9075,64,5
9076,2,3
9077,6,4
9078,0,3
9079,0,3
9080,0,3
9081,19,2
9082,3,3
9083,24,4
9084,0,3
9085,37,4
9086,45,4
9087,0,3
9088,9,5
9089,12,4
9090,0,3
9091,33,5
9092,18,3
9093,0,3
9094,3,3
9095,11,2
9096,8,4
9097,0,3
9098,84,3
9099,0,3
9100,1,3
9101,0,3
9102,0,3
9103,1,3
9104,19,4
9105,25,4
9106,42,4
9107,0,3
9108,14,4
9109,5,4
9110,0,3
9111,0,3
9112,7,4
9113,22,5
9114,0,3
9115,17,3
9116,0,3
9117,35,4
9118,0,3
9119,6,4
9120,0,3
9121,0,3
9122,1,3
9123,10,4
9124,2,3
9125,0,3
9126,0,3
9127,0,3
9128,4,3
9129,0,3
9130,24,3
9131,3,3
9132,22,3
9133,1,3
9134,2,3
9135,0,3
9136,1,3
9137,15,3
9138,22,4
9139,13,4
9140,0,3
9141,0,3
9142,0,3
9143,0,3
9144,23,7
9145,0,3
9146,0,3
9147,0,3
9148,54,7
9149,12,4
9150,0,3
9151,0,3
9152,2,3
9153,3,3
9154,0,3
9155,0,3
9156,0,3
9157,8,4
9158,0,3
9159,0,3
9160,0,3
9161,0,3
9162,0,3
9163,0,3
9164,0,3
9165,9,3
9166,0,3
9167,0,3
9168,0,3
9169,0,3
9170,0,3
9171,16,3
9172,0,3
9173,76,7
9174,1,3
9175,0,3
9176,1,3
9177,0,3
9178,6,3
9179,41,7
9180,19,4
9181,0,3
9182,22,4
9183,1,3
9184,0,3
9185,1,3
9186,1,3
9187,14,4
9188,0,3
9189,0,3
9190,9,5
9191,1,2
9192,4,3
9193,0,3
9194,19,4
9195,0,3
9196,0,3
9197,4,3
9198,8,4
9199,7,3
9200,31,5
9201,1,3
9202,4,3
9203,0,3
9204,0,3
9205,0,3
9206,2,3
9207,15,3
9208,3,3
9209,4,4
9210,0,3
9211,9,4
9212,0,3
9213,5,4
9214,6,3
9215,0,3
9216,3,3
9217,2,3
9218,0,3
9219,8,4
9220,11,4
9221,0,3
9222,2,3
9223,0,3
9224,0,3
9225,23,4
9226,2,3
9227,35,4
9228,37,4
9229,0,3
9230,8,4
9231,0,3
9232,26,6
9233,1,3
9234,0,3
9235,0,3
9236,0,3
9237,6,3
9238,23,4
9239,0,3
9240,43,4
9241,0,3
9242,37,7
9243,0,3
9244,25,4
9245,24,5
9246,22,6
9247,0,3
9248,8,2
9249,93,4
9250,51,5
9251,6,3
9252,0,3
9253,1,3
9254,6,4
9255,19,4
9256,12,4
9257,7,4
9258,17,6
9259,18,7
9260,0,3
9261,2,3
9262,0,3
9263,0,3
9264,0,3
9265,0,3
9266,1,3
9267,0,3
9268,0,3
9269,0,3
9270,3,3
9271,0,3
9272,0,3
9273,0,3
9274,0,3
9275,18,5
9276,17,8
9277,0,3
9278,0,3
9279,50,4
9280,0,3
9281,6,3
9282,6,4
9283,10,4
9284,1,3
9285,0,3
9286,12,4
9287,0,3
9288,17,4
9289,11,3
9290,0,3
9291,1,3
9292,16,6
9293,29,4
9294,31,3
9295,9,4
9296,0,3
9297,15,4
9298,1,3
9299,6,3
9300,0,3
9301,4,3
9302,0,3
9303,1,3
9304,15,5
9305,0,3
9306,0,3
9307,3,3
9308,22,4
9309,9,3
9310,1,3
9311,8,4
9312,41,3
9313,6,3
9314,2,3
9315,7,3
9316,12,4
9317,0,3
9318,0,3
9319,0,3
9320,30,5
9321,34,6
9322,0,3
9323,3,3
9324,23,3
9325,29,5
9326,4,3
9327,0,3
9328,22,3
9329,12,3
9330,0,3
9331,0,3
9332,8,3
9333,0,3
9334,2,3
9335,3,3
9336,13,2
9337,22,4
9338,0,3
9339,17,4
9340,21,4
9341,9,3
9342,35,3
9343,33,4
9344,4,3
9345,0,3
9346,9,2
9347,32,3
9348,0,3
9349,2,3
9350,18,3
9351,0,3
9352,1,3
9353,37,5
9354,0,3
9355,0,3
9356,0,3
9357,46,4
9358,27,5
9359,27,5
9360,0,3
9361,5,3
9362,0,3
9363,0,3
9364,3,3
9365,22,5
9366,1,3
9367,11,5
9368,0,3
9369,14,3
9370,0,3
9371,28,7
9372,35,3
9373,9,3
9374,2,3
9375,2,3
9376,0,3
9377,5,3
9378,0,3
9379,4,3
9380,0,3
9381,16,4
9382,2,3
9383,1,3
9384,26,7
9385,0,3
9386,19,3
9387,11,4
9388,13,3
9389,2,3
9390,19,4
9391,4,3
9392,3,4
9393,29,3
9394,0,3
9395,5,3
9396,21,4
9397,0,3
9398,3,4
9399,0,3
9400,0,3
9401,11,4
9402,14,5
9403,1,3
9404,6,3
9405,14,5
9406,27,3
9407,0,3
9408,1,3
9409,23,5
9410,10,3
9411,7,5
9412,28,4
9413,0,3
9414,15,4
9415,0,3
9416,4,3
9417,17,4
9418,0,3
9419,0,3
9420,0,3
9421,0,3
9422,0,3
9423,2,3
9424,0,3
9425,0,3
9426,3,3
9427,9,3
9428,17,3
9429,3,3
9430,0,3
9431,3,3
9432,1,3
9433,38,4
9434,8,5
9435,0,3
9436,0,3
9437,26,4
9438,27,5
9439,11,4
9440,42,10
9441,23,4
9442,0,3
9443,6,4
9444,1,3
9445,0,3
9446,13,3
9447,0,3
9448,2,3
9449,3,3
9450,0,3
9451,0,3
9452,10,4
9453,0,3
9454,0,3
9455,27,3
9456,14,3
9457,0,3
9458,0,3
9459,0,3
9460,0,3
9461,11,4
9462,20,3
9463,44,4
9464,9,4
9465,4,4
9466,21,6
9467,20,5
9468,0,3
9469,12,3
9470,0,3
9471,0,3
9472,28,3
9473,7,4
9474,28,5
9475,0,3
9476,20,7
9477,23,4
9478,1,3
9479,9,4
9480,1,2
9481,1,3
9482,0,3
9483,0,3
9484,8,4
9485,37,4
9486,0,3
9487,0,3
9488,0,3
9489,1,3
9490,6,3
9491,0,3
9492,0,3
9493,0,3
9494,0,3
9495,5,3
9496,9,3
9497,41,3
9498,5,3
9499,5,3
9500,1,3
9501,0,3
9502,0,3
9503,6,4
9504,2,4
9505,19,3
9506,1,3
9507,0,3
9508,33,4
9509,9,4
9510,0,3
9511,0,3
9512,1,3
9513,0,3
9514,8,3
9515,29,3
9516,0,3
9517,3,3
9518,0,3
9519,11,4
9520,3,3
9521,8,3
9522,28,4
9523,5,3
9524,48,5
9525,34,4
9526,21,6
9527,4,3
9528,21,5
9529,4,3
9530,19,3
9531,9,3
9532,0,3
9533,7,3
9534,5,3
9535,0,3
9536,0,3
9537,14,4
9538,9,4
9539,0,3
9540,0,3
9541,24,3
9542,0,3
9543,35,7
9544,0,3
9545,16,4
9546,4,4
9547,7,3
9548,0,3
9549,0,3
9550,2,3
9551,0,3
9552,3,3
9553,1,3
9554,0,3
9555,3,3
9556,35,4
9557,41,4
9558,4,3
9559,0,3
9560,0,3
9561,38,3
9562,15,3
9563,1,4
9564,38,6
9565,27,5
9566,16,4
9567,0,3
9568,0,3
9569,0,3
9570,11,4
9571,0,3
9572,14,3
9573,18,3
9574,20,3
9575,1,3
9576,19,6
9577,0,3
9578,6,3
9579,32,4
9580,0,3
9581,19,4
9582,8,3
9583,52,4
9584,8,3
9585,43,4
9586,17,3
9587,0,3
9588,2,3
9589,0,3
9590,5,4
9591,39,5
9592,0,3
9593,13,3
9594,12,4
9595,10,4
9596,1,4
9597,4,3
9598,11,4
9599,7,4
9600,14,4
9601,5,3
9602,2,3
9603,17,5
9604,15,3
9605,12,4
9606,0,3
9607,2,3
9608,0,3
9609,0,3
9610,0,3
9611,1,3
9612,4,3
9613,7,4
9614,0,3
9615,1,3
9616,13,5
9617,2,3
9618,0,3
9619,26,3
9620,21,4
9621,0,3
9622,11,3
9623,0,3
9624,8,4
9625,36,4
9626,19,6
9627,0,3
9628,17,2
9629,30,4
9630,0,3
9631,0,3
9632,4,3
9633,0,3
9634,15,5
9635,0,3
9636,6,3
9637,0,3
9638,19,4
9639,29,6
9640,21,3
9641,9,3
9642,19,4
9643,29,4
9644,9,3
9645,24,4
9646,27,4
9647,3,3
9648,0,3
9649,7,3
9650,10,4
9651,5,4
9652,0,3
9653,13,3
9654,9,4
9655,19,6
9656,7,3
9657,8,5
9658,0,3
9659,4,3
9660,1,3
9661,4,3
9662,0,3
9663,10,3
9664,0,3
9665,2,3
9666,2,3
9667,0,3
9668,12,2
9669,3,3
9670,7,3
9671,3,3
9672,5,3
9673,1,3
9674,0,3
9675,9,3
9676,33,3
9677,0,3
9678,11,5
9679,0,3
9680,2,3
9681,9,3
9682,26,3
9683,2,3
9684,0,3
9685,13,5
9686,31,4
9687,4,4
9688,1,3
9689,0,3
9690,29,4
9691,0,3
9692,1,3
9693,25,4
9694,24,5
9695,16,4
9696,1,3
9697,0,3
9698,0,3
9699,14,3
9700,11,4
9701,0,3
9702,0,3
9703,2,3
9704,14,4
9705,19,4
9706,12,5
9707,38,3
9708,1,3
9709,12,4
9710,2,3
9711,0,3
9712,0,3
9713,0,3
9714,1,3
9715,0,3
9716,20,4
9717,1,3
9718,27,3
9719,5,4
9720,9,4
9721,0,3
9722,0,3
9723,21,8
9724,30,6
9725,4,3
9726,9,5
9727,19,4
9728,0,3
9729,0,3
9730,5,3
9731,0,3
9732,0,3
9733,11,4
9734,33,4
9735,4,4
9736,17,6
9737,1,3
9738,0,3
9739,8,3
9740,4,3
9741,12,4
9742,0,3
9743,0,3
9744,8,4
9745,1,3
9746,2,3
9747,27,3
9748,0,3
9749,0,3
9750,4,3
9751,0,3
9752,2,3
9753,3,3
9754,11,3
9755,1,3
9756,16,4
9757,7,3
9758,0,3
9759,19,4
9760,9,3
9761,14,3
9762,6,4
9763,40,6
9764,0,3
9765,13,4
9766,0,3
9767,9,4
9768,40,3
9769,22,5
9770,9,3
9771,0,3
9772,9,3
9773,5,3
9774,9,3
9775,1,3
9776,17,2
9777,14,4
9778,0,3
9779,11,5
9780,17,2
9781,19,5
9782,23,4
9783,0,3
9784,0,3
9785,17,6
9786,3,3
9787,11,4
9788,51,3
9789,0,3
9790,18,4
9791,3,4
9792,16,5
9793,0,3
9794,7,3
9795,0,3
9796,7,4
9797,16,5
9798,0,3
9799,0,3
9800,0,3
9801,0,3
9802,0,3
9803,0,3
9804,33,3
9805,7,4
9806,27,4
9807,1,3
9808,2,3
9809,0,3
9810,4,3
9811,0,3
9812,0,3
9813,7,3
9814,1,3
9815,2,3
9816,0,3
9817,15,3
9818,4,3
9819,1,3
9820,0,3
9821,6,4
9822,0,3
9823,0,3
9824,0,3
9825,6,2
9826,0,3
9827,0,3
9828,27,3
9829,12,4
9830,0,3
9831,51,3
9832,0,3
9833,12,3
9834,1,3
9835,11,3
9836,17,2
9837,27,4
9838,15,3
9839,41,3
9840,28,3
9841,1,3
9842,16,3
9843,0,3
9844,0,3
9845,11,3
9846,0,3
9847,23,7
9848,5,3
9849,0,3
9850,0,3
9851,25,5
9852,45,5
9853,0,3
9854,4,3
9855,9,3
9856,1,3
9857,0,3
9858,11,3
9859,11,3
9860,15,3
9861,0,3
9862,0,3
9863,0,3
9864,2,3
9865,58,5
9866,5,3
9867,1,3
9868,0,3
9869,0,3
9870,42,2
9871,0,3
9872,14,5
9873,0,3
9874,13,5
9875,13,3
9876,0,3
9877,0,3
9878,7,3
9879,0,3
9880,2,3
9881,7,3
9882,8,3
9883,13,5
9884,0,3
9885,33,3
9886,19,5
9887,2,3
9888,40,6
9889,0,3
9890,0,3
9891,36,6
9892,37,3
9893,17,3
9894,15,6
9895,27,3
9896,15,4
9897,14,3
9898,79,3
9899,1,3
9900,40,6
9901,22,4
9902,4,2
9903,0,3
9904,17,4
9905,8,4
9906,87,6
9907,0,3
9908,3,3
9909,11,4
9910,0,3
9911,1,3
9912,0,3
9913,10,5
9914,0,3
9915,0,3
9916,0,3
9917,0,3
9918,0,3
9919,0,3
9920,7,4
9921,4,3
9922,0,3
9923,0,3
9924,0,3
9925,11,5
9926,7,4
9927,17,4
9928,0,3
9929,13,4
9930,0,3
9931,0,3
9932,14,4
9933,19,3
9934,13,5
9935,0,3
9936,6,3
9937,17,4
9938,0,3
9939,7,3
9940,0,3
9941,4,4
9942,24,5
9943,0,3
9944,9,4
9945,29,4
9946,31,4
9947,4,4
9948,0,3
9949,6,4
9950,1,3
9951,5,3
9952,3,3
9953,1,3
9954,7,4
9955,28,4
9956,46,3
9957,8,4
9958,0,3
9959,30,3
9960,6,4
9961,1,3
9962,11,3
9963,0,3
9964,4,3
9965,0,3
9966,2,3
9967,12,3
9968,0,3
9969,0,3
9970,20,6
9971,0,3
9972,9,3
9973,38,3
9974,8,4
9975,38,3
9976,1,3
9977,20,4
9978,17,4
9979,1,3
9980,29,5
9981,0,3
9982,14,2
9983,27,5
9984,0,3
9985,0,3
9986,0,3
9987,21,5
9988,2,3
9989,0,3
9990,2,3
9991,11,4
9992,39,5
9993,15,4
9994,13,5
9995,12,7
9996,11,4
9997,8,3
9998,0,3
9999,0,3
10000,15,3
10001,7,4
10002,13,5
10003,0,3
10004,0,3
10005,5,3
10006,0,3
10007,0,3
10008,19,5
10009,14,3
10010,0,3
10011,0,3
10012,5,3
10013,10,4
10014,0,3
10015,0,3
10016,31,6
10017,0,3
10018,22,4
10019,0,3
10020,6,4
10021,0,3
10022,29,5
10023,0,3
10024,0,3
10025,0,3
10026,9,3
10027,0,3
10028,12,5
10029,11,4
10030,24,4
10031,8,4
10032,0,3
10033,2,3
10034,0,3
10035,0,3
10036,0,3
10037,0,3
10038,7,3
10039,22,4
10040,31,5
10041,0,3
10042,0,3
10043,0,3
10044,7,3
10045,0,3
10046,9,3
10047,2,3
10048,12,3
10049,0,3
10050,11,4
10051,13,5
10052,12,3
10053,19,4
10054,19,6
10055,0,3
10056,0,3
10057,14,4
10058,10,5
10059,12,3
10060,0,3
10061,5,3
10062,2,3
10063,5,4
10064,4,3
10065,57,1
10066,1,3
10067,0,3
10068,13,3
10069,0,3
10070,2,3
10071,0,3
10072,13,3
10073,0,3
10074,23,3
10075,20,5
10076,0,3
10077,11,3
10078,3,3
10079,0,3
10080,25,4
10081,4,3
10082,14,4
10083,0,3
10084,17,4
10085,0,3
10086,18,6
10087,7,3
10088,9,5
10089,26,2
10090,18,4
10091,27,3
10092,6,3
10093,0,3
10094,2,3
10095,13,3
10096,26,4
10097,26,4
10098,0,3
10099,15,4
10100,17,4
10101,12,4
10102,6,4
10103,7,4
10104,20,3
10105,16,3
10106,18,4
10107,0,3
10108,0,3
10109,1,3
10110,0,3
10111,0,3
10112,0,3
10113,0,3
10114,7,3
10115,28,4
10116,0,3
10117,0,3
10118,8,3
10119,0,3
10120,41,4
10121,11,4
10122,33,6
10123,6,4
10124,0,3
10125,1,3
10126,4,4
10127,0,3
10128,1,3
10129,8,3
10130,0,3
10131,6,4
10132,26,6
10133,1,3
10134,15,3
10135,13,5
10136,28,4
10137,16,4
10138,20,4
10139,0,3
10140,7,4
10141,0,3
10142,0,3
10143,0,3
10144,10,3
10145,40,5
10146,0,3
10147,4,4
10148,9,3
10149,7,3
10150,0,3
10151,0,3
10152,0,3
10153,14,4
10154,8,4
10155,42,6
10156,1,3
10157,1,3
10158,0,3
10159,11,4
10160,12,4
10161,8,3
10162,7,4
10163,15,3
10164,14,4
10165,11,7
10166,0,3
10167,0,3
10168,1,3
10169,21,4
10170,25,4
10171,5,4
10172,0,3
10173,3,3
10174,4,3
10175,0,3
10176,0,3
10177,0,3
10178,0,3
10179,1,3
10180,21,4
10181,0,3
10182,0,3
10183,2,3
10184,22,4
10185,29,3
10186,4,3
10187,0,3
10188,37,4
10189,9,3
10190,2,3
10191,4,3
10192,0,3
10193,0,3
10194,0,3
10195,13,4
10196,3,3
10197,0,3
10198,0,3
10199,0,3
10200,3,3
10201,0,3
10202,6,3
10203,33,5
10204,7,3
10205,1,3
10206,7,3
10207,0,3
10208,15,3
10209,0,3
10210,0,3
10211,9,3
10212,0,3
10213,4,3
10214,32,3
10215,2,3
10216,17,4
10217,10,4
10218,19,4
10219,0,3
10220,15,7
10221,22,4
10222,30,5
10223,0,3
10224,3,4
10225,50,7
10226,14,3
10227,2,4
10228,0,3
10229,0,3
10230,0,3
10231,0,3
10232,39,7
10233,39,5
10234,22,3
10235,0,3
10236,23,5
10237,14,3
10238,0,3
10239,25,3
10240,0,3
10241,0,3
10242,5,4
10243,0,3
10244,27,3
10245,0,3
10246,0,3
10247,0,3
10248,22,6
10249,0,3
10250,51,5
10251,11,3
10252,0,3
10253,35,6
10254,10,4
10255,34,7
10256,0,3
10257,0,3
10258,11,3
10259,0,3
10260,13,3
10261,0,3
10262,2,3
10263,4,3
10264,11,4
10265,16,3
10266,8,3
10267,12,3
10268,32,4
10269,0,3
10270,0,3
10271,13,2
10272,0,3
10273,28,5
10274,18,4
10275,5,4
10276,2,3
10277,41,5
10278,32,3
10279,0,3
10280,16,4
10281,6,6
10282,1,3
10283,4,3
10284,0,3
10285,8,4
10286,8,4
10287,0,3
10288,11,4
10289,0,3
10290,29,5
10291,0,3
10292,17,7
10293,10,3
10294,9,3
10295,1,3
10296,24,3
10297,15,5
10298,14,3
10299,0,3
10300,1,3
10301,16,6
10302,0,3
10303,0,3
10304,0,3
10305,13,3
10306,0,3
10307,6,3
10308,7,4
10309,12,3
10310,27,4
10311,0,3
10312,0,3
10313,12,3
10314,46,6
10315,7,3
10316,11,4
10317,12,5
10318,0,3
10319,37,7
10320,18,5
10321,0,3
10322,1,3
10323,29,4
10324,0,3
10325,35,5
10326,0,3
10327,0,3
10328,4,3
10329,2,3
10330,0,3
10331,22,6
10332,0,3
10333,0,3
10334,34,5
10335,27,4
10336,0,3
10337,0,3
10338,12,3
10339,0,3
10340,11,4
10341,7,4
10342,5,3
10343,16,4
10344,0,3
10345,0,3
10346,0,3
10347,9,4
10348,11,3
10349,20,6
10350,0,3
10351,19,3
10352,7,5
10353,12,3
10354,17,5
10355,18,4
10356,21,3
10357,43,3
10358,0,3
10359,0,3
10360,0,3
10361,0,3
10362,5,3
10363,12,5
10364,0,3
10365,18,3
10366,1,3
10367,8,3
10368,0,3
10369,10,3
10370,6,4
10371,1,3
10372,0,3
10373,15,4
10374,4,3
10375,9,4
10376,18,5
10377,8,3
10378,0,3
10379,0,3
10380,8,3
10381,0,3
10382,35,4
10383,10,4
10384,10,4
10385,3,3
10386,11,4
10387,17,4
10388,0,3
10389,14,3
10390,19,5
10391,16,4
10392,31,5
10393,10,5
10394,4,3
10395,8,5
10396,0,3
10397,14,3
10398,27,5
10399,27,5
10400,0,3
10401,6,4
10402,0,3
10403,5,3
10404,0,3
10405,24,3
10406,1,3
10407,13,3
10408,0,3
10409,22,4
10410,35,7
10411,0,3
10412,0,3
10413,0,3
10414,39,6
10415,1,3
10416,23,4
10417,3,3
10418,18,5
10419,1,3
10420,6,3
10421,0,3
10422,10,3
10423,0,3
10424,2,3
10425,0,3
10426,17,3
10427,0,3
10428,1,3
10429,4,4
10430,0,3
10431,1,3
10432,0,3
10433,0,3
10434,18,5
10435,24,4
10436,43,4
10437,0,3
10438,5,4
10439,33,5
10440,0,3
10441,18,5
10442,12,4
10443,1,3
10444,12,3
10445,4,3
10446,0,3
10447,13,5
10448,0,3
10449,17,3
10450,0,3
10451,20,4
10452,9,4
10453,0,3
10454,0,3
10455,1,3
10456,9,5
10457,0,3
10458,1,3
10459,17,4
10460,0,3
10461,13,5
10462,0,3
10463,0,3
10464,6,3
10465,0,3
10466,3,2
10467,0,3
10468,2,3
10469,17,3
10470,14,3
10471,9,4
10472,1,3
10473,0,3
10474,34,6
10475,10,3
10476,0,3
10477,17,5
10478,0,3
10479,15,3
10480,15,4
10481,18,3
10482,0,3
10483,14,4
10484,17,4
10485,4,3
10486,18,3
10487,0,3
10488,0,3
10489,8,3
10490,0,3
10491,21,5
10492,6,3
10493,0,3
10494,0,3
10495,3,3
10496,0,3
10497,0,3
10498,1,3
10499,0,3
10500,6,3
10501,6,3
10502,8,4
10503,25,5
10504,58,4
10505,9,3
10506,29,3
10507,10,4
10508,14,4
10509,6,3
10510,0,3
10511,15,4
10512,4,3
10513,0,3
10514,0,3
10515,0,3
10516,0,3
10517,10,4
10518,9,3
10519,9,4
10520,21,4
10521,0,3
10522,24,4
10523,0,3
10524,19,3
10525,0,3
10526,2,3
10527,0,3
10528,0,3
10529,29,8
10530,0,3
10531,0,3
10532,33,6
10533,0,3
10534,0,3
10535,21,3
10536,25,4
10537,41,6
10538,28,5
10539,15,4
10540,0,3
10541,7,3
10542,0,3
10543,16,3
10544,13,4
10545,0,3
10546,0,3
10547,0,3
10548,24,4
10549,9,3
10550,1,3
10551,0,3
10552,0,3
10553,1,3
10554,12,3
10555,9,4
10556,0,3
10557,51,4
10558,18,6
10559,27,5
10560,0,3
10561,20,5
10562,15,4
10563,85,4
10564,65,3
10565,9,5
10566,0,3
10567,0,3
10568,24,3
10569,0,3
10570,0,3
10571,9,3
10572,3,3
10573,24,4
10574,10,4
10575,17,5
10576,28,4
10577,38,6
10578,0,3
10579,0,3
10580,0,3
10581,25,5
10582,0,3
10583,18,5
10584,0,3
10585,0,3
10586,36,5
10587,0,3
10588,21,4
10589,3,3
10590,9,4
10591,37,6
10592,7,3
10593,33,4
10594,1,3
10595,13,4
10596,18,5
10597,0,3
10598,10,3
10599,3,3
10600,4,3
10601,24,4
10602,0,3
10603,17,5
10604,3,3
10605,8,4
10606,0,3
10607,29,4
10608,14,3
10609,3,3
10610,3,3
10611,0,3
10612,0,3
10613,13,4
10614,13,4
10615,5,3
10616,5,2
10617,36,3
10618,0,3
10619,3,3
10620,15,5
10621,0,3
10622,5,3
10623,0,3
10624,25,3
10625,25,4
10626,70,5
10627,47,3
10628,1,3
10629,5,3
10630,12,3
10631,16,3
10632,0,3
10633,0,3
10634,1,3
10635,0,3
10636,4,4
10637,0,3
10638,4,3
10639,5,4
10640,7,6
10641,12,3
10642,0,3
10643,1,3
10644,6,4
10645,0,3
10646,47,5
10647,4,3
10648,2,3
10649,0,3
10650,32,6
10651,0,3
10652,0,3
10653,0,3
10654,0,3
10655,0,3
10656,3,3
10657,6,3
10658,20,4
10659,24,4
10660,13,4
10661,7,4
10662,0,3
10663,40,4
10664,30,6
10665,14,4
10666,3,3
10667,1,3
10668,22,5
10669,36,5
10670,1,3
10671,15,4
10672,12,4
10673,29,7
10674,0,3
10675,16,4
10676,4,3
10677,6,4
10678,0,3
10679,5,4
10680,0,3
10681,0,3
10682,0,3
10683,7,4
10684,7,3
10685,0,3
10686,13,6
10687,0,3
10688,30,4
10689,37,4
10690,4,3
10691,0,3
10692,0,3
10693,0,3
10694,9,3
10695,38,6
10696,1,3
10697,9,3
10698,30,5
10699,12,3
10700,1,3
10701,3,3
10702,0,3
10703,0,3
10704,6,3
10705,0,3
10706,0,3
10707,2,3
10708,31,4
10709,8,4
10710,30,5
10711,2,3
10712,1,3
10713,4,2
10714,8,3
10715,3,4
10716,1,3
10717,33,4
10718,18,5
10719,22,3
10720,37,4
10721,18,4
10722,0,3
10723,33,2
10724,0,3
10725,27,6
10726,0,3
10727,16,4
10728,4,3
10729,5,4
10730,7,3
10731,0,3
10732,23,5
10733,4,3
10734,3,4
10735,22,5
10736,9,4
10737,14,4
10738,0,3
10739,27,5
10740,37,4
10741,16,4
10742,0,3
10743,0,3
10744,23,4
10745,0,3
10746,23,6
10747,2,3
10748,59,3
10749,6,3
10750,1,3
10751,6,3
10752,25,5
10753,4,3
10754,0,3
10755,23,6
10756,0,3
10757,0,3
10758,16,6
10759,0,3
10760,21,4
10761,12,4
10762,6,4
10763,24,4
10764,7,4
10765,29,5
10766,11,5
10767,34,4
10768,0,3
10769,3,3
10770,0,3
10771,3,3
10772,10,3
10773,0,3
10774,7,3
10775,0,3
10776,0,3
10777,0,3
10778,0,3
10779,4,3
10780,0,3
10781,2,4
10782,25,4
10783,7,3
10784,35,4
10785,0,3
10786,1,3
10787,33,5
10788,0,3
10789,0,3
10790,67,4
10791,20,4
10792,19,4
10793,25,5
10794,23,4
10795,0,3
10796,0,3
10797,7,4
10798,0,3
10799,20,5
10800,0,3
10801,9,4
10802,0,3
10803,21,4
10804,0,3
10805,15,3
10806,13,4
10807,0,3
10808,8,4
10809,28,4
10810,15,3
10811,12,4
10812,19,4
10813,5,4
10814,0,3
10815,4,3
10816,5,3
10817,0,3
10818,11,4
10819,24,4
10820,0,3
10821,21,7
10822,19,5
10823,19,6
10824,26,4
10825,13,4
10826,0,3
10827,51,4
10828,0,3
10829,39,6
10830,7,4
10831,4,3
10832,1,3
10833,0,3
10834,0,3
10835,0,3
10836,43,7
10837,0,3
10838,42,6
10839,8,4
10840,0,3
10841,1,3
10842,2,3
10843,11,4
10844,0,3
10845,2,3
10846,0,3
10847,0,3
10848,21,5
10849,0,3
10850,0,3
10851,1,3
10852,0,3
10853,26,4
10854,3,3
10855,0,3
10856,0,3
10857,3,3
10858,6,4
10859,46,6
10860,0,3
10861,0,3
10862,7,4
10863,6,4
10864,0,3
10865,2,3
10866,60,6
10867,5,4
10868,4,3
10869,34,8
10870,0,3
10871,0,3
10872,6,3
10873,27,4
10874,2,3
10875,2,3
10876,18,4
10877,28,4
10878,0,3
10879,0,3
10880,2,3
10881,0,3
10882,1,3
10883,31,3
10884,18,4
10885,11,4
10886,21,5
10887,47,6
10888,1,3
10889,0,3
10890,1,3
10891,0,3
10892,2,3
10893,0,3
10894,0,3
10895,0,3
10896,9,4
10897,48,7
10898,21,6
10899,9,4
10900,14,2
10901,0,3
10902,0,3
10903,1,3
10904,0,3
10905,0,3
10906,3,3
10907,8,3
10908,11,4
10909,3,3
10910,0,3
10911,3,3
10912,7,4
10913,0,3
10914,7,4
10915,0,3
10916,6,3
10917,50,6
10918,0,3
10919,18,4
10920,0,3
10921,3,3
10922,0,3
10923,0,3
10924,0,3
10925,0,3
10926,3,3
10927,3,4
10928,11,4
10929,32,4
10930,13,4
10931,0,3
10932,7,4
10933,0,3
10934,4,3
10935,1,3
10936,20,3
10937,13,4
10938,6,3
10939,0,3
10940,0,3
10941,0,3
10942,0,3
10943,17,4
10944,0,3
10945,28,3
10946,0,3
10947,12,4
10948,47,5
10949,0,3
10950,20,6
10951,0,3
10952,32,4
10953,0,3
10954,0,3
10955,0,3
10956,28,6
10957,0,3
10958,0,3
10959,76,4
10960,8,3
10961,11,3
10962,10,3
10963,0,3
10964,0,3
10965,0,3
10966,0,3
10967,0,3
10968,4,3
10969,7,5
10970,0,3
10971,0,3
10972,0,3
10973,3,4
10974,42,3
10975,2,4
10976,10,3
10977,17,4
10978,0,3
10979,0,3
10980,25,5
10981,1,3
10982,0,3
10983,0,3
10984,10,4
10985,0,3
10986,5,3
10987,6,4
10988,16,6
10989,9,3
10990,12,3
10991,30,4
10992,26,4
10993,68,3
10994,9,2
10995,4,3
10996,1,3
10997,0,3
10998,0,3
10999,1,3
11000,0,3
11001,64,6
11002,11,3
11003,0,3
11004,0,3
11005,19,5
11006,11,3
11007,33,5
11008,0,3
11009,106,3
11010,34,2
11011,53,7
11012,5,3
11013,37,4
11014,0,3
11015,9,3
11016,0,3
11017,0,3
11018,0,3
11019,8,4
11020,17,2
11021,15,5
11022,7,4
11023,0,3
11024,24,6
11025,0,3
11026,1,3
11027,0,3
11028,0,3
11029,0,3
11030,1,3
11031,99,5
11032,1,3
11033,0,3
11034,22,4
11035,10,3
11036,43,8
11037,19,3
11038,6,4
11039,0,3
11040,5,3
11041,0,3
11042,22,3
11043,67,4
11044,0,3
11045,61,5
11046,0,3
11047,18,5
11048,0,3
11049,0,3
11050,5,4
11051,0,3
11052,4,4
11053,1,3
11054,0,3
11055,10,3
11056,25,4
11057,34,6
11058,0,3
11059,0,3
11060,0,3
11061,31,5
11062,1,3
11063,21,4
11064,2,3
11065,36,5
11066,26,6
11067,2,3
11068,7,4
11069,0,3
11070,0,3
11071,13,3
11072,6,4
11073,22,3
11074,0,3
11075,0,3
11076,20,5
11077,30,5
11078,0,3
11079,21,4
11080,0,3
11081,8,3
11082,1,3
11083,7,3
11084,36,6
11085,21,5
11086,31,4
11087,0,3
11088,0,3
11089,4,3
11090,3,3
11091,29,2
11092,0,3
11093,6,3
11094,7,4
11095,5,3
11096,41,4
11097,21,4
11098,0,3
11099,29,5
11100,2,3
11101,17,3
11102,3,4
11103,9,5
11104,8,4
11105,22,6
11106,10,3
11107,22,4
11108,0,3
11109,2,3
11110,11,4
11111,2,3
11112,0,3
11113,11,3
11114,40,6
11115,1,3
11116,7,3
11117,0,3
11118,19,3
11119,18,5
11120,21,6
11121,0,3
11122,0,3
11123,2,3
11124,0,3
11125,0,3
11126,4,3
11127,18,4
11128,0,3
11129,9,3
11130,0,3
11131,2,3
11132,5,5
11133,15,4
11134,4,4
11135,30,7
11136,3,3
11137,5,4
11138,0,3
11139,11,4
11140,15,4
11141,1,3
11142,0,3
11143,0,3
11144,3,3
11145,6,3
11146,13,4
11147,0,3
11148,0,3
11149,29,4
11150,7,5
11151,2,3
11152,38,4
11153,2,3
11154,0,3
11155,0,3
11156,0,3
11157,7,4
11158,45,7
11159,0,3
11160,10,3
11161,0,3
11162,0,3
11163,10,3
11164,0,3
11165,3,3
11166,18,5
11167,15,4
11168,0,3
11169,29,5
11170,0,3
11171,26,5
11172,2,3
11173,0,3
11174,0,3
11175,18,4
11176,0,3
11177,45,4
11178,0,3
11179,5,4
11180,1,3
11181,7,6
11182,0,3
11183,39,4
11184,20,4
11185,11,3
11186,49,8
11187,23,5
11188,18,6
11189,0,3
11190,0,3
11191,0,3
11192,0,3
11193,5,3
11194,0,3
11195,0,3
11196,0,3
11197,0,3
11198,2,3
11199,1,3
11200,0,3
11201,21,5
11202,26,8
11203,6,4
11204,0,3
11205,24,5
11206,0,3
11207,5,3
11208,0,3
11209,1,3
11210,15,2
11211,0,3
11212,0,3
11213,0,3
11214,0,3
11215,2,3
11216,0,3
11217,0,3
11218,1,3
11219,0,3
11220,7,3
11221,3,3
11222,4,2
11223,0,3
11224,0,3
11225,0,3
11226,25,4
11227,70,10
11228,0,3
11229,5,4
11230,0,3
11231,0,3
11232,15,3
11233,24,6
11234,4,3
11235,11,5
11236,0,3
11237,0,3
11238,16,5
11239,22,5
11240,0,3
11241,2,3
11242,57,3
11243,0,3
11244,33,5
11245,31,4
11246,0,3
11247,29,4
11248,7,2
11249,0,3
11250,0,3
11251,38,8
11252,2,2
11253,0,3
11254,12,3
11255,32,5
11256,0,3
11257,0,3
11258,0,3
11259,38,3
11260,0,3
11261,83,7
11262,0,3
11263,20,4
11264,24,7
11265,29,5
11266,34,5
11267,7,3
11268,10,4
11269,0,3
11270,24,4
11271,15,5
11272,3,3
11273,5,4
11274,16,4
11275,9,3
11276,28,6
11277,0,3
11278,9,3
11279,26,3
11280,0,3
11281,2,3
11282,0,3
11283,0,3
11284,30,4
11285,0,3
11286,0,3
11287,0,3
11288,12,3
11289,11,3
11290,2,3
11291,36,5
11292,1,3
11293,22,3
11294,1,3
11295,22,4
11296,0,3
11297,0,3
11298,31,6
11299,15,4
11300,0,3
11301,20,5
11302,1,3
11303,15,5
11304,22,4
11305,0,3
11306,0,3
11307,6,3
11308,4,5
11309,40,5
11310,14,3
11311,16,4
11312,1,3
11313,20,3
11314,73,3
11315,3,3
11316,0,3
11317,3,4
11318,17,4
11319,3,3
11320,9,4
11321,10,3
11322,15,3
11323,0,3
11324,19,3
11325,0,3
11326,19,5
11327,0,3
11328,5,3
11329,0,3
11330,36,4
11331,0,3
11332,0,3
11333,1,3
11334,14,4
11335,23,7
11336,19,3
11337,24,4
11338,22,2
11339,27,5
11340,13,3
11341,15,3
11342,54,5
11343,7,4
11344,4,3
11345,7,3
11346,1,3
11347,0,3
11348,32,4
11349,24,4
11350,0,3
11351,7,3
11352,29,3
11353,3,3
11354,34,5
11355,0,3
11356,26,5
11357,1,3
11358,8,4
11359,0,3
11360,0,3
11361,15,3
11362,20,4
11363,0,3
11364,2,3
11365,41,4
11366,0,3
11367,15,4
11368,0,3
11369,17,5
11370,9,3
11371,5,3
11372,3,4
11373,3,4
11374,23,3
11375,0,3
11376,0,3
11377,3,3
11378,6,4
11379,11,3
11380,20,5
11381,6,4
11382,0,3
11383,2,3
11384,0,3
11385,0,3
11386,0,3
11387,4,3
11388,7,2
11389,44,3
11390,4,4
11391,1,3
11392,35,7
11393,0,3
11394,0,3
11395,7,3
11396,16,4
11397,0,3
11398,17,4
11399,0,3
11400,0,3
11401,12,3
11402,15,4
11403,13,5
11404,27,4
11405,4,3
11406,0,3
11407,0,3
11408,0,3
11409,9,4
11410,0,3
11411,8,3
11412,0,3
11413,0,3
11414,0,3
11415,0,3
11416,16,3
11417,0,3
11418,0,3
11419,21,6
11420,0,3
11421,0,3
11422,9,3
11423,45,3
11424,27,2
11425,0,3
11426,15,3
11427,0,3
11428,22,5
11429,0,3
11430,0,3
11431,25,5
11432,9,3
11433,2,3
11434,0,3
11435,6,4
11436,24,5
11437,13,6
11438,4,3
11439,1,3
11440,25,4
11441,2,4
11442,12,3
11443,5,3
11444,16,2
11445,21,4
11446,11,3
11447,5,4
11448,19,5
11449,0,3
11450,0,3
11451,0,3
11452,37,7
11453,0,3
11454,19,3
11455,22,4
11456,6,2
11457,0,3
11458,6,4
11459,3,3
11460,0,3
11461,15,3
11462,0,3
11463,21,5
11464,0,3
11465,1,3
11466,0,3
11467,9,3
11468,16,5
11469,3,3
11470,0,3
11471,0,3
11472,8,3
11473,0,3
11474,0,3
11475,29,7
11476,1,3
11477,0,3
11478,2,3
11479,2,3
11480,0,3
11481,0,3
11482,6,3
11483,6,4
11484,3,4
11485,13,4
11486,37,4
11487,40,7
11488,7,4
11489,21,4
11490,2,3
11491,21,4
11492,44,5
11493,0,3
11494,22,5
11495,0,3
11496,37,5
11497,17,3
11498,0,3
11499,17,4
11500,37,8
11501,35,5
11502,16,4
11503,8,3
11504,40,6
11505,0,3
11506,32,5
11507,16,4
11508,0,3
11509,15,4
11510,0,3
11511,21,5
11512,6,3
11513,0,3
11514,58,7
11515,20,7
11516,3,3
11517,0,3
11518,23,4
11519,28,4
11520,2,3
11521,1,3
11522,13,3
11523,3,4
11524,26,3
11525,21,4
11526,0,3
11527,0,3
11528,36,4
11529,25,3
11530,53,3
11531,0,3
11532,0,3
11533,0,3
11534,0,3
11535,4,3
11536,58,3
11537,21,4
11538,0,3
11539,3,4
11540,25,3
11541,2,3
11542,20,5
11543,0,3
11544,0,3
11545,0,3
11546,16,4
11547,2,3
11548,0,3
11549,18,4
11550,0,3
11551,9,4
11552,43,3
11553,1,3
11554,7,3
11555,0,3
11556,7,3
11557,2,3
11558,1,3
11559,8,4
11560,45,4
11561,0,3
11562,0,3
11563,0,3
11564,2,3
11565,29,3
11566,16,3
11567,9,4
11568,5,3
11569,0,3
11570,16,5
11571,8,3
11572,9,3
11573,8,3
11574,30,5
11575,6,3
11576,7,4
11577,10,4
11578,0,3
11579,13,5
11580,0,3
11581,0,3
11582,13,3
11583,0,3
11584,15,4
11585,0,3
11586,12,3
11587,1,3
11588,14,5
11589,1,3
11590,7,3
11591,43,2
11592,110,4
11593,3,3
11594,1,3
11595,7,4
11596,17,3
11597,2,3
11598,19,4
11599,0,3
11600,0,3
11601,83,3
11602,61,7
11603,0,3
11604,1,3
11605,0,3
11606,0,3
11607,12,4
11608,0,3
11609,2,3
11610,19,5
11611,32,5
11612,12,4
11613,23,6
11614,16,5
11615,47,5
11616,1,3
11617,10,3
11618,7,3
11619,28,5
11620,0,3
11621,0,3
11622,11,4
11623,13,3
11624,2,3
11625,0,3
11626,14,4
11627,9,3
11628,32,5
11629,4,4
11630,35,3
11631,0,3
11632,11,4
11633,16,5
11634,0,3
11635,0,3
11636,12,4
11637,0,3
11638,7,4
11639,41,6
11640,34,6
11641,33,3
11642,3,3
11643,5,3
11644,23,3
11645,2,3
11646,7,4
11647,0,3
11648,22,3
11649,0,3
11650,13,3
11651,0,3
11652,3,3
11653,11,3
11654,39,3
11655,0,3
11656,24,6
11657,0,3
11658,1,3
11659,18,3
11660,0,3
11661,7,4
11662,15,6
11663,15,4
11664,0,3
11665,0,3
11666,1,3
11667,17,4
11668,13,3
11669,0,3
11670,67,6
11671,24,6
11672,1,3
11673,1,3
11674,8,3
11675,0,3
11676,51,7
11677,4,3
11678,6,3
11679,0,3
11680,20,4
11681,100,6
11682,0,3
11683,0,3
11684,14,5
11685,43,4
11686,42,4
11687,50,6
11688,1,3
11689,20,3
11690,0,3
11691,0,3
11692,22,4
11693,49,5
11694,2,3
11695,0,3
11696,11,3
11697,11,4
11698,0,3
11699,0,3
11700,5,3
11701,38,5
11702,7,3
11703,0,3
11704,0,3
11705,0,3
11706,0,3
11707,0,3
11708,0,3
11709,44,4
11710,0,3
11711,0,3
11712,0,3
11713,7,4
11714,4,4
11715,26,5
11716,31,4
11717,79,4
11718,25,3
11719,0,3
11720,0,3
11721,6,3
11722,16,5
11723,18,6
11724,0,3
11725,3,3
11726,0,3
11727,4,3
11728,0,3
11729,19,5
11730,10,4
11731,0,3
11732,14,3
11733,17,5
11734,72,7
11735,1,3
11736,19,3
11737,25,3
11738,0,3
11739,0,3
11740,25,5
11741,12,4
11742,0,3
11743,0,3
11744,28,3
11745,67,6
11746,13,4
11747,11,3
11748,0,3
11749,17,3
11750,3,3
11751,0,3
11752,9,4
11753,2,4
11754,4,3
11755,3,4
11756,15,4
11757,1,3
11758,0,3
11759,5,3
11760,0,3
11761,0,3
11762,0,3
11763,0,3
11764,13,5
11765,32,8
11766,5,3
11767,22,6
11768,6,3
11769,0,3
11770,0,3
11771,0,3
11772,0,3
11773,19,4
11774,0,3
11775,34,7
11776,0,3
11777,5,3
11778,0,3
11779,0,3
11780,8,4
11781,6,5
11782,0,3
11783,5,4
11784,25,5
11785,0,3
11786,5,3
11787,8,3
11788,1,3
11789,0,3
11790,0,3
11791,35,4
11792,0,3
11793,0,3
11794,0,3
11795,19,4
11796,0,3
11797,49,7
11798,16,3
11799,0,3
11800,50,5
11801,37,7
11802,14,5
11803,47,3
11804,0,3
11805,31,3
11806,0,3
11807,0,3
11808,40,5
11809,18,5
11810,14,4
11811,11,5
11812,0,3
11813,0,3
11814,0,3
11815,19,4
11816,0,3
11817,23,3
11818,0,3
11819,8,4
11820,39,4
11821,14,5
11822,0,3
11823,1,3
11824,0,3
11825,2,3
11826,6,3
11827,0,3
11828,10,5
11829,10,4
11830,1,3
11831,0,3
11832,23,4
11833,10,3
11834,0,3
11835,0,3
11836,2,3
11837,17,4
11838,1,3
11839,4,4
11840,8,5
11841,0,3
11842,0,3
11843,0,3
11844,0,3
11845,19,4
11846,2,3
11847,6,3
11848,9,4
11849,32,7
11850,0,3
11851,0,3
11852,1,3
11853,14,3
11854,22,4
11855,0,3
11856,15,3
11857,30,5
11858,0,3
11859,2,3
11860,18,2
11861,19,3
11862,0,3
11863,6,3
11864,0,3
11865,38,3
11866,0,3
11867,4,3
11868,34,6
11869,26,6
11870,5,3
11871,0,3
11872,0,3
11873,0,3
11874,11,3
11875,6,4
11876,5,5
11877,33,2
11878,1,3
11879,16,4
11880,0,3
11881,3,3
11882,8,4
11883,33,3
11884,0,3
11885,1,3
11886,5,3
11887,0,3
11888,0,3
11889,44,3
11890,43,6
11891,0,3
11892,28,5
11893,0,3
11894,0,3
11895,8,3
11896,19,5
11897,0,3
11898,5,3
11899,9,4
11900,19,6
11901,34,5
11902,41,6
11903,0,3
11904,11,3
11905,0,3
11906,0,3
11907,0,3
11908,28,4
11909,0,3
11910,11,3
11911,10,5
11912,16,4
11913,0,3
11914,8,3
11915,10,4
11916,8,4
11917,0,3
11918,4,3
11919,0,3
11920,0,3
11921,0,3
11922,1,3
11923,0,3
11924,12,3
11925,15,3
11926,6,3
11927,16,4
11928,0,3
11929,21,4
11930,64,5
11931,0,3
11932,28,4
11933,0,3
11934,0,3
11935,3,3
11936,15,5
11937,0,3
11938,15,4
11939,0,3
11940,59,5
11941,17,6
11942,19,6
11943,0,3
11944,3,3
11945,33,4
11946,2,3
11947,0,3
11948,0,3
11949,9,3
11950,12,3
11951,15,3
11952,0,3
11953,27,6
11954,22,4
11955,67,6
11956,0,3
11957,0,3
11958,0,3
11959,0,3
11960,81,7
11961,0,3
11962,0,3
11963,0,3
11964,0,3
11965,37,3
11966,0,3
11967,10,3
11968,13,3
11969,13,4
11970,5,3
11971,0,3
11972,0,3
11973,14,4
11974,4,3
11975,39,5
11976,0,3
11977,9,4
11978,42,7
11979,11,3
11980,0,3
11981,21,4
11982,6,3
11983,1,3
11984,0,3
11985,60,5
11986,23,4
11987,0,3
11988,50,4
11989,0,3
11990,0,3
11991,0,3
11992,40,6
11993,0,3
11994,32,5
11995,0,3
11996,0,3
11997,0,3
11998,33,4
11999,1,3
12000,41,6
12001,22,5
12002,5,3
12003,0,3
12004,0,3
12005,0,3
12006,0,3
12007,23,4
12008,1,3
12009,19,3
12010,5,3
12011,8,3
12012,13,3
12013,0,3
12014,44,3
12015,2,3
12016,7,3
12017,32,5
12018,0,3
12019,28,3
12020,15,5
12021,11,4
12022,0,3
12023,39,5
12024,29,6
12025,21,3
12026,33,5
12027,10,3
12028,0,3
12029,0,3
12030,35,5
12031,23,5
12032,47,4
12033,1,3
12034,2,3
12035,0,3
12036,19,5
12037,0,3
12038,24,4
12039,4,3
12040,3,4
12041,0,3
12042,24,5
12043,17,6
12044,10,2
12045,15,3
12046,3,3
12047,0,3
12048,0,3
12049,13,3
12050,6,4
12051,8,3
12052,0,3
12053,27,6
12054,14,4
12055,8,3
12056,11,4
12057,2,3
12058,5,3
12059,68,4
12060,9,3
12061,0,3
12062,1,3
12063,27,4
12064,0,3
12065,4,3
12066,14,2
12067,0,3
12068,0,3
12069,0,3
12070,14,3
12071,12,4
12072,0,3
12073,6,2
12074,15,4
12075,22,7
12076,16,4
12077,3,2
12078,0,3
12079,18,5
12080,40,4
12081,5,4
12082,6,4
12083,1,3
12084,0,3
12085,21,4
12086,18,5
12087,0,3
12088,14,5
12089,1,3
12090,23,4
12091,31,6
12092,14,3
12093,0,3
12094,4,3
12095,14,4
12096,0,3
12097,8,3
12098,0,3
12099,11,5
12100,22,6
12101,0,3
12102,5,3
12103,0,3
12104,1,4
12105,0,3
12106,5,4
12107,44,5
12108,15,8
12109,0,3
12110,0,3
12111,0,3
12112,13,3
12113,1,3
12114,1,3
12115,0,3
12116,18,4
12117,24,5
12118,0,3
12119,1,3
12120,58,7
12121,0,3
12122,76,7
12123,5,3
12124,0,3
12125,25,4
12126,9,2
12127,0,3
12128,6,3
12129,21,3
12130,1,3
12131,36,3
12132,0,3
12133,1,3
12134,0,3
12135,5,3
12136,0,3
12137,4,4
12138,0,3
12139,5,4
12140,13,3
12141,43,7
12142,1,3
12143,0,3
12144,0,3
12145,33,4
12146,1,3
12147,0,3
12148,3,3
12149,0,3
12150,0,3
12151,0,3
12152,0,3
12153,0,3
12154,18,5
12155,25,4
12156,8,3
12157,13,5
12158,25,2
12159,2,3
12160,2,3
12161,1,3
12162,0,3
12163,1,3
12164,1,3
12165,0,3
12166,4,3
12167,41,6
12168,22,3
12169,0,3
12170,0,3
12171,8,4
12172,10,3
12173,27,4
12174,0,3
12175,6,5
12176,2,3
12177,18,5
12178,3,3
12179,0,3
12180,8,4
12181,4,3
12182,19,4
12183,1,3
12184,0,3
12185,0,3
12186,21,3
12187,0,3
12188,18,5
12189,29,3
12190,21,4
12191,0,3
12192,19,5
12193,4,3
12194,0,3
12195,0,3
12196,18,5
12197,9,3
12198,7,3
12199,10,3
12200,0,3
12201,24,4
12202,27,5
12203,0,3
12204,2,3
12205,14,4
12206,0,3
12207,0,3
12208,0,3
12209,0,3
12210,17,6
12211,7,3
12212,0,3
12213,9,4
12214,10,4
12215,14,4
12216,0,3
12217,0,3
12218,0,3
12219,38,3
12220,13,5
12221,10,4
12222,5,3
12223,0,3
12224,4,3
12225,6,3
12226,0,3
12227,35,5
12228,0,3
12229,0,3
12230,0,3
12231,10,4
12232,6,4
12233,0,3
12234,0,3
12235,0,3
12236,0,3
12237,7,4
12238,34,5
12239,1,3
12240,9,3
12241,0,3
12242,0,3
12243,0,3
12244,26,6
12245,0,3
12246,3,3
12247,5,3
12248,0,3
12249,8,4
12250,9,3
12251,0,3
12252,14,4
12253,26,6
12254,0,3
12255,26,5
12256,0,3
12257,0,3
12258,26,4
12259,6,4
12260,0,3
12261,0,3
12262,51,3
12263,6,4
12264,0,3
12265,0,3
12266,30,6
12267,4,3
12268,0,3
12269,1,3
12270,1,3
12271,0,3
12272,35,1
12273,4,3
12274,0,3
12275,21,4
12276,3,4
12277,0,3
12278,71,7
12279,0,3
12280,0,3
12281,0,3
12282,0,3
12283,19,5
12284,0,3
12285,3,3
12286,0,3
12287,9,4
12288,0,3
12289,0,3
12290,24,7
12291,26,4
12292,0,3
12293,16,5
12294,11,5
12295,0,3
12296,1,3
12297,0,3
12298,7,4
12299,6,3
12300,0,3
12301,16,3
12302,0,3
12303,0,3
12304,46,4
12305,0,3
12306,20,3
12307,10,3
12308,23,3
12309,0,3
12310,2,3
12311,37,6
12312,0,3
12313,15,4
12314,29,7
12315,5,3
12316,7,4
12317,16,5
12318,9,4
12319,6,3
12320,0,3
12321,12,4
12322,23,4
12323,2,3
12324,3,3
12325,38,4
12326,49,5
12327,5,4
12328,9,4
12329,18,3
12330,81,8
12331,0,3
12332,14,3
12333,0,3
12334,31,8
12335,0,3
12336,8,4
12337,2,3
12338,0,3
12339,22,3
12340,0,3
12341,0,3
12342,0,3
12343,1,3
12344,0,3
12345,21,3
12346,4,3
12347,1,3
12348,0,3
12349,0,3
12350,47,4
12351,2,3
12352,5,5
12353,1,3
12354,99,9
12355,11,4
12356,42,5
12357,15,5
12358,0,3
12359,0,3
12360,9,3
12361,1,3
12362,19,5
12363,0,3
12364,0,3
12365,4,3
12366,7,3
12367,21,5
12368,0,3
12369,0,3
12370,2,3
12371,30,5
12372,46,5
12373,0,3
12374,17,4
12375,0,3
12376,4,3
12377,0,3
12378,0,3
12379,0,3
12380,0,3
12381,19,3
12382,0,3
12383,11,4
12384,17,5
12385,0,3
12386,7,3
12387,28,5
12388,14,4
12389,0,3
12390,0,3
12391,5,3
12392,0,3
12393,0,3
12394,0,3
12395,0,3
12396,0,3
12397,35,6
12398,30,4
12399,1,3
12400,1,3
12401,0,3
12402,0,3
12403,35,3
12404,0,3
12405,7,3
12406,0,3
12407,0,3
12408,95,5
12409,6,3
12410,0,3
12411,0,3
12412,49,5
12413,38,4
12414,7,4
12415,40,3
12416,10,4
12417,0,3
12418,0,3
12419,2,3
12420,0,3
12421,2,3
12422,0,3
12423,34,5
12424,0,3
12425,0,3
12426,22,5
12427,25,4
12428,3,3
12429,28,3
12430,7,4
12431,0,3
12432,33,3
12433,0,3
12434,4,3
12435,14,5
12436,39,4
12437,0,3
12438,28,4
12439,0,3
12440,48,7
12441,0,3
12442,15,4
12443,0,3
12444,10,5
12445,0,3
12446,28,7
12447,14,5
12448,4,3
12449,38,9
12450,0,3
12451,11,3
12452,1,3
12453,18,6
12454,22,4
12455,15,3
12456,10,3
12457,14,5
12458,0,3
12459,28,3
12460,0,3
12461,19,4
12462,29,6
12463,0,3
12464,0,3
12465,0,3
12466,14,4
12467,38,5
12468,9,3
12469,25,3
12470,0,3
12471,0,3
12472,3,3
12473,0,3
12474,0,3
12475,0,3
12476,0,3
12477,5,4
12478,0,3
12479,0,3
12480,9,4
12481,11,3
12482,11,4
12483,24,5
12484,15,5
12485,0,3
12486,0,3
12487,21,3
12488,1,3
12489,12,3
12490,1,3
12491,0,3
12492,12,5
12493,8,3
12494,0,3
12495,0,3
12496,0,3
12497,0,3
12498,0,3
12499,1,3
12500,64,5
12501,24,4
12502,0,3
12503,23,3
12504,0,3
12505,4,3
12506,8,3
12507,44,3
12508,80,8
12509,3,3
12510,0,3
12511,3,3
12512,0,3
12513,0,3
12514,105,5
12515,7,4
12516,0,3
12517,0,3
12518,0,3
12519,0,3
12520,3,3
12521,0,3
12522,39,10
12523,16,3
12524,20,3
12525,0,3
12526,0,3
12527,20,5
12528,20,4
12529,31,4
12530,0,3
12531,5,4
12532,1,3
12533,5,3
12534,6,3
12535,13,3
12536,0,3
12537,7,3
12538,0,3
12539,29,4
12540,16,6
12541,13,4
12542,0,3
12543,35,4
12544,45,3
12545,17,5
12546,0,3
12547,17,4
12548,0,3
12549,15,3
12550,10,3
12551,0,3
12552,0,3
12553,9,4
12554,12,6
12555,40,3
12556,0,3
12557,20,2
12558,0,3
12559,0,3
12560,0,3
12561,2,3
12562,0,3
12563,17,5
12564,58,3
12565,32,6
12566,37,3
12567,0,3
12568,0,3
12569,0,3
12570,39,7
12571,1,3
12572,82,7
12573,0,3
12574,22,3
12575,7,3
12576,2,3
12577,34,5
12578,1,3
12579,0,3
12580,52,3
12581,4,3
12582,0,3
12583,0,3
12584,16,3
12585,33,5
12586,8,3
12587,6,3
12588,0,3
12589,23,4
12590,0,3
12591,9,4
12592,22,3
12593,0,3
12594,54,4
12595,0,3
12596,2,3
12597,8,4
12598,8,4
12599,1,3
12600,0,3
12601,11,4
12602,7,3
12603,34,5
12604,17,5
12605,28,7
12606,1,3
12607,18,4
12608,0,3
12609,28,3
12610,8,3
12611,7,3
12612,0,3
12613,26,6
12614,3,3
12615,4,3
12616,13,7
12617,49,4
12618,0,3
12619,30,4
12620,0,3
12621,1,3
12622,0,3
12623,23,4
12624,14,4
12625,1,3
12626,1,3
12627,0,3
12628,1,3
12629,35,6
12630,16,5
12631,35,2
12632,21,4
12633,10,5
12634,0,3
12635,11,2
12636,22,4
12637,0,3
12638,15,5
12639,19,4
12640,34,4
12641,4,3
12642,1,3
12643,5,3
12644,6,3
12645,0,3
12646,0,3
12647,0,3
12648,9,5
12649,14,4
12650,9,5
12651,53,5
12652,0,3
12653,17,6
12654,8,3
12655,3,3
12656,1,3
12657,15,4
12658,3,3
12659,35,8
12660,2,4
12661,15,3
12662,0,3
12663,0,3
12664,21,6
12665,3,3
12666,12,4
12667,0,3
12668,6,3
12669,0,3
12670,3,3
12671,0,3
12672,0,3
12673,16,3
12674,1,3
12675,8,2
12676,11,5
12677,12,3
12678,70,5
12679,4,3
12680,26,4
12681,0,3
12682,3,3
12683,27,5
12684,4,4
12685,20,5
12686,0,3
12687,0,3
12688,51,5
12689,1,3
12690,13,4
12691,14,4
12692,0,3
12693,5,4
12694,16,5
12695,17,4
12696,3,3
12697,2,3
12698,34,5
12699,0,3
12700,1,3
12701,28,3
12702,12,3
12703,0,3
12704,28,3
12705,18,7
12706,0,3
12707,20,4
12708,0,3
12709,0,3
12710,9,3
12711,0,3
12712,0,3
12713,59,7
12714,25,5
12715,28,4
12716,0,3
12717,0,3
12718,1,3
12719,1,3
12720,0,3
12721,53,4
12722,12,3
12723,0,3
12724,25,5
12725,17,5
12726,0,3
12727,24,3
12728,0,3
12729,26,6
12730,3,3
12731,0,3
12732,31,4
12733,0,3
12734,0,3
12735,32,6
12736,0,3
12737,16,4
12738,12,4
12739,32,7
12740,0,3
12741,0,3
12742,7,4
12743,0,3
12744,12,3
12745,0,3
12746,40,6
12747,15,4
12748,5,3
12749,21,3
12750,1,3
12751,17,4
12752,4,3
12753,31,4
12754,3,3
12755,56,6
12756,2,3
12757,7,3
12758,0,3
12759,33,6
12760,38,4
12761,0,3
12762,1,3
12763,0,3
12764,30,3
12765,11,4
12766,0,3
12767,0,3
12768,3,3
12769,3,3
12770,0,3
12771,20,2
12772,25,4
12773,6,5
12774,0,3
12775,2,3
12776,9,5
12777,1,3
12778,22,4
12779,0,3
12780,0,3
12781,10,4
12782,5,3
12783,0,3
12784,20,6
12785,31,5
12786,13,5
12787,19,3
12788,2,3
12789,0,3
12790,0,3
12791,0,3
12792,0,3
12793,5,3
12794,35,5
12795,28,5
12796,0,3
12797,21,4
12798,3,3
12799,49,5
12800,0,3
12801,22,5
12802,0,3
12803,16,4
12804,13,6
12805,51,3
12806,0,3
12807,27,4
12808,0,3
12809,10,4
12810,17,5
12811,7,3
12812,10,3
12813,7,3
12814,0,3
12815,47,3
12816,22,4
12817,26,5
12818,31,7
12819,0,3
12820,21,4
12821,5,3
12822,8,4
12823,16,4
12824,0,3
12825,38,3
12826,12,4
12827,0,3
12828,98,3
12829,4,4
12830,0,3
12831,2,3
12832,11,4
12833,0,3
12834,10,4
12835,0,3
12836,0,3
12837,20,4
12838,1,3
12839,13,4
12840,0,3
12841,38,1
12842,4,3
12843,14,3
12844,8,3
12845,0,3
12846,19,7
12847,45,5
12848,4,3
12849,0,3
12850,72,3
12851,22,6
12852,6,5
12853,0,3
12854,31,6
12855,0,3
12856,1,2
12857,0,3
12858,6,3
12859,11,4
12860,16,3
12861,61,4
12862,10,3
12863,23,2
12864,28,4
12865,0,3
12866,4,3
12867,0,3
12868,8,3
12869,0,3
12870,0,3
12871,7,3
12872,1,2
12873,0,3
12874,7,3
12875,0,3
12876,14,5
12877,56,8
12878,24,5
12879,0,3
12880,78,6
12881,10,3
12882,29,5
12883,45,2
12884,0,3
12885,4,3
12886,2,3
12887,6,3
12888,0,3
12889,0,3
12890,5,3
12891,5,3
12892,16,5
12893,47,6
12894,28,3
12895,3,3
12896,0,3
12897,19,3
12898,20,4
12899,8,4
12900,12,4
12901,12,3
12902,0,3
12903,49,6
12904,0,3
12905,53,9
12906,13,3
12907,9,3
12908,14,4
12909,0,3
12910,1,4
12911,17,6
12912,0,3
12913,28,7
12914,12,4
12915,0,3
12916,1,3
12917,16,4
12918,0,3
12919,0,3
12920,26,4
12921,38,4
12922,41,7
12923,41,5
12924,11,4
12925,0,3
12926,13,3
12927,0,3
12928,2,3
12929,10,3
12930,0,3
12931,10,3
12932,0,3
12933,19,6
12934,0,3
12935,0,3
12936,44,7
12937,2,3
12938,2,3
12939,0,3
12940,1,3
12941,0,3
12942,0,3
12943,23,5
12944,33,6
12945,0,3
12946,0,3
12947,0,3
12948,2,3
12949,0,3
12950,29,4
12951,8,4
12952,11,3
12953,0,3
12954,0,3
12955,5,3
12956,0,3
12957,15,3
12958,13,4
12959,0,3
12960,7,3
12961,17,3
12962,47,4
12963,8,4
12964,0,3
12965,79,5
12966,8,4
12967,0,3
12968,0,3
12969,5,3
12970,5,3
12971,24,4
12972,0,3
12973,9,3
12974,14,4
12975,0,3
12976,0,3
12977,30,3
12978,0,3
12979,14,3
12980,32,9
12981,23,4
12982,0,3
12983,0,3
12984,12,5
12985,0,3
12986,5,3
12987,0,3
12988,0,3
12989,32,4
12990,0,3
12991,1,3
12992,0,3
12993,0,3
12994,4,3
12995,0,3
12996,7,2
12997,3,4
12998,0,3
12999,32,5
13000,3,4
13001,1,3
13002,8,3
13003,0,3
13004,8,4
13005,0,3
13006,30,4
13007,0,3
13008,0,3
13009,5,4
13010,3,3
13011,13,3
13012,16,5
13013,0,3
13014,88,5
13015,8,3
13016,0,3
13017,5,3
13018,0,3
13019,0,3
13020,0,3
13021,16,3
13022,12,4
13023,0,3
13024,0,3
13025,6,3
13026,1,3
13027,0,3
13028,0,3
13029,0,3
13030,6,3
13031,0,3
13032,4,3
13033,0,3
13034,17,4
13035,0,3
13036,0,3
13037,27,6
13038,6,3
13039,44,4
13040,30,5
13041,76,3
13042,13,4
13043,0,3
13044,0,3
13045,0,3
13046,0,3
13047,19,3
13048,32,3
13049,36,5
13050,0,3
13051,6,3
13052,0,3
13053,0,3
13054,0,3
13055,0,3
13056,2,3
13057,0,3
13058,33,4
13059,9,4
13060,4,4
13061,53,4
13062,8,3
13063,0,3
13064,40,6
13065,0,3
13066,5,3
13067,5,3
13068,15,4
13069,2,3
13070,50,3
13071,2,3
13072,39,6
13073,0,3
13074,16,8
13075,0,3
13076,0,3
13077,0,3
13078,0,3
13079,0,3
13080,58,6
13081,24,4
13082,32,4
13083,13,6
13084,0,3
13085,37,5
13086,0,3
13087,2,3
13088,2,3
13089,20,5
13090,33,7
13091,0,3
13092,50,7
13093,27,5
13094,0,3
13095,19,6
13096,11,3
13097,11,5
13098,0,3
13099,0,3
13100,0,3
13101,13,5
13102,27,6
13103,31,5
13104,20,4
13105,0,3
13106,3,4
13107,0,3
13108,8,3
13109,0,3
13110,0,3
13111,1,3
13112,28,5
13113,22,6
13114,3,3
13115,12,4
13116,16,4
13117,37,5
13118,3,3
13119,17,5
13120,59,5
13121,6,3
13122,4,3
13123,23,3
13124,4,3
13125,0,3
13126,4,3
13127,24,4
13128,0,3
13129,0,3
13130,41,5
13131,23,5
13132,16,4
13133,1,3
13134,29,5
13135,0,3
13136,21,4
13137,0,3
13138,33,4
13139,56,4
13140,15,4
13141,34,6
13142,0,3
13143,12,3
13144,18,4
13145,0,3
13146,0,3
13147,9,4
13148,26,4
13149,0,3
13150,27,5
13151,0,3
13152,41,4
13153,26,7
13154,39,7
13155,8,4
13156,34,5
13157,10,4
13158,1,3
13159,26,7
13160,44,5
13161,5,3
13162,0,3
13163,0,3
13164,0,3
13165,50,5
13166,38,7
13167,1,3
13168,15,4
13169,0,3
13170,0,3
13171,12,5
13172,0,3
13173,0,3
13174,0,3
13175,8,3
13176,0,3
13177,11,3
13178,0,3
13179,20,6
13180,6,3
13181,0,3
13182,53,5
13183,21,5
13184,64,8
13185,40,6
13186,46,7
13187,1,3
13188,2,3
13189,0,3
13190,0,3
13191,14,6
13192,16,2
13193,7,4
13194,0,3
13195,0,3
13196,15,4
13197,0,3
13198,18,5
13199,0,3
13200,81,5
13201,0,3
13202,33,6
13203,1,3
13204,0,3
13205,0,3
13206,8,5
13207,0,3
13208,0,3
13209,5,4
13210,1,3
13211,0,3
13212,0,3
13213,48,6
13214,26,4
13215,82,12
13216,2,3
13217,0,3
13218,4,3
13219,29,4
13220,3,3
13221,0,3
13222,9,4
13223,0,3
13224,39,5
13225,2,3
13226,15,5
13227,0,3
13228,0,3
13229,56,5
13230,32,7
13231,10,4
13232,0,3
13233,5,3
13234,0,3
13235,0,3
13236,53,4
13237,11,4
13238,1,3
13239,0,3
13240,5,3
13241,37,7
13242,0,3
13243,27,5
13244,23,7
13245,23,4
13246,0,3
13247,10,4
13248,17,5
13249,0,3
13250,2,3
13251,7,4
13252,0,3
13253,30,7
13254,4,4
13255,0,3
13256,1,3
13257,9,4
13258,21,6
13259,53,6
13260,46,5
13261,16,3
13262,0,3
13263,0,3
13264,2,3
13265,37,5
13266,9,4
13267,40,3
13268,7,3
13269,14,5
13270,37,5
13271,0,3
13272,8,2
13273,34,3
13274,28,6
13275,27,5
13276,14,4
13277,21,4
13278,69,6
13279,18,5
13280,0,3
13281,20,4
13282,0,3
13283,0,3
13284,33,4
13285,8,4
13286,0,3
13287,0,3
13288,27,7
13289,0,3
13290,29,3
13291,9,4
13292,0,3
13293,5,3
13294,6,4
13295,38,6
13296,0,3
13297,5,4
13298,33,5
13299,0,3
13300,0,3
13301,0,3
13302,24,4
13303,40,5
13304,5,3
13305,56,7
13306,0,3
13307,55,4
13308,3,3
13309,24,8
13310,18,4
13311,0,3
13312,0,3
13313,19,4
13314,0,3
13315,10,3
13316,29,5
13317,2,3
13318,0,3
13319,22,5
13320,0,3
13321,0,3
13322,59,5
13323,0,3
13324,8,3
13325,0,3
13326,0,3
13327,17,6
13328,0,3
13329,14,4
13330,14,4
13331,35,3
13332,7,3
13333,6,5
13334,56,6
13335,6,4
13336,23,5
13337,4,3
13338,0,3
13339,0,3
13340,4,3
13341,8,3
13342,0,3
13343,66,6
13344,5,3
13345,14,4
13346,52,6
13347,0,3
13348,29,3
13349,1,3
13350,16,3
13351,29,3
13352,0,3
13353,9,4
13354,5,3
13355,4,3
13356,3,3
13357,44,5
13358,30,4
13359,20,5
13360,15,3
13361,0,3
13362,0,3
13363,21,5
13364,40,7
13365,0,3
13366,2,3
13367,6,4
13368,0,3
13369,23,4
13370,33,5
13371,6,4
13372,38,7
13373,18,2
13374,3,3
13375,17,4
13376,1,3
13377,0,3
13378,43,5
13379,26,8
13380,15,4
13381,29,6
13382,0,3
13383,3,4
13384,14,4
13385,10,3
13386,28,4
13387,0,3
13388,24,3
13389,14,5
13390,10,3
13391,5,3
13392,37,4
13393,0,3
13394,0,3
13395,43,5
13396,5,2
13397,12,6
13398,53,4
13399,21,5
13400,0,3
13401,58,7
13402,0,3
13403,5,3
13404,12,3
13405,22,4
13406,28,4
13407,9,3
13408,1,3
13409,24,3
13410,22,5
13411,68,2
13412,41,4
13413,11,3
13414,9,3
13415,30,6
13416,36,9
13417,0,3
13418,8,4
13419,0,3
13420,11,5
13421,20,4
13422,43,7
13423,13,3
13424,17,4
13425,51,6
13426,12,3
13427,37,3
13428,0,3
13429,46,7
13430,15,3
13431,153,7
13432,48,6
13433,0,3
13434,0,3
13435,52,6
13436,27,4
13437,1,3
13438,0,3
13439,16,4
13440,19,4
13441,0,3
13442,87,4
13443,1,3
13444,38,4
13445,0,3
13446,12,4
13447,2,3
13448,25,5
13449,3,3
13450,0,3
13451,0,3
13452,13,5
13453,2,4
13454,39,6
13455,4,3
13456,23,3
13457,0,3
13458,0,3
13459,78,12
13460,9,4
13461,17,3
13462,41,4
13463,0,3
13464,0,3
13465,7,3
13466,53,4
13467,0,3
13468,3,3
13469,3,3
13470,35,5
13471,0,3
13472,0,3
13473,0,3
13474,9,5
13475,14,6
13476,5,3
13477,0,3
13478,81,5
13479,2,3
13480,13,4
13481,6,3
13482,54,3
13483,9,4
13484,2,3
13485,6,3
13486,1,3
13487,21,4
13488,11,4
13489,0,3
13490,4,3
13491,30,4
13492,0,3
13493,0,3
13494,29,8
13495,29,4
13496,24,4
13497,0,3
13498,0,3
13499,3,3
13500,0,3
13501,0,3
13502,0,3
13503,0,3
13504,0,3
13505,0,3
13506,0,3
13507,0,3
13508,9,5
13509,40,3
13510,0,3
13511,9,3
13512,7,4
13513,69,7
13514,0,3
13515,1,3
13516,2,3
13517,13,4
13518,13,3
13519,1,3
13520,0,3
13521,0,3
13522,0,3
13523,32,5
13524,8,3
13525,11,3
13526,0,3
13527,10,4
13528,0,3
13529,81,5
13530,12,3
13531,10,3
13532,34,6
13533,6,3
13534,0,3
13535,11,3
13536,0,3
13537,33,4
13538,0,3
13539,0,3
13540,0,3
13541,9,3
13542,0,3
13543,22,6
13544,31,7
13545,5,2
13546,0,3
13547,0,3
13548,51,5
13549,2,3
13550,5,3
13551,10,3
13552,14,4
13553,26,5
13554,0,3
13555,33,5
13556,26,6
13557,39,6
13558,1,3
13559,0,3
13560,6,3
13561,87,7
13562,0,3
13563,0,3
13564,10,3
13565,0,3
13566,0,3
13567,1,3
13568,0,3
13569,12,3
13570,0,3
13571,31,2
13572,19,4
13573,8,4
13574,0,3
13575,0,3
13576,0,3
13577,16,4
13578,7,4
13579,0,3
13580,0,3
13581,0,3
13582,34,5
13583,10,3
13584,20,7
13585,0,3
13586,0,3
13587,0,3
13588,10,4
13589,32,5
13590,23,5
13591,27,7
13592,0,3
13593,0,3
13594,69,4
13595,6,4
13596,0,3
13597,27,5
13598,3,3
13599,0,3
13600,0,3
13601,48,6
13602,9,4
13603,3,3
13604,19,3
13605,0,3
13606,0,3
13607,5,4
13608,8,3
13609,0,3
13610,0,3
13611,7,3
13612,0,3
13613,0,3
13614,30,7
13615,53,2
13616,1,3
13617,22,5
13618,1,3
13619,0,3
13620,0,3
13621,0,3
13622,0,3
13623,5,3
13624,7,3
13625,8,3
13626,27,6
13627,0,3
13628,2,3
13629,23,3
13630,35,7
13631,6,4
13632,10,4
13633,1,3
13634,52,10
13635,55,5
13636,7,4
13637,23,4
13638,0,3
13639,0,3
13640,1,3
13641,16,5
13642,38,5
13643,48,4
13644,8,6
13645,8,4
13646,14,7
13647,8,3
13648,0,3
13649,82,6
13650,0,3
13651,0,3
13652,3,3
13653,0,3
13654,11,4
13655,0,3
13656,17,5
13657,27,4
13658,0,3
13659,33,5
13660,26,5
13661,21,3
13662,19,5
13663,6,4
13664,10,3
13665,2,3
13666,0,3
13667,8,3
13668,0,3
13669,31,3
13670,17,4
13671,0,3
13672,0,3
13673,20,4
13674,94,5
13675,1,3
13676,0,3
13677,15,3
13678,4,3
13679,0,3
13680,30,5
13681,27,5
13682,1,3
13683,20,4
13684,8,4
13685,0,3
13686,31,5
13687,28,6
13688,8,4
13689,0,3
13690,4,3
13691,55,5
13692,45,6
13693,0,3
13694,39,5
13695,2,3
13696,0,3
13697,13,3
13698,0,3
13699,0,3
13700,6,4
13701,15,5
13702,44,6
13703,0,3
13704,38,6
13705,0,3
13706,26,6
13707,5,3
13708,0,3
13709,1,3
13710,0,3
13711,0,3
13712,30,8
13713,7,3
13714,25,7
13715,15,4
13716,37,5
13717,6,3
13718,26,5
13719,16,4
13720,5,3
13721,12,3
13722,0,3
13723,33,6
13724,49,7
13725,5,4
13726,0,3
13727,9,4
13728,15,4
13729,0,3
13730,1,3
13731,12,3
13732,47,8
13733,0,3
13734,0,3
13735,0,3
13736,21,4
13737,0,3
13738,25,4
13739,0,3
13740,0,3
13741,0,3
13742,14,3
13743,13,5
13744,12,3
13745,39,6
13746,19,4
13747,0,3
13748,45,5
13749,0,3
13750,6,3
13751,53,7
13752,7,4
13753,0,3
13754,19,3
13755,22,3
13756,30,4
13757,0,3
13758,0,3
13759,0,3
13760,9,4
13761,0,3
13762,45,3
13763,19,4
13764,0,3
13765,0,3
13766,15,5
13767,25,6
13768,0,3
13769,11,2
13770,8,3
13771,0,3
13772,8,5
13773,0,3
13774,10,4
13775,0,3
13776,23,4
13777,16,6
13778,58,4
13779,0,3
13780,1,4
13781,41,5
13782,23,5
13783,12,3
13784,0,3
13785,0,3
13786,0,3
13787,0,3
13788,4,3
13789,0,3
13790,65,5
13791,18,3
13792,3,4
13793,12,4
13794,0,3
13795,3,4
13796,0,3
13797,3,3
13798,1,3
13799,0,3
13800,35,4
13801,0,3
13802,0,3
13803,0,3
13804,0,3
13805,0,3
13806,0,3
13807,27,7
13808,19,3
13809,0,3
13810,29,7
13811,0,3
13812,41,5
13813,0,3
13814,26,5
13815,0,3
13816,23,4
13817,40,2
13818,65,3
13819,0,3
13820,35,8
13821,18,5
13822,35,6
13823,13,4
13824,23,4
13825,0,3
13826,20,3
13827,6,5
13828,0,3
13829,0,3
13830,13,5
13831,0,3
13832,0,3
13833,18,6
13834,15,3
13835,4,3
13836,0,3
13837,10,4
13838,16,4
13839,0,3
13840,10,4
13841,15,6
13842,31,5
13843,0,3
13844,0,3
13845,52,3
13846,10,4
13847,8,4
13848,4,4
13849,3,3
13850,0,3
13851,5,3
13852,3,3
13853,1,3
13854,3,3
13855,5,3
13856,0,3
13857,52,7
13858,5,3
13859,0,3
13860,33,6
13861,1,3
13862,20,3
13863,4,3
13864,26,5
13865,30,7
13866,0,3
13867,6,3
13868,3,3
13869,17,5
13870,2,3
13871,11,4
13872,0,3
13873,0,3
13874,12,5
13875,23,3
13876,12,5
13877,0,3
13878,2,3
13879,0,3
13880,11,4
13881,12,3
13882,0,3
13883,0,3
13884,18,4
13885,0,3
13886,3,3
13887,37,6
13888,0,3
13889,0,3
13890,40,6
13891,21,4
13892,36,4
13893,0,3
13894,0,3
13895,10,4
13896,6,3
13897,42,6
13898,30,4
13899,14,3
13900,10,3
13901,0,3
13902,0,3
13903,0,3
13904,16,4
13905,23,5
13906,7,5
13907,10,5
13908,0,3
13909,2,3
13910,62,6
13911,0,3
13912,0,3
13913,0,3
13914,0,3
13915,0,3
13916,0,3
13917,6,3
13918,40,5
13919,0,3
13920,17,3
13921,3,4
13922,4,3
13923,17,3
13924,6,3
13925,0,3
13926,65,4
13927,13,4
13928,0,3
13929,18,6
13930,15,5
13931,6,3
13932,38,5
13933,0,3
13934,46,2
13935,0,3
13936,31,5
13937,6,3
13938,9,4
13939,64,5
13940,7,3
13941,12,4
13942,27,5
13943,82,5
13944,9,3
13945,26,4
13946,0,3
13947,16,5
13948,0,3
13949,28,6
13950,44,4
13951,26,2
13952,20,5
13953,27,7
13954,0,3
13955,0,3
13956,6,2
13957,0,3
13958,0,3
13959,0,3
13960,0,3
13961,0,3
13962,15,4
13963,24,5
13964,46,7
13965,0,3
13966,19,6
13967,33,7
13968,1,3
13969,7,5
13970,0,3
13971,20,4
13972,20,4
13973,9,3
13974,31,5
13975,18,8
13976,0,3
13977,0,3
13978,0,3
13979,0,3
13980,59,6
13981,13,4
13982,0,3
13983,24,7
13984,0,3
13985,22,3
13986,4,4
13987,18,4
13988,13,5
13989,31,5
13990,0,3
13991,0,3
13992,32,6
13993,10,5
13994,2,3
13995,0,3
13996,12,3
13997,4,3
13998,2,3
13999,5,4
14000,3,3
14001,0,3
14002,0,3
14003,0,3
14004,0,3
14005,23,3
14006,0,3
14007,11,4
14008,11,4
14009,58,7
14010,8,4
14011,5,4
14012,0,3
14013,31,4
14014,7,3
14015,4,3
14016,29,5
14017,0,3
14018,0,3
14019,0,3
14020,0,3
14021,40,3
14022,6,3
14023,0,3
14024,0,3
14025,0,3
14026,28,7
14027,0,3
14028,16,5
14029,2,3
14030,0,3
14031,15,4
14032,0,3
14033,0,3
14034,10,5
14035,28,4
14036,0,3
14037,17,3
14038,20,4
14039,4,3
14040,24,5
14041,7,3
14042,10,5
14043,0,3
14044,11,3
14045,8,5
14046,23,4
14047,0,3
14048,40,5
14049,0,3
14050,5,5
14051,0,3
14052,8,4
14053,50,4
14054,0,3
14055,101,2
14056,7,3
14057,21,4
14058,20,6
14059,23,5
14060,11,4
14061,14,4
14062,6,3
14063,6,3
14064,20,4
14065,58,6
14066,23,5
14067,32,5
14068,12,5
14069,1,3
14070,11,5
14071,0,3
14072,22,3
14073,19,3
14074,9,3
14075,1,3
14076,4,4
14077,13,4
14078,64,6
14079,8,3
14080,43,4
14081,0,3
14082,0,3
14083,0,3
14084,2,3
14085,8,4
14086,14,4
14087,3,3
14088,35,8
14089,0,3
14090,11,4
14091,0,3
14092,3,3
14093,10,3
14094,0,3
14095,5,4
14096,10,4
14097,0,3
14098,8,4
14099,2,3
14100,0,3
14101,47,3
14102,9,3
14103,0,3
14104,0,3
14105,0,3
14106,12,5
14107,16,4
14108,0,3
14109,49,3
14110,35,4
14111,37,5
14112,22,4
14113,9,3
14114,0,3
14115,39,2
14116,0,3
14117,0,3
14118,42,8
14119,16,5
14120,3,3
14121,0,3
14122,27,5
14123,0,3
14124,21,3
14125,2,3
14126,0,3
14127,19,5
14128,5,3
14129,0,3
14130,21,5
14131,9,3
14132,21,4
14133,11,5
14134,0,3
14135,16,4
14136,6,3
14137,31,6
14138,7,3
14139,56,5
14140,95,8
14141,0,3
14142,0,3
14143,35,5
14144,0,3
14145,16,3
14146,14,3
14147,51,5
14148,21,5
14149,2,4
14150,0,3
14151,64,8
14152,0,3
14153,0,3
14154,0,3
14155,34,6
14156,1,3
14157,33,10
14158,68,5
14159,21,3
14160,11,3
14161,15,3
14162,0,3
14163,9,5
14164,0,3
14165,9,3
14166,0,3
14167,15,5
14168,0,3
14169,0,3
14170,35,5
14171,0,3
14172,6,4
14173,30,6
14174,18,6
14175,0,3
14176,0,3
14177,3,3
14178,0,3
14179,0,3
14180,99,5
14181,15,3
14182,5,5
14183,0,3
14184,1,3
14185,0,3
14186,10,4
14187,46,7
14188,49,6
14189,6,3
14190,37,6
14191,3,4
14192,46,4
14193,29,6
14194,5,3
14195,0,3
14196,53,8
14197,0,3
14198,0,3
14199,0,3
14200,1,3
14201,0,3
14202,1,3
14203,28,5
14204,0,3
14205,0,3
14206,28,4
14207,13,3
14208,0,3
14209,4,3
14210,7,3
14211,19,6
14212,0,3
14213,0,3
14214,0,3
14215,0,3
14216,18,5
14217,35,8
14218,17,4
14219,0,3
14220,12,4
14221,10,5
14222,0,3
14223,0,3
14224,20,4
14225,9,5
14226,56,4
14227,11,4
14228,36,5
14229,0,3
14230,17,3
14231,28,5
14232,10,4
14233,13,6
14234,0,3
14235,0,3
14236,5,4
14237,27,4
14238,0,3
14239,18,4
14240,0,3
14241,11,3
14242,42,5
14243,5,4
14244,0,3
14245,0,3
14246,18,5
14247,0,3
14248,17,4
14249,11,4
14250,30,6
14251,0,3
14252,27,6
14253,19,5
14254,8,3
14255,0,3
14256,0,3
14257,22,6
14258,0,3
14259,10,3
14260,0,3
14261,1,3
14262,0,3
14263,24,5
14264,9,4
14265,57,4
14266,11,6
14267,16,2
14268,0,3
14269,5,3
14270,0,3
14271,21,5
14272,14,7
14273,9,3
14274,18,3
14275,2,3
14276,18,1
14277,0,3
14278,13,5
14279,0,3
14280,67,6
14281,169,3
14282,0,3
14283,36,6
14284,48,5
14285,44,5
14286,0,3
14287,54,5
14288,0,3
14289,3,3
14290,6,3
14291,53,6
14292,35,5
14293,46,5
14294,4,3
14295,29,6
14296,21,6
14297,15,6
14298,22,5
14299,7,2
14300,0,3
14301,0,3
14302,0,3
14303,4,3
14304,0,3
14305,10,3
14306,0,3
14307,0,3
14308,14,4
14309,26,3
14310,22,4
14311,26,6
14312,0,3
14313,20,4
14314,0,3
14315,0,3
14316,4,3
14317,0,3
14318,0,3
14319,0,3
14320,1,3
14321,10,2
14322,1,3
14323,0,3
14324,27,4
14325,23,5
14326,37,3
14327,0,3
14328,4,3
14329,14,5
14330,0,3
14331,4,4
14332,8,4
14333,69,4
14334,18,4
14335,0,3
14336,63,3
14337,0,3
14338,1,3
14339,25,6
14340,8,3
14341,12,3
14342,16,3
14343,0,3
14344,1,3
14345,15,5
14346,34,7
14347,1,3
14348,78,4
14349,0,3
14350,10,5
14351,37,3
14352,0,3
14353,0,3
14354,65,7
14355,20,6
14356,21,6
14357,21,5
14358,24,3
14359,57,7
14360,0,3
14361,9,3
14362,58,6
14363,0,3
14364,0,3
14365,61,7
14366,0,3
14367,0,3
14368,20,5
14369,16,4
14370,0,3
14371,8,5
14372,0,3
14373,30,4
14374,0,3
14375,0,3
14376,6,3
14377,13,5
14378,3,3
14379,30,6
14380,0,3
14381,24,5
14382,0,3
14383,10,4
14384,25,7
14385,22,4
14386,39,9
14387,22,5
14388,12,4
14389,17,3
14390,29,3
14391,0,3
14392,0,3
14393,24,3
14394,21,5
14395,17,3
14396,0,3
14397,0,3
14398,0,3
14399,0,3
14400,31,7
14401,0,3
14402,40,7
14403,0,3
14404,12,3
14405,35,5
14406,1,3
14407,3,3
14408,31,7
14409,0,3
14410,8,4
14411,34,6
14412,4,3
14413,3,3
14414,23,7
14415,0,3
14416,0,3
14417,0,3
14418,0,3
14419,14,4
14420,31,5
14421,5,3
14422,0,3
14423,0,3
14424,0,3
14425,38,9
14426,6,3
14427,17,7
14428,32,6
14429,0,3
14430,43,6
14431,0,3
14432,28,4
14433,0,3
14434,16,4
14435,17,5
14436,0,3
14437,81,4
14438,0,3
14439,0,3
14440,11,4
14441,3,3
14442,14,5
14443,3,3
14444,10,3
14445,0,3
14446,0,3
14447,10,4
14448,3,3
14449,8,3
14450,28,3
14451,36,5
14452,0,3
14453,0,3
14454,0,3
14455,0,3
14456,0,3
14457,25,6
14458,0,3
14459,49,5
14460,0,3
14461,14,3
14462,0,3
14463,1,3
14464,0,3
14465,12,5
14466,26,7
14467,0,3
14468,9,3
14469,12,5
14470,0,3
14471,19,4
14472,4,3
14473,0,3
14474,0,3
14475,16,3
14476,0,3
14477,15,4
14478,14,4
14479,19,4
14480,8,4
14481,0,3
14482,6,3
14483,8,3
14484,0,3
14485,141,3
14486,2,3
14487,0,3
14488,22,5
14489,0,3
14490,17,6
14491,0,3
14492,43,2
14493,21,6
14494,0,3
14495,39,7
14496,13,4
14497,0,3
14498,6,2
14499,35,4
14500,13,4
14501,0,3
14502,40,3
14503,52,3
14504,38,6
14505,28,6
14506,0,3
14507,38,5
14508,10,4
14509,25,4
14510,13,5
14511,15,3
14512,0,3
14513,0,3
14514,42,4
14515,29,6
14516,0,3
14517,0,3
14518,0,3
14519,4,3
14520,32,5
14521,16,6
14522,46,3
14523,0,3
14524,14,6
14525,7,3
14526,37,5
14527,0,3
14528,22,4
14529,1,3
14530,21,3
14531,19,4
14532,13,4
14533,16,4
14534,3,3
14535,4,3
14536,0,3
14537,0,3
14538,10,3
14539,22,4
14540,0,3
14541,20,6
14542,0,3
14543,25,6
14544,9,4
14545,0,3
14546,22,6
14547,3,3
14548,6,3
14549,8,3
14550,14,4
14551,16,4
14552,3,4
14553,0,3
14554,19,3
14555,4,2
14556,7,4
14557,0,3
14558,89,6
14559,0,3
14560,32,5
14561,21,4
14562,3,3
14563,1,3
14564,6,3
14565,2,3
14566,13,5
14567,46,3
14568,0,3
14569,38,4
14570,13,5
14571,14,5
14572,0,3
14573,0,3
14574,0,3
14575,3,4
14576,12,4
14577,0,3
14578,25,3
14579,5,3
14580,0,3
14581,0,3
14582,0,3
14583,2,3
14584,20,6
14585,34,8
14586,3,2
14587,6,4
14588,32,6
14589,14,4
14590,34,7
14591,2,3
14592,5,3
14593,7,2
14594,1,3
14595,0,3
14596,0,3
14597,55,5
14598,34,9
14599,14,3
14600,8,4
14601,26,3
14602,25,7
14603,19,4
14604,24,5
14605,95,8
14606,23,6
14607,0,3
14608,28,5
14609,0,3
14610,26,4
14611,44,5
14612,0,3
14613,0,3
14614,42,4
14615,0,3
14616,0,3
14617,0,3
14618,12,5
14619,8,4
14620,24,5
14621,0,3
14622,0,3
14623,15,4
14624,41,4
14625,1,3
14626,23,5
14627,18,8
14628,29,6
14629,31,7
14630,20,4
14631,10,4
14632,0,3
14633,0,3
14634,0,3
14635,0,3
14636,0,3
14637,0,3
14638,0,3
14639,17,4
14640,0,3
14641,0,3
14642,37,5
14643,0,3
14644,11,5
14645,129,6
14646,0,3
14647,38,8
14648,3,3
14649,0,3
14650,4,4
14651,0,3
14652,0,3
14653,24,5
14654,1,3
14655,0,3
14656,12,6
14657,43,4
14658,11,4
14659,16,5
14660,49,8
14661,26,5
14662,27,3
14663,0,3
14664,10,5
14665,43,7
14666,0,3
14667,15,5
14668,15,3
14669,0,3
14670,3,3
14671,8,4
14672,0,3
14673,31,9
14674,7,4
14675,0,3
14676,28,4
14677,19,3
14678,7,5
14679,31,7
14680,0,3
14681,14,5
14682,22,4
14683,0,3
14684,17,4
14685,21,4
14686,5,3
14687,3,3
14688,0,3
14689,22,7
14690,0,3
14691,25,5
14692,67,5
14693,0,3
14694,109,7
14695,0,3
14696,8,4
14697,61,10
14698,0,3
14699,0,3
14700,0,3
14701,0,3
14702,31,7
14703,2,3
14704,0,3
14705,29,5
14706,0,3
14707,0,3
14708,0,3
14709,0,3
14710,1,3
14711,0,3
14712,21,3
14713,42,7
14714,37,8
14715,7,3
14716,0,3
14717,42,4
14718,49,6
14719,32,7
14720,28,3
14721,31,6
14722,4,4
14723,1,3
14724,77,3
14725,54,6
14726,0,3
14727,9,3
14728,28,5
14729,15,4
14730,0,3
14731,19,6
14732,32,5
14733,0,3
14734,0,3
14735,0,3
14736,22,4
14737,0,3
14738,21,3
14739,53,8
14740,31,5
14741,12,4
14742,2,3
14743,21,4
14744,36,6
14745,4,4
14746,0,3
14747,27,7
14748,12,4
14749,33,5
14750,26,4
14751,0,3
14752,0,3
14753,32,6
14754,0,3
14755,0,3
14756,37,5
14757,28,3
14758,16,4
14759,0,3
14760,10,3
14761,19,4
14762,18,5
14763,27,7
14764,7,3
14765,0,3
14766,0,3
14767,12,4
14768,38,5
14769,23,5
14770,4,3
14771,0,3
14772,0,3
14773,7,3
14774,52,5
14775,1,3
14776,13,4
14777,0,3
14778,60,3
14779,0,3
14780,0,3
14781,40,5
14782,13,5
14783,9,5
14784,20,7
14785,2,3
14786,0,3
14787,6,4
14788,0,3
14789,0,3
14790,0,3
14791,0,3
14792,53,7
14793,0,3
14794,24,3
14795,1,3
14796,4,3
14797,0,3
14798,0,3
14799,18,5
14800,0,3
14801,4,3
14802,33,6
14803,20,3
14804,39,5
14805,0,3
14806,8,3
14807,1,3
14808,21,4
14809,31,6
14810,0,3
14811,37,4
14812,1,3
14813,19,7
14814,0,3
14815,5,4
14816,23,6
14817,17,7
14818,47,6
14819,0,3
14820,2,3
14821,2,3
14822,20,7
14823,16,3
14824,6,3
14825,0,3
14826,14,4
14827,10,4
14828,0,3
14829,27,4
14830,0,3
14831,16,3
14832,0,3
14833,43,8
14834,4,3
14835,0,3
14836,3,3
14837,2,3
14838,2,3
14839,45,5
14840,0,3
14841,0,3
14842,3,3
14843,0,3
14844,0,3
14845,18,5
14846,53,5
14847,28,5
14848,1,3
14849,10,3
14850,0,3
14851,0,3
14852,14,2
14853,13,5
14854,0,3
14855,29,5
14856,21,4
14857,0,3
14858,4,3
14859,0,3
14860,0,3
14861,16,5
14862,46,8
14863,31,5
14864,17,5
14865,0,3
14866,3,3
14867,0,3
14868,0,3
14869,36,7
14870,28,7
14871,44,5
14872,0,3
14873,0,3
14874,1,3
14875,9,4
14876,0,3
14877,79,3
14878,26,4
14879,19,3
14880,0,3
14881,0,3
14882,0,3
14883,9,4
14884,11,4
14885,8,6
14886,28,4
14887,24,6
14888,0,3
14889,0,3
14890,46,5
14891,0,3
14892,12,4
14893,47,7
14894,2,3
14895,12,4
14896,12,3
14897,0,3
14898,26,3
14899,0,3
14900,7,4
14901,33,5
14902,33,6
14903,4,3
14904,9,4
14905,20,6
14906,28,7
14907,4,4
14908,0,3
14909,7,3
14910,18,3
14911,0,3
14912,15,5
14913,30,5
14914,0,3
14915,0,3
14916,31,4
14917,14,4
14918,5,3
14919,41,4
14920,0,3
14921,2,3
14922,6,3
14923,14,5
14924,2,3
14925,5,3
14926,3,3
14927,2,3
14928,0,3
14929,1,3
14930,0,3
14931,0,3
14932,52,7
14933,39,8
14934,21,5
14935,22,4
14936,0,3
14937,30,6
14938,20,4
14939,0,3
14940,0,3
14941,0,3
14942,0,3
14943,0,3
14944,0,3
14945,69,10
14946,17,6
14947,1,3
14948,50,6
14949,0,3
14950,49,4
14951,42,7
14952,0,3
14953,1,3
14954,0,3
14955,0,3
14956,37,7
14957,35,9
14958,13,5
14959,35,6
14960,0,3
14961,0,3
14962,0,3
14963,0,3
14964,10,5
14965,20,6
14966,18,4
14967,0,3
14968,4,3
14969,8,3
14970,0,3
14971,0,3
14972,6,3
14973,0,3
14974,0,3
14975,38,6
14976,0,3
14977,44,7
14978,0,3
14979,15,6
14980,29,4
14981,34,5
14982,20,5
14983,61,7
14984,11,3
14985,6,4
14986,54,8
14987,0,3
14988,0,3
14989,0,3
14990,39,4
14991,18,3
14992,22,5
14993,58,4
14994,4,3
14995,36,2
14996,8,6
14997,26,7
14998,10,4
14999,23,5
15000,0,3
15001,0,3
15002,1,3
15003,0,3
15004,8,5
15005,18,6
15006,0,3
15007,24,4
15008,0,3
15009,17,4
15010,0,3
15011,6,5
15012,3,3
15013,0,3
15014,27,5
15015,28,4
15016,0,3
15017,32,6
15018,17,6
15019,12,5
15020,2,4
15021,0,3
15022,20,5
15023,58,5
15024,0,3
15025,12,4
15026,0,3
15027,0,3
15028,7,3
15029,18,2
15030,46,5
15031,16,4
15032,11,5
15033,42,5
15034,8,3
15035,0,3
15036,4,3
15037,11,3
15038,30,3
15039,10,4
15040,8,4
15041,5,3
15042,73,3
15043,0,3
15044,25,5
15045,0,3
15046,37,6
15047,3,3
15048,0,3
15049,42,5
15050,65,9
15051,13,3
15052,0,3
15053,39,4
15054,18,5
15055,0,3
15056,0,3
15057,1,3
15058,1,3
15059,0,3
15060,18,7
15061,0,3
15062,15,4
15063,40,4
15064,56,6
15065,35,5
15066,32,7
15067,0,3
15068,0,3
15069,0,3
15070,0,3
15071,5,3
15072,5,4
15073,16,5
15074,18,4
15075,30,5
15076,28,8
15077,0,3
15078,33,5
15079,10,3
15080,45,5
15081,0,3
15082,23,4
15083,0,3
15084,35,6
15085,21,5
15086,45,7
15087,0,3
15088,0,3
15089,0,3
15090,0,3
15091,41,7
15092,42,5
15093,0,3
15094,11,3
15095,0,3
15096,59,6
15097,20,5
15098,0,3
15099,3,3
15100,9,4
15101,5,3
15102,0,3
15103,17,5
15104,24,3
15105,0,3
15106,0,3
15107,0,3
15108,10,4
15109,0,3
15110,6,3
15111,0,3
15112,4,3
15113,0,3
15114,34,8
15115,20,5
15116,59,6
15117,7,4
15118,2,3
15119,27,4
15120,0,3
15121,0,3
15122,7,3
15123,0,3
15124,6,4
15125,0,3
15126,0,3
15127,3,3
15128,51,5
15129,0,3
15130,13,5
15131,45,5
15132,45,10
15133,39,5
15134,0,3
15135,0,3
15136,18,5
15137,13,4
15138,15,5
15139,0,3
15140,24,6
15141,0,3
15142,1,3
15143,0,3
15144,0,3
15145,7,3
15146,32,3
15147,10,4
15148,0,3
15149,32,4
15150,11,3
15151,0,3
15152,0,3
15153,30,4
15154,50,4
15155,0,3
15156,13,4
15157,25,4
15158,0,3
15159,6,3
15160,0,3
15161,14,4
15162,0,3
15163,0,3
15164,55,5
15165,32,7
15166,0,3
15167,0,3
15168,12,4
15169,0,3
15170,10,3
15171,89,6
15172,0,3
15173,60,5
15174,0,3
15175,3,3
15176,0,3
15177,0,3
15178,31,6
15179,11,4
15180,0,3
15181,8,4
15182,1,3
15183,21,4
15184,16,5
15185,0,3
15186,60,6
15187,36,6
15188,9,4
15189,54,4
15190,9,4
15191,5,3
15192,6,3
15193,3,3
15194,38,7
15195,0,3
15196,0,3
15197,5,3
15198,0,3
15199,49,6
15200,0,3
15201,58,6
15202,0,3
15203,1,3
15204,32,5
15205,53,5
15206,9,3
15207,0,3
15208,40,4
15209,0,3
15210,0,3
15211,51,7
15212,0,3
15213,0,3
15214,34,3
15215,1,3
15216,0,3
15217,47,7
15218,4,4
15219,0,3
15220,44,7
15221,16,4
15222,0,3
15223,33,5
15224,3,4
15225,0,3
15226,70,6
15227,0,3
15228,16,4
15229,28,5
15230,0,3
15231,6,5
15232,0,3
15233,0,3
15234,26,4
15235,0,3
15236,0,3
15237,0,3
15238,20,6
15239,0,3
15240,13,5
15241,40,5
15242,0,3
15243,7,3
15244,0,3
15245,0,3
15246,0,3
15247,9,3
15248,9,2
15249,18,3
15250,0,3
15251,0,3
15252,0,3
15253,26,3
15254,0,3
15255,5,3
15256,24,5
15257,29,6
15258,0,3
15259,11,3
15260,0,3
15261,0,3
15262,0,3
15263,8,4
15264,0,3
15265,63,6
15266,0,3
15267,9,5
15268,0,3
15269,56,4
15270,80,3
15271,0,3
15272,2,3
15273,4,3
15274,2,3
15275,20,7
15276,0,3
15277,0,3
15278,20,4
15279,10,5
15280,0,3
15281,0,3
15282,57,6
15283,0,3
15284,19,8
15285,29,8
15286,56,2
15287,11,3
15288,12,5
15289,41,7
15290,0,3
15291,0,3
15292,41,3
15293,0,3
15294,7,3
15295,62,5
15296,0,3
15297,6,4
15298,15,5
15299,3,3
15300,0,3
15301,27,5
15302,46,3
15303,25,5
15304,12,3
15305,0,3
15306,0,3
15307,15,4
15308,0,3
15309,0,3
15310,0,3
15311,41,5
15312,4,3
15313,0,3
15314,37,3
15315,1,3
15316,27,5
15317,10,4
15318,32,4
15319,0,3
15320,19,4
15321,11,3
15322,0,3
15323,0,3
15324,39,6
15325,0,3
15326,67,6
15327,37,4
15328,0,3
15329,0,3
15330,31,3
15331,26,7
15332,18,3
15333,18,5
15334,0,3
15335,20,5
15336,0,3
15337,0,3
15338,8,4
15339,34,4
15340,41,6
15341,0,3
15342,18,3
15343,4,3
15344,19,7
15345,27,3
15346,1,3
15347,11,2
15348,30,6
15349,21,4
15350,35,7
15351,1,3
15352,5,3
15353,18,3
15354,34,9
15355,0,3
15356,20,4
15357,0,3
15358,2,3
15359,0,3
15360,1,3
15361,28,4
15362,36,5
15363,23,7
15364,22,5
15365,11,4
15366,12,3
15367,22,3
15368,58,2
15369,0,3
15370,22,4
15371,0,3
15372,0,3
15373,74,8
15374,11,4
15375,7,3
15376,0,3
15377,36,5
15378,13,3
15379,13,3
15380,32,4
15381,0,3
15382,0,3
15383,15,3
15384,4,4
15385,24,4
15386,0,3
15387,13,6
15388,0,3
15389,37,4
15390,19,3
15391,2,3
15392,0,3
15393,14,5
15394,0,3
15395,0,3
15396,35,5
15397,0,3
15398,10,4
15399,31,7
15400,19,7
15401,0,3
15402,2,3
15403,0,3
15404,4,3
15405,15,4
15406,70,6
15407,16,5
15408,0,3
15409,19,5
15410,1,3
15411,10,3
15412,0,3
15413,13,6
15414,11,3
15415,5,3
15416,15,5
15417,0,3
15418,18,7
15419,0,3
15420,3,3
15421,48,6
15422,6,4
15423,29,6
15424,63,6
15425,0,3
15426,75,7
15427,0,3
15428,11,3
15429,0,3
15430,0,3
15431,21,5
15432,16,8
15433,33,5
15434,0,3
15435,2,3
15436,36,4
15437,16,5
15438,96,6
15439,20,5
15440,0,3
15441,0,3
15442,24,8
15443,0,3
15444,48,6
15445,0,3
15446,0,3
15447,28,6
15448,0,3
15449,47,4
15450,28,6
15451,10,6
15452,2,3
15453,46,3
15454,23,5
15455,59,5
15456,37,6
15457,2,4
15458,5,3
15459,36,4
15460,0,3
15461,0,3
15462,0,3
15463,40,3
15464,41,4
15465,0,3
15466,11,4
15467,35,7
15468,0,3
15469,31,4
15470,36,6
15471,26,8
15472,20,5
15473,0,3
15474,46,5
15475,0,3
15476,1,3
15477,0,3
15478,8,5
15479,0,3
15480,20,3
15481,0,3
15482,30,6
15483,0,3
15484,0,3
15485,29,5
15486,0,3
15487,49,8
15488,14,4
15489,17,5
15490,59,6
15491,20,6
15492,0,3
15493,1,3
15494,0,3
15495,0,3
15496,28,6
15497,41,3
15498,5,4
15499,0,3
15500,0,3
15501,17,5
15502,4,3
15503,0,3
15504,0,3
15505,0,3
15506,27,3
15507,0,3
15508,39,8
15509,0,3
15510,8,3
15511,18,5
15512,0,3
15513,19,6
15514,1,3
15515,1,2
15516,0,3
15517,18,4
15518,5,2
15519,0,3
15520,34,5
15521,22,5
15522,2,3
15523,0,3
15524,62,12
15525,5,4
15526,0,3
15527,44,5
15528,0,3
15529,49,5
15530,0,3
15531,15,4
15532,9,4
15533,28,6
15534,9,4
15535,6,4
15536,13,6
15537,39,5
15538,18,5
15539,0,3
15540,36,6
15541,33,6
15542,0,3
15543,0,3
15544,0,3
15545,0,3
15546,21,5
15547,10,4
15548,0,3
15549,0,3
15550,1,3
15551,0,3
15552,0,3
15553,0,3
15554,0,3
15555,23,4
15556,7,4
15557,1,3
15558,8,3
15559,0,3
15560,23,4
15561,2,3
15562,18,4
15563,14,4
15564,39,7
15565,15,3
15566,0,3
15567,33,5
15568,15,5
15569,1,3
15570,0,3
15571,34,5
15572,0,3
15573,23,3
15574,34,5
15575,4,3
15576,0,3
15577,16,3
15578,37,9
15579,1,3
15580,0,3
15581,0,3
15582,2,2
15583,4,5
15584,2,3
15585,12,5
15586,38,5
15587,50,5
15588,0,3
15589,8,5
15590,12,4
15591,25,6
15592,26,6
15593,42,7
15594,38,8
15595,3,3
15596,0,3
15597,48,7
15598,0,3
15599,0,3
15600,0,3
15601,0,3
15602,9,4
15603,37,5
15604,65,9
15605,30,4
15606,7,3
15607,90,4
15608,0,3
15609,1,3
15610,0,3
15611,1,3
15612,59,7
15613,8,4
15614,0,3
15615,8,4
15616,3,3
15617,4,3
15618,30,5
15619,4,4
15620,35,6
15621,24,6
15622,1,3
15623,38,5
15624,5,3
15625,12,3
15626,3,3
15627,5,3
15628,0,3
15629,15,5
15630,24,7
15631,0,3
15632,0,3
15633,20,5
15634,20,6
15635,0,3
15636,0,3
15637,7,4
15638,13,4
15639,18,5
15640,17,4
15641,0,3
15642,15,3
15643,13,4
15644,38,8
15645,21,5
15646,20,5
15647,32,4
15648,8,3
15649,40,10
15650,0,3
15651,0,3
15652,0,3
15653,0,3
15654,76,11
15655,4,3
15656,0,3
15657,16,3
15658,0,3
15659,0,3
15660,0,3
15661,30,4
15662,27,7
15663,37,4
15664,22,5
15665,46,9
15666,0,3
15667,1,3
15668,4,3
15669,83,8
15670,36,4
15671,1,3
15672,21,3
15673,4,4
15674,25,5
15675,0,3
15676,19,7
15677,14,4
15678,0,3
15679,39,5
15680,9,4
15681,0,3
15682,0,3
15683,35,4
15684,0,3
15685,23,8
15686,0,3
15687,0,3
15688,1,3
15689,0,3
15690,5,4
15691,0,3
15692,20,5
15693,0,3
15694,38,6
15695,62,4
15696,18,4
15697,14,5
15698,45,7
15699,0,3
15700,26,9
15701,38,6
15702,49,5
15703,0,3
15704,37,3
15705,0,3
15706,12,4
15707,27,7
15708,22,5
15709,0,3
15710,9,3
15711,1,3
15712,1,3
15713,0,3
15714,21,4
15715,0,3
15716,12,5
15717,46,5
15718,11,4
15719,0,3
15720,0,3
15721,17,5
15722,6,3
15723,0,3
15724,0,3
15725,29,6
15726,60,5
15727,0,3
15728,5,3
15729,1,3
15730,0,3
15731,8,3
15732,0,3
15733,5,3
15734,0,3
15735,25,5
15736,46,3
15737,0,3
15738,0,3
15739,7,3
15740,30,3
15741,65,6
15742,39,3
15743,0,3
15744,20,5
15745,0,3
15746,21,2
15747,0,3
15748,40,5
15749,0,3
15750,3,4
15751,6,3
15752,0,3
15753,21,4
15754,0,3
15755,36,5
15756,0,3
15757,50,7
15758,36,7
15759,0,3
15760,11,3
15761,5,3
15762,2,3
15763,4,3
15764,0,3
15765,1,3
15766,1,3
15767,68,3
15768,3,4
15769,0,3
15770,25,5
15771,39,5
15772,39,6
15773,58,6
15774,4,3
15775,0,3
15776,3,3
15777,0,3
15778,24,5
15779,28,5
15780,49,6
15781,6,3
15782,2,4
15783,0,3
15784,20,5
15785,11,3
15786,0,3
15787,0,3
15788,0,3
15789,39,4
15790,0,3
15791,10,3
15792,0,3
15793,0,3
15794,45,6
15795,0,3
15796,44,8
15797,0,3
15798,0,3
15799,0,3
15800,2,3
15801,47,6
15802,7,3
15803,23,6
15804,0,3
15805,14,3
15806,0,3
15807,40,6
15808,11,4
15809,25,7
15810,0,3
15811,8,4
15812,33,7
15813,12,5
15814,0,3
15815,15,5
15816,16,5
15817,50,7
15818,3,3
15819,24,6
15820,0,3
15821,0,3
15822,6,4
15823,0,3
15824,37,5
15825,0,3
15826,23,5
15827,22,5
15828,0,3
15829,0,3
15830,5,4
15831,0,3
15832,0,3
15833,9,3
15834,31,4
15835,18,4
15836,10,3
15837,29,6
15838,15,4
15839,0,3
15840,0,3
15841,18,6
15842,21,3
15843,3,3
15844,10,3
15845,10,3
15846,0,3
15847,2,3
15848,25,6
15849,43,6
15850,5,3
15851,67,5
15852,15,6
15853,79,7
15854,0,3
15855,1,3
15856,33,5
15857,0,3
15858,22,6
15859,0,3
15860,6,3
15861,16,4
15862,30,6
15863,0,3
15864,24,3
15865,32,4
15866,0,3
15867,9,5
15868,18,6
15869,43,6
15870,0,3
15871,26,9
15872,1,3
15873,18,3
15874,0,3
15875,0,3
15876,0,3
15877,21,5
15878,43,5
15879,0,3
15880,0,3
15881,0,3
15882,5,4
15883,20,5
15884,21,6
15885,14,5
15886,1,3
15887,16,4
15888,26,3
15889,0,3
15890,11,3
15891,2,3
15892,0,3
15893,32,9
15894,15,4
15895,31,7
15896,35,6
15897,9,4
15898,0,3
15899,9,2
15900,0,3
15901,35,6
15902,32,8
15903,0,3
15904,0,3
15905,0,3
15906,0,3
15907,18,5
15908,15,4
15909,56,5
15910,19,5
15911,0,3
15912,26,5
15913,100,6
15914,0,3
15915,0,3
15916,0,3
15917,31,5
15918,41,4
15919,0,3
15920,0,3
15921,24,4
15922,13,3
15923,9,4
15924,0,3
15925,0,3
15926,0,3
15927,5,5
15928,0,3
15929,105,4
15930,4,4
15931,10,4
15932,19,3
15933,0,3
15934,17,4
15935,0,3
15936,16,5
15937,3,3
15938,11,5
15939,0,3
15940,16,6
15941,0,3
15942,15,4
15943,0,3
15944,6,3
15945,11,5
15946,0,3
15947,57,3
15948,23,5
15949,0,3
15950,0,3
15951,3,3
15952,22,3
15953,0,3
15954,6,5
15955,31,6
15956,0,3
15957,0,3
15958,7,4
15959,8,3
15960,0,3
15961,8,4
15962,0,3
15963,46,5
15964,37,4
15965,35,3
15966,45,7
15967,0,3
15968,25,4
15969,0,3
15970,17,4
15971,1,3
15972,0,3
15973,22,7
15974,0,3
15975,0,3
15976,41,8
15977,2,4
15978,11,3
15979,0,3
15980,0,3
15981,0,3
15982,0,3
15983,3,3
15984,0,3
15985,7,3
15986,12,3
15987,21,3
15988,12,5
15989,5,3
15990,10,3
15991,11,3
15992,25,5
15993,0,3
15994,17,3
15995,14,3
15996,34,6
15997,7,3
15998,12,4
15999,53,5
16000,0,3
16001,11,4
16002,0,3
16003,24,7
16004,16,5
16005,20,5
16006,0,3
16007,49,6
16008,35,5
16009,0,3
16010,31,6
16011,10,5
16012,37,5
16013,9,4
16014,3,3
16015,3,3
16016,0,3
16017,34,3
16018,12,4
16019,0,3
16020,0,3
16021,0,3
16022,60,9
16023,22,6
16024,0,3
16025,42,7
16026,0,3
16027,0,3
16028,0,3
16029,14,4
16030,0,3
16031,24,5
16032,36,3
16033,0,3
16034,30,5
16035,9,4
16036,31,4
16037,1,3
16038,0,3
16039,47,4
16040,1,3
16041,25,8
16042,9,3
16043,25,6
16044,42,5
16045,2,3
16046,0,3
16047,39,6
16048,0,3
16049,2,3
16050,35,6
16051,0,3
16052,1,3
16053,10,4
16054,57,4
16055,16,6
16056,23,3
16057,11,4
16058,28,1
16059,44,5
16060,0,3
16061,31,4
16062,19,5
16063,13,3
16064,0,3
16065,0,3
16066,0,3
16067,30,5
16068,12,4
16069,51,9
16070,18,5
16071,0,3
16072,17,3
16073,0,3
16074,0,3
16075,13,5
16076,12,6
16077,14,6
16078,0,3
16079,33,3
16080,6,3
16081,5,3
16082,0,3
16083,22,6
16084,30,6
16085,0,3
16086,33,6
16087,0,3
16088,0,3
16089,29,3
16090,28,5
16091,18,4
16092,0,3
16093,55,5
16094,15,4
16095,47,3
16096,11,4
16097,14,5
16098,6,3
16099,62,5
16100,19,3
16101,0,3
16102,6,4
16103,0,3
16104,9,3
16105,0,3
16106,0,3
16107,7,3
16108,1,3
16109,14,5
16110,10,4
16111,0,3
16112,20,4
16113,0,3
16114,0,3
16115,0,3
16116,0,3
16117,0,3
16118,1,3
16119,0,3
16120,50,8
16121,0,3
16122,1,3
16123,13,4
16124,0,3
16125,0,3
16126,39,6
16127,10,5
16128,0,3
16129,8,4
16130,0,3
16131,0,3
16132,8,4
16133,22,6
16134,2,3
16135,0,3
16136,8,2
16137,8,3
16138,23,4
16139,25,4
16140,13,6
16141,3,3
16142,32,4
16143,0,3
16144,49,7
16145,40,6
16146,0,3
16147,24,4
16148,23,5
16149,25,7
16150,3,3
16151,32,6
16152,66,9
16153,31,6
16154,70,5
16155,0,3
16156,73,8
16157,0,3
16158,0,3
16159,0,3
16160,3,3
16161,0,3
16162,29,7
16163,71,4
16164,33,6
16165,11,3
16166,12,5
16167,10,4
16168,35,8
16169,56,6
16170,6,3
16171,34,7
16172,0,3
16173,48,4
16174,4,4
16175,0,3
16176,0,3
16177,6,3
16178,9,3
16179,42,5
16180,0,3
16181,9,4
16182,22,3
16183,0,3
16184,11,4
16185,0,3
16186,0,3
16187,11,4
16188,36,5
16189,45,8
16190,19,3
16191,22,6
16192,15,5
16193,0,3
16194,28,7
16195,33,4
16196,20,3
16197,16,5
16198,21,7
16199,12,4
16200,4,3
16201,3,4
16202,10,3
16203,0,3
16204,22,6
16205,0,3
16206,0,3
16207,17,3
16208,47,6
16209,0,3
16210,0,3
16211,11,4
16212,24,5
16213,0,3
16214,40,6
16215,0,3
16216,34,6
16217,0,3
16218,1,3
16219,3,3
16220,7,4
16221,13,4
16222,0,3
16223,58,6
16224,2,3
16225,1,3
16226,0,3
16227,51,8
16228,0,3
16229,19,6
16230,0,3
16231,16,4
16232,5,3
16233,1,3
16234,3,3
16235,0,3
16236,23,5
16237,3,3
16238,1,3
16239,2,3
16240,0,3
16241,4,3
16242,7,4
16243,0,3
16244,122,4
16245,0,3
16246,0,3
16247,27,7
16248,11,3
16249,41,7
16250,0,3
16251,0,3
16252,2,3
16253,0,3
16254,18,2
16255,38,5
16256,0,3
16257,25,4
16258,46,6
16259,1,3
16260,13,5
16261,78,4
16262,50,4
16263,0,3
16264,0,3
16265,5,4
16266,8,3
16267,46,6
16268,20,6
16269,29,7
16270,59,7
16271,88,6
16272,0,3
16273,47,8
16274,0,3
16275,14,4
16276,2,3
16277,15,4
16278,5,3
16279,5,3
16280,24,4
16281,70,8
16282,33,4
16283,4,3
16284,67,4
16285,0,3
16286,58,7
16287,0,3
16288,0,3
16289,8,3
16290,0,3
16291,8,4
16292,39,6
16293,7,4
16294,8,4
16295,40,3
16296,18,5
16297,0,3
16298,24,6
16299,0,3
16300,17,5
16301,1,3
16302,16,3
16303,60,3
16304,9,4
16305,4,3
16306,9,4
16307,17,4
16308,0,3
16309,29,5
16310,0,3
16311,0,3
16312,33,7
16313,15,3
16314,67,6
16315,70,9
16316,15,6
16317,0,3
16318,0,3
16319,0,3
16320,25,6
16321,37,4
16322,41,3
16323,0,3
16324,0,3
16325,10,3
16326,44,6
16327,0,3
16328,34,3
16329,32,6
16330,53,9
16331,0,3
16332,25,5
16333,15,5
16334,0,3
16335,18,7
16336,22,4
16337,0,3
16338,42,8
16339,39,5
16340,1,3
16341,0,3
16342,0,3
16343,20,4
16344,44,6
16345,23,4
16346,0,3
16347,1,3
16348,10,3
16349,59,8
16350,1,3
16351,21,5
16352,0,3
16353,11,3
16354,0,3
16355,4,3
16356,23,3
16357,0,3
16358,1,3
16359,32,5
16360,24,6
16361,4,4
16362,1,3
16363,62,7
16364,24,4
16365,31,7
16366,0,3
16367,35,6
16368,0,3
16369,0,3
16370,8,4
16371,33,5
16372,0,3
16373,0,3
16374,0,3
16375,3,3
16376,33,2
16377,0,3
16378,11,5
16379,42,7
16380,44,6
16381,5,3
16382,5,3
16383,0,3
16384,0,3
16385,0,3
16386,25,9
16387,0,3
16388,6,4
16389,58,5
16390,20,4
16391,0,3
16392,0,3
16393,6,3
16394,0,3
16395,0,3
16396,18,5
16397,3,3
16398,30,8
16399,13,5
16400,41,5
16401,0,3
16402,26,3
16403,9,4
16404,0,3
16405,26,6
16406,0,3
16407,1,3
16408,29,7
16409,24,5
16410,52,6
16411,31,4
16412,14,5
16413,0,3
16414,8,4
16415,38,6
16416,0,3
16417,19,3
16418,8,3
16419,17,6
16420,0,3
16421,12,4
16422,30,6
16423,68,8
16424,92,3
16425,11,4
16426,39,4
16427,19,2
16428,30,5
16429,53,8
16430,14,3
16431,0,3
16432,26,2
16433,0,3
16434,2,3
16435,0,3
16436,0,3
16437,15,3
16438,9,3
16439,33,4
16440,27,3
16441,30,8
16442,25,6
16443,23,8
16444,4,3
16445,0,3
16446,0,3
16447,0,3
16448,3,3
16449,41,4
16450,26,6
16451,0,3
16452,95,5
16453,0,3
16454,0,3
16455,11,4
16456,0,3
16457,2,3
16458,20,5
16459,10,3
16460,0,3
16461,22,4
16462,0,3
16463,16,5
16464,0,3
16465,67,5
16466,4,3
16467,13,4
16468,20,5
16469,35,5
16470,0,3
16471,13,5
16472,0,3
16473,5,4
16474,0,3
16475,3,3
16476,7,3
16477,10,4
16478,0,3
16479,0,3
16480,0,3
16481,2,3
16482,39,6
16483,0,3
16484,0,3
16485,0,3
16486,13,3
16487,0,3
16488,0,3
16489,13,4
16490,55,4
16491,0,3
16492,1,3
16493,0,3
16494,22,7
16495,0,3
16496,19,3
16497,16,4
16498,11,3
16499,0,3
16500,55,6
16501,28,6
16502,0,3
16503,37,6
16504,0,3
16505,40,9
16506,10,4
16507,18,5
16508,19,4
16509,19,4
16510,56,5
16511,35,8
16512,3,3
16513,59,8
16514,32,5
16515,6,3
16516,22,4
16517,0,3
16518,30,7
16519,14,3
16520,0,3
16521,9,5
16522,21,6
16523,15,6
16524,34,5
16525,0,3
16526,15,4
16527,0,3
16528,0,3
16529,73,6
16530,0,3
16531,0,3
16532,0,3
16533,0,3
16534,12,3
16535,0,3
16536,32,6
16537,0,3
16538,0,3
16539,15,4
16540,5,3
16541,6,4
16542,4,4
16543,18,5
16544,16,3
16545,7,4
16546,6,3
16547,0,3
16548,0,3
16549,15,4
16550,11,5
16551,62,6
16552,0,3
16553,0,3
16554,0,3
16555,59,6
16556,15,5
16557,18,4
16558,0,3
16559,0,3
16560,0,3
16561,6,3
16562,12,3
16563,0,3
16564,11,4
16565,0,3
16566,38,5
16567,44,4
16568,3,4
16569,70,9
16570,16,5
16571,11,4
16572,0,3
16573,10,3
16574,0,3
16575,75,5
16576,27,5
16577,0,3
16578,0,3
16579,0,3
16580,0,3
16581,14,5
16582,33,7
16583,3,3
16584,0,3
16585,11,3
16586,0,3
16587,0,3
16588,0,3
16589,12,5
16590,46,5
16591,103,5
16592,1,3
16593,29,9
16594,44,7
16595,20,4
16596,22,4
16597,44,5
16598,45,5
16599,0,3
16600,15,4
16601,33,5
16602,0,3
16603,7,4
16604,4,3
16605,11,4
16606,0,3
16607,3,3
16608,0,3
16609,57,3
16610,0,3
16611,20,4
16612,6,4
16613,61,8
16614,0,3
16615,1,3
16616,14,5
16617,16,3
16618,0,3
16619,0,3
16620,0,3
16621,0,3
16622,2,3
16623,12,5
16624,3,3
16625,14,4
16626,16,5
16627,22,4
16628,23,4
16629,0,3
16630,12,5
16631,54,7
16632,86,7
16633,21,4
16634,34,6
16635,30,6
16636,8,4
16637,12,4
16638,33,3
16639,8,3
16640,11,3
16641,0,3
16642,26,7
16643,0,3
16644,72,6
16645,0,3
16646,0,3
16647,12,6
16648,0,3
16649,0,3
16650,12,4
16651,26,5
16652,27,6
16653,160,4
16654,46,4
16655,0,3
16656,28,7
16657,0,3
16658,14,4
16659,10,4
16660,75,4
16661,46,7
16662,0,3
16663,71,7
16664,7,5
16665,49,7
16666,0,3
16667,0,3
16668,2,3
16669,0,3
16670,23,8
16671,0,3
16672,6,3
16673,5,3
16674,11,4
16675,0,3
16676,0,3
16677,0,3
16678,29,5
16679,0,3
16680,38,8
16681,22,7
16682,2,4
16683,0,3
16684,0,3
16685,0,3
16686,48,6
16687,6,4
16688,60,2
16689,57,7
16690,65,7
16691,33,4
16692,13,3
16693,49,6
16694,48,8
16695,0,3
16696,0,3
16697,7,5
16698,25,2
16699,0,3
16700,10,3
16701,12,4
16702,57,4
16703,0,3
16704,13,3
16705,0,3
16706,0,3
16707,72,5
16708,14,4
16709,0,3
16710,0,3
16711,0,3
16712,0,3
16713,20,4
16714,6,4
16715,4,3
16716,6,3
16717,24,4
16718,0,3
16719,45,7
16720,8,3
16721,0,3
16722,54,2
16723,43,8
16724,0,3
16725,0,3
16726,36,5
16727,0,3
16728,9,3
16729,15,6
16730,15,4
16731,0,3
16732,50,7
16733,51,6
16734,14,4
16735,0,3
16736,17,7
16737,55,7
16738,21,4
16739,4,4
16740,2,3
16741,56,6
16742,0,3
16743,0,3
16744,23,5
16745,0,3
16746,0,3
16747,15,3
16748,33,6
16749,0,3
16750,35,9
16751,55,5
16752,12,4
16753,7,3
16754,19,4
16755,5,3
16756,7,4
16757,61,13
16758,0,3
16759,6,4
16760,14,4
16761,0,3
16762,6,3
16763,24,5
16764,22,7
16765,30,6
16766,0,3
16767,1,3
16768,15,4
16769,33,6
16770,0,3
16771,0,3
16772,7,3
16773,30,5
16774,13,5
16775,0,3
16776,6,3
16777,0,3
16778,0,3
16779,13,3
16780,46,6
16781,28,3
16782,0,3
16783,0,3
16784,13,3
16785,0,3
16786,15,3
16787,18,3
16788,45,8
16789,1,3
16790,0,3
16791,42,10
16792,0,3
16793,0,3
16794,16,4
16795,4,3
16796,18,5
16797,0,3
16798,53,4
16799,44,4
16800,0,3
16801,9,3
16802,72,8
16803,1,3
16804,0,3
16805,0,3
16806,12,6
16807,28,4
16808,0,3
16809,0,3
16810,3,3
16811,0,3
16812,48,6
16813,41,6
16814,0,3
16815,2,3
16816,21,4
16817,0,3
16818,65,3
16819,0,3
16820,8,4
16821,2,3
16822,35,6
16823,0,3
16824,56,7
16825,0,3
16826,3,4
16827,45,5
16828,51,5
16829,3,3
16830,7,3
16831,10,5
16832,26,4
16833,0,3
16834,0,3
16835,0,3
16836,21,4
16837,0,3
16838,0,3
16839,52,8
16840,33,8
16841,9,3
16842,4,4
16843,0,3
16844,0,3
16845,0,3
16846,6,4
16847,0,3
16848,0,3
16849,0,3
16850,0,3
16851,46,7
16852,0,3
16853,17,5
16854,29,5
16855,0,3
16856,35,4
16857,83,4
16858,17,3
16859,10,3
16860,41,6
16861,0,3
16862,74,7
16863,66,8
16864,9,5
16865,0,3
16866,50,5
16867,39,7
16868,5,4
16869,61,6
16870,62,6
16871,0,3
16872,29,7
16873,0,3
16874,0,3
16875,40,7
16876,13,4
16877,12,3
16878,0,3
16879,29,4
16880,0,3
16881,11,4
16882,0,3
16883,0,3
16884,23,4
16885,1,3
16886,15,6
16887,13,4
16888,35,7
16889,0,3
16890,0,3
16891,0,3
16892,19,6
16893,48,6
16894,17,4
16895,0,3
16896,59,9
16897,0,3
16898,0,3
16899,10,4
16900,40,8
16901,1,3
16902,4,4
16903,0,3
16904,0,3
16905,0,3
16906,0,3
16907,2,3
16908,1,3
16909,18,4
16910,18,4
16911,11,3
16912,46,9
16913,20,6
16914,3,3
16915,50,3
16916,86,6
16917,28,5
16918,23,5
16919,0,3
16920,2,3
16921,24,5
16922,8,4
16923,0,3
16924,0,3
16925,45,5
16926,18,5
16927,17,4
16928,29,5
16929,2,3
16930,0,3
16931,19,4
16932,50,5
16933,0,3
16934,0,3
16935,6,3
16936,31,6
16937,32,5
16938,13,4
16939,0,3
16940,0,3
16941,0,3
16942,4,4
16943,0,3
16944,0,3
16945,37,9
16946,0,3
16947,4,3
16948,0,3
16949,0,3
16950,54,8
16951,0,3
16952,0,3
16953,5,3
16954,0,3
16955,0,3
16956,0,3
16957,0,3
16958,27,4
16959,0,3
16960,31,6
16961,24,5
16962,16,3
16963,0,3
16964,14,6
16965,14,4
16966,49,7
16967,24,5
16968,0,3
16969,17,4
16970,55,2
16971,17,4
16972,0,3
16973,0,3
16974,25,5
16975,11,3
16976,23,5
16977,0,3
16978,12,5
16979,10,4
16980,0,3
16981,4,3
16982,0,3
16983,21,6
16984,0,3
16985,10,4
16986,0,3
16987,5,4
16988,31,4
16989,62,6
16990,18,5
16991,18,5
16992,34,7
16993,66,7
16994,4,3
16995,35,6
16996,7,4
16997,49,6
16998,30,5
16999,57,5
17000,9,3
17001,85,4
17002,48,4
17003,3,3
17004,2,3
17005,8,3
17006,0,3
17007,36,5
17008,6,5
17009,0,3
17010,11,3
17011,14,3
17012,0,3
17013,0,3
17014,31,5
17015,20,3
17016,18,6
17017,9,3
17018,0,3
17019,16,2
17020,0,3
17021,0,3
17022,0,3
17023,22,5
17024,7,3
17025,0,3
17026,9,3
17027,16,5
17028,2,4
17029,2,3
17030,2,3
17031,33,7
17032,2,4
17033,23,5
17034,46,7
17035,41,7
17036,42,5
17037,0,3
17038,0,3
17039,10,5
17040,0,3
17041,0,3
17042,31,8
17043,14,5
17044,0,3
17045,0,3
17046,0,3
17047,25,6
17048,52,6
17049,27,6
17050,23,6
17051,25,5
17052,0,3
17053,43,6
17054,0,3
17055,56,8
17056,0,3
17057,42,5
17058,0,3
17059,20,4
17060,0,3
17061,19,6
17062,40,3
17063,12,4
17064,13,5
17065,2,3
17066,54,4
17067,0,3
17068,42,6
17069,63,4
17070,0,3
17071,0,3
17072,19,6
17073,0,3
17074,0,3
17075,3,3
17076,81,8
17077,13,5
17078,42,6
17079,0,3
17080,67,8
17081,0,3
17082,34,7
17083,21,5
17084,30,6
17085,47,5
17086,31,7
17087,19,7
17088,0,3
17089,53,7
17090,0,3
17091,42,4
17092,0,3
17093,0,3
17094,2,3
17095,54,7
17096,0,3
17097,0,3
17098,0,3
17099,0,3
17100,0,3
17101,12,4
17102,0,3
17103,0,3
17104,38,5
17105,10,4
17106,32,5
17107,13,4
17108,25,7
17109,16,4
17110,18,3
17111,10,4
17112,16,4
17113,0,3
17114,45,4
17115,37,7
17116,0,3
17117,14,2
17118,0,3
17119,1,3
17120,0,3
17121,37,5
17122,55,5
17123,0,3
17124,0,3
17125,5,3
17126,12,3
17127,46,9
17128,30,5
17129,0,3
17130,56,7
17131,16,3
17132,28,6
17133,25,7
17134,18,5
17135,14,4
17136,37,7
17137,15,5
17138,6,3
17139,0,3
17140,52,8
17141,17,4
17142,74,10
17143,12,4
17144,0,3
17145,30,3
17146,0,3
17147,1,3
17148,0,3
17149,8,5
17150,174,4
17151,48,4
17152,0,3
17153,1,3
17154,0,3
17155,58,5
17156,0,3
17157,0,3
17158,0,3
17159,26,2
17160,19,4
17161,36,6
17162,29,5
17163,0,3
17164,0,3
17165,44,8
17166,70,5
17167,22,5
17168,18,4
17169,19,5
17170,12,3
17171,22,5
17172,0,3
17173,3,3
17174,25,6
17175,4,3
17176,1,3
17177,0,3
17178,0,3
17179,0,3
17180,0,3
17181,39,7
17182,0,3
17183,0,3
17184,0,3
17185,0,3
17186,0,3
17187,37,7
17188,0,3
17189,0,3
17190,11,4
17191,3,3
17192,0,3
17193,6,4
17194,0,3
17195,8,4
17196,10,4
17197,0,3
17198,0,3
17199,0,3
17200,31,7
17201,27,7
17202,15,4
17203,0,3
17204,32,5
17205,0,3
17206,6,3
17207,9,3
17208,13,5
17209,26,4
17210,12,3
17211,0,3
17212,17,4
17213,3,3
17214,20,4
17215,0,3
17216,0,3
17217,2,3
17218,12,3
17219,5,3
17220,0,3
17221,5,3
17222,39,8
17223,0,3
17224,0,3
17225,15,6
17226,30,9
17227,57,4
17228,17,6
17229,62,4
17230,0,3
17231,18,6
17232,7,3
17233,2,3
17234,37,5
17235,0,3
17236,4,3
17237,0,3
17238,4,4
17239,82,7
17240,0,3
17241,5,3
17242,27,4
17243,57,8
17244,14,6
17245,10,4
17246,0,3
17247,31,5
17248,0,3
17249,0,3
17250,15,5
17251,18,5
17252,0,3
17253,9,5
17254,7,4
17255,21,2
17256,0,3
17257,11,5
17258,17,4
17259,0,3
17260,0,3
17261,0,3
17262,0,3
17263,0,3
17264,25,5
17265,0,3
17266,17,4
17267,26,6
17268,0,3
17269,67,5
17270,0,3
17271,6,3
17272,32,4
17273,8,4
17274,29,6
17275,14,4
17276,14,3
17277,0,3
17278,30,5
17279,1,4
17280,7,4
17281,9,3
17282,28,5
17283,0,3
17284,41,5
17285,3,3
17286,13,5
17287,6,3
17288,0,3
17289,49,6
17290,27,5
17291,40,7
17292,2,3
17293,28,4
17294,16,4
17295,29,5
17296,0,3
17297,1,3
17298,6,4
17299,38,7
17300,9,4
17301,0,3
17302,0,3
17303,9,5
17304,8,4
17305,21,6
17306,0,3
17307,24,6
17308,12,4
17309,2,3
17310,0,3
17311,0,3
17312,18,5
17313,11,4
17314,40,4
17315,33,4
17316,1,3
17317,0,3
17318,34,6
17319,14,5
17320,14,5
17321,0,3
17322,12,3
17323,29,5
17324,0,3
17325,22,5
17326,26,7
17327,24,6
17328,17,4
17329,41,5
17330,0,3
17331,16,5
17332,0,3
17333,9,3
17334,6,3
17335,21,5
17336,6,3
17337,0,3
17338,52,4
17339,0,3
17340,46,7
17341,18,5
17342,49,5
17343,9,5
17344,22,7
17345,0,3
17346,15,5
17347,32,4
17348,0,3
17349,8,4
17350,11,4
17351,7,4
17352,0,3
17353,25,5
17354,50,10
17355,25,5
17356,1,3
17357,0,3
17358,20,6
17359,0,3
17360,0,3
17361,10,4
17362,0,3
17363,1,3
17364,26,6
17365,1,3
17366,26,5
17367,4,3
17368,93,7
17369,2,3
17370,0,3
17371,20,5
17372,36,6
17373,25,6
17374,11,4
17375,0,3
17376,0,3
17377,1,3
17378,0,3
17379,18,6
17380,8,3
17381,21,5
17382,31,7
17383,34,5
17384,58,7
17385,14,3
17386,0,3
17387,0,3
17388,34,6
17389,3,3
17390,44,6
17391,0,3
17392,8,4
17393,20,4
17394,0,3
17395,59,6
17396,5,3
17397,10,3
17398,30,7
17399,31,4
17400,0,3
17401,14,3
17402,0,3
17403,26,7
17404,43,4
17405,0,3
17406,7,4
17407,35,4
17408,0,3
17409,22,4
17410,27,4
17411,0,3
17412,6,3
17413,0,3
17414,26,4
17415,19,5
17416,13,5
17417,36,7
17418,0,3
17419,10,4
17420,0,3
17421,8,5
17422,14,4
17423,29,5
17424,0,3
17425,0,3
17426,0,3
17427,0,3
17428,0,3
17429,45,7
17430,16,5
17431,36,3
17432,0,3
17433,47,9
17434,16,5
17435,31,5
17436,0,3
17437,28,7
17438,0,3
17439,7,4
17440,6,4
17441,0,3
17442,0,3
17443,33,3
17444,37,5
17445,0,3
17446,8,4
17447,3,3
17448,17,5
17449,0,3
17450,18,3
17451,19,5
17452,9,3
17453,0,3
17454,70,12
17455,5,3
17456,81,10
17457,0,3
17458,57,8
17459,0,3
17460,28,6
17461,3,3
17462,20,4
17463,16,5
17464,19,8
17465,1,3
17466,0,3
17467,22,6
17468,27,5
17469,10,4
17470,18,5
17471,71,6
17472,0,3
17473,0,3
17474,19,6
17475,21,6
17476,2,3
17477,0,3
17478,28,3
17479,0,3
17480,0,3
17481,23,5
17482,11,5
17483,15,4
17484,42,5
17485,19,4
17486,53,6
17487,0,3
17488,0,3
17489,3,3
17490,0,3
17491,44,9
17492,25,6
17493,79,10
17494,0,3
17495,17,6
17496,21,6
17497,30,4
17498,0,3
17499,34,7
17500,13,2
17501,39,8
17502,9,4
17503,0,3
17504,27,9
17505,7,3
17506,6,3
17507,0,3
17508,3,3
17509,158,6
17510,51,5
17511,23,4
17512,33,3
17513,0,3
17514,16,4
17515,3,3
17516,30,6
17517,0,3
17518,6,3
17519,0,3
17520,0,3
17521,0,3
17522,25,6
17523,0,3
17524,54,6
17525,0,3
17526,14,4
17527,7,3
17528,11,4
17529,21,6
17530,9,4
17531,20,5
17532,17,6
17533,0,3
17534,0,3
17535,11,3
17536,0,3
17537,0,3
17538,0,3
17539,0,3
17540,0,3
17541,39,4
17542,22,5
17543,0,3
17544,5,5
17545,0,3
17546,61,4
17547,3,3
17548,9,3
17549,48,3
17550,0,3
17551,0,3
17552,0,3
17553,0,3
17554,29,3
17555,24,4
17556,41,7
17557,39,6
17558,22,3
17559,0,3
17560,15,4
17561,0,3
17562,25,9
17563,0,3
17564,29,6
17565,9,4
17566,34,8
17567,32,4
17568,19,5
17569,128,7
17570,12,4
17571,6,3
17572,0,3
17573,13,5
17574,46,3
17575,34,3
17576,0,3
17577,18,5
17578,0,3
17579,6,2
17580,12,5
17581,25,5
17582,10,3
17583,0,3
17584,34,8
17585,4,3
17586,0,3
17587,0,3
17588,62,9
17589,45,7
17590,36,7
17591,44,7
17592,16,4
17593,4,3
17594,2,4
17595,8,4
17596,45,7
17597,5,3
17598,0,3
17599,70,9
17600,0,3
17601,15,5
17602,20,4
17603,27,5
17604,18,4
17605,54,3
17606,26,7
17607,15,4
17608,28,8
17609,1,3
17610,32,5
17611,53,8
17612,0,3
17613,0,3
17614,20,5
17615,0,3
17616,53,8
17617,0,3
17618,31,4
17619,0,3
17620,19,6
17621,0,3
17622,29,6
17623,43,5
17624,25,7
17625,0,3
17626,38,6
17627,27,4
17628,17,3
17629,0,3
17630,1,3
17631,0,3
17632,0,3
17633,29,5
17634,59,6
17635,4,3
17636,4,3
17637,14,5
17638,5,3
17639,31,5
17640,0,3
17641,36,8
17642,18,3
17643,0,3
17644,21,4
17645,15,3
17646,54,6
17647,34,4
17648,0,3
17649,64,8
17650,29,7
17651,2,3
17652,0,3
17653,9,5
17654,32,7
17655,50,7
17656,0,3
17657,18,3
17658,35,6
17659,10,5
17660,28,5
17661,4,3
17662,19,3
17663,18,5
17664,0,3
17665,0,3
17666,1,3
17667,4,4
17668,25,6
17669,0,3
17670,0,3
17671,0,3
17672,0,3
17673,8,4
17674,1,3
17675,0,3
17676,0,3
17677,27,4
17678,34,7
17679,8,3
17680,0,3
17681,12,6
17682,13,3
17683,22,5
17684,0,3
17685,33,7
17686,0,3
17687,0,3
17688,0,3
17689,40,7
17690,0,3
17691,7,5
17692,0,3
17693,10,4
17694,10,4
17695,12,5
17696,0,3
17697,0,3
17698,15,4
17699,24,5
17700,5,3
17701,32,6
17702,0,3
17703,17,5
17704,0,3
17705,12,3
17706,44,6
17707,44,9
17708,35,5
17709,21,5
17710,0,3
17711,63,7
17712,41,7
17713,21,6
17714,0,3
17715,12,5
17716,60,4
17717,0,3
17718,0,3
17719,23,5
17720,31,5
17721,3,3
17722,37,6
17723,4,3
17724,27,7
17725,0,3
17726,4,4
17727,19,6
17728,1,3
17729,3,3
17730,22,3
17731,0,3
17732,0,3
17733,14,3
17734,18,5
17735,0,3
17736,5,4
17737,25,5
17738,21,5
17739,0,3
17740,0,3
17741,13,5
17742,16,4
17743,33,5
17744,0,3
17745,19,4
17746,0,3
17747,65,6
17748,0,3
17749,17,5
17750,0,3
17751,0,3
17752,23,5
17753,3,3
17754,19,4
17755,82,6
17756,32,7
17757,0,3
17758,9,3
17759,62,6
17760,0,3
17761,13,4
17762,0,3
17763,52,6
17764,0,3
17765,30,7
17766,58,5
17767,11,6
17768,10,3
17769,46,4
17770,18,5
17771,19,5
17772,26,7
17773,16,3
17774,24,5
17775,22,6
17776,21,3
17777,8,3
17778,39,7
17779,17,5
17780,0,3
17781,0,3
17782,13,4
17783,30,5
17784,14,6
17785,20,6
17786,5,2
17787,45,6
17788,13,4
17789,0,3
17790,5,3
17791,12,3
17792,14,7
17793,0,3
17794,14,5
17795,0,3
17796,56,6
17797,85,7
17798,8,5
17799,48,8
17800,60,8
17801,23,3
17802,0,3
17803,6,5
17804,108,3
17805,1,3
17806,15,4
17807,9,5
17808,19,9
17809,0,3
17810,0,3
17811,41,7
17812,0,3
17813,0,3
17814,29,5
17815,26,4
17816,17,5
17817,35,8
17818,34,4
17819,0,3
17820,0,3
17821,0,3
17822,1,3
17823,34,4
17824,46,9
17825,8,3
17826,23,5
17827,0,3
17828,38,8
17829,0,3
17830,6,3
17831,0,3
17832,44,7
17833,3,4
17834,23,7
17835,0,3
17836,0,3
17837,0,3
17838,15,3
17839,0,3
17840,15,5
17841,8,4
17842,0,3
17843,23,6
17844,0,3
17845,36,4
17846,25,6
17847,0,3
17848,23,4
17849,18,5
17850,80,7
17851,0,3
17852,1,3
17853,84,5
17854,0,3
17855,0,3
17856,27,5
17857,0,3
17858,23,6
17859,5,3
17860,0,3
17861,0,3
17862,7,3
17863,22,3
17864,0,3
17865,0,3
17866,28,6
17867,8,6
17868,0,3
17869,15,3
17870,36,8
17871,0,3
17872,24,3
17873,27,6
17874,1,3
17875,20,3
17876,0,3
17877,0,3
17878,40,4
17879,51,7
17880,18,5
17881,5,3
17882,72,10
17883,16,5
17884,0,3
17885,30,3
17886,44,6
17887,33,4
17888,0,3
17889,10,4
17890,15,6
17891,39,4
17892,25,4
17893,22,4
17894,75,6
17895,0,3
17896,0,3
17897,0,3
17898,18,4
17899,77,8
17900,1,3
17901,0,3
17902,0,3
17903,0,3
17904,11,3
17905,26,6
17906,25,6
17907,0,3
17908,45,7
17909,10,5
17910,0,3
17911,23,4
17912,1,3
17913,18,5
17914,0,3
17915,0,3
17916,0,3
17917,14,5
17918,12,5
17919,31,6
17920,19,4
17921,0,3
17922,48,5
17923,22,3
17924,32,9
17925,44,7
17926,49,8
17927,11,5
17928,0,3
17929,25,8
17930,6,3
17931,39,9
17932,38,6
17933,0,3
17934,0,3
17935,0,3
17936,0,3
17937,33,4
17938,10,6
17939,7,3
17940,52,5
17941,0,3
17942,0,3
17943,45,7
17944,15,4
17945,35,5
17946,0,3
17947,5,5
17948,11,4
17949,23,4
17950,0,3
17951,16,4
17952,43,6
17953,0,3
17954,6,3
17955,93,8
17956,0,3
17957,0,3
17958,20,7
17959,0,3
17960,19,5
17961,24,4
17962,0,3
17963,25,3
17964,29,5
17965,0,3
17966,0,3
17967,0,3
17968,17,3
17969,17,6
17970,0,3
17971,22,4
17972,36,6
17973,0,3
17974,0,3
17975,11,5
17976,0,3
17977,4,4
17978,0,3
17979,0,3
17980,0,3
17981,0,3
17982,27,5
17983,0,3
17984,11,5
17985,2,3
17986,19,4
17987,4,3
17988,34,6
17989,37,9
17990,17,5
17991,0,3
17992,0,3
17993,3,3
17994,36,5
17995,0,3
17996,11,3
17997,39,6
17998,10,3
17999,0,3
18000,20,4
18001,0,3
18002,0,3
18003,20,4
18004,0,3
18005,42,8
18006,0,3
18007,0,3
18008,29,4
18009,0,3
18010,49,7
18011,0,3
18012,32,6
18013,0,3
18014,0,3
18015,83,11
18016,35,7
18017,18,4
18018,43,7
18019,0,3
18020,29,7
18021,37,6
18022,28,5
18023,29,5
18024,32,7
18025,0,3
18026,0,3
18027,46,5
18028,4,3
18029,44,4
18030,0,3
18031,38,6
18032,0,3
18033,0,3
18034,0,3
18035,7,3
18036,5,4
18037,56,7
18038,0,3
18039,21,5
18040,102,9
18041,14,5
18042,37,7
18043,1,3
18044,56,6
18045,0,3
18046,0,3
18047,19,6
18048,28,6
18049,17,4
18050,0,3
18051,0,3
18052,0,3
18053,13,4
18054,0,3
18055,25,6
18056,7,4
18057,13,4
18058,27,5
18059,0,3
18060,30,4
18061,26,6
18062,16,5
18063,26,5
18064,0,3
18065,17,4
18066,18,5
18067,0,3
18068,21,7
18069,74,7
18070,20,4
18071,45,4
18072,6,4
18073,0,3
18074,0,3
18075,62,7
18076,0,3
18077,0,3
18078,1,3
18079,0,3
18080,44,4
18081,42,7
18082,0,3
18083,10,4
18084,0,3
18085,0,3
18086,13,5
18087,0,3
18088,0,3
18089,0,3
18090,23,4
18091,9,3
18092,24,6
18093,0,3
18094,18,6
18095,19,5
18096,27,4
18097,0,3
18098,3,3
18099,13,4
18100,0,3
18101,0,3
18102,50,5
18103,40,6
18104,0,3
18105,25,4
18106,20,4
18107,0,3
18108,4,4
18109,81,2
18110,4,3
18111,0,3
18112,4,4
18113,0,3
18114,11,4
18115,12,4
18116,8,4
18117,7,3
18118,31,5
18119,10,5
18120,30,5
18121,1,3
18122,2,3
18123,9,5
18124,51,5
18125,0,3
18126,0,3
18127,18,3
18128,0,3
18129,0,3
18130,17,4
18131,27,5
18132,4,3
18133,64,7
18134,0,3
18135,2,3
18136,0,3
18137,0,3
18138,0,3
18139,18,4
18140,0,3
18141,0,3
18142,4,3
18143,18,4
18144,11,3
18145,0,3
18146,15,4
18147,7,3
18148,5,4
18149,12,4
18150,0,3
18151,42,8
18152,0,3
18153,6,3
18154,0,3
18155,12,5
18156,50,3
18157,0,3
18158,0,3
18159,19,7
18160,18,4
18161,0,3
18162,5,3
18163,86,7
18164,38,6
18165,0,3
18166,31,5
18167,0,3
18168,8,4
18169,40,6
18170,75,6
18171,0,3
18172,14,5
18173,10,3
18174,34,4
18175,0,3
18176,71,5
18177,0,3
18178,0,3
18179,32,6
18180,6,3
18181,81,10
18182,7,4
18183,58,5
18184,71,9
18185,7,3
18186,0,3
18187,0,3
18188,0,3
18189,0,3
18190,0,3
18191,0,3
18192,0,3
18193,6,2
18194,15,6
18195,0,3
18196,28,4
18197,0,3
18198,16,4
18199,0,3
18200,0,3
18201,0,3
18202,26,4
18203,31,4
18204,39,7
18205,8,3
18206,19,3
18207,2,3
18208,0,3
18209,21,6
18210,5,4
18211,8,3
18212,29,7
18213,0,3
18214,72,6
18215,0,3
18216,4,3
18217,7,4
18218,0,3
18219,0,3
18220,25,6
18221,0,3
18222,0,3
18223,0,3
18224,0,3
18225,0,3
18226,0,3
18227,6,3
18228,11,6
18229,1,3
18230,16,6
18231,0,3
18232,3,4
18233,0,3
18234,0,3
18235,0,3
18236,2,3
18237,30,5
18238,6,3
18239,16,4
18240,0,3
18241,0,3
18242,0,3
18243,15,5
18244,55,5
18245,12,4
18246,3,3
18247,0,3
18248,43,7
18249,0,3
18250,63,4
18251,0,3
18252,0,3
18253,80,11
18254,7,4
18255,0,3
18256,22,5
18257,14,3
18258,0,3
18259,33,5
18260,0,3
18261,6,3
18262,9,4
18263,26,7
18264,0,3
18265,0,3
18266,10,4
18267,14,5
18268,25,6
18269,20,5
18270,0,3
18271,34,6
18272,40,4
18273,39,6
18274,3,3
18275,26,5
18276,6,4
18277,0,3
18278,17,4
18279,30,5
18280,19,4
18281,42,7
18282,18,6
18283,0,3
18284,20,4
18285,37,6
18286,16,5
18287,21,5
18288,2,3
18289,17,4
18290,0,3
18291,0,3
18292,0,3
18293,31,6
18294,0,3
18295,17,6
18296,20,4
18297,43,7
18298,32,6
18299,0,3
18300,0,3
18301,11,5
18302,0,3
18303,0,3
18304,13,4
18305,0,3
18306,23,4
18307,22,2
18308,0,3
18309,8,3
18310,15,5
18311,0,3
18312,42,4
18313,0,3
18314,14,5
18315,18,4
18316,34,5
18317,0,3
18318,0,3
18319,50,6
18320,6,4
18321,27,5
18322,0,3
18323,0,3
18324,21,7
18325,32,7
18326,48,7
18327,0,3
18328,0,3
18329,18,6
18330,0,3
18331,7,5
18332,0,3
18333,0,3
18334,17,5
18335,34,6
18336,2,3
18337,8,4
18338,0,3
18339,0,3
18340,26,5
18341,6,3
18342,68,5
18343,32,6
18344,17,4
18345,12,5
18346,0,3
18347,3,3
18348,0,3
18349,26,4
18350,27,5
18351,0,3
18352,3,3
18353,9,4
18354,0,3
18355,11,4
18356,23,6
18357,12,6
18358,21,4
18359,0,3
18360,22,5
18361,0,3
18362,49,6
18363,18,5
18364,0,3
18365,0,3
18366,0,3
18367,16,6
18368,40,7
18369,44,4
18370,0,3
18371,37,6
18372,34,5
18373,0,3
18374,35,4
18375,0,3
18376,19,3
18377,26,5
18378,11,3
18379,5,4
18380,0,3
18381,33,4
18382,0,3
18383,0,3
18384,15,6
18385,31,3
18386,0,3
18387,7,3
18388,0,3
18389,0,3
18390,13,3
18391,0,3
18392,25,5
18393,19,4
18394,0,3
18395,23,5
18396,12,5
18397,1,3
18398,0,3
18399,12,9
18400,18,4
18401,16,5
18402,0,3
18403,8,3
18404,23,3
18405,8,4
18406,4,4
18407,5,4
18408,0,3
18409,28,5
18410,22,4
18411,26,6
18412,17,5
18413,8,5
18414,6,3
18415,53,7
18416,0,3
18417,27,3
18418,0,3
18419,26,6
18420,92,8
18421,1,3
18422,7,4
18423,0,3
18424,16,5
18425,51,4
18426,27,7
18427,23,6
18428,0,3
18429,0,3
18430,0,3
18431,3,3
18432,55,6
18433,3,3
18434,20,4
18435,58,7
18436,20,3
18437,74,4
18438,0,3
18439,55,8
18440,23,4
18441,0,3
18442,53,8
18443,13,4
18444,52,7
18445,0,3
18446,26,5
18447,21,4
18448,1,3
18449,0,3
18450,0,3
18451,13,4
18452,0,3
18453,0,3
18454,0,3
18455,46,4
18456,38,9
18457,32,4
18458,8,4
18459,16,4
18460,0,3
18461,11,4
18462,0,3
18463,26,7
18464,26,6
18465,21,4
18466,23,5
18467,0,3
18468,0,3
18469,40,4
18470,7,4
18471,5,3
18472,0,3
18473,0,3
18474,0,3
18475,0,3
18476,15,4
18477,0,3
18478,0,3
18479,0,3
18480,49,6
18481,0,3
18482,0,3
18483,0,3
18484,0,3
18485,3,4
18486,58,7
18487,56,9
18488,93,5
18489,0,3
18490,12,3
18491,19,4
18492,3,3
18493,32,5
18494,0,3
18495,0,3
18496,41,8
18497,34,3
18498,0,3
18499,0,3
18500,25,5
18501,34,6
18502,11,4
18503,2,3
18504,0,3
18505,0,3
18506,38,7
18507,41,10
18508,4,3
18509,33,10
18510,2,3
18511,5,3
18512,33,5
18513,34,5
18514,0,3
18515,0,3
18516,0,3
18517,113,8
18518,0,3
18519,0,3
18520,5,4
18521,62,6
18522,0,3
18523,0,3
18524,40,6
18525,0,3
18526,0,3
18527,3,3
18528,5,4
18529,3,3
18530,5,3
18531,65,7
18532,46,3
18533,0,3
18534,23,3
18535,0,3
18536,8,3
18537,20,4
18538,0,3
18539,15,6
18540,0,3
18541,0,3
18542,18,4
18543,10,4
18544,0,3
18545,24,4
18546,59,7
18547,19,5
18548,1,2
18549,6,4
18550,7,3
18551,45,7
18552,0,3
18553,23,5
18554,14,4
18555,4,4
18556,0,3
18557,33,6
18558,27,7
18559,28,5
18560,52,7
18561,0,3
18562,0,3
18563,3,3
18564,40,4
18565,0,3
18566,49,9
18567,66,10
18568,0,3
18569,31,6
18570,0,3
18571,13,4
18572,1,3
18573,0,3
18574,0,3
18575,0,3
18576,27,6
18577,37,6
18578,0,3
18579,20,3
18580,0,3
18581,62,5
18582,0,3
18583,102,9
18584,23,4
18585,14,3
18586,35,7
18587,1,3
18588,0,3
18589,24,6
18590,72,7
18591,0,3
18592,37,7
18593,20,5
18594,0,3
18595,0,3
18596,0,3
18597,34,7
18598,3,3
18599,5,4
18600,0,3
18601,31,6
18602,25,5
18603,5,4
18604,0,3
18605,21,4
18606,32,7
18607,0,3
18608,0,3
18609,0,3
18610,13,4
18611,0,3
18612,16,5
18613,28,5
18614,16,5
18615,0,3
18616,7,3
18617,0,3
18618,7,4
18619,0,3
18620,2,3
18621,13,4
18622,7,3
18623,36,6
18624,68,3
18625,0,3
18626,0,3
18627,0,3
18628,21,4
18629,35,3
18630,0,3
18631,88,12
18632,0,3
18633,0,3
18634,21,5
18635,0,3
18636,38,5
18637,0,3
18638,31,4
18639,38,5
18640,2,3
18641,13,5
18642,21,5
18643,3,3
18644,0,3
18645,0,3
18646,60,6
18647,0,3
18648,24,5
18649,0,3
18650,3,3
18651,19,5
18652,0,3
18653,0,3
18654,66,9
18655,32,4
18656,2,3
18657,0,3
18658,2,4
18659,19,5
18660,0,3
18661,0,3
18662,0,3
18663,4,3
18664,0,3
18665,0,3
18666,0,3
18667,3,3
18668,11,4
18669,28,5
18670,26,5
18671,0,3
18672,0,3
18673,0,3
18674,0,3
18675,19,5
18676,0,3
18677,0,3
18678,2,3
18679,33,4
18680,19,5
18681,23,6
18682,30,7
18683,0,3
18684,17,5
18685,0,3
18686,3,3
18687,24,5
18688,0,3
18689,0,3
18690,0,3
18691,18,5
18692,0,3
18693,59,7
18694,39,4
18695,62,6
18696,13,5
18697,28,6
18698,75,7
18699,27,4
18700,47,8
18701,0,3
18702,0,3
18703,0,3
18704,11,3
18705,14,4
18706,0,3
18707,37,5
18708,0,3
18709,23,7
18710,21,5
18711,0,3
18712,15,5
18713,25,3
18714,0,3
18715,1,3
18716,37,9
18717,22,5
18718,0,3
18719,0,3
18720,52,9
18721,0,3
18722,67,7
18723,9,4
18724,49,11
18725,0,3
18726,0,3
18727,48,6
18728,48,9
18729,0,3
18730,23,6
18731,4,3
18732,36,8
18733,1,3
18734,0,3
18735,36,6
18736,0,3
18737,0,3
18738,10,4
18739,39,6
18740,0,3
18741,15,2
18742,34,4
18743,2,3
18744,27,6
18745,0,3
18746,42,4
18747,0,3
18748,55,5
18749,37,9
18750,0,3
18751,2,3
18752,36,6
18753,62,8
18754,0,3
18755,33,6
18756,59,8
18757,9,3
18758,24,4
18759,0,3
18760,0,3
18761,36,3
18762,20,4
18763,0,3
18764,0,3
18765,16,5
18766,4,3
18767,0,3
18768,15,6
18769,8,5
18770,12,5
18771,17,5
18772,0,3
18773,12,5
18774,0,3
18775,41,5
18776,0,3
18777,25,7
18778,47,6
18779,39,7
18780,0,3
18781,68,7
18782,0,3
18783,16,5
18784,0,3
18785,0,3
18786,0,3
18787,3,3
18788,62,8
18789,38,4
18790,92,4
18791,8,4
18792,1,3
18793,35,4
18794,0,3
18795,64,7
18796,0,3
18797,0,3
18798,14,4
18799,50,7
18800,0,3
18801,41,7
18802,9,4
18803,0,3
18804,32,2
18805,0,3
18806,0,3
18807,4,3
18808,0,3
18809,11,2
18810,64,4
18811,28,4
18812,0,3
18813,11,4
18814,22,5
18815,2,3
18816,0,3
18817,7,3
18818,0,3
18819,3,4
18820,31,6
18821,0,3
18822,17,4
18823,0,3
18824,11,4
18825,22,6
18826,52,6
18827,27,7
18828,5,4
18829,46,4
18830,57,7
18831,0,3
18832,0,3
18833,1,3
18834,22,7
18835,67,5
18836,0,3
18837,3,3
18838,0,3
18839,0,3
18840,17,3
18841,46,4
18842,0,3
18843,49,5
18844,69,9
18845,13,5
18846,0,3
18847,62,5
18848,59,7
18849,0,3
18850,16,4
18851,0,3
18852,42,4
18853,0,3
18854,9,4
18855,43,5
18856,0,3
18857,47,8
18858,72,8
18859,2,3
18860,25,5
18861,53,8
18862,0,3
18863,0,3
18864,43,1
18865,21,6
18866,8,5
18867,40,5
18868,16,4
18869,60,5
18870,30,6
18871,16,5
18872,34,5
18873,0,3
18874,6,3
18875,2,3
18876,22,5
18877,18,6
18878,49,5
18879,73,8
18880,0,3
18881,8,4
18882,0,3
18883,63,10
18884,0,3
18885,0,3
18886,28,7
18887,1,3
18888,0,3
18889,0,3
18890,0,3
18891,0,3
18892,0,3
18893,0,3
18894,5,4
18895,4,5
18896,0,3
18897,10,3
18898,0,3
18899,0,3
18900,0,3
18901,43,6
18902,12,4
18903,29,6
18904,0,3
18905,0,3
18906,8,4
18907,8,3
18908,11,4
18909,46,5
18910,0,3
18911,45,6
18912,20,5
18913,4,3
18914,14,5
18915,0,3
18916,5,3
18917,6,4
18918,30,7
18919,18,6
18920,0,3
18921,15,5
18922,0,3
18923,0,3
18924,26,3
18925,47,7
18926,39,4
18927,59,6
18928,4,3
18929,10,4
18930,14,4
18931,36,5
18932,0,3
18933,0,3
18934,20,3
18935,0,3
18936,25,7
18937,65,9
18938,0,3
18939,56,6
18940,31,5
18941,0,3
18942,0,3
18943,0,3
18944,0,3
18945,0,3
18946,0,3
18947,0,3
18948,1,3
18949,2,3
18950,26,5
18951,55,8
18952,43,8
18953,0,3
18954,38,7
18955,0,3
18956,25,7
18957,24,5
18958,0,3
18959,0,3
18960,0,3
18961,10,6
18962,1,3
18963,26,6
18964,0,3
18965,0,3
18966,4,3
18967,0,3
18968,5,3
18969,0,3
18970,22,5
18971,28,6
18972,27,6
18973,1,3
18974,11,5
18975,18,7
18976,26,3
18977,0,3
18978,0,3
18979,0,3
18980,33,6
18981,37,3
18982,38,5
18983,20,4
18984,0,3
18985,47,6
18986,58,12
18987,9,4
18988,5,4
18989,48,7
18990,25,4
18991,10,5
18992,6,3
18993,0,3
18994,0,3
18995,0,3
18996,5,4
18997,0,3
18998,57,3
18999,28,7
19000,4,3
19001,6,3
19002,8,4
19003,4,3
19004,0,3
19005,12,5
19006,20,5
19007,13,3
19008,4,3
19009,13,5
19010,0,3
19011,2,3
19012,0,3
19013,21,8
19014,0,3
19015,4,3
19016,0,3
19017,29,5
19018,28,7
19019,3,3
19020,22,7
19021,13,4
19022,44,11
19023,0,3
19024,0,3
19025,1,3
19026,24,6
19027,28,8
19028,0,3
19029,0,3
19030,26,5
19031,1,3
19032,0,3
19033,42,6
19034,29,7
19035,0,3
19036,0,3
19037,0,3
19038,41,8
19039,0,3
19040,6,4
19041,0,3
19042,11,4
19043,0,3
19044,8,3
19045,0,3
19046,0,3
19047,0,3
19048,0,3
19049,8,4
19050,20,5
19051,21,6
19052,0,3
19053,0,3
19054,7,3
19055,0,3
19056,29,7
19057,0,3
19058,32,4
19059,37,3
19060,25,6
19061,26,6
19062,24,3
19063,6,3
19064,26,5
19065,29,5
19066,0,3
19067,44,2
19068,31,5
19069,0,3
19070,56,5
19071,0,3
19072,0,3
19073,14,3
19074,63,5
19075,11,5
19076,0,3
19077,13,5
19078,2,3
19079,15,4
19080,17,5
19081,0,3
19082,0,3
19083,32,5
19084,17,5
19085,47,2
19086,8,4
19087,28,4
19088,65,6
19089,26,6
19090,0,3
19091,9,5
19092,16,4
19093,0,3
19094,47,9
19095,17,3
19096,0,3
19097,42,5
19098,0,3
19099,4,3
19100,1,3
19101,13,5
19102,38,5
19103,13,4
19104,3,3
19105,34,7
19106,13,5
19107,45,8
19108,19,6
19109,47,4
19110,0,3
19111,4,3
19112,22,5
19113,22,6
19114,0,3
19115,0,3
19116,0,3
19117,9,4
19118,0,3
19119,1,3
19120,0,3
19121,36,6
19122,16,6
19123,10,5
19124,0,3
19125,32,4
19126,13,5
19127,69,7
19128,30,7
19129,24,7
19130,6,3
19131,51,6
19132,16,5
19133,0,3
19134,0,3
19135,0,3
19136,31,6
19137,0,3
19138,41,4
19139,78,4
19140,48,5
19141,0,3
19142,3,3
19143,43,8
19144,42,5
19145,2,3
19146,27,6
19147,0,3
19148,3,3
19149,0,3
19150,0,3
19151,15,5
19152,75,6
19153,56,6
19154,0,3
19155,26,6
19156,0,3
19157,0,3
19158,35,6
19159,78,3
19160,8,4
19161,0,3
19162,12,4
19163,1,4
19164,28,5
19165,28,9
19166,0,3
19167,4,2
19168,60,5
19169,0,3
19170,26,5
19171,42,6
19172,33,6
19173,39,7
19174,19,5
19175,22,6
19176,32,6
19177,24,4
19178,32,8
19179,66,6
19180,10,4
19181,49,5
19182,52,6
19183,18,6
19184,0,3
19185,0,3
19186,0,3
19187,0,3
19188,0,3
19189,0,3
19190,44,8
19191,11,4
19192,43,5
19193,12,5
19194,2,3
19195,23,4
19196,31,6
19197,49,4
19198,0,3
19199,0,3
19200,16,5
19201,11,4
19202,0,3
19203,94,5
19204,5,3
19205,24,4
19206,17,5
19207,74,8
19208,7,3
19209,60,6
19210,31,6
19211,0,3
19212,21,5
19213,0,3
19214,5,3
19215,0,3
19216,16,7
19217,47,7
19218,16,6
19219,63,10
19220,0,3
19221,0,3
19222,0,3
19223,33,5
19224,33,9
19225,0,3
19226,0,3
19227,56,9
19228,35,5
19229,20,6
19230,23,4
19231,55,8
19232,33,6
19233,0,3
19234,0,3
19235,14,6
19236,0,3
19237,0,3
19238,0,3
19239,3,3
19240,0,3
19241,23,5
19242,24,4
19243,0,3
19244,10,4
19245,41,7
19246,72,5
19247,0,3
19248,17,2
19249,110,7
19250,0,3
19251,0,3
19252,56,5
19253,1,3
19254,0,3
19255,78,10
19256,14,4
19257,14,5
19258,0,3
19259,45,6
19260,13,6
19261,11,5
19262,12,4
19263,0,3
19264,0,3
19265,19,5
19266,0,3
19267,0,3
19268,11,5
19269,13,5
19270,14,3
19271,27,5
19272,1,4
19273,72,5
19274,36,5
19275,0,3
19276,0,3
19277,0,3
19278,0,3
19279,6,3
19280,59,7
19281,44,7
19282,3,3
19283,60,7
19284,45,8
19285,10,2
19286,22,5
19287,51,5
19288,0,3
19289,3,3
19290,26,6
19291,0,3
19292,32,5
19293,2,3
19294,0,3
19295,0,3
19296,172,4
19297,0,3
19298,65,6
19299,65,4
19300,26,5
19301,16,6
19302,0,3
19303,12,4
19304,0,3
19305,1,3
19306,0,3
19307,1,3
19308,0,3
19309,0,3
19310,23,6
19311,0,3
19312,9,3
19313,0,3
19314,27,5
19315,83,9
19316,57,8
19317,59,12
19318,16,4
19319,39,9
19320,0,3
19321,54,9
19322,0,3
19323,0,3
19324,0,3
19325,0,3
19326,0,3
19327,0,3
19328,51,6
19329,13,6
19330,53,6
19331,34,6
19332,37,4
19333,15,5
19334,17,3
19335,59,10
19336,26,7
19337,41,9
19338,0,3
19339,45,5
19340,0,3
19341,1,3
19342,0,3
19343,6,2
19344,0,3
19345,0,3
19346,0,3
19347,55,7
19348,0,3
19349,25,6
19350,27,4
19351,44,9
19352,53,6
19353,58,8
19354,44,8
19355,0,3
19356,10,3
19357,45,6
19358,20,4
19359,18,7
19360,0,3
19361,0,3
19362,0,3
19363,28,7
19364,0,3
19365,33,6
19366,0,3
19367,10,4
19368,0,3
19369,3,3
19370,0,3
19371,0,3
19372,27,2
19373,6,3
19374,43,8
19375,12,5
19376,12,4
19377,3,3
19378,0,3
19379,11,3
19380,36,7
19381,12,5
19382,0,3
19383,0,3
19384,0,3
19385,13,3
19386,13,6
19387,0,3
19388,15,5
19389,57,6
19390,0,3
19391,37,6
19392,31,8
19393,24,5
19394,22,3
19395,40,8
19396,1,3
19397,18,4
19398,82,5
19399,49,7
19400,8,3
19401,9,4
19402,37,7
19403,19,4
19404,78,8
19405,0,3
19406,61,5
19407,27,3
19408,0,3
19409,0,3
19410,0,3
19411,14,3
19412,0,3
19413,8,5
19414,20,2
19415,0,3
19416,38,5
19417,0,3
19418,0,3
19419,2,3
19420,0,3
19421,9,4
19422,73,6
19423,33,6
19424,36,5
19425,0,3
19426,0,3
19427,0,3
19428,0,3
19429,3,3
19430,0,3
19431,0,3
19432,0,3
19433,66,6
19434,0,3
19435,0,3
19436,0,3
19437,0,3
19438,36,6
19439,0,3
19440,51,4
19441,12,6
19442,62,5
19443,33,6
19444,45,7
19445,6,3
19446,26,5
19447,68,7
19448,6,4
19449,10,4
19450,20,5
19451,91,7
19452,0,3
19453,6,3
19454,28,7
19455,47,9
19456,20,6
19457,57,7
19458,23,4
19459,0,3
19460,0,3
19461,0,3
19462,6,5
19463,39,6
19464,20,5
19465,62,10
19466,18,4
19467,39,6
19468,42,7
19469,0,3
19470,0,3
19471,0,3
19472,32,3
19473,34,7
19474,37,6
19475,0,3
19476,11,4
19477,11,4
19478,6,3
19479,94,8
19480,0,3
19481,66,9
19482,56,6
19483,0,3
19484,0,3
19485,29,5
19486,31,6
19487,0,3
19488,11,4
19489,70,9
19490,0,3
19491,11,4
19492,14,4
19493,0,3
19494,20,3
19495,0,3
19496,66,7
19497,73,6
19498,0,3
19499,7,3
19500,21,4
19501,10,4
19502,16,5
19503,8,5
19504,26,5
19505,0,3
19506,0,3
19507,38,7
19508,64,5
19509,3,4
19510,0,3
19511,1,3
19512,69,3
19513,31,3
19514,0,3
19515,42,10
19516,5,3
19517,46,8
19518,35,6
19519,0,3
19520,0,3
19521,0,3
19522,0,3
19523,0,3
19524,14,4
19525,10,5
19526,0,3
19527,0,3
19528,0,3
19529,0,3
19530,0,3
19531,0,3
19532,1,3
19533,59,7
19534,0,3
19535,0,3
19536,0,3
19537,26,5
19538,27,5
19539,0,3
19540,4,3
19541,35,6
19542,0,3
19543,4,2
19544,0,3
19545,61,9
19546,54,10
19547,11,3
19548,1,3
19549,0,3
19550,2,3
19551,0,3
19552,36,7
19553,11,3
19554,0,3
19555,73,4
19556,26,5
19557,46,7
19558,31,7
19559,52,7
19560,1,3
19561,20,5
19562,0,3
19563,1,3
19564,0,3
19565,0,3
19566,26,5
19567,54,6
19568,21,5
19569,46,9
19570,16,5
19571,33,8
19572,70,8
19573,0,3
19574,0,3
19575,0,3
19576,55,7
19577,33,4
19578,0,3
19579,39,3
19580,13,5
19581,0,3
19582,32,6
19583,0,3
19584,9,5
19585,0,3
19586,2,3
19587,37,2
19588,31,4
19589,21,6
19590,34,7
19591,29,6
19592,0,3
19593,1,4
19594,72,6
19595,8,4
19596,5,3
19597,24,5
19598,90,9
19599,19,5
19600,24,5
19601,29,2
19602,18,4
19603,0,3
19604,21,4
19605,15,4
19606,0,3
19607,0,3
19608,10,3
19609,0,3
19610,0,3
19611,62,8
19612,12,5
19613,0,3
19614,7,4
19615,22,5
19616,0,3
19617,28,6
19618,0,3
19619,0,3
19620,0,3
19621,18,3
19622,0,3
19623,20,5
19624,28,5
19625,36,9
19626,13,4
19627,27,7
19628,49,6
19629,14,4
19630,102,11
19631,10,5
19632,27,7
19633,0,3
19634,0,3
19635,22,5
19636,0,3
19637,13,5
19638,0,3
19639,27,6
19640,29,5
19641,0,3
19642,0,3
19643,0,3
19644,0,3
19645,15,4
19646,40,8
19647,46,7
19648,0,3
19649,26,5
19650,0,3
19651,29,6
19652,51,9
19653,0,3
19654,20,5
19655,0,3
19656,36,8
19657,44,9
19658,4,3
19659,19,5
19660,32,5
19661,21,5
19662,0,3
19663,0,3
19664,3,3
19665,0,3
19666,29,7
19667,0,3
19668,0,3
19669,5,3
19670,10,4
19671,44,4
19672,0,3
19673,83,8
19674,0,3
19675,2,3
19676,0,3
19677,23,7
19678,21,4
19679,0,3
19680,0,3
19681,2,3
19682,87,8
19683,42,7
19684,53,5
19685,22,4
19686,3,3
19687,40,9
19688,21,7
19689,59,8
19690,8,5
19691,0,3
19692,0,3
19693,53,9
19694,36,4
19695,8,4
19696,0,3
19697,32,4
19698,18,4
19699,0,3
19700,0,3
19701,35,6
19702,1,3
19703,66,8
19704,2,3
19705,0,3
19706,50,8
19707,0,3
19708,12,4
19709,16,4
19710,23,7
19711,48,6
19712,21,3
19713,71,8
19714,16,3
19715,4,3
19716,45,9
19717,2,3
19718,0,3
19719,35,7
19720,12,3
19721,0,3
19722,6,4
19723,20,7
19724,40,6
19725,87,7
19726,0,3
19727,0,3
19728,0,3
19729,104,9
19730,19,6
19731,63,7
19732,0,3
19733,64,8
19734,0,3
19735,0,3
19736,24,4
19737,0,3
19738,0,3
19739,43,8
19740,30,7
19741,20,3
19742,72,7
19743,0,3
19744,0,3
19745,0,3
19746,2,3
19747,14,4
19748,7,5
19749,0,3
19750,89,6
19751,0,3
19752,27,6
19753,0,3
19754,41,9
19755,0,3
19756,36,7
19757,9,4
19758,0,3
19759,56,7
19760,47,8
19761,96,5
19762,0,3
19763,0,3
19764,0,3
19765,0,3
19766,9,5
19767,0,3
19768,52,7
19769,68,8
19770,62,9
19771,12,4
19772,33,7
19773,18,7
19774,0,3
19775,12,4
19776,0,3
19777,0,3
19778,22,6
19779,55,10
19780,7,3
19781,0,3
19782,11,5
19783,23,7
19784,43,8
19785,67,4
19786,67,7
19787,16,5
19788,22,6
19789,31,7
19790,15,4
19791,0,3
19792,51,8
19793,74,5
19794,0,3
19795,0,3
19796,80,6
19797,22,4
19798,30,7
19799,92,11
19800,0,3
19801,34,5
19802,51,7
19803,41,8
19804,0,3
19805,5,3
19806,70,10
19807,49,4
19808,8,3
19809,1,3
19810,0,3
19811,20,5
19812,9,4
19813,103,12
19814,0,3
19815,41,9
19816,63,8
19817,0,3
19818,0,3
19819,0,3
19820,36,6
19821,0,3
19822,29,5
19823,0,3
19824,52,4
19825,3,3
19826,0,3
19827,3,3
19828,0,3
19829,33,8
19830,0,3
19831,0,3
19832,0,3
19833,0,3
19834,42,5
19835,0,3
19836,11,4
19837,25,5
19838,0,3
19839,0,3
19840,54,3
19841,19,4
19842,31,5
19843,56,9
19844,55,5
19845,40,8
19846,2,3
19847,12,4
19848,0,3
19849,0,3
19850,43,7
19851,22,3
19852,30,6
19853,0,3
19854,23,5
19855,5,3
19856,9,4
19857,35,8
19858,13,4
19859,45,4
19860,0,3
19861,73,5
19862,10,3
19863,52,7
19864,0,3
19865,0,3
19866,0,3
19867,0,3
19868,0,3
19869,50,7
19870,0,3
19871,68,7
19872,59,3
19873,0,3
19874,0,3
19875,18,5
19876,0,3
19877,21,4
19878,2,3
19879,8,6
19880,0,3
19881,0,3
19882,25,5
19883,6,4
19884,16,7
19885,0,3
19886,20,3
19887,58,8
19888,63,7
19889,59,9
19890,26,3
19891,4,5
19892,13,6
19893,67,6
19894,0,3
19895,10,4
19896,9,4
19897,28,6
19898,47,6
19899,24,5
19900,0,3
19901,0,3
19902,0,3
19903,0,3
19904,0,3
19905,11,5
19906,0,3
19907,0,3
19908,34,4
19909,3,4
19910,0,3
19911,0,3
19912,6,3
19913,37,5
19914,1,3
19915,8,4
19916,15,4
19917,0,3
19918,0,3
19919,33,6
19920,0,3
19921,15,4
19922,5,3
19923,0,3
19924,32,3
19925,11,4
19926,0,3
19927,0,3
19928,5,3
19929,71,13
19930,34,6
19931,2,3
19932,38,5
19933,0,3
19934,9,4
19935,0,3
19936,26,6
19937,0,3
19938,25,4
19939,0,3
19940,1,3
19941,36,8
19942,0,3
19943,0,3
19944,0,3
19945,31,7
19946,87,4
19947,0,3
19948,0,3
19949,0,3
19950,26,3
19951,0,3
19952,84,7
19953,15,4
19954,46,7
19955,28,5
19956,0,3
19957,43,9
19958,27,4
19959,0,3
19960,4,3
19961,53,6
19962,3,3
19963,0,3
19964,80,9
19965,20,4
19966,0,3
19967,35,8
19968,0,3
19969,0,3
19970,44,7
19971,0,3
19972,17,4
19973,3,3
19974,29,7
19975,30,4
19976,59,13
19977,6,3
19978,48,7
19979,20,5
19980,52,8
19981,0,3
19982,8,4
19983,0,3
19984,13,4
19985,0,3
19986,0,3
19987,0,3
19988,45,4
19989,3,3
19990,0,3
19991,16,3
19992,9,4
19993,0,3
19994,20,5
19995,69,5
19996,30,6
19997,38,7
19998,63,9
19999,40,6
20000,0,3
20001,49,5
20002,0,3
20003,35,7
20004,18,4
20005,0,3
20006,22,4
20007,0,3
20008,105,12
20009,0,3
20010,70,7
20011,0,3
20012,0,3
20013,4,2
20014,54,5
20015,68,5
20016,46,4
20017,6,4
20018,50,7
20019,43,7
20020,21,6
20021,32,8
20022,0,3
20023,27,7
20024,16,3
20025,43,8
20026,72,7
20027,8,3
20028,38,6
20029,50,5
20030,32,5
20031,62,5
20032,9,4
20033,43,7
20034,20,4
20035,0,3
20036,30,5
20037,22,6
20038,0,3
20039,0,3
20040,0,3
20041,21,3
20042,0,3
20043,33,6
20044,33,8
20045,0,3
20046,0,3
20047,10,4
20048,0,3
20049,0,3
20050,55,10
20051,39,5
20052,0,3
20053,0,3
20054,74,4
20055,130,3
20056,8,4
20057,31,6
20058,57,9
20059,18,3
20060,16,5
20061,6,4
20062,15,4
20063,20,4
20064,51,8
20065,73,5
20066,50,5
20067,0,3
20068,0,3
20069,0,3
20070,31,5
20071,36,8
20072,38,3
20073,14,5
20074,6,4
20075,12,4
20076,0,3
20077,0,3
20078,40,6
20079,73,7
20080,0,3
20081,0,3
20082,19,4
20083,0,3
20084,1,3
20085,48,10
20086,30,6
20087,0,3
20088,0,3
20089,5,4
20090,15,3
20091,0,3
20092,0,3
20093,108,10
20094,12,5
20095,0,3
20096,6,3
20097,0,3
20098,26,6
20099,0,3
20100,28,4
20101,44,9
20102,0,3
20103,42,3
20104,0,3
20105,15,5
20106,0,3
20107,73,11
20108,38,6
20109,16,6
20110,30,5
20111,22,6
20112,0,3
20113,41,8
20114,0,3
20115,0,3
20116,6,4
20117,5,3
20118,81,4
20119,28,6
20120,86,7
20121,22,5
20122,0,3
20123,0,3
20124,95,11
20125,17,3
20126,23,4
20127,22,4
20128,0,3
20129,8,4
20130,1,3
20131,46,9
20132,0,3
20133,0,3
20134,57,7
20135,6,5
20136,0,3
20137,0,3
20138,9,4
20139,17,5
20140,47,7
20141,12,6
20142,39,7
20143,70,7
20144,0,3
20145,0,3
20146,24,7
20147,43,6
20148,0,3
20149,40,8
20150,62,7
20151,0,3
20152,16,3
20153,32,5
20154,1,3
20155,17,5
20156,40,4
20157,0,3
20158,10,4
20159,21,5
20160,0,3
20161,0,3
20162,0,3
20163,0,3
20164,51,8
20165,75,8
20166,26,6
20167,13,3
20168,28,6
20169,5,3
20170,9,4
20171,0,3
20172,6,3
20173,21,4
20174,0,3
20175,51,7
20176,0,3
20177,19,6
20178,26,5
20179,0,3
20180,0,3
20181,14,5
20182,40,6
20183,0,3
20184,0,3
20185,4,3
20186,34,6
20187,5,3
20188,22,6
20189,45,8
20190,182,5
20191,9,4
20192,2,4
20193,0,3
20194,0,3
20195,0,3
20196,0,3
20197,0,3
20198,17,4
20199,35,6
20200,27,4
20201,3,4
20202,0,3
20203,36,9
20204,54,6
20205,41,5
20206,14,5
20207,0,3
20208,63,11
20209,67,6
20210,3,3
20211,56,13
20212,0,3
20213,12,4
20214,15,3
20215,50,7
20216,0,3
20217,79,9
20218,1,3
20219,52,4
20220,0,3
20221,47,7
20222,0,3
20223,47,4
20224,11,5
20225,9,4
20226,53,10
20227,0,3
20228,18,3
20229,0,3
20230,4,3
20231,0,3
20232,21,5
20233,35,6
20234,37,4
20235,0,3
20236,0,3
20237,0,3
20238,50,7
20239,0,3
20240,6,4
20241,0,3
20242,31,6
20243,6,3
20244,3,3
20245,32,7
20246,24,5
20247,0,3
20248,0,3
20249,0,3
20250,41,7
20251,38,8
20252,81,7
20253,157,7
20254,48,9
20255,0,3
20256,48,10
20257,0,3
20258,15,6
20259,1,3
20260,0,3
20261,0,3
20262,10,4
20263,0,3
20264,21,6
20265,0,3
20266,42,5
20267,62,9
20268,29,7
20269,0,3
20270,19,4
20271,0,3
20272,65,11
20273,0,3
20274,25,6
20275,0,3
20276,30,6
20277,31,4
20278,57,5
20279,0,3
20280,16,4
20281,0,3
20282,36,6
20283,0,3
20284,18,4
20285,5,3
20286,0,3
20287,0,3
20288,0,3
20289,17,4
20290,57,9
20291,17,3
20292,1,3
20293,4,5
20294,8,3
20295,60,8
20296,42,8
20297,19,5
20298,35,3
20299,3,3
20300,11,4
20301,43,6
20302,1,3
20303,0,3
20304,13,2
20305,2,3
20306,27,6
20307,59,5
20308,48,7
20309,0,3
20310,17,4
20311,3,3
20312,0,3
20313,51,6
20314,29,5
20315,0,3
20316,6,3
20317,30,8
20318,0,3
20319,0,3
20320,0,3
20321,4,3
20322,73,7
20323,29,4
20324,7,3
20325,0,3
20326,69,6
20327,43,8
20328,0,3
20329,0,3
20330,0,3
20331,17,4
20332,39,5
20333,0,3
20334,139,3
20335,0,3
20336,7,4
20337,0,3
20338,0,3
20339,6,3
20340,0,3
20341,0,3
20342,58,11
20343,0,3
20344,0,3
20345,0,3
20346,0,3
20347,0,3
20348,0,3
20349,0,3
20350,0,3
20351,38,5
20352,0,3
20353,40,6
20354,0,3
20355,58,6
20356,0,3
20357,31,3
20358,0,3
20359,0,3
20360,0,3
20361,0,3
20362,45,10
20363,53,9
20364,0,3
20365,75,9
20366,0,3
20367,6,4
20368,1,3
20369,26,5
20370,0,3
20371,148,7
20372,20,6
20373,0,3
20374,15,4
20375,16,4
20376,2,3
20377,5,3
20378,12,5
20379,10,4
20380,8,4
20381,0,3
20382,0,3
20383,33,6
20384,77,8
20385,21,5
20386,30,5
20387,0,3
20388,0,3
20389,0,3
20390,86,9
20391,0,3
20392,1,3
20393,17,5
20394,73,6
20395,57,5
20396,40,8
20397,4,3
20398,23,7
20399,26,5
20400,39,6
20401,15,4
20402,0,3
20403,7,3
20404,54,8
20405,64,10
20406,6,4
20407,40,8
20408,0,3
20409,57,7
20410,22,5
20411,0,3
20412,0,3
20413,19,4
20414,0,3
20415,0,3
20416,0,3
20417,25,3
20418,3,3
20419,7,4
20420,14,5
20421,36,5
20422,45,8
20423,0,3
20424,4,3
20425,54,9
20426,27,5
20427,17,4
20428,0,3
20429,16,4
20430,1,3
20431,8,3
20432,25,7
20433,51,6
20434,0,3
20435,1,3
20436,28,4
20437,0,3
20438,29,8
20439,44,6
20440,81,6
20441,28,4
20442,30,5
20443,44,7
20444,0,3
20445,0,3
20446,36,7
20447,23,4
20448,0,3
20449,0,3
20450,10,4
20451,0,3
20452,14,4
20453,25,5
20454,8,5
20455,0,3
20456,44,8
20457,47,8
20458,31,6
20459,0,3
20460,28,8
20461,36,5
20462,0,3
20463,58,6
20464,8,5
20465,54,3
20466,30,5
20467,29,11
20468,0,3
20469,47,5
20470,3,3
20471,28,2
20472,0,3
20473,27,5
20474,0,3
20475,0,3
20476,0,3
20477,12,3
20478,62,3
20479,0,3
20480,7,3
20481,0,3
20482,3,3
20483,0,3
20484,41,3
20485,66,9
20486,0,3
20487,17,3
20488,0,3
20489,14,5
20490,80,6
20491,0,3
20492,21,4
20493,89,8
20494,38,4
20495,0,3
20496,19,3
20497,22,5
20498,58,8
20499,0,3
20500,0,3
20501,0,3
20502,2,3
20503,0,3
20504,1,3
20505,0,3
20506,0,3
20507,46,4
20508,18,6
20509,59,7
20510,21,6
20511,0,3
20512,0,3
20513,0,3
20514,26,6
20515,22,7
20516,29,6
20517,20,6
20518,15,5
20519,26,5
20520,0,3
20521,5,3
20522,45,3
20523,0,3
20524,55,5
20525,0,3
20526,0,3
20527,25,4
20528,19,5
20529,22,5
20530,0,3
20531,0,3
20532,9,5
20533,14,4
20534,0,3
20535,5,3
20536,70,8
20537,0,3
20538,0,3
20539,10,4
20540,15,4
20541,11,4
20542,33,7
20543,19,7
20544,0,3
20545,94,6
20546,30,4
20547,17,4
20548,0,3
20549,33,5
20550,0,3
20551,0,3
20552,92,8
20553,0,3
20554,28,9
20555,8,5
20556,48,7
20557,0,3
20558,35,5
20559,21,6
20560,0,3
20561,0,3
20562,0,3
20563,0,3
20564,0,3
20565,33,5
20566,60,4
20567,0,3
20568,0,3
20569,5,3
20570,74,8
20571,41,9
20572,47,9
20573,28,5
20574,61,7
20575,23,5
20576,0,3
20577,46,7
20578,29,4
20579,36,9
20580,16,5
20581,25,4
20582,60,6
20583,27,8
20584,0,3
20585,13,4
20586,0,3
20587,34,7
20588,34,8
20589,0,3
20590,23,7
20591,0,3
20592,16,4
20593,0,3
20594,2,3
20595,0,3
20596,49,9
20597,0,3
20598,48,7
20599,45,7
20600,16,4
20601,11,4
20602,7,3
20603,20,5
20604,0,3
20605,0,3
20606,48,4
20607,15,5
20608,0,3
20609,46,10
20610,0,3
20611,13,4
20612,0,3
20613,47,7
20614,1,3
20615,23,5
20616,0,3
20617,22,7
20618,0,3
20619,0,3
20620,32,4
20621,36,3
20622,8,3
20623,57,5
20624,68,10
20625,0,3
20626,0,3
20627,0,3
20628,9,3
20629,56,12
20630,44,6
20631,13,3
20632,44,5
20633,42,7
20634,79,6
20635,10,4
20636,19,5
20637,17,5
20638,0,3
20639,0,3
20640,0,3
20641,13,5
20642,8,2
20643,34,8
20644,24,4
20645,0,3
20646,32,4
20647,71,9
20648,0,3
20649,4,3
20650,0,3
20651,0,3
20652,21,5
20653,21,5
20654,0,3
20655,0,3
20656,2,3
20657,0,3
20658,75,6
20659,8,4
20660,15,5
20661,0,3
20662,93,9
20663,0,3
20664,88,6
20665,0,3
20666,0,3
20667,11,4
20668,31,5
20669,33,6
20670,0,3
20671,6,3
20672,7,5
20673,95,8
20674,31,5
20675,6,3
20676,0,3
20677,97,10
20678,0,3
20679,0,3
20680,0,3
20681,40,6
20682,0,3
20683,3,3
20684,13,4
20685,0,3
20686,0,3
20687,63,7
20688,0,3
20689,57,7
20690,0,3
20691,0,3
20692,36,6
20693,1,3
20694,3,3
20695,0,3
20696,0,3
20697,36,7
20698,71,7
20699,3,3
20700,0,3
20701,9,4
20702,0,3
20703,64,6
20704,9,3
20705,0,3
20706,71,4
20707,38,5
20708,31,5
20709,17,6
20710,33,5
20711,0,3
20712,27,6
20713,0,3
20714,64,9
20715,0,3
20716,6,4
20717,20,6
20718,40,4
20719,0,3
20720,1,3
20721,0,3
20722,54,8
20723,0,3
20724,0,3
20725,0,3
20726,0,3
20727,20,5
20728,0,3
20729,39,5
20730,37,7
20731,2,3
20732,73,7
20733,0,3
20734,22,3
20735,0,3
20736,40,10
20737,113,13
20738,0,3
20739,0,3
20740,39,8
20741,64,9
20742,11,3
20743,0,3
20744,22,5
20745,26,3
20746,30,7
20747,45,9
20748,36,5
20749,55,3
20750,6,4
20751,27,6
20752,16,6
20753,0,3
20754,26,7
20755,0,3
20756,2,3
20757,0,3
20758,74,7
20759,34,10
20760,39,7
20761,6,4
20762,22,6
20763,0,3
20764,14,5
20765,0,3
20766,0,3
20767,0,3
20768,1,3
20769,13,4
20770,1,3
20771,0,3
20772,0,3
20773,28,3
20774,10,4
20775,0,3
20776,36,5
20777,26,6
20778,56,5
20779,0,3
20780,45,7
20781,0,3
20782,0,3
20783,72,12
20784,0,3
20785,0,3
20786,11,3
20787,0,3
20788,0,3
20789,0,3
20790,0,3
20791,56,8
20792,38,5
20793,0,3
20794,34,6
20795,13,4
20796,0,3
20797,6,3
20798,67,5
20799,34,6
20800,11,5
20801,41,6
20802,63,12
20803,24,6
20804,17,5
20805,47,4
20806,0,3
20807,21,6
20808,51,5
20809,0,3
20810,17,8
20811,30,7
20812,0,3
20813,0,3
20814,1,4
20815,19,6
20816,0,3
20817,6,3
20818,71,9
20819,0,3
20820,16,5
20821,0,3
20822,0,3
20823,10,4
20824,22,7
20825,1,3
20826,17,5
20827,16,5
20828,0,3
20829,0,3
20830,28,6
20831,0,3
20832,0,3
20833,0,3
20834,35,6
20835,0,3
20836,0,3
20837,17,5
20838,0,3
20839,47,7
20840,14,5
20841,33,6
20842,15,6
20843,0,3
20844,0,3
20845,13,4
20846,104,10
20847,0,3
20848,42,9
20849,3,3
20850,54,10
20851,16,4
20852,15,5
20853,0,3
20854,0,3
20855,38,7
20856,46,6
20857,199,6
20858,0,3
20859,72,8
20860,40,9
20861,77,3
20862,116,9
20863,0,3
20864,45,7
20865,0,3
20866,47,7
20867,12,4
20868,0,3
20869,40,3
20870,13,4
20871,41,6
20872,0,3
20873,57,10
20874,2,3
20875,0,3
20876,32,6
20877,27,7
20878,41,7
20879,19,3
20880,0,3
20881,24,7
20882,87,6
20883,47,8
20884,20,5
20885,56,9
20886,21,4
20887,0,3
20888,0,3
20889,20,6
20890,0,3
20891,0,3
20892,0,3
20893,0,3
20894,0,3
20895,0,3
20896,0,3
20897,19,6
20898,0,3
20899,17,5
20900,0,3
20901,0,3
20902,0,3
20903,34,8
20904,60,10
20905,72,8
20906,45,9
20907,0,3
20908,0,3
20909,0,3
20910,0,3
20911,26,5
20912,14,3
20913,39,5
20914,8,5
20915,0,3
20916,45,5
20917,104,13
20918,0,3
20919,23,7
20920,17,8
20921,7,3
20922,14,3
20923,83,9
20924,11,3
20925,0,3
20926,22,6
20927,69,9
20928,4,3
20929,0,3
20930,0,3
20931,2,3
20932,0,3
20933,0,3
20934,57,6
20935,4,3
20936,0,3
20937,33,9
20938,22,6
20939,2,3
20940,88,12
20941,11,3
20942,7,4
20943,0,3
20944,26,5
20945,9,3
20946,33,6
20947,65,8
20948,41,8
20949,0,3
20950,0,3
20951,59,6
20952,60,6
20953,19,6
20954,21,4
20955,0,3
20956,13,3
20957,0,3
20958,0,3
20959,50,9
20960,33,8
20961,0,3
20962,17,5
20963,30,7
20964,65,6
20965,44,6
20966,12,4
20967,0,3
20968,0,3
20969,0,3
20970,0,3
20971,8,4
20972,37,7
20973,17,5
20974,12,5
20975,0,3
20976,8,3
20977,12,4
20978,0,3
20979,34,4
20980,69,7
20981,0,3
20982,0,3
20983,0,3
20984,0,3
20985,12,5
20986,58,5
20987,0,3
20988,18,4
20989,36,6
20990,0,3
20991,0,3
20992,16,4
20993,14,4
20994,0,3
20995,27,9
20996,0,3
20997,80,10
20998,0,3
20999,10,3
21000,36,6
21001,0,3
21002,53,9
21003,0,3
21004,8,4
21005,0,3
21006,26,5
21007,40,5
21008,0,3
21009,38,6
21010,0,3
21011,0,3
21012,0,3
21013,4,3
21014,41,7
21015,28,6
21016,29,7
21017,0,3
21018,29,3
21019,77,5
21020,9,4
21021,15,4
21022,31,8
21023,12,3
21024,11,3
21025,19,3
21026,27,4
21027,0,3
21028,18,4
21029,58,6
21030,83,12
21031,41,10
21032,0,3
21033,22,3
21034,7,3
21035,54,7
21036,16,4
21037,0,3
21038,0,3
21039,79,7
21040,110,9
21041,0,3
21042,38,6
21043,85,9
21044,61,6
21045,54,6
21046,48,6
21047,0,3
21048,52,5
21049,73,7
21050,40,6
21051,0,3
21052,0,3
21053,7,3
21054,52,4
21055,0,3
21056,0,3
21057,34,7
21058,0,3
21059,0,3
21060,2,3
21061,9,4
21062,0,3
21063,0,3
21064,0,3
21065,6,3
21066,66,6
21067,34,8
21068,0,3
21069,33,6
21070,25,5
21071,30,6
21072,17,7
21073,0,3
21074,8,5
21075,6,3
21076,34,4
21077,31,6
21078,0,3
21079,0,3
21080,53,7
21081,60,6
21082,0,3
21083,0,3
21084,0,3
21085,0,3
21086,0,3
21087,71,11
21088,0,3
21089,0,3
21090,47,6
21091,55,7
21092,38,3
21093,18,6
21094,10,4
21095,44,7
21096,3,3
21097,5,3
21098,7,3
21099,0,3
21100,31,8
21101,0,3
21102,28,6
21103,0,3
21104,33,4
21105,46,5
21106,22,5
21107,28,5
21108,0,3
21109,1,3
21110,6,4
21111,18,5
21112,8,3
21113,0,3
21114,0,3
21115,0,3
21116,0,3
21117,47,5
21118,0,3
21119,28,6
21120,24,6
21121,80,9
21122,69,8
21123,34,7
21124,1,3
21125,6,3
21126,71,10
21127,28,6
21128,0,3
21129,0,3
21130,56,6
21131,0,3
21132,0,3
21133,0,3
21134,0,3
21135,0,3
21136,49,8
21137,29,5
21138,10,4
21139,0,3
21140,0,3
21141,3,3
21142,15,4
21143,26,5
21144,44,4
21145,7,4
21146,54,7
21147,3,3
21148,0,3
21149,91,9
21150,14,4
21151,79,8
21152,11,5
21153,0,3
21154,15,3
21155,10,3
21156,1,3
21157,4,3
21158,21,7
21159,25,8
21160,0,3
21161,0,3
21162,53,7
21163,0,3
21164,0,3
21165,5,4
21166,33,6
21167,15,6
21168,0,3
21169,26,6
21170,16,4
21171,28,8
21172,0,3
21173,42,6
21174,0,3
21175,0,3
21176,17,4
21177,0,3
21178,43,5
21179,7,4
21180,7,4
21181,79,5
21182,0,3
21183,0,3
21184,39,7
21185,127,5
21186,0,3
21187,32,9
21188,13,3
21189,26,7
21190,57,7
21191,17,3
21192,35,4
21193,64,9
21194,53,10
21195,25,5
21196,60,8
21197,0,3
21198,48,7
21199,0,3
21200,0,3
21201,0,3
21202,3,2
21203,95,9
21204,61,8
21205,9,4
21206,0,3
21207,22,5
21208,12,3
21209,11,5
21210,6,3
21211,0,3
21212,46,5
21213,0,3
21214,0,3
21215,47,8
21216,35,6
21217,22,3
21218,0,3
21219,3,3
21220,30,7
21221,0,3
21222,24,5
21223,0,3
21224,48,7
21225,40,6
21226,10,4
21227,0,3
21228,0,3
21229,0,3
21230,0,3
21231,6,3
21232,0,3
21233,0,3
21234,0,3
21235,30,8
21236,0,3
21237,72,9
21238,0,3
21239,0,3
21240,61,4
21241,0,3
21242,103,8
21243,0,3
21244,19,5
21245,0,3
21246,61,5
21247,0,3
21248,0,3
21249,17,4
21250,22,6
21251,67,4
21252,0,3
21253,0,3
21254,8,4
21255,1,3
21256,6,4
21257,0,3
21258,22,7
21259,7,3
21260,89,9
21261,24,4
21262,30,7
21263,45,8
21264,44,5
21265,22,5
21266,39,6
21267,8,3
21268,0,3
21269,0,3
21270,10,5
21271,51,6
21272,0,3
21273,0,3
21274,44,5
21275,35,5
21276,12,4
21277,0,3
21278,100,4
21279,14,5
21280,0,3
21281,19,6
21282,0,3
21283,31,9
21284,0,3
21285,80,9
21286,17,4
21287,94,7
21288,47,7
21289,0,3
21290,0,3
21291,0,3
21292,0,3
21293,0,3
21294,43,6
21295,44,2
21296,101,11
21297,13,3
21298,5,5
21299,0,3
21300,45,7
21301,230,7
21302,34,7
21303,66,8
21304,42,6
21305,0,3
21306,25,6
21307,0,3
21308,7,3
21309,26,6
21310,0,3
21311,0,3
21312,6,4
21313,0,3
21314,0,3
21315,29,7
21316,9,4
21317,0,3
21318,11,5
21319,2,3
21320,3,3
21321,29,6
21322,17,4
21323,30,5
21324,56,6
21325,0,3
21326,0,3
21327,37,5
21328,70,10
21329,93,8
21330,16,3
21331,8,3
21332,27,3
21333,0,3
21334,55,8
21335,38,8
21336,0,3
21337,16,7
21338,0,3
21339,38,9
21340,32,7
21341,18,3
21342,32,6
21343,0,3
21344,0,3
21345,8,4
21346,0,3
21347,0,3
21348,5,3
21349,10,5
21350,0,3
21351,15,5
21352,110,8
21353,0,3
21354,0,3
21355,79,8
21356,1,3
21357,68,7
21358,0,3
21359,77,7
21360,0,3
21361,7,4
21362,0,3
21363,0,3
21364,15,4
21365,0,3
21366,42,4
21367,0,3
21368,22,6
21369,0,3
21370,0,3
21371,13,5
21372,14,5
21373,64,6
21374,0,3
21375,0,3
21376,13,4
21377,64,6
21378,2,3
21379,82,6
21380,2,3
21381,58,8
21382,40,4
21383,0,3
21384,0,3
21385,7,3
21386,0,3
21387,0,3
21388,0,3
21389,1,3
21390,0,3
21391,19,4
21392,51,8
21393,13,6
21394,0,3
21395,1,3
21396,18,5
21397,7,4
21398,7,3
21399,19,4
21400,18,4
21401,19,5
21402,53,8
21403,19,8
21404,0,3
21405,3,3
21406,6,4
21407,10,3
21408,2,3
21409,0,3
21410,54,9
21411,18,4
21412,12,5
21413,0,3
21414,2,3
21415,0,3
21416,0,3
21417,0,3
21418,0,3
21419,0,3
21420,5,3
21421,45,10
21422,41,8
21423,39,6
21424,50,10
21425,10,5
21426,4,3
21427,30,5
21428,0,3
21429,0,3
21430,0,3
21431,38,8
21432,0,3
21433,27,6
21434,1,4
21435,0,3
21436,26,6
21437,50,7
21438,78,7
21439,1,3
21440,0,3
21441,0,3
21442,85,9
21443,47,7
21444,42,8
21445,38,7
21446,0,3
21447,0,3
21448,4,3
21449,83,7
21450,0,3
21451,53,6
21452,18,4
21453,12,4
21454,45,8
21455,11,4
21456,0,3
21457,0,3
21458,7,3
21459,41,5
21460,0,3
21461,62,5
21462,53,8
21463,19,5
21464,0,3
21465,30,6
21466,0,3
21467,30,8
21468,0,3
21469,0,3
21470,53,9
21471,0,3
21472,22,5
21473,0,3
21474,41,6
21475,51,8
21476,2,3
21477,0,3
21478,12,5
21479,2,3
21480,35,6
21481,10,5
21482,119,7
21483,0,3
21484,0,3
21485,18,5
21486,28,5
21487,0,3
21488,0,3
21489,3,3
21490,18,5
21491,39,8
21492,0,3
21493,0,3
21494,29,3
21495,0,3
21496,35,6
21497,38,7
21498,0,3
21499,29,6
21500,0,3
21501,0,3
21502,141,5
21503,25,6
21504,0,3
21505,16,7
21506,54,6
21507,33,8
21508,4,3
21509,38,7
21510,0,3
21511,70,11
21512,34,6
21513,20,5
21514,51,7
21515,9,4
21516,1,3
21517,0,3
21518,0,3
21519,30,5
21520,0,3
21521,5,4
21522,6,4
21523,0,3
21524,0,3
21525,84,5
21526,2,3
21527,12,4
21528,4,3
21529,6,4
21530,0,3
21531,0,3
21532,65,5
21533,0,3
21534,26,6
21535,36,8
21536,0,3
21537,0,3
21538,71,9
21539,30,5
21540,51,7
21541,16,4
21542,0,3
21543,2,3
21544,0,3
21545,11,4
21546,33,6
21547,24,6
21548,21,5
21549,2,3
21550,53,5
21551,42,6
21552,0,3
21553,38,8
21554,0,3
21555,45,6
21556,0,3
21557,12,3
21558,0,3
21559,31,6
21560,16,5
21561,87,11
21562,0,3
21563,14,5
21564,33,5
21565,10,4
21566,0,3
21567,58,9
21568,0,3
21569,0,3
21570,1,3
21571,30,7
21572,25,7
21573,92,10
21574,56,6
21575,43,2
21576,2,3
21577,0,3
21578,0,3
21579,43,4
21580,0,3
21581,0,3
21582,68,8
21583,0,3
21584,3,3
21585,0,3
21586,0,3
21587,27,6
21588,35,5
21589,159,3
21590,12,4
21591,0,3
21592,0,3
21593,0,3
21594,32,8
21595,16,4
21596,0,3
21597,56,9
21598,8,4
21599,0,3
21600,16,4
21601,41,5
21602,61,7
21603,4,3
21604,43,7
21605,28,7
21606,0,3
21607,0,3
21608,3,4
21609,15,3
21610,0,3
21611,63,9
21612,0,3
21613,52,7
21614,36,5
21615,0,3
21616,0,3
21617,3,3
21618,62,10
21619,32,6
21620,38,6
21621,39,6
21622,14,5
21623,0,3
21624,28,8
21625,0,3
21626,45,8
21627,0,3
21628,16,5
21629,35,7
21630,0,3
21631,30,6
21632,0,3
21633,52,8
21634,23,4
21635,13,3
21636,0,3
21637,24,5
21638,0,3
21639,42,7
21640,0,3
21641,28,10
21642,31,6
21643,0,3
21644,27,7
21645,0,3
21646,47,6
21647,102,7
21648,17,5
21649,12,4
21650,24,6
21651,0,3
21652,37,9
21653,26,5
21654,0,3
21655,27,7
21656,0,3
21657,35,10
21658,7,2
21659,0,3
21660,26,6
21661,0,3
21662,0,3
21663,19,5
21664,26,5
21665,0,3
21666,6,3
21667,47,7
21668,58,4
21669,0,3
21670,1,4
21671,62,5
21672,16,4
21673,50,7
21674,0,3
21675,0,3
21676,0,3
21677,13,4
21678,42,7
21679,0,3
21680,0,3
21681,34,4
21682,29,7
21683,2,3
21684,5,3
21685,34,7
21686,0,3
21687,72,9
21688,10,4
21689,1,3
21690,41,6
21691,14,4
21692,23,5
21693,7,3
21694,0,3
21695,23,6
21696,0,3
21697,16,3
21698,53,7
21699,42,3
21700,29,7
21701,58,10
21702,0,3
21703,29,8
21704,0,3
21705,8,4
21706,0,3
21707,0,3
21708,0,3
21709,48,5
21710,29,5
21711,101,5
21712,0,3
21713,63,10
21714,4,4
21715,3,3
21716,0,3
21717,45,7
21718,17,5
21719,77,10
21720,53,7
21721,0,3
21722,86,15
21723,57,6
21724,21,8
21725,25,5
21726,3,3
21727,44,8
21728,0,3
21729,105,11
21730,37,9
21731,7,3
21732,17,4
21733,0,3
21734,0,3
21735,40,6
21736,66,9
21737,0,3
21738,0,3
21739,74,8
21740,45,4
21741,33,6
21742,0,3
21743,0,3
21744,7,4
21745,0,3
21746,91,9
21747,12,3
21748,92,9
21749,29,5
21750,0,3
21751,0,3
21752,0,3
21753,0,3
21754,0,3
21755,70,9
21756,0,3
21757,30,8
21758,0,3
21759,9,4
21760,58,8
21761,0,3
21762,0,3
21763,8,5
21764,0,3
21765,0,3
21766,21,4
21767,41,5
21768,16,1
21769,70,9
21770,3,3
21771,7,4
21772,17,7
21773,27,6
21774,64,6
21775,67,10
21776,45,8
21777,0,3
21778,0,3
21779,4,3
21780,4,3
21781,44,4
21782,56,7
21783,30,8
21784,74,10
21785,119,12
21786,0,3
21787,27,5
21788,56,6
21789,0,3
21790,2,3
21791,41,8
21792,74,6
21793,11,5
21794,97,8
21795,0,3
21796,19,5
21797,0,3
21798,52,6
21799,0,3
21800,0,3
21801,125,6
21802,0,3
21803,0,3
21804,24,7
21805,26,5
21806,0,3
21807,0,3
21808,0,3
21809,0,3
21810,0,3
21811,53,7
21812,27,6
21813,73,10
21814,32,7
21815,0,3
21816,107,14
21817,0,3
21818,0,3
21819,0,3
21820,0,3
21821,15,6
21822,0,3
21823,30,6
21824,0,3
21825,48,6
21826,0,3
21827,37,4
21828,4,3
21829,0,3
21830,0,3
21831,34,6
21832,0,3
21833,0,3
21834,4,4
21835,0,3
21836,56,3
21837,0,3
21838,33,6
21839,0,3
21840,0,3
21841,156,11
21842,0,3
21843,46,5
21844,11,4
21845,0,3
21846,0,3
21847,58,5
21848,60,7
21849,34,6
21850,37,5
21851,0,3
21852,61,8
21853,17,4
21854,56,9
21855,20,4
21856,19,5
21857,39,5
21858,62,9
21859,43,7
21860,8,3
21861,0,3
21862,0,3
21863,31,7
21864,0,3
21865,0,3
21866,23,6
21867,92,7
21868,15,5
21869,5,3
21870,48,7
21871,16,3
21872,0,3
21873,26,5
21874,0,3
21875,54,6
21876,10,5
21877,36,5
21878,4,3
21879,0,3
21880,0,3
21881,0,3
21882,38,6
21883,22,3
21884,42,7
21885,4,3
21886,24,5
21887,52,5
21888,31,5
21889,38,10
21890,12,4
21891,17,4
21892,68,11
21893,66,8
21894,0,3
21895,0,3
21896,14,5
21897,21,3
21898,40,5
21899,30,7
21900,0,3
21901,0,3
21902,72,7
21903,0,3
21904,93,9
21905,43,9
21906,56,10
21907,0,3
21908,13,3
21909,26,6
21910,67,8
21911,0,3
21912,35,6
21913,0,3
21914,14,4
21915,11,4
21916,19,3
21917,24,5
21918,30,6
21919,14,4
21920,12,4
21921,17,3
21922,50,6
21923,45,4
21924,0,3
21925,0,3
21926,16,6
21927,0,3
21928,67,8
21929,0,3
21930,25,4
21931,19,5
21932,11,5
21933,0,3
21934,61,8
21935,2,3
21936,0,3
21937,6,4
21938,22,6
21939,0,3
21940,51,9
21941,2,3
21942,3,3
21943,0,3
21944,7,5
21945,69,8
21946,0,3
21947,0,3
21948,16,6
21949,0,3
21950,21,8
21951,2,4
21952,0,3
21953,0,3
21954,2,3
21955,81,9
21956,0,3
21957,40,3
21958,0,3
21959,0,3
21960,41,9
21961,39,7
21962,1,3
21963,68,11
21964,0,3
21965,98,9
21966,0,3
21967,37,6
21968,55,7
21969,38,9
21970,58,7
21971,0,3
21972,36,6
21973,0,3
21974,46,4
21975,19,4
21976,31,6
21977,36,4
21978,47,7
21979,25,6
21980,0,3
21981,68,7
21982,4,3
21983,0,3
21984,0,3
21985,23,6
21986,14,4
21987,0,3
21988,54,5
21989,13,6
21990,62,9
21991,59,6
21992,72,5
21993,0,3
21994,11,4
21995,15,4
21996,0,3
21997,0,3
21998,61,8
21999,85,7
22000,47,8
22001,25,5
22002,26,5
22003,10,4
22004,0,3
22005,0,3
22006,49,5
22007,0,3
22008,0,3
22009,14,4
22010,31,3
22011,0,3
22012,35,7
22013,0,3
22014,43,7
22015,0,3
22016,0,3
22017,1,3
22018,0,3
22019,0,3
22020,63,9
22021,0,3
22022,6,3
22023,3,3
22024,52,8
22025,0,3
22026,17,5
22027,54,5
22028,17,7
22029,22,7
22030,47,7
22031,0,3
22032,16,5
22033,0,3
22034,0,3
22035,0,3
22036,0,3
22037,33,4
22038,3,3
22039,7,4
22040,0,3
22041,0,3
22042,84,6
22043,34,6
22044,0,3
22045,88,10
22046,0,3
22047,18,4
22048,28,7
22049,14,4
22050,34,5
22051,17,7
22052,0,3
22053,26,8
22054,0,3
22055,28,5
22056,0,3
22057,0,3
22058,32,6
22059,14,4
22060,25,6
22061,6,3
22062,0,3
22063,0,3
22064,0,3
22065,54,9
22066,105,11
22067,77,7
22068,8,4
22069,0,3
22070,39,7
22071,49,8
22072,4,3
22073,0,3
22074,38,6
22075,2,3
22076,0,3
22077,0,3
22078,26,6
22079,11,2
22080,28,7
22081,0,3
22082,61,6
22083,0,3
22084,27,5
22085,11,4
22086,0,3
22087,31,6
22088,0,3
22089,85,10
22090,1,3
22091,20,4
22092,0,3
22093,96,9
22094,15,7
22095,3,4
22096,0,3
22097,0,3
22098,13,3
22099,28,6
22100,16,5
22101,0,3
22102,2,3
22103,57,8
22104,9,4
22105,2,3
22106,0,3
22107,0,3
22108,24,8
22109,8,5
22110,0,3
22111,59,11
22112,40,6
22113,0,3
22114,12,4
22115,0,3
22116,0,3
22117,30,6
22118,1,3
22119,0,3
22120,0,3
22121,18,6
22122,82,9
22123,0,3
22124,20,6
22125,22,6
22126,42,6
22127,42,3
22128,0,3
22129,0,3
22130,0,3
22131,18,6
22132,0,3
22133,32,6
22134,23,5
22135,61,6
22136,52,8
22137,9,4
22138,14,5
22139,0,3
22140,26,5
22141,33,4
22142,29,9
22143,62,6
22144,30,5
22145,4,3
22146,37,8
22147,0,3
22148,0,3
22149,13,6
22150,53,7
22151,16,5
22152,58,6
22153,78,11
22154,60,9
22155,7,4
22156,84,6
22157,43,4
22158,40,5
22159,15,5
22160,0,3
22161,2,3
22162,0,3
22163,0,3
22164,40,7
22165,39,6
22166,34,7
22167,2,3
22168,44,8
22169,87,9
22170,33,9
22171,0,3
22172,43,4
22173,87,10
22174,23,5
22175,28,7
22176,58,8
22177,33,4
22178,0,3
22179,0,3
22180,37,9
22181,8,4
22182,21,5
22183,0,3
22184,59,7
22185,0,3
22186,0,3
22187,18,4
22188,55,9
22189,14,4
22190,0,3
22191,18,2
22192,40,10
22193,41,5
22194,0,3
22195,26,5
22196,52,5
22197,47,8
22198,9,4
22199,0,3
22200,44,5
22201,47,9
22202,27,4
22203,62,8
22204,45,8
22205,115,8
22206,32,5
22207,46,4
22208,42,12
22209,0,3
22210,0,3
22211,33,8
22212,0,3
22213,26,5
22214,3,3
22215,0,3
22216,34,8
22217,0,3
22218,75,11
22219,0,3
22220,57,4
22221,27,4
22222,42,6
22223,39,6
22224,0,3
22225,23,7
22226,0,3
22227,0,3
22228,21,4
22229,0,3
22230,20,4
22231,29,8
22232,0,3
22233,21,7
22234,22,5
22235,102,9
22236,44,5
22237,47,5
22238,5,4
22239,29,8
22240,16,5
22241,36,6
22242,34,6
22243,48,8
22244,0,3
22245,85,9
22246,0,3
22247,8,4
22248,0,3
22249,0,3
22250,11,4
22251,68,6
22252,0,3
22253,17,4
22254,0,3
22255,42,10
22256,34,7
22257,49,6
22258,54,5
22259,47,6
22260,0,3
22261,54,7
22262,11,4
22263,0,3
22264,0,3
22265,24,5
22266,35,8
22267,0,3
22268,1,3
22269,74,8
22270,105,10
22271,28,9
22272,27,6
22273,0,3
22274,0,3
22275,0,3
22276,37,5
22277,0,3
22278,51,8
22279,31,6
22280,66,11
22281,65,6
22282,20,4
22283,11,4
22284,0,3
22285,15,3
22286,0,3
22287,19,4
22288,53,12
22289,0,3
22290,53,7
22291,1,3
22292,71,5
22293,54,6
22294,46,8
22295,2,3
22296,167,6
22297,44,3
22298,87,9
22299,37,8
22300,0,3
22301,10,5
22302,0,3
22303,0,3
22304,13,5
22305,0,3
22306,0,3
22307,0,3
22308,94,7
22309,0,3
22310,50,5
22311,0,3
22312,47,7
22313,0,3
22314,10,3
22315,47,8
22316,57,8
22317,50,8
22318,34,5
22319,48,10
22320,0,3
22321,52,10
22322,82,7
22323,40,6
22324,58,5
22325,14,4
22326,42,8
22327,26,5
22328,0,3
22329,0,3
22330,0,3
22331,62,9
22332,0,3
22333,10,3
22334,0,3
22335,43,4
22336,0,3
22337,3,4
22338,36,4
22339,39,6
22340,89,9
22341,45,10
22342,37,6
22343,17,4
22344,3,3
22345,80,7
22346,9,5
22347,0,3
22348,30,5
22349,0,3
22350,98,10
22351,35,5
22352,30,7
22353,66,9
22354,0,3
22355,0,3
22356,30,7
22357,0,3
22358,25,5
22359,0,3
22360,0,3
22361,0,3
22362,10,3
22363,51,6
22364,17,5
22365,22,5
22366,104,7
22367,0,3
22368,31,7
22369,0,3
22370,0,3
22371,0,3
22372,0,3
22373,19,5
22374,0,3
22375,27,7
22376,15,5
22377,35,8
22378,0,3
22379,94,10
22380,59,12
22381,1,3
22382,22,5
22383,10,4
22384,0,3
22385,0,3
22386,9,4
22387,76,9
22388,41,10
22389,0,3
22390,0,3
22391,55,9
22392,12,3
22393,0,3
22394,77,15
22395,3,3
22396,40,6
22397,0,3
22398,0,3
22399,0,3
22400,16,4
22401,0,3
22402,0,3
22403,0,3
22404,72,6
22405,14,4
22406,24,5
22407,0,3
22408,17,5
22409,21,5
22410,52,6
22411,18,5
22412,24,4
22413,18,4
22414,0,3
22415,34,4
22416,4,3
22417,0,3
22418,0,3
22419,3,3
22420,63,11
22421,11,5
22422,44,7
22423,13,5
22424,16,4
22425,81,4
22426,25,4
22427,0,3
22428,0,3
22429,0,3
22430,0,3
22431,0,3
22432,0,3
22433,0,3
22434,44,7
22435,22,5
22436,29,5
22437,13,5
22438,52,8
22439,52,5
22440,0,3
22441,0,3
22442,70,8
22443,28,8
22444,69,8
22445,25,8
22446,27,5
22447,1,3
22448,1,3
22449,39,7
22450,29,8
22451,27,6
22452,51,8
22453,28,6
22454,51,7
22455,23,4
22456,28,7
22457,7,5
22458,42,4
22459,0,3
22460,0,3
22461,42,7
22462,13,5
22463,7,4
22464,0,3
22465,0,3
22466,0,3
22467,0,3
22468,3,3
22469,6,3
22470,0,3
22471,16,4
22472,0,3
22473,242,11
22474,85,7
22475,0,3
22476,44,7
22477,0,3
22478,67,7
22479,46,7
22480,34,6
22481,0,3
22482,0,3
22483,0,3
22484,23,7
22485,0,3
22486,29,9
22487,0,3
22488,0,3
22489,35,5
22490,97,7
22491,0,3
22492,33,4
22493,0,3
22494,6,3
22495,0,3
22496,36,8
22497,21,5
22498,0,3
22499,24,3
22500,0,3
22501,18,5
22502,0,3
22503,0,3
22504,42,5
22505,44,10
22506,68,4
22507,31,6
22508,0,3
22509,91,9
22510,53,5
22511,0,3
22512,0,3
22513,0,3
22514,23,5
22515,50,10
22516,0,3
22517,0,3
22518,4,3
22519,0,3
22520,67,7
22521,0,3
22522,0,3
22523,0,3
22524,15,7
22525,0,3
22526,28,4
22527,0,3
22528,26,7
22529,0,3
22530,44,7
22531,0,3
22532,35,6
22533,0,3
22534,73,7
22535,11,4
22536,0,3
22537,0,3
22538,53,6
22539,25,6
22540,29,7
22541,9,6
22542,27,6
22543,23,6
22544,40,4
22545,50,7
22546,0,3
22547,26,7
22548,29,9
22549,21,4
22550,0,3
22551,0,3
22552,58,12
22553,0,3
22554,0,3
22555,2,3
22556,0,3
22557,39,6
22558,17,5
22559,45,4
22560,38,10
22561,57,9
22562,54,11
22563,19,6
22564,57,5
22565,0,3
22566,23,5
22567,42,6
22568,23,4
22569,24,8
22570,10,3
22571,1,3
22572,70,12
22573,0,3
22574,16,4
22575,31,5
22576,0,3
22577,19,4
22578,0,3
22579,0,3
22580,25,9
22581,22,8
22582,43,4
22583,23,4
22584,11,5
22585,37,7
22586,55,5
22587,1,3
22588,0,3
22589,0,3
22590,26,8
22591,25,5
22592,49,6
22593,32,7
22594,99,9
22595,0,3
22596,209,8
22597,0,3
22598,36,6
22599,34,11
22600,0,3
22601,14,4
22602,0,3
22603,14,3
22604,0,3
22605,12,5
22606,0,3
22607,59,10
22608,0,3
22609,4,3
22610,87,4
22611,0,3
22612,17,5
22613,21,4
22614,34,8
22615,35,7
22616,9,5
22617,40,5
22618,21,7
22619,56,6
22620,16,6
22621,40,5
22622,0,3
22623,0,3
22624,0,3
22625,30,3
22626,19,5
22627,0,3
22628,1,3
22629,59,7
22630,1,3
22631,63,7
22632,0,3
22633,34,5
22634,69,12
22635,13,5
22636,0,3
22637,35,5
22638,11,4
22639,26,9
22640,39,3
22641,0,3
22642,0,3
22643,2,3
22644,12,4
22645,18,5
22646,19,4
22647,0,3
22648,34,6
22649,0,3
22650,50,6
22651,73,12
22652,46,4
22653,0,3
22654,0,3
22655,0,3
22656,0,3
22657,0,3
22658,0,3
22659,0,3
22660,0,3
22661,17,6
22662,49,5
22663,21,7
22664,0,3
22665,0,3
22666,18,6
22667,0,3
22668,68,9
22669,53,8
22670,55,10
22671,0,3
22672,70,9
22673,30,8
22674,29,5
22675,36,5
22676,2,3
22677,13,4
22678,12,5
22679,79,7
22680,0,3
22681,18,6
22682,0,3
22683,35,6
22684,25,7
22685,1,3
22686,35,6
22687,30,4
22688,13,4
22689,38,4
22690,0,3
22691,0,3
22692,7,4
22693,8,4
22694,0,3
22695,64,9
22696,27,3
22697,63,10
22698,5,3
22699,13,5
22700,0,3
22701,57,8
22702,27,9
22703,13,4
22704,0,3
22705,0,3
22706,0,3
22707,0,3
22708,9,5
22709,67,11
22710,0,3
22711,33,5
22712,23,6
22713,0,3
22714,97,6
22715,31,4
22716,6,3
22717,47,8
22718,14,6
22719,6,4
22720,28,5
22721,23,6
22722,30,5
22723,11,4
22724,32,5
22725,39,9
22726,14,6
22727,0,3
22728,0,3
22729,21,4
22730,37,11
22731,0,3
22732,43,8
22733,22,5
22734,21,5
22735,0,3
22736,41,3
22737,84,6
22738,63,7
22739,95,11
22740,123,13
22741,35,7
22742,35,6
22743,0,3
22744,50,6
22745,0,3
22746,0,3
22747,0,3
22748,29,7
22749,108,8
22750,66,5
22751,62,11
22752,57,3
22753,0,3
22754,0,3
22755,0,3
22756,0,3
22757,0,3
22758,44,7
22759,65,12
22760,41,10
22761,0,3
22762,0,3
22763,0,3
22764,31,7
22765,37,6
22766,70,7
22767,19,6
22768,12,4
22769,64,7
22770,52,7
22771,0,3
22772,2,3
22773,28,5
22774,11,3
22775,17,5
22776,7,3
22777,0,3
22778,67,5
22779,0,3
22780,75,11
22781,20,5
22782,39,9
22783,0,3
22784,46,7
22785,52,5
22786,71,3
22787,30,5
22788,0,3
22789,72,5
22790,24,6
22791,54,10
22792,0,3
22793,0,3
22794,0,3
22795,0,3
22796,35,5
22797,0,3
22798,0,3
22799,0,3
22800,0,3
22801,0,3
22802,5,4
22803,0,3
22804,40,4
22805,11,4
22806,54,3
22807,38,6
22808,63,8
22809,20,5
22810,18,6
22811,32,4
22812,0,3
22813,0,3
22814,9,3
22815,61,7
22816,0,3
22817,0,3
22818,31,6
22819,0,3
22820,0,3
22821,66,7
22822,0,3
22823,23,4
22824,0,3
22825,15,5
22826,29,6
22827,50,8
22828,0,3
22829,109,5
22830,70,9
22831,33,8
22832,19,5
22833,0,3
22834,73,9
22835,0,3
22836,83,13
22837,59,9
22838,42,6
22839,51,6
22840,0,3
22841,61,7
22842,0,3
22843,76,5
22844,0,3
22845,13,5
22846,42,3
22847,0,3
22848,0,3
22849,58,6
22850,14,7
22851,33,6
22852,0,3
22853,0,3
22854,0,3
22855,28,5
22856,0,3
22857,36,5
22858,32,7
22859,0,3
22860,0,3
22861,0,3
22862,76,6
22863,76,7
22864,0,3
22865,26,5
22866,0,3
22867,48,9
22868,12,4
22869,59,5
22870,39,7
22871,38,4
22872,55,12
22873,64,7
22874,9,5
22875,0,3
22876,72,12
22877,0,3
22878,64,8
22879,0,3
22880,0,3
22881,44,8
22882,23,5
22883,0,3
22884,6,3
22885,43,6
22886,21,6
22887,28,6
22888,0,3
22889,13,5
22890,8,3
22891,0,3
22892,36,5
22893,49,7
22894,0,3
22895,0,3
22896,18,6
22897,69,6
22898,34,4
22899,0,3
22900,23,5
22901,7,3
22902,0,3
22903,69,10
22904,0,3
22905,0,3
22906,0,3
22907,0,3
22908,5,3
22909,18,5
22910,0,3
22911,72,9
22912,0,3
22913,0,3
22914,0,3
22915,133,13
22916,47,6
22917,0,3
22918,16,6
22919,0,3
22920,0,3
22921,0,3
22922,20,6
22923,32,8
22924,105,10
22925,0,3
22926,0,3
22927,0,3
22928,38,5
22929,1,3
22930,19,6
22931,43,7
22932,43,7
22933,0,3
22934,0,3
22935,32,9
22936,65,7
22937,0,3
22938,0,3
22939,0,3
22940,0,3
22941,0,3
22942,88,12
22943,17,6
22944,12,6
22945,13,5
22946,27,7
22947,59,4
22948,39,7
22949,4,3
22950,26,5
22951,0,3
22952,5,5
22953,121,6
22954,19,6
22955,0,3
22956,24,7
22957,0,3
22958,12,4
22959,0,3
22960,12,3
22961,0,3
22962,0,3
22963,0,3
22964,3,4
22965,44,7
22966,0,3
22967,95,8
22968,72,7
22969,36,5
22970,0,3
22971,84,6
22972,53,8
22973,13,5
22974,0,3
22975,36,6
22976,38,8
22977,0,3
22978,19,4
22979,77,4
22980,9,4
22981,49,12
22982,53,6
22983,62,9
22984,0,3
22985,47,9
22986,0,3
22987,12,4
22988,86,6
22989,8,4
22990,0,3
22991,13,6
22992,0,3
22993,0,3
22994,11,3
22995,65,8
22996,33,8
22997,60,9
22998,0,3
22999,1,3
23000,23,6
23001,22,6
23002,27,6
23003,72,14
23004,0,3
23005,70,7
23006,0,3
23007,11,4
23008,0,3
23009,63,5
23010,57,5
23011,41,5
23012,55,6
23013,18,4
23014,19,4
23015,38,3
23016,0,3
23017,30,6
23018,18,5
23019,33,6
23020,14,3
23021,65,9
23022,32,8
23023,0,3
23024,56,6
23025,0,3
23026,17,5
23027,0,3
23028,43,7
23029,58,7
23030,44,6
23031,45,7
23032,70,11
23033,0,3
23034,1,3
23035,0,3
23036,44,5
23037,7,3
23038,0,3
23039,0,3
23040,34,7
23041,0,3
23042,50,6
23043,42,7
23044,26,5
23045,31,7
23046,0,3
23047,45,7
23048,11,2
23049,39,7
23050,46,8
23051,4,3
23052,86,7
23053,75,6
23054,0,3
23055,0,3
23056,37,4
23057,53,8
23058,0,3
23059,0,3
23060,81,9
23061,4,3
23062,20,6
23063,0,3
23064,29,10
23065,43,5
23066,0,3
23067,24,4
23068,48,9
23069,0,3
23070,12,4
23071,28,6
23072,38,7
23073,139,13
23074,0,3
23075,0,3
23076,0,3
23077,52,9
23078,0,3
23079,0,3
23080,0,3
23081,30,4
23082,88,6
23083,15,4
23084,27,6
23085,0,3
23086,0,3
23087,0,3
23088,0,3
23089,42,8
23090,6,3
23091,0,3
23092,0,3
23093,59,9
23094,56,8
23095,0,3
23096,29,5
23097,0,3
23098,0,3
23099,55,4
23100,103,9
23101,0,3
23102,54,11
23103,27,6
23104,32,5
23105,11,4
23106,48,10
23107,8,4
23108,0,3
23109,15,5
23110,15,4
23111,30,5
23112,36,3
23113,0,3
23114,130,5
23115,42,5
23116,15,4
23117,0,3
23118,0,3
23119,164,6
23120,0,3
23121,0,3
23122,25,7
23123,16,4
23124,99,12
23125,90,7
23126,0,3
23127,11,4
23128,0,3
23129,66,3
23130,0,3
23131,0,3
23132,48,8
23133,69,10
23134,0,3
23135,0,3
23136,0,3
23137,2,3
23138,73,7
23139,18,5
23140,64,4
23141,29,7
23142,0,3
23143,50,5
23144,17,5
23145,29,5
23146,32,7
23147,126,5
23148,19,4
23149,27,6
23150,0,3
23151,48,8
23152,19,4
23153,38,7
23154,28,7
23155,0,3
23156,44,6
23157,24,5
23158,11,5
23159,4,3
23160,0,3
23161,28,6
23162,0,3
23163,0,3
23164,76,8
23165,0,3
23166,5,3
23167,45,6
23168,95,7
23169,83,8
23170,0,3
23171,34,7
23172,46,7
23173,60,9
23174,0,3
23175,50,8
23176,56,8
23177,0,3
23178,0,3
23179,125,8
23180,24,6
23181,43,7
23182,0,3
23183,51,8
23184,106,10
23185,11,5
23186,0,3
23187,48,5
23188,39,9
23189,17,4
23190,0,3
23191,49,5
23192,35,7
23193,22,4
23194,24,5
23195,7,3
23196,9,3
23197,6,3
23198,0,3
23199,91,11
23200,48,7
23201,63,9
23202,49,7
23203,0,3
23204,10,4
23205,8,4
23206,6,4
23207,35,7
23208,42,9
23209,0,3
23210,73,10
23211,0,3
23212,9,5
23213,3,4
23214,8,4
23215,0,3
23216,0,3
23217,0,3
23218,0,3
23219,39,11
23220,66,8
23221,41,10
23222,13,5
23223,26,4
23224,76,7
23225,6,2
23226,28,6
23227,37,4
23228,93,10
23229,18,5
23230,2,3
23231,50,8
23232,105,9
23233,22,6
23234,0,3
23235,0,3
23236,0,3
23237,57,5
23238,23,8
23239,23,8
23240,39,7
23241,18,4
23242,0,3
23243,0,3
23244,0,3
23245,0,3
23246,5,3
23247,0,3
23248,51,7
23249,52,7
23250,0,3
23251,47,7
23252,63,9
23253,0,3
23254,39,6
23255,0,3
23256,0,3
23257,50,8
23258,28,4
23259,32,8
23260,59,8
23261,32,5
23262,6,4
23263,0,3
23264,46,6
23265,77,7
23266,123,8
23267,44,6
23268,0,3
23269,5,4
23270,4,3
23271,0,3
23272,17,4
23273,49,9
23274,52,7
23275,105,8
23276,28,5
23277,50,9
23278,0,3
23279,34,6
23280,7,3
23281,74,6
23282,0,3
23283,69,9
23284,32,5
23285,0,3
23286,23,5
23287,0,3
23288,4,3
23289,25,6
23290,11,3
23291,47,9
23292,26,4
23293,105,6
23294,0,3
23295,15,6
23296,49,8
23297,0,3
23298,27,5
23299,45,9
23300,65,8
23301,22,6
23302,2,3
23303,6,3
23304,7,4
23305,31,7
23306,24,6
23307,21,5
23308,86,8
23309,60,10
23310,0,3
23311,0,3
23312,0,3
23313,85,10
23314,0,3
23315,49,7
23316,31,5
23317,18,4
23318,40,11
23319,0,3
23320,59,10
23321,65,6
23322,0,3
23323,35,6
23324,1,3
23325,14,4
23326,0,3
23327,0,3
23328,0,3
23329,48,7
23330,0,3
23331,0,3
23332,50,9
23333,44,8
23334,97,8
23335,0,3
23336,61,7
23337,0,3
23338,8,5
23339,0,3
23340,0,3
23341,64,6
23342,0,3
23343,81,11
23344,6,3
23345,56,5
23346,0,3
23347,0,3
23348,7,3
23349,30,6
23350,0,3
23351,66,10
23352,186,10
23353,92,10
23354,84,8
23355,70,9
23356,0,3
23357,7,3
23358,19,7
23359,49,8
23360,46,12
23361,0,3
23362,0,3
23363,70,3
23364,30,4
23365,36,6
23366,23,5
23367,0,3
23368,2,3
23369,0,3
23370,2,3
23371,1,3
23372,0,3
23373,0,3
23374,22,4
23375,22,5
23376,0,3
23377,82,11
23378,58,8
23379,24,4
23380,65,11
23381,0,3
23382,36,6
23383,73,6
23384,73,11
23385,29,8
23386,44,8
23387,59,9
23388,17,7
23389,38,6
23390,0,3
23391,45,9
23392,2,3
23393,4,3
23394,43,8
23395,35,5
23396,50,8
23397,0,3
23398,8,4
23399,4,3
23400,0,3
23401,8,4
23402,0,3
23403,0,3
23404,0,3
23405,40,7
23406,6,3
23407,0,3
23408,65,10
23409,0,3
23410,27,6
23411,27,6
23412,1,3
23413,0,3
23414,0,3
23415,19,7
23416,0,3
23417,8,3
23418,12,5
23419,0,3
23420,0,3
23421,32,10
23422,67,7
23423,53,8
23424,9,3
23425,27,6
23426,0,3
23427,26,6
23428,0,3
23429,24,5
23430,3,3
23431,5,3
23432,48,8
23433,0,3
23434,38,5
23435,44,9
23436,0,3
23437,0,3
23438,7,3
23439,65,9
23440,7,6
23441,87,10
23442,33,7
23443,1,3
23444,0,3
23445,13,3
23446,61,7
23447,9,3
23448,17,5
23449,34,4
23450,3,3
23451,63,9
23452,0,3
23453,70,9
23454,24,5
23455,19,6
23456,0,3
23457,46,7
23458,8,4
23459,0,3
23460,0,3
23461,35,6
23462,0,3
23463,26,9
23464,53,8
23465,14,6
23466,0,3
23467,0,3
23468,57,9
23469,26,6
23470,61,8
23471,2,3
23472,0,3
23473,0,3
23474,53,8
23475,0,3
23476,0,3
23477,0,3
23478,33,5
23479,80,11
23480,0,3
23481,34,6
23482,0,3
23483,49,7
23484,16,4
23485,0,3
23486,0,3
23487,2,3
23488,0,3
23489,101,12
23490,0,3
23491,44,7
23492,16,5
23493,1,4
23494,17,7
23495,0,3
23496,0,3
23497,58,8
23498,119,12
23499,6,4
23500,11,4
23501,41,8
23502,0,3
23503,20,5
23504,0,3
23505,51,10
23506,0,3
23507,22,5
23508,22,6
23509,3,4
23510,39,4
23511,38,10
23512,43,10
23513,0,3
23514,0,3
23515,18,4
23516,2,3
23517,0,3
23518,47,8
23519,47,5
23520,62,11
23521,3,3
23522,4,3
23523,49,7
23524,38,5
23525,14,3
23526,0,3
23527,49,10
23528,49,8
23529,113,13
23530,92,8
23531,19,3
23532,0,3
23533,77,10
23534,12,4
23535,0,3
23536,71,8
23537,7,3
23538,0,3
23539,20,3
23540,18,7
23541,91,7
23542,37,9
23543,74,10
23544,0,3
23545,65,9
23546,18,7
23547,0,3
23548,0,3
23549,0,3
23550,0,3
23551,0,3
23552,10,4
23553,0,3
23554,76,9
23555,6,4
23556,0,3
23557,52,7
23558,33,5
23559,36,6
23560,23,4
23561,61,6
23562,17,4
23563,0,3
23564,8,3
23565,0,3
23566,0,3
23567,0,3
23568,0,3
23569,0,3
23570,41,8
23571,89,9
23572,20,6
23573,0,3
23574,0,3
23575,0,3
23576,0,3
23577,108,10
23578,0,3
23579,23,7
23580,36,7
23581,68,8
23582,0,3
23583,10,3
23584,51,8
23585,33,7
23586,33,7
23587,0,3
23588,0,3
23589,0,3
23590,54,8
23591,49,8
23592,28,5
23593,16,3
23594,0,3
23595,0,3
23596,0,3
23597,15,5
23598,0,3
23599,0,3
23600,56,13
23601,12,5
23602,0,3
23603,63,14
23604,0,3
23605,0,3
23606,0,3
23607,25,6
23608,46,7
23609,4,4
23610,3,3
23611,18,6
23612,47,8
23613,52,7
23614,57,7
23615,6,3
23616,62,11
23617,42,6
23618,2,3
23619,0,3
23620,0,3
23621,32,8
23622,0,3
23623,27,7
23624,41,8
23625,37,8
23626,8,5
23627,0,3
23628,0,3
23629,51,9
23630,36,7
23631,0,3
23632,24,5
23633,29,4
23634,69,7
23635,20,6
23636,48,6
23637,0,3
23638,0,3
23639,138,9
23640,63,6
23641,0,3
23642,0,3
23643,121,8
23644,42,6
23645,15,5
23646,0,3
23647,6,3
23648,3,3
23649,0,3
23650,69,10
23651,123,13
23652,43,6
23653,21,6
23654,27,6
23655,0,3
23656,27,2
23657,11,3
23658,29,6
23659,29,5
23660,28,4
23661,0,3
23662,0,3
23663,0,3
23664,0,3
23665,4,3
23666,41,10
23667,32,4
23668,41,10
23669,15,5
23670,17,6
23671,14,4
23672,0,3
23673,5,3
23674,0,3
23675,0,3
23676,24,8
23677,0,3
23678,6,5
23679,0,3
23680,0,3
23681,136,13
23682,98,9
23683,28,4
23684,36,6
23685,38,6
23686,28,3
23687,14,5
23688,24,5
23689,95,8
23690,39,4
23691,0,3
23692,0,3
23693,40,8
23694,28,6
23695,0,3
23696,0,3
23697,24,5
23698,0,3
23699,0,3
23700,11,4
23701,0,3
23702,0,3
23703,0,3
23704,0,3
23705,0,3
23706,0,3
23707,0,3
23708,13,5
23709,20,6
23710,0,3
23711,58,12
23712,60,9
23713,14,6
23714,1,3
23715,0,3
23716,178,6
23717,53,7
23718,0,3
23719,0,3
23720,0,3
23721,61,5
23722,15,5
23723,2,2
23724,5,5
23725,8,4
23726,0,3
23727,74,9
23728,19,5
23729,33,7
23730,0,3
23731,5,3
23732,13,5
23733,16,5
23734,37,4
23735,0,3
23736,25,8
23737,0,3
23738,30,4
23739,7,3
23740,0,3
23741,44,8
23742,27,7
23743,60,9
23744,54,9
23745,6,4
23746,24,6
23747,23,5
23748,41,5
23749,0,3
23750,24,4
23751,16,5
23752,0,3
23753,59,3
23754,0,3
23755,13,3
23756,61,9
23757,0,3
23758,40,5
23759,0,3
23760,7,3
23761,0,3
23762,6,5
23763,48,6
23764,0,3
23765,0,3
23766,0,3
23767,0,3
23768,13,5
23769,63,8
23770,79,9
23771,44,7
23772,49,6
23773,0,3
23774,0,3
23775,38,4
23776,0,3
23777,0,3
23778,47,7
23779,16,7
23780,0,3
23781,23,5
23782,0,3
23783,23,5
23784,39,9
23785,0,3
23786,1,3
23787,44,7
23788,34,7
23789,0,3
23790,38,7
23791,30,8
23792,0,3
23793,5,4
23794,20,7
23795,18,5
23796,82,11
23797,22,6
23798,7,4
23799,53,7
23800,13,6
23801,55,8
23802,6,3
23803,0,3
23804,0,3
23805,16,3
23806,5,3
23807,10,3
23808,69,8
23809,51,8
23810,45,7
23811,51,8
23812,88,12
23813,0,3
23814,0,3
23815,10,3
23816,0,3
23817,68,8
23818,74,7
23819,0,3
23820,0,3
23821,24,5
23822,47,5
23823,2,3
23824,80,9
23825,31,7
23826,50,8
23827,15,6
23828,53,7
23829,0,3
23830,66,8
23831,41,10
23832,0,3
23833,2,4
23834,0,3
23835,71,8
23836,93,11
23837,77,8
23838,43,6
23839,54,8
23840,0,3
23841,4,4
23842,0,3
23843,0,3
23844,0,3
23845,24,8
23846,0,3
23847,68,9
23848,15,6
23849,7,2
23850,45,4
23851,0,3
23852,0,3
23853,62,6
23854,15,5
23855,32,6
23856,10,3
23857,11,3
23858,0,3
23859,0,3
23860,0,3
23861,2,3
23862,2,3
23863,49,5
23864,43,6
23865,11,3
23866,0,3
23867,0,3
23868,88,10
23869,48,7
23870,47,6
23871,29,7
23872,5,4
23873,46,7
23874,0,3
23875,82,8
23876,0,3
23877,3,3
23878,39,5
23879,10,5
23880,117,11
23881,27,5
23882,0,3
23883,2,3
23884,14,5
23885,47,7
23886,0,3
23887,59,5
23888,0,3
23889,2,3
23890,17,5
23891,34,7
23892,83,9
23893,233,9
23894,0,3
23895,17,4
23896,113,10
23897,2,3
23898,35,5
23899,27,6
23900,13,3
23901,4,3
23902,18,5
23903,11,5
23904,0,3
23905,48,10
23906,9,4
23907,0,3
23908,15,5
23909,0,3
23910,122,7
23911,30,8
23912,46,9
23913,5,3
23914,0,3
23915,74,9
23916,17,5
23917,14,5
23918,5,3
23919,66,9
23920,32,5
23921,35,6
23922,0,3
23923,24,4
23924,49,9
23925,13,8
23926,11,5
23927,73,11
23928,46,7
23929,76,8
23930,0,3
23931,8,4
23932,0,3
23933,123,9
23934,34,8
23935,55,7
23936,0,3
23937,28,6
23938,43,7
23939,66,8
23940,19,7
23941,60,10
23942,0,3
23943,21,5
23944,3,3
23945,35,8
23946,25,6
23947,30,8
23948,0,3
23949,31,7
23950,0,3
23951,50,6
23952,0,3
23953,0,3
23954,8,3
23955,41,6
23956,45,8
23957,58,5
23958,34,6
23959,38,7
23960,36,4
23961,142,7
23962,46,8
23963,9,3
23964,22,5
23965,43,5
23966,0,3
23967,0,3
23968,37,6
23969,0,3
23970,16,7
23971,34,7
23972,35,9
23973,0,3
23974,28,5
23975,4,3
23976,49,5
23977,68,4
23978,46,6
23979,26,6
23980,0,3
23981,0,3
23982,0,3
23983,0,3
23984,110,10
23985,0,3
23986,75,11
23987,23,4
23988,58,9
23989,9,4
23990,37,8
23991,0,3
23992,0,3
23993,48,8
23994,73,10
23995,0,3
23996,36,6
23997,58,8
23998,13,3
23999,44,7
24000,0,3
24001,16,5
24002,87,11
24003,0,3
24004,13,3
24005,5,3
24006,38,12
24007,28,6
24008,118,6
24009,62,9
24010,31,6
24011,11,5
24012,0,3
24013,18,4
24014,0,3
24015,38,10
24016,39,8
24017,44,9
24018,20,5
24019,89,13
24020,34,7
24021,54,8
24022,51,8
24023,33,5
24024,3,3
24025,0,3
24026,20,4
24027,58,8
24028,0,3
24029,10,5
24030,198,8
24031,135,11
24032,0,3
24033,0,3
24034,0,3
24035,10,4
24036,72,8
24037,11,4
24038,0,3
24039,0,3
24040,17,6
24041,52,9
24042,27,4
24043,0,3
24044,0,3
24045,0,3
24046,68,6
24047,2,3
24048,63,6
24049,0,3
24050,0,3
24051,60,7
24052,8,4
24053,22,5
24054,29,7
24055,0,3
24056,40,6
24057,55,7
24058,130,4
24059,34,6
24060,24,4
24061,0,3
24062,0,3
24063,10,4
24064,111,10
24065,0,3
24066,56,9
24067,0,3
24068,116,6
24069,93,9
24070,36,3
24071,40,7
24072,15,5
24073,50,6
24074,34,8
24075,13,5
24076,0,3
24077,51,9
24078,16,4
24079,60,11
24080,1,3
24081,0,3
24082,0,3
24083,4,3
24084,10,2
24085,0,3
24086,0,3
24087,71,10
24088,70,7
24089,22,6
24090,27,5
24091,87,6
24092,6,4
24093,67,9
24094,0,3
24095,62,7
24096,46,7
24097,109,10
24098,17,4
24099,0,3
24100,40,3
24101,0,3
24102,128,15
24103,13,5
24104,66,9
24105,0,3
24106,0,3
24107,0,3
24108,24,5
24109,52,10
24110,48,4
24111,4,3
24112,77,9
24113,76,13
24114,0,3
24115,0,3
24116,36,6
24117,0,3
24118,15,4
24119,65,6
24120,45,7
24121,0,3
24122,0,3
24123,36,7
24124,25,7
24125,38,6
24126,68,11
24127,0,3
24128,20,6
24129,0,3
24130,67,8
24131,0,3
24132,22,5
24133,55,10
24134,0,3
24135,0,3
24136,69,7
24137,41,8
24138,20,4
24139,58,11
24140,0,3
24141,5,4
24142,33,6
24143,0,3
24144,57,4
24145,0,3
24146,0,3
24147,29,4
24148,57,11
24149,24,5
24150,23,6
24151,49,9
24152,31,5
24153,6,3
24154,0,3
24155,0,3
24156,39,6
24157,91,9
24158,6,3
24159,10,4
24160,45,8
24161,0,3
24162,7,3
24163,8,3
24164,40,7
24165,72,13
24166,6,3
24167,121,15
24168,0,3
24169,25,7
24170,0,3
24171,70,8
24172,71,6
24173,0,3
24174,2,3
24175,48,7
24176,51,7
24177,63,7
24178,25,7
24179,39,6
24180,23,6
24181,16,4
24182,0,3
24183,30,7
24184,5,3
24185,12,4
24186,65,14
24187,0,3
24188,29,8
24189,0,3
24190,53,9
24191,103,9
24192,59,8
24193,15,4
24194,6,4
24195,1,3
24196,44,7
24197,16,5
24198,54,5
24199,0,3
24200,64,11
24201,69,5
24202,75,10
24203,0,3
24204,0,3
24205,1,3
24206,90,12
24207,59,9
24208,7,4
24209,0,3
24210,64,9
24211,30,4
24212,0,3
24213,0,3
24214,0,3
24215,26,3
24216,0,3
24217,0,3
24218,23,4
24219,4,3
24220,26,5
24221,20,5
24222,45,8
24223,34,6
24224,5,4
24225,0,3
24226,0,3
24227,25,5
24228,14,3
24229,17,5
24230,29,7
24231,27,6
24232,7,3
24233,39,6
24234,0,3
24235,0,3
24236,25,7
24237,68,10
24238,42,7
24239,62,9
24240,29,7
24241,0,3
24242,0,3
24243,39,4
24244,78,5
24245,45,7
24246,0,3
24247,0,3
24248,1,3
24249,0,3
24250,79,8
24251,86,13
24252,0,3
24253,43,6
24254,16,4
24255,69,6
24256,97,9
24257,25,4
24258,0,3
24259,71,6
24260,39,7
24261,99,11
24262,31,6
24263,25,5
24264,0,3
24265,286,9
24266,64,6
24267,0,3
24268,50,6
24269,0,3
24270,0,3
24271,31,4
24272,47,8
24273,48,8
24274,0,3
24275,11,4
24276,14,5
24277,0,3
24278,6,5
24279,13,5
24280,0,3
24281,36,7
24282,0,3
24283,0,3
24284,28,3
24285,0,3
24286,133,8
24287,0,3
24288,0,3
24289,29,5
24290,0,3
24291,0,3
24292,2,3
24293,18,6
24294,0,3
24295,16,5
24296,0,3
24297,0,3
24298,0,3
24299,36,6
24300,88,5
24301,25,6
24302,13,4
24303,0,3
24304,28,5
24305,59,10
24306,79,12
24307,0,3
24308,54,8
24309,0,3
24310,0,3
24311,42,5
24312,0,3
24313,0,3
24314,0,3
24315,45,4
24316,0,3
24317,0,3
24318,21,4
24319,37,5
24320,25,6
24321,45,4
24322,14,4
24323,27,6
24324,69,8
24325,30,10
24326,17,5
24327,0,3
24328,0,3
24329,0,3
24330,43,11
24331,13,4
24332,0,3
24333,0,3
24334,96,12
24335,0,3
24336,0,3
24337,36,6
24338,21,6
24339,29,6
24340,116,12
24341,0,3
24342,77,8
24343,45,7
24344,0,3
24345,50,8
24346,0,3
24347,0,3
24348,44,10
24349,0,3
24350,21,5
24351,6,5
24352,32,7
24353,79,15
24354,52,5
24355,0,3
24356,61,11
24357,135,6
24358,15,5
24359,0,3
24360,2,3
24361,0,3
24362,48,5
24363,25,7
24364,0,3
24365,13,4
24366,17,4
24367,0,3
24368,0,3
24369,29,6
24370,59,9
24371,31,5
24372,64,7
24373,36,5
24374,102,11
24375,0,3
24376,62,7
24377,4,3
24378,36,7
24379,9,4
24380,0,3
24381,20,6
24382,26,9
24383,0,3
24384,19,5
24385,42,7
24386,14,6
24387,5,6
24388,6,3
24389,0,3
24390,0,3
24391,0,3
24392,11,4
24393,118,6
24394,0,3
24395,35,7
24396,45,9
24397,0,3
24398,57,7
24399,6,4
24400,0,3
24401,47,6
24402,0,3
24403,0,3
24404,17,6
24405,31,5
24406,33,7
24407,25,6
24408,59,7
24409,20,6
24410,20,7
24411,65,8
24412,57,6
24413,0,3
24414,22,4
24415,45,5
24416,0,3
24417,39,8
24418,0,3
24419,13,3
24420,11,5
24421,0,3
24422,10,4
24423,4,3
24424,22,7
24425,0,3
24426,52,7
24427,58,6
24428,0,3
24429,52,9
24430,0,3
24431,55,9
24432,99,11
24433,0,3
24434,0,3
24435,61,11
24436,33,5
24437,67,12
24438,0,3
24439,24,6
24440,0,3
24441,0,3
24442,0,3
24443,0,3
24444,0,3
24445,38,7
24446,23,6
24447,0,3
24448,0,3
24449,24,5
24450,23,6
24451,0,3
24452,212,6
24453,53,7
24454,63,7
24455,51,8
24456,23,5
24457,0,3
24458,16,6
24459,44,5
24460,28,7
24461,0,3
24462,32,6
24463,42,8
24464,0,3
24465,0,3
24466,68,9
24467,90,8
24468,46,10
24469,0,3
24470,25,6
24471,0,3
24472,23,4
24473,0,3
24474,56,9
24475,0,3
24476,18,4
24477,97,10
24478,12,3
24479,0,3
24480,0,3
24481,15,6
24482,0,3
24483,26,9
24484,43,8
24485,0,3
24486,0,3
24487,89,8
24488,18,5
24489,81,8
24490,6,4
24491,0,3
24492,0,3
24493,0,3
24494,0,3
24495,0,3
24496,65,12
24497,11,6
24498,0,3
24499,0,3
24500,25,4
24501,7,4
24502,0,3
24503,64,7
24504,59,7
24505,0,3
24506,40,9
24507,4,3
24508,23,7
24509,31,5
24510,0,3
24511,176,4
24512,0,3
24513,15,4
24514,31,5
24515,52,8
24516,4,3
24517,7,3
24518,7,3
24519,0,3
24520,10,4
24521,55,8
24522,28,6
24523,0,3
24524,38,8
24525,151,6
24526,1,3
24527,0,3
24528,0,3
24529,0,3
24530,5,3
24531,10,3
24532,44,10
24533,51,8
24534,0,3
24535,8,4
24536,60,8
24537,0,3
24538,39,5
24539,6,3
24540,97,5
24541,0,3
24542,39,7
24543,0,3
24544,51,6
24545,58,7
24546,0,3
24547,0,3
24548,0,3
24549,0,3
24550,164,16
24551,0,3
24552,0,3
24553,69,6
24554,66,7
24555,56,6
24556,33,4
24557,0,3
24558,11,2
24559,18,6
24560,147,15
24561,24,8
24562,0,3
24563,16,6
24564,6,4
24565,0,3
24566,0,3
24567,9,4
24568,0,3
24569,0,3
24570,0,3
24571,0,3
24572,0,3
24573,0,3
24574,0,3
24575,41,8
24576,24,4
24577,9,4
24578,0,3
24579,38,7
24580,14,4
24581,52,6
24582,0,3
24583,12,3
24584,80,14
24585,19,5
24586,42,9
24587,13,6
24588,0,3
24589,0,3
24590,0,3
24591,0,3
24592,38,8
24593,9,3
24594,0,3
24595,37,8
24596,33,5
24597,41,9
24598,0,3
24599,0,3
24600,212,7
24601,49,6
24602,22,5
24603,25,8
24604,46,7
24605,50,8
24606,0,3
24607,53,10
24608,0,3
24609,0,3
24610,0,3
24611,0,3
24612,18,5
24613,0,3
24614,0,3
24615,0,3
24616,0,3
24617,40,7
24618,19,5
24619,45,9
24620,0,3
24621,37,3
24622,77,6
24623,0,3
24624,65,6
24625,63,8
24626,50,13
24627,0,3
24628,0,3
24629,0,3
24630,0,3
24631,27,5
24632,0,3
24633,32,7
24634,86,12
24635,0,3
24636,3,3
24637,0,3
24638,178,9
24639,0,3
24640,27,7
24641,34,4
24642,9,3
24643,37,7
24644,31,6
24645,48,9
24646,40,5
24647,21,4
24648,49,8
24649,2,3
24650,76,9
24651,0,3
24652,40,10
24653,36,7
24654,0,3
24655,12,5
24656,12,3
24657,0,3
24658,68,10
24659,0,3
24660,18,5
24661,35,7
24662,0,3
24663,9,3
24664,29,8
24665,9,3
24666,8,3
24667,49,9
24668,38,8
24669,0,3
24670,54,8
24671,37,7
24672,34,9
24673,99,14
24674,76,8
24675,29,6
24676,12,4
24677,87,9
24678,0,3
24679,14,3
24680,32,5
24681,23,6
24682,0,3
24683,0,3
24684,3,3
24685,113,10
24686,31,9
24687,8,3
24688,5,4
24689,79,10
24690,0,3
24691,29,7
24692,0,3
24693,24,6
24694,0,3
24695,0,3
24696,0,3
24697,0,3
24698,32,5
24699,11,4
24700,8,4
24701,94,11
24702,39,5
24703,74,12
24704,59,6
24705,42,11
24706,42,7
24707,0,3
24708,0,3
24709,27,4
24710,54,8
24711,80,3
24712,10,4
24713,66,10
24714,20,5
24715,58,8
24716,9,4
24717,6,5
24718,52,4
24719,0,3
24720,55,5
24721,0,3
24722,71,12
24723,30,6
24724,37,7
24725,0,3
24726,0,3
24727,14,4
24728,0,3
24729,77,10
24730,78,10
24731,75,11
24732,0,3
24733,17,5
24734,0,3
24735,46,7
24736,52,7
24737,47,7
24738,0,3
24739,0,3
24740,12,4
24741,22,6
24742,0,3
24743,0,3
24744,81,8
24745,67,7
24746,85,8
24747,85,7
24748,5,3
24749,0,3
24750,16,5
24751,0,3
24752,54,7
24753,32,7
24754,0,3
24755,94,14
24756,4,3
24757,0,3
24758,0,3
24759,40,10
24760,0,3
24761,22,5
24762,0,3
24763,34,5
24764,62,7
24765,48,7
24766,25,6
24767,60,9
24768,0,3
24769,0,3
24770,0,3
24771,40,5
24772,4,3
24773,0,3
24774,30,10
24775,0,3
24776,13,5
24777,39,6
24778,27,5
24779,0,3
24780,0,3
24781,36,7
24782,0,3
24783,0,3
24784,0,3
24785,65,9
24786,15,3
24787,10,5
24788,0,3
24789,0,3
24790,0,3
24791,26,6
24792,37,7
24793,0,3
24794,0,3
24795,0,3
24796,56,10
24797,50,11
24798,44,9
24799,0,3
24800,61,9
24801,22,6
24802,23,4
24803,0,3
24804,10,4
24805,0,3
24806,35,6
24807,75,4
24808,131,7
24809,74,8
24810,0,3
24811,3,3
24812,0,3
24813,0,3
24814,0,3
24815,105,11
24816,71,9
24817,13,4
24818,10,4
24819,4,3
24820,29,8
24821,0,3
24822,0,3
24823,0,3
24824,34,7
24825,0,3
24826,34,9
24827,15,5
24828,68,9
24829,0,3
24830,0,3
24831,62,12
24832,10,4
24833,77,3
24834,0,3
24835,81,10
24836,77,7
24837,45,8
24838,8,4
24839,0,3
24840,0,3
24841,0,3
24842,43,6
24843,0,3
24844,64,8
24845,0,3
24846,16,6
24847,0,3
24848,23,6
24849,56,7
24850,54,4
24851,141,10
24852,1,4
24853,61,7
24854,0,3
24855,48,10
24856,54,7
24857,0,3
24858,0,3
24859,0,3
24860,0,3
24861,27,4
24862,16,7
24863,0,3
24864,63,10
24865,11,5
24866,37,7
24867,72,10
24868,77,8
24869,64,10
24870,26,5
24871,0,3
24872,49,9
24873,0,3
24874,41,9
24875,0,3
24876,0,3
24877,0,3
24878,0,3
24879,30,5
24880,2,3
24881,41,6
24882,0,3
24883,66,10
24884,0,3
24885,77,11
24886,48,6
24887,19,7
24888,54,7
24889,55,8
24890,0,3
24891,71,11
24892,45,6
24893,0,3
24894,0,3
24895,19,5
24896,3,3
24897,1,3
24898,67,8
24899,64,10
24900,31,3
24901,0,3
24902,0,3
24903,69,9
24904,51,2
24905,24,3
24906,16,3
24907,8,4
24908,0,3
24909,47,7
24910,0,3
24911,35,8
24912,0,3
24913,39,6
24914,0,3
24915,0,3
24916,37,6
24917,90,8
24918,14,4
24919,29,6
24920,33,6
24921,0,3
24922,19,6
24923,0,3
24924,29,5
24925,12,3
24926,24,6
24927,44,7
24928,19,7
24929,32,5
24930,0,3
24931,74,10
24932,71,8
24933,18,4
24934,0,3
24935,37,8
24936,34,7
24937,0,3
24938,0,3
24939,36,5
24940,0,3
24941,0,3
24942,50,9
24943,49,6
24944,0,3
24945,64,6
24946,78,13
24947,0,3
24948,23,6
24949,3,3
24950,73,6
24951,0,3
24952,0,3
24953,103,4
24954,63,6
24955,3,3
24956,15,4
24957,0,3
24958,0,3
24959,0,3
24960,36,7
24961,7,3
24962,0,3
24963,0,3
24964,0,3
24965,0,3
24966,0,3
24967,0,3
24968,15,1
24969,0,3
24970,30,8
24971,0,3
24972,23,6
24973,39,11
24974,3,2
24975,2,3
24976,2,4
24977,4,3
24978,78,5
24979,0,3
24980,0,3
24981,0,3
24982,0,3
24983,10,3
24984,65,15
24985,0,3
24986,0,3
24987,66,8
24988,47,3
24989,46,8
24990,42,8
24991,0,3
24992,82,15
24993,61,8
24994,107,9
24995,0,3
24996,0,3
24997,51,8
24998,0,3
24999,0,3
25000,33,6
25001,0,3
25002,0,3
25003,46,10
25004,59,10
25005,80,11
25006,98,10
25007,0,3
25008,0,3
25009,0,3
25010,82,7
25011,20,5
25012,24,5
25013,66,7
25014,9,5
25015,0,3
25016,43,5
25017,24,4
25018,0,3
25019,56,8
25020,0,3
25021,64,7
25022,0,3
25023,0,3
25024,0,3
25025,57,8
25026,0,3
25027,31,4
25028,44,5
25029,0,3
25030,58,7
25031,9,6
25032,50,10
25033,0,3
25034,0,3
25035,4,3
25036,18,7
25037,17,7
25038,34,6
25039,10,4
25040,0,3
25041,0,3
25042,41,8
25043,88,9
25044,0,3
25045,0,3
25046,23,6
25047,64,7
25048,0,3
25049,0,3
25050,27,4
25051,0,3
25052,38,8
25053,52,9
25054,81,3
25055,10,6
25056,27,6
25057,19,6
25058,37,6
25059,0,3
25060,21,6
25061,58,11
25062,187,14
25063,0,3
25064,11,4
25065,33,8
25066,0,3
25067,0,3
25068,0,3
25069,87,9
25070,26,8
25071,124,8
25072,0,3
25073,0,3
25074,53,9
25075,0,3
25076,64,10
25077,23,7
25078,5,4
25079,17,3
25080,31,7
25081,84,11
25082,0,3
25083,40,7
25084,13,4
25085,57,9
25086,15,5
25087,2,3
25088,0,3
25089,29,6
25090,44,8
25091,45,7
25092,46,11
25093,18,4
25094,73,9
25095,12,3
25096,0,3
25097,52,9
25098,38,7
25099,40,9
25100,89,13
25101,14,6
25102,62,8
25103,79,10
25104,66,10
25105,18,4
25106,19,4
25107,31,6
25108,10,4
25109,93,8
25110,10,6
25111,0,3
25112,0,3
25113,119,11
25114,38,6
25115,49,9
25116,0,3
25117,0,3
25118,52,6
25119,0,3
25120,9,4
25121,29,6
25122,0,3
25123,67,10
25124,0,3
25125,0,3
25126,5,3
25127,0,3
25128,104,8
25129,8,4
25130,22,4
25131,153,10
25132,0,3
25133,0,3
25134,56,12
25135,27,6
25136,47,5
25137,0,3
25138,74,11
25139,42,7
25140,0,3
25141,51,7
25142,43,8
25143,26,6
25144,3,3
25145,0,3
25146,0,3
25147,20,6
25148,0,3
25149,0,3
25150,32,9
25151,83,8
25152,28,5
25153,0,3
25154,3,3
25155,0,3
25156,0,3
25157,50,5
25158,42,8
25159,17,3
25160,0,3
25161,31,9
25162,33,6
25163,0,3
25164,65,11
25165,102,9
25166,21,4
25167,19,4
25168,71,13
25169,0,3
25170,0,3
25171,27,8
25172,0,3
25173,0,3
25174,51,10
25175,36,6
25176,24,6
25177,27,6
25178,31,6
25179,0,3
25180,118,5
25181,23,5
25182,59,8
25183,23,6
25184,44,8
25185,0,3
25186,70,3
25187,2,3
25188,17,5
25189,0,3
25190,11,4
25191,0,3
25192,0,3
25193,0,3
25194,35,5
25195,1,3
25196,59,7
25197,0,3
25198,0,3
25199,55,9
25200,24,5
25201,60,5
25202,32,9
25203,48,6
25204,23,4
25205,0,3
25206,0,3
25207,0,3
25208,17,5
25209,25,7
25210,0,3
25211,53,9
25212,18,5
25213,25,8
25214,0,3
25215,257,13
25216,0,3
25217,99,13
25218,40,7
25219,0,3
25220,34,6
25221,75,6
25222,0,3
25223,58,8
25224,11,4
25225,70,13
25226,26,3
25227,0,3
25228,0,3
25229,26,5
25230,0,3
25231,40,8
25232,52,6
25233,0,3
25234,4,3
25235,9,3
25236,8,5
25237,0,3
25238,77,11
25239,0,3
25240,37,6
25241,0,3
25242,0,3
25243,0,3
25244,0,3
25245,0,3
25246,0,3
25247,0,3
25248,8,3
25249,39,4
25250,19,4
25251,0,3
25252,12,5
25253,0,3
25254,21,3
25255,60,8
25256,43,5
25257,48,11
25258,45,6
25259,13,5
25260,27,5
25261,0,3
25262,11,5
25263,34,6
25264,62,7
25265,0,3
25266,34,10
25267,0,3
25268,54,8
25269,27,5
25270,0,3
25271,17,4
25272,56,8
25273,66,4
25274,25,5
25275,0,3
25276,13,6
25277,45,8
25278,27,7
25279,39,4
25280,16,4
25281,81,9
25282,0,3
25283,0,3
25284,49,10
25285,24,6
25286,47,7
25287,36,6
25288,70,11
25289,88,6
25290,66,5
25291,10,5
25292,111,3
25293,16,4
25294,35,6
25295,42,4
25296,3,3
25297,0,3
25298,69,8
25299,40,6
25300,99,14
25301,65,9
25302,31,4
25303,0,3
25304,79,10
25305,0,3
25306,25,6
25307,0,3
25308,5,3
25309,68,9
25310,0,3
25311,40,8
25312,0,3
25313,78,9
25314,1,3
25315,14,4
25316,98,5
25317,0,3
25318,0,3
25319,87,10
25320,13,4
25321,0,3
25322,64,10
25323,7,4
25324,28,8
25325,53,10
25326,0,3
25327,24,7
25328,0,3
25329,101,7
25330,72,12
25331,64,8
25332,0,3
25333,41,5
25334,34,6
25335,0,3
25336,0,3
25337,54,4
25338,11,5
25339,114,11
25340,48,9
25341,0,3
25342,41,6
25343,0,3
25344,57,9
25345,29,8
25346,32,6
25347,54,8
25348,0,3
25349,0,3
25350,0,3
25351,23,6
25352,0,3
25353,41,9
25354,0,3
25355,34,6
25356,0,3
25357,0,3
25358,70,7
25359,0,3
25360,30,5
25361,54,11
25362,66,10
25363,0,3
25364,1,3
25365,1,4
25366,102,7
25367,149,16
25368,10,3
25369,0,3
25370,32,3
25371,69,7
25372,16,5
25373,0,3
25374,28,8
25375,48,8
25376,0,3
25377,72,10
25378,27,6
25379,1,3
25380,37,8
25381,0,3
25382,0,3
25383,0,3
25384,0,3
25385,37,5
25386,24,10
25387,58,7
25388,34,7
25389,0,3
25390,110,9
25391,0,3
25392,0,3
25393,57,7
25394,0,3
25395,0,3
25396,0,3
25397,0,3
25398,0,3
25399,0,3
25400,0,3
25401,43,4
25402,30,7
25403,7,3
25404,64,12
25405,41,6
25406,64,8
25407,37,8
25408,87,12
25409,0,3
25410,0,3
25411,50,5
25412,0,3
25413,0,3
25414,0,3
25415,0,3
25416,0,3
25417,0,3
25418,8,4
25419,0,3
25420,0,3
25421,68,10
25422,0,3
25423,0,3
25424,0,3
25425,35,6
25426,0,3
25427,50,8
25428,0,3
25429,19,4
25430,106,10
25431,70,10
25432,0,3
25433,52,7
25434,21,1
25435,0,3
25436,1,3
25437,0,3
25438,63,6
25439,45,6
25440,0,3
25441,0,3
25442,61,9
25443,51,6
25444,45,11
25445,0,3
25446,47,9
25447,0,3
25448,1,3
25449,8,4
25450,29,6
25451,0,3
25452,58,8
25453,0,3
25454,20,5
25455,6,4
25456,0,3
25457,0,3
25458,0,3
25459,84,10
25460,0,3
25461,0,3
25462,0,3
25463,0,3
25464,28,6
25465,0,3
25466,16,5
25467,32,7
25468,4,3
25469,0,3
25470,0,3
25471,0,3
25472,80,6
25473,0,3
25474,76,8
25475,44,4
25476,97,11
25477,0,3
25478,35,6
25479,0,3
25480,59,7
25481,0,3
25482,85,9
25483,51,6
25484,23,7
25485,7,3
25486,0,3
25487,63,8
25488,28,7
25489,30,9
25490,13,5
25491,34,10
25492,0,3
25493,0,3
25494,30,7
25495,0,3
25496,0,3
25497,0,3
25498,66,8
25499,33,5
25500,20,4
25501,53,5
25502,0,3
25503,22,7
25504,27,5
25505,0,3
25506,0,3
25507,75,10
25508,0,3
25509,0,3
25510,36,8
25511,4,3
25512,137,8
25513,26,7
25514,17,5
25515,50,6
25516,0,3
25517,24,4
25518,0,3
25519,0,3
25520,81,12
25521,0,3
25522,0,3
25523,0,3
25524,0,3
25525,61,8
25526,0,3
25527,51,7
25528,4,4
25529,0,3
25530,20,5
25531,12,3
25532,21,6
25533,0,3
25534,122,11
25535,0,3
25536,43,8
25537,35,6
25538,0,3
25539,29,7
25540,27,6
25541,0,3
25542,32,6
25543,11,4
25544,1,3
25545,64,11
25546,0,3
25547,25,5
25548,0,3
25549,21,6
25550,7,4
25551,45,8
25552,22,3
25553,13,4
25554,55,10
25555,39,8
25556,84,6
25557,17,5
25558,16,4
25559,67,9
25560,0,3
25561,79,7
25562,70,11
25563,54,9
25564,40,6
25565,0,3
25566,41,7
25567,10,4
25568,0,3
25569,104,11
25570,102,10
25571,0,3
25572,84,12
25573,5,4
25574,63,13
25575,97,14
25576,72,13
25577,15,4
25578,0,3
25579,99,7
25580,10,3
25581,20,5
25582,49,8
25583,0,3
25584,46,7
25585,0,3
25586,83,13
25587,32,6
25588,0,3
25589,67,12
25590,9,5
25591,68,7
25592,0,3
25593,10,3
25594,13,5
25595,52,7
25596,0,3
25597,24,6
25598,18,4
25599,32,4
25600,2,3
25601,0,3
25602,0,3
25603,0,3
25604,39,6
25605,0,3
25606,29,7
25607,158,5
25608,68,9
25609,3,3
25610,0,3
25611,48,10
25612,0,3
25613,0,3
25614,69,8
25615,110,5
25616,16,6
25617,47,10
25618,55,9
25619,51,5
25620,21,5
25621,50,6
25622,0,3
25623,0,3
25624,7,3
25625,38,7
25626,0,3
25627,40,7
25628,104,13
25629,4,3
25630,36,8
25631,25,7
25632,36,6
25633,19,3
25634,0,3
25635,0,3
25636,18,6
25637,0,3
25638,54,9
25639,57,7
25640,80,6
25641,41,7
25642,23,4
25643,0,3
25644,30,5
25645,0,3
25646,0,3
25647,139,6
25648,0,3
25649,80,8
25650,35,5
25651,0,3
25652,78,12
25653,28,3
25654,44,11
25655,61,5
25656,53,9
25657,12,3
25658,0,3
25659,36,9
25660,0,3
25661,78,11
25662,0,3
25663,32,8
25664,9,3
25665,4,4
25666,0,3
25667,37,4
25668,59,9
25669,24,7
25670,46,5
25671,98,12
25672,0,3
25673,47,4
25674,24,5
25675,47,9
25676,0,3
25677,20,5
25678,53,6
25679,11,4
25680,0,3
25681,32,8
25682,60,10
25683,75,9
25684,0,3
25685,8,3
25686,0,3
25687,20,6
25688,48,11
25689,49,7
25690,0,3
25691,0,3
25692,30,8
25693,0,3
25694,19,4
25695,43,8
25696,21,8
25697,60,10
25698,0,3
25699,54,10
25700,0,3
25701,0,3
25702,87,12
25703,0,3
25704,38,7
25705,66,9
25706,0,3
25707,48,7
25708,0,3
25709,62,5
25710,0,3
25711,23,5
25712,0,3
25713,0,3
25714,0,3
25715,65,10
25716,32,7
25717,0,3
25718,52,8
25719,58,7
25720,0,3
25721,52,8
25722,25,4
25723,44,6
25724,83,9
25725,15,3
25726,0,3
25727,0,3
25728,67,11
25729,0,3
25730,0,3
25731,4,3
25732,0,3
25733,0,3
25734,16,3
25735,0,3
25736,0,3
25737,0,3
25738,0,3
25739,24,5
25740,92,8
25741,0,3
25742,0,3
25743,62,10
25744,131,7
25745,78,8
25746,0,3
25747,0,3
25748,53,7
25749,0,3
25750,20,4
25751,24,4
25752,59,8
25753,0,3
25754,32,6
25755,35,3
25756,81,9
25757,0,3
25758,0,3
25759,26,6
25760,0,3
25761,39,4
25762,0,3
25763,0,3
25764,69,10
25765,26,3
25766,0,3
25767,48,7
25768,50,8
25769,42,5
25770,31,8
25771,106,10
25772,51,8
25773,28,5
25774,33,6
25775,46,8
25776,100,12
25777,121,11
25778,0,3
25779,0,3
25780,57,7
25781,0,3
25782,21,4
25783,0,3
25784,48,8
25785,0,3
25786,10,6
25787,11,5
25788,102,14
25789,0,3
25790,39,7
25791,30,9
25792,71,7
25793,0,3
25794,13,5
25795,0,3
25796,7,3
25797,30,8
25798,0,3
25799,0,3
25800,25,5
25801,0,3
25802,78,7
25803,0,3
25804,0,3
25805,101,12
25806,52,8
25807,53,7
25808,0,3
25809,0,3
25810,0,3
25811,0,3
25812,19,4
25813,85,10
25814,121,10
25815,48,9
25816,3,3
25817,75,10
25818,51,8
25819,0,3
25820,88,9
25821,0,3
25822,67,10
25823,21,4
25824,32,7
25825,0,3
25826,38,9
25827,63,8
25828,2,3
25829,47,7
25830,56,8
25831,59,6
25832,55,8
25833,25,8
25834,72,13
25835,40,9
25836,6,4
25837,83,13
25838,61,9
25839,0,3
25840,8,5
25841,60,10
25842,102,11
25843,33,6
25844,0,3
25845,32,8
25846,5,3
25847,24,5
25848,5,3
25849,48,8
25850,86,13
25851,26,6
25852,0,3
25853,48,10
25854,0,3
25855,69,5
25856,57,6
25857,39,7
25858,0,3
25859,106,4
25860,44,5
25861,16,4
25862,13,5
25863,48,6
25864,31,6
25865,0,3
25866,19,6
25867,83,8
25868,31,7
25869,1,3
25870,0,3
25871,66,6
25872,50,8
25873,16,7
25874,0,3
25875,71,9
25876,7,4
25877,24,5
25878,0,3
25879,34,13
25880,0,3
25881,41,7
25882,7,3
25883,53,9
25884,22,5
25885,72,7
25886,25,9
25887,0,3
25888,55,11
25889,1,3
25890,6,5
25891,35,5
25892,0,3
25893,3,3
25894,0,3
25895,0,3
25896,0,3
25897,53,12
25898,79,8
25899,3,3
25900,69,9
25901,20,6
25902,17,4
25903,0,3
25904,47,9
25905,34,5
25906,13,4
25907,48,10
25908,49,7
25909,63,9
25910,61,9
25911,74,11
25912,0,3
25913,22,6
25914,111,5
25915,0,3
25916,86,10
25917,51,9
25918,23,6
25919,15,4
25920,98,6
25921,0,3
25922,88,7
25923,50,6
25924,22,3
25925,35,9
25926,16,4
25927,30,6
25928,37,10
25929,1,3
25930,33,9
25931,0,3
25932,5,3
25933,46,6
25934,46,6
25935,11,4
25936,65,10
25937,73,5
25938,31,6
25939,0,3
25940,100,6
25941,62,7
25942,0,3
25943,2,3
25944,40,8
25945,59,9
25946,0,3
25947,18,7
25948,0,3
25949,0,3
25950,39,6
25951,0,3
25952,3,4
25953,0,3
25954,23,5
25955,85,12
25956,9,4
25957,0,3
25958,12,3
25959,84,9
25960,27,6
25961,35,6
25962,33,7
25963,25,5
25964,29,7
25965,33,9
25966,45,10
25967,5,3
25968,0,3
25969,41,8
25970,0,3
25971,0,3
25972,0,3
25973,44,12
25974,22,6
25975,41,7
25976,83,11
25977,26,5
25978,0,3
25979,57,9
25980,72,11
25981,67,11
25982,15,6
25983,17,8
25984,0,3
25985,0,3
25986,19,3
25987,29,6
25988,64,8
25989,55,11
25990,47,6
25991,34,4
25992,19,6
25993,34,4
25994,70,6
25995,70,10
25996,0,3
25997,0,3
25998,0,3
25999,54,9
26000,19,6
26001,51,4
26002,31,6
26003,45,9
26004,57,9
26005,0,3
26006,102,10
26007,62,6
26008,0,3
26009,11,5
26010,245,11
26011,0,3
26012,19,6
26013,67,8
26014,0,3
26015,29,8
26016,0,3
26017,14,3
26018,18,6
26019,0,3
26020,0,3
26021,0,3
26022,0,3
26023,0,3
26024,0,3
26025,16,7
26026,0,3
26027,33,5
26028,70,11
26029,0,3
26030,5,4
26031,21,3
26032,81,10
26033,8,4
26034,84,10
26035,50,9
26036,76,7
26037,0,3
26038,51,6
26039,32,6
26040,0,3
26041,24,6
26042,0,3
26043,0,3
26044,26,7
26045,0,3
26046,0,3
26047,0,3
26048,29,7
26049,0,3
26050,63,10
26051,0,3
26052,33,7
26053,51,7
26054,16,4
26055,131,12
26056,0,3
26057,31,4
26058,39,8
26059,0,3
26060,69,13
26061,88,14
26062,12,3
26063,0,3
26064,0,3
26065,0,3
26066,112,5
26067,26,4
26068,132,12
26069,41,5
26070,44,11
26071,50,8
26072,37,6
26073,19,4
26074,49,8
26075,0,3
26076,2,3
26077,88,10
26078,0,3
26079,21,6
26080,0,3
26081,1,3
26082,109,15
26083,70,9
26084,71,8
26085,20,4
26086,58,10
26087,63,10
26088,73,11
26089,45,9
26090,42,6
26091,105,10
26092,0,3
26093,10,4
26094,30,8
26095,39,8
26096,0,3
26097,32,6
26098,47,7
26099,6,3
26100,0,3
26101,45,9
26102,18,4
26103,0,3
26104,0,3
26105,48,9
26106,0,3
26107,1,3
26108,0,3
26109,0,3
26110,0,3
26111,59,5
26112,70,10
26113,32,6
26114,58,6
26115,31,5
26116,0,3
26117,20,1
26118,25,6
26119,0,3
26120,48,7
26121,0,3
26122,155,11
26123,0,3
26124,99,5
26125,12,5
26126,118,10
26127,14,4
26128,39,5
26129,0,3
26130,66,7
26131,0,3
26132,59,9
26133,8,4
26134,0,3
26135,0,3
26136,31,7
26137,0,3
26138,36,6
26139,0,3
26140,96,10
26141,0,3
26142,92,10
26143,17,7
26144,79,11
26145,78,7
26146,11,3
26147,49,8
26148,38,10
26149,0,3
26150,48,8
26151,105,14
26152,10,4
26153,0,3
26154,44,6
26155,0,3
26156,29,5
26157,0,3
26158,51,8
26159,22,6
26160,22,5
26161,45,6
26162,39,7
26163,0,3
26164,0,3
26165,0,3
26166,0,3
26167,52,12
26168,0,3
26169,0,3
26170,0,3
26171,1,3
26172,0,3
26173,0,3
26174,0,3
26175,55,7
26176,28,7
26177,0,3
26178,70,9
26179,0,3
26180,0,3
26181,124,6
26182,45,7
26183,18,6
26184,0,3
26185,146,18
26186,4,4
26187,0,3
26188,120,7
26189,0,3
26190,132,13
26191,59,7
26192,27,4
26193,63,6
26194,0,3
26195,7,4
26196,0,3
26197,83,10
26198,2,3
26199,9,3
26200,0,3
26201,94,8
26202,57,7
26203,0,3
26204,50,6
26205,0,3
26206,9,4
26207,44,6
26208,0,3
26209,8,3
26210,0,3
26211,80,10
26212,21,4
26213,0,3
26214,0,3
26215,114,6
26216,95,8
26217,0,3
26218,77,9
26219,0,3
26220,44,9
26221,28,7
26222,56,7
26223,0,3
26224,0,3
26225,38,8
26226,70,11
26227,65,9
26228,96,9
26229,0,3
26230,8,4
26231,11,4
26232,30,4
26233,0,3
26234,0,3
26235,0,3
26236,26,6
26237,76,8
26238,0,3
26239,0,3
26240,27,6
26241,0,3
26242,5,2
26243,76,12
26244,0,3
26245,29,7
26246,3,3
26247,16,4
26248,54,8
26249,36,7
26250,58,8
26251,65,10
26252,40,6
26253,26,5
26254,31,7
26255,47,6
26256,18,6
26257,66,8
26258,0,3
26259,32,8
26260,0,3
26261,46,8
26262,59,8
26263,18,6
26264,16,5
26265,15,6
26266,28,9
26267,7,4
26268,0,3
26269,41,8
26270,29,6
26271,3,3
26272,28,6
26273,93,13
26274,58,7
26275,0,3
26276,29,7
26277,18,5
26278,89,12
26279,0,3
26280,78,7
26281,0,3
26282,0,3
26283,28,6
26284,14,3
26285,13,6
26286,26,6
26287,14,6
26288,110,10
26289,0,3
26290,0,3
26291,70,10
26292,0,3
26293,74,10
26294,121,12
26295,79,12
26296,0,3
26297,59,9
26298,53,8
26299,0,3
26300,0,3
26301,62,8
26302,19,4
26303,0,3
26304,0,3
26305,0,3
26306,0,3
26307,45,9
26308,0,3
26309,36,7
26310,29,8
26311,40,6
26312,74,8
26313,67,9
26314,77,13
26315,0,3
26316,60,8
26317,42,7
26318,0,3
26319,24,6
26320,12,5
26321,22,6
26322,55,8
26323,31,7
26324,0,3
26325,0,3
26326,0,3
26327,20,5
26328,39,6
26329,66,9
26330,0,3
26331,40,7
26332,55,6
26333,0,3
26334,0,3
26335,79,9
26336,0,3
26337,33,7
26338,0,3
26339,76,11
26340,22,5
26341,13,3
26342,7,3
26343,37,5
26344,32,8
26345,34,6
26346,0,3
26347,53,7
26348,55,12
26349,0,3
26350,0,3
26351,41,9
26352,38,7
26353,107,16
26354,4,4
26355,0,3
26356,0,3
26357,120,13
26358,10,4
26359,33,9
26360,0,3
26361,0,3
26362,22,7
26363,38,6
26364,61,7
26365,99,12
26366,40,6
26367,0,3
26368,48,4
26369,0,3
26370,0,3
26371,53,10
26372,44,10
26373,13,5
26374,0,3
26375,12,6
26376,4,3
26377,8,3
26378,1,3
26379,77,8
26380,0,3
26381,43,11
26382,0,3
26383,0,3
26384,9,4
26385,75,9
26386,44,3
26387,15,4
26388,46,7
26389,103,12
26390,23,7
26391,0,3
26392,0,3
26393,0,3
26394,1,3
26395,105,15
26396,0,3
26397,25,4
26398,42,9
26399,45,8
26400,82,12
26401,24,5
26402,2,3
26403,0,3
26404,0,3
26405,0,3
26406,18,4
26407,0,3
26408,24,3
26409,0,3
26410,3,3
26411,0,3
26412,45,9
26413,42,10
26414,0,3
26415,0,3
26416,47,9
26417,123,12
26418,1,3
26419,4,4
26420,0,3
26421,0,3
26422,38,7
26423,88,10
26424,26,5
26425,53,9
26426,0,3
26427,0,3
26428,0,3
26429,0,3
26430,26,9
26431,50,6
26432,0,3
26433,0,3
26434,16,6
26435,0,3
26436,24,7
26437,0,3
26438,39,7
26439,16,4
26440,23,5
26441,52,8
26442,7,3
26443,0,3
26444,0,3
26445,115,11
26446,43,9
26447,59,7
26448,120,8
26449,0,3
26450,54,10
26451,53,8
26452,0,3
26453,29,6
26454,0,3
26455,63,11
26456,0,3
26457,78,3
26458,48,7
26459,51,9
26460,34,8
26461,28,8
26462,0,3
26463,0,3
26464,21,4
26465,64,7
26466,13,4
26467,0,3
26468,20,5
26469,28,6
26470,2,3
26471,28,6
26472,0,3
26473,120,8
26474,59,6
26475,37,8
26476,0,3
26477,49,6
26478,0,3
26479,0,3
26480,47,6
26481,67,11
26482,0,3
26483,0,3
26484,0,3
26485,41,8
26486,0,3
26487,77,10
26488,48,6
26489,81,10
26490,0,3
26491,102,11
26492,0,3
26493,31,6
26494,36,6
26495,43,7
26496,37,9
26497,0,3
26498,0,3
26499,0,3
26500,81,11
26501,56,10
26502,0,3
26503,0,3
26504,56,9
26505,0,3
26506,0,3
26507,41,3
26508,72,12
26509,60,7
26510,0,3
26511,0,3
26512,0,3
26513,7,4
26514,0,3
26515,27,5
26516,15,3
26517,0,3
26518,17,3
26519,31,6
26520,0,3
26521,0,3
26522,26,6
26523,0,3
26524,0,3
26525,0,3
26526,2,3
26527,8,5
26528,6,3
26529,0,3
26530,0,3
26531,0,3
26532,0,3
26533,46,6
26534,0,3
26535,57,6
26536,8,4
26537,0,3
26538,45,6
26539,89,10
26540,0,3
26541,24,5
26542,0,3
26543,51,9
26544,9,4
26545,9,4
26546,0,3
26547,29,7
26548,196,11
26549,82,13
26550,0,3
26551,0,3
26552,33,9
26553,0,3
26554,45,9
26555,31,7
26556,75,9
26557,17,4
26558,0,3
26559,0,3
26560,78,7
26561,22,3
26562,0,3
26563,56,10
26564,191,10
26565,54,8
26566,59,10
26567,20,6
26568,52,8
26569,66,12
26570,0,3
26571,0,3
26572,0,3
26573,47,10
26574,9,5
26575,0,3
26576,105,11
26577,22,5
26578,7,4
26579,0,3
26580,9,3
26581,60,7
26582,1,3
26583,0,3
26584,24,5
26585,0,3
26586,22,7
26587,71,13
26588,84,3
26589,15,6
26590,0,3
26591,0,3
26592,63,8
26593,0,3
26594,0,3
26595,0,3
26596,29,4
26597,0,3
26598,4,3
26599,29,6
26600,46,7
26601,46,5
26602,21,4
26603,173,10
26604,0,3
26605,77,7
26606,0,3
26607,0,3
26608,17,5
26609,0,3
26610,0,3
26611,0,3
26612,80,8
26613,0,3
26614,0,3
26615,24,6
26616,67,5
26617,0,3
26618,8,3
26619,22,6
26620,0,3
26621,0,3
26622,66,9
26623,0,3
26624,54,9
26625,131,14
26626,0,3
26627,26,4
26628,19,5
26629,0,3
26630,0,3
26631,33,7
26632,49,8
26633,21,3
26634,0,3
26635,71,7
26636,46,5
26637,44,10
26638,0,3
26639,0,3
26640,133,13
26641,53,8
26642,30,7
26643,19,7
26644,87,10
26645,43,6
26646,83,7
26647,0,3
26648,40,7
26649,174,16
26650,0,3
26651,0,3
26652,30,6
26653,45,8
26654,5,4
26655,21,6
26656,29,4
26657,143,7
26658,44,6
26659,0,3
26660,0,3
26661,91,8
26662,66,5
26663,73,10
26664,12,5
26665,51,10
26666,0,3
26667,12,3
26668,51,7
26669,0,3
26670,14,6
26671,74,9
26672,21,6
26673,29,6
26674,0,3
26675,126,12
26676,29,5
26677,7,3
26678,134,9
26679,0,3
26680,12,4
26681,44,10
26682,22,6
26683,20,4
26684,2,3
26685,0,3
26686,25,10
26687,0,3
26688,0,3
26689,0,3
26690,0,3
26691,56,6
26692,4,3
26693,59,10
26694,0,3
26695,47,11
26696,0,3
26697,1,3
26698,125,11
26699,0,3
26700,17,4
26701,27,4
26702,0,3
26703,37,6
26704,15,5
26705,14,5
26706,136,11
26707,0,3
26708,27,5
26709,125,10
26710,66,7
26711,48,7
26712,69,10
26713,37,5
26714,56,7
26715,2,3
26716,41,6
26717,23,4
26718,111,15
26719,77,10
26720,0,3
26721,0,3
26722,0,3
26723,0,3
26724,31,6
26725,41,9
26726,38,7
26727,67,11
26728,28,7
26729,46,8
26730,0,3
26731,31,5
26732,22,3
26733,0,3
26734,102,12
26735,112,10
26736,21,6
26737,12,4
26738,0,3
26739,24,5
26740,95,9
26741,73,12
26742,71,8
26743,0,3
26744,0,3
26745,53,7
26746,17,5
26747,40,4
26748,9,3
26749,53,8
26750,18,6
26751,2,3
26752,0,3
26753,27,6
26754,0,3
26755,40,7
26756,8,5
26757,12,4
26758,34,10
26759,13,4
26760,81,9
26761,5,4
26762,23,4
26763,38,9
26764,0,3
26765,52,5
26766,47,8
26767,34,6
26768,69,8
26769,32,6
26770,0,3
26771,3,4
26772,26,5
26773,38,6
26774,0,3
26775,57,8
26776,39,4
26777,88,9
26778,24,7
26779,0,3
26780,0,3
26781,0,3
26782,30,5
26783,16,5
26784,26,8
26785,0,3
26786,41,6
26787,38,9
26788,49,5
26789,36,8
26790,1,3
26791,0,3
26792,0,3
26793,10,3
26794,17,4
26795,0,3
26796,32,5
26797,3,3
26798,95,10
26799,0,3
26800,76,14
26801,89,11
26802,96,9
26803,0,3
26804,0,3
26805,0,3
26806,65,13
26807,0,3
26808,21,5
26809,117,11
26810,0,3
26811,44,10
26812,82,13
26813,60,11
26814,61,10
26815,75,13
26816,79,5
26817,56,7
26818,22,7
26819,0,3
26820,72,4
26821,20,5
26822,0,3
26823,110,11
26824,70,11
26825,0,3
26826,38,6
26827,72,8
26828,0,3
26829,0,3
26830,7,4
26831,34,9
26832,9,5
26833,33,6
26834,64,9
26835,0,3
26836,33,4
26837,0,3
26838,44,8
26839,110,13
26840,0,3
26841,0,3
26842,69,15
26843,55,8
26844,3,3
26845,94,7
26846,0,3
26847,0,3
26848,0,3
26849,7,3
26850,0,3
26851,43,10
26852,60,7
26853,0,3
26854,0,3
26855,0,3
26856,0,3
26857,0,3
26858,30,8
26859,0,3
26860,45,6
26861,106,11
26862,0,3
26863,0,3
26864,0,3
26865,67,9
26866,19,5
26867,63,5
26868,0,3
26869,0,3
26870,53,5
26871,2,3
26872,0,3
26873,37,8
26874,61,10
26875,40,6
26876,0,3
26877,29,5
26878,56,8
26879,12,4
26880,32,8
26881,0,3
26882,0,3
26883,90,6
26884,46,8
26885,38,7
26886,58,9
26887,20,4
26888,32,5
26889,55,10
26890,0,3
26891,0,3
26892,87,9
26893,52,11
26894,0,3
26895,62,10
26896,59,8
26897,0,3
26898,0,3
26899,22,4
26900,0,3
26901,0,3
26902,64,10
26903,136,10
26904,0,3
26905,3,3
26906,92,11
26907,92,6
26908,0,3
26909,42,5
26910,0,3
26911,52,9
26912,0,3
26913,0,3
26914,41,8
26915,37,6
26916,45,4
26917,100,11
26918,23,5
26919,0,3
26920,0,3
26921,131,14
26922,0,3
26923,59,10
26924,74,9
26925,0,3
26926,13,6
26927,36,9
26928,64,12
26929,14,5
26930,104,10
26931,0,3
26932,53,8
26933,38,7
26934,40,9
26935,40,5
26936,0,3
26937,44,9
26938,26,8
26939,43,7
26940,9,3
26941,0,3
26942,23,6
26943,76,9
26944,9,3
26945,60,10
26946,0,3
26947,5,3
26948,114,12
26949,0,3
26950,145,12
26951,27,7
26952,0,3
26953,0,3
26954,49,6
26955,0,3
26956,0,3
26957,89,10
26958,0,3
26959,0,3
26960,33,5
26961,122,8
26962,59,8
26963,33,6
26964,134,10
26965,0,3
26966,0,3
26967,3,2
26968,53,4
26969,79,8
26970,92,9
26971,0,3
26972,0,3
26973,0,3
26974,83,10
26975,0,3
26976,0,3
26977,0,3
26978,0,3
26979,0,3
26980,0,3
26981,0,3
26982,3,4
26983,0,3
26984,112,10
26985,0,3
26986,0,3
26987,32,8
26988,0,3
26989,32,6
26990,31,7
26991,0,3
26992,0,3
26993,27,9
26994,0,3
26995,19,5
26996,94,15
26997,48,6
26998,79,13
26999,0,3
27000,2,3
27001,83,12
27002,0,3
27003,35,6
27004,40,9
27005,27,7
27006,0,3
27007,45,7
27008,50,8
27009,33,8
27010,52,4
27011,0,3
27012,57,11
27013,0,3
27014,44,6
27015,60,3
27016,0,3
27017,0,3
27018,14,4
27019,0,3
27020,118,11
27021,0,3
27022,0,3
27023,76,10
27024,45,7
27025,79,4
27026,31,6
27027,67,7
27028,0,3
27029,41,8
27030,51,5
27031,10,3
27032,3,3
27033,7,3
27034,6,4
27035,165,9
27036,7,4
27037,53,10
27038,0,3
27039,34,7
27040,0,3
27041,0,3
27042,37,6
27043,22,5
27044,6,3
27045,46,10
27046,21,5
27047,52,11
27048,11,6
27049,56,8
27050,22,5
27051,20,6
27052,0,3
27053,34,5
27054,22,6
27055,19,6
27056,0,3
27057,33,7
27058,9,4
27059,35,7
27060,31,6
27061,55,11
27062,29,5
27063,5,4
27064,0,3
27065,20,6
27066,0,3
27067,76,8
27068,0,3
27069,31,4
27070,0,3
27071,0,3
27072,91,11
27073,16,4
27074,0,3
27075,38,7
27076,55,8
27077,22,7
27078,23,6
27079,9,4
27080,81,10
27081,0,3
27082,101,5
27083,93,11
27084,0,3
27085,28,4
27086,43,10
27087,0,3
27088,36,7
27089,26,6
27090,47,10
27091,52,7
27092,92,9
27093,54,7
27094,0,3
27095,58,8
27096,0,3
27097,40,8
27098,0,3
27099,40,9
27100,0,3
27101,0,3
27102,88,11
27103,156,20
27104,14,3
27105,64,10
27106,0,3
27107,0,3
27108,112,6
27109,47,8
27110,29,6
27111,0,3
27112,98,12
27113,108,12
27114,42,9
27115,0,3
27116,0,3
27117,134,13
27118,71,9
27119,93,9
27120,0,3
27121,47,6
27122,51,8
27123,58,7
27124,11,5
27125,27,6
27126,62,10
27127,1,3
27128,44,4
27129,0,3
27130,54,5
27131,28,2
27132,0,3
27133,0,3
27134,17,7
27135,0,3
27136,223,4
27137,69,12
27138,0,3
27139,38,4
27140,54,9
27141,0,3
27142,68,12
27143,15,6
27144,45,4
27145,60,8
27146,2,3
27147,84,7
27148,1,3
27149,100,9
27150,0,3
27151,20,7
27152,32,9
27153,19,7
27154,0,3
27155,143,9
27156,35,7
27157,2,3
27158,60,8
27159,46,7
27160,46,9
27161,112,13
27162,50,6
27163,0,3
27164,0,3
27165,9,4
27166,23,5
27167,93,10
27168,23,7
27169,0,3
27170,27,6
27171,0,3
27172,0,3
27173,60,7
27174,68,10
27175,60,7
27176,121,13
27177,18,5
27178,0,3
27179,41,8
27180,0,3
27181,0,3
27182,0,3
27183,21,6
27184,11,4
27185,0,3
27186,16,5
27187,41,3
27188,14,4
27189,0,3
27190,0,3
27191,0,3
27192,9,3
27193,39,7
27194,40,10
27195,122,13
27196,55,9
27197,52,11
27198,50,6
27199,20,6
27200,62,11
27201,56,10
27202,0,3
27203,79,10
27204,0,3
27205,0,3
27206,0,3
27207,40,8
27208,0,3
27209,48,8
27210,18,6
27211,42,5
27212,0,3
27213,49,9
27214,0,3
27215,21,7
27216,0,3
27217,69,9
27218,0,3
27219,104,5
27220,25,5
27221,26,8
27222,0,3
27223,52,5
27224,37,11
27225,65,7
27226,0,3
27227,21,7
27228,0,3
27229,1,3
27230,9,3
27231,0,3
27232,0,3
27233,0,3
27234,0,3
27235,0,3
27236,0,3
27237,9,3
27238,0,3
27239,0,3
27240,13,5
27241,0,3
27242,0,3
27243,63,7
27244,38,7
27245,105,9
27246,33,5
27247,53,8
27248,22,8
27249,76,5
27250,33,5
27251,76,5
27252,24,6
27253,83,9
27254,34,7
27255,28,5
27256,22,6
27257,42,10
27258,13,3
27259,66,9
27260,104,7
27261,42,5
27262,110,10
27263,38,4
27264,110,13
27265,20,5
27266,8,5
27267,55,4
27268,0,3
27269,44,6
27270,66,8
27271,43,5
27272,0,3
27273,27,5
27274,0,3
27275,0,3
27276,1,3
27277,40,6
27278,30,8
27279,34,7
27280,6,3
27281,70,10
27282,0,3
27283,19,6
27284,44,5
27285,2,3
27286,0,3
27287,0,3
27288,0,3
27289,0,3
27290,12,5
27291,50,7
27292,7,5
27293,32,7
27294,58,6
27295,0,3
27296,0,3
27297,26,6
27298,59,8
27299,61,10
27300,0,3
27301,0,3
27302,0,3
27303,0,3
27304,60,9
27305,0,3
27306,5,3
27307,0,3
27308,39,7
27309,35,8
27310,46,7
27311,95,12
27312,57,9
27313,46,8
27314,36,8
27315,74,10
27316,56,10
27317,86,7
27318,0,3
27319,0,3
27320,0,3
27321,96,10
27322,0,3
27323,13,6
27324,110,9
27325,31,7
27326,0,3
27327,0,3
27328,17,6
27329,96,8
27330,43,8
27331,40,7
27332,56,7
27333,28,9
27334,88,13
27335,27,8
27336,29,6
27337,9,3
27338,51,7
27339,52,7
27340,83,10
27341,8,4
27342,0,3
27343,76,9
27344,139,11
27345,44,6
27346,138,13
27347,45,7
27348,0,3
27349,67,13
27350,0,3
27351,61,8
27352,42,9
27353,18,5
27354,0,3
27355,123,8
27356,0,3
27357,58,9
27358,18,5
27359,0,3
27360,18,4
27361,0,3
27362,72,12
27363,9,4
27364,5,3
27365,29,7
27366,17,4
27367,0,3
27368,48,7
27369,35,5
27370,0,3
27371,0,3
27372,0,3
27373,5,4
27374,12,5
27375,128,12
27376,0,3
27377,23,3
27378,1,3
27379,0,3
27380,2,3
27381,12,5
27382,28,5
27383,9,3
27384,0,3
27385,0,3
27386,45,7
27387,43,10
27388,0,3
27389,0,3
27390,0,3
27391,0,3
27392,60,7
27393,0,3
27394,92,6
27395,0,3
27396,11,4
27397,12,4
27398,32,6
27399,50,8
27400,0,3
27401,40,6
27402,22,6
27403,83,13
27404,44,8
27405,47,6
27406,89,10
27407,112,14
27408,65,12
27409,29,6
27410,0,3
27411,0,3
27412,10,4
27413,0,3
27414,0,3
27415,32,7
27416,0,3
27417,16,5
27418,11,4
27419,0,3
27420,62,13
27421,0,3
27422,31,8
27423,0,3
27424,45,8
27425,0,3
27426,0,3
27427,0,3
27428,65,4
27429,63,9
27430,60,11
27431,0,3
27432,100,13
27433,18,6
27434,25,8
27435,108,11
27436,27,7
27437,10,3
27438,0,3
27439,0,3
27440,60,5
27441,0,3
27442,19,8
27443,0,3
27444,87,8
27445,0,3
27446,0,3
27447,40,8
27448,0,3
27449,55,7
27450,8,4
27451,28,7
27452,29,5
27453,29,6
27454,41,7
27455,79,12
27456,11,4
27457,136,10
27458,5,3
27459,37,9
27460,106,13
27461,146,13
27462,0,3
27463,29,6
27464,19,5
27465,88,10
27466,0,3
27467,0,3
27468,0,3
27469,30,4
27470,0,3
27471,29,7
27472,135,9
27473,36,8
27474,68,9
27475,6,3
27476,30,7
27477,64,9
27478,0,3
27479,120,11
27480,0,3
27481,54,9
27482,68,9
27483,126,9
27484,0,3
27485,78,13
27486,43,6
27487,0,3
27488,66,14
27489,47,9
27490,123,9
27491,77,9
27492,13,3
27493,0,3
27494,57,5
27495,0,3
27496,0,3
27497,0,3
27498,0,3
27499,35,6
27500,34,9
27501,0,3
27502,71,11
27503,0,3
27504,174,10
27505,0,3
27506,58,7
27507,29,5
27508,0,3
27509,32,7
27510,19,7
27511,87,15
27512,30,9
27513,4,3
27514,35,8
27515,90,11
27516,22,4
27517,93,9
27518,0,3
27519,23,5
27520,0,3
27521,99,6
27522,13,3
27523,13,7
27524,0,3
27525,53,8
27526,16,6
27527,0,3
27528,39,9
27529,0,3
27530,0,3
27531,71,5
27532,46,6
27533,216,8
27534,0,3
27535,56,9
27536,145,12
27537,0,3
27538,26,6
27539,0,3
27540,0,3
27541,0,3
27542,57,7
27543,59,9
27544,0,3
27545,11,6
27546,0,3
27547,29,6
27548,0,3
27549,41,7
27550,0,3
27551,7,4
27552,44,8
27553,83,11
27554,0,3
27555,0,3
27556,0,3
27557,29,6
27558,0,3
27559,43,8
27560,82,11
27561,35,8
27562,37,8
27563,57,9
27564,20,6
27565,0,3
27566,49,9
27567,7,3
27568,50,8
27569,51,4
27570,83,11
27571,42,6
27572,39,9
27573,79,15
27574,57,10
27575,82,7
27576,63,9
27577,74,8
27578,0,3
27579,0,3
27580,0,3
27581,105,9
27582,0,3
27583,104,12
27584,108,10
27585,53,8
27586,54,9
27587,89,12
27588,13,5
27589,0,3
27590,0,3
27591,0,3
27592,0,3
27593,0,3
27594,37,8
27595,103,9
27596,12,3
27597,3,3
27598,0,3
27599,0,3
27600,91,13
27601,37,7
27602,4,3
27603,128,14
27604,104,6
27605,27,7
27606,42,7
27607,36,8
27608,171,11
27609,45,6
27610,92,11
27611,92,6
27612,24,6
27613,0,3
27614,59,7
27615,4,3
27616,29,6
27617,0,3
27618,38,10
27619,0,3
27620,25,7
27621,53,10
27622,64,7
27623,0,3
27624,67,9
27625,0,3
27626,59,12
27627,75,8
27628,122,10
27629,8,4
27630,0,3
27631,0,3
27632,85,8
27633,34,7
27634,0,3
27635,90,6
27636,0,3
27637,73,8
27638,58,12
27639,60,8
27640,56,6
27641,9,4
27642,0,3
27643,81,6
27644,89,9
27645,158,12
27646,51,9
27647,0,3
27648,30,6
27649,273,8
27650,0,3
27651,0,3
27652,24,6
27653,76,8
27654,0,3
27655,39,8
27656,133,14
27657,83,8
27658,62,8
27659,42,7
27660,60,9
27661,43,9
27662,104,10
27663,0,3
27664,110,13
27665,45,8
27666,137,10
27667,41,3
27668,9,3
27669,0,3
27670,0,3
27671,0,3
27672,60,6
27673,99,14
27674,83,11
27675,0,3
27676,27,5
27677,30,7
27678,42,8
27679,106,10
27680,41,8
27681,0,3
27682,25,10
27683,21,6
27684,37,6
27685,12,3
27686,31,7
27687,109,8
27688,73,10
27689,29,6
27690,28,6
27691,0,3
27692,0,3
27693,0,3
27694,13,4
27695,95,7
27696,46,9
27697,0,3
27698,1,3
27699,99,8
27700,56,9
27701,0,3
27702,0,3
27703,12,5
27704,66,9
27705,19,6
27706,40,6
27707,0,3
27708,0,3
27709,131,11
27710,31,6
27711,1,3
27712,0,3
27713,77,7
27714,0,3
27715,0,3
27716,48,5
27717,0,3
27718,0,3
27719,68,6
27720,75,8
27721,0,3
27722,6,3
27723,1,3
27724,2,3
27725,47,5
27726,51,10
27727,78,14
27728,0,3
27729,0,3
27730,0,3
27731,183,16
27732,0,3
27733,0,3
27734,56,9
27735,36,4
27736,6,4
27737,35,4
27738,0,3
27739,0,3
27740,54,8
27741,79,10
27742,9,4
27743,0,3
27744,0,3
27745,0,3
27746,58,6
27747,0,3
27748,11,5
27749,27,8
27750,45,9
27751,59,8
27752,47,5
27753,0,3
27754,0,3
27755,0,3
27756,53,6
27757,0,3
27758,31,4
27759,24,3
27760,0,3
27761,53,9
27762,48,6
27763,0,3
27764,0,3
27765,0,3
27766,0,3
27767,33,6
27768,45,8
27769,56,8
27770,37,8
27771,71,10
27772,0,3
27773,63,7
27774,27,5
27775,89,9
27776,0,3
27777,23,6
27778,4,3
27779,34,6
27780,55,8
27781,41,5
27782,0,3
27783,142,12
27784,42,10
27785,0,3
27786,0,3
27787,0,3
27788,0,3
27789,51,10
27790,26,5
27791,57,9
27792,66,7
27793,62,7
27794,0,3
27795,8,3
27796,146,3
27797,0,3
27798,0,3
27799,39,7
27800,37,7
27801,0,3
27802,0,3
27803,5,4
27804,0,3
27805,82,9
27806,43,9
27807,0,3
27808,9,4
27809,32,6
27810,53,6
27811,41,9
27812,0,3
27813,70,11
27814,32,4
27815,9,6
27816,68,8
27817,83,9
27818,6,2
27819,0,3
27820,42,9
27821,41,9
27822,107,7
27823,0,3
27824,0,3
27825,0,3
27826,148,13
27827,0,3
27828,21,5
27829,2,3
27830,0,3
27831,58,9
27832,40,9
27833,47,10
27834,83,7
27835,62,9
27836,22,7
27837,0,3
27838,71,10
27839,51,8
27840,89,11
27841,72,4
27842,0,3
27843,0,3
27844,61,10
27845,0,3
27846,43,7
27847,0,3
27848,0,3
27849,0,3
27850,47,5
27851,14,5
27852,34,5
27853,18,6
27854,77,11
27855,38,8
27856,92,14
27857,4,3
27858,64,10
27859,11,4
27860,0,3
27861,95,6
27862,69,7
27863,45,5
27864,0,3
27865,140,11
27866,0,3
27867,0,3
27868,3,3
27869,0,3
27870,0,3
27871,32,7
27872,0,3
27873,76,10
27874,0,3
27875,100,10
27876,8,3
27877,0,3
27878,0,3
27879,93,9
27880,0,3
27881,0,3
27882,52,5
27883,0,3
27884,41,9
27885,0,3
27886,42,6
27887,56,9
27888,0,3
27889,58,4
27890,117,10
27891,0,3
27892,58,8
27893,0,3
27894,58,14
27895,96,12
27896,49,9
27897,0,3
27898,0,3
27899,0,3
27900,36,5
27901,0,3
27902,21,8
27903,11,4
27904,34,4
27905,0,3
27906,61,9
27907,73,11
27908,13,4
27909,21,6
27910,58,9
27911,77,11
27912,69,8
27913,0,3
27914,39,8
27915,55,7
27916,49,4
27917,0,3
27918,79,12
27919,0,3
27920,59,10
27921,32,6
27922,0,3
27923,0,3
27924,53,7
27925,0,3
27926,0,3
27927,0,3
27928,0,3
27929,0,3
27930,12,4
27931,0,3
27932,0,3
27933,161,5
27934,0,3
27935,0,3
27936,52,5
27937,61,9
27938,22,5
27939,35,8
27940,117,13
27941,44,10
27942,14,6
27943,53,5
27944,69,10
27945,5,4
27946,0,3
27947,0,3
27948,0,3
27949,73,12
27950,150,11
27951,52,5
27952,72,7
27953,0,3
27954,47,10
27955,118,15
27956,12,4
27957,38,6
27958,44,6
27959,0,3
27960,0,3
27961,63,8
27962,63,10
27963,22,5
27964,43,4
27965,86,10
27966,0,3
27967,37,8
27968,35,8
27969,19,6
27970,37,9
27971,82,13
27972,0,3
27973,0,3
27974,42,4
27975,56,12
27976,1,3
27977,49,6
27978,79,9
27979,0,3
27980,0,3
27981,39,6
27982,28,7
27983,0,3
27984,0,3
27985,0,3
27986,37,7
27987,27,5
27988,28,7
27989,49,7
27990,0,3
27991,63,7
27992,0,3
27993,71,13
27994,0,3
27995,0,3
27996,0,3
27997,25,7
27998,88,7
27999,43,8
28000,12,5
28001,40,7
28002,54,12
28003,35,7
28004,14,3
28005,97,11
28006,0,3
28007,47,9
28008,55,9
28009,0,3
28010,0,3
28011,0,3
28012,46,6
28013,0,3
28014,0,3
28015,0,3
28016,64,9
28017,42,5
28018,41,10
28019,36,9
28020,48,7
28021,0,3
28022,0,3
28023,57,10
28024,48,5
28025,74,12
28026,54,8
28027,0,3
28028,76,12
28029,0,3
28030,12,5
28031,63,5
28032,61,10
28033,0,3
28034,3,3
28035,60,11
28036,18,6
28037,39,6
28038,56,9
28039,19,5
28040,119,13
28041,81,7
28042,123,8
28043,0,3
28044,54,8
28045,0,3
28046,0,3
28047,18,4
28048,58,9
28049,44,9
28050,0,3
28051,70,9
28052,87,9
28053,48,7
28054,0,3
28055,0,3
28056,0,3
28057,31,5
28058,0,3
28059,0,3
28060,21,5
28061,0,3
28062,34,7
28063,0,3
28064,36,7
28065,55,10
28066,0,3
28067,0,3
28068,33,5
28069,27,6
28070,74,11
28071,97,13
28072,0,3
28073,0,3
28074,64,11
28075,47,8
28076,0,3
28077,103,13
28078,38,8
28079,35,7
28080,41,6
28081,51,7
28082,0,3
28083,0,3
28084,0,3
28085,34,9
28086,67,6
28087,0,3
28088,87,10
28089,0,3
28090,33,5
28091,120,13
28092,0,3
28093,64,10
28094,28,6
28095,20,5
28096,81,14
28097,59,8
28098,0,3
28099,170,13
28100,0,3
28101,0,3
28102,40,8
28103,33,6
28104,0,3
28105,49,9
28106,0,3
28107,66,8
28108,82,10
28109,26,7
28110,75,9
28111,22,4
28112,24,6
28113,24,6
28114,0,3
28115,51,7
28116,100,12
28117,43,9
28118,0,3
28119,0,3
28120,35,7
28121,49,8
28122,46,6
28123,74,7
28124,43,6
28125,0,3
28126,30,5
28127,66,4
28128,0,3
28129,0,3
28130,24,4
28131,21,8
28132,6,3
28133,0,3
28134,41,8
28135,28,6
28136,59,7
28137,63,7
28138,0,3
28139,83,14
28140,65,9
28141,0,3
28142,62,8
28143,0,3
28144,141,8
28145,35,6
28146,83,10
28147,114,11
28148,49,8
28149,15,5
28150,56,7
28151,0,3
28152,62,9
28153,43,10
28154,23,7
28155,68,7
28156,48,7
28157,0,3
28158,19,5
28159,37,3
28160,8,4
28161,43,6
28162,8,4
28163,0,3
28164,0,3
28165,0,3
28166,5,3
28167,24,6
28168,10,3
28169,122,13
28170,0,3
28171,42,7
28172,41,6
28173,0,3
28174,29,4
28175,76,12
28176,4,3
28177,7,3
28178,58,10
28179,25,7
28180,62,8
28181,4,3
28182,0,3
28183,0,3
28184,114,10
28185,0,3
28186,49,4
28187,83,7
28188,53,7
28189,0,3
28190,0,3
28191,20,4
28192,21,4
28193,38,8
28194,29,6
28195,84,8
28196,0,3
28197,58,8
28198,62,12
28199,0,3
28200,42,8
28201,8,3
28202,0,3
28203,64,11
28204,46,10
28205,127,11
28206,58,10
28207,36,5
28208,0,3
28209,54,7
28210,82,12
28211,1,3
28212,0,3
28213,0,3
28214,12,5
28215,0,3
28216,0,3
28217,0,3
28218,81,10
28219,0,3
28220,65,8
28221,0,3
28222,0,3
28223,49,7
28224,16,4
28225,0,3
28226,30,7
28227,79,6
28228,63,10
28229,17,5
28230,63,6
28231,76,8
28232,57,10
28233,81,9
28234,25,8
28235,31,8
28236,80,8
28237,0,3
28238,0,3
28239,127,13
28240,0,3
28241,1,3
28242,0,3
28243,0,3
28244,67,10
28245,42,7
28246,18,3
28247,98,11
28248,38,10
28249,128,10
28250,0,3
28251,49,9
28252,24,5
28253,70,9
28254,58,8
28255,0,3
28256,0,3
28257,40,8
28258,63,10
28259,5,4
28260,22,5
28261,58,10
28262,21,3
28263,102,13
28264,35,3
28265,50,11
28266,43,7
28267,19,5
28268,0,3
28269,42,8
28270,89,10
28271,61,8
28272,22,8
28273,17,5
28274,45,8
28275,0,3
28276,34,8
28277,0,3
28278,0,3
28279,35,5
28280,72,10
28281,46,7
28282,52,5
28283,54,5
28284,43,5
28285,0,3
28286,44,5
28287,104,7
28288,0,3
28289,53,8
28290,30,8
28291,51,8
28292,0,3
28293,0,3
28294,74,12
28295,0,3
28296,0,3
28297,70,6
28298,0,3
28299,74,9
28300,33,4
28301,46,9
28302,68,10
28303,0,3
28304,0,3
28305,23,7
28306,0,3
28307,53,6
28308,0,3
28309,0,3
28310,67,11
28311,0,3
28312,104,8
28313,0,3
28314,119,12
28315,5,3
28316,0,3
28317,0,3
28318,0,3
28319,0,3
28320,65,10
28321,0,3
28322,0,3
28323,24,5
28324,73,10
28325,64,3
28326,53,9
28327,0,3
28328,36,7
28329,68,11
28330,45,5
28331,62,8
28332,43,9
28333,0,3
28334,0,3
28335,23,6
28336,0,3
28337,42,8
28338,47,8
28339,0,3
28340,2,3
28341,0,3
28342,42,6
28343,6,3
28344,43,6
28345,95,9
28346,0,3
28347,73,11
28348,29,7
28349,0,3
28350,60,9
28351,59,8
28352,53,10
28353,0,3
28354,0,3
28355,16,4
28356,48,8
28357,0,3
28358,35,8
28359,60,8
28360,19,4
28361,0,3
28362,0,3
28363,0,3
28364,0,3
28365,85,13
28366,68,10
28367,49,10
28368,26,7
28369,0,3
28370,100,11
28371,3,3
28372,53,6
28373,36,5
28374,32,7
28375,62,11
28376,74,9
28377,64,12
28378,75,5
28379,27,6
28380,92,11
28381,0,3
28382,52,8
28383,109,11
28384,46,4
28385,0,3
28386,42,7
28387,75,9
28388,46,7
28389,19,3
28390,85,5
28391,4,3
28392,100,12
28393,42,11
28394,95,13
28395,72,7
28396,54,8
28397,150,8
28398,23,5
28399,0,3
28400,162,14
28401,0,3
28402,94,10
28403,0,3
28404,0,3
28405,113,7
28406,50,11
28407,0,3
28408,14,5
28409,29,7
28410,43,6
28411,4,4
28412,0,3
28413,58,5
28414,80,4
28415,0,3
28416,37,7
28417,21,8
28418,0,3
28419,0,3
28420,0,3
28421,49,7
28422,59,9
28423,139,11
28424,0,3
28425,0,3
28426,0,3
28427,91,10
28428,0,3
28429,69,10
28430,90,10
28431,41,7
28432,52,7
28433,33,8
28434,0,3
28435,21,5
28436,44,8
28437,0,3
28438,82,6
28439,23,5
28440,0,3
28441,0,3
28442,0,3
28443,29,8
28444,22,4
28445,173,11
28446,0,3
28447,0,3
28448,22,5
28449,0,3
28450,39,6
28451,0,3
28452,86,12
28453,0,3
28454,6,3
28455,66,10
28456,0,3
28457,41,7
28458,53,6
28459,109,8
28460,93,6
28461,0,3
28462,48,7
28463,0,3
28464,67,9
28465,0,3
28466,12,5
28467,72,8
28468,28,7
28469,0,3
28470,37,8
28471,24,5
28472,81,13
28473,29,7
28474,78,12
28475,0,3
28476,0,3
28477,33,6
28478,2,3
28479,76,6
28480,37,6
28481,17,4
28482,0,3
28483,21,5
28484,40,9
28485,62,6
28486,0,3
28487,25,6
28488,30,4
28489,31,6
28490,0,3
28491,39,8
28492,0,3
28493,0,3
28494,0,3
28495,92,10
28496,93,14
28497,0,3
28498,0,3
28499,95,5
28500,126,10
28501,12,4
28502,6,3
28503,54,5
28504,0,3
28505,0,3
28506,69,9
28507,0,3
28508,0,3
28509,33,7
28510,0,3
28511,0,3
28512,0,3
28513,74,10
28514,48,7
28515,0,3
28516,57,7
28517,52,8
28518,70,12
28519,56,7
28520,0,3
28521,0,3
28522,31,7
28523,140,11
28524,0,3
28525,13,5
28526,87,10
28527,6,3
28528,0,3
28529,60,6
28530,66,12
28531,59,5
28532,0,3
28533,57,11
28534,105,6
28535,58,8
28536,76,8
28537,0,3
28538,9,3
28539,61,9
28540,0,3
28541,107,11
28542,115,13
28543,19,6
28544,39,8
28545,47,9
28546,51,4
28547,0,3
28548,0,3
28549,0,3
28550,11,6
28551,36,8
28552,56,8
28553,0,3
28554,0,3
28555,0,3
28556,66,12
28557,62,9
28558,0,3
28559,33,7
28560,25,5
28561,20,5
28562,0,3
28563,50,8
28564,0,3
28565,63,4
28566,0,3
28567,118,9
28568,0,3
28569,0,3
28570,0,3
28571,39,7
28572,68,10
28573,15,5
28574,45,6
28575,0,3
28576,0,3
28577,90,6
28578,0,3
28579,20,5
28580,0,3
28581,0,3
28582,58,10
28583,96,10
28584,0,3
28585,49,8
28586,11,3
28587,36,8
28588,157,7
28589,0,3
28590,62,13
28591,25,5
28592,0,3
28593,51,8
28594,0,3
28595,120,6
28596,48,7
28597,75,10
28598,0,3
28599,33,7
28600,27,7
28601,21,5
28602,52,7
28603,6,4
28604,36,7
28605,45,4
28606,0,3
28607,73,10
28608,14,4
28609,53,10
28610,57,12
28611,155,11
28612,0,3
28613,69,7
28614,0,3
28615,56,10
28616,0,3
28617,34,8
28618,91,14
28619,0,3
28620,49,7
28621,39,7
28622,89,13
28623,19,4
28624,83,10
28625,16,4
28626,0,3
28627,25,5
28628,71,11
28629,34,7
28630,0,3
28631,0,3
28632,0,3
28633,0,3
28634,0,3
28635,50,12
28636,62,11
28637,0,3
28638,96,7
28639,0,3
28640,315,20
28641,83,9
28642,97,11
28643,0,3
28644,60,11
28645,90,14
28646,0,3
28647,17,7
28648,61,10
28649,0,3
28650,0,3
28651,0,3
28652,2,3
28653,0,3
28654,32,9
28655,20,3
28656,8,3
28657,96,9
28658,15,5
28659,37,6
28660,45,7
28661,56,7
28662,72,10
28663,24,3
28664,5,3
28665,51,8
28666,60,10
28667,32,6
28668,1,3
28669,95,9
28670,37,9
28671,9,4
28672,22,6
28673,32,5
28674,37,7
28675,76,8
28676,76,9
28677,0,3
28678,18,6
28679,61,9
28680,89,8
28681,45,7
28682,97,9
28683,0,3
28684,124,10
28685,95,11
28686,0,3
28687,0,3
28688,21,5
28689,99,9
28690,22,7
28691,29,7
28692,42,6
28693,0,3
28694,83,11
28695,71,6
28696,0,3
28697,28,6
28698,0,3
28699,0,3
28700,80,8
28701,0,3
28702,51,9
28703,0,3
28704,95,10
28705,0,3
28706,83,10
28707,103,12
28708,8,4
28709,43,6
28710,43,6
28711,54,10
28712,29,6
28713,37,6
28714,0,3
28715,82,11
28716,0,3
28717,14,4
28718,0,3
28719,26,6
28720,0,3
28721,61,7
28722,0,3
28723,61,4
28724,59,10
28725,5,3
28726,78,8
28727,90,11
28728,32,6
28729,0,3
28730,0,3
28731,11,5
28732,76,7
28733,46,6
28734,0,3
28735,21,3
28736,107,11
28737,49,10
28738,162,10
28739,4,4
28740,5,3
28741,77,10
28742,36,3
28743,76,10
28744,36,8
28745,51,10
28746,129,17
28747,40,8
28748,79,16
28749,11,5
28750,92,9
28751,0,3
28752,172,6
28753,0,3
28754,56,8
28755,138,12
28756,77,8
28757,57,9
28758,2,3
28759,66,9
28760,70,7
28761,28,5
28762,107,10
28763,0,3
28764,0,3
28765,9,3
28766,17,7
28767,6,4
28768,13,3
28769,0,3
28770,0,3
28771,70,9
28772,92,11
28773,35,7
28774,18,4
28775,0,3
28776,35,3
28777,56,8
28778,0,3
28779,43,9
28780,83,16
28781,0,3
28782,72,6
28783,13,4
28784,92,10
28785,61,10
28786,0,3
28787,10,5
28788,58,11
28789,0,3
28790,4,3
28791,103,10
28792,0,3
28793,49,10
28794,0,3
28795,0,3
28796,123,13
28797,59,9
28798,82,10
28799,0,3
28800,9,4
28801,21,6
28802,90,9
28803,14,4
28804,0,3
28805,0,3
28806,0,3
28807,71,10
28808,0,3
28809,123,9
28810,71,11
28811,0,3
28812,67,8
28813,63,10
28814,8,3
28815,0,3
28816,75,7
28817,0,3
28818,0,3
28819,28,5
28820,22,4
28821,61,10
28822,73,7
28823,43,10
28824,81,10
28825,92,10
28826,52,12
28827,52,8
28828,100,9
28829,58,11
28830,82,12
28831,0,3
28832,0,3
28833,0,3
28834,34,5
28835,0,3
28836,174,20
28837,0,3
28838,94,11
28839,60,13
28840,54,6
28841,0,3
28842,8,3
28843,71,9
28844,0,3
28845,36,7
28846,63,7
28847,0,3
28848,0,3
28849,79,13
28850,23,4
28851,68,9
28852,0,3
28853,39,7
28854,96,7
28855,55,9
28856,61,9
28857,3,3
28858,61,11
28859,51,6
28860,5,3
28861,72,13
28862,48,6
28863,63,11
28864,23,8
28865,6,5
28866,58,6
28867,57,11
28868,59,9
28869,68,9
28870,59,7
28871,31,10
28872,33,8
28873,73,9
28874,45,7
28875,17,4
28876,0,3
28877,64,10
28878,71,9
28879,74,8
28880,59,7
28881,72,7
28882,2,3
28883,0,3
28884,77,5
28885,16,6
28886,0,3
28887,247,9
28888,14,6
28889,51,6
28890,0,3
28891,0,3
28892,33,7
28893,4,3
28894,0,3
28895,48,11
28896,36,9
28897,43,8
28898,61,7
28899,18,4
28900,47,10
28901,59,8
28902,24,6
28903,0,3
28904,0,3
28905,0,3
28906,0,3
28907,32,6
28908,0,3
28909,55,7
28910,0,3
28911,0,3
28912,71,8
28913,28,3
28914,87,12
28915,0,3
28916,25,7
28917,0,3
28918,0,3
28919,66,11
28920,59,4
28921,67,10
28922,39,6
28923,0,3
28924,23,5
28925,50,10
28926,51,5
28927,52,9
28928,46,8
28929,0,3
28930,48,9
28931,0,3
28932,29,9
28933,39,7
28934,70,10
28935,52,8
28936,0,3
28937,34,8
28938,0,3
28939,81,9
28940,107,7
28941,28,7
28942,0,3
28943,0,3
28944,17,2
28945,0,3
28946,0,3
28947,47,4
28948,0,3
28949,20,5
28950,0,3
28951,15,3
28952,9,3
28953,33,5
28954,0,3
28955,0,3
28956,100,15
28957,61,10
28958,106,16
28959,57,8
28960,74,10
28961,223,11
28962,19,5
28963,0,3
28964,44,8
28965,0,3
28966,0,3
28967,15,5
28968,135,11
28969,62,10
28970,0,3
28971,68,7
28972,28,6
28973,52,6
28974,45,9
28975,0,3
28976,93,7
28977,24,7
28978,0,3
28979,0,3
28980,0,3
28981,0,3
28982,82,7
28983,37,6
28984,5,3
28985,8,4
28986,107,11
28987,0,3
28988,94,12
28989,100,11
28990,60,12
28991,0,3
28992,62,12
28993,79,14
28994,0,3
28995,51,8
28996,90,8
28997,58,9
28998,7,4
28999,125,11
29000,16,6
29001,19,6
29002,42,6
29003,81,6
29004,0,3
29005,78,10
29006,30,6
29007,0,3
29008,44,7
29009,0,3
29010,22,5
29011,24,8
29012,0,3
29013,18,5
29014,10,5
29015,7,5
29016,0,3
29017,6,3
29018,0,3
29019,0,3
29020,72,5
29021,29,7
29022,20,6
29023,0,3
29024,42,11
29025,0,3
29026,0,3
29027,0,3
29028,49,4
29029,0,3
29030,94,10
29031,22,6
29032,76,3
29033,0,3
29034,10,3
29035,12,4
29036,0,3
29037,0,3
29038,89,11
29039,0,3
29040,33,8
29041,42,6
29042,86,7
29043,0,3
29044,54,8
29045,44,4
29046,47,7
29047,1,3
29048,0,3
29049,0,3
29050,5,4
29051,0,3
29052,0,3
29053,0,3
29054,0,3
29055,123,7
29056,104,8
29057,36,6
29058,0,3
29059,49,8
29060,5,3
29061,13,4
29062,74,6
29063,1,3
29064,120,6
29065,0,3
29066,79,10
29067,1,3
29068,0,3
29069,219,9
29070,160,5
29071,85,9
29072,0,3
29073,67,8
29074,42,8
29075,77,10
29076,73,8
29077,64,7
29078,88,13
29079,115,9
29080,9,3
29081,6,3
29082,49,3
29083,74,7
29084,147,12
29085,91,13
29086,56,14
29087,0,3
29088,171,14
29089,36,4
29090,69,9
29091,106,10
29092,60,8
29093,42,7
29094,54,6
29095,5,3
29096,17,5
29097,52,7
29098,48,5
29099,44,9
29100,8,5
29101,48,6
29102,0,3
29103,48,8
29104,0,3
29105,114,14
29106,32,6
29107,67,10
29108,0,3
29109,37,6
29110,14,3
29111,13,4
29112,0,3
29113,0,3
29114,0,3
29115,53,8
29116,0,3
29117,69,8
29118,69,7
29119,0,3
29120,0,3
29121,30,11
29122,16,4
29123,34,8
29124,67,9
29125,133,11
29126,0,3
29127,21,4
29128,2,3
29129,2,3
29130,34,6
29131,70,5
29132,64,10
29133,9,3
29134,0,3
29135,0,3
29136,59,12
29137,12,8
29138,33,7
29139,1,3
29140,0,3
29141,0,3
29142,0,3
29143,0,3
29144,0,3
29145,49,9
29146,91,4
29147,0,3
29148,0,3
29149,50,6
29150,65,7
29151,61,10
29152,0,3
29153,0,3
29154,0,3
29155,109,11
29156,0,3
29157,92,6
29158,62,10
29159,37,7
29160,45,8
29161,18,5
29162,61,11
29163,37,9
29164,123,12
29165,64,8
29166,2,3
29167,0,3
29168,39,9
29169,152,11
29170,124,12
29171,0,3
29172,83,9
29173,14,6
29174,0,3
29175,43,9
29176,141,11
29177,57,9
29178,34,8
29179,0,3
29180,59,9
29181,14,6
29182,49,6
29183,100,12
29184,0,3
29185,0,3
29186,0,3
29187,50,11
29188,57,8
29189,66,9
29190,74,11
29191,51,7
29192,0,3
29193,0,3
29194,128,16
29195,0,3
29196,24,5
29197,33,6
29198,14,4
29199,73,11
29200,0,3
29201,36,8
29202,118,14
29203,4,3
29204,99,7
29205,36,7
29206,36,8
29207,13,5
29208,0,3
29209,0,3
29210,0,3
29211,0,3
29212,21,6
29213,13,4
29214,23,8
29215,27,5
29216,0,3
29217,98,13
29218,79,6
29219,0,3
29220,0,3
29221,51,10
29222,38,13
29223,72,11
29224,0,3
29225,75,10
29226,25,7
29227,0,3
29228,7,3
29229,114,14
29230,0,3
29231,0,3
29232,42,8
29233,92,11
29234,101,11
29235,0,3
29236,37,8
29237,0,3
29238,51,7
29239,38,7
29240,185,7
29241,11,5
29242,0,3
29243,59,9
29244,105,10
29245,18,5
29246,0,3
29247,0,3
29248,0,3
29249,79,11
29250,26,6
29251,0,3
29252,141,9
29253,16,4
29254,3,4
29255,93,12
29256,35,4
29257,0,3
29258,0,3
29259,34,6
29260,174,12
29261,0,3
29262,0,3
29263,36,7
29264,42,6
29265,47,8
29266,34,7
29267,0,3
29268,27,7
29269,49,14
29270,0,3
29271,75,8
29272,66,9
29273,38,5
29274,233,6
29275,64,8
29276,0,3
29277,31,7
29278,110,9
29279,29,7
29280,93,10
29281,0,3
29282,13,5
29283,25,8
29284,172,11
29285,28,6
29286,28,7
29287,0,3
29288,22,6
29289,29,6
29290,80,7
29291,0,3
29292,7,3
29293,0,3
29294,65,9
29295,0,3
29296,52,9
29297,43,9
29298,48,9
29299,0,3
29300,61,9
29301,129,11
29302,61,7
29303,91,6
29304,0,3
29305,0,3
29306,54,8
29307,0,3
29308,37,8
29309,94,11
29310,76,12
29311,0,3
29312,2,3
29313,0,3
29314,0,3
29315,121,11
29316,0,3
29317,47,9
29318,0,3
29319,37,5
29320,55,10
29321,0,3
29322,3,3
29323,21,5
29324,8,3
29325,0,3
29326,57,11
29327,0,3
29328,44,9
29329,71,8
29330,0,3
29331,8,3
29332,44,5
29333,48,5
29334,61,9
29335,43,9
29336,43,12
29337,0,3
29338,113,13
29339,0,3
29340,39,6
29341,20,8
29342,22,4
29343,0,3
29344,99,13
29345,61,8
29346,45,8
29347,98,4
29348,26,4
29349,186,6
29350,2,3
29351,0,3
29352,0,3
29353,51,7
29354,82,9
29355,71,5
29356,44,9
29357,60,12
29358,0,3
29359,41,9
29360,54,9
29361,15,5
29362,40,7
29363,0,3
29364,66,9
29365,15,4
29366,56,9
29367,78,11
29368,84,11
29369,49,10
29370,0,3
29371,73,10
29372,41,9
29373,0,3
29374,198,9
29375,38,8
29376,30,6
29377,99,6
29378,202,9
29379,32,5
29380,0,3
29381,0,3
29382,40,6
29383,0,3
29384,82,9
29385,0,3
29386,0,3
29387,0,3
29388,0,3
29389,12,6
29390,0,3
29391,58,6
29392,44,7
29393,78,12
29394,73,11
29395,0,3
29396,118,10
29397,16,6
29398,46,8
29399,81,8
29400,30,3
29401,21,4
29402,100,11
29403,54,8
29404,28,5
29405,90,8
29406,6,3
29407,62,14
29408,0,3
29409,72,10
29410,35,8
29411,416,10
29412,29,7
29413,0,3
29414,46,5
29415,114,12
29416,82,7
29417,119,9
29418,0,3
29419,0,3
29420,39,8
29421,53,8
29422,0,3
29423,0,3
29424,0,3
29425,100,13
29426,107,7
29427,32,4
29428,0,3
29429,0,3
29430,0,3
29431,37,8
29432,26,3
29433,111,11
29434,27,7
29435,45,9
29436,60,5
29437,0,3
29438,42,7
29439,83,12
29440,41,11
29441,0,3
29442,30,8
29443,118,10
29444,153,19
29445,53,7
29446,0,3
29447,72,10
29448,16,5
29449,1,3
29450,0,3
29451,0,3
29452,28,9
29453,42,8
29454,0,3
29455,44,5
29456,71,7
29457,74,8
29458,96,9
29459,0,3
29460,0,3
29461,0,3
29462,59,12
29463,0,3
29464,0,3
29465,44,9
29466,20,8
29467,18,6
29468,0,3
29469,9,3
29470,0,3
29471,34,12
29472,0,3
29473,68,10
29474,50,8
29475,58,10
29476,71,7
29477,28,8
29478,102,11
29479,0,3
29480,14,4
29481,0,3
29482,0,3
29483,43,5
29484,21,3
29485,0,3
29486,31,4
29487,50,9
29488,53,7
29489,4,3
29490,123,8
29491,0,3
29492,67,11
29493,130,7
29494,0,3
29495,106,8
29496,39,6
29497,37,6
29498,0,3
29499,54,7
29500,92,13
29501,51,11
29502,98,8
29503,27,7
29504,89,13
29505,0,3
29506,22,6
29507,0,3
29508,72,8
29509,24,5
29510,87,13
29511,37,7
29512,0,3
29513,0,3
29514,0,3
29515,28,1
29516,8,3
29517,75,13
29518,9,5
29519,87,10
29520,0,3
29521,74,10
29522,45,9
29523,74,10
29524,0,3
29525,0,3
29526,52,9
29527,58,9
29528,38,7
29529,0,3
29530,52,6
29531,139,14
29532,43,9
29533,0,3
29534,88,8
29535,170,11
29536,62,8
29537,21,6
29538,138,15
29539,80,10
29540,21,4
29541,0,3
29542,57,10
29543,36,7
29544,156,18
29545,0,3
29546,0,3
29547,0,3
29548,33,9
29549,23,7
29550,30,6
29551,0,3
29552,62,11
29553,17,7
29554,97,10
29555,159,7
29556,59,8
29557,37,8
29558,66,7
29559,15,6
29560,34,7
29561,60,8
29562,8,4
29563,67,11
29564,0,3
29565,0,3
29566,0,3
29567,0,3
29568,57,11
29569,49,7
29570,54,7
29571,0,3
29572,12,5
29573,53,3
29574,0,3
29575,0,3
29576,17,3
29577,22,6
29578,43,11
29579,73,12
29580,43,8
29581,0,3
29582,0,3
29583,83,9
29584,0,3
29585,43,6
29586,44,8
29587,21,4
29588,54,6
29589,191,13
29590,133,17
29591,88,11
29592,157,7
29593,77,12
29594,18,5
29595,0,3
29596,108,14
29597,0,3
29598,39,8
29599,91,11
29600,0,3
29601,93,8
29602,44,8
29603,0,3
29604,40,9
29605,0,3
29606,0,3
29607,87,10
29608,84,13
29609,8,4
29610,69,9
29611,48,10
29612,56,9
29613,11,4
29614,113,15
29615,16,3
29616,83,10
29617,75,9
29618,26,6
29619,0,3
29620,0,3
29621,0,3
29622,58,12
29623,42,13
29624,44,9
29625,23,5
29626,0,3
29627,45,9
29628,53,10
29629,0,3
29630,134,9
29631,77,5
29632,24,6
29633,0,3
29634,25,5
29635,63,10
29636,9,4
29637,19,6
29638,0,3
29639,0,3
29640,48,9
29641,0,3
29642,40,7
29643,26,7
29644,36,6
29645,0,3
29646,38,9
29647,0,3
29648,0,3
29649,0,3
29650,56,9
29651,0,3
29652,101,14
29653,117,14
29654,0,3
29655,30,7
29656,55,6
29657,40,3
29658,8,4
29659,62,9
29660,66,10
29661,70,8
29662,36,7
29663,0,3
29664,147,16
29665,56,6
29666,0,3
29667,29,4
29668,7,4
29669,0,3
29670,0,3
29671,29,7
29672,37,6
29673,0,3
29674,11,5
29675,76,11
29676,0,3
29677,0,3
29678,91,11
29679,41,6
29680,8,4
29681,0,3
29682,83,10
29683,6,4
29684,74,14
29685,77,8
29686,0,3
29687,23,7
29688,0,3
29689,0,3
29690,0,3
29691,0,3
29692,69,8
29693,6,3
29694,110,11
29695,30,7
29696,36,8
29697,36,7
29698,47,9
29699,74,10
29700,6,3
29701,97,10
29702,0,3
29703,0,3
29704,107,15
29705,19,6
29706,101,11
29707,50,8
29708,0,3
29709,6,3
29710,0,3
29711,18,5
29712,62,7
29713,53,7
29714,67,8
29715,12,5
29716,51,3
29717,102,8
29718,0,3
29719,39,3
29720,108,12
29721,116,11
29722,22,5
29723,0,3
29724,29,7
29725,78,9
29726,81,13
29727,38,7
29728,79,12
29729,98,14
29730,70,4
29731,1,3
29732,0,3
29733,0,3
29734,0,3
29735,25,8
29736,0,3
29737,19,6
29738,99,11
29739,0,3
29740,0,3
29741,90,13
29742,81,9
29743,0,3
29744,73,7
29745,81,11
29746,5,3
29747,54,10
29748,0,3
29749,7,4
29750,40,8
29751,0,3
29752,48,12
29753,13,4
29754,65,8
29755,0,3
29756,185,13
29757,0,3
29758,0,3
29759,0,3
29760,114,10
29761,0,3
29762,43,10
29763,73,11
29764,0,3
29765,56,11
29766,93,12
29767,0,3
29768,58,11
29769,129,13
29770,0,3
29771,0,3
29772,47,9
29773,105,12
29774,0,3
29775,80,13
29776,18,5
29777,69,13
29778,152,14
29779,65,8
29780,15,5
29781,0,3
29782,45,10
29783,28,6
29784,0,3
29785,94,12
29786,24,8
29787,0,3
29788,0,3
29789,0,3
29790,0,3
29791,51,12
29792,0,3
29793,70,9
29794,0,3
29795,0,3
29796,29,5
29797,85,8
29798,0,3
29799,23,7
29800,0,3
29801,59,12
29802,46,6
29803,121,13
29804,7,3
29805,50,5
29806,0,3
29807,25,6
29808,72,12
29809,0,3
29810,51,5
29811,0,3
29812,0,3
29813,15,3
29814,0,3
29815,43,5
29816,0,3
29817,0,3
29818,82,10
29819,4,4
29820,14,3
29821,28,8
29822,37,9
29823,21,5
29824,0,3
29825,66,10
29826,0,3
29827,0,3
29828,81,10
29829,0,3
29830,0,3
29831,61,7
29832,5,3
29833,0,3
29834,0,3
29835,27,4
29836,0,3
29837,82,10
29838,19,5
29839,101,9
29840,46,6
29841,0,3
29842,59,11
29843,138,13
29844,0,3
29845,60,10
29846,43,8
29847,0,3
29848,84,8
29849,73,11
29850,8,4
29851,45,10
29852,16,3
29853,89,9
29854,145,9
29855,0,3
29856,63,7
29857,39,6
29858,0,3
29859,77,14
29860,0,3
29861,11,4
29862,130,15
29863,0,3
29864,88,13
29865,103,9
29866,33,5
29867,0,3
29868,63,9
29869,10,5
29870,94,11
29871,144,9
29872,1,3
29873,3,3
29874,56,9
29875,34,4
29876,0,3
29877,0,3
29878,65,4
29879,58,11
29880,0,3
29881,1,3
29882,0,3
29883,0,3
29884,31,7
29885,51,9
29886,0,3
29887,120,12
29888,31,5
29889,0,3
29890,71,11
29891,112,13
29892,67,8
29893,0,3
29894,57,8
29895,65,9
29896,0,3
29897,56,10
29898,47,3
29899,19,4
29900,0,3
29901,0,3
29902,7,4
29903,45,8
29904,3,3
29905,53,9
29906,126,15
29907,17,5
29908,44,9
29909,49,9
29910,0,3
29911,0,3
29912,26,5
29913,87,9
29914,0,3
29915,18,5
29916,132,13
29917,0,3
29918,22,5
29919,9,4
29920,83,9
29921,82,11
29922,95,11
29923,19,5
29924,69,11
29925,78,9
29926,82,8
29927,42,9
29928,0,3
29929,64,7
29930,0,3
29931,0,3
29932,0,3
29933,57,8
29934,130,13
29935,36,9
29936,37,8
29937,31,8
29938,0,3
29939,119,17
29940,134,12
29941,4,3
29942,39,9
29943,63,13
29944,64,10
29945,0,3
29946,61,11
29947,1,3
29948,21,3
29949,67,9
29950,0,3
29951,64,11
29952,0,3
29953,28,4
29954,0,3
29955,120,14
29956,0,3
29957,43,8
29958,0,3
29959,32,8
29960,0,3
29961,11,3
29962,2,3
29963,15,4
29964,0,3
29965,85,11
29966,63,10
29967,0,3
29968,0,3
29969,69,8
29970,77,10
29971,66,13
29972,81,6
29973,42,9
29974,0,3
29975,28,6
29976,62,9
29977,0,3
29978,0,3
29979,119,16
29980,0,3
29981,79,12
29982,0,3
29983,0,3
29984,76,11
29985,0,3
29986,0,3
29987,0,3
29988,0,3
29989,0,3
29990,28,5
29991,158,9
29992,0,3
29993,0,3
29994,0,3
29995,36,8
29996,74,12
29997,71,7
29998,24,10
29999,0,3
30000,52,10
30001,0,3
30002,0,3
30003,53,8
30004,76,8
30005,94,8
30006,77,9
30007,4,3
30008,43,10
30009,0,3
30010,0,3
30011,0,3
30012,71,10
30013,0,3
30014,18,5
30015,70,6
30016,0,3
30017,10,3
30018,10,4
30019,30,6
30020,14,4
30021,59,11
30022,0,3
30023,128,12
30024,7,3
30025,99,16
30026,60,5
30027,13,4
30028,58,7
30029,115,7
30030,0,3
30031,0,3
30032,0,3
30033,56,9
30034,27,6
30035,73,7
30036,7,4
30037,0,3
30038,0,3
30039,33,8
30040,19,3
30041,20,6
30042,37,8
30043,78,9
30044,22,6
30045,170,9
30046,21,5
30047,88,9
30048,26,5
30049,0,3
30050,0,3
30051,0,3
30052,0,3
30053,0,3
30054,67,7
30055,0,3
30056,98,13
30057,133,8
30058,7,4
30059,56,9
30060,43,8
30061,29,4
30062,61,9
30063,0,3
30064,0,3
30065,130,16
30066,77,10
30067,114,10
30068,0,3
30069,75,8
30070,69,11
30071,0,3
30072,56,8
30073,98,9
30074,34,5
30075,35,9
30076,0,3
30077,47,10
30078,0,3
30079,72,7
30080,50,7
30081,85,12
30082,0,3
30083,0,3
30084,58,9
30085,123,9
30086,132,14
30087,132,14
30088,0,3
30089,0,3
30090,8,3
30091,79,7
30092,93,11
30093,88,6
30094,124,17
30095,0,3
30096,41,7
30097,63,9
30098,178,13
30099,0,3
30100,0,3
30101,25,5
30102,94,9
30103,0,3
30104,0,3
30105,107,13
30106,0,3
30107,0,3
30108,40,7
30109,18,7
30110,57,11
30111,77,10
30112,49,7
30113,243,14
30114,0,3
30115,0,3
30116,0,3
30117,77,13
30118,121,14
30119,88,12
30120,0,3
30121,70,10
30122,0,3
30123,166,16
30124,62,6
30125,0,3
30126,27,8
30127,62,13
30128,107,8
30129,71,10
30130,47,8
30131,39,11
30132,0,3
30133,0,3
30134,91,12
30135,39,4
30136,53,6
30137,8,4
30138,102,10
30139,0,3
30140,0,3
30141,10,4
30142,0,3
30143,60,9
30144,9,4
30145,98,8
30146,49,10
30147,0,3
30148,74,8
30149,69,10
30150,158,15
30151,32,3
30152,52,10
30153,81,8
30154,78,12
30155,0,3
30156,0,3
30157,87,8
30158,58,8
30159,103,11
30160,39,9
30161,102,9
30162,0,3
30163,0,3
30164,0,3
30165,25,5
30166,75,10
30167,0,3
30168,192,7
30169,64,6
30170,0,3
30171,0,3
30172,65,13
30173,67,8
30174,0,3
30175,31,8
30176,34,9
30177,0,3
30178,77,8
30179,55,10
30180,0,3
30181,62,9
30182,126,10
30183,0,3
30184,66,12
30185,30,7
30186,0,3
30187,31,6
30188,0,3
30189,94,12
30190,0,3
30191,96,11
30192,45,5
30193,10,4
30194,0,3
30195,108,10
30196,0,3
30197,0,3
30198,28,5
30199,29,6
30200,23,8
30201,0,3
30202,78,14
30203,78,11
30204,74,11
30205,0,3
30206,86,7
30207,94,11
30208,186,8
30209,65,11
30210,43,10
30211,0,3
30212,36,6
30213,173,6
30214,0,3
30215,28,5
30216,156,13
30217,17,4
30218,0,3
30219,148,6
30220,0,3
30221,0,3
30222,40,7
30223,0,3
30224,16,5
30225,0,3
30226,0,3
30227,0,3
30228,101,10
30229,0,3
30230,37,7
30231,0,3
30232,44,7
30233,0,3
30234,70,13
30235,0,3
30236,0,3
30237,0,3
30238,0,3
30239,31,6
30240,2,3
30241,39,4
30242,64,8
30243,103,10
30244,0,3
30245,8,4
30246,48,7
30247,49,7
30248,31,9
30249,28,6
30250,28,5
30251,66,9
30252,15,4
30253,0,3
30254,0,3
30255,105,13
30256,46,9
30257,0,3
30258,4,4
30259,23,6
30260,0,3
30261,62,6
30262,71,9
30263,0,3
30264,0,3
30265,0,3
30266,0,3
30267,0,3
30268,0,3
30269,75,3
30270,0,3
30271,0,3
30272,18,6
30273,54,9
30274,68,11
30275,20,4
30276,71,7
30277,36,7
30278,125,13
30279,31,8
30280,45,8
30281,0,3
30282,119,10
30283,0,3
30284,0,3
30285,67,7
30286,0,3
30287,49,11
30288,44,6
30289,94,10
30290,151,15
30291,0,3
30292,87,9
30293,63,10
30294,0,3
30295,39,4
30296,81,8
30297,70,13
30298,5,3
30299,90,10
30300,13,4
30301,48,10
30302,0,3
30303,66,9
30304,0,3
30305,105,11
30306,0,3
30307,74,12
30308,102,10
30309,46,8
30310,0,3
30311,36,8
30312,91,5
30313,0,3
30314,81,13
30315,18,4
30316,73,4
30317,93,8
30318,72,11
30319,18,5
30320,58,11
30321,61,8
30322,73,13
30323,0,3
30324,121,10
30325,71,14
30326,83,13
30327,49,9
30328,51,5
30329,54,8
30330,73,8
30331,0,3
30332,79,9
30333,0,3
30334,38,10
30335,53,7
30336,0,3
30337,60,9
30338,93,4
30339,103,16
30340,101,10
30341,89,13
30342,27,9
30343,0,3
30344,86,8
30345,19,5
30346,30,8
30347,0,3
30348,0,3
30349,0,3
30350,0,3
30351,0,3
30352,0,3
30353,0,3
30354,0,3
30355,43,8
30356,0,3
30357,35,6
30358,0,3
30359,54,9
30360,69,7
30361,83,13
30362,47,12
30363,0,3
30364,26,4
30365,56,8
30366,67,11
30367,51,6
30368,88,8
30369,0,3
30370,56,10
30371,0,3
30372,0,3
30373,111,4
30374,66,11
30375,0,3
30376,0,3
30377,27,5
30378,29,5
30379,36,6
30380,0,3
30381,0,3
30382,94,8
30383,62,8
30384,0,3
30385,0,3
30386,0,3
30387,0,3
30388,0,3
30389,0,3
30390,78,11
30391,122,14
30392,0,3
30393,0,3
30394,0,3
30395,0,3
30396,0,3
30397,0,3
30398,0,3
30399,57,9
30400,0,3
30401,73,9
30402,30,7
30403,20,4
30404,60,7
30405,305,12
30406,55,6
30407,121,9
30408,38,7
30409,19,5
30410,21,9
30411,141,10
30412,4,4
30413,152,13
30414,27,7
30415,37,6
30416,43,10
30417,0,3
30418,23,5
30419,51,7
30420,32,5
30421,16,5
30422,84,14
30423,30,8
30424,127,11
30425,0,3
30426,43,9
30427,7,4
30428,47,9
30429,79,8
30430,14,5
30431,0,3
30432,0,3
30433,0,3
30434,100,13
30435,75,10
30436,0,3
30437,0,3
30438,72,4
30439,48,9
30440,124,5
30441,0,3
30442,112,10
30443,0,3
30444,0,3
30445,22,4
30446,45,8
30447,69,11
30448,39,6
30449,0,3
30450,75,8
30451,269,13
30452,0,3
30453,0,3
30454,55,10
30455,83,15
30456,0,3
30457,0,3
30458,128,9
30459,42,6
30460,53,9
30461,24,4
30462,19,7
30463,83,9
30464,45,8
30465,55,8
30466,0,3
30467,2,3
30468,18,5
30469,0,3
30470,78,12
30471,11,3
30472,0,3
30473,0,3
30474,74,11
30475,0,3
30476,2,3
30477,45,8
30478,15,4
30479,10,6
30480,0,3
30481,88,10
30482,87,9
30483,71,5
30484,4,3
30485,23,7
30486,101,11
30487,43,9
30488,41,7
30489,44,9
30490,96,17
30491,92,14
30492,0,3
30493,47,6
30494,0,3
30495,0,3
30496,98,8
30497,0,3
30498,79,12
30499,44,11
30500,0,3
30501,12,4
30502,0,3
30503,102,11
30504,10,4
30505,63,10
30506,69,11
30507,0,3
30508,39,7
30509,58,7
30510,52,9
30511,59,12
30512,42,8
30513,123,13
30514,0,3
30515,0,3
30516,8,3
30517,17,4
30518,46,8
30519,0,3
30520,146,11
30521,0,3
30522,0,3
30523,26,3
30524,91,6
30525,91,8
30526,7,4
30527,12,5
30528,0,3
30529,71,9
30530,48,10
30531,0,3
30532,37,8
30533,0,3
30534,0,3
30535,0,3
30536,0,3
30537,99,12
30538,41,10
30539,124,9
30540,0,3
30541,86,11
30542,54,8
30543,55,9
30544,78,7
30545,38,7
30546,0,3
30547,66,9
30548,66,8
30549,22,6
30550,0,3
30551,88,10
30552,148,16
30553,50,6
30554,11,5
30555,0,3
30556,0,3
30557,47,9
30558,27,6
30559,92,10
30560,29,7
30561,18,4
30562,0,3
30563,60,9
30564,0,3
30565,0,3
30566,0,3
30567,44,9
30568,0,3
30569,95,13
30570,0,3
30571,37,7
30572,54,8
30573,58,12
30574,77,8
30575,74,8
30576,36,7
30577,37,8
30578,18,6
30579,88,10
30580,49,9
30581,11,4
30582,22,8
30583,45,6
30584,37,7
30585,16,6
30586,0,3
30587,0,3
30588,91,10
30589,33,6
30590,0,3
30591,61,9
30592,57,9
30593,72,12
30594,63,10
30595,73,10
30596,53,15
30597,0,3
30598,281,12
30599,0,3
30600,87,10
30601,87,9
30602,18,6
30603,0,3
30604,92,11
30605,97,13
30606,133,15
30607,33,7
30608,0,3
30609,16,4
30610,87,12
30611,90,8
30612,0,3
30613,25,7
30614,146,8
30615,106,11
30616,54,9
30617,0,3
30618,51,11
30619,0,3
30620,11,3
30621,0,3
30622,0,3
30623,73,11
30624,152,13
30625,23,4
30626,59,14
30627,0,3
30628,47,7
30629,75,14
30630,0,3
30631,123,13
30632,101,15
30633,0,3
30634,0,3
30635,39,7
30636,0,3
30637,0,3
30638,42,8
30639,0,3
30640,0,3
30641,66,11
30642,0,3
30643,77,8
30644,64,8
30645,51,6
30646,56,11
30647,0,3
30648,17,5
30649,0,3
30650,72,11
30651,0,3
30652,0,3
30653,78,11
30654,67,9
30655,32,3
30656,68,11
30657,31,7
30658,0,3
30659,26,6
30660,0,3
30661,92,11
30662,0,3
30663,0,3
30664,0,3
30665,47,7
30666,72,10
30667,0,3
30668,0,3
30669,54,8
30670,0,3
30671,60,11
30672,0,3
30673,0,3
30674,0,3
30675,24,7
30676,20,5
30677,98,5
30678,0,3
30679,116,8
30680,6,3
30681,69,10
30682,58,8
30683,58,12
30684,0,3
30685,34,8
30686,60,8
30687,0,3
30688,80,10
30689,70,11
30690,0,3
30691,122,8
30692,0,3
30693,108,12
30694,79,10
30695,0,3
30696,44,7
30697,2,3
30698,51,7
30699,48,7
30700,37,6
30701,0,3
30702,169,15
30703,40,6
30704,0,3
30705,125,15
30706,0,3
30707,58,10
30708,1,3
30709,48,7
30710,13,6
30711,2,3
30712,0,3
30713,55,10
30714,0,3
30715,84,5
30716,26,6
30717,0,3
30718,0,3
30719,0,3
30720,64,8
30721,0,3
30722,54,9
30723,201,13
30724,0,3
30725,0,3
30726,33,8
30727,26,5
30728,0,3
30729,99,7
30730,0,3
30731,0,3
30732,20,10
30733,0,3
30734,0,3
30735,51,9
30736,74,9
30737,0,3
30738,6,3
30739,0,3
30740,0,3
30741,22,5
30742,28,8
30743,70,13
30744,59,5
30745,50,8
30746,256,16
30747,63,11
30748,0,3
30749,53,7
30750,0,3
30751,57,11
30752,6,4
30753,79,12
30754,96,12
30755,0,3
30756,66,7
30757,0,3
30758,96,13
30759,77,14
30760,0,3
30761,0,3
30762,10,5
30763,97,6
30764,39,9
30765,47,7
30766,0,3
30767,12,4
30768,49,10
30769,21,6
30770,105,8
30771,71,5
30772,94,13
30773,32,8
30774,47,9
30775,70,12
30776,0,3
30777,0,3
30778,47,5
30779,93,8
30780,0,3
30781,0,3
30782,39,8
30783,30,8
30784,44,8
30785,90,12
30786,99,8
30787,0,3
30788,96,10
30789,106,10
30790,56,5
30791,103,14
30792,0,3
30793,0,3
30794,125,12
30795,47,7
30796,56,6
30797,0,3
30798,70,8
30799,38,9
30800,0,3
30801,146,11
30802,79,10
30803,0,3
30804,57,8
30805,71,13
30806,17,3
30807,16,3
30808,0,3
30809,0,3
30810,30,6
30811,62,8
30812,117,12
30813,0,3
30814,0,3
30815,6,3
30816,60,8
30817,138,10
30818,0,3
30819,0,3
30820,11,3
30821,0,3
30822,74,11
30823,17,4
30824,94,12
30825,68,8
30826,0,3
30827,0,3
30828,89,13
30829,110,14
30830,83,4
30831,0,3
30832,69,10
30833,0,3
30834,3,3
30835,0,3
30836,39,4
30837,61,10
30838,93,10
30839,26,7
30840,0,3
30841,0,3
30842,0,3
30843,1,3
30844,39,8
30845,122,7
30846,166,11
30847,83,13
30848,0,3
30849,0,3
30850,102,8
30851,15,4
30852,23,7
30853,71,7
30854,50,6
30855,0,3
30856,22,9
30857,49,10
30858,108,17
30859,0,3
30860,0,3
30861,0,3
30862,97,12
30863,92,12
30864,59,7
30865,0,3
30866,27,7
30867,13,5
30868,51,7
30869,72,11
30870,55,8
30871,97,11
30872,59,11
30873,40,12
30874,64,10
30875,0,3
30876,87,9
30877,11,3
30878,0,3
30879,0,3
30880,52,7
30881,3,3
30882,202,11
30883,0,3
30884,40,7
30885,82,10
30886,0,3
30887,0,3
30888,83,10
30889,0,3
30890,82,7
30891,0,3
30892,52,8
30893,0,3
30894,0,3
30895,116,14
30896,88,10
30897,132,11
30898,14,4
30899,50,5
30900,47,11
30901,45,5
30902,2,3
30903,65,11
30904,0,3
30905,59,9
30906,35,7
30907,104,11
30908,82,12
30909,104,9
30910,0,3
30911,7,4
30912,102,9
30913,0,3
30914,3,3
30915,60,9
30916,0,3
30917,0,3
30918,48,8
30919,208,8
30920,101,10
30921,0,3
30922,67,12
30923,0,3
30924,55,11
30925,0,3
30926,0,3
30927,0,3
30928,0,3
30929,8,4
30930,44,9
30931,99,13
30932,0,3
30933,0,3
30934,0,3
30935,21,8
30936,75,12
30937,15,7
30938,53,8
30939,35,8
30940,57,7
30941,102,12
30942,77,12
30943,66,8
30944,0,3
30945,65,11
30946,50,10
30947,0,3
30948,84,9
30949,0,3
30950,89,12
30951,0,3
30952,3,3
30953,0,3
30954,5,3
30955,100,7
30956,2,3
30957,7,4
30958,79,12
30959,0,3
30960,83,11
30961,0,3
30962,67,10
30963,0,3
30964,53,6
30965,32,9
30966,71,12
30967,2,3
30968,51,11
30969,50,7
30970,22,4
30971,56,9
30972,82,14
30973,29,4
30974,35,7
30975,87,12
30976,97,14
30977,0,3
30978,0,3
30979,86,11
30980,101,11
30981,57,7
30982,85,5
30983,56,9
30984,44,8
30985,0,3
30986,37,6
30987,60,12
30988,117,13
30989,99,12
30990,0,3
30991,36,8
30992,0,3
30993,25,5
30994,77,13
30995,104,14
30996,1,3
30997,94,10
30998,27,7
30999,30,7
31000,0,3
31001,109,10
31002,0,3
31003,0,3
31004,61,11
31005,15,5
31006,105,10
31007,24,5
31008,0,3
31009,0,3
31010,0,3
31011,44,9
31012,68,8
31013,0,3
31014,0,3
31015,76,11
31016,0,3
31017,78,9
31018,86,10
31019,29,6
31020,64,7
31021,99,14
31022,153,14
31023,68,11
31024,0,3
31025,0,3
31026,0,3
31027,23,6
31028,0,3
31029,0,3
31030,0,3
31031,0,3
31032,14,5
31033,0,3
31034,0,3
31035,0,3
31036,42,6
31037,60,10
31038,0,3
31039,7,5
31040,0,3
31041,136,6
31042,12,4
31043,184,8
31044,0,3
31045,93,13
31046,62,4
31047,0,3
31048,22,5
31049,39,7
31050,0,3
31051,0,3
31052,0,3
31053,123,10
31054,19,6
31055,10,4
31056,12,6
31057,12,5
31058,34,8
31059,52,11
31060,44,7
31061,59,12
31062,0,3
31063,0,3
31064,68,12
31065,7,2
31066,70,11
31067,75,10
31068,0,3
31069,0,3
31070,0,3
31071,0,3
31072,30,7
31073,51,9
31074,157,13
31075,90,9
31076,0,3
31077,34,7
31078,80,10
31079,0,3
31080,15,5
31081,173,13
31082,0,3
31083,0,3
31084,96,11
31085,57,6
31086,40,5
31087,0,3
31088,79,12
31089,0,3
31090,2,2
31091,0,3
31092,0,3
31093,0,3
31094,0,3
31095,0,3
31096,0,3
31097,0,3
31098,0,3
31099,41,10
31100,49,6
31101,169,10
31102,172,17
31103,0,3
31104,105,8
31105,11,5
31106,5,3
31107,0,3
31108,0,3
31109,0,3
31110,21,5
31111,49,8
31112,106,13
31113,0,3
31114,0,3
31115,113,13
31116,19,5
31117,30,9
31118,0,3
31119,14,4
31120,0,3
31121,0,3
31122,21,6
31123,0,3
31124,57,8
31125,0,3
31126,0,3
31127,48,10
31128,47,9
31129,0,3
31130,51,8
31131,30,6
31132,0,3
31133,119,10
31134,113,10
31135,77,6
31136,0,3
31137,17,4
31138,5,4
31139,0,3
31140,0,3
31141,164,8
31142,113,10
31143,0,3
31144,0,3
31145,13,3
31146,62,10
31147,0,3
31148,71,14
31149,14,4
31150,81,9
31151,9,5
31152,50,5
31153,137,18
31154,61,8
31155,0,3
31156,0,3
31157,56,11
31158,19,5
31159,120,14
31160,43,6
31161,53,10
31162,19,6
31163,3,4
31164,0,3
31165,0,3
31166,27,6
31167,22,5
31168,25,6
31169,44,9
31170,0,3
31171,0,3
31172,0,3
31173,39,8
31174,48,8
31175,0,3
31176,103,6
31177,0,3
31178,0,3
31179,0,3
31180,7,5
31181,13,4
31182,0,3
31183,117,17
31184,0,3
31185,1,3
31186,0,3
31187,117,12
31188,49,5
31189,69,7
31190,75,9
31191,84,15
31192,2,3
31193,21,6
31194,12,3
31195,0,3
31196,15,3
31197,0,3
31198,33,8
31199,1,3
31200,71,12
31201,47,6
31202,61,11
31203,5,3
31204,0,3
31205,0,3
31206,5,3
31207,0,3
31208,37,7
31209,69,11
31210,6,5
31211,0,3
31212,31,5
31213,123,11
31214,47,9
31215,0,3
31216,60,8
31217,22,6
31218,54,10
31219,52,10
31220,28,6
31221,28,7
31222,114,11
31223,0,3
31224,0,3
31225,2,3
31226,55,9
31227,114,6
31228,1,3
31229,62,7
31230,67,6
31231,18,5
31232,32,6
31233,11,4
31234,37,7
31235,115,5
31236,83,7
31237,98,10
31238,33,5
31239,0,3
31240,5,4
31241,0,3
31242,0,3
31243,0,3
31244,51,7
31245,45,10
31246,0,3
31247,59,8
31248,53,6
31249,63,11
31250,5,4
31251,0,3
31252,148,8
31253,103,11
31254,91,10
31255,89,13
31256,103,5
31257,28,5
31258,0,3
31259,0,3
31260,0,3
31261,24,7
31262,0,3
31263,0,3
31264,64,4
31265,0,3
31266,66,11
31267,0,3
31268,68,12
31269,13,3
31270,36,4
31271,120,8
31272,65,11
31273,0,3
31274,58,9
31275,52,7
31276,0,3
31277,92,11
31278,153,16
31279,103,9
31280,32,8
31281,0,3
31282,0,3
31283,92,13
31284,96,9
31285,17,7
31286,0,3
31287,7,4
31288,42,7
31289,26,5
31290,5,3
31291,0,3
31292,76,9
31293,0,3
31294,0,3
31295,32,8
31296,56,8
31297,0,3
31298,0,3
31299,0,3
31300,24,7
31301,0,3
31302,28,6
31303,0,3
31304,7,3
31305,70,11
31306,0,3
31307,0,3
31308,34,9
31309,8,3
31310,56,13
31311,52,12
31312,0,3
31313,0,3
31314,0,3
31315,36,5
31316,71,10
31317,0,3
31318,46,6
31319,69,10
31320,0,3
31321,126,14
31322,0,3
31323,62,12
31324,137,14
31325,0,3
31326,79,10
31327,65,8
31328,0,3
31329,70,10
31330,69,6
31331,0,3
31332,0,3
31333,50,11
31334,0,3
31335,32,4
31336,60,8
31337,9,5
31338,0,3
31339,27,5
31340,0,3
31341,0,3
31342,96,9
31343,0,3
31344,5,4
31345,141,13
31346,67,13
31347,91,12
31348,0,3
31349,111,11
31350,51,6
31351,21,6
31352,0,3
31353,126,13
31354,22,7
31355,82,7
31356,0,3
31357,33,6
31358,4,4
31359,44,7
31360,6,3
31361,0,3
31362,0,3
31363,0,3
31364,0,3
31365,66,8
31366,0,3
31367,108,15
31368,0,3
31369,35,7
31370,16,5
31371,33,7
31372,0,3
31373,66,9
31374,56,10
31375,11,6
31376,0,3
31377,0,3
31378,78,6
31379,76,11
31380,33,7
31381,0,3
31382,0,3
31383,0,3
31384,0,3
31385,49,9
31386,0,3
31387,5,4
31388,0,3
31389,38,6
31390,23,7
31391,0,3
31392,0,3
31393,171,3
31394,0,3
31395,51,11
31396,103,10
31397,0,3
31398,59,7
31399,74,9
31400,71,8
31401,0,3
31402,60,7
31403,133,12
31404,54,10
31405,0,3
31406,28,4
31407,0,3
31408,40,7
31409,90,15
31410,0,3
31411,6,4
31412,112,7
31413,54,8
31414,39,9
31415,35,9
31416,0,3
31417,0,3
31418,61,10
31419,85,9
31420,41,8
31421,0,3
31422,118,12
31423,47,9
31424,0,3
31425,61,8
31426,66,10
31427,61,10
31428,81,10
31429,59,8
31430,0,3
31431,38,9
31432,0,3
31433,0,3
31434,62,10
31435,0,3
31436,40,5
31437,0,3
31438,0,3
31439,0,3
31440,0,3
31441,39,4
31442,0,3
31443,87,8
31444,0,3
31445,31,6
31446,85,10
31447,112,9
31448,109,11
31449,39,7
31450,40,6
31451,83,12
31452,0,3
31453,0,3
31454,143,7
31455,0,3
31456,0,3
31457,0,3
31458,44,6
31459,50,10
31460,113,15
31461,89,12
31462,69,7
31463,0,3
31464,83,7
31465,32,4
31466,46,8
31467,0,3
31468,60,10
31469,55,6
31470,33,6
31471,31,7
31472,84,8
31473,21,5
31474,54,2
31475,62,9
31476,126,13
31477,30,5
31478,40,4
31479,0,3
31480,0,3
31481,28,8
31482,0,3
31483,60,12
31484,56,9
31485,0,3
31486,45,10
31487,0,3
31488,31,6
31489,0,3
31490,0,3
31491,5,3
31492,0,3
31493,0,3
31494,39,9
31495,86,12
31496,69,13
31497,57,9
31498,76,13
31499,0,3
31500,71,8
31501,57,15
31502,0,3
31503,97,9
31504,7,4
31505,0,3
31506,0,3
31507,93,7
31508,0,3
31509,72,14
31510,0,3
31511,0,3
31512,106,14
31513,88,11
31514,14,7
31515,75,11
31516,6,4
31517,0,3
31518,122,12
31519,113,14
31520,0,3
31521,0,3
31522,43,10
31523,0,3
31524,0,3
31525,0,3
31526,16,5
31527,0,3
31528,0,3
31529,105,11
31530,29,8
31531,82,10
31532,0,3
31533,32,7
31534,0,3
31535,14,3
31536,0,3
31537,0,3
31538,0,3
31539,25,7
31540,0,3
31541,66,10
31542,98,13
31543,0,3
31544,0,3
31545,134,15
31546,0,3
31547,0,3
31548,0,3
31549,51,8
31550,51,13
31551,74,11
31552,41,7
31553,0,3
31554,47,10
31555,0,3
31556,26,7
31557,0,3
31558,42,7
31559,0,3
31560,54,12
31561,142,12
31562,74,6
31563,53,10
31564,39,9
31565,0,3
31566,78,14
31567,81,9
31568,0,3
31569,0,3
31570,0,3
31571,47,7
31572,0,3
31573,72,13
31574,63,10
31575,86,12
31576,78,9
31577,14,4
31578,62,9
31579,0,3
31580,0,3
31581,0,3
31582,27,4
31583,57,7
31584,47,5
31585,137,15
31586,50,7
31587,0,3
31588,0,3
31589,0,3
31590,0,3
31591,67,8
31592,12,3
31593,0,3
31594,0,3
31595,57,10
31596,0,3
31597,71,10
31598,0,3
31599,87,11
31600,0,3
31601,150,18
31602,5,3
31603,8,4
31604,0,3
31605,0,3
31606,41,8
31607,46,6
31608,134,15
31609,0,3
31610,56,7
31611,46,9
31612,0,3
31613,0,3
31614,65,7
31615,0,3
31616,26,7
31617,4,3
31618,70,14
31619,92,8
31620,0,3
31621,77,12
31622,81,7
31623,30,6
31624,0,3
31625,0,3
31626,62,7
31627,114,18
31628,0,3
31629,29,6
31630,0,3
31631,132,12
31632,0,3
31633,39,6
31634,34,10
31635,31,5
31636,91,7
31637,27,6
31638,117,16
31639,121,9
31640,0,3
31641,56,8
31642,31,6
31643,64,11
31644,417,8
31645,69,8
31646,18,4
31647,79,11
31648,42,7
31649,0,3
31650,52,11
31651,24,9
31652,77,11
31653,11,4
31654,0,3
31655,77,8
31656,25,6
31657,0,3
31658,0,3
31659,48,8
31660,0,3
31661,82,7
31662,0,3
31663,0,3
31664,0,3
31665,72,11
31666,45,9
31667,83,9
31668,124,9
31669,45,7
31670,42,9
31671,0,3
31672,163,14
31673,22,5
31674,28,5
31675,25,6
31676,25,5
31677,0,3
31678,42,8
31679,0,3
31680,67,12
31681,130,7
31682,20,5
31683,0,3
31684,0,3
31685,78,10
31686,0,3
31687,31,8
31688,0,3
31689,0,3
31690,37,7
31691,105,11
31692,92,13
31693,110,11
31694,94,9
31695,94,11
31696,0,3
31697,38,5
31698,143,8
31699,124,3
31700,27,8
31701,15,3
31702,0,3
31703,125,10
31704,0,3
31705,0,3
31706,0,3
31707,111,12
31708,42,6
31709,55,11
31710,5,4
31711,67,11
31712,46,9
31713,42,7
31714,0,3
31715,85,12
31716,0,3
31717,70,10
31718,101,10
31719,85,9
31720,54,8
31721,0,3
31722,128,9
31723,70,9
31724,87,9
31725,83,7
31726,0,3
31727,0,3
31728,56,12
31729,43,7
31730,57,12
31731,0,3
31732,25,6
31733,13,4
31734,0,3
31735,0,3
31736,24,3
31737,31,8
31738,99,7
31739,31,8
31740,21,6
31741,73,8
31742,0,3
31743,40,8
31744,0,3
31745,2,3
31746,0,3
31747,34,8
31748,107,15
31749,36,6
31750,10,5
31751,58,9
31752,74,11
31753,0,3
31754,65,7
31755,42,10
31756,0,3
31757,62,12
31758,0,3
31759,19,6
31760,33,4
31761,99,9
31762,102,12
31763,115,14
31764,0,3
31765,42,7
31766,0,3
31767,74,9
31768,76,10
31769,38,9
31770,59,8
31771,0,3
31772,91,13
31773,29,8
31774,49,7
31775,25,5
31776,0,3
31777,0,3
31778,209,16
31779,0,3
31780,13,4
31781,87,9
31782,0,3
31783,0,3
31784,41,5
31785,2,3
31786,0,3
31787,84,14
31788,0,3
31789,80,9
31790,47,8
31791,1,3
31792,77,11
31793,0,3
31794,0,3
31795,99,14
31796,0,3
31797,1,3
31798,0,3
31799,92,8
31800,0,3
31801,64,13
31802,3,3
31803,42,10
31804,99,12
31805,142,10
31806,47,5
31807,0,3
31808,31,6
31809,6,3
31810,48,10
31811,103,10
31812,112,10
31813,119,12
31814,104,14
31815,0,3
31816,0,3
31817,0,3
31818,54,8
31819,58,10
31820,83,12
31821,57,11
31822,0,3
31823,19,4
31824,75,7
31825,10,4
31826,71,9
31827,74,12
31828,0,3
31829,0,3
31830,36,3
31831,0,3
31832,0,3
31833,0,3
31834,16,5
31835,58,5
31836,93,11
31837,58,9
31838,0,3
31839,28,5
31840,0,3
31841,75,10
31842,0,3
31843,0,3
31844,0,3
31845,56,10
31846,0,3
31847,12,4
31848,93,10
31849,138,18
31850,77,9
31851,88,9
31852,0,3
31853,0,3
31854,0,3
31855,0,3
31856,0,3
31857,29,8
31858,70,11
31859,52,8
31860,0,3
31861,127,13
31862,0,3
31863,14,4
31864,76,10
31865,0,3
31866,0,3
31867,146,13
31868,0,3
31869,0,3
31870,29,7
31871,0,3
31872,25,6
31873,0,3
31874,0,3
31875,62,10
31876,0,3
31877,42,9
31878,3,3
31879,52,6
31880,0,3
31881,0,3
31882,10,5
31883,20,7
31884,0,3
31885,52,10
31886,73,8
31887,72,10
31888,14,4
31889,14,3
31890,9,3
31891,33,5
31892,0,3
31893,122,9
31894,48,8
31895,0,3
31896,74,13
31897,0,3
31898,100,15
31899,0,3
31900,0,3
31901,0,3
31902,0,3
31903,46,9
31904,90,9
31905,64,10
31906,0,3
31907,104,16
31908,82,10
31909,29,4
31910,0,3
31911,108,16
31912,0,3
31913,2,3
31914,112,12
31915,100,6
31916,64,7
31917,33,7
31918,87,7
31919,147,8
31920,116,10
31921,16,3
31922,84,5
31923,60,7
31924,0,3
31925,0,3
31926,34,6
31927,0,3
31928,0,3
31929,85,13
31930,29,7
31931,0,3
31932,0,3
31933,86,12
31934,38,8
31935,0,3
31936,125,10
31937,30,6
31938,51,7
31939,44,8
31940,121,13
31941,13,6
31942,0,3
31943,4,3
31944,0,3
31945,0,3
31946,0,3
31947,109,11
31948,0,3
31949,42,10
31950,76,10
31951,95,7
31952,0,3
31953,36,8
31954,207,12
31955,105,13
31956,74,10
31957,98,15
31958,56,10
31959,3,3
31960,67,11
31961,10,3
31962,30,8
31963,57,9
31964,0,3
31965,56,8
31966,69,12
31967,83,10
31968,0,3
31969,0,3
31970,0,3
31971,0,3
31972,0,3
31973,41,9
31974,42,10
31975,0,3
31976,17,5
31977,0,3
31978,0,3
31979,91,14
31980,0,3
31981,12,5
31982,22,6
31983,53,10
31984,138,13
31985,61,13
31986,0,3
31987,107,14
31988,90,12
31989,0,3
31990,0,3
31991,99,4
31992,0,3
31993,70,10
31994,19,8
31995,0,3
31996,24,6
31997,10,5
31998,14,5
31999,0,3
32000,64,11
32001,15,4
32002,0,3
32003,56,11
32004,0,3
32005,0,3
32006,29,6
32007,0,3
32008,0,3
32009,109,12
32010,124,13
32011,40,5
32012,0,3
32013,88,12
32014,38,6
32015,0,3
32016,59,10
32017,57,11
32018,30,7
32019,51,9
32020,11,4
32021,0,3
32022,115,12
32023,10,4
32024,22,9
32025,0,3
32026,10,4
32027,97,12
32028,0,3
32029,40,8
32030,48,6
32031,0,3
32032,25,7
32033,0,3
32034,0,3
32035,75,11
32036,0,3
32037,31,5
32038,0,3
32039,43,5
32040,0,3
32041,60,8
32042,0,3
32043,137,14
32044,0,3
32045,0,3
32046,51,10
32047,81,11
32048,71,12
32049,56,6
32050,25,4
32051,0,3
32052,0,3
32053,0,3
32054,35,4
32055,11,4
32056,32,4
32057,39,5
32058,0,3
32059,0,3
32060,0,3
32061,37,7
32062,13,4
32063,59,11
32064,0,3
32065,0,3
32066,92,11
32067,20,5
32068,46,8
32069,0,3
32070,15,5
32071,63,10
32072,72,11
32073,10,3
32074,54,9
32075,0,3
32076,162,14
32077,0,3
32078,55,11
32079,70,7
32080,88,8
32081,60,9
32082,48,8
32083,18,5
32084,50,7
32085,16,7
32086,0,3
32087,76,11
32088,36,3
32089,55,10
32090,82,12
32091,52,12
32092,0,3
32093,95,7
32094,25,5
32095,0,3
32096,0,3
32097,27,6
32098,10,4
32099,35,9
32100,86,10
32101,74,8
32102,39,6
32103,78,9
32104,0,3
32105,79,10
32106,43,6
32107,104,11
32108,0,3
32109,94,11
32110,0,3
32111,61,6
32112,0,3
32113,11,3
32114,0,3
32115,88,12
32116,0,3
32117,35,7
32118,0,3
32119,0,3
32120,81,13
32121,177,13
32122,57,9
32123,138,12
32124,134,15
32125,0,3
32126,0,3
32127,0,3
32128,32,6
32129,0,3
32130,68,14
32131,49,5
32132,7,4
32133,43,9
32134,98,11
32135,31,4
32136,0,3
32137,125,16
32138,84,12
32139,0,3
32140,0,3
32141,8,5
32142,0,3
32143,0,3
32144,84,9
32145,0,3
32146,0,3
32147,16,7
32148,0,3
32149,28,9
32150,55,10
32151,22,5
32152,0,3
32153,79,13
32154,78,11
32155,30,6
32156,47,9
32157,28,4
32158,48,9
32159,41,7
32160,102,11
32161,0,3
32162,17,6
32163,28,7
32164,133,14
32165,82,10
32166,87,11
32167,0,3
32168,199,15
32169,40,6
32170,68,7
32171,19,3
32172,144,11
32173,0,3
32174,88,11
32175,0,3
32176,95,12
32177,18,6
32178,69,7
32179,22,7
32180,23,5
32181,0,3
32182,0,3
32183,33,8
32184,62,10
32185,0,3
32186,61,9
32187,70,10
32188,0,3
32189,98,10
32190,131,16
32191,72,13
32192,0,3
32193,54,8
32194,82,9
32195,120,13
32196,0,3
32197,70,11
32198,0,3
32199,112,13
32200,39,9
32201,102,14
32202,29,8
32203,15,5
32204,0,3
32205,68,9
32206,61,13
32207,14,4
32208,0,3
32209,0,3
32210,145,10
32211,97,16
32212,0,3
32213,0,3
32214,90,8
32215,30,8
32216,0,3
32217,2,3
32218,0,3
32219,0,3
32220,0,3
32221,83,15
32222,92,9
32223,8,4
32224,49,5
32225,0,3
32226,0,3
32227,0,3
32228,5,3
32229,0,3
32230,3,3
32231,35,10
32232,22,5
32233,84,12
32234,36,7
32235,82,12
32236,75,7
32237,28,7
32238,0,3
32239,83,8
32240,137,13
32241,23,6
32242,95,9
32243,86,11
32244,51,12
32245,97,12
32246,0,3
32247,65,9
32248,0,3
32249,80,10
32250,21,6
32251,0,3
32252,48,8
32253,40,8
32254,51,7
32255,157,11
32256,106,11
32257,0,3
32258,14,4
32259,0,3
32260,66,14
32261,0,3
32262,168,7
32263,0,3
32264,102,12
32265,95,12
32266,17,6
32267,0,3
32268,46,10
32269,0,3
32270,0,3
32271,0,3
32272,6,4
32273,0,3
32274,79,12
32275,95,15
32276,0,3
32277,27,8
32278,0,3
32279,11,5
32280,0,3
32281,0,3
32282,0,3
32283,111,9
32284,0,3
32285,95,12
32286,94,12
32287,54,8
32288,0,3
32289,97,9
32290,8,4
32291,96,13
32292,134,18
32293,0,3
32294,0,3
32295,72,9
32296,32,6
32297,21,6
32298,76,11
32299,41,8
32300,0,3
32301,57,10
32302,0,3
32303,68,12
32304,3,3
32305,0,3
32306,0,3
32307,11,3
32308,47,9
32309,0,3
32310,8,5
32311,101,13
32312,95,12
32313,90,6
32314,0,3
32315,73,8
32316,78,8
32317,53,7
32318,0,3
32319,15,6
32320,0,3
32321,187,16
32322,0,3
32323,10,4
32324,0,3
32325,41,7
32326,0,3
32327,78,11
32328,160,16
32329,22,7
32330,25,6
32331,0,3
32332,0,3
32333,25,6
32334,0,3
32335,0,3
32336,0,3
32337,0,3
32338,38,7
32339,66,6
32340,0,3
32341,16,5
32342,49,6
32343,43,8
32344,60,8
32345,51,9
32346,121,13
32347,0,3
32348,106,12
32349,0,3
32350,50,8
32351,0,3
32352,1,3
32353,44,9
32354,0,3
32355,81,9
32356,0,3
32357,0,3
32358,120,11
32359,69,14
32360,0,3
32361,69,13
32362,125,13
32363,121,13
32364,0,3
32365,149,7
32366,76,13
32367,61,8
32368,48,10
32369,115,12
32370,0,3
32371,36,6
32372,27,6
32373,56,10
32374,0,3
32375,0,3
32376,0,3
32377,0,3
32378,0,3
32379,115,12
32380,0,3
32381,0,3
32382,55,12
32383,55,7
32384,0,3
32385,21,8
32386,21,5
32387,0,3
32388,10,5
32389,64,9
32390,0,3
32391,27,6
32392,68,10
32393,72,13
32394,186,6
32395,0,3
32396,0,3
32397,155,12
32398,75,13
32399,0,3
32400,7,4
32401,25,8
32402,0,3
32403,2,3
32404,0,3
32405,0,3
32406,0,3
32407,0,3
32408,19,5
32409,3,3
32410,17,5
32411,0,3
32412,0,3
32413,104,8
32414,0,3
32415,0,3
32416,57,9
32417,0,3
32418,0,3
32419,34,6
32420,87,4
32421,46,11
32422,0,3
32423,52,8
32424,10,4
32425,63,11
32426,10,4
32427,69,6
32428,10,3
32429,0,3
32430,9,4
32431,0,3
32432,52,9
32433,38,7
32434,71,12
32435,0,3
32436,0,3
32437,0,3
32438,0,3
32439,52,11
32440,50,11
32441,98,12
32442,36,5
32443,20,5
32444,78,11
32445,78,10
32446,151,8
32447,47,6
32448,0,3
32449,8,4
32450,0,3
32451,0,3
32452,103,7
32453,42,5
32454,0,3
32455,54,10
32456,0,3
32457,75,9
32458,26,6
32459,0,3
32460,0,3
32461,0,3
32462,28,9
32463,163,15
32464,0,3
32465,0,3
32466,126,12
32467,80,11
32468,97,10
32469,75,9
32470,88,8
32471,54,7
32472,0,3
32473,0,3
32474,0,3
32475,134,12
32476,80,10
32477,34,8
32478,54,6
32479,44,7
32480,0,3
32481,50,10
32482,81,10
32483,0,3
32484,54,10
32485,0,3
32486,118,12
32487,0,3
32488,0,3
32489,13,2
32490,82,13
32491,0,3
32492,107,12
32493,0,3
32494,83,13
32495,93,12
32496,75,7
32497,0,3
32498,79,9
32499,26,8
32500,65,7
32501,60,9
32502,32,8
32503,88,12
32504,0,3
32505,52,10
32506,70,9
32507,0,3
32508,58,10
32509,0,3
32510,67,8
32511,0,3
32512,33,7
32513,0,3
32514,0,3
32515,35,9
32516,57,7
32517,31,7
32518,7,3
32519,87,12
32520,0,3
32521,0,3
32522,0,3
32523,76,14
32524,117,13
32525,0,3
32526,0,3
32527,102,12
32528,0,3
32529,0,3
32530,0,3
32531,0,3
32532,189,12
32533,41,10
32534,57,9
32535,0,3
32536,27,7
32537,152,14
32538,130,13
32539,61,9
32540,0,3
32541,0,3
32542,33,9
32543,0,3
32544,74,11
32545,0,3
32546,0,3
32547,52,9
32548,0,3
32549,71,11
32550,94,10
32551,30,6
32552,0,3
32553,0,3
32554,0,3
32555,116,12
32556,0,3
32557,0,3
32558,116,13
32559,55,10
32560,0,3
32561,21,5
32562,96,11
32563,49,11
32564,72,10
32565,57,8
32566,0,3
32567,0,3
32568,31,8
32569,27,6
32570,92,13
32571,82,12
32572,4,3
32573,101,9
32574,0,3
32575,11,5
32576,0,3
32577,0,3
32578,0,3
32579,0,3
32580,57,10
32581,73,12
32582,0,3
32583,16,3
32584,0,3
32585,0,3
32586,85,12
32587,31,5
32588,0,3
32589,46,8
32590,48,9
32591,34,8
32592,80,12
32593,69,6
32594,23,5
32595,0,3
32596,31,5
32597,35,7
32598,91,11
32599,104,12
32600,41,6
32601,0,3
32602,136,11
32603,0,3
32604,0,3
32605,0,3
32606,0,3
32607,0,3
32608,0,3
32609,55,9
32610,74,11
32611,48,9
32612,0,3
32613,0,3
32614,67,9
32615,45,8
32616,3,3
32617,37,8
32618,0,3
32619,62,7
32620,58,9
32621,64,12
32622,71,8
32623,91,12
32624,116,15
32625,45,9
32626,0,3
32627,0,3
32628,43,6
32629,0,3
32630,72,10
32631,104,12
32632,17,3
32633,76,9
32634,84,7
32635,0,3
32636,0,3
32637,99,12
32638,122,12
32639,20,6
32640,0,3
32641,94,12
32642,87,10
32643,13,4
32644,81,13
32645,34,7
32646,84,10
32647,6,3
32648,151,19
32649,0,3
32650,48,9
32651,38,10
32652,0,3
32653,100,11
32654,36,6
32655,89,10
32656,74,8
32657,70,11
32658,114,11
32659,113,13
32660,24,5
32661,62,13
32662,61,9
32663,97,12
32664,90,11
32665,68,10
32666,56,9
32667,53,9
32668,34,7
32669,32,8
32670,81,9
32671,67,9
32672,60,9
32673,143,7
32674,0,3
32675,50,11
32676,105,8
32677,56,5
32678,67,12
32679,24,5
32680,56,7
32681,68,9
32682,0,3
32683,0,3
32684,0,3
32685,34,7
32686,90,10
32687,0,3
32688,0,3
32689,0,3
32690,0,3
32691,0,3
32692,0,3
32693,107,14
32694,0,3
32695,0,3
32696,93,13
32697,97,12
32698,13,3
32699,0,3
32700,0,3
32701,36,8
32702,51,9
32703,42,10
32704,0,3
32705,0,3
32706,155,11
32707,0,3
32708,0,3
32709,46,10
32710,0,3
32711,40,7
32712,58,11
32713,0,3
32714,0,3
32715,35,8
32716,0,3
32717,0,3
32718,54,8
32719,27,8
32720,0,3
32721,0,3
32722,0,3
32723,0,3
32724,0,3
32725,60,10
32726,86,11
32727,77,11
32728,0,3
32729,74,15
32730,0,3
32731,0,3
32732,0,3
32733,44,7
32734,0,3
32735,79,8
32736,91,12
32737,40,8
32738,19,6
32739,78,15
32740,91,15
32741,0,3
32742,50,7
32743,101,13
32744,0,3
32745,32,5
32746,56,7
32747,0,3
32748,47,9
32749,0,3
32750,13,4
32751,0,3
32752,23,5
32753,0,3
32754,16,5
32755,125,12
32756,48,9
32757,29,6
32758,26,7
32759,18,4
32760,0,3
32761,55,10
32762,91,12
32763,80,9
32764,102,16
32765,127,12
32766,0,3
32767,0,3
32768,123,11
32769,0,3
32770,67,10
32771,140,16
32772,35,6
32773,76,9
32774,42,6
32775,26,4
32776,0,3
32777,23,6
32778,21,7
32779,0,3
32780,0,3
32781,110,14
32782,108,9
32783,46,10
32784,29,6
32785,19,5
32786,11,3
32787,0,3
32788,0,3
32789,0,3
32790,119,14
32791,13,5
32792,10,4
32793,74,12
32794,33,6
32795,78,8
32796,0,3
32797,73,13
32798,92,10
32799,27,6
32800,0,3
32801,132,13
32802,69,11
32803,44,7
32804,87,14
32805,57,9
32806,89,10
32807,31,9
32808,10,5
32809,22,6
32810,62,8
32811,0,3
32812,13,4
32813,55,9
32814,73,12
32815,13,5
32816,0,3
32817,40,9
32818,34,6
32819,0,3
32820,0,3
32821,32,7
32822,40,4
32823,122,9
32824,1,3
32825,0,3
32826,58,7
32827,41,9
32828,0,3
32829,0,3
32830,97,10
32831,61,8
32832,0,3
32833,95,13
32834,14,7
32835,88,14
32836,0,3
32837,32,8
32838,0,3
32839,64,9
32840,0,3
32841,106,11
32842,0,3
32843,81,10
32844,82,12
32845,49,7
32846,140,8
32847,65,10
32848,33,8
32849,25,8
32850,0,3
32851,156,12
32852,0,3
32853,49,5
32854,42,5
32855,73,13
32856,0,3
32857,1,3
32858,0,3
32859,0,3
32860,29,4
32861,106,11
32862,0,3
32863,0,3
32864,51,13
32865,0,3
32866,0,3
32867,0,3
32868,0,3
32869,0,3
32870,13,4
32871,65,9
32872,0,3
32873,57,9
32874,39,8
32875,94,12
32876,46,8
32877,0,3
32878,9,3
32879,119,15
32880,0,3
32881,32,7
32882,0,3
32883,0,3
32884,44,9
32885,0,3
32886,43,7
32887,194,16
32888,152,21
32889,78,15
32890,72,8
32891,0,3
32892,41,10
32893,44,9
32894,64,8
32895,477,10
32896,0,3
32897,14,4
32898,61,8
32899,41,8
32900,0,3
32901,71,9
32902,0,3
32903,0,3
32904,65,9
32905,116,11
32906,0,3
32907,0,3
32908,33,9
32909,112,15
32910,0,3
32911,113,17
32912,0,3
32913,0,3
32914,0,3
32915,98,13
32916,0,3
32917,57,8
32918,47,10
32919,0,3
32920,42,6
32921,0,3
32922,7,3
32923,37,9
32924,329,5
32925,0,3
32926,0,3
32927,0,3
32928,102,11
32929,0,3
32930,75,7
32931,0,3
32932,49,11
32933,39,7
32934,0,3
32935,100,13
32936,77,9
32937,103,9
32938,84,12
32939,69,8
32940,56,9
32941,77,11
32942,0,3
32943,33,7
32944,0,3
32945,0,3
32946,0,3
32947,145,14
32948,71,12
32949,89,14
32950,0,3
32951,47,8
32952,0,3
32953,80,10
32954,35,8
32955,40,7
32956,82,11
32957,78,14
32958,65,9
32959,0,3
32960,98,13
32961,0,3
32962,0,3
32963,0,3
32964,108,10
32965,0,3
32966,103,11
32967,0,3
32968,91,9
32969,0,3
32970,0,3
32971,0,3
32972,0,3
32973,50,8
32974,0,3
32975,14,6
32976,77,9
32977,61,9
32978,294,12
32979,45,9
32980,80,14
32981,76,10
32982,75,11
32983,0,3
32984,70,10
32985,51,11
32986,0,3
32987,0,3
32988,0,3
32989,77,9
32990,13,6
32991,52,7
32992,0,3
32993,9,4
32994,15,3
32995,107,14
32996,0,3
32997,60,10
32998,18,3
32999,73,11
33000,47,10
33001,63,11
33002,0,3
33003,88,10
33004,0,3
33005,63,11
33006,240,16
33007,14,4
33008,43,8
33009,0,3
33010,48,8
33011,112,10
33012,0,3
33013,107,14
33014,0,3
33015,0,3
33016,0,3
33017,38,8
33018,67,6
33019,0,3
33020,81,13
33021,0,3
33022,135,13
33023,40,11
33024,0,3
33025,132,18
33026,4,3
33027,68,7
33028,97,6
33029,35,5
33030,0,3
33031,52,9
33032,0,3
33033,1,3
33034,0,3
33035,56,9
33036,52,9
33037,0,3
33038,0,3
33039,73,8
33040,0,3
33041,0,3
33042,75,10
33043,74,9
33044,128,7
33045,24,7
33046,13,4
33047,0,3
33048,77,10
33049,20,4
33050,87,8
33051,0,3
33052,0,3
33053,0,3
33054,0,3
33055,0,3
33056,98,10
33057,53,5
33058,0,3
33059,0,3
33060,0,3
33061,0,3
33062,28,5
33063,0,3
33064,93,14
33065,0,3
33066,103,9
33067,0,3
33068,0,3
33069,0,3
33070,0,3
33071,27,6
33072,53,5
33073,225,11
33074,64,11
33075,46,8
33076,122,11
33077,115,12
33078,52,12
33079,119,13
33080,0,3
33081,0,3
33082,46,9
33083,29,5
33084,0,3
33085,5,4
33086,1,3
33087,0,3
33088,0,3
33089,0,3
33090,106,9
33091,100,14
33092,0,3
33093,0,3
33094,18,5
33095,0,3
33096,180,9
33097,38,9
33098,19,6
33099,35,5
33100,11,4
33101,0,3
33102,79,12
33103,0,3
33104,0,3
33105,27,7
33106,0,3
33107,91,11
33108,108,13
33109,165,17
33110,55,8
33111,121,14
33112,0,3
33113,90,10
33114,43,9
33115,0,3
33116,17,4
33117,51,7
33118,0,3
33119,168,11
33120,51,7
33121,88,9
33122,0,3
33123,2,3
33124,50,5
33125,157,14
33126,42,9
33127,0,3
33128,16,3
33129,0,3
33130,80,8
33131,125,17
33132,37,7
33133,0,3
33134,18,6
33135,77,14
33136,24,6
33137,0,3
33138,0,3
33139,0,3
33140,74,11
33141,79,10
33142,74,7
33143,0,3
33144,140,18
33145,88,14
33146,0,3
33147,67,12
33148,80,9
33149,54,9
33150,45,14
33151,67,13
33152,0,3
33153,171,14
33154,86,14
33155,0,3
33156,90,11
33157,56,9
33158,4,3
33159,0,3
33160,0,3
33161,114,15
33162,24,5
33163,0,3
33164,140,10
33165,0,3
33166,33,6
33167,54,10
33168,131,7
33169,67,13
33170,65,12
33171,95,12
33172,0,3
33173,0,3
33174,33,7
33175,0,3
33176,3,3
33177,0,3
33178,0,3
33179,154,13
33180,0,3
33181,2,3
33182,0,3
33183,77,9
33184,0,3
33185,0,3
33186,0,3
33187,72,11
33188,0,3
33189,77,12
33190,58,7
33191,0,3
33192,83,10
33193,73,10
33194,35,7
33195,105,9
33196,0,3
33197,0,3
33198,0,3
33199,0,3
33200,80,11
33201,88,10
33202,117,6
33203,119,5
33204,123,10
33205,64,9
33206,0,3
33207,82,9
33208,109,13
33209,112,14
33210,73,5
33211,0,3
33212,0,3
33213,98,13
33214,0,3
33215,0,3
33216,260,4
33217,32,8
33218,69,11
33219,10,4
33220,20,4
33221,109,11
33222,40,8
33223,83,10
33224,0,3
33225,111,11
33226,6,4
33227,10,4
33228,27,5
33229,64,10
33230,66,8
33231,0,3
33232,0,3
33233,60,9
33234,77,12
33235,86,10
33236,0,3
33237,0,3
33238,58,7
33239,0,3
33240,15,6
33241,46,9
33242,69,11
33243,13,5
33244,149,15
33245,0,3
33246,28,5
33247,67,14
33248,151,14
33249,65,10
33250,0,3
33251,0,3
33252,90,14
33253,20,5
33254,130,12
33255,16,3
33256,0,3
33257,43,13
33258,78,12
33259,83,10
33260,45,7
33261,68,8
33262,0,3
33263,111,16
33264,58,13
33265,0,3
33266,50,10
33267,68,11
33268,22,7
33269,73,8
33270,0,3
33271,0,3
33272,12,3
33273,65,12
33274,38,9
33275,105,10
33276,71,9
33277,59,7
33278,0,3
33279,0,3
33280,108,9
33281,117,10
33282,63,11
33283,117,12
33284,103,14
33285,57,7
33286,0,3
33287,62,9
33288,7,3
33289,0,3
33290,31,4
33291,128,9
33292,0,3
33293,55,5
33294,86,11
33295,214,14
33296,51,10
33297,0,3
33298,0,3
33299,52,8
33300,56,12
33301,0,3
33302,55,6
33303,69,8
33304,38,6
33305,77,9
33306,0,3
33307,75,12
33308,0,3
33309,66,12
33310,87,10
33311,100,12
33312,175,9
33313,52,11
33314,0,3
33315,63,9
33316,0,3
33317,0,3
33318,128,11
33319,70,9
33320,90,12
33321,127,6
33322,0,3
33323,24,5
33324,39,8
33325,0,3
33326,115,17
33327,0,3
33328,10,4
33329,28,6
33330,54,8
33331,95,14
33332,0,3
33333,0,3
33334,126,9
33335,0,3
33336,95,19
33337,102,15
33338,0,3
33339,125,11
33340,31,5
33341,0,3
33342,83,6
33343,0,3
33344,91,7
33345,61,9
33346,0,3
33347,15,5
33348,63,6
33349,84,8
33350,81,11
33351,0,3
33352,157,13
33353,0,3
33354,61,10
33355,94,10
33356,0,3
33357,0,3
33358,90,11
33359,211,14
33360,0,3
33361,114,13
33362,63,8
33363,0,3
33364,1,3
33365,153,17
33366,80,9
33367,61,12
33368,93,12
33369,82,10
33370,86,10
33371,0,3
33372,0,3
33373,90,12
33374,88,9
33375,0,3
33376,1,3
33377,0,3
33378,162,16
33379,45,6
33380,0,3
33381,24,8
33382,0,3
33383,0,3
33384,38,9
33385,51,8
33386,71,8
33387,125,13
33388,0,3
33389,91,8
33390,0,3
33391,71,13
33392,0,3
33393,39,8
33394,0,3
33395,0,3
33396,81,11
33397,75,10
33398,51,9
33399,315,12
33400,0,3
33401,0,3
33402,0,3
33403,102,9
33404,98,6
33405,0,3
33406,25,7
33407,51,9
33408,0,3
33409,86,9
33410,74,10
33411,0,3
33412,0,3
33413,67,10
33414,45,9
33415,0,3
33416,0,3
33417,107,17
33418,211,16
33419,81,10
33420,99,14
33421,134,9
33422,0,3
33423,0,3
33424,74,10
33425,85,12
33426,22,8
33427,40,8
33428,80,14
33429,66,8
33430,47,9
33431,171,15
33432,16,7
33433,11,5
33434,63,12
33435,98,10
33436,85,15
33437,45,10
33438,4,3
33439,0,3
33440,45,10
33441,111,15
33442,64,11
33443,0,3
33444,41,10
33445,0,3
33446,91,13
33447,25,5
33448,0,3
33449,0,3
33450,88,10
33451,133,18
33452,103,13
33453,0,3
33454,22,7
33455,0,3
33456,0,3
33457,80,12
33458,5,3
33459,153,12
33460,88,15
33461,17,3
33462,70,10
33463,151,16
33464,0,3
33465,69,9
33466,1,3
33467,0,3
33468,0,3
33469,0,3
33470,0,3
33471,0,3
33472,22,6
33473,0,3
33474,0,3
33475,0,3
33476,142,14
33477,0,3
33478,73,12
33479,21,3
33480,5,5
33481,0,3
33482,158,11
33483,7,3
33484,4,3
33485,4,3
33486,0,3
33487,0,3
33488,211,16
33489,0,3
33490,0,3
33491,0,3
33492,64,9
33493,68,7
33494,31,6
33495,0,3
33496,17,6
33497,0,3
33498,83,10
33499,6,3
33500,16,5
33501,59,10
33502,0,3
33503,0,3
33504,0,3
33505,62,8
33506,0,3
33507,0,3
33508,113,13
33509,23,4
33510,98,11
33511,109,10
33512,0,3
33513,75,10
33514,0,3
33515,0,3
33516,1,3
33517,0,3
33518,0,3
33519,0,3
33520,76,11
33521,0,3
33522,51,9
33523,140,13
33524,38,8
33525,0,3
33526,0,3
33527,11,5
33528,0,3
33529,0,3
33530,9,5
33531,40,10
33532,70,9
33533,0,3
33534,78,9
33535,0,3
33536,71,10
33537,0,3
33538,0,3
33539,0,3
33540,23,6
33541,0,3
33542,0,3
33543,0,3
33544,33,6
33545,0,3
33546,0,3
33547,52,10
33548,24,5
33549,0,3
33550,0,3
33551,85,12
33552,91,14
33553,133,8
33554,63,11
33555,120,16
33556,0,3
33557,0,3
33558,94,12
33559,130,5
33560,52,8
33561,13,4
33562,151,12
33563,54,8
33564,0,3
33565,59,10
33566,0,3
33567,20,6
33568,5,3
33569,0,3
33570,49,10
33571,50,13
33572,92,11
33573,111,16
33574,0,3
33575,0,3
33576,0,3
33577,34,6
33578,0,3
33579,52,12
33580,0,3
33581,5,3
33582,97,11
33583,0,3
33584,0,3
33585,0,3
33586,85,12
33587,50,9
33588,58,11
33589,79,13
33590,0,3
33591,0,3
33592,48,8
33593,19,6
33594,53,9
33595,102,10
33596,0,3
33597,0,3
33598,121,18
33599,22,6
33600,105,12
33601,0,3
33602,9,4
33603,0,3
33604,94,15
33605,0,3
33606,8,4
33607,0,3
33608,64,11
33609,0,3
33610,0,3
33611,131,14
33612,160,17
33613,135,15
33614,0,3
33615,63,13
33616,0,3
33617,43,7
33618,0,3
33619,55,11
33620,0,3
33621,90,11
33622,14,4
33623,30,7
33624,0,3
33625,15,4
33626,78,11
33627,136,16
33628,0,3
33629,0,3
33630,62,9
33631,118,12
33632,104,8
33633,0,3
33634,0,3
33635,0,3
33636,0,3
33637,0,3
33638,6,4
33639,27,8
33640,59,9
33641,63,7
33642,54,7
33643,11,3
33644,79,9
33645,40,8
33646,16,5
33647,61,10
33648,68,6
33649,55,10
33650,58,10
33651,0,3
33652,93,17
33653,75,12
33654,56,11
33655,71,12
33656,0,3
33657,88,6
33658,61,6
33659,81,10
33660,3,3
33661,0,3
33662,5,4
33663,52,5
33664,102,13
33665,31,6
33666,39,7
33667,69,10
33668,52,10
33669,23,3
33670,117,7
33671,45,9
33672,0,3
33673,0,3
33674,0,3
33675,61,10
33676,112,15
33677,0,3
33678,10,5
33679,90,16
33680,61,11
33681,79,7
33682,0,3
33683,0,3
33684,0,3
33685,5,4
33686,0,3
33687,93,11
33688,140,12
33689,0,3
33690,95,12
33691,0,3
33692,0,3
33693,0,3
33694,74,9
33695,89,6
33696,0,3
33697,0,3
33698,49,10
33699,0,3
33700,45,9
33701,0,3
33702,91,9
33703,51,10
33704,35,7
33705,14,5
33706,0,3
33707,72,12
33708,26,7
33709,0,3
33710,58,11
33711,68,8
33712,109,15
33713,89,16
33714,79,13
33715,0,3
33716,0,3
33717,112,12
33718,27,7
33719,48,9
33720,95,13
33721,51,9
33722,26,6
33723,148,22
33724,84,13
33725,15,5
33726,0,3
33727,22,2
33728,0,3
33729,0,3
33730,134,12
33731,37,5
33732,29,9
33733,39,6
33734,32,6
33735,39,9
33736,102,12
33737,28,8
33738,0,3
33739,0,3
33740,97,14
33741,56,9
33742,63,11
33743,130,11
33744,63,7
33745,0,3
33746,111,11
33747,76,11
33748,95,10
33749,0,3
33750,0,3
33751,52,7
33752,0,3
33753,48,8
33754,51,9
33755,66,12
33756,29,5
33757,6,5
33758,0,3
33759,7,4
33760,18,6
33761,0,3
33762,55,9
33763,37,8
33764,101,13
33765,24,6
33766,5,3
33767,0,3
33768,79,11
33769,82,12
33770,103,12
33771,0,3
33772,0,3
33773,1,3
33774,46,5
33775,0,3
33776,30,5
33777,0,3
33778,21,6
33779,0,3
33780,0,3
33781,0,3
33782,0,3
33783,118,14
33784,46,9
33785,0,3
33786,0,3
33787,85,12
33788,54,9
33789,100,12
33790,0,3
33791,48,9
33792,0,3
33793,9,3
33794,0,3
33795,0,3
33796,76,12
33797,71,14
33798,53,9
33799,84,11
33800,0,3
33801,0,3
33802,70,10
33803,30,8
33804,25,5
33805,72,11
33806,33,5
33807,55,8
33808,0,3
33809,62,10
33810,0,3
33811,110,9
33812,12,3
33813,139,7
33814,75,8
33815,0,3
33816,87,15
33817,0,3
33818,0,3
33819,0,3
33820,0,3
33821,0,3
33822,48,7
33823,18,6
33824,0,3
33825,28,6
33826,57,11
33827,0,3
33828,86,13
33829,0,3
33830,30,7
33831,0,3
33832,89,15
33833,56,6
33834,80,12
33835,52,9
33836,0,3
33837,0,3
33838,112,20
33839,0,3
33840,100,10
33841,0,3
33842,0,3
33843,0,3
33844,0,3
33845,0,3
33846,0,3
33847,0,3
33848,8,6
33849,2,3
33850,61,12
33851,70,11
33852,0,3
33853,0,3
33854,0,3
33855,0,3
33856,46,9
33857,102,13
33858,44,7
33859,0,3
33860,92,12
33861,0,3
33862,79,13
33863,124,10
33864,60,7
33865,0,3
33866,71,8
33867,79,9
33868,0,3
33869,107,9
33870,70,10
33871,0,3
33872,41,9
33873,0,3
33874,55,8
33875,85,12
33876,60,9
33877,0,3
33878,0,3
33879,3,3
33880,20,7
33881,0,3
33882,62,9
33883,0,3
33884,193,8
33885,0,3
33886,7,4
33887,0,3
33888,181,17
33889,0,3
33890,0,3
33891,0,3
33892,169,15
33893,153,17
33894,0,3
33895,121,11
33896,0,3
33897,0,3
33898,0,3
33899,0,3
33900,88,13
33901,0,3
33902,0,3
33903,70,13
33904,41,7
33905,0,3
33906,0,3
33907,0,3
33908,0,3
33909,68,13
33910,115,7
33911,103,10
33912,17,6
33913,40,7
33914,0,3
33915,0,3
33916,0,3
33917,39,7
33918,0,3
33919,66,10
33920,149,9
33921,32,8
33922,61,7
33923,114,11
33924,0,3
33925,22,5
33926,121,14
33927,43,12
33928,71,10
33929,86,14
33930,102,12
33931,170,13
33932,58,8
33933,0,3
33934,11,4
33935,125,12
33936,0,3
33937,125,13
33938,93,14
33939,80,14
33940,92,8
33941,87,12
33942,81,7
33943,78,12
33944,0,3
33945,0,3
33946,76,9
33947,123,18
33948,37,10
33949,0,3
33950,0,3
33951,0,3
33952,44,9
33953,65,8
33954,0,3
33955,35,8
33956,193,8
33957,67,7
33958,96,12
33959,45,8
33960,95,8
33961,46,5
33962,0,3
33963,0,3
33964,60,12
33965,34,8
33966,63,11
33967,86,11
33968,89,10
33969,102,14
33970,0,3
33971,89,11
33972,92,10
33973,47,7
33974,0,3
33975,117,14
33976,0,3
33977,132,9
33978,168,14
33979,48,6
33980,157,15
33981,7,4
33982,64,10
33983,27,8
33984,31,8
33985,0,3
33986,0,3
33987,0,3
33988,7,4
33989,0,3
33990,128,14
33991,56,6
33992,0,3
33993,14,4
33994,145,17
33995,106,14
33996,16,5
33997,13,5
33998,152,18
33999,85,10
34000,0,3
34001,155,12
34002,62,10
34003,0,3
34004,37,5
34005,0,3
34006,82,12
34007,15,5
34008,89,11
34009,80,13
34010,0,3
34011,0,3
34012,167,7
34013,56,8
34014,63,11
34015,0,3
34016,0,3
34017,47,9
34018,0,3
34019,43,7
34020,186,15
34021,40,6
34022,0,3
34023,105,13
34024,42,7
34025,0,3
34026,139,12
34027,125,13
34028,93,9
34029,84,10
34030,10,3
34031,70,12
34032,62,11
34033,48,8
34034,6,5
34035,0,3
34036,126,17
34037,29,7
34038,22,6
34039,38,3
34040,0,3
34041,0,3
34042,95,13
34043,46,4
34044,92,7
34045,0,3
34046,23,7
34047,132,14
34048,0,3
34049,0,3
34050,0,3
34051,124,13
34052,66,9
34053,103,11
34054,160,14
34055,28,5
34056,106,13
34057,88,13
34058,31,8
34059,13,4
34060,0,3
34061,0,3
34062,66,5
34063,0,3
34064,115,12
34065,46,8
34066,85,8
34067,21,5
34068,0,3
34069,0,3
34070,0,3
34071,25,9
34072,40,9
34073,53,10
34074,0,3
34075,0,3
34076,76,12
34077,68,12
34078,98,13
34079,79,12
34080,0,3
34081,42,9
34082,45,7
34083,40,7
34084,104,12
34085,94,12
34086,0,3
34087,150,16
34088,0,3
34089,104,7
34090,164,11
34091,98,14
34092,14,4
34093,0,3
34094,40,8
34095,71,11
34096,76,9
34097,12,3
34098,0,3
34099,38,6
34100,0,3
34101,0,3
34102,85,9
34103,184,19
34104,63,7
34105,107,12
34106,47,9
34107,8,3
34108,38,6
34109,0,3
34110,53,7
34111,26,8
34112,0,3
34113,0,3
34114,76,12
34115,0,3
34116,19,6
34117,29,4
34118,24,6
34119,114,14
34120,91,6
34121,93,12
34122,0,3
34123,124,13
34124,3,3
34125,32,8
34126,209,21
34127,0,3
34128,0,3
34129,120,16
34130,0,3
34131,62,11
34132,96,10
34133,0,3
34134,120,16
34135,0,3
34136,75,15
34137,99,12
34138,131,18
34139,71,11
34140,0,3
34141,30,6
34142,0,3
34143,39,5
34144,94,12
34145,0,3
34146,31,8
34147,0,3
34148,0,3
34149,0,3
34150,70,10
34151,0,3
34152,51,7
34153,58,12
34154,0,3
34155,46,8
34156,0,3
34157,83,11
34158,165,14
34159,95,14
34160,48,9
34161,64,6
34162,36,5
34163,0,3
34164,0,3
34165,16,5
34166,24,7
34167,89,10
34168,77,13
34169,23,3
34170,0,3
34171,200,8
34172,36,6
34173,0,3
34174,32,6
34175,0,3
34176,0,3
34177,58,9
34178,186,13
34179,0,3
34180,69,10
34181,59,8
34182,110,17
34183,135,13
34184,5,3
34185,48,7
34186,16,5
34187,184,17
34188,37,6
34189,120,12
34190,69,9
34191,76,10
34192,0,3
34193,62,9
34194,0,3
34195,111,14
34196,0,3
34197,62,8
34198,0,3
34199,72,11
34200,0,3
34201,104,12
34202,0,3
34203,0,3
34204,0,3
34205,0,3
34206,0,3
34207,40,10
34208,0,3
34209,61,12
34210,134,11
34211,24,5
34212,0,3
34213,0,3
34214,37,8
34215,39,6
34216,0,3
34217,0,3
34218,81,9
34219,0,3
34220,0,3
34221,156,13
34222,0,3
34223,44,7
34224,205,13
34225,0,3
34226,0,3
34227,59,10
34228,0,3
34229,67,10
34230,107,10
34231,0,3
34232,22,5
34233,0,3
34234,0,3
34235,62,10
34236,0,3
34237,0,3
34238,0,3
34239,99,9
34240,46,7
34241,65,7
34242,57,7
34243,29,6
34244,0,3
34245,188,19
34246,0,3
34247,0,3
34248,66,9
34249,10,3
34250,70,12
34251,0,3
34252,120,12
34253,81,11
34254,0,3
34255,76,11
34256,40,9
34257,0,3
34258,2,3
34259,46,8
34260,23,4
34261,39,10
34262,0,3
34263,0,3
34264,0,3
34265,63,9
34266,0,3
34267,48,10
34268,0,3
34269,45,7
34270,109,15
34271,0,3
34272,82,14
34273,0,3
34274,182,10
34275,44,8
34276,0,3
34277,87,13
34278,49,9
34279,2,3
34280,0,3
34281,46,7
34282,79,11
34283,130,10
34284,111,13
34285,16,5
34286,104,14
34287,62,10
34288,71,9
34289,0,3
34290,33,5
34291,47,9
34292,0,3
34293,208,18
34294,48,4
34295,0,3
34296,0,3
34297,58,9
34298,77,10
34299,78,9
34300,100,12
34301,0,3
34302,0,3
34303,0,3
34304,52,10
34305,0,3
34306,49,11
34307,17,4
34308,0,3
34309,0,3
34310,86,11
34311,94,9
34312,0,3
34313,0,3
34314,79,12
34315,126,14
34316,0,3
34317,80,12
34318,0,3
34319,63,9
34320,0,3
34321,121,13
34322,35,7
34323,0,3
34324,106,12
34325,90,13
34326,0,3
34327,51,10
34328,71,8
34329,31,6
34330,72,13
34331,0,3
34332,92,13
34333,59,8
34334,0,3
34335,0,3
34336,55,9
34337,0,3
34338,3,4
34339,4,3
34340,49,7
34341,14,3
34342,50,9
34343,90,11
34344,0,3
34345,107,14
34346,42,7
34347,55,13
34348,12,5
34349,111,15
34350,47,12
34351,0,3
34352,0,3
34353,93,10
34354,97,13
34355,126,11
34356,16,5
34357,102,10
34358,54,12
34359,0,3
34360,0,3
34361,60,7
34362,23,6
34363,0,3
34364,43,10
34365,95,13
34366,63,9
34367,0,3
34368,81,11
34369,0,3
34370,131,17
34371,0,3
34372,134,9
34373,47,7
34374,16,4
34375,0,3
34376,0,3
34377,0,3
34378,49,9
34379,0,3
34380,0,3
34381,117,13
34382,0,3
34383,0,3
34384,44,10
34385,0,3
34386,35,5
34387,60,10
34388,137,9
34389,0,3
34390,0,3
34391,0,3
34392,184,20
34393,0,3
34394,81,9
34395,0,3
34396,121,15
34397,0,3
34398,0,3
34399,25,6
34400,119,16
34401,0,3
34402,0,3
34403,61,10
34404,151,11
34405,50,7
34406,47,8
34407,0,3
34408,31,6
34409,0,3
34410,77,10
34411,149,17
34412,138,11
34413,34,6
34414,15,4
34415,68,12
34416,0,3
34417,23,5
34418,0,3
34419,0,3
34420,77,13
34421,83,10
34422,82,18
34423,0,3
34424,5,3
34425,0,3
34426,0,3
34427,58,8
34428,0,3
34429,55,9
34430,77,11
34431,0,3
34432,17,4
34433,119,10
34434,0,3
34435,44,8
34436,16,4
34437,0,3
34438,85,10
34439,0,3
34440,69,10
34441,0,3
34442,0,3
34443,135,18
34444,0,3
34445,90,10
34446,0,3
34447,0,3
34448,144,14
34449,33,6
34450,8,5
34451,0,3
34452,68,10
34453,0,3
34454,123,11
34455,0,3
34456,0,3
34457,98,11
34458,0,3
34459,180,10
34460,0,3
34461,83,11
34462,117,14
34463,101,12
34464,26,5
34465,42,6
34466,0,3
34467,116,14
34468,110,16
34469,56,11
34470,58,13
34471,45,8
34472,66,11
34473,12,5
34474,37,9
34475,0,3
34476,135,13
34477,0,3
34478,92,11
34479,85,12
34480,6,4
34481,20,5
34482,58,12
34483,82,10
34484,0,3
34485,0,3
34486,0,3
34487,0,3
34488,17,4
34489,96,13
34490,0,3
34491,146,10
34492,0,3
34493,0,3
34494,25,5
34495,116,15
34496,0,3
34497,47,7
34498,0,3
34499,37,6
34500,50,12
34501,100,12
34502,0,3
34503,76,13
34504,34,7
34505,90,10
34506,0,3
34507,58,5
34508,0,3
34509,71,11
34510,0,3
34511,0,3
34512,0,3
34513,0,3
34514,0,3
34515,106,13
34516,42,8
34517,0,3
34518,0,3
34519,118,13
34520,60,6
34521,0,3
34522,99,13
34523,0,3
34524,13,4
34525,76,12
34526,37,7
34527,131,13
34528,46,8
34529,0,3
34530,0,3
34531,57,11
34532,0,3
34533,0,3
34534,108,12
34535,130,13
34536,136,14
34537,0,3
34538,87,12
34539,79,12
34540,0,3
34541,22,6
34542,92,16
34543,44,11
34544,39,7
34545,0,3
34546,93,11
34547,33,7
34548,55,11
34549,65,10
34550,84,11
34551,74,10
34552,60,11
34553,0,3
34554,78,10
34555,104,12
34556,53,11
34557,76,8
34558,131,17
34559,0,3
34560,0,3
34561,117,12
34562,0,3
34563,100,14
34564,0,3
34565,104,14
34566,180,16
34567,57,10
34568,134,9
34569,18,6
34570,0,3
34571,0,3
34572,57,9
34573,106,11
34574,0,3
34575,25,7
34576,66,11
34577,42,9
34578,0,3
34579,67,10
34580,60,10
34581,0,3
34582,126,13
34583,44,9
34584,0,3
34585,0,3
34586,86,7
34587,8,4
34588,18,5
34589,37,9
34590,22,5
34591,69,14
34592,28,8
34593,74,9
34594,4,5
34595,0,3
34596,0,3
34597,1,3
34598,57,8
34599,0,3
34600,0,3
34601,0,3
34602,63,7
34603,60,9
34604,62,10
34605,23,7
34606,0,3
34607,56,8
34608,17,7
34609,47,9
34610,88,10
34611,0,3
34612,46,7
34613,76,11
34614,18,6
34615,1,3
34616,43,8
34617,59,11
34618,9,6
34619,0,3
34620,0,3
34621,84,9
34622,118,13
34623,0,3
34624,80,13
34625,30,4
34626,53,7
34627,57,10
34628,67,10
34629,0,3
34630,105,6
34631,36,8
34632,64,9
34633,113,9
34634,0,3
34635,67,15
34636,88,8
34637,0,3
34638,95,9
34639,154,17
34640,55,8
34641,157,16
34642,127,13
34643,0,3
34644,5,3
34645,0,3
34646,0,3
34647,200,14
34648,0,3
34649,50,10
34650,0,3
34651,44,6
34652,166,9
34653,28,6
34654,114,9
34655,103,12
34656,30,6
34657,0,3
34658,86,11
34659,24,5
34660,3,4
34661,59,9
34662,0,3
34663,0,3
34664,56,8
34665,53,7
34666,55,8
34667,55,11
34668,27,5
34669,98,13
34670,33,7
34671,133,12
34672,0,3
34673,17,6
34674,23,7
34675,77,10
34676,144,16
34677,41,8
34678,78,13
34679,51,9
34680,0,3
34681,55,8
34682,0,3
34683,79,9
34684,118,12
34685,65,11
34686,150,19
34687,58,8
34688,0,3
34689,0,3
34690,137,16
34691,29,5
34692,0,3
34693,0,3
34694,0,3
34695,80,14
34696,90,10
34697,31,8
34698,26,7
34699,11,4
34700,0,3
34701,11,4
34702,48,6
34703,96,14
34704,97,15
34705,45,9
34706,0,3
34707,48,11
34708,37,8
34709,0,3
34710,0,3
34711,40,7
34712,62,12
34713,43,9
34714,9,3
34715,126,14
34716,7,5
34717,40,10
34718,74,9
34719,96,14
34720,0,3
34721,45,8
34722,0,3
34723,25,5
34724,60,13
34725,0,3
34726,27,7
34727,1,3
34728,88,13
34729,0,3
34730,31,5
34731,88,12
34732,0,3
34733,0,3
34734,59,12
34735,34,7
34736,0,3
34737,63,11
34738,50,12
34739,0,3
34740,82,12
34741,61,11
34742,45,10
34743,72,12
34744,0,3
34745,53,10
34746,7,3
34747,0,3
34748,0,3
34749,0,3
34750,10,3
34751,0,3
34752,113,13
34753,0,3
34754,129,13
34755,0,3
34756,0,3
34757,0,3
34758,150,14
34759,32,7
34760,59,7
34761,21,5
34762,27,7
34763,0,3
34764,32,6
34765,128,15
34766,58,9
34767,241,23
34768,32,5
34769,78,11
34770,0,3
34771,141,15
34772,89,13
34773,59,6
34774,0,3
34775,0,3
34776,61,7
34777,77,12
34778,0,3
34779,0,3
34780,0,3
34781,83,11
34782,56,6
34783,0,3
34784,93,14
34785,0,3
34786,74,8
34787,23,5
34788,40,7
34789,17,4
34790,166,16
34791,54,9
34792,0,3
34793,0,3
34794,0,3
34795,77,10
34796,0,3
34797,58,10
34798,32,7
34799,44,7
34800,104,17
34801,35,9
34802,108,14
34803,111,14
34804,104,10
34805,67,9
34806,68,12
34807,82,12
34808,0,3
34809,0,3
34810,39,9
34811,11,4
34812,0,3
34813,37,10
34814,51,6
34815,72,5
34816,116,13
34817,53,8
34818,0,3
34819,108,11
34820,32,7
34821,0,3
34822,41,7
34823,0,3
34824,99,10
34825,36,8
34826,11,5
34827,0,3
34828,66,10
34829,106,16
34830,46,12
34831,54,9
34832,0,3
34833,51,11
34834,7,4
34835,13,3
34836,47,8
34837,46,8
34838,38,10
34839,0,3
34840,66,10
34841,0,3
34842,89,12
34843,62,11
34844,0,3
34845,6,5
34846,0,3
34847,62,9
34848,61,10
34849,28,8
34850,44,10
34851,0,3
34852,24,5
34853,3,3
34854,122,13
34855,62,11
34856,79,11
34857,0,3
34858,75,14
34859,84,11
34860,11,5
34861,87,10
34862,0,3
34863,62,12
34864,71,11
34865,102,19
34866,134,8
34867,15,6
34868,0,3
34869,46,6
34870,0,3
34871,110,11
34872,119,18
34873,87,14
34874,63,8
34875,0,3
34876,75,9
34877,146,14
34878,0,3
34879,32,7
34880,20,9
34881,49,9
34882,0,3
34883,67,14
34884,81,16
34885,152,16
34886,0,3
34887,39,3
34888,0,3
34889,0,3
34890,0,3
34891,0,3
34892,21,5
34893,68,12
34894,0,3
34895,22,4
34896,0,3
34897,14,3
34898,62,14
34899,133,16
34900,113,17
34901,77,11
34902,0,3
34903,0,3
34904,0,3
34905,70,8
34906,113,13
34907,4,3
34908,68,10
34909,0,3
34910,19,6
34911,0,3
34912,0,3
34913,150,14
34914,0,3
34915,0,3
34916,29,7
34917,44,8
34918,127,5
34919,86,13
34920,4,3
34921,66,11
34922,0,3
34923,29,8
34924,40,8
34925,62,9
34926,10,3
34927,0,3
34928,58,9
34929,69,13
34930,0,3
34931,33,7
34932,75,12
34933,38,8
34934,96,15
34935,36,6
34936,33,7
34937,105,15
34938,32,4
34939,109,15
34940,82,13
34941,94,11
34942,69,13
34943,0,3
34944,47,9
34945,150,11
34946,121,10
34947,33,6
34948,0,3
34949,73,9
34950,0,3
34951,88,14
34952,32,9
34953,46,6
34954,43,7
34955,0,3
34956,29,8
34957,19,6
34958,84,12
34959,2,3
34960,57,8
34961,0,3
34962,125,17
34963,130,16
34964,66,12
34965,0,3
34966,0,3
34967,34,10
34968,0,3
34969,0,3
34970,64,9
34971,0,3
34972,0,3
34973,161,12
34974,59,8
34975,107,11
34976,56,10
34977,64,10
34978,90,14
34979,0,3
34980,110,12
34981,87,10
34982,0,3
34983,83,13
34984,40,8
34985,0,3
34986,145,16
34987,184,15
34988,19,4
34989,96,14
34990,90,14
34991,133,11
34992,98,13
34993,62,8
34994,0,3
34995,54,8
34996,23,6
34997,24,4
34998,58,9
34999,0,3
35000,256,16
35001,0,3
35002,89,13
35003,86,11
35004,46,9
35005,6,3
35006,1,3
35007,0,3
35008,63,11
35009,0,3
35010,70,12
35011,23,2
35012,85,10
35013,0,3
35014,0,3
35015,122,9
35016,0,3
35017,52,9
35018,18,3
35019,171,8
35020,124,10
35021,0,3
35022,0,3
35023,55,11
35024,35,5
35025,141,14
35026,48,12
35027,124,16
35028,5,3
35029,96,15
35030,99,10
35031,0,3
35032,137,13
35033,0,3
35034,7,4
35035,0,3
35036,0,3
35037,76,10
35038,0,3
35039,56,12
35040,0,3
35041,108,15
35042,65,14
35043,86,8
35044,0,3
35045,36,7
35046,31,5
35047,33,8
35048,61,10
35049,0,3
35050,0,3
35051,84,15
35052,0,3
35053,0,3
35054,36,3
35055,44,11
35056,172,13
35057,41,7
35058,62,11
35059,83,8
35060,88,3
35061,0,3
35062,132,10
35063,125,10
35064,87,15
35065,0,3
35066,0,3
35067,0,3
35068,0,3
35069,0,3
35070,62,9
35071,75,10
35072,0,3
35073,121,10
35074,0,3
35075,0,3
35076,76,9
35077,0,3
35078,72,12
35079,93,13
35080,104,10
35081,0,3
35082,72,10
35083,83,7
35084,26,7
35085,33,7
35086,0,3
35087,35,5
35088,151,13
35089,132,12
35090,0,3
35091,0,3
35092,0,3
35093,57,11
35094,0,3
35095,0,3
35096,0,3
35097,78,10
35098,205,8
35099,0,3
35100,84,11
35101,67,12
35102,0,3
35103,64,9
35104,0,3
35105,0,3
35106,39,5
35107,22,6
35108,125,11
35109,0,3
35110,0,3
35111,0,3
35112,0,3
35113,0,3
35114,111,15
35115,26,6
35116,37,10
35117,80,12
35118,55,13
35119,0,3
35120,55,7
35121,0,3
35122,0,3
35123,109,13
35124,0,3
35125,0,3
35126,56,7
35127,0,3
35128,36,10
35129,70,10
35130,15,4
35131,25,7
35132,97,10
35133,132,14
35134,0,3
35135,0,3
35136,139,16
35137,0,3
35138,0,3
35139,34,8
35140,135,16
35141,0,3
35142,0,3
35143,122,14
35144,85,10
35145,0,3
35146,132,13
35147,116,13
35148,0,3
35149,0,3
35150,77,14
35151,140,13
35152,90,10
35153,116,13
35154,75,12
35155,0,3
35156,72,9
35157,151,11
35158,0,3
35159,0,3
35160,0,3
35161,144,18
35162,0,3
35163,0,3
35164,0,3
35165,44,9
35166,33,7
35167,0,3
35168,77,10
35169,33,7
35170,45,7
35171,66,11
35172,1,3
35173,4,3
35174,100,11
35175,47,5
35176,16,6
35177,67,9
35178,65,8
35179,75,7
35180,41,3
35181,0,3
35182,93,13
35183,53,10
35184,101,12
35185,35,7
35186,111,14
35187,13,3
35188,108,14
35189,0,3
35190,69,11
35191,0,3
35192,43,12
35193,39,5
35194,6,3
35195,21,6
35196,187,22
35197,0,3
35198,82,14
35199,0,3
35200,35,5
35201,0,3
35202,78,6
35203,77,11
35204,82,8
35205,37,5
35206,111,11
35207,0,3
35208,33,6
35209,54,10
35210,0,3
35211,0,3
35212,0,3
35213,0,3
35214,8,3
35215,64,6
35216,142,11
35217,0,3
35218,0,3
35219,69,10
35220,0,3
35221,123,9
35222,101,10
35223,60,6
35224,96,12
35225,0,3
35226,0,3
35227,0,3
35228,82,11
35229,0,3
35230,117,7
35231,49,9
35232,73,7
35233,101,11
35234,101,13
35235,35,6
35236,26,5
35237,67,10
35238,78,12
35239,0,3
35240,67,10
35241,3,4
35242,91,7
35243,50,8
35244,0,3
35245,0,3
35246,0,3
35247,8,5
35248,0,3
35249,0,3
35250,92,15
35251,27,6
35252,28,8
35253,0,3
35254,0,3
35255,0,3
35256,75,5
35257,0,3
35258,19,4
35259,7,3
35260,50,11
35261,3,3
35262,0,3
35263,84,10
35264,0,3
35265,0,3
35266,93,13
35267,0,3
35268,0,3
35269,104,10
35270,114,16
35271,0,3
35272,0,3
35273,162,15
35274,39,7
35275,19,5
35276,140,13
35277,0,3
35278,55,5
35279,43,11
35280,0,3
35281,65,10
35282,0,3
35283,0,3
35284,117,9
35285,0,3
35286,69,13
35287,16,3
35288,0,3
35289,51,12
35290,0,3
35291,0,3
35292,0,3
35293,143,11
35294,0,3
35295,103,14
35296,15,5
35297,0,3
35298,118,12
35299,35,8
35300,0,3
35301,31,6
35302,57,8
35303,0,3
35304,5,4
35305,100,13
35306,84,13
35307,87,13
35308,0,3
35309,0,3
35310,41,7
35311,62,6
35312,98,10
35313,66,10
35314,0,3
35315,0,3
35316,140,12
35317,86,11
35318,91,16
35319,0,3
35320,13,6
35321,77,7
35322,0,3
35323,43,9
35324,97,13
35325,34,7
35326,0,3
35327,74,9
35328,0,3
35329,16,4
35330,143,17
35331,47,9
35332,146,19
35333,62,10
35334,217,13
35335,0,3
35336,0,3
35337,55,9
35338,0,3
35339,0,3
35340,39,6
35341,63,9
35342,77,8
35343,58,6
35344,0,3
35345,30,3
35346,121,8
35347,32,4
35348,31,5
35349,0,3
35350,0,3
35351,116,12
35352,0,3
35353,0,3
35354,0,3
35355,110,8
35356,0,3
35357,22,8
35358,52,8
35359,165,17
35360,0,3
35361,197,11
35362,11,4
35363,134,12
35364,0,3
35365,38,10
35366,117,12
35367,0,3
35368,0,3
35369,12,4
35370,60,10
35371,37,5
35372,133,12
35373,0,3
35374,76,12
35375,176,19
35376,0,3
35377,0,3
35378,0,3
35379,82,12
35380,0,3
35381,100,10
35382,0,3
35383,0,3
35384,87,13
35385,97,14
35386,85,10
35387,25,6
35388,0,3
35389,0,3
35390,25,8
35391,15,3
35392,0,3
35393,0,3
35394,0,3
35395,10,4
35396,92,14
35397,89,16
35398,0,3
35399,55,9
35400,70,13
35401,51,8
35402,0,3
35403,88,12
35404,0,3
35405,123,13
35406,198,20
35407,7,3
35408,0,3
35409,83,12
35410,128,12
35411,17,4
35412,42,8
35413,53,10
35414,0,3
35415,0,3
35416,1,3
35417,0,3
35418,142,16
35419,0,3
35420,0,3
35421,0,3
35422,0,3
35423,0,3
35424,78,17
35425,45,9
35426,72,9
35427,157,19
35428,68,10
35429,83,13
35430,50,6
35431,44,7
35432,0,3
35433,28,5
35434,0,3
35435,1,3
35436,108,12
35437,45,8
35438,89,11
35439,55,11
35440,52,10
35441,161,17
35442,137,19
35443,78,14
35444,86,15
35445,67,10
35446,0,3
35447,89,7
35448,0,3
35449,82,15
35450,0,3
35451,66,10
35452,0,3
35453,37,10
35454,27,6
35455,144,15
35456,93,6
35457,28,7
35458,65,8
35459,0,3
35460,0,3
35461,34,7
35462,0,3
35463,0,3
35464,21,8
35465,0,3
35466,60,10
35467,63,10
35468,0,3
35469,20,5
35470,61,9
35471,48,10
35472,52,8
35473,0,3
35474,0,3
35475,84,13
35476,23,4
35477,0,3
35478,0,3
35479,96,11
35480,104,12
35481,13,5
35482,0,3
35483,38,6
35484,0,3
35485,0,3
35486,25,6
35487,78,10
35488,73,8
35489,82,9
35490,3,3
35491,0,3
35492,0,3
35493,5,4
35494,76,12
35495,87,16
35496,0,3
35497,38,9
35498,0,3
35499,36,6
35500,53,11
35501,54,8
35502,0,3
35503,91,12
35504,65,10
35505,12,5
35506,0,3
35507,63,10
35508,0,3
35509,0,3
35510,78,9
35511,100,11
35512,0,3
35513,74,10
35514,59,8
35515,7,4
35516,91,10
35517,176,11
35518,84,9
35519,78,9
35520,46,6
35521,206,14
35522,100,10
35523,17,6
35524,31,7
35525,14,4
35526,0,3
35527,0,3
35528,0,3
35529,0,3
35530,0,3
35531,0,3
35532,0,3
35533,70,11
35534,0,3
35535,111,15
35536,0,3
35537,259,11
35538,57,12
35539,3,3
35540,0,3
35541,0,3
35542,0,3
35543,0,3
35544,74,10
35545,175,10
35546,0,3
35547,108,15
35548,0,3
35549,0,3
35550,0,3
35551,0,3
35552,0,3
35553,126,13
35554,8,4
35555,62,8
35556,0,3
35557,0,3
35558,71,13
35559,12,5
35560,260,19
35561,48,8
35562,0,3
35563,71,12
35564,371,13
35565,28,7
35566,59,9
35567,0,3
35568,47,5
35569,33,5
35570,0,3
35571,0,3
35572,0,3
35573,0,3
35574,87,12
35575,14,4
35576,47,8
35577,38,7
35578,0,3
35579,7,3
35580,156,17
35581,55,9
35582,51,10
35583,36,7
35584,74,11
35585,0,3
35586,101,8
35587,117,15
35588,84,13
35589,0,3
35590,120,14
35591,0,3
35592,0,3
35593,30,4
35594,47,9
35595,0,3
35596,175,18
35597,136,18
35598,80,12
35599,29,7
35600,86,12
35601,87,13
35602,72,12
35603,231,20
35604,97,11
35605,97,15
35606,0,3
35607,0,3
35608,0,3
35609,75,7
35610,0,3
35611,44,7
35612,0,3
35613,62,13
35614,115,13
35615,22,9
35616,141,6
35617,0,3
35618,87,13
35619,133,7
35620,115,13
35621,0,3
35622,41,8
35623,78,13
35624,0,3
35625,61,11
35626,53,10
35627,106,17
35628,128,10
35629,84,10
35630,0,3
35631,37,3
35632,32,6
35633,57,11
35634,128,15
35635,28,6
35636,65,9
35637,52,9
35638,75,16
35639,0,3
35640,76,12
35641,48,10
35642,145,13
35643,0,3
35644,15,4
35645,0,3
35646,101,12
35647,51,7
35648,93,12
35649,88,12
35650,80,9
35651,15,5
35652,0,3
35653,25,7
35654,72,11
35655,103,11
35656,62,10
35657,0,3
35658,0,3
35659,50,11
35660,87,12
35661,109,16
35662,0,3
35663,93,7
35664,138,15
35665,0,3
35666,47,7
35667,0,3
35668,10,4
35669,0,3
35670,71,10
35671,23,8
35672,0,3
35673,0,3
35674,58,11
35675,138,16
35676,65,9
35677,67,13
35678,0,3
35679,50,6
35680,0,3
35681,24,6
35682,0,3
35683,0,3
35684,46,6
35685,73,9
35686,0,3
35687,96,8
35688,18,4
35689,83,12
35690,150,18
35691,101,9
35692,100,14
35693,22,7
35694,47,7
35695,0,3
35696,33,7
35697,142,17
35698,58,11
35699,42,7
35700,0,3
35701,0,3
35702,0,3
35703,0,3
35704,0,3
35705,71,9
35706,0,3
35707,46,8
35708,0,3
35709,33,6
35710,23,4
35711,10,4
35712,98,9
35713,110,16
35714,125,16
35715,0,3
35716,114,13
35717,196,16
35718,38,8
35719,93,13
35720,0,3
35721,84,13
35722,0,3
35723,31,7
35724,76,13
35725,111,8
35726,124,15
35727,37,6
35728,71,9
35729,75,12
35730,96,9
35731,146,8
35732,0,3
35733,55,12
35734,38,8
35735,102,8
35736,76,12
35737,38,9
35738,27,8
35739,0,3
35740,123,15
35741,92,13
35742,0,3
35743,68,9
35744,18,6
35745,82,11
35746,133,14
35747,100,13
35748,88,10
35749,80,16
35750,31,6
35751,74,9
35752,68,8
35753,66,13
35754,0,3
35755,178,12
35756,29,8
35757,27,6
35758,56,9
35759,139,14
35760,92,13
35761,100,11
35762,99,12
35763,30,6
35764,122,17
35765,11,4
35766,103,11
35767,34,10
35768,0,3
35769,0,3
35770,0,3
35771,0,3
35772,21,9
35773,51,5
35774,0,3
35775,74,11
35776,0,3
35777,26,7
35778,0,3
35779,1,3
35780,0,3
35781,55,8
35782,91,8
35783,129,14
35784,84,12
35785,62,4
35786,92,9
35787,0,3
35788,0,3
35789,0,3
35790,0,3
35791,83,11
35792,0,3
35793,0,3
35794,51,8
35795,80,5
35796,129,19
35797,36,10
35798,80,10
35799,135,17
35800,129,15
35801,45,7
35802,0,3
35803,107,12
35804,0,3
35805,0,3
35806,33,10
35807,16,5
35808,124,17
35809,176,20
35810,0,3
35811,3,3
35812,95,14
35813,0,3
35814,90,16
35815,43,7
35816,84,9
35817,83,12
35818,41,8
35819,29,5
35820,53,8
35821,121,15
35822,0,3
35823,0,3
35824,0,3
35825,84,11
35826,26,6
35827,64,11
35828,3,3
35829,73,11
35830,44,8
35831,150,14
35832,49,8
35833,171,16
35834,130,19
35835,9,4
35836,145,15
35837,62,9
35838,84,11
35839,0,3
35840,52,10
35841,0,3
35842,68,13
35843,0,3
35844,10,5
35845,120,5
35846,102,12
35847,50,9
35848,65,14
35849,0,3
35850,16,5
35851,60,6
35852,80,15
35853,136,16
35854,0,3
35855,24,6
35856,61,12
35857,0,3
35858,0,3
35859,0,3
35860,161,8
35861,0,3
35862,106,8
35863,0,3
35864,0,3
35865,72,11
35866,215,15
35867,188,17
35868,0,3
35869,0,3
35870,4,3
35871,69,11
35872,74,14
35873,159,12
35874,0,3
35875,15,6
35876,67,8
35877,87,9
35878,78,11
35879,80,11
35880,0,3
35881,62,7
35882,65,9
35883,21,5
35884,46,6
35885,0,3
35886,0,3
35887,79,16
35888,0,3
35889,13,6
35890,103,12
35891,29,8
35892,158,17
35893,97,17
35894,0,3
35895,8,4
35896,76,14
35897,94,10
35898,29,7
35899,0,3
35900,76,10
35901,88,14
35902,0,3
35903,11,4
35904,345,9
35905,0,3
35906,160,6
35907,35,8
35908,109,5
35909,0,3
35910,20,4
35911,0,3
35912,67,11
35913,0,3
35914,131,18
35915,0,3
35916,0,3
35917,108,19
35918,0,3
35919,78,12
35920,69,4
35921,43,7
35922,0,3
35923,81,10
35924,238,12
35925,129,11
35926,0,3
35927,44,10
35928,14,5
35929,38,8
35930,0,3
35931,53,11
35932,22,7
35933,0,3
35934,110,16
35935,126,16
35936,42,7
35937,73,14
35938,57,9
35939,62,12
35940,7,5
35941,51,8
35942,93,14
35943,0,3
35944,87,9
35945,49,12
35946,66,9
35947,58,8
35948,43,9
35949,0,3
35950,97,12
35951,45,9
35952,93,10
35953,0,3
35954,156,13
35955,0,3
35956,29,9
35957,0,3
35958,75,13
35959,0,3
35960,1,3
35961,37,6
35962,70,11
35963,36,6
35964,94,11
35965,92,11
35966,99,17
35967,0,3
35968,60,10
35969,118,15
35970,0,3
35971,119,15
35972,0,3
35973,32,5
35974,0,3
35975,0,3
35976,104,11
35977,47,9
35978,24,6
35979,70,9
35980,0,3
35981,126,8
35982,79,13
35983,69,10
35984,0,3
35985,71,15
35986,0,3
35987,0,3
35988,61,9
35989,0,3
35990,0,3
35991,126,9
35992,52,6
35993,0,3
35994,0,3
35995,0,3
35996,0,3
35997,96,6
35998,0,3
35999,73,10
36000,0,3
36001,131,19
36002,0,3
36003,34,8
36004,68,12
36005,141,16
36006,49,7
36007,61,11
36008,44,9
36009,51,7
36010,25,6
36011,0,3
36012,96,15
36013,92,15
36014,70,11
36015,0,3
36016,74,11
36017,77,9
36018,147,14
36019,0,3
36020,32,5
36021,29,7
36022,0,3
36023,157,16
36024,77,13
36025,77,8
36026,30,6
36027,0,3
36028,36,8
36029,43,5
36030,34,7
36031,0,3
36032,88,10
36033,79,9
36034,101,11
36035,44,10
36036,0,3
36037,17,7
36038,136,11
36039,139,17
36040,173,19
36041,121,13
36042,50,6
36043,0,3
36044,0,3
36045,0,3
36046,100,12
36047,49,8
36048,0,3
36049,0,3
36050,61,7
36051,11,3
36052,43,5
36053,98,11
36054,0,3
36055,0,3
36056,46,9
36057,135,13
36058,20,4
36059,129,13
36060,36,6
36061,61,9
36062,49,8
36063,0,3
36064,40,10
36065,37,8
36066,0,3
36067,124,13
36068,0,3
36069,72,12
36070,24,7
36071,86,12
36072,37,5
36073,0,3
36074,32,7
36075,50,8
36076,30,6
36077,95,14
36078,113,13
36079,0,3
36080,71,10
36081,0,3
36082,57,12
36083,110,11
36084,0,3
36085,100,16
36086,126,12
36087,0,3
36088,91,13
36089,104,11
36090,0,3
36091,67,11
36092,69,11
36093,120,17
36094,49,12
36095,0,3
36096,24,5
36097,0,3
36098,0,3
36099,2,3
36100,93,13
36101,63,7
36102,42,10
36103,30,8
36104,0,3
36105,0,3
36106,117,9
36107,68,8
36108,54,11
36109,114,16
36110,47,9
36111,7,4
36112,71,11
36113,18,6
36114,54,11
36115,0,3
36116,47,7
36117,69,13
36118,20,4
36119,0,3
36120,95,10
36121,364,19
36122,0,3
36123,0,3
36124,73,13
36125,58,9
36126,111,15
36127,116,13
36128,30,9
36129,0,3
36130,0,3
36131,0,3
36132,0,3
36133,0,3
36134,76,12
36135,0,3
36136,76,13
36137,162,14
36138,10,4
36139,0,3
36140,37,3
36141,112,13
36142,66,7
36143,64,9
36144,54,10
36145,0,3
36146,0,3
36147,46,9
36148,0,3
36149,49,5
36150,85,12
36151,0,3
36152,135,15
36153,0,3
36154,0,3
36155,0,3
36156,146,13
36157,116,17
36158,0,3
36159,0,3
36160,95,9
36161,24,5
36162,87,17
36163,12,3
36164,134,19
36165,30,7
36166,27,5
36167,32,6
36168,72,11
36169,19,4
36170,17,5
36171,121,12
36172,0,3
36173,0,3
36174,158,10
36175,95,14
36176,133,20
36177,0,3
36178,0,3
36179,0,3
36180,44,7
36181,0,3
36182,0,3
36183,0,3
36184,15,4
36185,22,5
36186,16,6
36187,157,21
36188,0,3
36189,0,3
36190,25,3
36191,96,14
36192,0,3
36193,108,13
36194,91,10
36195,139,13
36196,2,3
36197,0,3
36198,105,10
36199,0,3
36200,0,3
36201,0,3
36202,0,3
36203,131,15
36204,45,10
36205,89,9
36206,52,7
36207,0,3
36208,0,3
36209,70,12
36210,96,10
36211,0,3
36212,66,9
36213,10,5
36214,0,3
36215,108,14
36216,100,13
36217,52,9
36218,73,9
36219,42,4
36220,0,3
36221,0,3
36222,74,12
36223,212,7
36224,0,3
36225,0,3
36226,147,15
36227,0,3
36228,79,13
36229,147,12
36230,95,8
36231,0,3
36232,0,3
36233,78,12
36234,47,9
36235,62,9
36236,0,3
36237,0,3
36238,66,11
36239,50,11
36240,180,13
36241,0,3
36242,0,3
36243,88,9
36244,0,3
36245,48,6
36246,101,12
36247,42,6
36248,42,8
36249,132,15
36250,43,9
36251,0,3
36252,83,10
36253,95,14
36254,78,12
36255,0,3
36256,127,15
36257,0,3
36258,134,12
36259,95,13
36260,0,3
36261,0,3
36262,43,8
36263,27,7
36264,83,9
36265,105,10
36266,0,3
36267,6,3
36268,159,13
36269,0,3
36270,81,12
36271,106,10
36272,40,8
36273,82,13
36274,114,13
36275,101,14
36276,82,8
36277,68,8
36278,114,12
36279,73,13
36280,50,10
36281,0,3
36282,113,13
36283,62,10
36284,51,8
36285,0,3
36286,0,3
36287,0,3
36288,81,11
36289,0,3
36290,73,13
36291,92,10
36292,0,3
36293,101,12
36294,37,6
36295,0,3
36296,96,16
36297,0,3
36298,0,3
36299,0,3
36300,79,11
36301,143,9
36302,176,7
36303,259,16
36304,117,12
36305,75,10
36306,0,3
36307,0,3
36308,0,3
36309,0,3
36310,0,3
36311,0,3
36312,134,11
36313,74,11
36314,65,7
36315,66,7
36316,0,3
36317,1,3
36318,132,20
36319,31,5
36320,97,9
36321,85,10
36322,104,9
36323,77,12
36324,0,3
36325,161,14
36326,0,3
36327,148,17
36328,49,10
36329,0,3
36330,58,8
36331,93,10
36332,0,3
36333,17,5
36334,75,4
36335,0,3
36336,0,3
36337,0,3
36338,110,11
36339,44,9
36340,0,3
36341,114,14
36342,0,3
36343,0,3
36344,37,9
36345,0,3
36346,61,12
36347,0,3
36348,139,20
36349,41,8
36350,9,4
36351,123,17
36352,0,3
36353,87,13
36354,0,3
36355,94,16
36356,211,16
36357,8,4
36358,91,11
36359,47,9
36360,107,11
36361,6,3
36362,65,10
36363,0,3
36364,59,9
36365,232,17
36366,59,9
36367,80,13
36368,0,3
36369,0,3
36370,30,7
36371,4,3
36372,52,8
36373,0,3
36374,93,11
36375,0,3
36376,0,3
36377,17,4
36378,144,16
36379,0,3
36380,124,15
36381,0,3
36382,0,3
36383,162,15
36384,128,12
36385,34,6
36386,80,7
36387,0,3
36388,98,12
36389,1,3
36390,0,3
36391,0,3
36392,121,16
36393,0,3
36394,0,3
36395,177,17
36396,26,8
36397,0,3
36398,85,6
36399,50,7
36400,86,11
36401,0,3
36402,2,3
36403,104,11
36404,52,12
36405,0,3
36406,8,4
36407,59,10
36408,0,3
36409,97,13
36410,81,12
36411,0,3
36412,89,12
36413,0,3
36414,0,3
36415,0,3
36416,61,10
36417,0,3
36418,0,3
36419,49,9
36420,0,3
36421,0,3
36422,23,6
36423,0,3
36424,19,7
36425,2,3
36426,0,3
36427,61,10
36428,218,15
36429,53,15
36430,25,3
36431,15,4
36432,48,8
36433,112,14
36434,97,10
36435,0,3
36436,0,3
36437,0,3
36438,0,3
36439,2,3
36440,126,11
36441,0,3
36442,116,9
36443,0,3
36444,80,13
36445,0,3
36446,60,6
36447,107,12
36448,2,3
36449,97,11
36450,0,3
36451,165,9
36452,0,3
36453,139,21
36454,24,5
36455,84,13
36456,0,3
36457,54,7
36458,0,3
36459,0,3
36460,117,16
36461,111,13
36462,8,4
36463,0,3
36464,80,11
36465,63,8
36466,63,11
36467,0,3
36468,123,15
36469,95,9
36470,0,3
36471,87,9
36472,29,9
36473,0,3
36474,73,11
36475,109,11
36476,0,3
36477,183,18
36478,63,8
36479,142,16
36480,28,7
36481,111,14
36482,0,3
36483,77,10
36484,0,3
36485,28,7
36486,68,10
36487,94,18
36488,94,9
36489,15,5
36490,0,3
36491,53,8
36492,73,11
36493,0,3
36494,0,3
36495,36,6
36496,20,6
36497,0,3
36498,52,6
36499,0,3
36500,35,7
36501,64,10
36502,116,12
36503,0,3
36504,0,3
36505,60,8
36506,88,8
36507,0,3
36508,89,12
36509,0,3
36510,34,8
36511,159,12
36512,226,20
36513,79,17
36514,108,11
36515,117,14
36516,21,6
36517,28,7
36518,0,3
36519,0,3
36520,0,3
36521,0,3
36522,0,3
36523,33,5
36524,18,5
36525,5,3
36526,95,15
36527,0,3
36528,28,5
36529,0,3
36530,0,3
36531,38,9
36532,102,12
36533,218,12
36534,0,3
36535,133,13
36536,0,3
36537,0,3
36538,197,15
36539,0,3
36540,107,11
36541,193,17
36542,17,5
36543,68,11
36544,76,13
36545,92,13
36546,19,5
36547,168,14
36548,0,3
36549,0,3
36550,15,7
36551,4,3
36552,0,3
36553,0,3
36554,175,19
36555,79,12
36556,142,12
36557,39,10
36558,86,7
36559,53,5
36560,37,7
36561,0,3
36562,0,3
36563,0,3
36564,0,3
36565,17,6
36566,124,15
36567,80,12
36568,51,7
36569,0,3
36570,57,5
36571,30,4
36572,50,11
36573,86,8
36574,74,14
36575,0,3
36576,57,8
36577,117,13
36578,138,17
36579,0,3
36580,0,3
36581,82,16
36582,0,3
36583,257,12
36584,137,7
36585,1,3
36586,0,3
36587,46,7
36588,38,9
36589,38,9
36590,0,3
36591,54,9
36592,60,10
36593,204,15
36594,5,3
36595,0,3
36596,240,3
36597,0,3
36598,0,3
36599,0,3
36600,68,9
36601,65,9
36602,125,12
36603,74,12
36604,112,14
36605,62,10
36606,130,16
36607,0,3
36608,30,5
36609,82,13
36610,30,6
36611,0,3
36612,95,7
36613,158,13
36614,0,3
36615,29,5
36616,106,11
36617,0,3
36618,54,9
36619,56,9
36620,8,4
36621,7,3
36622,0,3
36623,60,10
36624,100,14
36625,27,5
36626,23,4
36627,123,18
36628,0,3
36629,215,9
36630,0,3
36631,0,3
36632,0,3
36633,0,3
36634,49,6
36635,0,3
36636,15,7
36637,16,4
36638,33,6
36639,40,7
36640,85,9
36641,8,4
36642,0,3
36643,0,3
36644,62,11
36645,93,11
36646,31,4
36647,0,3
36648,0,3
36649,164,20
36650,18,4
36651,33,7
36652,55,10
36653,0,3
36654,39,10
36655,61,8
36656,31,6
36657,0,3
36658,0,3
36659,0,3
36660,33,6
36661,76,13
36662,0,3
36663,62,8
36664,98,16
36665,65,13
36666,65,15
36667,138,16
36668,27,7
36669,65,11
36670,53,8
36671,64,8
36672,26,7
36673,0,3
36674,0,3
36675,56,5
36676,125,13
36677,50,14
36678,84,13
36679,0,3
36680,78,14
36681,78,10
36682,40,8
36683,62,14
36684,87,11
36685,82,14
36686,153,14
36687,114,9
36688,0,3
36689,68,7
36690,1,3
36691,71,13
36692,90,14
36693,104,11
36694,11,5
36695,147,10
36696,0,3
36697,76,10
36698,0,3
36699,46,9
36700,0,3
36701,109,14
36702,116,7
36703,33,9
36704,0,3
36705,8,3
36706,10,6
36707,0,3
36708,95,13
36709,138,15
36710,0,3
36711,16,6
36712,96,9
36713,12,5
36714,0,3
36715,89,11
36716,69,10
36717,0,3
36718,0,3
36719,23,4
36720,140,17
36721,59,7
36722,65,12
36723,65,11
36724,0,3
36725,0,3
36726,0,3
36727,44,9
36728,68,6
36729,45,9
36730,97,11
36731,107,10
36732,0,3
36733,0,3
36734,0,3
36735,2,3
36736,68,13
36737,50,3
36738,115,15
36739,0,3
36740,53,10
36741,0,3
36742,0,3
36743,0,3
36744,16,4
36745,156,15
36746,71,10
36747,42,7
36748,0,3
36749,68,10
36750,109,16
36751,82,9
36752,0,3
36753,8,3
36754,0,3
36755,52,7
36756,41,10
36757,32,7
36758,0,3
36759,0,3
36760,0,3
36761,0,3
36762,23,6
36763,0,3
36764,52,10
36765,0,3
36766,139,19
36767,60,11
36768,0,3
36769,49,7
36770,0,3
36771,9,4
36772,39,8
36773,83,8
36774,0,3
36775,107,16
36776,36,7
36777,29,7
36778,48,10
36779,45,7
36780,0,3
36781,0,3
36782,0,3
36783,0,3
36784,83,14
36785,3,3
36786,44,6
36787,48,7
36788,0,3
36789,76,10
36790,96,13
36791,45,9
36792,0,3
36793,0,3
36794,65,12
36795,4,4
36796,79,14
36797,0,3
36798,25,9
36799,119,16
36800,0,3
36801,81,12
36802,0,3
36803,0,3
36804,10,4
36805,65,13
36806,33,10
36807,104,12
36808,0,3
36809,36,8
36810,6,4
36811,0,3
36812,35,7
36813,0,3
36814,0,3
36815,160,14
36816,0,3
36817,0,3
36818,92,9
36819,0,3
36820,62,10
36821,118,13
36822,0,3
36823,28,9
36824,0,3
36825,59,11
36826,0,3
36827,0,3
36828,126,11
36829,41,3
36830,103,13
36831,21,8
36832,179,8
36833,47,7
36834,59,8
36835,68,10
36836,66,11
36837,45,9
36838,0,3
36839,0,3
36840,0,3
36841,109,18
36842,0,3
36843,83,11
36844,0,3
36845,0,3
36846,43,7
36847,0,3
36848,65,8
36849,81,12
36850,0,3
36851,62,11
36852,0,3
36853,43,6
36854,94,14
36855,0,3
36856,67,8
36857,0,3
36858,25,4
36859,0,3
36860,0,3
36861,0,3
36862,37,6
36863,98,12
36864,68,12
36865,0,3
36866,85,15
36867,44,8
36868,0,3
36869,0,3
36870,0,3
36871,60,9
36872,0,3
36873,0,3
36874,39,7
36875,84,11
36876,73,10
36877,0,3
36878,56,8
36879,126,12
36880,168,14
36881,96,5
36882,95,13
36883,68,9
36884,66,10
36885,106,14
36886,15,7
36887,22,5
36888,98,13
36889,41,8
36890,0,3
36891,88,6
36892,30,6
36893,169,14
36894,0,3
36895,13,4
36896,94,14
36897,44,5
36898,20,6
36899,20,5
36900,51,9
36901,75,10
36902,151,14
36903,77,12
36904,0,3
36905,172,16
36906,0,3
36907,0,3
36908,82,8
36909,0,3
36910,78,14
36911,22,5
36912,53,8
36913,0,3
36914,63,13
36915,0,3
36916,29,6
36917,86,12
36918,0,3
36919,0,3
36920,31,8
36921,0,3
36922,22,6
36923,0,3
36924,0,3
36925,0,3
36926,0,3
36927,0,3
36928,0,3
36929,0,3
36930,0,3
36931,141,12
36932,1,3
36933,117,16
36934,0,3
36935,72,11
36936,4,3
36937,197,14
36938,176,7
36939,0,3
36940,178,15
36941,97,14
36942,92,8
36943,0,3
36944,107,11
36945,204,25
36946,0,3
36947,41,7
36948,21,5
36949,0,3
36950,0,3
36951,0,3
36952,0,3
36953,103,15
36954,146,17
36955,0,3
36956,0,3
36957,142,16
36958,84,12
36959,0,3
36960,35,10
36961,48,9
36962,58,10
36963,97,13
36964,0,3
36965,0,3
36966,0,3
36967,125,13
36968,0,3
36969,0,3
36970,0,3
36971,0,3
36972,55,12
36973,147,14
36974,0,3
36975,0,3
36976,69,9
36977,7,4
36978,90,10
36979,17,4
36980,49,5
36981,37,7
36982,19,4
36983,0,3
36984,68,14
36985,45,9
36986,34,7
36987,0,3
36988,0,3
36989,0,3
36990,70,10
36991,125,10
36992,115,13
36993,34,6
36994,125,14
36995,21,7
36996,69,10
36997,67,11
36998,0,3
36999,40,12
37000,50,4
37001,0,3
37002,84,5
37003,88,10
37004,0,3
37005,73,11
37006,0,3
37007,26,4
37008,209,13
37009,0,3
37010,54,7
37011,0,3
37012,107,12
37013,119,17
37014,50,7
37015,104,15
37016,0,3
37017,66,8
37018,0,3
37019,76,10
37020,23,5
37021,0,3
37022,0,3
37023,0,3
37024,127,14
37025,0,3
37026,41,8
37027,0,3
37028,123,16
37029,0,3
37030,142,14
37031,0,3
37032,0,3
37033,71,7
37034,81,9
37035,83,12
37036,6,4
37037,70,10
37038,76,13
37039,0,3
37040,69,12
37041,56,13
37042,73,10
37043,64,11
37044,77,11
37045,0,3
37046,78,12
37047,0,3
37048,0,3
37049,175,12
37050,133,10
37051,0,3
37052,35,5
37053,91,11
37054,0,3
37055,84,12
37056,0,3
37057,60,8
37058,0,3
37059,55,8
37060,35,6
37061,16,6
37062,74,11
37063,108,13
37064,94,11
37065,107,11
37066,35,9
37067,82,12
37068,69,12
37069,107,14
37070,132,17
37071,135,12
37072,0,3
37073,56,10
37074,83,13
37075,106,14
37076,63,9
37077,28,7
37078,0,3
37079,0,3
37080,0,3
37081,0,3
37082,37,9
37083,0,3
37084,44,6
37085,115,13
37086,0,3
37087,63,9
37088,0,3
37089,94,11
37090,0,3
37091,34,6
37092,2,3
37093,0,3
37094,131,19
37095,0,3
37096,99,11
37097,0,3
37098,0,3
37099,188,9
37100,0,3
37101,191,28
37102,67,9
37103,0,3
37104,45,9
37105,118,17
37106,0,3
37107,89,9
37108,88,14
37109,37,8
37110,114,9
37111,21,7
37112,63,11
37113,40,8
37114,112,15
37115,116,12
37116,0,3
37117,19,4
37118,109,15
37119,0,3
37120,0,3
37121,0,3
37122,88,9
37123,158,14
37124,0,3
37125,112,13
37126,0,3
37127,56,11
37128,0,3
37129,103,14
37130,59,8
37131,32,5
37132,0,3
37133,0,3
37134,0,3
37135,51,7
37136,49,11
37137,124,12
37138,0,3
37139,32,6
37140,105,11
37141,0,3
37142,71,13
37143,14,2
37144,95,10
37145,34,5
37146,106,11
37147,96,8
37148,68,11
37149,107,16
37150,14,5
37151,0,3
37152,63,14
37153,149,14
37154,44,7
37155,18,6
37156,0,3
37157,53,6
37158,0,3
37159,0,3
37160,244,24
37161,0,3
37162,124,17
37163,115,13
37164,126,18
37165,87,16
37166,166,15
37167,63,6
37168,0,3
37169,55,9
37170,0,3
37171,126,12
37172,0,3
37173,0,3
37174,81,12
37175,123,17
37176,63,9
37177,27,4
37178,61,11
37179,56,11
37180,0,3
37181,15,4
37182,0,3
37183,0,3
37184,11,4
37185,0,3
37186,182,20
37187,0,3
37188,133,15
37189,147,15
37190,122,9
37191,5,4
37192,97,16
37193,51,9
37194,57,14
37195,223,12
37196,29,6
37197,0,3
37198,0,3
37199,0,3
37200,30,9
37201,0,3
37202,17,5
37203,57,5
37204,35,7
37205,0,3
37206,27,5
37207,108,14
37208,107,9
37209,0,3
37210,34,6
37211,0,3
37212,110,16
37213,0,3
37214,95,13
37215,85,11
37216,90,9
37217,56,9
37218,192,19
37219,39,9
37220,0,3
37221,0,3
37222,70,11
37223,0,3
37224,11,3
37225,0,3
37226,0,3
37227,0,3
37228,68,8
37229,0,3
37230,100,9
37231,56,6
37232,69,12
37233,66,13
37234,82,12
37235,105,14
37236,68,12
37237,54,9
37238,78,8
37239,22,6
37240,213,17
37241,105,13
37242,0,3
37243,20,7
37244,0,3
37245,125,15
37246,66,7
37247,119,13
37248,16,4
37249,0,3
37250,0,3
37251,78,13
37252,146,16
37253,0,3
37254,93,11
37255,109,12
37256,0,3
37257,0,3
37258,115,14
37259,90,10
37260,0,3
37261,0,3
37262,12,4
37263,59,8
37264,65,5
37265,2,3
37266,0,3
37267,0,3
37268,88,9
37269,69,16
37270,69,9
37271,0,3
37272,0,3
37273,49,10
37274,44,8
37275,0,3
37276,60,11
37277,61,10
37278,68,9
37279,0,3
37280,56,13
37281,39,9
37282,0,3
37283,70,11
37284,83,12
37285,140,16
37286,128,13
37287,58,12
37288,2,3
37289,47,6
37290,0,3
37291,126,19
37292,0,3
37293,219,14
37294,70,10
37295,63,7
37296,21,4
37297,35,9
37298,6,4
37299,76,11
37300,83,13
37301,44,10
37302,0,3
37303,0,3
37304,0,3
37305,108,17
37306,131,16
37307,75,8
37308,61,9
37309,0,3
37310,0,3
37311,38,10
37312,0,3
37313,67,9
37314,0,3
37315,157,15
37316,1,3
37317,0,3
37318,0,3
37319,0,3
37320,76,12
37321,163,12
37322,0,3
37323,161,19
37324,0,3
37325,123,15
37326,0,3
37327,49,7
37328,166,13
37329,137,18
37330,73,15
37331,107,12
37332,108,16
37333,63,11
37334,0,3
37335,0,3
37336,35,8
37337,86,13
37338,39,6
37339,32,7
37340,84,12
37341,104,10
37342,116,17
37343,0,3
37344,62,12
37345,0,3
37346,105,16
37347,84,14
37348,31,10
37349,0,3
37350,98,15
37351,167,24
37352,42,9
37353,102,8
37354,0,3
37355,18,7
37356,0,3
37357,31,7
37358,0,3
37359,108,15
37360,0,3
37361,46,11
37362,71,14
37363,0,3
37364,0,3
37365,0,3
37366,0,3
37367,0,3
37368,59,9
37369,126,18
37370,0,3
37371,86,9
37372,103,18
37373,39,9
37374,0,3
37375,169,16
37376,52,9
37377,79,11
37378,55,7
37379,65,8
37380,142,15
37381,59,10
37382,0,3
37383,26,5
37384,103,12
37385,40,8
37386,82,10
37387,147,16
37388,151,12
37389,126,16
37390,24,6
37391,53,10
37392,62,7
37393,85,10
37394,0,3
37395,181,10
37396,52,7
37397,0,3
37398,189,12
37399,1,4
37400,27,7
37401,106,12
37402,79,6
37403,121,18
37404,0,3
37405,34,9
37406,66,10
37407,205,20
37408,118,16
37409,203,16
37410,54,8
37411,211,20
37412,80,13
37413,35,7
37414,135,13
37415,75,10
37416,0,3
37417,0,3
37418,0,3
37419,91,11
37420,0,3
37421,53,7
37422,0,3
37423,74,10
37424,48,8
37425,0,3
37426,80,11
37427,0,3
37428,210,14
37429,102,12
37430,0,3
37431,102,12
37432,127,14
37433,119,10
37434,0,3
37435,147,16
37436,12,4
37437,23,6
37438,118,13
37439,117,13
37440,133,17
37441,97,11
37442,0,3
37443,71,12
37444,0,3
37445,0,3
37446,36,9
37447,0,3
37448,124,18
37449,56,5
37450,0,3
37451,0,3
37452,84,13
37453,0,3
37454,0,3
37455,0,3
37456,0,3
37457,49,7
37458,0,3
37459,19,4
37460,59,9
37461,47,12
37462,13,4
37463,74,10
37464,136,13
37465,0,3
37466,151,17
37467,82,13
37468,58,8
37469,32,5
37470,48,10
37471,120,12
37472,54,13
37473,128,14
37474,0,3
37475,0,3
37476,0,3
37477,2,3
37478,80,14
37479,0,3
37480,16,7
37481,83,14
37482,32,5
37483,32,6
37484,14,4
37485,93,14
37486,119,19
37487,64,11
37488,0,3
37489,47,10
37490,0,3
37491,55,9
37492,0,3
37493,47,7
37494,110,16
37495,74,10
37496,0,3
37497,284,9
37498,69,12
37499,137,18
37500,0,3
37501,15,4
37502,0,3
37503,69,9
37504,0,3
37505,41,8
37506,0,3
37507,0,3
37508,0,3
37509,0,3
37510,0,3
37511,65,8
37512,39,7
37513,150,15
37514,0,3
37515,189,20
37516,0,3
37517,71,8
37518,42,7
37519,244,11
37520,0,3
37521,0,3
37522,44,6
37523,180,13
37524,72,15
37525,40,10
37526,0,3
37527,74,12
37528,153,14
37529,60,8
37530,53,8
37531,157,15
37532,49,10
37533,97,10
37534,6,3
37535,0,3
37536,0,3
37537,0,3
37538,44,10
37539,132,18
37540,119,5
37541,47,10
37542,0,3
37543,0,3
37544,16,3
37545,41,4
37546,23,6
37547,6,4
37548,59,8
37549,0,3
37550,0,3
37551,0,3
37552,0,3
37553,73,11
37554,74,11
37555,41,7
37556,177,15
37557,35,7
37558,0,3
37559,0,3
37560,42,11
37561,41,11
37562,0,3
37563,44,13
37564,3,3
37565,2,3
37566,68,13
37567,31,7
37568,79,8
37569,18,5
37570,19,5
37571,0,3
37572,35,7
37573,15,4
37574,53,9
37575,0,3
37576,0,3
37577,143,15
37578,82,12
37579,127,12
37580,122,14
37581,30,6
37582,92,15
37583,213,12
37584,108,19
37585,94,9
37586,0,3
37587,4,3
37588,50,13
37589,0,3
37590,49,8
37591,16,4
37592,106,13
37593,0,3
37594,0,3
37595,5,3
37596,123,13
37597,20,5
37598,0,3
37599,122,11
37600,70,12
37601,0,3
37602,95,14
37603,0,3
37604,44,9
37605,0,3
37606,65,9
37607,91,13
37608,0,3
37609,142,15
37610,0,3
37611,76,10
37612,57,5
37613,17,4
37614,58,10
37615,0,3
37616,0,3
37617,0,3
37618,156,19
37619,99,10
37620,0,3
37621,0,3
37622,0,3
37623,0,3
37624,0,3
37625,136,14
37626,164,18
37627,0,3
37628,93,10
37629,109,13
37630,107,15
37631,0,3
37632,155,15
37633,0,3
37634,0,3
37635,174,18
37636,0,3
37637,0,3
37638,28,6
37639,73,13
37640,34,7
37641,85,7
37642,21,5
37643,45,10
37644,43,11
37645,47,6
37646,0,3
37647,120,13
37648,0,3
37649,8,3
37650,0,3
37651,86,10
37652,54,8
37653,172,16
37654,174,16
37655,4,3
37656,0,3
37657,0,3
37658,0,3
37659,86,11
37660,127,17
37661,83,12
37662,90,10
37663,85,12
37664,103,15
37665,178,16
37666,66,7
37667,0,3
37668,153,19
37669,0,3
37670,182,21
37671,85,10
37672,274,16
37673,0,3
37674,71,12
37675,10,4
37676,53,12
37677,174,10
37678,152,12
37679,101,9
37680,50,10
37681,0,3
37682,121,10
37683,15,3
37684,3,3
37685,0,3
37686,0,3
37687,0,3
37688,114,17
37689,22,6
37690,47,9
37691,0,3
37692,38,7
37693,0,3
37694,66,8
37695,13,4
37696,26,10
37697,113,12
37698,0,3
37699,0,3
37700,82,10
37701,43,9
37702,0,3
37703,68,7
37704,57,10
37705,60,10
37706,99,16
37707,43,11
37708,39,14
37709,0,3
37710,0,3
37711,6,3
37712,7,3
37713,129,13
37714,0,3
37715,153,14
37716,0,3
37717,37,9
37718,20,6
37719,0,3
37720,0,3
37721,0,3
37722,98,13
37723,80,13
37724,0,3
37725,0,3
37726,130,13
37727,0,3
37728,52,9
37729,64,7
37730,116,12
37731,0,3
37732,18,4
37733,103,16
37734,36,5
37735,56,12
37736,0,3
37737,158,9
37738,0,3
37739,52,10
37740,0,3
37741,0,3
37742,68,8
37743,14,4
37744,38,6
37745,31,7
37746,55,10
37747,0,3
37748,64,12
37749,0,3
37750,55,8
37751,0,3
37752,211,16
37753,0,3
37754,0,3
37755,71,10
37756,74,6
37757,125,14
37758,0,3
37759,4,4
37760,75,8
37761,74,15
37762,40,8
37763,56,9
37764,140,15
37765,3,3
37766,0,3
37767,0,3
37768,93,7
37769,0,3
37770,72,10
37771,235,15
37772,54,9
37773,36,6
37774,0,3
37775,75,6
37776,0,3
37777,140,12
37778,105,13
37779,0,3
37780,62,10
37781,0,3
37782,128,15
37783,158,16
37784,0,3
37785,0,3
37786,109,13
37787,83,10
37788,68,10
37789,32,5
37790,185,18
37791,176,16
37792,0,3
37793,62,8
37794,82,14
37795,23,6
37796,0,3
37797,0,3
37798,0,3
37799,55,7
37800,31,3
37801,126,12
37802,174,18
37803,123,7
37804,165,10
37805,0,3
37806,0,3
37807,0,3
37808,78,14
37809,26,5
37810,79,14
37811,0,3
37812,41,10
37813,62,6
37814,74,7
37815,56,7
37816,68,5
37817,128,15
37818,0,3
37819,21,5
37820,63,11
37821,0,3
37822,0,3
37823,176,21
37824,32,6
37825,0,3
37826,0,3
37827,0,3
37828,100,9
37829,0,3
37830,0,3
37831,0,3
37832,93,11
37833,0,3
37834,137,8
37835,181,23
37836,19,3
37837,183,16
37838,2,3
37839,124,16
37840,0,3
37841,0,3
37842,38,8
37843,76,13
37844,103,12
37845,138,12
37846,0,3
37847,0,3
37848,0,3
37849,111,12
37850,173,10
37851,32,8
37852,0,3
37853,0,3
37854,23,6
37855,108,12
37856,60,12
37857,251,9
37858,0,3
37859,111,17
37860,134,14
37861,65,9
37862,0,3
37863,0,3
37864,76,12
37865,128,18
37866,0,3
37867,124,12
37868,0,3
37869,122,15
37870,51,5
37871,174,17
37872,130,15
37873,0,3
37874,11,5
37875,59,8
37876,237,22
37877,0,3
37878,98,13
37879,43,8
37880,119,8
37881,146,10
37882,69,9
37883,44,7
37884,0,3
37885,85,10
37886,327,12
37887,120,10
37888,0,3
37889,0,3
37890,0,3
37891,57,11
37892,0,3
37893,0,3
37894,16,5
37895,113,13
37896,188,15
37897,50,11
37898,73,9
37899,73,12
37900,181,18
37901,95,15
37902,74,9
37903,95,16
37904,0,3
37905,96,11
37906,0,3
37907,0,3
37908,110,14
37909,20,4
37910,0,3
37911,126,14
37912,0,3
37913,0,3
37914,0,3
37915,41,8
37916,0,3
37917,86,12
37918,197,15
37919,41,8
37920,0,3
37921,0,3
37922,0,3
37923,0,3
37924,139,18
37925,0,3
37926,77,15
37927,0,3
37928,18,5
37929,52,9
37930,0,3
37931,0,3
37932,0,3
37933,0,3
37934,0,3
37935,0,3
37936,0,3
37937,0,3
37938,164,14
37939,0,3
37940,0,3
37941,0,3
37942,29,7
37943,142,14
37944,79,8
37945,70,7
37946,60,10
37947,0,3
37948,106,15
37949,103,13
37950,2,3
37951,142,18
37952,60,7
37953,89,16
37954,0,3
37955,140,17
37956,12,4
37957,0,3
37958,0,3
37959,0,3
37960,92,7
37961,183,16
37962,0,3
37963,48,11
37964,34,5
37965,0,3
37966,85,17
37967,0,3
37968,38,5
37969,29,5
37970,130,14
37971,248,16
37972,0,3
37973,12,4
37974,186,15
37975,82,11
37976,3,3
37977,0,3
37978,0,3
37979,102,11
37980,0,3
37981,17,4
37982,133,19
37983,0,3
37984,97,12
37985,48,12
37986,170,22
37987,0,3
37988,0,3
37989,0,3
37990,75,9
37991,106,13
37992,0,3
37993,0,3
37994,0,3
37995,0,3
37996,80,11
37997,124,14
37998,0,3
37999,62,12
38000,0,3
38001,148,12
38002,0,3
38003,118,14
38004,57,7
38005,0,3
38006,14,5
38007,117,17
38008,157,16
38009,91,16
38010,106,10
38011,97,14
38012,59,10
38013,0,3
38014,0,3
38015,113,15
38016,0,3
38017,24,4
38018,164,17
38019,71,11
38020,102,17
38021,169,16
38022,179,19
38023,85,10
38024,0,3
38025,0,3
38026,90,11
38027,93,12
38028,101,12
38029,80,13
38030,13,4
38031,99,9
38032,87,11
38033,33,8
38034,0,3
38035,167,10
38036,103,14
38037,55,9
38038,0,3
38039,30,6
38040,63,12
38041,54,9
38042,96,14
38043,52,5
38044,0,3
38045,75,15
38046,133,13
38047,154,16
38048,57,12
38049,76,10
38050,0,3
38051,0,3
38052,46,9
38053,65,10
38054,0,3
38055,118,11
38056,58,11
38057,77,12
38058,100,13
38059,36,7
38060,0,3
38061,244,16
38062,29,7
38063,0,3
38064,0,3
38065,83,11
38066,0,3
38067,6,3
38068,37,6
38069,29,5
38070,0,3
38071,0,3
38072,102,11
38073,123,10
38074,154,13
38075,69,17
38076,27,4
38077,108,13
38078,119,17
38079,44,11
38080,0,3
38081,46,7
38082,64,4
38083,106,12
38084,0,3
38085,313,14
38086,87,10
38087,71,13
38088,187,18
38089,96,14
38090,115,13
38091,28,6
38092,77,12
38093,0,3
38094,0,3
38095,0,3
38096,3,3
38097,92,13
38098,0,3
38099,0,3
38100,142,13
38101,91,7
38102,0,3
38103,106,15
38104,126,16
38105,59,11
38106,0,3
38107,223,16
38108,0,3
38109,89,10
38110,131,13
38111,0,3
38112,0,3
38113,0,3
38114,55,4
38115,0,3
38116,39,7
38117,99,14
38118,160,11
38119,0,3
38120,78,10
38121,0,3
38122,0,3
38123,0,3
38124,55,10
38125,78,11
38126,3,3
38127,0,3
38128,88,15
38129,98,9
38130,11,3
38131,0,3
38132,173,21
38133,116,14
38134,109,11
38135,0,3
38136,50,12
38137,68,7
38138,51,8
38139,116,13
38140,81,9
38141,1,3
38142,0,3
38143,0,3
38144,0,3
38145,0,3
38146,0,3
38147,123,11
38148,106,9
38149,0,3
38150,204,15
38151,85,14
38152,0,3
38153,0,3
38154,173,9
38155,143,18
38156,0,3
38157,0,3
38158,51,8
38159,0,3
38160,213,21
38161,34,8
38162,0,3
38163,83,13
38164,106,10
38165,11,4
38166,0,3
38167,0,3
38168,60,10
38169,121,13
38170,0,3
38171,74,12
38172,287,12
38173,0,3
38174,114,9
38175,0,3
38176,169,16
38177,107,10
38178,157,11
38179,83,12
38180,142,17
38181,47,11
38182,73,8
38183,8,4
38184,0,3
38185,83,13
38186,118,11
38187,0,3
38188,0,3
38189,0,3
38190,3,3
38191,121,12
38192,0,3
38193,101,13
38194,17,3
38195,0,3
38196,56,10
38197,161,11
38198,143,12
38199,73,10
38200,82,14
38201,175,20
38202,5,3
38203,0,3
38204,122,12
38205,91,9
38206,154,17
38207,1,3
38208,79,14
38209,212,19
38210,0,3
38211,29,4
38212,89,11
38213,0,3
38214,85,9
38215,0,3
38216,0,3
38217,52,12
38218,0,3
38219,0,3
38220,0,3
38221,34,5
38222,100,13
38223,136,6
38224,65,9
38225,90,12
38226,83,14
38227,53,9
38228,0,3
38229,0,3
38230,38,8
38231,134,18
38232,91,16
38233,161,19
38234,0,3
38235,22,6
38236,80,13
38237,20,7
38238,0,3
38239,64,8
38240,0,3
38241,3,3
38242,99,9
38243,0,3
38244,94,12
38245,122,15
38246,62,9
38247,135,18
38248,117,10
38249,90,12
38250,41,7
38251,0,3
38252,36,8
38253,0,3
38254,0,3
38255,4,3
38256,110,9
38257,133,9
38258,51,12
38259,0,3
38260,103,7
38261,0,3
38262,162,12
38263,0,3
38264,123,15
38265,0,3
38266,71,10
38267,0,3
38268,97,8
38269,0,3
38270,0,3
38271,0,3
38272,70,12
38273,88,13
38274,242,10
38275,0,3
38276,0,3
38277,234,16
38278,85,11
38279,74,9
38280,56,13
38281,85,11
38282,50,5
38283,82,11
38284,99,14
38285,91,16
38286,18,7
38287,121,11
38288,27,6
38289,0,3
38290,24,7
38291,45,8
38292,5,3
38293,0,3
38294,0,3
38295,0,3
38296,48,8
38297,0,3
38298,0,3
38299,0,3
38300,0,3
38301,3,3
38302,23,5
38303,0,3
38304,54,11
38305,0,3
38306,69,5
38307,42,10
38308,146,17
38309,224,15
38310,65,4
38311,241,18
38312,111,13
38313,0,3
38314,151,17
38315,66,10
38316,77,10
38317,66,14
38318,41,7
38319,30,7
38320,54,10
38321,41,8
38322,78,7
38323,170,7
38324,66,7
38325,78,11
38326,0,3
38327,105,14
38328,79,10
38329,0,3
38330,82,10
38331,55,13
38332,118,16
38333,0,3
38334,0,3
38335,0,3
38336,138,9
38337,0,3
38338,109,16
38339,0,3
38340,0,3
38341,42,7
38342,0,3
38343,0,3
38344,0,3
38345,104,15
38346,0,3
38347,0,3
38348,56,8
38349,54,9
38350,0,3
38351,0,3
38352,178,16
38353,0,3
38354,43,8
38355,112,15
38356,0,3
38357,72,6
38358,120,15
38359,0,3
38360,0,3
38361,285,11
38362,86,8
38363,2,4
38364,0,3
38365,104,12
38366,39,8
38367,147,13
38368,105,11
38369,0,3
38370,0,3
38371,131,16
38372,54,5
38373,11,5
38374,67,8
38375,92,10
38376,0,3
38377,0,3
38378,77,11
38379,0,3
38380,20,6
38381,131,12
38382,0,3
38383,130,15
38384,209,13
38385,0,3
38386,162,15
38387,0,3
38388,32,7
38389,0,3
38390,27,4
38391,253,16
38392,38,7
38393,76,10
38394,136,16
38395,109,9
38396,58,11
38397,35,6
38398,103,13
38399,84,13
38400,65,9
38401,135,16
38402,0,3
38403,29,10
38404,24,4
38405,185,22
38406,0,3
38407,0,3
38408,87,9
38409,87,8
38410,114,14
38411,121,12
38412,131,16
38413,0,3
38414,41,9
38415,19,4
38416,44,7
38417,0,3
38418,22,6
38419,0,3
38420,118,13
38421,0,3
38422,170,21
38423,49,12
38424,95,14
38425,27,5
38426,0,3
38427,68,6
38428,0,3
38429,0,3
38430,111,6
38431,94,13
38432,81,7
38433,0,3
38434,0,3
38435,173,16
38436,21,6
38437,0,3
38438,157,15
38439,77,11
38440,98,16
38441,80,10
38442,114,15
38443,0,3
38444,0,3
38445,204,22
38446,0,3
38447,61,12
38448,141,19
38449,62,9
38450,28,6
38451,131,14
38452,97,12
38453,52,11
38454,163,13
38455,62,9
38456,100,14
38457,0,3
38458,0,3
38459,0,3
38460,17,3
38461,0,3
38462,0,3
38463,32,6
38464,32,8
38465,0,3
38466,0,3
38467,0,3
38468,124,16
38469,0,3
38470,89,10
38471,150,16
38472,0,3
38473,36,8
38474,34,9
38475,0,3
38476,41,8
38477,0,3
38478,0,3
38479,63,10
38480,85,13
38481,128,15
38482,7,3
38483,65,11
38484,0,3
38485,110,17
38486,83,6
38487,67,11
38488,65,8
38489,132,8
38490,53,9
38491,71,7
38492,0,3
38493,36,4
38494,86,10
38495,49,7
38496,0,3
38497,50,8
38498,77,10
38499,29,5
38500,3,3
38501,0,3
38502,268,11
38503,73,12
38504,65,11
38505,38,9
38506,127,16
38507,87,14
38508,108,8
38509,0,3
38510,0,3
38511,38,13
38512,94,14
38513,30,5
38514,202,12
38515,95,11
38516,91,9
38517,0,3
38518,114,11
38519,103,10
38520,87,9
38521,0,3
38522,44,8
38523,166,24
38524,82,13
38525,165,9
38526,63,10
38527,0,3
38528,0,3
38529,82,13
38530,36,8
38531,19,6
38532,117,10
38533,251,14
38534,75,9
38535,59,12
38536,39,8
38537,102,11
38538,0,3
38539,23,8
38540,40,5
38541,0,3
38542,0,3
38543,142,17
38544,93,13
38545,30,5
38546,126,19
38547,68,10
38548,87,13
38549,102,12
38550,67,11
38551,0,3
38552,0,3
38553,76,8
38554,79,13
38555,49,7
38556,246,14
38557,0,3
38558,0,3
38559,0,3
38560,34,4
38561,0,3
38562,80,11
38563,97,16
38564,0,3
38565,88,14
38566,0,3
38567,0,3
38568,45,6
38569,0,3
38570,0,3
38571,0,3
38572,93,17
38573,0,3
38574,138,15
38575,0,3
38576,135,17
38577,0,3
38578,0,3
38579,59,12
38580,93,13
38581,137,15
38582,149,10
38583,0,3
38584,94,8
38585,152,18
38586,95,12
38587,0,3
38588,150,14
38589,0,3
38590,0,3
38591,72,12
38592,0,3
38593,50,7
38594,152,11
38595,8,4
38596,47,8
38597,72,13
38598,147,12
38599,172,16
38600,47,9
38601,56,4
38602,101,10
38603,129,13
38604,0,3
38605,121,11
38606,82,11
38607,97,12
38608,0,3
38609,114,22
38610,0,3
38611,0,3
38612,96,13
38613,0,3
38614,70,14
38615,69,11
38616,55,9
38617,0,3
38618,82,9
38619,127,14
38620,0,3
38621,0,3
38622,0,3
38623,69,14
38624,54,5
38625,0,3
38626,128,14
38627,48,8
38628,132,19
38629,90,8
38630,82,13
38631,0,3
38632,0,3
38633,135,18
38634,0,3
38635,0,3
38636,0,3
38637,107,8
38638,0,3
38639,0,3
38640,35,12
38641,0,3
38642,96,10
38643,0,3
38644,7,3
38645,199,17
38646,62,10
38647,0,3
38648,357,21
38649,48,8
38650,93,9
38651,173,19
38652,36,7
38653,0,3
38654,170,21
38655,36,8
38656,0,3
38657,0,3
38658,0,3
38659,99,16
38660,0,3
38661,0,3
38662,0,3
38663,111,9
38664,122,11
38665,87,13
38666,0,3
38667,67,9
38668,126,9
38669,10,4
38670,0,3
38671,0,3
38672,112,10
38673,116,13
38674,0,3
38675,0,3
38676,148,17
38677,0,3
38678,207,8
38679,0,3
38680,100,16
38681,109,10
38682,0,3
38683,173,14
38684,158,12
38685,121,14
38686,74,11
38687,0,3
38688,0,3
38689,0,3
38690,0,3
38691,70,9
38692,15,5
38693,68,10
38694,43,8
38695,21,4
38696,149,20
38697,37,8
38698,85,12
38699,0,3
38700,0,3
38701,180,14
38702,145,16
38703,112,15
38704,0,3
38705,76,13
38706,102,17
38707,58,9
38708,50,9
38709,53,9
38710,55,10
38711,0,3
38712,0,3
38713,17,3
38714,91,12
38715,0,3
38716,36,6
38717,40,8
38718,0,3
38719,44,10
38720,0,3
38721,150,20
38722,3,3
38723,163,20
38724,0,3
38725,111,7
38726,29,8
38727,0,3
38728,17,4
38729,0,3
38730,0,3
38731,0,3
38732,0,3
38733,0,3
38734,143,21
38735,0,3
38736,0,3
38737,57,7
38738,0,3
38739,131,17
38740,91,14
38741,57,12
38742,144,4
38743,81,13
38744,92,14
38745,0,3
38746,103,13
38747,116,14
38748,0,3
38749,0,3
38750,1,3
38751,0,3
38752,48,9
38753,68,8
38754,158,19
38755,76,14
38756,0,3
38757,100,8
38758,22,5
38759,74,16
38760,92,12
38761,107,8
38762,63,12
38763,80,14
38764,0,3
38765,0,3
38766,102,16
38767,0,3
38768,26,6
38769,34,5
38770,26,6
38771,103,10
38772,0,3
38773,0,3
38774,85,13
38775,32,6
38776,104,14
38777,143,11
38778,0,3
38779,0,3
38780,64,9
38781,23,5
38782,0,3
38783,0,3
38784,94,13
38785,0,3
38786,0,3
38787,107,15
38788,0,3
38789,88,10
38790,57,11
38791,70,14
38792,88,14
38793,0,3
38794,295,17
38795,124,15
38796,149,9
38797,4,4
38798,99,11
38799,92,9
38800,98,13
38801,0,3
38802,194,12
38803,55,10
38804,74,11
38805,0,3
38806,0,3
38807,95,11
38808,14,4
38809,87,8
38810,0,3
38811,272,16
38812,0,3
38813,77,10
38814,0,3
38815,0,3
38816,0,3
38817,118,21
38818,0,3
38819,0,3
38820,130,11
38821,0,3
38822,0,3
38823,22,5
38824,4,3
38825,0,3
38826,115,11
38827,0,3
38828,0,3
38829,0,3
38830,144,19
38831,50,12
38832,75,13
38833,81,11
38834,0,3
38835,94,16
38836,26,3
38837,0,3
38838,19,7
38839,5,3
38840,0,3
38841,52,11
38842,81,10
38843,0,3
38844,131,20
38845,9,4
38846,91,17
38847,61,7
38848,88,13
38849,122,14
38850,74,14
38851,75,14
38852,62,11
38853,185,13
38854,71,8
38855,82,10
38856,156,15
38857,80,9
38858,39,9
38859,62,8
38860,0,3
38861,14,5
38862,0,3
38863,0,3
38864,70,5
38865,70,8
38866,0,3
38867,135,14
38868,149,21
38869,0,3
38870,0,3
38871,87,9
38872,63,9
38873,35,6
38874,0,3
38875,0,3
38876,0,3
38877,44,9
38878,212,14
38879,218,16
38880,0,3
38881,79,9
38882,55,9
38883,0,3
38884,0,3
38885,23,7
38886,0,3
38887,220,17
38888,205,23
38889,115,18
38890,0,3
38891,0,3
38892,175,14
38893,0,3
38894,128,18
38895,0,3
38896,0,3
38897,69,12
38898,134,18
38899,5,3
38900,0,3
38901,0,3
38902,0,3
38903,122,7
38904,83,14
38905,36,7
38906,0,3
38907,44,6
38908,0,3
38909,135,13
38910,0,3
38911,125,18
38912,69,10
38913,92,17
38914,0,3
38915,122,11
38916,25,6
38917,94,13
38918,23,6
38919,45,10
38920,0,3
38921,59,13
38922,97,14
38923,69,13
38924,103,11
38925,0,3
38926,36,10
38927,32,8
38928,43,10
38929,0,3
38930,0,3
38931,100,13
38932,108,14
38933,56,10
38934,86,15
38935,117,11
38936,0,3
38937,89,11
38938,0,3
38939,93,14
38940,66,8
38941,0,3
38942,139,12
38943,0,3
38944,16,6
38945,37,7
38946,169,19
38947,75,8
38948,63,10
38949,0,3
38950,136,18
38951,0,3
38952,1,3
38953,69,10
38954,0,3
38955,0,3
38956,75,11
38957,79,10
38958,0,3
38959,0,3
38960,109,15
38961,105,12
38962,0,3
38963,77,12
38964,0,3
38965,0,3
38966,133,12
38967,4,3
38968,18,5
38969,0,3
38970,0,3
38971,78,12
38972,0,3
38973,0,3
38974,157,14
38975,53,9
38976,98,14
38977,99,15
38978,80,13
38979,47,6
38980,114,17
38981,0,3
38982,0,3
38983,137,16
38984,0,3
38985,0,3
38986,0,3
38987,0,3
38988,0,3
38989,85,12
38990,0,3
38991,0,3
38992,107,13
38993,0,3
38994,14,5
38995,67,10
38996,145,17
38997,139,13
38998,216,17
38999,30,6
39000,131,12
39001,95,12
39002,0,3
39003,0,3
39004,69,10
39005,126,15
39006,76,9
39007,67,8
39008,0,3
39009,40,8
39010,69,10
39011,0,3
39012,90,11
39013,136,14
39014,39,8
39015,0,3
39016,0,3
39017,0,3
39018,84,12
39019,14,4
39020,0,3
39021,55,6
39022,47,8
39023,85,14
39024,0,3
39025,77,14
39026,0,3
39027,0,3
39028,118,15
39029,143,9
39030,112,20
39031,47,5
39032,0,3
39033,0,3
39034,58,10
39035,0,3
39036,38,7
39037,0,3
39038,41,7
39039,155,9
39040,84,12
39041,0,3
39042,0,3
39043,91,15
39044,92,11
39045,85,10
39046,343,23
39047,151,14
39048,0,3
39049,0,3
39050,55,9
39051,136,22
39052,0,3
39053,79,11
39054,21,6
39055,0,3
39056,0,3
39057,143,13
39058,93,12
39059,85,11
39060,0,3
39061,79,12
39062,145,14
39063,108,11
39064,121,15
39065,0,3
39066,0,3
39067,84,11
39068,71,9
39069,128,11
39070,35,6
39071,167,19
39072,0,3
39073,127,14
39074,348,18
39075,99,17
39076,0,3
39077,0,3
39078,0,3
39079,76,12
39080,0,3
39081,1,3
39082,138,15
39083,37,8
39084,55,8
39085,0,3
39086,24,6
39087,97,15
39088,157,18
39089,57,10
39090,31,8
39091,239,8
39092,87,14
39093,0,3
39094,34,8
39095,0,3
39096,0,3
39097,99,17
39098,50,8
39099,0,3
39100,0,3
39101,34,7
39102,65,13
39103,108,14
39104,100,13
39105,87,14
39106,147,18
39107,0,3
39108,139,9
39109,0,3
39110,22,5
39111,108,16
39112,0,3
39113,116,14
39114,162,18
39115,0,3
39116,0,3
39117,0,3
39118,140,11
39119,0,3
39120,52,11
39121,59,12
39122,0,3
39123,105,12
39124,0,3
39125,0,3
39126,95,12
39127,0,3
39128,0,3
39129,55,8
39130,0,3
39131,21,6
39132,0,3
39133,135,12
39134,0,3
39135,121,11
39136,0,3
39137,136,18
39138,134,13
39139,257,9
39140,40,10
39141,0,3
39142,83,12
39143,146,21
39144,171,17
39145,92,13
39146,187,15
39147,52,9
39148,0,3
39149,117,16
39150,72,12
39151,93,15
39152,111,17
39153,64,6
39154,0,3
39155,410,15
39156,0,3
39157,101,11
39158,0,3
39159,141,17
39160,27,5
39161,128,16
39162,0,3
39163,119,13
39164,0,3
39165,106,7
39166,0,3
39167,95,14
39168,75,12
39169,0,3
39170,176,16
39171,166,16
39172,137,13
39173,64,13
39174,124,17
39175,132,13
39176,128,17
39177,108,9
39178,143,15
39179,0,3
39180,71,8
39181,112,11
39182,111,10
39183,92,13
39184,32,7
39185,0,3
39186,95,13
39187,61,7
39188,0,3
39189,0,3
39190,26,5
39191,130,15
39192,92,12
39193,0,3
39194,98,11
39195,0,3
39196,168,15
39197,0,3
39198,0,3
39199,68,13
39200,125,16
39201,12,5
39202,43,8
39203,0,3
39204,227,16
39205,0,3
39206,47,8
39207,0,3
39208,0,3
39209,13,4
39210,148,14
39211,123,16
39212,69,11
39213,0,3
39214,0,3
39215,121,9
39216,0,3
39217,53,9
39218,0,3
39219,0,3
39220,0,3
39221,0,3
39222,0,3
39223,0,3
39224,0,3
39225,0,3
39226,130,11
39227,33,11
39228,0,3
39229,83,12
39230,0,3
39231,183,11
39232,0,3
39233,0,3
39234,129,18
39235,45,10
39236,92,12
39237,96,12
39238,0,3
39239,0,3
39240,0,3
39241,145,19
39242,0,3
39243,52,10
39244,50,13
39245,0,3
39246,213,16
39247,13,5
39248,2,3
39249,54,10
39250,83,11
39251,0,3
39252,89,12
39253,48,9
39254,58,10
39255,0,3
39256,0,3
39257,16,3
39258,0,3
39259,0,3
39260,154,14
39261,141,14
39262,38,8
39263,0,3
39264,0,3
39265,41,7
39266,177,12
39267,47,5
39268,77,12
39269,0,3
39270,0,3
39271,4,3
39272,48,8
39273,0,3
39274,136,10
39275,0,3
39276,41,8
39277,29,5
39278,102,12
39279,103,16
39280,0,3
39281,56,5
39282,201,23
39283,55,9
39284,102,11
39285,0,3
39286,118,14
39287,0,3
39288,0,3
39289,91,8
39290,34,7
39291,0,3
39292,236,18
39293,101,16
39294,71,10
39295,70,11
39296,142,16
39297,96,7
39298,123,12
39299,0,3
39300,91,11
39301,199,14
39302,0,3
39303,82,11
39304,10,3
39305,0,3
39306,12,5
39307,64,11
39308,135,15
39309,59,6
39310,194,16
39311,124,14
39312,0,3
39313,95,13
39314,0,3
39315,84,12
39316,0,3
39317,0,3
39318,0,3
39319,54,10
39320,8,4
39321,14,4
39322,0,3
39323,0,3
39324,120,16
39325,124,15
39326,140,14
39327,0,3
39328,0,3
39329,0,3
39330,64,11
39331,36,9
39332,46,6
39333,0,3
39334,10,4
39335,0,3
39336,0,3
39337,125,14
39338,38,7
39339,19,7
39340,0,3
39341,1,3
39342,55,8
39343,0,3
39344,37,3
39345,0,3
39346,0,3
39347,12,3
39348,100,11
39349,51,6
39350,0,3
39351,61,9
39352,42,8
39353,50,8
39354,0,3
39355,114,11
39356,109,18
39357,141,16
39358,0,3
39359,0,3
39360,0,3
39361,163,10
39362,170,12
39363,25,6
39364,14,5
39365,27,8
39366,77,13
39367,108,14
39368,124,17
39369,69,11
39370,127,14
39371,10,3
39372,32,7
39373,0,3
39374,72,11
39375,0,3
39376,34,7
39377,79,7
39378,0,3
39379,0,3
39380,0,3
39381,0,3
39382,38,8
39383,117,9
39384,64,14
39385,0,3
39386,67,8
39387,25,5
39388,70,13
39389,55,10
39390,0,3
39391,187,26
39392,94,11
39393,223,21
39394,0,3
39395,123,17
39396,84,12
39397,131,15
39398,38,8
39399,72,13
39400,0,3
39401,0,3
39402,1,3
39403,119,10
39404,145,15
39405,0,3
39406,118,12
39407,104,17
39408,144,9
39409,0,3
39410,63,8
39411,91,13
39412,0,3
39413,113,15
39414,27,8
39415,0,3
39416,48,10
39417,38,6
39418,48,8
39419,87,11
39420,0,3
39421,105,17
39422,0,3
39423,0,3
39424,88,13
39425,24,8
39426,12,5
39427,33,10
39428,0,3
39429,32,6
39430,5,4
39431,0,3
39432,0,3
39433,30,6
39434,0,3
39435,102,13
39436,72,8
39437,125,11
39438,138,18
39439,154,12
39440,0,3
39441,163,22
39442,0,3
39443,93,16
39444,177,24
39445,0,3
39446,197,17
39447,0,3
39448,0,3
39449,25,5
39450,102,10
39451,90,13
39452,0,3
39453,47,9
39454,0,3
39455,0,3
39456,90,7
39457,0,3
39458,39,9
39459,0,3
39460,130,18
39461,65,10
39462,0,3
39463,110,11
39464,91,12
39465,0,3
39466,46,6
39467,0,3
39468,42,8
39469,81,15
39470,101,13
39471,85,12
39472,27,8
39473,0,3
39474,118,15
39475,0,3
39476,0,3
39477,90,12
39478,162,12
39479,49,10
39480,0,3
39481,100,13
39482,0,3
39483,176,14
39484,145,14
39485,60,12
39486,0,3
39487,0,3
39488,0,3
39489,11,4
39490,143,14
39491,0,3
39492,0,3
39493,0,3
39494,59,8
39495,104,11
39496,0,3
39497,121,14
39498,78,12
39499,89,8
39500,65,11
39501,41,10
39502,153,8
39503,24,5
39504,0,3
39505,3,3
39506,83,12
39507,69,9
39508,46,6
39509,0,3
39510,86,13
39511,3,3
39512,0,3
39513,53,11
39514,159,20
39515,100,13
39516,148,14
39517,54,7
39518,101,11
39519,0,3
39520,0,3
39521,0,3
39522,382,12
39523,79,11
39524,84,9
39525,0,3
39526,0,3
39527,22,3
39528,94,13
39529,0,3
39530,135,11
39531,0,3
39532,0,3
39533,0,3
39534,0,3
39535,138,11
39536,0,3
39537,94,10
39538,125,15
39539,97,12
39540,0,3
39541,34,6
39542,2,3
39543,106,8
39544,182,18
39545,0,3
39546,72,7
39547,38,8
39548,112,13
39549,0,3
39550,149,15
39551,181,21
39552,53,10
39553,22,6
39554,26,5
39555,114,16
39556,50,10
39557,161,12
39558,163,21
39559,89,14
39560,116,10
39561,0,3
39562,102,15
39563,97,13
39564,111,16
39565,3,3
39566,52,9
39567,172,17
39568,0,3
39569,92,12
39570,130,12
39571,154,18
39572,75,13
39573,187,16
39574,237,20
39575,0,3
39576,0,3
39577,0,3
39578,0,3
39579,0,3
39580,96,15
39581,106,14
39582,92,17
39583,30,5
39584,146,15
39585,0,3
39586,39,10
39587,136,20
39588,69,9
39589,126,16
39590,39,8
39591,209,8
39592,26,6
39593,84,12
39594,0,3
39595,53,9
39596,0,3
39597,37,11
39598,0,3
39599,0,3
39600,68,10
39601,0,3
39602,117,17
39603,65,10
39604,0,3
39605,61,7
39606,0,3
39607,159,10
39608,0,3
39609,0,3
39610,180,17
39611,131,18
39612,36,9
39613,86,13
39614,116,13
39615,127,12
39616,0,3
39617,39,7
39618,0,3
39619,0,3
39620,0,3
39621,0,3
39622,115,13
39623,0,3
39624,0,3
39625,64,12
39626,0,3
39627,0,3
39628,201,19
39629,0,3
39630,49,9
39631,77,11
39632,0,3
39633,148,19
39634,0,3
39635,81,11
39636,38,8
39637,78,13
39638,128,15
39639,118,13
39640,143,13
39641,67,11
39642,0,3
39643,168,10
39644,23,5
39645,81,11
39646,0,3
39647,0,3
39648,130,15
39649,63,10
39650,87,17
39651,0,3
39652,151,16
39653,64,12
39654,179,17
39655,7,3
39656,0,3
39657,134,15
39658,1,3
39659,48,7
39660,65,8
39661,85,13
39662,135,16
39663,81,13
39664,207,17
39665,0,3
39666,90,10
39667,0,3
39668,97,15
39669,45,10
39670,65,12
39671,0,3
39672,116,14
39673,115,8
39674,69,16
39675,254,20
39676,112,13
39677,91,10
39678,85,15
39679,27,7
39680,146,16
39681,124,13
39682,6,3
39683,164,16
39684,147,19
39685,0,3
39686,91,19
39687,84,11
39688,0,3
39689,0,3
39690,104,10
39691,0,3
39692,71,11
39693,93,12
39694,67,10
39695,0,3
39696,97,9
39697,0,3
39698,25,8
39699,0,3
39700,128,15
39701,152,16
39702,190,17
39703,113,13
39704,0,3
39705,83,13
39706,92,15
39707,152,14
39708,0,3
39709,0,3
39710,112,11
39711,92,14
39712,96,9
39713,0,3
39714,249,22
39715,0,3
39716,0,3
39717,7,4
39718,85,14
39719,62,13
39720,0,3
39721,73,11
39722,74,9
39723,165,16
39724,102,8
39725,4,3
39726,0,3
39727,23,6
39728,12,5
39729,48,11
39730,44,9
39731,122,14
39732,0,3
39733,0,3
39734,0,3
39735,58,6
39736,186,18
39737,100,17
39738,108,10
39739,73,12
39740,0,3
39741,0,3
39742,70,12
39743,32,8
39744,84,11
39745,43,10
39746,0,3
39747,56,12
39748,31,7
39749,0,3
39750,63,12
39751,9,4
39752,159,14
39753,0,3
39754,26,5
39755,66,11
39756,0,3
39757,0,3
39758,0,3
39759,0,3
39760,56,11
39761,55,11
39762,0,3
39763,16,5
39764,141,19
39765,0,3
39766,0,3
39767,0,3
39768,88,14
39769,195,23
39770,0,3
39771,0,3
39772,0,3
39773,0,3
39774,0,3
39775,0,3
39776,0,3
39777,183,20
39778,163,20
39779,0,3
39780,0,3
39781,0,3
39782,0,3
39783,68,8
39784,0,3
39785,90,12
39786,37,9
39787,97,10
39788,0,3
39789,195,10
39790,137,18
39791,0,3
39792,0,3
39793,175,18
39794,0,3
39795,111,12
39796,43,9
39797,0,3
39798,65,11
39799,143,15
39800,53,9
39801,20,6
39802,194,14
39803,103,14
39804,0,3
39805,0,3
39806,18,4
39807,53,10
39808,28,6
39809,0,3
39810,74,11
39811,0,3
39812,38,6
39813,0,3
39814,56,8
39815,0,3
39816,81,16
39817,125,20
39818,80,13
39819,139,13
39820,180,15
39821,105,17
39822,0,3
39823,0,3
39824,102,16
39825,115,14
39826,0,3
39827,0,3
39828,0,3
39829,178,14
39830,72,9
39831,214,12
39832,95,12
39833,116,11
39834,0,3
39835,0,3
39836,0,3
39837,0,3
39838,0,3
39839,71,11
39840,0,3
39841,124,11
39842,126,15
39843,93,10
39844,90,11
39845,237,18
39846,200,19
39847,0,3
39848,0,3
39849,46,10
39850,94,16
39851,26,6
39852,105,13
39853,0,3
39854,128,13
39855,0,3
39856,113,15
39857,114,12
39858,136,13
39859,106,16
39860,126,15
39861,0,3
39862,17,4
39863,0,3
39864,124,16
39865,0,3
39866,63,8
39867,62,10
39868,0,3
39869,0,3
39870,74,8
39871,0,3
39872,68,12
39873,36,7
39874,198,11
39875,91,13
39876,78,10
39877,0,3
39878,0,3
39879,168,19
39880,0,3
39881,125,16
39882,0,3
39883,99,11
39884,0,3
39885,0,3
39886,78,7
39887,90,13
39888,202,9
39889,0,3
39890,110,18
39891,0,3
39892,87,14
39893,46,4
39894,28,5
39895,46,10
39896,86,10
39897,110,9
39898,39,7
39899,71,9
39900,101,9
39901,22,4
39902,0,3
39903,113,10
39904,71,15
39905,0,3
39906,137,16
39907,65,10
39908,123,13
39909,95,10
39910,0,3
39911,85,11
39912,0,3
39913,52,11
39914,0,3
39915,72,15
39916,0,3
39917,144,18
39918,0,3
39919,0,3
39920,58,12
39921,22,6
39922,0,3
39923,67,11
39924,0,3
39925,104,14
39926,50,7
39927,157,19
39928,0,3
39929,166,14
39930,131,14
39931,17,4
39932,118,11
39933,0,3
39934,152,16
39935,223,20
39936,60,8
39937,95,11
39938,0,3
39939,229,21
39940,106,10
39941,16,3
39942,18,4
39943,0,3
39944,115,12
39945,49,10
39946,0,3
39947,0,3
39948,58,12
39949,79,13
39950,0,3
39951,0,3
39952,120,10
39953,0,3
39954,206,11
39955,0,3
39956,0,3
39957,0,3
39958,54,9
39959,0,3
39960,0,3
39961,68,9
39962,116,11
39963,146,18
39964,165,18
39965,45,8
39966,64,11
39967,180,16
39968,0,3
39969,0,3
39970,0,3
39971,159,17
39972,0,3
39973,0,3
39974,115,11
39975,126,6
39976,70,12
39977,0,3
39978,0,3
39979,29,5
39980,0,3
39981,0,3
39982,54,12
39983,0,3
39984,0,3
39985,236,19
39986,0,3
39987,81,13
39988,0,3
39989,0,3
39990,0,3
39991,82,14
39992,0,3
39993,0,3
39994,57,10
39995,4,4
39996,0,3
39997,0,3
39998,148,17
39999,103,12
40000,116,12
40001,114,13
40002,60,9
40003,76,7
40004,105,17
40005,0,3
40006,0,3
40007,0,3
40008,122,10
40009,0,3
40010,95,12
40011,15,5
40012,109,9
40013,0,3
40014,0,3
40015,116,13
40016,58,9
40017,133,12
40018,121,14
40019,133,14
40020,64,8
40021,0,3
40022,0,3
40023,159,21
40024,0,3
40025,83,12
40026,0,3
40027,0,3
40028,117,11
40029,0,3
40030,207,17
40031,119,13
40032,0,3
40033,187,16
40034,0,3
40035,51,10
40036,0,3
40037,0,3
40038,0,3
40039,68,11
40040,158,15
40041,0,3
40042,0,3
40043,0,3
40044,73,11
40045,0,3
40046,64,9
40047,193,17
40048,184,10
40049,91,11
40050,119,16
40051,141,13
40052,84,14
40053,0,3
40054,0,3
40055,0,3
40056,90,8
40057,0,3
40058,0,3
40059,0,3
40060,0,3
40061,91,13
40062,149,13
40063,51,10
40064,120,7
40065,67,8
40066,161,24
40067,23,6
40068,0,3
40069,0,3
40070,56,9
40071,0,3
40072,0,3
40073,0,3
40074,131,12
40075,9,3
40076,0,3
40077,63,4
40078,70,10
40079,0,3
40080,64,11
40081,60,9
40082,110,16
40083,0,3
40084,55,7
40085,0,3
40086,0,3
40087,122,17
40088,0,3
40089,0,3
40090,136,15
40091,55,8
40092,39,8
40093,0,3
40094,150,14
40095,58,6
40096,64,6
40097,82,10
40098,0,3
40099,76,10
40100,0,3
40101,48,8
40102,92,14
40103,229,16
40104,133,14
40105,55,11
40106,73,10
40107,97,13
40108,99,14
40109,0,3
40110,0,3
40111,89,13
40112,176,14
40113,75,12
40114,0,3
40115,121,13
40116,0,3
40117,159,26
40118,157,22
40119,37,6
40120,0,3
40121,74,10
40122,74,12
40123,98,10
40124,68,7
40125,0,3
40126,75,10
40127,144,13
40128,243,27
40129,0,3
40130,0,3
40131,162,14
40132,129,8
40133,47,7
40134,59,10
40135,93,10
40136,123,15
40137,0,3
40138,0,3
40139,22,7
40140,109,13
40141,23,5
40142,1,3
40143,0,3
40144,44,11
40145,221,17
40146,35,7
40147,103,14
40148,68,5
40149,76,12
40150,68,12
40151,0,3
40152,98,14
40153,125,14
40154,18,5
40155,0,3
40156,107,15
40157,136,12
40158,66,12
40159,0,3
40160,61,9
40161,0,3
40162,75,13
40163,44,9
40164,0,3
40165,0,3
40166,162,16
40167,0,3
40168,135,16
40169,0,3
40170,79,14
40171,92,13
40172,86,14
40173,95,13
40174,0,3
40175,0,3
40176,0,3
40177,12,4
40178,0,3
40179,0,3
40180,0,3
40181,206,16
40182,0,3
40183,131,15
40184,105,10
40185,0,3
40186,249,14
40187,0,3
40188,81,10
40189,54,12
40190,28,7
40191,69,11
40192,74,12
40193,123,16
40194,70,10
40195,65,9
40196,65,11
40197,157,20
40198,92,14
40199,0,3
40200,185,16
40201,39,10
40202,0,3
40203,0,3
40204,110,17
40205,59,11
40206,87,11
40207,105,13
40208,0,3
40209,93,11
40210,0,3
40211,0,3
40212,0,3
40213,79,11
40214,0,3
40215,176,13
40216,0,3
40217,0,3
40218,40,6
40219,0,3
40220,55,8
40221,59,10
40222,0,3
40223,0,3
40224,0,3
40225,69,12
40226,14,4
40227,76,14
40228,154,18
40229,42,9
40230,40,8
40231,106,11
40232,101,14
40233,91,9
40234,68,13
40235,41,7
40236,0,3
40237,29,8
40238,76,13
40239,40,8
40240,134,17
40241,130,18
40242,0,3
40243,0,3
40244,35,7
40245,0,3
40246,0,3
40247,38,7
40248,97,12
40249,84,15
40250,0,3
40251,109,16
40252,49,12
40253,12,4
40254,76,13
40255,0,3
40256,70,9
40257,251,21
40258,58,8
40259,0,3
40260,0,3
40261,101,15
40262,184,16
40263,53,13
40264,37,7
40265,141,21
40266,84,14
40267,99,13
40268,0,3
40269,68,9
40270,0,3
40271,0,3
40272,55,13
40273,0,3
40274,0,3
40275,134,14
40276,92,11
40277,60,9
40278,22,7
40279,0,3
40280,42,7
40281,48,11
40282,32,7
40283,64,13
40284,0,3
40285,0,3
40286,0,3
40287,0,3
40288,9,6
40289,0,3
40290,193,18
40291,105,16
40292,0,3
40293,86,12
40294,0,3
40295,177,20
40296,0,3
40297,0,3
40298,43,10
40299,93,11
40300,125,16
40301,129,15
40302,0,3
40303,135,12
40304,0,3
40305,0,3
40306,0,3
40307,143,13
40308,97,15
40309,0,3
40310,0,3
40311,0,3
40312,75,10
40313,58,11
40314,74,10
40315,146,17
40316,4,3
40317,9,5
40318,0,3
40319,77,12
40320,147,13
40321,93,11
40322,66,6
40323,127,15
40324,85,16
40325,180,16
40326,103,9
40327,48,8
40328,0,3
40329,207,23
40330,66,10
40331,79,10
40332,57,13
40333,0,3
40334,42,6
40335,0,3
40336,1,3
40337,150,22
40338,0,3
40339,0,3
40340,0,3
40341,257,19
40342,170,20
40343,13,4
40344,0,3
40345,33,6
40346,117,12
40347,36,6
40348,115,11
40349,0,3
40350,38,5
40351,0,3
40352,108,15
40353,0,3
40354,0,3
40355,143,18
40356,110,18
40357,0,3
40358,193,20
40359,0,3
40360,58,5
40361,71,12
40362,94,13
40363,149,17
40364,13,3
40365,115,11
40366,0,3
40367,47,6
40368,0,3
40369,90,11
40370,79,13
40371,0,3
40372,56,7
40373,0,3
40374,153,16
40375,145,20
40376,35,7
40377,96,11
40378,105,11
40379,0,3
40380,74,14
40381,209,22
40382,0,3
40383,162,18
40384,59,10
40385,0,3
40386,88,15
40387,0,3
40388,0,3
40389,0,3
40390,64,11
40391,213,18
40392,0,3
40393,37,10
40394,81,13
40395,138,16
40396,0,3
40397,0,3
40398,190,16
40399,91,10
40400,0,3
40401,53,9
40402,71,13
40403,162,14
40404,238,19
40405,124,11
40406,158,20
40407,0,3
40408,33,6
40409,45,7
40410,61,14
40411,0,3
40412,58,13
40413,142,22
40414,0,3
40415,22,6
40416,0,3
40417,92,14
40418,135,13
40419,0,3
40420,0,3
40421,0,3
40422,82,11
40423,0,3
40424,151,18
40425,113,15
40426,0,3
40427,61,9
40428,6,3
40429,128,15
40430,0,3
40431,87,13
40432,212,17
40433,78,13
40434,0,3
40435,0,3
40436,0,3
40437,83,8
40438,0,3
40439,102,14
40440,106,12
40441,141,14
40442,136,11
40443,182,21
40444,96,14
40445,121,14
40446,0,3
40447,0,3
40448,0,3
40449,70,15
40450,0,3
40451,9,4
40452,0,3
40453,122,14
40454,0,3
40455,0,3
40456,70,9
40457,192,19
40458,72,8
40459,0,3
40460,0,3
40461,131,9
40462,161,11
40463,0,3
40464,94,13
40465,110,13
40466,6,3
40467,182,22
40468,154,15
40469,203,20
40470,108,12
40471,102,13
40472,65,8
40473,64,6
40474,0,3
40475,0,3
40476,0,3
40477,76,14
40478,156,17
40479,0,3
40480,100,18
40481,0,3
40482,0,3
40483,113,18
40484,79,8
40485,119,14
40486,66,11
40487,84,16
40488,109,12
40489,0,3
40490,51,13
40491,0,3
40492,125,18
40493,63,10
40494,87,11
40495,104,15
40496,206,24
40497,143,17
40498,0,3
40499,132,12
40500,0,3
40501,0,3
40502,114,14
40503,53,12
40504,79,10
40505,52,7
40506,99,17
40507,107,19
40508,56,8
40509,0,3
40510,0,3
40511,177,13
40512,22,6
40513,106,9
40514,0,3
40515,116,15
40516,77,9
40517,266,16
40518,87,10
40519,51,7
40520,0,3
40521,0,3
40522,228,21
40523,1,3
40524,182,17
40525,155,11
40526,41,7
40527,68,12
40528,91,18
40529,112,12
40530,0,3
40531,49,10
40532,0,3
40533,85,10
40534,31,7
40535,0,3
40536,107,12
40537,69,14
40538,114,15
40539,74,8
40540,71,16
40541,77,14
40542,0,3
40543,80,17
40544,28,3
40545,175,11
40546,11,5
40547,0,3
40548,0,3
40549,17,5
40550,72,14
40551,0,3
40552,0,3
40553,22,4
40554,10,3
40555,95,15
40556,5,3
40557,57,16
40558,237,11
40559,0,3
40560,0,3
40561,0,3
40562,108,12
40563,13,3
40564,0,3
40565,0,3
40566,108,17
40567,0,3
40568,25,8
40569,0,3
40570,96,16
40571,107,15
40572,0,3
40573,93,10
40574,43,10
40575,182,11
40576,0,3
40577,84,12
40578,76,10
40579,0,3
40580,40,8
40581,95,11
40582,0,3
40583,110,11
40584,58,8
40585,43,11
40586,60,11
40587,115,9
40588,112,17
40589,73,9
40590,83,11
40591,109,12
40592,126,19
40593,0,3
40594,38,6
40595,106,12
40596,49,10
40597,59,8
40598,0,3
40599,136,14
40600,68,12
40601,157,20
40602,142,12
40603,0,3
40604,0,3
40605,87,11
40606,114,19
40607,0,3
40608,78,11
40609,47,7
40610,71,11
40611,185,18
40612,98,10
40613,54,13
40614,117,20
40615,90,11
40616,0,3
40617,0,3
40618,63,9
40619,263,13
40620,0,3
40621,73,14
40622,0,3
40623,196,17
40624,41,5
40625,107,12
40626,106,14
40627,142,14
40628,120,18
40629,214,23
40630,159,14
40631,85,16
40632,33,3
40633,0,3
40634,0,3
40635,59,8
40636,48,12
40637,0,3
40638,46,8
40639,0,3
40640,16,5
40641,124,14
40642,0,3
40643,0,3
40644,135,14
40645,52,9
40646,0,3
40647,0,3
40648,0,3
40649,79,11
40650,0,3
40651,36,6
40652,119,16
40653,101,9
40654,100,8
40655,70,15
40656,0,3
40657,24,5
40658,0,3
40659,21,5
40660,0,3
40661,0,3
40662,0,3
40663,92,13
40664,157,20
40665,47,9
40666,0,3
40667,171,11
40668,0,3
40669,16,3
40670,69,8
40671,109,20
40672,8,3
40673,0,3
40674,116,8
40675,0,3
40676,125,16
40677,119,14
40678,298,12
40679,0,3
40680,93,12
40681,0,3
40682,92,12
40683,0,3
40684,122,15
40685,0,3
40686,0,3
40687,125,11
40688,70,12
40689,0,3
40690,0,3
40691,102,15
40692,154,15
40693,0,3
40694,0,3
40695,0,3
40696,0,3
40697,23,6
40698,0,3
40699,37,8
40700,0,3
40701,34,6
40702,116,15
40703,0,3
40704,137,20
40705,113,10
40706,70,12
40707,205,18
40708,0,3
40709,125,16
40710,130,11
40711,51,11
40712,145,17
40713,0,3
40714,0,3
40715,65,11
40716,120,13
40717,0,3
40718,81,9
40719,96,9
40720,6,3
40721,37,10
40722,146,16
40723,51,9
40724,25,1
40725,34,7
40726,0,3
40727,125,15
40728,67,10
40729,23,6
40730,0,3
40731,102,14
40732,70,13
40733,125,15
40734,7,3
40735,95,13
40736,70,15
40737,53,11
40738,39,7
40739,0,3
40740,0,3
40741,100,14
40742,0,3
40743,37,8
40744,71,10
40745,0,3
40746,0,3
40747,162,14
40748,0,3
40749,70,10
40750,112,16
40751,171,15
40752,0,3
40753,110,14
40754,154,20
40755,95,10
40756,0,3
40757,42,9
40758,205,13
40759,0,3
40760,59,10
40761,125,11
40762,116,11
40763,0,3
40764,0,3
40765,0,3
40766,49,11
40767,129,18
40768,0,3
40769,109,8
40770,0,3
40771,182,11
40772,67,10
40773,0,3
40774,103,12
40775,67,12
40776,165,11
40777,174,20
40778,0,3
40779,49,9
40780,0,3
40781,28,5
40782,0,3
40783,86,13
40784,0,3
40785,84,12
40786,0,3
40787,20,3
40788,66,9
40789,178,22
40790,295,15
40791,126,16
40792,100,12
40793,76,15
40794,15,3
40795,0,3
40796,53,7
40797,37,7
40798,89,13
40799,48,11
40800,37,9
40801,25,8
40802,83,10
40803,54,5
40804,218,21
40805,0,3
40806,84,13
40807,0,3
40808,0,3
40809,100,14
40810,0,3
40811,9,6
40812,162,19
40813,97,12
40814,65,14
40815,0,3
40816,0,3
40817,59,11
40818,0,3
40819,0,3
40820,0,3
40821,161,10
40822,0,3
40823,0,3
40824,83,10
40825,0,3
40826,135,11
40827,88,9
40828,178,21
40829,81,13
40830,8,4
40831,56,9
40832,42,9
40833,20,7
40834,0,3
40835,0,3
40836,143,18
40837,63,9
40838,0,3
40839,0,3
40840,154,18
40841,127,14
40842,57,9
40843,156,22
40844,9,4
40845,226,13
40846,0,3
40847,60,10
40848,47,9
40849,21,6
40850,115,12
40851,0,3
40852,30,7
40853,59,9
40854,108,16
40855,68,11
40856,49,10
40857,0,3
40858,0,3
40859,0,3
40860,71,15
40861,106,10
40862,106,10
40863,0,3
40864,71,11
40865,0,3
40866,168,14
40867,78,13
40868,118,10
40869,12,6
40870,0,3
40871,43,10
40872,77,13
40873,0,3
40874,0,3
40875,116,11
40876,72,11
40877,0,3
40878,68,12
40879,95,11
40880,0,3
40881,0,3
40882,0,3
40883,198,10
40884,106,19
40885,0,3
40886,113,11
40887,36,7
40888,38,6
40889,99,14
40890,0,3
40891,182,18
40892,0,3
40893,0,3
40894,0,3
40895,35,7
40896,84,12
40897,0,3
40898,61,6
40899,0,3
40900,75,10
40901,63,9
40902,0,3
40903,158,19
40904,0,3
40905,0,3
40906,117,14
40907,120,10
40908,11,3
40909,96,14
40910,0,3
40911,116,17
40912,106,10
40913,31,5
40914,143,14
40915,143,13
40916,70,11
40917,48,10
40918,45,9
40919,126,19
40920,124,12
40921,0,3
40922,0,3
40923,0,3
40924,74,13
40925,255,21
40926,0,3
40927,147,18
40928,156,15
40929,138,7
40930,0,3
40931,76,14
40932,15,4
40933,67,14
40934,107,15
40935,142,20
40936,0,3
40937,0,3
40938,137,13
40939,0,3
40940,0,3
40941,101,16
40942,0,3
40943,47,5
40944,140,14
40945,0,3
40946,76,14
40947,0,3
40948,0,3
40949,0,3
40950,184,18
40951,0,3
40952,22,4
40953,129,13
40954,0,3
40955,0,3
40956,143,16
40957,139,12
40958,11,5
40959,54,10
40960,144,17
40961,0,3
40962,0,3
40963,0,3
40964,123,14
40965,108,16
40966,0,3
40967,0,3
40968,0,3
40969,93,11
40970,17,3
40971,0,3
40972,54,9
40973,0,3
40974,132,16
40975,0,3
40976,59,9
40977,79,9
40978,0,3
40979,0,3
40980,81,15
40981,0,3
40982,0,3
40983,123,14
40984,0,3
40985,98,11
40986,0,3
40987,124,15
40988,143,17
40989,0,3
40990,130,14
40991,0,3
40992,0,3
40993,0,3
40994,76,9
40995,0,3
40996,0,3
40997,102,12
40998,0,3
40999,113,17
41000,0,3
41001,62,11
41002,1,2
41003,0,3
41004,62,15
41005,0,3
41006,0,3
41007,32,8
41008,0,3
41009,63,11
41010,0,3
41011,180,11
41012,0,3
41013,0,3
41014,0,3
41015,0,3
41016,163,20
41017,116,12
41018,137,16
41019,121,15
41020,0,3
41021,255,10
41022,9,4
41023,81,7
41024,116,14
41025,0,3
41026,0,3
41027,153,22
41028,158,15
41029,95,12
41030,0,3
41031,5,3
41032,115,12
41033,0,3
41034,0,3
41035,93,13
41036,0,3
41037,0,3
41038,0,3
41039,0,3
41040,138,10
41041,0,3
41042,0,3
41043,92,15
41044,0,3
41045,120,14
41046,51,9
41047,0,3
41048,100,12
41049,221,17
41050,0,3
41051,0,3
41052,0,3
41053,0,3
41054,46,8
41055,0,3
41056,0,3
41057,128,11
41058,0,3
41059,0,3
41060,0,3
41061,0,3
41062,120,14
41063,0,3
41064,4,4
41065,0,3
41066,0,3
41067,121,14
41068,120,15
41069,0,3
41070,110,18
41071,103,14
41072,0,3
41073,4,3
41074,169,15
41075,0,3
41076,339,13
41077,182,11
41078,89,7
41079,85,13
41080,0,3
41081,136,13
41082,49,8
41083,93,11
41084,0,3
41085,109,9
41086,84,12
41087,109,14
41088,106,14
41089,88,9
41090,0,3
41091,107,11
41092,0,3
41093,121,12
41094,149,12
41095,0,3
41096,0,3
41097,0,3
41098,86,17
41099,0,3
41100,0,3
41101,120,18
41102,140,19
41103,0,3
41104,0,3
41105,104,14
41106,22,6
41107,86,16
41108,146,15
41109,22,5
41110,0,3
41111,50,6
41112,0,3
41113,0,3
41114,129,12
41115,0,3
41116,85,13
41117,37,7
41118,0,3
41119,171,11
41120,23,6
41121,52,9
41122,17,5
41123,0,3
41124,106,17
41125,0,3
41126,0,3
41127,175,14
41128,118,16
41129,127,16
41130,47,7
41131,0,3
41132,127,12
41133,164,15
41134,0,3
41135,116,16
41136,133,10
41137,92,13
41138,38,11
41139,154,15
41140,95,14
41141,0,3
41142,101,13
41143,130,13
41144,59,12
41145,59,10
41146,106,13
41147,0,3
41148,130,17
41149,81,13
41150,0,3
41151,65,9
41152,163,18
41153,61,12
41154,137,16
41155,0,3
41156,0,3
41157,192,19
41158,0,3
41159,55,5
41160,146,17
41161,95,14
41162,182,13
41163,72,10
41164,0,3
41165,0,3
41166,128,10
41167,38,5
41168,0,3
41169,0,3
41170,0,3
41171,13,5
41172,77,14
41173,86,11
41174,4,3
41175,0,3
41176,0,3
41177,182,20
41178,150,18
41179,121,13
41180,0,3
41181,17,4
41182,172,11
41183,0,3
41184,63,12
41185,105,8
41186,191,18
41187,102,15
41188,98,12
41189,39,5
41190,158,17
41191,72,13
41192,35,10
41193,78,13
41194,0,3
41195,20,8
41196,96,6
41197,35,8
41198,115,15
41199,0,3
41200,0,3
41201,0,3
41202,0,3
41203,0,3
41204,20,3
41205,171,13
41206,50,9
41207,57,9
41208,72,10
41209,29,7
41210,68,12
41211,0,3
41212,135,16
41213,0,3
41214,0,3
41215,47,8
41216,57,9
41217,90,12
41218,126,16
41219,140,15
41220,0,3
41221,98,15
41222,0,3
41223,126,15
41224,29,8
41225,0,3
41226,47,10
41227,0,3
41228,83,14
41229,135,18
41230,250,17
41231,0,3
41232,0,3
41233,0,3
41234,0,3
41235,116,10
41236,0,3
41237,126,18
41238,69,10
41239,82,12
41240,178,8
41241,81,13
41242,102,15
41243,0,3
41244,140,15
41245,0,3
41246,0,3
41247,0,3
41248,0,3
41249,153,21
41250,72,5
41251,0,3
41252,15,4
41253,55,8
41254,72,11
41255,87,13
41256,117,19
41257,0,3
41258,0,3
41259,0,3
41260,23,7
41261,6,3
41262,78,14
41263,175,17
41264,191,12
41265,0,3
41266,114,11
41267,106,5
41268,314,10
41269,114,16
41270,161,12
41271,0,3
41272,0,3
41273,0,3
41274,16,4
41275,0,3
41276,35,9
41277,25,6
41278,8,4
41279,86,13
41280,179,18
41281,111,11
41282,0,3
41283,0,3
41284,133,20
41285,153,13
41286,103,11
41287,146,12
41288,316,16
41289,101,10
41290,0,3
41291,261,19
41292,86,16
41293,130,10
41294,0,3
41295,46,8
41296,4,3
41297,130,16
41298,0,3
41299,127,20
41300,0,3
41301,106,12
41302,0,3
41303,0,3
41304,0,3
41305,164,15
41306,10,4
41307,155,19
41308,0,3
41309,149,16
41310,0,3
41311,0,3
41312,0,3
41313,112,17
41314,0,3
41315,44,5
41316,24,8
41317,79,16
41318,82,12
41319,77,11
41320,0,3
41321,63,10
41322,0,3
41323,0,3
41324,37,6
41325,0,3
41326,137,14
41327,105,16
41328,54,8
41329,0,3
41330,95,11
41331,42,8
41332,220,17
41333,68,12
41334,42,11
41335,126,12
41336,155,5
41337,88,12
41338,127,12
41339,0,3
41340,0,3
41341,15,3
41342,0,3
41343,31,5
41344,107,12
41345,275,21
41346,108,12
41347,100,13
41348,122,9
41349,160,15
41350,68,8
41351,9,4
41352,56,9
41353,176,21
41354,0,3
41355,0,3
41356,110,13
41357,86,11
41358,61,7
41359,0,3
41360,1,3
41361,81,8
41362,0,3
41363,58,11
41364,0,3
41365,153,21
41366,106,14
41367,188,18
41368,0,3
41369,1,3
41370,70,11
41371,0,3
41372,14,6
41373,111,9
41374,87,11
41375,42,8
41376,96,11
41377,0,3
41378,0,3
41379,152,10
41380,0,3
41381,86,11
41382,0,3
41383,0,3
41384,55,11
41385,0,3
41386,0,3
41387,66,8
41388,165,17
41389,212,17
41390,131,10
41391,105,15
41392,74,10
41393,0,3
41394,0,3
41395,0,3
41396,0,3
41397,34,5
41398,51,7
41399,74,13
41400,135,11
41401,135,18
41402,0,3
41403,93,11
41404,98,15
41405,126,18
41406,107,9
41407,0,3
41408,54,7
41409,0,3
41410,77,13
41411,0,3
41412,153,18
41413,131,17
41414,0,3
41415,68,14
41416,0,3
41417,0,3
41418,100,9
41419,0,3
41420,0,3
41421,0,3
41422,80,12
41423,0,3
41424,0,3
41425,0,3
41426,0,3
41427,0,3
41428,79,13
41429,167,17
41430,136,10
41431,157,13
41432,215,19
41433,0,3
41434,233,19
41435,0,3
41436,83,12
41437,0,3
41438,87,12
41439,0,3
41440,0,3
41441,103,8
41442,0,3
41443,0,3
41444,0,3
41445,210,21
41446,106,13
41447,107,15
41448,0,3
41449,0,3
41450,57,9
41451,83,10
41452,0,3
41453,0,3
41454,0,3
41455,6,3
41456,0,3
41457,0,3
41458,0,3
41459,64,11
41460,57,10
41461,91,12
41462,117,17
41463,0,3
41464,56,12
41465,97,15
41466,0,3
41467,36,6
41468,101,12
41469,125,13
41470,0,3
41471,216,12
41472,0,3
41473,0,3
41474,134,15
41475,103,13
41476,1,3
41477,231,8
41478,99,12
41479,116,14
41480,126,15
41481,0,3
41482,0,3
41483,125,14
41484,0,3
41485,99,9
41486,0,3
41487,136,17
41488,84,16
41489,40,10
41490,0,3
41491,82,8
41492,102,13
41493,0,3
41494,231,20
41495,151,19
41496,72,13
41497,153,20
41498,143,15
41499,55,11
41500,0,3
41501,125,15
41502,0,3
41503,69,8
41504,61,11
41505,106,14
41506,12,6
41507,177,14
41508,0,3
41509,51,11
41510,219,25
41511,0,3
41512,0,3
41513,90,14
41514,0,3
41515,259,20
41516,0,3
41517,0,3
41518,0,3
41519,0,3
41520,87,12
41521,126,16
41522,167,16
41523,53,7
41524,0,3
41525,154,16
41526,67,4
41527,107,9
41528,0,3
41529,0,3
41530,125,21
41531,76,10
41532,0,3
41533,98,14
41534,197,15
41535,77,12
41536,31,8
41537,168,15
41538,133,15
41539,83,9
41540,3,3
41541,88,16
41542,0,3
41543,0,3
41544,0,3
41545,227,21
41546,127,7
41547,0,3
41548,71,11
41549,0,3
41550,227,16
41551,49,13
41552,0,3
41553,0,3
41554,93,13
41555,0,3
41556,41,8
41557,61,10
41558,89,11
41559,48,7
41560,145,15
41561,0,3
41562,0,3
41563,0,3
41564,114,14
41565,0,3
41566,203,19
41567,322,7
41568,94,15
41569,27,7
41570,94,12
41571,96,15
41572,0,3
41573,116,15
41574,0,3
41575,108,15
41576,55,8
41577,107,10
41578,157,6
41579,4,3
41580,18,5
41581,0,3
41582,0,3
41583,62,6
41584,79,13
41585,123,16
41586,2,3
41587,0,3
41588,66,9
41589,85,12
41590,124,9
41591,65,13
41592,50,8
41593,0,3
41594,31,7
41595,92,10
41596,146,15
41597,78,12
41598,124,19
41599,0,3
41600,106,14
41601,26,7
41602,0,3
41603,0,3
41604,0,3
41605,35,8
41606,133,13
41607,89,15
41608,0,3
41609,0,3
41610,36,6
41611,0,3
41612,0,3
41613,77,16
41614,33,6
41615,0,3
41616,0,3
41617,0,3
41618,136,17
41619,109,13
41620,72,10
41621,23,5
41622,45,9
41623,45,10
41624,0,3
41625,231,9
41626,71,10
41627,88,10
41628,46,7
41629,0,3
41630,108,11
41631,0,3
41632,0,3
41633,110,13
41634,0,3
41635,119,8
41636,0,3
41637,0,3
41638,0,3
41639,40,8
41640,186,18
41641,64,13
41642,103,13
41643,0,3
41644,114,11
41645,0,3
41646,0,3
41647,261,21
41648,91,15
41649,102,12
41650,98,12
41651,0,3
41652,58,10
41653,70,11
41654,0,3
41655,163,22
41656,0,3
41657,86,8
41658,19,5
41659,0,3
41660,78,15
41661,3,3
41662,69,10
41663,6,4
41664,0,3
41665,68,6
41666,0,3
41667,60,8
41668,166,17
41669,45,4
41670,0,3
41671,28,8
41672,164,13
41673,51,9
41674,50,7
41675,177,21
41676,24,6
41677,123,12
41678,89,13
41679,31,6
41680,69,13
41681,0,3
41682,0,3
41683,0,3
41684,0,3
41685,0,3
41686,93,11
41687,26,7
41688,129,16
41689,164,18
41690,70,11
41691,115,13
41692,0,3
41693,0,3
41694,85,11
41695,75,10
41696,174,20
41697,100,12
41698,0,3
41699,213,17
41700,27,6
41701,126,14
41702,0,3
41703,101,12
41704,0,3
41705,32,8
41706,202,17
41707,84,8
41708,0,3
41709,106,14
41710,0,3
41711,0,3
41712,63,10
41713,0,3
41714,0,3
41715,86,10
41716,44,10
41717,51,8
41718,0,3
41719,0,3
41720,0,3
41721,0,3
41722,122,16
41723,53,9
41724,0,3
41725,61,11
41726,186,21
41727,64,9
41728,121,15
41729,0,3
41730,0,3
41731,60,13
41732,0,3
41733,0,3
41734,0,3
41735,61,7
41736,0,3
41737,33,5
41738,257,5
41739,159,14
41740,0,3
41741,0,3
41742,142,13
41743,179,15
41744,37,6
41745,77,15
41746,71,7
41747,0,3
41748,112,5
41749,41,9
41750,140,16
41751,0,3
41752,164,14
41753,122,14
41754,0,3
41755,110,6
41756,0,3
41757,166,21
41758,0,3
41759,65,8
41760,56,8
41761,127,10
41762,185,16
41763,0,3
41764,0,3
41765,74,10
41766,36,8
41767,54,11
41768,0,3
41769,13,6
41770,0,3
41771,102,12
41772,0,3
41773,102,13
41774,85,13
41775,149,23
41776,0,3
41777,95,8
41778,0,3
41779,0,3
41780,0,3
41781,64,13
41782,158,16
41783,36,8
41784,77,11
41785,69,10
41786,66,10
41787,0,3
41788,121,14
41789,76,7
41790,0,3
41791,120,12
41792,83,10
41793,0,3
41794,125,7
41795,0,3
41796,0,3
41797,169,12
41798,41,7
41799,0,3
41800,118,14
41801,0,3
41802,80,10
41803,129,18
41804,88,6
41805,115,17
41806,66,4
41807,76,10
41808,99,11
41809,57,7
41810,92,7
41811,0,3
41812,59,9
41813,108,14
41814,0,3
41815,0,3
41816,68,11
41817,47,9
41818,50,8
41819,136,17
41820,175,19
41821,106,14
41822,0,3
41823,151,17
41824,0,3
41825,24,8
41826,120,13
41827,153,17
41828,88,8
41829,0,3
41830,145,15
41831,76,13
41832,100,12
41833,110,8
41834,45,6
41835,0,3
41836,111,15
41837,87,7
41838,0,3
41839,135,16
41840,0,3
41841,109,14
41842,39,4
41843,0,3
41844,0,3
41845,0,3
41846,0,3
41847,4,3
41848,0,3
41849,0,3
41850,0,3
41851,0,3
41852,262,27
41853,0,3
41854,18,4
41855,97,11
41856,0,3
41857,163,7
41858,94,10
41859,153,23
41860,0,3
41861,81,13
41862,116,13
41863,163,14
41864,161,17
41865,0,3
41866,28,7
41867,0,3
41868,61,8
41869,77,11
41870,57,8
41871,22,5
41872,0,3
41873,114,12
41874,0,3
41875,0,3
41876,51,10
41877,40,5
41878,92,19
41879,205,23
41880,0,3
41881,0,3
41882,64,13
41883,0,3
41884,46,8
41885,0,3
41886,0,3
41887,0,3
41888,0,3
41889,29,6
41890,104,16
41891,0,3
41892,32,9
41893,154,15
41894,0,3
41895,74,9
41896,0,3
41897,274,11
41898,52,7
41899,153,20
41900,0,3
41901,27,3
41902,47,9
41903,0,3
41904,170,13
41905,176,12
41906,0,3
41907,128,14
41908,0,3
41909,13,5
41910,54,12
41911,0,3
41912,55,11
41913,120,14
41914,0,3
41915,94,12
41916,124,17
41917,92,10
41918,11,4
41919,113,15
41920,87,12
41921,0,3
41922,0,3
41923,139,19
41924,91,14
41925,92,13
41926,172,19
41927,0,3
41928,82,13
41929,106,14
41930,139,15
41931,0,3
41932,157,10
41933,76,8
41934,91,12
41935,102,12
41936,211,16
41937,0,3
41938,18,3
41939,0,3
41940,75,11
41941,131,14
41942,0,3
41943,93,11
41944,93,11
41945,82,14
41946,130,10
41947,148,19
41948,0,3
41949,87,11
41950,0,3
41951,0,3
41952,70,11
41953,107,15
41954,0,3
41955,36,8
41956,21,4
41957,83,13
41958,71,14
41959,21,6
41960,48,7
41961,0,3
41962,233,11
41963,100,12
41964,96,12
41965,20,6
41966,25,5
41967,155,18
41968,143,13
41969,0,3
41970,0,3
41971,120,10
41972,40,3
41973,62,12
41974,0,3
41975,0,3
41976,43,9
41977,14,4
41978,42,7
41979,314,17
41980,0,3
41981,0,3
41982,165,12
41983,69,12
41984,90,14
41985,12,6
41986,174,16
41987,0,3
41988,0,3
41989,0,3
41990,0,3
41991,0,3
41992,0,3
41993,64,10
41994,122,17
41995,151,15
41996,130,9
41997,70,10
41998,214,23
41999,193,23
42000,118,14
42001,0,3
42002,0,3
42003,0,3
42004,35,3
42005,69,13
42006,0,3
42007,158,11
42008,0,3
42009,0,3
42010,36,11
42011,16,5
42012,0,3
42013,0,3
42014,0,3
42015,48,8
42016,165,21
42017,0,3
42018,97,12
42019,268,22
42020,85,12
42021,0,3
42022,43,7
42023,78,11
42024,158,12
42025,47,7
42026,0,3
42027,84,14
42028,102,18
42029,0,3
42030,81,14
42031,104,16
42032,81,14
42033,124,15
42034,128,14
42035,0,3
42036,67,11
42037,56,9
42038,122,18
42039,186,18
42040,107,14
42041,154,17
42042,72,13
42043,0,3
42044,0,3
42045,137,12
42046,111,13
42047,202,14
42048,125,11
42049,170,17
42050,0,3
42051,148,16
42052,110,12
42053,0,3
42054,126,10
42055,0,3
42056,81,11
42057,0,3
42058,186,20
42059,88,11
42060,47,7
42061,233,12
42062,144,21
42063,0,3
42064,106,12
42065,0,3
42066,68,6
42067,72,15
42068,55,8
42069,0,3
42070,84,9
42071,93,10
42072,87,9
42073,0,3
42074,0,3
42075,98,13
42076,95,14
42077,269,11
42078,100,12
42079,50,11
42080,132,11
42081,221,11
42082,112,11
42083,165,12
42084,52,9
42085,51,6
42086,149,16
42087,0,3
42088,90,10
42089,254,6
42090,0,3
42091,0,3
42092,249,15
42093,0,3
42094,55,9
42095,67,12
42096,0,3
42097,0,3
42098,0,3
42099,0,3
42100,90,13
42101,104,13
42102,3,3
42103,24,5
42104,129,19
42105,166,17
42106,107,20
42107,139,16
42108,0,3
42109,57,8
42110,0,3
42111,162,18
42112,92,11
42113,121,10
42114,265,19
42115,0,3
42116,0,3
42117,64,13
42118,133,13
42119,0,3
42120,0,3
42121,160,17
42122,158,14
42123,130,17
42124,129,15
42125,153,14
42126,10,4
42127,157,10
42128,78,12
42129,158,21
42130,193,13
42131,0,3
42132,0,3
42133,0,3
42134,47,10
42135,0,3
42136,75,13
42137,58,13
42138,83,12
42139,0,3
42140,111,10
42141,101,14
42142,54,12
42143,0,3
42144,72,11
42145,0,3
42146,128,13
42147,105,11
42148,172,10
42149,21,5
42150,0,3
42151,81,10
42152,120,13
42153,0,3
42154,30,4
42155,150,17
42156,0,3
42157,127,18
42158,0,3
42159,0,3
42160,0,3
42161,0,3
42162,0,3
42163,0,3
42164,0,3
42165,161,14
42166,211,22
42167,97,8
42168,149,13
42169,0,3
42170,76,10
42171,144,15
42172,0,3
42173,49,11
42174,0,3
42175,0,3
42176,0,3
42177,19,6
42178,0,3
42179,82,12
42180,148,16
42181,117,13
42182,0,3
42183,0,3
42184,77,11
42185,0,3
42186,206,13
42187,0,3
42188,110,15
42189,0,3
42190,215,20
42191,36,5
42192,136,14
42193,121,15
42194,0,3
42195,0,3
42196,128,15
42197,0,3
42198,0,3
42199,90,10
42200,75,5
42201,100,16
42202,38,7
42203,0,3
42204,0,3
42205,100,13
42206,0,3
42207,0,3
42208,126,17
42209,136,13
42210,50,9
42211,114,6
42212,241,18
42213,40,5
42214,185,21
42215,0,3
42216,93,12
42217,0,3
42218,0,3
42219,239,23
42220,99,11
42221,0,3
42222,11,4
42223,129,16
42224,0,3
42225,141,17
42226,0,3
42227,182,18
42228,45,9
42229,166,8
42230,0,3
42231,63,12
42232,0,3
42233,0,3
42234,77,11
42235,0,3
42236,139,18
42237,101,12
42238,0,3
42239,68,9
42240,63,14
42241,197,18
42242,172,19
42243,113,13
42244,96,12
42245,46,9
42246,0,3
42247,0,3
42248,79,13
42249,30,8
42250,77,9
42251,110,14
42252,27,7
42253,45,7
42254,64,9
42255,0,3
42256,0,3
42257,0,3
42258,153,16
42259,0,3
42260,161,16
42261,0,3
42262,58,8
42263,22,3
42264,0,3
42265,247,13
42266,144,21
42267,87,11
42268,152,14
42269,94,14
42270,156,18
42271,140,12
42272,65,8
42273,162,20
42274,175,17
42275,120,16
42276,0,3
42277,89,11
42278,0,3
42279,15,4
42280,116,11
42281,0,3
42282,0,3
42283,0,3
42284,72,11
42285,0,3
42286,78,6
42287,70,12
42288,91,12
42289,0,3
42290,18,5
42291,91,10
42292,0,3
42293,50,6
42294,0,3
42295,0,3
42296,100,12
42297,69,13
42298,186,18
42299,0,3
42300,102,11
42301,152,11
42302,120,15
42303,88,10
42304,0,3
42305,96,13
42306,0,3
42307,138,14
42308,30,5
42309,79,16
42310,176,18
42311,116,7
42312,39,8
42313,156,17
42314,0,3
42315,195,20
42316,160,16
42317,192,20
42318,86,9
42319,97,17
42320,0,3
42321,0,3
42322,125,22
42323,139,17
42324,286,6
42325,156,21
42326,153,17
42327,37,6
42328,0,3
42329,0,3
42330,45,11
42331,19,6
42332,63,13
42333,0,3
42334,96,11
42335,78,10
42336,65,13
42337,0,3
42338,138,18
42339,0,3
42340,0,3
42341,61,13
42342,0,3
42343,74,11
42344,53,6
42345,0,3
42346,0,3
42347,155,19
42348,0,3
42349,0,3
42350,118,13
42351,126,15
42352,58,8
42353,0,3
42354,113,10
42355,0,3
42356,0,3
42357,55,11
42358,96,17
42359,0,3
42360,120,13
42361,95,13
42362,77,12
42363,177,15
42364,78,10
42365,0,3
42366,45,12
42367,0,3
42368,0,3
42369,107,15
42370,89,12
42371,0,3
42372,0,3
42373,140,13
42374,59,12
42375,0,3
42376,0,3
42377,115,16
42378,0,3
42379,0,3
42380,0,3
42381,0,3
42382,162,16
42383,0,3
42384,0,3
42385,0,3
42386,55,8
42387,0,3
42388,20,5
42389,90,10
42390,23,4
42391,121,12
42392,27,5
42393,22,6
42394,0,3
42395,9,3
42396,119,7
42397,132,17
42398,77,13
42399,0,3
42400,81,13
42401,126,12
42402,4,3
42403,107,5
42404,91,14
42405,0,3
42406,141,14
42407,0,3
42408,135,17
42409,0,3
42410,75,5
42411,91,13
42412,121,12
42413,93,14
42414,172,13
42415,0,3
42416,131,20
42417,0,3
42418,13,5
42419,0,3
42420,348,22
42421,103,12
42422,39,9
42423,54,10
42424,102,13
42425,0,3
42426,159,15
42427,0,3
42428,116,14
42429,190,16
42430,33,7
42431,0,3
42432,28,9
42433,0,3
42434,3,3
42435,134,13
42436,25,7
42437,42,8
42438,0,3
42439,0,3
42440,84,14
42441,0,3
42442,0,3
42443,203,11
42444,169,23
42445,34,5
42446,120,17
42447,0,3
42448,0,3
42449,103,10
42450,0,3
42451,94,15
42452,0,3
42453,287,15
42454,0,3
42455,152,17
42456,111,9
42457,0,3
42458,114,12
42459,116,15
42460,130,13
42461,114,15
42462,107,13
42463,100,12
42464,0,3
42465,124,13
42466,0,3
42467,55,4
42468,96,17
42469,0,3
42470,0,3
42471,151,18
42472,75,13
42473,25,6
42474,140,17
42475,0,3
42476,144,18
42477,140,16
42478,72,12
42479,0,3
42480,0,3
42481,126,11
42482,166,19
42483,88,9
42484,0,3
42485,0,3
42486,132,14
42487,0,3
42488,63,15
42489,107,13
42490,0,3
42491,63,12
42492,77,12
42493,0,3
42494,75,9
42495,120,17
42496,0,3
42497,45,6
42498,19,8
42499,0,3
42500,40,8
42501,0,3
42502,0,3
42503,0,3
42504,0,3
42505,0,3
42506,85,6
42507,128,14
42508,48,14
42509,134,17
42510,117,22
42511,47,7
42512,17,6
42513,131,17
42514,72,14
42515,0,3
42516,75,11
42517,0,3
42518,3,3
42519,146,17
42520,222,18
42521,0,3
42522,201,13
42523,0,3
42524,0,3
42525,0,3
42526,159,13
42527,105,11
42528,7,4
42529,98,10
42530,79,10
42531,143,16
42532,116,13
42533,77,12
42534,0,3
42535,96,15
42536,0,3
42537,154,15
42538,0,3
42539,43,7
42540,0,3
42541,147,21
42542,79,11
42543,88,15
42544,0,3
42545,36,11
42546,77,11
42547,159,8
42548,131,17
42549,106,14
42550,43,8
42551,89,11
42552,102,15
42553,0,3
42554,0,3
42555,170,17
42556,99,9
42557,39,8
42558,0,3
42559,189,19
42560,0,3
42561,131,17
42562,66,14
42563,0,3
42564,0,3
42565,505,7
42566,191,15
42567,108,17
42568,160,15
42569,0,3
42570,0,3
42571,0,3
42572,111,11
42573,0,3
42574,0,3
42575,20,6
42576,0,3
42577,140,16
42578,0,3
42579,0,3
42580,210,11
42581,0,3
42582,97,11
42583,114,12
42584,0,3
42585,0,3
42586,283,11
42587,113,16
42588,0,3
42589,122,13
42590,0,3
42591,0,3
42592,118,12
42593,92,16
42594,97,7
42595,70,12
42596,0,3
42597,0,3
42598,228,26
42599,21,7
42600,100,15
42601,92,7
42602,113,8
42603,0,3
42604,0,3
42605,0,3
42606,50,11
42607,70,11
42608,124,13
42609,128,11
42610,0,3
42611,0,3
42612,38,5
42613,45,6
42614,0,3
42615,152,18
42616,59,11
42617,193,18
42618,0,3
42619,126,15
42620,67,13
42621,56,13
42622,0,3
42623,0,3
42624,0,3
42625,136,20
42626,105,13
42627,62,11
42628,0,3
42629,80,12
42630,162,14
42631,53,9
42632,93,15
42633,0,3
42634,28,7
42635,164,17
42636,28,5
42637,0,3
42638,0,3
42639,102,11
42640,141,17
42641,0,3
42642,165,19
42643,114,9
42644,48,7
42645,0,3
42646,117,17
42647,155,14
42648,155,15
42649,0,3
42650,0,3
42651,78,12
42652,98,12
42653,0,3
42654,166,10
42655,33,8
42656,0,3
42657,110,16
42658,0,3
42659,0,3
42660,117,18
42661,0,3
42662,101,15
42663,81,10
42664,0,3
42665,0,3
42666,142,13
42667,0,3
42668,134,18
42669,289,17
42670,0,3
42671,117,14
42672,142,18
42673,0,3
42674,110,15
42675,0,3
42676,13,4
42677,15,4
42678,66,12
42679,0,3
42680,0,3
42681,176,20
42682,98,15
42683,115,13
42684,0,3
42685,128,13
42686,0,3
42687,0,3
42688,0,3
42689,133,15
42690,69,13
42691,131,13
42692,114,13
42693,144,16
42694,140,18
42695,0,3
42696,122,13
42697,151,16
42698,129,17
42699,0,3
42700,181,16
42701,130,19
42702,255,23
42703,130,10
42704,112,16
42705,0,3
42706,0,3
42707,0,3
42708,29,6
42709,20,6
42710,23,4
42711,0,3
42712,0,3
42713,85,13
42714,26,4
42715,63,11
42716,0,3
42717,0,3
42718,0,3
42719,0,3
42720,57,8
42721,0,3
42722,44,9
42723,80,12
42724,88,15
42725,120,14
42726,0,3
42727,0,3
42728,0,3
42729,78,10
42730,74,13
42731,0,3
42732,0,3
42733,0,3
42734,0,3
42735,218,20
42736,117,13
42737,41,7
42738,4,3
42739,81,8
42740,0,3
42741,159,12
42742,0,3
42743,0,3
42744,0,3
42745,78,7
42746,21,5
42747,0,3
42748,0,3
42749,121,14
42750,183,25
42751,0,3
42752,98,13
42753,0,3
42754,94,14
42755,160,13
42756,0,3
42757,407,16
42758,0,3
42759,0,3
42760,6,3
42761,0,3
42762,0,3
42763,115,13
42764,0,3
42765,34,8
42766,4,3
42767,0,3
42768,17,7
42769,240,14
42770,0,3
42771,118,17
42772,0,3
42773,147,16
42774,90,8
42775,0,3
42776,121,14
42777,173,10
42778,0,3
42779,0,3
42780,75,11
42781,0,3
42782,0,3
42783,77,10
42784,22,5
42785,0,3
42786,111,11
42787,0,3
42788,138,8
42789,19,3
42790,0,3
42791,148,16
42792,38,5
42793,100,13
42794,0,3
42795,124,14
42796,142,21
42797,0,3
42798,135,15
42799,148,20
42800,0,3
42801,0,3
42802,0,3
42803,92,12
42804,113,13
42805,177,26
42806,0,3
42807,73,14
42808,0,3
42809,0,3
42810,65,14
42811,77,7
42812,0,3
42813,156,13
42814,29,7
42815,0,3
42816,154,16
42817,250,23
42818,70,11
42819,0,3
42820,111,17
42821,175,15
42822,151,16
42823,189,20
42824,77,7
42825,191,19
42826,32,6
42827,2,4
42828,103,11
42829,42,5
42830,0,3
42831,30,5
42832,66,11
42833,0,3
42834,43,9
42835,0,3
42836,80,13
42837,0,3
42838,119,17
42839,151,14
42840,0,3
42841,0,3
42842,136,19
42843,0,3
42844,97,13
42845,48,13
42846,199,17
42847,152,13
42848,126,12
42849,162,20
42850,0,3
42851,0,3
42852,116,16
42853,19,4
42854,198,19
42855,79,10
42856,0,3
42857,146,9
42858,0,3
42859,0,3
42860,46,8
42861,39,9
42862,0,3
42863,32,9
42864,0,3
42865,162,21
42866,184,11
42867,147,14
42868,0,3
42869,59,13
42870,117,16
42871,76,15
42872,0,3
42873,0,3
42874,176,16
42875,122,18
42876,0,3
42877,0,3
42878,0,3
42879,105,17
42880,0,3
42881,94,11
42882,0,3
42883,61,8
42884,43,7
42885,103,16
42886,0,3
42887,0,3
42888,128,16
42889,0,3
42890,0,3
42891,0,3
42892,0,3
42893,82,6
42894,0,3
42895,0,3
42896,164,6
42897,32,5
42898,0,3
42899,123,19
42900,124,13
42901,122,14
42902,160,11
42903,0,3
42904,0,3
42905,0,3
42906,167,20
42907,122,8
42908,0,3
42909,0,3
42910,7,3
42911,188,19
42912,78,12
42913,88,16
42914,61,12
42915,148,13
42916,1,3
42917,86,13
42918,0,3
42919,0,3
42920,0,3
42921,78,14
42922,12,4
42923,0,3
42924,75,13
42925,0,3
42926,15,5
42927,31,7
42928,179,16
42929,101,11
42930,0,3
42931,39,9
42932,0,3
42933,0,3
42934,0,3
42935,159,17
42936,0,3
42937,154,19
42938,70,14
42939,282,28
42940,80,13
42941,0,3
42942,0,3
42943,146,16
42944,60,8
42945,0,3
42946,140,17
42947,0,3
42948,0,3
42949,304,12
42950,0,3
42951,38,6
42952,195,8
42953,184,21
42954,0,3
42955,80,14
42956,16,5
42957,103,12
42958,0,3
42959,98,12
42960,0,3
42961,115,10
42962,166,19
42963,0,3
42964,71,10
42965,0,3
42966,0,3
42967,110,12
42968,0,3
42969,62,10
42970,80,10
42971,33,6
42972,0,3
42973,81,12
42974,125,17
42975,0,3
42976,198,16
42977,63,11
42978,159,14
42979,0,3
42980,0,3
42981,85,8
42982,124,16
42983,108,16
42984,0,3
42985,94,11
42986,21,7
42987,0,3
42988,78,12
42989,0,3
42990,0,3
42991,110,15
42992,0,3
42993,40,7
42994,15,5
42995,37,5
42996,0,3
42997,144,11
42998,21,5
42999,0,3
43000,0,3
43001,122,18
43002,141,16
43003,206,16
43004,23,8
43005,0,3
43006,0,3
43007,0,3
43008,97,11
43009,743,14
43010,171,19
43011,134,14
43012,33,5
43013,0,3
43014,35,5
43015,142,16
43016,0,3
43017,99,13
43018,47,7
43019,232,7
43020,14,4
43021,35,5
43022,146,18
43023,93,9
43024,72,8
43025,78,10
43026,0,3
43027,164,18
43028,67,7
43029,0,3
43030,0,3
43031,40,7
43032,182,20
43033,0,3
43034,0,3
43035,0,3
43036,103,11
43037,0,3
43038,193,16
43039,90,10
43040,44,7
43041,0,3
43042,0,3
43043,111,15
43044,0,3
43045,0,3
43046,42,5
43047,59,8
43048,110,17
43049,0,3
43050,0,3
43051,0,3
43052,87,5
43053,0,3
43054,101,14
43055,116,14
43056,0,3
43057,28,3
43058,0,3
43059,99,11
43060,85,13
43061,122,14
43062,52,10
43063,77,11
43064,113,14
43065,218,16
43066,0,3
43067,0,3
43068,23,3
43069,196,15
43070,175,17
43071,255,14
43072,149,13
43073,88,11
43074,0,3
43075,0,3
43076,146,15
43077,99,15
43078,0,3
43079,0,3
43080,194,16
43081,25,5
43082,175,14
43083,0,3
43084,0,3
43085,0,3
43086,30,6
43087,119,17
43088,0,3
43089,0,3
43090,0,3
43091,0,3
43092,0,3
43093,103,13
43094,67,10
43095,55,9
43096,0,3
43097,0,3
43098,21,7
43099,149,14
43100,137,11
43101,74,12
43102,217,20
43103,108,14
43104,0,3
43105,98,16
43106,39,7
43107,57,10
43108,0,3
43109,61,8
43110,136,10
43111,207,9
43112,203,9
43113,0,3
43114,137,20
43115,57,9
43116,137,15
43117,75,10
43118,196,26
43119,261,25
43120,203,14
43121,62,6
43122,151,18
43123,0,3
43124,168,17
43125,136,15
43126,229,18
43127,0,3
43128,80,9
43129,0,3
43130,81,9
43131,100,11
43132,222,15
43133,94,12
43134,172,16
43135,0,3
43136,0,3
43137,189,25
43138,0,3
43139,0,3
43140,0,3
43141,0,3
43142,0,3
43143,0,3
43144,99,11
43145,0,3
43146,0,3
43147,0,3
43148,127,13
43149,0,3
43150,0,3
43151,0,3
43152,0,3
43153,55,7
43154,123,17
43155,0,3
43156,95,16
43157,161,21
43158,54,11
43159,37,9
43160,204,19
43161,8,3
43162,88,10
43163,0,3
43164,173,14
43165,68,9
43166,108,12
43167,19,6
43168,0,3
43169,58,12
43170,84,14
43171,0,3
43172,189,19
43173,97,12
43174,0,3
43175,8,4
43176,0,3
43177,186,20
43178,0,3
43179,0,3
43180,202,12
43181,0,3
43182,127,14
43183,64,11
43184,156,20
43185,43,10
43186,0,3
43187,0,3
43188,149,15
43189,0,3
43190,101,15
43191,65,9
43192,164,7
43193,0,3
43194,51,10
43195,0,3
43196,170,18
43197,49,12
43198,0,3
43199,57,9
43200,99,12
43201,29,9
43202,110,12
43203,128,13
43204,204,16
43205,0,3
43206,0,3
43207,0,3
43208,57,10
43209,0,3
43210,47,6
43211,80,11
43212,68,15
43213,153,15
43214,0,3
43215,57,12
43216,0,3
43217,55,11
43218,0,3
43219,112,6
43220,0,3
43221,20,6
43222,143,19
43223,0,3
43224,121,14
43225,0,3
43226,103,13
43227,0,3
43228,0,3
43229,165,21
43230,98,13
43231,96,11
43232,0,3
43233,175,17
43234,147,15
43235,196,12
43236,126,10
43237,191,17
43238,83,8
43239,123,12
43240,18,4
43241,1,3
43242,0,3
43243,0,3
43244,187,18
43245,104,13
43246,64,9
43247,0,3
43248,96,14
43249,156,16
43250,158,19
43251,0,3
43252,6,3
43253,2,3
43254,123,17
43255,222,20
43256,0,3
43257,0,3
43258,104,13
43259,0,3
43260,154,15
43261,84,13
43262,0,3
43263,0,3
43264,13,3
43265,93,13
43266,116,19
43267,137,12
43268,64,9
43269,155,9
43270,0,3
43271,0,3
43272,140,16
43273,64,11
43274,0,3
43275,0,3
43276,81,11
43277,60,12
43278,0,3
43279,35,7
43280,0,3
43281,0,3
43282,158,12
43283,0,3
43284,43,10
43285,213,16
43286,13,3
43287,29,8
43288,153,17
43289,28,5
43290,0,3
43291,246,14
43292,0,3
43293,92,11
43294,0,3
43295,118,10
43296,0,3
43297,0,3
43298,183,21
43299,0,3
43300,0,3
43301,0,3
43302,46,7
43303,0,3
43304,0,3
43305,7,4
43306,27,3
43307,94,11
43308,111,5
43309,0,3
43310,0,3
43311,290,8
43312,179,20
43313,0,3
43314,0,3
43315,0,3
43316,64,10
43317,0,3
43318,0,3
43319,0,3
43320,0,3
43321,100,12
43322,110,13
43323,88,12
43324,110,8
43325,0,3
43326,44,8
43327,0,3
43328,176,16
43329,14,5
43330,88,12
43331,162,17
43332,94,10
43333,127,18
43334,97,15
43335,0,3
43336,56,12
43337,0,3
43338,0,3
43339,68,8
43340,102,13
43341,45,9
43342,0,3
43343,38,6
43344,103,13
43345,74,10
43346,0,3
43347,31,8
43348,97,14
43349,58,10
43350,161,10
43351,169,21
43352,0,3
43353,149,17
43354,121,11
43355,0,3
43356,90,14
43357,0,3
43358,0,3
43359,99,12
43360,0,3
43361,66,11
43362,0,3
43363,188,19
43364,173,22
43365,0,3
43366,0,3
43367,0,3
43368,0,3
43369,10,4
43370,15,6
43371,282,17
43372,0,3
43373,105,13
43374,144,19
43375,0,3
43376,0,3
43377,0,3
43378,215,17
43379,0,3
43380,113,14
43381,0,3
43382,0,3
43383,190,15
43384,150,21
43385,0,3
43386,24,5
43387,0,3
43388,103,15
43389,0,3
43390,0,3
43391,124,11
43392,210,17
43393,102,17
43394,66,8
43395,60,8
43396,49,9
43397,14,7
43398,33,5
43399,134,14
43400,112,13
43401,0,3
43402,0,3
43403,65,8
43404,227,28
43405,108,14
43406,159,18
43407,42,9
43408,0,3
43409,95,12
43410,0,3
43411,155,14
43412,133,15
43413,8,4
43414,112,15
43415,54,8
43416,168,11
43417,58,12
43418,0,3
43419,0,3
43420,0,3
43421,0,3
43422,41,9
43423,67,8
43424,151,16
43425,112,13
43426,0,3
43427,78,9
43428,130,16
43429,104,12
43430,101,16
43431,89,10
43432,0,3
43433,69,13
43434,56,9
43435,0,3
43436,10,4
43437,0,3
43438,0,3
43439,0,3
43440,0,3
43441,18,4
43442,150,17
43443,0,3
43444,397,14
43445,0,3
43446,266,9
43447,0,3
43448,0,3
43449,20,5
43450,167,21
43451,200,16
43452,185,9
43453,0,3
43454,189,16
43455,0,3
43456,66,8
43457,121,13
43458,0,3
43459,68,11
43460,0,3
43461,53,8
43462,154,20
43463,195,21
43464,57,11
43465,134,18
43466,173,13
43467,54,10
43468,135,15
43469,0,3
43470,0,3
43471,39,5
43472,109,15
43473,203,15
43474,0,3
43475,101,15
43476,83,13
43477,0,3
43478,38,7
43479,0,3
43480,89,9
43481,106,16
43482,116,14
43483,64,8
43484,124,8
43485,36,6
43486,56,6
43487,68,7
43488,154,17
43489,0,3
43490,56,12
43491,95,12
43492,0,3
43493,0,3
43494,0,3
43495,75,9
43496,0,3
43497,0,3
43498,59,15
43499,53,10
43500,54,8
43501,70,13
43502,0,3
43503,0,3
43504,0,3
43505,84,14
43506,0,3
43507,0,3
43508,188,20
43509,0,3
43510,125,12
43511,0,3
43512,47,10
43513,0,3
43514,126,14
43515,108,13
43516,156,6
43517,0,3
43518,191,25
43519,2,3
43520,49,7
43521,156,11
43522,94,8
43523,0,3
43524,0,3
43525,86,12
43526,112,10
43527,92,7
43528,0,3
43529,135,7
43530,128,16
43531,185,18
43532,26,6
43533,0,3
43534,0,3
43535,109,16
43536,0,3
43537,0,3
43538,120,9
43539,132,13
43540,0,3
43541,21,5
43542,99,17
43543,133,13
43544,0,3
43545,263,13
43546,29,5
43547,0,3
43548,192,9
43549,155,18
43550,0,3
43551,180,19
43552,70,11
43553,96,13
43554,34,8
43555,0,3
43556,76,12
43557,0,3
43558,0,3
43559,0,3
43560,112,12
43561,0,3
43562,94,13
43563,154,14
43564,0,3
43565,49,11
43566,0,3
43567,49,4
43568,0,3
43569,66,13
43570,229,10
43571,153,16
43572,44,6
43573,0,3
43574,141,10
43575,98,13
43576,130,12
43577,103,13
43578,0,3
43579,0,3
43580,68,11
43581,0,3
43582,0,3
43583,0,3
43584,0,3
43585,184,13
43586,0,3
43587,100,13
43588,170,19
43589,0,3
43590,87,8
43591,239,21
43592,0,3
43593,137,18
43594,31,7
43595,141,15
43596,108,17
43597,36,8
43598,0,3
43599,0,3
43600,0,3
43601,0,3
43602,167,19
43603,135,14
43604,0,3
43605,0,3
43606,17,6
43607,140,16
43608,57,6
43609,0,3
43610,0,3
43611,57,7
43612,77,7
43613,14,5
43614,113,10
43615,56,6
43616,172,13
43617,148,16
43618,205,24
43619,0,3
43620,0,3
43621,213,13
43622,272,21
43623,342,19
43624,84,12
43625,45,10
43626,304,7
43627,50,6
43628,207,22
43629,0,3
43630,0,3
43631,0,3
43632,166,14
43633,0,3
43634,0,3
43635,21,4
43636,0,3
43637,158,18
43638,0,3
43639,214,21
43640,191,16
43641,127,17
43642,167,16
43643,0,3
43644,76,9
43645,119,10
43646,123,8
43647,228,18
43648,140,17
43649,295,24
43650,0,3
43651,121,13
43652,160,14
43653,116,11
43654,0,3
43655,52,8
43656,30,9
43657,0,3
43658,0,3
43659,0,3
43660,100,12
43661,80,13
43662,198,21
43663,0,3
43664,120,14
43665,117,13
43666,27,5
43667,41,10
43668,132,17
43669,142,16
43670,65,9
43671,0,3
43672,0,3
43673,0,3
43674,0,3
43675,0,3
43676,147,18
43677,101,13
43678,144,11
43679,0,3
43680,113,17
43681,0,3
43682,79,14
43683,141,17
43684,97,16
43685,0,3
43686,67,12
43687,43,7
43688,63,10
43689,0,3
43690,0,3
43691,33,6
43692,103,15
43693,71,12
43694,41,7
43695,0,3
43696,93,15
43697,0,3
43698,52,10
43699,122,16
43700,196,20
43701,152,18
43702,75,10
43703,0,3
43704,0,3
43705,0,3
43706,35,6
43707,69,8
43708,32,7
43709,106,9
43710,166,13
43711,120,18
43712,0,3
43713,0,3
43714,185,15
43715,134,11
43716,72,13
43717,31,8
43718,0,3
43719,114,19
43720,0,3
43721,0,3
43722,152,23
43723,0,3
43724,0,3
43725,130,18
43726,52,9
43727,138,15
43728,134,15
43729,133,16
43730,80,15
43731,157,12
43732,229,23
43733,286,15
43734,107,14
43735,116,18
43736,0,3
43737,0,3
43738,103,13
43739,0,3
43740,0,3
43741,0,3
43742,125,16
43743,0,3
43744,0,3
43745,182,20
43746,96,15
43747,30,7
43748,0,3
43749,90,12
43750,0,3
43751,153,14
43752,67,12
43753,0,3
43754,77,9
43755,106,9
43756,153,17
43757,131,13
43758,0,3
43759,12,4
43760,165,16
43761,0,3
43762,57,6
43763,0,3
43764,130,19
43765,12,4
43766,177,22
43767,0,3
43768,0,3
43769,49,8
43770,200,13
43771,152,16
43772,90,13
43773,0,3
43774,66,11
43775,77,12
43776,98,16
43777,245,17
43778,128,21
43779,26,7
43780,0,3
43781,114,14
43782,0,3
43783,183,15
43784,0,3
43785,76,13
43786,249,14
43787,79,12
43788,18,3
43789,67,9
43790,91,14
43791,0,3
43792,8,3
43793,30,7
43794,153,9
43795,0,3
43796,67,8
43797,56,9
43798,0,3
43799,114,11
43800,194,22
43801,120,15
43802,105,9
43803,0,3
43804,178,21
43805,207,10
43806,0,3
43807,0,3
43808,94,16
43809,0,3
43810,0,3
43811,69,13
43812,84,17
43813,0,3
43814,141,12
43815,0,3
43816,135,17
43817,42,6
43818,0,3
43819,62,8
43820,0,3
43821,0,3
43822,0,3
43823,44,7
43824,292,16
43825,170,17
43826,0,3
43827,0,3
43828,112,16
43829,53,10
43830,0,3
43831,0,3
43832,36,5
43833,103,9
43834,145,15
43835,72,7
43836,29,4
43837,0,3
43838,48,11
43839,112,15
43840,690,14
43841,0,3
43842,72,8
43843,159,21
43844,105,16
43845,190,16
43846,208,23
43847,0,3
43848,0,3
43849,205,15
43850,24,6
43851,119,8
43852,74,10
43853,102,9
43854,0,3
43855,0,3
43856,0,3
43857,70,9
43858,0,3
43859,209,19
43860,103,15
43861,0,3
43862,119,15
43863,94,8
43864,0,3
43865,0,3
43866,0,3
43867,24,6
43868,150,16
43869,0,3
43870,17,4
43871,148,9
43872,212,15
43873,89,13
43874,0,3
43875,206,24
43876,0,3
43877,247,22
43878,31,7
43879,213,13
43880,142,18
43881,115,8
43882,0,3
43883,57,9
43884,81,11
43885,21,7
43886,0,3
43887,63,7
43888,71,10
43889,0,3
43890,74,12
43891,169,12
43892,79,14
43893,0,3
43894,0,3
43895,5,3
43896,260,12
43897,80,11
43898,0,3
43899,116,14
43900,196,14
43901,109,5
43902,0,3
43903,0,3
43904,0,3
43905,0,3
43906,137,10
43907,0,3
43908,307,15
43909,0,3
43910,88,13
43911,58,8
43912,0,3
43913,5,3
43914,149,11
43915,87,15
43916,135,5
43917,0,3
43918,0,3
43919,0,3
43920,202,12
43921,118,13
43922,136,19
43923,59,12
43924,0,3
43925,10,3
43926,53,9
43927,0,3
43928,115,12
43929,165,22
43930,17,6
43931,68,9
43932,179,9
43933,0,3
43934,0,3
43935,155,16
43936,0,3
43937,123,12
43938,0,3
43939,0,3
43940,122,15
43941,93,10
43942,49,6
43943,10,5
43944,122,15
43945,77,12
43946,131,16
43947,73,10
43948,249,20
43949,106,15
43950,188,15
43951,0,3
43952,0,3
43953,0,3
43954,217,14
43955,209,28
43956,0,3
43957,100,12
43958,178,14
43959,65,11
43960,84,14
43961,201,14
43962,0,3
43963,33,6
43964,0,3
43965,258,10
43966,114,16
43967,0,3
43968,161,23
43969,316,21
43970,40,3
43971,49,8
43972,0,3
43973,172,12
43974,64,6
43975,160,14
43976,58,10
43977,102,13
43978,152,12
43979,130,10
43980,0,3
43981,218,14
43982,159,16
43983,0,3
43984,143,11
43985,70,13
43986,0,3
43987,0,3
43988,92,12
43989,0,3
43990,275,12
43991,112,14
43992,110,11
43993,0,3
43994,141,15
43995,0,3
43996,0,3
43997,0,3
43998,3,2
43999,39,8
44000,74,10
44001,0,3
44002,107,13
44003,120,19
44004,108,10
44005,0,3
44006,0,3
44007,118,5
44008,0,3
44009,0,3
44010,0,3
44011,19,5
44012,142,16
44013,0,3
44014,204,12
44015,232,18
44016,45,8
44017,57,5
44018,0,3
44019,0,3
44020,139,14
44021,188,21
44022,247,23
44023,0,3
44024,139,15
44025,59,9
44026,32,5
44027,0,3
44028,0,3
44029,6,3
44030,0,3
44031,0,3
44032,158,14
44033,4,3
44034,37,7
44035,230,18
44036,108,16
44037,162,17
44038,0,3
44039,102,11
44040,134,13
44041,0,3
44042,23,5
44043,94,10
44044,63,6
44045,0,3
44046,84,13
44047,97,8
44048,0,3
44049,116,8
44050,0,3
44051,0,3
44052,21,5
44053,59,12
44054,0,3
44055,0,3
44056,124,16
44057,0,3
44058,206,23
44059,17,4
44060,0,3
44061,0,3
44062,0,3
44063,80,14
44064,119,13
44065,225,17
44066,0,3
44067,42,9
44068,115,12
44069,36,7
44070,0,3
44071,0,3
44072,128,11
44073,106,10
44074,0,3
44075,59,10
44076,0,3
44077,0,3
44078,171,14
44079,78,14
44080,0,3
44081,0,3
44082,24,5
44083,247,17
44084,146,14
44085,136,17
44086,78,10
44087,0,3
44088,9,3
44089,167,18
44090,169,14
44091,17,5
44092,0,3
44093,32,6
44094,0,3
44095,121,14
44096,146,12
44097,0,3
44098,57,9
44099,216,17
44100,0,3
44101,0,3
44102,0,3
44103,36,8
44104,97,12
44105,178,22
44106,0,3
44107,102,13
44108,0,3
44109,102,12
44110,0,3
44111,136,13
44112,0,3
44113,0,3
44114,227,15
44115,131,11
44116,348,23
44117,0,3
44118,58,9
44119,76,14
44120,0,3
44121,64,14
44122,164,25
44123,0,3
44124,97,13
44125,155,13
44126,276,20
44127,0,3
44128,0,3
44129,143,15
44130,64,7
44131,76,8
44132,123,16
44133,0,3
44134,0,3
44135,0,3
44136,86,12
44137,0,3
44138,380,9
44139,93,7
44140,0,3
44141,87,11
44142,0,3
44143,0,3
44144,109,11
44145,48,6
44146,90,9
44147,83,8
44148,247,14
44149,59,9
44150,110,12
44151,0,3
44152,143,18
44153,260,12
44154,140,14
44155,112,13
44156,156,10
44157,0,3
44158,0,3
44159,71,9
44160,54,11
44161,54,10
44162,0,3
44163,80,12
44164,52,9
44165,89,12
44166,23,5
44167,97,6
44168,128,12
44169,242,16
44170,120,11
44171,155,15
44172,0,3
44173,0,3
44174,105,10
44175,79,14
44176,182,15
44177,0,3
44178,177,19
44179,119,12
44180,163,21
44181,116,12
44182,54,3
44183,30,7
44184,75,11
44185,0,3
44186,28,7
44187,28,5
44188,188,19
44189,121,15
44190,192,15
44191,0,3
44192,0,3
44193,163,16
44194,0,3
44195,0,3
44196,125,13
44197,19,5
44198,158,24
44199,0,3
44200,122,11
44201,0,3
44202,3,3
44203,164,23
44204,0,3
44205,134,17
44206,0,3
44207,229,15
44208,219,17
44209,88,6
44210,24,6
44211,134,13
44212,0,3
44213,327,25
44214,86,12
44215,0,3
44216,0,3
44217,182,14
44218,0,3
44219,10,5
44220,3,3
44221,0,3
44222,42,5
44223,149,18
44224,76,8
44225,150,16
44226,36,3
44227,0,3
44228,132,13
44229,146,16
44230,2,3
44231,179,15
44232,306,10
44233,101,13
44234,192,18
44235,168,21
44236,85,13
44237,139,20
44238,0,3
44239,48,8
44240,156,17
44241,153,18
44242,137,12
44243,0,3
44244,240,21
44245,0,3
44246,13,4
44247,81,14
44248,0,3
44249,152,20
44250,11,3
44251,82,10
44252,114,15
44253,86,13
44254,142,6
44255,89,14
44256,0,3
44257,279,22
44258,0,3
44259,0,3
44260,109,10
44261,29,4
44262,28,7
44263,106,14
44264,0,3
44265,174,8
44266,0,3
44267,67,10
44268,58,10
44269,0,3
44270,108,14
44271,195,17
44272,0,3
44273,0,3
44274,51,9
44275,0,3
44276,108,14
44277,185,18
44278,0,3
44279,69,13
44280,246,21
44281,122,12
44282,0,3
44283,77,14
44284,0,3
44285,96,13
44286,63,6
44287,61,9
44288,37,6
44289,0,3
44290,100,13
44291,0,3
44292,32,3
44293,95,11
44294,118,14
44295,0,3
44296,106,12
44297,0,3
44298,0,3
44299,236,18
44300,47,7
44301,0,3
44302,114,13
44303,127,13
44304,215,20
44305,0,3
44306,119,14
44307,249,26
44308,80,10
44309,132,15
44310,64,7
44311,119,19
44312,124,17
44313,0,3
44314,0,3
44315,82,5
44316,0,3
44317,79,12
44318,161,17
44319,84,7
44320,179,13
44321,34,6
44322,123,7
44323,120,15
44324,95,12
44325,0,3
44326,0,3
44327,148,20
44328,107,15
44329,185,22
44330,182,13
44331,64,11
44332,0,3
44333,58,9
44334,0,3
44335,0,3
44336,93,11
44337,101,14
44338,0,3
44339,45,7
44340,78,9
44341,10,4
44342,139,19
44343,108,14
44344,98,13
44345,0,3
44346,0,3
44347,78,13
44348,259,5
44349,92,12
44350,146,13
44351,0,3
44352,133,12
44353,69,12
44354,0,3
44355,0,3
44356,65,12
44357,111,10
44358,0,3
44359,0,3
44360,251,17
44361,54,8
44362,0,3
44363,0,3
44364,68,10
44365,183,15
44366,0,3
44367,90,12
44368,73,16
44369,18,4
44370,292,9
44371,86,12
44372,0,3
44373,172,18
44374,0,3
44375,0,3
44376,129,11
44377,0,3
44378,97,12
44379,162,9
44380,110,14
44381,0,3
44382,0,3
44383,0,3
44384,232,18
44385,0,3
44386,0,3
44387,0,3
44388,0,3
44389,54,13
44390,192,8
44391,0,3
44392,0,3
44393,101,10
44394,75,11
44395,13,4
44396,41,11
44397,0,3
44398,0,3
44399,0,3
44400,29,7
44401,0,3
44402,81,17
44403,127,16
44404,61,6
44405,90,14
44406,157,14
44407,1,3
44408,97,6
44409,76,8
44410,0,3
44411,0,3
44412,104,17
44413,0,3
44414,41,10
44415,0,3
44416,224,23
44417,213,16
44418,0,3
44419,105,16
44420,0,3
44421,77,4
44422,144,19
44423,8,4
44424,202,22
44425,183,19
44426,210,21
44427,149,9
44428,84,16
44429,16,5
44430,7,3
44431,84,9
44432,136,16
44433,134,15
44434,0,3
44435,189,21
44436,98,13
44437,42,9
44438,0,3
44439,68,12
44440,0,3
44441,0,3
44442,90,16
44443,0,3
44444,97,14
44445,8,3
44446,95,11
44447,45,6
44448,162,16
44449,78,8
44450,226,14
44451,57,8
44452,0,3
44453,0,3
44454,91,10
44455,0,3
44456,0,3
44457,0,3
44458,67,11
44459,166,14
44460,0,3
44461,0,3
44462,30,6
44463,76,11
44464,0,3
44465,35,8
44466,0,3
44467,0,3
44468,53,6
44469,143,15
44470,0,3
44471,0,3
44472,79,11
44473,218,21
44474,86,10
44475,0,3
44476,183,20
44477,0,3
44478,3,3
44479,31,7
44480,0,3
44481,146,15
44482,135,19
44483,0,3
44484,55,10
44485,63,11
44486,0,3
44487,122,12
44488,226,23
44489,156,11
44490,128,17
44491,141,13
44492,0,3
44493,23,3
44494,68,14
44495,45,10
44496,0,3
44497,0,3
44498,71,9
44499,166,13
44500,0,3
44501,0,3
44502,112,12
44503,122,13
44504,75,9
44505,170,17
44506,0,3
44507,55,11
44508,7,4
44509,96,12
44510,134,10
44511,0,3
44512,26,8
44513,98,6
44514,0,3
44515,118,16
44516,0,3
44517,180,8
44518,23,6
44519,106,13
44520,284,16
44521,71,9
44522,85,13
44523,2,3
44524,0,3
44525,0,3
44526,166,17
44527,132,15
44528,196,17
44529,0,3
44530,80,11
44531,23,6
44532,124,11
44533,0,3
44534,0,3
44535,0,3
44536,69,11
44537,159,10
44538,0,3
44539,168,14
44540,267,17
44541,202,17
44542,91,8
44543,0,3
44544,219,18
44545,0,3
44546,79,12
44547,0,3
44548,87,14
44549,46,9
44550,0,3
44551,123,10
44552,81,11
44553,212,22
44554,54,8
44555,0,3
44556,154,17
44557,225,19
44558,197,14
44559,171,15
44560,53,10
44561,0,3
44562,0,3
44563,65,12
44564,6,3
44565,0,3
44566,0,3
44567,97,14
44568,116,15
44569,170,15
44570,54,9
44571,63,6
44572,32,6
44573,48,10
44574,27,6
44575,4,3
44576,137,17
44577,120,16
44578,0,3
44579,0,3
44580,111,5
44581,152,19
44582,101,16
44583,0,3
44584,184,18
44585,86,12
44586,224,15
44587,224,15
44588,75,14
44589,30,5
44590,22,4
44591,84,9
44592,0,3
44593,48,6
44594,156,15
44595,0,3
44596,331,19
44597,92,17
44598,97,11
44599,118,14
44600,186,10
44601,0,3
44602,92,13
44603,60,12
44604,6,3
44605,51,8
44606,0,3
44607,55,11
44608,134,19
44609,77,11
44610,80,12
44611,0,3
44612,169,16
44613,0,3
44614,88,11
44615,0,3
44616,38,9
44617,0,3
44618,107,16
44619,115,14
44620,0,3
44621,88,12
44622,134,15
44623,6,3
44624,60,9
44625,0,3
44626,30,4
44627,118,11
44628,202,22
44629,75,6
44630,111,8
44631,0,3
44632,150,11
44633,0,3
44634,0,3
44635,159,15
44636,14,7
44637,209,17
44638,0,3
44639,155,18
44640,237,21
44641,87,13
44642,108,14
44643,15,4
44644,0,3
44645,0,3
44646,234,26
44647,72,11
44648,0,3
44649,31,5
44650,50,11
44651,107,6
44652,84,11
44653,0,3
44654,212,21
44655,203,16
44656,0,3
44657,206,19
44658,0,3
44659,90,14
44660,117,12
44661,0,3
44662,71,6
44663,144,12
44664,91,13
44665,0,3
44666,186,18
44667,0,3
44668,0,3
44669,0,3
44670,76,11
44671,0,3
44672,38,6
44673,178,18
44674,0,3
44675,0,3
44676,55,8
44677,121,15
44678,93,11
44679,113,14
44680,122,15
44681,0,3
44682,78,12
44683,108,15
44684,152,16
44685,162,8
44686,77,11
44687,0,3
44688,235,19
44689,0,3
44690,63,5
44691,0,3
44692,42,9
44693,0,3
44694,0,3
44695,159,17
44696,0,3
44697,132,17
44698,153,16
44699,0,3
44700,0,3
44701,0,3
44702,0,3
44703,171,13
44704,64,10
44705,110,15
44706,2,3
44707,167,13
44708,0,3
44709,211,15
44710,173,18
44711,29,7
44712,168,18
44713,165,13
44714,195,23
44715,49,6
44716,114,15
44717,0,3
44718,0,3
44719,287,13
44720,184,14
44721,77,6
44722,16,3
44723,0,3
44724,53,8
44725,125,17
44726,50,10
44727,0,3
44728,175,15
44729,9,4
44730,123,16
44731,145,19
44732,0,3
44733,112,19
44734,129,14
44735,0,3
44736,115,16
44737,189,14
44738,0,3
44739,23,5
44740,224,22
44741,83,10
44742,0,3
44743,81,10
44744,96,13
44745,0,3
44746,326,20
44747,0,3
44748,47,8
44749,253,12
44750,74,13
44751,0,3
44752,0,3
44753,87,13
44754,89,12
44755,71,8
44756,0,3
44757,0,3
44758,0,3
44759,135,16
44760,113,13
44761,0,3
44762,223,13
44763,0,3
44764,144,10
44765,123,16
44766,48,12
44767,55,9
44768,20,5
44769,132,10
44770,69,9
44771,118,13
44772,0,3
44773,0,3
44774,54,9
44775,0,3
44776,188,18
44777,0,3
44778,0,3
44779,0,3
44780,165,15
44781,181,17
44782,0,3
44783,2,3
44784,59,9
44785,0,3
44786,54,8
44787,7,3
44788,124,16
44789,198,21
44790,68,11
44791,106,16
44792,0,3
44793,56,8
44794,57,10
44795,90,9
44796,139,17
44797,99,16
44798,223,17
44799,0,3
44800,279,16
44801,132,13
44802,0,3
44803,136,14
44804,0,3
44805,0,3
44806,71,5
44807,0,3
44808,55,9
44809,0,3
44810,0,3
44811,0,3
44812,0,3
44813,110,18
44814,133,9
44815,143,15
44816,60,11
44817,110,15
44818,0,3
44819,0,3
44820,55,10
44821,14,6
44822,232,15
44823,145,14
44824,0,3
44825,26,7
44826,134,14
44827,0,3
44828,0,3
44829,87,10
44830,0,3
44831,0,3
44832,67,11
44833,0,3
44834,71,12
44835,89,13
44836,0,3
44837,18,4
44838,0,3
44839,80,15
44840,0,3
44841,44,11
44842,0,3
44843,142,18
44844,176,10
44845,0,3
44846,119,10
44847,0,3
44848,176,13
44849,103,15
44850,129,14
44851,73,14
44852,156,15
44853,34,6
44854,0,3
44855,0,3
44856,105,8
44857,0,3
44858,0,3
44859,229,21
44860,0,3
44861,0,3
44862,137,15
44863,181,14
44864,0,3
44865,137,5
44866,0,3
44867,132,16
44868,108,14
44869,0,3
44870,245,13
44871,216,15
44872,214,21
44873,0,3
44874,64,7
44875,11,3
44876,0,3
44877,0,3
44878,0,3
44879,0,3
44880,98,10
44881,0,3
44882,93,13
44883,44,7
44884,110,17
44885,106,14
44886,0,3
44887,95,13
44888,0,3
44889,37,8
44890,0,3
44891,18,4
44892,102,12
44893,53,9
44894,174,11
44895,35,6
44896,103,16
44897,0,3
44898,157,12
44899,175,15
44900,57,10
44901,68,11
44902,149,14
44903,0,3
44904,99,14
44905,0,3
44906,217,15
44907,0,3
44908,147,15
44909,109,10
44910,119,15
44911,0,3
44912,0,3
44913,2,3
44914,33,3
44915,128,13
44916,0,3
44917,0,3
44918,0,3
44919,0,3
44920,0,3
44921,0,3
44922,239,19
44923,145,18
44924,8,4
44925,0,3
44926,0,3
44927,0,3
44928,115,14
44929,0,3
44930,87,6
44931,0,3
44932,198,15
44933,215,15
44934,70,7
44935,123,20
44936,115,5
44937,0,3
44938,0,3
44939,117,17
44940,0,3
44941,59,14
44942,117,15
44943,13,5
44944,0,3
44945,0,3
44946,85,10
44947,111,14
44948,0,3
44949,0,3
44950,0,3
44951,88,13
44952,0,3
44953,0,3
44954,17,5
44955,34,7
44956,0,3
44957,188,14
44958,64,10
44959,0,3
44960,98,12
44961,26,5
44962,156,18
44963,0,3
44964,0,3
44965,134,20
44966,0,3
44967,234,25
44968,0,3
44969,0,3
44970,113,17
44971,183,22
44972,74,11
44973,192,17
44974,68,11
44975,185,22
44976,135,14
44977,98,15
44978,249,17
44979,240,13
44980,0,3
44981,36,6
44982,37,5
44983,0,3
44984,125,14
44985,0,3
44986,266,17
44987,0,3
44988,214,22
44989,51,10
44990,97,14
44991,158,24
44992,128,13
44993,104,12
44994,0,3
44995,184,26
44996,110,13
44997,102,15
44998,164,19
44999,0,3
45000,0,3
45001,51,9
45002,0,3
45003,0,3
45004,96,12
45005,0,3
45006,121,10
45007,0,3
45008,71,8
45009,93,13
45010,82,8
45011,0,3
45012,78,5
45013,148,18
45014,1,3
45015,86,13
45016,106,8
45017,62,6
45018,3,3
45019,99,12
45020,107,8
45021,227,21
45022,0,3
45023,166,19
45024,109,14
45025,158,15
45026,171,19
45027,75,12
45028,88,11
45029,47,7
45030,137,11
45031,0,3
45032,0,3
45033,0,3
45034,94,9
45035,96,11
45036,126,10
45037,0,3
45038,0,3
45039,252,19
45040,0,3
45041,0,3
45042,85,9
45043,0,3
45044,1,3
45045,0,3
45046,121,16
45047,0,3
45048,124,18
45049,158,20
45050,139,13
45051,226,25
45052,214,13
45053,135,20
45054,17,5
45055,156,16
45056,0,3
45057,20,3
45058,0,3
45059,467,14
45060,220,15
45061,47,6
45062,0,3
45063,276,12
45064,0,3
45065,0,3
45066,16,3
45067,0,3
45068,0,3
45069,163,18
45070,144,8
45071,122,12
45072,205,17
45073,0,3
45074,137,16
45075,79,8
45076,127,19
45077,144,16
45078,0,3
45079,8,4
45080,0,3
45081,98,12
45082,106,12
45083,0,3
45084,12,5
45085,0,3
45086,0,3
45087,88,18
45088,0,3
45089,14,5
45090,73,8
45091,6,3
45092,0,3
45093,31,7
45094,0,3
45095,113,12
45096,0,3
45097,78,9
45098,47,7
45099,124,14
45100,144,12
45101,152,17
45102,0,3
45103,0,3
45104,0,3
45105,0,3
45106,150,14
45107,151,18
45108,93,15
45109,125,15
45110,73,12
45111,84,12
45112,220,23
45113,96,14
45114,0,3
45115,153,17
45116,0,3
45117,182,19
45118,141,18
45119,94,10
45120,0,3
45121,55,9
45122,91,9
45123,0,3
45124,0,3
45125,60,9
45126,0,3
45127,0,3
45128,140,13
45129,71,12
45130,141,19
45131,0,3
45132,0,3
45133,136,18
45134,0,3
45135,91,13
45136,118,17
45137,101,14
45138,100,17
45139,22,5
45140,99,15
45141,0,3
45142,0,3
45143,0,3
45144,214,18
45145,98,10
45146,0,3
45147,0,3
45148,100,14
45149,204,18
45150,0,3
45151,0,3
45152,36,6
45153,0,3
45154,106,11
45155,114,16
45156,106,16
45157,0,3
45158,0,3
45159,0,3
45160,0,3
45161,160,10
45162,215,17
45163,148,15
45164,0,3
45165,0,3
45166,0,3
45167,0,3
45168,104,15
45169,98,14
45170,101,15
45171,139,14
45172,114,14
45173,113,13
45174,105,17
45175,63,10
45176,0,3
45177,48,11
45178,72,6
45179,120,17
45180,199,19
45181,93,7
45182,0,3
45183,0,3
45184,146,14
45185,237,18
45186,0,3
45187,0,3
45188,59,9
45189,0,3
45190,137,19
45191,2,3
45192,0,3
45193,170,18
45194,56,9
45195,124,16
45196,63,12
45197,49,9
45198,0,3
45199,78,11
45200,0,3
45201,121,14
45202,89,16
45203,49,10
45204,189,15
45205,0,3
45206,62,9
45207,0,3
45208,30,5
45209,0,3
45210,7,3
45211,121,16
45212,179,18
45213,78,13
45214,0,3
45215,0,3
45216,0,3
45217,99,13
45218,123,19
45219,139,8
45220,132,17
45221,15,5
45222,79,8
45223,0,3
45224,0,3
45225,69,10
45226,0,3
45227,97,14
45228,73,11
45229,92,12
45230,178,16
45231,98,19
45232,0,3
45233,69,12
45234,0,3
45235,82,7
45236,60,11
45237,0,3
45238,0,3
45239,0,3
45240,164,17
45241,0,3
45242,91,11
45243,232,25
45244,123,15
45245,146,14
45246,86,10
45247,0,3
45248,72,13
45249,0,3
45250,126,14
45251,101,16
45252,139,15
45253,32,9
45254,153,8
45255,52,7
45256,236,19
45257,0,3
45258,0,3
45259,74,12
45260,4,3
45261,80,10
45262,0,3
45263,107,18
45264,0,3
45265,4,3
45266,0,3
45267,74,13
45268,58,12
45269,208,6
45270,205,22
45271,156,21
45272,57,12
45273,80,11
45274,78,9
45275,340,17
45276,158,11
45277,54,6
45278,269,17
45279,65,6
45280,108,18
45281,128,19
45282,167,26
45283,0,3
45284,135,17
45285,0,3
45286,36,10
45287,161,11
45288,0,3
45289,232,18
45290,0,3
45291,86,9
45292,246,21
45293,55,10
45294,195,22
45295,19,4
45296,43,5
45297,88,8
45298,0,3
45299,117,17
45300,112,14
45301,133,9
45302,0,3
45303,0,3
45304,137,16
45305,122,15
45306,0,3
45307,86,12
45308,45,4
45309,0,3
45310,0,3
45311,89,14
45312,149,16
45313,55,10
45314,194,15
45315,229,18
45316,132,18
45317,177,11
45318,141,17
45319,234,7
45320,44,8
45321,81,12
45322,0,3
45323,19,4
45324,0,3
45325,33,6
45326,0,3
45327,0,3
45328,26,3
45329,112,12
45330,166,17
45331,104,12
45332,320,15
45333,94,15
45334,0,3
45335,169,17
45336,14,5
45337,0,3
45338,129,11
45339,0,3
45340,35,7
45341,0,3
45342,0,3
45343,0,3
45344,151,17
45345,239,17
45346,261,10
45347,0,3
45348,55,8
45349,18,5
45350,107,17
45351,119,13
45352,0,3
45353,102,8
45354,96,15
45355,163,12
45356,63,9
45357,0,3
45358,0,3
45359,106,14
45360,127,5
45361,249,18
45362,81,13
45363,139,15
45364,0,3
45365,149,12
45366,0,3
45367,153,15
45368,0,3
45369,93,11
45370,0,3
45371,221,22
45372,251,20
45373,0,3
45374,27,5
45375,0,3
45376,0,3
45377,88,13
45378,0,3
45379,0,3
45380,84,10
45381,155,15
45382,0,3
45383,102,15
45384,92,9
45385,95,8
45386,78,11
45387,0,3
45388,111,16
45389,109,16
45390,113,14
45391,132,16
45392,77,7
45393,0,3
45394,0,3
45395,170,17
45396,0,3
45397,0,3
45398,0,3
45399,146,16
45400,200,22
45401,39,8
45402,72,8
45403,60,11
45404,0,3
45405,157,18
45406,0,3
45407,153,13
45408,168,13
45409,0,3
45410,142,19
45411,146,12
45412,66,8
45413,136,13
45414,0,3
45415,199,16
45416,0,3
45417,0,3
45418,0,3
45419,0,3
45420,0,3
45421,102,14
45422,153,19
45423,251,11
45424,0,3
45425,0,3
45426,4,3
45427,142,15
45428,0,3
45429,99,18
45430,213,17
45431,150,16
45432,110,11
45433,0,3
45434,99,11
45435,102,11
45436,129,12
45437,47,7
45438,0,3
45439,33,5
45440,0,3
45441,99,15
45442,0,3
45443,0,3
45444,0,3
45445,153,13
45446,0,3
45447,206,25
45448,138,10
45449,130,18
45450,165,16
45451,0,3
45452,61,9
45453,206,17
45454,67,6
45455,69,13
45456,0,3
45457,137,19
45458,79,12
45459,171,19
45460,117,9
45461,0,3
45462,101,15
45463,98,15
45464,166,17
45465,0,3
45466,254,10
45467,0,3
45468,64,12
45469,125,15
45470,179,20
45471,153,11
45472,122,13
45473,0,3
45474,57,11
45475,93,13
45476,0,3
45477,0,3
45478,202,18
45479,86,11
45480,136,12
45481,142,13
45482,14,4
45483,133,15
45484,0,3
45485,143,20
45486,33,6
45487,0,3
45488,142,11
45489,268,12
45490,0,3
45491,0,3
45492,107,15
45493,75,8
45494,0,3
45495,38,11
45496,0,3
45497,127,12
45498,0,3
45499,0,3
45500,78,10
45501,356,22
45502,103,16
45503,0,3
45504,0,3
45505,0,3
45506,0,3
45507,105,17
45508,213,17
45509,93,21
45510,14,6
45511,78,9
45512,159,15
45513,199,14
45514,7,3
45515,0,3
45516,54,9
45517,197,22
45518,0,3
45519,0,3
45520,3,3
45521,89,13
45522,102,10
45523,0,3
45524,45,6
45525,22,5
45526,0,3
45527,13,5
45528,104,14
45529,51,5
45530,115,6
45531,0,3
45532,0,3
45533,79,12
45534,156,18
45535,33,7
45536,182,18
45537,0,3
45538,0,3
45539,0,3
45540,0,3
45541,177,17
45542,0,3
45543,89,11
45544,40,9
45545,0,3
45546,0,3
45547,0,3
45548,0,3
45549,174,12
45550,0,3
45551,68,10
45552,98,13
45553,0,3
45554,0,3
45555,0,3
45556,65,10
45557,394,16
45558,80,17
45559,2,3
45560,87,9
45561,190,15
45562,392,17
45563,224,14
45564,185,12
45565,0,3
45566,201,19
45567,0,3
45568,85,10
45569,63,8
45570,51,9
45571,89,14
45572,153,18
45573,89,11
45574,0,3
45575,0,3
45576,0,3
45577,0,3
45578,0,3
45579,91,9
45580,102,15
45581,0,3
45582,94,13
45583,0,3
45584,0,3
45585,11,4
45586,0,3
45587,119,11
45588,120,17
45589,152,18
45590,0,3
45591,79,11
45592,0,3
45593,0,3
45594,122,18
45595,195,19
45596,0,3
45597,0,3
45598,0,3
45599,165,17
45600,126,14
45601,155,19
45602,0,3
45603,105,16
45604,0,3
45605,134,14
45606,95,15
45607,144,18
45608,0,3
45609,0,3
45610,91,13
45611,126,6
45612,128,13
45613,195,17
45614,141,17
45615,105,14
45616,0,3
45617,127,15
45618,0,3
45619,91,12
45620,163,17
45621,130,16
45622,0,3
45623,0,3
45624,0,3
45625,152,18
45626,64,10
45627,321,16
45628,0,3
45629,0,3
45630,0,3
45631,0,3
45632,84,11
45633,0,3
45634,0,3
45635,176,15
45636,0,3
45637,146,16
45638,177,14
45639,96,14
45640,148,21
45641,0,3
45642,121,17
45643,0,3
45644,0,3
45645,44,8
45646,116,13
45647,0,3
45648,132,12
45649,0,3
45650,215,22
45651,0,3
45652,0,3
45653,0,3
45654,151,20
45655,67,14
45656,19,7
45657,178,19
45658,44,13
45659,0,3
45660,59,11
45661,0,3
45662,36,5
45663,138,10
45664,54,9
45665,8,4
45666,56,10
45667,240,12
45668,0,3
45669,10,4
45670,17,4
45671,0,3
45672,27,8
45673,112,12
45674,7,3
45675,0,3
45676,145,14
45677,43,7
45678,50,5
45679,0,3
45680,0,3
45681,66,11
45682,93,8
45683,140,15
45684,122,17
45685,43,10
45686,107,12
45687,71,12
45688,0,3
45689,126,11
45690,0,3
45691,123,17
45692,195,18
45693,17,8
45694,0,3
45695,118,15
45696,9,4
45697,0,3
45698,104,16
45699,103,15
45700,29,5
45701,181,12
45702,151,18
45703,49,11
45704,81,9
45705,0,3
45706,0,3
45707,0,3
45708,51,8
45709,0,3
45710,127,15
45711,0,3
45712,0,3
45713,47,6
45714,0,3
45715,57,10
45716,101,14
45717,204,23
45718,137,16
45719,0,3
45720,0,3
45721,194,16
45722,83,12
45723,171,18
45724,37,9
45725,81,10
45726,0,3
45727,81,10
45728,101,10
45729,0,3
45730,0,3
45731,2,3
45732,158,15
45733,0,3
45734,58,7
45735,0,3
45736,0,3
45737,146,11
45738,93,14
45739,0,3
45740,246,19
45741,106,10
45742,0,3
45743,1,3
45744,367,20
45745,132,11
45746,160,15
45747,100,15
45748,0,3
45749,134,13
45750,164,20
45751,91,8
45752,21,5
45753,217,13
45754,0,3
45755,0,3
45756,76,12
45757,0,3
45758,163,18
45759,116,11
45760,107,9
45761,225,24
45762,0,3
45763,76,14
45764,80,11
45765,176,15
45766,92,6
45767,166,14
45768,128,16
45769,140,14
45770,91,10
45771,83,12
45772,0,3
45773,152,13
45774,0,3
45775,119,17
45776,127,15
45777,0,3
45778,0,3
45779,30,8
45780,0,3
45781,214,24
45782,0,3
45783,163,17
45784,54,7
45785,0,3
45786,227,19
45787,141,11
45788,168,15
45789,187,17
45790,0,3
45791,225,17
45792,0,3
45793,0,3
45794,0,3
45795,0,3
45796,219,23
45797,161,18
45798,85,11
45799,45,5
45800,86,14
45801,0,3
45802,135,16
45803,0,3
45804,79,11
45805,0,3
45806,151,15
45807,0,3
45808,31,6
45809,131,19
45810,0,3
45811,0,3
45812,169,19
45813,144,11
45814,141,22
45815,0,3
45816,131,16
45817,88,9
45818,0,3
45819,180,20
45820,81,10
45821,300,28
45822,257,16
45823,175,16
45824,58,11
45825,153,8
45826,164,19
45827,90,12
45828,0,3
45829,236,15
45830,162,16
45831,2,3
45832,0,3
45833,0,3
45834,80,10
45835,0,3
45836,56,9
45837,0,3
45838,165,17
45839,87,13
45840,0,3
45841,114,15
45842,69,14
45843,170,16
45844,81,10
45845,147,16
45846,0,3
45847,222,24
45848,0,3
45849,0,3
45850,36,6
45851,166,12
45852,107,11
45853,172,16
45854,154,17
45855,143,19
45856,0,3
45857,160,15
45858,140,20
45859,235,13
45860,0,3
45861,0,3
45862,255,23
45863,0,3
45864,0,3
45865,0,3
45866,96,15
45867,315,25
45868,76,9
45869,128,17
45870,4,3
45871,230,15
45872,7,3
45873,116,12
45874,67,14
45875,25,3
45876,106,15
45877,53,10
45878,107,14
45879,115,12
45880,0,3
45881,80,11
45882,0,3
45883,0,3
45884,218,13
45885,0,3
45886,128,16
45887,132,17
45888,55,11
45889,103,11
45890,125,17
45891,0,3
45892,0,3
45893,0,3
45894,4,3
45895,0,3
45896,109,14
45897,0,3
45898,67,6
45899,0,3
45900,108,14
45901,0,3
45902,0,3
45903,0,3
45904,0,3
45905,0,3
45906,33,5
45907,64,7
45908,95,15
45909,91,19
45910,101,16
45911,0,3
45912,0,3
45913,44,8
45914,101,17
45915,246,23
45916,97,13
45917,92,10
45918,251,14
45919,0,3
45920,0,3
45921,200,18
45922,126,17
45923,82,11
45924,0,3
45925,83,13
45926,134,14
45927,13,4
45928,88,11
45929,0,3
45930,0,3
45931,29,6
45932,0,3
45933,69,10
45934,24,4
45935,187,15
45936,0,3
45937,151,16
45938,0,3
45939,25,6
45940,82,9
45941,0,3
45942,115,19
45943,81,16
45944,0,3
45945,128,16
45946,152,11
45947,174,17
45948,181,13
45949,0,3
45950,22,4
45951,0,3
45952,154,17
45953,211,16
45954,0,3
45955,0,3
45956,0,3
45957,0,3
45958,234,23
45959,173,15
45960,0,3
45961,5,3
45962,0,3
45963,0,3
45964,0,3
45965,0,3
45966,56,8
45967,62,7
45968,0,3
45969,58,10
45970,0,3
45971,138,12
45972,179,20
45973,193,20
45974,78,13
45975,114,16
45976,85,16
45977,209,19
45978,114,14
45979,0,3
45980,0,3
45981,116,14
45982,57,6
45983,81,5
45984,34,7
45985,46,8
45986,81,10
45987,107,12
45988,138,10
45989,164,18
45990,68,8
45991,107,17
45992,0,3
45993,19,6
45994,229,17
45995,0,3
45996,63,6
45997,172,19
45998,0,3
45999,123,13
46000,0,3
46001,0,3
46002,136,18
46003,241,23
46004,100,11
46005,55,6
46006,127,18
46007,89,13
46008,50,7
46009,0,3
46010,133,11
46011,11,4
46012,184,14
46013,0,3
46014,90,16
46015,0,3
46016,172,18
46017,45,8
46018,0,3
46019,177,17
46020,0,3
46021,31,5
46022,57,9
46023,81,10
46024,24,7
46025,170,17
46026,0,3
46027,46,11
46028,0,3
46029,0,3
46030,0,3
46031,0,3
46032,23,7
46033,0,3
46034,145,17
46035,173,19
46036,0,3
46037,153,14
46038,120,13
46039,0,3
46040,108,15
46041,0,3
46042,4,3
46043,126,16
46044,0,3
46045,132,14
46046,33,9
46047,0,3
46048,0,3
46049,0,3
46050,100,17
46051,0,3
46052,224,21
46053,153,19
46054,0,3
46055,198,19
46056,50,8
46057,101,11
46058,264,20
46059,7,5
46060,0,3
46061,125,13
46062,43,10
46063,0,3
46064,111,9
46065,0,3
46066,31,6
46067,60,11
46068,125,15
46069,153,21
46070,124,14
46071,153,19
46072,241,17
46073,123,19
46074,109,9
46075,263,14
46076,40,5
46077,217,19
46078,0,3
46079,231,19
46080,79,13
46081,17,4
46082,65,6
46083,63,10
46084,0,3
46085,160,16
46086,47,7
46087,62,9
46088,98,10
46089,107,13
46090,64,8
46091,103,14
46092,0,3
46093,111,10
46094,84,11
46095,127,12
46096,0,3
46097,70,11
46098,11,4
46099,0,3
46100,0,3
46101,69,9
46102,92,13
46103,0,3
46104,0,3
46105,140,21
46106,87,9
46107,0,3
46108,123,14
46109,136,16
46110,66,10
46111,55,7
46112,186,11
46113,125,16
46114,0,3
46115,135,8
46116,0,3
46117,0,3
46118,0,3
46119,88,11
46120,156,18
46121,85,13
46122,189,17
46123,57,9
46124,133,16
46125,76,11
46126,0,3
46127,54,9
46128,94,14
46129,69,10
46130,101,13
46131,92,12
46132,110,13
46133,195,18
46134,125,17
46135,1,3
46136,206,17
46137,154,13
46138,0,3
46139,0,3
46140,0,3
46141,154,18
46142,40,8
46143,0,3
46144,80,14
46145,21,7
46146,0,3
46147,233,25
46148,218,19
46149,180,18
46150,0,3
46151,74,10
46152,111,15
46153,94,12
46154,103,10
46155,0,3
46156,170,16
46157,0,3
46158,49,11
46159,80,10
46160,0,3
46161,0,3
46162,128,14
46163,101,14
46164,94,4
46165,0,3
46166,57,7
46167,0,3
46168,31,4
46169,133,19
46170,0,3
46171,0,3
46172,120,13
46173,243,17
46174,259,13
46175,0,3
46176,203,20
46177,0,3
46178,0,3
46179,0,3
46180,66,7
46181,0,3
46182,148,18
46183,0,3
46184,101,14
46185,0,3
46186,148,14
46187,247,13
46188,0,3
46189,203,5
46190,28,7
46191,0,3
46192,44,8
46193,98,13
46194,362,21
46195,261,18
46196,0,3
46197,0,3
46198,0,3
46199,157,18
46200,1,3
46201,123,13
46202,0,3
46203,0,3
46204,138,21
46205,0,3
46206,68,13
46207,0,3
46208,90,14
46209,6,3
46210,236,23
46211,28,7
46212,117,13
46213,159,17
46214,128,16
46215,151,9
46216,0,3
46217,221,17
46218,0,3
46219,106,11
46220,40,6
46221,0,3
46222,0,3
46223,105,12
46224,0,3
46225,45,9
46226,0,3
46227,0,3
46228,72,9
46229,198,21
46230,0,3
46231,117,14
46232,0,3
46233,101,13
46234,0,3
46235,0,3
46236,0,3
46237,0,3
46238,0,3
46239,179,17
46240,21,7
46241,54,11
46242,66,10
46243,26,9
46244,0,3
46245,0,3
46246,0,3
46247,151,17
46248,108,11
46249,64,8
46250,77,19
46251,0,3
46252,0,3
46253,0,3
46254,110,8
46255,0,3
46256,301,21
46257,85,10
46258,15,4
46259,117,12
46260,0,3
46261,164,16
46262,114,10
46263,126,12
46264,121,16
46265,0,3
46266,145,14
46267,0,3
46268,0,3
46269,88,13
46270,150,11
46271,204,15
46272,67,6
46273,82,11
46274,0,3
46275,0,3
46276,43,6
46277,0,3
46278,78,17
46279,108,16
46280,126,19
46281,157,15
46282,0,3
46283,0,3
46284,150,13
46285,166,19
46286,134,13
46287,102,13
46288,156,21
46289,133,16
46290,75,11
46291,223,16
46292,77,14
46293,130,19
46294,115,16
46295,212,16
46296,40,11
46297,129,12
46298,210,18
46299,112,16
46300,57,12
46301,0,3
46302,0,3
46303,135,21
46304,79,11
46305,0,3
46306,135,15
46307,0,3
46308,150,11
46309,265,17
46310,0,3
46311,107,15
46312,294,17
46313,208,24
46314,0,3
46315,16,6
46316,48,4
46317,75,6
46318,73,11
46319,0,3
46320,389,19
46321,72,10
46322,233,22
46323,22,7
46324,79,5
46325,0,3
46326,0,3
46327,78,11
46328,158,14
46329,0,3
46330,0,3
46331,160,17
46332,14,3
46333,278,17
46334,0,3
46335,58,10
46336,95,11
46337,158,13
46338,42,5
46339,328,27
46340,135,14
46341,0,3
46342,88,13
46343,114,7
46344,0,3
46345,0,3
46346,0,3
46347,123,16
46348,0,3
46349,0,3
46350,0,3
46351,96,13
46352,0,3
46353,99,9
46354,204,23
46355,13,5
46356,3,3
46357,0,3
46358,102,8
46359,0,3
46360,0,3
46361,107,13
46362,0,3
46363,0,3
46364,163,18
46365,188,17
46366,49,8
46367,0,3
46368,272,15
46369,0,3
46370,0,3
46371,160,18
46372,82,14
46373,66,8
46374,176,16
46375,0,3
46376,0,3
46377,135,15
46378,0,3
46379,171,16
46380,87,13
46381,58,11
46382,121,14
46383,192,12
46384,0,3
46385,4,3
46386,0,3
46387,254,22
46388,220,23
46389,0,3
46390,0,3
46391,98,9
46392,114,17
46393,85,15
46394,163,21
46395,46,8
46396,162,15
46397,157,19
46398,0,3
46399,8,4
46400,125,13
46401,0,3
46402,240,23
46403,31,7
46404,149,15
46405,61,10
46406,209,18
46407,0,3
46408,0,3
46409,32,5
46410,0,3
46411,0,3
46412,23,6
46413,157,11
46414,0,3
46415,0,3
46416,126,15
46417,89,12
46418,220,17
46419,55,6
46420,0,3
46421,0,3
46422,301,7
46423,0,3
46424,0,3
46425,0,3
46426,87,17
46427,0,3
46428,71,8
46429,0,3
46430,187,21
46431,0,3
46432,38,8
46433,0,3
46434,0,3
46435,260,19
46436,80,10
46437,0,3
46438,4,4
46439,0,3
46440,84,9
46441,202,24
46442,0,3
46443,53,8
46444,78,9
46445,195,15
46446,1,3
46447,0,3
46448,136,13
46449,51,11
46450,0,3
46451,65,9
46452,29,11
46453,130,21
46454,255,20
46455,86,14
46456,156,10
46457,0,3
46458,0,3
46459,88,11
46460,0,3
46461,104,14
46462,86,12
46463,59,12
46464,237,13
46465,0,3
46466,80,12
46467,49,8
46468,167,19
46469,131,10
46470,0,3
46471,188,14
46472,0,3
46473,98,10
46474,0,3
46475,143,19
46476,0,3
46477,0,3
46478,145,14
46479,206,14
46480,194,18
46481,118,18
46482,0,3
46483,26,7
46484,67,8
46485,136,16
46486,104,12
46487,164,11
46488,0,3
46489,0,3
46490,81,16
46491,0,3
46492,71,12
46493,0,3
46494,46,7
46495,0,3
46496,11,4
46497,212,22
46498,123,17
46499,131,16
46500,0,3
46501,67,10
46502,47,6
46503,315,12
46504,113,14
46505,255,20
46506,0,3
46507,136,10
46508,0,3
46509,0,3
46510,171,22
46511,0,3
46512,0,3
46513,143,16
46514,104,14
46515,166,14
46516,149,15
46517,107,11
46518,0,3
46519,0,3
46520,245,24
46521,16,5
46522,88,13
46523,40,8
46524,145,8
46525,0,3
46526,0,3
46527,241,16
46528,160,17
46529,0,3
46530,0,3
46531,89,12
46532,113,8
46533,0,3
46534,25,5
46535,117,14
46536,0,3
46537,0,3
46538,77,13
46539,28,7
46540,199,16
46541,48,6
46542,90,14
46543,0,3
46544,38,7
46545,154,15
46546,46,5
46547,160,26
46548,54,7
46549,0,3
46550,0,3
46551,44,8
46552,0,3
46553,59,10
46554,134,13
46555,9,3
46556,160,17
46557,0,3
46558,128,17
46559,185,9
46560,51,8
46561,0,3
46562,0,3
46563,287,20
46564,0,3
46565,104,10
46566,0,3
46567,175,25
46568,0,3
46569,0,3
46570,202,13
46571,0,3
46572,10,4
46573,0,3
46574,89,13
46575,102,17
46576,180,20
46577,55,11
46578,47,12
46579,64,11
46580,131,18
46581,78,14
46582,207,24
46583,0,3
46584,40,9
46585,180,16
46586,0,3
46587,72,12
46588,201,21
46589,179,14
46590,178,19
46591,263,14
46592,65,12
46593,0,3
46594,156,17
46595,0,3
46596,129,18
46597,246,12
46598,0,3
46599,0,3
46600,77,10
46601,119,9
46602,26,8
46603,128,20
46604,0,3
46605,0,3
46606,115,11
46607,146,16
46608,126,10
46609,125,13
46610,0,3
46611,0,3
46612,0,3
46613,0,3
46614,217,12
46615,196,24
46616,116,14
46617,0,3
46618,36,4
46619,95,11
46620,0,3
46621,134,17
46622,0,3
46623,239,17
46624,178,18
46625,0,3
46626,0,3
46627,119,16
46628,97,13
46629,83,13
46630,63,10
46631,176,18
46632,238,21
46633,0,3
46634,100,15
46635,82,15
46636,0,3
46637,192,23
46638,126,14
46639,29,5
46640,128,17
46641,162,20
46642,146,15
46643,186,14
46644,0,3
46645,117,13
46646,67,11
46647,86,12
46648,61,7
46649,0,3
46650,0,3
46651,0,3
46652,215,22
46653,101,15
46654,0,3
46655,82,13
46656,0,3
46657,0,3
46658,153,16
46659,147,15
46660,127,6
46661,88,15
46662,0,3
46663,0,3
46664,107,15
46665,19,4
46666,86,8
46667,210,13
46668,153,11
46669,20,6
46670,156,17
46671,33,7
46672,170,15
46673,0,3
46674,91,14
46675,213,27
46676,125,14
46677,0,3
46678,61,7
46679,0,3
46680,125,15
46681,61,12
46682,119,18
46683,131,19
46684,174,15
46685,202,20
46686,183,20
46687,87,8
46688,109,17
46689,156,15
46690,102,13
46691,0,3
46692,152,17
46693,0,3
46694,97,11
46695,10,4
46696,190,16
46697,105,17
46698,87,12
46699,81,11
46700,0,3
46701,165,18
46702,0,3
46703,197,19
46704,52,9
46705,0,3
46706,21,5
46707,131,11
46708,0,3
46709,143,18
46710,0,3
46711,130,14
46712,0,3
46713,167,19
46714,115,14
46715,127,17
46716,8,4
46717,72,10
46718,144,15
46719,126,17
46720,2,4
46721,90,12
46722,0,3
46723,232,14
46724,53,10
46725,132,13
46726,0,3
46727,70,8
46728,34,5
46729,0,3
46730,114,13
46731,87,13
46732,0,3
46733,139,17
46734,0,3
46735,60,11
46736,92,15
46737,0,3
46738,0,3
46739,0,3
46740,213,14
46741,211,10
46742,164,16
46743,62,9
46744,0,3
46745,94,13
46746,0,3
46747,230,23
46748,125,16
46749,128,13
46750,169,18
46751,0,3
46752,160,9
46753,0,3
46754,0,3
46755,86,10
46756,168,16
46757,105,15
46758,28,6
46759,336,27
46760,178,12
46761,189,20
46762,0,3
46763,0,3
46764,0,3
46765,17,4
46766,0,3
46767,0,3
46768,36,6
46769,236,20
46770,144,16
46771,0,3
46772,130,16
46773,69,10
46774,0,3
46775,0,3
46776,122,14
46777,302,26
46778,139,14
46779,224,20
46780,146,16
46781,0,3
46782,95,14
46783,298,15
46784,0,3
46785,65,10
46786,107,11
46787,78,16
46788,0,3
46789,110,16
46790,0,3
46791,71,12
46792,0,3
46793,0,3
46794,0,3
46795,68,11
46796,209,22
46797,0,3
46798,66,14
46799,74,11
46800,0,3
46801,86,15
46802,0,3
46803,146,14
46804,72,12
46805,147,12
46806,0,3
46807,48,6
46808,208,16
46809,123,14
46810,139,15
46811,117,13
46812,26,9
46813,115,17
46814,196,14
46815,0,3
46816,107,12
46817,172,14
46818,81,6
46819,98,11
46820,59,9
46821,25,5
46822,111,16
46823,0,3
46824,8,3
46825,136,18
46826,0,3
46827,25,6
46828,76,9
46829,174,16
46830,26,4
46831,0,3
46832,0,3
46833,0,3
46834,27,6
46835,79,15
46836,171,9
46837,0,3
46838,166,17
46839,43,7
46840,187,20
46841,0,3
46842,0,3
46843,45,6
46844,167,23
46845,0,3
46846,120,18
46847,0,3
46848,42,7
46849,151,10
46850,0,3
46851,183,19
46852,16,6
46853,114,14
46854,130,19
46855,0,3
46856,0,3
46857,114,18
46858,0,3
46859,102,14
46860,177,9
46861,47,6
46862,0,3
46863,90,10
46864,0,3
46865,325,21
46866,136,17
46867,536,22
46868,264,21
46869,106,17
46870,142,19
46871,98,13
46872,0,3
46873,157,10
46874,0,3
46875,0,3
46876,0,3
46877,93,12
46878,135,12
46879,97,13
46880,83,10
46881,0,3
46882,112,12
46883,72,10
46884,77,13
46885,31,4
46886,336,14
46887,90,13
46888,317,11
46889,93,12
46890,0,3
46891,147,18
46892,0,3
46893,214,12
46894,112,15
46895,0,3
46896,132,11
46897,0,3
46898,0,3
46899,0,3
46900,85,14
46901,0,3
46902,125,13
46903,172,22
46904,109,10
46905,72,11
46906,214,16
46907,115,15
46908,36,5
46909,112,18
46910,0,3
46911,0,3
46912,162,17
46913,0,3
46914,18,4
46915,47,8
46916,0,3
46917,94,10
46918,0,3
46919,141,17
46920,0,3
46921,0,3
46922,0,3
46923,0,3
46924,0,3
46925,80,10
46926,0,3
46927,64,11
46928,0,3
46929,221,19
46930,0,3
46931,0,3
46932,115,14
46933,0,3
46934,54,10
46935,0,3
46936,0,3
46937,17,5
46938,70,10
46939,0,3
46940,192,10
46941,122,12
46942,153,14
46943,109,14
46944,0,3
46945,0,3
46946,0,3
46947,0,3
46948,118,18
46949,91,11
46950,174,23
46951,0,3
46952,48,7
46953,163,16
46954,0,3
46955,283,15
46956,87,14
46957,146,18
46958,0,3
46959,95,14
46960,0,3
46961,0,3
46962,54,8
46963,0,3
46964,125,13
46965,0,3
46966,82,8
46967,120,18
46968,179,22
46969,0,3
46970,0,3
46971,96,15
46972,0,3
46973,136,19
46974,0,3
46975,150,16
46976,0,3
46977,29,6
46978,0,3
46979,0,3
46980,0,3
46981,77,13
46982,0,3
46983,89,14
46984,0,3
46985,101,14
46986,0,3
46987,86,12
46988,148,16
46989,207,23
46990,7,4
46991,29,7
46992,0,3
46993,29,7
46994,0,3
46995,0,3
46996,102,13
46997,136,15
46998,0,3
46999,211,21
47000,89,14
47001,0,3
47002,0,3
47003,76,10
47004,90,14
47005,289,23
47006,104,14
47007,0,3
47008,66,8
47009,163,16
47010,0,3
47011,206,10
47012,201,19
47013,0,3
47014,124,13
47015,87,13
47016,0,3
47017,146,17
47018,0,3
47019,293,19
47020,112,13
47021,0,3
47022,60,10
47023,52,3
47024,0,3
47025,0,3
47026,142,17
47027,47,9
47028,43,6
47029,0,3
47030,0,3
47031,221,25
47032,124,15
47033,39,9
47034,53,12
47035,194,20
47036,261,29
47037,220,15
47038,108,12
47039,81,12
47040,0,3
47041,100,17
47042,44,9
47043,188,19
47044,33,7
47045,84,11
47046,138,16
47047,230,21
47048,342,10
47049,159,19
47050,0,3
47051,0,3
47052,16,4
47053,0,3
47054,122,15
47055,0,3
47056,0,3
47057,0,3
47058,0,3
47059,141,18
47060,17,6
47061,0,3
47062,73,8
47063,0,3
47064,0,3
47065,172,17
47066,0,3
47067,62,12
47068,110,16
47069,0,3
47070,78,16
47071,0,3
47072,149,14
47073,0,3
47074,72,9
47075,0,3
47076,40,8
47077,26,4
47078,0,3
47079,129,13
47080,239,14
47081,79,12
47082,182,21
47083,43,11
47084,0,3
47085,0,3
47086,92,11
47087,164,20
47088,146,19
47089,100,17
47090,0,3
47091,66,12
47092,178,16
47093,136,16
47094,100,8
47095,120,18
47096,187,16
47097,0,3
47098,0,3
47099,92,6
47100,167,15
47101,195,25
47102,206,17
47103,166,16
47104,47,7
47105,74,13
47106,115,13
47107,122,19
47108,0,3
47109,0,3
47110,0,3
47111,39,8
47112,0,3
47113,55,10
47114,0,3
47115,13,3
47116,55,10
47117,183,14
47118,0,3
47119,0,3
47120,0,3
47121,79,16
47122,34,6
47123,0,3
47124,0,3
47125,0,3
47126,90,12
47127,58,8
47128,0,3
47129,0,3
47130,149,13
47131,0,3
47132,154,18
47133,75,13
47134,126,16
47135,0,3
47136,107,15
47137,145,19
47138,29,7
47139,83,8
47140,103,17
47141,0,3
47142,0,3
47143,0,3
47144,0,3
47145,253,16
47146,0,3
47147,167,19
47148,226,17
47149,120,16
47150,123,18
47151,48,8
47152,36,6
47153,86,11
47154,20,6
47155,102,15
47156,131,15
47157,66,9
47158,111,11
47159,0,3
47160,0,3
47161,131,16
47162,83,9
47163,0,3
47164,111,13
47165,178,15
47166,80,13
47167,105,16
47168,175,16
47169,157,14
47170,98,16
47171,0,3
47172,147,13
47173,0,3
47174,0,3
47175,0,3
47176,0,3
47177,0,3
47178,0,3
47179,0,3
47180,30,5
47181,156,10
47182,234,18
47183,53,7
47184,0,3
47185,0,3
47186,118,17
47187,0,3
47188,186,17
47189,66,11
47190,0,3
47191,78,13
47192,55,9
47193,198,17
47194,102,14
47195,0,3
47196,105,9
47197,27,7
47198,0,3
47199,311,18
47200,28,4
47201,0,3
47202,244,17
47203,5,3
47204,91,13
47205,118,14
47206,0,3
47207,113,13
47208,193,20
47209,0,3
47210,0,3
47211,0,3
47212,0,3
47213,101,16
47214,94,7
47215,0,3
47216,322,23
47217,86,15
47218,161,15
47219,151,20
47220,170,19
47221,369,18
47222,75,13
47223,67,10
47224,102,14
47225,0,3
47226,0,3
47227,150,19
47228,0,3
47229,116,14
47230,132,18
47231,290,20
47232,0,3
47233,11,3
47234,0,3
47235,158,22
47236,43,10
47237,56,4
47238,0,3
47239,123,17
47240,3,3
47241,90,11
47242,113,14
47243,146,21
47244,67,9
47245,64,10
47246,2,3
47247,103,12
47248,0,3
47249,62,10
47250,22,5
47251,23,4
47252,0,3
47253,153,5
47254,142,16
47255,112,12
47256,0,3
47257,0,3
47258,0,3
47259,20,4
47260,48,9
47261,3,3
47262,122,10
47263,97,12
47264,0,3
47265,100,12
47266,0,3
47267,215,13
47268,163,11
47269,1,3
47270,0,3
47271,40,8
47272,0,3
47273,44,9
47274,107,10
47275,0,3
47276,185,18
47277,84,12
47278,112,16
47279,0,3
47280,55,7
47281,227,18
47282,103,14
47283,66,9
47284,97,10
47285,165,18
47286,13,3
47287,0,3
47288,0,3
47289,0,3
47290,0,3
47291,161,16
47292,0,3
47293,0,3
47294,85,11
47295,0,3
47296,280,15
47297,130,13
47298,418,16
47299,196,18
47300,50,5
47301,124,22
47302,0,3
47303,167,12
47304,145,14
47305,0,3
47306,8,5
47307,101,12
47308,50,6
47309,85,9
47310,147,21
47311,0,3
47312,124,15
47313,144,14
47314,0,3
47315,70,14
47316,43,8
47317,136,15
47318,0,3
47319,68,10
47320,71,13
47321,306,13
47322,108,9
47323,0,3
47324,97,12
47325,79,13
47326,70,13
47327,0,3
47328,75,6
47329,104,6
47330,0,3
47331,126,14
47332,0,3
47333,130,16
47334,0,3
47335,103,12
47336,139,12
47337,5,3
47338,0,3
47339,169,18
47340,69,11
47341,117,15
47342,12,4
47343,92,15
47344,232,22
47345,0,3
47346,0,3
47347,0,3
47348,84,12
47349,0,3
47350,0,3
47351,63,8
47352,168,19
47353,0,3
47354,0,3
47355,111,14
47356,212,19
47357,0,3
47358,167,14
47359,187,18
47360,131,13
47361,163,12
47362,187,23
47363,104,9
47364,35,8
47365,59,10
47366,0,3
47367,0,3
47368,0,3
47369,214,19
47370,155,15
47371,120,15
47372,0,3
47373,67,8
47374,0,3
47375,43,10
47376,59,10
47377,86,9
47378,0,3
47379,0,3
47380,111,15
47381,73,9
47382,0,3
47383,75,13
47384,138,15
47385,169,10
47386,0,3
47387,79,19
47388,175,19
47389,161,21
47390,134,13
47391,63,7
47392,0,3
47393,178,18
47394,185,16
47395,57,8
47396,0,3
47397,65,9
47398,0,3
47399,96,12
47400,26,4
47401,0,3
47402,159,13
47403,128,14
47404,0,3
47405,145,15
47406,0,3
47407,0,3
47408,14,3
47409,75,7
47410,98,12
47411,0,3
47412,123,7
47413,116,17
47414,0,3
47415,143,16
47416,103,13
47417,215,18
47418,83,12
47419,171,16
47420,117,18
47421,102,10
47422,0,3
47423,269,28
47424,0,3
47425,0,3
47426,130,11
47427,0,3
47428,91,14
47429,60,11
47430,0,3
47431,116,16
47432,1,3
47433,157,14
47434,272,13
47435,126,18
47436,48,8
47437,0,3
47438,0,3
47439,0,3
47440,74,11
47441,0,3
47442,0,3
47443,82,11
47444,0,3
47445,0,3
47446,0,3
47447,0,3
47448,93,13
47449,170,16
47450,54,9
47451,0,3
47452,66,9
47453,0,3
47454,133,18
47455,89,14
47456,72,11
47457,0,3
47458,209,26
47459,0,3
47460,90,11
47461,0,3
47462,0,3
47463,0,3
47464,0,3
47465,224,17
47466,135,24
47467,0,3
47468,256,24
47469,3,3
47470,146,20
47471,0,3
47472,109,9
47473,48,9
47474,0,3
47475,132,17
47476,0,3
47477,168,17
47478,212,22
47479,154,15
47480,132,15
47481,164,14
47482,0,3
47483,103,9
47484,0,3
47485,0,3
47486,0,3
47487,116,16
47488,100,12
47489,155,17
47490,232,20
47491,113,15
47492,47,7
47493,0,3
47494,681,14
47495,0,3
47496,144,15
47497,75,9
47498,0,3
47499,0,3
47500,81,8
47501,0,3
47502,69,6
47503,149,12
47504,0,3
47505,0,3
47506,0,3
47507,80,14
47508,150,12
47509,0,3
47510,0,3
47511,139,15
47512,145,10
47513,0,3
47514,119,15
47515,130,11
47516,110,15
47517,0,3
47518,0,3
47519,212,17
47520,207,20
47521,247,21
47522,150,15
47523,0,3
47524,95,16
47525,146,14
47526,241,15
47527,227,14
47528,143,17
47529,0,3
47530,148,15
47531,0,3
47532,280,20
47533,188,14
47534,235,21
47535,0,3
47536,131,12
47537,52,3
47538,107,17
47539,0,3
47540,236,19
47541,39,8
47542,0,3
47543,240,20
47544,200,16
47545,74,11
47546,0,3
47547,168,20
47548,229,20
47549,228,25
47550,112,15
47551,0,3
47552,0,3
47553,130,11
47554,0,3
47555,173,19
47556,0,3
47557,0,3
47558,45,9
47559,20,5
47560,0,3
47561,26,5
47562,102,15
47563,0,3
47564,0,3
47565,216,26
47566,0,3
47567,0,3
47568,116,18
47569,0,3
47570,86,12
47571,134,18
47572,49,7
47573,136,19
47574,0,3
47575,61,10
47576,0,3
47577,232,22
47578,82,6
47579,8,3
47580,70,11
47581,47,7
47582,81,15
47583,0,3
47584,133,17
47585,52,7
47586,0,3
47587,100,18
47588,72,9
47589,52,8
47590,119,11
47591,33,4
47592,244,18
47593,0,3
47594,0,3
47595,78,7
47596,0,3
47597,160,19
47598,0,3
47599,137,15
47600,0,3
47601,0,3
47602,0,3
47603,0,3
47604,0,3
47605,0,3
47606,62,10
47607,90,12
47608,79,12
47609,167,17
47610,0,3
47611,171,20
47612,93,13
47613,22,7
47614,0,3
47615,93,6
47616,111,16
47617,8,5
47618,128,15
47619,140,9
47620,122,13
47621,25,7
47622,140,20
47623,169,19
47624,304,8
47625,0,3
47626,191,8
47627,151,18
47628,82,5
47629,46,10
47630,208,18
47631,0,3
47632,247,26
47633,30,9
47634,0,3
47635,51,10
47636,0,3
47637,0,3
47638,0,3
47639,0,3
47640,192,18
47641,29,8
47642,0,3
47643,78,11
47644,6,4
47645,0,3
47646,410,16
47647,115,15
47648,131,14
47649,0,3
47650,123,17
47651,0,3
47652,0,3
47653,112,15
47654,36,6
47655,71,6
47656,0,3
47657,0,3
47658,0,3
47659,107,9
47660,0,3
47661,0,3
47662,188,12
47663,72,14
47664,62,11
47665,0,3
47666,70,10
47667,0,3
47668,133,16
47669,0,3
47670,157,18
47671,155,13
47672,83,10
47673,0,3
47674,0,3
47675,68,7
47676,23,3
47677,163,20
47678,0,3
47679,96,14
47680,0,3
47681,91,12
47682,55,6
47683,0,3
47684,98,13
47685,297,14
47686,0,3
47687,0,3
47688,255,12
47689,163,16
47690,125,6
47691,151,10
47692,0,3
47693,188,15
47694,0,3
47695,94,8
47696,0,3
47697,166,20
47698,142,14
47699,49,9
47700,0,3
47701,191,14
47702,272,25
47703,0,3
47704,120,13
47705,0,3
47706,0,3
47707,122,10
47708,100,10
47709,124,21
47710,105,10
47711,33,5
47712,0,3
47713,215,23
47714,116,14
47715,0,3
47716,0,3
47717,68,11
47718,169,16
47719,0,3
47720,91,9
47721,0,3
47722,0,3
47723,84,11
47724,0,3
47725,134,13
47726,0,3
47727,99,13
47728,238,13
47729,69,10
47730,246,22
47731,487,9
47732,0,3
47733,167,11
47734,89,11
47735,43,8
47736,0,3
47737,0,3
47738,78,16
47739,0,3
47740,243,25
47741,0,3
47742,0,3
47743,154,16
47744,51,4
47745,131,12
47746,118,8
47747,168,19
47748,0,3
47749,216,17
47750,255,21
47751,48,7
47752,0,3
47753,222,15
47754,0,3
47755,86,10
47756,235,18
47757,0,3
47758,175,17
47759,140,17
47760,49,7
47761,0,3
47762,128,16
47763,162,21
47764,69,8
47765,148,17
47766,0,3
47767,0,3
47768,132,15
47769,0,3
47770,120,13
47771,170,14
47772,53,9
47773,0,3
47774,89,16
47775,215,16
47776,196,13
47777,145,16
47778,190,18
47779,225,20
47780,0,3
47781,0,3
47782,117,16
47783,218,14
47784,75,9
47785,7,3
47786,145,18
47787,0,3
47788,234,21
47789,133,15
47790,60,9
47791,180,17
47792,411,12
47793,97,13
47794,122,14
47795,0,3
47796,0,3
47797,59,9
47798,264,12
47799,0,3
47800,0,3
47801,137,10
47802,0,3
47803,384,12
47804,298,16
47805,174,14
47806,94,12
47807,26,4
47808,0,3
47809,48,8
47810,0,3
47811,13,6
47812,0,3
47813,18,2
47814,0,3
47815,45,5
47816,0,3
47817,174,18
47818,1,3
47819,145,2
47820,56,8
47821,123,16
47822,215,16
47823,90,10
47824,237,9
47825,36,8
47826,140,16
47827,0,3
47828,213,14
47829,362,18
47830,102,16
47831,205,18
47832,184,9
47833,0,3
47834,0,3
47835,0,3
47836,0,3
47837,0,3
47838,182,17
47839,0,3
47840,20,3
47841,103,19
47842,86,12
47843,0,3
47844,0,3
47845,139,18
47846,0,3
47847,11,3
47848,28,5
47849,0,3
47850,19,5
47851,0,3
47852,460,16
47853,133,17
47854,75,13
47855,203,16
47856,0,3
47857,76,9
47858,145,17
47859,7,4
47860,156,15
47861,128,16
47862,189,18
47863,106,10
47864,135,11
47865,0,3
47866,56,11
47867,451,3
47868,29,5
47869,116,15
47870,146,16
47871,0,3
47872,0,3
47873,198,16
47874,0,3
47875,0,3
47876,79,12
47877,293,15
47878,0,3
47879,145,13
47880,0,3
47881,132,18
47882,76,11
47883,104,16
47884,217,15
47885,153,20
47886,245,17
47887,0,3
47888,0,3
47889,0,3
47890,187,13
47891,0,3
47892,0,3
47893,0,3
47894,57,13
47895,0,3
47896,47,7
47897,0,3
47898,134,15
47899,134,13
47900,0,3
47901,106,9
47902,0,3
47903,34,6
47904,0,3
47905,205,19
47906,0,3
47907,96,11
47908,0,3
47909,107,11
47910,204,25
47911,117,15
47912,191,9
47913,126,16
47914,259,22
47915,139,15
47916,263,20
47917,0,3
47918,72,11
47919,100,13
47920,206,13
47921,45,7
47922,0,3
47923,0,3
47924,0,3
47925,51,11
47926,78,14
47927,133,15
47928,85,8
47929,68,14
47930,254,22
47931,425,9
47932,202,18
47933,0,3
47934,325,12
47935,214,23
47936,71,9
47937,160,19
47938,0,3
47939,0,3
47940,0,3
47941,116,19
47942,68,6
47943,0,3
47944,0,3
47945,0,3
47946,0,3
47947,144,14
47948,168,19
47949,72,7
47950,37,4
47951,0,3
47952,0,3
47953,95,13
47954,124,15
47955,120,10
47956,0,3
47957,0,3
47958,0,3
47959,0,3
47960,54,9
47961,0,3
47962,0,3
47963,40,8
47964,106,20
47965,0,3
47966,25,7
47967,0,3
47968,68,9
47969,107,11
47970,108,6
47971,83,8
47972,113,17
47973,0,3
47974,114,12
47975,0,3
47976,78,11
47977,85,9
47978,0,3
47979,182,15
47980,98,7
47981,0,3
47982,268,25
47983,0,3
47984,0,3
47985,260,20
47986,76,9
47987,199,14
47988,97,13
47989,48,8
47990,218,16
47991,30,5
47992,102,13
47993,65,11
47994,163,13
47995,128,16
47996,175,24
47997,121,11
47998,0,3
47999,201,14
48000,170,18
48001,7,3
48002,0,3
48003,96,10
48004,0,3
48005,93,13
48006,84,10
48007,0,3
48008,0,3
48009,0,3
48010,81,11
48011,50,5
48012,185,24
48013,158,17
48014,85,10
48015,70,9
48016,42,7
48017,174,18
48018,0,3
48019,42,7
48020,81,9
48021,139,22
48022,0,3
48023,168,20
48024,109,15
48025,23,6
48026,30,4
48027,0,3
48028,54,9
48029,91,11
48030,6,4
48031,182,21
48032,290,16
48033,0,3
48034,385,19
48035,127,8
48036,115,5
48037,28,6
48038,0,3
48039,113,4
48040,158,15
48041,17,3
48042,35,5
48043,199,23
48044,163,17
48045,93,13
48046,0,3
48047,56,8
48048,335,9
48049,109,13
48050,228,9
48051,0,3
48052,0,3
48053,190,18
48054,0,3
48055,87,11
48056,132,16
48057,0,3
48058,96,14
48059,151,17
48060,110,19
48061,0,3
48062,13,5
48063,0,3
48064,272,16
48065,222,14
48066,76,4
48067,0,3
48068,273,24
48069,198,13
48070,0,3
48071,90,15
48072,37,6
48073,153,13
48074,24,7
48075,82,4
48076,88,10
48077,57,9
48078,134,11
48079,107,9
48080,0,3
48081,43,5
48082,198,18
48083,0,3
48084,0,3
48085,0,3
48086,0,3
48087,0,3
48088,75,8
48089,123,15
48090,75,12
48091,15,4
48092,237,14
48093,0,3
48094,53,9
48095,378,24
48096,3,5
48097,0,3
48098,194,17
48099,126,20
48100,66,8
48101,171,18
48102,37,7
48103,108,7
48104,116,12
48105,65,10
48106,215,12
48107,0,3
48108,184,14
48109,0,3
48110,207,13
48111,236,20
48112,0,3
48113,0,3
48114,104,15
48115,0,3
48116,173,16
48117,116,13
48118,0,3
48119,133,16
48120,72,8
48121,281,23
48122,83,11
48123,40,4
48124,63,7
48125,45,8
48126,0,3
48127,0,3
48128,179,13
48129,179,13
48130,0,3
48131,149,13
48132,43,11
48133,0,3
48134,137,9
48135,219,17
48136,136,22
48137,0,3
48138,192,17
48139,138,13
48140,239,16
48141,0,3
48142,57,10
48143,0,3
48144,96,15
48145,246,21
48146,132,13
48147,166,16
48148,196,17
48149,133,17
48150,143,11
48151,139,13
48152,0,3
48153,117,11
48154,441,15
48155,87,10
48156,177,23
48157,210,14
48158,178,15
48159,155,16
48160,259,21
48161,0,3
48162,121,13
48163,56,10
48164,0,3
48165,205,19
48166,0,3
48167,112,14
48168,309,19
48169,37,4
48170,161,10
48171,0,3
48172,46,7
48173,129,18
48174,0,3
48175,25,3
48176,0,3
48177,161,14
48178,113,12
48179,0,3
48180,0,3
48181,0,3
48182,162,22
48183,177,14
48184,0,3
48185,270,22
48186,112,18
48187,121,19
48188,144,18
48189,0,3
48190,158,17
48191,155,13
48192,0,3
48193,142,17
48194,109,18
48195,0,3
48196,105,13
48197,84,13
48198,124,15
48199,148,10
48200,0,3
48201,77,10
48202,223,14
48203,90,14
48204,37,9
48205,0,3
48206,86,10
48207,89,12
48208,130,17
48209,197,16
48210,90,10
48211,300,11
48212,0,3
48213,0,3
48214,60,9
48215,129,11
48216,0,3
48217,0,3
48218,150,11
48219,0,3
48220,146,20
48221,83,10
48222,103,13
48223,0,3
48224,0,3
48225,0,3
48226,134,17
48227,132,13
48228,65,10
48229,61,9
48230,54,8
48231,0,3
48232,229,17
48233,378,18
48234,52,10
48235,122,14
48236,70,9
48237,256,16
48238,67,5
48239,0,3
48240,16,5
48241,72,10
48242,131,15
48243,101,18
48244,0,3
48245,0,3
48246,0,3
48247,0,3
48248,144,21
48249,220,13
48250,165,15
48251,141,16
48252,198,16
48253,0,3
48254,301,15
48255,123,15
48256,42,8
48257,158,19
48258,89,17
48259,0,3
48260,140,12
48261,127,16
48262,159,11
48263,0,3
48264,39,8
48265,244,8
48266,254,13
48267,0,3
48268,0,3
48269,112,12
48270,236,10
48271,34,7
48272,0,3
48273,0,3
48274,116,17
48275,282,15
48276,119,15
48277,111,8
48278,155,20
48279,153,16
48280,220,14
48281,0,3
48282,129,14
48283,0,3
48284,0,3
48285,43,11
48286,71,7
48287,124,17
48288,236,22
48289,207,18
48290,401,11
48291,119,11
48292,93,13
48293,206,23
48294,29,6
48295,0,3
48296,114,15
48297,0,3
48298,235,20
48299,0,3
48300,165,16
48301,36,7
48302,0,3
48303,0,3
48304,0,3
48305,191,19
48306,0,3
48307,415,20
48308,0,3
48309,0,3
48310,0,3
48311,0,3
48312,0,3
48313,106,8
48314,167,17
48315,0,3
48316,310,19
48317,41,7
48318,0,3
48319,213,17
48320,25,3
48321,0,3
48322,0,3
48323,91,10
48324,108,14
48325,8,3
48326,0,3
48327,0,3
48328,0,3
48329,153,11
48330,0,3
48331,166,12
48332,115,15
48333,305,12
48334,262,20
48335,117,16
48336,0,3
48337,135,15
48338,0,3
48339,30,5
48340,138,16
48341,72,12
48342,200,24
48343,146,14
48344,167,14
48345,0,3
48346,91,13
48347,163,16
48348,0,3
48349,0,3
48350,108,17
48351,239,19
48352,60,8
48353,218,19
48354,0,3
48355,350,15
48356,0,3
48357,165,9
48358,100,3
48359,0,3
48360,115,14
48361,103,14
48362,417,17
48363,181,11
48364,276,19
48365,0,3
48366,176,12
48367,119,17
48368,249,16
48369,0,3
48370,0,3
48371,230,11
48372,148,18
48373,0,3
48374,0,3
48375,163,12
48376,104,14
48377,0,3
48378,147,13
48379,0,3
48380,0,3
48381,42,8
48382,179,14
48383,112,17
48384,67,10
48385,0,3
48386,105,15
48387,0,3
48388,170,17
48389,115,11
48390,168,18
48391,0,3
48392,152,16
48393,0,3
48394,288,17
48395,332,19
48396,0,3
48397,0,3
48398,0,3
48399,0,3
48400,0,3
48401,110,14
48402,74,10
48403,0,3
48404,116,14
48405,291,18
48406,113,9
48407,0,3
48408,94,19
48409,13,3
48410,131,16
48411,120,13
48412,294,14
48413,3,4
48414,23,5
48415,138,18
48416,0,3
48417,231,21
48418,0,3
48419,138,11
48420,59,7
48421,39,11
48422,0,3
48423,0,3
48424,0,3
48425,133,5
48426,274,18
48427,61,11
48428,79,10
48429,228,19
48430,313,8
48431,24,7
48432,120,16
48433,0,3
48434,168,9
48435,281,25
48436,0,3
48437,0,3
48438,102,14
48439,98,16
48440,61,13
48441,0,3
48442,130,12
48443,179,15
48444,0,3
48445,0,3
48446,58,8
48447,0,3
48448,0,3
48449,0,3
48450,113,12
48451,58,10
48452,140,14
48453,0,3
48454,161,10
48455,0,3
48456,59,11
48457,0,3
48458,102,10
48459,171,14
48460,88,9
48461,0,3
48462,108,15
48463,78,10
48464,154,18
48465,43,10
48466,0,3
48467,174,12
48468,273,14
48469,87,12
48470,0,3
48471,139,14
48472,0,3
48473,197,18
48474,168,14
48475,78,12
48476,136,13
48477,0,3
48478,149,14
48479,0,3
48480,151,8
48481,165,20
48482,82,13
48483,124,18
48484,0,3
48485,0,3
48486,274,22
48487,207,22
48488,200,15
48489,52,7
48490,268,17
48491,117,12
48492,0,3
48493,176,23
48494,120,15
48495,41,9
48496,0,3
48497,0,3
48498,0,3
48499,0,3
48500,116,9
48501,0,3
48502,0,3
48503,0,3
48504,35,6
48505,0,3
48506,0,3
48507,176,20
48508,122,12
48509,0,3
48510,67,8
48511,75,13
48512,51,7
48513,177,12
48514,0,3
48515,0,3
48516,0,3
48517,419,19
48518,202,17
48519,0,3
48520,0,3
48521,62,8
48522,38,7
48523,0,3
48524,0,3
48525,203,18
48526,56,6
48527,21,3
48528,128,12
48529,0,3
48530,144,20
48531,0,3
48532,175,15
48533,118,17
48534,134,12
48535,90,12
48536,374,16
48537,33,7
48538,523,22
48539,0,3
48540,70,11
48541,162,10
48542,95,8
48543,0,3
48544,238,25
48545,0,3
48546,0,3
48547,56,8
48548,32,7
48549,123,13
48550,97,14
48551,209,15
48552,0,3
48553,221,15
48554,33,6
48555,105,8
48556,6,3
48557,242,4
48558,0,3
48559,210,21
48560,298,17
48561,0,3
48562,119,8
48563,94,12
48564,0,3
48565,125,17
48566,126,17
48567,151,22
48568,0,3
48569,131,7
48570,194,18
48571,0,3
48572,8,4
48573,0,3
48574,77,11
48575,235,20
48576,238,10
48577,0,3
48578,288,23
48579,99,9
48580,0,3
48581,0,3
48582,4,3
48583,117,15
48584,122,10
48585,164,15
48586,115,16
48587,80,11
48588,104,12
48589,0,3
48590,64,9
48591,71,9
48592,161,17
48593,88,7
48594,96,7
48595,101,13
48596,169,20
48597,0,3
48598,0,3
48599,97,11
48600,0,3
48601,0,3
48602,121,12
48603,0,3
48604,0,3
48605,138,11
48606,20,5
48607,59,13
48608,123,7
48609,67,13
48610,0,3
48611,0,3
48612,142,16
48613,0,3
48614,199,12
48615,0,3
48616,0,3
48617,0,3
48618,251,21
48619,0,3
48620,50,7
48621,0,3
48622,0,3
48623,104,9
48624,37,11
48625,114,13
48626,0,3
48627,103,14
48628,32,4
48629,86,14
48630,122,14
48631,100,13
48632,0,3
48633,52,9
48634,0,3
48635,0,3
48636,0,3
48637,170,17
48638,0,3
48639,0,3
48640,144,14
48641,0,3
48642,162,21
48643,0,3
48644,5,4
48645,966,12
48646,145,15
48647,0,3
48648,505,15
48649,18,4
48650,0,3
48651,131,15
48652,200,14
48653,0,3
48654,0,3
48655,0,3
48656,0,3
48657,60,6
48658,0,3
48659,118,17
48660,170,18
48661,104,11
48662,0,3
48663,0,3
48664,57,11
48665,117,14
48666,143,19
48667,160,15
48668,112,16
48669,35,8
48670,172,16
48671,257,22
48672,0,3
48673,119,9
48674,0,3
48675,51,10
48676,121,15
48677,81,9
48678,169,13
48679,0,3
48680,169,19
48681,115,8
48682,224,12
48683,262,24
48684,178,18
48685,0,3
48686,206,21
48687,251,10
48688,0,3
48689,0,3
48690,61,8
48691,0,3
48692,0,3
48693,228,23
48694,0,3
48695,0,3
48696,38,6
48697,102,9
48698,124,13
48699,0,3
48700,0,3
48701,87,13
48702,94,14
48703,0,3
48704,101,9
48705,43,8
48706,0,3
48707,0,3
48708,130,10
48709,223,17
48710,0,3
48711,50,5
48712,0,3
48713,10,6
48714,96,13
48715,96,16
48716,0,3
48717,130,16
48718,157,23
48719,42,6
48720,0,3
48721,0,3
48722,0,3
48723,0,3
48724,240,15
48725,170,18
48726,0,3
48727,36,8
48728,0,3
48729,246,24
48730,0,3
48731,75,13
48732,163,18
48733,162,16
48734,0,3
48735,215,27
48736,10,3
48737,125,13
48738,30,6
48739,0,3
48740,106,12
48741,0,3
48742,63,9
48743,60,11
48744,147,15
48745,194,13
48746,227,22
48747,0,3
48748,286,13
48749,56,8
48750,0,3
48751,174,15
48752,110,14
48753,0,3
48754,0,3
48755,89,15
48756,32,7
48757,103,18
48758,166,16
48759,0,3
48760,12,3
48761,113,13
48762,161,17
48763,0,3
48764,169,16
48765,0,3
48766,0,3
48767,0,3
48768,157,18
48769,33,5
48770,99,13
48771,0,3
48772,111,19
48773,3,3
48774,0,3
48775,0,3
48776,335,20
48777,65,10
48778,42,7
48779,172,10
48780,50,5
48781,227,16
48782,189,21
48783,179,17
48784,2,4
48785,0,3
48786,92,11
48787,0,3
48788,225,18
48789,99,11
48790,0,3
48791,8,4
48792,102,13
48793,0,3
48794,62,9
48795,48,10
48796,105,9
48797,0,3
48798,0,3
48799,0,3
48800,31,4
48801,66,9
48802,119,15
48803,33,9
48804,135,16
48805,105,12
48806,315,22
48807,0,3
48808,60,8
48809,124,17
48810,227,18
48811,0,3
48812,0,3
48813,87,11
48814,308,13
48815,146,20
48816,94,15
48817,55,9
48818,198,23
48819,369,13
48820,199,15
48821,86,13
48822,0,3
48823,86,8
48824,109,17
48825,139,21
48826,0,3
48827,154,16
48828,106,16
48829,130,9
48830,130,16
48831,232,17
48832,80,9
48833,0,3
48834,235,26
48835,0,3
48836,0,3
48837,183,11
48838,89,12
48839,0,3
48840,0,3
48841,5,3
48842,0,3
48843,325,18
48844,2,3
48845,42,10
48846,11,4
48847,211,19
48848,64,15
48849,59,10
48850,77,11
48851,99,11
48852,135,17
48853,0,3
48854,0,3
48855,182,20
48856,0,3
48857,0,3
48858,212,14
48859,0,3
48860,91,16
48861,97,9
48862,75,11
48863,197,17
48864,0,3
48865,132,16
48866,91,13
48867,107,13
48868,123,16
48869,179,25
48870,39,5
48871,132,19
48872,192,16
48873,0,3
48874,0,3
48875,0,3
48876,0,3
48877,220,12
48878,0,3
48879,122,15
48880,20,5
48881,161,16
48882,90,14
48883,0,3
48884,111,9
48885,171,14
48886,174,16
48887,53,6
48888,149,16
48889,81,12
48890,0,3
48891,24,5
48892,71,10
48893,82,13
48894,69,9
48895,157,16
48896,100,10
48897,197,11
48898,78,10
48899,329,19
48900,0,3
48901,0,3
48902,518,3
48903,166,18
48904,105,12
48905,74,6
48906,210,23
48907,0,3
48908,140,15
48909,23,5
48910,9,4
48911,145,15
48912,2,3
48913,128,13
48914,0,3
48915,48,8
48916,0,3
48917,182,8
48918,174,10
48919,94,13
48920,67,7
48921,0,3
48922,163,17
48923,106,13
48924,149,14
48925,0,3
48926,54,8
48927,89,10
48928,0,3
48929,0,3
48930,0,3
48931,208,23
48932,132,15
48933,157,17
48934,0,3
48935,86,3
48936,32,9
48937,34,8
48938,159,15
48939,123,16
48940,44,9
48941,156,10
48942,0,3
48943,0,3
48944,266,19
48945,0,3
48946,107,15
48947,196,12
48948,191,11
48949,131,14
48950,209,18
48951,0,3
48952,141,13
48953,124,14
48954,0,3
48955,0,3
48956,170,20
48957,0,3
48958,123,5
48959,174,21
48960,172,10
48961,0,3
48962,0,3
48963,0,3
48964,0,3
48965,41,11
48966,94,18
48967,0,3
48968,106,13
48969,6,3
48970,92,14
48971,184,12
48972,74,9
48973,178,5
48974,204,6
48975,291,19
48976,127,16
48977,116,15
48978,112,11
48979,219,10
48980,0,3
48981,789,17
48982,0,3
48983,74,9
48984,0,3
48985,432,22
48986,33,6
48987,0,3
48988,200,16
48989,172,9
48990,0,3
48991,0,3
48992,124,14
48993,182,11
48994,131,16
48995,85,10
48996,95,10
48997,158,18
48998,0,3
48999,47,5
49000,210,19
49001,0,3
49002,131,16
49003,301,23
49004,54,8
49005,56,8
49006,71,11
49007,268,21
49008,117,13
49009,114,15
49010,128,20
49011,152,17
49012,171,20
49013,101,13
49014,0,3
49015,133,16
49016,0,3
49017,0,3
49018,396,10
49019,70,8
49020,0,3
49021,49,7
49022,160,20
49023,152,15
49024,108,19
49025,138,16
49026,141,14
49027,21,6
49028,33,8
49029,126,13
49030,146,14
49031,98,13
49032,129,12
49033,80,14
49034,0,3
49035,130,16
49036,105,13
49037,132,17
49038,76,8
49039,69,10
49040,223,6
49041,104,11
49042,176,15
49043,0,3
49044,0,3
49045,82,9
49046,275,19
49047,197,18
49048,0,3
49049,154,13
49050,0,3
49051,99,14
49052,0,3
49053,63,9
49054,374,18
49055,64,6
49056,130,14
49057,201,10
49058,86,13
49059,196,18
49060,0,3
49061,0,3
49062,261,15
49063,43,7
49064,194,21
49065,151,17
49066,0,3
49067,281,12
49068,34,10
49069,0,3
49070,167,16
49071,73,10
49072,0,3
49073,225,21
49074,292,13
49075,0,3
49076,83,8
49077,226,19
49078,0,3
49079,70,11
49080,61,7
49081,0,3
49082,107,10
49083,214,17
49084,44,8
49085,0,3
49086,0,3
49087,69,12
49088,57,8
49089,52,3
49090,0,3
49091,0,3
49092,18,3
49093,24,6
49094,210,20
49095,153,22
49096,167,16
49097,207,20
49098,0,3
49099,61,10
49100,277,17
49101,131,16
49102,182,17
49103,33,6
49104,0,3
49105,181,21
49106,125,8
49107,116,13
49108,0,3
49109,112,11
49110,136,18
49111,0,3
49112,0,3
49113,182,19
49114,115,8
49115,102,10
49116,0,3
49117,147,14
49118,160,23
49119,0,3
49120,114,15
49121,95,12
49122,0,3
49123,299,25
49124,245,20
49125,47,9
49126,0,3
49127,238,21
49128,161,21
49129,0,3
49130,0,3
49131,267,14
49132,0,3
49133,188,16
49134,21,5
49135,148,19
49136,124,11
49137,199,21
49138,0,3
49139,162,21
49140,0,3
49141,211,15
49142,98,15
49143,125,14
49144,164,16
49145,0,3
49146,52,7
49147,161,15
49148,93,12
49149,0,3
49150,0,3
49151,127,14
49152,65,12
49153,128,14
49154,0,3
49155,27,3
49156,109,15
49157,0,3
49158,203,15
49159,0,3
49160,109,12
49161,24,4
49162,142,19
49163,143,16
49164,0,3
49165,0,3
49166,270,17
49167,0,3
49168,249,9
49169,152,15
49170,126,18
49171,0,3
49172,111,13
49173,158,14
49174,0,3
49175,97,10
49176,46,5
49177,123,15
49178,0,3
49179,248,21
49180,175,17
49181,0,3
49182,224,18
49183,0,3
49184,0,3
49185,0,3
49186,0,3
49187,0,3
49188,0,3
49189,109,15
49190,0,3
49191,623,18
49192,225,23
49193,187,20
49194,94,13
49195,0,3
49196,76,6
49197,126,14
49198,280,26
49199,0,3
49200,163,15
49201,125,18
49202,3,3
49203,0,3
49204,185,13
49205,0,3
49206,4,3
49207,157,16
49208,92,6
49209,0,3
49210,102,9
49211,0,3
49212,159,9
49213,0,3
49214,58,9
49215,0,3
49216,101,13
49217,0,3
49218,71,11
49219,73,10
49220,276,19
49221,0,3
49222,0,3
49223,0,3
49224,114,8
49225,0,3
49226,177,22
49227,148,17
49228,350,15
49229,132,16
49230,0,3
49231,139,17
49232,173,20
49233,23,5
49234,324,8
49235,0,3
49236,300,26
49237,140,18
49238,171,17
49239,355,15
49240,0,3
49241,165,14
49242,111,14
49243,0,3
49244,142,16
49245,126,17
49246,206,6
49247,95,12
49248,0,3
49249,163,14
49250,141,21
49251,110,10
49252,184,14
49253,0,3
49254,248,12
49255,133,11
49256,19,6
49257,199,10
49258,35,8
49259,237,21
49260,52,12
49261,335,31
49262,0,3
49263,167,11
49264,100,10
49265,277,17
49266,302,17
49267,8,4
49268,198,18
49269,117,19
49270,52,5
49271,34,8
49272,0,3
49273,263,15
49274,182,22
49275,20,6
49276,0,3
49277,41,8
49278,0,3
49279,0,3
49280,0,3
49281,139,13
49282,0,3
49283,221,18
49284,134,17
49285,0,3
49286,0,3
49287,120,10
49288,50,7
49289,333,14
49290,0,3
49291,245,21
49292,323,21
49293,143,7
49294,0,3
49295,280,20
49296,149,16
49297,0,3
49298,199,16
49299,186,19
49300,27,3
49301,0,3
49302,57,10
49303,0,3
49304,0,3
49305,0,3
49306,0,3
49307,0,3
49308,0,3
49309,0,3
49310,218,21
49311,80,14
49312,0,3
49313,170,12
49314,137,9
49315,0,3
49316,160,22
49317,93,12
49318,0,3
49319,85,14
49320,0,3
49321,0,3
49322,181,19
49323,85,16
49324,0,3
49325,38,7
49326,51,6
49327,29,6
49328,173,17
49329,227,18
49330,153,11
49331,53,7
49332,113,7
49333,72,11
49334,0,3
49335,410,26
49336,0,3
49337,0,3
49338,0,3
49339,94,10
49340,249,18
49341,27,7
49342,0,3
49343,189,18
49344,186,13
49345,76,10
49346,0,3
49347,253,18
49348,48,7
49349,119,15
49350,129,16
49351,72,9
49352,0,3
49353,503,21
49354,162,15
49355,92,9
49356,91,12
49357,0,3
49358,106,11
49359,150,18
49360,101,13
49361,0,3
49362,0,3
49363,0,3
49364,0,3
49365,0,3
49366,0,3
49367,284,20
49368,144,19
49369,26,3
49370,175,16
49371,341,21
49372,240,19
49373,0,3
49374,205,18
49375,0,3
49376,0,3
49377,0,3
49378,0,3
49379,155,7
49380,111,8
49381,173,17
49382,241,21
49383,22,5
49384,177,14
49385,93,11
49386,113,18
49387,7,2
49388,298,19
49389,167,21
49390,62,9
49391,222,17
49392,0,3
49393,0,3
49394,0,3
49395,340,9
49396,248,20
49397,146,14
49398,62,14
49399,328,18
49400,67,9
49401,0,3
49402,191,13
49403,136,17
49404,221,20
49405,0,3
49406,102,10
49407,0,3
49408,0,3
49409,250,16
49410,71,13
49411,9,3
49412,0,3
49413,0,3
49414,0,3
49415,135,16
49416,117,16
49417,74,10
49418,0,3
49419,119,13
49420,0,3
49421,230,25
49422,22,6
49423,97,14
49424,210,14
49425,0,3
49426,0,3
49427,0,3
49428,26,4
49429,0,3
49430,60,8
49431,0,3
49432,0,3
49433,0,3
49434,119,14
49435,96,11
49436,185,19
49437,83,16
49438,173,16
49439,337,23
49440,149,14
49441,95,10
49442,238,18
49443,0,3
49444,133,7
49445,0,3
49446,45,5
49447,0,3
49448,87,17
49449,219,20
49450,0,3
49451,0,3
49452,149,17
49453,0,3
49454,193,14
49455,52,5
49456,218,13
49457,195,14
49458,241,17
49459,92,4
49460,122,14
49461,288,19
49462,0,3
49463,94,12
49464,0,3
49465,108,14
49466,0,3
49467,15,4
49468,0,3
49469,124,14
49470,1000,13
49471,205,22
49472,135,12
49473,0,3
49474,0,3
49475,71,6
49476,149,17
49477,0,3
49478,156,21
49479,210,21
49480,66,10
49481,166,18
49482,198,22
49483,0,3
49484,0,3
49485,122,12
49486,0,3
49487,79,11
49488,126,12
49489,0,3
49490,96,9
49491,236,15
49492,377,9
49493,215,20
49494,367,10
49495,9,5
49496,198,17
49497,0,3
49498,0,3
49499,113,12
49500,144,18
49501,183,12
49502,153,24
49503,0,3
49504,0,3
49505,213,25
49506,59,7
49507,0,3
49508,0,3
49509,0,3
49510,171,17
49511,183,15
49512,0,3
49513,236,20
49514,0,3
49515,151,14
49516,101,17
49517,64,9
49518,0,3
49519,251,14
49520,0,3
49521,74,12
49522,224,18
49523,25,7
49524,45,9
49525,87,9
49526,0,3
49527,226,21
49528,0,3
49529,173,18
49530,0,3
49531,116,6
49532,50,8
49533,0,3
49534,0,3
49535,100,12
49536,195,19
49537,0,3
49538,87,11
49539,0,3
49540,196,17
49541,132,10
49542,52,3
49543,102,11
49544,147,16
49545,0,3
49546,121,16
49547,77,12
49548,167,11
49549,0,3
49550,0,3
49551,215,17
49552,0,3
49553,143,18
49554,1,3
49555,203,14
49556,0,3
49557,159,15
49558,0,3
49559,32,5
49560,231,16
49561,135,18
49562,41,3
49563,0,3
49564,117,13
49565,117,17
49566,164,14
49567,0,3
49568,147,12
49569,0,3
49570,29,6
49571,226,19
49572,116,12
49573,232,16
49574,0,3
49575,310,22
49576,0,3
49577,55,11
49578,0,3
49579,0,3
49580,120,16
49581,172,19
49582,179,15
49583,0,3
49584,90,8
49585,0,3
49586,0,3
49587,303,17
49588,193,16
49589,150,14
49590,196,20
49591,31,5
49592,47,9
49593,0,3
49594,303,28
49595,108,17
49596,0,3
49597,83,12
49598,0,3
49599,0,3
49600,84,15
49601,73,9
49602,0,3
49603,215,22
49604,240,13
49605,47,9
49606,199,16
49607,2,4
49608,0,3
49609,0,3
49610,81,11
49611,88,12
49612,62,7
49613,0,3
49614,0,3
49615,25,4
49616,52,9
49617,97,15
49618,144,12
49619,208,18
49620,0,3
49621,127,16
49622,91,17
49623,31,8
49624,72,10
49625,37,4
49626,0,3
49627,0,3
49628,20,4
49629,167,18
49630,0,3
49631,0,3
49632,0,3
49633,0,3
49634,0,3
49635,0,3
49636,146,18
49637,135,9
49638,202,22
49639,0,3
49640,138,7
49641,0,3
49642,0,3
49643,0,3
49644,222,19
49645,46,6
49646,163,20
49647,0,3
49648,120,19
49649,0,3
49650,0,3
49651,0,3
49652,122,14
49653,56,7
49654,87,14
49655,2,3
49656,125,18
49657,190,17
49658,66,9
49659,0,3
49660,5,3
49661,58,8
49662,0,3
49663,0,3
49664,0,3
49665,82,8
49666,190,21
49667,0,3
49668,285,25
49669,161,19
49670,44,7
49671,0,3
49672,0,3
49673,300,16
49674,128,16
49675,0,3
49676,0,3
49677,105,15
49678,13,7
49679,85,12
49680,120,15
49681,0,3
49682,218,23
49683,0,3
49684,207,14
49685,0,3
49686,0,3
49687,313,14
49688,0,3
49689,0,3
49690,153,17
49691,212,18
49692,142,16
49693,206,16
49694,0,3
49695,80,18
49696,126,16
49697,32,7
49698,259,13
49699,60,7
49700,0,3
49701,61,11
49702,516,19
49703,0,3
49704,30,9
49705,92,12
49706,102,10
49707,85,13
49708,61,10
49709,139,19
49710,0,3
49711,0,3
49712,61,7
49713,0,3
49714,106,8
49715,126,10
49716,0,3
49717,116,15
49718,37,7
49719,45,4
49720,282,19
49721,0,3
49722,55,9
49723,0,3
49724,0,3
49725,65,9
49726,235,16
49727,0,3
49728,8,3
49729,177,6
49730,16,4
49731,22,5
49732,0,3
49733,130,15
49734,89,12
49735,245,22
49736,47,5
49737,0,3
49738,0,3
49739,56,9
49740,4,3
49741,100,14
49742,0,3
49743,0,3
49744,0,3
49745,110,15
49746,0,3
49747,0,3
49748,0,3
49749,24,9
49750,0,3
49751,146,22
49752,119,11
49753,171,14
49754,211,20
49755,0,3
49756,0,3
49757,0,3
49758,266,16
49759,217,19
49760,253,19
49761,0,3
49762,0,3
49763,61,9
49764,220,13
49765,121,14
49766,8,4
49767,247,21
49768,0,3
49769,207,22
49770,0,3
49771,96,9
49772,0,3
49773,251,25
49774,111,8
49775,100,16
49776,0,3
49777,108,14
49778,388,10
49779,0,3
49780,139,18
49781,0,3
49782,82,8
49783,0,3
49784,201,12
49785,0,3
49786,252,12
49787,245,20
49788,0,3
49789,172,12
49790,0,3
49791,78,13
49792,0,3
49793,0,3
49794,0,3
49795,155,12
49796,206,14
49797,90,13
49798,194,20
49799,59,9
49800,147,14
49801,0,3
49802,0,3
49803,0,3
49804,284,18
49805,157,18
49806,0,3
49807,0,3
49808,150,15
49809,183,17
49810,0,3
49811,314,10
49812,0,3
49813,100,12
49814,0,3
49815,194,23
49816,0,3
49817,0,3
49818,0,3
49819,0,3
49820,252,17
49821,32,5
49822,108,18
49823,226,21
49824,62,9
49825,0,3
49826,23,6
49827,0,3
49828,0,3
49829,100,11
49830,60,10
49831,69,10
49832,169,22
49833,0,3
49834,34,5
49835,0,3
49836,6,3
49837,341,25
49838,142,12
49839,233,16
49840,378,4
49841,0,3
49842,126,12
49843,299,20
49844,283,22
49845,126,14
49846,0,3
49847,211,13
49848,0,3
49849,189,15
49850,0,3
49851,0,3
49852,0,3
49853,120,13
49854,126,16
49855,69,3
49856,164,12
49857,147,14
49858,181,13
49859,247,6
49860,73,10
49861,167,13
49862,276,12
49863,101,15
49864,46,10
49865,135,14
49866,0,3
49867,194,29
49868,135,14
49869,89,8
49870,164,18
49871,109,14
49872,0,3
49873,67,7
49874,166,14
49875,136,6
49876,0,3
49877,0,3
49878,0,3
49879,0,3
49880,304,19
49881,98,12
49882,119,11
49883,0,3
49884,202,19
49885,106,13
49886,108,11
49887,0,3
49888,255,27
49889,148,15
49890,111,14
49891,107,18
49892,61,8
49893,0,3
49894,0,3
49895,80,9
49896,0,3
49897,0,3
49898,104,4
49899,0,3
49900,0,3
49901,0,3
49902,0,3
49903,0,3
49904,152,14
49905,180,11
49906,120,17
49907,0,3
49908,0,3
49909,0,3
49910,144,18
49911,116,13
49912,252,15
49913,0,3
49914,182,18
49915,0,3
49916,379,15
49917,38,8
49918,28,4
49919,219,17
49920,469,19
49921,0,3
49922,0,3
49923,0,3
49924,74,10
49925,0,3
49926,270,18
49927,192,21
49928,0,3
49929,112,14
49930,31,6
49931,0,3
49932,12,6
49933,0,3
49934,315,14
49935,113,14
49936,22,5
49937,0,3
49938,1,3
49939,121,15
49940,138,17
49941,0,3
49942,193,13
49943,48,7
49944,25,4
49945,66,10
49946,0,3
49947,222,20
49948,234,19
49949,0,3
49950,221,16
49951,239,16
49952,0,3
49953,53,9
49954,131,12
49955,0,3
49956,214,19
49957,41,6
49958,0,3
49959,142,19
49960,0,3
49961,141,15
49962,96,17
49963,0,3
49964,0,3
49965,21,5
49966,305,14
49967,0,3
49968,145,20
49969,0,3
49970,0,3
49971,201,16
49972,166,13
49973,89,5
49974,117,13
49975,183,12
49976,277,15
49977,0,3
49978,0,3
49979,59,9
49980,0,3
49981,0,3
49982,28,8
49983,0,3
49984,143,15
49985,116,16
49986,128,19
49987,56,8
49988,0,3
49989,54,7
49990,102,16
49991,0,3
49992,0,3
49993,102,8
49994,0,3
49995,0,3
49996,62,7
49997,285,18
49998,0,3
49999,214,18
