attempt,turns,length
0,5,3
1,2,3
2,9,3
3,2,3
4,2,3
5,7,3
6,1,3
7,3,3
8,0,3
9,1,3
10,3,3
11,18,3
12,4,3
13,0,3
14,6,4
15,1,3
16,0,3
17,1,3
18,2,3
19,4,3
20,1,3
21,0,3
22,0,3
23,1,3
24,0,3
25,0,3
26,4,3
27,2,3
28,2,2
29,4,3
30,12,2
31,0,3
32,0,3
33,5,2
34,1,3
35,0,3
36,0,3
37,1,3
38,4,3
39,1,3
40,6,3
41,4,3
42,1,3
43,3,3
44,3,3
45,5,3
46,4,4
47,0,3
48,0,3
49,2,3
50,0,3
51,0,3
52,2,3
53,0,3
54,11,4
55,1,3
56,0,3
57,2,3
58,10,3
59,1,3
60,8,3
61,0,3
62,0,3
63,1,3
64,1,3
65,2,3
66,9,3
67,1,3
68,0,3
69,2,3
70,0,3
71,6,3
72,2,3
73,4,3
74,4,3
75,3,3
76,1,3
77,1,3
78,3,3
79,4,3
80,2,3
81,1,3
82,4,3
83,13,3
84,0,3
85,0,3
86,0,3
87,4,3
88,3,3
89,1,3
90,0,3
91,0,3
92,0,3
93,1,3
94,0,3
95,0,3
96,2,3
97,5,3
98,1,3
99,1,3
100,1,3
101,3,3
102,0,3
103,5,3
104,2,3
105,0,3
106,1,3
107,1,3
108,0,3
109,2,3
110,0,3
111,3,3
112,0,3
113,1,3
114,0,3
115,0,3
116,1,3
117,9,3
118,2,3
119,13,3
120,2,3
121,1,3
122,0,3
123,4,4
124,2,3
125,2,3
126,0,3
127,1,3
128,0,3
129,4,3
130,0,3
131,8,3
132,6,3
133,1,3
134,9,3
135,0,3
136,0,3
137,0,3
138,3,3
139,1,3
140,1,3
141,0,3
142,0,3
143,1,3
144,0,3
145,4,3
146,1,3
147,12,3
148,0,3
149,6,3
150,3,2
151,4,3
152,0,3
153,8,3
154,1,3
155,2,3
156,4,3
157,5,3
158,6,3
159,5,3
160,0,3
161,0,3
162,0,3
163,9,4
164,0,3
165,3,3
166,12,3
167,5,4
168,0,3
169,3,3
170,5,3
171,0,3
172,1,3
173,2,3
174,4,3
175,0,3
176,0,3
177,1,3
178,1,3
179,1,3
180,12,3
181,4,3
182,1,3
183,0,3
184,1,3
185,4,3
186,0,3
187,5,3
188,11,3
189,0,3
190,0,3
191,7,3
192,0,3
193,3,4
194,2,3
195,1,3
196,0,3
197,6,4
198,2,3
199,2,3
200,1,3
201,9,3
202,1,3
203,0,3
204,0,3
205,0,3
206,2,3
207,0,3
208,0,3
209,0,3
210,7,3
211,3,3
212,0,3
213,0,3
214,0,3
215,0,3
216,1,3
217,7,3
218,3,3
219,2,3
220,4,3
221,0,3
222,4,3
223,0,3
224,0,3
225,5,3
226,5,3
227,7,3
228,0,3
229,3,3
230,3,3
231,1,3
232,0,3
233,2,3
234,0,3
235,1,3
236,1,3
237,0,3
238,8,3
239,0,3
240,0,3
241,0,3
242,2,3
243,0,3
244,6,3
245,2,3
246,0,3
247,0,3
248,4,3
249,0,3
250,0,3
251,2,3
252,8,3
253,1,3
254,0,3
255,0,3
256,3,3
257,0,3
258,0,3
259,3,3
260,4,3
261,1,3
262,0,3
263,0,3
264,3,3
265,7,4
266,0,3
267,2,2
268,0,3
269,1,3
270,3,3
271,0,3
272,0,3
273,3,3
274,7,3
275,0,3
276,2,3
277,3,3
278,8,3
279,0,3
280,2,3
281,0,3
282,12,3
283,4,3
284,1,3
285,0,3
286,0,3
287,2,3
288,0,3
289,0,3
290,1,3
291,3,3
292,4,3
293,1,3
294,1,3
295,1,3
296,6,3
297,5,3
298,3,3
299,11,3
300,3,3
301,6,3
302,7,3
303,9,3
304,1,3
305,1,3
306,0,3
307,5,3
308,7,3
309,0,3
310,2,3
311,5,3
312,7,5
313,0,3
314,7,2
315,1,4
316,8,3
317,13,4
318,2,3
319,8,3
320,2,3
321,0,3
322,0,3
323,2,3
324,3,3
325,0,3
326,4,3
327,2,3
328,1,3
329,13,3
330,21,3
331,3,4
332,3,3
333,11,2
334,1,3
335,0,3
336,0,3
337,6,2
338,0,3
339,22,3
340,0,3
341,4,3
342,1,3
343,1,3
344,2,3
345,0,3
346,1,3
347,9,3
348,0,3
349,3,3
350,1,3
351,3,3
352,0,3
353,0,3
354,1,3
355,3,4
356,5,3
357,2,3
358,5,3
359,0,3
360,9,3
361,3,3
362,1,3
363,0,3
364,0,3
365,0,3
366,6,3
367,12,3
368,5,3
369,2,4
370,0,3
371,0,3
372,4,5
373,14,3
374,5,3
375,0,3
376,0,3
377,1,3
378,0,3
379,4,2
380,3,3
381,8,2
382,4,3
383,1,3
384,0,3
385,0,3
386,1,3
387,3,3
388,2,3
389,2,3
390,13,3
391,0,3
392,1,3
393,0,3
394,2,3
395,3,3
396,3,3
397,0,3
398,4,3
399,2,3
400,5,3
401,7,3
402,3,3
403,21,2
404,17,3
405,0,3
406,21,3
407,2,3
408,0,3
409,0,3
410,0,3
411,1,3
412,1,3
413,13,4
414,3,3
415,2,3
416,4,3
417,1,3
418,24,3
419,0,3
420,0,3
421,0,3
422,0,3
423,3,3
424,0,3
425,0,3
426,0,3
427,5,3
428,3,3
429,6,3
430,2,3
431,0,3
432,5,4
433,0,3
434,8,3
435,1,3
436,0,3
437,3,3
438,1,3
439,0,3
440,1,3
441,0,3
442,6,3
443,1,3
444,0,3
445,23,3
446,0,3
447,3,3
448,9,4
449,3,3
450,0,3
451,0,3
452,0,3
453,6,3
454,0,3
455,2,3
456,0,3
457,7,3
458,9,3
459,1,3
460,5,3
461,1,3
462,15,3
463,12,2
464,0,3
465,0,3
466,2,3
467,3,3
468,0,3
469,0,3
470,1,3
471,14,4
472,4,3
473,17,3
474,4,3
475,17,3
476,1,3
477,15,4
478,0,3
479,0,3
480,2,3
481,4,3
482,0,3
483,1,3
484,4,3
485,12,3
486,1,3
487,3,3
488,3,3
489,19,3
490,0,3
491,18,3
492,1,3
493,0,3
494,5,3
495,0,3
496,6,3
497,26,3
498,3,3
499,3,3
500,0,3
501,0,3
502,1,3
503,1,3
504,5,3
505,9,3
506,0,3
507,8,3
508,0,3
509,0,3
510,32,3
511,3,3
512,0,3
513,3,3
514,5,3
515,7,3
516,3,3
517,3,3
518,10,4
519,4,3
520,19,3
521,7,3
522,3,3
523,2,3
524,1,3
525,3,4
526,0,3
527,2,3
528,7,3
529,20,4
530,7,3
531,0,3
532,0,3
533,0,3
534,0,3
535,1,3
536,7,3
537,1,3
538,0,3
539,4,3
540,0,3
541,0,3
542,0,3
543,8,3
544,14,3
545,0,3
546,5,3
547,1,3
548,8,3
549,0,3
550,0,3
551,0,3
552,12,3
553,0,3
554,6,3
555,1,3
556,23,3
557,41,3
558,1,3
559,3,3
560,1,3
561,0,3
562,7,3
563,2,4
564,19,5
565,1,3
566,2,3
567,5,2
568,0,3
569,2,3
570,11,3
571,37,3
572,1,3
573,0,3
574,0,3
575,1,3
576,0,3
577,0,3
578,0,3
579,1,3
580,1,3
581,2,3
582,6,3
583,2,3
584,5,3
585,0,3
586,0,3
587,16,3
588,5,3
589,0,3
590,7,3
591,2,3
592,24,4
593,17,2
594,4,3
595,6,3
596,6,3
597,0,3
598,3,3
599,2,3
600,17,3
601,1,3
602,2,3
603,0,3
604,1,3
605,1,3
606,8,3
607,49,3
608,9,3
609,8,4
610,0,3
611,9,2
612,0,3
613,0,3
614,2,3
615,21,3
616,25,2
617,0,3
618,13,3
619,2,3
620,0,3
621,3,3
622,0,3
623,0,3
624,2,3
625,15,3
626,1,3
627,1,3
628,0,3
629,0,3
630,9,3
631,0,3
632,0,3
633,0,3
634,6,3
635,2,3
636,1,4
637,0,3
638,0,3
639,6,3
640,0,3
641,0,3
642,0,3
643,0,3
644,0,3
645,0,3
646,0,3
647,5,3
648,10,4
649,0,3
650,0,3
651,0,3
652,1,3
653,0,3
654,0,3
655,1,3
656,0,3
657,0,3
658,4,3
659,1,3
660,0,3
661,0,3
662,0,3
663,27,4
664,3,3
665,0,3
666,1,3
667,0,3
668,0,3
669,9,3
670,0,3
671,0,3
672,2,3
673,0,3
674,9,3
675,5,2
676,0,3
677,0,3
678,10,4
679,1,3
680,32,5
681,4,3
682,12,3
683,3,3
684,0,3
685,3,3
686,19,3
687,3,3
688,8,3
689,0,3
690,2,3
691,2,3
692,2,3
693,0,3
694,1,3
695,0,3
696,4,3
697,2,3
698,12,3
699,3,3
700,27,5
701,1,3
702,18,3
703,9,3
704,4,3
705,5,3
706,43,3
707,10,3
708,0,3
709,3,3
710,0,3
711,12,3
712,10,3
713,18,4
714,4,3
715,27,4
716,1,3
717,0,3
718,0,3
719,0,3
720,2,3
721,1,3
722,12,3
723,3,3
724,1,3
725,0,3
726,0,3
727,13,3
728,4,3
729,1,3
730,0,3
731,0,3
732,0,3
733,0,3
734,8,3
735,0,3
736,0,3
737,0,3
738,4,3
739,0,3
740,0,3
741,0,3
742,1,3
743,0,3
744,4,3
745,0,3
746,28,5
747,1,3
748,0,3
749,8,3
750,21,3
751,0,3
752,2,3
753,0,3
754,10,3
755,14,3
756,0,3
757,0,3
758,1,3
759,4,4
760,2,3
761,1,4
762,19,3
763,7,3
764,0,3
765,2,3
766,3,3
767,0,3
768,0,3
769,5,4
770,0,3
771,10,3
772,5,3
773,1,3
774,19,4
775,0,3
776,6,3
777,1,3
778,3,4
779,5,4
780,18,3
781,10,3
782,11,2
783,2,3
784,6,4
785,1,3
786,14,4
787,2,3
788,0,3
789,0,3
790,1,3
791,15,3
792,0,3
793,1,3
794,2,3
795,23,3
796,17,3
797,0,3
798,3,3
799,5,4
800,12,5
801,0,3
802,0,3
803,2,3
804,1,3
805,2,3
806,3,3
807,2,4
808,0,3
809,0,3
810,46,3
811,2,3
812,12,4
813,0,3
814,4,3
815,11,4
816,0,3
817,24,5
818,18,5
819,8,3
820,0,3
821,0,3
822,0,3
823,0,3
824,30,3
825,0,3
826,14,3
827,3,3
828,3,3
829,2,3
830,0,3
831,5,3
832,20,4
833,0,3
834,5,3
835,0,3
836,0,3
837,0,3
838,6,4
839,4,4
840,0,3
841,4,3
842,8,3
843,0,3
844,3,3
845,0,3
846,0,3
847,0,3
848,0,3
849,0,3
850,17,4
851,4,3
852,3,3
853,0,3
854,2,3
855,35,3
856,0,3
857,10,4
858,0,3
859,0,3
860,10,3
861,0,3
862,6,3
863,3,3
864,12,3
865,6,3
866,1,3
867,14,2
868,0,3
869,1,3
870,0,3
871,0,3
872,64,3
873,3,3
874,34,3
875,4,3
876,19,4
877,1,3
878,0,3
879,0,3
880,0,3
881,0,3
882,4,3
883,1,3
884,0,3
885,0,3
886,2,3
887,1,3
888,0,3
889,3,3
890,35,3
891,4,4
892,1,3
893,0,3
894,0,3
895,9,3
896,5,3
897,1,3
898,0,3
899,1,3
900,0,3
901,1,3
902,30,3
903,10,3
904,1,3
905,0,3
906,2,3
907,22,2
908,0,3
909,0,3
910,0,3
911,2,3
912,1,4
913,25,3
914,6,3
915,1,3
916,26,4
917,0,3
918,7,3
919,0,3
920,1,3
921,0,3
922,9,3
923,8,3
924,0,3
925,1,3
926,1,3
927,0,3
928,56,4
929,0,3
930,0,3
931,0,3
932,0,3
933,0,3
934,15,3
935,0,3
936,0,3
937,2,3
938,1,3
939,40,4
940,0,3
941,4,3
942,0,3
943,1,3
944,0,3
945,6,3
946,35,3
947,1,3
948,8,3
949,0,3
950,29,5
951,4,3
952,0,3
953,17,5
954,12,3
955,0,3
956,13,4
957,16,3
958,0,3
959,20,4
960,2,3
961,0,3
962,0,3
963,8,5
964,17,4
965,20,4
966,0,3
967,5,3
968,0,3
969,0,3
970,7,3
971,0,3
972,8,3
973,20,3
974,6,3
975,2,3
976,0,3
977,5,3
978,5,3
979,0,3
980,0,3
981,1,3
982,5,3
983,0,3
984,5,3
985,0,3
986,0,3
987,5,3
988,8,3
989,0,3
990,0,3
991,5,3
992,10,3
993,0,3
994,2,3
995,8,3
996,2,3
997,0,3
998,2,3
999,16,4
1000,0,3
1001,0,3
1002,0,3
1003,8,3
1004,14,3
1005,3,3
1006,23,4
1007,0,3
1008,0,3
1009,16,3
1010,9,3
1011,0,3
1012,8,3
1013,4,3
1014,2,3
1015,8,4
1016,1,3
1017,2,3
1018,0,3
1019,0,3
1020,9,3
1021,1,3
1022,2,3
1023,17,3
1024,5,4
1025,14,3
1026,0,3
1027,5,3
1028,15,3
1029,1,3
1030,0,3
1031,4,3
1032,9,3
1033,2,3
1034,0,3
1035,0,3
1036,5,3
1037,0,3
1038,0,3
1039,0,3
1040,1,3
1041,0,3
1042,60,3
1043,9,3
1044,1,3
1045,4,3
1046,12,4
1047,22,4
1048,14,4
1049,1,3
1050,3,3
1051,0,3
1052,17,3
1053,17,6
1054,1,4
1055,6,3
1056,15,3
1057,11,4
1058,0,3
1059,4,3
1060,0,3
1061,9,4
1062,0,3
1063,9,4
1064,0,3
1065,0,3
1066,0,3
1067,1,3
1068,5,4
1069,2,3
1070,0,3
1071,0,3
1072,19,4
1073,9,4
1074,3,3
1075,2,3
1076,2,3
1077,1,3
1078,6,4
1079,1,3
1080,1,3
1081,3,3
1082,2,3
1083,0,3
1084,3,3
1085,8,3
1086,0,3
1087,3,3
1088,23,4
1089,13,4
1090,4,3
1091,4,4
1092,11,3
1093,16,3
1094,10,3
1095,0,3
1096,8,3
1097,28,4
1098,1,4
1099,0,3
1100,0,3
1101,5,4
1102,0,3
1103,1,3
1104,21,5
1105,30,4
1106,11,3
1107,1,3
1108,0,3
1109,24,3
1110,1,3
1111,22,4
1112,10,3
1113,0,3
1114,3,4
1115,15,4
1116,1,3
1117,0,3
1118,16,4
1119,0,3
1120,0,3
1121,0,3
1122,0,3
1123,0,3
1124,1,2
1125,0,3
1126,28,4
1127,0,3
1128,0,3
1129,2,3
1130,5,3
1131,1,3
1132,0,3
1133,0,3
1134,0,3
1135,2,3
1136,2,3
1137,0,3
1138,23,4
1139,3,3
1140,0,3
1141,16,3
1142,0,3
1143,0,3
1144,12,3
1145,17,3
1146,0,3
1147,0,3
1148,13,3
1149,14,4
1150,0,3
1151,0,3
1152,11,5
1153,1,3
1154,6,3
1155,1,3
1156,10,4
1157,0,3
1158,3,3
1159,3,3
1160,11,4
1161,7,3
1162,17,3
1163,16,5
1164,0,3
1165,1,3
1166,0,3
1167,19,3
1168,17,4
1169,0,3
1170,13,3
1171,21,3
1172,5,3
1173,2,3
1174,4,3
1175,10,3
1176,11,4
1177,18,2
1178,4,3
1179,0,3
1180,0,3
1181,8,4
1182,1,3
1183,0,3
1184,0,3
1185,2,3
1186,4,3
1187,0,3
1188,8,3
1189,39,3
1190,0,3
1191,0,3
1192,21,3
1193,14,5
1194,28,4
1195,11,3
1196,2,3
1197,0,3
1198,4,3
1199,1,3
1200,0,3
1201,31,5
1202,0,3
1203,5,4
1204,0,3
1205,13,3
1206,9,5
1207,0,3
1208,0,3
1209,21,3
1210,8,3
1211,1,3
1212,4,3
1213,4,3
1214,21,5
1215,5,2
1216,47,4
1217,0,3
1218,4,3
1219,11,4
1220,6,2
1221,4,3
1222,37,3
1223,0,3
1224,1,3
1225,1,3
1226,6,3
1227,4,3
1228,0,3
1229,17,3
1230,18,4
1231,8,3
1232,0,3
1233,0,3
1234,9,3
1235,0,3
1236,8,4
1237,0,3
1238,17,3
1239,0,3
1240,16,3
1241,13,3
1242,11,3
1243,0,3
1244,15,4
1245,8,3
1246,13,4
1247,3,3
1248,17,3
1249,0,3
1250,12,3
1251,9,3
1252,0,3
1253,4,3
1254,5,3
1255,9,3
1256,40,3
1257,7,3
1258,14,4
1259,3,3
1260,2,3
1261,11,5
1262,1,3
1263,0,3
1264,0,3
1265,1,3
1266,0,3
1267,1,3
1268,0,3
1269,5,3
1270,3,3
1271,5,3
1272,21,2
1273,2,3
1274,12,3
1275,0,3
1276,0,3
1277,0,3
1278,5,3
1279,20,3
1280,21,2
1281,11,5
1282,23,6
1283,3,3
1284,0,3
1285,5,3
1286,0,3
1287,0,3
1288,0,3
1289,17,3
1290,44,4
1291,0,3
1292,8,3
1293,7,4
1294,0,3
1295,0,3
1296,0,3
1297,1,3
1298,0,3
1299,13,3
1300,5,3
1301,0,3
1302,0,3
1303,24,3
1304,0,3
1305,14,4
1306,0,3
1307,13,3
1308,0,3
1309,0,3
1310,65,5
1311,9,4
1312,23,3
1313,46,3
1314,6,3
1315,13,5
1316,1,3
1317,0,3
1318,14,4
1319,5,3
1320,7,3
1321,0,3
1322,0,3
1323,17,4
1324,8,4
1325,0,3
1326,5,4
1327,17,4
1328,0,3
1329,38,3
1330,0,3
1331,3,4
1332,15,4
1333,9,3
1334,25,3
1335,4,3
1336,17,4
1337,0,3
1338,32,4
1339,0,3
1340,17,4
1341,9,3
1342,22,4
1343,12,3
1344,20,3
1345,0,3
1346,12,5
1347,7,4
1348,13,3
1349,21,4
1350,16,4
1351,0,3
1352,19,5
1353,30,5
1354,3,4
1355,37,4
1356,1,3
1357,0,3
1358,20,3
1359,5,4
1360,1,3
1361,0,3
1362,1,3
1363,6,3
1364,0,3
1365,28,3
1366,22,4
1367,1,3
1368,0,3
1369,12,3
1370,0,3
1371,0,3
1372,20,3
1373,9,5
1374,22,4
1375,10,2
1376,40,3
1377,0,3
1378,7,3
1379,0,3
1380,0,3
1381,32,3
1382,2,3
1383,0,3
1384,23,3
1385,37,4
1386,0,3
1387,0,3
1388,3,2
1389,11,3
1390,21,5
1391,13,4
1392,22,4
1393,0,3
1394,6,3
1395,19,4
1396,10,4
1397,1,3
1398,0,3
1399,1,3
1400,1,3
1401,10,3
1402,0,3
1403,52,5
1404,1,3
1405,0,3
1406,5,3
1407,0,3
1408,9,4
1409,7,4
1410,7,3
1411,0,3
1412,0,3
1413,19,5
1414,0,3
1415,0,3
1416,11,4
1417,6,4
1418,0,3
1419,8,2
1420,15,4
1421,5,3
1422,0,3
1423,0,3
1424,2,3
1425,36,3
1426,0,3
1427,0,3
1428,16,3
1429,8,4
1430,0,3
1431,0,3
1432,0,3
1433,2,3
1434,0,3
1435,37,3
1436,45,4
1437,47,3
1438,50,4
1439,0,3
1440,13,4
1441,4,3
1442,24,4
1443,13,3
1444,12,4
1445,3,3
1446,53,5
1447,37,4
1448,6,4
1449,4,3
1450,19,2
1451,91,3
1452,1,4
1453,23,6
1454,0,3
1455,0,3
1456,0,3
1457,0,3
1458,27,4
1459,0,3
1460,0,3
1461,0,3
1462,2,3
1463,0,3
1464,11,3
1465,2,3
1466,24,3
1467,42,3
1468,1,3
1469,5,3
1470,0,3
1471,8,3
1472,9,3
1473,0,3
1474,0,3
1475,2,3
1476,3,3
1477,0,3
1478,7,4
1479,14,5
1480,1,3
1481,22,4
1482,9,3
1483,0,3
1484,0,3
1485,0,3
1486,0,3
1487,0,3
1488,4,4
1489,16,4
1490,0,3
1491,35,4
1492,1,3
1493,0,3
1494,0,3
1495,11,3
1496,5,3
1497,22,3
1498,0,3
1499,48,2
1500,22,4
1501,32,3
1502,11,5
1503,0,3
1504,0,3
1505,2,3
1506,0,3
1507,0,3
1508,18,3
1509,23,5
1510,8,3
1511,16,4
1512,0,3
1513,1,4
1514,18,3
1515,1,3
1516,0,3
1517,46,3
1518,0,3
1519,3,3
1520,0,3
1521,18,5
1522,19,4
1523,7,4
1524,25,5
1525,0,3
1526,6,4
1527,14,3
1528,0,3
1529,39,4
1530,0,3
1531,1,3
1532,3,3
1533,4,3
1534,1,3
1535,1,3
1536,0,3
1537,0,3
1538,10,3
1539,0,3
1540,6,4
1541,0,3
1542,9,4
1543,6,3
1544,0,3
1545,16,4
1546,0,3
1547,14,4
1548,0,3
1549,4,3
1550,4,3
1551,10,4
1552,0,3
1553,0,3
1554,0,3
1555,6,3
1556,5,3
1557,2,3
1558,0,3
1559,0,3
1560,6,3
1561,3,3
1562,4,3
1563,36,3
1564,21,4
1565,15,3
1566,4,3
1567,18,4
1568,7,3
1569,1,3
1570,14,3
1571,1,3
1572,20,4
1573,23,2
1574,7,4
1575,1,3
1576,7,3
1577,2,3
1578,17,3
1579,7,4
1580,0,3
1581,0,3
1582,35,3
1583,0,3
1584,9,4
1585,10,4
1586,18,3
1587,0,3
1588,29,3
1589,0,3
1590,43,5
1591,0,3
1592,0,3
1593,17,4
1594,0,3
1595,0,3
1596,27,3
1597,42,5
1598,10,6
1599,0,3
1600,0,3
1601,19,3
1602,0,3
1603,1,3
1604,0,3
1605,0,3
1606,1,3
1607,0,3
1608,6,5
1609,0,3
1610,0,3
1611,0,3
1612,2,3
1613,0,3
1614,17,3
1615,5,3
1616,9,4
1617,0,3
1618,0,3
1619,1,3
1620,0,3
1621,37,2
1622,0,3
1623,9,4
1624,4,4
1625,31,4
1626,32,4
1627,7,3
1628,2,3
1629,25,3
1630,15,4
1631,19,4
1632,0,3
1633,0,3
1634,0,3
1635,0,3
1636,0,3
1637,5,3
1638,0,3
1639,2,3
1640,6,3
1641,19,5
1642,0,3
1643,2,3
1644,28,3
1645,0,3
1646,49,4
1647,8,3
1648,1,3
1649,0,3
1650,8,4
1651,3,3
1652,13,5
1653,3,3
1654,1,3
1655,0,3
1656,2,3
1657,1,3
1658,12,6
1659,0,3
1660,13,4
1661,0,3
1662,13,4
1663,3,4
1664,25,3
1665,3,3
1666,0,3
1667,0,3
1668,4,3
1669,0,3
1670,0,3
1671,30,5
1672,48,4
1673,0,3
1674,13,5
1675,0,3
1676,0,3
1677,11,4
1678,18,3
1679,57,5
1680,0,3
1681,4,3
1682,0,3
1683,1,3
1684,9,4
1685,24,3
1686,0,3
1687,5,4
1688,16,3
1689,1,3
1690,11,4
1691,9,4
1692,0,3
1693,4,3
1694,19,6
1695,0,3
1696,6,4
1697,15,7
1698,23,3
1699,35,3
1700,5,4
1701,10,3
1702,0,3
1703,11,3
1704,0,3
1705,0,3
1706,1,3
1707,19,3
1708,19,4
1709,6,4
1710,19,5
1711,1,3
1712,14,4
1713,0,3
1714,3,3
1715,0,3
1716,0,3
1717,0,3
1718,0,3
1719,8,3
1720,15,5
1721,0,3
1722,1,3
1723,12,4
1724,7,3
1725,7,4
1726,15,4
1727,14,5
1728,0,3
1729,2,3
1730,23,5
1731,25,4
1732,0,3
1733,0,3
1734,0,3
1735,37,6
1736,12,3
1737,10,3
1738,0,3
1739,8,4
1740,4,3
1741,31,4
1742,13,5
1743,0,3
1744,11,5
1745,1,3
1746,1,3
1747,14,3
1748,27,5
1749,5,2
1750,0,3
1751,0,3
1752,0,3
1753,0,3
1754,0,3
1755,9,3
1756,17,5
1757,22,5
1758,16,3
1759,15,6
1760,4,4
1761,17,5
1762,12,4
1763,12,4
1764,0,3
1765,42,4
1766,20,3
1767,36,5
1768,13,4
1769,0,3
1770,23,5
1771,16,5
1772,17,4
1773,0,3
1774,27,3
1775,0,3
1776,0,3
1777,0,3
1778,1,3
1779,9,4
1780,1,3
1781,51,4
1782,0,3
1783,0,3
1784,16,4
1785,0,3
1786,12,3
1787,25,5
1788,17,4
1789,2,3
1790,22,3
1791,18,5
1792,0,3
1793,25,6
1794,24,5
1795,7,4
1796,14,4
1797,13,4
1798,21,4
1799,0,3
1800,21,3
1801,4,3
1802,4,3
1803,45,5
1804,1,3
1805,6,3
1806,0,3
1807,0,3
1808,29,4
1809,0,3
1810,10,3
1811,21,6
1812,4,3
1813,0,3
1814,0,3
1815,28,4
1816,7,4
1817,0,3
1818,20,3
1819,31,4
1820,0,3
1821,0,3
1822,31,4
1823,1,3
1824,16,4
1825,4,3
1826,0,3
1827,0,3
1828,46,3
1829,27,4
1830,15,4
1831,7,3
1832,0,3
1833,2,3
1834,13,6
1835,34,3
1836,36,1
1837,0,3
1838,39,6
1839,2,3
1840,0,3
1841,43,4
1842,0,3
1843,6,4
1844,0,3
1845,0,3
1846,31,5
1847,0,3
1848,9,3
1849,45,5
1850,47,6
1851,4,3
1852,38,3
1853,77,3
1854,0,3
1855,0,3
1856,5,3
1857,0,3
1858,14,3
1859,21,5
1860,0,3
1861,2,3
1862,7,4
1863,20,5
1864,1,3
1865,0,3
1866,5,4
1867,22,7
1868,14,4
1869,1,3
1870,0,3
1871,0,3
1872,3,3
1873,8,4
1874,0,3
1875,11,6
1876,27,5
1877,3,3
1878,13,2
1879,5,3
1880,0,3
1881,23,3
1882,0,3
1883,6,4
1884,0,3
1885,0,3
1886,12,3
1887,20,4
1888,50,3
1889,10,4
1890,5,3
1891,1,3
1892,0,3
1893,20,4
1894,0,3
1895,6,3
1896,13,4
1897,54,5
1898,0,3
1899,37,2
1900,28,4
1901,42,4
1902,12,2
1903,22,6
1904,4,3
1905,14,4
1906,9,4
1907,0,3
1908,9,3
1909,0,3
1910,13,3
1911,0,3
1912,22,5
1913,0,3
1914,0,3
1915,0,3
1916,16,5
1917,0,3
1918,0,3
1919,0,3
1920,36,3
1921,27,6
1922,9,3
1923,1,3
1924,8,4
1925,14,4
1926,13,3
1927,11,5
1928,13,3
1929,0,3
1930,0,3
1931,26,6
1932,22,5
1933,27,4
1934,0,3
1935,36,8
1936,25,4
1937,25,7
1938,28,5
1939,44,1
1940,3,3
1941,36,4
1942,0,3
1943,1,3
1944,41,5
1945,85,5
1946,0,3
1947,0,3
1948,1,3
1949,79,4
1950,0,3
1951,0,3
1952,2,3
1953,4,3
1954,12,4
1955,34,2
1956,0,3
1957,0,3
1958,0,3
1959,22,4
1960,0,3
1961,0,3
1962,17,4
1963,0,3
1964,2,3
1965,3,3
1966,34,5
1967,16,4
1968,16,7
1969,35,5
1970,3,3
1971,8,3
1972,0,3
1973,0,3
1974,0,3
1975,33,4
1976,4,3
1977,0,3
1978,0,3
1979,7,3
1980,0,3
1981,10,3
1982,5,3
1983,0,3
1984,45,6
1985,7,4
1986,21,4
1987,1,3
1988,1,3
1989,58,4
1990,14,6
1991,9,4
1992,14,4
1993,5,3
1994,17,4
1995,7,3
1996,30,3
1997,0,3
1998,3,3
1999,20,5
2000,16,3
2001,15,4
2002,45,6
2003,1,3
2004,0,3
2005,18,7
2006,8,3
2007,11,3
2008,0,3
2009,0,3
2010,33,4
2011,0,3
2012,1,3
2013,8,3
2014,0,3
2015,19,4
2016,0,3
2017,0,3
2018,13,3
2019,20,6
2020,19,7
2021,16,3
2022,9,4
2023,0,3
2024,5,4
2025,17,3
2026,0,3
2027,11,4
2028,0,3
2029,10,4
2030,0,3
2031,14,5
2032,0,3
2033,0,3
2034,11,4
2035,4,3
2036,19,3
2037,3,2
2038,36,6
2039,6,4
2040,28,5
2041,2,3
2042,11,5
2043,0,3
2044,0,3
2045,24,4
2046,10,2
2047,0,3
2048,0,3
2049,29,5
2050,0,3
2051,0,3
2052,6,4
2053,0,3
2054,17,5
2055,1,3
2056,13,4
2057,14,4
2058,30,4
2059,9,5
2060,6,4
2061,15,4
2062,14,4
2063,22,4
2064,3,5
2065,8,3
2066,3,3
2067,4,3
2068,5,3
2069,36,4
2070,8,3
2071,41,3
2072,31,4
2073,0,3
2074,67,3
2075,1,3
2076,12,4
2077,7,4
2078,0,3
2079,17,4
2080,0,3
2081,22,5
2082,0,3
2083,4,2
2084,3,3
2085,29,4
2086,0,3
2087,5,3
2088,2,3
2089,9,3
2090,31,5
2091,7,4
2092,1,3
2093,15,6
2094,0,3
2095,0,3
2096,2,3
2097,0,3
2098,0,3
2099,5,4
2100,5,3
2101,40,4
2102,48,9
2103,12,4
2104,0,3
2105,14,5
2106,0,3
2107,7,3
2108,0,3
2109,0,3
2110,0,3
2111,0,3
2112,39,7
2113,13,4
2114,7,4
2115,0,3
2116,6,3
2117,0,3
2118,20,4
2119,11,3
2120,4,3
2121,17,3
2122,0,3
2123,13,3
2124,12,4
2125,19,6
2126,0,3
2127,9,4
2128,14,6
2129,50,5
2130,0,3
2131,0,3
2132,17,5
2133,0,3
2134,0,3
2135,12,4
2136,9,3
2137,0,3
2138,0,3
2139,0,3
2140,0,3
2141,45,7
2142,17,5
2143,13,3
2144,0,3
2145,21,5
2146,27,5
2147,0,3
2148,4,3
2149,6,3
2150,8,3
2151,4,3
2152,27,4
2153,14,4
2154,20,8
2155,0,3
2156,23,5
2157,17,4
2158,16,3
2159,47,6
2160,5,3
2161,21,4
2162,10,4
2163,25,6
2164,0,3
2165,28,2
2166,25,6
2167,11,4
2168,0,3
2169,0,3
2170,1,3
2171,19,5
2172,0,3
2173,0,3
2174,30,5
2175,7,3
2176,0,3
2177,0,3
2178,19,6
2179,32,3
2180,47,7
2181,43,3
2182,15,4
2183,29,4
2184,44,9
2185,8,4
2186,24,6
2187,6,5
2188,17,5
2189,0,3
2190,40,6
2191,46,5
2192,0,3
2193,0,3
2194,16,6
2195,3,3
2196,0,3
2197,55,8
2198,0,3
2199,0,3
2200,0,3
2201,1,3
2202,31,3
2203,0,3
2204,12,3
2205,0,3
2206,17,5
2207,1,3
2208,0,3
2209,7,3
2210,0,3
2211,0,3
2212,0,3
2213,0,3
2214,55,3
2215,0,3
2216,1,3
2217,18,4
2218,6,4
2219,31,5
2220,11,3
2221,0,3
2222,28,3
2223,34,4
2224,5,3
2225,13,4
2226,0,3
2227,19,6
2228,4,3
2229,0,3
2230,0,3
2231,35,4
2232,0,3
2233,1,3
2234,22,3
2235,26,5
2236,0,3
2237,24,7
2238,22,7
2239,9,5
2240,26,6
2241,0,3
2242,6,3
2243,31,7
2244,1,3
2245,9,4
2246,0,3
2247,0,3
2248,23,4
2249,0,3
2250,17,4
2251,1,3
2252,0,3
2253,23,4
2254,50,4
2255,0,3
2256,0,3
2257,1,3
2258,19,4
2259,16,3
2260,17,5
2261,0,3
2262,0,3
2263,0,3
2264,0,3
2265,0,3
2266,1,3
2267,4,3
2268,0,3
2269,11,4
2270,0,3
2271,0,3
2272,45,5
2273,35,6
2274,26,7
2275,0,3
2276,33,6
2277,69,5
2278,10,3
2279,30,7
2280,13,4
2281,11,4
2282,5,3
2283,2,3
2284,0,3
2285,2,3
2286,49,5
2287,0,3
2288,36,3
2289,0,3
2290,30,4
2291,2,3
2292,17,4
2293,0,3
2294,0,3
2295,1,3
2296,11,3
2297,1,3
2298,2,3
2299,9,4
2300,2,3
2301,0,3
2302,18,4
2303,10,4
2304,48,7
2305,1,3
2306,0,3
2307,2,3
2308,17,5
2309,8,4
2310,5,4
2311,0,3
2312,27,2
2313,12,4
2314,0,3
2315,20,4
2316,0,3
2317,23,6
2318,4,3
2319,0,3
2320,2,3
2321,23,4
2322,0,3
2323,37,6
2324,0,3
2325,0,3
2326,16,4
2327,87,8
2328,31,7
2329,6,4
2330,16,7
2331,6,4
2332,47,6
2333,18,5
2334,51,4
2335,29,6
2336,0,3
2337,0,3
2338,0,3
2339,49,4
2340,0,3
2341,0,3
2342,20,6
2343,7,3
2344,0,3
2345,0,3
2346,0,3
2347,36,7
2348,0,3
2349,0,3
2350,29,6
2351,19,6
2352,23,6
2353,3,3
2354,0,3
2355,46,8
2356,2,3
2357,23,4
2358,0,3
2359,23,6
2360,18,4
2361,0,3
2362,30,5
2363,27,4
2364,0,3
2365,33,6
2366,5,4
2367,21,4
2368,6,3
2369,0,3
2370,0,3
2371,8,3
2372,0,3
2373,0,3
2374,20,6
2375,0,3
2376,26,6
2377,55,8
2378,19,4
2379,0,3
2380,19,7
2381,0,3
2382,0,3
2383,9,3
2384,5,4
2385,0,3
2386,0,3
2387,22,6
2388,0,3
2389,31,6
2390,16,4
2391,2,3
2392,13,5
2393,0,3
2394,13,4
2395,33,8
2396,0,3
2397,11,3
2398,0,3
2399,0,3
2400,0,3
2401,0,3
2402,24,6
2403,2,3
2404,0,3
2405,0,3
2406,24,6
2407,48,4
2408,23,4
2409,0,3
2410,15,6
2411,25,7
2412,17,4
2413,23,5
2414,0,3
2415,11,4
2416,10,4
2417,0,3
2418,1,3
2419,0,3
2420,17,4
2421,0,3
2422,15,4
2423,19,5
2424,36,3
2425,26,5
2426,39,5
2427,0,3
2428,3,3
2429,20,4
2430,25,5
2431,67,5
2432,45,6
2433,0,3
2434,0,3
2435,16,3
2436,86,10
2437,70,5
2438,40,4
2439,35,6
2440,0,3
2441,4,4
2442,3,4
2443,0,3
2444,0,3
2445,0,3
2446,0,3
2447,43,6
2448,0,3
2449,15,4
2450,8,4
2451,0,3
2452,0,3
2453,30,5
2454,23,5
2455,0,3
2456,22,5
2457,0,3
2458,48,7
2459,25,5
2460,0,3
2461,3,3
2462,27,3
2463,9,4
2464,4,3
2465,0,3
2466,47,4
2467,0,3
2468,39,6
2469,0,3
2470,0,3
2471,20,5
2472,53,6
2473,0,3
2474,0,3
2475,0,3
2476,0,3
2477,0,3
2478,49,4
2479,0,3
2480,46,5
2481,0,3
2482,24,6
2483,43,6
2484,8,4
2485,0,3
2486,3,3
2487,41,4
2488,0,3
2489,25,4
2490,0,3
2491,29,4
2492,0,3
2493,43,7
2494,0,3
2495,0,3
2496,18,4
2497,0,3
2498,0,3
2499,0,3
2500,33,6
2501,26,5
2502,50,6
2503,18,4
2504,41,8
2505,15,7
2506,16,3
2507,0,3
2508,6,3
2509,0,3
2510,0,3
2511,46,4
2512,3,3
2513,54,6
2514,0,3
2515,16,5
2516,5,4
2517,22,7
2518,14,4
2519,21,5
2520,18,5
2521,7,3
2522,3,3
2523,23,5
2524,0,3
2525,0,3
2526,0,3
2527,13,6
2528,16,6
2529,0,3
2530,62,6
2531,0,3
2532,0,3
2533,63,5
2534,14,3
2535,28,6
2536,0,3
2537,11,3
2538,22,4
2539,8,3
2540,0,3
2541,32,4
2542,21,5
2543,9,3
2544,11,6
2545,47,9
2546,0,3
2547,5,4
2548,101,9
2549,0,3
2550,10,4
2551,40,7
2552,12,4
2553,0,3
2554,0,3
2555,0,3
2556,45,7
2557,0,3
2558,0,3
2559,17,5
2560,0,3
2561,0,3
2562,0,3
2563,25,4
2564,32,3
2565,7,3
2566,3,3
2567,26,3
2568,0,3
2569,28,4
2570,0,3
2571,0,3
2572,0,3
2573,30,5
2574,19,6
2575,21,5
2576,15,4
2577,0,3
2578,0,3
2579,14,5
2580,30,6
2581,23,4
2582,32,6
2583,62,8
2584,0,3
2585,0,3
2586,17,3
2587,0,3
2588,0,3
2589,57,7
2590,0,3
2591,0,3
2592,0,3
2593,77,6
2594,1,3
2595,20,6
2596,9,5
2597,21,4
2598,0,3
2599,0,3
2600,0,3
2601,30,3
2602,0,3
2603,37,7
2604,0,3
2605,0,3
2606,0,3
2607,3,4
2608,0,3
2609,36,2
2610,20,4
2611,0,3
2612,1,3
2613,0,3
2614,0,3
2615,77,3
2616,0,3
2617,35,5
2618,45,7
2619,38,6
2620,16,4
2621,0,3
2622,5,4
2623,53,8
2624,28,4
2625,19,5
2626,0,3
2627,0,3
2628,10,4
2629,0,3
2630,0,3
2631,0,3
2632,0,3
2633,0,3
2634,1,3
2635,0,3
2636,1,3
2637,0,3
2638,0,3
2639,0,3
2640,17,3
2641,0,3
2642,11,5
2643,33,7
2644,22,6
2645,0,3
2646,9,3
2647,90,7
2648,2,3
2649,20,5
2650,0,3
2651,18,3
2652,0,3
2653,43,8
2654,1,3
2655,16,4
2656,0,3
2657,39,5
2658,24,5
2659,7,5
2660,0,3
2661,4,3
2662,0,3
2663,2,3
2664,0,3
2665,0,3
2666,7,2
2667,0,3
2668,8,3
2669,0,3
2670,6,4
2671,17,5
2672,0,3
2673,0,3
2674,0,3
2675,14,5
2676,0,3
2677,27,6
2678,18,5
2679,14,4
2680,0,3
2681,0,3
2682,54,6
2683,49,5
2684,16,5
2685,35,7
2686,0,3
2687,29,6
2688,18,4
2689,0,3
2690,0,3
2691,30,5
2692,76,8
2693,15,5
2694,12,5
2695,10,3
2696,9,4
2697,0,3
2698,33,5
2699,0,3
2700,0,3
2701,9,5
2702,2,3
2703,69,8
2704,74,6
2705,0,3
2706,0,3
2707,0,3
2708,24,7
2709,101,3
2710,0,3
2711,0,3
2712,19,4
2713,0,3
2714,0,3
2715,0,3
2716,0,3
2717,0,3
2718,20,5
2719,0,3
2720,10,4
2721,0,3
2722,110,10
2723,33,9
2724,17,3
2725,29,4
2726,15,5
2727,20,5
2728,0,3
2729,0,3
2730,27,5
2731,24,4
2732,16,3
2733,0,3
2734,23,6
2735,13,4
2736,13,5
2737,30,6
2738,0,3
2739,35,4
2740,0,3
2741,0,3
2742,4,3
2743,118,7
2744,3,3
2745,16,4
2746,2,3
2747,0,3
2748,15,5
2749,37,5
2750,0,3
2751,6,3
2752,12,5
2753,0,3
2754,0,3
2755,0,3
2756,4,3
2757,19,5
2758,0,3
2759,0,3
2760,23,4
2761,13,3
2762,17,4
2763,0,3
2764,0,3
2765,0,3
2766,0,3
2767,62,9
2768,37,8
2769,2,3
2770,75,6
2771,13,3
2772,14,5
2773,0,3
2774,66,6
2775,0,3
2776,44,6
2777,62,8
2778,36,5
2779,0,3
2780,14,5
2781,10,5
2782,55,9
2783,0,3
2784,72,11
2785,27,7
2786,0,3
2787,65,3
2788,3,4
2789,0,3
2790,26,5
2791,1,3
2792,5,4
2793,62,6
2794,0,3
2795,63,7
2796,63,5
2797,58,5
2798,16,5
2799,37,7
2800,29,6
2801,9,4
2802,7,4
2803,0,3
2804,5,3
2805,0,3
2806,1,3
2807,4,3
2808,16,3
2809,16,5
2810,25,7
2811,48,4
2812,52,5
2813,27,5
2814,0,3
2815,38,7
2816,0,3
2817,64,8
2818,0,3
2819,12,4
2820,26,6
2821,15,6
2822,0,3
2823,4,3
2824,0,3
2825,47,6
2826,0,3
2827,0,3
2828,1,3
2829,46,6
2830,14,7
2831,0,3
2832,43,7
2833,38,5
2834,0,3
2835,17,6
2836,31,5
2837,0,3
2838,9,4
2839,0,3
2840,0,3
2841,29,3
2842,3,3
2843,0,3
2844,16,5
2845,0,3
2846,49,8
2847,65,10
2848,12,7
2849,22,4
2850,28,6
2851,23,5
2852,0,3
2853,60,9
2854,28,6
2855,45,8
2856,48,9
2857,0,3
2858,0,3
2859,47,6
2860,4,3
2861,0,3
2862,68,5
2863,17,6
2864,0,3
2865,0,3
2866,0,3
2867,14,5
2868,93,11
2869,42,5
2870,0,3
2871,40,6
2872,37,7
2873,24,6
2874,0,3
2875,41,7
2876,2,3
2877,58,7
2878,0,3
2879,19,6
2880,0,3
2881,4,3
2882,11,4
2883,54,12
2884,4,3
2885,0,3
2886,0,3
2887,3,3
2888,0,3
2889,54,6
2890,17,6
2891,58,4
2892,0,3
2893,30,4
2894,0,3
2895,34,7
2896,47,6
2897,0,3
2898,30,5
2899,24,4
2900,0,3
2901,0,3
2902,0,3
2903,14,5
2904,0,3
2905,47,5
2906,25,6
2907,0,3
2908,28,3
2909,10,3
2910,48,6
2911,0,3
2912,16,5
2913,0,3
2914,0,3
2915,43,5
2916,0,3
2917,4,3
2918,51,6
2919,0,3
2920,39,7
2921,51,7
2922,41,8
2923,0,3
2924,0,3
2925,0,3
2926,14,4
2927,0,3
2928,0,3
2929,67,7
2930,86,4
2931,19,5
2932,35,5
2933,0,3
2934,0,3
2935,0,3
2936,0,3
2937,0,3
2938,0,3
2939,0,3
2940,37,6
2941,21,7
2942,72,11
2943,59,8
2944,19,6
2945,23,6
2946,0,3
2947,3,3
2948,67,8
2949,30,4
2950,0,3
2951,24,7
2952,0,3
2953,25,6
2954,24,5
2955,6,3
2956,42,7
2957,0,3
2958,23,3
2959,33,6
2960,21,7
2961,0,3
2962,3,3
2963,0,3
2964,0,3
2965,21,5
2966,17,6
2967,0,3
2968,12,4
2969,0,3
2970,6,4
2971,32,5
2972,26,6
2973,16,6
2974,23,6
2975,28,7
2976,32,8
2977,79,9
2978,65,8
2979,0,3
2980,3,2
2981,0,3
2982,1,3
2983,0,3
2984,0,3
2985,49,7
2986,26,3
2987,46,9
2988,40,7
2989,17,5
2990,36,6
2991,0,3
2992,19,6
2993,0,3
2994,0,3
2995,14,4
2996,0,3
2997,30,8
2998,14,5
2999,43,8
3000,37,7
3001,36,5
3002,18,7
3003,0,3
3004,51,8
3005,14,4
3006,47,6
3007,53,6
3008,56,7
3009,44,8
3010,4,4
3011,7,4
3012,18,6
3013,15,4
3014,0,3
3015,17,6
3016,71,9
3017,7,4
3018,0,3
3019,23,5
3020,0,3
3021,0,3
3022,38,5
3023,8,4
3024,65,8
3025,48,7
3026,13,3
3027,0,3
3028,19,4
3029,5,4
3030,17,5
3031,15,6
3032,0,3
3033,11,4
3034,0,3
3035,13,4
3036,58,8
3037,0,3
3038,17,5
3039,62,12
3040,13,5
3041,18,4
3042,28,5
3043,26,5
3044,27,9
3045,0,3
3046,196,11
3047,0,3
3048,31,5
3049,0,3
3050,47,8
3051,0,3
3052,16,5
3053,0,3
3054,0,3
3055,25,5
3056,17,4
3057,0,3
3058,44,8
3059,356,5
3060,49,4
3061,0,3
3062,35,5
3063,0,3
3064,0,3
3065,13,5
3066,44,7
3067,0,3
3068,0,3
3069,65,9
3070,16,5
3071,47,5
3072,0,3
3073,0,3
3074,56,7
3075,46,5
3076,15,4
3077,44,10
3078,0,3
3079,9,5
3080,29,5
3081,0,3
3082,16,5
3083,19,4
3084,21,6
3085,0,3
3086,80,5
3087,0,3
3088,23,8
3089,14,5
3090,11,6
3091,17,5
3092,10,4
3093,44,6
3094,70,11
3095,40,7
3096,0,3
3097,16,5
3098,34,6
3099,64,10
3100,45,8
3101,0,3
3102,33,3
3103,1,3
3104,17,5
3105,0,3
3106,0,3
3107,11,4
3108,56,10
3109,36,10
3110,0,3
3111,49,11
3112,0,3
3113,0,3
3114,40,9
3115,0,3
3116,61,9
3117,47,10
3118,0,3
3119,0,3
3120,64,8
3121,0,3
3122,3,3
3123,0,3
3124,51,10
3125,4,3
3126,32,4
3127,1,3
3128,29,4
3129,0,3
3130,53,6
3131,137,8
3132,0,3
3133,37,6
3134,0,3
3135,0,3
3136,16,4
3137,20,5
3138,0,3
3139,32,7
3140,33,5
3141,55,7
3142,0,3
3143,0,3
3144,53,6
3145,7,4
3146,10,5
3147,22,3
3148,128,3
3149,41,6
3150,65,9
3151,0,3
3152,0,3
3153,0,3
3154,0,3
3155,0,3
3156,3,3
3157,13,5
3158,7,4
3159,1,3
3160,26,8
3161,34,7
3162,0,3
3163,49,9
3164,0,3
3165,25,4
3166,0,3
3167,0,3
3168,28,6
3169,38,5
3170,115,5
3171,14,4
3172,0,3
3173,60,7
3174,19,4
3175,32,8
3176,0,3
3177,0,3
3178,0,3
3179,1,3
3180,59,9
3181,6,3
3182,0,3
3183,13,4
3184,64,10
3185,1,3
3186,0,3
3187,0,3
3188,0,3
3189,0,3
3190,32,4
3191,60,6
3192,0,3
3193,103,6
3194,34,6
3195,0,3
3196,0,3
3197,63,5
3198,65,14
3199,35,7
3200,11,5
3201,0,3
3202,33,5
3203,0,3
3204,0,3
3205,32,6
3206,13,5
3207,0,3
3208,37,9
3209,0,3
3210,8,3
3211,0,3
3212,10,5
3213,15,5
3214,0,3
3215,0,3
3216,22,4
3217,25,5
3218,59,11
3219,59,11
3220,29,7
3221,31,6
3222,61,8
3223,25,6
3224,0,3
3225,164,2
3226,0,3
3227,17,5
3228,0,3
3229,33,6
3230,0,3
3231,35,6
3232,27,7
3233,40,6
3234,37,8
3235,25,7
3236,0,3
3237,12,5
3238,40,7
3239,74,5
3240,19,8
3241,67,9
3242,46,8
3243,149,8
3244,20,5
3245,23,3
3246,0,3
3247,0,3
3248,15,5
3249,34,6
3250,56,8
3251,0,3
3252,4,2
3253,0,3
3254,16,5
3255,13,5
3256,0,3
3257,0,3
3258,48,8
3259,15,4
3260,0,3
3261,39,9
3262,50,6
3263,0,3
3264,0,3
3265,0,3
3266,0,3
3267,32,3
3268,25,8
3269,0,3
3270,0,3
3271,48,6
3272,46,8
3273,59,5
3274,8,3
3275,0,3
3276,49,9
3277,0,3
3278,8,5
3279,61,7
3280,0,3
3281,0,3
3282,0,3
3283,0,3
3284,0,3
3285,44,10
3286,42,7
3287,30,4
3288,0,3
3289,22,4
3290,5,3
3291,0,3
3292,42,4
3293,5,4
3294,0,3
3295,0,3
3296,11,3
3297,0,3
3298,26,5
3299,0,3
3300,0,3
3301,0,3
3302,0,3
3303,67,10
3304,4,2
3305,0,3
3306,0,3
3307,30,7
3308,45,8
3309,10,4
3310,27,3
3311,0,3
3312,32,9
3313,0,3
3314,0,3
3315,66,10
3316,6,4
3317,46,7
3318,0,3
3319,88,8
3320,6,3
3321,17,7
3322,33,4
3323,40,8
3324,43,6
3325,13,4
3326,93,8
3327,7,3
3328,1,3
3329,33,1
3330,19,5
3331,40,7
3332,0,3
3333,0,3
3334,58,8
3335,11,4
3336,37,10
3337,2,3
3338,106,9
3339,39,7
3340,28,5
3341,66,10
3342,11,5
3343,37,6
3344,27,5
3345,79,8
3346,41,9
3347,34,8
3348,4,3
3349,11,4
3350,1,3
3351,0,3
3352,0,3
3353,0,3
3354,0,3
3355,36,7
3356,0,3
3357,39,9
3358,0,3
3359,0,3
3360,35,10
3361,8,4
3362,31,7
3363,15,4
3364,0,3
3365,0,3
3366,0,3
3367,0,3
3368,0,3
3369,0,3
3370,0,3
3371,52,7
3372,30,5
3373,9,5
3374,32,6
3375,0,3
3376,72,9
3377,11,3
3378,59,7
3379,8,5
3380,0,3
3381,0,3
3382,0,3
3383,139,7
3384,0,3
3385,13,4
3386,74,8
3387,49,6
3388,0,3
3389,0,3
3390,0,3
3391,45,8
3392,52,7
3393,0,3
3394,60,6
3395,64,8
3396,9,3
3397,0,3
3398,0,3
3399,0,3
3400,0,3
3401,0,3
3402,10,4
3403,45,12
3404,17,4
3405,22,7
3406,65,11
3407,63,13
3408,116,8
3409,33,3
3410,84,9
3411,0,3
3412,53,8
3413,36,10
3414,56,6
3415,48,8
3416,37,6
3417,0,3
3418,50,10
3419,1,3
3420,17,6
3421,0,3
3422,40,8
3423,0,3
3424,0,3
3425,84,6
3426,87,12
3427,30,5
3428,0,3
3429,7,4
3430,28,5
3431,32,8
3432,47,9
3433,14,4
3434,77,10
3435,38,8
3436,20,5
3437,0,3
3438,78,13
3439,0,3
3440,0,3
3441,24,5
3442,8,4
3443,0,3
3444,20,5
3445,31,7
3446,44,8
3447,9,3
3448,47,6
3449,0,3
3450,70,10
3451,90,8
3452,21,4
3453,0,3
3454,0,3
3455,0,3
3456,36,6
3457,25,5
3458,13,4
3459,42,4
3460,16,5
3461,0,3
3462,63,10
3463,14,4
3464,0,3
3465,6,4
3466,41,6
3467,24,5
3468,58,10
3469,16,4
3470,43,7
3471,27,6
3472,0,3
3473,109,8
3474,11,4
3475,0,3
3476,37,7
3477,34,10
3478,30,8
3479,0,3
3480,63,7
3481,0,3
3482,0,3
3483,0,3
3484,27,6
3485,33,7
3486,31,8
3487,0,3
3488,0,3
3489,26,7
3490,0,3
3491,6,4
3492,1,3
3493,0,3
3494,33,8
3495,36,6
3496,0,3
3497,0,3
3498,0,3
3499,46,7
3500,68,8
3501,0,3
3502,24,5
3503,0,3
3504,19,5
3505,6,3
3506,122,9
3507,29,5
3508,22,4
3509,48,7
3510,19,5
3511,0,3
3512,46,8
3513,0,3
3514,41,5
3515,25,6
3516,12,4
3517,49,7
3518,0,3
3519,9,4
3520,24,4
3521,60,12
3522,53,4
3523,45,8
3524,0,3
3525,21,2
3526,17,5
3527,0,3
3528,64,9
3529,10,4
3530,0,3
3531,0,3
3532,0,3
3533,55,7
3534,44,10
3535,0,3
3536,0,3
3537,37,9
3538,61,9
3539,36,6
3540,0,3
3541,22,6
3542,84,3
3543,0,3
3544,119,13
3545,0,3
3546,58,8
3547,26,5
3548,0,3
3549,0,3
3550,50,9
3551,0,3
3552,34,5
3553,0,3
3554,0,3
3555,66,11
3556,0,3
3557,1,3
3558,8,4
3559,62,8
3560,28,6
3561,40,7
3562,46,8
3563,63,11
3564,24,6
3565,45,8
3566,4,3
3567,42,8
3568,11,4
3569,0,3
3570,0,3
3571,17,4
3572,30,5
3573,18,4
3574,0,3
3575,0,3
3576,0,3
3577,6,2
3578,0,3
3579,85,10
3580,0,3
3581,0,3
3582,37,8
3583,0,3
3584,0,3
3585,13,3
3586,48,11
3587,0,3
3588,78,13
3589,26,7
3590,0,3
3591,8,4
3592,73,8
3593,0,3
3594,56,11
3595,33,7
3596,75,12
3597,0,3
3598,65,6
3599,48,8
3600,14,4
3601,76,13
3602,51,6
3603,100,12
3604,0,3
3605,0,3
3606,0,3
3607,3,3
3608,0,3
3609,15,5
3610,0,3
3611,0,3
3612,41,8
3613,30,6
3614,0,3
3615,0,3
3616,0,3
3617,16,6
3618,0,3
3619,55,8
3620,55,11
3621,51,10
3622,0,3
3623,65,7
3624,94,6
3625,46,6
3626,57,7
3627,82,11
3628,41,6
3629,71,7
3630,22,6
3631,22,5
3632,0,3
3633,12,3
3634,13,3
3635,33,4
3636,95,9
3637,67,4
3638,7,4
3639,39,7
3640,1,3
3641,38,6
3642,91,11
3643,29,7
3644,20,4
3645,19,6
3646,76,11
3647,26,6
3648,0,3
3649,0,3
3650,0,3
3651,119,14
3652,8,3
3653,0,3
3654,82,9
3655,115,8
3656,0,3
3657,0,3
3658,66,7
3659,0,3
3660,0,3
3661,54,9
3662,54,8
3663,99,15
3664,34,3
3665,41,6
3666,29,4
3667,1,3
3668,0,3
3669,0,3
3670,31,5
3671,97,9
3672,0,3
3673,0,3
3674,31,8
3675,93,13
3676,92,14
3677,0,3
3678,22,5
3679,11,5
3680,0,3
3681,0,3
3682,40,8
3683,10,5
3684,12,4
3685,37,8
3686,16,4
3687,33,10
3688,43,8
3689,4,3
3690,43,7
3691,38,9
3692,27,8
3693,0,3
3694,0,3
3695,48,8
3696,0,3
3697,0,3
3698,95,10
3699,36,6
3700,61,9
3701,0,3
3702,76,9
3703,0,3
3704,41,5
3705,59,9
3706,98,5
3707,0,3
3708,40,9
3709,75,9
3710,0,3
3711,17,6
3712,32,10
3713,16,5
3714,34,5
3715,1,3
3716,14,6
3717,41,6
3718,1,4
3719,0,3
3720,50,12
3721,72,12
3722,75,5
3723,13,4
3724,0,3
3725,87,9
3726,0,3
3727,0,3
3728,27,4
3729,47,8
3730,45,7
3731,3,4
3732,0,3
3733,0,3
3734,73,10
3735,61,10
3736,0,3
3737,59,7
3738,93,12
3739,87,17
3740,140,4
3741,32,9
3742,0,3
3743,29,3
3744,30,9
3745,0,3
3746,24,6
3747,25,5
3748,0,3
3749,0,3
3750,0,3
3751,0,3
3752,31,5
3753,123,10
3754,77,13
3755,0,3
3756,64,11
3757,110,11
3758,19,7
3759,78,11
3760,21,5
3761,21,5
3762,29,7
3763,0,3
3764,95,10
3765,42,7
3766,0,3
3767,0,3
3768,63,9
3769,0,3
3770,43,7
3771,28,5
3772,0,3
3773,0,3
3774,0,3
3775,39,6
3776,55,11
3777,0,3
3778,83,9
3779,29,6
3780,0,3
3781,26,5
3782,0,3
3783,0,3
3784,0,3
3785,34,10
3786,36,8
3787,0,3
3788,20,5
3789,11,4
3790,67,6
3791,41,6
3792,9,4
3793,123,10
3794,18,7
3795,63,6
3796,0,3
3797,149,3
3798,42,5
3799,64,6
3800,27,6
3801,0,3
3802,0,3
3803,2,3
3804,0,3
3805,5,3
3806,8,5
3807,32,4
3808,39,5
3809,38,7
3810,17,5
3811,0,3
3812,17,5
3813,23,1
3814,0,3
3815,27,5
3816,0,3
3817,0,3
3818,91,8
3819,0,3
3820,0,3
3821,9,3
3822,0,3
3823,210,8
3824,50,7
3825,73,15
3826,8,3
3827,28,7
3828,21,6
3829,12,4
3830,22,4
3831,0,3
3832,15,4
3833,140,7
3834,91,7
3835,21,5
3836,21,5
3837,80,9
3838,0,3
3839,32,7
3840,63,8
3841,0,3
3842,16,6
3843,115,12
3844,64,8
3845,45,6
3846,73,12
3847,63,8
3848,48,8
3849,56,9
3850,0,3
3851,44,9
3852,23,6
3853,13,4
3854,46,8
3855,73,7
3856,54,11
3857,0,3
3858,118,12
3859,0,3
3860,21,5
3861,0,3
3862,4,3
3863,75,8
3864,68,13
3865,8,4
3866,62,8
3867,0,3
3868,0,3
3869,21,5
3870,55,10
3871,0,3
3872,56,10
3873,56,14
3874,199,10
3875,35,5
3876,99,12
3877,75,14
3878,18,8
3879,81,12
3880,9,4
3881,94,14
3882,34,7
3883,100,10
3884,0,3
3885,81,12
3886,0,3
3887,103,11
3888,0,3
3889,0,3
3890,15,4
3891,0,3
3892,68,10
3893,114,12
3894,0,3
3895,0,3
3896,0,3
3897,0,3
3898,68,7
3899,0,3
3900,18,6
3901,74,13
3902,0,3
3903,0,3
3904,57,11
3905,0,3
3906,0,3
3907,0,3
3908,14,5
3909,13,3
3910,0,3
3911,0,3
3912,0,3
3913,39,5
3914,0,3
3915,47,7
3916,0,3
3917,75,15
3918,30,10
3919,0,3
3920,0,3
3921,0,3
3922,48,6
3923,0,3
3924,0,3
3925,12,6
3926,47,7
3927,110,12
3928,41,7
3929,0,3
3930,0,3
3931,47,4
3932,0,3
3933,0,3
3934,0,3
3935,50,10
3936,38,6
3937,110,11
3938,0,3
3939,55,11
3940,59,12
3941,70,12
3942,0,3
3943,0,3
3944,2,3
3945,0,3
3946,24,8
3947,47,12
3948,84,13
3949,119,14
3950,0,3
3951,0,3
3952,12,5
3953,0,3
3954,46,6
3955,0,3
3956,18,5
3957,0,3
3958,110,10
3959,0,3
3960,5,4
3961,0,3
3962,34,6
3963,24,4
3964,77,7
3965,18,4
3966,0,3
3967,73,14
3968,19,6
3969,16,7
3970,40,8
3971,24,5
3972,84,5
3973,11,4
3974,0,3
3975,24,4
3976,56,9
3977,27,6
3978,70,5
3979,1,3
3980,1,3
3981,0,3
3982,58,9
3983,0,3
3984,31,7
3985,0,3
3986,38,6
3987,0,3
3988,37,10
3989,5,4
3990,0,3
3991,53,8
3992,0,3
3993,0,3
3994,24,5
3995,67,8
3996,0,3
3997,45,10
3998,0,3
3999,41,12
4000,56,8
4001,22,5
4002,39,8
4003,0,3
4004,70,10
4005,0,3
4006,59,9
4007,106,15
4008,0,3
4009,56,10
4010,0,3
4011,56,7
4012,0,3
4013,30,4
4014,1,3
4015,0,3
4016,72,12
4017,87,9
4018,0,3
4019,0,3
4020,65,9
4021,19,6
4022,0,3
4023,17,6
4024,279,6
4025,24,8
4026,0,3
4027,0,3
4028,58,11
4029,61,8
4030,4,3
4031,26,7
4032,0,3
4033,105,9
4034,0,3
4035,0,3
4036,24,7
4037,26,4
4038,35,7
4039,83,11
4040,0,3
4041,10,4
4042,389,5
4043,21,6
4044,44,8
4045,0,3
4046,39,6
4047,24,5
4048,117,13
4049,106,10
4050,34,7
4051,34,8
4052,0,3
4053,35,7
4054,43,9
4055,0,3
4056,11,4
4057,47,9
4058,57,8
4059,55,10
4060,23,7
4061,10,4
4062,67,13
4063,109,7
4064,0,3
4065,25,6
4066,38,10
4067,32,5
4068,0,3
4069,64,9
4070,0,3
4071,62,10
4072,0,3
4073,34,5
4074,0,3
4075,0,3
4076,0,3
4077,39,9
4078,0,3
4079,40,7
4080,74,11
4081,0,3
4082,34,6
4083,18,7
4084,20,9
4085,24,4
4086,101,5
4087,85,9
4088,0,3
4089,45,9
4090,0,3
4091,66,12
4092,111,12
4093,0,3
4094,45,5
4095,59,9
4096,0,3
4097,0,3
4098,60,9
4099,69,12
4100,0,3
4101,102,11
4102,33,7
4103,234,5
4104,0,3
4105,42,5
4106,0,3
4107,56,10
4108,68,10
4109,43,7
4110,0,3
4111,0,3
4112,16,4
4113,6,4
4114,119,13
4115,85,11
4116,24,6
4117,0,3
4118,68,9
4119,152,3
4120,22,6
4121,46,8
4122,84,13
4123,61,8
4124,0,3
4125,11,5
4126,83,10
4127,0,3
4128,63,10
4129,26,6
4130,77,10
4131,56,8
4132,65,11
4133,0,3
4134,73,10
4135,56,7
4136,17,6
4137,0,3
4138,0,3
4139,9,4
4140,60,9
4141,115,13
4142,0,3
4143,0,3
4144,10,3
4145,0,3
4146,38,6
4147,57,8
4148,0,3
4149,1,3
4150,81,12
4151,53,10
4152,17,5
4153,0,3
4154,0,3
4155,53,8
4156,0,3
4157,1,3
4158,0,3
4159,50,9
4160,64,8
4161,83,11
4162,0,3
4163,34,7
4164,0,3
4165,66,10
4166,18,6
4167,0,3
4168,48,7
4169,0,3
4170,44,9
4171,52,9
4172,47,9
4173,53,7
4174,31,7
4175,43,6
4176,20,6
4177,0,3
4178,50,9
4179,62,10
4180,1,3
4181,12,4
4182,51,8
4183,89,12
4184,0,3
4185,0,3
4186,21,5
4187,0,3
4188,37,6
4189,12,5
4190,0,3
4191,0,3
4192,52,8
4193,7,3
4194,0,3
4195,0,3
4196,0,3
4197,0,3
4198,118,15
4199,0,3
4200,52,10
4201,149,16
4202,15,4
4203,65,11
4204,0,3
4205,0,3
4206,41,13
4207,29,5
4208,28,5
4209,55,13
4210,0,3
4211,0,3
4212,0,3
4213,81,10
4214,80,6
4215,0,3
4216,43,7
4217,0,3
4218,43,7
4219,11,5
4220,0,3
4221,4,3
4222,0,3
4223,19,4
4224,77,16
4225,22,4
4226,95,11
4227,0,3
4228,0,3
4229,0,3
4230,36,7
4231,0,3
4232,5,4
4233,0,3
4234,22,7
4235,74,14
4236,48,9
4237,33,6
4238,61,10
4239,0,3
4240,115,11
4241,66,12
4242,84,11
4243,0,3
4244,106,11
4245,63,11
4246,32,6
4247,16,4
4248,34,6
4249,70,9
4250,47,12
4251,82,6
4252,111,17
4253,54,7
4254,52,10
4255,18,5
4256,17,4
4257,49,10
4258,0,3
4259,42,7
4260,0,3
4261,3,4
4262,0,3
4263,68,10
4264,25,5
4265,0,3
4266,42,11
4267,0,3
4268,83,10
4269,0,3
4270,98,12
4271,0,3
4272,43,10
4273,37,9
4274,112,7
4275,131,14
4276,93,13
4277,44,9
4278,41,7
4279,61,9
4280,2,3
4281,0,3
4282,23,6
4283,65,11
4284,0,3
4285,41,3
4286,0,3
4287,99,14
4288,0,3
4289,84,9
4290,0,3
4291,0,3
4292,50,9
4293,0,3
4294,0,3
4295,0,3
4296,0,3
4297,0,3
4298,47,7
4299,0,3
4300,6,3
4301,59,8
4302,0,3
4303,0,3
4304,0,3
4305,0,3
4306,47,9
4307,0,3
4308,0,3
4309,29,8
4310,0,3
4311,0,3
4312,0,3
4313,80,9
4314,25,5
4315,67,10
4316,98,14
4317,340,9
4318,133,15
4319,16,5
4320,116,18
4321,0,3
4322,101,10
4323,84,10
4324,34,8
4325,82,12
4326,5,3
4327,88,14
4328,0,3
4329,68,9
4330,77,9
4331,25,4
4332,0,3
4333,50,7
4334,24,9
4335,38,8
4336,96,15
4337,80,12
4338,0,3
4339,0,3
4340,0,3
4341,0,3
4342,99,11
4343,0,3
4344,91,14
4345,63,8
4346,3,3
4347,3,4
4348,89,10
4349,79,11
4350,34,9
4351,15,6
4352,62,8
4353,41,8
4354,0,3
4355,0,3
4356,0,3
4357,0,3
4358,77,9
4359,5,3
4360,94,8
4361,0,3
4362,52,8
4363,0,3
4364,1,3
4365,110,13
4366,22,6
4367,100,13
4368,0,3
4369,103,14
4370,24,7
4371,59,10
4372,0,3
4373,40,9
4374,44,6
4375,0,3
4376,0,3
4377,0,3
4378,79,14
4379,33,8
4380,0,3
4381,29,5
4382,84,12
4383,67,14
4384,25,9
4385,30,7
4386,33,6
4387,56,8
4388,54,8
4389,0,3
4390,0,3
4391,91,13
4392,24,8
4393,3,3
4394,60,9
4395,0,3
4396,112,15
4397,92,11
4398,0,3
4399,19,5
4400,0,3
4401,39,8
4402,0,3
4403,24,7
4404,65,9
4405,0,3
4406,199,6
4407,102,10
4408,112,16
4409,38,10
4410,29,7
4411,201,11
4412,34,6
4413,67,11
4414,114,6
4415,0,3
4416,22,4
4417,97,13
4418,123,12
4419,36,8
4420,0,3
4421,119,14
4422,0,3
4423,86,13
4424,60,11
4425,68,12
4426,0,3
4427,98,12
4428,0,3
4429,0,3
4430,0,3
4431,63,7
4432,134,16
4433,0,3
4434,16,6
4435,68,11
4436,0,3
4437,40,6
4438,50,8
4439,5,3
4440,0,3
4441,0,3
4442,49,7
4443,113,13
4444,17,5
4445,23,6
4446,35,7
4447,0,3
4448,35,6
4449,0,3
4450,89,10
4451,60,10
4452,35,10
4453,0,3
4454,0,3
4455,101,11
4456,65,10
4457,59,10
4458,37,7
4459,77,8
4460,0,3
4461,77,12
4462,72,11
4463,0,3
4464,0,3
4465,130,13
4466,60,9
4467,33,6
4468,0,3
4469,0,3
4470,0,3
4471,71,12
4472,0,3
4473,31,6
4474,60,5
4475,47,8
4476,25,7
4477,0,3
4478,76,12
4479,92,7
4480,41,6
4481,78,9
4482,0,3
4483,0,3
4484,0,3
4485,0,3
4486,0,3
4487,30,8
4488,43,6
4489,101,13
4490,0,3
4491,50,10
4492,0,3
4493,0,3
4494,0,3
4495,14,3
4496,75,14
4497,19,5
4498,27,6
4499,124,15
4500,0,3
4501,32,5
4502,51,8
4503,0,3
4504,0,3
4505,1,3
4506,152,8
4507,101,11
4508,184,3
4509,58,8
4510,76,13
4511,2,3
4512,122,17
4513,82,10
4514,39,8
4515,0,3
4516,0,3
4517,129,12
4518,0,3
4519,0,3
4520,119,16
4521,50,10
4522,0,3
4523,0,3
4524,86,11
4525,97,8
4526,116,15
4527,27,5
4528,213,12
4529,0,3
4530,109,15
4531,3,3
4532,40,7
4533,205,8
4534,30,4
4535,125,16
4536,47,12
4537,0,3
4538,0,3
4539,64,11
4540,117,10
4541,102,16
4542,94,12
4543,90,9
4544,180,8
4545,41,10
4546,87,13
4547,0,3
4548,99,6
4549,151,12
4550,254,9
4551,0,3
4552,50,7
4553,0,3
4554,176,19
4555,46,9
4556,133,15
4557,0,3
4558,83,15
4559,64,10
4560,0,3
4561,45,5
4562,0,3
4563,69,9
4564,0,3
4565,58,9
4566,104,14
4567,80,15
4568,228,13
4569,101,14
4570,0,3
4571,51,10
4572,0,3
4573,0,3
4574,128,11
4575,0,3
4576,98,11
4577,18,5
4578,35,10
4579,36,9
4580,0,3
4581,144,13
4582,0,3
4583,0,3
4584,58,8
4585,111,16
4586,188,11
4587,0,3
4588,53,14
4589,62,11
4590,55,10
4591,627,10
4592,35,8
4593,0,3
4594,0,3
4595,135,6
4596,0,3
4597,62,9
4598,61,10
4599,0,3
4600,74,13
4601,49,10
4602,55,7
4603,75,15
4604,150,15
4605,121,13
4606,0,3
4607,0,3
4608,42,8
4609,75,14
4610,81,12
4611,137,16
4612,137,16
4613,24,6
4614,57,11
4615,67,11
4616,83,13
4617,59,12
4618,73,14
4619,0,3
4620,0,3
4621,41,4
4622,1,3
4623,0,3
4624,32,7
4625,270,9
4626,153,15
4627,81,15
4628,75,14
4629,61,10
4630,0,3
4631,18,6
4632,107,9
4633,56,13
4634,9,5
4635,196,17
4636,0,3
4637,0,3
4638,40,5
4639,59,11
4640,5,3
4641,0,3
4642,42,6
4643,107,10
4644,0,3
4645,0,3
4646,0,3
4647,140,11
4648,55,6
4649,19,3
4650,15,5
4651,0,3
4652,47,4
4653,63,11
4654,0,3
4655,0,3
4656,0,3
4657,27,5
4658,12,4
4659,36,5
4660,116,18
4661,70,8
4662,51,10
4663,159,20
4664,0,3
4665,23,6
4666,148,13
4667,0,3
4668,0,3
4669,0,3
4670,48,9
4671,56,10
4672,0,3
4673,117,12
4674,0,3
4675,9,4
4676,1,3
4677,102,13
4678,96,12
4679,66,10
4680,140,12
4681,81,9
4682,51,5
4683,0,3
4684,0,3
4685,24,5
4686,0,3
4687,54,7
4688,0,3
4689,33,7
4690,80,12
4691,134,13
4692,32,4
4693,0,3
4694,0,3
4695,0,3
4696,18,4
4697,98,14
4698,0,3
4699,159,15
4700,75,13
4701,89,13
4702,0,3
4703,29,8
4704,13,3
4705,0,3
4706,7,4
4707,23,6
4708,36,6
4709,0,3
4710,0,3
4711,11,5
4712,0,3
4713,0,3
4714,97,16
4715,0,3
4716,161,10
4717,0,3
4718,0,3
4719,0,3
4720,0,3
4721,0,3
4722,0,3
4723,31,5
4724,0,3
4725,120,14
4726,0,3
4727,53,9
4728,99,18
4729,0,3
4730,0,3
4731,0,3
4732,74,12
4733,0,3
4734,20,6
4735,51,7
4736,57,7
4737,0,3
4738,23,6
4739,107,16
4740,51,11
4741,30,6
4742,48,7
4743,0,3
4744,13,5
4745,0,3
4746,99,15
4747,136,13
4748,0,3
4749,0,3
4750,74,12
4751,135,16
4752,0,3
4753,7,6
4754,24,5
4755,90,11
4756,49,10
4757,0,3
4758,15,3
4759,0,3
4760,63,6
4761,0,3
4762,77,11
4763,32,5
4764,0,3
4765,49,8
4766,162,21
4767,28,6
4768,18,5
4769,44,5
4770,0,3
4771,65,10
4772,0,3
4773,25,7
4774,142,18
4775,112,14
4776,122,14
4777,64,7
4778,1,3
4779,195,20
4780,185,17
4781,24,6
4782,0,3
4783,44,7
4784,27,7
4785,0,3
4786,1,3
4787,37,4
4788,76,14
4789,0,3
4790,0,3
4791,57,7
4792,5,3
4793,11,4
4794,0,3
4795,173,18
4796,146,13
4797,0,3
4798,75,13
4799,0,3
4800,104,16
4801,0,3
4802,121,19
4803,57,12
4804,38,6
4805,0,3
4806,0,3
4807,51,11
4808,47,11
4809,0,3
4810,0,3
4811,92,15
4812,58,15
4813,0,3
4814,0,3
4815,59,13
4816,0,3
4817,0,3
4818,64,11
4819,79,11
4820,0,3
4821,77,12
4822,28,6
4823,0,3
4824,0,3
4825,154,22
4826,0,3
4827,0,3
4828,45,8
4829,8,4
4830,10,5
4831,0,3
4832,107,14
4833,50,12
4834,0,3
4835,0,3
4836,2,4
4837,122,17
4838,61,8
4839,96,12
4840,52,10
4841,58,7
4842,19,5
4843,0,3
4844,40,9
4845,156,17
4846,99,13
4847,17,6
4848,124,17
4849,49,10
4850,0,3
4851,22,7
4852,136,6
4853,0,3
4854,29,7
4855,94,10
4856,62,12
4857,143,18
4858,141,14
4859,52,8
4860,11,4
4861,0,3
4862,137,14
4863,87,11
4864,0,3
4865,92,12
4866,24,9
4867,49,9
4868,59,9
4869,0,3
4870,82,11
4871,100,12
4872,79,13
4873,113,12
4874,112,13
4875,83,18
4876,74,11
4877,31,6
4878,123,14
4879,21,5
4880,29,6
4881,104,13
4882,0,3
4883,0,3
4884,47,7
4885,111,13
4886,52,10
4887,92,7
4888,87,10
4889,0,3
4890,0,3
4891,54,12
4892,81,13
4893,0,3
4894,0,3
4895,175,18
4896,0,3
4897,30,8
4898,0,3
4899,44,9
4900,100,12
4901,0,3
4902,215,15
4903,93,15
4904,45,10
4905,124,13
4906,0,3
4907,35,7
4908,71,10
4909,139,11
4910,132,19
4911,52,12
4912,178,19
4913,113,16
4914,86,12
4915,155,23
4916,741,14
4917,53,5
4918,0,3
4919,201,19
4920,0,3
4921,48,9
4922,125,21
4923,123,12
4924,2,3
4925,56,12
4926,367,10
4927,0,3
4928,95,11
4929,180,19
4930,64,14
4931,42,9
4932,0,3
4933,106,12
4934,95,15
4935,0,3
4936,0,3
4937,116,13
4938,66,8
4939,0,3
4940,128,13
4941,163,18
4942,0,3
4943,119,21
4944,1,3
4945,100,18
4946,0,3
4947,26,6
4948,115,16
4949,82,10
4950,0,3
4951,85,16
4952,77,10
4953,0,3
4954,0,3
4955,72,7
4956,0,3
4957,47,10
4958,0,3
4959,86,10
4960,0,3
4961,167,16
4962,100,10
4963,46,9
4964,0,3
4965,69,9
4966,6,3
4967,56,11
4968,0,3
4969,94,11
4970,40,8
4971,0,3
4972,0,3
4973,1,3
4974,73,11
4975,49,11
4976,48,12
4977,0,3
4978,1,4
4979,60,12
4980,90,16
4981,67,11
4982,0,3
4983,0,3
4984,62,9
4985,0,3
4986,0,3
4987,71,11
4988,122,11
4989,67,10
4990,42,6
4991,50,13
4992,65,11
4993,0,3
4994,29,6
4995,113,16
4996,55,8
4997,91,15
4998,88,12
4999,93,12
5000,38,6
5001,151,14
5002,70,10
5003,120,13
5004,74,11
5005,31,7
5006,0,3
5007,151,15
5008,0,3
5009,0,3
5010,130,13
5011,0,3
5012,0,3
5013,83,11
5014,0,3
5015,6,5
5016,65,7
5017,44,11
5018,90,16
5019,128,17
5020,171,21
5021,49,11
5022,0,3
5023,78,15
5024,0,3
5025,0,3
5026,0,3
5027,108,13
5028,56,10
5029,0,3
5030,319,15
5031,0,3
5032,5,3
5033,80,13
5034,0,3
5035,93,13
5036,14,5
5037,98,16
5038,0,3
5039,160,19
5040,82,8
5041,0,3
5042,0,3
5043,564,6
5044,2,3
5045,143,7
5046,0,3
5047,120,16
5048,79,13
5049,80,9
5050,0,3
5051,88,14
5052,0,3
5053,91,12
5054,85,15
5055,39,8
5056,102,15
5057,43,7
5058,80,11
5059,60,10
5060,0,3
5061,0,3
5062,111,18
5063,99,13
5064,0,3
5065,0,3
5066,0,3
5067,81,15
5068,0,3
5069,0,3
5070,130,17
5071,0,3
5072,167,18
5073,79,14
5074,115,15
5075,0,3
5076,0,3
5077,20,8
5078,96,14
5079,0,3
5080,0,3
5081,0,3
5082,0,3
5083,0,3
5084,0,3
5085,0,3
5086,137,12
5087,0,3
5088,103,18
5089,0,3
5090,91,13
5091,0,3
5092,28,6
5093,0,3
5094,0,3
5095,82,13
5096,54,10
5097,0,3
5098,0,3
5099,131,14
5100,85,11
5101,114,12
5102,0,3
5103,149,16
5104,25,5
5105,199,17
5106,78,11
5107,0,3
5108,237,17
5109,0,3
5110,0,3
5111,36,9
5112,0,3
5113,65,11
5114,0,3
5115,83,15
5116,476,18
5117,0,3
5118,0,3
5119,0,3
5120,111,17
5121,141,13
5122,0,3
5123,82,16
5124,0,3
5125,74,10
5126,38,6
5127,47,8
5128,85,12
5129,0,3
5130,87,16
5131,78,10
5132,248,21
5133,0,3
5134,272,21
5135,29,6
5136,0,3
5137,132,15
5138,47,10
5139,0,3
5140,0,3
5141,0,3
5142,0,3
5143,178,21
5144,130,16
5145,0,3
5146,0,3
5147,57,9
5148,99,11
5149,0,3
5150,106,15
5151,0,3
5152,0,3
5153,0,3
5154,93,14
5155,0,3
5156,0,3
5157,94,13
5158,0,3
5159,62,10
5160,0,3
5161,0,3
5162,176,16
5163,7,4
5164,140,21
5165,0,3
5166,10,5
5167,62,11
5168,0,3
5169,86,15
5170,96,12
5171,152,16
5172,249,27
5173,0,3
5174,74,14
5175,196,18
5176,43,10
5177,130,19
5178,131,14
5179,87,13
5180,135,13
5181,110,10
5182,0,3
5183,102,15
5184,122,19
5185,0,3
5186,0,3
5187,0,3
5188,0,3
5189,39,11
5190,65,10
5191,92,14
5192,66,11
5193,11,5
5194,0,3
5195,0,3
5196,31,9
5197,13,4
5198,0,3
5199,427,22
5200,87,11
5201,83,14
5202,76,16
5203,0,3
5204,0,3
5205,141,19
5206,42,8
5207,187,16
5208,42,10
5209,0,3
5210,171,18
5211,63,11
5212,226,12
5213,77,12
5214,164,23
5215,101,16
5216,0,3
5217,57,8
5218,0,3
5219,0,3
5220,0,3
5221,0,3
5222,26,7
5223,0,3
5224,0,3
5225,252,13
5226,0,3
5227,68,9
5228,85,15
5229,120,17
5230,0,3
5231,193,12
5232,82,10
5233,76,11
5234,14,6
5235,274,21
5236,137,15
5237,50,8
5238,0,3
5239,109,14
5240,0,3
5241,0,3
5242,0,3
5243,0,3
5244,23,6
5245,3,4
5246,0,3
5247,174,21
5248,0,3
5249,86,14
5250,0,3
5251,43,8
5252,84,11
5253,90,14
5254,170,16
5255,0,3
5256,183,18
5257,90,11
5258,0,3
5259,108,13
5260,15,5
5261,99,15
5262,43,8
5263,100,14
5264,39,10
5265,99,11
5266,40,11
5267,0,3
5268,0,3
5269,91,15
5270,0,3
5271,20,5
5272,0,3
5273,67,13
5274,240,25
5275,0,3
5276,0,3
5277,79,14
5278,149,15
5279,7,4
5280,0,3
5281,0,3
5282,0,3
5283,0,3
5284,58,11
5285,45,11
5286,82,11
5287,0,3
5288,129,13
5289,202,20
5290,139,16
5291,0,3
5292,0,3
5293,16,5
5294,116,4
5295,82,10
5296,44,6
5297,62,10
5298,140,16
5299,136,23
5300,150,18
5301,0,3
5302,0,3
5303,0,3
5304,104,16
5305,0,3
5306,118,14
5307,114,14
5308,27,5
5309,0,3
5310,95,13
5311,78,15
5312,0,3
5313,94,11
5314,0,3
5315,35,5
5316,139,19
5317,114,16
5318,0,3
5319,0,3
5320,107,18
5321,101,8
5322,544,6
5323,322,22
5324,157,13
5325,0,3
5326,0,3
5327,0,3
5328,22,5
5329,0,3
5330,0,3
5331,0,3
5332,137,21
5333,0,3
5334,81,10
5335,0,3
5336,61,12
5337,0,3
5338,738,9
5339,74,12
5340,0,3
5341,110,13
5342,0,3
5343,101,10
5344,124,18
5345,520,17
5346,70,11
5347,95,16
5348,32,5
5349,16,5
5350,195,26
5351,0,3
5352,71,12
5353,110,5
5354,0,3
5355,34,7
5356,0,3
5357,58,7
5358,91,13
5359,0,3
5360,0,3
5361,0,3
5362,7,3
5363,0,3
5364,103,15
5365,145,20
5366,137,20
5367,0,3
5368,0,3
5369,0,3
5370,52,9
5371,55,9
5372,22,5
5373,0,3
5374,0,3
5375,49,9
5376,121,15
5377,48,9
5378,65,9
5379,98,11
5380,138,17
5381,139,17
5382,138,21
5383,0,3
5384,36,8
5385,92,15
5386,135,17
5387,58,12
5388,153,19
5389,85,12
5390,170,20
5391,177,19
5392,62,10
5393,153,17
5394,126,12
5395,0,3
5396,0,3
5397,0,3
5398,257,20
5399,0,3
5400,0,3
5401,0,3
5402,0,3
5403,112,13
5404,112,18
5405,0,3
5406,159,11
5407,0,3
5408,134,20
5409,103,17
5410,0,3
5411,37,8
5412,88,12
5413,94,12
5414,0,3
5415,0,3
5416,74,9
5417,126,16
5418,0,3
5419,86,11
5420,0,3
5421,129,15
5422,0,3
5423,1,3
5424,0,3
5425,34,8
5426,116,15
5427,0,3
5428,116,15
5429,0,3
5430,386,13
5431,307,20
5432,90,12
5433,0,3
5434,0,3
5435,91,6
5436,105,16
5437,161,16
5438,126,16
5439,0,3
5440,77,14
5441,112,16
5442,0,3
5443,0,3
5444,123,13
5445,16,5
5446,290,14
5447,73,13
5448,0,3
5449,96,12
5450,45,10
5451,58,8
5452,216,8
5453,0,3
5454,0,3
5455,0,3
5456,142,19
5457,85,13
5458,332,12
5459,0,3
5460,274,22
5461,0,3
5462,57,9
5463,0,3
5464,193,16
5465,33,6
5466,0,3
5467,109,12
5468,92,14
5469,17,5
5470,141,16
5471,184,15
5472,54,8
5473,88,16
5474,92,15
5475,103,14
5476,97,8
5477,157,21
5478,0,3
5479,119,11
5480,120,16
5481,81,12
5482,65,12
5483,169,16
5484,0,3
5485,51,7
5486,129,14
5487,0,3
5488,90,15
5489,0,3
5490,0,3
5491,64,11
5492,0,3
5493,142,11
5494,74,9
5495,0,3
5496,115,14
5497,0,3
5498,119,11
5499,47,12
5500,0,3
5501,104,18
5502,129,14
5503,65,13
5504,88,14
5505,0,3
5506,119,19
5507,0,3
5508,0,3
5509,104,15
5510,0,3
5511,0,3
5512,1000,4
5513,96,15
5514,0,3
5515,100,17
5516,302,12
5517,221,20
5518,194,20
5519,0,3
5520,243,13
5521,0,3
5522,240,12
5523,0,3
5524,0,3
5525,121,16
5526,8,5
5527,0,3
5528,59,15
5529,0,3
5530,0,3
5531,0,3
5532,0,3
5533,208,5
5534,69,10
5535,32,7
5536,58,10
5537,117,14
5538,34,7
5539,94,11
5540,90,10
5541,12,5
5542,87,13
5543,62,9
5544,107,15
5545,166,20
5546,52,9
5547,0,3
5548,0,3
5549,105,13
5550,240,11
5551,0,3
5552,65,11
5553,153,17
5554,0,3
5555,103,16
5556,0,3
5557,53,10
5558,337,26
5559,124,20
5560,0,3
5561,169,25
5562,0,3
5563,96,13
5564,0,3
5565,0,3
5566,277,19
5567,112,15
5568,0,3
5569,128,17
5570,5,3
5571,0,3
5572,138,17
5573,181,20
5574,0,3
5575,160,12
5576,103,16
5577,184,23
5578,232,17
5579,0,3
5580,183,22
5581,0,3
5582,53,11
5583,96,13
5584,81,13
5585,527,8
5586,126,14
5587,196,17
5588,0,3
5589,51,8
5590,0,3
5591,118,19
5592,97,17
5593,28,4
5594,0,3
5595,45,12
5596,0,3
5597,128,16
5598,102,9
5599,0,3
5600,0,3
5601,471,18
5602,241,17
5603,20,5
5604,0,3
5605,47,9
5606,8,4
5607,140,4
5608,111,16
5609,13,3
5610,194,23
5611,0,3
5612,118,19
5613,0,3
5614,0,3
5615,21,6
5616,139,18
5617,0,3
5618,11,4
5619,0,3
5620,0,3
5621,122,14
5622,0,3
5623,0,3
5624,260,18
5625,0,3
5626,0,3
5627,3,3
5628,89,9
5629,104,15
5630,0,3
5631,153,17
5632,190,25
5633,109,16
5634,0,3
5635,65,12
5636,187,18
5637,531,23
5638,161,17
5639,248,10
5640,54,9
5641,74,9
5642,77,11
5643,0,3
5644,171,18
5645,0,3
5646,0,3
5647,140,13
5648,0,3
5649,66,8
5650,42,8
5651,633,3
5652,74,9
5653,157,19
5654,69,13
5655,0,3
5656,0,3
5657,46,10
5658,0,3
5659,0,3
5660,11,4
5661,0,3
5662,0,3
5663,222,22
5664,0,3
5665,0,3
5666,124,17
5667,51,7
5668,155,19
5669,0,3
5670,0,3
5671,201,25
5672,0,3
5673,0,3
5674,159,19
5675,92,14
5676,0,3
5677,153,18
5678,0,3
5679,100,15
5680,248,29
5681,125,17
5682,0,3
5683,106,13
5684,0,3
5685,161,12
5686,64,14
5687,0,3
5688,688,20
5689,97,15
5690,142,17
5691,127,15
5692,31,8
5693,95,11
5694,340,7
5695,125,14
5696,0,3
5697,157,24
5698,149,11
5699,96,12
5700,147,13
5701,69,8
5702,129,16
5703,0,3
5704,124,22
5705,102,11
5706,1,3
5707,66,8
5708,60,11
5709,130,16
5710,101,14
5711,141,20
5712,70,8
5713,133,19
5714,30,7
5715,31,7
5716,119,17
5717,262,6
5718,0,3
5719,0,3
5720,149,17
5721,86,13
5722,92,13
5723,110,13
5724,163,19
5725,0,3
5726,0,3
5727,89,14
5728,112,14
5729,120,17
5730,0,3
5731,56,12
5732,0,3
5733,0,3
5734,90,11
5735,0,3
5736,0,3
5737,0,3
5738,158,25
5739,181,13
5740,0,3
5741,265,20
5742,0,3
5743,0,3
5744,0,3
5745,0,3
5746,0,3
5747,0,3
5748,158,22
5749,112,12
5750,129,20
5751,0,3
5752,0,3
5753,282,19
5754,171,11
5755,0,3
5756,139,15
5757,0,3
5758,78,11
5759,233,27
5760,92,16
5761,198,25
5762,195,15
5763,97,18
5764,0,3
5765,0,3
5766,135,21
5767,0,3
5768,0,3
5769,62,11
5770,230,24
5771,0,3
5772,0,3
5773,0,3
5774,0,3
5775,149,17
5776,348,21
5777,163,8
5778,0,3
5779,0,3
5780,62,12
5781,49,8
5782,83,13
5783,27,8
5784,188,19
5785,0,3
5786,0,3
5787,55,10
5788,0,3
5789,59,5
5790,160,17
5791,167,18
5792,297,17
5793,0,3
5794,139,13
5795,106,12
5796,41,8
5797,3,4
5798,39,8
5799,0,3
5800,61,8
5801,382,15
5802,31,8
5803,109,20
5804,221,29
5805,141,15
5806,0,3
5807,56,3
5808,106,15
5809,0,3
5810,141,15
5811,66,10
5812,194,24
5813,142,18
5814,215,32
5815,159,12
5816,0,3
5817,0,3
5818,0,3
5819,0,3
5820,50,6
5821,101,15
5822,0,3
5823,184,18
5824,131,7
5825,34,6
5826,0,3
5827,204,17
5828,129,18
5829,17,6
5830,0,3
5831,69,12
5832,1000,6
5833,129,21
5834,0,3
5835,110,15
5836,176,19
5837,0,3
5838,0,3
5839,168,22
5840,0,3
5841,1,3
5842,89,12
5843,441,5
5844,161,18
5845,118,13
5846,27,6
5847,0,3
5848,57,10
5849,149,15
5850,0,3
5851,2,4
5852,0,3
5853,105,16
5854,0,3
5855,0,3
5856,176,17
5857,0,3
5858,0,3
5859,0,3
5860,21,6
5861,0,3
5862,68,6
5863,232,12
5864,22,6
5865,61,10
5866,156,21
5867,198,9
5868,0,3
5869,103,14
5870,55,11
5871,0,3
5872,47,10
5873,79,13
5874,0,3
5875,0,3
5876,85,18
5877,62,8
5878,0,3
5879,55,10
5880,0,3
5881,0,3
5882,0,3
5883,83,14
5884,0,3
5885,0,3
5886,0,3
5887,34,6
5888,0,3
5889,243,17
5890,104,18
5891,0,3
5892,0,3
5893,47,9
5894,77,10
5895,144,18
5896,147,20
5897,11,4
5898,0,3
5899,166,21
5900,241,13
5901,65,8
5902,0,3
5903,0,3
5904,178,20
5905,0,3
5906,134,18
5907,295,20
5908,0,3
5909,429,21
5910,72,11
5911,0,3
5912,103,17
5913,169,17
5914,26,8
5915,0,3
5916,0,3
5917,495,16
5918,74,13
5919,191,21
5920,779,20
5921,0,3
5922,114,15
5923,81,16
5924,107,19
5925,134,19
5926,0,3
5927,0,3
5928,0,3
5929,0,3
5930,178,23
5931,0,3
5932,0,3
5933,189,19
5934,167,16
5935,182,25
5936,123,15
5937,81,10
5938,144,20
5939,0,3
5940,94,15
5941,61,13
5942,0,3
5943,126,21
5944,89,17
5945,0,3
5946,267,19
5947,162,18
5948,0,3
5949,176,6
5950,0,3
5951,156,21
5952,383,15
5953,114,20
5954,295,19
5955,32,6
5956,0,3
5957,162,20
5958,137,15
5959,0,3
5960,20,6
5961,127,18
5962,0,3
5963,41,8
5964,184,20
5965,0,3
5966,96,12
5967,192,16
5968,246,21
5969,238,22
5970,0,3
5971,0,3
5972,0,3
5973,0,3
5974,0,3
5975,0,3
5976,0,3
5977,70,8
5978,0,3
5979,168,22
5980,117,18
5981,273,11
5982,22,5
5983,0,3
5984,228,20
5985,35,5
5986,131,20
5987,190,17
5988,237,5
5989,0,3
5990,201,21
5991,66,12
5992,0,3
5993,97,16
5994,116,12
5995,162,17
5996,185,26
5997,333,21
5998,92,13
5999,38,6
6000,144,15
6001,132,16
6002,0,3
6003,176,28
6004,188,21
6005,55,11
6006,279,17
6007,155,19
6008,494,15
6009,8,5
6010,210,18
6011,0,3
6012,29,5
6013,54,11
6014,1000,3
6015,0,3
6016,121,16
6017,65,16
6018,0,3
6019,62,15
6020,0,3
6021,268,20
6022,27,7
6023,263,20
6024,0,3
6025,0,3
6026,114,14
6027,46,11
6028,154,21
6029,0,3
6030,85,17
6031,25,4
6032,125,18
6033,144,17
6034,86,15
6035,179,27
6036,0,3
6037,143,15
6038,211,23
6039,0,3
6040,0,3
6041,0,3
6042,0,3
6043,543,16
6044,0,3
6045,112,14
6046,0,3
6047,463,15
6048,145,20
6049,78,10
6050,0,3
6051,96,15
6052,0,3
6053,23,4
6054,123,16
6055,104,16
6056,0,3
6057,0,3
6058,94,9
6059,315,33
6060,192,24
6061,0,3
6062,135,18
6063,0,3
6064,0,3
6065,134,21
6066,216,24
6067,301,17
6068,109,15
6069,153,19
6070,0,3
6071,159,25
6072,201,19
6073,83,10
6074,71,9
6075,0,3
6076,187,22
6077,146,11
6078,183,17
6079,0,3
6080,1,3
6081,0,3
6082,92,12
6083,10,4
6084,0,3
6085,99,14
6086,0,3
6087,0,3
6088,0,3
6089,0,3
6090,107,12
6091,0,3
6092,50,8
6093,0,3
6094,0,3
6095,0,3
6096,0,3
6097,90,13
6098,26,5
6099,179,20
6100,68,14
6101,0,3
6102,119,24
6103,0,3
6104,0,3
6105,104,17
6106,0,3
6107,132,16
6108,0,3
6109,0,3
6110,119,11
6111,0,3
6112,145,19
6113,90,14
6114,116,15
6115,45,7
6116,168,23
6117,137,14
6118,0,3
6119,0,3
6120,205,18
6121,149,21
6122,7,4
6123,0,3
6124,0,3
6125,0,3
6126,160,18
6127,186,25
6128,137,17
6129,170,21
6130,2,3
6131,0,3
6132,185,25
6133,159,24
6134,0,3
6135,64,9
6136,0,3
6137,137,21
6138,0,3
6139,0,3
6140,146,22
6141,60,8
6142,1000,5
6143,0,3
6144,31,6
6145,86,15
6146,153,19
6147,0,3
6148,77,15
6149,423,13
6150,0,3
6151,57,8
6152,249,17
6153,0,3
6154,0,3
6155,56,12
6156,0,3
6157,91,15
6158,0,3
6159,0,3
6160,95,14
6161,492,14
6162,0,3
6163,131,23
6164,137,16
6165,44,10
6166,78,11
6167,218,18
6168,90,18
6169,74,9
6170,98,14
6171,173,16
6172,250,15
6173,0,3
6174,105,14
6175,252,24
6176,0,3
6177,166,19
6178,0,3
6179,58,9
6180,125,16
6181,168,20
6182,0,3
6183,124,18
6184,122,12
6185,320,12
6186,0,3
6187,0,3
6188,144,19
6189,0,3
6190,0,3
6191,478,25
6192,4,3
6193,215,22
6194,28,8
6195,138,14
6196,232,28
6197,220,21
6198,133,20
6199,168,26
6200,0,3
6201,0,3
6202,0,3
6203,17,6
6204,145,19
6205,244,24
6206,50,6
6207,93,15
6208,0,3
6209,128,16
6210,0,3
6211,0,3
6212,0,3
6213,129,13
6214,90,15
6215,66,12
6216,262,32
6217,168,19
6218,81,11
6219,536,16
6220,105,13
6221,0,3
6222,0,3
6223,720,20
6224,183,21
6225,0,3
6226,106,13
6227,63,14
6228,0,3
6229,135,19
6230,134,15
6231,67,15
6232,223,13
6233,0,3
6234,0,3
6235,33,7
6236,0,3
6237,131,16
6238,0,3
6239,145,21
6240,53,11
6241,142,17
6242,168,21
6243,160,18
6244,78,12
6245,140,20
6246,80,13
6247,0,3
6248,152,21
6249,0,3
6250,156,23
6251,783,17
6252,0,3
6253,108,12
6254,0,3
6255,141,23
6256,93,3
6257,208,24
6258,36,9
6259,0,3
6260,60,13
6261,52,10
6262,0,3
6263,0,3
6264,175,26
6265,101,17
6266,0,3
6267,117,5
6268,0,3
6269,189,23
6270,58,9
6271,0,3
6272,0,3
6273,52,10
6274,68,10
6275,185,15
6276,209,14
6277,0,3
6278,0,3
6279,80,14
6280,0,3
6281,41,6
6282,0,3
6283,134,16
6284,193,21
6285,98,14
6286,126,22
6287,0,3
6288,0,3
6289,0,3
6290,301,21
6291,82,14
6292,0,3
6293,128,14
6294,294,26
6295,286,33
6296,192,25
6297,271,28
6298,0,3
6299,80,15
6300,132,21
6301,63,13
6302,0,3
6303,183,23
6304,827,22
6305,0,3
6306,80,11
6307,0,3
6308,0,3
6309,112,16
6310,0,3
6311,0,3
6312,0,3
6313,39,7
6314,4,4
6315,0,3
6316,40,8
6317,0,3
6318,0,3
6319,565,18
6320,0,3
6321,0,3
6322,0,3
6323,220,25
6324,91,14
6325,80,15
6326,361,5
6327,0,3
6328,118,20
6329,135,18
6330,158,8
6331,0,3
6332,399,18
6333,0,3
6334,0,3
6335,35,9
6336,91,11
6337,85,12
6338,86,16
6339,93,19
6340,0,3
6341,0,3
6342,135,16
6343,0,3
6344,90,14
6345,259,24
6346,256,25
6347,157,23
6348,553,6
6349,107,17
6350,0,3
6351,0,3
6352,0,3
6353,191,25
6354,30,9
6355,170,16
6356,0,3
6357,16,4
6358,394,11
6359,136,18
6360,130,21
6361,0,3
6362,0,3
6363,140,22
6364,0,3
6365,0,3
6366,224,27
6367,0,3
6368,0,3
6369,150,22
6370,0,3
6371,337,21
6372,0,3
6373,65,9
6374,24,6
6375,124,20
6376,0,3
6377,264,16
6378,175,21
6379,130,17
6380,1,3
6381,174,25
6382,105,12
6383,0,3
6384,0,3
6385,0,3
6386,136,17
6387,35,6
6388,171,25
6389,0,3
6390,67,12
6391,134,17
6392,125,13
6393,0,3
6394,81,12
6395,321,24
6396,220,20
6397,0,3
6398,0,3
6399,107,15
6400,128,22
6401,184,17
6402,102,13
6403,143,20
6404,0,3
6405,101,18
6406,125,13
6407,165,24
6408,39,9
6409,468,17
6410,0,3
6411,97,12
6412,26,8
6413,319,18
6414,236,20
6415,0,3
6416,5,3
6417,47,5
6418,106,20
6419,0,3
6420,69,10
6421,0,3
6422,322,27
6423,0,3
6424,79,10
6425,199,30
6426,138,22
6427,48,10
6428,155,18
6429,232,25
6430,126,19
6431,195,26
6432,231,12
6433,224,28
6434,28,7
6435,61,10
6436,91,14
6437,0,3
6438,212,24
6439,0,3
6440,55,11
6441,69,13
6442,0,3
6443,0,3
6444,112,14
6445,0,3
6446,616,17
6447,153,20
6448,0,3
6449,184,26
6450,0,3
6451,187,19
6452,220,26
6453,0,3
6454,96,15
6455,264,29
6456,0,3
6457,82,15
6458,0,3
6459,686,19
6460,0,3
6461,0,3
6462,98,17
6463,174,17
6464,0,3
6465,0,3
6466,57,12
6467,0,3
6468,157,19
6469,145,5
6470,165,17
6471,105,11
6472,235,30
6473,146,16
6474,2,3
6475,95,16
6476,0,3
6477,0,3
6478,206,19
6479,267,25
6480,0,3
6481,33,7
6482,0,3
6483,0,3
6484,514,16
6485,54,9
6486,22,5
6487,0,3
6488,137,15
6489,530,25
6490,166,15
6491,224,21
6492,0,3
6493,41,7
6494,38,7
6495,0,3
6496,268,30
6497,0,3
6498,0,3
6499,0,3
6500,216,24
6501,0,3
6502,107,18
6503,0,3
6504,0,3
6505,145,18
6506,151,25
6507,361,10
6508,329,28
6509,139,18
6510,102,8
6511,65,12
6512,107,14
6513,27,7
6514,0,3
6515,25,7
6516,115,20
6517,181,16
6518,0,3
6519,77,12
6520,220,34
6521,0,3
6522,69,17
6523,0,3
6524,0,3
6525,0,3
6526,0,3
6527,183,16
6528,0,3
6529,51,10
6530,0,3
6531,112,15
6532,1,3
6533,0,3
6534,0,3
6535,0,3
6536,496,24
6537,183,26
6538,202,29
6539,0,3
6540,0,3
6541,117,18
6542,16,6
6543,0,3
6544,132,14
6545,205,27
6546,180,23
6547,100,15
6548,193,21
6549,57,9
6550,103,14
6551,0,3
6552,192,19
6553,147,23
6554,136,21
6555,177,19
6556,186,26
6557,135,13
6558,135,19
6559,48,11
6560,109,17
6561,0,3
6562,101,17
6563,147,20
6564,0,3
6565,0,3
6566,0,3
6567,176,27
6568,122,18
6569,0,3
6570,0,3
6571,756,15
6572,0,3
6573,178,18
6574,178,21
6575,14,4
6576,170,20
6577,0,3
6578,204,21
6579,0,3
6580,233,24
6581,99,17
6582,227,28
6583,168,19
6584,150,24
6585,0,3
6586,19,5
6587,56,11
6588,0,3
6589,251,15
6590,182,23
6591,152,14
6592,20,7
6593,198,22
6594,128,17
6595,108,18
6596,52,8
6597,11,4
6598,172,30
6599,44,10
6600,201,26
6601,150,20
6602,0,3
6603,38,7
6604,192,22
6605,238,27
6606,222,29
6607,94,12
6608,269,30
6609,70,12
6610,0,3
6611,191,22
6612,121,11
6613,141,19
6614,173,18
6615,68,10
6616,0,3
6617,0,3
6618,207,25
6619,0,3
6620,88,12
6621,209,23
6622,0,3
6623,0,3
6624,102,16
6625,0,3
6626,674,17
6627,164,18
6628,102,15
6629,0,3
6630,179,19
6631,0,3
6632,755,20
6633,0,3
6634,224,26
6635,112,18
6636,0,3
6637,0,3
6638,0,3
6639,455,16
6640,0,3
6641,0,3
6642,110,18
6643,134,19
6644,285,37
6645,133,14
6646,0,3
6647,0,3
6648,151,16
6649,245,24
6650,136,24
6651,0,3
6652,0,3
6653,17,7
6654,57,7
6655,68,11
6656,203,30
6657,52,11
6658,0,3
6659,158,19
6660,61,9
6661,0,3
6662,147,23
6663,960,29
6664,212,27
6665,151,19
6666,91,14
6667,0,3
6668,198,22
6669,70,12
6670,80,15
6671,308,30
6672,26,7
6673,0,3
6674,195,9
6675,0,3
6676,0,3
6677,165,17
6678,0,3
6679,57,12
6680,82,14
6681,70,10
6682,186,23
6683,78,14
6684,643,14
6685,0,3
6686,69,12
6687,78,6
6688,162,23
6689,0,3
6690,82,13
6691,146,24
6692,135,25
6693,0,3
6694,0,3
6695,178,22
6696,0,3
6697,0,3
6698,123,17
6699,251,22
6700,195,20
6701,0,3
6702,0,3
6703,0,3
6704,185,21
6705,0,3
6706,162,17
6707,218,24
6708,257,28
6709,0,3
6710,0,3
6711,123,15
6712,229,31
6713,0,3
6714,161,21
6715,104,13
6716,113,15
6717,0,3
6718,44,5
6719,344,17
6720,172,19
6721,20,6
6722,315,14
6723,198,21
6724,199,24
6725,1000,5
6726,126,22
6727,0,3
6728,0,3
6729,0,3
6730,0,3
6731,0,3
6732,609,24
6733,0,3
6734,139,12
6735,59,10
6736,5,3
6737,38,6
6738,1,3
6739,258,29
6740,95,16
6741,41,8
6742,197,23
6743,185,19
6744,201,27
6745,0,3
6746,0,3
6747,91,13
6748,0,3
6749,349,5
6750,271,29
6751,110,17
6752,255,22
6753,0,3
6754,62,9
6755,159,19
6756,0,3
6757,322,18
6758,153,25
6759,325,17
6760,270,31
6761,6,4
6762,0,3
6763,1,3
6764,159,17
6765,0,3
6766,313,36
6767,0,3
6768,259,26
6769,108,14
6770,213,26
6771,0,3
6772,218,20
6773,77,9
6774,46,9
6775,0,3
6776,556,13
6777,134,17
6778,61,10
6779,0,3
6780,0,3
6781,0,3
6782,0,3
6783,176,18
6784,0,3
6785,385,15
6786,0,3
6787,325,4
6788,0,3
6789,48,9
6790,0,3
6791,0,3
6792,243,33
6793,150,16
6794,45,6
6795,167,18
6796,0,3
6797,104,15
6798,0,3
6799,238,32
6800,5,3
6801,271,30
6802,0,3
6803,280,33
6804,0,3
6805,0,3
6806,0,3
6807,0,3
6808,79,7
6809,192,23
6810,119,17
6811,0,3
6812,283,17
6813,399,7
6814,225,27
6815,82,14
6816,243,26
6817,0,3
6818,281,31
6819,175,20
6820,42,11
6821,577,14
6822,0,3
6823,166,17
6824,0,3
6825,0,3
6826,261,13
6827,158,27
6828,212,22
6829,53,6
6830,0,3
6831,0,3
6832,5,3
6833,0,3
6834,0,3
6835,0,3
6836,0,3
6837,0,3
6838,0,3
6839,254,22
6840,179,26
6841,151,19
6842,242,26
6843,218,24
6844,67,8
6845,286,31
6846,141,21
6847,114,19
6848,116,18
6849,156,22
6850,0,3
6851,0,3
6852,262,12
6853,0,3
6854,249,25
6855,0,3
6856,317,21
6857,32,4
6858,217,28
6859,169,23
6860,0,3
6861,0,3
6862,250,25
6863,414,15
6864,0,3
6865,0,3
6866,137,19
6867,125,18
6868,166,18
6869,254,24
6870,0,3
6871,189,26
6872,0,3
6873,94,16
6874,309,26
6875,0,3
6876,177,15
6877,155,20
6878,0,3
6879,192,26
6880,0,3
6881,111,14
6882,137,15
6883,105,18
6884,0,3
6885,0,3
6886,100,17
6887,140,20
6888,52,9
6889,0,3
6890,57,10
6891,0,3
6892,174,22
6893,0,3
6894,0,3
6895,756,18
6896,124,17
6897,492,21
6898,77,12
6899,172,22
6900,0,3
6901,0,3
6902,0,3
6903,0,3
6904,173,23
6905,130,20
6906,47,8
6907,0,3
6908,0,3
6909,99,14
6910,93,13
6911,143,21
6912,34,9
6913,0,3
6914,0,3
6915,184,25
6916,0,3
6917,0,3
6918,198,19
6919,975,20
6920,296,31
6921,419,5
6922,213,23
6923,125,18
6924,339,25
6925,0,3
6926,0,3
6927,194,22
6928,272,33
6929,225,33
6930,157,14
6931,0,3
6932,177,23
6933,1000,4
6934,0,3
6935,249,30
6936,0,3
6937,0,3
6938,153,26
6939,0,3
6940,188,24
6941,0,3
6942,0,3
6943,85,14
6944,290,23
6945,94,15
6946,257,26
6947,285,35
6948,112,16
6949,0,3
6950,0,3
6951,625,20
6952,220,20
6953,20,4
6954,174,25
6955,168,17
6956,97,19
6957,703,21
6958,0,3
6959,71,13
6960,84,13
6961,941,24
6962,169,24
6963,104,19
6964,0,3
6965,0,3
6966,168,22
6967,162,14
6968,78,13
6969,88,16
6970,0,3
6971,277,35
6972,282,31
6973,24,5
6974,40,8
6975,144,17
6976,0,3
6977,50,6
6978,182,23
6979,151,22
6980,200,20
6981,0,3
6982,60,10
6983,0,3
6984,213,28
6985,113,19
6986,466,14
6987,267,17
6988,283,26
6989,160,18
6990,161,22
6991,0,3
6992,325,25
6993,6,4
6994,0,3
6995,241,23
6996,123,19
6997,0,3
6998,84,10
6999,0,3
7000,253,26
7001,232,29
7002,30,8
7003,116,14
7004,0,3
7005,177,26
7006,78,12
7007,0,3
7008,195,14
7009,276,33
7010,231,29
7011,866,15
7012,493,24
7013,111,19
7014,0,3
7015,70,8
7016,91,12
7017,269,29
7018,155,19
7019,0,3
7020,42,10
7021,74,12
7022,0,3
7023,0,3
7024,197,25
7025,0,3
7026,24,6
7027,163,23
7028,0,3
7029,201,24
7030,143,17
7031,62,14
7032,61,13
7033,91,15
7034,220,26
7035,54,10
7036,0,3
7037,127,13
7038,0,3
7039,0,3
7040,112,18
7041,0,3
7042,183,24
7043,173,16
7044,467,7
7045,152,17
7046,0,3
7047,378,18
7048,0,3
7049,133,20
7050,223,24
7051,0,3
7052,119,17
7053,149,17
7054,134,16
7055,41,8
7056,0,3
7057,0,3
7058,0,3
7059,230,23
7060,0,3
7061,0,3
7062,160,22
7063,154,18
7064,174,26
7065,120,13
7066,110,21
7067,158,21
7068,0,3
7069,271,25
7070,0,3
7071,138,16
7072,0,3
7073,0,3
7074,0,3
7075,0,3
7076,0,3
7077,193,25
7078,176,17
7079,0,3
7080,76,12
7081,217,22
7082,195,19
7083,0,3
7084,89,13
7085,0,3
7086,0,3
7087,361,37
7088,177,26
7089,225,27
7090,145,22
7091,0,3
7092,0,3
7093,0,3
7094,0,3
7095,103,15
7096,539,16
7097,0,3
7098,98,13
7099,225,22
7100,130,14
7101,0,3
7102,366,32
7103,0,3
7104,0,3
7105,69,10
7106,77,13
7107,162,21
7108,127,22
7109,106,14
7110,0,3
7111,227,20
7112,0,3
7113,0,3
7114,1000,5
7115,0,3
7116,0,3
7117,215,25
7118,268,25
7119,0,3
7120,226,25
7121,149,16
7122,0,3
7123,0,3
7124,20,7
7125,285,31
7126,0,3
7127,1000,8
7128,158,20
7129,217,26
7130,19,7
7131,153,20
7132,178,21
7133,187,24
7134,230,6
7135,147,19
7136,120,15
7137,0,3
7138,161,20
7139,99,11
7140,193,23
7141,0,3
7142,0,3
7143,213,31
7144,0,3
7145,203,18
7146,195,22
7147,0,3
7148,274,27
7149,13,4
7150,75,12
7151,0,3
7152,235,28
7153,147,17
7154,363,13
7155,63,10
7156,180,21
7157,207,22
7158,0,3
7159,0,3
7160,0,3
7161,180,23
7162,0,3
7163,222,31
7164,144,14
7165,377,34
7166,263,26
7167,0,3
7168,0,3
7169,0,3
7170,0,3
7171,219,28
7172,0,3
7173,0,3
7174,117,14
7175,0,3
7176,130,16
7177,0,3
7178,19,6
7179,0,3
7180,0,3
7181,155,19
7182,223,29
7183,216,25
7184,294,31
7185,82,10
7186,0,3
7187,0,3
7188,0,3
7189,8,5
7190,213,25
7191,172,24
7192,76,13
7193,44,7
7194,0,3
7195,226,28
7196,167,21
7197,159,18
7198,87,19
7199,221,15
7200,0,3
7201,267,23
7202,57,11
7203,200,19
7204,0,3
7205,70,11
7206,141,15
7207,142,19
7208,119,17
7209,0,3
7210,116,20
7211,126,19
7212,0,3
7213,0,3
7214,49,7
7215,0,3
7216,200,21
7217,0,3
7218,0,3
7219,223,27
7220,0,3
7221,142,20
7222,133,21
7223,0,3
7224,0,3
7225,75,11
7226,114,15
7227,127,16
7228,107,14
7229,403,19
7230,219,28
7231,210,22
7232,0,3
7233,96,14
7234,0,3
7235,0,3
7236,0,3
7237,0,3
7238,126,18
7239,5,4
7240,0,3
7241,140,18
7242,205,25
7243,227,31
7244,0,3
7245,120,17
7246,118,24
7247,0,3
7248,99,18
7249,0,3
7250,87,16
7251,0,3
7252,115,18
7253,179,21
7254,94,10
7255,0,3
7256,0,3
7257,79,14
7258,1000,4
7259,0,3
7260,121,17
7261,0,3
7262,0,3
7263,277,11
7264,0,3
7265,103,14
7266,387,19
7267,159,22
7268,204,25
7269,0,3
7270,209,24
7271,160,17
7272,137,19
7273,326,14
7274,88,11
7275,20,4
7276,133,19
7277,214,25
7278,0,3
7279,0,3
7280,0,3
7281,247,28
7282,136,17
7283,131,21
7284,0,3
7285,0,3
7286,181,24
7287,244,25
7288,108,10
7289,134,18
7290,250,22
7291,188,22
7292,0,3
7293,184,24
7294,80,13
7295,118,18
7296,162,24
7297,124,19
7298,549,20
7299,181,20
7300,0,3
7301,90,18
7302,238,29
7303,64,13
7304,186,20
7305,141,20
7306,0,3
7307,118,18
7308,0,3
7309,0,3
7310,0,3
7311,49,8
7312,153,21
7313,147,16
7314,181,18
7315,0,3
7316,158,23
7317,235,25
7318,0,3
7319,0,3
7320,545,25
7321,0,3
7322,128,21
7323,0,3
7324,167,22
7325,100,13
7326,0,3
7327,195,25
7328,0,3
7329,125,19
7330,0,3
7331,130,14
7332,131,18
7333,0,3
7334,155,19
7335,0,3
7336,0,3
7337,68,12
7338,134,17
7339,0,3
7340,0,3
7341,395,7
7342,0,3
7343,187,32
7344,351,21
7345,211,24
7346,111,17
7347,112,16
7348,173,24
7349,0,3
7350,22,6
7351,0,3
7352,171,19
7353,169,25
7354,0,3
7355,147,24
7356,114,17
7357,0,3
7358,167,24
7359,161,19
7360,171,22
7361,124,18
7362,89,15
7363,0,3
7364,0,3
7365,778,29
7366,100,16
7367,216,28
7368,182,23
7369,787,33
7370,193,24
7371,111,21
7372,0,3
7373,0,3
7374,0,3
7375,18,6
7376,0,3
7377,94,12
7378,132,17
7379,221,22
7380,432,24
7381,2,3
7382,0,3
7383,303,30
7384,0,3
7385,0,3
7386,347,33
7387,45,11
7388,111,14
7389,237,28
7390,0,3
7391,212,21
7392,0,3
7393,221,27
7394,16,5
7395,0,3
7396,42,6
7397,0,3
7398,0,3
7399,147,17
7400,83,13
7401,111,17
7402,257,29
7403,0,3
7404,114,15
7405,210,27
7406,150,20
7407,0,3
7408,0,3
7409,0,3
7410,80,12
7411,132,14
7412,205,27
7413,605,29
7414,0,3
7415,0,3
7416,1000,10
7417,0,3
7418,276,20
7419,152,20
7420,68,10
7421,99,14
7422,0,3
7423,205,27
7424,75,16
7425,158,16
7426,0,3
7427,0,3
7428,372,22
7429,0,3
7430,83,12
7431,0,3
7432,255,29
7433,0,3
7434,131,18
7435,181,23
7436,124,17
7437,224,22
7438,200,28
7439,0,3
7440,0,3
7441,0,3
7442,169,21
7443,100,11
7444,171,16
7445,0,3
7446,36,8
7447,87,15
7448,90,15
7449,80,15
7450,184,28
7451,126,20
7452,70,14
7453,89,12
7454,0,3
7455,182,23
7456,0,3
7457,0,3
7458,0,3
7459,163,18
7460,0,3
7461,194,26
7462,33,8
7463,165,23
7464,161,23
7465,165,22
7466,237,26
7467,299,35
7468,0,3
7469,0,3
7470,0,3
7471,128,14
7472,197,23
7473,0,3
7474,0,3
7475,181,20
7476,0,3
7477,84,14
7478,0,3
7479,409,21
7480,174,22
7481,10,4
7482,265,37
7483,119,15
7484,0,3
7485,160,23
7486,152,20
7487,181,19
7488,180,19
7489,175,16
7490,213,26
7491,154,20
7492,0,3
7493,191,22
7494,105,7
7495,20,5
7496,170,22
7497,0,3
7498,213,23
7499,154,23
7500,0,3
7501,0,3
7502,0,3
7503,228,28
7504,0,3
7505,165,14
7506,141,22
7507,199,21
7508,145,19
7509,529,21
7510,212,22
7511,248,24
7512,127,19
7513,88,13
7514,220,23
7515,939,20
7516,171,19
7517,160,23
7518,226,30
7519,479,18
7520,0,3
7521,0,3
7522,162,24
7523,100,13
7524,454,17
7525,0,3
7526,0,3
7527,0,3
7528,265,29
7529,312,44
7530,76,10
7531,0,3
7532,0,3
7533,80,14
7534,127,23
7535,495,28
7536,89,18
7537,115,14
7538,0,3
7539,166,19
7540,445,12
7541,0,3
7542,138,21
7543,0,3
7544,0,3
7545,0,3
7546,49,11
7547,166,25
7548,0,3
7549,0,3
7550,128,20
7551,139,15
7552,0,3
7553,0,3
7554,150,17
7555,0,3
7556,0,3
7557,115,18
7558,132,20
7559,25,7
7560,191,29
7561,6,4
7562,54,7
7563,63,9
7564,103,12
7565,146,17
7566,59,13
7567,185,27
7568,0,3
7569,200,25
7570,200,20
7571,0,3
7572,130,19
7573,196,19
7574,185,21
7575,0,3
7576,162,22
7577,327,13
7578,182,25
7579,153,13
7580,80,15
7581,229,24
7582,236,28
7583,133,12
7584,144,20
7585,65,10
7586,0,3
7587,124,17
7588,0,3
7589,0,3
7590,9,5
7591,148,14
7592,0,3
7593,116,18
7594,184,19
7595,193,19
7596,0,3
7597,128,20
7598,2,3
7599,167,26
7600,0,3
7601,0,3
7602,136,13
7603,189,27
7604,0,3
7605,185,24
7606,0,3
7607,87,14
7608,125,23
7609,0,3
7610,0,3
7611,127,16
7612,164,18
7613,143,17
7614,0,3
7615,291,32
7616,200,28
7617,244,16
7618,0,3
7619,146,24
7620,162,24
7621,0,3
7622,0,3
7623,204,24
7624,153,17
7625,380,22
7626,74,13
7627,206,26
7628,0,3
7629,143,20
7630,926,16
7631,93,14
7632,204,27
7633,258,28
7634,0,3
7635,348,32
7636,9,4
7637,0,3
7638,442,10
7639,0,3
7640,245,30
7641,0,3
7642,285,29
7643,272,23
7644,116,17
7645,15,5
7646,0,3
7647,198,19
7648,216,22
7649,1000,3
7650,221,22
7651,879,20
7652,0,3
7653,179,18
7654,169,22
7655,131,24
7656,597,7
7657,201,27
7658,0,3
7659,103,12
7660,215,21
7661,117,20
7662,149,22
7663,0,3
7664,107,19
7665,131,17
7666,0,3
7667,306,32
7668,219,25
7669,0,3
7670,0,3
7671,564,20
7672,0,3
7673,154,22
7674,0,3
7675,0,3
7676,0,3
7677,218,26
7678,0,3
7679,224,25
7680,144,11
7681,221,29
7682,182,30
7683,0,3
7684,93,16
7685,104,18
7686,147,15
7687,157,17
7688,112,16
7689,783,23
7690,0,3
7691,0,3
7692,0,3
7693,0,3
7694,0,3
7695,0,3
7696,0,3
7697,0,3
7698,127,17
7699,102,6
7700,0,3
7701,193,30
7702,0,3
7703,381,28
7704,266,22
7705,126,18
7706,181,18
7707,0,3
7708,246,23
7709,0,3
7710,0,3
7711,284,26
7712,0,3
7713,154,17
7714,0,3
7715,259,29
7716,220,23
7717,0,3
7718,0,3
7719,30,5
7720,0,3
7721,87,12
7722,174,17
7723,202,22
7724,148,16
7725,283,32
7726,0,3
7727,0,3
7728,239,15
7729,185,28
7730,235,26
7731,129,15
7732,455,20
7733,0,3
7734,221,24
7735,165,22
7736,574,18
7737,0,3
7738,270,5
7739,153,22
7740,88,17
7741,217,24
7742,116,16
7743,0,3
7744,365,22
7745,0,3
7746,0,3
7747,0,3
7748,170,22
7749,125,16
7750,148,21
7751,190,22
7752,158,15
7753,0,3
7754,100,19
7755,428,29
7756,243,26
7757,328,29
7758,203,25
7759,102,9
7760,882,22
7761,286,27
7762,165,24
7763,173,19
7764,0,3
7765,160,21
7766,215,22
7767,0,3
7768,430,28
7769,0,3
7770,0,3
7771,114,15
7772,0,3
7773,148,18
7774,51,7
7775,0,3
7776,175,21
7777,226,28
7778,234,27
7779,0,3
7780,17,4
7781,158,24
7782,0,3
7783,283,29
7784,0,3
7785,224,30
7786,226,20
7787,184,24
7788,0,3
7789,145,20
7790,0,3
7791,0,3
7792,0,3
7793,0,3
7794,225,20
7795,0,3
7796,0,3
7797,747,28
7798,0,3
7799,1000,5
7800,126,20
7801,0,3
7802,112,14
7803,0,3
7804,226,24
7805,202,17
7806,0,3
7807,0,3
7808,0,3
7809,309,21
7810,186,24
7811,0,3
7812,132,16
7813,101,13
7814,0,3
7815,52,12
7816,301,11
7817,167,23
7818,168,22
7819,293,30
7820,170,20
7821,316,23
7822,0,3
7823,240,22
7824,164,15
7825,0,3
7826,267,31
7827,82,15
7828,0,3
7829,0,3
7830,661,32
7831,0,3
7832,27,6
7833,82,15
7834,171,17
7835,36,6
7836,0,3
7837,94,12
7838,192,29
7839,513,31
7840,129,13
7841,0,3
7842,148,22
7843,154,17
7844,0,3
7845,0,3
7846,0,3
7847,202,21
7848,152,27
7849,149,22
7850,169,22
7851,260,29
7852,0,3
7853,0,3
7854,207,23
7855,218,27
7856,154,24
7857,967,24
7858,0,3
7859,335,29
7860,0,3
7861,143,20
7862,163,25
7863,293,27
7864,223,20
7865,504,15
7866,189,25
7867,278,31
7868,0,3
7869,76,14
7870,0,3
7871,132,26
7872,0,3
7873,154,22
7874,393,31
7875,0,3
7876,167,20
7877,293,20
7878,0,3
7879,38,9
7880,225,18
7881,0,3
7882,170,24
7883,107,17
7884,951,24
7885,108,11
7886,552,25
7887,308,42
7888,153,19
7889,62,12
7890,127,18
7891,0,3
7892,197,26
7893,0,3
7894,0,3
7895,0,3
7896,0,3
7897,0,3
7898,0,3
7899,175,23
7900,529,23
7901,0,3
7902,0,3
7903,323,8
7904,182,20
7905,186,15
7906,319,29
7907,0,3
7908,439,20
7909,0,3
7910,0,3
7911,454,16
7912,118,15
7913,0,3
7914,0,3
7915,0,3
7916,176,18
7917,0,3
7918,67,8
7919,0,3
7920,265,28
7921,191,27
7922,0,3
7923,0,3
7924,271,25
7925,175,23
7926,0,3
7927,280,34
7928,0,3
7929,188,23
7930,0,3
7931,234,7
7932,399,18
7933,191,20
7934,0,3
7935,0,3
7936,0,3
7937,26,6
7938,101,16
7939,216,23
7940,0,3
7941,0,3
7942,0,3
7943,101,15
7944,66,11
7945,66,11
7946,202,21
7947,470,31
7948,138,18
7949,945,28
7950,206,27
7951,55,11
7952,265,32
7953,249,4
7954,901,22
7955,137,15
7956,67,14
7957,0,3
7958,0,3
7959,203,24
7960,190,20
7961,0,3
7962,686,14
7963,161,22
7964,364,18
7965,0,3
7966,0,3
7967,102,19
7968,8,5
7969,65,12
7970,152,21
7971,0,3
7972,0,3
7973,133,16
7974,0,3
7975,0,3
7976,187,24
7977,178,24
7978,0,3
7979,159,20
7980,0,3
7981,0,3
7982,246,33
7983,13,3
7984,0,3
7985,132,14
7986,240,29
7987,155,17
7988,149,23
7989,163,23
7990,0,3
7991,0,3
7992,0,3
7993,196,24
7994,0,3
7995,0,3
7996,216,27
7997,76,11
7998,114,15
7999,123,22
8000,11,5
8001,163,21
8002,0,3
8003,189,22
8004,16,5
8005,0,3
8006,99,14
8007,136,22
8008,0,3
8009,229,25
8010,47,10
8011,0,3
8012,79,11
8013,44,8
8014,66,15
8015,138,22
8016,149,19
8017,0,3
8018,127,17
8019,14,4
8020,526,22
8021,0,3
8022,0,3
8023,0,3
8024,123,19
8025,177,21
8026,321,29
8027,146,23
8028,219,24
8029,340,25
8030,0,3
8031,286,36
8032,285,34
8033,184,20
8034,242,35
8035,0,3
8036,239,28
8037,238,28
8038,154,20
8039,0,3
8040,148,24
8041,526,18
8042,0,3
8043,169,20
8044,0,3
8045,545,22
8046,161,24
8047,0,3
8048,0,3
8049,383,33
8050,202,28
8051,344,24
8052,78,14
8053,704,30
8054,161,18
8055,232,23
8056,233,26
8057,0,3
8058,601,19
8059,235,25
8060,372,20
8061,0,3
8062,186,21
8063,0,3
8064,47,11
8065,200,26
8066,126,22
8067,62,7
8068,0,3
8069,56,12
8070,0,3
8071,31,6
8072,0,3
8073,284,24
8074,861,28
8075,870,24
8076,87,13
8077,162,25
8078,39,11
8079,0,3
8080,0,3
8081,101,20
8082,0,3
8083,615,30
8084,112,15
8085,722,33
8086,0,3
8087,0,3
8088,0,3
8089,212,15
8090,0,3
8091,0,3
8092,323,28
8093,0,3
8094,98,13
8095,165,22
8096,200,24
8097,0,3
8098,121,11
8099,0,3
8100,148,21
8101,0,3
8102,215,25
8103,328,36
8104,85,14
8105,309,23
8106,164,24
8107,257,26
8108,225,31
8109,0,3
8110,0,3
8111,482,25
8112,148,21
8113,184,26
8114,0,3
8115,174,26
8116,0,3
8117,0,3
8118,407,23
8119,0,3
8120,0,3
8121,164,21
8122,8,5
8123,72,11
8124,838,6
8125,146,6
8126,1000,6
8127,254,33
8128,296,22
8129,140,18
8130,237,28
8131,263,25
8132,220,24
8133,0,3
8134,130,21
8135,151,15
8136,247,31
8137,123,15
8138,0,3
8139,0,3
8140,98,14
8141,316,24
8142,136,19
8143,0,3
8144,223,31
8145,0,3
8146,229,25
8147,134,18
8148,157,17
8149,475,27
8150,0,3
8151,195,16
8152,260,13
8153,0,3
8154,0,3
8155,625,21
8156,281,27
8157,174,16
8158,170,25
8159,176,25
8160,426,21
8161,265,28
8162,390,7
8163,0,3
8164,0,3
8165,0,3
8166,426,21
8167,0,3
8168,325,33
8169,190,21
8170,0,3
8171,0,3
8172,170,21
8173,0,3
8174,230,25
8175,319,24
8176,58,11
8177,0,3
8178,0,3
8179,0,3
8180,0,3
8181,0,3
8182,0,3
8183,0,3
8184,217,25
8185,683,18
8186,0,3
8187,484,33
8188,0,3
8189,186,22
8190,387,27
8191,186,22
8192,152,19
8193,0,3
8194,0,3
8195,290,31
8196,296,33
8197,0,3
8198,457,18
8199,0,3
8200,247,26
8201,0,3
8202,0,3
8203,0,3
8204,112,20
8205,248,22
8206,63,12
8207,0,3
8208,0,3
8209,165,24
8210,421,24
8211,170,17
8212,108,16
8213,160,25
8214,0,3
8215,0,3
8216,208,20
8217,288,12
8218,445,13
8219,239,23
8220,125,15
8221,199,23
8222,0,3
8223,0,3
8224,100,16
8225,269,24
8226,137,19
8227,0,3
8228,177,25
8229,0,3
8230,165,25
8231,0,3
8232,196,23
8233,215,20
8234,125,21
8235,168,17
8236,0,3
8237,27,7
8238,0,3
8239,0,3
8240,256,25
8241,77,11
8242,0,3
8243,192,25
8244,135,19
8245,132,19
8246,0,3
8247,0,3
8248,0,3
8249,169,18
8250,166,20
8251,93,13
8252,0,3
8253,192,22
8254,0,3
8255,0,3
8256,0,3
8257,299,36
8258,0,3
8259,270,29
8260,216,26
8261,192,24
8262,202,29
8263,136,19
8264,151,20
8265,154,23
8266,36,9
8267,214,23
8268,119,17
8269,107,15
8270,0,3
8271,171,20
8272,216,26
8273,112,16
8274,235,33
8275,0,3
8276,0,3
8277,0,3
8278,219,25
8279,345,10
8280,0,3
8281,297,25
8282,0,3
8283,317,34
8284,657,29
8285,213,24
8286,0,3
8287,240,23
8288,13,5
8289,72,9
8290,836,21
8291,0,3
8292,58,11
8293,49,9
8294,0,3
8295,107,17
8296,120,14
8297,234,28
8298,231,23
8299,589,29
8300,103,12
8301,228,21
8302,26,9
8303,0,3
8304,0,3
8305,249,28
8306,180,25
8307,218,28
8308,0,3
8309,423,30
8310,119,15
8311,0,3
8312,297,34
8313,0,3
8314,173,29
8315,197,26
8316,165,27
8317,255,29
8318,102,13
8319,334,11
8320,0,3
8321,264,28
8322,79,12
8323,180,23
8324,379,19
8325,0,3
8326,62,12
8327,220,30
8328,147,24
8329,1000,4
8330,210,25
8331,411,22
8332,137,20
8333,174,24
8334,102,14
8335,172,24
8336,155,23
8337,0,3
8338,200,23
8339,268,27
8340,0,3
8341,128,14
8342,141,20
8343,0,3
8344,0,3
8345,186,25
8346,0,3
8347,205,24
8348,260,30
8349,0,3
8350,168,18
8351,0,3
8352,0,3
8353,541,28
8354,125,19
8355,296,29
8356,167,25
8357,0,3
8358,226,26
8359,0,3
8360,248,21
8361,0,3
8362,293,29
8363,236,26
8364,0,3
8365,0,3
8366,0,3
8367,0,3
8368,265,30
8369,270,29
8370,88,16
8371,164,22
8372,0,3
8373,233,30
8374,126,18
8375,250,28
8376,395,40
8377,218,28
8378,222,27
8379,0,3
8380,115,13
8381,179,19
8382,241,31
8383,175,19
8384,208,27
8385,0,3
8386,0,3
8387,102,14
8388,0,3
8389,62,11
8390,0,3
8391,0,3
8392,0,3
8393,186,23
8394,192,21
8395,0,3
8396,125,19
8397,159,21
8398,100,17
8399,108,17
8400,235,20
8401,0,3
8402,122,19
8403,0,3
8404,0,3
8405,254,25
8406,167,18
8407,239,30
8408,0,3
8409,216,24
8410,158,19
8411,0,3
8412,594,39
8413,105,16
8414,0,3
8415,0,3
8416,0,3
8417,0,3
8418,162,21
8419,0,3
8420,292,26
8421,0,3
8422,0,3
8423,148,13
8424,4,4
8425,88,15
8426,0,3
8427,240,22
8428,157,24
8429,167,27
8430,101,14
8431,246,38
8432,0,3
8433,0,3
8434,132,20
8435,139,21
8436,110,17
8437,1000,16
8438,167,21
8439,135,19
8440,837,35
8441,143,19
8442,0,3
8443,216,31
8444,146,19
8445,544,18
8446,97,21
8447,0,3
8448,213,30
8449,193,27
8450,80,14
8451,82,13
8452,115,17
8453,125,15
8454,0,3
8455,0,3
8456,162,22
8457,0,3
8458,169,20
8459,179,20
8460,266,21
8461,92,19
8462,0,3
8463,0,3
8464,414,21
8465,141,20
8466,314,29
8467,0,3
8468,175,16
8469,313,31
8470,0,3
8471,245,32
8472,0,3
8473,0,3
8474,150,23
8475,122,15
8476,281,26
8477,205,19
8478,343,35
8479,0,3
8480,210,30
8481,163,19
8482,362,31
8483,100,12
8484,0,3
8485,276,29
8486,203,22
8487,49,8
8488,95,14
8489,205,28
8490,134,19
8491,894,20
8492,209,22
8493,181,23
8494,118,10
8495,436,33
8496,0,3
8497,285,26
8498,0,3
8499,0,3
8500,121,19
8501,132,18
8502,94,16
8503,0,3
8504,0,3
8505,0,3
8506,0,3
8507,104,14
8508,0,3
8509,225,26
8510,182,23
8511,76,9
8512,160,24
8513,0,3
8514,0,3
8515,559,23
8516,266,32
8517,0,3
8518,156,24
8519,154,17
8520,224,22
8521,0,3
8522,123,18
8523,103,19
8524,103,15
8525,358,16
8526,0,3
8527,0,3
8528,192,27
8529,410,20
8530,0,3
8531,181,20
8532,477,24
8533,234,23
8534,320,28
8535,0,3
8536,0,3
8537,311,30
8538,189,21
8539,448,17
8540,0,3
8541,268,5
8542,0,3
8543,0,3
8544,72,16
8545,0,3
8546,137,19
8547,156,23
8548,0,3
8549,198,24
8550,268,27
8551,0,3
8552,0,3
8553,240,28
8554,219,25
8555,158,25
8556,0,3
8557,135,20
8558,282,22
8559,182,27
8560,188,24
8561,210,25
8562,172,23
8563,0,3
8564,0,3
8565,134,19
8566,0,3
8567,210,27
8568,0,3
8569,182,26
8570,0,3
8571,172,21
8572,298,29
8573,498,27
8574,168,19
8575,0,3
8576,69,10
8577,0,3
8578,165,19
8579,186,27
8580,185,22
8581,154,23
8582,0,3
8583,699,32
8584,0,3
8585,0,3
8586,182,19
8587,257,30
8588,275,38
8589,403,23
8590,0,3
8591,164,20
8592,0,3
8593,245,31
8594,71,11
8595,0,3
8596,937,16
8597,105,16
8598,352,22
8599,120,15
8600,0,3
8601,191,22
8602,177,26
8603,0,3
8604,359,6
8605,0,3
8606,0,3
8607,365,25
8608,136,20
8609,177,24
8610,174,19
8611,158,18
8612,217,24
8613,130,21
8614,223,27
8615,158,22
8616,701,23
8617,247,28
8618,291,36
8619,0,3
8620,187,28
8621,270,28
8622,178,21
8623,155,21
8624,411,30
8625,113,18
8626,75,13
8627,0,3
8628,254,28
8629,199,26
8630,0,3
8631,0,3
8632,0,3
8633,846,8
8634,55,13
8635,0,3
8636,244,31
8637,221,23
8638,160,20
8639,0,3
8640,0,3
8641,157,21
8642,0,3
8643,320,20
8644,0,3
8645,107,16
8646,0,3
8647,0,3
8648,0,3
8649,347,23
8650,256,22
8651,0,3
8652,158,21
8653,285,18
8654,200,28
8655,0,3
8656,117,14
8657,179,19
8658,0,3
8659,0,3
8660,128,21
8661,242,31
8662,153,16
8663,233,25
8664,154,21
8665,0,3
8666,329,34
8667,153,23
8668,0,3
8669,0,3
8670,308,37
8671,586,26
8672,112,17
8673,0,3
8674,0,3
8675,0,3
8676,224,23
8677,131,15
8678,253,32
8679,234,24
8680,0,3
8681,99,18
8682,245,30
8683,131,19
8684,0,3
8685,120,18
8686,0,3
8687,117,16
8688,177,25
8689,0,3
8690,0,3
8691,84,10
8692,217,24
8693,0,3
8694,155,19
8695,0,3
8696,946,21
8697,0,3
8698,0,3
8699,0,3
8700,159,15
8701,0,3
8702,94,18
8703,60,8
8704,120,16
8705,196,24
8706,255,30
8707,0,3
8708,271,31
8709,252,32
8710,152,18
8711,224,25
8712,0,3
8713,268,29
8714,0,3
8715,600,27
8716,0,3
8717,170,23
8718,0,3
8719,429,42
8720,0,3
8721,154,23
8722,238,24
8723,0,3
8724,83,14
8725,0,3
8726,0,3
8727,0,3
8728,360,24
8729,0,3
8730,0,3
8731,105,13
8732,458,30
8733,192,25
8734,0,3
8735,149,20
8736,0,3
8737,232,30
8738,0,3
8739,667,29
8740,0,3
8741,219,30
8742,303,32
8743,126,22
8744,229,31
8745,0,3
8746,188,24
8747,168,24
8748,0,3
8749,22,6
8750,186,28
8751,0,3
8752,194,20
8753,118,19
8754,198,27
8755,0,3
8756,0,3
8757,136,16
8758,237,25
8759,0,3
8760,183,22
8761,272,23
8762,286,30
8763,221,29
8764,234,25
8765,0,3
8766,0,3
8767,60,11
8768,182,22
8769,102,18
8770,226,25
8771,0,3
8772,219,25
8773,0,3
8774,0,3
8775,0,3
8776,0,3
8777,805,29
8778,245,30
8779,228,24
8780,236,21
8781,3,3
8782,193,26
8783,0,3
8784,0,3
8785,0,3
8786,114,15
8787,0,3
8788,137,25
8789,126,17
8790,219,26
8791,0,3
8792,0,3
8793,0,3
8794,194,20
8795,145,20
8796,0,3
8797,120,21
8798,0,3
8799,0,3
8800,253,30
8801,0,3
8802,202,29
8803,182,26
8804,292,33
8805,254,31
8806,175,25
8807,309,28
8808,219,25
8809,119,15
8810,0,3
8811,0,3
8812,0,3
8813,316,33
8814,231,27
8815,228,28
8816,0,3
8817,52,11
8818,295,27
8819,0,3
8820,0,3
8821,180,23
8822,0,3
8823,154,24
8824,123,19
8825,377,24
8826,126,19
8827,192,27
8828,213,21
8829,266,30
8830,236,24
8831,161,23
8832,302,36
8833,194,25
8834,0,3
8835,220,27
8836,1000,7
8837,206,24
8838,0,3
8839,271,30
8840,0,3
8841,178,25
8842,134,19
8843,0,3
8844,193,23
8845,161,22
8846,154,22
8847,0,3
8848,213,28
8849,0,3
8850,0,3
8851,908,21
8852,166,23
8853,0,3
8854,276,30
8855,98,17
8856,156,21
8857,38,6
8858,240,26
8859,0,3
8860,0,3
8861,88,11
8862,169,18
8863,0,3
8864,148,20
8865,173,18
8866,0,3
8867,205,25
8868,222,36
8869,177,24
8870,0,3
8871,139,24
8872,0,3
8873,239,21
8874,126,18
8875,25,5
8876,214,29
8877,163,27
8878,0,3
8879,146,25
8880,176,23
8881,261,32
8882,294,28
8883,203,22
8884,0,3
8885,136,24
8886,0,3
8887,82,14
8888,0,3
8889,0,3
8890,0,3
8891,142,20
8892,0,3
8893,164,19
8894,0,3
8895,141,20
8896,424,18
8897,128,16
8898,179,24
8899,85,15
8900,765,16
8901,100,13
8902,176,21
8903,341,23
8904,638,23
8905,0,3
8906,255,34
8907,0,3
8908,182,22
8909,168,24
8910,250,26
8911,0,3
8912,0,3
8913,181,19
8914,189,25
8915,0,3
8916,278,35
8917,0,3
8918,0,3
8919,0,3
8920,0,3
8921,185,24
8922,0,3
8923,736,24
8924,0,3
8925,0,3
8926,0,3
8927,0,3
8928,309,30
8929,255,24
8930,222,30
8931,117,14
8932,0,3
8933,202,31
8934,264,29
8935,274,32
8936,169,22
8937,73,15
8938,182,26
8939,140,19
8940,180,22
8941,269,32
8942,0,3
8943,240,22
8944,121,18
8945,0,3
8946,0,3
8947,0,3
8948,0,3
8949,229,15
8950,193,21
8951,173,21
8952,0,3
8953,27,8
8954,159,21
8955,0,3
8956,0,3
8957,0,3
8958,220,23
8959,1000,6
8960,0,3
8961,0,3
8962,0,3
8963,204,22
8964,263,35
8965,205,25
8966,210,23
8967,0,3
8968,201,21
8969,221,23
8970,0,3
8971,0,3
8972,248,25
8973,0,3
8974,368,22
8975,0,3
8976,224,30
8977,0,3
8978,0,3
8979,250,32
8980,0,3
8981,405,41
8982,107,19
8983,0,3
8984,229,28
8985,237,27
8986,95,14
8987,0,3
8988,1000,6
8989,0,3
8990,142,18
8991,786,16
8992,239,28
8993,267,38
8994,352,37
8995,208,20
8996,329,12
8997,128,20
8998,0,3
8999,198,24
9000,111,18
9001,0,3
9002,188,26
9003,188,25
9004,0,3
9005,186,24
9006,0,3
9007,0,3
9008,120,12
9009,148,24
9010,435,28
9011,191,26
9012,249,27
9013,196,30
9014,97,13
9015,214,24
9016,0,3
9017,0,3
9018,149,20
9019,170,22
9020,138,19
9021,273,30
9022,0,3
9023,489,37
9024,0,3
9025,0,3
9026,133,19
9027,0,3
9028,168,22
9029,380,29
9030,132,20
9031,719,34
9032,0,3
9033,0,3
9034,269,33
9035,0,3
9036,176,16
9037,53,8
9038,0,3
9039,398,40
9040,0,3
9041,242,26
9042,353,36
9043,0,3
9044,0,3
9045,269,31
9046,731,25
9047,0,3
9048,0,3
9049,167,18
9050,0,3
9051,160,19
9052,184,18
9053,0,3
9054,146,20
9055,0,3
9056,0,3
9057,41,8
9058,0,3
9059,0,3
9060,189,19
9061,0,3
9062,0,3
9063,0,3
9064,697,22
9065,61,12
9066,0,3
9067,121,14
9068,263,37
9069,275,32
9070,378,21
9071,611,30
9072,229,33
9073,306,33
9074,46,10
9075,186,27
9076,0,3
9077,0,3
9078,0,3
9079,316,31
9080,370,29
9081,253,20
9082,607,29
9083,457,21
9084,335,16
9085,107,10
9086,421,24
9087,149,22
9088,44,8
9089,198,23
9090,232,21
9091,0,3
9092,0,3
9093,24,6
9094,307,20
9095,0,3
9096,0,3
9097,0,3
9098,153,21
9099,195,21
9100,288,28
9101,272,35
9102,251,22
9103,0,3
9104,0,3
9105,545,12
9106,0,3
9107,154,24
9108,233,23
9109,217,27
9110,0,3
9111,341,36
9112,98,13
9113,0,3
9114,301,31
9115,0,3
9116,210,25
9117,674,26
9118,0,3
9119,236,22
9120,0,3
9121,223,24
9122,208,24
9123,355,22
9124,137,24
9125,0,3
9126,0,3
9127,166,22
9128,166,23
9129,248,35
9130,0,3
9131,0,3
9132,266,29
9133,191,21
9134,156,23
9135,397,28
9136,352,20
9137,457,24
9138,0,3
9139,203,23
9140,0,3
9141,444,20
9142,302,31
9143,0,3
9144,207,26
9145,0,3
9146,235,26
9147,212,24
9148,113,17
9149,621,25
9150,283,31
9151,264,28
9152,200,30
9153,0,3
9154,243,28
9155,454,30
9156,93,14
9157,258,27
9158,0,3
9159,186,25
9160,0,3
9161,0,3
9162,101,17
9163,278,29
9164,308,31
9165,362,19
9166,0,3
9167,0,3
9168,174,18
9169,0,3
9170,0,3
9171,0,3
9172,0,3
9173,311,37
9174,415,19
9175,0,3
9176,0,3
9177,0,3
9178,150,21
9179,0,3
9180,266,29
9181,0,3
9182,0,3
9183,190,29
9184,405,11
9185,149,24
9186,806,23
9187,1,3
9188,240,33
9189,0,3
9190,161,17
9191,0,3
9192,260,23
9193,237,28
9194,209,26
9195,183,24
9196,0,3
9197,0,3
9198,0,3
9199,166,21
9200,168,27
9201,850,29
9202,337,32
9203,174,21
9204,137,13
9205,367,31
9206,0,3
9207,281,38
9208,239,27
9209,236,27
9210,231,23
9211,756,17
9212,421,30
9213,172,27
9214,218,25
9215,115,16
9216,0,3
9217,0,3
9218,819,28
9219,500,12
9220,0,3
9221,157,22
9222,239,32
9223,175,22
9224,10,6
9225,283,32
9226,263,27
9227,0,3
9228,0,3
9229,172,27
9230,245,31
9231,225,23
9232,0,3
9233,211,14
9234,0,3
9235,0,3
9236,0,3
9237,0,3
9238,298,36
9239,399,25
9240,62,12
9241,254,22
9242,298,26
9243,0,3
9244,165,25
9245,69,11
9246,0,3
9247,227,27
9248,216,25
9249,224,26
9250,0,3
9251,0,3
9252,77,11
9253,254,23
9254,0,3
9255,0,3
9256,105,15
9257,1000,5
9258,251,28
9259,485,25
9260,276,25
9261,0,3
9262,0,3
9263,223,26
9264,1000,6
9265,216,24
9266,395,29
9267,0,3
9268,169,18
9269,671,26
9270,99,9
9271,41,9
9272,145,16
9273,0,3
9274,0,3
9275,0,3
9276,0,3
9277,221,25
9278,0,3
9279,121,18
9280,2,3
9281,0,3
9282,262,37
9283,215,23
9284,0,3
9285,247,27
9286,0,3
9287,1000,21
9288,0,3
9289,0,3
9290,194,17
9291,4,3
9292,94,16
9293,205,24
9294,0,3
9295,0,3
9296,279,24
9297,0,3
9298,0,3
9299,0,3
9300,224,29
9301,102,14
9302,0,3
9303,159,20
9304,158,23
9305,89,12
9306,71,12
9307,253,27
9308,153,18
9309,0,3
9310,0,3
9311,0,3
9312,0,3
9313,213,28
9314,201,23
9315,292,28
9316,201,27
9317,0,3
9318,0,3
9319,201,23
9320,101,18
9321,135,21
9322,0,3
9323,0,3
9324,1000,3
9325,0,3
9326,166,23
9327,136,18
9328,0,3
9329,936,23
9330,331,24
9331,313,37
9332,205,24
9333,578,33
9334,0,3
9335,275,26
9336,0,3
9337,0,3
9338,102,14
9339,188,24
9340,0,3
9341,252,32
9342,128,24
9343,207,33
9344,313,29
9345,306,11
9346,0,3
9347,198,25
9348,0,3
9349,143,22
9350,182,27
9351,0,3
9352,0,3
9353,897,28
9354,0,3
9355,183,19
9356,1000,6
9357,216,18
9358,266,3
9359,0,3
9360,0,3
9361,0,3
9362,157,18
9363,0,3
9364,163,20
9365,170,21
9366,274,31
9367,68,8
9368,0,3
9369,251,22
9370,0,3
9371,818,13
9372,0,3
9373,585,16
9374,0,3
9375,132,16
9376,0,3
9377,99,15
9378,72,15
9379,0,3
9380,184,23
9381,0,3
9382,58,10
9383,0,3
9384,158,20
9385,0,3
9386,0,3
9387,101,14
9388,216,20
9389,209,24
9390,164,20
9391,0,3
9392,114,19
9393,50,10
9394,0,3
9395,147,18
9396,50,9
9397,684,19
9398,1000,7
9399,270,34
9400,0,3
9401,116,17
9402,0,3
9403,0,3
9404,0,3
9405,181,20
9406,231,20
9407,0,3
9408,0,3
9409,176,24
9410,180,26
9411,0,3
9412,0,3
9413,138,10
9414,247,26
9415,0,3
9416,0,3
9417,302,25
9418,147,23
9419,0,3
9420,0,3
9421,0,3
9422,123,16
9423,582,45
9424,100,14
9425,302,30
9426,174,25
9427,285,35
9428,210,26
9429,0,3
9430,148,20
9431,105,19
9432,241,32
9433,162,23
9434,0,3
9435,794,25
9436,213,25
9437,0,3
9438,205,20
9439,208,23
9440,0,3
9441,54,9
9442,231,23
9443,705,24
9444,102,16
9445,121,15
9446,236,24
9447,221,32
9448,0,3
9449,148,20
9450,294,31
9451,337,31
9452,0,3
9453,0,3
9454,0,3
9455,0,3
9456,277,30
9457,269,29
9458,0,3
9459,0,3
9460,93,13
9461,105,14
9462,218,27
9463,174,21
9464,0,3
9465,0,3
9466,237,19
9467,143,19
9468,220,24
9469,124,19
9470,0,3
9471,0,3
9472,366,31
9473,1000,10
9474,145,26
9475,345,43
9476,162,24
9477,287,34
9478,148,19
9479,173,18
9480,115,12
9481,0,3
9482,108,18
9483,0,3
9484,149,23
9485,126,10
9486,0,3
9487,262,27
9488,244,27
9489,308,25
9490,318,34
9491,0,3
9492,301,29
9493,244,33
9494,102,16
9495,228,27
9496,0,3
9497,0,3
9498,0,3
9499,242,28
9500,324,20
9501,0,3
9502,136,18
9503,1000,13
9504,0,3
9505,222,33
9506,0,3
9507,248,18
9508,0,3
9509,0,3
9510,0,3
9511,231,28
9512,131,20
9513,0,3
9514,143,22
9515,0,3
9516,759,7
9517,161,24
9518,0,3
9519,181,20
9520,312,32
9521,277,30
9522,281,25
9523,182,24
9524,0,3
9525,0,3
9526,211,30
9527,0,3
9528,145,19
9529,0,3
9530,0,3
9531,322,27
9532,0,3
9533,121,15
9534,227,29
9535,168,21
9536,338,31
9537,172,19
9538,1,3
9539,113,19
9540,0,3
9541,163,23
9542,211,22
9543,261,29
9544,0,3
9545,0,3
9546,0,3
9547,0,3
9548,0,3
9549,0,3
9550,0,3
9551,263,27
9552,1000,11
9553,212,24
9554,0,3
9555,298,33
9556,90,18
9557,0,3
9558,0,3
9559,819,26
9560,0,3
9561,113,17
9562,244,29
9563,0,3
9564,1000,4
9565,247,33
9566,185,19
9567,180,24
9568,0,3
9569,0,3
9570,113,15
9571,0,3
9572,183,27
9573,206,30
9574,230,32
9575,151,17
9576,836,12
9577,215,19
9578,101,18
9579,401,36
9580,277,32
9581,0,3
9582,0,3
9583,232,13
9584,141,22
9585,0,3
9586,58,9
9587,199,21
9588,0,3
9589,576,30
9590,219,22
9591,0,3
9592,0,3
9593,0,3
9594,0,3
9595,334,5
9596,281,32
9597,312,29
9598,361,27
9599,0,3
9600,153,19
9601,0,3
9602,197,25
9603,0,3
9604,64,9
9605,285,31
9606,439,24
9607,146,24
9608,403,23
9609,592,35
9610,343,31
9611,172,23
9612,224,24
9613,299,27
9614,0,3
9615,191,22
9616,253,31
9617,149,22
9618,279,37
9619,135,21
9620,144,22
9621,0,3
9622,0,3
9623,0,3
9624,111,22
9625,213,24
9626,0,3
9627,136,23
9628,196,29
9629,199,29
9630,0,3
9631,532,27
9632,157,20
9633,78,14
9634,212,23
9635,209,26
9636,0,3
9637,163,21
9638,270,28
9639,0,3
9640,496,20
9641,194,22
9642,0,3
9643,199,28
9644,274,32
9645,92,17
9646,114,14
9647,0,3
9648,0,3
9649,0,3
9650,283,30
9651,745,16
9652,375,26
9653,0,3
9654,0,3
9655,176,24
9656,108,21
9657,247,32
9658,0,3
9659,0,3
9660,226,35
9661,0,3
9662,258,32
9663,685,31
9664,0,3
9665,218,26
9666,0,3
9667,0,3
9668,248,31
9669,299,16
9670,0,3
9671,0,3
9672,137,20
9673,132,16
9674,0,3
9675,0,3
9676,0,3
9677,0,3
9678,288,20
9679,240,17
9680,362,9
9681,0,3
9682,166,21
9683,87,10
9684,177,19
9685,117,13
9686,257,28
9687,267,34
9688,196,28
9689,0,3
9690,280,31
9691,1000,13
9692,0,3
9693,0,3
9694,227,30
9695,268,31
9696,491,37
9697,193,25
9698,0,3
9699,0,3
9700,177,22
9701,0,3
9702,0,3
9703,248,27
9704,159,21
9705,902,19
9706,0,3
9707,149,18
9708,122,16
9709,0,3
9710,286,33
9711,89,13
9712,211,22
9713,152,19
9714,212,22
9715,281,31
9716,498,34
9717,0,3
9718,415,19
9719,0,3
9720,399,34
9721,342,32
9722,668,32
9723,0,3
9724,0,3
9725,0,3
9726,214,23
9727,569,26
9728,0,3
9729,196,30
9730,0,3
9731,247,30
9732,0,3
9733,0,3
9734,145,18
9735,128,18
9736,195,28
9737,107,15
9738,0,3
9739,378,25
9740,238,32
9741,0,3
9742,0,3
9743,232,27
9744,1000,15
9745,273,36
9746,0,3
9747,202,22
9748,0,3
9749,96,15
9750,0,3
9751,0,3
9752,334,35
9753,0,3
9754,336,42
9755,94,14
9756,0,3
9757,357,36
9758,225,25
9759,0,3
9760,32,8
9761,901,32
9762,47,9
9763,0,3
9764,251,23
9765,0,3
9766,210,22
9767,243,25
9768,116,18
9769,0,3
9770,74,10
9771,0,3
9772,0,3
9773,117,15
9774,0,3
9775,0,3
9776,149,21
9777,271,31
9778,223,28
9779,461,26
9780,77,11
9781,172,23
9782,0,3
9783,0,3
9784,0,3
9785,0,3
9786,120,14
9787,0,3
9788,184,24
9789,0,3
9790,0,3
9791,0,3
9792,0,3
9793,0,3
9794,0,3
9795,131,21
9796,148,23
9797,201,24
9798,279,30
9799,227,32
9800,194,26
9801,0,3
9802,0,3
9803,0,3
9804,184,26
9805,0,3
9806,0,3
9807,0,3
9808,292,32
9809,177,23
9810,1000,22
9811,1,3
9812,463,22
9813,154,15
9814,0,3
9815,212,22
9816,0,3
9817,59,11
9818,206,22
9819,133,18
9820,194,26
9821,155,21
9822,310,22
9823,151,22
9824,0,3
9825,0,3
9826,0,3
9827,172,24
9828,0,3
9829,65,14
9830,127,13
9831,270,31
9832,308,31
9833,114,12
9834,183,19
9835,0,3
9836,117,21
9837,258,28
9838,190,21
9839,0,3
9840,188,23
9841,181,22
9842,111,17
9843,143,20
9844,0,3
9845,159,23
9846,215,24
9847,208,25
9848,237,28
9849,32,8
9850,109,16
9851,102,16
9852,114,17
9853,165,20
9854,0,3
9855,114,16
9856,321,29
9857,0,3
9858,222,15
9859,0,3
9860,335,28
9861,0,3
9862,290,40
9863,298,34
9864,233,25
9865,0,3
9866,0,3
9867,208,25
9868,264,34
9869,0,3
9870,0,3
9871,125,22
9872,162,23
9873,0,3
9874,252,30
9875,0,3
9876,0,3
9877,270,30
9878,215,23
9879,0,3
9880,165,22
9881,40,9
9882,0,3
9883,123,17
9884,0,3
9885,0,3
9886,134,19
9887,0,3
9888,0,3
9889,0,3
9890,142,23
9891,175,26
9892,107,17
9893,128,16
9894,0,3
9895,0,3
9896,186,21
9897,284,34
9898,119,20
9899,94,13
9900,0,3
9901,220,25
9902,0,3
9903,255,28
9904,252,28
9905,271,36
9906,200,28
9907,0,3
9908,162,18
9909,113,21
9910,135,22
9911,0,3
9912,0,3
9913,261,30
9914,0,3
9915,0,3
9916,207,22
9917,255,26
9918,217,26
9919,197,21
9920,270,23
9921,164,26
9922,276,32
9923,0,3
9924,384,32
9925,184,23
9926,230,28
9927,0,3
9928,140,18
9929,91,10
9930,274,34
9931,515,23
9932,309,37
9933,0,3
9934,231,24
9935,824,21
9936,288,34
9937,0,3
9938,153,21
9939,234,24
9940,1,3
9941,224,22
9942,186,19
9943,0,3
9944,255,31
9945,0,3
9946,0,3
9947,207,24
9948,1000,19
9949,0,3
9950,226,30
9951,62,13
9952,183,31
9953,0,3
9954,194,23
9955,0,3
9956,153,16
9957,0,3
9958,112,19
9959,291,33
9960,139,19
9961,259,30
9962,218,26
9963,0,3
9964,0,3
9965,257,25
9966,151,20
9967,281,28
9968,0,3
9969,0,3
9970,0,3
9971,189,23
9972,169,18
9973,0,3
9974,0,3
9975,0,3
9976,0,3
9977,227,22
9978,149,19
9979,0,3
9980,170,25
9981,0,3
9982,0,3
9983,58,11
9984,231,34
9985,159,20
9986,50,5
9987,103,17
9988,0,3
9989,219,25
9990,194,22
9991,0,3
9992,200,28
9993,158,21
9994,282,36
9995,178,25
9996,0,3
9997,150,22
9998,183,25
9999,0,3
