attempt,turns,length
0,3,3
1,2,3
2,2,3
3,3,3
4,1,3
5,1,3
6,1,3
7,4,3
8,0,3
9,1,3
10,1,3
11,0,3
12,0,3
13,1,3
14,1,3
15,0,3
16,0,3
17,6,3
18,0,3
19,0,3
20,4,3
21,2,3
22,4,4
23,0,3
24,0,3
25,6,3
26,4,3
27,0,3
28,2,3
29,5,3
30,1,3
31,4,3
32,0,3
33,1,3
34,3,3
35,1,3
36,2,3
37,0,3
38,1,3
39,5,3
40,2,3
41,0,3
42,3,3
43,0,3
44,0,3
45,0,3
46,2,3
47,1,3
48,2,3
49,3,3
50,1,3
51,0,3
52,0,3
53,0,3
54,6,3
55,2,3
56,1,3
57,2,3
58,2,3
59,1,3
60,0,3
61,2,3
62,0,3
63,0,3
64,3,3
65,6,3
66,0,3
67,0,3
68,1,3
69,0,3
70,0,3
71,0,3
72,1,3
73,6,3
74,1,3
75,1,3
76,4,3
77,2,3
78,12,3
79,1,3
80,1,3
81,10,3
82,4,3
83,0,3
84,0,3
85,7,3
86,6,3
87,10,3
88,1,3
89,3,3
90,1,3
91,6,3
92,3,3
93,1,3
94,2,3
95,1,3
96,0,3
97,0,3
98,1,3
99,1,3
100,9,3
101,2,3
102,0,3
103,4,3
104,1,3
105,1,3
106,2,3
107,1,3
108,0,3
109,2,3
110,4,3
111,0,3
112,1,3
113,1,3
114,7,2
115,0,3
116,0,3
117,0,3
118,1,3
119,0,3
120,2,3
121,1,3
122,2,3
123,0,3
124,0,3
125,2,3
126,1,3
127,4,3
128,3,3
129,0,3
130,0,3
131,6,3
132,0,3
133,0,3
134,1,3
135,10,3
136,0,3
137,0,3
138,4,3
139,9,4
140,1,3
141,0,3
142,0,3
143,3,3
144,0,3
145,1,3
146,0,3
147,0,3
148,2,3
149,1,3
150,1,3
151,0,3
152,2,3
153,0,3
154,0,3
155,0,3
156,1,3
157,4,3
158,0,3
159,0,3
160,0,3
161,6,3
162,8,3
163,2,3
164,0,3
165,1,3
166,0,3
167,5,3
168,0,3
169,3,3
170,0,3
171,3,4
172,0,3
173,5,3
174,1,3
175,1,3
176,3,3
177,6,3
178,0,3
179,5,3
180,0,3
181,0,3
182,10,3
183,0,3
184,0,3
185,6,3
186,0,3
187,0,3
188,4,3
189,6,3
190,7,3
191,0,3
192,2,3
193,1,3
194,3,3
195,0,3
196,4,4
197,7,3
198,0,3
199,2,3
200,0,3
201,1,3
202,0,3
203,3,3
204,2,3
205,8,3
206,7,3
207,14,3
208,13,3
209,2,3
210,6,3
211,2,3
212,3,3
213,4,3
214,2,3
215,0,3
216,1,3
217,0,3
218,1,3
219,0,3
220,0,3
221,1,3
222,3,3
223,2,4
224,0,3
225,0,3
226,4,3
227,1,3
228,1,3
229,0,3
230,4,3
231,0,3
232,2,3
233,2,3
234,0,3
235,0,3
236,3,3
237,2,3
238,0,3
239,2,3
240,3,3
241,0,3
242,1,3
243,0,3
244,26,3
245,0,3
246,3,3
247,27,4
248,0,3
249,0,3
250,2,3
251,1,3
252,0,3
253,0,3
254,0,3
255,1,3
256,12,3
257,0,3
258,5,3
259,1,3
260,0,3
261,4,3
262,0,3
263,3,3
264,0,3
265,4,3
266,14,3
267,2,3
268,0,3
269,0,3
270,0,3
271,0,3
272,1,3
273,5,3
274,1,3
275,9,3
276,6,3
277,8,3
278,5,5
279,0,3
280,6,3
281,2,3
282,0,3
283,1,3
284,2,4
285,0,3
286,0,3
287,0,3
288,13,3
289,8,3
290,0,3
291,0,3
292,0,3
293,5,3
294,0,3
295,2,3
296,2,3
297,1,3
298,0,3
299,0,3
300,5,3
301,2,3
302,1,3
303,4,3
304,0,3
305,3,3
306,3,3
307,5,2
308,1,3
309,1,3
310,0,3
311,0,3
312,4,3
313,1,3
314,1,3
315,13,3
316,0,3
317,0,3
318,8,4
319,5,3
320,2,3
321,7,3
322,0,3
323,1,3
324,5,3
325,6,3
326,0,3
327,0,3
328,16,3
329,1,3
330,0,3
331,0,3
332,23,4
333,2,3
334,0,3
335,6,3
336,1,3
337,0,3
338,0,3
339,2,3
340,7,2
341,5,3
342,0,3
343,1,3
344,3,3
345,1,3
346,3,3
347,0,3
348,9,3
349,3,3
350,3,3
351,0,3
352,11,3
353,0,3
354,24,3
355,1,3
356,5,4
357,3,3
358,1,3
359,0,3
360,0,3
361,1,3
362,1,3
363,9,5
364,4,3
365,1,3
366,1,3
367,3,3
368,8,3
369,0,3
370,3,3
371,0,3
372,1,3
373,0,3
374,5,3
375,1,3
376,4,3
377,0,3
378,2,2
379,20,2
380,0,3
381,5,3
382,0,3
383,0,3
384,1,3
385,0,3
386,0,3
387,11,3
388,1,3
389,0,3
390,4,3
391,4,5
392,14,3
393,2,3
394,0,3
395,1,3
396,0,3
397,10,3
398,1,3
399,6,3
400,9,3
401,0,3
402,2,3
403,2,3
404,0,3
405,0,3
406,1,3
407,1,3
408,0,3
409,13,3
410,5,3
411,0,3
412,0,3
413,1,3
414,2,3
415,0,3
416,1,3
417,8,3
418,0,3
419,0,3
420,1,3
421,7,3
422,11,3
423,2,3
424,4,3
425,0,3
426,0,3
427,0,3
428,0,3
429,4,3
430,1,3
431,9,3
432,0,3
433,0,3
434,0,3
435,0,3
436,0,3
437,8,3
438,8,3
439,2,3
440,22,3
441,29,4
442,0,3
443,1,3
444,0,3
445,2,3
446,24,3
447,1,3
448,2,3
449,8,3
450,0,3
451,0,3
452,1,3
453,3,3
454,4,3
455,23,3
456,0,3
457,0,3
458,4,3
459,0,3
460,0,3
461,0,3
462,2,3
463,11,3
464,8,3
465,14,4
466,3,3
467,2,3
468,1,3
469,7,3
470,0,3
471,0,3
472,0,3
473,3,3
474,8,3
475,12,3
476,1,3
477,1,3
478,27,3
479,1,3
480,2,4
481,4,3
482,8,3
483,2,3
484,1,3
485,2,3
486,4,3
487,13,3
488,21,2
489,0,3
490,0,3
491,6,3
492,7,3
493,3,3
494,9,3
495,0,3
496,3,3
497,1,3
498,5,3
499,1,3
500,0,3
501,0,3
502,0,3
503,4,3
504,0,3
505,1,3
506,0,3
507,2,3
508,5,4
509,19,2
510,20,3
511,5,3
512,9,3
513,2,3
514,0,3
515,4,4
516,4,3
517,7,3
518,4,3
519,14,3
520,3,3
521,0,3
522,5,4
523,0,3
524,2,3
525,12,3
526,1,2
527,0,3
528,6,3
529,17,3
530,24,3
531,1,3
532,11,4
533,3,3
534,4,3
535,9,3
536,2,3
537,0,3
538,0,3
539,1,3
540,0,3
541,0,3
542,0,3
543,2,3
544,2,3
545,13,5
546,0,3
547,1,3
548,2,3
549,5,3
550,5,3
551,0,3
552,0,3
553,1,3
554,2,3
555,10,3
556,7,3
557,0,3
558,2,3
559,11,3
560,1,3
561,8,3
562,1,3
563,14,3
564,0,3
565,0,3
566,5,3
567,46,4
568,1,3
569,0,3
570,2,3
571,15,3
572,6,4
573,3,3
574,21,4
575,2,3
576,14,1
577,0,3
578,24,3
579,0,3
580,1,3
581,1,3
582,0,3
583,5,3
584,0,3
585,0,3
586,3,3
587,1,3
588,1,3
589,10,3
590,0,3
591,4,3
592,1,3
593,21,4
594,5,4
595,9,3
596,10,3
597,2,3
598,12,4
599,8,4
600,20,3
601,1,3
602,15,2
603,13,2
604,1,3
605,1,3
606,29,3
607,0,3
608,2,3
609,0,3
610,0,3
611,0,3
612,0,3
613,2,3
614,18,4
615,0,3
616,6,5
617,1,3
618,0,3
619,0,3
620,0,3
621,23,4
622,0,3
623,1,3
624,0,3
625,2,3
626,15,3
627,1,3
628,23,4
629,2,3
630,1,3
631,0,3
632,14,4
633,15,3
634,0,3
635,16,3
636,0,3
637,1,3
638,1,3
639,1,3
640,6,3
641,3,4
642,1,3
643,32,3
644,0,3
645,0,3
646,3,3
647,1,3
648,3,4
649,6,3
650,1,3
651,44,3
652,0,3
653,2,3
654,9,3
655,0,3
656,0,3
657,27,3
658,8,3
659,0,3
660,4,3
661,10,4
662,1,3
663,1,3
664,12,3
665,0,3
666,6,3
667,1,3
668,0,3
669,0,3
670,0,3
671,20,3
672,18,4
673,1,3
674,0,3
675,0,3
676,0,3
677,0,3
678,4,3
679,1,3
680,8,3
681,12,4
682,4,4
683,0,3
684,20,3
685,1,3
686,0,3
687,1,3
688,15,3
689,1,3
690,3,3
691,0,3
692,5,3
693,0,3
694,0,3
695,22,3
696,2,3
697,22,3
698,25,5
699,14,3
700,0,3
701,23,3
702,0,3
703,2,3
704,1,3
705,14,3
706,0,3
707,6,3
708,0,3
709,1,3
710,4,3
711,0,3
712,1,3
713,27,4
714,4,3
715,0,3
716,0,3
717,8,3
718,1,3
719,1,3
720,26,4
721,1,3
722,0,3
723,0,3
724,6,3
725,1,3
726,9,3
727,7,3
728,6,2
729,0,3
730,9,4
731,5,4
732,14,4
733,6,3
734,0,3
735,1,3
736,1,3
737,0,3
738,4,4
739,0,3
740,2,3
741,14,3
742,7,3
743,2,3
744,0,3
745,0,3
746,15,5
747,0,3
748,9,3
749,0,3
750,39,3
751,1,3
752,0,3
753,0,3
754,0,3
755,1,4
756,7,3
757,35,4
758,16,3
759,2,3
760,0,3
761,9,5
762,1,3
763,13,4
764,0,3
765,0,3
766,7,3
767,0,3
768,3,3
769,0,3
770,0,3
771,26,4
772,9,3
773,7,3
774,34,3
775,0,3
776,22,3
777,9,3
778,0,3
779,0,3
780,15,4
781,2,3
782,0,3
783,2,3
784,11,3
785,5,4
786,74,3
787,8,3
788,0,3
789,8,3
790,0,3
791,5,3
792,43,3
793,0,3
794,4,3
795,0,3
796,1,3
797,2,3
798,0,3
799,0,3
800,53,3
801,2,3
802,0,3
803,8,3
804,0,3
805,25,4
806,12,3
807,0,3
808,0,3
809,0,3
810,10,4
811,0,3
812,11,2
813,0,3
814,2,4
815,2,3
816,0,3
817,1,3
818,15,3
819,0,3
820,0,3
821,0,3
822,1,3
823,5,3
824,2,3
825,5,3
826,0,3
827,5,3
828,0,3
829,0,3
830,6,3
831,3,3
832,1,3
833,1,3
834,0,3
835,9,4
836,0,3
837,3,3
838,12,4
839,18,3
840,1,3
841,0,3
842,0,3
843,0,3
844,0,3
845,0,3
846,0,3
847,0,3
848,0,3
849,5,3
850,3,3
851,0,3
852,1,3
853,0,3
854,3,4
855,7,3
856,46,3
857,14,3
858,0,3
859,0,3
860,0,3
861,11,3
862,1,3
863,23,3
864,0,3
865,3,3
866,0,3
867,15,3
868,0,3
869,9,3
870,4,3
871,4,3
872,1,3
873,1,3
874,4,3
875,5,2
876,0,3
877,1,3
878,3,3
879,2,3
880,0,3
881,7,3
882,0,3
883,11,4
884,0,3
885,2,4
886,0,3
887,1,3
888,3,3
889,2,3
890,26,3
891,1,3
892,0,3
893,0,3
894,0,3
895,22,3
896,0,3
897,9,4
898,0,3
899,0,3
900,1,3
901,0,3
902,4,4
903,0,3
904,0,3
905,3,3
906,10,4
907,0,3
908,0,3
909,0,3
910,2,3
911,1,3
912,0,3
913,0,3
914,11,4
915,20,4
916,8,4
917,2,3
918,18,3
919,0,3
920,15,4
921,0,3
922,0,3
923,10,2
924,9,3
925,0,3
926,8,4
927,13,4
928,24,3
929,12,3
930,3,3
931,0,3
932,2,3
933,19,4
934,0,3
935,4,3
936,0,3
937,0,3
938,0,3
939,2,3
940,20,3
941,1,3
942,6,3
943,0,3
944,5,3
945,0,3
946,1,3
947,16,3
948,1,4
949,9,4
950,19,4
951,0,3
952,0,3
953,0,3
954,0,3
955,1,3
956,33,3
957,16,3
958,0,3
959,27,3
960,10,5
961,3,3
962,6,3
963,11,4
964,3,3
965,6,3
966,1,3
967,0,3
968,7,3
969,0,3
970,2,3
971,0,3
972,1,3
973,22,4
974,1,3
975,1,3
976,5,3
977,13,2
978,12,3
979,0,3
980,18,4
981,9,3
982,0,3
983,0,3
984,1,3
985,0,3
986,6,3
987,1,3
988,10,3
989,1,3
990,109,3
991,24,5
992,0,3
993,4,3
994,10,4
995,3,3
996,2,3
997,0,3
998,0,3
999,0,3
1000,34,4
1001,3,3
1002,0,3
1003,8,4
1004,9,3
1005,1,3
1006,6,3
1007,1,3
1008,3,3
1009,0,3
1010,2,4
1011,10,3
1012,14,5
1013,19,6
1014,8,3
1015,0,3
1016,1,3
1017,2,4
1018,25,5
1019,0,3
1020,5,2
1021,0,3
1022,7,3
1023,1,3
1024,49,4
1025,0,3
1026,0,3
1027,17,3
1028,9,4
1029,0,3
1030,0,3
1031,6,2
1032,0,3
1033,10,3
1034,0,3
1035,61,4
1036,4,3
1037,0,3
1038,0,3
1039,0,3
1040,8,4
1041,23,4
1042,0,3
1043,1,3
1044,12,4
1045,0,3
1046,0,3
1047,0,3
1048,9,4
1049,0,3
1050,27,2
1051,9,3
1052,0,3
1053,5,3
1054,17,4
1055,9,4
1056,6,3
1057,4,3
1058,0,3
1059,5,3
1060,0,3
1061,0,3
1062,1,3
1063,5,3
1064,0,3
1065,1,3
1066,15,2
1067,29,3
1068,0,3
1069,0,3
1070,23,3
1071,2,3
1072,15,3
1073,12,4
1074,0,3
1075,3,4
1076,8,3
1077,6,3
1078,0,3
1079,39,5
1080,4,3
1081,1,3
1082,1,3
1083,0,3
1084,0,3
1085,0,3
1086,4,3
1087,0,3
1088,4,3
1089,1,3
1090,0,3
1091,0,3
1092,19,4
1093,14,3
1094,0,3
1095,0,3
1096,10,3
1097,0,3
1098,0,3
1099,1,3
1100,9,3
1101,2,3
1102,2,3
1103,12,5
1104,3,3
1105,22,4
1106,5,3
1107,0,3
1108,38,4
1109,13,3
1110,6,4
1111,0,3
1112,0,3
1113,1,3
1114,0,3
1115,1,3
1116,0,3
1117,14,4
1118,0,3
1119,25,4
1120,1,3
1121,6,3
1122,13,3
1123,18,4
1124,15,5
1125,0,3
1126,0,3
1127,0,3
1128,7,4
1129,0,3
1130,0,3
1131,6,4
1132,18,4
1133,10,3
1134,1,3
1135,1,3
1136,23,3
1137,12,3
1138,1,3
1139,0,3
1140,0,3
1141,19,4
1142,1,3
1143,10,3
1144,31,4
1145,11,4
1146,0,3
1147,3,3
1148,0,3
1149,4,3
1150,1,3
1151,1,3
1152,18,3
1153,0,3
1154,0,3
1155,0,3
1156,14,3
1157,40,2
1158,8,4
1159,1,3
1160,0,3
1161,43,4
1162,2,4
1163,18,5
1164,1,3
1165,6,3
1166,0,3
1167,4,3
1168,54,5
1169,14,3
1170,20,3
1171,0,3
1172,29,4
1173,0,3
1174,0,3
1175,22,4
1176,0,3
1177,2,3
1178,0,3
1179,28,4
1180,10,4
1181,1,3
1182,0,3
1183,4,3
1184,1,3
1185,0,3
1186,0,3
1187,0,3
1188,52,3
1189,3,4
1190,2,3
1191,0,3
1192,0,3
1193,0,3
1194,0,3
1195,18,6
1196,0,3
1197,23,2
1198,0,3
1199,11,3
1200,6,3
1201,11,4
1202,0,3
1203,3,4
1204,0,3
1205,0,3
1206,1,3
1207,1,3
1208,0,3
1209,13,5
1210,7,3
1211,9,4
1212,14,4
1213,8,3
1214,9,2
1215,1,3
1216,10,5
1217,1,3
1218,5,3
1219,1,3
1220,7,3
1221,1,3
1222,8,3
1223,2,3
1224,8,3
1225,0,3
1226,0,3
1227,4,3
1228,0,3
1229,8,4
1230,2,3
1231,5,4
1232,5,3
1233,9,4
1234,0,3
1235,19,3
1236,3,3
1237,9,3
1238,1,3
1239,11,3
1240,0,3
1241,35,6
1242,0,3
1243,0,3
1244,2,3
1245,0,3
1246,0,3
1247,0,3
1248,2,3
1249,1,3
1250,43,5
1251,11,4
1252,3,3
1253,9,3
1254,0,3
1255,0,3
1256,10,3
1257,5,4
1258,38,3
1259,0,3
1260,1,3
1261,21,4
1262,6,3
1263,25,5
1264,7,4
1265,0,3
1266,0,3
1267,2,3
1268,11,3
1269,2,3
1270,0,3
1271,10,3
1272,0,3
1273,0,3
1274,0,3
1275,0,3
1276,16,4
1277,5,3
1278,18,6
1279,59,2
1280,0,3
1281,0,3
1282,3,3
1283,30,3
1284,4,3
1285,2,3
1286,0,3
1287,1,3
1288,0,3
1289,13,4
1290,0,3
1291,27,5
1292,7,2
1293,0,3
1294,0,3
1295,0,3
1296,0,3
1297,3,3
1298,0,3
1299,0,3
1300,5,3
1301,0,3
1302,2,4
1303,2,3
1304,0,3
1305,13,4
1306,7,3
1307,8,4
1308,0,3
1309,1,3
1310,11,4
1311,0,3
1312,24,5
1313,20,3
1314,9,4
1315,1,3
1316,6,3
1317,0,3
1318,4,3
1319,16,3
1320,3,3
1321,2,3
1322,9,3
1323,0,3
1324,0,3
1325,0,3
1326,8,3
1327,6,3
1328,7,4
1329,0,3
1330,13,5
1331,6,3
1332,5,3
1333,0,3
1334,16,3
1335,1,3
1336,9,4
1337,0,3
1338,1,4
1339,1,3
1340,0,3
1341,5,4
1342,0,3
1343,31,3
1344,59,4
1345,0,3
1346,2,3
1347,0,3
1348,7,4
1349,0,3
1350,0,3
1351,0,3
1352,26,3
1353,28,5
1354,3,3
1355,8,3
1356,2,3
1357,27,4
1358,1,3
1359,19,4
1360,25,4
1361,49,4
1362,17,4
1363,22,5
1364,0,3
1365,15,3
1366,0,3
1367,4,3
1368,0,3
1369,11,4
1370,17,2
1371,54,5
1372,6,3
1373,19,3
1374,0,3
1375,12,4
1376,2,3
1377,30,2
1378,0,3
1379,46,4
1380,8,4
1381,7,4
1382,0,3
1383,2,3
1384,6,3
1385,8,4
1386,20,4
1387,0,3
1388,0,3
1389,12,3
1390,12,6
1391,11,4
1392,2,3
1393,9,3
1394,0,3
1395,12,3
1396,16,5
1397,3,3
1398,0,3
1399,10,3
1400,70,3
1401,0,3
1402,0,3
1403,0,3
1404,0,3
1405,0,3
1406,4,3
1407,6,3
1408,20,3
1409,0,3
1410,9,3
1411,10,2
1412,8,3
1413,7,4
1414,1,3
1415,27,5
1416,0,3
1417,22,3
1418,16,4
1419,0,3
1420,28,3
1421,12,4
1422,7,3
1423,0,3
1424,0,3
1425,0,3
1426,1,3
1427,0,3
1428,0,3
1429,2,3
1430,32,6
1431,4,3
1432,6,4
1433,3,3
1434,20,3
1435,20,5
1436,0,3
1437,0,3
1438,10,3
1439,5,4
1440,1,3
1441,9,3
1442,0,3
1443,2,3
1444,2,3
1445,1,3
1446,22,5
1447,13,4
1448,1,4
1449,0,3
1450,12,3
1451,25,5
1452,10,4
1453,36,4
1454,0,3
1455,0,3
1456,7,3
1457,0,3
1458,6,4
1459,8,4
1460,3,3
1461,4,3
1462,16,4
1463,0,3
1464,7,4
1465,9,4
1466,0,3
1467,16,5
1468,10,3
1469,0,3
1470,0,3
1471,12,4
1472,13,2
1473,3,3
1474,13,5
1475,20,6
1476,27,4
1477,0,3
1478,0,3
1479,44,3
1480,8,4
1481,0,3
1482,10,4
1483,5,3
1484,0,3
1485,11,3
1486,10,4
1487,45,5
1488,4,3
1489,0,3
1490,10,3
1491,0,3
1492,10,4
1493,1,3
1494,36,4
1495,6,3
1496,11,5
1497,22,3
1498,10,3
1499,0,3
1500,2,3
1501,26,4
1502,0,3
1503,0,3
1504,4,3
1505,5,3
1506,10,4
1507,18,4
1508,6,4
1509,0,3
1510,2,3
1511,6,3
1512,21,3
1513,0,3
1514,0,3
1515,56,3
1516,0,3
1517,2,3
1518,35,4
1519,1,3
1520,15,4
1521,14,4
1522,23,5
1523,13,3
1524,3,3
1525,2,3
1526,19,5
1527,0,3
1528,0,3
1529,29,5
1530,0,3
1531,0,3
1532,0,3
1533,29,6
1534,15,4
1535,9,6
1536,9,3
1537,14,5
1538,23,5
1539,0,3
1540,9,5
1541,4,2
1542,25,4
1543,12,4
1544,1,3
1545,1,4
1546,44,2
1547,0,3
1548,1,3
1549,18,6
1550,4,3
1551,31,4
1552,42,6
1553,0,3
1554,0,3
1555,6,3
1556,2,3
1557,2,3
1558,8,3
1559,16,2
1560,46,4
1561,10,3
1562,2,4
1563,22,3
1564,0,3
1565,0,3
1566,9,4
1567,2,3
1568,0,3
1569,17,4
1570,0,3
1571,0,3
1572,0,3
1573,11,3
1574,18,3
1575,0,3
1576,30,3
1577,17,4
1578,19,5
1579,0,3
1580,8,4
1581,0,3
1582,39,5
1583,7,3
1584,5,3
1585,15,4
1586,6,3
1587,1,3
1588,15,3
1589,0,3
1590,0,3
1591,22,3
1592,40,6
1593,1,3
1594,0,3
1595,6,3
1596,24,3
1597,30,2
1598,0,3
1599,20,6
1600,0,3
1601,1,3
1602,0,3
1603,6,3
1604,10,5
1605,0,3
1606,6,3
1607,26,4
1608,1,3
1609,18,3
1610,13,4
1611,0,3
1612,16,3
1613,0,3
1614,14,5
1615,16,5
1616,5,3
1617,2,3
1618,31,4
1619,14,6
1620,0,3
1621,0,3
1622,15,5
1623,0,3
1624,3,3
1625,34,3
1626,0,3
1627,25,5
1628,4,3
1629,12,3
1630,0,3
1631,14,4
1632,26,6
1633,4,4
1634,16,4
1635,43,4
1636,7,3
1637,21,5
1638,13,5
1639,28,7
1640,2,3
1641,0,3
1642,0,3
1643,0,3
1644,5,3
1645,50,3
1646,17,5
1647,19,5
1648,1,3
1649,0,3
1650,0,3
1651,0,3
1652,0,3
1653,35,6
1654,17,4
1655,0,3
1656,2,3
1657,1,3
1658,0,3
1659,6,3
1660,6,3
1661,35,4
1662,16,6
1663,3,3
1664,0,3
1665,0,3
1666,17,3
1667,20,5
1668,0,3
1669,0,3
1670,27,5
1671,0,3
1672,0,3
1673,0,3
1674,3,3
1675,2,3
1676,0,3
1677,10,4
1678,0,3
1679,8,3
1680,6,5
1681,8,3
1682,2,3
1683,20,5
1684,8,3
1685,0,3
1686,12,3
1687,77,4
1688,27,5
1689,0,3
1690,11,4
1691,0,3
1692,10,5
1693,0,3
1694,0,3
1695,5,3
1696,104,4
1697,18,7
1698,35,3
1699,0,3
1700,1,3
1701,0,3
1702,0,3
1703,27,4
1704,28,6
1705,0,3
1706,1,3
1707,9,3
1708,0,3
1709,12,4
1710,12,2
1711,0,3
1712,48,6
1713,1,3
1714,0,3
1715,0,3
1716,0,3
1717,21,4
1718,21,5
1719,21,5
1720,16,5
1721,0,3
1722,30,5
1723,11,5
1724,0,3
1725,15,4
1726,1,3
1727,13,5
1728,117,5
1729,0,3
1730,7,4
1731,17,4
1732,0,3
1733,13,6
1734,22,4
1735,15,4
1736,1,3
1737,0,3
1738,0,3
1739,1,3
1740,18,4
1741,0,3
1742,0,3
1743,1,3
1744,0,3
1745,0,3
1746,10,3
1747,0,3
1748,8,3
1749,0,3
1750,0,3
1751,0,3
1752,0,3
1753,12,3
1754,14,4
1755,5,2
1756,0,3
1757,0,3
1758,0,3
1759,0,3
1760,15,4
1761,0,3
1762,0,3
1763,6,3
1764,0,3
1765,0,3
1766,0,3
1767,9,4
1768,3,3
1769,15,4
1770,1,3
1771,45,8
1772,1,3
1773,14,4
1774,64,6
1775,0,3
1776,4,3
1777,3,3
1778,0,3
1779,0,3
1780,0,3
1781,0,3
1782,0,3
1783,1,3
1784,4,3
1785,0,3
1786,34,6
1787,1,3
1788,43,8
1789,0,3
1790,0,3
1791,26,5
1792,15,4
1793,5,3
1794,44,3
1795,31,3
1796,34,5
1797,14,5
1798,1,3
1799,0,3
1800,25,4
1801,0,3
1802,0,3
1803,30,4
1804,0,3
1805,5,4
1806,0,3
1807,0,3
1808,22,5
1809,14,4
1810,0,3
1811,64,5
1812,0,3
1813,1,3
1814,14,3
1815,0,3
1816,0,3
1817,18,6
1818,4,4
1819,20,6
1820,4,2
1821,0,3
1822,30,6
1823,6,3
1824,32,4
1825,37,4
1826,0,3
1827,23,5
1828,6,3
1829,0,3
1830,0,3
1831,0,3
1832,16,3
1833,6,4
1834,3,3
1835,10,3
1836,0,3
1837,0,3
1838,30,5
1839,13,4
1840,0,3
1841,3,3
1842,0,3
1843,19,4
1844,0,3
1845,16,4
1846,1,3
1847,14,5
1848,0,3
1849,0,3
1850,20,5
1851,7,3
1852,0,3
1853,26,4
1854,78,6
1855,0,3
1856,9,3
1857,0,3
1858,0,3
1859,26,4
1860,25,5
1861,8,3
1862,0,3
1863,10,3
1864,11,3
1865,0,3
1866,14,4
1867,2,3
1868,1,3
1869,0,3
1870,42,5
1871,1,3
1872,0,3
1873,14,5
1874,41,4
1875,0,3
1876,17,4
1877,7,4
1878,49,5
1879,45,6
1880,9,4
1881,15,3
1882,0,3
1883,7,6
1884,0,3
1885,0,3
1886,17,4
1887,8,4
1888,18,4
1889,81,6
1890,25,4
1891,0,3
1892,11,4
1893,0,3
1894,0,3
1895,39,7
1896,19,3
1897,12,4
1898,0,3
1899,0,3
1900,11,4
1901,20,7
1902,0,3
1903,0,3
1904,0,3
1905,13,4
1906,0,3
1907,26,8
1908,5,3
1909,17,5
1910,8,3
1911,0,3
1912,11,3
1913,8,3
1914,12,6
1915,0,3
1916,0,3
1917,21,3
1918,26,4
1919,53,8
1920,0,3
1921,14,4
1922,1,3
1923,80,6
1924,6,2
1925,12,4
1926,20,5
1927,28,5
1928,27,4
1929,7,4
1930,36,5
1931,11,4
1932,30,4
1933,11,3
1934,29,4
1935,20,3
1936,6,3
1937,0,3
1938,67,3
1939,59,3
1940,29,5
1941,0,3
1942,34,4
1943,0,3
1944,0,3
1945,21,3
1946,58,4
1947,31,5
1948,43,8
1949,0,3
1950,11,3
1951,0,3
1952,1,3
1953,0,3
1954,10,3
1955,0,3
1956,0,3
1957,14,4
1958,24,5
1959,35,5
1960,0,3
1961,13,3
1962,0,3
1963,0,3
1964,26,3
1965,0,3
1966,63,4
1967,1,3
1968,14,4
1969,0,3
1970,75,7
1971,27,5
1972,13,5
1973,40,3
1974,6,4
1975,57,9
1976,0,3
1977,24,5
1978,6,3
1979,25,6
1980,0,3
1981,2,3
1982,32,4
1983,0,3
1984,36,4
1985,0,3
1986,0,3
1987,7,4
1988,28,4
1989,8,4
1990,23,5
1991,1,3
1992,0,3
1993,1,3
1994,1,3
1995,30,4
1996,11,3
1997,7,3
1998,0,3
1999,37,4
2000,14,4
2001,9,4
2002,25,5
2003,0,3
2004,29,5
2005,34,4
2006,0,3
2007,0,3
2008,14,4
2009,55,5
2010,0,3
2011,0,3
2012,36,6
2013,35,6
2014,72,9
2015,0,3
2016,40,7
2017,0,3
2018,4,4
2019,14,4
2020,0,3
2021,23,5
2022,9,4
2023,22,6
2024,17,3
2025,21,4
2026,10,3
2027,29,6
2028,8,3
2029,84,4
2030,9,3
2031,30,6
2032,17,4
2033,0,3
2034,3,4
2035,43,8
2036,12,4
2037,0,3
2038,0,3
2039,20,5
2040,21,4
2041,28,4
2042,15,5
2043,0,3
2044,17,6
2045,8,4
2046,0,3
2047,0,3
2048,52,5
2049,0,3
2050,0,3
2051,3,3
2052,44,7
2053,0,3
2054,7,4
2055,0,3
2056,0,3
2057,18,4
2058,16,3
2059,0,3
2060,0,3
2061,0,3
2062,24,6
2063,6,3
2064,23,5
2065,55,6
2066,28,7
2067,0,3
2068,0,3
2069,40,3
2070,0,3
2071,6,3
2072,33,5
2073,0,3
2074,2,3
2075,4,4
2076,0,3
2077,24,5
2078,0,3
2079,17,6
2080,3,4
2081,3,3
2082,5,3
2083,55,3
2084,0,3
2085,11,3
2086,0,3
2087,0,3
2088,23,6
2089,9,3
2090,0,3
2091,0,3
2092,37,7
2093,3,4
2094,6,4
2095,31,6
2096,9,4
2097,9,3
2098,0,3
2099,39,8
2100,12,4
2101,0,3
2102,0,3
2103,0,3
2104,1,3
2105,94,5
2106,13,4
2107,10,5
2108,12,4
2109,0,3
2110,6,3
2111,0,3
2112,1,3
2113,9,3
2114,0,3
2115,0,3
2116,29,6
2117,0,3
2118,8,4
2119,0,3
2120,0,3
2121,29,5
2122,0,3
2123,30,4
2124,11,5
2125,0,3
2126,0,3
2127,6,4
2128,21,6
2129,6,5
2130,13,4
2131,7,3
2132,1,3
2133,20,6
2134,0,3
2135,0,3
2136,17,4
2137,0,3
2138,124,4
2139,12,4
2140,22,5
2141,106,4
2142,14,4
2143,12,5
2144,24,5
2145,0,3
2146,17,6
2147,9,3
2148,1,3
2149,1,3
2150,30,6
2151,0,3
2152,0,3
2153,10,5
2154,17,6
2155,78,3
2156,0,3
2157,0,3
2158,10,4
2159,45,6
2160,24,4
2161,0,3
2162,10,4
2163,5,3
2164,1,3
2165,0,3
2166,32,6
2167,8,4
2168,30,5
2169,14,6
2170,52,6
2171,20,4
2172,17,5
2173,36,3
2174,45,6
2175,7,5
2176,0,3
2177,3,3
2178,0,3
2179,18,4
2180,7,3
2181,0,3
2182,17,4
2183,12,4
2184,10,4
2185,28,6
2186,52,8
2187,0,3
2188,1,3
2189,19,5
2190,5,3
2191,33,6
2192,0,3
2193,53,8
2194,20,6
2195,3,3
2196,0,3
2197,19,5
2198,0,3
2199,13,4
2200,23,5
2201,0,3
2202,0,3
2203,0,3
2204,31,6
2205,69,6
2206,8,3
2207,33,5
2208,11,3
2209,27,5
2210,0,3
2211,14,4
2212,39,7
2213,0,3
2214,0,3
2215,0,3
2216,0,3
2217,9,4
2218,0,3
2219,0,3
2220,1,2
2221,0,3
2222,38,4
2223,0,3
2224,2,3
2225,12,4
2226,26,5
2227,4,3
2228,28,7
2229,27,6
2230,1,3
2231,0,3
2232,0,3
2233,50,9
2234,0,3
2235,48,7
2236,14,6
2237,39,6
2238,0,3
2239,3,3
2240,21,4
2241,0,3
2242,7,4
2243,0,3
2244,8,5
2245,0,3
2246,7,3
2247,20,5
2248,87,4
2249,0,3
2250,0,3
2251,0,3
2252,29,9
2253,0,3
2254,0,3
2255,52,4
2256,49,9
2257,27,6
2258,0,3
2259,22,5
2260,58,8
2261,1,3
2262,17,3
2263,0,3
2264,35,5
2265,0,3
2266,15,4
2267,12,3
2268,19,5
2269,37,5
2270,0,3
2271,0,3
2272,0,3
2273,48,5
2274,0,3
2275,0,3
2276,61,8
2277,0,3
2278,50,8
2279,32,8
2280,35,6
2281,46,6
2282,10,5
2283,0,3
2284,10,4
2285,82,3
2286,21,4
2287,1,3
2288,0,3
2289,0,3
2290,38,5
2291,51,6
2292,19,5
2293,15,6
2294,42,7
2295,37,5
2296,0,3
2297,0,3
2298,58,9
2299,29,5
2300,3,3
2301,14,5
2302,27,5
2303,76,9
2304,19,6
2305,111,6
2306,20,6
2307,60,8
2308,29,8
2309,0,3
2310,43,5
2311,67,10
2312,2,3
2313,0,3
2314,0,3
2315,45,9
2316,3,4
2317,0,3
2318,0,3
2319,43,5
2320,1000,1
2321,0,3
2322,0,3
2323,17,4
2324,0,3
2325,9,4
2326,49,8
2327,55,9
2328,0,3
2329,0,3
2330,0,3
2331,12,5
2332,80,3
2333,82,1
2334,0,3
2335,0,3
2336,30,7
2337,5,3
2338,0,3
2339,12,5
2340,57,7
2341,0,3
2342,32,6
2343,14,4
2344,0,3
2345,17,4
2346,31,8
2347,12,6
2348,27,5
2349,0,3
2350,31,4
2351,0,3
2352,16,5
2353,21,3
2354,5,3
2355,66,7
2356,12,4
2357,36,7
2358,0,3
2359,17,6
2360,21,8
2361,36,9
2362,0,3
2363,7,4
2364,0,3
2365,4,4
2366,32,3
2367,1,3
2368,0,3
2369,34,6
2370,66,9
2371,0,3
2372,5,2
2373,64,7
2374,0,3
2375,133,3
2376,12,4
2377,16,6
2378,0,3
2379,24,6
2380,16,6
2381,0,3
2382,0,3
2383,20,6
2384,3,3
2385,20,4
2386,6,3
2387,48,4
2388,0,3
2389,123,12
2390,90,5
2391,17,5
2392,0,3
2393,38,5
2394,0,3
2395,32,9
2396,74,7
2397,0,3
2398,34,7
2399,42,7
2400,6,3
2401,0,3
2402,0,3
2403,3,2
2404,26,4
2405,21,3
2406,0,3
2407,62,7
2408,29,5
2409,17,4
2410,58,7
2411,45,6
2412,20,5
2413,16,5
2414,170,6
2415,0,3
2416,0,3
2417,49,4
2418,30,6
2419,0,3
2420,0,3
2421,0,3
2422,50,8
2423,25,5
2424,0,3
2425,31,5
2426,0,3
2427,17,5
2428,0,3
2429,58,8
2430,3,3
2431,0,3
2432,0,3
2433,13,4
2434,36,11
2435,127,4
2436,7,4
2437,0,3
2438,0,3
2439,0,3
2440,0,3
2441,0,3
2442,0,3
2443,29,6
2444,0,3
2445,0,3
2446,68,5
2447,41,7
2448,0,3
2449,0,3
2450,0,3
2451,100,3
2452,12,4
2453,10,4
2454,0,3
2455,29,6
2456,37,8
2457,7,2
2458,87,10
2459,69,2
2460,15,5
2461,42,7
2462,0,3
2463,0,3
2464,53,8
2465,9,3
2466,0,3
2467,17,7
2468,0,3
2469,0,3
2470,0,3
2471,0,3
2472,0,3
2473,17,5
2474,4,5
2475,0,3
2476,43,7
2477,0,3
2478,60,7
2479,0,3
2480,26,4
2481,0,3
2482,8,3
2483,10,3
2484,0,3
2485,113,5
2486,23,6
2487,0,3
2488,3,3
2489,3,3
2490,5,3
2491,0,3
2492,68,7
2493,20,6
2494,0,3
2495,42,5
2496,26,8
2497,0,3
2498,7,3
2499,0,3
2500,13,6
2501,46,10
2502,48,9
2503,28,6
2504,19,6
2505,0,3
2506,0,3
2507,22,5
2508,0,3
2509,29,7
2510,21,7
2511,3,3
2512,73,8
2513,26,4
2514,0,3
2515,69,8
2516,0,3
2517,33,6
2518,39,8
2519,7,4
2520,0,3
2521,3,4
2522,44,8
2523,46,10
2524,0,3
2525,0,3
2526,30,6
2527,20,4
2528,47,10
2529,33,7
2530,17,5
2531,60,8
2532,24,4
2533,2,3
2534,92,4
2535,9,3
2536,0,3
2537,10,4
2538,0,3
2539,0,3
2540,0,3
2541,0,3
2542,17,4
2543,26,7
2544,9,4
2545,27,5
2546,31,6
2547,22,7
2548,0,3
2549,0,3
2550,30,6
2551,6,3
2552,1,3
2553,98,5
2554,74,5
2555,106,6
2556,0,3
2557,6,5
2558,0,3
2559,33,7
2560,0,3
2561,20,6
2562,24,5
2563,0,3
2564,0,3
2565,32,7
2566,0,3
2567,12,5
2568,0,3
2569,0,3
2570,77,5
2571,0,3
2572,13,6
2573,19,4
2574,0,3
2575,5,3
2576,24,6
2577,43,6
2578,67,6
2579,0,3
2580,47,11
2581,0,3
2582,201,5
2583,0,3
2584,0,3
2585,77,7
2586,0,3
2587,1,3
2588,80,8
2589,0,3
2590,0,3
2591,60,3
2592,0,3
2593,0,3
2594,24,3
2595,32,6
2596,11,4
2597,30,8
2598,48,9
2599,45,7
2600,0,3
2601,0,3
2602,1,3
2603,0,3
2604,23,5
2605,104,8
2606,19,5
2607,4,3
2608,33,9
2609,63,6
2610,0,3
2611,47,6
2612,0,3
2613,0,3
2614,0,3
2615,2,3
2616,0,3
2617,0,3
2618,59,4
2619,0,3
2620,0,3
2621,30,6
2622,30,7
2623,26,6
2624,29,6
2625,0,3
2626,0,3
2627,21,6
2628,0,3
2629,0,3
2630,0,3
2631,9,3
2632,0,3
2633,39,8
2634,25,4
2635,38,5
2636,50,7
2637,0,3
2638,43,7
2639,0,3
2640,14,3
2641,0,3
2642,39,4
2643,65,9
2644,0,3
2645,48,8
2646,20,6
2647,10,6
2648,8,4
2649,0,3
2650,12,5
2651,17,4
2652,167,9
2653,37,7
2654,44,8
2655,190,5
2656,2,3
2657,48,7
2658,13,5
2659,49,6
2660,14,4
2661,0,3
2662,4,3
2663,84,6
2664,42,8
2665,67,7
2666,31,5
2667,87,3
2668,0,3
2669,6,4
2670,0,3
2671,70,9
2672,6,4
2673,0,3
2674,50,9
2675,0,3
2676,63,4
2677,53,6
2678,36,5
2679,45,8
2680,7,4
2681,0,3
2682,0,3
2683,55,9
2684,37,6
2685,22,5
2686,0,3
2687,0,3
2688,15,3
2689,18,5
2690,0,3
2691,0,3
2692,0,3
2693,7,4
2694,35,6
2695,1,3
2696,7,4
2697,33,5
2698,19,5
2699,1,3
2700,0,3
2701,0,3
2702,2,3
2703,159,6
2704,25,6
2705,33,8
2706,0,3
2707,1,3
2708,27,7
2709,10,3
2710,0,3
2711,0,3
2712,1,3
2713,7,4
2714,0,3
2715,19,6
2716,32,5
2717,66,6
2718,48,3
2719,54,6
2720,31,7
2721,2,3
2722,77,3
2723,0,3
2724,0,3
2725,41,6
2726,13,4
2727,0,3
2728,54,6
2729,4,3
2730,0,3
2731,5,4
2732,0,3
2733,19,5
2734,0,3
2735,54,5
2736,0,3
2737,0,3
2738,0,3
2739,70,5
2740,24,2
2741,0,3
2742,15,5
2743,0,3
2744,28,6
2745,14,5
2746,0,3
2747,0,3
2748,0,3
2749,10,4
2750,0,3
2751,33,5
2752,0,3
2753,7,3
2754,0,3
2755,0,3
2756,0,3
2757,19,6
2758,0,3
2759,25,6
2760,0,3
2761,0,3
2762,12,4
2763,24,4
2764,94,8
2765,1,3
2766,16,6
2767,1,3
2768,0,3
2769,34,5
2770,14,6
2771,0,3
2772,0,3
2773,3,3
2774,13,3
2775,0,3
2776,0,3
2777,19,5
2778,3,3
2779,8,4
2780,48,6
2781,4,4
2782,29,4
2783,3,3
2784,0,3
2785,0,3
2786,6,3
2787,0,3
2788,49,9
2789,5,3
2790,0,3
2791,34,9
2792,0,3
2793,0,3
2794,10,5
2795,13,5
2796,0,3
2797,0,3
2798,0,3
2799,0,3
2800,35,7
2801,10,4
2802,27,6
2803,60,8
2804,53,5
2805,0,3
2806,51,3
2807,4,3
2808,5,4
2809,74,7
2810,24,6
2811,25,5
2812,1,3
2813,11,4
2814,5,3
2815,80,4
2816,133,9
2817,3,5
2818,22,7
2819,0,3
2820,0,3
2821,35,3
2822,50,5
2823,22,4
2824,0,3
2825,0,3
2826,127,7
2827,39,6
2828,11,4
2829,0,3
2830,0,3
2831,63,10
2832,0,3
2833,0,3
2834,0,3
2835,35,5
2836,0,3
2837,32,5
2838,0,3
2839,0,3
2840,9,4
2841,0,3
2842,47,7
2843,0,3
2844,34,8
2845,31,9
2846,0,3
2847,89,8
2848,129,8
2849,41,7
2850,51,7
2851,2,3
2852,13,4
2853,0,3
2854,17,4
2855,93,7
2856,61,3
2857,31,8
2858,41,2
2859,50,5
2860,18,4
2861,1,3
2862,0,3
2863,25,5
2864,0,3
2865,0,3
2866,22,7
2867,0,3
2868,33,7
2869,54,8
2870,51,3
2871,0,3
2872,22,5
2873,97,3
2874,0,3
2875,0,3
2876,0,3
2877,87,9
2878,34,8
2879,21,5
2880,45,7
2881,13,4
2882,55,8
2883,26,6
2884,83,6
2885,90,4
2886,69,9
2887,0,3
2888,6,3
2889,5,3
2890,13,5
2891,9,4
2892,0,3
2893,22,4
2894,28,6
2895,5,5
2896,0,3
2897,25,6
2898,0,3
2899,5,3
2900,0,3
2901,0,3
2902,0,3
2903,0,3
2904,0,3
2905,0,3
2906,0,3
2907,9,3
2908,73,5
2909,36,7
2910,60,5
2911,23,6
2912,74,4
2913,0,3
2914,0,3
2915,42,6
2916,0,3
2917,106,12
2918,15,4
2919,25,6
2920,34,7
2921,4,4
2922,0,3
2923,0,3
2924,47,8
2925,3,3
2926,0,3
2927,0,3
2928,1,3
2929,0,3
2930,0,3
2931,0,3
2932,0,3
2933,60,7
2934,23,6
2935,112,7
2936,0,3
2937,0,3
2938,14,5
2939,51,9
2940,0,3
2941,2,2
2942,12,5
2943,12,5
2944,31,8
2945,49,9
2946,36,5
2947,20,5
2948,0,3
2949,0,3
2950,0,3
2951,0,3
2952,0,3
2953,4,3
2954,0,3
2955,15,4
2956,0,3
2957,28,6
2958,0,3
2959,0,3
2960,16,4
2961,4,3
2962,0,3
2963,43,8
2964,122,8
2965,39,6
2966,0,3
2967,3,3
2968,0,3
2969,37,7
2970,45,7
2971,4,3
2972,27,8
2973,42,7
2974,0,3
2975,86,10
2976,0,3
2977,1,3
2978,30,5
2979,1,3
2980,0,3
2981,0,3
2982,0,3
2983,2,3
2984,1,3
2985,16,6
2986,31,5
2987,40,8
2988,0,3
2989,26,7
2990,0,3
2991,1,3
2992,35,5
2993,106,7
2994,21,6
2995,0,3
2996,0,3
2997,0,3
2998,13,6
2999,38,6
3000,0,3
3001,79,9
3002,0,3
3003,4,3
3004,0,3
3005,5,4
3006,43,8
3007,0,3
3008,0,3
3009,11,4
3010,61,6
3011,44,8
3012,7,3
3013,4,3
3014,0,3
3015,40,9
3016,4,4
3017,2,3
3018,40,6
3019,2,3
3020,18,5
3021,0,3
3022,47,10
3023,9,3
3024,59,6
3025,50,9
3026,119,7
3027,0,3
3028,0,3
3029,33,5
3030,0,3
3031,70,8
3032,83,8
3033,75,7
3034,45,9
3035,13,5
3036,19,4
3037,0,3
3038,0,3
3039,0,3
3040,21,4
3041,33,3
3042,62,11
3043,19,3
3044,0,3
3045,0,3
3046,9,5
3047,105,14
3048,54,10
3049,30,4
3050,62,7
3051,0,3
3052,29,6
3053,8,4
3054,66,12
3055,10,3
3056,26,7
3057,0,3
3058,9,5
3059,0,3
3060,65,8
3061,53,8
3062,0,3
3063,0,3
3064,54,10
3065,28,7
3066,1,3
3067,70,11
3068,0,3
3069,54,10
3070,73,8
3071,0,3
3072,75,3
3073,0,3
3074,9,5
3075,27,7
3076,28,5
3077,24,9
3078,34,7
3079,8,5
3080,0,3
3081,164,3
3082,27,7
3083,0,3
3084,106,7
3085,44,7
3086,60,5
3087,0,3
3088,10,4
3089,21,7
3090,1,3
3091,0,3
3092,49,6
3093,0,3
3094,39,7
3095,0,3
3096,0,3
3097,93,10
3098,29,9
3099,41,7
3100,44,3
3101,0,3
3102,69,8
3103,45,8
3104,0,3
3105,0,3
3106,70,4
3107,130,9
3108,31,4
3109,0,3
3110,3,3
3111,0,3
3112,0,3
3113,0,3
3114,74,9
3115,3,3
3116,48,7
3117,57,6
3118,14,4
3119,53,8
3120,84,7
3121,0,3
3122,0,3
3123,47,7
3124,61,8
3125,1,3
3126,0,3
3127,38,9
3128,14,4
3129,10,4
3130,49,5
3131,5,3
3132,26,5
3133,0,3
3134,17,5
3135,0,3
3136,0,3
3137,106,8
3138,0,3
3139,0,3
3140,39,6
3141,5,4
3142,7,4
3143,0,3
3144,181,9
3145,66,7
3146,70,7
3147,33,6
3148,44,8
3149,78,10
3150,14,4
3151,0,3
3152,5,4
3153,68,9
3154,0,3
3155,0,3
3156,10,5
3157,0,3
3158,12,5
3159,15,4
3160,2,3
3161,74,8
3162,35,8
3163,1,3
3164,21,3
3165,2,3
3166,125,12
3167,39,10
3168,13,5
3169,42,5
3170,0,3
3171,8,3
3172,10,4
3173,17,5
3174,0,3
3175,0,3
3176,212,13
3177,0,3
3178,0,3
3179,0,3
3180,70,11
3181,0,3
3182,0,3
3183,0,3
3184,0,3
3185,0,3
3186,0,3
3187,0,3
3188,58,11
3189,112,8
3190,12,3
3191,35,7
3192,0,3
3193,51,7
3194,6,3
3195,10,4
3196,31,6
3197,47,7
3198,16,5
3199,0,3
3200,138,10
3201,0,3
3202,8,3
3203,9,4
3204,61,9
3205,0,3
3206,84,14
3207,66,8
3208,0,3
3209,0,3
3210,116,12
3211,30,8
3212,0,3
3213,49,8
3214,41,7
3215,3,3
3216,6,3
3217,25,6
3218,28,7
3219,62,12
3220,0,3
3221,55,9
3222,29,8
3223,59,7
3224,44,8
3225,36,7
3226,0,3
3227,29,8
3228,0,3
3229,55,5
3230,6,5
3231,52,8
3232,27,4
3233,0,3
3234,35,6
3235,0,3
3236,30,9
3237,0,3
3238,0,3
3239,32,6
3240,28,5
3241,65,12
3242,1,3
3243,25,4
3244,46,10
3245,24,8
3246,0,3
3247,0,3
3248,83,9
3249,17,4
3250,81,5
3251,0,3
3252,46,6
3253,0,3
3254,0,3
3255,0,3
3256,14,4
3257,0,3
3258,13,4
3259,47,6
3260,18,4
3261,0,3
3262,0,3
3263,0,3
3264,64,8
3265,38,7
3266,34,6
3267,0,3
3268,78,10
3269,31,8
3270,0,3
3271,69,10
3272,62,7
3273,0,3
3274,1,3
3275,0,3
3276,0,3
3277,51,7
3278,48,6
3279,0,3
3280,137,8
3281,3,3
3282,77,9
3283,0,3
3284,52,7
3285,36,8
3286,43,6
3287,9,4
3288,49,6
3289,28,5
3290,0,3
3291,0,3
3292,91,9
3293,36,9
3294,9,4
3295,10,4
3296,16,3
3297,24,8
3298,1,3
3299,88,8
3300,0,3
3301,45,7
3302,0,3
3303,54,7
3304,9,3
3305,12,3
3306,18,6
3307,27,6
3308,83,8
3309,62,7
3310,0,3
3311,0,3
3312,48,9
3313,47,8
3314,31,7
3315,16,5
3316,0,3
3317,45,6
3318,0,3
3319,20,4
3320,26,6
3321,0,3
3322,17,2
3323,0,3
3324,0,3
3325,10,4
3326,0,3
3327,0,3
3328,0,3
3329,3,3
3330,59,10
3331,108,13
3332,22,7
3333,56,10
3334,0,3
3335,101,11
3336,33,4
3337,0,3
3338,0,3
3339,41,9
3340,0,3
3341,3,3
3342,0,3
3343,0,3
3344,0,3
3345,0,3
3346,22,5
3347,26,5
3348,59,8
3349,89,5
3350,52,7
3351,18,7
3352,93,9
3353,124,8
3354,91,10
3355,138,4
3356,108,9
3357,26,4
3358,0,3
3359,0,3
3360,0,3
3361,285,5
3362,0,3
3363,28,6
3364,70,7
3365,28,7
3366,64,6
3367,141,5
3368,59,7
3369,20,4
3370,69,7
3371,0,3
3372,46,4
3373,0,3
3374,0,3
3375,31,6
3376,74,8
3377,52,7
3378,3,4
3379,1,3
3380,45,9
3381,100,17
3382,63,10
3383,27,6
3384,0,3
3385,3,3
3386,38,8
3387,17,3
3388,39,7
3389,18,5
3390,0,3
3391,0,3
3392,10,4
3393,13,6
3394,0,3
3395,0,3
3396,30,6
3397,0,3
3398,67,6
3399,111,11
3400,26,7
3401,0,3
3402,116,4
3403,0,3
3404,0,3
3405,24,4
3406,30,7
3407,57,9
3408,0,3
3409,70,5
3410,57,9
3411,0,3
3412,76,13
3413,0,3
3414,0,3
3415,0,3
3416,63,13
3417,0,3
3418,97,12
3419,69,11
3420,27,4
3421,16,4
3422,0,3
3423,135,20
3424,0,3
3425,0,3
3426,8,3
3427,43,6
3428,0,3
3429,0,3
3430,0,3
3431,0,3
3432,33,7
3433,0,3
3434,88,11
3435,40,7
3436,0,3
3437,0,3
3438,284,4
3439,83,10
3440,36,7
3441,0,3
3442,38,6
3443,0,3
3444,0,3
3445,0,3
3446,10,4
3447,35,8
3448,0,3
3449,66,7
3450,0,3
3451,29,7
3452,0,3
3453,10,4
3454,32,5
3455,119,9
3456,45,7
3457,73,11
3458,81,10
3459,86,11
3460,32,6
3461,0,3
3462,49,5
3463,0,3
3464,175,11
3465,54,7
3466,39,7
3467,0,3
3468,0,3
3469,62,8
3470,0,3
3471,35,8
3472,0,3
3473,40,10
3474,99,9
3475,0,3
3476,0,3
3477,0,3
3478,43,4
3479,72,7
3480,0,3
3481,13,4
3482,17,5
3483,22,5
3484,16,3
3485,0,3
3486,1,3
3487,47,6
3488,0,3
3489,89,9
3490,94,11
3491,12,5
3492,0,3
3493,0,3
3494,10,3
3495,45,6
3496,31,6
3497,0,3
3498,25,5
3499,35,8
3500,55,8
3501,1,3
3502,32,6
3503,0,3
3504,43,6
3505,57,8
3506,38,6
3507,0,3
3508,22,5
3509,0,3
3510,0,3
3511,107,11
3512,0,3
3513,0,3
3514,74,10
3515,78,12
3516,104,12
3517,0,3
3518,55,9
3519,140,8
3520,67,12
3521,39,9
3522,0,3
3523,84,11
3524,0,3
3525,0,3
3526,32,4
3527,55,9
3528,131,9
3529,0,3
3530,0,3
3531,1,3
3532,74,9
3533,48,7
3534,112,11
3535,0,3
3536,94,11
3537,0,3
3538,0,3
3539,24,6
3540,44,8
3541,38,7
3542,0,3
3543,0,3
3544,98,11
3545,46,6
3546,47,4
3547,1,3
3548,15,3
3549,57,3
3550,40,8
3551,157,7
3552,57,12
3553,86,11
3554,39,4
3555,0,3
3556,205,4
3557,59,7
3558,45,6
3559,48,8
3560,30,8
3561,0,3
3562,17,5
3563,0,3
3564,63,10
3565,57,10
3566,0,3
3567,0,3
3568,254,11
3569,0,3
3570,20,6
3571,32,7
3572,0,3
3573,67,9
3574,24,6
3575,88,8
3576,45,9
3577,2,3
3578,0,3
3579,32,8
3580,45,4
3581,0,3
3582,15,4
3583,23,7
3584,0,3
3585,20,4
3586,26,6
3587,0,3
3588,16,4
3589,0,3
3590,3,3
3591,5,3
3592,44,6
3593,16,6
3594,196,3
3595,113,10
3596,117,10
3597,0,3
3598,20,6
3599,34,4
3600,45,13
3601,0,3
3602,0,3
3603,4,3
3604,26,6
3605,0,3
3606,0,3
3607,6,3
3608,16,5
3609,56,12
3610,0,3
3611,53,11
3612,0,3
3613,78,5
3614,88,11
3615,11,5
3616,41,9
3617,0,3
3618,0,3
3619,10,3
3620,6,3
3621,0,3
3622,0,3
3623,2,3
3624,58,7
3625,0,3
3626,47,7
3627,8,3
3628,35,9
3629,0,3
3630,187,22
3631,0,3
3632,26,7
3633,13,6
3634,34,5
3635,0,3
3636,8,3
3637,0,3
3638,0,3
3639,132,12
3640,0,3
3641,127,3
3642,304,8
3643,0,3
3644,0,3
3645,0,3
3646,35,6
3647,4,3
3648,1,3
3649,0,3
3650,22,6
3651,0,3
3652,12,4
3653,0,3
3654,0,3
3655,0,3
3656,0,3
3657,32,5
3658,37,5
3659,74,10
3660,81,9
3661,26,8
3662,11,4
3663,65,13
3664,0,3
3665,6,4
3666,19,4
3667,61,12
3668,27,7
3669,29,6
3670,0,3
3671,39,10
3672,132,14
3673,106,13
3674,27,7
3675,0,3
3676,22,7
3677,0,3
3678,74,10
3679,0,3
3680,84,7
3681,0,3
3682,7,3
3683,107,20
3684,112,11
3685,0,3
3686,20,5
3687,26,4
3688,202,13
3689,72,9
3690,14,4
3691,0,3
3692,42,7
3693,0,3
3694,38,5
3695,65,12
3696,11,5
3697,24,5
3698,0,3
3699,7,4
3700,55,8
3701,0,3
3702,97,15
3703,0,3
3704,70,9
3705,0,3
3706,0,3
3707,37,7
3708,1,3
3709,0,3
3710,65,8
3711,0,3
3712,68,7
3713,66,9
3714,83,13
3715,0,3
3716,54,7
3717,112,9
3718,51,10
3719,0,3
3720,104,10
3721,127,10
3722,3,3
3723,55,11
3724,0,3
3725,258,6
3726,6,4
3727,91,11
3728,9,4
3729,43,9
3730,0,3
3731,44,8
3732,38,7
3733,0,3
3734,121,9
3735,0,3
3736,241,14
3737,47,7
3738,77,11
3739,30,5
3740,6,3
3741,0,3
3742,40,6
3743,79,7
3744,153,16
3745,21,5
3746,172,14
3747,116,14
3748,0,3
3749,51,8
3750,120,11
3751,0,3
3752,36,6
3753,0,3
3754,73,10
3755,114,14
3756,0,3
3757,14,4
3758,62,6
3759,0,3
3760,0,3
3761,0,3
3762,0,3
3763,17,5
3764,103,11
3765,57,7
3766,58,11
3767,0,3
3768,0,3
3769,59,13
3770,0,3
3771,10,4
3772,108,9
3773,70,9
3774,91,16
3775,0,3
3776,18,5
3777,173,6
3778,1,3
3779,0,3
3780,44,4
3781,0,3
3782,0,3
3783,0,3
3784,0,3
3785,0,3
3786,1,3
3787,0,3
3788,0,3
3789,14,4
3790,64,7
3791,0,3
3792,5,3
3793,105,6
3794,52,8
3795,0,3
3796,52,10
3797,139,11
3798,22,5
3799,76,11
3800,33,8
3801,0,3
3802,111,11
3803,50,12
3804,0,3
3805,0,3
3806,0,3
3807,16,5
3808,56,8
3809,66,9
3810,0,3
3811,13,4
3812,0,3
3813,93,13
3814,0,3
3815,0,3
3816,0,3
3817,39,7
3818,40,7
3819,85,15
3820,0,3
3821,1,3
3822,0,3
3823,33,7
3824,60,9
3825,194,6
3826,92,9
3827,90,13
3828,244,4
3829,87,12
3830,0,3
3831,79,9
3832,72,12
3833,15,5
3834,78,9
3835,2,4
3836,184,17
3837,0,3
3838,34,7
3839,216,14
3840,0,3
3841,0,3
3842,84,10
3843,70,10
3844,73,7
3845,2,3
3846,0,3
3847,49,7
3848,98,9
3849,0,3
3850,11,4
3851,53,9
3852,1,3
3853,13,6
3854,0,3
3855,0,3
3856,125,9
3857,0,3
3858,0,3
3859,124,17
3860,129,9
3861,0,3
3862,144,20
3863,1,3
3864,15,4
3865,150,14
3866,31,7
3867,0,3
3868,0,3
3869,77,4
3870,0,3
3871,109,14
3872,10,5
3873,86,14
3874,208,8
3875,18,4
3876,68,9
3877,16,3
3878,0,3
3879,1,3
3880,23,6
3881,0,3
3882,0,3
3883,33,8
3884,0,3
3885,0,3
3886,0,3
3887,0,3
3888,95,9
3889,129,6
3890,87,13
3891,0,3
3892,17,4
3893,96,10
3894,0,3
3895,0,3
3896,0,3
3897,70,11
3898,63,12
3899,37,6
3900,0,3
3901,0,3
3902,0,3
3903,57,11
3904,53,11
3905,54,12
3906,68,12
3907,15,5
3908,154,11
3909,6,3
3910,20,7
3911,9,4
3912,20,4
3913,119,11
3914,288,14
3915,0,3
3916,69,9
3917,0,3
3918,106,15
3919,25,6
3920,29,5
3921,0,3
3922,94,14
3923,155,13
3924,114,13
3925,5,4
3926,87,11
3927,94,8
3928,16,5
3929,125,10
3930,104,7
3931,0,3
3932,141,13
3933,65,12
3934,274,9
3935,158,10
3936,0,3
3937,292,14
3938,32,7
3939,73,11
3940,0,3
3941,1,3
3942,71,8
3943,2,3
3944,0,3
3945,161,13
3946,0,3
3947,17,4
3948,45,9
3949,0,3
3950,41,10
3951,0,3
3952,109,13
3953,82,4
3954,0,3
3955,9,5
3956,0,3
3957,110,7
3958,73,7
3959,0,3
3960,28,5
3961,81,8
3962,77,9
3963,105,8
3964,0,3
3965,0,3
3966,0,3
3967,0,3
3968,53,6
3969,52,13
3970,146,9
3971,0,3
3972,44,10
3973,90,13
3974,67,8
3975,0,3
3976,0,3
3977,0,3
3978,41,9
3979,0,3
3980,0,3
3981,24,4
3982,0,3
3983,97,12
3984,40,8
3985,98,12
3986,0,3
3987,0,3
3988,13,6
3989,75,9
3990,83,12
3991,29,7
3992,143,9
3993,81,8
3994,3,3
3995,189,15
3996,0,3
3997,31,4
3998,41,6
3999,69,12
4000,0,3
4001,0,3
4002,30,8
4003,0,3
4004,0,3
4005,0,3
4006,0,3
4007,82,15
4008,0,3
4009,0,3
4010,17,3
4011,24,5
4012,60,9
4013,0,3
4014,62,8
4015,52,12
4016,0,3
4017,124,13
4018,0,3
4019,89,8
4020,12,5
4021,46,8
4022,15,6
4023,0,3
4024,0,3
4025,0,3
4026,0,3
4027,76,11
4028,0,3
4029,75,13
4030,58,12
4031,0,3
4032,0,3
4033,12,4
4034,16,5
4035,13,3
4036,23,5
4037,61,11
4038,0,3
4039,102,11
4040,0,3
4041,99,11
4042,62,11
4043,0,3
4044,98,9
4045,34,6
4046,65,10
4047,27,5
4048,0,3
4049,0,3
4050,82,10
4051,3,3
4052,68,9
4053,22,6
4054,88,11
4055,18,7
4056,0,3
4057,25,4
4058,0,3
4059,36,6
4060,39,6
4061,73,13
4062,175,11
4063,90,13
4064,29,5
4065,44,10
4066,75,12
4067,253,18
4068,0,3
4069,72,11
4070,0,3
4071,58,10
4072,18,5
4073,18,4
4074,6,4
4075,0,3
4076,61,3
4077,82,10
4078,38,7
4079,88,10
4080,91,11
4081,0,3
4082,0,3
4083,103,13
4084,115,10
4085,201,3
4086,27,7
4087,24,5
4088,54,8
4089,156,11
4090,12,4
4091,22,8
4092,168,14
4093,0,3
4094,40,9
4095,0,3
4096,0,3
4097,0,3
4098,79,11
4099,305,15
4100,0,3
4101,0,3
4102,51,10
4103,0,3
4104,63,12
4105,5,3
4106,58,8
4107,99,8
4108,0,3
4109,105,9
4110,0,3
4111,0,3
4112,28,6
4113,53,8
4114,26,4
4115,0,3
4116,34,8
4117,86,11
4118,0,3
4119,25,6
4120,39,3
4121,0,3
4122,48,8
4123,92,10
4124,104,15
4125,169,12
4126,0,3
4127,0,3
4128,34,8
4129,26,7
4130,39,5
4131,148,11
4132,8,4
4133,96,17
4134,0,3
4135,43,7
4136,0,3
4137,73,11
4138,45,12
4139,135,8
4140,32,6
4141,53,9
4142,0,3
4143,0,3
4144,116,12
4145,0,3
4146,0,3
4147,0,3
4148,0,3
4149,0,3
4150,100,16
4151,128,10
4152,0,3
4153,24,6
4154,0,3
4155,105,12
4156,73,12
4157,128,7
4158,0,3
4159,36,7
4160,0,3
4161,113,9
4162,10,4
4163,38,8
4164,77,8
4165,0,3
4166,0,3
4167,0,3
4168,0,3
4169,110,16
4170,25,5
4171,108,12
4172,43,7
4173,61,9
4174,29,5
4175,91,13
4176,169,17
4177,208,10
4178,63,10
4179,0,3
4180,56,11
4181,0,3
4182,87,9
4183,175,12
4184,57,12
4185,36,5
4186,2,3
4187,0,3
4188,0,3
4189,15,4
4190,115,14
4191,0,3
4192,0,3
4193,0,3
4194,139,13
4195,0,3
4196,65,11
4197,44,8
4198,7,4
4199,0,3
4200,23,4
4201,95,10
4202,5,3
4203,49,9
4204,0,3
4205,59,8
4206,0,3
4207,42,8
4208,50,10
4209,0,3
4210,56,8
4211,0,3
4212,0,3
4213,109,13
4214,91,7
4215,70,12
4216,161,18
4217,64,11
4218,87,14
4219,26,5
4220,0,3
4221,0,3
4222,46,8
4223,102,11
4224,0,3
4225,2,3
4226,192,13
4227,82,10
4228,68,12
4229,0,3
4230,19,5
4231,83,11
4232,86,13
4233,126,14
4234,0,3
4235,107,12
4236,21,6
4237,0,3
4238,0,3
4239,150,11
4240,0,3
4241,9,3
4242,0,3
4243,78,15
4244,54,7
4245,0,3
4246,57,5
4247,43,8
4248,10,2
4249,92,9
4250,86,13
4251,146,19
4252,45,6
4253,86,12
4254,83,13
4255,0,3
4256,0,3
4257,63,9
4258,42,8
4259,0,3
4260,0,3
4261,0,3
4262,0,3
4263,42,6
4264,0,3
4265,59,10
4266,0,3
4267,40,8
4268,170,15
4269,52,10
4270,53,10
4271,0,3
4272,0,3
4273,89,11
4274,129,10
4275,26,6
4276,17,5
4277,79,12
4278,0,3
4279,163,12
4280,0,3
4281,0,3
4282,0,3
4283,143,13
4284,151,18
4285,0,3
4286,28,6
4287,0,3
4288,0,3
4289,98,15
4290,0,3
4291,0,3
4292,64,13
4293,0,3
4294,0,3
4295,10,5
4296,14,6
4297,115,12
4298,118,9
4299,0,3
4300,0,3
4301,62,7
4302,38,8
4303,92,13
4304,130,14
4305,116,17
4306,71,11
4307,0,3
4308,70,12
4309,0,3
4310,276,11
4311,71,10
4312,117,12
4313,87,8
4314,0,3
4315,49,12
4316,0,3
4317,98,12
4318,131,11
4319,0,3
4320,86,9
4321,128,16
4322,0,3
4323,42,7
4324,0,3
4325,0,3
4326,119,19
4327,0,3
4328,0,3
4329,81,13
4330,0,3
4331,0,3
4332,116,7
4333,0,3
4334,0,3
4335,49,11
4336,2,3
4337,96,12
4338,84,14
4339,313,26
4340,0,3
4341,122,15
4342,0,3
4343,0,3
4344,0,3
4345,91,10
4346,74,10
4347,112,10
4348,0,3
4349,0,3
4350,0,3
4351,113,19
4352,69,10
4353,202,24
4354,0,3
4355,32,5
4356,0,3
4357,121,14
4358,133,7
4359,37,6
4360,103,12
4361,103,14
4362,0,3
4363,100,13
4364,97,5
4365,259,5
4366,3,3
4367,32,7
4368,11,6
4369,84,11
4370,48,9
4371,104,15
4372,289,19
4373,0,3
4374,69,10
4375,63,11
4376,16,5
4377,10,3
4378,0,3
4379,41,8
4380,66,12
4381,157,8
4382,54,10
4383,0,3
4384,197,14
4385,43,7
4386,0,3
4387,0,3
4388,0,3
4389,33,7
4390,83,9
4391,0,3
4392,14,4
4393,0,3
4394,16,4
4395,97,13
4396,0,3
4397,0,3
4398,172,13
4399,251,9
4400,81,9
4401,59,6
4402,128,14
4403,31,10
4404,12,3
4405,95,11
4406,0,3
4407,164,6
4408,0,3
4409,0,3
4410,17,5
4411,50,12
4412,101,11
4413,69,11
4414,0,3
4415,0,3
4416,121,15
4417,118,19
4418,0,3
4419,0,3
4420,34,8
4421,143,14
4422,0,3
4423,0,3
4424,179,14
4425,99,13
4426,0,3
4427,11,6
4428,73,11
4429,0,3
4430,132,14
4431,275,12
4432,152,15
4433,286,17
4434,0,3
4435,182,11
4436,69,8
4437,48,11
4438,47,8
4439,99,12
4440,102,12
4441,0,3
4442,107,15
4443,17,4
4444,19,3
4445,0,3
4446,267,6
4447,82,15
4448,22,4
4449,0,3
4450,0,3
4451,1,3
4452,146,16
4453,0,3
4454,20,4
4455,0,3
4456,133,12
4457,122,13
4458,71,10
4459,0,3
4460,0,3
4461,0,3
4462,0,3
4463,23,5
4464,155,18
4465,8,4
4466,0,3
4467,0,3
4468,0,3
4469,0,3
4470,8,4
4471,0,3
4472,0,3
4473,0,3
4474,48,8
4475,0,3
4476,110,14
4477,130,13
4478,87,10
4479,0,3
4480,56,11
4481,0,3
4482,108,11
4483,147,8
4484,232,9
4485,147,16
4486,9,4
4487,35,9
4488,69,11
4489,0,3
4490,0,3
4491,206,12
4492,0,3
4493,0,3
4494,26,10
4495,69,6
4496,239,19
4497,0,3
4498,0,3
4499,73,12
4500,0,3
4501,66,12
4502,380,5
4503,60,7
4504,109,15
4505,25,5
4506,51,11
4507,97,12
4508,73,12
4509,56,11
4510,0,3
4511,0,3
4512,0,3
4513,63,11
4514,89,13
4515,0,3
4516,39,8
4517,49,12
4518,134,15
4519,0,3
4520,0,3
4521,144,16
4522,52,9
4523,48,3
4524,544,11
4525,106,8
4526,0,3
4527,209,7
4528,137,12
4529,81,7
4530,56,6
4531,72,7
4532,18,5
4533,123,15
4534,0,3
4535,0,3
4536,0,3
4537,61,7
4538,63,7
4539,56,7
4540,78,9
4541,60,11
4542,29,9
4543,102,14
4544,0,3
4545,19,5
4546,0,3
4547,144,12
4548,144,21
4549,51,12
4550,142,11
4551,28,6
4552,212,9
4553,70,9
4554,137,15
4555,392,6
4556,0,3
4557,121,13
4558,0,3
4559,0,3
4560,4,3
4561,17,6
4562,43,9
4563,0,3
4564,160,17
4565,37,8
4566,0,3
4567,63,11
4568,43,8
4569,90,13
4570,0,3
4571,0,3
4572,63,14
4573,0,3
4574,0,3
4575,0,3
4576,147,16
4577,125,12
4578,0,3
4579,0,3
4580,89,13
4581,0,3
4582,33,7
4583,47,7
4584,75,11
4585,142,11
4586,89,16
4587,39,9
4588,0,3
4589,137,17
4590,87,10
4591,34,7
4592,65,8
4593,179,8
4594,207,23
4595,186,18
4596,79,10
4597,81,10
4598,0,3
4599,24,8
4600,32,6
4601,29,8
4602,27,6
4603,36,7
4604,56,11
4605,0,3
4606,180,20
4607,181,13
4608,0,3
4609,0,3
4610,0,3
4611,0,3
4612,0,3
4613,0,3
4614,87,12
4615,165,19
4616,0,3
4617,0,3
4618,242,15
4619,37,9
4620,0,3
4621,190,11
4622,0,3
4623,4,3
4624,0,3
4625,119,15
4626,58,10
4627,46,9
4628,3,3
4629,29,6
4630,73,12
4631,80,9
4632,79,12
4633,76,9
4634,110,8
4635,0,3
4636,139,13
4637,0,3
4638,100,12
4639,0,3
4640,91,12
4641,281,10
4642,1,3
4643,0,3
4644,118,10
4645,0,3
4646,75,7
4647,52,10
4648,8,3
4649,52,12
4650,174,10
4651,70,14
4652,0,3
4653,2,3
4654,125,3
4655,86,8
4656,184,13
4657,43,4
4658,0,3
4659,93,16
4660,0,3
4661,93,11
4662,39,7
4663,0,3
4664,136,14
4665,0,3
4666,104,13
4667,1,3
4668,0,3
4669,0,3
4670,0,3
4671,77,9
4672,68,9
4673,0,3
4674,104,12
4675,0,3
4676,0,3
4677,1,3
4678,112,11
4679,116,13
4680,45,6
4681,115,13
4682,338,10
4683,0,3
4684,83,13
4685,0,3
4686,136,11
4687,0,3
4688,152,11
4689,73,11
4690,0,3
4691,130,8
4692,0,3
4693,144,19
4694,126,16
4695,63,15
4696,0,3
4697,0,3
4698,138,19
4699,31,7
4700,196,15
4701,0,3
4702,86,10
4703,0,3
4704,148,12
4705,100,14
4706,31,7
4707,242,20
4708,52,9
4709,54,8
4710,183,6
4711,41,10
4712,4,3
4713,48,9
4714,120,17
4715,0,3
4716,169,7
4717,106,13
4718,62,11
4719,0,3
4720,0,3
4721,132,14
4722,96,15
4723,0,3
4724,116,14
4725,149,4
4726,282,10
4727,0,3
4728,160,16
4729,0,3
4730,75,15
4731,237,18
4732,0,3
4733,0,3
4734,248,18
4735,133,16
4736,151,20
4737,46,9
4738,179,18
4739,148,18
4740,115,14
4741,0,3
4742,0,3
4743,0,3
4744,0,3
4745,0,3
4746,85,13
4747,149,15
4748,72,15
4749,286,6
4750,104,15
4751,0,3
4752,0,3
4753,0,3
4754,42,7
4755,0,3
4756,0,3
4757,187,16
4758,96,13
4759,0,3
4760,17,4
4761,0,3
4762,0,3
4763,52,7
4764,106,11
4765,114,16
4766,52,9
4767,130,18
4768,91,13
4769,88,10
4770,109,16
4771,187,21
4772,195,21
4773,51,8
4774,0,3
4775,133,14
4776,0,3
4777,176,18
4778,62,8
4779,78,9
4780,36,6
4781,0,3
4782,0,3
4783,0,3
4784,0,3
4785,0,3
4786,143,19
4787,0,3
4788,0,3
4789,72,6
4790,1,3
4791,0,3
4792,106,12
4793,32,6
4794,107,13
4795,149,11
4796,399,11
4797,166,16
4798,188,20
4799,0,3
4800,64,8
4801,0,3
4802,0,3
4803,377,17
4804,49,10
4805,158,17
4806,58,13
4807,291,15
4808,0,3
4809,109,13
4810,239,20
4811,115,14
4812,121,16
4813,0,3
4814,214,20
4815,69,11
4816,0,3
4817,112,15
4818,76,7
4819,46,10
4820,304,7
4821,174,13
4822,109,11
4823,350,9
4824,0,3
4825,207,25
4826,0,3
4827,103,14
4828,0,3
4829,0,3
4830,120,11
4831,0,3
4832,147,10
4833,150,15
4834,0,3
4835,93,17
4836,0,3
4837,254,15
4838,71,14
4839,0,3
4840,0,3
4841,120,19
4842,81,9
4843,28,8
4844,0,3
4845,90,13
4846,108,14
4847,158,7
4848,0,3
4849,0,3
4850,11,5
4851,192,11
4852,60,9
4853,380,17
4854,0,3
4855,68,9
4856,30,4
4857,62,10
4858,288,14
4859,134,9
4860,59,11
4861,215,18
4862,69,11
4863,67,11
4864,234,19
4865,9,3
4866,27,6
4867,46,7
4868,93,9
4869,48,8
4870,192,22
4871,73,10
4872,0,3
4873,22,4
4874,124,7
4875,90,13
4876,34,6
4877,0,3
4878,182,19
4879,21,5
4880,42,7
4881,100,9
4882,0,3
4883,206,21
4884,142,17
4885,0,3
4886,319,5
4887,1,3
4888,38,7
4889,255,28
4890,0,3
4891,106,14
4892,20,5
4893,299,18
4894,320,12
4895,0,3
4896,224,17
4897,0,3
4898,205,13
4899,2,3
4900,173,20
4901,5,4
4902,0,3
4903,113,10
4904,0,3
4905,0,3
4906,0,3
4907,0,3
4908,317,8
4909,81,10
4910,182,21
4911,175,16
4912,142,6
4913,0,3
4914,162,13
4915,153,8
4916,0,3
4917,121,12
4918,101,12
4919,19,6
4920,98,5
4921,84,14
4922,206,10
4923,13,4
4924,76,13
4925,212,8
4926,0,3
4927,14,6
4928,0,3
4929,255,24
4930,0,3
4931,108,11
4932,156,19
4933,120,7
4934,0,3
4935,0,3
4936,118,11
4937,0,3
4938,0,3
4939,0,3
4940,96,12
4941,82,14
4942,331,16
4943,155,17
4944,198,24
4945,146,14
4946,115,14
4947,0,3
4948,137,15
4949,152,22
4950,0,3
4951,55,11
4952,82,12
4953,123,13
4954,0,3
4955,0,3
4956,45,7
4957,0,3
4958,112,12
4959,57,9
4960,0,3
4961,28,7
4962,19,7
4963,45,11
4964,41,9
4965,0,3
4966,55,8
4967,164,18
4968,120,14
4969,135,14
4970,99,16
4971,125,13
4972,0,3
4973,0,3
4974,39,5
4975,93,13
4976,74,9
4977,189,13
4978,0,3
4979,161,20
4980,772,4
4981,117,13
4982,63,8
4983,218,18
4984,190,13
4985,18,5
4986,70,8
4987,133,5
4988,0,3
4989,0,3
4990,0,3
4991,131,13
4992,143,15
4993,244,18
4994,58,8
4995,0,3
4996,108,13
4997,0,3
4998,0,3
4999,0,3
5000,29,8
5001,0,3
5002,51,9
5003,73,10
5004,22,7
5005,158,23
5006,99,12
5007,78,6
5008,0,3
5009,387,20
5010,0,3
5011,123,16
5012,0,3
5013,0,3
5014,21,6
5015,155,17
5016,30,6
5017,0,3
5018,0,3
5019,87,10
5020,138,16
5021,155,8
5022,25,5
5023,12,5
5024,0,3
5025,0,3
5026,28,5
5027,0,3
5028,63,11
5029,146,16
5030,173,19
5031,94,13
5032,136,18
5033,0,3
5034,0,3
5035,75,12
5036,220,14
5037,116,4
5038,97,11
5039,0,3
5040,129,15
5041,58,10
5042,276,11
5043,144,16
5044,0,3
5045,285,22
5046,160,23
5047,0,3
5048,49,8
5049,62,10
5050,914,15
5051,131,17
5052,41,5
5053,0,3
5054,0,3
5055,19,6
5056,186,16
5057,153,16
5058,128,9
5059,144,20
5060,0,3
5061,180,19
5062,116,9
5063,33,7
5064,0,3
5065,0,3
5066,0,3
5067,72,13
5068,147,20
5069,88,14
5070,0,3
5071,0,3
5072,71,14
5073,48,7
5074,160,13
5075,0,3
5076,138,16
5077,0,3
5078,263,10
5079,193,23
5080,69,12
5081,0,3
5082,112,13
5083,120,15
5084,44,11
5085,0,3
5086,49,10
5087,158,17
5088,142,16
5089,71,3
5090,0,3
5091,345,19
5092,0,3
5093,0,3
5094,215,27
5095,159,19
5096,141,20
5097,130,15
5098,84,10
5099,22,5
5100,143,13
5101,0,3
5102,42,8
5103,258,15
5104,0,3
5105,68,16
5106,117,7
5107,143,15
5108,82,15
5109,381,12
5110,205,21
5111,0,3
5112,60,9
5113,26,9
5114,75,12
5115,105,13
5116,74,9
5117,94,16
5118,139,16
5119,58,10
5120,0,3
5121,216,13
5122,114,12
5123,0,3
5124,0,3
5125,185,20
5126,0,3
5127,0,3
5128,36,6
5129,0,3
5130,217,21
5131,161,12
5132,0,3
5133,0,3
5134,6,3
5135,37,3
5136,67,5
5137,105,14
5138,331,27
5139,128,18
5140,36,5
5141,0,3
5142,232,21
5143,0,3
5144,154,17
5145,333,20
5146,0,3
5147,94,10
5148,0,3
5149,98,15
5150,0,3
5151,62,7
5152,34,9
5153,0,3
5154,0,3
5155,281,23
5156,28,5
5157,195,20
5158,43,7
5159,0,3
5160,434,22
5161,110,16
5162,0,3
5163,0,3
5164,325,6
5165,33,9
5166,116,13
5167,0,3
5168,111,16
5169,116,16
5170,0,3
5171,125,11
5172,150,17
5173,0,3
5174,0,3
5175,24,7
5176,0,3
5177,276,25
5178,0,3
5179,0,3
5180,91,15
5181,175,20
5182,0,3
5183,155,11
5184,0,3
5185,108,9
5186,43,5
5187,0,3
5188,57,11
5189,0,3
5190,0,3
5191,42,5
5192,0,3
5193,80,13
5194,49,9
5195,0,3
5196,114,14
5197,210,25
5198,0,3
5199,169,8
5200,342,21
5201,0,3
5202,0,3
5203,100,14
5204,149,14
5205,0,3
5206,89,13
5207,130,17
5208,120,15
5209,0,3
5210,68,10
5211,0,3
5212,0,3
5213,107,11
5214,0,3
5215,0,3
5216,64,11
5217,140,8
5218,0,3
5219,137,18
5220,0,3
5221,172,19
5222,58,3
5223,93,13
5224,188,16
5225,174,19
5226,5,4
5227,42,10
5228,89,11
5229,146,18
5230,169,15
5231,195,19
5232,407,10
5233,0,3
5234,41,5
5235,124,7
5236,161,19
5237,63,9
5238,179,12
5239,125,14
5240,100,17
5241,23,8
5242,89,15
5243,108,16
5244,92,12
5245,200,13
5246,125,11
5247,0,3
5248,0,3
5249,0,3
5250,144,13
5251,61,11
5252,184,19
5253,94,18
5254,174,17
5255,0,3
5256,0,3
5257,0,3
5258,145,6
5259,159,18
5260,162,15
5261,81,11
5262,0,3
5263,115,17
5264,60,11
5265,0,3
5266,92,13
5267,113,18
5268,67,11
5269,0,3
5270,164,19
5271,121,18
5272,0,3
5273,0,3
5274,0,3
5275,48,8
5276,334,18
5277,183,20
5278,0,3
5279,0,3
5280,0,3
5281,179,19
5282,51,7
5283,0,3
5284,69,11
5285,157,19
5286,42,6
5287,102,17
5288,106,15
5289,147,16
5290,0,3
5291,149,17
5292,129,12
5293,0,3
5294,103,17
5295,0,3
5296,88,13
5297,183,22
5298,0,3
5299,0,3
5300,139,17
5301,127,11
5302,0,3
5303,0,3
5304,0,3
5305,0,3
5306,416,24
5307,235,9
5308,82,10
5309,130,21
5310,80,12
5311,57,12
5312,0,3
5313,84,10
5314,288,26
5315,0,3
5316,90,13
5317,168,18
5318,385,15
5319,0,3
5320,131,21
5321,55,6
5322,0,3
5323,80,13
5324,112,16
5325,274,21
5326,123,18
5327,83,13
5328,11,3
5329,49,8
5330,111,16
5331,317,25
5332,0,3
5333,145,17
5334,72,12
5335,0,3
5336,177,20
5337,24,5
5338,0,3
5339,190,20
5340,73,8
5341,156,16
5342,0,3
5343,0,3
5344,0,3
5345,0,3
5346,135,19
5347,202,20
5348,114,16
5349,34,9
5350,179,13
5351,697,4
5352,60,10
5353,80,8
5354,0,3
5355,302,20
5356,0,3
5357,165,18
5358,0,3
5359,162,4
5360,161,18
5361,71,12
5362,120,17
5363,123,14
5364,0,3
5365,0,3
5366,59,9
5367,89,10
5368,82,13
5369,24,7
5370,94,12
5371,69,10
5372,89,14
5373,0,3
5374,0,3
5375,0,3
5376,0,3
5377,0,3
5378,0,3
5379,147,16
5380,55,8
5381,0,3
5382,110,10
5383,0,3
5384,569,20
5385,98,12
5386,0,3
5387,178,20
5388,191,17
5389,186,24
5390,0,3
5391,0,3
5392,148,19
5393,0,3
5394,75,13
5395,202,20
5396,0,3
5397,186,16
5398,0,3
5399,0,3
5400,184,20
5401,139,21
5402,0,3
5403,1,3
5404,161,21
5405,0,3
5406,29,5
5407,106,14
5408,222,17
5409,0,3
5410,249,10
5411,0,3
5412,160,16
5413,137,16
5414,117,16
5415,0,3
5416,0,3
5417,238,19
5418,391,16
5419,115,13
5420,0,3
5421,0,3
5422,0,3
5423,0,3
5424,0,3
5425,0,3
5426,0,3
5427,359,11
5428,15,6
5429,90,12
5430,64,9
5431,181,16
5432,0,3
5433,48,5
5434,180,18
5435,0,3
5436,155,16
5437,181,24
5438,0,3
5439,0,3
5440,154,11
5441,125,12
5442,243,24
5443,282,7
5444,0,3
5445,0,3
5446,0,3
5447,0,3
5448,0,3
5449,176,22
5450,90,13
5451,0,3
5452,149,15
5453,0,3
5454,389,13
5455,50,8
5456,38,6
5457,0,3
5458,179,17
5459,204,25
5460,0,3
5461,192,21
5462,87,9
5463,0,3
5464,0,3
5465,0,3
5466,116,13
5467,259,15
5468,170,13
5469,138,15
5470,82,9
5471,158,15
5472,230,24
5473,141,17
5474,0,3
5475,306,20
5476,157,18
5477,82,12
5478,57,10
5479,0,3
5480,98,15
5481,0,3
5482,27,4
5483,0,3
5484,243,28
5485,71,13
5486,189,23
5487,184,17
5488,41,7
5489,119,15
5490,197,9
5491,175,24
5492,0,3
5493,63,9
5494,182,19
5495,0,3
5496,66,10
5497,216,15
5498,0,3
5499,0,3
5500,250,22
5501,0,3
5502,58,11
5503,88,7
5504,233,21
5505,0,3
5506,90,9
5507,441,15
5508,213,19
5509,133,20
5510,94,12
5511,9,3
5512,0,3
5513,74,12
5514,0,3
5515,0,3
5516,81,10
5517,156,16
5518,0,3
5519,0,3
5520,223,9
5521,96,15
5522,0,3
5523,0,3
5524,0,3
5525,264,26
5526,0,3
5527,197,16
5528,193,33
5529,160,10
5530,51,8
5531,265,31
5532,0,3
5533,0,3
5534,0,3
5535,143,16
5536,147,18
5537,103,14
5538,391,18
5539,176,21
5540,51,12
5541,0,3
5542,0,3
5543,238,18
5544,0,3
5545,173,18
5546,0,3
5547,570,8
5548,281,35
5549,180,15
5550,123,18
5551,133,23
5552,0,3
5553,0,3
5554,0,3
5555,0,3
5556,0,3
5557,0,3
5558,151,17
5559,203,20
5560,157,15
5561,0,3
5562,101,17
5563,182,24
5564,0,3
5565,0,3
5566,142,5
5567,145,16
5568,96,16
5569,61,9
5570,0,3
5571,38,6
5572,152,18
5573,157,19
5574,20,4
5575,268,25
5576,0,3
5577,0,3
5578,88,12
5579,243,16
5580,14,5
5581,0,3
5582,0,3
5583,162,15
5584,114,14
5585,163,20
5586,159,19
5587,177,22
5588,341,18
5589,64,15
5590,67,11
5591,112,17
5592,181,20
5593,500,24
5594,0,3
5595,73,11
5596,39,9
5597,169,16
5598,16,7
5599,292,33
5600,9,4
5601,102,10
5602,34,5
5603,250,24
5604,409,21
5605,18,6
5606,0,3
5607,193,16
5608,284,31
5609,0,3
5610,128,21
5611,0,3
5612,184,15
5613,149,17
5614,0,3
5615,215,23
5616,188,24
5617,188,22
5618,0,3
5619,202,16
5620,0,3
5621,157,18
5622,0,3
5623,0,3
5624,0,3
5625,0,3
5626,0,3
5627,203,20
5628,0,3
5629,129,17
5630,0,3
5631,67,11
5632,50,7
5633,221,23
5634,122,11
5635,170,18
5636,403,21
5637,99,14
5638,178,25
5639,0,3
5640,60,12
5641,304,29
5642,197,24
5643,0,3
5644,25,5
5645,303,15
5646,39,7
5647,794,12
5648,0,3
5649,247,22
5650,98,14
5651,89,11
5652,0,3
5653,0,3
5654,171,21
5655,52,4
5656,0,3
5657,0,3
5658,0,3
5659,221,26
5660,145,17
5661,0,3
5662,154,20
5663,0,3
5664,105,17
5665,0,3
5666,0,3
5667,147,16
5668,0,3
5669,188,21
5670,88,12
5671,0,3
5672,331,15
5673,179,19
5674,164,15
5675,68,14
5676,0,3
5677,174,17
5678,0,3
5679,0,3
5680,0,3
5681,0,3
5682,0,3
5683,0,3
5684,0,3
5685,0,3
5686,86,16
5687,0,3
5688,64,10
5689,195,27
5690,185,17
5691,291,15
5692,234,19
5693,0,3
5694,0,3
5695,402,27
5696,124,16
5697,0,3
5698,0,3
5699,0,3
5700,0,3
5701,351,19
5702,182,18
5703,20,4
5704,0,3
5705,0,3
5706,0,3
5707,167,22
5708,23,5
5709,0,3
5710,112,13
5711,0,3
5712,76,4
5713,253,24
5714,240,24
5715,122,12
5716,114,20
5717,0,3
5718,212,27
5719,310,30
5720,0,3
5721,0,3
5722,0,3
5723,506,13
5724,484,20
5725,0,3
5726,162,17
5727,0,3
5728,90,12
5729,0,3
5730,0,3
5731,182,21
5732,220,14
5733,0,3
5734,170,21
5735,0,3
5736,263,20
5737,157,19
5738,155,13
5739,155,18
5740,0,3
5741,232,30
5742,208,18
5743,0,3
5744,0,3
5745,322,20
5746,0,3
5747,167,12
5748,81,10
5749,489,22
5750,0,3
5751,156,24
5752,127,16
5753,0,3
5754,0,3
5755,124,14
5756,197,19
5757,0,3
5758,210,20
5759,143,16
5760,196,21
5761,24,7
5762,0,3
5763,153,19
5764,180,19
5765,145,18
5766,145,20
5767,108,18
5768,162,22
5769,0,3
5770,54,9
5771,99,10
5772,241,22
5773,0,3
5774,87,13
5775,628,15
5776,256,19
5777,0,3
5778,165,22
5779,164,21
5780,0,3
5781,0,3
5782,0,3
5783,82,10
5784,0,3
5785,0,3
5786,469,17
5787,76,8
5788,201,20
5789,66,11
5790,0,3
5791,151,14
5792,235,20
5793,0,3
5794,0,3
5795,186,16
5796,0,3
5797,0,3
5798,0,3
5799,83,5
5800,144,20
5801,0,3
5802,0,3
5803,31,6
5804,0,3
5805,131,15
5806,99,16
5807,117,12
5808,178,22
5809,113,15
5810,0,3
5811,0,3
5812,244,31
5813,132,18
5814,120,13
5815,39,9
5816,38,7
5817,0,3
5818,341,8
5819,2,3
5820,119,18
5821,172,20
5822,51,10
5823,169,21
5824,60,9
5825,126,21
5826,62,14
5827,0,3
5828,0,3
5829,2,3
5830,91,12
5831,258,20
5832,0,3
5833,0,3
5834,367,23
5835,164,18
5836,156,19
5837,92,14
5838,239,23
5839,204,14
5840,0,3
5841,207,25
5842,22,4
5843,137,16
5844,0,3
5845,176,24
5846,60,11
5847,22,4
5848,42,11
5849,262,26
5850,0,3
5851,565,21
5852,66,9
5853,0,3
5854,0,3
5855,156,17
5856,91,15
5857,59,10
5858,0,3
5859,186,21
5860,156,20
5861,117,11
5862,3,3
5863,0,3
5864,0,3
5865,0,3
5866,0,3
5867,195,13
5868,0,3
5869,0,3
5870,0,3
5871,0,3
5872,143,15
5873,0,3
5874,309,12
5875,101,11
5876,82,12
5877,172,6
5878,522,21
5879,177,23
5880,239,15
5881,0,3
5882,172,14
5883,0,3
5884,160,22
5885,0,3
5886,0,3
5887,273,22
5888,398,32
5889,0,3
5890,169,16
5891,17,5
5892,38,8
5893,87,11
5894,0,3
5895,0,3
5896,0,3
5897,287,28
5898,83,13
5899,217,20
5900,0,3
5901,0,3
5902,183,26
5903,0,3
5904,335,23
5905,128,17
5906,19,5
5907,0,3
5908,0,3
5909,0,3
5910,0,3
5911,174,15
5912,76,12
5913,54,13
5914,117,16
5915,0,3
5916,139,19
5917,261,24
5918,0,3
5919,248,27
5920,89,15
5921,247,25
5922,104,9
5923,95,14
5924,0,3
5925,0,3
5926,157,18
5927,0,3
5928,0,3
5929,0,3
5930,184,26
5931,56,12
5932,0,3
5933,97,12
5934,0,3
5935,20,4
5936,90,14
5937,20,6
5938,123,22
5939,143,12
5940,178,18
5941,227,23
5942,0,3
5943,226,20
5944,1,3
5945,183,26
5946,83,11
5947,214,23
5948,193,24
5949,30,8
5950,0,3
5951,0,3
5952,159,10
5953,0,3
5954,0,3
5955,236,28
5956,379,23
5957,32,6
5958,52,10
5959,135,19
5960,248,20
5961,111,20
5962,142,13
5963,34,9
5964,0,3
5965,211,25
5966,140,17
5967,0,3
5968,159,16
5969,0,3
5970,181,16
5971,48,12
5972,0,3
5973,0,3
5974,187,21
5975,83,11
5976,0,3
5977,0,3
5978,162,22
5979,222,28
5980,191,21
5981,82,11
5982,85,14
5983,130,17
5984,160,18
5985,0,3
5986,18,5
5987,0,3
5988,0,3
5989,331,20
5990,83,10
5991,133,16
5992,0,3
5993,99,8
5994,124,16
5995,0,3
5996,0,3
5997,0,3
5998,251,30
5999,189,20
6000,123,14
6001,0,3
6002,32,5
6003,131,17
6004,309,32
6005,38,7
6006,172,15
6007,0,3
6008,145,15
6009,0,3
6010,0,3
6011,134,21
6012,185,16
6013,130,20
6014,168,20
6015,48,8
6016,196,25
6017,505,20
6018,71,11
6019,0,3
6020,75,10
6021,0,3
6022,240,18
6023,88,12
6024,51,8
6025,60,8
6026,0,3
6027,0,3
6028,0,3
6029,100,16
6030,200,22
6031,0,3
6032,98,11
6033,101,12
6034,89,16
6035,117,17
6036,159,14
6037,240,23
6038,404,5
6039,417,8
6040,239,24
6041,124,20
6042,153,17
6043,5,2
6044,102,12
6045,313,24
6046,284,32
6047,316,17
6048,0,3
6049,359,17
6050,52,8
6051,0,3
6052,198,19
6053,73,11
6054,0,3
6055,184,24
6056,0,3
6057,152,18
6058,32,7
6059,82,15
6060,153,11
6061,141,20
6062,148,18
6063,0,3
6064,0,3
6065,96,12
6066,93,11
6067,0,3
6068,177,22
6069,155,15
6070,36,7
6071,0,3
6072,0,3
6073,254,20
6074,32,9
6075,265,28
6076,0,3
6077,23,8
6078,218,19
6079,59,10
6080,414,20
6081,144,20
6082,185,17
6083,0,3
6084,14,3
6085,220,21
6086,0,3
6087,279,28
6088,249,28
6089,149,18
6090,314,18
6091,0,3
6092,0,3
6093,222,19
6094,0,3
6095,362,25
6096,0,3
6097,251,25
6098,514,24
6099,68,9
6100,42,8
6101,230,19
6102,0,3
6103,167,19
6104,0,3
6105,229,20
6106,71,13
6107,0,3
6108,235,27
6109,0,3
6110,1,3
6111,0,3
6112,164,16
6113,0,3
6114,274,13
6115,205,20
6116,170,19
6117,94,14
6118,127,14
6119,0,3
6120,0,3
6121,198,21
6122,163,19
6123,1,3
6124,255,25
6125,40,7
6126,43,6
6127,0,3
6128,0,3
6129,182,24
6130,226,24
6131,410,22
6132,0,3
6133,70,10
6134,308,21
6135,0,3
6136,143,17
6137,397,21
6138,2,4
6139,258,20
6140,76,12
6141,127,21
6142,36,6
6143,208,23
6144,0,3
6145,0,3
6146,203,26
6147,222,24
6148,0,3
6149,101,12
6150,124,13
6151,77,9
6152,0,3
6153,0,3
6154,0,3
6155,211,19
6156,0,3
6157,0,3
6158,131,23
6159,174,21
6160,79,11
6161,0,3
6162,116,17
6163,0,3
6164,0,3
6165,0,3
6166,522,29
6167,217,14
6168,89,7
6169,83,11
6170,145,15
6171,130,17
6172,328,24
6173,110,12
6174,0,3
6175,98,12
6176,168,17
6177,130,17
6178,188,16
6179,143,14
6180,150,17
6181,100,11
6182,89,13
6183,0,3
6184,0,3
6185,0,3
6186,143,19
6187,174,21
6188,0,3
6189,138,19
6190,179,20
6191,172,15
6192,0,3
6193,0,3
6194,0,3
6195,0,3
6196,0,3
6197,0,3
6198,0,3
6199,109,18
6200,0,3
6201,0,3
6202,230,19
6203,148,18
6204,72,11
6205,54,10
6206,221,28
6207,174,18
6208,0,3
6209,65,10
6210,0,3
6211,52,8
6212,154,22
6213,97,12
6214,309,23
6215,0,3
6216,0,3
6217,0,3
6218,0,3
6219,225,27
6220,208,28
6221,204,23
6222,346,21
6223,118,15
6224,0,3
6225,109,13
6226,225,28
6227,57,8
6228,105,15
6229,0,3
6230,34,7
6231,187,23
6232,0,3
6233,247,28
6234,0,3
6235,36,6
6236,193,20
6237,69,8
6238,0,3
6239,0,3
6240,157,14
6241,173,27
6242,353,22
6243,0,3
6244,16,5
6245,0,3
6246,99,16
6247,0,3
6248,231,28
6249,41,7
6250,1,3
6251,118,13
6252,0,3
6253,42,5
6254,138,15
6255,518,29
6256,101,17
6257,141,19
6258,180,18
6259,313,30
6260,155,11
6261,145,15
6262,215,20
6263,300,14
6264,55,10
6265,0,3
6266,0,3
6267,351,34
6268,0,3
6269,0,3
6270,0,3
6271,0,3
6272,8,4
6273,600,24
6274,178,26
6275,0,3
6276,0,3
6277,0,3
6278,206,20
6279,95,13
6280,0,3
6281,306,17
6282,0,3
6283,0,3
6284,0,3
6285,260,27
6286,154,23
6287,246,15
6288,2,3
6289,316,13
6290,314,29
6291,251,20
6292,0,3
6293,462,21
6294,120,13
6295,0,3
6296,108,15
6297,0,3
6298,166,20
6299,0,3
6300,215,28
6301,0,3
6302,207,26
6303,181,18
6304,285,25
6305,122,18
6306,91,12
6307,154,16
6308,149,15
6309,197,27
6310,137,16
6311,532,31
6312,256,26
6313,179,23
6314,194,26
6315,330,14
6316,212,21
6317,0,3
6318,0,3
6319,167,21
6320,0,3
6321,0,3
6322,399,15
6323,0,3
6324,85,16
6325,0,3
6326,0,3
6327,0,3
6328,0,3
6329,0,3
6330,323,29
6331,0,3
6332,0,3
6333,0,3
6334,305,34
6335,0,3
6336,228,14
6337,146,20
6338,137,19
6339,82,11
6340,111,12
6341,262,25
6342,165,22
6343,0,3
6344,205,23
6345,592,27
6346,134,19
6347,86,15
6348,212,24
6349,274,23
6350,45,9
6351,0,3
6352,0,3
6353,0,3
6354,155,21
6355,109,12
6356,0,3
6357,0,3
6358,140,21
6359,92,17
6360,0,3
6361,116,18
6362,0,3
6363,168,23
6364,27,5
6365,21,4
6366,0,3
6367,113,16
6368,0,3
6369,134,17
6370,0,3
6371,0,3
6372,212,24
6373,235,25
6374,0,3
6375,0,3
6376,0,3
6377,0,3
6378,140,21
6379,157,13
6380,0,3
6381,289,23
6382,598,29
6383,121,19
6384,164,19
6385,219,23
6386,0,3
6387,134,16
6388,782,12
6389,0,3
6390,286,28
6391,152,21
6392,0,3
6393,0,3
6394,172,22
6395,0,3
6396,198,19
6397,0,3
6398,189,15
6399,246,26
6400,134,17
6401,171,17
6402,238,21
6403,256,25
6404,0,3
6405,0,3
6406,222,18
6407,0,3
6408,0,3
6409,85,15
6410,196,18
6411,0,3
6412,0,3
6413,252,23
6414,256,28
6415,313,12
6416,229,23
6417,139,12
6418,0,3
6419,133,18
6420,0,3
6421,0,3
6422,583,12
6423,288,27
6424,142,17
6425,355,21
6426,0,3
6427,0,3
6428,0,3
6429,0,3
6430,256,27
6431,0,3
6432,185,27
6433,0,3
6434,148,11
6435,28,6
6436,434,28
6437,0,3
6438,261,26
6439,317,21
6440,183,12
6441,55,9
6442,0,3
6443,158,16
6444,279,15
6445,329,27
6446,202,22
6447,113,11
6448,144,24
6449,487,26
6450,0,3
6451,329,25
6452,75,14
6453,0,3
6454,0,3
6455,53,11
6456,79,8
6457,130,23
6458,210,19
6459,0,3
6460,330,25
6461,77,10
6462,0,3
6463,225,22
6464,181,23
6465,184,22
6466,0,3
6467,33,5
6468,0,3
6469,264,15
6470,0,3
6471,196,23
6472,452,27
6473,0,3
6474,103,14
6475,761,12
6476,0,3
6477,0,3
6478,111,8
6479,520,15
6480,217,25
6481,247,18
6482,75,7
6483,0,3
6484,0,3
6485,342,24
6486,236,16
6487,52,6
6488,479,26
6489,0,3
6490,186,16
6491,0,3
6492,486,34
6493,238,24
6494,0,3
6495,158,20
6496,0,3
6497,132,16
6498,536,27
6499,175,25
6500,259,18
6501,0,3
6502,174,23
6503,0,3
6504,0,3
6505,0,3
6506,0,3
6507,637,14
6508,131,19
6509,65,11
6510,0,3
6511,0,3
6512,226,27
6513,0,3
6514,0,3
6515,0,3
6516,171,18
6517,0,3
6518,153,13
6519,346,18
6520,253,20
6521,236,18
6522,168,10
6523,23,5
6524,0,3
6525,0,3
6526,249,26
6527,0,3
6528,0,3
6529,81,12
6530,129,17
6531,0,3
6532,206,30
6533,232,23
6534,218,24
6535,192,15
6536,0,3
6537,506,19
6538,0,3
6539,304,25
6540,108,14
6541,0,3
6542,208,23
6543,368,16
6544,103,17
6545,201,20
6546,190,21
6547,226,11
6548,509,15
6549,275,29
6550,268,25
6551,279,20
6552,0,3
6553,0,3
6554,350,26
6555,0,3
6556,0,3
6557,290,24
6558,0,3
6559,3,3
6560,0,3
6561,0,3
6562,0,3
6563,87,13
6564,0,3
6565,0,3
6566,4,3
6567,0,3
6568,524,25
6569,13,6
6570,146,16
6571,450,28
6572,0,3
6573,0,3
6574,0,3
6575,112,12
6576,0,3
6577,0,3
6578,0,3
6579,0,3
6580,254,29
6581,656,16
6582,0,3
6583,258,25
6584,187,24
6585,205,23
6586,555,20
6587,202,24
6588,135,18
6589,398,12
6590,102,8
6591,53,10
6592,214,20
6593,181,21
6594,368,23
6595,57,10
6596,115,14
6597,103,12
6598,249,23
6599,181,23
6600,0,3
6601,192,16
6602,90,13
6603,244,26
6604,0,3
6605,148,17
6606,0,3
6607,91,9
6608,17,5
6609,0,3
6610,64,13
6611,209,16
6612,249,28
6613,139,15
6614,122,11
6615,266,16
6616,0,3
6617,523,31
6618,258,26
6619,0,3
6620,300,29
6621,520,21
6622,165,6
6623,202,26
6624,204,23
6625,149,20
6626,0,3
6627,280,34
6628,263,28
6629,127,17
6630,129,17
6631,0,3
6632,108,15
6633,0,3
6634,168,12
6635,29,5
6636,0,3
6637,128,14
6638,0,3
6639,301,23
6640,127,14
6641,0,3
6642,296,14
6643,0,3
6644,240,23
6645,681,18
6646,38,7
6647,629,17
6648,249,28
6649,177,16
6650,248,30
6651,0,3
6652,179,25
6653,0,3
6654,0,3
6655,0,3
6656,348,33
6657,296,28
6658,239,24
6659,203,22
6660,235,17
6661,0,3
6662,66,8
6663,356,25
6664,0,3
6665,0,3
6666,0,3
6667,259,31
6668,83,9
6669,0,3
6670,0,3
6671,53,4
6672,272,28
6673,0,3
6674,0,3
6675,293,22
6676,251,29
6677,113,13
6678,0,3
6679,298,20
6680,0,3
6681,78,11
6682,0,3
6683,287,29
6684,113,10
6685,171,15
6686,108,20
6687,223,25
6688,0,3
6689,160,15
6690,255,21
6691,0,3
6692,211,25
6693,64,7
6694,269,25
6695,80,12
6696,0,3
6697,111,13
6698,116,16
6699,0,3
6700,204,18
6701,34,8
6702,177,21
6703,0,3
6704,189,22
6705,0,3
6706,0,3
6707,196,25
6708,0,3
6709,212,21
6710,115,22
6711,0,3
6712,397,32
6713,220,26
6714,0,3
6715,277,21
6716,366,18
6717,0,3
6718,98,9
6719,316,17
6720,171,23
6721,0,3
6722,157,22
6723,99,15
6724,0,3
6725,416,15
6726,59,10
6727,159,21
6728,47,9
6729,0,3
6730,258,27
6731,17,6
6732,178,20
6733,0,3
6734,0,3
6735,0,3
6736,281,23
6737,0,3
6738,0,3
6739,406,20
6740,365,23
6741,18,6
6742,0,3
6743,294,35
6744,193,19
6745,152,19
6746,411,33
6747,54,13
6748,0,3
6749,80,11
6750,0,3
6751,83,12
6752,314,17
6753,200,23
6754,183,23
6755,203,26
6756,254,17
6757,170,29
6758,11,5
6759,253,29
6760,0,3
6761,260,25
6762,0,3
6763,101,16
6764,169,19
6765,0,3
6766,189,27
6767,0,3
6768,232,24
6769,0,3
6770,0,3
6771,165,24
6772,408,25
6773,254,22
6774,0,3
6775,401,16
6776,139,9
6777,0,3
6778,167,19
6779,135,20
6780,0,3
6781,242,26
6782,216,27
6783,1000,22
6784,195,24
6785,253,13
6786,390,27
6787,158,16
6788,0,3
6789,0,3
6790,0,3
6791,248,24
6792,0,3
6793,157,18
6794,108,16
6795,0,3
6796,123,14
6797,0,3
6798,56,10
6799,0,3
6800,0,3
6801,4,3
6802,0,3
6803,61,10
6804,0,3
6805,295,19
6806,237,13
6807,219,30
6808,178,21
6809,304,26
6810,326,22
6811,150,18
6812,298,31
6813,139,18
6814,157,20
6815,304,34
6816,0,3
6817,0,3
6818,108,18
6819,185,22
6820,0,3
6821,275,26
6822,177,23
6823,522,30
6824,151,20
6825,125,15
6826,410,26
6827,137,20
6828,0,3
6829,83,15
6830,0,3
6831,0,3
6832,149,19
6833,0,3
6834,103,11
6835,130,17
6836,0,3
6837,0,3
6838,255,13
6839,0,3
6840,187,16
6841,0,3
6842,196,22
6843,138,14
6844,350,15
6845,115,18
6846,0,3
6847,204,31
6848,106,17
6849,0,3
6850,111,15
6851,0,3
6852,221,27
6853,197,21
6854,82,10
6855,196,25
6856,0,3
6857,262,25
6858,0,3
6859,0,3
6860,0,3
6861,0,3
6862,474,23
6863,0,3
6864,315,5
6865,0,3
6866,0,3
6867,0,3
6868,0,3
6869,0,3
6870,0,3
6871,0,3
6872,148,14
6873,85,10
6874,273,34
6875,73,10
6876,316,28
6877,296,25
6878,187,24
6879,0,3
6880,86,13
6881,116,21
6882,233,22
6883,205,32
6884,158,17
6885,252,27
6886,46,7
6887,0,3
6888,206,21
6889,197,22
6890,0,3
6891,132,15
6892,188,12
6893,521,19
6894,123,15
6895,0,3
6896,250,19
6897,240,24
6898,0,3
6899,0,3
6900,0,3
6901,367,28
6902,55,9
6903,389,17
6904,270,26
6905,173,19
6906,0,3
6907,0,3
6908,426,31
6909,296,29
6910,223,26
6911,56,10
6912,362,14
6913,0,3
6914,341,30
6915,13,3
6916,0,3
6917,45,6
6918,149,17
6919,171,18
6920,163,18
6921,167,19
6922,244,26
6923,85,14
6924,0,3
6925,203,24
6926,0,3
6927,237,28
6928,0,3
6929,133,16
6930,251,26
6931,0,3
6932,145,15
6933,0,3
6934,182,24
6935,36,7
6936,244,27
6937,196,25
6938,0,3
6939,595,13
6940,0,3
6941,83,6
6942,329,15
6943,108,6
6944,319,23
6945,0,3
6946,300,25
6947,158,19
6948,0,3
6949,237,26
6950,47,11
6951,129,23
6952,379,28
6953,0,3
6954,0,3
6955,0,3
6956,194,25
6957,184,20
6958,281,24
6959,0,3
6960,277,28
6961,0,3
6962,0,3
6963,114,15
6964,225,25
6965,0,3
6966,238,26
6967,160,22
6968,0,3
6969,0,3
6970,0,3
6971,0,3
6972,0,3
6973,231,25
6974,165,18
6975,84,11
6976,0,3
6977,231,24
6978,329,24
6979,291,30
6980,0,3
6981,59,13
6982,90,11
6983,235,29
6984,37,6
6985,0,3
6986,138,13
6987,164,24
6988,0,3
6989,0,3
6990,173,18
6991,143,20
6992,0,3
6993,127,23
6994,0,3
6995,167,21
6996,178,20
6997,0,3
6998,0,3
6999,161,23
7000,0,3
7001,223,16
7002,89,10
7003,234,28
7004,0,3
7005,0,3
7006,127,14
7007,221,30
7008,354,30
7009,0,3
7010,0,3
7011,0,3
7012,188,19
7013,237,16
7014,241,25
7015,0,3
7016,355,34
7017,0,3
7018,0,3
7019,0,3
7020,129,19
7021,0,3
7022,89,14
7023,98,11
7024,147,25
7025,0,3
7026,0,3
7027,122,14
7028,127,13
7029,0,3
7030,434,28
7031,103,14
7032,0,3
7033,0,3
7034,254,26
7035,54,10
7036,0,3
7037,0,3
7038,0,3
7039,313,33
7040,119,8
7041,0,3
7042,288,14
7043,259,24
7044,0,3
7045,181,26
7046,0,3
7047,145,14
7048,292,29
7049,0,3
7050,0,3
7051,292,29
7052,139,19
7053,493,18
7054,93,15
7055,0,3
7056,313,27
7057,0,3
7058,0,3
7059,139,12
7060,19,4
7061,245,31
7062,0,3
7063,0,3
7064,188,22
7065,877,16
7066,184,22
7067,0,3
7068,0,3
7069,97,15
7070,304,29
7071,143,17
7072,0,3
7073,117,17
7074,180,29
7075,122,15
7076,52,10
7077,138,21
7078,0,3
7079,197,12
7080,0,3
7081,229,30
7082,0,3
7083,277,30
7084,0,3
7085,105,13
7086,292,22
7087,540,32
7088,0,3
7089,0,3
7090,15,3
7091,0,3
7092,268,35
7093,0,3
7094,162,18
7095,430,22
7096,426,26
7097,0,3
7098,234,26
7099,0,3
7100,14,5
7101,73,15
7102,0,3
7103,0,3
7104,0,3
7105,0,3
7106,178,22
7107,127,19
7108,0,3
7109,193,24
7110,190,22
7111,257,28
7112,117,13
7113,91,12
7114,0,3
7115,0,3
7116,0,3
7117,0,3
7118,169,21
7119,809,20
7120,219,23
7121,0,3
7122,0,3
7123,861,30
7124,154,16
7125,119,16
7126,0,3
7127,0,3
7128,0,3
7129,260,15
7130,292,20
7131,204,22
7132,228,29
7133,34,9
7134,139,15
7135,159,16
7136,447,13
7137,235,27
7138,0,3
7139,53,11
7140,0,3
7141,179,22
7142,355,12
7143,0,3
7144,121,18
7145,450,24
7146,231,30
7147,583,26
7148,130,16
7149,0,3
7150,0,3
7151,395,24
7152,432,21
7153,0,3
7154,54,11
7155,363,20
7156,411,28
7157,219,23
7158,236,21
7159,111,9
7160,0,3
7161,230,24
7162,126,15
7163,141,12
7164,0,3
7165,0,3
7166,0,3
7167,0,3
7168,0,3
7169,118,15
7170,0,3
7171,238,21
7172,68,9
7173,23,6
7174,815,13
7175,69,8
7176,228,26
7177,244,18
7178,216,25
7179,0,3
7180,133,19
7181,317,16
7182,187,23
7183,225,13
7184,0,3
7185,0,3
7186,0,3
7187,132,14
7188,115,16
7189,135,16
7190,592,22
7191,39,7
7192,278,25
7193,0,3
7194,19,5
7195,244,24
7196,160,20
7197,0,3
7198,200,22
7199,291,19
7200,155,17
7201,0,3
7202,387,10
7203,0,3
7204,134,7
7205,0,3
7206,105,19
7207,287,22
7208,363,23
7209,0,3
7210,171,14
7211,0,3
7212,0,3
7213,0,3
7214,89,13
7215,386,25
7216,0,3
7217,272,26
7218,173,19
7219,107,12
7220,176,20
7221,145,17
7222,0,3
7223,0,3
7224,242,27
7225,163,23
7226,447,31
7227,4,4
7228,0,3
7229,158,24
7230,0,3
7231,0,3
7232,0,3
7233,0,3
7234,212,25
7235,0,3
7236,301,29
7237,77,10
7238,179,17
7239,0,3
7240,679,36
7241,260,19
7242,149,21
7243,132,22
7244,158,25
7245,0,3
7246,125,18
7247,0,3
7248,173,20
7249,0,3
7250,0,3
7251,0,3
7252,1000,14
7253,174,16
7254,260,26
7255,92,15
7256,182,23
7257,0,3
7258,100,18
7259,0,3
7260,467,18
7261,818,20
7262,287,26
7263,286,26
7264,61,9
7265,0,3
7266,186,19
7267,0,3
7268,0,3
7269,0,3
7270,178,21
7271,102,17
7272,190,16
7273,939,18
7274,0,3
7275,284,23
7276,91,15
7277,0,3
7278,301,11
7279,0,3
7280,118,22
7281,188,23
7282,0,3
7283,329,31
7284,265,23
7285,0,3
7286,102,11
7287,151,21
7288,42,7
7289,0,3
7290,0,3
7291,286,23
7292,76,8
7293,165,20
7294,0,3
7295,229,19
7296,187,22
7297,175,21
7298,638,29
7299,49,7
7300,133,20
7301,221,23
7302,214,17
7303,340,42
7304,126,11
7305,0,3
7306,196,23
7307,295,34
7308,0,3
7309,147,20
7310,0,3
7311,526,24
7312,0,3
7313,309,25
7314,239,28
7315,166,24
7316,0,3
7317,244,20
7318,264,28
7319,126,22
7320,0,3
7321,57,10
7322,201,20
7323,145,16
7324,0,3
7325,270,28
7326,229,19
7327,141,22
7328,178,20
7329,0,3
7330,207,23
7331,190,21
7332,77,11
7333,348,23
7334,0,3
7335,0,3
7336,112,15
7337,674,27
7338,636,22
7339,286,24
7340,163,21
7341,0,3
7342,156,20
7343,116,20
7344,0,3
7345,0,3
7346,222,27
7347,99,18
7348,277,27
7349,250,24
7350,0,3
7351,179,19
7352,0,3
7353,0,3
7354,0,3
7355,226,17
7356,360,36
7357,329,25
7358,0,3
7359,24,5
7360,211,20
7361,0,3
7362,223,25
7363,444,24
7364,0,3
7365,0,3
7366,0,3
7367,166,15
7368,164,23
7369,584,24
7370,0,3
7371,334,32
7372,202,16
7373,86,10
7374,281,25
7375,0,3
7376,147,15
7377,0,3
7378,137,19
7379,262,32
7380,172,23
7381,155,20
7382,0,3
7383,0,3
7384,0,3
7385,37,9
7386,85,11
7387,205,18
7388,430,31
7389,113,21
7390,0,3
7391,0,3
7392,240,30
7393,181,24
7394,0,3
7395,0,3
7396,138,18
7397,143,19
7398,256,11
7399,233,28
7400,0,3
7401,0,3
7402,0,3
7403,348,37
7404,202,14
7405,0,3
7406,201,20
7407,137,19
7408,300,28
7409,0,3
7410,0,3
7411,80,9
7412,141,15
7413,386,29
7414,370,24
7415,0,3
7416,0,3
7417,269,31
7418,193,20
7419,181,23
7420,150,18
7421,259,19
7422,319,10
7423,0,3
7424,122,15
7425,135,14
7426,221,18
7427,208,31
7428,0,3
7429,233,23
7430,0,3
7431,155,22
7432,111,15
7433,0,3
7434,146,18
7435,193,22
7436,289,28
7437,160,20
7438,92,14
7439,344,30
7440,55,12
7441,271,35
7442,0,3
7443,227,27
7444,109,16
7445,158,12
7446,132,13
7447,214,27
7448,0,3
7449,172,26
7450,99,10
7451,192,25
7452,0,3
7453,152,21
7454,0,3
7455,442,21
7456,265,29
7457,589,29
7458,179,21
7459,0,3
7460,492,19
7461,0,3
7462,206,21
7463,0,3
7464,0,3
7465,0,3
7466,0,3
7467,0,3
7468,251,27
7469,253,24
7470,0,3
7471,8,4
7472,0,3
7473,259,17
7474,184,22
7475,114,15
7476,350,31
7477,493,21
7478,236,22
7479,51,6
7480,115,15
7481,0,3
7482,325,23
7483,0,3
7484,592,14
7485,261,25
7486,0,3
7487,216,22
7488,0,3
7489,128,17
7490,164,18
7491,151,19
7492,217,21
7493,0,3
7494,0,3
7495,196,25
7496,208,25
7497,0,3
7498,230,31
7499,0,3
7500,212,28
7501,0,3
7502,220,25
7503,249,29
7504,0,3
7505,168,20
7506,169,23
7507,13,5
7508,0,3
7509,277,32
7510,0,3
7511,0,3
7512,120,16
7513,0,3
7514,183,23
7515,0,3
7516,0,3
7517,0,3
7518,0,3
7519,212,22
7520,0,3
7521,55,10
7522,179,22
7523,146,20
7524,456,8
7525,290,29
7526,121,16
7527,204,23
7528,124,14
7529,51,7
7530,153,15
7531,169,22
7532,214,13
7533,265,31
7534,0,3
7535,157,19
7536,396,33
7537,306,20
7538,527,30
7539,0,3
7540,226,24
7541,0,3
7542,254,18
7543,57,8
7544,119,15
7545,278,31
7546,159,18
7547,268,26
7548,287,28
7549,0,3
7550,153,16
7551,0,3
7552,162,20
7553,269,32
7554,0,3
7555,71,12
7556,0,3
7557,226,29
7558,267,16
7559,0,3
7560,126,14
7561,0,3
7562,315,20
7563,288,27
7564,0,3
7565,0,3
7566,61,13
7567,0,3
7568,0,3
7569,0,3
7570,231,13
7571,0,3
7572,161,18
7573,153,13
7574,242,29
7575,105,12
7576,547,25
7577,0,3
7578,179,23
7579,0,3
7580,233,28
7581,423,32
7582,0,3
7583,268,24
7584,0,3
7585,185,22
7586,230,24
7587,245,26
7588,128,16
7589,0,3
7590,245,23
7591,23,4
7592,0,3
7593,235,23
7594,189,24
7595,288,28
7596,257,29
7597,192,22
7598,228,27
7599,161,15
7600,0,3
7601,276,29
7602,527,24
7603,163,21
7604,100,13
7605,193,23
7606,29,8
7607,321,24
7608,0,3
7609,0,3
7610,0,3
7611,239,17
7612,121,13
7613,218,21
7614,0,3
7615,218,19
7616,0,3
7617,0,3
7618,282,31
7619,0,3
7620,0,3
7621,0,3
7622,0,3
7623,1000,16
7624,0,3
7625,0,3
7626,104,16
7627,54,6
7628,377,23
7629,0,3
7630,8,3
7631,230,22
7632,0,3
7633,0,3
7634,0,3
7635,0,3
7636,538,29
7637,0,3
7638,0,3
7639,0,3
7640,0,3
7641,93,15
7642,27,4
7643,0,3
7644,280,33
7645,183,22
7646,139,17
7647,0,3
7648,470,26
7649,149,19
7650,167,20
7651,166,20
7652,0,3
7653,0,3
7654,231,17
7655,0,3
7656,251,33
7657,0,3
7658,208,24
7659,195,24
7660,0,3
7661,0,3
7662,0,3
7663,198,23
7664,0,3
7665,200,26
7666,147,17
7667,175,20
7668,111,13
7669,0,3
7670,0,3
7671,45,8
7672,193,16
7673,108,12
7674,233,18
7675,100,15
7676,178,19
7677,81,16
7678,162,20
7679,0,3
7680,114,16
7681,148,17
7682,378,21
7683,0,3
7684,257,16
7685,281,33
7686,297,7
7687,100,15
7688,0,3
7689,623,26
7690,270,25
7691,252,29
7692,115,15
7693,0,3
7694,478,29
7695,237,27
7696,182,20
7697,331,29
7698,74,12
7699,274,25
7700,402,17
7701,0,3
7702,106,14
7703,218,24
7704,185,24
7705,0,3
7706,348,23
7707,111,16
7708,282,24
7709,240,25
7710,259,31
7711,128,17
7712,0,3
7713,147,18
7714,128,19
7715,159,18
7716,146,19
7717,208,23
7718,678,31
7719,200,17
7720,205,27
7721,13,5
7722,385,22
7723,390,31
7724,141,18
7725,169,20
7726,0,3
7727,164,19
7728,82,11
7729,158,25
7730,106,15
7731,163,20
7732,361,22
7733,243,23
7734,218,25
7735,106,14
7736,248,26
7737,93,15
7738,0,3
7739,0,3
7740,359,33
7741,209,27
7742,0,3
7743,114,18
7744,154,22
7745,0,3
7746,0,3
7747,254,27
7748,284,28
7749,179,19
7750,185,19
7751,437,29
7752,117,16
7753,0,3
7754,0,3
7755,0,3
7756,206,22
7757,0,3
7758,169,20
7759,0,3
7760,23,7
7761,197,27
7762,238,28
7763,279,33
7764,148,20
7765,191,23
7766,0,3
7767,0,3
7768,167,17
7769,127,19
7770,38,6
7771,160,19
7772,136,19
7773,150,21
7774,210,22
7775,0,3
7776,0,3
7777,437,22
7778,326,21
7779,196,24
7780,185,18
7781,125,18
7782,205,23
7783,284,24
7784,241,24
7785,249,25
7786,337,28
7787,249,24
7788,0,3
7789,224,22
7790,3,3
7791,166,18
7792,145,21
7793,102,13
7794,0,3
7795,72,13
7796,0,3
7797,188,27
7798,0,3
7799,275,30
7800,0,3
7801,387,35
7802,115,19
7803,126,16
7804,275,27
7805,0,3
7806,208,20
7807,0,3
7808,0,3
7809,195,19
7810,254,18
7811,0,3
7812,295,27
7813,204,22
7814,158,25
7815,357,35
7816,250,25
7817,231,27
7818,0,3
7819,0,3
7820,0,3
7821,247,23
7822,0,3
7823,185,22
7824,0,3
7825,270,26
7826,162,16
7827,179,20
7828,0,3
7829,306,29
7830,0,3
7831,277,25
7832,146,20
7833,39,6
7834,118,16
7835,0,3
7836,0,3
7837,0,3
7838,0,3
7839,36,10
7840,505,31
7841,0,3
7842,0,3
7843,629,34
7844,0,3
7845,0,3
7846,0,3
7847,287,25
7848,85,10
7849,0,3
7850,0,3
7851,56,8
7852,0,3
7853,293,29
7854,549,31
7855,0,3
7856,0,3
7857,138,20
7858,364,17
7859,194,24
7860,156,14
7861,413,24
7862,233,18
7863,345,31
7864,110,15
7865,0,3
7866,137,20
7867,407,26
7868,286,26
7869,0,3
7870,0,3
7871,597,27
7872,0,3
7873,233,28
7874,0,3
7875,221,6
7876,228,18
7877,351,34
7878,186,19
7879,228,23
7880,267,25
7881,156,19
7882,0,3
7883,168,18
7884,0,3
7885,83,14
7886,179,18
7887,218,26
7888,142,25
7889,139,16
7890,313,34
7891,0,3
7892,351,38
7893,215,25
7894,65,13
7895,0,3
7896,351,25
7897,71,16
7898,283,34
7899,585,20
7900,471,33
7901,0,3
7902,351,36
7903,386,24
7904,1000,3
7905,300,23
7906,236,12
7907,271,29
7908,316,30
7909,188,23
7910,0,3
7911,32,4
7912,697,37
7913,148,18
7914,0,3
7915,334,29
7916,135,14
7917,286,18
7918,0,3
7919,109,14
7920,135,18
7921,282,27
7922,227,25
7923,140,16
7924,187,17
7925,0,3
7926,677,20
7927,337,39
7928,325,29
7929,34,6
7930,0,3
7931,416,30
7932,231,27
7933,0,3
7934,408,35
7935,407,23
7936,0,3
7937,154,20
7938,194,10
7939,103,10
7940,209,26
7941,523,28
7942,152,20
7943,226,23
7944,0,3
7945,0,3
7946,0,3
7947,0,3
7948,114,14
7949,188,20
7950,216,25
7951,300,27
7952,0,3
7953,0,3
7954,369,35
7955,0,3
7956,537,26
7957,0,3
7958,11,5
7959,248,15
7960,95,15
7961,0,3
7962,115,17
7963,417,21
7964,0,3
7965,0,3
7966,196,24
7967,527,16
7968,203,29
7969,243,23
7970,0,3
7971,243,26
7972,0,3
7973,326,26
7974,214,21
7975,0,3
7976,125,18
7977,233,19
7978,207,25
7979,316,30
7980,0,3
7981,0,3
7982,89,15
7983,21,5
7984,69,8
7985,99,15
7986,321,14
7987,0,3
7988,302,30
7989,312,31
7990,226,22
7991,100,13
7992,282,34
7993,289,32
7994,67,5
7995,89,15
7996,402,25
7997,255,31
7998,0,3
7999,143,13
8000,176,19
8001,0,3
8002,0,3
8003,221,17
8004,308,15
8005,0,3
8006,225,26
8007,256,15
8008,171,21
8009,0,3
8010,0,3
8011,385,31
8012,636,27
8013,0,3
8014,251,26
8015,7,4
8016,0,3
8017,120,16
8018,0,3
8019,0,3
8020,49,11
8021,81,9
8022,0,3
8023,0,3
8024,223,29
8025,0,3
8026,190,23
8027,229,28
8028,288,28
8029,280,24
8030,0,3
8031,134,18
8032,0,3
8033,165,19
8034,177,21
8035,0,3
8036,239,24
8037,364,21
8038,125,16
8039,301,27
8040,522,19
8041,142,18
8042,153,18
8043,0,3
8044,0,3
8045,274,15
8046,79,15
8047,182,19
8048,0,3
8049,0,3
8050,168,20
8051,213,25
8052,0,3
8053,274,29
8054,47,8
8055,36,8
8056,0,3
8057,193,21
8058,291,28
8059,174,20
8060,304,33
8061,113,14
8062,283,31
8063,118,14
8064,172,17
8065,86,12
8066,201,22
8067,285,34
8068,184,20
8069,256,20
8070,0,3
8071,0,3
8072,784,35
8073,77,13
8074,120,16
8075,0,3
8076,999,31
8077,286,27
8078,200,18
8079,0,3
8080,0,3
8081,308,31
8082,0,3
8083,427,13
8084,0,3
8085,287,28
8086,186,14
8087,54,12
8088,547,19
8089,201,21
8090,167,22
8091,423,29
8092,340,29
8093,269,23
8094,391,33
8095,260,22
8096,255,32
8097,0,3
8098,310,19
8099,208,28
8100,139,19
8101,172,4
8102,294,30
8103,283,28
8104,178,22
8105,250,22
8106,0,3
8107,583,31
8108,0,3
8109,288,24
8110,0,3
8111,0,3
8112,0,3
8113,277,29
8114,299,26
8115,0,3
8116,192,20
8117,213,21
8118,106,18
8119,490,18
8120,22,5
8121,0,3
8122,194,17
8123,0,3
8124,0,3
8125,147,15
8126,292,26
8127,0,3
8128,259,20
8129,593,26
8130,641,29
8131,54,10
8132,0,3
8133,199,25
8134,0,3
8135,0,3
8136,0,3
8137,246,22
8138,237,25
8139,0,3
8140,509,35
8141,0,3
8142,0,3
8143,141,14
8144,271,22
8145,292,30
8146,0,3
8147,0,3
8148,280,32
8149,135,15
8150,0,3
8151,0,3
8152,242,19
8153,0,3
8154,319,18
8155,0,3
8156,0,3
8157,171,21
8158,327,38
8159,0,3
8160,0,3
8161,151,17
8162,0,3
8163,150,25
8164,0,3
8165,0,3
8166,0,3
8167,403,23
8168,0,3
8169,0,3
8170,254,35
8171,0,3
8172,0,3
8173,0,3
8174,245,25
8175,319,25
8176,0,3
8177,160,26
8178,0,3
8179,314,27
8180,0,3
8181,307,28
8182,0,3
8183,213,22
8184,0,3
8185,320,30
8186,0,3
8187,59,11
8188,0,3
8189,0,3
8190,139,16
8191,272,33
8192,180,20
8193,0,3
8194,333,37
8195,0,3
8196,0,3
8197,122,17
8198,0,3
8199,285,30
8200,0,3
8201,0,3
8202,0,3
8203,277,31
8204,102,15
8205,0,3
8206,0,3
8207,0,3
8208,637,25
8209,246,18
8210,0,3
8211,178,25
8212,0,3
8213,648,40
8214,0,3
8215,349,36
8216,809,32
8217,233,22
8218,0,3
8219,0,3
8220,192,22
8221,0,3
8222,75,9
8223,0,3
8224,0,3
8225,398,21
8226,209,26
8227,430,25
8228,0,3
8229,213,22
8230,0,3
8231,311,33
8232,0,3
8233,213,20
8234,447,28
8235,0,3
8236,0,3
8237,218,23
8238,0,3
8239,0,3
8240,0,3
8241,0,3
8242,0,3
8243,270,28
8244,483,18
8245,401,26
8246,0,3
8247,436,35
8248,81,13
8249,0,3
8250,280,27
8251,612,34
8252,279,26
8253,0,3
8254,298,34
8255,705,24
8256,0,3
8257,140,24
8258,303,20
8259,121,15
8260,235,29
8261,311,20
8262,204,24
8263,0,3
8264,143,20
8265,0,3
8266,333,31
8267,0,3
8268,453,20
8269,0,3
8270,168,24
8271,253,27
8272,296,25
8273,301,33
8274,362,25
8275,0,3
8276,329,24
8277,157,23
8278,0,3
8279,0,3
8280,413,32
8281,160,20
8282,0,3
8283,442,22
8284,440,41
8285,236,21
8286,0,3
8287,0,3
8288,0,3
8289,245,22
8290,330,29
8291,0,3
8292,0,3
8293,75,13
8294,104,17
8295,87,15
8296,463,23
8297,246,19
8298,0,3
8299,203,22
8300,176,22
8301,332,25
8302,335,35
8303,0,3
8304,174,21
8305,234,22
8306,0,3
8307,0,3
8308,207,28
8309,167,23
8310,122,16
8311,158,17
8312,55,10
8313,310,25
8314,0,3
8315,0,3
8316,172,22
8317,137,18
8318,212,24
8319,230,24
8320,0,3
8321,195,27
8322,261,26
8323,208,22
8324,206,17
8325,305,29
8326,0,3
8327,0,3
8328,0,3
8329,149,20
8330,325,37
8331,374,34
8332,361,34
8333,0,3
8334,0,3
8335,282,24
8336,0,3
8337,77,12
8338,41,6
8339,76,17
8340,460,29
8341,353,31
8342,216,22
8343,0,3
8344,171,21
8345,329,37
8346,135,19
8347,284,31
8348,336,29
8349,127,17
8350,0,3
8351,212,23
8352,0,3
8353,295,27
8354,175,23
8355,280,32
8356,216,24
8357,0,3
8358,0,3
8359,0,3
8360,302,29
8361,312,17
8362,18,5
8363,252,29
8364,192,19
8365,0,3
8366,215,29
8367,239,31
8368,202,17
8369,312,33
8370,126,18
8371,0,3
8372,148,21
8373,0,3
8374,631,22
8375,0,3
8376,208,26
8377,125,15
8378,0,3
8379,217,22
8380,244,22
8381,234,25
8382,221,26
8383,0,3
8384,103,13
8385,0,3
8386,596,35
8387,0,3
8388,0,3
8389,495,24
8390,229,22
8391,260,27
8392,187,27
8393,333,22
8394,0,3
8395,0,3
8396,0,3
8397,261,30
8398,0,3
8399,219,18
8400,0,3
8401,0,3
8402,77,12
8403,0,3
8404,0,3
8405,289,33
8406,0,3
8407,220,25
8408,0,3
8409,140,21
8410,0,3
8411,155,24
8412,232,27
8413,0,3
8414,0,3
8415,0,3
8416,136,20
8417,296,36
8418,291,32
8419,0,3
8420,272,30
8421,0,3
8422,0,3
8423,143,19
8424,285,7
8425,50,10
8426,218,26
8427,0,3
8428,176,24
8429,0,3
8430,348,19
8431,373,38
8432,0,3
8433,186,14
8434,225,19
8435,221,26
8436,104,12
8437,0,3
8438,261,30
8439,0,3
8440,303,31
8441,219,28
8442,319,28
8443,0,3
8444,344,31
8445,264,29
8446,120,15
8447,0,3
8448,287,32
8449,266,29
8450,72,15
8451,180,16
8452,360,36
8453,373,22
8454,147,16
8455,270,28
8456,203,26
8457,0,3
8458,236,24
8459,0,3
8460,192,20
8461,285,30
8462,0,3
8463,208,27
8464,0,3
8465,0,3
8466,146,18
8467,0,3
8468,0,3
8469,255,20
8470,424,34
8471,0,3
8472,223,19
8473,527,41
8474,202,27
8475,0,3
8476,0,3
8477,242,28
8478,211,24
8479,238,26
8480,283,24
8481,142,12
8482,167,24
8483,0,3
8484,417,36
8485,0,3
8486,317,31
8487,197,27
8488,0,3
8489,26,6
8490,327,27
8491,0,3
8492,19,8
8493,287,28
8494,0,3
8495,16,5
8496,50,7
8497,143,17
8498,118,14
8499,401,15
8500,0,3
8501,0,3
8502,0,3
8503,0,3
8504,0,3
8505,100,16
8506,0,3
8507,593,20
8508,276,25
8509,0,3
8510,154,17
8511,202,21
8512,442,24
8513,0,3
8514,103,14
8515,0,3
8516,336,21
8517,488,24
8518,404,28
8519,175,23
8520,0,3
8521,390,29
8522,183,16
8523,286,29
8524,194,15
8525,257,31
8526,0,3
8527,0,3
8528,70,10
8529,27,7
8530,0,3
8531,19,6
8532,174,27
8533,226,19
8534,755,17
8535,269,29
8536,0,3
8537,9,5
8538,0,3
8539,1,3
8540,568,21
8541,243,27
8542,0,3
8543,308,26
8544,0,3
8545,277,20
8546,243,25
8547,67,9
8548,94,11
8549,89,11
8550,0,3
8551,0,3
8552,0,3
8553,307,36
8554,0,3
8555,0,3
8556,0,3
8557,302,25
8558,0,3
8559,218,25
8560,0,3
8561,224,27
8562,165,19
8563,0,3
8564,250,15
8565,291,26
8566,134,21
8567,131,18
8568,230,26
8569,0,3
8570,406,14
8571,239,31
8572,245,26
8573,0,3
8574,421,19
8575,314,37
8576,208,18
8577,0,3
8578,0,3
8579,0,3
8580,205,24
8581,298,13
8582,235,23
8583,0,3
8584,0,3
8585,252,28
8586,253,26
8587,0,3
8588,382,38
8589,0,3
8590,187,24
8591,118,15
8592,120,18
8593,118,21
8594,208,28
8595,369,17
8596,199,30
8597,128,22
8598,149,25
8599,0,3
8600,430,20
8601,337,26
8602,918,21
8603,284,27
8604,0,3
8605,0,3
8606,10,5
8607,0,3
8608,108,16
8609,0,3
8610,146,16
8611,574,27
8612,0,3
8613,64,12
8614,539,31
8615,224,24
8616,400,21
8617,608,21
8618,119,15
8619,638,38
8620,285,15
8621,265,30
8622,253,25
8623,206,18
8624,283,28
8625,292,31
8626,128,22
8627,461,18
8628,0,3
8629,0,3
8630,319,35
8631,0,3
8632,221,24
8633,47,8
8634,322,21
8635,0,3
8636,324,33
8637,311,23
8638,0,3
8639,81,18
8640,0,3
8641,237,30
8642,220,23
8643,220,24
8644,0,3
8645,293,31
8646,503,13
8647,262,24
8648,252,24
8649,0,3
8650,0,3
8651,221,31
8652,112,8
8653,256,21
8654,414,25
8655,271,22
8656,333,34
8657,90,14
8658,175,23
8659,244,27
8660,852,32
8661,204,24
8662,3,3
8663,236,24
8664,283,34
8665,83,13
8666,0,3
8667,0,3
8668,162,16
8669,363,28
8670,0,3
8671,240,22
8672,1000,11
8673,234,29
8674,151,16
8675,0,3
8676,359,20
8677,196,22
8678,309,31
8679,0,3
8680,164,14
8681,169,18
8682,0,3
8683,0,3
8684,0,3
8685,251,25
8686,236,29
8687,0,3
8688,171,18
8689,244,20
8690,528,32
8691,0,3
8692,258,26
8693,0,3
8694,0,3
8695,500,23
8696,206,23
8697,237,23
8698,186,25
8699,0,3
8700,0,3
8701,231,27
8702,150,22
8703,195,22
8704,0,3
8705,178,27
8706,117,7
8707,0,3
8708,284,22
8709,226,23
8710,279,20
8711,194,25
8712,0,3
8713,574,27
8714,202,18
8715,133,14
8716,509,20
8717,310,28
8718,136,20
8719,97,18
8720,169,17
8721,302,27
8722,191,27
8723,0,3
8724,266,18
8725,167,21
8726,0,3
8727,52,9
8728,151,13
8729,0,3
8730,0,3
8731,165,22
8732,179,21
8733,192,21
8734,182,23
8735,206,23
8736,431,28
8737,0,3
8738,0,3
8739,289,29
8740,138,18
8741,95,15
8742,229,26
8743,0,3
8744,193,20
8745,264,23
8746,0,3
8747,0,3
8748,0,3
8749,224,29
8750,0,3
8751,0,3
8752,0,3
8753,172,24
8754,372,30
8755,302,26
8756,177,18
8757,0,3
8758,0,3
8759,0,3
8760,73,12
8761,350,35
8762,215,24
8763,0,3
8764,223,23
8765,179,22
8766,110,17
8767,218,22
8768,0,3
8769,0,3
8770,345,31
8771,230,25
8772,135,14
8773,198,23
8774,422,26
8775,0,3
8776,197,24
8777,590,29
8778,247,23
8779,175,18
8780,106,15
8781,661,25
8782,0,3
8783,199,26
8784,64,13
8785,0,3
8786,0,3
8787,323,26
8788,0,3
8789,0,3
8790,136,15
8791,0,3
8792,594,9
8793,334,22
8794,0,3
8795,118,17
8796,233,19
8797,259,20
8798,504,15
8799,305,10
8800,189,18
8801,0,3
8802,323,33
8803,169,21
8804,0,3
8805,498,27
8806,0,3
8807,0,3
8808,0,3
8809,0,3
8810,153,18
8811,188,22
8812,0,3
8813,266,36
8814,141,17
8815,214,25
8816,0,3
8817,182,22
8818,0,3
8819,86,15
8820,104,16
8821,185,22
8822,0,3
8823,0,3
8824,191,26
8825,0,3
8826,242,27
8827,307,24
8828,468,32
8829,119,16
8830,0,3
8831,283,31
8832,0,3
8833,0,3
8834,404,16
8835,0,3
8836,0,3
8837,183,20
8838,57,8
8839,13,3
8840,188,21
8841,0,3
8842,269,27
8843,85,17
8844,95,13
8845,0,3
8846,143,18
8847,316,23
8848,0,3
8849,0,3
8850,532,23
8851,1000,5
8852,0,3
8853,322,18
8854,252,21
8855,356,35
8856,0,3
8857,0,3
8858,417,31
8859,151,19
8860,132,19
8861,235,29
8862,250,22
8863,266,25
8864,0,3
8865,260,25
8866,313,35
8867,0,3
8868,290,28
8869,786,31
8870,0,3
8871,282,27
8872,409,32
8873,0,3
8874,323,28
8875,0,3
8876,0,3
8877,94,16
8878,299,20
8879,1000,28
8880,288,27
8881,0,3
8882,0,3
8883,24,4
8884,593,36
8885,224,27
8886,0,3
8887,270,28
8888,0,3
8889,165,8
8890,0,3
8891,163,22
8892,236,27
8893,594,29
8894,294,30
8895,186,23
8896,222,16
8897,0,3
8898,149,21
8899,1000,27
8900,0,3
8901,0,3
8902,0,3
8903,0,3
8904,0,3
8905,0,3
8906,318,25
8907,246,14
8908,95,10
8909,103,14
8910,0,3
8911,0,3
8912,199,30
8913,0,3
8914,312,27
8915,125,14
8916,0,3
8917,0,3
8918,234,23
8919,0,3
8920,276,22
8921,123,16
8922,0,3
8923,0,3
8924,231,26
8925,239,27
8926,0,3
8927,174,23
8928,0,3
8929,171,23
8930,471,25
8931,236,29
8932,275,28
8933,278,34
8934,0,3
8935,0,3
8936,239,24
8937,197,19
8938,0,3
8939,0,3
8940,524,25
8941,333,31
8942,680,26
8943,572,24
8944,526,28
8945,185,20
8946,99,11
8947,368,37
8948,196,22
8949,99,15
8950,205,24
8951,205,24
8952,102,13
8953,0,3
8954,517,19
8955,488,36
8956,0,3
8957,0,3
8958,215,25
8959,0,3
8960,0,3
8961,58,12
8962,0,3
8963,0,3
8964,0,3
8965,0,3
8966,391,39
8967,66,9
8968,284,29
8969,59,11
8970,332,26
8971,751,31
8972,0,3
8973,0,3
8974,181,24
8975,122,13
8976,0,3
8977,0,3
8978,244,33
8979,216,26
8980,312,33
8981,0,3
8982,286,20
8983,301,36
8984,389,25
8985,0,3
8986,69,8
8987,379,36
8988,184,17
8989,20,7
8990,118,10
8991,295,26
8992,0,3
8993,154,18
8994,249,25
8995,162,31
8996,0,3
8997,217,24
8998,0,3
8999,486,22
9000,182,21
9001,165,16
9002,466,40
9003,0,3
9004,258,31
9005,0,3
9006,175,20
9007,192,21
9008,0,3
9009,194,25
9010,283,33
9011,0,3
9012,28,7
9013,257,29
9014,63,9
9015,1000,4
9016,529,24
9017,0,3
9018,118,16
9019,0,3
9020,199,16
9021,374,24
9022,300,22
9023,555,41
9024,482,26
9025,0,3
9026,207,21
9027,0,3
9028,317,29
9029,0,3
9030,151,18
9031,0,3
9032,268,20
9033,174,23
9034,251,14
9035,196,23
9036,0,3
9037,112,17
9038,247,27
9039,0,3
9040,0,3
9041,107,15
9042,295,33
9043,174,22
9044,158,17
9045,250,26
9046,227,26
9047,0,3
9048,340,28
9049,0,3
9050,148,19
9051,415,23
9052,250,28
9053,0,3
9054,234,27
9055,322,34
9056,0,3
9057,201,23
9058,0,3
9059,136,18
9060,0,3
9061,0,3
9062,294,31
9063,0,3
9064,0,3
9065,245,22
9066,207,23
9067,337,32
9068,0,3
9069,377,33
9070,309,33
9071,0,3
9072,0,3
9073,0,3
9074,273,27
9075,0,3
9076,409,28
9077,0,3
9078,132,16
9079,0,3
9080,124,9
9081,2,3
9082,0,3
9083,0,3
9084,146,27
9085,0,3
9086,122,21
9087,191,18
9088,0,3
9089,156,16
9090,598,24
9091,0,3
9092,294,30
9093,220,26
9094,0,3
9095,311,15
9096,123,18
9097,0,3
9098,175,19
9099,0,3
9100,320,23
9101,188,23
9102,229,23
9103,310,34
9104,265,28
9105,190,24
9106,380,22
9107,0,3
9108,0,3
9109,0,3
9110,115,20
9111,0,3
9112,203,20
9113,0,3
9114,209,23
9115,248,15
9116,0,3
9117,393,25
9118,306,25
9119,0,3
9120,158,15
9121,0,3
9122,291,30
9123,101,13
9124,0,3
9125,0,3
9126,0,3
9127,111,18
9128,309,35
9129,274,32
9130,209,21
9131,321,14
9132,362,12
9133,0,3
9134,466,26
9135,149,21
9136,183,23
9137,0,3
9138,248,20
9139,0,3
9140,187,23
9141,0,3
9142,366,33
9143,182,22
9144,117,15
9145,268,26
9146,248,20
9147,0,3
9148,0,3
9149,258,27
9150,0,3
9151,140,15
9152,265,29
9153,0,3
9154,0,3
9155,0,3
9156,0,3
9157,221,21
9158,129,15
9159,233,27
9160,325,32
9161,280,23
9162,0,3
9163,254,26
9164,312,16
9165,12,3
9166,281,29
9167,154,17
9168,208,22
9169,296,18
9170,0,3
9171,236,29
9172,96,17
9173,0,3
9174,430,14
9175,152,17
9176,0,3
9177,286,30
9178,0,3
9179,182,23
9180,221,20
9181,0,3
9182,0,3
9183,306,24
9184,207,19
9185,0,3
9186,0,3
9187,229,27
9188,38,6
9189,0,3
9190,0,3
9191,0,3
9192,188,21
9193,120,14
9194,198,23
9195,0,3
9196,0,3
9197,0,3
9198,45,8
9199,225,24
9200,267,23
9201,256,28
9202,0,3
9203,299,25
9204,0,3
9205,0,3
9206,269,22
9207,273,24
9208,121,18
9209,149,21
9210,0,3
9211,217,23
9212,250,29
9213,77,13
9214,51,9
9215,0,3
9216,151,21
9217,189,23
9218,0,3
9219,257,22
9220,274,24
9221,269,34
9222,260,27
9223,152,26
9224,139,18
9225,316,33
9226,0,3
9227,0,3
9228,438,25
9229,261,24
9230,0,3
9231,680,26
9232,0,3
9233,0,3
9234,0,3
9235,0,3
9236,968,34
9237,0,3
9238,468,30
9239,293,28
9240,0,3
9241,236,24
9242,279,25
9243,253,29
9244,181,10
9245,0,3
9246,91,8
9247,492,25
9248,398,31
9249,33,8
9250,0,3
9251,3,3
9252,128,13
9253,0,3
9254,139,15
9255,0,3
9256,306,33
9257,550,22
9258,0,3
9259,469,19
9260,454,25
9261,463,23
9262,0,3
9263,0,3
9264,0,3
9265,105,17
9266,152,22
9267,223,22
9268,180,19
9269,245,21
9270,294,28
9271,373,12
9272,199,26
9273,0,3
9274,187,25
9275,94,16
9276,0,3
9277,627,36
9278,0,3
9279,0,3
9280,0,3
9281,0,3
9282,0,3
9283,211,24
9284,205,24
9285,218,24
9286,241,23
9287,408,21
9288,291,28
9289,124,18
9290,0,3
9291,0,3
9292,0,3
9293,52,10
9294,0,3
9295,188,18
9296,290,17
9297,308,25
9298,298,23
9299,0,3
9300,217,23
9301,0,3
9302,89,17
9303,355,6
9304,281,27
9305,0,3
9306,0,3
9307,301,20
9308,157,17
9309,200,26
9310,0,3
9311,213,20
9312,1000,27
9313,0,3
9314,0,3
9315,876,39
9316,61,12
9317,276,30
9318,295,29
9319,0,3
9320,205,19
9321,0,3
9322,197,25
9323,116,21
9324,268,25
9325,0,3
9326,391,19
9327,188,27
9328,0,3
9329,207,15
9330,0,3
9331,200,20
9332,262,28
9333,0,3
9334,0,3
9335,0,3
9336,432,34
9337,0,3
9338,0,3
9339,0,3
9340,390,26
9341,0,3
9342,0,3
9343,0,3
9344,0,3
9345,535,28
9346,390,26
9347,274,16
9348,179,21
9349,0,3
9350,0,3
9351,210,22
9352,267,29
9353,408,28
9354,286,29
9355,0,3
9356,506,19
9357,0,3
9358,343,36
9359,159,21
9360,0,3
9361,0,3
9362,209,20
9363,0,3
9364,0,3
9365,0,3
9366,0,3
9367,192,29
9368,233,21
9369,236,32
9370,294,31
9371,326,34
9372,368,17
9373,323,26
9374,0,3
9375,209,27
9376,0,3
9377,0,3
9378,256,24
9379,268,23
9380,149,20
9381,0,3
9382,218,21
9383,208,26
9384,307,29
9385,148,20
9386,0,3
9387,0,3
9388,476,30
9389,114,19
9390,244,21
9391,223,20
9392,0,3
9393,323,30
9394,0,3
9395,0,3
9396,157,25
9397,0,3
9398,0,3
9399,5,4
9400,343,32
9401,122,17
9402,246,22
9403,86,12
9404,215,28
9405,161,18
9406,159,23
9407,0,3
9408,0,3
9409,245,26
9410,249,25
9411,202,20
9412,156,25
9413,86,12
9414,123,15
9415,229,29
9416,0,3
9417,0,3
9418,130,15
9419,0,3
9420,193,22
9421,0,3
9422,347,34
9423,86,15
9424,0,3
9425,0,3
9426,164,20
9427,239,22
9428,0,3
9429,0,3
9430,329,28
9431,241,21
9432,282,32
9433,0,3
9434,266,28
9435,828,28
9436,0,3
9437,208,28
9438,248,33
9439,217,28
9440,0,3
9441,0,3
9442,0,3
9443,191,23
9444,0,3
9445,256,27
9446,114,16
9447,112,15
9448,0,3
9449,204,20
9450,0,3
9451,309,29
9452,185,22
9453,0,3
9454,259,25
9455,0,3
9456,229,23
9457,167,23
9458,0,3
9459,0,3
9460,90,12
9461,249,36
9462,306,36
9463,0,3
9464,0,3
9465,335,30
9466,162,19
9467,7,6
9468,0,3
9469,178,17
9470,0,3
9471,0,3
9472,140,14
9473,0,3
9474,0,3
9475,0,3
9476,91,12
9477,0,3
9478,191,26
9479,0,3
9480,174,21
9481,0,3
9482,213,30
9483,222,23
9484,314,30
9485,0,3
9486,173,23
9487,162,25
9488,266,36
9489,17,5
9490,73,13
9491,360,38
9492,189,23
9493,323,35
9494,521,24
9495,160,21
9496,0,3
9497,260,26
9498,0,3
9499,0,3
9500,0,3
9501,0,3
9502,0,3
9503,613,17
9504,0,3
9505,432,22
9506,0,3
9507,309,19
9508,247,16
9509,338,34
9510,0,3
9511,0,3
9512,145,17
9513,269,16
9514,340,25
9515,172,23
9516,384,13
9517,0,3
9518,0,3
9519,249,27
9520,229,21
9521,0,3
9522,0,3
9523,312,29
9524,535,34
9525,186,19
9526,340,30
9527,0,3
9528,0,3
9529,382,37
9530,198,27
9531,250,26
9532,411,32
9533,268,29
9534,0,3
9535,0,3
9536,0,3
9537,0,3
9538,0,3
9539,276,28
9540,0,3
9541,0,3
9542,323,35
9543,0,3
9544,216,24
9545,290,34
9546,234,28
9547,313,34
9548,83,7
9549,124,19
9550,0,3
9551,0,3
9552,0,3
9553,283,26
9554,0,3
9555,0,3
9556,0,3
9557,2,4
9558,449,30
9559,0,3
9560,0,3
9561,435,40
9562,169,17
9563,288,20
9564,183,21
9565,160,19
9566,0,3
9567,0,3
9568,0,3
9569,208,20
9570,147,15
9571,0,3
9572,0,3
9573,0,3
9574,146,18
9575,242,27
9576,238,33
9577,194,20
9578,126,17
9579,0,3
9580,339,20
9581,235,27
9582,0,3
9583,614,18
9584,220,24
9585,121,13
9586,76,11
9587,0,3
9588,70,10
9589,154,21
9590,0,3
9591,420,34
9592,223,28
9593,0,3
9594,541,21
9595,0,3
9596,317,29
9597,0,3
9598,564,30
9599,0,3
9600,194,24
9601,256,32
9602,0,3
9603,150,16
9604,0,3
9605,222,26
9606,0,3
9607,149,19
9608,66,11
9609,216,29
9610,206,24
9611,412,30
9612,381,25
9613,117,15
9614,360,30
9615,114,16
9616,146,17
9617,370,39
9618,0,3
9619,0,3
9620,0,3
9621,390,34
9622,136,16
9623,118,21
9624,0,3
9625,296,25
9626,275,25
9627,287,27
9628,302,36
9629,0,3
9630,0,3
9631,341,21
9632,336,29
9633,0,3
9634,0,3
9635,253,25
9636,307,15
9637,0,3
9638,599,22
9639,212,26
9640,164,23
9641,350,21
9642,162,8
9643,129,14
9644,380,38
9645,169,17
9646,0,3
9647,228,25
9648,227,22
9649,140,14
9650,0,3
9651,0,3
9652,84,15
9653,112,19
9654,241,27
9655,301,32
9656,312,29
9657,182,21
9658,277,31
9659,349,37
9660,242,17
9661,186,15
9662,172,19
9663,232,22
9664,0,3
9665,213,24
9666,248,25
9667,206,24
9668,174,20
9669,336,36
9670,183,23
9671,323,36
9672,108,14
9673,207,25
9674,200,22
9675,231,25
9676,149,17
9677,233,26
9678,0,3
9679,336,25
9680,0,3
9681,0,3
9682,0,3
9683,0,3
9684,145,17
9685,0,3
9686,117,12
9687,701,37
9688,193,18
9689,0,3
9690,65,6
9691,84,12
9692,370,41
9693,0,3
9694,0,3
9695,0,3
9696,165,25
9697,248,28
9698,0,3
9699,209,28
9700,270,21
9701,252,20
9702,57,13
9703,251,25
9704,249,25
9705,333,21
9706,449,17
9707,115,14
9708,540,29
9709,0,3
9710,212,27
9711,0,3
9712,210,29
9713,295,29
9714,230,18
9715,429,27
9716,153,14
9717,0,3
9718,307,28
9719,430,37
9720,323,20
9721,366,36
9722,492,28
9723,0,3
9724,229,24
9725,241,29
9726,164,18
9727,262,22
9728,150,19
9729,0,3
9730,0,3
9731,279,27
9732,102,11
9733,0,3
9734,79,11
9735,110,15
9736,0,3
9737,303,31
9738,599,30
9739,0,3
9740,0,3
9741,135,19
9742,180,25
9743,187,22
9744,193,30
9745,288,40
9746,0,3
9747,234,24
9748,232,21
9749,250,14
9750,519,29
9751,160,28
9752,270,26
9753,402,24
9754,0,3
9755,331,17
9756,0,3
9757,0,3
9758,0,3
9759,281,32
9760,0,3
9761,307,29
9762,305,33
9763,266,29
9764,185,19
9765,261,27
9766,339,28
9767,672,38
9768,139,14
9769,0,3
9770,207,31
9771,138,22
9772,0,3
9773,0,3
9774,284,27
9775,237,30
9776,0,3
9777,185,13
9778,216,22
9779,278,30
9780,134,17
9781,283,23
9782,46,6
9783,0,3
9784,242,34
9785,0,3
9786,256,25
9787,404,37
9788,0,3
9789,187,20
9790,172,23
9791,19,8
9792,0,3
9793,0,3
9794,142,19
9795,256,26
9796,260,28
9797,0,3
9798,203,31
9799,0,3
9800,121,14
9801,0,3
9802,219,25
9803,0,3
9804,0,3
9805,0,3
9806,358,22
9807,145,19
9808,208,21
9809,0,3
9810,92,15
9811,0,3
9812,342,25
9813,101,14
9814,160,22
9815,238,14
9816,274,30
9817,55,8
9818,384,28
9819,406,27
9820,0,3
9821,312,28
9822,0,3
9823,259,21
9824,0,3
9825,154,18
9826,253,29
9827,0,3
9828,0,3
9829,188,25
9830,0,3
9831,0,3
9832,0,3
9833,0,3
9834,0,3
9835,121,14
9836,0,3
9837,216,27
9838,204,21
9839,461,26
9840,389,22
9841,151,18
9842,187,23
9843,265,16
9844,167,24
9845,306,33
9846,0,3
9847,295,24
9848,0,3
9849,312,30
9850,200,28
9851,261,30
9852,266,29
9853,303,29
9854,0,3
9855,381,28
9856,11,5
9857,119,11
9858,132,15
9859,286,35
9860,247,37
9861,0,3
9862,0,3
9863,0,3
9864,0,3
9865,134,20
9866,0,3
9867,5,4
9868,317,33
9869,164,23
9870,0,3
9871,0,3
9872,82,15
9873,236,26
9874,0,3
9875,0,3
9876,154,22
9877,172,25
9878,172,23
9879,220,28
9880,0,3
9881,0,3
9882,336,39
9883,380,34
9884,220,27
9885,311,29
9886,142,19
9887,173,20
9888,0,3
9889,0,3
9890,211,18
9891,0,3
9892,179,22
9893,185,16
9894,256,27
9895,193,25
9896,414,17
9897,171,17
9898,0,3
9899,211,25
9900,177,22
9901,0,3
9902,215,23
9903,105,20
9904,72,9
9905,209,23
9906,253,35
9907,222,19
9908,195,23
9909,210,29
9910,379,42
9911,0,3
9912,116,14
9913,0,3
9914,0,3
9915,282,40
9916,0,3
9917,216,21
9918,95,13
9919,195,17
9920,238,25
9921,231,24
9922,165,21
9923,0,3
9924,236,23
9925,0,3
9926,0,3
9927,192,20
9928,0,3
9929,241,24
9930,208,25
9931,213,30
9932,309,25
9933,87,14
9934,587,24
9935,0,3
9936,161,17
9937,324,24
9938,201,22
9939,260,32
9940,0,3
9941,108,16
9942,19,6
9943,109,14
9944,254,27
9945,349,22
9946,143,18
9947,425,27
9948,367,23
9949,239,27
9950,405,23
9951,172,22
9952,0,3
9953,289,26
9954,0,3
9955,180,18
9956,442,27
9957,0,3
9958,407,25
9959,281,21
9960,157,13
9961,214,27
9962,0,3
9963,558,29
9964,0,3
9965,0,3
9966,0,3
9967,302,30
9968,0,3
9969,197,22
9970,278,23
9971,0,3
9972,0,3
9973,463,30
9974,0,3
9975,134,19
9976,128,16
9977,247,29
9978,228,25
9979,168,25
9980,257,19
9981,0,3
9982,550,30
9983,0,3
9984,231,17
9985,0,3
9986,484,30
9987,0,3
9988,91,15
9989,0,3
9990,0,3
9991,0,3
9992,171,25
9993,0,3
9994,0,3
9995,0,3
9996,0,3
9997,239,19
9998,244,23
9999,0,3
