attempt,turns,length
0,2,3
1,0,3
2,0,3
3,2,3
4,6,2
5,2,3
6,1,3
7,0,3
8,3,3
9,0,3
10,0,3
11,0,3
12,3,3
13,0,3
14,6,3
15,3,3
16,0,3
17,0,3
18,0,3
19,1,3
20,0,3
21,0,3
22,0,3
23,0,3
24,3,3
25,5,3
26,1,3
27,0,3
28,3,3
29,0,3
30,2,3
31,1,3
32,0,3
33,0,3
34,5,3
35,0,3
36,0,3
37,2,3
38,8,3
39,0,3
40,6,3
41,6,3
42,2,3
43,1,3
44,10,3
45,10,3
46,1,3
47,1,3
48,2,3
49,1,3
50,3,3
51,2,3
52,5,3
53,3,3
54,4,4
55,0,3
56,0,3
57,2,3
58,1,3
59,0,3
60,6,3
61,0,3
62,1,3
63,0,3
64,6,3
65,2,3
66,0,3
67,3,3
68,3,4
69,0,3
70,0,3
71,1,3
72,3,3
73,0,3
74,0,3
75,0,3
76,2,3
77,1,3
78,1,3
79,0,3
80,0,3
81,1,3
82,3,3
83,0,3
84,0,3
85,0,3
86,2,3
87,3,3
88,2,3
89,1,3
90,3,3
91,2,4
92,0,3
93,3,3
94,0,3
95,6,3
96,2,3
97,1,3
98,4,3
99,4,3
100,0,3
101,0,3
102,0,3
103,2,3
104,1,3
105,3,3
106,2,3
107,0,3
108,3,3
109,0,3
110,1,3
111,0,3
112,5,3
113,0,3
114,0,3
115,2,3
116,2,3
117,1,3
118,2,3
119,5,3
120,1,3
121,0,3
122,3,3
123,2,3
124,0,3
125,0,3
126,6,3
127,1,3
128,4,3
129,0,3
130,0,3
131,0,3
132,4,3
133,1,3
134,2,3
135,1,3
136,1,3
137,4,4
138,5,3
139,3,3
140,0,3
141,6,3
142,6,4
143,2,3
144,2,3
145,6,3
146,0,3
147,0,3
148,0,3
149,2,3
150,4,3
151,2,3
152,3,3
153,3,3
154,0,3
155,0,3
156,2,2
157,2,3
158,0,3
159,3,3
160,0,3
161,0,3
162,2,3
163,1,3
164,1,3
165,0,3
166,0,3
167,0,3
168,2,3
169,0,3
170,0,3
171,1,3
172,1,3
173,5,3
174,0,3
175,1,3
176,1,3
177,0,3
178,0,3
179,5,3
180,0,3
181,0,3
182,0,3
183,1,3
184,0,3
185,0,3
186,0,3
187,0,3
188,0,3
189,1,3
190,5,3
191,0,3
192,0,3
193,3,3
194,6,3
195,3,3
196,3,3
197,2,2
198,2,3
199,0,3
200,7,3
201,6,3
202,6,3
203,0,3
204,1,3
205,1,3
206,0,3
207,2,3
208,1,3
209,14,3
210,1,3
211,3,3
212,2,3
213,1,3
214,0,3
215,0,3
216,0,3
217,1,3
218,0,3
219,0,3
220,0,3
221,1,3
222,4,3
223,2,3
224,3,3
225,0,3
226,1,3
227,2,3
228,2,3
229,3,3
230,0,3
231,1,3
232,1,3
233,4,3
234,0,3
235,5,3
236,1,3
237,7,3
238,0,3
239,4,3
240,1,3
241,1,3
242,0,3
243,1,3
244,2,3
245,2,3
246,2,3
247,3,3
248,3,3
249,1,3
250,6,3
251,3,2
252,0,3
253,1,3
254,0,3
255,7,3
256,3,3
257,0,3
258,0,3
259,8,3
260,4,4
261,2,3
262,1,3
263,1,3
264,2,3
265,8,3
266,0,3
267,4,3
268,1,3
269,1,3
270,8,3
271,0,3
272,2,3
273,0,3
274,0,3
275,0,3
276,0,3
277,6,2
278,0,3
279,3,3
280,0,3
281,0,3
282,0,3
283,1,3
284,1,3
285,2,3
286,1,3
287,2,4
288,1,3
289,0,3
290,12,3
291,0,3
292,0,3
293,2,4
294,0,3
295,0,3
296,0,3
297,5,4
298,2,3
299,16,3
300,6,3
301,1,3
302,2,3
303,3,3
304,3,3
305,0,3
306,6,3
307,0,3
308,0,3
309,2,3
310,4,3
311,0,3
312,1,3
313,0,3
314,0,3
315,1,3
316,2,3
317,6,3
318,1,4
319,6,3
320,1,3
321,2,3
322,11,3
323,4,3
324,0,3
325,1,3
326,0,3
327,0,3
328,5,3
329,5,3
330,0,3
331,0,3
332,1,3
333,0,3
334,10,5
335,2,3
336,1,3
337,1,3
338,0,3
339,0,3
340,5,3
341,1,3
342,1,3
343,7,3
344,1,3
345,1,3
346,8,2
347,1,3
348,0,3
349,2,3
350,0,3
351,0,3
352,2,3
353,2,3
354,0,3
355,4,3
356,0,3
357,1,3
358,0,3
359,2,3
360,13,3
361,0,3
362,3,3
363,6,3
364,1,3
365,0,3
366,0,3
367,0,3
368,10,4
369,0,3
370,1,4
371,1,3
372,0,3
373,1,3
374,5,3
375,1,3
376,0,3
377,2,3
378,0,3
379,5,3
380,3,3
381,2,3
382,3,4
383,0,3
384,8,3
385,4,3
386,0,3
387,0,3
388,3,3
389,2,3
390,2,3
391,1,3
392,0,3
393,0,3
394,3,3
395,5,3
396,7,3
397,8,3
398,0,3
399,0,3
400,1,3
401,0,3
402,6,2
403,0,3
404,2,3
405,1,3
406,1,3
407,0,3
408,0,3
409,1,3
410,2,3
411,1,3
412,2,3
413,9,4
414,0,3
415,4,3
416,9,3
417,1,3
418,1,3
419,0,3
420,1,3
421,1,3
422,0,3
423,2,3
424,2,3
425,4,3
426,0,3
427,6,3
428,1,3
429,3,3
430,6,3
431,2,3
432,7,3
433,1,3
434,10,2
435,3,3
436,8,3
437,2,3
438,0,3
439,7,3
440,7,3
441,0,3
442,0,3
443,1,3
444,1,3
445,1,3
446,0,3
447,0,3
448,0,3
449,2,3
450,1,3
451,0,3
452,2,3
453,7,3
454,0,3
455,0,3
456,5,3
457,1,3
458,0,3
459,6,3
460,0,3
461,0,3
462,2,3
463,1,3
464,0,3
465,0,3
466,1,3
467,0,3
468,2,3
469,0,3
470,8,3
471,0,3
472,0,3
473,4,3
474,0,3
475,2,3
476,3,3
477,2,3
478,0,3
479,3,3
480,0,3
481,0,3
482,7,3
483,1,3
484,0,3
485,0,3
486,2,3
487,0,3
488,0,3
489,0,3
490,0,3
491,0,3
492,8,3
493,0,3
494,1,3
495,8,3
496,0,3
497,0,3
498,1,3
499,5,3
500,6,3
501,1,3
502,0,3
503,4,3
504,0,3
505,8,4
506,0,3
507,1,4
508,0,3
509,1,3
510,0,3
511,0,3
512,1,3
513,1,3
514,1,3
515,0,3
516,0,3
517,0,3
518,0,3
519,1,3
520,2,3
521,1,3
522,1,3
523,2,3
524,0,3
525,3,3
526,3,3
527,0,3
528,5,3
529,0,3
530,1,3
531,5,3
532,0,3
533,8,3
534,0,3
535,2,3
536,0,3
537,1,3
538,9,3
539,1,3
540,0,3
541,0,3
542,1,3
543,9,3
544,4,3
545,4,3
546,0,3
547,1,3
548,1,3
549,4,3
550,0,3
551,6,3
552,0,3
553,0,3
554,0,3
555,3,3
556,7,4
557,4,3
558,0,3
559,3,3
560,3,4
561,6,3
562,0,3
563,3,3
564,0,3
565,1,3
566,1,3
567,0,3
568,2,3
569,2,3
570,0,3
571,1,3
572,0,3
573,2,3
574,7,3
575,0,3
576,0,3
577,0,3
578,3,3
579,0,3
580,0,3
581,1,3
582,0,3
583,0,3
584,0,3
585,3,3
586,0,3
587,8,3
588,7,3
589,0,3
590,4,3
591,0,3
592,0,3
593,8,4
594,0,3
595,3,3
596,11,2
597,3,4
598,0,3
599,3,3
600,0,3
601,1,3
602,4,4
603,1,3
604,0,3
605,1,3
606,1,3
607,2,3
608,3,3
609,1,3
610,0,3
611,0,3
612,0,3
613,6,3
614,2,3
615,0,3
616,0,3
617,0,3
618,0,3
619,3,3
620,0,3
621,6,3
622,4,3
623,0,3
624,0,3
625,1,3
626,0,3
627,0,3
628,4,3
629,7,2
630,2,3
631,1,3
632,1,3
633,1,3
634,0,3
635,1,3
636,1,4
637,2,3
638,8,4
639,0,3
640,3,3
641,2,3
642,3,3
643,3,3
644,0,3
645,5,3
646,6,4
647,1,3
648,0,3
649,1,3
650,4,3
651,1,3
652,3,4
653,5,3
654,3,3
655,3,3
656,3,3
657,5,3
658,0,3
659,0,3
660,0,3
661,1,3
662,8,3
663,1,3
664,0,3
665,0,3
666,0,3
667,3,3
668,1,3
669,0,3
670,0,3
671,0,3
672,8,2
673,8,3
674,1,3
675,3,3
676,0,3
677,1,3
678,0,3
679,0,3
680,1,3
681,0,3
682,0,3
683,3,3
684,2,3
685,4,3
686,0,3
687,6,4
688,1,3
689,3,3
690,2,3
691,2,3
692,0,3
693,0,3
694,2,2
695,3,3
696,4,3
697,4,3
698,5,3
699,0,3
700,2,3
701,4,3
702,6,3
703,4,4
704,9,3
705,7,4
706,3,3
707,1,3
708,0,3
709,5,3
710,0,3
711,0,3
712,11,3
713,7,3
714,0,3
715,3,3
716,1,3
717,0,3
718,5,3
719,3,3
720,2,3
721,1,3
722,4,3
723,6,4
724,11,3
725,0,3
726,1,3
727,0,3
728,1,3
729,0,3
730,1,3
731,4,3
732,0,3
733,9,3
734,2,3
735,1,3
736,1,3
737,0,3
738,0,3
739,3,3
740,4,3
741,1,3
742,5,3
743,0,3
744,0,3
745,0,3
746,0,3
747,0,3
748,0,3
749,10,3
750,6,3
751,3,3
752,7,3
753,5,3
754,0,3
755,1,3
756,1,3
757,3,3
758,2,3
759,0,3
760,7,3
761,0,3
762,1,3
763,1,3
764,4,3
765,0,3
766,0,3
767,1,3
768,0,3
769,6,3
770,0,3
771,0,3
772,1,3
773,0,3
774,2,3
775,0,3
776,0,3
777,0,3
778,2,4
779,6,3
780,1,3
781,1,3
782,2,3
783,4,3
784,8,3
785,0,3
786,0,3
787,1,3
788,2,3
789,2,3
790,0,3
791,8,3
792,1,3
793,7,3
794,5,3
795,0,3
796,0,3
797,1,3
798,1,3
799,0,3
800,1,3
801,2,3
802,0,3
803,3,3
804,0,3
805,4,3
806,7,2
807,1,3
808,2,3
809,1,3
810,5,3
811,2,3
812,0,3
813,3,3
814,0,3
815,1,3
816,1,3
817,7,3
818,2,3
819,0,3
820,0,3
821,8,4
822,0,3
823,2,4
824,1,3
825,0,3
826,1,3
827,0,3
828,4,3
829,0,3
830,2,3
831,1,3
832,1,3
833,5,3
834,3,3
835,0,3
836,1,3
837,0,3
838,2,3
839,0,3
840,1,3
841,1,3
842,10,3
843,0,3
844,0,3
845,4,4
846,4,3
847,0,3
848,2,3
849,2,3
850,1,3
851,4,3
852,0,3
853,0,3
854,3,4
855,1,3
856,1,4
857,0,3
858,4,3
859,6,3
860,8,3
861,2,3
862,1,3
863,3,3
864,0,3
865,0,3
866,3,3
867,5,3
868,1,3
869,2,3
870,3,3
871,8,2
872,7,3
873,3,3
874,3,3
875,2,3
876,2,3
877,0,3
878,2,3
879,0,3
880,7,3
881,0,3
882,0,3
883,0,3
884,0,3
885,2,3
886,0,3
887,0,3
888,8,3
889,1,3
890,1,3
891,5,3
892,0,3
893,1,3
894,1,3
895,0,3
896,5,3
897,1,3
898,1,3
899,2,3
900,0,3
901,4,3
902,1,3
903,4,3
904,1,3
905,2,3
906,6,3
907,19,4
908,0,3
909,3,3
910,10,3
911,2,3
912,1,3
913,2,3
914,1,3
915,0,3
916,6,3
917,2,3
918,2,3
919,0,3
920,1,3
921,0,3
922,2,3
923,0,3
924,0,3
925,6,3
926,12,3
927,0,3
928,5,3
929,24,3
930,8,3
931,0,3
932,18,4
933,6,4
934,3,3
935,5,3
936,1,3
937,1,3
938,3,3
939,2,3
940,0,3
941,0,3
942,2,3
943,2,3
944,0,3
945,20,3
946,1,3
947,0,3
948,1,3
949,2,3
950,0,3
951,0,3
952,2,3
953,8,3
954,0,3
955,4,3
956,0,3
957,2,3
958,3,3
959,0,3
960,0,3
961,5,3
962,2,3
963,18,3
964,0,3
965,2,3
966,0,3
967,0,3
968,8,3
969,3,3
970,0,3
971,0,3
972,1,3
973,3,3
974,0,3
975,5,3
976,1,3
977,0,3
978,0,3
979,2,3
980,0,3
981,1,3
982,5,3
983,5,3
984,2,3
985,1,3
986,0,3
987,2,4
988,2,3
989,0,3
990,5,3
991,4,3
992,3,3
993,0,3
994,1,3
995,7,3
996,1,3
997,0,3
998,0,3
999,5,3
1000,1,3
1001,7,3
1002,2,3
1003,5,3
1004,0,3
1005,7,3
1006,2,3
1007,0,3
1008,0,3
1009,0,3
1010,0,3
1011,0,3
1012,2,3
1013,1,3
1014,0,3
1015,5,4
1016,0,3
1017,0,3
1018,1,3
1019,3,3
1020,2,3
1021,4,3
1022,1,3
1023,0,3
1024,1,3
1025,0,3
1026,2,3
1027,0,3
1028,2,3
1029,6,4
1030,3,3
1031,0,3
1032,6,3
1033,0,3
1034,0,3
1035,1,3
1036,3,3
1037,7,3
1038,1,3
1039,2,3
1040,0,3
1041,0,3
1042,0,3
1043,8,3
1044,1,3
1045,0,3
1046,8,3
1047,2,3
1048,2,3
1049,1,3
1050,2,3
1051,0,3
1052,2,3
1053,0,3
1054,3,3
1055,3,4
1056,3,3
1057,0,3
1058,1,3
1059,0,3
1060,6,3
1061,6,3
1062,2,3
1063,6,3
1064,6,3
1065,8,3
1066,0,3
1067,0,3
1068,1,3
1069,5,3
1070,2,3
1071,2,3
1072,6,3
1073,0,3
1074,0,3
1075,2,3
1076,3,3
1077,4,3
1078,0,3
1079,0,3
1080,0,3
1081,2,3
1082,0,3
1083,0,3
1084,1,3
1085,0,3
1086,0,3
1087,0,3
1088,1,3
1089,0,3
1090,0,3
1091,0,3
1092,1,3
1093,2,3
1094,0,3
1095,0,3
1096,0,3
1097,14,3
1098,0,3
1099,1,3
1100,0,3
1101,2,3
1102,5,3
1103,8,3
1104,2,4
1105,3,4
1106,0,3
1107,1,3
1108,0,3
1109,2,3
1110,0,3
1111,3,3
1112,4,3
1113,0,3
1114,2,3
1115,5,3
1116,9,3
1117,7,3
1118,1,3
1119,11,3
1120,5,4
1121,2,3
1122,0,3
1123,0,3
1124,0,3
1125,1,3
1126,5,2
1127,0,3
1128,3,3
1129,0,3
1130,1,3
1131,2,3
1132,0,3
1133,5,3
1134,2,3
1135,0,3
1136,1,3
1137,2,3
1138,1,3
1139,7,4
1140,3,3
1141,2,3
1142,7,3
1143,4,3
1144,4,3
1145,0,3
1146,0,3
1147,1,3
1148,0,3
1149,2,2
1150,0,3
1151,0,3
1152,0,3
1153,0,3
1154,0,3
1155,0,3
1156,2,3
1157,1,3
1158,0,3
1159,4,3
1160,3,3
1161,0,3
1162,3,3
1163,5,2
1164,12,3
1165,0,3
1166,8,3
1167,3,3
1168,1,3
1169,0,3
1170,2,3
1171,1,3
1172,1,4
1173,0,3
1174,5,2
1175,4,3
1176,14,3
1177,0,3
1178,13,3
1179,0,3
1180,1,3
1181,4,4
1182,1,3
1183,3,3
1184,2,3
1185,0,3
1186,18,3
1187,0,3
1188,0,3
1189,5,3
1190,3,3
1191,3,3
1192,8,4
1193,2,3
1194,0,3
1195,0,3
1196,0,3
1197,0,3
1198,2,3
1199,6,3
1200,8,3
1201,0,3
1202,2,3
1203,1,3
1204,0,3
1205,0,3
1206,7,3
1207,7,3
1208,1,3
1209,0,3
1210,1,3
1211,1,3
1212,0,3
1213,3,4
1214,0,3
1215,0,3
1216,15,2
1217,0,3
1218,0,3
1219,0,3
1220,0,3
1221,7,3
1222,0,3
1223,6,3
1224,21,3
1225,0,3
1226,3,3
1227,20,3
1228,1,3
1229,1,3
1230,0,3
1231,7,3
1232,6,3
1233,0,3
1234,1,3
1235,2,3
1236,4,3
1237,0,3
1238,0,3
1239,1,3
1240,3,3
1241,0,3
1242,1,3
1243,1,3
1244,5,3
1245,0,3
1246,0,3
1247,2,3
1248,0,3
1249,1,3
1250,1,3
1251,0,3
1252,19,3
1253,0,3
1254,23,3
1255,11,3
1256,0,3
1257,0,3
1258,3,3
1259,2,3
1260,4,4
1261,2,3
1262,1,3
1263,11,3
1264,1,3
1265,1,3
1266,6,3
1267,0,3
1268,3,3
1269,0,3
1270,2,3
1271,0,3
1272,2,3
1273,0,3
1274,3,3
1275,1,3
1276,3,3
1277,4,3
1278,7,3
1279,2,3
1280,1,3
1281,0,3
1282,5,3
1283,1,3
1284,1,3
1285,5,3
1286,2,3
1287,1,3
1288,1,3
1289,10,3
1290,0,3
1291,2,3
1292,1,3
1293,1,3
1294,0,3
1295,0,3
1296,11,4
1297,1,3
1298,2,3
1299,5,3
1300,2,4
1301,0,3
1302,11,3
1303,0,3
1304,1,3
1305,4,3
1306,3,3
1307,1,3
1308,1,3
1309,3,3
1310,2,3
1311,3,4
1312,4,3
1313,0,3
1314,2,3
1315,1,3
1316,3,3
1317,0,3
1318,2,3
1319,0,3
1320,1,3
1321,7,3
1322,1,3
1323,2,4
1324,2,3
1325,2,2
1326,0,3
1327,1,3
1328,0,3
1329,4,3
1330,8,3
1331,5,3
1332,6,3
1333,1,3
1334,0,3
1335,2,3
1336,1,3
1337,0,3
1338,5,3
1339,2,3
1340,0,3
1341,8,3
1342,1,4
1343,0,3
1344,1,4
1345,10,2
1346,6,3
1347,6,3
1348,0,3
1349,1,3
1350,3,3
1351,1,3
1352,0,3
1353,3,3
1354,0,3
1355,20,4
1356,1,3
1357,2,3
1358,0,3
1359,1,3
1360,2,3
1361,2,3
1362,3,3
1363,11,3
1364,0,3
1365,0,3
1366,1,3
1367,7,3
1368,4,3
1369,0,3
1370,1,3
1371,1,3
1372,2,3
1373,0,3
1374,4,3
1375,2,3
1376,2,3
1377,7,3
1378,0,3
1379,2,3
1380,6,3
1381,1,3
1382,0,3
1383,1,3
1384,1,3
1385,0,3
1386,3,3
1387,0,3
1388,8,3
1389,2,3
1390,15,3
1391,0,3
1392,3,3
1393,15,4
1394,1,3
1395,1,3
1396,8,3
1397,0,3
1398,5,3
1399,5,3
1400,0,3
1401,5,3
1402,0,3
1403,4,3
1404,1,3
1405,10,4
1406,8,3
1407,3,3
1408,5,3
1409,0,3
1410,1,3
1411,0,3
1412,2,3
1413,1,3
1414,0,3
1415,1,3
1416,0,3
1417,4,3
1418,1,3
1419,2,3
1420,3,3
1421,0,3
1422,1,3
1423,2,3
1424,1,3
1425,7,3
1426,0,3
1427,0,3
1428,6,3
1429,5,3
1430,10,3
1431,2,3
1432,0,3
1433,2,3
1434,0,3
1435,0,3
1436,0,3
1437,2,3
1438,1,3
1439,0,3
1440,0,3
1441,6,3
1442,0,3
1443,3,3
1444,0,3
1445,3,3
1446,1,4
1447,0,3
1448,1,3
1449,0,3
1450,4,2
1451,5,3
1452,1,3
1453,0,3
1454,2,3
1455,0,3
1456,0,3
1457,2,4
1458,4,3
1459,0,3
1460,1,3
1461,2,3
1462,2,3
1463,14,3
1464,0,3
1465,0,3
1466,0,3
1467,1,3
1468,1,3
1469,13,3
1470,0,3
1471,3,3
1472,1,3
1473,0,3
1474,1,3
1475,1,3
1476,2,3
1477,9,3
1478,1,4
1479,7,4
1480,3,3
1481,0,3
1482,0,3
1483,8,3
1484,4,3
1485,0,3
1486,0,3
1487,6,4
1488,7,3
1489,2,3
1490,6,3
1491,1,3
1492,3,3
1493,0,3
1494,3,3
1495,2,3
1496,12,4
1497,4,3
1498,22,3
1499,2,3
1500,17,3
1501,2,3
1502,0,3
1503,13,4
1504,0,3
1505,0,3
1506,1,3
1507,0,3
1508,4,4
1509,0,3
1510,5,3
1511,0,3
1512,1,3
1513,8,2
1514,11,3
1515,2,3
1516,4,3
1517,1,3
1518,4,3
1519,0,3
1520,2,3
1521,2,3
1522,9,4
1523,0,3
1524,8,3
1525,0,3
1526,14,3
1527,0,3
1528,0,3
1529,0,3
1530,2,3
1531,1,3
1532,0,3
1533,0,3
1534,0,3
1535,20,3
1536,0,3
1537,18,3
1538,0,3
1539,2,3
1540,5,3
1541,24,3
1542,0,3
1543,0,3
1544,1,3
1545,5,3
1546,12,3
1547,0,3
1548,8,3
1549,4,5
1550,0,3
1551,3,3
1552,0,3
1553,0,3
1554,0,3
1555,0,3
1556,10,4
1557,2,3
1558,0,3
1559,2,3
1560,13,4
1561,0,3
1562,1,3
1563,0,3
1564,3,3
1565,0,3
1566,0,3
1567,7,3
1568,1,3
1569,0,3
1570,1,3
1571,0,3
1572,2,4
1573,0,3
1574,7,3
1575,1,3
1576,0,3
1577,4,3
1578,11,3
1579,0,3
1580,1,3
1581,1,3
1582,0,3
1583,1,3
1584,1,3
1585,0,3
1586,3,3
1587,0,3
1588,2,3
1589,3,3
1590,0,3
1591,0,3
1592,0,3
1593,1,3
1594,0,3
1595,2,3
1596,0,3
1597,1,3
1598,2,3
1599,2,3
1600,1,3
1601,11,4
1602,0,3
1603,4,3
1604,3,3
1605,15,3
1606,4,3
1607,0,3
1608,7,2
1609,0,3
1610,15,4
1611,0,3
1612,0,3
1613,0,3
1614,4,3
1615,14,3
1616,7,3
1617,1,3
1618,5,3
1619,0,3
1620,3,4
1621,18,3
1622,1,3
1623,4,3
1624,14,3
1625,6,3
1626,0,3
1627,0,3
1628,2,3
1629,2,3
1630,0,3
1631,0,3
1632,0,3
1633,15,3
1634,5,4
1635,4,3
1636,2,3
1637,4,3
1638,5,3
1639,2,3
1640,5,3
1641,1,3
1642,4,3
1643,0,3
1644,0,3
1645,7,3
1646,0,3
1647,1,3
1648,5,3
1649,0,3
1650,1,3
1651,2,3
1652,18,3
1653,11,3
1654,4,3
1655,1,3
1656,0,3
1657,0,3
1658,2,3
1659,26,3
1660,0,3
1661,1,3
1662,0,3
1663,0,3
1664,8,5
1665,0,3
1666,0,3
1667,15,4
1668,1,3
1669,5,3
1670,18,3
1671,0,3
1672,2,3
1673,3,3
1674,18,3
1675,0,3
1676,1,3
1677,0,3
1678,0,3
1679,9,3
1680,0,3
1681,2,3
1682,1,3
1683,3,3
1684,29,4
1685,9,3
1686,0,3
1687,0,3
1688,0,3
1689,0,3
1690,4,3
1691,17,3
1692,1,3
1693,31,3
1694,4,3
1695,4,3
1696,0,3
1697,0,3
1698,5,3
1699,7,3
1700,0,3
1701,0,3
1702,0,3
1703,1,3
1704,2,3
1705,0,3
1706,0,3
1707,10,3
1708,2,3
1709,6,3
1710,0,3
1711,12,2
1712,3,3
1713,0,3
1714,0,3
1715,0,3
1716,1,3
1717,0,3
1718,5,3
1719,5,4
1720,21,3
1721,4,3
1722,1,3
1723,2,3
1724,0,3
1725,7,4
1726,8,3
1727,0,3
1728,9,3
1729,0,3
1730,3,3
1731,0,3
1732,4,3
1733,0,3
1734,2,3
1735,6,3
1736,1,3
1737,10,3
1738,0,3
1739,0,3
1740,0,3
1741,1,3
1742,9,3
1743,1,3
1744,5,3
1745,0,3
1746,1,3
1747,3,3
1748,4,5
1749,0,3
1750,1,3
1751,0,3
1752,6,3
1753,1,3
1754,0,3
1755,0,3
1756,1,3
1757,0,3
1758,0,3
1759,6,2
1760,4,3
1761,0,3
1762,3,3
1763,0,3
1764,0,3
1765,4,3
1766,36,2
1767,2,3
1768,6,3
1769,0,3
1770,1,3
1771,3,3
1772,4,3
1773,0,3
1774,0,3
1775,1,3
1776,1,3
1777,2,3
1778,0,3
1779,0,3
1780,0,3
1781,3,3
1782,1,3
1783,2,3
1784,1,3
1785,2,3
1786,0,3
1787,1,3
1788,3,3
1789,0,3
1790,9,4
1791,0,3
1792,0,3
1793,0,3
1794,2,3
1795,4,3
1796,0,3
1797,1,3
1798,2,3
1799,5,3
1800,11,3
1801,0,3
1802,0,3
1803,16,4
1804,1,3
1805,2,3
1806,1,3
1807,1,3
1808,1,3
1809,3,3
1810,1,3
1811,0,3
1812,1,3
1813,0,3
1814,1,3
1815,9,3
1816,0,3
1817,1,2
1818,0,3
1819,1,3
1820,0,3
1821,2,3
1822,17,2
1823,1,4
1824,14,3
1825,2,3
1826,18,4
1827,0,3
1828,16,3
1829,3,3
1830,13,3
1831,0,3
1832,3,3
1833,0,3
1834,0,3
1835,0,3
1836,1,3
1837,5,3
1838,6,3
1839,1,3
1840,3,4
1841,0,3
1842,0,3
1843,1,3
1844,0,3
1845,3,3
1846,0,3
1847,1,3
1848,4,5
1849,0,3
1850,0,3
1851,1,3
1852,5,3
1853,0,3
1854,0,3
1855,1,3
1856,0,3
1857,2,3
1858,2,3
1859,0,3
1860,0,3
1861,0,3
1862,31,3
1863,1,3
1864,0,3
1865,1,3
1866,0,3
1867,15,3
1868,1,3
1869,15,3
1870,0,3
1871,2,2
1872,0,3
1873,1,3
1874,0,3
1875,2,3
1876,7,3
1877,12,4
1878,0,3
1879,0,3
1880,16,2
1881,0,3
1882,2,3
1883,0,3
1884,0,3
1885,0,3
1886,0,3
1887,1,3
1888,0,3
1889,12,2
1890,0,3
1891,7,3
1892,16,3
1893,2,3
1894,1,3
1895,1,3
1896,3,3
1897,24,3
1898,20,4
1899,4,3
1900,25,3
1901,1,3
1902,13,3
1903,2,3
1904,28,2
1905,1,3
1906,1,3
1907,2,3
1908,0,3
1909,0,3
1910,1,3
1911,0,3
1912,0,3
1913,2,3
1914,3,3
1915,0,3
1916,1,3
1917,0,3
1918,7,2
1919,0,3
1920,0,3
1921,4,3
1922,1,3
1923,0,3
1924,0,3
1925,35,3
1926,1,3
1927,0,3
1928,3,3
1929,0,3
1930,29,2
1931,0,3
1932,0,3
1933,0,3
1934,1,2
1935,2,4
1936,1,3
1937,6,3
1938,1,3
1939,8,4
1940,0,3
1941,1,3
1942,10,6
1943,0,3
1944,30,3
1945,1,3
1946,2,3
1947,8,3
1948,0,3
1949,5,3
1950,0,3
1951,1,3
1952,2,3
1953,0,3
1954,0,3
1955,3,3
1956,39,3
1957,1,3
1958,0,3
1959,2,3
1960,2,3
1961,2,3
1962,3,3
1963,8,3
1964,0,3
1965,3,3
1966,2,3
1967,0,3
1968,13,4
1969,7,3
1970,1,3
1971,0,3
1972,0,3
1973,2,3
1974,0,3
1975,0,3
1976,0,3
1977,26,4
1978,5,3
1979,6,3
1980,1,3
1981,1,3
1982,2,4
1983,0,3
1984,2,5
1985,18,3
1986,33,3
1987,0,3
1988,0,3
1989,0,3
1990,7,2
1991,12,3
1992,0,3
1993,3,3
1994,0,3
1995,2,3
1996,5,3
1997,21,3
1998,18,3
1999,4,3
2000,10,3
2001,40,3
2002,11,3
2003,2,3
2004,14,4
2005,2,3
2006,0,3
2007,0,3
2008,2,3
2009,1,3
2010,2,3
2011,0,3
2012,10,3
2013,0,3
2014,2,4
2015,1,3
2016,2,3
2017,7,2
2018,0,3
2019,0,3
2020,8,3
2021,1,3
2022,6,3
2023,1,3
2024,2,3
2025,0,3
2026,16,3
2027,9,3
2028,2,3
2029,15,4
2030,37,2
2031,1,3
2032,1,3
2033,3,3
2034,0,3
2035,0,3
2036,0,3
2037,0,3
2038,31,3
2039,0,3
2040,2,3
2041,31,3
2042,1,3
2043,0,3
2044,0,3
2045,5,4
2046,1,3
2047,0,3
2048,13,4
2049,1,3
2050,45,3
2051,5,3
2052,1,3
2053,9,3
2054,0,3
2055,2,3
2056,9,3
2057,8,4
2058,3,3
2059,17,3
2060,0,3
2061,6,3
2062,0,3
2063,7,3
2064,0,3
2065,6,3
2066,4,3
2067,1,3
2068,5,3
2069,3,3
2070,17,3
2071,5,4
2072,34,3
2073,12,3
2074,3,3
2075,1,3
2076,3,3
2077,3,3
2078,7,4
2079,7,3
2080,2,3
2081,6,3
2082,0,3
2083,2,3
2084,3,3
2085,5,3
2086,0,3
2087,0,3
2088,0,3
2089,1,3
2090,1,3
2091,8,3
2092,4,3
2093,7,4
2094,4,3
2095,31,3
2096,24,3
2097,5,4
2098,1,3
2099,2,3
2100,28,3
2101,1,3
2102,6,3
2103,2,4
2104,0,3
2105,18,3
2106,0,3
2107,1,4
2108,0,3
2109,6,3
2110,1,3
2111,5,3
2112,13,4
2113,0,3
2114,0,3
2115,3,3
2116,9,2
2117,11,3
2118,2,3
2119,0,3
2120,6,3
2121,2,3
2122,0,3
2123,11,3
2124,0,3
2125,6,3
2126,4,3
2127,0,3
2128,0,3
2129,2,3
2130,1,3
2131,2,3
2132,1,3
2133,0,3
2134,1,3
2135,0,3
2136,1,3
2137,2,3
2138,0,3
2139,2,3
2140,0,3
2141,0,3
2142,1,3
2143,2,3
2144,0,3
2145,2,3
2146,3,3
2147,1,3
2148,18,4
2149,4,3
2150,0,3
2151,44,3
2152,2,3
2153,0,3
2154,0,3
2155,16,4
2156,0,3
2157,1,3
2158,10,3
2159,22,3
2160,0,3
2161,0,3
2162,6,3
2163,10,3
2164,3,3
2165,0,3
2166,1,3
2167,35,3
2168,0,3
2169,0,3
2170,0,3
2171,12,5
2172,0,3
2173,0,3
2174,10,3
2175,2,3
2176,2,4
2177,0,3
2178,1,3
2179,0,3
2180,8,3
2181,1,3
2182,3,3
2183,1,3
2184,0,3
2185,1,2
2186,11,2
2187,0,3
2188,22,3
2189,0,3
2190,0,3
2191,0,3
2192,2,3
2193,2,3
2194,0,3
2195,9,3
2196,0,3
2197,29,3
2198,6,3
2199,1,3
2200,0,3
2201,12,4
2202,0,3
2203,0,3
2204,3,3
2205,24,4
2206,0,3
2207,32,3
2208,0,3
2209,0,3
2210,0,3
2211,3,3
2212,5,3
2213,5,3
2214,6,2
2215,0,3
2216,2,3
2217,6,3
2218,0,3
2219,1,3
2220,0,3
2221,7,3
2222,3,3
2223,1,3
2224,15,3
2225,0,3
2226,0,3
2227,14,3
2228,0,3
2229,0,3
2230,1,3
2231,4,3
2232,13,2
2233,0,3
2234,9,4
2235,0,3
2236,3,3
2237,3,3
2238,1,3
2239,1,3
2240,4,4
2241,35,4
2242,0,3
2243,11,3
2244,1,3
2245,1,3
2246,0,3
2247,11,3
2248,1,3
2249,1,3
2250,0,3
2251,14,3
2252,1,3
2253,0,3
2254,0,3
2255,1,3
2256,0,3
2257,2,3
2258,5,3
2259,2,3
2260,1,3
2261,15,4
2262,0,3
2263,1,3
2264,0,3
2265,4,3
2266,3,3
2267,2,2
2268,2,3
2269,0,3
2270,1,3
2271,11,3
2272,1,3
2273,2,3
2274,1,3
2275,7,3
2276,3,3
2277,0,3
2278,0,3
2279,0,3
2280,1,3
2281,0,3
2282,1,3
2283,0,3
2284,2,3
2285,15,4
2286,8,3
2287,0,3
2288,14,3
2289,0,3
2290,0,3
2291,0,3
2292,0,3
2293,0,3
2294,0,3
2295,6,3
2296,5,4
2297,2,3
2298,4,3
2299,1,3
2300,1,3
2301,0,3
2302,1,3
2303,2,4
2304,1,3
2305,1,3
2306,8,4
2307,10,4
2308,2,3
2309,6,3
2310,0,3
2311,1,3
2312,1,3
2313,1,3
2314,0,3
2315,0,3
2316,0,3
2317,0,3
2318,0,3
2319,1,3
2320,0,3
2321,4,3
2322,0,3
2323,25,3
2324,0,3
2325,9,3
2326,0,3
2327,17,3
2328,2,3
2329,0,3
2330,2,3
2331,1,3
2332,5,4
2333,6,3
2334,15,3
2335,59,1
2336,3,4
2337,0,3
2338,0,3
2339,5,3
2340,2,3
2341,0,3
2342,0,3
2343,4,3
2344,6,3
2345,13,3
2346,31,3
2347,0,3
2348,15,3
2349,1,3
2350,14,3
2351,1,3
2352,1,3
2353,4,4
2354,1,3
2355,1,3
2356,3,3
2357,2,3
2358,15,3
2359,9,3
2360,0,3
2361,14,4
2362,0,3
2363,3,3
2364,11,3
2365,1,3
2366,4,3
2367,0,3
2368,0,3
2369,2,3
2370,1,3
2371,6,3
2372,0,3
2373,46,3
2374,0,3
2375,0,3
2376,1,3
2377,2,3
2378,1,3
2379,1,3
2380,0,3
2381,1,3
2382,3,2
2383,0,3
2384,0,3
2385,4,3
2386,5,3
2387,25,3
2388,8,3
2389,0,3
2390,1,3
2391,1,3
2392,10,3
2393,1,3
2394,0,3
2395,0,3
2396,1,3
2397,7,3
2398,5,3
2399,16,3
2400,13,4
2401,10,2
2402,15,3
2403,6,4
2404,0,3
2405,4,3
2406,2,4
2407,0,3
2408,0,3
2409,0,3
2410,1,3
2411,0,3
2412,8,3
2413,1,3
2414,3,3
2415,5,3
2416,10,3
2417,0,3
2418,0,3
2419,2,3
2420,6,3
2421,0,3
2422,3,3
2423,0,3
2424,0,3
2425,3,3
2426,2,3
2427,0,3
2428,15,3
2429,1,3
2430,6,4
2431,3,3
2432,28,2
2433,0,3
2434,4,3
2435,0,3
2436,18,4
2437,4,3
2438,1,3
2439,0,3
2440,4,3
2441,7,3
2442,5,3
2443,8,3
2444,1,3
2445,0,3
2446,1,3
2447,1,3
2448,1,3
2449,11,6
2450,10,3
2451,0,3
2452,1,3
2453,1,3
2454,7,3
2455,2,3
2456,0,3
2457,3,3
2458,0,3
2459,1,3
2460,2,3
2461,2,3
2462,0,3
2463,0,3
2464,0,3
2465,5,3
2466,15,3
2467,0,3
2468,9,3
2469,7,3
2470,1,3
2471,0,3
2472,0,3
2473,0,3
2474,3,3
2475,2,3
2476,3,3
2477,4,3
2478,10,3
2479,0,3
2480,34,3
2481,1,3
2482,0,3
2483,15,2
2484,1,3
2485,0,3
2486,6,3
2487,7,4
2488,1,3
2489,1,3
2490,1,3
2491,3,3
2492,1,3
2493,21,3
2494,11,4
2495,0,3
2496,4,3
2497,7,3
2498,2,3
2499,1,3
2500,0,3
2501,31,3
2502,6,4
2503,11,3
2504,3,3
2505,8,3
2506,0,3
2507,6,4
2508,0,3
2509,2,3
2510,2,3
2511,0,3
2512,13,3
2513,0,3
2514,0,3
2515,0,3
2516,0,3
2517,0,3
2518,1,3
2519,0,3
2520,4,4
2521,0,3
2522,0,3
2523,0,3
2524,1,4
2525,0,3
2526,2,3
2527,2,3
2528,2,3
2529,0,3
2530,2,3
2531,0,3
2532,0,3
2533,31,3
2534,11,3
2535,0,3
2536,5,3
2537,3,3
2538,0,3
2539,6,3
2540,2,3
2541,0,3
2542,1,3
2543,12,3
2544,2,3
2545,9,3
2546,5,3
2547,8,4
2548,3,3
2549,4,3
2550,0,3
2551,4,2
2552,5,3
2553,4,3
2554,2,3
2555,0,3
2556,0,3
2557,0,3
2558,1,3
2559,2,3
2560,4,3
2561,27,4
2562,1,3
2563,4,3
2564,9,3
2565,8,3
2566,0,3
2567,2,3
2568,19,4
2569,0,3
2570,12,5
2571,0,3
2572,0,3
2573,0,3
2574,7,4
2575,0,3
2576,0,3
2577,1,3
2578,3,3
2579,1,3
2580,0,3
2581,1,3
2582,0,3
2583,0,3
2584,13,3
2585,7,3
2586,1,3
2587,2,3
2588,7,4
2589,3,2
2590,0,3
2591,5,3
2592,2,3
2593,3,3
2594,1,3
2595,1,3
2596,0,3
2597,0,3
2598,0,3
2599,4,3
2600,37,3
2601,1,3
2602,18,3
2603,6,3
2604,1,2
2605,1,3
2606,2,3
2607,0,3
2608,1,3
2609,1,3
2610,6,3
2611,0,3
2612,2,3
2613,26,3
2614,2,3
2615,0,3
2616,0,3
2617,1,3
2618,1,3
2619,20,5
2620,1,3
2621,8,3
2622,8,3
2623,0,3
2624,0,3
2625,19,3
2626,4,3
2627,17,3
2628,24,2
2629,5,3
2630,3,3
2631,6,5
2632,0,3
2633,5,3
2634,5,4
2635,0,3
2636,48,3
2637,2,3
2638,5,3
2639,0,3
2640,5,4
2641,6,3
2642,3,3
2643,7,4
2644,18,3
2645,0,3
2646,6,4
2647,10,3
2648,11,4
2649,0,3
2650,0,3
2651,1,3
2652,6,3
2653,12,3
2654,4,3
2655,1,3
2656,0,3
2657,0,3
2658,0,3
2659,2,3
2660,0,3
2661,62,3
2662,0,3
2663,2,3
2664,5,4
2665,0,3
2666,1,3
2667,1,3
2668,28,3
2669,1,3
2670,18,3
2671,0,3
2672,0,3
2673,6,4
2674,0,3
2675,0,3
2676,3,3
2677,2,3
2678,0,3
2679,0,3
2680,17,3
2681,12,3
2682,5,3
2683,0,3
2684,7,3
2685,27,3
2686,9,3
2687,4,3
2688,3,3
2689,16,3
2690,1,3
2691,0,3
2692,0,3
2693,7,2
2694,3,3
2695,1,3
2696,4,3
2697,5,3
2698,2,3
2699,0,3
2700,20,5
2701,3,3
2702,0,3
2703,13,3
2704,25,3
2705,11,4
2706,12,3
2707,8,3
2708,0,3
2709,0,3
2710,5,3
2711,1,3
2712,10,4
2713,1,3
2714,0,3
2715,0,3
2716,0,3
2717,1,3
2718,0,3
2719,0,3
2720,0,3
2721,0,3
2722,0,3
2723,22,2
2724,2,3
2725,1,3
2726,0,3
2727,0,3
2728,1,3
2729,21,3
2730,0,3
2731,0,3
2732,0,3
2733,2,3
2734,0,3
2735,0,3
2736,1,3
2737,4,3
2738,0,3
2739,0,3
2740,8,3
2741,0,3
2742,18,3
2743,1,3
2744,2,2
2745,51,3
2746,6,3
2747,38,3
2748,5,3
2749,2,3
2750,25,3
2751,0,3
2752,5,3
2753,0,3
2754,2,3
2755,1,3
2756,0,3
2757,0,3
2758,1,3
2759,2,3
2760,10,3
2761,4,3
2762,7,2
2763,0,3
2764,2,3
2765,1,3
2766,0,3
2767,8,3
2768,3,3
2769,15,5
2770,0,3
2771,1,3
2772,2,3
2773,0,3
2774,0,3
2775,1,3
2776,1,3
2777,17,3
2778,39,3
2779,0,3
2780,1,3
2781,0,3
2782,27,3
2783,0,3
2784,0,3
2785,14,3
2786,11,3
2787,6,3
2788,0,3
2789,26,3
2790,4,3
2791,0,3
2792,3,3
2793,8,3
2794,8,3
2795,0,3
2796,38,3
2797,1,3
2798,0,3
2799,1,3
2800,2,3
2801,6,3
2802,0,3
2803,0,3
2804,2,3
2805,23,3
2806,0,3
2807,0,3
2808,0,3
2809,14,3
2810,0,3
2811,0,3
2812,0,3
2813,8,4
2814,2,3
2815,0,3
2816,0,3
2817,0,3
2818,3,3
2819,3,3
2820,6,3
2821,5,3
2822,3,3
2823,1,3
2824,1,3
2825,0,3
2826,1,3
2827,0,3
2828,2,3
2829,4,3
2830,0,3
2831,0,3
2832,0,3
2833,1,3
2834,6,3
2835,0,3
2836,0,3
2837,13,3
2838,16,3
2839,0,3
2840,54,3
2841,1,3
2842,4,3
2843,2,3
2844,8,4
2845,0,3
2846,2,3
2847,1,3
2848,0,3
2849,5,3
2850,0,3
2851,21,3
2852,0,3
2853,0,3
2854,0,3
2855,0,3
2856,0,3
2857,2,3
2858,0,3
2859,0,3
2860,2,3
2861,2,3
2862,11,3
2863,3,3
2864,3,3
2865,20,3
2866,0,3
2867,1,3
2868,0,3
2869,3,3
2870,7,3
2871,3,3
2872,0,3
2873,7,3
2874,0,3
2875,0,3
2876,0,3
2877,6,3
2878,2,3
2879,2,3
2880,22,4
2881,7,3
2882,0,3
2883,8,3
2884,1,3
2885,3,3
2886,11,3
2887,0,3
2888,1,3
2889,11,3
2890,10,3
2891,0,3
2892,0,3
2893,16,4
2894,7,3
2895,2,3
2896,2,3
2897,0,3
2898,8,3
2899,56,4
2900,2,3
2901,2,3
2902,4,3
2903,7,3
2904,6,3
2905,11,3
2906,3,3
2907,3,3
2908,2,3
2909,23,4
2910,0,3
2911,0,3
2912,3,3
2913,4,3
2914,3,3
2915,2,3
2916,0,3
2917,1,3
2918,7,3
2919,12,3
2920,0,3
2921,0,3
2922,28,3
2923,0,3
2924,0,3
2925,0,3
2926,3,3
2927,5,3
2928,0,3
2929,0,3
2930,1,3
2931,1,3
2932,0,3
2933,56,3
2934,3,3
2935,0,3
2936,2,3
2937,0,3
2938,0,3
2939,1,3
2940,0,3
2941,9,2
2942,0,3
2943,0,3
2944,3,3
2945,5,4
2946,2,3
2947,0,3
2948,6,3
2949,0,3
2950,0,3
2951,22,2
2952,0,3
2953,4,3
2954,0,3
2955,0,3
2956,1,3
2957,5,3
2958,0,3
2959,0,3
2960,1,3
2961,28,2
2962,0,3
2963,4,4
2964,1,3
2965,20,4
2966,0,3
2967,8,4
2968,1,3
2969,4,3
2970,0,3
2971,0,3
2972,28,3
2973,26,3
2974,13,3
2975,0,3
2976,0,3
2977,0,3
2978,2,3
2979,0,3
2980,0,3
2981,1,4
2982,0,3
2983,0,3
2984,3,3
2985,0,3
2986,0,3
2987,2,3
2988,1,3
2989,3,3
2990,9,3
2991,0,3
2992,0,3
2993,0,3
2994,8,2
2995,0,3
2996,19,2
2997,0,3
2998,4,3
2999,5,3
3000,4,3
3001,0,3
3002,15,3
3003,19,4
3004,0,3
3005,4,3
3006,2,3
3007,0,3
3008,33,3
3009,5,3
3010,7,3
3011,0,3
3012,25,3
3013,11,3
3014,2,3
3015,0,3
3016,18,4
3017,9,3
3018,0,3
3019,5,3
3020,0,3
3021,1,3
3022,5,3
3023,0,3
3024,4,3
3025,20,3
3026,11,3
3027,0,3
3028,0,3
3029,0,3
3030,0,3
3031,8,3
3032,0,3
3033,1,3
3034,0,3
3035,6,3
3036,1,3
3037,0,3
3038,0,3
3039,0,3
3040,6,4
3041,0,3
3042,2,3
3043,7,3
3044,2,3
3045,0,3
3046,3,3
3047,0,3
3048,2,3
3049,0,3
3050,1,3
3051,1,3
3052,3,3
3053,4,4
3054,0,3
3055,2,3
3056,2,3
3057,2,3
3058,3,3
3059,1,3
3060,5,3
3061,5,3
3062,0,3
3063,0,3
3064,0,3
3065,8,4
3066,5,3
3067,2,3
3068,0,3
3069,0,3
3070,1,3
3071,0,3
3072,22,3
3073,13,3
3074,0,3
3075,2,3
3076,0,3
3077,10,3
3078,28,4
3079,2,3
3080,2,3
3081,11,3
3082,19,1
3083,20,3
3084,7,3
3085,0,3
3086,0,3
3087,11,3
3088,3,3
3089,9,4
3090,5,3
3091,4,3
3092,3,3
3093,1,3
3094,10,3
3095,4,3
3096,0,3
3097,0,3
3098,2,3
3099,0,3
3100,2,4
3101,2,3
3102,8,3
3103,7,3
3104,7,4
3105,1,3
3106,0,3
3107,12,3
3108,8,3
3109,23,3
3110,0,3
3111,25,3
3112,11,3
3113,0,3
3114,0,3
3115,17,4
3116,2,3
3117,3,3
3118,3,3
3119,1,3
3120,0,3
3121,3,3
3122,1,2
3123,19,2
3124,19,3
3125,0,3
3126,0,3
3127,3,3
3128,1,3
3129,1,3
3130,30,3
3131,0,3
3132,13,4
3133,0,3
3134,2,3
3135,0,3
3136,10,3
3137,18,2
3138,0,3
3139,4,3
3140,1,3
3141,5,3
3142,5,3
3143,0,3
3144,0,3
3145,3,3
3146,0,3
3147,1,3
3148,7,3
3149,0,3
3150,0,3
3151,1,3
3152,10,3
3153,11,3
3154,8,4
3155,4,3
3156,0,3
3157,0,3
3158,0,3
3159,3,3
3160,18,3
3161,0,3
3162,0,3
3163,6,4
3164,7,3
3165,1,3
3166,1,3
3167,3,3
3168,0,3
3169,11,3
3170,3,3
3171,22,3
3172,1,3
3173,1,3
3174,3,3
3175,0,3
3176,1,4
3177,19,3
3178,0,3
3179,7,3
3180,6,3
3181,26,3
3182,3,3
3183,4,3
3184,1,3
3185,11,3
3186,33,4
3187,0,3
3188,12,3
3189,8,4
3190,15,3
3191,0,3
3192,3,3
3193,6,3
3194,5,3
3195,0,3
3196,0,3
3197,2,3
3198,12,2
3199,2,3
3200,2,3
3201,8,3
3202,2,3
3203,0,3
3204,9,4
3205,1,3
3206,1,3
3207,0,3
3208,7,4
3209,53,3
3210,6,4
3211,1,3
3212,0,3
3213,1,3
3214,0,3
3215,5,3
3216,13,3
3217,6,4
3218,0,3
3219,1,3
3220,3,3
3221,7,3
3222,0,3
3223,0,3
3224,2,3
3225,4,3
3226,0,3
3227,1,3
3228,0,3
3229,11,3
3230,0,3
3231,5,4
3232,0,3
3233,0,3
3234,0,3
3235,3,3
3236,6,3
3237,10,4
3238,5,3
3239,0,3
3240,0,3
3241,11,4
3242,3,3
3243,0,3
3244,17,4
3245,36,3
3246,14,2
3247,0,3
3248,11,4
3249,5,3
3250,5,3
3251,12,4
3252,4,3
3253,2,3
3254,0,3
3255,6,3
3256,0,3
3257,0,3
3258,20,2
3259,0,3
3260,7,3
3261,3,3
3262,4,4
3263,4,3
3264,1,3
3265,0,3
3266,11,3
3267,7,3
3268,24,4
3269,2,3
3270,0,3
3271,6,4
3272,4,3
3273,0,3
3274,10,3
3275,2,3
3276,0,3
3277,15,3
3278,6,3
3279,14,3
3280,8,3
3281,15,3
3282,0,3
3283,0,3
3284,4,3
3285,3,3
3286,10,3
3287,11,3
3288,17,3
3289,1,3
3290,0,3
3291,7,3
3292,0,3
3293,9,5
3294,16,3
3295,2,3
3296,15,3
3297,8,3
3298,7,3
3299,2,2
3300,3,3
3301,0,3
3302,8,4
3303,0,3
3304,5,3
3305,0,3
3306,5,3
3307,1,3
3308,1,3
3309,0,3
3310,0,3
3311,5,3
3312,4,3
3313,5,4
3314,11,4
3315,40,3
3316,21,3
3317,17,3
3318,1,3
3319,2,3
3320,4,3
3321,0,3
3322,0,3
3323,0,3
3324,1,3
3325,1,3
3326,0,3
3327,0,3
3328,6,4
3329,1,3
3330,29,3
3331,10,3
3332,0,3
3333,0,3
3334,1,3
3335,2,3
3336,0,3
3337,1,3
3338,2,3
3339,0,3
3340,11,5
3341,2,3
3342,0,3
3343,0,3
3344,3,3
3345,1,3
3346,5,3
3347,8,3
3348,5,3
3349,3,3
3350,36,3
3351,4,3
3352,2,3
3353,10,3
3354,4,2
3355,4,3
3356,0,3
3357,0,3
3358,12,3
3359,0,3
3360,18,3
3361,6,3
3362,2,3
3363,0,3
3364,0,3
3365,1,3
3366,0,3
3367,0,3
3368,46,3
3369,1,3
3370,2,4
3371,6,3
3372,0,3
3373,1,3
3374,14,3
3375,3,3
3376,12,4
3377,6,3
3378,9,3
3379,3,2
3380,9,3
3381,3,3
3382,7,3
3383,26,3
3384,3,3
3385,0,3
3386,0,3
3387,2,4
3388,0,3
3389,22,3
3390,0,3
3391,0,3
3392,0,3
3393,3,3
3394,1,3
3395,4,3
3396,9,3
3397,0,3
3398,6,3
3399,1,3
3400,9,4
3401,0,3
3402,0,3
3403,0,3
3404,19,3
3405,1,3
3406,0,3
3407,17,3
3408,0,3
3409,2,3
3410,35,3
3411,0,3
3412,0,3
3413,23,3
3414,1,3
3415,15,4
3416,6,3
3417,0,3
3418,3,3
3419,34,4
3420,0,3
3421,0,3
3422,0,3
3423,0,3
3424,14,3
3425,2,4
3426,0,3
3427,0,3
3428,0,3
3429,0,3
3430,5,3
3431,3,3
3432,1,3
3433,0,3
3434,0,3
3435,23,4
3436,0,3
3437,12,3
3438,0,3
3439,0,3
3440,23,4
3441,0,3
3442,0,3
3443,0,3
3444,0,3
3445,0,3
3446,0,3
3447,23,3
3448,6,3
3449,0,3
3450,0,3
3451,0,3
3452,0,3
3453,0,3
3454,16,3
3455,1,4
3456,0,3
3457,0,3
3458,0,3
3459,1,3
3460,0,3
3461,0,3
3462,3,3
3463,1,3
3464,21,3
3465,1,3
3466,1,3
3467,11,5
3468,7,3
3469,4,3
3470,0,3
3471,0,3
3472,1,3
3473,1,3
3474,0,3
3475,0,3
3476,7,4
3477,43,3
3478,2,3
3479,2,4
3480,4,3
3481,0,3
3482,9,3
3483,0,3
3484,11,4
3485,2,3
3486,0,3
3487,0,3
3488,0,3
3489,2,3
3490,19,3
3491,1,3
3492,13,3
3493,13,4
3494,17,4
3495,1,3
3496,11,3
3497,12,3
3498,0,3
3499,3,3
3500,0,3
3501,20,3
3502,0,3
3503,3,5
3504,0,3
3505,11,2
3506,3,3
3507,2,3
3508,5,3
3509,0,3
3510,1,3
3511,1,3
3512,9,4
3513,2,3
3514,3,3
3515,40,4
3516,14,4
3517,2,3
3518,41,3
3519,2,3
3520,2,3
3521,0,3
3522,37,3
3523,1,3
3524,1,3
3525,2,3
3526,6,3
3527,13,3
3528,1,3
3529,1,3
3530,15,3
3531,14,4
3532,2,3
3533,0,3
3534,1,3
3535,0,3
3536,0,3
3537,1,3
3538,6,3
3539,10,4
3540,1,3
3541,4,3
3542,16,4
3543,3,3
3544,19,3
3545,1,3
3546,10,4
3547,15,2
3548,0,3
3549,0,3
3550,1,3
3551,0,3
3552,0,3
3553,0,3
3554,7,3
3555,2,3
3556,43,2
3557,8,3
3558,1,3
3559,1,2
3560,0,3
3561,0,3
3562,51,3
3563,10,5
3564,38,3
3565,14,3
3566,0,3
3567,0,3
3568,9,3
3569,8,4
3570,0,3
3571,0,3
3572,0,3
3573,0,3
3574,22,3
3575,2,3
3576,6,3
3577,6,3
3578,0,3
3579,2,3
3580,2,3
3581,0,3
3582,2,3
3583,3,3
3584,0,3
3585,7,3
3586,5,3
3587,0,3
3588,1,3
3589,0,3
3590,8,4
3591,21,3
3592,0,3
3593,2,3
3594,1,3
3595,5,4
3596,10,4
3597,7,3
3598,13,3
3599,1,3
3600,4,4
3601,0,3
3602,0,3
3603,1,3
3604,0,3
3605,10,3
3606,3,3
3607,3,3
3608,0,3
3609,0,3
3610,2,3
3611,0,3
3612,0,3
3613,19,3
3614,1,3
3615,35,4
3616,0,3
3617,0,3
3618,15,4
3619,6,3
3620,0,3
3621,0,3
3622,0,3
3623,0,3
3624,0,3
3625,1,3
3626,4,3
3627,5,4
3628,13,3
3629,9,4
3630,18,3
3631,0,3
3632,8,3
3633,20,3
3634,10,3
3635,26,4
3636,0,3
3637,0,3
3638,17,3
3639,0,3
3640,0,3
3641,1,3
3642,27,4
3643,1,3
3644,0,3
3645,1,3
3646,2,2
3647,8,1
3648,0,3
3649,0,3
3650,3,3
3651,47,4
3652,22,3
3653,6,3
3654,2,3
3655,0,3
3656,11,4
3657,2,3
3658,0,3
3659,25,3
3660,1,3
3661,10,4
3662,5,3
3663,0,3
3664,24,3
3665,0,3
3666,10,4
3667,32,3
3668,2,3
3669,3,3
3670,2,3
3671,5,3
3672,8,3
3673,0,3
3674,2,3
3675,2,3
3676,20,4
3677,4,3
3678,0,3
3679,5,3
3680,3,3
3681,15,3
3682,0,3
3683,0,3
3684,7,3
3685,44,3
3686,0,3
3687,26,4
3688,2,3
3689,1,3
3690,5,3
3691,27,3
3692,0,3
3693,0,3
3694,1,3
3695,3,3
3696,4,3
3697,3,3
3698,3,3
3699,8,4
3700,0,3
3701,12,4
3702,0,3
3703,3,4
3704,5,3
3705,0,3
3706,1,3
3707,0,3
3708,5,2
3709,0,3
3710,0,3
3711,0,3
3712,1,3
3713,0,3
3714,22,3
3715,7,4
3716,1,3
3717,0,3
3718,0,3
3719,7,3
3720,0,3
3721,4,3
3722,0,3
3723,0,3
3724,9,3
3725,4,3
3726,2,3
3727,2,3
3728,5,3
3729,50,6
3730,1,3
3731,14,3
3732,2,3
3733,1,3
3734,9,3
3735,13,3
3736,3,3
3737,0,3
3738,0,3
3739,2,3
3740,12,3
3741,0,3
3742,2,3
3743,7,3
3744,0,3
3745,13,6
3746,17,3
3747,23,3
3748,26,2
3749,1,3
3750,13,3
3751,3,4
3752,0,3
3753,0,3
3754,0,3
3755,1,3
3756,0,3
3757,0,3
3758,0,3
3759,8,3
3760,0,3
3761,0,3
3762,0,3
3763,2,3
3764,38,3
3765,0,3
3766,0,3
3767,13,3
3768,19,3
3769,1,3
3770,2,3
3771,0,3
3772,0,3
3773,25,3
3774,0,3
3775,7,3
3776,6,3
3777,8,4
3778,19,4
3779,4,3
3780,2,4
3781,0,3
3782,10,3
3783,0,3
3784,1,3
3785,1,3
3786,9,3
3787,53,3
3788,3,3
3789,1,3
3790,22,3
3791,0,3
3792,11,3
3793,1,3
3794,12,4
3795,15,3
3796,21,3
3797,0,3
3798,28,5
3799,5,3
3800,4,2
3801,1,3
3802,0,3
3803,0,3
3804,1,3
3805,28,4
3806,15,3
3807,0,3
3808,4,3
3809,4,3
3810,3,3
3811,2,3
3812,6,3
3813,7,4
3814,0,3
3815,0,3
3816,0,3
3817,1,4
3818,0,3
3819,9,3
3820,0,3
3821,0,3
3822,10,3
3823,1,3
3824,0,3
3825,21,4
3826,2,3
3827,0,3
3828,9,4
3829,1,3
3830,21,4
3831,3,3
3832,0,3
3833,5,3
3834,1,3
3835,0,3
3836,7,3
3837,0,3
3838,8,3
3839,8,3
3840,1,3
3841,0,3
3842,14,3
3843,1,3
3844,3,4
3845,0,3
3846,6,4
3847,0,3
3848,1,3
3849,24,3
3850,0,3
3851,0,3
3852,13,3
3853,0,3
3854,0,3
3855,7,3
3856,0,3
3857,3,3
3858,8,4
3859,2,3
3860,0,3
3861,0,3
3862,11,3
3863,0,3
3864,10,3
3865,6,3
3866,2,3
3867,4,3
3868,1,3
3869,1,3
3870,2,3
3871,0,3
3872,1,3
3873,8,3
3874,0,3
3875,4,3
3876,24,4
3877,1,3
3878,12,3
3879,2,3
3880,1,3
3881,0,3
3882,1,3
3883,22,5
3884,7,3
3885,2,3
3886,35,3
3887,1,3
3888,0,3
3889,4,4
3890,1,3
3891,16,4
3892,0,3
3893,1,3
3894,6,3
3895,0,3
3896,7,3
3897,0,3
3898,11,4
3899,13,3
3900,0,3
3901,3,3
3902,8,3
3903,34,3
3904,6,3
3905,6,3
3906,0,3
3907,35,3
3908,27,4
3909,1,3
3910,16,5
3911,19,3
3912,9,3
3913,0,3
3914,0,3
3915,0,3
3916,8,3
3917,14,3
3918,2,3
3919,0,3
3920,0,3
3921,0,3
3922,12,3
3923,0,3
3924,0,3
3925,19,4
3926,1,3
3927,1,3
3928,0,3
3929,2,3
3930,0,3
3931,0,3
3932,1,3
3933,0,3
3934,11,3
3935,4,3
3936,0,3
3937,1,3
3938,2,3
3939,0,3
3940,24,3
3941,0,3
3942,0,3
3943,1,3
3944,5,3
3945,0,3
3946,0,3
3947,0,3
3948,1,3
3949,1,4
3950,8,3
3951,0,3
3952,0,3
3953,2,3
3954,0,3
3955,0,3
3956,0,3
3957,0,3
3958,6,3
3959,18,5
3960,1,3
3961,20,3
3962,24,3
3963,0,3
3964,1,3
3965,6,3
3966,46,3
3967,29,3
3968,5,3
3969,1,3
3970,12,3
3971,7,3
3972,0,3
3973,0,3
3974,30,3
3975,0,3
3976,0,3
3977,17,3
3978,16,3
3979,32,5
3980,0,3
3981,3,3
3982,7,3
3983,0,3
3984,0,3
3985,1,3
3986,5,4
3987,16,3
3988,2,3
3989,6,3
3990,2,3
3991,2,3
3992,2,3
3993,1,3
3994,0,3
3995,19,4
3996,0,3
3997,0,3
3998,2,3
3999,9,3
4000,0,3
4001,0,3
4002,3,3
4003,9,4
4004,2,3
4005,19,3
4006,0,3
4007,3,3
4008,17,3
4009,7,3
4010,0,3
4011,2,3
4012,3,3
4013,1,3
4014,0,3
4015,0,3
4016,0,3
4017,1,3
4018,0,3
4019,0,3
4020,0,3
4021,0,3
4022,11,4
4023,0,3
4024,0,3
4025,5,4
4026,0,3
4027,2,3
4028,17,5
4029,0,3
4030,1,3
4031,0,3
4032,0,3
4033,24,4
4034,0,3
4035,2,3
4036,1,3
4037,6,2
4038,8,3
4039,0,3
4040,0,3
4041,0,3
4042,9,4
4043,12,3
4044,0,3
4045,4,3
4046,0,3
4047,0,3
4048,1,3
4049,0,3
4050,2,3
4051,11,3
4052,13,3
4053,0,3
4054,0,3
4055,28,3
4056,1,3
4057,1,3
4058,7,3
4059,1,3
4060,0,3
4061,18,3
4062,7,3
4063,3,3
4064,0,3
4065,22,5
4066,0,3
4067,0,3
4068,6,3
4069,0,3
4070,1,3
4071,1,3
4072,21,3
4073,0,3
4074,9,3
4075,16,3
4076,0,3
4077,0,3
4078,24,5
4079,0,3
4080,0,3
4081,0,3
4082,0,3
4083,7,2
4084,1,3
4085,0,3
4086,12,2
4087,14,3
4088,9,3
4089,7,4
4090,17,3
4091,0,3
4092,68,3
4093,6,3
4094,3,4
4095,0,3
4096,6,2
4097,0,3
4098,5,3
4099,27,3
4100,1,3
4101,14,3
4102,0,3
4103,7,4
4104,80,5
4105,0,3
4106,3,3
4107,5,3
4108,4,3
4109,1,3
4110,0,3
4111,7,4
4112,2,3
4113,13,3
4114,6,3
4115,24,3
4116,31,3
4117,1,2
4118,11,3
4119,8,3
4120,0,3
4121,0,3
4122,5,3
4123,43,3
4124,17,3
4125,2,3
4126,0,3
4127,0,3
4128,3,3
4129,1,3
4130,1,3
4131,21,4
4132,1,3
4133,0,3
4134,0,3
4135,17,3
4136,0,3
4137,0,3
4138,22,3
4139,0,3
4140,23,3
4141,23,4
4142,28,4
4143,0,3
4144,0,3
4145,0,3
4146,12,3
4147,59,3
4148,0,3
4149,15,3
4150,9,4
4151,1,3
4152,13,3
4153,0,3
4154,0,3
4155,1,3
4156,10,4
4157,4,3
4158,12,4
4159,2,3
4160,2,3
4161,0,3
4162,6,3
4163,7,3
4164,10,4
4165,0,3
4166,0,3
4167,0,3
4168,0,3
4169,1,3
4170,3,3
4171,0,3
4172,9,3
4173,6,4
4174,7,2
4175,0,3
4176,0,3
4177,15,3
4178,1,3
4179,0,3
4180,2,3
4181,12,3
4182,19,3
4183,5,3
4184,7,3
4185,22,3
4186,16,4
4187,0,3
4188,1,3
4189,0,3
4190,0,3
4191,6,3
4192,0,3
4193,1,3
4194,1,3
4195,6,3
4196,0,3
4197,2,3
4198,10,3
4199,1,3
4200,8,4
4201,0,3
4202,7,4
4203,12,3
4204,1,3
4205,0,3
4206,0,3
4207,37,3
4208,30,2
4209,11,3
4210,10,4
4211,0,3
4212,0,3
4213,0,3
4214,1,3
4215,13,3
4216,1,3
4217,1,3
4218,1,3
4219,0,3
4220,10,3
4221,4,4
4222,0,3
4223,0,3
4224,0,3
4225,3,3
4226,0,3
4227,31,4
4228,0,3
4229,4,3
4230,1,3
4231,1,3
4232,9,3
4233,3,3
4234,21,3
4235,4,3
4236,19,4
4237,29,3
4238,2,3
4239,24,3
4240,4,3
4241,14,3
4242,0,3
4243,2,3
4244,0,3
4245,12,3
4246,18,4
4247,15,3
4248,4,3
4249,4,3
4250,2,3
4251,1,3
4252,12,3
4253,5,3
4254,0,3
4255,0,3
4256,2,3
4257,0,3
4258,1,3
4259,3,3
4260,12,3
4261,7,3
4262,15,3
4263,0,3
4264,0,3
4265,0,3
4266,5,3
4267,4,3
4268,3,3
4269,1,3
4270,0,3
4271,3,3
4272,0,3
4273,3,3
4274,8,3
4275,1,3
4276,13,3
4277,0,3
4278,3,3
4279,2,3
4280,10,3
4281,31,4
4282,1,3
4283,0,3
4284,9,3
4285,2,3
4286,0,3
4287,0,3
4288,17,4
4289,4,3
4290,0,3
4291,2,3
4292,0,3
4293,3,4
4294,4,3
4295,30,3
4296,2,3
4297,6,3
4298,17,3
4299,6,3
4300,0,3
4301,0,3
4302,9,3
4303,0,3
4304,0,3
4305,9,3
4306,3,2
4307,0,3
4308,4,3
4309,0,3
4310,3,3
4311,2,3
4312,1,3
4313,0,3
4314,1,3
4315,8,4
4316,1,3
4317,12,2
4318,0,3
4319,0,3
4320,21,3
4321,18,3
4322,7,3
4323,0,3
4324,0,3
4325,35,4
4326,5,3
4327,0,3
4328,1,3
4329,6,3
4330,5,3
4331,14,3
4332,10,5
4333,0,3
4334,13,3
4335,0,3
4336,0,3
4337,11,4
4338,5,4
4339,20,3
4340,7,4
4341,14,3
4342,4,4
4343,12,4
4344,3,3
4345,12,3
4346,0,3
4347,0,3
4348,19,3
4349,0,3
4350,0,3
4351,38,4
4352,0,3
4353,0,3
4354,14,5
4355,14,4
4356,1,3
4357,1,3
4358,16,4
4359,24,2
4360,0,3
4361,12,4
4362,0,3
4363,0,3
4364,0,3
4365,21,3
4366,1,3
4367,12,3
4368,1,3
4369,4,3
4370,6,3
4371,0,3
4372,0,3
4373,0,3
4374,0,3
4375,7,3
4376,3,3
4377,1,3
4378,1,3
4379,22,6
4380,13,4
4381,6,3
4382,5,3
4383,0,3
4384,15,3
4385,34,3
4386,0,3
4387,0,3
4388,10,3
4389,18,4
4390,0,3
4391,5,3
4392,0,3
4393,1,3
4394,0,3
4395,0,3
4396,0,3
4397,0,3
4398,15,3
4399,1,3
4400,0,3
4401,7,3
4402,7,3
4403,5,3
4404,0,3
4405,5,3
4406,9,2
4407,0,3
4408,0,3
4409,2,3
4410,2,3
4411,46,4
4412,1,3
4413,1,3
4414,0,3
4415,2,3
4416,0,3
4417,0,3
4418,40,4
4419,3,3
4420,10,3
4421,19,3
4422,0,3
4423,25,4
4424,1,3
4425,0,3
4426,1,3
4427,0,3
4428,6,3
4429,1,3
4430,16,4
4431,21,4
4432,1,3
4433,7,3
4434,0,3
4435,1,3
4436,1,3
4437,1,3
4438,1,3
4439,8,3
4440,1,3
4441,9,3
4442,7,4
4443,0,3
4444,9,4
4445,0,3
4446,0,3
4447,2,3
4448,8,3
4449,0,3
4450,5,3
4451,2,3
4452,0,3
4453,18,3
4454,15,3
4455,0,3
4456,9,3
4457,0,3
4458,12,3
4459,0,3
4460,0,3
4461,0,3
4462,30,3
4463,8,3
4464,8,3
4465,34,4
4466,8,5
4467,41,3
4468,4,3
4469,20,5
4470,41,3
4471,5,3
4472,10,3
4473,14,4
4474,0,3
4475,1,3
4476,3,3
4477,6,2
4478,0,3
4479,0,3
4480,0,3
4481,6,3
4482,20,4
4483,3,3
4484,1,3
4485,8,4
4486,2,3
4487,4,4
4488,6,3
4489,5,3
4490,47,3
4491,0,3
4492,0,3
4493,0,3
4494,0,3
4495,0,3
4496,0,3
4497,14,3
4498,6,3
4499,0,3
4500,9,3
4501,0,3
4502,1,3
4503,4,3
4504,5,3
4505,2,3
4506,0,3
4507,0,3
4508,0,3
4509,0,3
4510,4,3
4511,0,3
4512,7,3
4513,0,3
4514,2,3
4515,3,4
4516,1,3
4517,10,4
4518,0,3
4519,1,4
4520,5,3
4521,17,4
4522,24,4
4523,13,3
4524,13,4
4525,5,3
4526,37,3
4527,0,3
4528,28,2
4529,7,3
4530,0,3
4531,0,3
4532,1,3
4533,0,3
4534,0,3
4535,18,3
4536,0,3
4537,0,3
4538,3,3
4539,0,3
4540,8,3
4541,17,3
4542,19,2
4543,0,3
4544,9,3
4545,14,4
4546,4,3
4547,0,3
4548,0,3
4549,8,3
4550,0,3
4551,1,3
4552,41,3
4553,0,3
4554,2,3
4555,5,3
4556,0,3
4557,13,5
4558,10,3
4559,0,3
4560,11,3
4561,2,3
4562,13,3
4563,16,3
4564,0,3
4565,0,3
4566,16,4
4567,2,3
4568,0,3
4569,11,3
4570,10,3
4571,5,3
4572,0,3
4573,2,3
4574,18,4
4575,21,4
4576,2,3
4577,0,3
4578,9,3
4579,9,4
4580,13,2
4581,20,3
4582,13,4
4583,0,3
4584,20,4
4585,0,3
4586,0,3
4587,0,3
4588,2,3
4589,0,3
4590,12,4
4591,2,3
4592,0,3
4593,0,3
4594,7,3
4595,2,3
4596,0,3
4597,1,3
4598,40,3
4599,13,5
4600,0,3
4601,2,3
4602,7,4
4603,1,3
4604,11,4
4605,1,3
4606,0,3
4607,0,3
4608,11,4
4609,0,3
4610,8,3
4611,25,3
4612,6,3
4613,10,3
4614,6,3
4615,0,3
4616,2,3
4617,3,3
4618,3,3
4619,2,3
4620,0,3
4621,0,3
4622,9,4
4623,4,4
4624,2,3
4625,6,2
4626,5,3
4627,20,3
4628,3,3
4629,1,2
4630,1,3
4631,0,3
4632,0,3
4633,15,3
4634,3,3
4635,7,3
4636,9,3
4637,12,4
4638,0,3
4639,7,3
4640,1,3
4641,1,3
4642,4,2
4643,0,3
4644,0,3
4645,25,3
4646,12,3
4647,5,3
4648,0,3
4649,1,3
4650,0,3
4651,35,3
4652,1,3
4653,0,3
4654,4,3
4655,0,3
4656,14,3
4657,3,4
4658,13,4
4659,8,4
4660,2,3
4661,1,3
4662,31,3
4663,0,3
4664,9,4
4665,3,3
4666,7,3
4667,2,3
4668,15,3
4669,0,3
4670,21,3
4671,16,3
4672,29,3
4673,8,3
4674,3,3
4675,0,3
4676,24,3
4677,0,3
4678,7,5
4679,6,3
4680,2,3
4681,0,3
4682,18,3
4683,0,3
4684,0,3
4685,8,3
4686,0,3
4687,10,3
4688,0,3
4689,0,3
4690,8,3
4691,12,4
4692,10,3
4693,1,3
4694,16,4
4695,9,3
4696,12,4
4697,0,3
4698,2,3
4699,5,3
4700,4,4
4701,6,3
4702,0,3
4703,0,3
4704,0,3
4705,14,4
4706,2,3
4707,0,3
4708,1,3
4709,12,4
4710,20,2
4711,12,4
4712,2,3
4713,15,3
4714,31,3
4715,47,3
4716,17,3
4717,24,3
4718,15,3
4719,0,3
4720,14,3
4721,1,3
4722,1,3
4723,1,3
4724,2,3
4725,0,3
4726,7,3
4727,28,3
4728,0,3
4729,2,3
4730,10,3
4731,0,3
4732,0,3
4733,0,3
4734,0,3
4735,15,3
4736,7,3
4737,0,3
4738,2,3
4739,4,3
4740,0,3
4741,0,3
4742,1,3
4743,15,3
4744,0,3
4745,0,3
4746,7,4
4747,22,3
4748,0,3
4749,4,3
4750,9,4
4751,11,3
4752,8,3
4753,1,3
4754,0,3
4755,0,3
4756,0,3
4757,20,3
4758,0,3
4759,0,3
4760,8,4
4761,18,3
4762,43,3
4763,0,3
4764,0,3
4765,7,3
4766,0,3
4767,14,4
4768,4,3
4769,2,3
4770,5,3
4771,0,3
4772,1,3
4773,2,3
4774,0,3
4775,9,3
4776,4,3
4777,0,3
4778,3,3
4779,0,3
4780,3,3
4781,0,3
4782,0,3
4783,3,3
4784,38,3
4785,0,3
4786,1,3
4787,0,3
4788,0,3
4789,5,3
4790,23,2
4791,4,3
4792,4,3
4793,0,3
4794,0,3
4795,2,3
4796,0,3
4797,22,4
4798,0,3
4799,0,3
4800,0,3
4801,0,3
4802,6,5
4803,0,3
4804,0,3
4805,1,3
4806,3,3
4807,12,3
4808,0,3
4809,9,3
4810,2,3
4811,4,3
4812,7,3
4813,0,3
4814,0,3
4815,14,4
4816,0,3
4817,7,3
4818,0,3
4819,21,3
4820,0,3
4821,5,3
4822,0,3
4823,7,3
4824,0,3
4825,1,3
4826,6,3
4827,3,3
4828,7,4
4829,1,3
4830,0,3
4831,1,3
4832,13,3
4833,1,3
4834,3,3
4835,22,4
4836,2,3
4837,1,3
4838,8,3
4839,1,3
4840,0,3
4841,18,3
4842,42,3
4843,1,3
4844,4,4
4845,8,3
4846,0,3
4847,3,3
4848,0,3
4849,10,4
4850,0,3
4851,2,4
4852,0,3
4853,2,3
4854,0,3
4855,5,4
4856,1,3
4857,1,3
4858,0,3
4859,2,3
4860,0,3
4861,45,3
4862,5,3
4863,2,4
4864,2,3
4865,7,3
4866,13,3
4867,0,3
4868,0,3
4869,0,3
4870,3,3
4871,0,3
4872,13,3
4873,13,4
4874,5,3
4875,7,3
4876,1,3
4877,1,3
4878,26,3
4879,0,3
4880,29,3
4881,0,3
4882,23,5
4883,4,3
4884,3,3
4885,2,3
4886,15,5
4887,0,3
4888,0,3
4889,5,2
4890,0,3
4891,9,4
4892,21,3
4893,16,4
4894,0,3
4895,4,3
4896,3,3
4897,2,3
4898,0,3
4899,0,3
4900,0,3
4901,2,3
4902,9,4
4903,0,3
4904,10,3
4905,2,3
4906,7,3
4907,0,3
4908,0,3
4909,9,3
4910,11,3
4911,8,3
4912,7,3
4913,15,3
4914,0,3
4915,3,3
4916,0,3
4917,13,4
4918,0,3
4919,0,3
4920,23,3
4921,0,3
4922,0,3
4923,0,3
4924,0,3
4925,10,5
4926,0,3
4927,0,3
4928,0,3
4929,0,3
4930,20,2
4931,11,4
4932,1,3
4933,0,3
4934,0,3
4935,19,3
4936,0,3
4937,0,3
4938,1,3
4939,21,4
4940,45,4
4941,0,3
4942,7,3
4943,0,3
4944,6,3
4945,0,3
4946,0,3
4947,7,3
4948,0,3
4949,2,3
4950,7,3
4951,10,3
4952,0,3
4953,0,3
4954,0,3
4955,17,4
4956,0,3
4957,0,3
4958,22,3
4959,1,3
4960,23,4
4961,9,3
4962,0,3
4963,2,3
4964,2,3
4965,35,3
4966,14,4
4967,6,3
4968,0,3
4969,1,3
4970,27,4
4971,2,3
4972,14,3
4973,3,3
4974,1,3
4975,28,4
4976,1,2
4977,0,3
4978,0,3
4979,9,4
4980,28,4
4981,0,3
4982,1,3
4983,0,3
4984,0,3
4985,9,3
4986,22,2
4987,10,4
4988,2,3
4989,1,3
4990,14,3
4991,20,4
4992,1,3
4993,6,3
4994,0,3
4995,2,3
4996,1,3
4997,7,3
4998,2,3
4999,0,3
5000,2,3
5001,14,4
5002,0,3
5003,8,3
5004,3,3
5005,17,3
5006,20,5
5007,13,3
5008,0,3
5009,1,3
5010,2,3
5011,31,3
5012,42,3
5013,7,3
5014,5,3
5015,1,3
5016,0,3
5017,73,5
5018,9,3
5019,6,4
5020,8,3
5021,0,3
5022,1,3
5023,0,3
5024,0,3
5025,1,3
5026,14,3
5027,0,3
5028,1,3
5029,0,3
5030,0,3
5031,0,3
5032,0,3
5033,2,3
5034,0,3
5035,5,3
5036,0,3
5037,13,3
5038,5,3
5039,0,3
5040,11,3
5041,12,4
5042,11,3
5043,0,3
5044,0,3
5045,0,3
5046,0,3
5047,2,4
5048,5,3
5049,0,3
5050,0,3
5051,15,4
5052,14,2
5053,1,4
5054,0,3
5055,9,3
5056,0,3
5057,4,3
5058,5,3
5059,10,3
5060,0,3
5061,5,3
5062,1,3
5063,0,3
5064,6,3
5065,0,3
5066,11,3
5067,36,3
5068,8,3
5069,8,3
5070,36,2
5071,0,3
5072,3,3
5073,1,3
5074,20,4
5075,0,3
5076,27,2
5077,2,3
5078,21,4
5079,9,3
5080,0,3
5081,0,3
5082,0,3
5083,0,3
5084,21,3
5085,20,3
5086,0,3
5087,10,4
5088,2,3
5089,4,3
5090,0,3
5091,0,3
5092,1,3
5093,26,3
5094,0,3
5095,14,4
5096,0,3
5097,6,5
5098,2,3
5099,0,3
5100,7,3
5101,2,3
5102,1,3
5103,0,3
5104,0,3
5105,18,4
5106,0,3
5107,3,3
5108,1,3
5109,13,4
5110,9,3
5111,0,3
5112,14,3
5113,46,3
5114,1,3
5115,2,3
5116,0,3
5117,0,3
5118,6,4
5119,1,3
5120,1,3
5121,0,3
5122,7,4
5123,0,3
5124,25,3
5125,1,3
5126,45,3
5127,16,3
5128,0,3
5129,5,4
5130,0,3
5131,0,3
5132,12,3
5133,0,3
5134,0,3
5135,71,3
5136,8,4
5137,15,3
5138,2,3
5139,0,3
5140,10,3
5141,0,3
5142,0,3
5143,0,3
5144,7,3
5145,6,4
5146,0,3
5147,2,3
5148,1,3
5149,10,3
5150,0,3
5151,3,3
5152,6,3
5153,0,3
5154,0,3
5155,16,3
5156,13,4
5157,0,3
5158,1,3
5159,6,3
5160,5,4
5161,0,3
5162,0,3
5163,0,3
5164,0,3
5165,0,3
5166,11,3
5167,0,3
5168,4,3
5169,9,3
5170,0,3
5171,18,3
5172,7,3
5173,0,3
5174,3,3
5175,6,3
5176,0,3
5177,1,3
5178,10,5
5179,11,4
5180,0,3
5181,23,5
5182,7,3
5183,0,3
5184,0,3
5185,7,4
5186,16,4
5187,22,3
5188,0,3
5189,29,4
5190,10,3
5191,61,4
5192,0,3
5193,4,3
5194,0,3
5195,1,3
5196,0,3
5197,0,3
5198,0,3
5199,0,3
5200,0,3
5201,2,3
5202,3,4
5203,3,3
5204,0,3
5205,6,4
5206,0,3
5207,0,3
5208,7,2
5209,19,5
5210,4,3
5211,1,3
5212,0,3
5213,8,4
5214,10,3
5215,0,3
5216,0,3
5217,9,3
5218,34,3
5219,3,4
5220,0,3
5221,3,3
5222,0,3
5223,4,3
5224,28,2
5225,0,3
5226,13,3
5227,6,3
5228,20,3
5229,0,3
5230,0,3
5231,0,3
5232,0,3
5233,2,3
5234,19,4
5235,0,3
5236,2,3
5237,2,3
5238,10,4
5239,15,5
5240,7,3
5241,1,3
5242,1,3
5243,15,5
5244,0,3
5245,0,3
5246,2,3
5247,0,3
5248,0,3
5249,1,3
5250,0,3
5251,13,3
5252,0,3
5253,17,3
5254,0,3
5255,22,4
5256,16,3
5257,6,3
5258,0,3
5259,5,3
5260,1,3
5261,0,3
5262,13,3
5263,0,3
5264,2,3
5265,1,3
5266,0,3
5267,5,3
5268,1,3
5269,8,3
5270,0,3
5271,7,3
5272,9,3
5273,19,4
5274,0,3
5275,23,3
5276,5,3
5277,3,3
5278,1,3
5279,3,3
5280,5,3
5281,0,3
5282,28,5
5283,3,3
5284,4,3
5285,0,3
5286,3,3
5287,7,3
5288,1,3
5289,5,3
5290,10,3
5291,20,4
5292,11,3
5293,0,3
5294,0,3
5295,2,3
5296,0,3
5297,0,3
5298,1,3
5299,1,3
5300,9,3
5301,29,3
5302,10,3
5303,19,3
5304,17,3
5305,0,3
5306,0,3
5307,2,3
5308,23,5
5309,0,3
5310,24,3
5311,0,3
5312,0,3
5313,10,5
5314,0,3
5315,8,4
5316,5,3
5317,2,3
5318,0,3
5319,1,3
5320,3,3
5321,1,3
5322,0,3
5323,0,3
5324,2,3
5325,0,3
5326,0,3
5327,0,3
5328,0,3
5329,0,3
5330,0,3
5331,0,3
5332,0,3
5333,0,3
5334,5,3
5335,0,3
5336,1,3
5337,9,3
5338,2,3
5339,0,3
5340,9,4
5341,0,3
5342,12,3
5343,18,3
5344,0,3
5345,0,3
5346,8,4
5347,1,3
5348,24,2
5349,1,3
5350,7,3
5351,0,3
5352,26,5
5353,0,3
5354,0,3
5355,3,3
5356,0,3
5357,53,5
5358,0,3
5359,29,3
5360,0,3
5361,5,3
5362,5,3
5363,0,3
5364,0,3
5365,5,3
5366,4,3
5367,0,3
5368,0,3
5369,0,3
5370,0,3
5371,3,3
5372,0,3
5373,34,3
5374,0,3
5375,0,3
5376,11,4
5377,2,3
5378,5,4
5379,1,3
5380,1,3
5381,0,3
5382,0,3
5383,0,3
5384,0,3
5385,5,3
5386,0,3
5387,0,3
5388,0,3
5389,11,3
5390,29,3
5391,0,3
5392,0,3
5393,14,3
5394,1,3
5395,0,3
5396,4,3
5397,14,4
5398,10,3
5399,4,3
5400,0,3
5401,1,3
5402,0,3
5403,1,3
5404,13,3
5405,1,3
5406,0,3
5407,0,3
5408,5,3
5409,0,3
5410,0,3
5411,10,3
5412,21,3
5413,4,2
5414,0,3
5415,6,3
5416,29,5
5417,0,3
5418,3,3
5419,0,3
5420,4,3
5421,6,3
5422,1,3
5423,21,3
5424,2,3
5425,6,3
5426,0,3
5427,7,4
5428,7,3
5429,6,3
5430,5,3
5431,1,3
5432,0,3
5433,6,3
5434,16,4
5435,2,3
5436,0,3
5437,4,3
5438,0,3
5439,20,4
5440,6,3
5441,15,3
5442,0,3
5443,15,4
5444,1,3
5445,0,3
5446,0,3
5447,3,3
5448,0,3
5449,1,3
5450,15,5
5451,19,3
5452,0,3
5453,0,3
5454,0,3
5455,1,3
5456,7,3
5457,1,4
5458,20,3
5459,8,3
5460,6,3
5461,4,3
5462,13,5
5463,1,3
5464,2,3
5465,2,3
5466,4,3
5467,0,3
5468,7,3
5469,0,3
5470,0,3
5471,1,3
5472,0,3
5473,0,3
5474,0,3
5475,1,3
5476,17,3
5477,0,3
5478,4,3
5479,0,3
5480,15,3
5481,5,3
5482,6,3
5483,0,3
5484,18,4
5485,2,3
5486,0,3
5487,8,3
5488,0,3
5489,0,3
5490,0,3
5491,2,3
5492,3,3
5493,2,3
5494,6,3
5495,3,3
5496,10,3
5497,17,4
5498,7,3
5499,4,3
5500,13,3
5501,0,3
5502,1,3
5503,0,3
5504,3,3
5505,23,3
5506,4,3
5507,1,3
5508,62,3
5509,0,3
5510,0,3
5511,0,3
5512,0,3
5513,0,3
5514,6,2
5515,13,4
5516,20,5
5517,0,3
5518,0,3
5519,8,3
5520,24,3
5521,6,4
5522,7,3
5523,0,3
5524,5,3
5525,0,3
5526,0,3
5527,0,3
5528,7,3
5529,1,3
5530,0,3
5531,0,3
5532,16,4
5533,0,3
5534,62,4
5535,0,3
5536,0,3
5537,1,3
5538,0,3
5539,1,3
5540,0,3
5541,0,3
5542,1,3
5543,3,3
5544,0,3
5545,11,3
5546,7,3
5547,0,3
5548,0,3
5549,0,3
5550,0,3
5551,0,3
5552,0,3
5553,2,3
5554,0,3
5555,23,3
5556,3,4
5557,10,4
5558,0,3
5559,14,4
5560,0,3
5561,6,3
5562,0,3
5563,0,3
5564,23,3
5565,0,3
5566,19,5
5567,9,4
5568,0,3
5569,0,3
5570,4,3
5571,18,4
5572,0,3
5573,8,3
5574,1,3
5575,2,3
5576,4,3
5577,12,4
5578,15,4
5579,10,4
5580,11,4
5581,0,3
5582,23,3
5583,13,3
5584,11,5
5585,2,3
5586,0,3
5587,14,3
5588,13,4
5589,10,3
5590,1,3
5591,2,3
5592,3,3
5593,9,3
5594,0,3
5595,0,3
5596,0,3
5597,52,3
5598,0,3
5599,1,3
5600,4,3
5601,8,3
5602,0,3
5603,0,3
5604,8,3
5605,0,3
5606,11,3
5607,5,3
5608,0,3
5609,0,3
5610,3,3
5611,6,3
5612,0,3
5613,0,3
5614,12,3
5615,29,3
5616,0,3
5617,0,3
5618,10,3
5619,0,3
5620,4,3
5621,0,3
5622,1,3
5623,0,3
5624,6,4
5625,20,4
5626,0,3
5627,9,4
5628,0,3
5629,3,3
5630,0,3
5631,0,3
5632,0,3
5633,16,3
5634,5,3
5635,17,3
5636,15,3
5637,1,3
5638,3,3
5639,21,3
5640,12,3
5641,3,3
5642,0,3
5643,29,3
5644,3,3
5645,0,3
5646,3,3
5647,13,3
5648,0,3
5649,2,3
5650,8,2
5651,0,3
5652,8,3
5653,0,3
5654,0,3
5655,10,4
5656,4,3
5657,0,3
5658,5,4
5659,0,3
5660,0,3
5661,1,3
5662,23,3
5663,2,3
5664,7,3
5665,7,3
5666,0,3
5667,3,3
5668,0,3
5669,5,3
5670,0,3
5671,4,3
5672,16,4
5673,0,3
5674,0,3
5675,10,3
5676,1,3
5677,1,3
5678,0,3
5679,1,3
5680,0,3
5681,9,2
5682,1,3
5683,9,4
5684,0,3
5685,41,4
5686,0,3
5687,2,3
5688,14,3
5689,0,3
5690,1,3
5691,2,3
5692,6,3
5693,14,3
5694,0,3
5695,0,3
5696,0,3
5697,17,3
5698,9,4
5699,0,3
5700,13,3
5701,1,3
5702,0,3
5703,0,3
5704,1,3
5705,1,3
5706,0,3
5707,0,3
5708,10,4
5709,10,3
5710,0,3
5711,1,3
5712,0,3
5713,0,3
5714,0,3
5715,6,4
5716,0,3
5717,19,4
5718,0,3
5719,8,5
5720,0,3
5721,0,3
5722,1,3
5723,12,3
5724,0,3
5725,1,3
5726,20,3
5727,0,3
5728,14,3
5729,22,4
5730,50,4
5731,0,3
5732,0,3
5733,37,3
5734,10,3
5735,0,3
5736,3,3
5737,9,4
5738,1,3
5739,0,3
5740,0,3
5741,6,3
5742,1,3
5743,0,3
5744,3,3
5745,0,3
5746,1,3
5747,0,3
5748,11,4
5749,15,3
5750,0,3
5751,5,3
5752,1,3
5753,7,4
5754,32,3
5755,7,3
5756,0,3
5757,18,3
5758,1,4
5759,0,3
5760,3,3
5761,14,4
5762,14,4
5763,27,4
5764,24,4
5765,6,3
5766,11,3
5767,6,3
5768,0,3
5769,14,5
5770,22,3
5771,9,4
5772,0,3
5773,0,3
5774,1,3
5775,1,3
5776,9,4
5777,14,4
5778,26,3
5779,2,3
5780,29,4
5781,0,3
5782,4,3
5783,16,5
5784,4,3
5785,5,3
5786,16,3
5787,0,3
5788,2,3
5789,21,2
5790,1,3
5791,12,3
5792,3,4
5793,0,3
5794,1,3
5795,0,3
5796,0,3
5797,8,3
5798,9,4
5799,0,3
5800,6,4
5801,1,3
5802,0,3
5803,15,4
5804,3,3
5805,0,3
5806,14,3
5807,8,3
5808,9,4
5809,23,5
5810,29,3
5811,1,3
5812,0,3
5813,0,3
5814,4,3
5815,0,3
5816,6,3
5817,1,3
5818,12,3
5819,9,5
5820,0,3
5821,0,3
5822,2,3
5823,3,3
5824,8,3
5825,0,3
5826,13,3
5827,1,3
5828,11,3
5829,0,3
5830,9,3
5831,1,3
5832,2,3
5833,0,3
5834,3,3
5835,1,3
5836,8,4
5837,4,3
5838,1,3
5839,0,3
5840,0,3
5841,0,3
5842,2,3
5843,3,3
5844,5,4
5845,3,4
5846,1,3
5847,1,3
5848,1,3
5849,2,3
5850,2,3
5851,25,3
5852,0,3
5853,1,3
5854,0,3
5855,0,3
5856,0,3
5857,5,3
5858,30,2
5859,7,3
5860,0,3
5861,0,3
5862,0,3
5863,0,3
5864,0,3
5865,1,3
5866,10,4
5867,1,3
5868,9,3
5869,0,3
5870,0,3
5871,0,3
5872,6,3
5873,11,4
5874,4,3
5875,18,4
5876,8,3
5877,4,3
5878,0,3
5879,2,3
5880,9,3
5881,6,3
5882,1,3
5883,0,3
5884,0,3
5885,40,4
5886,0,3
5887,4,3
5888,27,4
5889,0,3
5890,0,3
5891,23,6
5892,1,3
5893,0,3
5894,24,4
5895,0,3
5896,1,3
5897,0,3
5898,8,4
5899,0,3
5900,1,3
5901,18,4
5902,0,3
5903,0,3
5904,15,3
5905,4,3
5906,0,3
5907,8,3
5908,26,4
5909,0,3
5910,0,3
5911,2,3
5912,13,3
5913,0,3
5914,28,3
5915,17,3
5916,0,3
5917,41,3
5918,1,3
5919,0,3
5920,10,4
5921,19,3
5922,0,3
5923,0,3
5924,21,3
5925,12,4
5926,11,3
5927,0,3
5928,0,3
5929,0,3
5930,0,3
5931,0,3
5932,0,3
5933,0,3
5934,6,3
5935,6,3
5936,3,3
5937,2,3
5938,14,4
5939,2,3
5940,0,3
5941,9,4
5942,13,4
5943,0,3
5944,8,3
5945,0,3
5946,37,3
5947,33,5
5948,7,3
5949,6,3
5950,0,3
5951,21,3
5952,20,4
5953,10,4
5954,1,3
5955,0,3
5956,0,3
5957,0,3
5958,6,4
5959,40,2
5960,0,3
5961,1,3
5962,8,3
5963,4,4
5964,6,3
5965,14,3
5966,15,4
5967,2,3
5968,16,5
5969,1,3
5970,14,3
5971,3,3
5972,27,3
5973,3,3
5974,1,3
5975,4,3
5976,7,4
5977,0,3
5978,11,4
5979,0,3
5980,0,3
5981,0,3
5982,1,3
5983,40,3
5984,0,3
5985,0,3
5986,14,4
5987,0,3
5988,47,3
5989,0,3
5990,0,3
5991,0,3
5992,30,3
5993,0,3
5994,0,3
5995,0,3
5996,0,3
5997,8,4
5998,10,3
5999,0,3
6000,0,3
6001,4,4
6002,10,4
6003,0,3
6004,8,3
6005,36,3
6006,0,3
6007,0,3
6008,3,4
6009,1,3
6010,13,3
6011,7,3
6012,0,3
6013,0,3
6014,1,3
6015,4,3
6016,0,3
6017,24,4
6018,14,3
6019,5,3
6020,2,4
6021,0,3
6022,0,3
6023,1,3
6024,10,4
6025,7,3
6026,0,3
6027,1,3
6028,0,3
6029,11,2
6030,7,3
6031,0,3
6032,50,2
6033,3,3
6034,6,3
6035,4,3
6036,0,3
6037,9,3
6038,3,3
6039,0,3
6040,0,3
6041,3,3
6042,0,3
6043,2,3
6044,22,4
6045,9,3
6046,5,3
6047,32,4
6048,6,4
6049,1,3
6050,0,3
6051,13,4
6052,7,3
6053,18,3
6054,81,4
6055,0,3
6056,9,4
6057,13,3
6058,5,4
6059,0,3
6060,3,3
6061,1,3
6062,11,3
6063,0,3
6064,0,3
6065,4,4
6066,0,3
6067,10,3
6068,6,4
6069,6,5
6070,22,3
6071,0,3
6072,0,3
6073,2,3
6074,0,3
6075,16,4
6076,0,3
6077,2,3
6078,3,3
6079,9,3
6080,0,3
6081,0,3
6082,7,3
6083,0,3
6084,0,3
6085,0,3
6086,0,3
6087,6,3
6088,2,3
6089,36,3
6090,0,3
6091,20,4
6092,1,3
6093,12,3
6094,0,3
6095,0,3
6096,1,3
6097,0,3
6098,0,3
6099,13,4
6100,0,3
6101,0,3
6102,2,3
6103,2,3
6104,19,5
6105,14,2
6106,1,3
6107,2,3
6108,8,4
6109,3,3
6110,0,3
6111,26,5
6112,10,3
6113,6,4
6114,7,4
6115,0,3
6116,0,3
6117,0,3
6118,0,3
6119,28,3
6120,17,3
6121,11,3
6122,0,3
6123,0,3
6124,0,3
6125,5,4
6126,1,3
6127,0,3
6128,0,3
6129,0,3
6130,0,3
6131,4,4
6132,3,3
6133,19,5
6134,0,3
6135,0,3
6136,1,3
6137,4,4
6138,20,4
6139,13,4
6140,39,3
6141,0,3
6142,0,3
6143,9,3
6144,31,3
6145,10,5
6146,10,3
6147,9,3
6148,6,3
6149,0,3
6150,0,3
6151,21,3
6152,13,4
6153,0,3
6154,1,3
6155,0,3
6156,0,3
6157,0,3
6158,5,3
6159,7,3
6160,0,3
6161,0,3
6162,2,3
6163,15,4
6164,0,3
6165,0,3
6166,0,3
6167,0,3
6168,5,4
6169,0,3
6170,1,3
6171,3,3
6172,30,4
6173,0,3
6174,0,3
6175,1,2
6176,6,3
6177,1,3
6178,1,3
6179,1,3
6180,4,3
6181,0,3
6182,2,3
6183,0,3
6184,12,4
6185,6,3
6186,1,3
6187,16,5
6188,0,3
6189,1,3
6190,1,3
6191,8,3
6192,4,3
6193,0,3
6194,0,3
6195,0,3
6196,0,3
6197,1,3
6198,0,3
6199,10,3
6200,3,4
6201,0,3
6202,11,3
6203,0,3
6204,1,3
6205,14,3
6206,5,3
6207,1,3
6208,0,3
6209,1,3
6210,29,3
6211,9,3
6212,0,3
6213,5,3
6214,28,4
6215,9,3
6216,0,3
6217,0,3
6218,0,3
6219,0,3
6220,4,3
6221,5,3
6222,0,3
6223,5,4
6224,2,4
6225,16,3
6226,2,3
6227,20,3
6228,0,3
6229,10,3
6230,5,3
6231,4,3
6232,15,3
6233,1,3
6234,2,3
6235,1,3
6236,0,3
6237,9,3
6238,32,3
6239,0,3
6240,1,3
6241,10,3
6242,3,4
6243,0,3
6244,2,4
6245,0,3
6246,0,3
6247,4,3
6248,1,3
6249,0,3
6250,0,3
6251,0,3
6252,0,3
6253,1,3
6254,9,2
6255,10,4
6256,1,3
6257,7,4
6258,0,3
6259,34,4
6260,13,4
6261,5,3
6262,1,3
6263,0,3
6264,0,3
6265,2,3
6266,0,3
6267,6,3
6268,7,4
6269,7,3
6270,3,3
6271,2,3
6272,19,5
6273,0,3
6274,17,3
6275,3,4
6276,0,3
6277,0,3
6278,0,3
6279,7,4
6280,1,3
6281,0,3
6282,1,2
6283,3,3
6284,0,3
6285,11,3
6286,0,3
6287,0,3
6288,10,3
6289,43,4
6290,4,4
6291,0,3
6292,0,3
6293,2,3
6294,1,3
6295,6,3
6296,0,3
6297,0,3
6298,14,3
6299,10,4
6300,1,3
6301,5,4
6302,0,3
6303,0,3
6304,0,3
6305,0,3
6306,0,3
6307,0,3
6308,0,3
6309,14,3
6310,0,3
6311,0,3
6312,0,3
6313,1,3
6314,0,3
6315,3,3
6316,0,3
6317,0,3
6318,0,3
6319,0,3
6320,0,3
6321,2,3
6322,0,3
6323,0,3
6324,0,3
6325,0,3
6326,0,3
6327,98,3
6328,2,3
6329,0,3
6330,1,3
6331,0,3
6332,8,4
6333,7,3
6334,4,3
6335,3,3
6336,0,3
6337,0,3
6338,18,5
6339,19,3
6340,2,3
6341,28,4
6342,0,3
6343,1,3
6344,24,3
6345,0,3
6346,0,3
6347,7,3
6348,0,3
6349,5,3
6350,10,3
6351,0,3
6352,6,3
6353,79,2
6354,42,2
6355,0,3
6356,0,3
6357,13,4
6358,0,3
6359,0,3
6360,21,3
6361,10,4
6362,0,3
6363,20,3
6364,0,3
6365,8,4
6366,0,3
6367,0,3
6368,0,3
6369,0,3
6370,0,3
6371,21,3
6372,6,3
6373,4,3
6374,7,3
6375,17,3
6376,2,3
6377,0,3
6378,0,3
6379,5,3
6380,2,3
6381,3,4
6382,5,3
6383,18,3
6384,0,3
6385,0,3
6386,0,3
6387,0,3
6388,1,3
6389,0,3
6390,1,3
6391,3,3
6392,2,3
6393,9,4
6394,0,3
6395,2,3
6396,0,3
6397,1,3
6398,21,3
6399,20,3
6400,15,4
6401,0,3
6402,18,3
6403,10,3
6404,24,3
6405,14,4
6406,3,3
6407,10,3
6408,17,4
6409,1,3
6410,11,3
6411,14,5
6412,1,3
6413,0,3
6414,11,4
6415,0,3
6416,4,3
6417,0,3
6418,5,4
6419,12,4
6420,9,4
6421,0,3
6422,9,4
6423,0,3
6424,14,3
6425,0,3
6426,0,3
6427,1,3
6428,0,3
6429,1,3
6430,0,3
6431,19,3
6432,15,3
6433,0,3
6434,0,3
6435,11,3
6436,0,3
6437,11,3
6438,4,4
6439,0,3
6440,8,4
6441,6,3
6442,1,3
6443,0,3
6444,11,3
6445,0,3
6446,23,3
6447,20,5
6448,7,3
6449,34,2
6450,16,3
6451,18,4
6452,19,3
6453,0,3
6454,25,3
6455,1,3
6456,20,3
6457,15,3
6458,3,3
6459,0,3
6460,34,6
6461,0,3
6462,10,2
6463,3,3
6464,0,3
6465,0,3
6466,7,3
6467,7,4
6468,1,3
6469,8,4
6470,0,3
6471,0,3
6472,0,3
6473,2,3
6474,0,3
6475,0,3
6476,0,3
6477,36,3
6478,6,4
6479,3,3
6480,2,4
6481,0,3
6482,10,3
6483,9,3
6484,26,3
6485,8,4
6486,22,3
6487,0,3
6488,3,3
6489,7,3
6490,9,3
6491,1,3
6492,0,3
6493,0,3
6494,2,3
6495,0,3
6496,1,3
6497,7,3
6498,8,3
6499,1,3
6500,22,3
6501,6,2
6502,0,3
6503,1,3
6504,7,3
6505,3,3
6506,3,4
6507,10,3
6508,1,3
6509,0,3
6510,1,3
6511,33,3
6512,8,3
6513,0,3
6514,0,3
6515,0,3
6516,0,3
6517,1,3
6518,4,4
6519,0,3
6520,1,3
6521,1,3
6522,4,3
6523,8,3
6524,1,4
6525,0,3
6526,4,3
6527,0,3
6528,0,3
6529,8,3
6530,14,4
6531,0,3
6532,6,4
6533,7,3
6534,4,3
6535,8,3
6536,0,3
6537,0,3
6538,1,3
6539,0,3
6540,23,4
6541,3,3
6542,30,4
6543,2,3
6544,1,3
6545,10,4
6546,12,4
6547,0,3
6548,0,3
6549,0,3
6550,3,3
6551,0,3
6552,2,3
6553,10,4
6554,0,3
6555,25,5
6556,12,3
6557,5,4
6558,3,3
6559,19,4
6560,17,5
6561,25,3
6562,0,3
6563,0,3
6564,0,3
6565,0,3
6566,1,3
6567,9,1
6568,16,3
6569,19,4
6570,0,3
6571,1,3
6572,6,4
6573,19,3
6574,5,3
6575,1,3
6576,4,3
6577,9,4
6578,1,3
6579,3,4
6580,41,4
6581,26,3
6582,0,3
6583,1,3
6584,24,4
6585,0,3
6586,16,4
6587,2,3
6588,6,3
6589,11,4
6590,9,3
6591,8,3
6592,0,3
6593,2,3
6594,0,3
6595,4,3
6596,0,3
6597,7,3
6598,8,4
6599,2,3
6600,7,3
6601,1,3
6602,30,3
6603,21,4
6604,6,4
6605,2,3
6606,0,3
6607,0,3
6608,0,3
6609,0,3
6610,11,3
6611,0,3
6612,0,3
6613,4,3
6614,0,3
6615,0,3
6616,1,3
6617,3,3
6618,0,3
6619,7,3
6620,3,3
6621,1,3
6622,0,3
6623,8,3
6624,0,3
6625,0,3
6626,12,4
6627,15,3
6628,0,3
6629,13,3
6630,14,3
6631,0,3
6632,3,3
6633,7,5
6634,3,3
6635,22,4
6636,18,3
6637,0,3
6638,0,3
6639,0,3
6640,12,4
6641,2,3
6642,0,3
6643,17,3
6644,1,3
6645,0,3
6646,0,3
6647,0,3
6648,33,4
6649,1,3
6650,13,4
6651,24,6
6652,4,3
6653,23,4
6654,1,3
6655,0,3
6656,0,3
6657,2,3
6658,15,4
6659,12,3
6660,0,3
6661,7,4
6662,17,5
6663,5,3
6664,17,3
6665,24,4
6666,0,3
6667,11,4
6668,0,3
6669,0,3
6670,4,3
6671,1,3
6672,21,4
6673,0,3
6674,5,3
6675,0,3
6676,0,3
6677,5,4
6678,0,3
6679,0,3
6680,1,3
6681,0,3
6682,0,3
6683,1,3
6684,2,3
6685,1,3
6686,3,3
6687,16,3
6688,11,4
6689,0,3
6690,0,3
6691,2,3
6692,0,3
6693,0,3
6694,1,3
6695,0,3
6696,18,6
6697,3,3
6698,8,4
6699,0,3
6700,0,3
6701,0,3
6702,1,3
6703,16,3
6704,0,3
6705,4,3
6706,23,4
6707,1,3
6708,3,3
6709,0,3
6710,7,5
6711,0,3
6712,4,3
6713,4,3
6714,15,3
6715,53,5
6716,16,3
6717,4,3
6718,13,5
6719,4,3
6720,1,3
6721,14,4
6722,7,3
6723,10,4
6724,3,4
6725,0,3
6726,12,4
6727,15,4
6728,1,3
6729,1,3
6730,6,3
6731,31,3
6732,0,3
6733,0,3
6734,6,3
6735,25,5
6736,24,3
6737,0,3
6738,10,6
6739,0,3
6740,12,3
6741,17,2
6742,2,3
6743,0,3
6744,0,3
6745,13,4
6746,0,3
6747,7,4
6748,2,3
6749,3,4
6750,3,3
6751,3,3
6752,0,3
6753,3,3
6754,15,3
6755,15,3
6756,6,3
6757,0,3
6758,0,3
6759,5,4
6760,5,3
6761,26,3
6762,0,3
6763,0,3
6764,42,4
6765,0,3
6766,8,4
6767,13,3
6768,20,4
6769,13,3
6770,0,3
6771,0,3
6772,14,3
6773,0,3
6774,0,3
6775,38,3
6776,1,3
6777,0,3
6778,3,3
6779,2,3
6780,3,3
6781,6,4
6782,0,3
6783,31,4
6784,0,3
6785,1,3
6786,0,3
6787,0,3
6788,1,3
6789,0,3
6790,0,3
6791,4,3
6792,0,3
6793,4,4
6794,0,3
6795,0,3
6796,0,3
6797,5,3
6798,2,3
6799,4,3
6800,9,3
6801,0,3
6802,0,3
6803,14,4
6804,15,5
6805,0,3
6806,0,3
6807,7,3
6808,0,3
6809,1,3
6810,17,3
6811,8,3
6812,1,3
6813,17,4
6814,73,3
6815,0,3
6816,1,3
6817,0,3
6818,11,4
6819,11,6
6820,0,3
6821,0,3
6822,29,5
6823,0,3
6824,0,3
6825,3,3
6826,2,4
6827,14,6
6828,0,3
6829,0,3
6830,21,3
6831,0,3
6832,21,4
6833,12,3
6834,5,4
6835,0,3
6836,0,3
6837,6,3
6838,0,3
6839,5,3
6840,0,3
6841,1,3
6842,0,3
6843,0,3
6844,0,3
6845,0,3
6846,9,3
6847,0,3
6848,11,4
6849,0,3
6850,0,3
6851,0,3
6852,29,6
6853,14,3
6854,0,3
6855,6,3
6856,8,3
6857,0,3
6858,7,3
6859,4,3
6860,17,3
6861,0,3
6862,0,3
6863,10,4
6864,5,3
6865,6,4
6866,8,4
6867,0,3
6868,23,3
6869,5,4
6870,0,3
6871,10,4
6872,0,3
6873,2,4
6874,0,3
6875,0,3
6876,0,3
6877,16,3
6878,0,3
6879,5,4
6880,1,3
6881,4,3
6882,0,3
6883,15,3
6884,8,3
6885,1,3
6886,6,3
6887,9,3
6888,0,3
6889,4,3
6890,1,3
6891,3,2
6892,47,5
6893,10,3
6894,0,3
6895,17,4
6896,2,3
6897,0,3
6898,7,4
6899,16,3
6900,18,3
6901,1,3
6902,2,3
6903,0,3
6904,14,3
6905,0,3
6906,3,3
6907,10,4
6908,9,5
6909,3,3
6910,5,4
6911,0,3
6912,4,3
6913,32,3
6914,2,3
6915,3,3
6916,11,3
6917,17,4
6918,0,3
6919,14,3
6920,0,3
6921,0,3
6922,29,3
6923,12,3
6924,1,3
6925,0,3
6926,6,2
6927,0,3
6928,0,3
6929,0,3
6930,14,3
6931,35,3
6932,12,3
6933,0,3
6934,22,4
6935,0,3
6936,0,3
6937,0,3
6938,12,3
6939,0,3
6940,0,3
6941,6,3
6942,1,3
6943,2,3
6944,6,3
6945,3,4
6946,5,3
6947,1,3
6948,3,3
6949,9,3
6950,6,3
6951,5,3
6952,0,3
6953,4,3
6954,15,5
6955,0,3
6956,0,3
6957,0,3
6958,6,5
6959,13,3
6960,0,3
6961,0,3
6962,1,3
6963,68,5
6964,2,3
6965,2,3
6966,2,3
6967,0,3
6968,3,3
6969,4,4
6970,6,4
6971,9,5
6972,15,3
6973,9,3
6974,0,3
6975,5,3
6976,48,3
6977,1,3
6978,5,3
6979,11,5
6980,26,4
6981,25,4
6982,22,3
6983,1,3
6984,0,3
6985,0,3
6986,14,4
6987,41,4
6988,5,4
6989,22,4
6990,3,3
6991,0,3
6992,6,3
6993,0,3
6994,3,3
6995,0,3
6996,0,3
6997,10,5
6998,0,3
6999,0,3
7000,4,3
7001,11,3
7002,26,3
7003,17,4
7004,11,4
7005,13,3
7006,1,3
7007,0,3
7008,17,4
7009,0,3
7010,39,3
7011,13,5
7012,6,4
7013,1,3
7014,8,4
7015,0,3
7016,18,4
7017,6,4
7018,0,3
7019,0,3
7020,25,3
7021,5,3
7022,14,5
7023,0,3
7024,0,3
7025,0,3
7026,5,3
7027,5,4
7028,21,4
7029,0,3
7030,5,3
7031,0,3
7032,0,3
7033,27,3
7034,0,3
7035,2,3
7036,0,3
7037,18,2
7038,15,3
7039,1,3
7040,12,3
7041,33,6
7042,12,3
7043,1,3
7044,1,3
7045,5,3
7046,18,3
7047,6,3
7048,0,3
7049,26,3
7050,4,3
7051,2,3
7052,1,3
7053,19,4
7054,11,3
7055,0,3
7056,0,3
7057,5,3
7058,13,3
7059,11,3
7060,15,4
7061,0,3
7062,7,4
7063,0,3
7064,1,3
7065,17,3
7066,6,3
7067,1,3
7068,3,4
7069,1,4
7070,0,3
7071,0,3
7072,23,3
7073,10,4
7074,8,4
7075,36,4
7076,15,3
7077,0,3
7078,25,3
7079,23,3
7080,0,3
7081,8,3
7082,5,3
7083,5,3
7084,0,3
7085,0,3
7086,0,3
7087,0,3
7088,0,3
7089,8,4
7090,0,3
7091,0,3
7092,0,3
7093,0,3
7094,1,3
7095,0,3
7096,18,3
7097,0,3
7098,0,3
7099,0,3
7100,13,2
7101,0,3
7102,2,3
7103,6,4
7104,1,3
7105,11,3
7106,0,3
7107,10,4
7108,1,3
7109,7,5
7110,0,3
7111,8,4
7112,15,3
7113,0,3
7114,2,3
7115,13,4
7116,1,3
7117,0,3
7118,28,3
7119,8,3
7120,0,3
7121,1,3
7122,3,3
7123,6,4
7124,1,3
7125,1,3
7126,6,3
7127,13,5
7128,38,2
7129,0,3
7130,13,3
7131,26,6
7132,0,3
7133,11,3
7134,28,6
7135,0,3
7136,2,4
7137,2,3
7138,24,3
7139,4,3
7140,0,3
7141,28,4
7142,13,4
7143,16,3
7144,0,3
7145,5,4
7146,1,3
7147,5,3
7148,5,4
7149,0,3
7150,0,3
7151,6,3
7152,6,4
7153,14,2
7154,3,3
7155,14,3
7156,6,4
7157,0,3
7158,2,3
7159,0,3
7160,0,3
7161,3,3
7162,1,3
7163,1,3
7164,0,3
7165,0,3
7166,0,3
7167,5,4
7168,6,4
7169,0,3
7170,0,3
7171,19,4
7172,0,3
7173,0,3
7174,1,3
7175,0,3
7176,7,3
7177,9,3
7178,1,3
7179,2,3
7180,19,3
7181,9,4
7182,5,3
7183,2,3
7184,0,3
7185,11,3
7186,8,4
7187,0,3
7188,1,3
7189,0,3
7190,1,3
7191,6,3
7192,0,3
7193,0,3
7194,0,3
7195,13,4
7196,22,1
7197,21,4
7198,17,4
7199,32,4
7200,1,3
7201,29,2
7202,12,5
7203,13,4
7204,6,3
7205,0,3
7206,2,3
7207,30,3
7208,2,3
7209,3,2
7210,16,4
7211,17,4
7212,5,3
7213,3,4
7214,0,3
7215,3,3
7216,0,3
7217,0,3
7218,0,3
7219,0,3
7220,0,3
7221,2,3
7222,0,3
7223,3,3
7224,28,3
7225,4,3
7226,8,3
7227,1,3
7228,25,4
7229,5,3
7230,6,4
7231,5,3
7232,0,3
7233,37,4
7234,0,3
7235,0,3
7236,12,4
7237,0,3
7238,2,3
7239,19,5
7240,18,3
7241,25,5
7242,10,3
7243,0,3
7244,21,3
7245,7,3
7246,6,4
7247,3,3
7248,8,3
7249,0,3
7250,4,4
7251,1,3
7252,1,3
7253,0,3
7254,29,3
7255,11,4
7256,0,3
7257,0,3
7258,0,3
7259,23,5
7260,5,4
7261,14,4
7262,7,3
7263,21,4
7264,2,3
7265,0,3
7266,10,4
7267,11,3
7268,3,3
7269,0,3
7270,0,3
7271,0,3
7272,1,2
7273,2,3
7274,0,3
7275,0,3
7276,4,4
7277,0,3
7278,0,3
7279,1,3
7280,1,3
7281,0,3
7282,1,3
7283,0,3
7284,0,3
7285,0,3
7286,0,3
7287,0,3
7288,3,3
7289,0,3
7290,3,4
7291,1,3
7292,0,3
7293,1,3
7294,13,4
7295,0,3
7296,27,3
7297,1,3
7298,26,4
7299,14,5
7300,0,3
7301,3,3
7302,6,3
7303,0,3
7304,18,1
7305,27,3
7306,9,3
7307,9,4
7308,6,2
7309,4,3
7310,0,3
7311,11,4
7312,0,3
7313,5,4
7314,10,3
7315,7,3
7316,0,3
7317,0,3
7318,11,4
7319,10,3
7320,8,4
7321,0,3
7322,1,3
7323,1,2
7324,3,3
7325,0,3
7326,2,3
7327,39,4
7328,26,3
7329,0,3
7330,0,3
7331,0,3
7332,10,3
7333,9,3
7334,8,3
7335,0,3
7336,0,3
7337,3,3
7338,5,4
7339,8,4
7340,0,3
7341,7,4
7342,0,3
7343,0,3
7344,9,4
7345,0,3
7346,13,2
7347,4,4
7348,2,3
7349,5,3
7350,1,3
7351,1,3
7352,1,3
7353,1,3
7354,1,3
7355,0,3
7356,1,4
7357,0,3
7358,0,3
7359,12,3
7360,8,3
7361,29,4
7362,0,3
7363,24,3
7364,0,3
7365,14,3
7366,1,3
7367,12,3
7368,2,3
7369,26,3
7370,0,3
7371,39,5
7372,6,4
7373,5,3
7374,11,4
7375,45,4
7376,2,3
7377,0,3
7378,8,2
7379,6,3
7380,9,5
7381,66,6
7382,0,3
7383,0,3
7384,0,3
7385,8,3
7386,18,4
7387,13,4
7388,22,3
7389,1,3
7390,10,3
7391,29,2
7392,0,3
7393,19,4
7394,0,3
7395,0,3
7396,0,3
7397,4,3
7398,0,3
7399,0,3
7400,1,3
7401,24,3
7402,4,3
7403,0,3
7404,8,3
7405,0,3
7406,0,3
7407,1,3
7408,5,3
7409,24,3
7410,8,3
7411,0,3
7412,10,3
7413,0,3
7414,0,3
7415,4,3
7416,8,6
7417,4,3
7418,1,3
7419,3,3
7420,0,3
7421,9,3
7422,1,3
7423,0,3
7424,2,3
7425,0,3
7426,1,3
7427,9,3
7428,0,3
7429,22,3
7430,3,3
7431,8,3
7432,5,3
7433,12,3
7434,0,3
7435,1,3
7436,22,3
7437,16,4
7438,0,3
7439,0,3
7440,0,3
7441,0,3
7442,5,4
7443,0,3
7444,28,4
7445,10,3
7446,0,3
7447,1,3
7448,13,5
7449,8,4
7450,6,3
7451,11,3
7452,35,5
7453,6,5
7454,6,3
7455,0,3
7456,0,3
7457,0,3
7458,7,3
7459,16,3
7460,7,3
7461,12,3
7462,1,3
7463,0,3
7464,0,3
7465,7,3
7466,3,3
7467,3,3
7468,53,2
7469,1,3
7470,12,4
7471,0,3
7472,9,4
7473,1,3
7474,5,3
7475,35,3
7476,9,3
7477,3,3
7478,2,3
7479,19,4
7480,0,3
7481,36,5
7482,0,3
7483,6,3
7484,15,3
7485,0,3
7486,10,5
7487,24,6
7488,7,3
7489,8,4
7490,13,2
7491,16,3
7492,0,3
7493,15,4
7494,31,4
7495,62,4
7496,2,3
7497,0,3
7498,10,3
7499,4,3
7500,14,4
7501,0,3
7502,14,4
7503,2,3
7504,9,3
7505,1,3
7506,22,3
7507,0,3
7508,0,3
7509,0,3
7510,0,3
7511,22,5
7512,22,4
7513,20,6
7514,0,3
7515,6,4
7516,11,3
7517,4,4
7518,0,3
7519,48,3
7520,25,3
7521,9,5
7522,28,4
7523,13,4
7524,5,3
7525,0,3
7526,1,3
7527,0,3
7528,11,3
7529,1,3
7530,0,3
7531,0,3
7532,0,3
7533,25,4
7534,5,3
7535,0,3
7536,0,3
7537,0,3
7538,0,3
7539,1,3
7540,10,4
7541,0,3
7542,0,3
7543,20,5
7544,26,3
7545,5,3
7546,0,3
7547,0,3
7548,0,3
7549,14,4
7550,0,3
7551,0,3
7552,2,3
7553,10,3
7554,16,4
7555,0,3
7556,1,3
7557,17,3
7558,0,3
7559,4,3
7560,8,4
7561,2,3
7562,6,4
7563,5,4
7564,10,3
7565,18,3
7566,17,3
7567,0,3
7568,4,3
7569,0,3
7570,0,3
7571,20,3
7572,4,3
7573,8,4
7574,7,5
7575,12,5
7576,0,3
7577,8,3
7578,0,3
7579,0,3
7580,10,4
7581,0,3
7582,0,3
7583,7,3
7584,0,3
7585,2,3
7586,17,4
7587,5,3
7588,0,3
7589,3,3
7590,2,3
7591,0,3
7592,0,3
7593,0,3
7594,24,2
7595,15,5
7596,1,3
7597,3,3
7598,6,3
7599,3,3
7600,0,3
7601,1,3
7602,0,3
7603,0,3
7604,2,3
7605,6,4
7606,0,3
7607,15,4
7608,5,3
7609,1,3
7610,15,3
7611,19,5
7612,0,3
7613,0,3
7614,1,3
7615,4,3
7616,0,3
7617,2,3
7618,18,5
7619,0,3
7620,0,3
7621,17,3
7622,26,2
7623,7,3
7624,0,3
7625,7,3
7626,0,3
7627,14,5
7628,7,2
7629,0,3
7630,3,4
7631,0,3
7632,5,3
7633,6,3
7634,2,3
7635,21,3
7636,0,3
7637,4,3
7638,1,3
7639,1,3
7640,0,3
7641,15,3
7642,17,4
7643,0,3
7644,0,3
7645,10,5
7646,5,3
7647,0,3
7648,1,3
7649,0,3
7650,0,3
7651,33,6
7652,0,3
7653,11,5
7654,1,3
7655,1,3
7656,6,4
7657,3,3
7658,9,4
7659,13,5
7660,15,3
7661,8,4
7662,0,3
7663,0,3
7664,0,3
7665,2,3
7666,13,2
7667,33,4
7668,3,3
7669,5,3
7670,16,4
7671,0,3
7672,11,4
7673,1,3
7674,7,2
7675,15,4
7676,0,3
7677,5,4
7678,1,3
7679,29,3
7680,20,4
7681,29,4
7682,27,3
7683,0,3
7684,12,2
7685,11,5
7686,11,3
7687,2,2
7688,18,3
7689,0,3
7690,2,3
7691,2,3
7692,3,3
7693,0,3
7694,13,5
7695,20,4
7696,2,3
7697,2,3
7698,8,4
7699,69,4
7700,1,3
7701,2,3
7702,2,3
7703,0,3
7704,0,3
7705,27,3
7706,0,3
7707,13,4
7708,39,4
7709,0,3
7710,1,3
7711,5,3
7712,13,5
7713,11,5
7714,1,3
7715,29,2
7716,0,3
7717,12,4
7718,1,3
7719,6,4
7720,0,3
7721,0,3
7722,0,3
7723,45,4
7724,0,3
7725,2,3
7726,1,3
7727,3,3
7728,19,4
7729,11,4
7730,16,3
7731,37,3
7732,8,3
7733,3,3
7734,0,3
7735,18,3
7736,9,3
7737,12,3
7738,22,4
7739,1,3
7740,0,3
7741,0,3
7742,3,3
7743,10,3
7744,32,3
7745,1,3
7746,5,4
7747,2,3
7748,0,3
7749,0,3
7750,0,3
7751,7,3
7752,0,3
7753,8,3
7754,0,3
7755,0,3
7756,11,3
7757,0,3
7758,0,3
7759,10,3
7760,11,4
7761,0,3
7762,12,5
7763,1,3
7764,99,3
7765,0,3
7766,11,3
7767,11,4
7768,0,3
7769,0,3
7770,0,3
7771,19,3
7772,38,3
7773,8,3
7774,0,3
7775,0,3
7776,0,3
7777,0,3
7778,0,3
7779,17,4
7780,0,3
7781,0,3
7782,0,3
7783,5,3
7784,1,3
7785,15,5
7786,0,3
7787,0,3
7788,3,3
7789,0,3
7790,0,3
7791,6,3
7792,0,3
7793,20,4
7794,14,4
7795,0,3
7796,5,3
7797,42,4
7798,2,4
7799,4,3
7800,0,3
7801,1,3
7802,0,3
7803,50,4
7804,0,3
7805,1,3
7806,1,3
7807,17,4
7808,45,3
7809,0,3
7810,0,3
7811,0,3
7812,0,3
7813,0,3
7814,1,3
7815,0,3
7816,0,3
7817,9,4
7818,2,3
7819,0,3
7820,16,3
7821,11,3
7822,15,4
7823,29,6
7824,2,3
7825,12,3
7826,28,3
7827,7,4
7828,27,3
7829,1,3
7830,4,4
7831,5,3
7832,9,4
7833,0,3
7834,4,3
7835,4,3
7836,13,3
7837,33,7
7838,0,3
7839,0,3
7840,3,3
7841,1,3
7842,0,3
7843,2,3
7844,0,3
7845,0,3
7846,14,4
7847,0,3
7848,0,3
7849,0,3
7850,7,3
7851,1,3
7852,0,3
7853,0,3
7854,0,3
7855,0,3
7856,0,3
7857,2,3
7858,26,5
7859,5,3
7860,0,3
7861,5,2
7862,0,3
7863,0,3
7864,0,3
7865,0,3
7866,0,3
7867,0,3
7868,0,3
7869,1,3
7870,12,5
7871,4,4
7872,0,3
7873,26,3
7874,16,3
7875,33,4
7876,0,3
7877,6,3
7878,1,3
7879,0,3
7880,0,3
7881,3,3
7882,80,6
7883,21,4
7884,3,3
7885,25,4
7886,0,3
7887,0,3
7888,1,3
7889,14,3
7890,13,4
7891,5,3
7892,19,5
7893,21,4
7894,43,5
7895,25,3
7896,8,4
7897,2,3
7898,0,3
7899,0,3
7900,9,4
7901,19,4
7902,0,3
7903,18,3
7904,4,3
7905,0,3
7906,10,4
7907,0,3
7908,5,3
7909,4,4
7910,47,4
7911,0,3
7912,3,3
7913,0,3
7914,14,3
7915,15,3
7916,0,3
7917,24,4
7918,0,3
7919,14,6
7920,5,3
7921,30,3
7922,0,3
7923,3,4
7924,0,3
7925,0,3
7926,1,3
7927,0,3
7928,0,3
7929,0,3
7930,0,3
7931,0,3
7932,19,3
7933,0,3
7934,0,3
7935,0,3
7936,0,3
7937,1,3
7938,0,3
7939,0,3
7940,9,4
7941,7,3
7942,4,4
7943,0,3
7944,0,3
7945,13,4
7946,0,3
7947,0,3
7948,0,3
7949,1,3
7950,8,5
7951,0,3
7952,0,3
7953,0,3
7954,0,3
7955,3,3
7956,1,3
7957,0,3
7958,2,3
7959,32,3
7960,0,3
7961,0,3
7962,0,3
7963,17,3
7964,5,3
7965,0,3
7966,0,3
7967,0,3
7968,15,5
7969,47,4
7970,3,2
7971,0,3
7972,0,3
7973,13,5
7974,0,3
7975,0,3
7976,0,3
7977,45,5
7978,0,3
7979,7,3
7980,0,3
7981,6,4
7982,0,3
7983,8,3
7984,48,5
7985,0,3
7986,4,3
7987,0,3
7988,10,4
7989,3,3
7990,52,3
7991,6,4
7992,6,3
7993,5,4
7994,16,3
7995,4,3
7996,0,3
7997,0,3
7998,27,3
7999,2,3
8000,0,3
8001,3,3
8002,15,4
8003,17,3
8004,9,4
8005,3,3
8006,6,3
8007,0,3
8008,10,3
8009,0,3
8010,4,3
8011,0,3
8012,3,3
8013,1,3
8014,0,3
8015,22,4
8016,20,4
8017,11,4
8018,50,3
8019,23,5
8020,0,3
8021,20,3
8022,13,4
8023,18,3
8024,27,3
8025,0,3
8026,14,4
8027,0,3
8028,0,3
8029,1,3
8030,3,3
8031,0,3
8032,0,3
8033,3,3
8034,1,3
8035,43,2
8036,0,3
8037,16,3
8038,0,3
8039,0,3
8040,0,3
8041,0,3
8042,10,3
8043,0,3
8044,4,3
8045,10,4
8046,2,3
8047,0,3
8048,3,3
8049,0,3
8050,1,3
8051,0,3
8052,11,3
8053,0,3
8054,21,3
8055,0,3
8056,0,3
8057,2,4
8058,18,4
8059,15,3
8060,9,3
8061,21,4
8062,3,4
8063,0,3
8064,13,3
8065,0,3
8066,28,4
8067,35,4
8068,5,3
8069,66,5
8070,3,3
8071,20,5
8072,27,3
8073,13,5
8074,0,3
8075,0,3
8076,0,3
8077,0,3
8078,0,3
8079,0,3
8080,6,4
8081,0,3
8082,1,3
8083,17,3
8084,0,3
8085,2,3
8086,0,3
8087,0,3
8088,0,3
8089,0,3
8090,1,3
8091,34,4
8092,0,3
8093,23,4
8094,18,4
8095,9,4
8096,5,3
8097,0,3
8098,4,4
8099,0,3
8100,3,3
8101,0,3
8102,0,3
8103,2,3
8104,1,3
8105,1,3
8106,3,3
8107,0,3
8108,35,4
8109,2,3
8110,2,3
8111,0,3
8112,10,4
8113,0,3
8114,20,4
8115,0,3
8116,0,3
8117,0,3
8118,21,4
8119,0,3
8120,6,3
8121,23,3
8122,0,3
8123,1,3
8124,5,3
8125,0,3
8126,0,3
8127,0,3
8128,0,3
8129,37,4
8130,2,4
8131,21,3
8132,0,3
8133,3,3
8134,2,3
8135,7,3
8136,1,4
8137,5,3
8138,0,3
8139,9,3
8140,6,3
8141,0,3
8142,7,3
8143,0,3
8144,9,5
8145,4,3
8146,0,3
8147,1,3
8148,3,4
8149,21,3
8150,25,9
8151,2,3
8152,0,3
8153,0,3
8154,1,3
8155,5,4
8156,0,3
8157,2,4
8158,0,3
8159,19,5
8160,3,3
8161,7,4
8162,0,3
8163,0,3
8164,0,3
8165,28,3
8166,0,3
8167,5,3
8168,3,3
8169,0,3
8170,15,3
8171,17,5
8172,26,6
8173,0,3
8174,1,3
8175,5,4
8176,3,3
8177,0,3
8178,5,4
8179,0,3
8180,53,5
8181,0,3
8182,0,3
8183,23,4
8184,4,3
8185,12,4
8186,0,3
8187,26,4
8188,6,3
8189,16,3
8190,0,3
8191,2,3
8192,8,2
8193,3,3
8194,2,3
8195,13,4
8196,11,3
8197,9,4
8198,0,3
8199,1,3
8200,3,3
8201,4,4
8202,2,3
8203,16,5
8204,0,3
8205,6,4
8206,14,4
8207,8,4
8208,2,3
8209,1,3
8210,0,3
8211,1,3
8212,14,5
8213,9,2
8214,2,4
8215,6,4
8216,1,3
8217,17,3
8218,0,3
8219,0,3
8220,0,3
8221,6,3
8222,25,5
8223,10,5
8224,66,3
8225,1,3
8226,0,3
8227,2,3
8228,11,3
8229,0,3
8230,7,4
8231,9,3
8232,0,3
8233,16,3
8234,0,3
8235,2,3
8236,4,4
8237,9,3
8238,4,4
8239,0,3
8240,0,3
8241,6,3
8242,18,3
8243,13,2
8244,40,4
8245,0,3
8246,0,3
8247,10,3
8248,0,3
8249,1,3
8250,2,3
8251,9,3
8252,12,2
8253,0,3
8254,5,4
8255,10,3
8256,4,3
8257,0,3
8258,0,3
8259,3,3
8260,10,4
8261,0,3
8262,0,3
8263,0,3
8264,12,3
8265,11,3
8266,0,3
8267,6,4
8268,30,3
8269,33,3
8270,0,3
8271,6,3
8272,22,4
8273,6,3
8274,26,6
8275,11,3
8276,3,3
8277,0,3
8278,19,6
8279,0,3
8280,10,3
8281,0,3
8282,0,3
8283,0,3
8284,0,3
8285,0,3
8286,0,3
8287,0,3
8288,8,4
8289,7,3
8290,0,3
8291,11,3
8292,0,3
8293,32,4
8294,15,3
8295,4,3
8296,48,5
8297,11,4
8298,0,3
8299,0,3
8300,0,3
8301,25,3
8302,11,4
8303,30,3
8304,22,6
8305,2,3
8306,7,3
8307,12,2
8308,7,4
8309,0,3
8310,3,3
8311,0,3
8312,29,5
8313,0,3
8314,3,3
8315,1,3
8316,28,3
8317,0,3
8318,0,3
8319,6,4
8320,13,3
8321,0,3
8322,0,3
8323,0,3
8324,2,3
8325,16,6
8326,0,3
8327,23,3
8328,25,3
8329,2,3
8330,0,3
8331,0,3
8332,6,3
8333,23,5
8334,0,3
8335,6,3
8336,2,3
8337,6,4
8338,17,2
8339,0,3
8340,2,3
8341,0,3
8342,30,4
8343,5,4
8344,1,3
8345,7,3
8346,0,3
8347,6,3
8348,17,2
8349,5,5
8350,4,4
8351,14,4
8352,0,3
8353,1,3
8354,8,5
8355,0,3
8356,12,3
8357,0,3
8358,0,3
8359,13,4
8360,8,3
8361,2,3
8362,1,3
8363,24,4
8364,0,3
8365,1,3
8366,37,4
8367,0,3
8368,1,3
8369,0,3
8370,4,3
8371,5,3
8372,17,4
8373,3,3
8374,11,3
8375,9,3
8376,0,3
8377,6,3
8378,9,4
8379,10,3
8380,17,6
8381,17,3
8382,0,3
8383,2,3
8384,28,3
8385,0,3
8386,6,4
8387,100,5
8388,9,4
8389,8,3
8390,0,3
8391,21,4
8392,10,3
8393,0,3
8394,0,3
8395,6,3
8396,21,4
8397,13,4
8398,0,3
8399,0,3
8400,5,3
8401,5,3
8402,0,3
8403,4,3
8404,0,3
8405,4,3
8406,2,3
8407,3,3
8408,1,3
8409,19,6
8410,4,3
8411,1,3
8412,0,3
8413,3,3
8414,1,3
8415,16,6
8416,19,3
8417,16,5
8418,30,4
8419,2,3
8420,0,3
8421,0,3
8422,0,3
8423,0,3
8424,0,3
8425,10,4
8426,0,3
8427,13,3
8428,9,4
8429,24,4
8430,0,3
8431,1,3
8432,0,3
8433,3,3
8434,0,3
8435,1,3
8436,0,3
8437,8,3
8438,13,3
8439,40,4
8440,4,3
8441,0,3
8442,1,3
8443,3,3
8444,10,5
8445,26,4
8446,1,3
8447,17,4
8448,6,3
8449,9,4
8450,0,3
8451,1,3
8452,3,3
8453,8,3
8454,0,3
8455,6,4
8456,33,4
8457,1,3
8458,6,3
8459,19,5
8460,0,3
8461,10,4
8462,1,3
8463,8,3
8464,6,3
8465,9,3
8466,0,3
8467,0,3
8468,21,4
8469,19,4
8470,0,3
8471,7,2
8472,8,4
8473,15,4
8474,1,3
8475,14,3
8476,0,3
8477,0,3
8478,30,4
8479,9,4
8480,1,3
8481,0,3
8482,5,3
8483,0,3
8484,2,3
8485,4,4
8486,0,3
8487,12,4
8488,10,4
8489,2,4
8490,26,4
8491,13,4
8492,0,3
8493,2,3
8494,22,4
8495,69,6
8496,1,3
8497,10,3
8498,0,3
8499,0,3
8500,23,5
8501,5,3
8502,0,3
8503,8,4
8504,3,3
8505,7,3
8506,23,4
8507,1,3
8508,0,3
8509,41,5
8510,18,4
8511,1,3
8512,5,3
8513,0,3
8514,4,3
8515,0,3
8516,11,3
8517,14,2
8518,2,3
8519,6,3
8520,2,3
8521,2,3
8522,0,3
8523,7,3
8524,6,3
8525,0,3
8526,6,4
8527,0,3
8528,3,3
8529,3,3
8530,16,3
8531,14,3
8532,0,3
8533,0,3
8534,12,3
8535,0,3
8536,4,3
8537,4,3
8538,0,3
8539,3,3
8540,0,3
8541,11,3
8542,0,3
8543,0,3
8544,18,5
8545,3,3
8546,42,6
8547,0,3
8548,5,3
8549,0,3
8550,0,3
8551,9,3
8552,38,5
8553,9,2
8554,22,4
8555,0,3
8556,0,3
8557,17,4
8558,1,4
8559,0,3
8560,0,3
8561,0,3
8562,18,4
8563,5,3
8564,0,3
8565,5,3
8566,32,4
8567,0,3
8568,2,3
8569,13,3
8570,0,3
8571,2,3
8572,9,4
8573,19,4
8574,23,3
8575,11,4
8576,24,6
8577,1,3
8578,45,3
8579,5,3
8580,21,4
8581,0,3
8582,0,3
8583,3,3
8584,5,3
8585,3,3
8586,64,4
8587,9,4
8588,3,3
8589,0,3
8590,0,3
8591,0,3
8592,0,3
8593,6,3
8594,1,3
8595,0,3
8596,0,3
8597,8,3
8598,7,4
8599,26,4
8600,10,3
8601,4,3
8602,12,3
8603,6,3
8604,0,3
8605,36,4
8606,4,3
8607,0,3
8608,23,3
8609,0,3
8610,4,3
8611,19,4
8612,9,4
8613,11,3
8614,0,3
8615,0,3
8616,0,3
8617,8,4
8618,3,3
8619,0,3
8620,0,3
8621,13,4
8622,1,3
8623,3,3
8624,3,3
8625,0,3
8626,1,3
8627,14,4
8628,15,3
8629,0,3
8630,0,3
8631,5,3
8632,0,3
8633,0,3
8634,0,3
8635,25,4
8636,6,4
8637,12,5
8638,0,3
8639,1,3
8640,0,3
8641,2,3
8642,0,3
8643,20,4
8644,0,3
8645,0,3
8646,0,3
8647,10,3
8648,8,4
8649,0,3
8650,13,7
8651,4,3
8652,0,3
8653,18,4
8654,0,3
8655,7,3
8656,0,3
8657,0,3
8658,41,8
8659,14,3
8660,0,3
8661,1,3
8662,5,3
8663,0,3
8664,1,3
8665,10,3
8666,1,3
8667,59,4
8668,17,5
8669,2,3
8670,1,3
8671,0,3
8672,4,3
8673,0,3
8674,1,3
8675,14,3
8676,0,3
8677,11,4
8678,3,3
8679,3,3
8680,0,3
8681,0,3
8682,0,3
8683,0,3
8684,0,3
8685,11,4
8686,8,3
8687,1,3
8688,0,3
8689,4,3
8690,0,3
8691,1,3
8692,5,4
8693,1,3
8694,24,3
8695,15,4
8696,0,3
8697,0,3
8698,0,3
8699,19,5
8700,11,4
8701,5,3
8702,0,3
8703,1,3
8704,0,3
8705,13,4
8706,0,3
8707,1,3
8708,19,3
8709,0,3
8710,1,3
8711,14,4
8712,0,3
8713,4,3
8714,0,3
8715,14,3
8716,10,4
8717,16,3
8718,23,3
8719,14,3
8720,0,3
8721,0,3
8722,14,3
8723,5,4
8724,0,3
8725,8,3
8726,6,3
8727,3,3
8728,0,3
8729,0,3
8730,23,4
8731,30,3
8732,13,4
8733,50,5
8734,0,3
8735,0,3
8736,2,3
8737,21,3
8738,2,3
8739,0,3
8740,0,3
8741,2,3
8742,0,3
8743,17,3
8744,0,3
8745,0,3
8746,0,3
8747,0,3
8748,0,3
8749,33,3
8750,5,3
8751,0,3
8752,2,3
8753,15,4
8754,4,4
8755,0,3
8756,0,3
8757,16,2
8758,0,3
8759,0,3
8760,0,3
8761,0,3
8762,1,3
8763,0,3
8764,7,3
8765,16,5
8766,0,3
8767,8,4
8768,0,3
8769,6,3
8770,20,5
8771,25,5
8772,18,5
8773,21,4
8774,19,4
8775,10,4
8776,20,5
8777,10,4
8778,14,3
8779,17,4
8780,0,3
8781,8,4
8782,7,3
8783,6,3
8784,18,3
8785,0,3
8786,11,3
8787,28,3
8788,0,3
8789,7,3
8790,0,3
8791,29,3
8792,12,4
8793,12,3
8794,0,3
8795,0,3
8796,9,2
8797,0,3
8798,24,5
8799,6,3
8800,0,3
8801,20,4
8802,5,3
8803,0,3
8804,0,3
8805,0,3
8806,27,2
8807,0,3
8808,1,3
8809,0,3
8810,13,3
8811,18,5
8812,39,5
8813,4,3
8814,2,4
8815,16,4
8816,1,3
8817,1,3
8818,11,5
8819,17,3
8820,7,3
8821,0,3
8822,13,4
8823,0,3
8824,16,5
8825,20,5
8826,7,4
8827,17,6
8828,9,5
8829,1,3
8830,7,3
8831,14,4
8832,1,3
8833,36,4
8834,8,3
8835,26,5
8836,0,3
8837,0,3
8838,0,3
8839,1,3
8840,0,3
8841,1,3
8842,1,3
8843,1,3
8844,24,3
8845,18,3
8846,8,4
8847,9,3
8848,28,3
8849,37,4
8850,20,3
8851,0,3
8852,0,3
8853,0,3
8854,0,3
8855,49,3
8856,3,3
8857,25,5
8858,3,3
8859,0,3
8860,0,3
8861,2,3
8862,0,3
8863,0,3
8864,0,3
8865,26,5
8866,1,3
8867,0,3
8868,16,4
8869,14,4
8870,0,3
8871,34,3
8872,8,3
8873,0,3
8874,22,3
8875,1,3
8876,0,3
8877,12,3
8878,8,3
8879,6,3
8880,30,4
8881,0,3
8882,0,3
8883,22,3
8884,12,3
8885,1,3
8886,2,3
8887,12,3
8888,0,3
8889,39,3
8890,2,3
8891,7,4
8892,12,4
8893,5,3
8894,9,4
8895,3,3
8896,0,3
8897,0,3
8898,66,3
8899,0,3
8900,0,3
8901,28,5
8902,0,3
8903,91,8
8904,1,3
8905,1,3
8906,0,3
8907,25,4
8908,12,3
8909,0,3
8910,0,3
8911,8,3
8912,0,3
8913,17,5
8914,14,5
8915,0,3
8916,0,3
8917,0,3
8918,0,3
8919,4,4
8920,1,3
8921,15,3
8922,9,3
8923,7,3
8924,0,3
8925,8,3
8926,0,3
8927,11,3
8928,3,3
8929,1,3
8930,2,3
8931,5,3
8932,0,3
8933,0,3
8934,0,3
8935,27,4
8936,0,3
8937,8,6
8938,0,3
8939,8,3
8940,0,3
8941,0,3
8942,9,3
8943,16,4
8944,10,4
8945,3,3
8946,0,3
8947,5,4
8948,16,3
8949,10,3
8950,1,3
8951,0,3
8952,29,3
8953,23,5
8954,16,3
8955,0,3
8956,14,4
8957,8,4
8958,8,4
8959,29,4
8960,0,3
8961,10,3
8962,8,3
8963,2,3
8964,7,3
8965,31,8
8966,0,3
8967,16,3
8968,40,4
8969,13,3
8970,1,3
8971,4,3
8972,7,3
8973,0,3
8974,8,4
8975,2,3
8976,23,3
8977,1,3
8978,1,3
8979,35,4
8980,0,3
8981,0,3
8982,2,4
8983,0,3
8984,20,3
8985,0,3
8986,2,3
8987,9,3
8988,8,3
8989,7,4
8990,19,4
8991,0,3
8992,0,3
8993,4,3
8994,7,3
8995,0,3
8996,0,3
8997,0,3
8998,13,3
8999,4,3
9000,0,3
9001,14,4
9002,11,4
9003,0,3
9004,0,3
9005,10,3
9006,1,3
9007,31,6
9008,0,3
9009,0,3
9010,0,3
9011,0,3
9012,45,4
9013,0,3
9014,0,3
9015,0,3
9016,0,3
9017,0,3
9018,0,3
9019,20,3
9020,0,3
9021,58,4
9022,0,3
9023,0,3
9024,1,3
9025,4,3
9026,0,3
9027,90,3
9028,20,5
9029,30,3
9030,16,4
9031,1,3
9032,16,3
9033,7,4
9034,34,7
9035,12,3
9036,0,3
9037,36,4
9038,7,4
9039,8,4
9040,9,4
9041,15,4
9042,1,3
9043,4,3
9044,11,3
9045,0,3
9046,22,3
9047,2,3
9048,0,3
9049,25,3
9050,29,3
9051,0,3
9052,2,4
9053,0,3
9054,10,3
9055,10,3
9056,10,4
9057,17,4
9058,0,3
9059,11,3
9060,4,3
9061,0,3
9062,0,3
9063,9,3
9064,0,3
9065,12,5
9066,19,6
9067,0,3
9068,36,3
9069,2,4
9070,2,3
9071,0,3
9072,0,3
9073,9,4
9074,29,4
9075,1,3
9076,0,3
9077,7,4
9078,23,4
9079,7,3
9080,0,3
9081,43,4
9082,1,3
9083,1,3
9084,18,4
9085,28,3
9086,6,3
9087,8,4
9088,1,3
9089,3,2
9090,0,3
9091,50,6
9092,0,3
9093,0,3
9094,15,4
9095,0,3
9096,29,4
9097,21,4
9098,11,4
9099,22,3
9100,6,4
9101,16,3
9102,1,3
9103,9,4
9104,17,3
9105,47,6
9106,5,3
9107,0,3
9108,0,3
9109,3,4
9110,0,3
9111,6,3
9112,3,3
9113,10,3
9114,8,4
9115,0,3
9116,4,3
9117,4,3
9118,0,3
9119,26,3
9120,0,3
9121,0,3
9122,0,3
9123,1,3
9124,0,3
9125,0,3
9126,0,3
9127,7,3
9128,0,3
9129,0,3
9130,1,3
9131,20,3
9132,0,3
9133,16,3
9134,10,3
9135,0,3
9136,8,3
9137,9,3
9138,0,3
9139,0,3
9140,6,4
9141,0,3
9142,5,3
9143,2,3
9144,4,4
9145,0,3
9146,31,5
9147,0,3
9148,1,3
9149,13,3
9150,1,3
9151,12,4
9152,28,5
9153,19,4
9154,2,3
9155,0,3
9156,2,3
9157,0,3
9158,5,3
9159,18,4
9160,14,4
9161,0,3
9162,14,4
9163,0,3
9164,2,4
9165,0,3
9166,1,3
9167,0,3
9168,9,3
9169,23,4
9170,12,4
9171,10,3
9172,0,3
9173,10,3
9174,2,3
9175,7,3
9176,5,3
9177,41,7
9178,0,3
9179,0,3
9180,0,3
9181,2,3
9182,4,3
9183,18,3
9184,21,4
9185,9,4
9186,9,3
9187,1,3
9188,0,3
9189,0,3
9190,1,3
9191,0,3
9192,12,4
9193,8,3
9194,9,4
9195,0,3
9196,0,3
9197,18,3
9198,12,4
9199,20,3
9200,11,3
9201,0,3
9202,9,3
9203,1,3
9204,0,3
9205,28,5
9206,11,5
9207,0,3
9208,0,3
9209,0,3
9210,14,5
9211,0,3
9212,0,3
9213,1,3
9214,1,4
9215,0,3
9216,4,4
9217,0,3
9218,6,3
9219,1,3
9220,1,3
9221,10,4
9222,0,3
9223,0,3
9224,0,3
9225,2,3
9226,55,2
9227,0,3
9228,0,3
9229,0,3
9230,7,3
9231,0,3
9232,13,4
9233,5,6
9234,2,3
9235,0,3
9236,6,3
9237,0,3
9238,4,4
9239,0,3
9240,16,3
9241,0,3
9242,0,3
9243,0,3
9244,38,4
9245,0,3
9246,0,3
9247,6,4
9248,0,3
9249,3,3
9250,0,3
9251,4,3
9252,0,3
9253,15,4
9254,21,3
9255,27,4
9256,31,3
9257,0,3
9258,9,4
9259,0,3
9260,9,3
9261,0,3
9262,14,3
9263,11,4
9264,5,4
9265,21,3
9266,22,3
9267,14,4
9268,0,3
9269,1,3
9270,27,4
9271,0,3
9272,0,3
9273,17,6
9274,2,3
9275,7,4
9276,3,3
9277,18,5
9278,2,3
9279,0,3
9280,0,3
9281,7,3
9282,1,3
9283,26,4
9284,42,4
9285,24,5
9286,0,3
9287,0,3
9288,0,3
9289,3,3
9290,0,3
9291,73,3
9292,23,4
9293,2,3
9294,83,6
9295,0,3
9296,28,2
9297,0,3
9298,0,3
9299,14,4
9300,4,4
9301,0,3
9302,15,4
9303,0,3
9304,21,3
9305,8,4
9306,7,2
9307,36,7
9308,12,3
9309,28,5
9310,1,3
9311,26,5
9312,7,3
9313,0,3
9314,8,2
9315,0,3
9316,8,4
9317,13,3
9318,38,5
9319,19,3
9320,13,4
9321,16,4
9322,0,3
9323,0,3
9324,0,3
9325,39,3
9326,2,3
9327,0,3
9328,0,3
9329,44,4
9330,18,5
9331,23,3
9332,0,3
9333,7,3
9334,2,3
9335,0,3
9336,0,3
9337,0,3
9338,7,3
9339,0,3
9340,1,2
9341,34,4
9342,0,3
9343,17,4
9344,0,3
9345,49,6
9346,1,3
9347,3,3
9348,2,3
9349,27,3
9350,0,3
9351,26,4
9352,73,5
9353,11,4
9354,5,4
9355,0,3
9356,0,3
9357,0,3
9358,32,4
9359,10,5
9360,6,3
9361,2,3
9362,0,3
9363,14,3
9364,36,4
9365,15,5
9366,18,5
9367,4,3
9368,2,3
9369,33,2
9370,16,4
9371,6,3
9372,0,3
9373,21,5
9374,6,4
9375,69,4
9376,0,3
9377,2,3
9378,0,3
9379,23,5
9380,0,3
9381,0,3
9382,1,3
9383,18,4
9384,0,3
9385,8,2
9386,17,4
9387,43,3
9388,26,3
9389,18,6
9390,3,3
9391,0,3
9392,5,4
9393,24,3
9394,0,3
9395,0,3
9396,9,2
9397,0,3
9398,5,3
9399,15,3
9400,0,3
9401,18,4
9402,0,3
9403,18,5
9404,4,3
9405,1,3
9406,11,4
9407,6,3
9408,0,3
9409,1,3
9410,0,3
9411,20,4
9412,0,3
9413,0,3
9414,10,3
9415,4,3
9416,3,3
9417,6,4
9418,7,4
9419,3,3
9420,0,3
9421,12,5
9422,16,4
9423,1,3
9424,51,3
9425,0,3
9426,1,3
9427,24,3
9428,2,3
9429,14,4
9430,47,5
9431,0,3
9432,2,3
9433,0,3
9434,12,4
9435,1,3
9436,32,3
9437,0,3
9438,0,3
9439,3,3
9440,0,3
9441,0,3
9442,0,3
9443,0,3
9444,5,3
9445,8,3
9446,24,5
9447,6,3
9448,0,3
9449,6,3
9450,18,3
9451,9,4
9452,14,4
9453,0,3
9454,3,3
9455,14,3
9456,14,3
9457,0,3
9458,3,3
9459,4,3
9460,1,3
9461,69,6
9462,9,3
9463,13,4
9464,0,3
9465,0,3
9466,13,4
9467,43,5
9468,2,3
9469,13,6
9470,10,4
9471,0,3
9472,0,3
9473,6,3
9474,15,4
9475,0,3
9476,0,3
9477,23,6
9478,17,3
9479,8,3
9480,7,3
9481,2,3
9482,8,4
9483,0,3
9484,12,4
9485,11,3
9486,24,4
9487,25,5
9488,13,3
9489,9,3
9490,16,3
9491,0,3
9492,21,5
9493,6,3
9494,0,3
9495,0,3
9496,4,3
9497,16,2
9498,41,7
9499,21,6
9500,9,4
9501,0,3
9502,0,3
9503,0,3
9504,3,3
9505,18,5
9506,1,4
9507,0,3
9508,19,3
9509,28,4
9510,0,3
9511,0,3
9512,16,5
9513,15,3
9514,0,3
9515,0,3
9516,20,4
9517,8,4
9518,3,4
9519,31,4
9520,0,3
9521,36,3
9522,8,3
9523,0,3
9524,41,5
9525,4,3
9526,5,3
9527,29,3
9528,31,3
9529,17,4
9530,0,3
9531,0,3
9532,0,3
9533,0,3
9534,15,3
9535,0,3
9536,21,4
9537,0,3
9538,8,3
9539,17,3
9540,0,3
9541,0,3
9542,0,3
9543,1,3
9544,18,1
9545,0,3
9546,31,2
9547,13,4
9548,4,3
9549,14,3
9550,1,3
9551,0,3
9552,0,3
9553,0,3
9554,0,3
9555,2,3
9556,0,3
9557,0,3
9558,1,3
9559,14,3
9560,0,3
9561,6,4
9562,45,3
9563,0,3
9564,9,3
9565,3,3
9566,0,3
9567,12,5
9568,0,3
9569,14,5
9570,4,3
9571,11,4
9572,8,3
9573,28,5
9574,35,2
9575,2,3
9576,8,5
9577,50,3
9578,17,5
9579,0,3
9580,8,3
9581,0,3
9582,1,3
9583,5,3
9584,2,3
9585,16,8
9586,0,3
9587,0,3
9588,7,3
9589,0,3
9590,36,5
9591,0,3
9592,3,3
9593,4,3
9594,14,6
9595,14,3
9596,0,3
9597,16,3
9598,0,3
9599,43,4
9600,20,5
9601,12,5
9602,0,3
9603,0,3
9604,0,3
9605,0,3
9606,5,3
9607,33,3
9608,1,4
9609,16,3
9610,10,4
9611,4,3
9612,0,3
9613,9,2
9614,3,4
9615,1,3
9616,18,3
9617,13,4
9618,1,3
9619,1,3
9620,14,3
9621,3,3
9622,14,4
9623,7,4
9624,0,3
9625,11,3
9626,0,3
9627,0,3
9628,0,3
9629,7,4
9630,7,3
9631,0,3
9632,0,3
9633,57,3
9634,12,4
9635,3,3
9636,10,4
9637,15,4
9638,0,3
9639,2,3
9640,0,3
9641,16,4
9642,6,4
9643,0,3
9644,24,5
9645,2,3
9646,0,3
9647,9,2
9648,0,3
9649,1,3
9650,1,3
9651,0,3
9652,0,3
9653,0,3
9654,1,3
9655,5,4
9656,24,4
9657,28,3
9658,1,3
9659,0,3
9660,11,3
9661,0,3
9662,20,3
9663,0,3
9664,24,4
9665,18,4
9666,0,3
9667,3,3
9668,3,3
9669,32,4
9670,1,3
9671,4,3
9672,11,3
9673,0,3
9674,0,3
9675,1,3
9676,0,3
9677,23,4
9678,0,3
9679,0,3
9680,30,9
9681,0,3
9682,0,3
9683,2,3
9684,0,3
9685,0,3
9686,0,3
9687,8,4
9688,17,4
9689,22,4
9690,37,4
9691,1,3
9692,0,3
9693,0,3
9694,0,3
9695,9,4
9696,11,4
9697,0,3
9698,14,3
9699,0,3
9700,0,3
9701,21,5
9702,5,4
9703,8,4
9704,10,3
9705,13,4
9706,4,3
9707,3,4
9708,0,3
9709,0,3
9710,5,4
9711,3,4
9712,27,4
9713,0,3
9714,20,4
9715,0,3
9716,17,3
9717,6,5
9718,4,3
9719,17,3
9720,0,3
9721,0,3
9722,19,4
9723,0,3
9724,21,4
9725,0,3
9726,24,4
9727,0,3
9728,0,3
9729,0,3
9730,0,3
9731,6,4
9732,6,3
9733,0,3
9734,14,4
9735,17,2
9736,0,3
9737,15,4
9738,8,3
9739,133,2
9740,3,3
9741,6,5
9742,0,3
9743,0,3
9744,8,4
9745,14,4
9746,8,3
9747,20,5
9748,28,4
9749,0,3
9750,3,3
9751,1,4
9752,0,3
9753,8,4
9754,4,3
9755,3,3
9756,15,3
9757,0,3
9758,0,3
9759,1,3
9760,0,3
9761,5,3
9762,6,3
9763,4,3
9764,0,3
9765,0,3
9766,10,5
9767,2,3
9768,3,3
9769,10,4
9770,44,4
9771,0,3
9772,69,6
9773,0,3
9774,0,3
9775,1,3
9776,2,3
9777,6,3
9778,30,3
9779,1,3
9780,13,4
9781,0,3
9782,2,3
9783,0,3
9784,0,3
9785,19,4
9786,6,3
9787,0,3
9788,12,3
9789,27,4
9790,0,3
9791,49,4
9792,0,3
9793,25,4
9794,0,3
9795,29,5
9796,0,3
9797,0,3
9798,1,3
9799,5,3
9800,0,3
9801,14,3
9802,12,4
9803,10,3
9804,5,3
9805,26,4
9806,26,4
9807,0,3
9808,0,3
9809,22,5
9810,0,3
9811,29,4
9812,9,4
9813,0,3
9814,0,3
9815,25,3
9816,11,5
9817,0,3
9818,40,2
9819,0,3
9820,18,3
9821,24,4
9822,9,6
9823,0,3
9824,0,3
9825,27,5
9826,0,3
9827,0,3
9828,5,3
9829,6,3
9830,8,4
9831,0,3
9832,1,3
9833,0,3
9834,0,3
9835,14,3
9836,0,3
9837,11,5
9838,0,3
9839,11,5
9840,16,4
9841,39,4
9842,0,3
9843,5,3
9844,29,4
9845,0,3
9846,16,4
9847,10,3
9848,0,3
9849,12,4
9850,0,3
9851,12,3
9852,0,3
9853,0,3
9854,0,3
9855,26,3
9856,49,3
9857,0,3
9858,0,3
9859,4,3
9860,0,3
9861,12,2
9862,5,3
9863,2,3
9864,5,3
9865,16,6
9866,0,3
9867,0,3
9868,2,3
9869,8,4
9870,69,3
9871,17,3
9872,0,3
9873,18,4
9874,2,3
9875,7,3
9876,0,3
9877,47,3
9878,6,3
9879,34,3
9880,32,3
9881,0,3
9882,34,5
9883,2,3
9884,10,3
9885,3,2
9886,19,6
9887,23,5
9888,4,3
9889,37,5
9890,1,3
9891,50,4
9892,6,3
9893,4,3
9894,5,4
9895,1,3
9896,0,3
9897,0,3
9898,9,3
9899,3,4
9900,0,3
9901,17,5
9902,3,3
9903,0,3
9904,0,3
9905,15,4
9906,0,3
9907,0,3
9908,30,5
9909,0,3
9910,0,3
9911,2,3
9912,0,3
9913,30,4
9914,0,3
9915,23,3
9916,15,4
9917,20,4
9918,0,3
9919,0,3
9920,0,3
9921,6,3
9922,0,3
9923,18,4
9924,0,3
9925,28,3
9926,0,3
9927,8,5
9928,0,3
9929,0,3
9930,23,4
9931,22,5
9932,36,3
9933,0,3
9934,0,3
9935,17,4
9936,3,5
9937,16,5
9938,1,3
9939,15,3
9940,13,3
9941,6,3
9942,0,3
9943,7,3
9944,0,3
9945,26,3
9946,3,3
9947,8,3
9948,4,3
9949,0,3
9950,19,6
9951,13,4
9952,0,3
9953,19,4
9954,0,3
9955,5,4
9956,12,3
9957,5,3
9958,5,3
9959,10,5
9960,15,4
9961,0,3
9962,0,3
9963,9,4
9964,20,4
9965,4,3
9966,0,3
9967,12,5
9968,15,4
9969,7,3
9970,1,3
9971,3,3
9972,20,3
9973,0,3
9974,14,4
9975,0,3
9976,3,3
9977,22,4
9978,0,3
9979,0,3
9980,41,4
9981,7,4
9982,0,3
9983,19,4
9984,6,3
9985,24,4
9986,0,3
9987,3,2
9988,5,3
9989,1,3
9990,32,4
9991,14,5
9992,20,4
9993,31,3
9994,0,3
9995,36,7
9996,0,3
9997,0,3
9998,22,3
9999,62,4
10000,0,3
10001,0,3
10002,3,3
10003,3,4
10004,21,3
10005,15,5
10006,0,3
10007,0,3
10008,18,5
10009,0,3
10010,35,4
10011,0,3
10012,0,3
10013,4,3
10014,28,3
10015,11,4
10016,25,4
10017,0,3
10018,0,3
10019,3,4
10020,3,3
10021,3,3
10022,0,3
10023,15,3
10024,0,3
10025,21,6
10026,3,4
10027,1,3
10028,12,4
10029,12,3
10030,30,3
10031,7,3
10032,3,3
10033,0,3
10034,0,3
10035,30,4
10036,18,4
10037,21,2
10038,0,3
10039,8,3
10040,0,3
10041,8,5
10042,13,2
10043,4,3
10044,0,3
10045,0,3
10046,3,3
10047,0,3
10048,0,3
10049,6,3
10050,1,3
10051,0,3
10052,12,3
10053,11,3
10054,0,3
10055,9,4
10056,3,3
10057,0,3
10058,4,3
10059,7,3
10060,21,4
10061,33,7
10062,0,3
10063,0,3
10064,18,3
10065,0,3
10066,9,3
10067,0,3
10068,3,3
10069,0,3
10070,0,3
10071,0,3
10072,4,3
10073,0,3
10074,1,3
10075,0,3
10076,0,3
10077,6,3
10078,10,4
10079,2,3
10080,8,3
10081,0,3
10082,4,3
10083,0,3
10084,47,4
10085,24,4
10086,0,3
10087,0,3
10088,14,4
10089,1,3
10090,0,3
10091,10,5
10092,36,4
10093,0,3
10094,3,3
10095,2,3
10096,31,7
10097,14,5
10098,20,1
10099,23,3
10100,9,3
10101,2,3
10102,25,7
10103,5,4
10104,16,5
10105,1,3
10106,1,3
10107,1,3
10108,5,4
10109,10,4
10110,25,4
10111,0,3
10112,0,3
10113,5,4
10114,0,3
10115,6,2
10116,0,3
10117,1,3
10118,0,3
10119,27,2
10120,1,3
10121,0,3
10122,0,3
10123,0,3
10124,9,3
10125,10,4
10126,0,3
10127,12,5
10128,31,3
10129,29,3
10130,14,5
10131,2,3
10132,18,3
10133,0,3
10134,39,3
10135,8,4
10136,8,3
10137,0,3
10138,18,3
10139,9,3
10140,1,3
10141,5,3
10142,4,3
10143,20,3
10144,34,4
10145,19,3
10146,13,4
10147,18,5
10148,28,4
10149,1,3
10150,9,4
10151,17,3
10152,0,3
10153,0,3
10154,0,3
10155,0,3
10156,0,3
10157,0,3
10158,13,3
10159,21,3
10160,0,3
10161,19,4
10162,0,3
10163,0,3
10164,0,3
10165,25,4
10166,0,3
10167,35,3
10168,0,3
10169,5,5
10170,0,3
10171,0,3
10172,0,3
10173,0,3
10174,0,3
10175,12,4
10176,24,3
10177,0,3
10178,14,4
10179,0,3
10180,0,3
10181,16,3
10182,0,3
10183,41,4
10184,0,3
10185,5,2
10186,0,3
10187,17,4
10188,0,3
10189,7,3
10190,0,3
10191,9,3
10192,13,6
10193,8,3
10194,1,3
10195,27,3
10196,8,3
10197,14,3
10198,9,3
10199,2,3
10200,4,5
10201,0,3
10202,15,3
10203,45,7
10204,13,6
10205,8,3
10206,0,3
10207,0,3
10208,12,4
10209,1,3
10210,5,3
10211,48,5
10212,22,5
10213,5,4
10214,0,3
10215,16,4
10216,7,4
10217,0,3
10218,0,3
10219,5,3
10220,31,5
10221,0,3
10222,8,3
10223,1,3
10224,29,3
10225,4,3
10226,28,4
10227,7,3
10228,9,3
10229,22,3
10230,1,3
10231,0,3
10232,3,3
10233,26,3
10234,4,3
10235,17,5
10236,49,3
10237,14,4
10238,0,3
10239,14,4
10240,4,3
10241,0,3
10242,3,3
10243,0,3
10244,8,4
10245,56,4
10246,0,3
10247,0,3
10248,24,3
10249,18,3
10250,21,3
10251,0,3
10252,1,3
10253,0,3
10254,32,4
10255,1,3
10256,2,3
10257,32,6
10258,2,3
10259,14,3
10260,30,4
10261,0,3
10262,0,3
10263,0,3
10264,5,4
10265,0,3
10266,0,3
10267,34,4
10268,11,5
10269,0,3
10270,29,5
10271,10,4
10272,0,3
10273,13,3
10274,0,3
10275,0,3
10276,23,5
10277,41,5
10278,0,3
10279,14,5
10280,7,5
10281,26,5
10282,15,6
10283,9,3
10284,17,4
10285,19,5
10286,0,3
10287,7,4
10288,0,3
10289,14,3
10290,21,3
10291,0,3
10292,0,3
10293,0,3
10294,7,3
10295,15,4
10296,11,5
10297,33,5
10298,20,4
10299,10,3
10300,10,4
10301,0,3
10302,0,3
10303,2,3
10304,1,3
10305,0,3
10306,44,2
10307,27,5
10308,0,3
10309,10,3
10310,0,3
10311,3,3
10312,1,3
10313,8,3
10314,26,5
10315,40,8
10316,0,3
10317,31,3
10318,0,3
10319,11,3
10320,0,3
10321,13,5
10322,10,4
10323,0,3
10324,5,3
10325,0,3
10326,37,4
10327,0,3
10328,0,3
10329,8,4
10330,2,3
10331,0,3
10332,0,3
10333,43,4
10334,0,3
10335,0,3
10336,0,3
10337,11,4
10338,5,3
10339,1,3
10340,0,3
10341,0,3
10342,0,3
10343,28,4
10344,0,3
10345,0,3
10346,0,3
10347,6,3
10348,5,3
10349,20,3
10350,55,4
10351,13,4
10352,8,3
10353,0,3
10354,6,3
10355,17,2
10356,0,3
10357,13,3
10358,4,3
10359,7,3
10360,12,4
10361,0,3
10362,2,3
10363,11,3
10364,14,5
10365,0,3
10366,31,4
10367,0,3
10368,13,3
10369,6,3
10370,3,3
10371,8,4
10372,0,3
10373,20,3
10374,0,3
10375,0,3
10376,23,4
10377,16,3
10378,0,3
10379,8,4
10380,6,4
10381,5,3
10382,0,3
10383,13,3
10384,0,3
10385,9,5
10386,11,4
10387,0,3
10388,0,3
10389,0,3
10390,21,4
10391,5,3
10392,4,3
10393,2,3
10394,21,3
10395,0,3
10396,7,4
10397,49,4
10398,6,3
10399,0,3
10400,5,3
10401,0,3
10402,0,3
10403,23,4
10404,20,4
10405,0,3
10406,6,4
10407,0,3
10408,0,3
10409,0,3
10410,1,3
10411,11,4
10412,0,3
10413,1,3
10414,0,3
10415,0,3
10416,0,3
10417,12,3
10418,0,3
10419,2,3
10420,15,4
10421,9,4
10422,9,4
10423,29,4
10424,0,3
10425,20,5
10426,14,4
10427,8,3
10428,3,3
10429,0,3
10430,0,3
10431,0,3
10432,1,3
10433,0,3
10434,5,5
10435,8,3
10436,7,3
10437,0,3
10438,0,3
10439,10,3
10440,25,3
10441,25,5
10442,11,3
10443,2,5
10444,0,3
10445,0,3
10446,6,3
10447,43,4
10448,28,3
10449,6,3
10450,7,3
10451,27,4
10452,0,3
10453,41,7
10454,11,2
10455,41,4
10456,9,3
10457,16,3
10458,45,5
10459,0,3
10460,34,3
10461,40,4
10462,8,3
10463,8,4
10464,5,3
10465,6,4
10466,3,3
10467,0,3
10468,9,5
10469,6,3
10470,0,3
10471,1,3
10472,0,3
10473,69,4
10474,13,5
10475,0,3
10476,20,6
10477,13,2
10478,31,6
10479,28,6
10480,3,3
10481,59,4
10482,0,3
10483,16,5
10484,0,3
10485,0,3
10486,15,5
10487,24,4
10488,26,4
10489,0,3
10490,14,5
10491,0,3
10492,24,4
10493,0,3
10494,0,3
10495,10,4
10496,0,3
10497,0,3
10498,16,4
10499,0,3
10500,5,3
10501,22,3
10502,18,5
10503,6,3
10504,26,5
10505,2,4
10506,0,3
10507,99,6
10508,13,4
10509,0,3
10510,24,5
10511,2,3
10512,0,3
10513,1,3
10514,0,3
10515,0,3
10516,6,4
10517,11,4
10518,5,3
10519,9,4
10520,0,3
10521,4,3
10522,0,3
10523,0,3
10524,9,3
10525,5,3
10526,27,4
10527,0,3
10528,0,3
10529,1,4
10530,34,3
10531,4,3
10532,5,3
10533,21,3
10534,4,3
10535,0,3
10536,61,5
10537,1,3
10538,0,3
10539,46,6
10540,0,3
10541,0,3
10542,4,4
10543,9,3
10544,6,3
10545,1,3
10546,0,3
10547,0,3
10548,4,3
10549,3,3
10550,0,3
10551,30,4
10552,0,3
10553,7,4
10554,0,3
10555,10,3
10556,0,3
10557,3,3
10558,21,4
10559,0,3
10560,0,3
10561,14,5
10562,18,3
10563,0,3
10564,67,4
10565,0,3
10566,22,4
10567,13,3
10568,1,3
10569,0,3
10570,0,3
10571,6,3
10572,9,3
10573,0,3
10574,1,3
10575,23,3
10576,0,3
10577,0,3
10578,0,3
10579,3,3
10580,0,3
10581,12,2
10582,18,4
10583,0,3
10584,45,3
10585,0,3
10586,18,4
10587,1,3
10588,0,3
10589,0,3
10590,0,3
10591,25,5
10592,29,3
10593,16,5
10594,17,4
10595,59,4
10596,31,4
10597,3,3
10598,0,3
10599,0,3
10600,31,5
10601,41,4
10602,0,3
10603,3,4
10604,0,3
10605,0,3
10606,6,2
10607,0,3
10608,15,4
10609,0,3
10610,0,3
10611,2,3
10612,0,3
10613,29,5
10614,0,3
10615,0,3
10616,0,3
10617,12,3
10618,0,3
10619,11,3
10620,38,4
10621,107,4
10622,0,3
10623,0,3
10624,5,5
10625,23,6
10626,3,3
10627,0,3
10628,5,3
10629,25,4
10630,5,5
10631,0,3
10632,0,3
10633,20,6
10634,10,3
10635,18,7
10636,0,3
10637,17,5
10638,1,3
10639,16,3
10640,18,4
10641,0,3
10642,0,3
10643,5,4
10644,15,4
10645,0,3
10646,1,3
10647,8,4
10648,12,4
10649,1,3
10650,0,3
10651,5,3
10652,9,3
10653,0,3
10654,12,3
10655,41,3
10656,24,4
10657,9,3
10658,8,3
10659,0,3
10660,8,3
10661,0,3
10662,23,5
10663,0,3
10664,3,4
10665,11,3
10666,0,3
10667,0,3
10668,32,5
10669,1,3
10670,11,3
10671,0,3
10672,0,3
10673,32,4
10674,0,3
10675,8,5
10676,7,4
10677,15,6
10678,0,3
10679,0,3
10680,7,3
10681,36,6
10682,12,3
10683,4,4
10684,4,3
10685,14,3
10686,19,4
10687,0,3
10688,0,3
10689,6,3
10690,1,3
10691,0,3
10692,0,3
10693,1,3
10694,0,3
10695,3,3
10696,0,3
10697,0,3
10698,0,3
10699,4,3
10700,0,3
10701,15,6
10702,2,3
10703,0,3
10704,22,5
10705,7,3
10706,9,4
10707,26,3
10708,0,3
10709,0,3
10710,1,3
10711,16,4
10712,1,3
10713,20,5
10714,5,3
10715,6,3
10716,0,3
10717,5,4
10718,17,4
10719,0,3
10720,8,4
10721,0,3
10722,3,3
10723,7,3
10724,0,3
10725,4,3
10726,26,4
10727,0,3
10728,7,3
10729,35,4
10730,20,4
10731,14,3
10732,4,3
10733,0,3
10734,10,3
10735,8,3
10736,28,4
10737,0,3
10738,4,3
10739,11,4
10740,28,4
10741,29,6
10742,0,3
10743,3,4
10744,11,3
10745,0,3
10746,0,3
10747,0,3
10748,0,3
10749,0,3
10750,0,3
10751,0,3
10752,0,3
10753,14,5
10754,22,4
10755,7,3
10756,3,3
10757,0,3
10758,0,3
10759,8,4
10760,0,3
10761,0,3
10762,40,5
10763,11,4
10764,29,5
10765,9,3
10766,0,3
10767,0,3
10768,12,4
10769,11,4
10770,0,3
10771,3,3
10772,19,4
10773,2,3
10774,0,3
10775,33,5
10776,2,3
10777,9,4
10778,2,3
10779,7,3
10780,6,2
10781,3,3
10782,18,3
10783,0,3
10784,20,6
10785,2,3
10786,2,3
10787,9,4
10788,17,4
10789,0,3
10790,6,3
10791,0,3
10792,1,3
10793,0,3
10794,1,3
10795,1,3
10796,0,3
10797,33,3
10798,4,3
10799,13,5
10800,33,3
10801,0,3
10802,0,3
10803,1,3
10804,0,3
10805,22,5
10806,1,3
10807,54,6
10808,1,3
10809,19,5
10810,11,4
10811,12,3
10812,0,3
10813,16,5
10814,1,3
10815,0,3
10816,6,3
10817,1,4
10818,0,3
10819,2,3
10820,3,3
10821,0,3
10822,11,3
10823,33,4
10824,0,3
10825,14,3
10826,11,4
10827,13,4
10828,18,4
10829,6,4
10830,20,4
10831,20,4
10832,7,4
10833,1,4
10834,14,3
10835,0,3
10836,0,3
10837,1,3
10838,0,3
10839,9,4
10840,0,3
10841,4,4
10842,22,2
10843,11,4
10844,7,4
10845,22,4
10846,22,3
10847,1,3
10848,21,4
10849,16,3
10850,0,3
10851,6,3
10852,10,4
10853,0,3
10854,3,3
10855,4,4
10856,4,3
10857,2,3
10858,0,3
10859,14,4
10860,16,4
10861,0,3
10862,0,3
10863,8,3
10864,15,4
10865,34,3
10866,21,4
10867,18,5
10868,0,3
10869,3,3
10870,1,3
10871,6,3
10872,0,3
10873,32,4
10874,17,5
10875,0,3
10876,39,5
10877,0,3
10878,29,5
10879,9,2
10880,0,3
10881,15,4
10882,17,3
10883,2,3
10884,56,4
10885,0,3
10886,0,3
10887,0,3
10888,2,3
10889,5,3
10890,16,5
10891,0,3
10892,0,3
10893,1,3
10894,0,3
10895,28,5
10896,0,3
10897,34,5
10898,35,4
10899,4,3
10900,0,3
10901,26,4
10902,14,5
10903,0,3
10904,3,3
10905,1,3
10906,15,5
10907,8,4
10908,0,3
10909,4,4
10910,3,3
10911,2,3
10912,5,3
10913,6,3
10914,0,3
10915,16,3
10916,2,3
10917,2,3
10918,22,5
10919,29,5
10920,22,4
10921,20,4
10922,13,3
10923,16,4
10924,0,3
10925,30,5
10926,12,4
10927,9,4
10928,3,4
10929,22,4
10930,0,3
10931,0,3
10932,32,5
10933,1,3
10934,0,3
10935,0,3
10936,33,4
10937,0,3
10938,10,4
10939,0,3
10940,36,3
10941,0,3
10942,0,3
10943,0,3
10944,4,3
10945,17,5
10946,0,3
10947,15,3
10948,0,3
10949,0,3
10950,2,3
10951,24,4
10952,0,3
10953,0,3
10954,0,3
10955,63,3
10956,15,4
10957,6,5
10958,3,3
10959,17,5
10960,35,5
10961,7,2
10962,0,3
10963,13,4
10964,10,3
10965,40,6
10966,12,4
10967,0,3
10968,5,2
10969,5,3
10970,123,7
10971,44,6
10972,0,3
10973,0,3
10974,61,5
10975,0,3
10976,7,4
10977,0,3
10978,9,5
10979,3,3
10980,0,3
10981,13,3
10982,0,3
10983,0,3
10984,29,4
10985,0,3
10986,9,3
10987,7,3
10988,4,3
10989,0,3
10990,18,5
10991,0,3
10992,0,3
10993,39,4
10994,0,3
10995,39,5
10996,1,3
10997,0,3
10998,0,3
10999,5,3
11000,9,4
11001,0,3
11002,0,3
11003,30,4
11004,0,3
11005,20,4
11006,6,3
11007,0,3
11008,11,3
11009,1,3
11010,8,4
11011,42,2
11012,0,3
11013,16,3
11014,0,3
11015,1,3
11016,1,3
11017,0,3
11018,7,5
11019,21,4
11020,0,3
11021,28,1
11022,15,7
11023,0,3
11024,12,4
11025,7,3
11026,37,1
11027,39,3
11028,2,3
11029,35,4
11030,20,2
11031,8,3
11032,15,4
11033,0,3
11034,12,5
11035,25,5
11036,5,3
11037,1,3
11038,26,4
11039,8,3
11040,10,4
11041,28,4
11042,27,4
11043,0,3
11044,43,4
11045,38,8
11046,16,4
11047,0,3
11048,0,3
11049,1,3
11050,21,5
11051,0,3
11052,7,3
11053,6,3
11054,0,3
11055,21,4
11056,0,3
11057,73,4
11058,0,3
11059,0,3
11060,0,3
11061,0,3
11062,5,3
11063,3,3
11064,46,4
11065,4,3
11066,0,3
11067,9,3
11068,24,6
11069,0,3
11070,0,3
11071,18,4
11072,0,3
11073,18,4
11074,26,3
11075,15,5
11076,17,5
11077,3,5
11078,0,3
11079,67,4
11080,11,3
11081,15,4
11082,22,3
11083,0,3
11084,3,4
11085,0,3
11086,30,4
11087,14,5
11088,0,3
11089,41,4
11090,1,3
11091,16,4
11092,0,3
11093,8,3
11094,21,4
11095,25,4
11096,26,4
11097,3,3
11098,1,3
11099,0,3
11100,1,3
11101,0,3
11102,27,4
11103,0,3
11104,0,3
11105,0,3
11106,11,3
11107,6,3
11108,0,3
11109,0,3
11110,0,3
11111,0,3
11112,19,3
11113,0,3
11114,0,3
11115,14,4
11116,1,3
11117,57,3
11118,24,5
11119,0,3
11120,61,5
11121,0,3
11122,13,4
11123,12,4
11124,21,4
11125,14,3
11126,24,6
11127,9,3
11128,0,3
11129,10,3
11130,77,6
11131,34,4
11132,11,4
11133,0,3
11134,2,3
11135,2,3
11136,33,5
11137,0,3
11138,6,4
11139,14,4
11140,18,3
11141,0,3
11142,12,6
11143,9,3
11144,0,3
11145,8,3
11146,5,3
11147,0,3
11148,21,4
11149,46,5
11150,0,3
11151,0,3
11152,36,5
11153,0,3
11154,0,3
11155,0,3
11156,34,3
11157,0,3
11158,14,3
11159,2,3
11160,0,3
11161,0,3
11162,0,3
11163,1,3
11164,0,3
11165,0,3
11166,19,4
11167,2,3
11168,0,3
11169,0,3
11170,0,3
11171,0,3
11172,20,6
11173,4,4
11174,0,3
11175,2,3
11176,2,3
11177,0,3
11178,26,4
11179,7,3
11180,1,3
11181,0,3
11182,0,3
11183,0,3
11184,19,4
11185,13,3
11186,0,3
11187,0,3
11188,5,3
11189,0,3
11190,0,3
11191,0,3
11192,0,3
11193,13,4
11194,0,3
11195,43,7
11196,0,3
11197,24,5
11198,28,4
11199,8,3
11200,2,3
11201,1,3
11202,5,3
11203,0,3
11204,0,3
11205,20,6
11206,15,3
11207,19,3
11208,13,4
11209,27,6
11210,8,3
11211,0,3
11212,21,4
11213,11,4
11214,28,6
11215,21,3
11216,2,3
11217,40,4
11218,6,4
11219,0,3
11220,44,4
11221,4,3
11222,0,3
11223,19,4
11224,66,5
11225,40,5
11226,15,4
11227,0,3
11228,23,4
11229,9,4
11230,1,3
11231,26,5
11232,9,3
11233,3,3
11234,0,3
11235,30,3
11236,9,3
11237,12,4
11238,1,3
11239,8,3
11240,0,3
11241,0,3
11242,34,5
11243,3,3
11244,9,3
11245,22,7
11246,6,3
11247,14,4
11248,10,4
11249,26,6
11250,0,3
11251,17,3
11252,3,3
11253,26,6
11254,10,3
11255,0,3
11256,22,3
11257,12,4
11258,0,3
11259,14,3
11260,41,4
11261,25,5
11262,0,3
11263,28,5
11264,14,4
11265,2,3
11266,0,3
11267,10,4
11268,39,6
11269,12,4
11270,2,3
11271,58,2
11272,67,4
11273,9,4
11274,1,3
11275,40,4
11276,3,3
11277,16,4
11278,0,3
11279,24,3
11280,26,1
11281,24,5
11282,3,4
11283,27,7
11284,0,3
11285,0,3
11286,0,3
11287,0,3
11288,39,7
11289,0,3
11290,1,3
11291,5,3
11292,0,3
11293,0,3
11294,31,4
11295,1,3
11296,12,5
11297,0,3
11298,5,3
11299,0,3
11300,0,3
11301,2,3
11302,2,3
11303,0,3
11304,7,4
11305,0,3
11306,5,3
11307,0,3
11308,13,3
11309,16,5
11310,0,3
11311,1,3
11312,2,3
11313,1,3
11314,31,5
11315,0,3
11316,0,3
11317,9,4
11318,17,3
11319,38,3
11320,4,3
11321,4,3
11322,28,5
11323,1,3
11324,0,3
11325,0,3
11326,12,5
11327,1,3
11328,1,3
11329,18,5
11330,1,3
11331,1,3
11332,0,3
11333,0,3
11334,0,3
11335,1,3
11336,9,2
11337,0,3
11338,0,3
11339,0,3
11340,39,4
11341,14,3
11342,40,5
11343,0,3
11344,13,4
11345,0,3
11346,0,3
11347,0,3
11348,0,3
11349,0,3
11350,0,3
11351,0,3
11352,42,9
11353,54,3
11354,23,3
11355,5,5
11356,21,3
11357,0,3
11358,1,3
11359,0,3
11360,2,3
11361,20,3
11362,28,4
11363,34,8
11364,4,3
11365,24,4
11366,8,3
11367,25,6
11368,8,3
11369,0,3
11370,0,3
11371,33,3
11372,0,3
11373,15,3
11374,9,3
11375,0,3
11376,35,5
11377,18,4
11378,0,3
11379,0,3
11380,0,3
11381,20,5
11382,2,3
11383,26,4
11384,15,3
11385,0,3
11386,0,3
11387,0,3
11388,7,3
11389,25,5
11390,2,3
11391,9,3
11392,0,3
11393,1,3
11394,17,4
11395,0,3
11396,34,5
11397,12,4
11398,23,3
11399,0,3
11400,31,4
11401,14,3
11402,40,7
11403,30,3
11404,10,5
11405,14,5
11406,3,2
11407,0,3
11408,0,3
11409,0,3
11410,5,4
11411,24,3
11412,9,3
11413,1,3
11414,5,3
11415,27,6
11416,3,3
11417,1,3
11418,7,4
11419,0,3
11420,3,4
11421,2,3
11422,0,3
11423,0,3
11424,33,6
11425,2,3
11426,29,4
11427,28,4
11428,1,3
11429,10,3
11430,10,4
11431,0,3
11432,15,5
11433,10,4
11434,54,7
11435,0,3
11436,0,3
11437,16,4
11438,11,4
11439,37,5
11440,16,3
11441,0,3
11442,31,6
11443,19,4
11444,0,3
11445,6,4
11446,14,3
11447,17,3
11448,2,3
11449,6,3
11450,18,4
11451,0,3
11452,4,4
11453,10,3
11454,32,3
11455,0,3
11456,21,5
11457,16,6
11458,5,4
11459,12,3
11460,0,3
11461,0,3
11462,4,4
11463,14,3
11464,0,3
11465,0,3
11466,0,3
11467,0,3
11468,39,4
11469,11,4
11470,0,3
11471,5,3
11472,5,3
11473,24,5
11474,0,3
11475,32,3
11476,0,3
11477,3,3
11478,0,3
11479,19,6
11480,14,4
11481,1,3
11482,0,3
11483,12,3
11484,4,3
11485,68,4
11486,1,3
11487,8,3
11488,0,3
11489,0,3
11490,8,3
11491,20,3
11492,11,4
11493,6,3
11494,0,3
11495,12,5
11496,0,3
11497,85,3
11498,12,4
11499,0,3
11500,7,3
11501,0,3
11502,38,5
11503,5,3
11504,63,6
11505,8,3
11506,6,4
11507,14,3
11508,12,5
11509,30,4
11510,21,7
11511,5,3
11512,0,3
11513,15,5
11514,22,5
11515,0,3
11516,6,3
11517,29,4
11518,28,4
11519,0,3
11520,0,3
11521,0,3
11522,26,5
11523,15,5
11524,7,4
11525,20,5
11526,17,5
11527,44,5
11528,51,4
11529,7,4
11530,0,3
11531,16,3
11532,22,4
11533,0,3
11534,0,3
11535,2,3
11536,0,3
11537,0,3
11538,3,3
11539,30,4
11540,6,4
11541,0,3
11542,23,5
11543,41,5
11544,9,3
11545,0,3
11546,0,3
11547,2,4
11548,10,5
11549,8,3
11550,0,3
11551,24,5
11552,15,4
11553,7,3
11554,0,3
11555,28,5
11556,0,3
11557,1,3
11558,26,5
11559,1,3
11560,8,4
11561,0,3
11562,34,3
11563,26,5
11564,0,3
11565,5,4
11566,3,3
11567,22,3
11568,35,5
11569,3,3
11570,1,3
11571,31,3
11572,0,3
11573,44,3
11574,0,3
11575,0,3
11576,34,4
11577,9,4
11578,0,3
11579,5,3
11580,34,4
11581,11,3
11582,1,3
11583,28,4
11584,0,3
11585,28,6
11586,0,3
11587,14,4
11588,15,4
11589,25,3
11590,28,3
11591,0,3
11592,32,4
11593,3,3
11594,0,3
11595,0,3
11596,0,3
11597,0,3
11598,19,5
11599,0,3
11600,0,3
11601,8,2
11602,30,6
11603,0,3
11604,4,4
11605,9,3
11606,8,5
11607,0,3
11608,0,3
11609,8,4
11610,4,3
11611,0,3
11612,10,5
11613,15,5
11614,0,3
11615,21,3
11616,0,3
11617,21,6
11618,0,3
11619,16,3
11620,0,3
11621,0,3
11622,0,3
11623,16,3
11624,0,3
11625,28,5
11626,17,3
11627,23,6
11628,15,3
11629,0,3
11630,4,4
11631,41,5
11632,16,5
11633,5,3
11634,39,7
11635,32,4
11636,17,3
11637,13,5
11638,0,3
11639,0,3
11640,0,3
11641,2,3
11642,12,5
11643,3,3
11644,2,3
11645,0,3
11646,1,3
11647,72,2
11648,0,3
11649,19,3
11650,9,3
11651,33,5
11652,0,3
11653,0,3
11654,4,5
11655,7,3
11656,21,3
11657,20,3
11658,19,4
11659,0,3
11660,15,6
11661,0,3
11662,1,3
11663,28,5
11664,0,3
11665,13,4
11666,0,3
11667,5,2
11668,16,4
11669,1,3
11670,4,3
11671,23,3
11672,55,3
11673,0,3
11674,1,3
11675,62,3
11676,0,3
11677,20,4
11678,3,3
11679,29,5
11680,0,3
11681,15,5
11682,4,3
11683,32,4
11684,3,3
11685,15,4
11686,28,4
11687,0,3
11688,3,3
11689,0,3
11690,0,3
11691,3,3
11692,0,3
11693,44,5
11694,8,4
11695,21,5
11696,8,4
11697,5,3
11698,6,3
11699,0,3
11700,7,4
11701,0,3
11702,10,4
11703,22,6
11704,4,3
11705,0,3
11706,11,4
11707,29,5
11708,1,3
11709,0,3
11710,3,3
11711,0,3
11712,5,3
11713,0,3
11714,35,3
11715,39,2
11716,0,3
11717,0,3
11718,27,4
11719,0,3
11720,0,3
11721,0,3
11722,0,3
11723,4,3
11724,0,3
11725,15,3
11726,5,3
11727,17,5
11728,1,3
11729,46,4
11730,9,3
11731,73,3
11732,0,3
11733,27,5
11734,9,4
11735,42,3
11736,0,3
11737,6,3
11738,0,3
11739,1,3
11740,44,3
11741,0,3
11742,2,3
11743,0,3
11744,30,3
11745,9,4
11746,4,3
11747,0,3
11748,14,4
11749,0,3
11750,15,4
11751,0,3
11752,0,3
11753,0,3
11754,20,4
11755,8,5
11756,0,3
11757,0,3
11758,0,3
11759,26,3
11760,15,4
11761,1,3
11762,0,3
11763,16,5
11764,11,3
11765,0,3
11766,1,3
11767,27,4
11768,0,3
11769,20,4
11770,13,4
11771,0,3
11772,13,4
11773,0,3
11774,26,5
11775,20,4
11776,0,3
11777,3,3
11778,0,3
11779,17,4
11780,52,6
11781,0,3
11782,3,3
11783,3,3
11784,2,3
11785,0,3
11786,0,3
11787,38,5
11788,1,3
11789,0,3
11790,0,3
11791,0,3
11792,59,8
11793,0,3
11794,55,5
11795,36,3
11796,44,4
11797,2,3
11798,2,3
11799,0,3
11800,15,4
11801,6,4
11802,1,3
11803,68,4
11804,0,3
11805,0,3
11806,3,3
11807,0,3
11808,1,3
11809,1,3
11810,0,3
11811,6,4
11812,0,3
11813,34,4
11814,0,3
11815,16,4
11816,18,4
11817,9,3
11818,0,3
11819,9,3
11820,0,3
11821,5,5
11822,0,3
11823,9,3
11824,0,3
11825,13,6
11826,0,3
11827,0,3
11828,0,3
11829,1,3
11830,5,4
11831,65,5
11832,4,4
11833,0,3
11834,7,3
11835,51,4
11836,0,3
11837,0,3
11838,2,3
11839,0,3
11840,14,4
11841,17,4
11842,6,3
11843,2,3
11844,0,3
11845,13,5
11846,0,3
11847,4,3
11848,28,5
11849,0,3
11850,9,5
11851,0,3
11852,34,3
11853,0,3
11854,8,3
11855,8,3
11856,64,3
11857,0,3
11858,0,3
11859,0,3
11860,1,3
11861,76,6
11862,51,7
11863,0,3
11864,0,3
11865,0,3
11866,6,3
11867,1,3
11868,0,3
11869,12,3
11870,36,3
11871,20,5
11872,13,4
11873,0,3
11874,0,3
11875,0,3
11876,26,3
11877,7,3
11878,2,3
11879,23,3
11880,58,3
11881,15,3
11882,0,3
11883,1,3
11884,0,3
11885,0,3
11886,0,3
11887,17,4
11888,0,3
11889,3,3
11890,16,3
11891,26,4
11892,7,3
11893,1,3
11894,0,3
11895,0,3
11896,44,6
11897,8,4
11898,15,5
11899,20,4
11900,23,4
11901,1,3
11902,8,4
11903,2,3
11904,2,3
11905,11,3
11906,65,5
11907,2,3
11908,43,4
11909,0,3
11910,39,3
11911,0,3
11912,0,3
11913,42,4
11914,26,4
11915,6,3
11916,3,3
11917,0,3
11918,2,3
11919,13,4
11920,0,3
11921,0,3
11922,38,4
11923,0,3
11924,25,5
11925,15,4
11926,0,3
11927,1,3
11928,8,4
11929,1,2
11930,88,6
11931,0,3
11932,0,3
11933,12,4
11934,0,3
11935,0,3
11936,2,3
11937,70,5
11938,4,3
11939,10,3
11940,2,3
11941,40,5
11942,4,3
11943,16,4
11944,5,3
11945,10,4
11946,0,3
11947,2,3
11948,0,3
11949,59,3
11950,10,4
11951,24,6
11952,29,4
11953,0,3
11954,16,5
11955,5,5
11956,0,3
11957,21,3
11958,6,4
11959,0,3
11960,1,3
11961,36,4
11962,18,3
11963,1,3
11964,7,3
11965,0,3
11966,11,4
11967,30,3
11968,46,5
11969,7,3
11970,0,3
11971,0,3
11972,1,3
11973,5,3
11974,41,4
11975,72,8
11976,30,6
11977,21,5
11978,30,3
11979,0,3
11980,0,3
11981,15,7
11982,15,4
11983,0,3
11984,0,3
11985,0,3
11986,27,7
11987,4,4
11988,0,3
11989,0,3
11990,11,4
11991,0,3
11992,4,4
11993,45,7
11994,0,3
11995,7,3
11996,18,3
11997,2,3
11998,0,3
11999,20,3
12000,55,5
12001,0,3
12002,31,7
12003,23,4
12004,0,3
12005,6,4
12006,19,5
12007,1,3
12008,10,4
12009,79,6
12010,15,3
12011,33,5
12012,8,4
12013,0,3
12014,25,3
12015,0,3
12016,13,4
12017,0,3
12018,26,3
12019,7,4
12020,0,3
12021,0,3
12022,6,3
12023,11,5
12024,0,3
12025,57,5
12026,46,3
12027,29,6
12028,51,4
12029,0,3
12030,0,3
12031,40,3
12032,0,3
12033,13,3
12034,12,4
12035,8,3
12036,0,3
12037,9,3
12038,52,2
12039,0,3
12040,0,3
12041,10,5
12042,25,7
12043,7,5
12044,18,5
12045,13,5
12046,0,3
12047,9,3
12048,9,4
12049,8,3
12050,0,3
12051,14,3
12052,0,3
12053,4,3
12054,0,3
12055,1,3
12056,0,3
12057,1,3
12058,19,5
12059,4,3
12060,0,3
12061,32,4
12062,64,5
12063,15,3
12064,36,6
12065,20,3
12066,30,3
12067,0,3
12068,0,3
12069,2,3
12070,0,3
12071,0,3
12072,1,3
12073,27,7
12074,23,3
12075,50,6
12076,33,5
12077,0,3
12078,0,3
12079,0,3
12080,6,2
12081,0,3
12082,0,3
12083,0,3
12084,0,3
12085,0,3
12086,3,3
12087,0,3
12088,2,3
12089,12,2
12090,16,4
12091,0,3
12092,1,3
12093,24,5
12094,45,3
12095,0,3
12096,0,3
12097,0,3
12098,0,3
12099,18,4
12100,7,2
12101,3,4
12102,0,3
12103,1,3
12104,0,3
12105,39,4
12106,0,3
12107,0,3
12108,0,3
12109,10,4
12110,34,3
12111,2,4
12112,20,4
12113,12,5
12114,27,4
12115,4,3
12116,9,4
12117,4,3
12118,8,3
12119,24,6
12120,24,4
12121,0,3
12122,31,5
12123,65,4
12124,0,3
12125,0,3
12126,0,3
12127,27,3
12128,0,3
12129,3,3
12130,0,3
12131,0,3
12132,18,3
12133,4,3
12134,29,4
12135,0,3
12136,0,3
12137,8,3
12138,51,1
12139,1,3
12140,55,6
12141,7,3
12142,50,4
12143,48,5
12144,1,3
12145,0,3
12146,37,4
12147,5,4
12148,16,4
12149,5,4
12150,0,3
12151,3,4
12152,0,3
12153,2,3
12154,16,3
12155,0,3
12156,20,4
12157,6,3
12158,0,3
12159,11,4
12160,5,4
12161,1,3
12162,19,4
12163,0,3
12164,0,3
12165,0,3
12166,8,4
12167,6,3
12168,0,3
12169,19,5
12170,0,3
12171,1,3
12172,0,3
12173,51,6
12174,50,5
12175,48,3
12176,15,4
12177,33,3
12178,0,3
12179,0,3
12180,1,3
12181,6,3
12182,3,3
12183,0,3
12184,8,4
12185,23,2
12186,0,3
12187,0,3
12188,12,4
12189,0,3
12190,18,4
12191,0,3
12192,5,4
12193,57,4
12194,0,3
12195,1,3
12196,0,3
12197,6,4
12198,17,4
12199,0,3
12200,2,3
12201,0,3
12202,1,3
12203,1,4
12204,7,4
12205,3,3
12206,0,3
12207,6,3
12208,0,3
12209,0,3
12210,0,3
12211,1,3
12212,5,3
12213,14,3
12214,0,3
12215,20,4
12216,14,4
12217,7,4
12218,17,3
12219,0,3
12220,1,3
12221,5,3
12222,9,4
12223,6,5
12224,52,2
12225,23,3
12226,0,3
12227,2,3
12228,0,3
12229,12,4
12230,0,3
12231,7,3
12232,0,3
12233,5,3
12234,15,4
12235,8,4
12236,5,4
12237,16,6
12238,0,3
12239,62,5
12240,25,4
12241,0,3
12242,0,3
12243,0,3
12244,3,3
12245,4,3
12246,53,7
12247,1,3
12248,3,3
12249,0,3
12250,8,3
12251,0,3
12252,0,3
12253,0,3
12254,0,3
12255,21,4
12256,13,4
12257,0,3
12258,0,3
12259,68,4
12260,13,3
12261,1,3
12262,10,3
12263,23,4
12264,15,4
12265,5,3
12266,10,3
12267,31,4
12268,4,3
12269,19,5
12270,31,10
12271,30,4
12272,63,4
12273,0,3
12274,30,4
12275,4,3
12276,1,3
12277,16,4
12278,4,3
12279,4,4
12280,16,4
12281,0,3
12282,11,4
12283,16,3
12284,12,3
12285,9,3
12286,5,3
12287,24,4
12288,9,6
12289,2,3
12290,3,3
12291,8,3
12292,13,4
12293,0,3
12294,3,3
12295,0,3
12296,62,7
12297,14,3
12298,42,5
12299,20,5
12300,0,3
12301,0,3
12302,29,5
12303,7,5
12304,0,3
12305,15,5
12306,8,3
12307,0,3
12308,24,4
12309,20,4
12310,7,1
12311,1,3
12312,0,3
12313,23,5
12314,0,3
12315,36,8
12316,39,6
12317,9,4
12318,27,3
12319,0,3
12320,20,3
12321,0,3
12322,36,6
12323,0,3
12324,35,6
12325,7,3
12326,12,3
12327,11,3
12328,0,3
12329,22,5
12330,27,3
12331,3,3
12332,0,3
12333,0,3
12334,1,3
12335,2,4
12336,0,3
12337,4,3
12338,5,3
12339,9,3
12340,2,3
12341,3,3
12342,2,3
12343,16,4
12344,0,3
12345,31,6
12346,0,3
12347,26,4
12348,5,3
12349,0,3
12350,0,3
12351,9,4
12352,4,3
12353,4,3
12354,0,3
12355,0,3
12356,18,6
12357,0,3
12358,19,4
12359,35,4
12360,0,3
12361,14,3
12362,1,3
12363,0,3
12364,18,4
12365,0,3
12366,0,3
12367,20,5
12368,33,3
12369,5,5
12370,8,4
12371,12,4
12372,22,5
12373,6,3
12374,0,3
12375,15,3
12376,0,3
12377,0,3
12378,8,3
12379,50,6
12380,0,3
12381,0,3
12382,0,3
12383,0,3
12384,0,3
12385,4,3
12386,20,3
12387,0,3
12388,0,3
12389,0,3
12390,33,3
12391,12,3
12392,66,5
12393,10,3
12394,29,4
12395,0,3
12396,8,4
12397,84,4
12398,0,3
12399,22,5
12400,0,3
12401,72,6
12402,1,3
12403,0,3
12404,0,3
12405,14,3
12406,0,3
12407,11,5
12408,11,3
12409,21,5
12410,0,3
12411,0,3
12412,0,3
12413,4,3
12414,0,3
12415,0,3
12416,1,3
12417,20,3
12418,0,3
12419,12,3
12420,13,4
12421,12,4
12422,0,3
12423,0,3
12424,0,3
12425,7,4
12426,19,6
12427,22,7
12428,17,3
12429,19,4
12430,4,3
12431,3,3
12432,0,3
12433,0,3
12434,0,3
12435,11,4
12436,17,3
12437,19,4
12438,0,3
12439,24,6
12440,3,3
12441,1,3
12442,0,3
12443,7,4
12444,0,3
12445,0,3
12446,0,3
12447,0,3
12448,18,2
12449,6,3
12450,7,3
12451,0,3
12452,0,3
12453,15,6
12454,25,5
12455,24,4
12456,39,2
12457,14,4
12458,0,3
12459,35,4
12460,5,4
12461,0,3
12462,0,3
12463,51,3
12464,0,3
12465,0,3
12466,12,5
12467,5,3
12468,9,4
12469,0,3
12470,34,5
12471,0,3
12472,45,6
12473,9,3
12474,0,3
12475,14,4
12476,11,6
12477,39,3
12478,11,5
12479,14,3
12480,24,3
12481,0,3
12482,13,3
12483,17,6
12484,4,3
12485,29,4
12486,22,2
12487,0,3
12488,0,3
12489,18,4
12490,6,4
12491,0,3
12492,43,8
12493,31,3
12494,0,3
12495,17,5
12496,23,4
12497,27,4
12498,34,5
12499,57,6
12500,0,3
12501,3,3
12502,0,3
12503,12,4
12504,30,2
12505,47,4
12506,37,3
12507,28,3
12508,3,3
12509,22,4
12510,15,3
12511,0,3
12512,41,4
12513,0,3
12514,0,3
12515,19,3
12516,0,3
12517,3,3
12518,20,5
12519,11,4
12520,0,3
12521,19,5
12522,6,5
12523,49,6
12524,20,3
12525,36,6
12526,0,3
12527,21,4
12528,0,3
12529,0,3
12530,4,3
12531,59,6
12532,5,3
12533,22,3
12534,20,4
12535,0,3
12536,0,3
12537,45,5
12538,24,6
12539,0,3
12540,0,3
12541,9,5
12542,28,4
12543,0,3
12544,16,4
12545,13,5
12546,52,4
12547,15,3
12548,38,5
12549,1,3
12550,7,3
12551,22,4
12552,0,3
12553,6,3
12554,0,3
12555,12,4
12556,7,4
12557,0,3
12558,20,4
12559,11,2
12560,0,3
12561,89,2
12562,11,3
12563,9,3
12564,19,4
12565,19,3
12566,0,3
12567,5,3
12568,14,3
12569,0,3
12570,0,3
12571,18,6
12572,59,3
12573,44,5
12574,3,3
12575,42,2
12576,4,3
12577,28,3
12578,0,3
12579,5,3
12580,21,4
12581,22,4
12582,16,5
12583,14,5
12584,6,2
12585,0,3
12586,0,3
12587,14,4
12588,0,3
12589,12,4
12590,22,5
12591,0,3
12592,15,4
12593,0,3
12594,5,4
12595,22,4
12596,15,4
12597,0,3
12598,11,3
12599,19,4
12600,17,3
12601,0,3
12602,12,5
12603,1,3
12604,0,3
12605,6,4
12606,41,7
12607,0,3
12608,0,3
12609,6,3
12610,0,3
12611,4,3
12612,0,3
12613,20,6
12614,0,3
12615,2,3
12616,36,3
12617,0,3
12618,18,4
12619,40,6
12620,7,5
12621,4,3
12622,42,5
12623,16,3
12624,2,3
12625,2,3
12626,0,3
12627,41,7
12628,18,4
12629,18,3
12630,10,6
12631,0,3
12632,19,3
12633,0,3
12634,0,3
12635,0,3
12636,10,3
12637,20,5
12638,0,3
12639,0,3
12640,0,3
12641,62,3
12642,5,3
12643,13,4
12644,9,4
12645,0,3
12646,0,3
12647,20,4
12648,0,3
12649,8,4
12650,0,3
12651,5,3
12652,10,4
12653,6,4
12654,0,3
12655,0,3
12656,5,3
12657,0,3
12658,24,5
12659,0,3
12660,34,6
12661,0,3
12662,18,5
12663,0,3
12664,1,3
12665,0,3
12666,0,3
12667,6,3
12668,0,3
12669,0,3
12670,0,3
12671,0,3
12672,0,3
12673,14,5
12674,54,6
12675,0,3
12676,0,3
12677,26,4
12678,0,3
12679,31,5
12680,41,7
12681,0,3
12682,72,6
12683,8,4
12684,0,3
12685,1,3
12686,2,3
12687,9,5
12688,8,3
12689,7,4
12690,0,3
12691,0,3
12692,0,3
12693,32,3
12694,32,4
12695,0,3
12696,0,3
12697,37,4
12698,27,6
12699,0,3
12700,0,3
12701,12,2
12702,50,3
12703,41,5
12704,83,5
12705,22,6
12706,38,5
12707,0,3
12708,25,5
12709,2,3
12710,25,4
12711,26,3
12712,8,3
12713,0,3
12714,4,3
12715,13,3
12716,32,4
12717,25,4
12718,37,3
12719,0,3
12720,0,3
12721,0,3
12722,0,3
12723,3,3
12724,0,3
12725,0,3
12726,0,3
12727,0,3
12728,1,3
12729,15,4
12730,0,3
12731,44,5
12732,100,4
12733,5,3
12734,7,3
12735,1,3
12736,0,3
12737,0,3
12738,37,3
12739,0,3
12740,0,3
12741,22,4
12742,0,3
12743,0,3
12744,9,3
12745,10,3
12746,22,3
12747,0,3
12748,64,4
12749,5,4
12750,16,3
12751,0,3
12752,0,3
12753,0,3
12754,25,4
12755,35,5
12756,3,3
12757,0,3
12758,6,4
12759,13,6
12760,2,3
12761,2,3
12762,7,5
12763,32,4
12764,14,4
12765,9,4
12766,2,3
12767,13,3
12768,0,3
12769,0,3
12770,14,4
12771,1,3
12772,0,3
12773,0,3
12774,0,3
12775,0,3
12776,8,4
12777,0,3
12778,0,3
12779,17,4
12780,53,3
12781,0,3
12782,7,3
12783,16,5
12784,12,4
12785,47,3
12786,22,5
12787,0,3
12788,23,3
12789,0,3
12790,0,3
12791,9,4
12792,0,3
12793,0,3
12794,9,4
12795,0,3
12796,20,4
12797,4,3
12798,0,3
12799,15,3
12800,0,3
12801,32,5
12802,9,3
12803,45,7
12804,29,4
12805,17,5
12806,90,7
12807,11,4
12808,0,3
12809,28,3
12810,16,4
12811,47,4
12812,15,3
12813,43,1
12814,2,3
12815,17,4
12816,25,5
12817,0,3
12818,0,3
12819,23,4
12820,32,4
12821,27,5
12822,11,4
12823,10,3
12824,22,4
12825,24,6
12826,16,4
12827,30,5
12828,10,4
12829,7,3
12830,70,5
12831,10,3
12832,18,5
12833,0,3
12834,15,3
12835,4,3
12836,14,4
12837,18,6
12838,0,3
12839,5,3
12840,48,4
12841,23,3
12842,6,3
12843,0,3
12844,53,5
12845,7,3
12846,0,3
12847,0,3
12848,21,4
12849,0,3
12850,7,3
12851,0,3
12852,36,4
12853,0,3
12854,0,3
12855,77,5
12856,0,3
12857,19,5
12858,7,3
12859,4,3
12860,16,4
12861,77,5
12862,1,3
12863,22,3
12864,29,4
12865,12,4
12866,0,3
12867,85,5
12868,0,3
12869,42,7
12870,9,4
12871,0,3
12872,0,3
12873,54,4
12874,8,4
12875,51,6
12876,0,3
12877,28,4
12878,20,8
12879,10,3
12880,0,3
12881,13,4
12882,11,3
12883,4,4
12884,13,4
12885,9,3
12886,0,3
12887,52,2
12888,0,3
12889,8,4
12890,0,3
12891,8,4
12892,0,3
12893,73,3
12894,13,4
12895,0,3
12896,16,3
12897,40,4
12898,1,3
12899,8,3
12900,51,5
12901,0,3
12902,50,8
12903,4,4
12904,0,3
12905,24,4
12906,2,3
12907,0,3
12908,19,5
12909,4,3
12910,4,3
12911,37,5
12912,23,5
12913,0,3
12914,0,3
12915,30,5
12916,1,3
12917,19,5
12918,0,3
12919,6,2
12920,18,4
12921,41,6
12922,0,3
12923,13,4
12924,2,3
12925,0,3
12926,0,3
12927,14,2
12928,29,1
12929,9,4
12930,6,3
12931,0,3
12932,9,4
12933,0,3
12934,0,3
12935,0,3
12936,0,3
12937,10,2
12938,0,3
12939,5,4
12940,0,3
12941,0,3
12942,44,5
12943,0,3
12944,37,5
12945,1,3
12946,17,4
12947,0,3
12948,0,3
12949,0,3
12950,25,3
12951,34,7
12952,14,5
12953,0,3
12954,0,3
12955,11,3
12956,4,3
12957,0,3
12958,16,4
12959,0,3
12960,3,3
12961,0,3
12962,0,3
12963,0,3
12964,15,4
12965,11,4
12966,6,3
12967,13,5
12968,8,3
12969,0,3
12970,4,3
12971,15,4
12972,2,3
12973,0,3
12974,18,6
12975,0,3
12976,0,3
12977,14,5
12978,0,3
12979,0,3
12980,44,5
12981,2,3
12982,3,4
12983,30,5
12984,6,3
12985,28,5
12986,0,3
12987,1,3
12988,17,3
12989,4,4
12990,1,3
12991,13,3
12992,0,3
12993,17,4
12994,28,5
12995,0,3
12996,22,4
12997,13,5
12998,59,5
12999,0,3
13000,0,3
13001,9,3
13002,0,3
13003,0,3
13004,75,7
13005,76,4
13006,0,3
13007,3,3
13008,0,3
13009,0,3
13010,0,3
13011,75,7
13012,9,4
13013,5,3
13014,21,6
13015,39,5
13016,13,5
13017,5,4
13018,0,3
13019,1,3
13020,31,6
13021,13,3
13022,18,5
13023,10,4
13024,2,3
13025,2,3
13026,3,3
13027,24,4
13028,0,3
13029,37,4
13030,45,5
13031,0,3
13032,0,3
13033,0,3
13034,34,3
13035,19,5
13036,0,3
13037,2,3
13038,16,5
13039,3,4
13040,38,4
13041,0,3
13042,27,4
13043,37,4
13044,0,3
13045,1,3
13046,1,3
13047,6,4
13048,0,3
13049,22,6
13050,30,5
13051,4,3
13052,1,3
13053,7,3
13054,0,3
13055,0,3
13056,0,3
13057,0,3
13058,0,3
13059,22,5
13060,38,4
13061,32,3
13062,2,3
13063,61,7
13064,0,3
13065,17,4
13066,0,3
13067,0,3
13068,10,5
13069,0,3
13070,29,9
13071,0,3
13072,0,3
13073,0,3
13074,3,3
13075,0,3
13076,25,3
13077,7,3
13078,38,4
13079,28,4
13080,0,3
13081,1,3
13082,0,3
13083,0,3
13084,57,6
13085,0,3
13086,17,4
13087,1,3
13088,35,4
13089,4,3
13090,8,4
13091,11,5
13092,0,3
13093,1,3
13094,0,3
13095,0,3
13096,59,5
13097,9,3
13098,0,3
13099,0,3
13100,7,4
13101,21,5
13102,108,2
13103,8,3
13104,20,4
13105,10,6
13106,0,3
13107,34,5
13108,0,3
13109,35,6
13110,0,3
13111,0,3
13112,0,3
13113,74,6
13114,2,3
13115,12,4
13116,0,3
13117,0,3
13118,0,3
13119,0,3
13120,2,3
13121,23,3
13122,0,3
13123,7,3
13124,33,4
13125,49,7
13126,0,3
13127,63,3
13128,0,3
13129,0,3
13130,2,3
13131,35,6
13132,21,3
13133,3,5
13134,12,5
13135,22,6
13136,0,3
13137,2,3
13138,45,3
13139,13,3
13140,0,3
13141,43,4
13142,18,5
13143,4,4
13144,0,3
13145,0,3
13146,11,4
13147,0,3
13148,0,3
13149,2,3
13150,2,3
13151,13,5
13152,57,8
13153,25,3
13154,17,3
13155,12,5
13156,12,3
13157,3,3
13158,3,3
13159,4,3
13160,25,4
13161,3,4
13162,82,6
13163,21,5
13164,53,3
13165,0,3
13166,15,3
13167,49,5
13168,0,3
13169,0,3
13170,57,5
13171,0,3
13172,0,3
13173,1,3
13174,20,4
13175,20,5
13176,9,3
13177,0,3
13178,0,3
13179,5,3
13180,14,5
13181,0,3
13182,0,3
13183,5,3
13184,17,6
13185,0,3
13186,0,3
13187,35,6
13188,22,5
13189,0,3
13190,43,6
13191,3,3
13192,5,3
13193,17,4
13194,6,4
13195,22,6
13196,0,3
13197,2,3
13198,1,3
13199,11,5
13200,0,3
13201,0,3
13202,0,3
13203,1,3
13204,5,4
13205,38,6
13206,0,3
13207,2,4
13208,5,4
13209,0,3
13210,0,3
13211,16,3
13212,0,3
13213,8,4
13214,61,3
13215,0,3
13216,0,3
13217,33,4
13218,7,4
13219,1,3
13220,81,5
13221,6,3
13222,2,4
13223,1,3
13224,0,3
13225,0,3
13226,27,6
13227,5,3
13228,23,3
13229,0,3
13230,0,3
13231,17,4
13232,4,4
13233,9,3
13234,0,3
13235,15,5
13236,9,3
13237,10,4
13238,28,7
13239,0,3
13240,1,3
13241,12,3
13242,0,3
13243,1,3
13244,8,4
13245,0,3
13246,5,3
13247,33,3
13248,23,5
13249,7,4
13250,0,3
13251,21,7
13252,35,6
13253,3,3
13254,8,3
13255,35,6
13256,26,3
13257,16,4
13258,0,3
13259,0,3
13260,0,3
13261,0,3
13262,18,5
13263,15,5
13264,0,3
13265,4,4
13266,0,3
13267,3,3
13268,4,2
13269,16,4
13270,79,4
13271,11,3
13272,1,3
13273,3,3
13274,39,8
13275,3,4
13276,5,4
13277,17,3
13278,8,3
13279,0,3
13280,23,3
13281,31,8
13282,7,3
13283,0,3
13284,36,3
13285,22,4
13286,9,3
13287,0,3
13288,40,5
13289,29,5
13290,8,4
13291,0,3
13292,0,3
13293,0,3
13294,0,3
13295,0,3
13296,60,6
13297,0,3
13298,36,2
13299,10,4
13300,0,3
13301,0,3
13302,0,3
13303,0,3
13304,0,3
13305,0,3
13306,9,3
13307,20,3
13308,14,4
13309,56,5
13310,4,3
13311,0,3
13312,5,3
13313,0,3
13314,2,3
13315,0,3
13316,10,3
13317,0,3
13318,0,3
13319,68,4
13320,0,3
13321,0,3
13322,43,3
13323,33,6
13324,0,3
13325,10,3
13326,9,5
13327,6,3
13328,10,5
13329,13,4
13330,28,3
13331,34,6
13332,62,6
13333,70,4
13334,0,3
13335,6,3
13336,2,3
13337,0,3
13338,22,5
13339,6,3
13340,5,3
13341,14,3
13342,29,5
13343,0,3
13344,0,3
13345,0,3
13346,0,3
13347,0,3
13348,27,6
13349,0,3
13350,0,3
13351,0,3
13352,0,3
13353,0,3
13354,5,4
13355,21,3
13356,0,3
13357,25,5
13358,13,4
13359,0,3
13360,12,5
13361,6,3
13362,20,6
13363,32,4
13364,0,3
13365,0,3
13366,0,3
13367,0,3
13368,0,3
13369,6,4
13370,11,3
13371,0,3
13372,1,3
13373,3,3
13374,6,3
13375,7,3
13376,0,3
13377,36,4
13378,12,4
13379,0,3
13380,13,4
13381,12,5
13382,6,3
13383,0,3
13384,0,3
13385,0,3
13386,4,3
13387,0,3
13388,21,5
13389,19,4
13390,21,3
13391,7,3
13392,0,3
13393,0,3
13394,63,4
13395,24,5
13396,0,3
13397,0,3
13398,0,3
13399,2,3
13400,10,4
13401,0,3
13402,28,6
13403,0,3
13404,36,5
13405,0,3
13406,0,3
13407,0,3
13408,7,4
13409,0,3
13410,13,5
13411,2,2
13412,63,6
13413,31,5
13414,31,5
13415,24,7
13416,26,3
13417,1,3
13418,104,4
13419,21,3
13420,0,3
13421,4,3
13422,0,3
13423,0,3
13424,15,4
13425,12,4
13426,90,5
13427,20,6
13428,46,5
13429,0,3
13430,22,5
13431,26,5
13432,3,3
13433,17,2
13434,0,3
13435,0,3
13436,0,3
13437,3,3
13438,0,3
13439,40,6
13440,28,9
13441,11,4
13442,0,3
13443,0,3
13444,1,3
13445,52,8
13446,11,3
13447,5,4
13448,0,3
13449,0,3
13450,2,3
13451,30,4
13452,0,3
13453,70,7
13454,20,3
13455,8,4
13456,43,5
13457,41,3
13458,0,3
13459,0,3
13460,38,5
13461,30,4
13462,41,4
13463,0,3
13464,0,3
13465,19,4
13466,0,3
13467,0,3
13468,16,4
13469,0,3
13470,0,3
13471,20,5
13472,38,4
13473,10,4
13474,12,5
13475,6,4
13476,0,3
13477,0,3
13478,0,3
13479,1,3
13480,4,3
13481,40,3
13482,6,4
13483,0,3
13484,0,3
13485,35,4
13486,26,4
13487,21,6
13488,0,3
13489,20,5
13490,0,3
13491,5,3
13492,0,3
13493,44,4
13494,0,3
13495,4,4
13496,24,4
13497,32,6
13498,42,6
13499,9,3
13500,38,6
13501,10,4
13502,7,3
13503,0,3
13504,0,3
13505,37,6
13506,0,3
13507,13,4
13508,0,3
13509,0,3
13510,48,7
13511,0,3
13512,2,2
13513,12,5
13514,0,3
13515,6,3
13516,0,3
13517,0,3
13518,6,3
13519,8,4
13520,9,4
13521,46,7
13522,0,3
13523,33,7
13524,0,3
13525,23,4
13526,0,3
13527,6,3
13528,17,5
13529,25,4
13530,1,3
13531,34,6
13532,9,5
13533,34,4
13534,33,4
13535,20,5
13536,15,5
13537,16,4
13538,57,4
13539,0,3
13540,0,3
13541,5,3
13542,12,3
13543,4,3
13544,0,3
13545,1,3
13546,0,3
13547,20,4
13548,11,3
13549,0,3
13550,22,4
13551,13,3
13552,0,3
13553,8,4
13554,30,4
13555,1,3
13556,17,2
13557,23,3
13558,14,4
13559,30,4
13560,0,3
13561,0,3
13562,69,2
13563,10,4
13564,0,3
13565,23,3
13566,35,5
13567,1,3
13568,53,6
13569,20,4
13570,1,3
13571,25,4
13572,12,3
13573,0,3
13574,10,4
13575,7,3
13576,0,3
13577,5,3
13578,8,5
13579,0,3
13580,0,3
13581,0,3
13582,0,3
13583,31,7
13584,1,3
13585,25,2
13586,0,3
13587,11,4
13588,0,3
13589,16,3
13590,0,3
13591,1,3
13592,0,3
13593,0,3
13594,13,4
13595,0,3
13596,7,4
13597,7,4
13598,0,3
13599,18,3
13600,0,3
13601,0,3
13602,0,3
13603,14,4
13604,0,3
13605,0,3
13606,0,3
13607,10,5
13608,0,3
13609,1,3
13610,29,4
13611,9,4
13612,0,3
13613,15,3
13614,49,3
13615,44,5
13616,0,3
13617,6,3
13618,0,3
13619,11,2
13620,0,3
13621,4,4
13622,12,5
13623,0,3
13624,0,3
13625,26,5
13626,28,3
13627,4,3
13628,8,4
13629,0,3
13630,14,4
13631,0,3
13632,6,4
13633,27,6
13634,0,3
13635,9,2
13636,1,3
13637,2,3
13638,22,3
13639,0,3
13640,0,3
13641,0,3
13642,44,2
13643,1,3
13644,0,3
13645,3,3
13646,0,3
13647,12,6
13648,0,3
13649,22,4
13650,0,3
13651,1,3
13652,22,4
13653,7,3
13654,24,5
13655,21,5
13656,29,5
13657,29,5
13658,0,3
13659,23,3
13660,0,3
13661,9,3
13662,29,3
13663,19,3
13664,5,3
13665,0,3
13666,0,3
13667,14,4
13668,6,3
13669,34,7
13670,0,3
13671,0,3
13672,0,3
13673,0,3
13674,14,4
13675,0,3
13676,4,3
13677,0,3
13678,53,5
13679,2,3
13680,10,4
13681,1,3
13682,0,3
13683,1,3
13684,0,3
13685,0,3
13686,13,4
13687,0,3
13688,0,3
13689,45,5
13690,0,3
13691,15,4
13692,37,6
13693,0,3
13694,0,3
13695,1,3
13696,0,3
13697,0,3
13698,0,3
13699,0,3
13700,21,4
13701,0,3
13702,18,5
13703,9,5
13704,7,3
13705,38,5
13706,0,3
13707,0,3
13708,25,4
13709,10,4
13710,1,3
13711,47,6
13712,9,4
13713,8,3
13714,35,7
13715,0,3
13716,0,3
13717,0,3
13718,0,3
13719,2,3
13720,36,9
13721,3,3
13722,0,3
13723,11,3
13724,5,3
13725,0,3
13726,10,5
13727,18,3
13728,3,3
13729,30,5
13730,3,3
13731,4,3
13732,24,5
13733,0,3
13734,0,3
13735,20,4
13736,0,3
13737,0,3
13738,23,4
13739,22,4
13740,14,5
13741,0,3
13742,0,3
13743,4,4
13744,0,3
13745,28,5
13746,17,4
13747,37,6
13748,0,3
13749,0,3
13750,14,3
13751,4,3
13752,23,4
13753,3,4
13754,8,3
13755,0,3
13756,60,3
13757,21,4
13758,40,3
13759,0,3
13760,0,3
13761,0,3
13762,26,5
13763,71,5
13764,9,4
13765,0,3
13766,0,3
13767,0,3
13768,37,5
13769,0,3
13770,0,3
13771,0,3
13772,1,3
13773,0,3
13774,0,3
13775,8,3
13776,10,3
13777,0,3
13778,16,7
13779,28,4
13780,0,3
13781,1,3
13782,8,4
13783,45,3
13784,0,3
13785,3,3
13786,0,3
13787,9,4
13788,1,3
13789,13,3
13790,15,6
13791,0,3
13792,17,4
13793,0,3
13794,0,3
13795,22,3
13796,0,3
13797,15,3
13798,11,5
13799,3,3
13800,24,6
13801,68,4
13802,6,3
13803,15,4
13804,0,3
13805,22,6
13806,3,3
13807,32,4
13808,7,3
13809,3,3
13810,0,3
13811,0,3
13812,22,6
13813,0,3
13814,1,3
13815,0,3
13816,0,3
13817,0,3
13818,0,3
13819,0,3
13820,0,3
13821,0,3
13822,0,3
13823,12,4
13824,2,3
13825,21,5
13826,59,7
13827,13,5
13828,0,3
13829,1,3
13830,44,6
13831,46,7
13832,0,3
13833,0,3
13834,10,3
13835,0,3
13836,4,3
13837,21,3
13838,11,3
13839,67,7
13840,58,3
13841,8,3
13842,18,3
13843,77,3
13844,0,3
13845,1,3
13846,0,3
13847,0,3
13848,19,3
13849,0,3
13850,13,4
13851,3,3
13852,69,7
13853,0,3
13854,0,3
13855,0,3
13856,2,3
13857,0,3
13858,5,3
13859,41,3
13860,0,3
13861,61,6
13862,0,3
13863,58,7
13864,0,3
13865,4,3
13866,0,3
13867,1,3
13868,0,3
13869,0,3
13870,0,3
13871,11,4
13872,23,3
13873,11,4
13874,8,3
13875,4,3
13876,12,3
13877,34,5
13878,37,5
13879,0,3
13880,0,3
13881,13,3
13882,47,5
13883,0,3
13884,99,6
13885,21,4
13886,0,3
13887,0,3
13888,9,3
13889,0,3
13890,1,3
13891,0,3
13892,1,3
13893,42,4
13894,58,6
13895,32,4
13896,8,3
13897,0,3
13898,19,4
13899,0,3
13900,17,5
13901,21,3
13902,11,4
13903,69,7
13904,0,3
13905,14,4
13906,0,3
13907,13,4
13908,32,7
13909,40,4
13910,0,3
13911,0,3
13912,3,4
13913,0,3
13914,29,7
13915,0,3
13916,0,3
13917,5,3
13918,12,4
13919,25,4
13920,0,3
13921,15,4
13922,0,3
13923,0,3
13924,0,3
13925,0,3
13926,0,3
13927,27,4
13928,59,11
13929,0,3
13930,0,3
13931,5,3
13932,0,3
13933,0,3
13934,0,3
13935,0,3
13936,32,6
13937,13,3
13938,0,3
13939,8,3
13940,0,3
13941,0,3
13942,10,5
13943,87,5
13944,0,3
13945,9,4
13946,52,8
13947,44,6
13948,0,3
13949,13,4
13950,0,3
13951,39,4
13952,0,3
13953,43,2
13954,48,6
13955,0,3
13956,8,4
13957,0,3
13958,0,3
13959,9,4
13960,36,3
13961,28,4
13962,0,3
13963,0,3
13964,20,3
13965,12,3
13966,0,3
13967,19,3
13968,8,3
13969,15,6
13970,31,5
13971,12,2
13972,41,4
13973,1,3
13974,43,7
13975,36,7
13976,0,3
13977,0,3
13978,12,4
13979,13,4
13980,0,3
13981,16,4
13982,0,3
13983,10,4
13984,0,3
13985,46,4
13986,0,3
13987,64,6
13988,37,3
13989,31,7
13990,0,3
13991,0,3
13992,10,4
13993,0,3
13994,0,3
13995,34,5
13996,48,5
13997,6,4
13998,0,3
13999,17,6
14000,65,5
14001,37,6
14002,41,6
14003,25,4
14004,0,3
14005,36,3
14006,11,5
14007,0,3
14008,24,4
14009,10,3
14010,35,6
14011,21,6
14012,28,4
14013,3,3
14014,35,4
14015,36,5
14016,9,5
14017,0,3
14018,0,3
14019,2,3
14020,0,3
14021,0,3
14022,0,3
14023,12,5
14024,17,7
14025,1,3
14026,0,3
14027,19,3
14028,0,3
14029,84,5
14030,13,3
14031,21,3
14032,0,3
14033,35,4
14034,25,3
14035,0,3
14036,2,4
14037,46,5
14038,0,3
14039,10,3
14040,0,3
14041,36,7
14042,0,3
14043,0,3
14044,55,3
14045,30,5
14046,13,3
14047,22,5
14048,35,5
14049,21,5
14050,12,4
14051,0,3
14052,23,5
14053,30,3
14054,0,3
14055,0,3
14056,46,5
14057,20,4
14058,37,6
14059,16,5
14060,3,3
14061,0,3
14062,33,9
14063,17,5
14064,0,3
14065,6,4
14066,0,3
14067,20,5
14068,0,3
14069,0,3
14070,0,3
14071,0,3
14072,0,3
14073,1,3
14074,17,3
14075,0,3
14076,0,3
14077,6,4
14078,29,4
14079,12,4
14080,1,3
14081,70,7
14082,42,7
14083,3,3
14084,19,5
14085,1,3
14086,57,3
14087,4,3
14088,0,3
14089,8,2
14090,9,4
14091,7,4
14092,52,5
14093,31,4
14094,0,3
14095,0,3
14096,0,3
14097,44,3
14098,0,3
14099,0,3
14100,0,3
14101,4,4
14102,0,3
14103,12,3
14104,24,4
14105,0,3
14106,16,4
14107,20,3
14108,30,5
14109,0,3
14110,7,4
14111,30,6
14112,36,3
14113,15,4
14114,20,5
14115,20,4
14116,23,6
14117,19,3
14118,0,3
14119,14,5
14120,0,3
14121,33,4
14122,4,3
14123,48,7
14124,3,4
14125,14,4
14126,47,5
14127,0,3
14128,3,3
14129,0,3
14130,18,5
14131,34,6
14132,0,3
14133,6,4
14134,7,4
14135,21,4
14136,10,3
14137,12,3
14138,0,3
14139,13,4
14140,0,3
14141,0,3
14142,29,7
14143,88,6
14144,0,3
14145,21,4
14146,13,7
14147,0,3
14148,10,2
14149,0,3
14150,17,3
14151,0,3
14152,0,3
14153,24,5
14154,0,3
14155,47,3
14156,0,3
14157,0,3
14158,13,3
14159,32,6
14160,6,4
14161,37,4
14162,0,3
14163,2,3
14164,1,3
14165,0,3
14166,0,3
14167,0,3
14168,0,3
14169,26,4
14170,0,3
14171,0,3
14172,5,3
14173,7,3
14174,38,6
14175,4,3
14176,7,3
14177,1,3
14178,1,3
14179,0,3
14180,9,3
14181,23,5
14182,0,3
14183,8,4
14184,11,5
14185,8,3
14186,16,5
14187,0,3
14188,1,3
14189,5,3
14190,1,3
14191,0,3
14192,5,3
14193,1,4
14194,0,3
14195,0,3
14196,10,3
14197,0,3
14198,8,4
14199,7,2
14200,54,5
14201,0,3
14202,27,6
14203,24,5
14204,9,2
14205,9,4
14206,0,3
14207,56,3
14208,21,4
14209,35,8
14210,0,3
14211,18,4
14212,37,7
14213,15,4
14214,10,3
14215,34,7
14216,5,4
14217,37,4
14218,45,6
14219,0,3
14220,10,4
14221,0,3
14222,0,3
14223,9,6
14224,0,3
14225,1,3
14226,86,7
14227,22,4
14228,35,7
14229,7,3
14230,10,6
14231,1,3
14232,0,3
14233,0,3
14234,1,3
14235,20,4
14236,0,3
14237,59,5
14238,0,3
14239,14,5
14240,19,5
14241,0,3
14242,3,4
14243,10,3
14244,0,3
14245,41,5
14246,4,3
14247,0,3
14248,33,7
14249,0,3
14250,8,3
14251,9,3
14252,0,3
14253,0,3
14254,15,5
14255,25,6
14256,0,3
14257,34,4
14258,16,4
14259,0,3
14260,11,3
14261,33,4
14262,0,3
14263,27,3
14264,0,3
14265,8,3
14266,3,3
14267,5,4
14268,0,3
14269,0,3
14270,33,4
14271,0,3
14272,0,3
14273,0,3
14274,0,3
14275,30,4
14276,26,7
14277,0,3
14278,5,3
14279,6,3
14280,27,4
14281,2,3
14282,0,3
14283,15,4
14284,7,3
14285,48,5
14286,12,4
14287,0,3
14288,10,4
14289,25,7
14290,0,3
14291,23,4
14292,0,3
14293,4,3
14294,0,3
14295,1,3
14296,0,3
14297,22,6
14298,33,6
14299,28,3
14300,17,4
14301,12,4
14302,9,4
14303,35,8
14304,1,3
14305,1,3
14306,32,7
14307,0,3
14308,29,4
14309,1,3
14310,0,3
14311,13,4
14312,14,4
14313,13,5
14314,13,6
14315,37,5
14316,0,3
14317,0,3
14318,32,5
14319,19,4
14320,31,4
14321,10,3
14322,9,3
14323,17,3
14324,2,4
14325,14,4
14326,0,3
14327,16,4
14328,7,3
14329,0,3
14330,32,7
14331,20,3
14332,0,3
14333,67,4
14334,15,3
14335,40,8
14336,10,5
14337,0,3
14338,0,3
14339,14,4
14340,0,3
14341,11,4
14342,0,3
14343,27,5
14344,5,3
14345,0,3
14346,0,3
14347,16,4
14348,0,3
14349,5,3
14350,10,5
14351,11,4
14352,0,3
14353,0,3
14354,1,3
14355,1,3
14356,0,3
14357,1,3
14358,2,3
14359,0,3
14360,35,3
14361,5,3
14362,0,3
14363,1,3
14364,21,6
14365,0,3
14366,28,7
14367,3,3
14368,2,3
14369,0,3
14370,10,4
14371,37,4
14372,11,4
14373,54,5
14374,3,3
14375,31,5
14376,22,5
14377,25,4
14378,0,3
14379,0,3
14380,6,4
14381,4,3
14382,14,4
14383,0,3
14384,34,3
14385,4,3
14386,0,3
14387,0,3
14388,11,4
14389,5,4
14390,2,3
14391,0,3
14392,9,5
14393,31,4
14394,77,3
14395,30,5
14396,0,3
14397,0,3
14398,20,5
14399,16,6
14400,0,3
14401,0,3
14402,9,4
14403,11,3
14404,0,3
14405,0,3
14406,7,3
14407,6,4
14408,47,5
14409,2,3
14410,0,3
14411,35,4
14412,3,3
14413,33,6
14414,14,4
14415,0,3
14416,0,3
14417,17,4
14418,4,3
14419,0,3
14420,0,3
14421,25,3
14422,0,3
14423,31,1
14424,7,3
14425,8,4
14426,2,3
14427,46,4
14428,14,4
14429,6,4
14430,37,7
14431,52,7
14432,14,4
14433,35,6
14434,0,3
14435,0,3
14436,7,3
14437,29,5
14438,0,3
14439,14,5
14440,15,5
14441,8,3
14442,22,4
14443,0,3
14444,0,3
14445,30,6
14446,17,4
14447,17,5
14448,0,3
14449,0,3
14450,36,7
14451,22,6
14452,0,3
14453,0,3
14454,24,3
14455,11,3
14456,24,4
14457,0,3
14458,3,4
14459,0,3
14460,14,5
14461,0,3
14462,33,8
14463,3,3
14464,25,3
14465,19,5
14466,1,3
14467,0,3
14468,3,3
14469,0,3
14470,0,3
14471,19,3
14472,6,3
14473,0,3
14474,52,6
14475,0,3
14476,6,3
14477,13,3
14478,4,3
14479,0,3
14480,14,5
14481,21,4
14482,22,6
14483,17,2
14484,13,3
14485,0,3
14486,5,4
14487,16,5
14488,1,3
14489,20,4
14490,22,5
14491,7,3
14492,0,3
14493,0,3
14494,0,3
14495,13,1
14496,18,5
14497,8,3
14498,12,5
14499,1,3
14500,0,3
14501,0,3
14502,0,3
14503,20,6
14504,0,3
14505,0,3
14506,0,3
14507,0,3
14508,9,4
14509,12,6
14510,7,3
14511,19,5
14512,5,3
14513,21,4
14514,66,5
14515,21,4
14516,0,3
14517,0,3
14518,0,3
14519,4,3
14520,0,3
14521,17,3
14522,20,3
14523,18,5
14524,11,4
14525,30,5
14526,3,3
14527,0,3
14528,0,3
14529,40,5
14530,0,3
14531,5,3
14532,41,7
14533,13,3
14534,3,3
14535,5,3
14536,22,3
14537,0,3
14538,16,6
14539,0,3
14540,39,6
14541,0,3
14542,25,3
14543,1,3
14544,8,4
14545,5,3
14546,5,4
14547,0,3
14548,29,6
14549,27,6
14550,21,5
14551,0,3
14552,37,3
14553,0,3
14554,31,5
14555,0,3
14556,9,3
14557,7,3
14558,36,4
14559,34,5
14560,1,3
14561,12,4
14562,0,3
14563,54,3
14564,26,6
14565,41,6
14566,0,3
14567,0,3
14568,8,3
14569,0,3
14570,0,3
14571,0,3
14572,0,3
14573,0,3
14574,22,5
14575,0,3
14576,5,4
14577,0,3
14578,16,5
14579,0,3
14580,33,3
14581,0,3
14582,4,3
14583,33,8
14584,1,3
14585,9,3
14586,0,3
14587,36,3
14588,5,3
14589,7,3
14590,8,3
14591,14,4
14592,19,8
14593,3,3
14594,44,6
14595,5,3
14596,0,3
14597,0,3
14598,0,3
14599,5,4
14600,0,3
14601,5,3
14602,26,4
14603,26,7
14604,6,4
14605,43,9
14606,22,5
14607,0,3
14608,19,3
14609,7,3
14610,2,3
14611,0,3
14612,3,3
14613,11,5
14614,46,5
14615,0,3
14616,0,3
14617,5,3
14618,0,3
14619,5,4
14620,0,3
14621,2,3
14622,43,5
14623,0,3
14624,7,3
14625,23,4
14626,29,4
14627,23,5
14628,12,3
14629,23,4
14630,1,3
14631,18,4
14632,24,5
14633,0,3
14634,24,5
14635,7,3
14636,0,3
14637,9,5
14638,0,3
14639,23,5
14640,13,4
14641,0,3
14642,0,3
14643,40,5
14644,0,3
14645,79,5
14646,0,3
14647,0,3
14648,0,3
14649,45,4
14650,26,5
14651,0,3
14652,30,5
14653,8,5
14654,5,3
14655,7,4
14656,7,4
14657,13,3
14658,3,3
14659,0,3
14660,0,3
14661,0,3
14662,0,3
14663,31,6
14664,0,3
14665,0,3
14666,2,3
14667,0,3
14668,12,5
14669,22,4
14670,61,6
14671,1,3
14672,12,4
14673,28,6
14674,17,3
14675,53,4
14676,17,3
14677,8,3
14678,0,3
14679,8,2
14680,40,8
14681,102,4
14682,1,3
14683,29,4
14684,3,3
14685,7,3
14686,0,3
14687,0,3
14688,10,4
14689,0,3
14690,0,3
14691,10,4
14692,0,3
14693,49,5
14694,8,3
14695,8,3
14696,0,3
14697,3,3
14698,35,5
14699,0,3
14700,28,4
14701,24,4
14702,0,3
14703,38,3
14704,0,3
14705,1,3
14706,8,3
14707,0,3
14708,12,4
14709,0,3
14710,6,3
14711,0,3
14712,5,3
14713,21,5
14714,17,6
14715,9,3
14716,37,4
14717,0,3
14718,7,4
14719,0,3
14720,8,4
14721,14,5
14722,32,5
14723,10,3
14724,4,3
14725,23,5
14726,0,3
14727,14,4
14728,0,3
14729,49,5
14730,5,3
14731,0,3
14732,16,3
14733,0,3
14734,0,3
14735,19,5
14736,0,3
14737,46,7
14738,9,2
14739,0,3
14740,29,7
14741,63,7
14742,0,3
14743,48,4
14744,13,4
14745,12,4
14746,0,3
14747,7,3
14748,60,4
14749,44,5
14750,45,6
14751,32,6
14752,0,3
14753,0,3
14754,20,5
14755,24,3
14756,35,5
14757,0,3
14758,41,5
14759,0,3
14760,22,5
14761,4,3
14762,22,7
14763,13,4
14764,0,3
14765,4,4
14766,53,9
14767,3,3
14768,1,3
14769,0,3
14770,0,3
14771,5,3
14772,29,5
14773,11,4
14774,15,3
14775,32,4
14776,3,4
14777,11,3
14778,60,6
14779,7,4
14780,0,3
14781,23,5
14782,37,8
14783,34,6
14784,10,5
14785,0,3
14786,0,3
14787,0,3
14788,14,3
14789,0,3
14790,0,3
14791,10,4
14792,0,3
14793,0,3
14794,23,4
14795,16,3
14796,23,3
14797,15,5
14798,8,3
14799,0,3
14800,3,3
14801,15,5
14802,34,5
14803,12,5
14804,4,3
14805,0,3
14806,9,4
14807,14,3
14808,15,4
14809,13,3
14810,34,7
14811,1,3
14812,0,3
14813,25,6
14814,13,4
14815,16,4
14816,1,3
14817,11,4
14818,0,3
14819,59,3
14820,11,4
14821,0,3
14822,6,4
14823,36,6
14824,11,4
14825,17,7
14826,24,6
14827,22,4
14828,64,7
14829,28,4
14830,0,3
14831,39,7
14832,0,3
14833,35,5
14834,37,4
14835,7,3
14836,0,3
14837,6,4
14838,23,7
14839,36,4
14840,15,4
14841,0,3
14842,0,3
14843,24,4
14844,19,3
14845,5,2
14846,49,10
14847,100,6
14848,31,6
14849,8,4
14850,39,5
14851,0,3
14852,14,3
14853,0,3
14854,0,3
14855,9,3
14856,0,3
14857,17,4
14858,0,3
14859,0,3
14860,25,3
14861,11,5
14862,50,4
14863,41,9
14864,4,3
14865,18,4
14866,53,5
14867,14,4
14868,39,9
14869,0,3
14870,14,5
14871,0,3
14872,14,4
14873,9,3
14874,7,3
14875,48,6
14876,0,3
14877,0,3
14878,37,3
14879,0,3
14880,24,3
14881,49,5
14882,22,4
14883,0,3
14884,0,3
14885,0,3
14886,63,5
14887,0,3
14888,10,4
14889,0,3
14890,6,3
14891,29,6
14892,34,9
14893,50,5
14894,0,3
14895,0,3
14896,0,3
14897,0,3
14898,0,3
14899,17,3
14900,6,3
14901,0,3
14902,43,7
14903,15,6
14904,47,4
14905,0,3
14906,61,9
14907,0,3
14908,13,5
14909,7,3
14910,20,4
14911,0,3
14912,37,6
14913,0,3
14914,8,3
14915,18,6
14916,0,3
14917,0,3
14918,35,5
14919,9,3
14920,4,3
14921,17,3
14922,0,3
14923,0,3
14924,0,3
14925,13,4
14926,1,3
14927,18,5
14928,0,3
14929,2,3
14930,33,6
14931,0,3
14932,0,3
14933,26,3
14934,8,3
14935,0,3
14936,52,7
14937,7,5
14938,44,4
14939,19,3
14940,26,6
14941,2,4
14942,25,3
14943,10,3
14944,9,3
14945,0,3
14946,28,6
14947,0,3
14948,40,5
14949,0,3
14950,0,3
14951,0,3
14952,44,7
14953,2,3
14954,27,4
14955,2,4
14956,0,3
14957,0,3
14958,62,6
14959,0,3
14960,0,3
14961,4,3
14962,0,3
14963,56,8
14964,4,3
14965,52,4
14966,2,3
14967,4,3
14968,0,3
14969,0,3
14970,75,7
14971,40,5
14972,19,5
14973,1,3
14974,0,3
14975,25,4
14976,52,5
14977,0,3
14978,0,3
14979,0,3
14980,20,5
14981,0,3
14982,2,3
14983,39,8
14984,0,3
14985,0,3
14986,56,5
14987,56,6
14988,0,3
14989,45,5
14990,14,4
14991,36,7
14992,18,4
14993,0,3
14994,13,6
14995,0,3
14996,3,3
14997,0,3
14998,47,5
14999,14,4
15000,2,3
15001,25,5
15002,24,6
15003,30,5
15004,25,4
15005,34,3
15006,5,3
15007,9,4
15008,18,6
15009,59,10
15010,0,3
15011,1,3
15012,18,5
15013,16,4
15014,42,6
15015,6,3
15016,23,6
15017,50,6
15018,13,5
15019,7,3
15020,1,3
15021,5,3
15022,0,3
15023,18,5
15024,0,3
15025,14,4
15026,8,4
15027,56,3
15028,4,4
15029,79,5
15030,1,3
15031,0,3
15032,0,3
15033,0,3
15034,0,3
15035,13,5
15036,4,3
15037,4,3
15038,30,7
15039,74,8
15040,0,3
15041,11,4
15042,68,2
15043,0,3
15044,1,3
15045,5,4
15046,0,3
15047,0,3
15048,5,3
15049,0,3
15050,1,3
15051,30,9
15052,3,3
15053,13,5
15054,0,3
15055,35,4
15056,0,3
15057,0,3
15058,0,3
15059,14,3
15060,0,3
15061,60,4
15062,61,5
15063,39,4
15064,12,6
15065,33,3
15066,64,7
15067,0,3
15068,0,3
15069,0,3
15070,32,3
15071,28,4
15072,48,5
15073,14,3
15074,0,3
15075,15,4
15076,0,3
15077,0,3
15078,42,7
15079,7,4
15080,37,6
15081,0,3
15082,0,3
15083,5,3
15084,0,3
15085,19,5
15086,0,3
15087,30,5
15088,90,5
15089,31,4
15090,1,3
15091,6,4
15092,3,4
15093,15,4
15094,46,4
15095,0,3
15096,0,3
15097,17,5
15098,1,3
15099,27,4
15100,29,6
15101,35,4
15102,20,2
15103,9,3
15104,4,3
15105,1,3
15106,27,4
15107,0,3
15108,84,5
15109,19,3
15110,0,3
15111,43,8
15112,30,4
15113,0,3
15114,4,4
15115,4,3
15116,29,5
15117,0,3
15118,17,5
15119,39,8
15120,0,3
15121,19,4
15122,0,3
15123,36,3
15124,7,4
15125,0,3
15126,14,4
15127,0,3
15128,34,5
15129,22,4
15130,9,4
15131,1,3
15132,32,6
15133,1,4
15134,52,5
15135,23,6
15136,25,4
15137,3,4
15138,26,5
15139,30,8
15140,0,3
15141,0,3
15142,25,6
15143,44,7
15144,16,5
15145,18,3
15146,12,5
15147,79,5
15148,0,3
15149,50,5
15150,20,5
15151,42,6
15152,55,5
15153,9,2
15154,0,3
15155,0,3
15156,36,6
15157,0,3
15158,0,3
15159,0,3
15160,8,3
15161,0,3
15162,0,3
15163,67,4
15164,32,5
15165,0,3
15166,0,3
15167,2,3
15168,24,6
15169,40,7
15170,52,4
15171,0,3
15172,6,3
15173,13,3
15174,20,5
15175,0,3
15176,37,5
15177,7,2
15178,0,3
15179,0,3
15180,31,7
15181,46,5
15182,41,5
15183,0,3
15184,0,3
15185,0,3
15186,0,3
15187,4,3
15188,20,4
15189,55,6
15190,14,4
15191,0,3
15192,0,3
15193,47,6
15194,7,3
15195,43,5
15196,5,4
15197,1,3
15198,17,4
15199,8,4
15200,0,3
15201,11,4
15202,0,3
15203,0,3
15204,53,3
15205,47,7
15206,0,3
15207,64,6
15208,0,3
15209,10,4
15210,43,7
15211,17,6
15212,0,3
15213,17,4
15214,3,3
15215,12,4
15216,1,3
15217,0,3
15218,13,4
15219,3,3
15220,0,3
15221,63,7
15222,0,3
15223,15,3
15224,9,3
15225,0,3
15226,57,8
15227,0,3
15228,8,2
15229,33,4
15230,14,4
15231,0,3
15232,7,5
15233,0,3
15234,6,3
15235,17,4
15236,0,3
15237,8,3
15238,0,3
15239,4,4
15240,31,5
15241,23,3
15242,0,3
15243,20,5
15244,85,5
15245,0,3
15246,14,4
15247,48,5
15248,64,6
15249,1,3
15250,15,3
15251,5,4
15252,32,4
15253,54,10
15254,11,3
15255,0,3
15256,76,9
15257,5,3
15258,32,6
15259,32,5
15260,45,6
15261,53,7
15262,0,3
15263,46,5
15264,12,3
15265,3,3
15266,14,7
15267,2,3
15268,20,6
15269,18,5
15270,10,3
15271,0,3
15272,0,3
15273,0,3
15274,14,4
15275,12,4
15276,11,4
15277,20,5
15278,0,3
15279,0,3
15280,13,6
15281,43,4
15282,52,1
15283,11,3
15284,31,7
15285,0,3
15286,0,3
15287,7,3
15288,15,4
15289,5,3
15290,29,3
15291,59,6
15292,0,3
15293,24,5
15294,28,4
15295,6,3
15296,23,6
15297,40,5
15298,33,5
15299,1,3
15300,24,6
15301,34,4
15302,42,5
15303,4,3
15304,0,3
15305,40,4
15306,0,3
15307,19,5
15308,42,4
15309,0,3
15310,41,9
15311,39,4
15312,0,3
15313,0,3
15314,18,6
15315,65,3
15316,32,3
15317,0,3
15318,0,3
15319,0,3
15320,42,4
15321,0,3
15322,43,8
15323,0,3
15324,31,6
15325,0,3
15326,26,5
15327,35,3
15328,4,4
15329,0,3
15330,9,4
15331,29,5
15332,34,6
15333,15,3
15334,33,5
15335,15,4
15336,8,4
15337,0,3
15338,6,3
15339,1,3
15340,41,6
15341,43,6
15342,4,3
15343,32,3
15344,5,3
15345,0,3
15346,33,3
15347,4,3
15348,39,4
15349,10,4
15350,0,3
15351,0,3
15352,0,3
15353,0,3
15354,43,6
15355,11,3
15356,4,3
15357,3,3
15358,53,5
15359,0,3
15360,2,3
15361,24,5
15362,7,4
15363,9,4
15364,0,3
15365,0,3
15366,4,3
15367,0,3
15368,1,3
15369,2,3
15370,0,3
15371,1,3
15372,19,4
15373,12,3
15374,34,6
15375,36,4
15376,6,3
15377,30,4
15378,11,4
15379,0,3
15380,18,7
15381,0,3
15382,7,3
15383,28,5
15384,22,7
15385,55,5
15386,74,4
15387,38,5
15388,0,3
15389,50,5
15390,32,5
15391,0,3
15392,17,5
15393,0,3
15394,6,3
15395,1,3
15396,33,7
15397,42,4
15398,0,3
15399,1,3
15400,9,4
15401,0,3
15402,25,6
15403,1,3
15404,51,9
15405,0,3
15406,15,3
15407,0,3
15408,0,3
15409,10,5
15410,34,5
15411,17,5
15412,0,3
15413,16,4
15414,33,6
15415,8,3
15416,0,3
15417,19,6
15418,29,2
15419,0,3
15420,21,4
15421,0,3
15422,13,4
15423,55,4
15424,0,3
15425,12,5
15426,38,6
15427,0,3
15428,0,3
15429,0,3
15430,30,6
15431,0,3
15432,37,6
15433,26,5
15434,22,5
15435,0,3
15436,0,3
15437,0,3
15438,18,3
15439,42,6
15440,0,3
15441,7,5
15442,0,3
15443,5,3
15444,0,3
15445,2,3
15446,0,3
15447,18,4
15448,57,5
15449,0,3
15450,37,8
15451,6,3
15452,27,6
15453,0,3
15454,26,6
15455,1,3
15456,16,4
15457,4,3
15458,14,3
15459,0,3
15460,0,3
15461,96,4
15462,0,3
15463,26,7
15464,0,3
15465,0,3
15466,0,3
15467,0,3
15468,0,3
15469,11,4
15470,27,4
15471,2,3
15472,0,3
15473,0,3
15474,22,7
15475,63,5
15476,8,3
15477,52,2
15478,10,3
15479,34,7
15480,0,3
15481,2,3
15482,50,3
15483,0,3
15484,15,5
15485,2,3
15486,34,3
15487,0,3
15488,9,3
15489,5,3
15490,11,4
15491,0,3
15492,1,3
15493,12,4
15494,0,3
15495,39,4
15496,12,5
15497,20,6
15498,27,6
15499,0,3
15500,16,5
15501,61,7
15502,0,3
15503,0,3
15504,0,3
15505,0,3
15506,0,3
15507,33,5
15508,0,3
15509,0,3
15510,16,4
15511,0,3
15512,0,3
15513,50,5
15514,0,3
15515,49,5
15516,29,6
15517,0,3
15518,0,3
15519,6,4
15520,16,5
15521,0,3
15522,8,3
15523,0,3
15524,0,3
15525,0,3
15526,54,5
15527,8,4
15528,6,4
15529,60,7
15530,0,3
15531,13,5
15532,53,5
15533,10,4
15534,53,7
15535,16,5
15536,1,3
15537,0,3
15538,11,2
15539,0,3
15540,0,3
15541,0,3
15542,55,6
15543,0,3
15544,0,3
15545,14,3
15546,7,3
15547,2,3
15548,36,4
15549,84,6
15550,42,6
15551,0,3
15552,0,3
15553,79,6
15554,22,5
15555,19,3
15556,32,6
15557,29,5
15558,0,3
15559,0,3
15560,0,3
15561,31,5
15562,46,5
15563,0,3
15564,34,7
15565,4,3
15566,0,3
15567,65,3
15568,35,8
15569,0,3
15570,3,3
15571,49,6
15572,0,3
15573,0,3
15574,0,3
15575,0,3
15576,18,6
15577,42,6
15578,1,3
15579,17,4
15580,0,3
15581,20,5
15582,20,5
15583,59,10
15584,16,3
15585,6,3
15586,54,4
15587,0,3
15588,31,5
15589,0,3
15590,92,5
15591,2,3
15592,0,3
15593,13,3
15594,33,4
15595,17,4
15596,0,3
15597,56,7
15598,0,3
15599,21,4
15600,4,3
15601,0,3
15602,34,5
15603,20,6
15604,1,3
15605,0,3
15606,16,3
15607,0,3
15608,0,3
15609,0,3
15610,25,3
15611,9,3
15612,2,3
15613,0,3
15614,4,3
15615,34,5
15616,0,3
15617,9,3
15618,10,4
15619,53,6
15620,0,3
15621,0,3
15622,6,3
15623,32,4
15624,31,3
15625,4,3
15626,34,3
15627,1,3
15628,0,3
15629,1,3
15630,78,10
15631,11,3
15632,6,3
15633,0,3
15634,0,3
15635,1,3
15636,0,3
15637,18,4
15638,0,3
15639,0,3
15640,0,3
15641,16,3
15642,31,6
15643,0,3
15644,27,7
15645,0,3
15646,2,4
15647,9,4
15648,15,4
15649,3,3
15650,21,6
15651,0,3
15652,26,5
15653,42,4
15654,19,3
15655,19,4
15656,21,4
15657,46,6
15658,0,3
15659,40,7
15660,0,3
15661,9,5
15662,6,4
15663,49,5
15664,13,3
15665,4,3
15666,30,5
15667,42,4
15668,18,5
15669,44,6
15670,9,3
15671,0,3
15672,25,5
15673,14,5
15674,1,3
15675,18,6
15676,0,3
15677,13,4
15678,10,3
15679,0,3
15680,0,3
15681,0,3
15682,30,5
15683,12,5
15684,0,3
15685,37,6
15686,14,4
15687,63,4
15688,39,5
15689,33,8
15690,72,8
15691,30,8
15692,30,6
15693,0,3
15694,0,3
15695,38,4
15696,0,3
15697,36,5
15698,9,3
15699,91,4
15700,2,3
15701,0,3
15702,14,4
15703,6,3
15704,35,4
15705,0,3
15706,0,3
15707,21,6
15708,12,4
15709,50,6
15710,3,4
15711,30,6
15712,21,5
15713,0,3
15714,28,6
15715,29,4
15716,4,3
15717,7,3
15718,20,4
15719,23,7
15720,0,3
15721,39,6
15722,28,6
15723,36,3
15724,10,4
15725,20,6
15726,41,5
15727,0,3
15728,0,3
15729,0,3
15730,8,3
15731,0,3
15732,0,3
15733,16,2
15734,0,3
15735,0,3
15736,0,3
15737,68,5
15738,0,3
15739,0,3
15740,12,3
15741,58,6
15742,13,5
15743,4,4
15744,5,3
15745,0,3
15746,35,6
15747,0,3
15748,24,3
15749,22,3
15750,14,5
15751,2,3
15752,5,4
15753,0,3
15754,0,3
15755,35,7
15756,0,3
15757,16,3
15758,7,5
15759,11,5
15760,88,4
15761,0,3
15762,0,3
15763,0,3
15764,10,4
15765,0,3
15766,0,3
15767,0,3
15768,31,9
15769,23,4
15770,0,3
15771,36,6
15772,34,8
15773,0,3
15774,37,5
15775,24,7
15776,16,3
15777,9,5
15778,3,3
15779,25,4
15780,0,3
15781,11,2
15782,7,3
15783,6,4
15784,35,6
15785,30,5
15786,28,7
15787,23,4
15788,1,3
15789,0,3
15790,0,3
15791,16,4
15792,27,8
15793,35,7
15794,14,3
15795,17,4
15796,0,3
15797,0,3
15798,41,7
15799,0,3
15800,26,5
15801,8,5
15802,20,4
15803,88,4
15804,61,3
15805,76,9
15806,40,6
15807,11,5
15808,0,3
15809,0,3
15810,0,3
15811,0,3
15812,15,5
15813,0,3
15814,4,3
15815,57,6
15816,16,5
15817,2,4
15818,41,7
15819,8,4
15820,0,3
15821,38,7
15822,0,3
15823,0,3
15824,63,2
15825,36,4
15826,0,3
15827,5,3
15828,2,3
15829,27,6
15830,25,4
15831,0,3
15832,6,3
15833,0,3
15834,0,3
15835,1,3
15836,4,3
15837,0,3
15838,35,7
15839,35,3
15840,6,3
15841,28,8
15842,0,3
15843,27,3
15844,38,3
15845,0,3
15846,0,3
15847,26,5
15848,27,5
15849,19,5
15850,26,4
15851,0,3
15852,1,3
15853,39,5
15854,41,9
15855,2,3
15856,0,3
15857,12,5
15858,4,3
15859,1,3
15860,0,3
15861,34,9
15862,0,3
15863,59,4
15864,0,3
15865,14,4
15866,12,4
15867,0,3
15868,20,6
15869,0,3
15870,39,7
15871,25,5
15872,36,5
15873,52,5
15874,11,4
15875,5,4
15876,0,3
15877,0,3
15878,7,4
15879,0,3
15880,0,3
15881,0,3
15882,1,3
15883,35,6
15884,0,3
15885,9,3
15886,24,5
15887,0,3
15888,0,3
15889,42,7
15890,40,6
15891,0,3
15892,39,5
15893,0,3
15894,10,3
15895,12,4
15896,32,3
15897,7,3
15898,17,4
15899,0,3
15900,5,3
15901,0,3
15902,14,4
15903,42,7
15904,23,3
15905,2,3
15906,14,5
15907,0,3
15908,20,4
15909,0,3
15910,38,7
15911,51,5
15912,1,3
15913,7,4
15914,12,3
15915,0,3
15916,41,4
15917,26,6
15918,23,5
15919,21,3
15920,0,3
15921,0,3
15922,11,3
15923,0,3
15924,43,4
15925,29,6
15926,47,5
15927,26,5
15928,40,6
15929,63,6
15930,13,4
15931,11,6
15932,64,4
15933,11,3
15934,42,5
15935,8,4
15936,34,3
15937,45,4
15938,13,5
15939,24,6
15940,41,5
15941,24,6
15942,13,3
15943,35,4
15944,27,4
15945,14,3
15946,0,3
15947,0,3
15948,3,3
15949,48,5
15950,7,4
15951,13,3
15952,1,3
15953,0,3
15954,2,3
15955,0,3
15956,0,3
15957,0,3
15958,24,6
15959,36,7
15960,0,3
15961,38,8
15962,48,9
15963,29,4
15964,17,3
15965,0,3
15966,10,3
15967,15,4
15968,0,3
15969,0,3
15970,13,4
15971,0,3
15972,29,8
15973,0,3
15974,8,4
15975,20,5
15976,6,4
15977,74,7
15978,87,8
15979,8,3
15980,0,3
15981,91,5
15982,0,3
15983,5,4
15984,40,5
15985,2,3
15986,42,7
15987,23,4
15988,43,8
15989,0,3
15990,18,3
15991,29,4
15992,11,4
15993,0,3
15994,19,4
15995,0,3
15996,29,6
15997,25,4
15998,0,3
15999,0,3
16000,21,5
16001,32,6
16002,32,4
16003,33,4
16004,27,5
16005,4,3
16006,34,5
16007,0,3
16008,0,3
16009,0,3
16010,0,3
16011,0,3
16012,0,3
16013,29,6
16014,0,3
16015,33,6
16016,34,4
16017,2,3
16018,17,6
16019,0,3
16020,31,4
16021,0,3
16022,2,3
16023,0,3
16024,65,7
16025,0,3
16026,14,4
16027,10,5
16028,0,3
16029,0,3
16030,2,3
16031,0,3
16032,0,3
16033,0,3
16034,26,3
16035,0,3
16036,1,3
16037,0,3
16038,12,3
16039,12,5
16040,14,4
16041,0,3
16042,5,5
16043,2,3
16044,26,4
16045,11,4
16046,8,5
16047,0,3
16048,12,4
16049,0,3
16050,34,7
16051,0,3
16052,0,3
16053,53,6
16054,16,3
16055,35,5
16056,1,3
16057,24,7
16058,1,3
16059,6,3
16060,0,3
16061,0,3
16062,67,8
16063,12,3
16064,0,3
16065,21,8
16066,3,3
16067,15,2
16068,0,3
16069,4,3
16070,0,3
16071,0,3
16072,27,4
16073,0,3
16074,31,5
16075,0,3
16076,67,6
16077,9,3
16078,0,3
16079,0,3
16080,23,3
16081,4,3
16082,0,3
16083,1,3
16084,1,3
16085,8,4
16086,32,7
16087,4,3
16088,20,2
16089,6,3
16090,35,5
16091,27,3
16092,10,4
16093,15,4
16094,0,3
16095,0,3
16096,1,3
16097,0,3
16098,16,5
16099,20,3
16100,51,6
16101,44,5
16102,13,5
16103,0,3
16104,59,7
16105,3,3
16106,0,3
16107,24,6
16108,12,5
16109,0,3
16110,25,4
16111,0,3
16112,0,3
16113,2,3
16114,47,6
16115,1,3
16116,21,5
16117,0,3
16118,0,3
16119,21,5
16120,21,5
16121,15,5
16122,0,3
16123,0,3
16124,4,3
16125,0,3
16126,0,3
16127,4,3
16128,17,4
16129,2,3
16130,50,7
16131,7,3
16132,26,5
16133,46,4
16134,5,4
16135,0,3
16136,4,3
16137,0,3
16138,18,5
16139,27,6
16140,34,7
16141,0,3
16142,48,5
16143,20,5
16144,66,8
16145,0,3
16146,6,4
16147,0,3
16148,0,3
16149,0,3
16150,19,4
16151,5,3
16152,20,3
16153,39,7
16154,4,3
16155,68,9
16156,18,4
16157,0,3
16158,1,3
16159,2,3
16160,23,4
16161,0,3
16162,0,3
16163,4,3
16164,1,3
16165,32,7
16166,0,3
16167,8,3
16168,44,4
16169,0,3
16170,1,3
16171,57,8
16172,0,3
16173,91,6
16174,12,4
16175,0,3
16176,16,4
16177,4,3
16178,0,3
16179,0,3
16180,31,7
16181,26,5
16182,50,4
16183,18,3
16184,21,4
16185,23,4
16186,0,3
16187,0,3
16188,0,3
16189,18,6
16190,12,4
16191,0,3
16192,2,3
16193,19,7
16194,7,4
16195,23,4
16196,11,4
16197,0,3
16198,0,3
16199,19,3
16200,26,5
16201,0,3
16202,6,5
16203,25,5
16204,5,3
16205,0,3
16206,0,3
16207,0,3
16208,0,3
16209,0,3
16210,20,4
16211,0,3
16212,3,4
16213,0,3
16214,38,4
16215,11,4
16216,5,5
16217,0,3
16218,9,4
16219,0,3
16220,14,4
16221,0,3
16222,29,7
16223,22,4
16224,0,3
16225,5,3
16226,5,4
16227,6,4
16228,23,4
16229,27,8
16230,0,3
16231,39,5
16232,4,3
16233,0,3
16234,0,3
16235,4,3
16236,10,4
16237,0,3
16238,0,3
16239,3,3
16240,10,4
16241,23,4
16242,43,9
16243,0,3
16244,1,3
16245,0,3
16246,5,3
16247,1,3
16248,1,3
16249,0,3
16250,4,3
16251,106,10
16252,4,3
16253,0,3
16254,6,4
16255,57,7
16256,24,4
16257,0,3
16258,0,3
16259,1,3
16260,26,5
16261,6,3
16262,0,3
16263,18,6
16264,0,3
16265,0,3
16266,16,5
16267,24,5
16268,50,3
16269,0,3
16270,15,3
16271,0,3
16272,49,6
16273,10,4
16274,31,5
16275,2,3
16276,12,3
16277,0,3
16278,56,5
16279,10,5
16280,0,3
16281,45,8
16282,0,3
16283,82,6
16284,0,3
16285,0,3
16286,0,3
16287,9,5
16288,0,3
16289,12,6
16290,0,3
16291,0,3
16292,0,3
16293,0,3
16294,8,4
16295,0,3
16296,45,5
16297,0,3
16298,86,6
16299,0,3
16300,0,3
16301,54,5
16302,48,4
16303,34,8
16304,1,3
16305,0,3
16306,2,3
16307,74,2
16308,16,4
16309,12,4
16310,0,3
16311,2,3
16312,71,3
16313,11,4
16314,49,5
16315,54,8
16316,9,3
16317,0,3
16318,5,4
16319,49,7
16320,13,4
16321,0,3
16322,39,10
16323,50,7
16324,0,3
16325,0,3
16326,32,6
16327,0,3
16328,4,3
16329,18,3
16330,0,3
16331,18,4
16332,0,3
16333,0,3
16334,1,3
16335,26,4
16336,0,3
16337,0,3
16338,28,6
16339,19,5
16340,0,3
16341,52,7
16342,0,3
16343,33,4
16344,0,3
16345,0,3
16346,26,7
16347,11,4
16348,0,3
16349,0,3
16350,9,5
16351,20,3
16352,0,3
16353,3,3
16354,1,3
16355,26,6
16356,67,5
16357,0,3
16358,1,3
16359,0,3
16360,3,3
16361,111,4
16362,0,3
16363,32,4
16364,0,3
16365,11,3
16366,0,3
16367,25,3
16368,0,3
16369,0,3
16370,38,6
16371,47,7
16372,0,3
16373,16,5
16374,0,3
16375,59,7
16376,24,5
16377,0,3
16378,3,4
16379,13,4
16380,18,6
16381,0,3
16382,0,3
16383,38,6
16384,23,5
16385,10,5
16386,0,3
16387,18,5
16388,0,3
16389,33,3
16390,0,3
16391,33,7
16392,0,3
16393,0,3
16394,52,6
16395,6,3
16396,48,5
16397,13,5
16398,20,4
16399,16,4
16400,11,3
16401,44,5
16402,13,5
16403,1,3
16404,33,8
16405,1,3
16406,0,3
16407,37,2
16408,0,3
16409,3,3
16410,36,10
16411,22,7
16412,1,3
16413,5,4
16414,9,4
16415,0,3
16416,5,3
16417,46,6
16418,20,5
16419,0,3
16420,34,5
16421,0,3
16422,9,4
16423,0,3
16424,69,8
16425,0,3
16426,7,4
16427,0,3
16428,0,3
16429,0,3
16430,40,7
16431,21,3
16432,1,3
16433,0,3
16434,0,3
16435,0,3
16436,94,9
16437,12,4
16438,17,6
16439,2,3
16440,29,4
16441,42,5
16442,5,3
16443,0,3
16444,3,4
16445,0,3
16446,0,3
16447,12,5
16448,14,4
16449,22,4
16450,8,3
16451,26,6
16452,18,8
16453,0,3
16454,0,3
16455,6,3
16456,25,3
16457,0,3
16458,0,3
16459,17,4
16460,0,3
16461,29,8
16462,4,3
16463,65,3
16464,17,4
16465,0,3
16466,0,3
16467,82,10
16468,28,5
16469,18,3
16470,32,4
16471,21,2
16472,13,5
16473,0,3
16474,38,3
16475,8,6
16476,41,3
16477,24,4
16478,21,3
16479,30,7
16480,35,5
16481,2,3
16482,0,3
16483,41,5
16484,11,3
16485,19,3
16486,11,5
16487,9,6
16488,15,5
16489,20,4
16490,63,3
16491,47,4
16492,0,3
16493,7,4
16494,36,4
16495,32,6
16496,0,3
16497,43,4
16498,0,3
16499,46,5
16500,0,3
16501,7,3
16502,14,3
16503,23,3
16504,12,4
16505,3,2
16506,32,3
16507,11,3
16508,44,8
16509,6,5
16510,4,4
16511,0,3
16512,86,4
16513,0,3
16514,0,3
16515,40,10
16516,0,3
16517,0,3
16518,2,3
16519,0,3
16520,0,3
16521,4,3
16522,0,3
16523,0,3
16524,1,3
16525,28,5
16526,22,3
16527,18,6
16528,0,3
16529,0,3
16530,0,3
16531,69,6
16532,0,3
16533,30,7
16534,50,6
16535,5,3
16536,26,6
16537,30,4
16538,2,3
16539,3,3
16540,47,6
16541,5,3
16542,0,3
16543,7,3
16544,57,6
16545,1,3
16546,35,4
16547,27,4
16548,0,3
16549,2,3
16550,1,3
16551,24,7
16552,26,5
16553,18,4
16554,5,3
16555,0,3
16556,9,5
16557,2,3
16558,24,5
16559,0,3
16560,0,3
16561,0,3
16562,18,5
16563,31,5
16564,26,3
16565,0,3
16566,31,6
16567,29,4
16568,34,4
16569,56,3
16570,0,3
16571,56,3
16572,44,7
16573,26,5
16574,6,4
16575,3,3
16576,8,3
16577,0,3
16578,25,4
16579,6,3
16580,10,4
16581,0,3
16582,21,6
16583,56,7
16584,26,5
16585,33,3
16586,0,3
16587,0,3
16588,47,7
16589,33,3
16590,46,4
16591,19,3
16592,24,8
16593,6,3
16594,17,3
16595,0,3
16596,34,7
16597,0,3
16598,0,3
16599,40,5
16600,32,10
16601,22,6
16602,28,4
16603,37,7
16604,3,4
16605,15,3
16606,0,3
16607,24,5
16608,0,3
16609,4,3
16610,3,3
16611,81,9
16612,16,5
16613,24,5
16614,0,3
16615,0,3
16616,0,3
16617,13,3
16618,16,4
16619,15,5
16620,16,4
16621,0,3
16622,10,3
16623,15,6
16624,30,8
16625,0,3
16626,24,4
16627,0,3
16628,16,5
16629,23,7
16630,1,3
16631,3,2
16632,19,5
16633,31,4
16634,54,5
16635,47,5
16636,0,3
16637,24,6
16638,40,6
16639,0,3
16640,9,3
16641,0,3
16642,26,7
16643,5,5
16644,0,3
16645,0,3
16646,0,3
16647,13,6
16648,0,3
16649,13,3
16650,4,3
16651,0,3
16652,6,4
16653,0,3
16654,0,3
16655,23,5
16656,18,4
16657,4,2
16658,2,3
16659,0,3
16660,24,5
16661,15,6
16662,12,5
16663,0,3
16664,48,5
16665,39,8
16666,28,3
16667,6,3
16668,7,3
16669,33,6
16670,0,3
16671,0,3
16672,19,4
16673,45,3
16674,16,6
16675,47,5
16676,0,3
16677,0,3
16678,0,3
16679,0,3
16680,0,3
16681,10,4
16682,0,3
16683,0,3
16684,5,3
16685,9,5
16686,40,4
16687,0,3
16688,7,4
16689,23,5
16690,6,3
16691,19,5
16692,0,3
16693,46,6
16694,45,4
16695,0,3
16696,2,3
16697,14,5
16698,50,8
16699,0,3
16700,18,5
16701,20,6
16702,8,5
16703,0,3
16704,10,4
16705,9,5
16706,0,3
16707,0,3
16708,13,4
16709,15,4
16710,3,3
16711,10,3
16712,87,8
16713,8,3
16714,30,6
16715,0,3
16716,48,7
16717,3,4
16718,0,3
16719,0,3
16720,54,7
16721,0,3
16722,16,4
16723,0,3
16724,29,1
16725,5,3
16726,0,3
16727,35,4
16728,0,3
16729,6,3
16730,62,8
16731,0,3
16732,51,4
16733,0,3
16734,5,3
16735,0,3
16736,13,3
16737,55,7
16738,0,3
16739,0,3
16740,55,4
16741,0,3
16742,2,3
16743,14,4
16744,20,4
16745,0,3
16746,0,3
16747,0,3
16748,61,8
16749,0,3
16750,20,4
16751,18,5
16752,4,3
16753,0,3
16754,45,5
16755,32,8
16756,0,3
16757,0,3
16758,0,3
16759,8,4
16760,0,3
16761,3,3
16762,0,3
16763,68,10
16764,0,3
16765,4,3
16766,30,5
16767,19,3
16768,34,5
16769,0,3
16770,0,3
16771,55,4
16772,42,5
16773,0,3
16774,31,7
16775,16,4
16776,27,7
16777,12,5
16778,15,4
16779,26,5
16780,0,3
16781,0,3
16782,0,3
16783,10,4
16784,0,3
16785,0,3
16786,0,3
16787,0,3
16788,34,5
16789,0,3
16790,27,9
16791,0,3
16792,18,4
16793,1,3
16794,23,4
16795,26,5
16796,12,3
16797,63,1
16798,0,3
16799,1,3
16800,0,3
16801,0,3
16802,0,3
16803,27,6
16804,44,5
16805,0,3
16806,0,3
16807,14,3
16808,0,3
16809,0,3
16810,0,3
16811,9,4
16812,10,3
16813,12,5
16814,111,6
16815,26,3
16816,50,5
16817,109,7
16818,0,3
16819,32,9
16820,20,4
16821,70,10
16822,0,3
16823,21,6
16824,54,7
16825,9,3
16826,4,3
16827,22,4
16828,19,3
16829,12,3
16830,12,4
16831,2,3
16832,45,6
16833,36,5
16834,0,3
16835,1,3
16836,0,3
16837,39,9
16838,0,3
16839,0,3
16840,0,3
16841,36,6
16842,0,3
16843,16,4
16844,17,6
16845,55,7
16846,0,3
16847,0,3
16848,0,3
16849,11,3
16850,0,3
16851,0,3
16852,3,3
16853,32,4
16854,28,5
16855,0,3
16856,1,3
16857,26,5
16858,0,3
16859,0,3
16860,68,6
16861,0,3
16862,7,4
16863,93,10
16864,3,3
16865,20,3
16866,65,9
16867,50,5
16868,12,3
16869,23,5
16870,17,5
16871,51,4
16872,0,3
16873,89,3
16874,18,4
16875,10,4
16876,9,4
16877,38,5
16878,43,5
16879,30,7
16880,26,4
16881,0,3
16882,0,3
16883,0,3
16884,66,8
16885,82,3
16886,0,3
16887,0,3
16888,8,4
16889,17,5
16890,56,5
16891,0,3
16892,77,8
16893,21,7
16894,34,4
16895,15,4
16896,8,4
16897,29,6
16898,0,3
16899,78,5
16900,7,3
16901,13,4
16902,75,3
16903,0,3
16904,3,3
16905,17,5
16906,31,5
16907,14,5
16908,0,3
16909,2,3
16910,0,3
16911,55,4
16912,0,3
16913,24,3
16914,36,6
16915,0,3
16916,1,3
16917,0,3
16918,54,7
16919,0,3
16920,4,4
16921,57,7
16922,39,6
16923,13,5
16924,3,3
16925,49,5
16926,66,5
16927,39,4
16928,30,6
16929,25,6
16930,0,3
16931,0,3
16932,0,3
16933,0,3
16934,21,5
16935,0,3
16936,38,5
16937,1,3
16938,7,3
16939,0,3
16940,0,3
16941,0,3
16942,16,6
16943,22,4
16944,7,3
16945,65,10
16946,16,6
16947,0,3
16948,0,3
16949,36,5
16950,2,3
16951,10,3
16952,8,3
16953,0,3
16954,13,4
16955,28,7
16956,17,4
16957,29,3
16958,4,3
16959,27,4
16960,0,3
16961,0,3
16962,1,3
16963,0,3
16964,15,3
16965,0,3
16966,45,6
16967,0,3
16968,0,3
16969,0,3
16970,76,6
16971,14,5
16972,0,3
16973,3,3
16974,1,4
16975,30,4
16976,2,3
16977,0,3
16978,0,3
16979,24,6
16980,15,6
16981,0,3
16982,14,6
16983,9,4
16984,12,5
16985,30,4
16986,0,3
16987,27,3
16988,0,3
16989,3,3
16990,21,5
16991,56,3
16992,7,3
16993,27,5
16994,9,4
16995,26,5
16996,19,4
16997,2,4
16998,0,3
16999,0,3
17000,53,7
17001,8,3
17002,0,3
17003,14,5
17004,0,3
17005,46,6
17006,0,3
17007,0,3
17008,62,6
17009,14,5
17010,132,8
17011,88,6
17012,36,5
17013,43,5
17014,52,8
17015,34,4
17016,3,4
17017,1,3
17018,11,3
17019,0,3
17020,19,4
17021,1,3
17022,14,4
17023,0,3
17024,22,6
17025,3,3
17026,35,5
17027,0,3
17028,4,4
17029,15,7
17030,24,6
17031,0,3
17032,0,3
17033,0,3
17034,10,8
17035,0,3
17036,48,8
17037,0,3
17038,33,6
17039,24,5
17040,53,6
17041,1,3
17042,1,3
17043,0,3
17044,38,5
17045,76,6
17046,12,3
17047,0,3
17048,0,3
17049,30,4
17050,42,9
17051,9,4
17052,0,3
17053,0,3
17054,19,5
17055,22,5
17056,0,3
17057,1,3
17058,0,3
17059,0,3
17060,13,4
17061,21,4
17062,50,7
17063,21,5
17064,0,3
17065,10,4
17066,0,3
17067,0,3
17068,43,6
17069,16,4
17070,0,3
17071,59,6
17072,0,3
17073,59,6
17074,0,3
17075,85,5
17076,47,4
17077,0,3
17078,4,3
17079,55,8
17080,26,5
17081,4,3
17082,19,6
17083,0,3
17084,0,3
17085,0,3
17086,24,4
17087,45,7
17088,13,4
17089,0,3
17090,0,3
17091,0,3
17092,0,3
17093,50,6
17094,24,5
17095,23,5
17096,52,5
17097,41,3
17098,3,3
17099,167,6
17100,0,3
17101,6,3
17102,31,6
17103,0,3
17104,0,3
17105,28,5
17106,0,3
17107,55,7
17108,0,3
17109,0,3
17110,0,3
17111,24,5
17112,7,5
17113,2,3
17114,21,3
17115,0,3
17116,3,3
17117,12,5
17118,25,6
17119,1,3
17120,30,5
17121,11,5
17122,0,3
17123,52,7
17124,10,4
17125,0,3
17126,24,5
17127,5,4
17128,33,4
17129,0,3
17130,53,6
17131,2,3
17132,0,3
17133,0,3
17134,0,3
17135,0,3
17136,45,8
17137,36,8
17138,0,3
17139,0,3
17140,78,10
17141,29,6
17142,29,6
17143,62,8
17144,22,4
17145,0,3
17146,0,3
17147,0,3
17148,0,3
17149,13,5
17150,0,3
17151,8,5
17152,14,6
17153,55,7
17154,36,5
17155,5,5
17156,0,3
17157,38,5
17158,28,8
17159,0,3
17160,0,3
17161,5,3
17162,8,3
17163,30,7
17164,1,3
17165,0,3
17166,28,6
17167,43,5
17168,0,3
17169,5,3
17170,0,3
17171,11,3
17172,0,3
17173,14,3
17174,0,3
17175,32,6
17176,0,3
17177,53,7
17178,0,3
17179,29,4
17180,1,3
17181,7,4
17182,0,3
17183,0,3
17184,10,3
17185,28,6
17186,17,5
17187,0,3
17188,0,3
17189,0,3
17190,39,7
17191,62,7
17192,59,5
17193,0,3
17194,0,3
17195,17,6
17196,13,2
17197,0,3
17198,31,6
17199,0,3
17200,0,3
17201,0,3
17202,18,4
17203,26,5
17204,0,3
17205,24,3
17206,33,7
17207,52,4
17208,0,3
17209,22,4
17210,0,3
17211,62,4
17212,17,4
17213,0,3
17214,0,3
17215,41,7
17216,0,3
17217,2,4
17218,39,2
17219,9,4
17220,7,5
17221,13,6
17222,9,3
17223,0,3
17224,16,7
17225,13,3
17226,1,3
17227,14,4
17228,5,4
17229,71,4
17230,0,3
17231,23,5
17232,20,7
17233,18,5
17234,20,3
17235,12,3
17236,39,3
17237,3,3
17238,17,5
17239,29,5
17240,16,6
17241,0,3
17242,13,5
17243,51,6
17244,0,3
17245,35,5
17246,11,5
17247,0,3
17248,3,3
17249,0,3
17250,0,3
17251,14,3
17252,5,4
17253,0,3
17254,0,3
17255,15,5
17256,0,3
17257,0,3
17258,32,4
17259,0,3
17260,27,5
17261,0,3
17262,28,5
17263,70,9
17264,0,3
17265,27,7
17266,17,5
17267,15,3
17268,29,5
17269,54,6
17270,43,7
17271,0,3
17272,8,4
17273,62,5
17274,0,3
17275,14,5
17276,0,3
17277,0,3
17278,4,3
17279,9,3
17280,119,3
17281,23,4
17282,30,6
17283,46,7
17284,6,3
17285,0,3
17286,13,6
17287,34,6
17288,14,3
17289,28,4
17290,22,4
17291,76,7
17292,7,3
17293,38,7
17294,12,4
17295,24,7
17296,0,3
17297,0,3
17298,10,5
17299,15,4
17300,77,8
17301,37,7
17302,28,5
17303,6,4
17304,26,3
17305,0,3
17306,0,3
17307,0,3
17308,0,3
17309,17,4
17310,0,3
17311,6,3
17312,62,7
17313,0,3
17314,11,7
17315,17,4
17316,0,3
17317,0,3
17318,58,8
17319,41,7
17320,60,5
17321,2,3
17322,30,5
17323,7,3
17324,13,5
17325,0,3
17326,33,5
17327,10,3
17328,0,3
17329,4,3
17330,6,3
17331,48,8
17332,21,3
17333,37,6
17334,0,3
17335,0,3
17336,0,3
17337,7,3
17338,1,3
17339,61,5
17340,28,6
17341,25,2
17342,24,4
17343,25,5
17344,4,3
17345,8,3
17346,22,4
17347,0,3
17348,12,5
17349,0,3
17350,1,3
17351,25,5
17352,0,3
17353,0,3
17354,14,5
17355,0,3
17356,12,5
17357,0,3
17358,40,5
17359,29,6
17360,42,5
17361,36,5
17362,4,4
17363,8,5
17364,5,3
17365,59,6
17366,0,3
17367,0,3
17368,36,6
17369,13,4
17370,25,4
17371,0,3
17372,23,3
17373,37,3
17374,0,3
17375,29,4
17376,18,7
17377,5,3
17378,0,3
17379,0,3
17380,30,5
17381,0,3
17382,48,6
17383,2,3
17384,21,5
17385,46,7
17386,1,3
17387,0,3
17388,6,3
17389,36,5
17390,0,3
17391,40,4
17392,0,3
17393,28,4
17394,0,3
17395,0,3
17396,0,3
17397,37,6
17398,33,7
17399,43,6
17400,27,4
17401,39,4
17402,10,4
17403,6,4
17404,40,6
17405,15,5
17406,0,3
17407,0,3
17408,25,7
17409,55,7
17410,0,3
17411,16,6
17412,10,4
17413,1,3
17414,17,4
17415,11,4
17416,0,3
17417,21,4
17418,12,3
17419,16,4
17420,0,3
17421,7,3
17422,72,7
17423,36,7
17424,22,3
17425,0,3
17426,0,3
17427,57,5
17428,4,4
17429,0,3
17430,9,3
17431,21,5
17432,3,3
17433,65,4
17434,0,3
17435,49,7
17436,18,4
17437,40,7
17438,0,3
17439,10,3
17440,0,3
17441,0,3
17442,25,6
17443,83,7
17444,24,5
17445,14,3
17446,13,3
17447,0,3
17448,13,4
17449,0,3
17450,0,3
17451,21,4
17452,24,5
17453,20,4
17454,0,3
17455,7,3
17456,7,3
17457,14,3
17458,73,6
17459,0,3
17460,77,9
17461,61,8
17462,0,3
17463,0,3
17464,41,8
17465,27,3
17466,10,4
17467,35,9
17468,19,6
17469,21,4
17470,0,3
17471,4,3
17472,0,3
17473,12,3
17474,0,3
17475,0,3
17476,73,6
17477,18,5
17478,83,5
17479,0,3
17480,27,9
17481,0,3
17482,44,5
17483,0,3
17484,0,3
17485,0,3
17486,9,5
17487,14,6
17488,0,3
17489,20,4
17490,17,3
17491,0,3
17492,0,3
17493,0,3
17494,0,3
17495,43,6
17496,10,4
17497,0,3
17498,65,5
17499,0,3
17500,46,7
17501,33,5
17502,0,3
17503,12,3
17504,71,7
17505,0,3
17506,0,3
17507,26,8
17508,11,4
17509,14,5
17510,0,3
17511,38,4
17512,20,6
17513,53,6
17514,25,5
17515,7,3
17516,0,3
17517,9,6
17518,0,3
17519,4,3
17520,65,8
17521,21,4
17522,25,3
17523,41,5
17524,0,3
17525,0,3
17526,0,3
17527,0,3
17528,0,3
17529,45,6
17530,0,3
17531,60,7
17532,13,3
17533,11,3
17534,16,4
17535,46,7
17536,2,3
17537,17,4
17538,45,4
17539,15,5
17540,0,3
17541,78,7
17542,0,3
17543,19,4
17544,0,3
17545,30,7
17546,25,4
17547,85,8
17548,45,6
17549,75,10
17550,13,4
17551,0,3
17552,5,4
17553,0,3
17554,0,3
17555,54,6
17556,25,7
17557,26,5
17558,63,1
17559,0,3
17560,18,4
17561,5,4
17562,69,5
17563,0,3
17564,0,3
17565,7,4
17566,7,3
17567,23,4
17568,59,3
17569,14,4
17570,0,3
17571,18,5
17572,0,3
17573,52,9
17574,0,3
17575,0,3
17576,17,5
17577,16,4
17578,52,3
17579,40,8
17580,10,4
17581,0,3
17582,25,4
17583,0,3
17584,5,3
17585,45,4
17586,9,4
17587,5,4
17588,0,3
17589,16,5
17590,3,3
17591,0,3
17592,24,4
17593,0,3
17594,6,3
17595,1,3
17596,0,3
17597,1,3
17598,7,3
17599,30,5
17600,12,4
17601,0,3
17602,42,8
17603,4,3
17604,22,5
17605,1,3
17606,20,6
17607,24,7
17608,0,3
17609,0,3
17610,11,4
17611,0,3
17612,0,3
17613,7,4
17614,7,5
17615,0,3
17616,68,6
17617,16,4
17618,12,3
17619,68,8
17620,6,4
17621,14,5
17622,33,4
17623,0,3
17624,6,4
17625,37,8
17626,23,5
17627,0,3
17628,0,3
17629,25,5
17630,0,3
17631,25,4
17632,46,4
17633,20,3
17634,0,3
17635,21,3
17636,39,7
17637,12,3
17638,26,3
17639,69,4
17640,0,3
17641,3,3
17642,5,3
17643,21,6
17644,37,7
17645,20,4
17646,0,3
17647,0,3
17648,38,9
17649,4,4
17650,0,3
17651,53,6
17652,0,3
17653,24,5
17654,0,3
17655,0,3
17656,6,3
17657,0,3
17658,17,4
17659,15,4
17660,5,3
17661,0,3
17662,11,3
17663,0,3
17664,0,3
17665,0,3
17666,23,5
17667,0,3
17668,24,3
17669,10,5
17670,0,3
17671,49,6
17672,52,5
17673,0,3
17674,0,3
17675,0,3
17676,0,3
17677,1,3
17678,0,3
17679,6,3
17680,0,3
17681,0,3
17682,52,4
17683,11,4
17684,10,3
17685,50,4
17686,0,3
17687,1,3
17688,0,3
17689,0,3
17690,1,3
17691,3,3
17692,3,3
17693,0,3
17694,14,5
17695,0,3
17696,14,3
17697,51,2
17698,0,3
17699,40,5
17700,48,9
17701,44,7
17702,32,7
17703,34,6
17704,0,3
17705,13,4
17706,0,3
17707,46,6
17708,40,5
17709,49,7
17710,0,3
17711,28,5
17712,46,8
17713,39,6
17714,17,4
17715,0,3
17716,0,3
17717,0,3
17718,0,3
17719,17,5
17720,0,3
17721,0,3
17722,51,8
17723,0,3
17724,0,3
17725,9,5
17726,20,4
17727,0,3
17728,39,7
17729,50,7
17730,0,3
17731,0,3
17732,36,6
17733,22,4
17734,92,9
17735,0,3
17736,0,3
17737,29,6
17738,3,3
17739,22,4
17740,63,6
17741,6,5
17742,0,3
17743,0,3
17744,0,3
17745,0,3
17746,37,5
17747,11,2
17748,0,3
17749,4,3
17750,0,3
17751,21,6
17752,34,5
17753,0,3
17754,60,8
17755,80,5
17756,0,3
17757,38,4
17758,40,7
17759,15,2
17760,25,3
17761,40,11
17762,50,6
17763,0,3
17764,18,5
17765,8,3
17766,5,4
17767,34,8
17768,44,5
17769,0,3
17770,0,3
17771,21,4
17772,39,4
17773,30,5
17774,0,3
17775,27,5
17776,0,3
17777,0,3
17778,22,4
17779,0,3
17780,0,3
17781,0,3
17782,0,3
17783,36,6
17784,84,11
17785,19,4
17786,31,5
17787,5,5
17788,12,4
17789,2,3
17790,44,8
17791,31,4
17792,37,4
17793,9,5
17794,0,3
17795,0,3
17796,22,4
17797,21,3
17798,25,5
17799,9,4
17800,40,4
17801,35,6
17802,46,4
17803,14,5
17804,16,5
17805,78,5
17806,0,3
17807,20,6
17808,31,4
17809,0,3
17810,78,12
17811,20,5
17812,28,6
17813,0,3
17814,41,6
17815,37,8
17816,0,3
17817,31,4
17818,2,3
17819,14,3
17820,46,4
17821,45,6
17822,0,3
17823,27,4
17824,0,3
17825,0,3
17826,0,3
17827,38,6
17828,0,3
17829,4,4
17830,19,3
17831,47,10
17832,22,3
17833,0,3
17834,0,3
17835,0,3
17836,23,7
17837,6,3
17838,0,3
17839,11,5
17840,13,4
17841,14,5
17842,23,7
17843,11,3
17844,10,3
17845,14,4
17846,67,7
17847,11,6
17848,0,3
17849,0,3
17850,0,3
17851,8,3
17852,39,4
17853,0,3
17854,49,7
17855,2,3
17856,47,8
17857,0,3
17858,15,2
17859,0,3
17860,0,3
17861,0,3
17862,36,5
17863,0,3
17864,22,6
17865,5,3
17866,5,3
17867,8,3
17868,9,4
17869,11,3
17870,22,6
17871,3,3
17872,0,3
17873,32,7
17874,1,3
17875,2,3
17876,15,3
17877,7,3
17878,79,10
17879,1,4
17880,0,3
17881,79,8
17882,0,3
17883,10,4
17884,0,3
17885,80,4
17886,20,6
17887,9,3
17888,0,3
17889,6,3
17890,23,7
17891,25,4
17892,0,3
17893,35,3
17894,1,3
17895,53,3
17896,1,3
17897,111,6
17898,1,3
17899,0,3
17900,38,5
17901,0,3
17902,1,3
17903,0,3
17904,1,3
17905,0,3
17906,48,5
17907,0,3
17908,18,5
17909,0,3
17910,0,3
17911,49,3
17912,31,7
17913,0,3
17914,44,8
17915,26,5
17916,38,6
17917,27,5
17918,6,3
17919,37,3
17920,32,7
17921,67,5
17922,0,3
17923,79,8
17924,0,3
17925,7,3
17926,84,4
17927,0,3
17928,0,3
17929,5,3
17930,0,3
17931,38,8
17932,8,5
17933,0,3
17934,18,5
17935,0,3
17936,24,5
17937,34,7
17938,40,8
17939,23,7
17940,90,7
17941,29,5
17942,38,6
17943,16,5
17944,0,3
17945,12,4
17946,0,3
17947,6,4
17948,29,8
17949,44,6
17950,0,3
17951,8,3
17952,24,6
17953,4,4
17954,0,3
17955,31,4
17956,0,3
17957,0,3
17958,29,4
17959,46,6
17960,33,5
17961,66,6
17962,5,3
17963,0,3
17964,1,3
17965,38,8
17966,11,4
17967,6,4
17968,49,8
17969,106,9
17970,6,4
17971,0,3
17972,0,3
17973,44,5
17974,33,5
17975,0,3
17976,0,3
17977,11,3
17978,0,3
17979,84,10
17980,9,4
17981,16,4
17982,33,10
17983,67,4
17984,0,3
17985,37,5
17986,14,3
17987,28,6
17988,36,7
17989,17,5
17990,37,5
17991,8,4
17992,0,3
17993,0,3
17994,26,6
17995,38,4
17996,0,3
17997,18,5
17998,0,3
17999,0,3
18000,22,6
18001,35,10
18002,11,4
18003,39,8
18004,11,5
18005,1,3
18006,38,4
18007,0,3
18008,17,4
18009,0,3
18010,10,3
18011,69,7
18012,30,5
18013,61,9
18014,0,3
18015,4,3
18016,0,3
18017,68,4
18018,30,7
18019,3,3
18020,0,3
18021,0,3
18022,7,4
18023,15,3
18024,0,3
18025,0,3
18026,20,5
18027,6,3
18028,11,3
18029,28,4
18030,37,9
18031,8,5
18032,3,3
18033,16,4
18034,0,3
18035,0,3
18036,0,3
18037,7,4
18038,0,3
18039,10,4
18040,20,5
18041,4,3
18042,47,10
18043,36,5
18044,0,3
18045,0,3
18046,7,3
18047,15,5
18048,0,3
18049,31,5
18050,49,5
18051,0,3
18052,0,3
18053,0,3
18054,0,3
18055,0,3
18056,0,3
18057,15,3
18058,22,4
18059,0,3
18060,0,3
18061,73,3
18062,0,3
18063,92,9
18064,33,5
18065,91,8
18066,12,5
18067,31,5
18068,81,7
18069,0,3
18070,21,4
18071,23,6
18072,30,5
18073,46,9
18074,40,10
18075,61,7
18076,58,7
18077,0,3
18078,59,8
18079,42,6
18080,0,3
18081,13,3
18082,0,3
18083,0,3
18084,0,3
18085,0,3
18086,9,4
18087,18,8
18088,0,3
18089,50,9
18090,0,3
18091,31,7
18092,0,3
18093,0,3
18094,36,7
18095,61,8
18096,14,3
18097,5,3
18098,0,3
18099,0,3
18100,11,4
18101,0,3
18102,29,3
18103,29,3
18104,39,7
18105,0,3
18106,48,5
18107,34,4
18108,10,3
18109,67,8
18110,63,7
18111,40,7
18112,21,3
18113,34,3
18114,0,3
18115,0,3
18116,0,3
18117,14,4
18118,0,3
18119,12,5
18120,17,4
18121,26,4
18122,13,3
18123,0,3
18124,42,7
18125,66,10
18126,25,6
18127,0,3
18128,0,3
18129,11,4
18130,0,3
18131,18,4
18132,0,3
18133,0,3
18134,24,5
18135,0,3
18136,28,4
18137,49,6
18138,0,3
18139,15,3
18140,22,7
18141,58,8
18142,4,3
18143,9,5
18144,0,3
18145,0,3
18146,13,4
18147,0,3
18148,3,3
18149,0,3
18150,3,4
18151,3,3
18152,16,4
18153,0,3
18154,83,5
18155,69,8
18156,0,3
18157,37,8
18158,60,9
18159,33,9
18160,25,5
18161,29,5
18162,0,3
18163,0,3
18164,0,3
18165,0,3
18166,0,3
18167,50,6
18168,0,3
18169,6,3
18170,21,5
18171,4,3
18172,0,3
18173,35,5
18174,3,3
18175,97,5
18176,0,3
18177,0,3
18178,59,7
18179,17,4
18180,38,6
18181,18,5
18182,24,6
18183,44,7
18184,53,5
18185,23,4
18186,6,3
18187,0,3
18188,4,3
18189,0,3
18190,0,3
18191,30,7
18192,74,8
18193,20,4
18194,24,5
18195,2,3
18196,0,3
18197,54,5
18198,11,4
18199,0,3
18200,36,7
18201,0,3
18202,0,3
18203,1,3
18204,53,9
18205,0,3
18206,0,3
18207,54,7
18208,50,7
18209,32,7
18210,34,5
18211,5,3
18212,0,3
18213,0,3
18214,16,5
18215,0,3
18216,8,3
18217,14,3
18218,10,4
18219,12,3
18220,8,5
18221,29,5
18222,56,5
18223,38,9
18224,49,5
18225,4,4
18226,21,5
18227,13,5
18228,60,7
18229,0,3
18230,26,4
18231,0,3
18232,0,3
18233,27,5
18234,11,5
18235,0,3
18236,0,3
18237,0,3
18238,28,3
18239,0,3
18240,54,9
18241,28,3
18242,84,7
18243,0,3
18244,0,3
18245,81,2
18246,34,8
18247,0,3
18248,0,3
18249,25,6
18250,33,5
18251,1,3
18252,64,8
18253,15,4
18254,5,3
18255,0,3
18256,6,3
18257,34,4
18258,0,3
18259,0,3
18260,20,5
18261,28,7
18262,0,3
18263,2,3
18264,0,3
18265,0,3
18266,19,6
18267,0,3
18268,0,3
18269,5,3
18270,103,9
18271,48,4
18272,24,5
18273,0,3
18274,0,3
18275,0,3
18276,12,4
18277,0,3
18278,5,3
18279,79,11
18280,21,3
18281,0,3
18282,0,3
18283,0,3
18284,0,3
18285,61,8
18286,0,3
18287,45,7
18288,17,5
18289,25,3
18290,0,3
18291,0,3
18292,53,10
18293,44,6
18294,29,6
18295,20,4
18296,0,3
18297,8,3
18298,5,3
18299,41,5
18300,35,8
18301,0,3
18302,0,3
18303,185,3
18304,5,3
18305,26,5
18306,11,4
18307,34,5
18308,40,7
18309,0,3
18310,32,4
18311,18,4
18312,0,3
18313,24,5
18314,0,3
18315,10,4
18316,20,5
18317,17,6
18318,0,3
18319,10,3
18320,32,3
18321,44,6
18322,54,6
18323,70,8
18324,32,4
18325,11,6
18326,36,7
18327,33,5
18328,39,6
18329,49,8
18330,25,7
18331,9,4
18332,19,6
18333,7,3
18334,36,10
18335,33,6
18336,0,3
18337,43,9
18338,12,4
18339,18,5
18340,30,7
18341,20,3
18342,13,4
18343,22,5
18344,14,3
18345,0,3
18346,0,3
18347,20,5
18348,0,3
18349,9,3
18350,0,3
18351,0,3
18352,0,3
18353,29,4
18354,0,3
18355,2,3
18356,0,3
18357,69,6
18358,18,6
18359,67,5
18360,0,3
18361,13,4
18362,74,7
18363,37,6
18364,0,3
18365,19,5
18366,0,3
18367,3,3
18368,17,4
18369,33,5
18370,26,5
18371,20,5
18372,0,3
18373,50,9
18374,0,3
18375,6,3
18376,0,3
18377,17,4
18378,0,3
18379,0,3
18380,25,6
18381,18,4
18382,4,3
18383,40,6
18384,0,3
18385,31,8
18386,51,5
18387,6,4
18388,10,3
18389,22,4
18390,24,4
18391,53,7
18392,60,7
18393,47,6
18394,0,3
18395,36,6
18396,7,3
18397,0,3
18398,7,5
18399,0,3
18400,39,7
18401,0,3
18402,29,7
18403,26,5
18404,23,6
18405,12,5
18406,0,3
18407,17,3
18408,26,7
18409,34,6
18410,0,3
18411,0,3
18412,57,7
18413,59,9
18414,12,4
18415,44,8
18416,24,6
18417,11,4
18418,0,3
18419,0,3
18420,8,4
18421,0,3
18422,0,3
18423,0,3
18424,2,3
18425,32,3
18426,5,5
18427,13,7
18428,0,3
18429,18,4
18430,0,3
18431,0,3
18432,22,5
18433,19,5
18434,0,3
18435,0,3
18436,57,10
18437,0,3
18438,0,3
18439,13,5
18440,0,3
18441,0,3
18442,0,3
18443,4,3
18444,16,5
18445,26,7
18446,0,3
18447,44,6
18448,42,5
18449,0,3
18450,0,3
18451,44,6
18452,16,5
18453,16,4
18454,60,4
18455,43,11
18456,44,4
18457,7,4
18458,0,3
18459,18,6
18460,2,3
18461,16,5
18462,37,4
18463,0,3
18464,0,3
18465,0,3
18466,53,4
18467,30,6
18468,0,3
18469,81,11
18470,15,5
18471,0,3
18472,0,3
18473,7,4
18474,16,3
18475,105,6
18476,0,3
18477,0,3
18478,0,3
18479,9,5
18480,0,3
18481,1,3
18482,0,3
18483,10,5
18484,16,4
18485,18,5
18486,11,3
18487,0,3
18488,7,3
18489,6,3
18490,13,5
18491,0,3
18492,37,5
18493,0,3
18494,0,3
18495,102,6
18496,23,6
18497,11,4
18498,0,3
18499,0,3
18500,7,2
18501,14,5
18502,81,5
18503,0,3
18504,35,7
18505,43,7
18506,6,3
18507,23,7
18508,0,3
18509,46,12
18510,36,5
18511,0,3
18512,61,7
18513,1,3
18514,45,5
18515,0,3
18516,14,4
18517,9,4
18518,5,3
18519,39,5
18520,30,7
18521,70,6
18522,49,6
18523,17,5
18524,0,3
18525,48,6
18526,57,7
18527,15,4
18528,27,5
18529,0,3
18530,37,5
18531,82,7
18532,37,4
18533,17,2
18534,5,4
18535,0,3
18536,62,10
18537,0,3
18538,0,3
18539,83,5
18540,0,3
18541,2,3
18542,80,5
18543,0,3
18544,37,3
18545,0,3
18546,23,5
18547,33,7
18548,0,3
18549,62,7
18550,67,9
18551,0,3
18552,91,12
18553,0,3
18554,0,3
18555,24,5
18556,20,5
18557,46,7
18558,0,3
18559,43,7
18560,8,3
18561,37,5
18562,31,4
18563,5,4
18564,22,6
18565,41,7
18566,0,3
18567,33,5
18568,22,4
18569,96,7
18570,33,5
18571,4,3
18572,62,6
18573,4,4
18574,23,4
18575,25,4
18576,71,8
18577,49,7
18578,0,3
18579,10,5
18580,12,5
18581,57,9
18582,20,7
18583,1,3
18584,0,3
18585,0,3
18586,93,7
18587,0,3
18588,23,5
18589,6,4
18590,27,7
18591,10,4
18592,12,5
18593,8,4
18594,0,3
18595,0,3
18596,3,3
18597,72,7
18598,12,4
18599,32,8
18600,18,5
18601,1,3
18602,23,7
18603,35,7
18604,23,3
18605,57,5
18606,8,4
18607,0,3
18608,39,7
18609,47,6
18610,1,3
18611,3,3
18612,0,3
18613,0,3
18614,11,5
18615,13,4
18616,38,7
18617,0,3
18618,45,7
18619,15,6
18620,57,5
18621,0,3
18622,0,3
18623,1,3
18624,0,3
18625,0,3
18626,1,3
18627,11,3
18628,16,4
18629,26,5
18630,22,5
18631,56,10
18632,21,6
18633,25,5
18634,0,3
18635,31,6
18636,0,3
18637,47,7
18638,56,5
18639,16,5
18640,0,3
18641,25,4
18642,30,5
18643,6,3
18644,67,5
18645,0,3
18646,23,5
18647,3,3
18648,55,5
18649,0,3
18650,27,4
18651,50,5
18652,55,5
18653,43,7
18654,0,3
18655,0,3
18656,0,3
18657,0,3
18658,1,3
18659,61,7
18660,28,5
18661,34,7
18662,27,5
18663,45,7
18664,32,6
18665,0,3
18666,59,6
18667,37,3
18668,41,6
18669,18,5
18670,4,3
18671,0,3
18672,0,3
18673,48,9
18674,26,9
18675,0,3
18676,12,3
18677,64,6
18678,0,3
18679,16,4
18680,9,3
18681,10,4
18682,12,4
18683,25,5
18684,20,6
18685,10,3
18686,23,5
18687,22,6
18688,45,4
18689,81,4
18690,12,4
18691,0,3
18692,24,6
18693,0,3
18694,0,3
18695,29,4
18696,62,6
18697,18,7
18698,10,5
18699,7,3
18700,0,3
18701,0,3
18702,0,3
18703,1,3
18704,0,3
18705,1,3
18706,3,3
18707,0,3
18708,0,3
18709,55,5
18710,21,7
18711,40,8
18712,35,8
18713,21,5
18714,54,7
18715,106,7
18716,0,3
18717,0,3
18718,14,3
18719,50,6
18720,52,11
18721,32,8
18722,0,3
18723,0,3
18724,0,3
18725,0,3
18726,43,6
18727,6,3
18728,31,6
18729,0,3
18730,55,5
18731,12,4
18732,24,5
18733,47,4
18734,86,6
18735,23,5
18736,23,5
18737,36,6
18738,0,3
18739,3,3
18740,0,3
18741,29,7
18742,11,4
18743,37,2
18744,53,8
18745,0,3
18746,0,3
18747,8,3
18748,0,3
18749,56,7
18750,58,8
18751,0,3
18752,21,6
18753,0,3
18754,0,3
18755,0,3
18756,0,3
18757,5,3
18758,37,7
18759,23,6
18760,0,3
18761,16,4
18762,0,3
18763,57,10
18764,31,7
18765,0,3
18766,0,3
18767,26,6
18768,0,3
18769,0,3
18770,0,3
18771,0,3
18772,0,3
18773,12,6
18774,44,5
18775,24,3
18776,0,3
18777,37,8
18778,26,5
18779,12,4
18780,0,3
18781,60,8
18782,24,6
18783,13,5
18784,0,3
18785,12,5
18786,4,3
18787,23,2
18788,52,7
18789,23,6
18790,0,3
18791,73,3
18792,1,3
18793,31,7
18794,0,3
18795,0,3
18796,18,5
18797,50,4
18798,0,3
18799,21,5
18800,8,3
18801,14,5
18802,19,6
18803,15,4
18804,0,3
18805,31,5
18806,0,3
18807,41,4
18808,32,6
18809,17,4
18810,3,3
18811,0,3
18812,21,5
18813,21,4
18814,11,4
18815,24,3
18816,10,4
18817,0,3
18818,16,4
18819,99,9
18820,33,4
18821,11,2
18822,63,6
18823,24,5
18824,0,3
18825,0,3
18826,0,3
18827,0,3
18828,23,6
18829,0,3
18830,45,7
18831,67,5
18832,38,8
18833,25,3
18834,0,3
18835,37,9
18836,20,5
18837,0,3
18838,4,3
18839,31,7
18840,22,5
18841,0,3
18842,0,3
18843,62,5
18844,0,3
18845,11,3
18846,0,3
18847,58,7
18848,1,3
18849,17,5
18850,0,3
18851,53,6
18852,9,5
18853,35,8
18854,0,3
18855,1,3
18856,8,4
18857,0,3
18858,0,3
18859,26,3
18860,41,6
18861,0,3
18862,81,10
18863,20,5
18864,0,3
18865,0,3
18866,17,3
18867,0,3
18868,0,3
18869,5,3
18870,0,3
18871,7,3
18872,39,6
18873,0,3
18874,18,4
18875,7,3
18876,31,8
18877,0,3
18878,51,5
18879,0,3
18880,6,4
18881,14,5
18882,6,3
18883,0,3
18884,23,5
18885,0,3
18886,16,3
18887,52,9
18888,53,6
18889,0,3
18890,0,3
18891,18,4
18892,0,3
18893,0,3
18894,12,4
18895,0,3
18896,10,4
18897,50,6
18898,0,3
18899,0,3
18900,65,4
18901,11,3
18902,0,3
18903,27,3
18904,48,4
18905,0,3
18906,5,3
18907,25,5
18908,27,3
18909,0,3
18910,0,3
18911,13,4
18912,20,4
18913,0,3
18914,74,7
18915,1,3
18916,8,5
18917,7,5
18918,0,3
18919,76,7
18920,34,8
18921,34,5
18922,18,8
18923,0,3
18924,48,7
18925,10,5
18926,35,3
18927,19,6
18928,40,7
18929,0,3
18930,0,3
18931,0,3
18932,32,10
18933,9,4
18934,0,3
18935,28,4
18936,35,5
18937,66,6
18938,23,4
18939,63,12
18940,0,3
18941,0,3
18942,29,7
18943,15,3
18944,0,3
18945,0,3
18946,18,6
18947,5,3
18948,0,3
18949,22,7
18950,0,3
18951,12,5
18952,8,4
18953,8,3
18954,39,6
18955,29,4
18956,12,4
18957,0,3
18958,0,3
18959,42,6
18960,13,5
18961,32,5
18962,1,3
18963,0,3
18964,8,4
18965,16,4
18966,7,5
18967,2,4
18968,38,6
18969,0,3
18970,0,3
18971,29,4
18972,22,7
18973,35,5
18974,0,3
18975,32,3
18976,0,3
18977,20,7
18978,45,6
18979,39,7
18980,25,6
18981,36,6
18982,80,7
18983,0,3
18984,0,3
18985,12,5
18986,31,7
18987,150,9
18988,14,4
18989,21,4
18990,20,4
18991,13,5
18992,0,3
18993,19,5
18994,0,3
18995,15,4
18996,0,3
18997,10,3
18998,15,5
18999,10,6
19000,0,3
19001,40,5
19002,22,6
19003,0,3
19004,40,6
19005,0,3
19006,0,3
19007,0,3
19008,38,5
19009,0,3
19010,23,4
19011,60,5
19012,19,4
19013,39,5
19014,0,3
19015,27,5
19016,0,3
19017,0,3
19018,29,8
19019,0,3
19020,0,3
19021,0,3
19022,30,6
19023,10,3
19024,0,3
19025,0,3
19026,61,7
19027,0,3
19028,21,3
19029,0,3
19030,0,3
19031,0,3
19032,71,8
19033,0,3
19034,2,3
19035,19,6
19036,59,7
19037,2,3
19038,24,3
19039,23,5
19040,47,6
19041,19,5
19042,0,3
19043,63,8
19044,4,3
19045,14,4
19046,14,4
19047,22,5
19048,0,3
19049,0,3
19050,21,7
19051,3,3
19052,39,6
19053,1,3
19054,0,3
19055,54,7
19056,73,9
19057,0,3
19058,0,3
19059,0,3
19060,20,6
19061,3,4
19062,14,4
19063,0,3
19064,0,3
19065,20,7
19066,0,3
19067,25,7
19068,0,3
19069,38,4
19070,17,7
19071,0,3
19072,61,8
19073,0,3
19074,0,3
19075,52,6
19076,0,3
19077,62,9
19078,13,4
19079,2,3
19080,0,3
19081,18,5
19082,25,6
19083,0,3
19084,29,4
19085,58,6
19086,42,5
19087,33,4
19088,0,3
19089,8,5
19090,11,4
19091,63,7
19092,0,3
19093,0,3
19094,15,3
19095,0,3
19096,0,3
19097,36,6
19098,0,3
19099,11,3
19100,17,5
19101,37,4
19102,4,3
19103,0,3
19104,15,3
19105,22,7
19106,5,5
19107,0,3
19108,0,3
19109,11,4
19110,0,3
19111,0,3
19112,41,7
19113,19,5
19114,23,5
19115,25,7
19116,0,3
19117,0,3
19118,0,3
19119,2,3
19120,17,6
19121,2,3
19122,1,3
19123,8,3
19124,0,3
19125,0,3
19126,11,5
19127,4,3
19128,18,8
19129,0,3
19130,0,3
19131,0,3
19132,9,3
19133,45,5
19134,16,5
19135,24,6
19136,11,4
19137,0,3
19138,14,6
19139,0,3
19140,68,8
19141,60,6
19142,0,3
19143,33,5
19144,1,3
19145,12,3
19146,100,10
19147,1,3
19148,4,4
19149,0,3
19150,24,3
19151,70,5
19152,0,3
19153,27,4
19154,1,3
19155,41,10
19156,0,3
19157,0,3
19158,21,5
19159,65,8
19160,0,3
19161,11,4
19162,42,7
19163,0,3
19164,23,4
19165,29,6
19166,0,3
19167,0,3
19168,7,3
19169,0,3
19170,70,6
19171,0,3
19172,22,5
19173,2,3
19174,0,3
19175,0,3
19176,2,3
19177,0,3
19178,0,3
19179,15,4
19180,0,3
19181,77,6
19182,5,3
19183,67,5
19184,0,3
19185,5,3
19186,26,8
19187,11,3
19188,0,3
19189,17,6
19190,11,5
19191,0,3
19192,0,3
19193,20,5
19194,0,3
19195,0,3
19196,0,3
19197,15,3
19198,0,3
19199,13,3
19200,18,5
19201,65,4
19202,0,3
19203,0,3
19204,0,3
19205,13,4
19206,15,4
19207,0,3
19208,36,7
19209,23,3
19210,20,8
19211,16,6
19212,7,4
19213,63,6
19214,1,3
19215,0,3
19216,45,5
19217,65,3
19218,2,3
19219,0,3
19220,0,3
19221,14,4
19222,2,3
19223,22,5
19224,0,3
19225,63,6
19226,4,3
19227,0,3
19228,0,3
19229,75,8
19230,0,3
19231,0,3
19232,0,3
19233,23,6
19234,0,3
19235,52,8
19236,0,3
19237,46,6
19238,14,4
19239,0,3
19240,1,3
19241,3,3
19242,0,3
19243,0,3
19244,58,5
19245,14,6
19246,0,3
19247,40,8
19248,0,3
19249,15,4
19250,28,6
19251,0,3
19252,0,3
19253,14,5
19254,17,5
19255,7,3
19256,43,7
19257,0,3
19258,10,4
19259,0,3
19260,0,3
19261,39,9
19262,15,5
19263,0,3
19264,23,4
19265,49,6
19266,0,3
19267,42,4
19268,30,5
19269,0,3
19270,0,3
19271,0,3
19272,38,6
19273,0,3
19274,68,8
19275,56,6
19276,1,3
19277,0,3
19278,34,8
19279,0,3
19280,19,3
19281,28,5
19282,18,5
19283,0,3
19284,12,4
19285,3,3
19286,0,3
19287,18,6
19288,0,3
19289,56,7
19290,14,5
19291,62,11
19292,0,3
19293,0,3
19294,41,6
19295,0,3
19296,71,9
19297,8,4
19298,19,4
19299,0,3
19300,0,3
19301,3,3
19302,10,3
19303,79,8
19304,2,3
19305,37,7
19306,0,3
19307,0,3
19308,50,5
19309,34,4
19310,2,3
19311,3,3
19312,0,3
19313,41,6
19314,0,3
19315,36,6
19316,0,3
19317,0,3
19318,28,7
19319,6,4
19320,13,3
19321,17,4
19322,0,3
19323,1,3
19324,0,3
19325,60,10
19326,0,3
19327,18,4
19328,0,3
19329,0,3
19330,84,4
19331,0,3
19332,0,3
19333,16,3
19334,0,3
19335,24,4
19336,28,8
19337,21,4
19338,0,3
19339,0,3
19340,52,7
19341,24,5
19342,50,4
19343,0,3
19344,0,3
19345,14,5
19346,0,3
19347,0,3
19348,0,3
19349,0,3
19350,0,3
19351,33,4
19352,29,4
19353,27,6
19354,0,3
19355,0,3
19356,7,3
19357,43,9
19358,10,3
19359,21,6
19360,8,5
19361,0,3
19362,82,7
19363,0,3
19364,49,7
19365,26,7
19366,0,3
19367,12,6
19368,0,3
19369,30,7
19370,0,3
19371,1,3
19372,0,3
19373,25,5
19374,0,3
19375,59,6
19376,0,3
19377,29,7
19378,0,3
19379,5,3
19380,11,5
19381,33,4
19382,0,3
19383,18,6
19384,9,5
19385,23,4
19386,50,7
19387,6,3
19388,4,4
19389,47,10
19390,20,5
19391,49,7
19392,61,8
19393,23,5
19394,84,10
19395,50,6
19396,0,3
19397,123,5
19398,0,3
19399,19,3
19400,90,7
19401,0,3
19402,7,3
19403,0,3
19404,0,3
19405,53,7
19406,14,5
19407,54,5
19408,18,4
19409,0,3
19410,31,8
19411,0,3
19412,0,3
19413,7,4
19414,59,6
19415,1,3
19416,11,5
19417,42,7
19418,39,6
19419,33,4
19420,0,3
19421,0,3
19422,28,7
19423,5,2
19424,8,4
19425,0,3
19426,60,8
19427,0,3
19428,0,3
19429,51,9
19430,37,6
19431,15,3
19432,66,9
19433,54,4
19434,0,3
19435,20,6
19436,2,3
19437,3,3
19438,38,6
19439,3,2
19440,12,4
19441,0,3
19442,22,4
19443,22,6
19444,0,3
19445,0,3
19446,27,5
19447,11,4
19448,28,8
19449,0,3
19450,25,7
19451,31,4
19452,40,7
19453,25,7
19454,0,3
19455,13,6
19456,0,3
19457,2,3
19458,59,7
19459,49,8
19460,40,7
19461,0,3
19462,61,6
19463,0,3
19464,0,3
19465,19,6
19466,45,11
19467,31,7
19468,0,3
19469,0,3
19470,10,3
19471,0,3
19472,7,3
19473,15,6
19474,63,9
19475,0,3
19476,52,9
19477,37,5
19478,0,3
19479,0,3
19480,0,3
19481,0,3
19482,36,8
19483,16,4
19484,14,5
19485,0,3
19486,0,3
19487,45,7
19488,0,3
19489,23,8
19490,50,6
19491,13,4
19492,31,7
19493,36,4
19494,0,3
19495,31,3
19496,0,3
19497,0,3
19498,27,7
19499,42,9
19500,12,4
19501,21,3
19502,39,5
19503,0,3
19504,0,3
19505,30,4
19506,0,3
19507,38,7
19508,27,4
19509,0,3
19510,0,3
19511,24,5
19512,0,3
19513,0,3
19514,1,3
19515,28,6
19516,0,3
19517,23,6
19518,0,3
19519,0,3
19520,0,3
19521,0,3
19522,48,5
19523,0,3
19524,0,3
19525,34,7
19526,0,3
19527,31,5
19528,1,3
19529,1,3
19530,35,7
19531,0,3
19532,0,3
19533,48,7
19534,0,3
19535,0,3
19536,50,9
19537,0,3
19538,2,3
19539,10,4
19540,48,6
19541,0,3
19542,2,3
19543,2,4
19544,0,3
19545,0,3
19546,7,4
19547,0,3
19548,10,4
19549,12,5
19550,0,3
19551,19,4
19552,0,3
19553,15,6
19554,43,4
19555,21,6
19556,40,6
19557,39,9
19558,13,4
19559,0,3
19560,0,3
19561,0,3
19562,17,4
19563,14,3
19564,34,7
19565,0,3
19566,0,3
19567,23,5
19568,0,3
19569,17,5
19570,0,3
19571,25,7
19572,17,3
19573,66,8
19574,7,4
19575,62,11
19576,0,3
19577,13,5
19578,26,5
19579,23,5
19580,0,3
19581,9,4
19582,0,3
19583,12,5
19584,74,7
19585,11,4
19586,0,3
19587,12,3
19588,46,6
19589,0,3
19590,25,4
19591,0,3
19592,0,3
19593,17,5
19594,0,3
19595,0,3
19596,27,5
19597,11,4
19598,0,3
19599,12,4
19600,0,3
19601,6,3
19602,0,3
19603,58,11
19604,0,3
19605,17,4
19606,0,3
19607,0,3
19608,0,3
19609,0,3
19610,28,7
19611,33,6
19612,35,4
19613,8,5
19614,39,5
19615,0,3
19616,1,3
19617,0,3
19618,23,6
19619,3,3
19620,10,4
19621,0,3
19622,20,4
19623,19,6
19624,0,3
19625,35,6
19626,42,6
19627,80,4
19628,0,3
19629,7,3
19630,17,6
19631,67,7
19632,22,5
19633,12,3
19634,41,8
19635,7,4
19636,0,3
19637,0,3
19638,23,5
19639,35,4
19640,0,3
19641,75,8
19642,34,7
19643,0,3
19644,27,4
19645,2,3
19646,0,3
19647,50,6
19648,15,4
19649,46,8
19650,48,6
19651,72,6
19652,0,3
19653,6,4
19654,0,3
19655,0,3
19656,31,4
19657,18,6
19658,0,3
19659,0,3
19660,35,6
19661,34,7
19662,50,5
19663,0,3
19664,32,7
19665,6,4
19666,15,3
19667,21,4
19668,81,11
19669,0,3
19670,15,6
19671,0,3
19672,72,3
19673,7,4
19674,4,3
19675,13,3
19676,0,3
19677,0,3
19678,0,3
19679,0,3
19680,6,3
19681,45,7
19682,23,4
19683,31,5
19684,0,3
19685,0,3
19686,37,5
19687,50,3
19688,19,3
19689,4,3
19690,0,3
19691,0,3
19692,18,6
19693,35,7
19694,2,3
19695,0,3
19696,0,3
19697,33,6
19698,46,12
19699,25,5
19700,2,4
19701,37,8
19702,6,3
19703,0,3
19704,3,3
19705,80,5
19706,88,7
19707,38,5
19708,33,5
19709,17,4
19710,58,7
19711,51,7
19712,0,3
19713,11,3
19714,46,3
19715,0,3
19716,31,6
19717,15,5
19718,34,8
19719,0,3
19720,15,6
19721,28,6
19722,70,7
19723,26,5
19724,0,3
19725,59,8
19726,6,3
19727,45,9
19728,8,3
19729,32,6
19730,0,3
19731,0,3
19732,0,3
19733,13,5
19734,49,9
19735,0,3
19736,4,3
19737,18,6
19738,0,3
19739,5,3
19740,11,4
19741,5,4
19742,27,4
19743,14,4
19744,6,4
19745,9,3
19746,10,4
19747,10,5
19748,75,6
19749,0,3
19750,0,3
19751,38,7
19752,0,3
19753,0,3
19754,1,3
19755,0,3
19756,0,3
19757,0,3
19758,37,7
19759,16,4
19760,29,4
19761,22,7
19762,29,6
19763,42,5
19764,0,3
19765,0,3
19766,5,3
19767,73,7
19768,52,8
19769,39,6
19770,60,8
19771,0,3
19772,57,7
19773,69,6
19774,55,6
19775,7,4
19776,0,3
19777,40,5
19778,14,8
19779,23,4
19780,6,6
19781,57,5
19782,56,8
19783,30,7
19784,0,3
19785,106,11
19786,0,3
19787,9,4
19788,0,3
19789,9,5
19790,59,9
19791,48,9
19792,31,5
19793,30,3
19794,58,5
19795,0,3
19796,0,3
19797,4,3
19798,19,4
19799,19,5
19800,36,7
19801,13,5
19802,54,5
19803,28,6
19804,0,3
19805,0,3
19806,0,3
19807,30,5
19808,36,8
19809,0,3
19810,13,4
19811,0,3
19812,3,3
19813,0,3
19814,0,3
19815,18,3
19816,3,4
19817,0,3
19818,14,5
19819,95,11
19820,24,5
19821,0,3
19822,0,3
19823,0,3
19824,0,3
19825,0,3
19826,31,4
19827,49,7
19828,0,3
19829,34,4
19830,0,3
19831,92,9
19832,0,3
19833,15,5
19834,9,3
19835,7,5
19836,75,9
19837,0,3
19838,31,2
19839,20,2
19840,37,8
19841,25,6
19842,11,3
19843,71,9
19844,67,10
19845,46,4
19846,53,8
19847,17,5
19848,0,3
19849,11,4
19850,16,4
19851,0,3
19852,42,5
19853,33,3
19854,59,10
19855,0,3
19856,8,3
19857,0,3
19858,84,8
19859,17,4
19860,0,3
19861,59,9
19862,4,4
19863,0,3
19864,0,3
19865,0,3
19866,39,6
19867,79,9
19868,38,8
19869,62,8
19870,19,8
19871,0,3
19872,0,3
19873,22,4
19874,70,7
19875,55,5
19876,0,3
19877,16,4
19878,0,3
19879,14,4
19880,85,7
19881,11,3
19882,0,3
19883,0,3
19884,67,11
19885,24,4
19886,0,3
19887,69,12
19888,0,3
19889,0,3
19890,12,3
19891,22,5
19892,7,4
19893,0,3
19894,7,4
19895,0,3
19896,48,7
19897,5,3
19898,0,3
19899,0,3
19900,0,3
19901,26,7
19902,51,7
19903,5,5
19904,0,3
19905,2,3
19906,5,4
19907,11,4
19908,60,7
19909,32,4
19910,27,5
19911,13,3
19912,6,4
19913,22,4
19914,48,7
19915,59,6
19916,48,10
19917,25,5
19918,93,8
19919,54,7
19920,27,4
19921,0,3
19922,40,6
19923,0,3
19924,4,3
19925,0,3
19926,25,4
19927,0,3
19928,34,8
19929,21,5
19930,8,4
19931,0,3
19932,15,5
19933,8,4
19934,12,4
19935,64,8
19936,54,8
19937,66,8
19938,16,6
19939,93,9
19940,2,3
19941,20,6
19942,0,3
19943,11,5
19944,45,7
19945,0,3
19946,12,3
19947,3,3
19948,0,3
19949,0,3
19950,0,3
19951,0,3
19952,12,6
19953,0,3
19954,8,3
19955,6,3
19956,25,5
19957,0,3
19958,0,3
19959,6,3
19960,44,6
19961,15,4
19962,15,3
19963,0,3
19964,40,4
19965,0,3
19966,2,3
19967,8,4
19968,47,8
19969,38,9
19970,8,4
19971,0,3
19972,0,3
19973,40,6
19974,0,3
19975,54,7
19976,0,3
19977,0,3
19978,0,3
19979,8,4
19980,36,4
19981,1,3
19982,59,8
19983,36,8
19984,0,3
19985,3,3
19986,47,7
19987,0,3
19988,27,8
19989,0,3
19990,0,3
19991,0,3
19992,25,4
19993,2,4
19994,0,3
19995,42,5
19996,0,3
19997,55,9
19998,39,7
19999,32,6
20000,38,4
20001,19,3
20002,31,6
20003,18,5
20004,34,5
20005,18,4
20006,0,3
20007,62,5
20008,17,4
20009,0,3
20010,56,6
20011,0,3
20012,13,5
20013,10,4
20014,6,3
20015,16,4
20016,9,3
20017,22,5
20018,0,3
20019,23,4
20020,25,4
20021,5,3
20022,0,3
20023,79,7
20024,43,4
20025,24,5
20026,0,3
20027,48,3
20028,30,5
20029,0,3
20030,82,7
20031,0,3
20032,37,6
20033,23,6
20034,28,6
20035,0,3
20036,0,3
20037,0,3
20038,0,3
20039,0,3
20040,0,3
20041,12,3
20042,40,8
20043,14,4
20044,26,8
20045,23,3
20046,17,3
20047,53,7
20048,0,3
20049,6,4
20050,20,5
20051,17,4
20052,0,3
20053,39,7
20054,7,4
20055,23,5
20056,72,6
20057,13,3
20058,0,3
20059,12,4
20060,14,4
20061,0,3
20062,3,3
20063,50,7
20064,0,3
20065,10,3
20066,0,3
20067,27,5
20068,19,5
20069,22,5
20070,0,3
20071,9,3
20072,24,6
20073,0,3
20074,1,3
20075,16,6
20076,0,3
20077,0,3
20078,0,3
20079,44,8
20080,0,3
20081,24,6
20082,47,9
20083,0,3
20084,0,3
20085,0,3
20086,19,6
20087,0,3
20088,0,3
20089,10,4
20090,0,3
20091,0,3
20092,21,4
20093,0,3
20094,24,4
20095,0,3
20096,9,4
20097,26,5
20098,26,6
20099,22,3
20100,0,3
20101,48,9
20102,10,4
20103,32,7
20104,18,3
20105,0,3
20106,0,3
20107,0,3
20108,0,3
20109,0,3
20110,21,7
20111,46,9
20112,31,6
20113,2,3
20114,16,3
20115,12,4
20116,0,3
20117,33,5
20118,0,3
20119,11,4
20120,0,3
20121,0,3
20122,46,9
20123,28,5
20124,24,4
20125,24,6
20126,49,7
20127,2,3
20128,41,5
20129,37,4
20130,0,3
20131,0,3
20132,0,3
20133,0,3
20134,0,3
20135,0,3
20136,24,3
20137,0,3
20138,219,5
20139,22,6
20140,0,3
20141,6,3
20142,0,3
20143,0,3
20144,6,4
20145,8,4
20146,0,3
20147,32,4
20148,33,7
20149,0,3
20150,24,5
20151,15,4
20152,0,3
20153,0,3
20154,0,3
20155,49,8
20156,13,4
20157,65,6
20158,27,6
20159,12,4
20160,99,6
20161,0,3
20162,80,8
20163,44,10
20164,35,4
20165,35,5
20166,10,2
20167,7,5
20168,0,3
20169,36,9
20170,92,11
20171,53,7
20172,0,3
20173,4,5
20174,0,3
20175,33,8
20176,33,6
20177,9,3
20178,0,3
20179,73,11
20180,0,3
20181,0,3
20182,0,3
20183,0,3
20184,27,8
20185,62,8
20186,0,3
20187,19,5
20188,0,3
20189,1,3
20190,0,3
20191,51,7
20192,31,8
20193,12,4
20194,0,3
20195,1,3
20196,13,5
20197,52,4
20198,25,4
20199,0,3
20200,27,7
20201,3,3
20202,57,5
20203,15,4
20204,0,3
20205,8,3
20206,0,3
20207,5,3
20208,0,3
20209,59,8
20210,20,4
20211,29,5
20212,0,3
20213,61,8
20214,23,3
20215,98,7
20216,15,5
20217,37,6
20218,0,3
20219,0,3
20220,0,3
20221,22,8
20222,0,3
20223,30,7
20224,33,2
20225,0,3
20226,48,8
20227,26,4
20228,0,3
20229,9,4
20230,0,3
20231,0,3
20232,31,5
20233,5,3
20234,0,3
20235,84,5
20236,51,9
20237,0,3
20238,0,3
20239,13,6
20240,0,3
20241,27,6
20242,50,7
20243,10,5
20244,30,5
20245,7,4
20246,14,4
20247,25,5
20248,0,3
20249,10,4
20250,0,3
20251,0,3
20252,15,6
20253,0,3
20254,98,11
20255,40,5
20256,37,4
20257,23,5
20258,19,6
20259,0,3
20260,25,6
20261,70,9
20262,0,3
20263,0,3
20264,17,4
20265,20,5
20266,50,8
20267,0,3
20268,39,7
20269,24,4
20270,12,5
20271,0,3
20272,0,3
20273,0,3
20274,14,4
20275,26,5
20276,0,3
20277,0,3
20278,10,4
20279,0,3
20280,0,3
20281,34,6
20282,31,4
20283,45,5
20284,26,5
20285,45,10
20286,0,3
20287,9,4
20288,44,6
20289,0,3
20290,0,3
20291,0,3
20292,0,3
20293,0,3
20294,0,3
20295,0,3
20296,14,3
20297,54,6
20298,6,3
20299,12,4
20300,14,5
20301,91,9
20302,14,3
20303,13,4
20304,29,6
20305,0,3
20306,0,3
20307,32,6
20308,14,3
20309,32,7
20310,73,8
20311,15,4
20312,52,6
20313,18,4
20314,31,8
20315,0,3
20316,0,3
20317,38,8
20318,0,3
20319,51,11
20320,75,6
20321,6,3
20322,34,4
20323,34,4
20324,7,3
20325,18,4
20326,5,4
20327,14,3
20328,0,3
20329,66,8
20330,27,5
20331,0,3
20332,0,3
20333,79,11
20334,10,5
20335,31,6
20336,0,3
20337,13,4
20338,27,6
20339,0,3
20340,26,4
20341,0,3
20342,23,7
20343,55,4
20344,52,7
20345,52,7
20346,3,3
20347,0,3
20348,37,5
20349,8,5
20350,0,3
20351,0,3
20352,0,3
20353,0,3
20354,15,3
20355,32,7
20356,5,3
20357,0,3
20358,6,4
20359,1,3
20360,0,3
20361,18,5
20362,0,3
20363,0,3
20364,0,3
20365,53,8
20366,0,3
20367,0,3
20368,18,4
20369,0,3
20370,32,8
20371,76,8
20372,0,3
20373,0,3
20374,11,5
20375,0,3
20376,0,3
20377,0,3
20378,35,8
20379,0,3
20380,56,6
20381,0,3
20382,24,5
20383,0,3
20384,5,3
20385,15,4
20386,46,6
20387,0,3
20388,0,3
20389,0,3
20390,0,3
20391,20,5
20392,0,3
20393,24,6
20394,37,8
20395,6,4
20396,20,6
20397,0,3
20398,0,3
20399,37,6
20400,27,7
20401,23,5
20402,79,7
20403,37,7
20404,40,8
20405,0,3
20406,0,3
20407,21,7
20408,0,3
20409,22,4
20410,30,7
20411,9,3
20412,0,3
20413,0,3
20414,9,4
20415,104,8
20416,0,3
20417,9,3
20418,29,5
20419,0,3
20420,19,4
20421,0,3
20422,0,3
20423,19,5
20424,5,3
20425,31,7
20426,2,3
20427,26,3
20428,0,3
20429,0,3
20430,0,3
20431,0,3
20432,0,3
20433,2,3
20434,14,4
20435,37,6
20436,0,3
20437,10,3
20438,23,4
20439,27,5
20440,26,6
20441,22,6
20442,21,6
20443,17,4
20444,5,3
20445,32,6
20446,30,6
20447,20,5
20448,0,3
20449,17,8
20450,11,3
20451,0,3
20452,22,5
20453,32,4
20454,65,8
20455,43,6
20456,0,3
20457,32,6
20458,0,3
20459,28,9
20460,42,8
20461,0,3
20462,0,3
20463,12,3
20464,19,5
20465,9,3
20466,5,3
20467,8,3
20468,57,6
20469,47,6
20470,0,3
20471,17,5
20472,0,3
20473,1,3
20474,43,10
20475,110,6
20476,23,5
20477,14,3
20478,0,3
20479,22,6
20480,10,4
20481,30,4
20482,0,3
20483,26,5
20484,12,4
20485,13,3
20486,0,3
20487,11,4
20488,0,3
20489,13,3
20490,0,3
20491,0,3
20492,26,5
20493,19,3
20494,22,5
20495,0,3
20496,0,3
20497,0,3
20498,0,3
20499,27,7
20500,24,6
20501,15,4
20502,4,4
20503,26,5
20504,60,7
20505,8,3
20506,0,3
20507,0,3
20508,22,4
20509,0,3
20510,47,9
20511,29,3
20512,42,5
20513,0,3
20514,9,3
20515,80,10
20516,11,4
20517,0,3
20518,0,3
20519,84,12
20520,65,10
20521,7,5
20522,0,3
20523,0,3
20524,3,4
20525,25,6
20526,58,7
20527,29,7
20528,37,6
20529,60,4
20530,51,3
20531,0,3
20532,34,5
20533,14,5
20534,31,6
20535,41,8
20536,7,4
20537,0,3
20538,0,3
20539,0,3
20540,57,6
20541,54,9
20542,21,4
20543,0,3
20544,15,4
20545,0,3
20546,23,6
20547,0,3
20548,32,8
20549,61,6
20550,0,3
20551,0,3
20552,0,3
20553,75,6
20554,110,7
20555,13,4
20556,42,8
20557,15,5
20558,44,9
20559,11,3
20560,8,3
20561,17,5
20562,72,12
20563,0,3
20564,26,3
20565,0,3
20566,15,3
20567,27,5
20568,0,3
20569,0,3
20570,27,7
20571,23,6
20572,12,4
20573,38,5
20574,2,3
20575,17,5
20576,30,4
20577,0,3
20578,33,5
20579,0,3
20580,75,9
20581,34,6
20582,0,3
20583,0,3
20584,8,3
20585,0,3
20586,49,6
20587,15,4
20588,1,4
20589,0,3
20590,0,3
20591,28,5
20592,28,8
20593,11,4
20594,48,10
20595,93,5
20596,54,8
20597,0,3
20598,105,12
20599,3,4
20600,54,7
20601,0,3
20602,0,3
20603,43,4
20604,20,5
20605,67,6
20606,0,3
20607,0,3
20608,0,3
20609,8,4
20610,32,6
20611,0,3
20612,42,4
20613,3,3
20614,43,6
20615,59,11
20616,1,3
20617,1,3
20618,56,10
20619,0,3
20620,9,3
20621,1,3
20622,0,3
20623,2,3
20624,43,8
20625,10,5
20626,0,3
20627,27,8
20628,10,6
20629,23,5
20630,40,6
20631,47,6
20632,20,4
20633,0,3
20634,38,6
20635,0,3
20636,7,3
20637,0,3
20638,0,3
20639,44,9
20640,30,6
20641,34,6
20642,53,8
20643,12,4
20644,0,3
20645,32,4
20646,36,10
20647,0,3
20648,48,6
20649,36,6
20650,77,4
20651,0,3
20652,4,3
20653,25,5
20654,0,3
20655,0,3
20656,30,3
20657,43,8
20658,22,7
20659,0,3
20660,0,3
20661,30,7
20662,0,3
20663,0,3
20664,15,4
20665,35,7
20666,2,3
20667,30,5
20668,0,3
20669,52,7
20670,0,3
20671,12,5
20672,28,3
20673,42,5
20674,39,6
20675,0,3
20676,11,4
20677,0,3
20678,47,7
20679,38,6
20680,13,3
20681,50,8
20682,0,3
20683,49,4
20684,0,3
20685,33,7
20686,0,3
20687,6,4
20688,30,6
20689,11,4
20690,33,8
20691,87,6
20692,23,4
20693,0,3
20694,0,3
20695,64,13
20696,26,6
20697,0,3
20698,1,3
20699,74,5
20700,0,3
20701,32,3
20702,0,3
20703,0,3
20704,90,6
20705,15,5
20706,36,4
20707,23,5
20708,0,3
20709,0,3
20710,38,9
20711,4,3
20712,13,4
20713,29,8
20714,13,3
20715,0,3
20716,0,3
20717,52,7
20718,24,5
20719,44,8
20720,0,3
20721,0,3
20722,0,3
20723,44,8
20724,49,3
20725,0,3
20726,16,5
20727,4,5
20728,2,3
20729,15,4
20730,11,4
20731,0,3
20732,88,8
20733,1,3
20734,65,7
20735,5,3
20736,0,3
20737,22,3
20738,24,5
20739,24,8
20740,36,7
20741,0,3
20742,28,4
20743,0,3
20744,0,3
20745,5,3
20746,9,4
20747,39,7
20748,3,3
20749,25,6
20750,30,6
20751,0,3
20752,54,9
20753,19,6
20754,17,6
20755,4,4
20756,0,3
20757,20,6
20758,26,5
20759,2,3
20760,50,7
20761,0,3
20762,0,3
20763,0,3
20764,0,3
20765,0,3
20766,0,3
20767,0,3
20768,101,8
20769,0,3
20770,39,7
20771,0,3
20772,38,5
20773,0,3
20774,0,3
20775,0,3
20776,32,5
20777,21,8
20778,41,5
20779,13,3
20780,0,3
20781,0,3
20782,11,5
20783,0,3
20784,2,3
20785,27,5
20786,0,3
20787,0,3
20788,22,4
20789,0,3
20790,34,7
20791,77,8
20792,0,3
20793,0,3
20794,41,6
20795,0,3
20796,0,3
20797,62,9
20798,48,7
20799,0,3
20800,0,3
20801,0,3
20802,22,5
20803,39,1
20804,26,8
20805,19,3
20806,30,4
20807,11,5
20808,38,9
20809,28,3
20810,17,4
20811,41,6
20812,3,3
20813,27,7
20814,101,10
20815,10,3
20816,0,3
20817,0,3
20818,88,6
20819,6,3
20820,0,3
20821,0,3
20822,14,6
20823,65,6
20824,31,7
20825,1,3
20826,0,3
20827,39,7
20828,21,7
20829,16,5
20830,62,3
20831,15,3
20832,0,3
20833,2,3
20834,32,6
20835,11,5
20836,15,5
20837,42,8
20838,2,3
20839,0,3
20840,21,5
20841,39,7
20842,0,3
20843,63,9
20844,0,3
20845,14,4
20846,21,8
20847,153,4
20848,25,6
20849,0,3
20850,21,5
20851,0,3
20852,133,6
20853,2,3
20854,0,3
20855,9,4
20856,0,3
20857,48,10
20858,1,3
20859,64,6
20860,0,3
20861,16,5
20862,0,3
20863,19,4
20864,56,9
20865,61,7
20866,4,4
20867,0,3
20868,60,8
20869,0,3
20870,0,3
20871,24,9
20872,16,3
20873,20,7
20874,42,9
20875,29,5
20876,30,5
20877,55,7
20878,42,7
20879,56,7
20880,43,9
20881,39,4
20882,77,10
20883,0,3
20884,22,4
20885,0,3
20886,20,7
20887,0,3
20888,21,5
20889,77,7
20890,13,3
20891,0,3
20892,18,6
20893,0,3
20894,1,3
20895,71,9
20896,60,7
20897,22,5
20898,0,3
20899,0,3
20900,0,3
20901,86,7
20902,30,8
20903,30,8
20904,15,3
20905,7,3
20906,20,4
20907,0,3
20908,0,3
20909,0,3
20910,4,4
20911,19,7
20912,19,5
20913,0,3
20914,0,3
20915,22,4
20916,3,3
20917,0,3
20918,2,3
20919,68,10
20920,33,6
20921,42,8
20922,61,7
20923,33,6
20924,21,5
20925,39,8
20926,0,3
20927,61,9
20928,0,3
20929,2,3
20930,0,3
20931,39,5
20932,24,7
20933,20,3
20934,0,3
20935,36,6
20936,0,3
20937,11,3
20938,49,8
20939,0,3
20940,15,5
20941,16,5
20942,57,8
20943,0,3
20944,50,6
20945,0,3
20946,0,3
20947,0,3
20948,9,4
20949,0,3
20950,14,4
20951,21,6
20952,0,3
20953,0,3
20954,10,4
20955,3,3
20956,0,3
20957,104,7
20958,40,6
20959,0,3
20960,35,6
20961,7,5
20962,13,4
20963,18,5
20964,10,3
20965,25,6
20966,48,5
20967,21,5
20968,15,5
20969,0,3
20970,0,3
20971,29,4
20972,1,3
20973,0,3
20974,0,3
20975,40,7
20976,42,7
20977,22,4
20978,18,5
20979,13,4
20980,1,3
20981,9,3
20982,39,7
20983,78,8
20984,28,7
20985,18,7
20986,41,6
20987,0,3
20988,33,8
20989,0,3
20990,23,6
20991,22,8
20992,0,3
20993,21,7
20994,29,6
20995,0,3
20996,0,3
20997,36,9
20998,16,4
20999,24,4
21000,54,8
21001,0,3
21002,0,3
21003,0,3
21004,0,3
21005,76,7
21006,0,3
21007,0,3
21008,32,6
21009,19,6
21010,0,3
21011,0,3
21012,6,3
21013,3,3
21014,0,3
21015,0,3
21016,0,3
21017,0,3
21018,8,4
21019,49,7
21020,0,3
21021,11,5
21022,0,3
21023,65,6
21024,24,6
21025,28,6
21026,0,3
21027,0,3
21028,0,3
21029,19,4
21030,0,3
21031,38,6
21032,7,3
21033,213,9
21034,0,3
21035,0,3
21036,0,3
21037,0,3
21038,0,3
21039,80,11
21040,0,3
21041,8,3
21042,14,4
21043,31,6
21044,36,7
21045,104,10
21046,62,7
21047,0,3
21048,0,3
21049,0,3
21050,70,7
21051,0,3
21052,16,5
21053,24,7
21054,0,3
21055,32,5
21056,77,7
21057,0,3
21058,0,3
21059,30,6
21060,43,8
21061,27,6
21062,0,3
21063,33,8
21064,69,10
21065,6,4
21066,0,3
21067,6,3
21068,32,5
21069,19,5
21070,71,8
21071,94,6
21072,0,3
21073,0,3
21074,0,3
21075,49,5
21076,37,9
21077,30,6
21078,0,3
21079,26,3
21080,0,3
21081,0,3
21082,0,3
21083,22,6
21084,5,3
21085,35,7
21086,0,3
21087,71,6
21088,9,4
21089,20,7
21090,0,3
21091,45,8
21092,0,3
21093,25,1
21094,64,8
21095,0,3
21096,6,3
21097,0,3
21098,48,9
21099,63,9
21100,72,7
21101,30,9
21102,0,3
21103,26,5
21104,0,3
21105,9,5
21106,0,3
21107,9,3
21108,15,4
21109,21,4
21110,0,3
21111,18,5
21112,63,7
21113,0,3
21114,0,3
21115,59,10
21116,81,4
21117,0,3
21118,0,3
21119,0,3
21120,18,2
21121,15,5
21122,0,3
21123,23,8
21124,27,6
21125,39,9
21126,0,3
21127,4,3
21128,6,3
21129,27,5
21130,50,7
21131,0,3
21132,0,3
21133,15,4
21134,0,3
21135,0,3
21136,0,3
21137,31,4
21138,40,6
21139,85,10
21140,44,7
21141,12,3
21142,0,3
21143,7,2
21144,0,3
21145,69,5
21146,23,7
21147,56,7
21148,36,8
21149,2,3
21150,47,8
21151,0,3
21152,15,6
21153,0,3
21154,0,3
21155,17,4
21156,3,3
21157,31,5
21158,14,4
21159,62,4
21160,14,3
21161,31,9
21162,0,3
21163,0,3
21164,23,4
21165,0,3
21166,28,7
21167,25,5
21168,30,7
21169,30,7
21170,10,4
21171,24,6
21172,36,5
21173,111,15
21174,51,6
21175,35,7
21176,18,4
21177,85,10
21178,35,9
21179,3,3
21180,59,4
21181,12,4
21182,17,8
21183,0,3
21184,0,3
21185,0,3
21186,47,8
21187,0,3
21188,48,8
21189,0,3
21190,0,3
21191,0,3
21192,143,7
21193,22,6
21194,0,3
21195,2,3
21196,0,3
21197,0,3
21198,14,3
21199,60,8
21200,0,3
21201,2,3
21202,31,5
21203,19,4
21204,0,3
21205,0,3
21206,0,3
21207,35,7
21208,102,11
21209,19,7
21210,27,7
21211,76,10
21212,27,6
21213,0,3
21214,36,6
21215,0,3
21216,48,7
21217,0,3
21218,16,7
21219,16,4
21220,3,3
21221,0,3
21222,20,5
21223,0,3
21224,25,5
21225,0,3
21226,16,4
21227,0,3
21228,0,3
21229,27,3
21230,0,3
21231,34,7
21232,0,3
21233,23,5
21234,0,3
21235,0,3
21236,18,4
21237,0,3
21238,10,3
21239,59,9
21240,0,3
21241,17,5
21242,25,7
21243,33,6
21244,0,3
21245,46,6
21246,0,3
21247,0,3
21248,0,3
21249,0,3
21250,43,6
21251,0,3
21252,0,3
21253,39,7
21254,33,4
21255,37,9
21256,45,9
21257,64,9
21258,14,3
21259,31,4
21260,0,3
21261,29,7
21262,0,3
21263,0,3
21264,9,4
21265,69,9
21266,25,6
21267,0,3
21268,0,3
21269,0,3
21270,24,6
21271,31,8
21272,0,3
21273,5,4
21274,0,3
21275,16,5
21276,0,3
21277,28,5
21278,0,3
21279,0,3
21280,22,5
21281,56,8
21282,33,7
21283,21,4
21284,21,4
21285,0,3
21286,7,3
21287,0,3
21288,8,3
21289,13,5
21290,2,3
21291,88,9
21292,0,3
21293,55,6
21294,31,6
21295,26,5
21296,33,5
21297,57,8
21298,0,3
21299,33,5
21300,7,3
21301,0,3
21302,0,3
21303,154,10
21304,0,3
21305,0,3
21306,72,8
21307,0,3
21308,0,3
21309,50,3
21310,35,7
21311,15,4
21312,0,3
21313,0,3
21314,0,3
21315,3,4
21316,30,7
21317,42,8
21318,0,3
21319,8,3
21320,0,3
21321,57,7
21322,76,8
21323,16,6
21324,0,3
21325,34,7
21326,0,3
21327,11,4
21328,28,6
21329,87,9
21330,0,3
21331,16,2
21332,11,3
21333,0,3
21334,19,6
21335,21,6
21336,0,3
21337,15,4
21338,34,4
21339,61,8
21340,0,3
21341,0,3
21342,40,9
21343,98,9
21344,41,4
21345,0,3
21346,0,3
21347,3,3
21348,44,5
21349,41,5
21350,36,5
21351,30,3
21352,14,6
21353,54,8
21354,0,3
21355,15,6
21356,43,9
21357,58,11
21358,0,3
21359,3,3
21360,2,3
21361,13,3
21362,0,3
21363,49,8
21364,49,9
21365,29,4
21366,71,7
21367,10,6
21368,0,3
21369,0,3
21370,56,8
21371,42,6
21372,0,3
21373,0,3
21374,0,3
21375,96,10
21376,18,7
21377,25,5
21378,0,3
21379,0,3
21380,0,3
21381,79,10
21382,60,8
21383,33,5
21384,31,7
21385,0,3
21386,27,8
21387,21,6
21388,58,10
21389,55,7
21390,0,3
21391,74,11
21392,0,3
21393,0,3
21394,0,3
21395,0,3
21396,35,8
21397,25,5
21398,19,3
21399,27,6
21400,11,5
21401,0,3
21402,0,3
21403,12,4
21404,19,2
21405,47,7
21406,29,3
21407,0,3
21408,5,3
21409,0,3
21410,19,5
21411,22,5
21412,0,3
21413,23,7
21414,0,3
21415,19,4
21416,23,5
21417,26,5
21418,31,3
21419,0,3
21420,15,4
21421,0,3
21422,0,3
21423,0,3
21424,63,10
21425,17,5
21426,76,5
21427,88,17
21428,42,8
21429,38,5
21430,68,6
21431,23,5
21432,0,3
21433,56,9
21434,42,7
21435,0,3
21436,0,3
21437,21,5
21438,32,6
21439,51,7
21440,34,7
21441,0,3
21442,0,3
21443,53,11
21444,0,3
21445,56,8
21446,40,4
21447,0,3
21448,0,3
21449,79,6
21450,104,7
21451,0,3
21452,0,3
21453,55,9
21454,43,4
21455,0,3
21456,10,4
21457,75,4
21458,59,5
21459,57,8
21460,30,6
21461,0,3
21462,0,3
21463,2,3
21464,0,3
21465,5,4
21466,9,4
21467,0,3
21468,11,4
21469,0,3
21470,0,3
21471,40,7
21472,17,5
21473,48,7
21474,10,4
21475,65,7
21476,11,5
21477,0,3
21478,36,7
21479,47,8
21480,16,5
21481,0,3
21482,0,3
21483,36,7
21484,0,3
21485,53,5
21486,52,9
21487,3,3
21488,44,10
21489,17,5
21490,0,3
21491,0,3
21492,33,7
21493,7,3
21494,22,6
21495,15,5
21496,57,8
21497,28,5
21498,0,3
21499,0,3
21500,11,5
21501,17,3
21502,0,3
21503,9,6
21504,26,5
21505,0,3
21506,33,6
21507,0,3
21508,0,3
21509,0,3
21510,0,3
21511,75,8
21512,26,7
21513,88,9
21514,20,4
21515,0,3
21516,0,3
21517,12,3
21518,0,3
21519,27,4
21520,0,3
21521,0,3
21522,41,11
21523,0,3
21524,0,3
21525,0,3
21526,37,6
21527,0,3
21528,31,5
21529,30,4
21530,0,3
21531,0,3
21532,0,3
21533,13,3
21534,0,3
21535,10,3
21536,0,3
21537,0,3
21538,0,3
21539,38,5
21540,52,5
21541,0,3
21542,35,5
21543,33,6
21544,0,3
21545,44,5
21546,13,4
21547,37,8
21548,0,3
21549,0,3
21550,47,8
21551,17,5
21552,7,4
21553,43,6
21554,0,3
21555,49,12
21556,65,8
21557,0,3
21558,0,3
21559,58,9
21560,11,3
21561,0,3
21562,56,6
21563,23,3
21564,63,7
21565,28,3
21566,0,3
21567,23,6
21568,0,3
21569,24,7
21570,0,3
21571,0,3
21572,3,4
21573,41,7
21574,6,4
21575,3,3
21576,43,4
21577,6,4
21578,9,4
21579,0,3
21580,0,3
21581,0,3
21582,43,7
21583,2,2
21584,14,5
21585,0,3
21586,0,3
21587,14,5
21588,0,3
21589,0,3
21590,40,8
21591,47,2
21592,44,4
21593,52,10
21594,105,10
21595,28,6
21596,61,9
21597,0,3
21598,14,4
21599,17,3
21600,0,3
21601,8,3
21602,47,8
21603,26,4
21604,0,3
21605,0,3
21606,66,7
21607,21,6
21608,30,5
21609,33,2
21610,51,8
21611,23,5
21612,64,8
21613,33,5
21614,59,8
21615,0,3
21616,46,7
21617,19,5
21618,39,8
21619,24,6
21620,7,4
21621,51,6
21622,63,9
21623,10,3
21624,0,3
21625,69,9
21626,55,7
21627,36,6
21628,47,8
21629,77,9
21630,0,3
21631,18,5
21632,6,4
21633,27,6
21634,38,7
21635,0,3
21636,0,3
21637,0,3
21638,0,3
21639,0,3
21640,39,6
21641,43,8
21642,94,9
21643,0,3
21644,7,5
21645,3,3
21646,63,8
21647,48,10
21648,0,3
21649,0,3
21650,22,6
21651,0,3
21652,0,3
21653,93,11
21654,31,7
21655,44,9
21656,0,3
21657,0,3
21658,27,6
21659,0,3
21660,37,8
21661,0,3
21662,11,5
21663,0,3
21664,31,6
21665,0,3
21666,0,3
21667,0,3
21668,66,8
21669,0,3
21670,45,8
21671,31,7
21672,59,7
21673,29,5
21674,35,3
21675,33,7
21676,0,3
21677,0,3
21678,52,6
21679,76,8
21680,76,7
21681,0,3
21682,0,3
21683,11,4
21684,40,8
21685,0,3
21686,0,3
21687,0,3
21688,0,3
21689,0,3
21690,69,5
21691,0,3
21692,52,5
21693,10,3
21694,0,3
21695,23,5
21696,0,3
21697,0,3
21698,0,3
21699,95,5
21700,0,3
21701,47,6
21702,0,3
21703,13,4
21704,55,8
21705,61,11
21706,15,5
21707,65,7
21708,19,4
21709,46,6
21710,0,3
21711,0,3
21712,0,3
21713,0,3
21714,26,7
21715,0,3
21716,0,3
21717,0,3
21718,50,6
21719,0,3
21720,0,3
21721,6,4
21722,58,8
21723,0,3
21724,0,3
21725,0,3
21726,0,3
21727,43,8
21728,0,3
21729,5,4
21730,38,8
21731,60,6
21732,43,7
21733,0,3
21734,61,8
21735,0,3
21736,49,10
21737,12,5
21738,67,9
21739,21,3
21740,0,3
21741,32,6
21742,17,5
21743,20,5
21744,0,3
21745,15,4
21746,0,3
21747,19,3
21748,0,3
21749,31,7
21750,0,3
21751,32,7
21752,0,3
21753,20,6
21754,0,3
21755,60,7
21756,17,4
21757,12,5
21758,0,3
21759,0,3
21760,0,3
21761,0,3
21762,17,5
21763,1,3
21764,42,7
21765,0,3
21766,0,3
21767,0,3
21768,3,3
21769,15,6
21770,14,4
21771,44,6
21772,0,3
21773,0,3
21774,0,3
21775,15,6
21776,0,3
21777,0,3
21778,64,4
21779,46,9
21780,0,3
21781,17,5
21782,0,3
21783,18,5
21784,60,7
21785,0,3
21786,55,6
21787,0,3
21788,16,4
21789,51,7
21790,42,8
21791,0,3
21792,71,11
21793,53,7
21794,29,6
21795,0,3
21796,59,8
21797,20,6
21798,114,12
21799,40,6
21800,123,6
21801,0,3
21802,34,6
21803,32,8
21804,23,5
21805,26,6
21806,0,3
21807,0,3
21808,35,7
21809,4,3
21810,31,8
21811,38,8
21812,21,4
21813,0,3
21814,25,3
21815,11,3
21816,0,3
21817,2,3
21818,0,3
21819,0,3
21820,30,4
21821,33,6
21822,0,3
21823,1,3
21824,54,5
21825,75,7
21826,0,3
21827,0,3
21828,0,3
21829,0,3
21830,29,7
21831,56,7
21832,0,3
21833,45,5
21834,112,6
21835,32,5
21836,0,3
21837,22,6
21838,31,7
21839,56,8
21840,43,5
21841,0,3
21842,0,3
21843,40,8
21844,0,3
21845,0,3
21846,42,5
21847,0,3
21848,1,3
21849,43,9
21850,0,3
21851,47,8
21852,82,9
21853,10,3
21854,0,3
21855,50,8
21856,3,3
21857,21,6
21858,0,3
21859,0,3
21860,67,12
21861,30,4
21862,0,3
21863,0,3
21864,5,4
21865,0,3
21866,24,4
21867,0,3
21868,74,9
21869,0,3
21870,55,6
21871,0,3
21872,50,10
21873,57,10
21874,0,3
21875,0,3
21876,0,3
21877,25,7
21878,0,3
21879,61,7
21880,55,7
21881,9,4
21882,29,5
21883,1,3
21884,39,9
21885,76,5
21886,56,7
21887,10,4
21888,21,4
21889,62,11
21890,63,9
21891,0,3
21892,58,9
21893,0,3
21894,0,3
21895,77,8
21896,34,8
21897,31,6
21898,20,5
21899,36,6
21900,1,3
21901,0,3
21902,40,7
21903,0,3
21904,52,6
21905,0,3
21906,0,3
21907,0,3
21908,34,3
21909,0,3
21910,7,3
21911,45,5
21912,0,3
21913,67,10
21914,30,4
21915,24,5
21916,11,4
21917,23,5
21918,27,7
21919,8,5
21920,27,5
21921,19,5
21922,13,5
21923,0,3
21924,0,3
21925,6,4
21926,0,3
21927,41,6
21928,37,5
21929,0,3
21930,25,5
21931,0,3
21932,0,3
21933,0,3
21934,0,3
21935,40,5
21936,37,8
21937,46,5
21938,43,7
21939,28,6
21940,57,8
21941,58,6
21942,0,3
21943,0,3
21944,65,9
21945,0,3
21946,0,3
21947,19,4
21948,21,6
21949,30,7
21950,2,3
21951,78,4
21952,11,4
21953,0,3
21954,0,3
21955,0,3
21956,23,7
21957,38,8
21958,74,10
21959,4,5
21960,0,3
21961,54,10
21962,39,5
21963,32,8
21964,39,4
21965,55,7
21966,0,3
21967,0,3
21968,49,7
21969,36,5
21970,0,3
21971,0,3
21972,10,5
21973,0,3
21974,0,3
21975,4,3
21976,38,6
21977,15,5
21978,0,3
21979,21,5
21980,48,8
21981,32,5
21982,24,5
21983,26,4
21984,7,3
21985,23,5
21986,0,3
21987,39,6
21988,0,3
21989,44,10
21990,49,7
21991,14,4
21992,36,6
21993,20,3
21994,26,8
21995,44,10
21996,63,9
21997,10,5
21998,0,3
21999,0,3
22000,19,5
22001,5,4
22002,56,5
22003,0,3
22004,27,7
22005,22,5
22006,0,3
22007,0,3
22008,0,3
22009,32,4
22010,49,7
22011,81,8
22012,34,5
22013,69,7
22014,26,5
22015,47,5
22016,18,5
22017,0,3
22018,3,3
22019,0,3
22020,19,3
22021,8,3
22022,0,3
22023,0,3
22024,0,3
22025,35,4
22026,0,3
22027,10,4
22028,0,3
22029,107,12
22030,0,3
22031,42,7
22032,113,9
22033,61,9
22034,0,3
22035,0,3
22036,0,3
22037,56,8
22038,100,7
22039,61,10
22040,0,3
22041,37,7
22042,9,4
22043,17,6
22044,54,7
22045,20,4
22046,1,3
22047,21,5
22048,34,9
22049,0,3
22050,23,9
22051,0,3
22052,34,6
22053,0,3
22054,0,3
22055,0,3
22056,35,7
22057,19,5
22058,23,7
22059,43,3
22060,0,3
22061,0,3
22062,63,11
22063,55,9
22064,9,3
22065,55,8
22066,55,5
22067,33,8
22068,26,5
22069,30,7
22070,0,3
22071,0,3
22072,56,9
22073,24,4
22074,0,3
22075,0,3
22076,19,4
22077,84,9
22078,16,6
22079,7,3
22080,38,6
22081,0,3
22082,0,3
22083,98,9
22084,0,3
22085,0,3
22086,0,3
22087,41,8
22088,41,5
22089,2,3
22090,0,3
22091,0,3
22092,5,3
22093,0,3
22094,16,3
22095,0,3
22096,0,3
22097,29,5
22098,0,3
22099,0,3
22100,0,3
22101,0,3
22102,16,6
22103,44,6
22104,39,5
22105,0,3
22106,16,4
22107,0,3
22108,54,7
22109,0,3
22110,24,5
22111,0,3
22112,15,5
22113,47,5
22114,19,6
22115,47,9
22116,81,7
22117,0,3
22118,33,6
22119,1,3
22120,0,3
22121,46,9
22122,0,3
22123,0,3
22124,46,9
22125,46,5
22126,45,5
22127,6,4
22128,0,3
22129,0,3
22130,0,3
22131,3,4
22132,34,7
22133,69,9
22134,0,3
22135,70,9
22136,60,6
22137,60,10
22138,18,5
22139,65,6
22140,0,3
22141,0,3
22142,37,9
22143,0,3
22144,2,3
22145,0,3
22146,21,5
22147,18,6
22148,0,3
22149,0,3
22150,0,3
22151,5,4
22152,17,4
22153,8,4
22154,58,12
22155,0,3
22156,38,7
22157,67,6
22158,0,3
22159,50,8
22160,0,3
22161,35,4
22162,32,6
22163,0,3
22164,0,3
22165,43,10
22166,20,6
22167,1,3
22168,26,6
22169,25,5
22170,18,5
22171,8,6
22172,43,9
22173,13,4
22174,21,3
22175,33,5
22176,0,3
22177,0,3
22178,22,4
22179,37,5
22180,51,6
22181,97,7
22182,108,10
22183,0,3
22184,0,3
22185,102,9
22186,0,3
22187,32,5
22188,59,8
22189,0,3
22190,0,3
22191,30,7
22192,0,3
22193,7,3
22194,42,7
22195,61,8
22196,0,3
22197,0,3
22198,0,3
22199,16,4
22200,0,3
22201,78,8
22202,0,3
22203,25,4
22204,7,4
22205,0,3
22206,0,3
22207,41,8
22208,57,6
22209,29,4
22210,5,3
22211,0,3
22212,9,4
22213,45,7
22214,0,3
22215,10,3
22216,24,6
22217,68,9
22218,80,3
22219,0,3
22220,25,3
22221,19,5
22222,66,9
22223,0,3
22224,104,12
22225,10,4
22226,54,6
22227,23,7
22228,0,3
22229,0,3
22230,15,4
22231,0,3
22232,32,4
22233,32,6
22234,37,6
22235,1,3
22236,47,10
22237,0,3
22238,70,10
22239,0,3
22240,26,3
22241,54,8
22242,10,3
22243,44,8
22244,0,3
22245,23,5
22246,84,2
22247,4,3
22248,15,4
22249,44,6
22250,62,11
22251,30,8
22252,19,5
22253,27,8
22254,65,10
22255,10,3
22256,56,7
22257,24,6
22258,21,7
22259,19,2
22260,0,3
22261,35,6
22262,0,3
22263,18,5
22264,0,3
22265,34,6
22266,15,4
22267,0,3
22268,28,6
22269,0,3
22270,29,5
22271,0,3
22272,0,3
22273,82,7
22274,0,3
22275,66,7
22276,0,3
22277,53,8
22278,64,8
22279,0,3
22280,38,6
22281,0,3
22282,0,3
22283,20,4
22284,23,3
22285,50,9
22286,28,5
22287,4,3
22288,0,3
22289,8,3
22290,2,3
22291,0,3
22292,53,5
22293,46,4
22294,0,3
22295,68,10
22296,59,8
22297,0,3
22298,35,8
22299,4,3
22300,0,3
22301,29,6
22302,23,6
22303,53,6
22304,38,7
22305,45,7
22306,59,6
22307,0,3
22308,27,3
22309,35,8
22310,29,6
22311,3,3
22312,5,3
22313,19,4
22314,5,3
22315,28,6
22316,0,3
22317,0,3
22318,82,7
22319,66,7
22320,63,6
22321,0,3
22322,0,3
22323,0,3
22324,41,7
22325,19,8
22326,10,4
22327,114,13
22328,35,6
22329,25,6
22330,2,3
22331,0,3
22332,37,9
22333,6,4
22334,0,3
22335,84,11
22336,7,4
22337,21,5
22338,31,4
22339,72,9
22340,25,6
22341,26,5
22342,82,8
22343,12,4
22344,0,3
22345,15,4
22346,35,9
22347,44,8
22348,19,7
22349,41,8
22350,18,6
22351,21,7
22352,19,6
22353,30,6
22354,11,6
22355,62,9
22356,20,5
22357,0,3
22358,47,7
22359,64,9
22360,51,9
22361,0,3
22362,0,3
22363,2,3
22364,21,6
22365,54,5
22366,0,3
22367,31,8
22368,52,6
22369,95,9
22370,0,3
22371,16,4
22372,0,3
22373,25,8
22374,0,3
22375,20,4
22376,90,10
22377,27,5
22378,42,7
22379,0,3
22380,22,6
22381,5,4
22382,3,3
22383,0,3
22384,43,6
22385,0,3
22386,27,4
22387,5,4
22388,0,3
22389,36,6
22390,35,6
22391,0,3
22392,0,3
22393,8,4
22394,90,7
22395,32,7
22396,80,8
22397,1,3
22398,67,8
22399,24,4
22400,48,5
22401,98,10
22402,30,6
22403,33,5
22404,0,3
22405,41,7
22406,0,3
22407,0,3
22408,1,3
22409,7,4
22410,17,5
22411,0,3
22412,27,7
22413,39,4
22414,22,6
22415,25,5
22416,40,3
22417,68,9
22418,60,10
22419,0,3
22420,106,10
22421,107,8
22422,26,3
22423,27,8
22424,79,9
22425,26,5
22426,0,3
22427,0,3
22428,28,9
22429,50,7
22430,0,3
22431,0,3
22432,41,6
22433,26,4
22434,0,3
22435,96,6
22436,0,3
22437,0,3
22438,0,3
22439,0,3
22440,11,5
22441,3,4
22442,16,5
22443,0,3
22444,41,5
22445,44,5
22446,0,3
22447,1,3
22448,0,3
22449,0,3
22450,18,6
22451,7,4
22452,0,3
22453,35,6
22454,57,7
22455,105,10
22456,70,7
22457,17,6
22458,51,10
22459,12,6
22460,0,3
22461,2,3
22462,27,6
22463,29,7
22464,18,6
22465,52,7
22466,25,5
22467,59,9
22468,4,3
22469,23,8
22470,28,5
22471,0,3
22472,17,6
22473,38,9
22474,0,3
22475,64,6
22476,21,6
22477,0,3
22478,5,3
22479,44,6
22480,15,4
22481,29,8
22482,36,8
22483,25,7
22484,16,5
22485,0,3
22486,0,3
22487,28,8
22488,0,3
22489,9,5
22490,0,3
22491,53,11
22492,0,3
22493,9,3
22494,0,3
22495,27,8
22496,0,3
22497,56,7
22498,28,6
22499,0,3
22500,9,3
22501,0,3
22502,7,4
22503,28,7
22504,71,11
22505,38,8
22506,1,3
22507,18,4
22508,46,11
22509,0,3
22510,75,5
22511,5,4
22512,0,3
22513,6,3
22514,118,9
22515,0,3
22516,30,6
22517,0,3
22518,52,8
22519,44,8
22520,91,11
22521,18,7
22522,21,8
22523,43,9
22524,34,5
22525,6,5
22526,0,3
22527,0,3
22528,0,3
22529,43,7
22530,30,4
22531,0,3
22532,0,3
22533,12,5
22534,41,5
22535,0,3
22536,5,3
22537,27,6
22538,37,6
22539,0,3
22540,4,4
22541,0,3
22542,7,3
22543,0,3
22544,53,7
22545,0,3
22546,83,9
22547,0,3
22548,49,7
22549,0,3
22550,0,3
22551,17,6
22552,0,3
22553,0,3
22554,0,3
22555,0,3
22556,42,8
22557,27,6
22558,0,3
22559,0,3
22560,5,3
22561,29,8
22562,5,3
22563,20,5
22564,34,6
22565,52,6
22566,0,3
22567,0,3
22568,3,3
22569,57,8
22570,55,9
22571,0,3
22572,26,6
22573,39,7
22574,0,3
22575,0,3
22576,0,3
22577,8,4
22578,0,3
22579,74,7
22580,0,3
22581,0,3
22582,0,3
22583,35,6
22584,11,3
22585,38,7
22586,59,11
22587,92,9
22588,29,6
22589,6,3
22590,0,3
22591,91,6
22592,16,5
22593,0,3
22594,33,4
22595,49,6
22596,13,6
22597,27,7
22598,21,6
22599,22,3
22600,36,8
22601,58,7
22602,0,3
22603,60,12
22604,62,8
22605,63,6
22606,39,7
22607,21,6
22608,43,6
22609,0,3
22610,0,3
22611,89,8
22612,0,3
22613,0,3
22614,0,3
22615,26,6
22616,0,3
22617,0,3
22618,82,7
22619,10,4
22620,13,4
22621,19,6
22622,30,5
22623,0,3
22624,34,7
22625,0,3
22626,71,7
22627,0,3
22628,0,3
22629,0,3
22630,18,6
22631,0,3
22632,41,5
22633,1,3
22634,67,9
22635,0,3
22636,46,8
22637,54,7
22638,66,7
22639,46,8
22640,15,4
22641,0,3
22642,3,3
22643,59,8
22644,0,3
22645,0,3
22646,73,7
22647,0,3
22648,26,5
22649,9,3
22650,0,3
22651,0,3
22652,52,9
22653,15,4
22654,0,3
22655,0,3
22656,33,6
22657,21,4
22658,0,3
22659,0,3
22660,31,7
22661,56,8
22662,0,3
22663,68,11
22664,0,3
22665,8,3
22666,75,8
22667,65,6
22668,215,4
22669,0,3
22670,17,6
22671,1,3
22672,2,3
22673,36,10
22674,31,4
22675,10,4
22676,1,3
22677,0,3
22678,16,7
22679,12,4
22680,0,3
22681,0,3
22682,29,4
22683,32,5
22684,33,9
22685,0,3
22686,50,6
22687,86,8
22688,0,3
22689,0,3
22690,40,6
22691,11,3
22692,15,6
22693,6,3
22694,111,12
22695,49,7
22696,21,5
22697,11,4
22698,84,11
22699,51,11
22700,35,5
22701,21,3
22702,0,3
22703,23,1
22704,68,9
22705,64,6
22706,18,5
22707,18,5
22708,0,3
22709,0,3
22710,8,3
22711,25,4
22712,0,3
22713,10,3
22714,13,3
22715,73,8
22716,54,8
22717,19,4
22718,64,5
22719,39,9
22720,67,10
22721,0,3
22722,20,5
22723,0,3
22724,0,3
22725,0,3
22726,0,3
22727,10,4
22728,77,10
22729,0,3
22730,50,4
22731,10,4
22732,0,3
22733,0,3
22734,0,3
22735,18,4
22736,0,3
22737,0,3
22738,19,6
22739,12,4
22740,71,10
22741,0,3
22742,61,8
22743,26,4
22744,58,10
22745,0,3
22746,0,3
22747,68,10
22748,43,6
22749,20,6
22750,48,6
22751,14,6
22752,4,4
22753,18,5
22754,1,3
22755,57,8
22756,49,8
22757,66,10
22758,0,3
22759,59,9
22760,0,3
22761,119,7
22762,0,3
22763,42,5
22764,25,5
22765,15,4
22766,54,8
22767,39,6
22768,48,7
22769,44,6
22770,20,5
22771,0,3
22772,0,3
22773,0,3
22774,3,5
22775,23,3
22776,0,3
22777,61,6
22778,15,4
22779,109,5
22780,44,6
22781,0,3
22782,0,3
22783,20,4
22784,9,4
22785,0,3
22786,35,7
22787,51,11
22788,0,3
22789,0,3
22790,48,6
22791,0,3
22792,0,3
22793,27,5
22794,0,3
22795,0,3
22796,8,3
22797,39,8
22798,22,5
22799,22,5
22800,0,3
22801,59,12
22802,60,8
22803,0,3
22804,0,3
22805,10,5
22806,43,8
22807,13,5
22808,53,6
22809,0,3
22810,0,3
22811,23,5
22812,0,3
22813,30,8
22814,0,3
22815,21,7
22816,40,6
22817,30,5
22818,0,3
22819,0,3
22820,62,8
22821,9,5
22822,15,6
22823,44,5
22824,81,10
22825,33,5
22826,31,7
22827,90,10
22828,38,4
22829,7,3
22830,6,4
22831,85,6
22832,7,4
22833,18,7
22834,33,4
22835,6,3
22836,0,3
22837,4,4
22838,12,3
22839,129,9
22840,38,6
22841,13,4
22842,0,3
22843,0,3
22844,0,3
22845,47,2
22846,66,9
22847,64,11
22848,19,6
22849,41,4
22850,71,4
22851,6,3
22852,39,8
22853,0,3
22854,0,3
22855,100,11
22856,91,9
22857,35,6
22858,31,6
22859,1,3
22860,39,9
22861,49,7
22862,38,7
22863,17,6
22864,2,3
22865,0,3
22866,22,5
22867,109,10
22868,10,3
22869,11,3
22870,95,11
22871,28,7
22872,3,3
22873,0,3
22874,0,3
22875,37,7
22876,51,9
22877,0,3
22878,31,7
22879,48,9
22880,59,9
22881,0,3
22882,0,3
22883,53,7
22884,0,3
22885,0,3
22886,78,7
22887,2,3
22888,93,10
22889,86,8
22890,107,13
22891,0,3
22892,117,9
22893,7,3
22894,84,11
22895,28,6
22896,63,9
22897,67,8
22898,0,3
22899,52,8
22900,45,8
22901,17,4
22902,0,3
22903,50,8
22904,5,4
22905,0,3
22906,21,4
22907,36,4
22908,33,7
22909,2,3
22910,55,4
22911,79,12
22912,0,3
22913,31,7
22914,18,4
22915,128,11
22916,0,3
22917,39,5
22918,45,4
22919,29,6
22920,42,6
22921,0,3
22922,0,3
22923,0,3
22924,66,8
22925,43,7
22926,42,7
22927,42,6
22928,26,8
22929,105,12
22930,52,6
22931,58,9
22932,52,4
22933,25,5
22934,48,10
22935,0,3
22936,0,3
22937,21,7
22938,0,3
22939,23,4
22940,0,3
22941,0,3
22942,0,3
22943,0,3
22944,61,6
22945,43,7
22946,11,5
22947,87,9
22948,78,14
22949,0,3
22950,0,3
22951,19,6
22952,30,8
22953,0,3
22954,45,10
22955,0,3
22956,67,8
22957,14,4
22958,1,3
22959,0,3
22960,126,8
22961,70,8
22962,35,8
22963,0,3
22964,0,3
22965,39,7
22966,20,6
22967,37,10
22968,0,3
22969,8,4
22970,0,3
22971,0,3
22972,0,3
22973,70,8
22974,39,7
22975,1,3
22976,56,8
22977,33,6
22978,46,9
22979,15,4
22980,63,7
22981,24,5
22982,17,6
22983,0,3
22984,131,5
22985,79,7
22986,34,4
22987,0,3
22988,0,3
22989,13,7
22990,0,3
22991,39,4
22992,30,5
22993,28,7
22994,29,3
22995,85,10
22996,2,3
22997,67,5
22998,0,3
22999,23,5
23000,82,10
23001,37,6
23002,0,3
23003,75,10
23004,34,5
23005,0,3
23006,3,3
23007,28,9
23008,84,7
23009,0,3
23010,0,3
23011,30,7
23012,14,5
23013,27,6
23014,96,10
23015,0,3
23016,11,5
23017,75,6
23018,17,5
23019,0,3
23020,5,4
23021,34,5
23022,0,3
23023,0,3
23024,14,5
23025,0,3
23026,0,3
23027,43,8
23028,59,8
23029,73,10
23030,22,6
23031,0,3
23032,31,6
23033,34,8
23034,10,4
23035,59,9
23036,31,6
23037,0,3
23038,45,5
23039,146,4
23040,0,3
23041,0,3
23042,0,3
23043,0,3
23044,37,6
23045,64,10
23046,2,3
23047,51,6
23048,0,3
23049,15,5
23050,53,8
23051,51,7
23052,0,3
23053,82,11
23054,0,3
23055,29,4
23056,25,5
23057,0,3
23058,0,3
23059,19,4
23060,0,3
23061,0,3
23062,45,4
23063,64,6
23064,0,3
23065,38,4
23066,36,6
23067,83,5
23068,0,3
23069,91,4
23070,1,3
23071,22,6
23072,4,3
23073,0,3
23074,0,3
23075,23,4
23076,35,2
23077,45,8
23078,0,3
23079,0,3
23080,16,6
23081,6,4
23082,72,11
23083,25,7
23084,6,2
23085,48,9
23086,46,9
23087,0,3
23088,0,3
23089,0,3
23090,3,3
23091,48,8
23092,53,8
23093,48,8
23094,1,3
23095,13,7
23096,32,4
23097,105,8
23098,0,3
23099,0,3
23100,35,5
23101,55,9
23102,22,6
23103,0,3
23104,94,7
23105,0,3
23106,92,11
23107,0,3
23108,65,8
23109,9,4
23110,47,5
23111,0,3
23112,20,5
23113,35,8
23114,5,3
23115,93,10
23116,30,6
23117,0,3
23118,6,4
23119,0,3
23120,0,3
23121,43,7
23122,105,3
23123,0,3
23124,76,5
23125,62,7
23126,49,7
23127,18,7
23128,0,3
23129,36,5
23130,0,3
23131,35,4
23132,75,10
23133,3,3
23134,0,3
23135,12,4
23136,3,3
23137,0,3
23138,10,5
23139,24,7
23140,59,9
23141,17,4
23142,43,9
23143,0,3
23144,13,4
23145,32,8
23146,0,3
23147,12,3
23148,0,3
23149,35,5
23150,16,4
23151,0,3
23152,100,5
23153,0,3
23154,20,5
23155,0,3
23156,2,3
23157,35,3
23158,49,7
23159,0,3
23160,0,3
23161,40,7
23162,0,3
23163,0,3
23164,0,3
23165,5,4
23166,84,10
23167,17,5
23168,47,5
23169,32,8
23170,0,3
23171,76,5
23172,16,4
23173,0,3
23174,0,3
23175,0,3
23176,0,3
23177,0,3
23178,0,3
23179,45,5
23180,28,6
23181,53,9
23182,63,8
23183,21,6
23184,14,4
23185,82,8
23186,0,3
23187,19,7
23188,54,4
23189,20,5
23190,0,3
23191,7,3
23192,0,3
23193,22,5
23194,28,5
23195,36,6
23196,0,3
23197,0,3
23198,32,6
23199,0,3
23200,13,5
23201,38,7
23202,18,3
23203,77,9
23204,35,10
23205,0,3
23206,0,3
23207,66,10
23208,0,3
23209,0,3
23210,45,8
23211,22,6
23212,0,3
23213,0,3
23214,37,6
23215,35,6
23216,0,3
23217,4,3
23218,46,5
23219,1,3
23220,0,3
23221,0,3
23222,37,7
23223,1,3
23224,71,2
23225,20,6
23226,0,3
23227,40,7
23228,0,3
23229,77,8
23230,138,8
23231,7,5
23232,29,7
23233,25,5
23234,0,3
23235,55,10
23236,58,7
23237,2,3
23238,178,10
23239,6,5
23240,0,3
23241,40,5
23242,63,9
23243,0,3
23244,7,3
23245,43,8
23246,0,3
23247,43,9
23248,94,14
23249,36,7
23250,31,6
23251,76,10
23252,44,9
23253,79,10
23254,0,3
23255,50,6
23256,0,3
23257,0,3
23258,2,3
23259,10,3
23260,15,6
23261,74,7
23262,0,3
23263,0,3
23264,0,3
23265,102,9
23266,0,3
23267,27,7
23268,25,5
23269,0,3
23270,5,3
23271,36,5
23272,104,10
23273,38,10
23274,10,4
23275,56,7
23276,0,3
23277,145,7
23278,0,3
23279,58,7
23280,0,3
23281,0,3
23282,118,7
23283,0,3
23284,12,4
23285,56,7
23286,59,7
23287,36,7
23288,0,3
23289,0,3
23290,0,3
23291,0,3
23292,102,7
23293,17,5
23294,0,3
23295,27,4
23296,0,3
23297,0,3
23298,39,7
23299,30,4
23300,31,6
23301,29,7
23302,22,5
23303,0,3
23304,36,8
23305,0,3
23306,0,3
23307,0,3
23308,0,3
23309,15,5
23310,48,9
23311,0,3
23312,6,4
23313,22,5
23314,49,6
23315,83,7
23316,8,4
23317,57,5
23318,0,3
23319,34,6
23320,0,3
23321,1,3
23322,47,7
23323,64,9
23324,65,7
23325,0,3
23326,39,8
23327,49,7
23328,8,4
23329,0,3
23330,38,6
23331,0,3
23332,0,3
23333,1,3
23334,0,3
23335,48,10
23336,42,7
23337,38,9
23338,0,3
23339,127,10
23340,58,5
23341,1,3
23342,78,9
23343,0,3
23344,53,7
23345,0,3
23346,0,3
23347,34,9
23348,0,3
23349,69,7
23350,43,8
23351,36,9
23352,0,3
23353,47,7
23354,67,5
23355,25,7
23356,0,3
23357,23,6
23358,29,3
23359,0,3
23360,0,3
23361,0,3
23362,29,5
23363,0,3
23364,0,3
23365,6,3
23366,14,5
23367,10,3
23368,10,5
23369,0,3
23370,0,3
23371,2,3
23372,55,10
23373,71,12
23374,0,3
23375,61,11
23376,67,12
23377,36,8
23378,0,3
23379,0,3
23380,143,7
23381,32,6
23382,41,5
23383,29,7
23384,74,7
23385,0,3
23386,50,9
23387,0,3
23388,87,7
23389,10,4
23390,36,8
23391,9,4
23392,44,10
23393,13,3
23394,0,3
23395,11,5
23396,49,6
23397,38,6
23398,29,5
23399,60,8
23400,110,12
23401,35,7
23402,66,8
23403,34,6
23404,0,3
23405,14,6
23406,24,7
23407,9,3
23408,0,3
23409,49,7
23410,0,3
23411,25,8
23412,0,3
23413,0,3
23414,68,13
23415,44,8
23416,14,6
23417,30,6
23418,25,7
23419,28,7
23420,31,6
23421,52,5
23422,0,3
23423,0,3
23424,22,4
23425,70,9
23426,0,3
23427,0,3
23428,0,3
23429,10,4
23430,36,9
23431,48,6
23432,116,11
23433,1,4
23434,51,6
23435,81,7
23436,30,6
23437,3,3
23438,0,3
23439,0,3
23440,38,7
23441,0,3
23442,29,7
23443,0,3
23444,0,3
23445,14,3
23446,0,3
23447,0,3
23448,0,3
23449,51,7
23450,0,3
23451,21,8
23452,88,6
23453,3,3
23454,0,3
23455,42,9
23456,0,3
23457,0,3
23458,28,5
23459,16,4
23460,46,6
23461,686,5
23462,87,12
23463,49,7
23464,0,3
23465,36,5
23466,42,6
23467,0,3
23468,0,3
23469,0,3
23470,56,4
23471,43,6
23472,35,8
23473,14,4
23474,33,8
23475,20,3
23476,0,3
23477,23,3
23478,47,6
23479,13,4
23480,14,4
23481,0,3
23482,145,8
23483,0,3
23484,45,5
23485,54,3
23486,2,3
23487,0,3
23488,0,3
23489,66,9
23490,39,6
23491,0,3
23492,47,11
23493,3,3
23494,0,3
23495,0,3
23496,0,3
23497,33,6
23498,29,3
23499,30,5
23500,82,6
23501,0,3
23502,28,5
23503,0,3
23504,5,3
23505,29,6
23506,0,3
23507,0,3
23508,0,3
23509,18,5
23510,15,6
23511,21,6
23512,21,6
23513,31,6
23514,0,3
23515,11,4
23516,0,3
23517,74,12
23518,12,5
23519,32,4
23520,8,4
23521,0,3
23522,84,10
23523,53,8
23524,0,3
23525,0,3
23526,47,8
23527,34,7
23528,2,3
23529,0,3
23530,0,3
23531,51,9
23532,51,8
23533,67,11
23534,23,7
23535,19,4
23536,55,10
23537,15,5
23538,0,3
23539,0,3
23540,0,3
23541,62,9
23542,0,3
23543,34,10
23544,13,4
23545,0,3
23546,36,4
23547,0,3
23548,17,5
23549,37,7
23550,0,3
23551,32,7
23552,47,8
23553,72,8
23554,117,7
23555,85,12
23556,80,10
23557,68,10
23558,102,7
23559,0,3
23560,68,9
23561,1,3
23562,22,8
23563,46,5
23564,1,3
23565,74,5
23566,0,3
23567,0,3
23568,14,3
23569,1,3
23570,50,5
23571,18,5
23572,73,11
23573,55,9
23574,0,3
23575,46,8
23576,0,3
23577,0,3
23578,62,7
23579,59,6
23580,20,4
23581,0,3
23582,36,10
23583,0,3
23584,0,3
23585,0,3
23586,109,12
23587,0,3
23588,3,4
23589,0,3
23590,74,8
23591,9,3
23592,9,3
23593,29,5
23594,30,6
23595,22,7
23596,41,8
23597,12,5
23598,6,5
23599,0,3
23600,36,7
23601,6,4
23602,0,3
23603,84,8
23604,0,3
23605,10,5
23606,0,3
23607,129,12
23608,64,8
23609,5,3
23610,17,6
23611,18,4
23612,65,9
23613,57,8
23614,33,4
23615,0,3
23616,0,3
23617,41,7
23618,33,7
23619,109,7
23620,0,3
23621,26,4
23622,30,5
23623,85,13
23624,0,3
23625,12,4
23626,0,3
23627,28,8
23628,46,6
23629,9,3
23630,33,6
23631,0,3
23632,21,3
23633,18,7
23634,0,3
23635,12,1
23636,0,3
23637,121,10
23638,11,5
23639,0,3
23640,0,3
23641,74,11
23642,0,3
23643,0,3
23644,6,4
23645,70,9
23646,7,5
23647,36,5
23648,41,7
23649,27,5
23650,0,3
23651,37,6
23652,0,3
23653,27,5
23654,40,7
23655,0,3
23656,0,3
23657,33,7
23658,13,4
23659,0,3
23660,3,4
23661,0,3
23662,16,4
23663,27,6
23664,5,4
23665,0,3
23666,97,8
23667,0,3
23668,8,4
23669,80,6
23670,33,6
23671,0,3
23672,45,6
23673,0,3
23674,41,9
23675,0,3
23676,45,10
23677,7,4
23678,44,8
23679,139,15
23680,27,10
23681,48,8
23682,32,7
23683,0,3
23684,49,9
23685,26,8
23686,32,8
23687,0,3
23688,69,5
23689,17,3
23690,113,9
23691,49,9
23692,147,9
23693,0,3
23694,0,3
23695,19,4
23696,59,7
23697,30,6
23698,0,3
23699,0,3
23700,0,3
23701,15,3
23702,25,5
23703,69,8
23704,0,3
23705,54,7
23706,0,3
23707,0,3
23708,12,5
23709,0,3
23710,20,4
23711,0,3
23712,9,4
23713,29,8
23714,7,3
23715,74,7
23716,0,3
23717,70,6
23718,61,7
23719,49,10
23720,49,7
23721,28,5
23722,0,3
23723,52,8
23724,0,3
23725,29,8
23726,27,6
23727,9,3
23728,0,3
23729,47,6
23730,16,6
23731,0,3
23732,0,3
23733,89,12
23734,0,3
23735,47,8
23736,76,11
23737,14,4
23738,32,10
23739,67,7
23740,0,3
23741,16,5
23742,29,6
23743,0,3
23744,0,3
23745,53,8
23746,67,7
23747,76,10
23748,60,6
23749,39,7
23750,58,10
23751,0,3
23752,0,3
23753,14,3
23754,0,3
23755,6,3
23756,37,6
23757,49,7
23758,42,7
23759,0,3
23760,0,3
23761,72,11
23762,1,3
23763,28,5
23764,21,5
23765,8,4
23766,31,6
23767,10,6
23768,45,5
23769,10,5
23770,21,4
23771,0,3
23772,40,5
23773,24,4
23774,43,7
23775,0,3
23776,38,2
23777,0,3
23778,14,3
23779,15,4
23780,19,6
23781,0,3
23782,63,8
23783,31,5
23784,0,3
23785,52,8
23786,30,9
23787,15,3
23788,21,5
23789,25,5
23790,58,11
23791,51,8
23792,0,3
23793,11,5
23794,0,3
23795,0,3
23796,32,9
23797,42,6
23798,22,4
23799,0,3
23800,0,3
23801,0,3
23802,28,7
23803,0,3
23804,82,9
23805,49,11
23806,0,3
23807,0,3
23808,0,3
23809,46,9
23810,39,9
23811,61,9
23812,113,8
23813,68,5
23814,46,9
23815,4,4
23816,9,3
23817,13,4
23818,35,9
23819,0,3
23820,0,3
23821,15,5
23822,16,4
23823,6,3
23824,0,3
23825,32,7
23826,7,3
23827,0,3
23828,35,7
23829,39,7
23830,43,6
23831,2,3
23832,39,9
23833,59,9
23834,0,3
23835,35,8
23836,0,3
23837,0,3
23838,0,3
23839,27,7
23840,0,3
23841,10,4
23842,0,3
23843,9,4
23844,10,4
23845,0,3
23846,44,9
23847,0,3
23848,49,6
23849,8,4
23850,14,4
23851,0,3
23852,46,8
23853,55,7
23854,0,3
23855,81,3
23856,24,8
23857,0,3
23858,0,3
23859,0,3
23860,20,7
23861,0,3
23862,0,3
23863,0,3
23864,43,6
23865,32,6
23866,0,3
23867,28,6
23868,46,9
23869,5,5
23870,0,3
23871,0,3
23872,0,3
23873,0,3
23874,71,10
23875,33,7
23876,0,3
23877,0,3
23878,43,7
23879,32,8
23880,63,8
23881,9,4
23882,0,3
23883,0,3
23884,0,3
23885,25,4
23886,68,9
23887,0,3
23888,28,3
23889,44,10
23890,44,9
23891,4,3
23892,21,6
23893,0,3
23894,44,6
23895,0,3
23896,0,3
23897,44,9
23898,74,9
23899,0,3
23900,0,3
23901,0,3
23902,40,4
23903,43,10
23904,68,7
23905,22,5
23906,36,4
23907,27,6
23908,5,3
23909,0,3
23910,26,6
23911,33,7
23912,0,3
23913,41,6
23914,49,6
23915,19,4
23916,45,11
23917,31,7
23918,0,3
23919,27,8
23920,3,5
23921,34,7
23922,0,3
23923,0,3
23924,107,7
23925,0,3
23926,29,3
23927,87,10
23928,30,3
23929,0,3
23930,71,9
23931,0,3
23932,43,8
23933,41,9
23934,0,3
23935,0,3
23936,0,3
23937,0,3
23938,36,9
23939,30,6
23940,3,3
23941,0,3
23942,0,3
23943,0,3
23944,0,3
23945,27,4
23946,82,10
23947,0,3
23948,0,3
23949,7,3
23950,47,7
23951,65,10
23952,0,3
23953,85,8
23954,26,6
23955,0,3
23956,0,3
23957,36,9
23958,19,4
23959,38,8
23960,0,3
23961,46,8
23962,26,5
23963,10,3
23964,45,8
23965,16,3
23966,2,3
23967,0,3
23968,37,6
23969,0,3
23970,0,3
23971,40,6
23972,24,3
23973,10,3
23974,0,3
23975,41,5
23976,7,3
23977,2,3
23978,15,3
23979,36,9
23980,2,3
23981,99,14
23982,0,3
23983,80,4
23984,0,3
23985,4,3
23986,0,3
23987,0,3
23988,0,3
23989,1,3
23990,33,8
23991,0,3
23992,0,3
23993,0,3
23994,73,14
23995,0,3
23996,53,10
23997,0,3
23998,0,3
23999,0,3
24000,0,3
24001,20,7
24002,42,4
24003,66,9
24004,40,8
24005,15,6
24006,42,6
24007,66,12
24008,0,3
24009,55,8
24010,0,3
24011,2,3
24012,84,2
24013,33,6
24014,27,6
24015,22,9
24016,27,6
24017,4,3
24018,0,3
24019,35,5
24020,23,7
24021,0,3
24022,35,7
24023,8,4
24024,52,4
24025,0,3
24026,21,5
24027,44,9
24028,66,13
24029,43,7
24030,34,4
24031,67,6
24032,0,3
24033,0,3
24034,36,8
24035,74,12
24036,0,3
24037,0,3
24038,56,6
24039,44,7
24040,0,3
24041,0,3
24042,0,3
24043,0,3
24044,60,9
24045,43,7
24046,15,6
24047,10,5
24048,0,3
24049,81,9
24050,54,8
24051,0,3
24052,25,6
24053,92,10
24054,0,3
24055,13,6
24056,14,5
24057,0,3
24058,50,6
24059,32,5
24060,0,3
24061,40,7
24062,0,3
24063,0,3
24064,0,3
24065,12,6
24066,14,5
24067,14,4
24068,44,3
24069,61,6
24070,27,5
24071,0,3
24072,36,7
24073,0,3
24074,1,3
24075,53,9
24076,53,10
24077,3,3
24078,0,3
24079,23,8
24080,0,3
24081,28,8
24082,19,2
24083,0,3
24084,0,3
24085,0,3
24086,56,8
24087,0,3
24088,33,8
24089,0,3
24090,68,4
24091,26,7
24092,52,8
24093,0,3
24094,88,9
24095,0,3
24096,44,5
24097,1,3
24098,0,3
24099,31,8
24100,0,3
24101,80,12
24102,0,3
24103,0,3
24104,53,9
24105,13,5
24106,11,3
24107,28,6
24108,0,3
24109,0,3
24110,16,5
24111,85,4
24112,0,3
24113,14,4
24114,0,3
24115,0,3
24116,0,3
24117,17,4
24118,40,7
24119,81,8
24120,5,3
24121,40,8
24122,66,9
24123,21,6
24124,15,3
24125,19,7
24126,56,6
24127,63,5
24128,0,3
24129,0,3
24130,49,10
24131,0,3
24132,30,6
24133,62,8
24134,0,3
24135,16,5
24136,95,15
24137,43,6
24138,59,13
24139,0,3
24140,0,3
24141,51,9
24142,0,3
24143,39,6
24144,57,10
24145,8,3
24146,25,6
24147,63,6
24148,29,6
24149,101,6
24150,7,4
24151,91,6
24152,10,4
24153,0,3
24154,52,10
24155,60,9
24156,12,4
24157,10,4
24158,38,7
24159,0,3
24160,26,5
24161,0,3
24162,5,3
24163,68,10
24164,71,9
24165,0,3
24166,38,8
24167,6,3
24168,149,6
24169,61,10
24170,0,3
24171,0,3
24172,0,3
24173,29,5
24174,0,3
24175,0,3
24176,0,3
24177,22,3
24178,0,3
24179,37,9
24180,0,3
24181,9,4
24182,0,3
24183,61,10
24184,46,9
24185,36,5
24186,72,10
24187,6,3
24188,0,3
24189,0,3
24190,13,4
24191,29,6
24192,0,3
24193,2,3
24194,0,3
24195,0,3
24196,0,3
24197,0,3
24198,106,10
24199,38,5
24200,42,6
24201,77,13
24202,0,3
24203,0,3
24204,57,9
24205,0,3
24206,0,3
24207,56,9
24208,22,5
24209,21,8
24210,0,3
24211,0,3
24212,101,9
24213,18,4
24214,54,7
24215,26,3
24216,0,3
24217,36,6
24218,71,10
24219,17,7
24220,0,3
24221,0,3
24222,2,3
24223,0,3
24224,41,5
24225,6,4
24226,45,6
24227,0,3
24228,0,3
24229,58,8
24230,18,5
24231,53,10
24232,2,3
24233,25,4
24234,8,4
24235,0,3
24236,35,10
24237,0,3
24238,38,4
24239,18,6
24240,75,8
24241,0,3
24242,0,3
24243,41,7
24244,63,7
24245,26,4
24246,0,3
24247,41,5
24248,87,11
24249,27,7
24250,19,6
24251,0,3
24252,20,8
24253,0,3
24254,87,14
24255,1,3
24256,51,8
24257,51,3
24258,23,5
24259,7,2
24260,68,8
24261,23,5
24262,6,4
24263,43,7
24264,0,3
24265,0,3
24266,31,5
24267,34,5
24268,0,3
24269,31,7
24270,42,10
24271,43,9
24272,5,3
24273,94,9
24274,67,10
24275,24,3
24276,7,5
24277,85,12
24278,29,5
24279,57,12
24280,0,3
24281,21,6
24282,0,3
24283,14,4
24284,91,10
24285,0,3
24286,0,3
24287,45,6
24288,26,5
24289,67,9
24290,64,5
24291,0,3
24292,0,3
24293,0,3
24294,0,3
24295,37,6
24296,0,3
24297,36,7
24298,0,3
24299,7,5
24300,0,3
24301,23,7
24302,0,3
24303,74,8
24304,93,3
24305,76,5
24306,0,3
24307,15,4
24308,8,4
24309,0,3
24310,81,8
24311,16,4
24312,0,3
24313,0,3
24314,0,3
24315,0,3
24316,25,6
24317,51,8
24318,47,8
24319,49,3
24320,58,9
24321,0,3
24322,0,3
24323,0,3
24324,0,3
24325,40,7
24326,19,5
24327,25,6
24328,34,4
24329,54,9
24330,37,9
24331,0,3
24332,0,3
24333,0,3
24334,0,3
24335,55,10
24336,30,5
24337,58,8
24338,10,3
24339,36,6
24340,0,3
24341,93,9
24342,37,5
24343,0,3
24344,41,9
24345,10,5
24346,27,8
24347,0,3
24348,16,4
24349,9,3
24350,18,4
24351,34,7
24352,23,6
24353,0,3
24354,50,8
24355,0,3
24356,0,3
24357,0,3
24358,65,5
24359,0,3
24360,8,4
24361,0,3
24362,0,3
24363,28,7
24364,8,4
24365,40,9
24366,68,10
24367,19,5
24368,42,7
24369,41,6
24370,14,5
24371,37,6
24372,79,13
24373,57,7
24374,0,3
24375,90,16
24376,47,7
24377,60,12
24378,15,5
24379,0,3
24380,0,3
24381,0,3
24382,0,3
24383,0,3
24384,46,3
24385,0,3
24386,0,3
24387,3,3
24388,0,3
24389,35,7
24390,0,3
24391,18,4
24392,72,11
24393,46,7
24394,72,11
24395,0,3
24396,16,5
24397,0,3
24398,38,7
24399,30,5
24400,0,3
24401,0,3
24402,50,8
24403,39,5
24404,0,3
24405,89,15
24406,133,8
24407,0,3
24408,0,3
24409,0,3
24410,172,5
24411,0,3
24412,29,5
24413,90,7
24414,51,6
24415,62,6
24416,0,3
24417,0,3
24418,27,4
24419,0,3
24420,5,3
24421,0,3
24422,45,9
24423,0,3
24424,0,3
24425,0,3
24426,39,6
24427,108,10
24428,0,3
24429,2,3
24430,42,9
24431,58,7
24432,72,10
24433,72,13
24434,6,5
24435,33,8
24436,119,10
24437,65,7
24438,2,3
24439,0,3
24440,26,7
24441,0,3
24442,31,6
24443,0,3
24444,37,7
24445,59,7
24446,0,3
24447,45,10
24448,0,3
24449,62,9
24450,26,8
24451,123,5
24452,39,5
24453,45,7
24454,101,11
24455,0,3
24456,48,4
24457,0,3
24458,0,3
24459,0,3
24460,0,3
24461,41,6
24462,17,6
24463,19,7
24464,2,3
24465,78,9
24466,0,3
24467,44,3
24468,7,3
24469,0,3
24470,38,9
24471,0,3
24472,52,6
24473,65,8
24474,0,3
24475,46,5
24476,62,8
24477,21,5
24478,150,7
24479,15,3
24480,0,3
24481,0,3
24482,0,3
24483,60,9
24484,86,10
24485,103,10
24486,0,3
24487,0,3
24488,0,3
24489,38,6
24490,12,4
24491,6,3
24492,87,6
24493,26,6
24494,54,6
24495,0,3
24496,0,3
24497,11,4
24498,0,3
24499,25,9
24500,0,3
24501,11,4
24502,0,3
24503,28,5
24504,0,3
24505,72,8
24506,2,3
24507,49,9
24508,36,8
24509,53,13
24510,62,10
24511,43,8
24512,0,3
24513,30,6
24514,27,8
24515,8,4
24516,29,7
24517,85,6
24518,68,10
24519,27,6
24520,61,8
24521,0,3
24522,0,3
24523,40,6
24524,29,6
24525,0,3
24526,6,3
24527,31,4
24528,0,3
24529,65,9
24530,0,3
24531,40,7
24532,31,10
24533,0,3
24534,56,8
24535,58,8
24536,0,3
24537,0,3
24538,0,3
24539,0,3
24540,32,7
24541,0,3
24542,0,3
24543,80,13
24544,0,3
24545,43,4
24546,18,5
24547,123,8
24548,28,7
24549,0,3
24550,4,3
24551,0,3
24552,22,5
24553,39,6
24554,0,3
24555,2,3
24556,39,8
24557,40,8
24558,40,8
24559,7,3
24560,9,3
24561,0,3
24562,0,3
24563,0,3
24564,0,3
24565,0,3
24566,34,6
24567,58,11
24568,36,8
24569,80,7
24570,36,11
24571,24,7
24572,104,13
24573,50,8
24574,3,3
24575,113,10
24576,33,8
24577,45,6
24578,0,3
24579,0,3
24580,0,3
24581,53,8
24582,31,8
24583,0,3
24584,31,5
24585,43,7
24586,0,3
24587,41,8
24588,30,7
24589,67,6
24590,0,3
24591,59,8
24592,118,12
24593,40,7
24594,0,3
24595,106,5
24596,49,8
24597,0,3
24598,35,6
24599,64,12
24600,8,3
24601,40,6
24602,13,5
24603,27,5
24604,33,6
24605,38,10
24606,0,3
24607,43,10
24608,0,3
24609,66,7
24610,0,3
24611,89,11
24612,41,6
24613,0,3
24614,26,5
24615,0,3
24616,28,4
24617,81,7
24618,51,7
24619,0,3
24620,0,3
24621,0,3
24622,95,9
24623,37,7
24624,54,8
24625,107,8
24626,6,6
24627,42,9
24628,66,11
24629,39,5
24630,165,5
24631,54,12
24632,15,6
24633,3,4
24634,0,3
24635,31,6
24636,41,7
24637,46,13
24638,18,5
24639,44,9
24640,0,3
24641,0,3
24642,34,6
24643,108,9
24644,28,7
24645,53,8
24646,0,3
24647,16,6
24648,2,3
24649,24,5
24650,35,9
24651,3,3
24652,0,3
24653,41,8
24654,25,6
24655,74,7
24656,21,5
24657,69,11
24658,59,10
24659,0,3
24660,8,5
24661,83,8
24662,75,10
24663,0,3
24664,0,3
24665,0,3
24666,14,4
24667,0,3
24668,66,9
24669,0,3
24670,6,3
24671,78,12
24672,0,3
24673,0,3
24674,0,3
24675,55,8
24676,0,3
24677,46,5
24678,54,10
24679,0,3
24680,28,8
24681,21,3
24682,23,5
24683,69,8
24684,0,3
24685,0,3
24686,0,3
24687,25,4
24688,19,6
24689,0,3
24690,26,4
24691,99,9
24692,34,9
24693,0,3
24694,0,3
24695,0,3
24696,43,6
24697,81,12
24698,13,5
24699,40,6
24700,47,7
24701,0,3
24702,30,5
24703,51,9
24704,5,4
24705,1,3
24706,50,11
24707,58,9
24708,1,3
24709,0,3
24710,5,3
24711,0,3
24712,58,7
24713,0,3
24714,8,5
24715,52,8
24716,0,3
24717,0,3
24718,59,8
24719,8,4
24720,0,3
24721,45,7
24722,0,3
24723,0,3
24724,20,4
24725,0,3
24726,0,3
24727,0,3
24728,75,11
24729,18,6
24730,60,10
24731,85,9
24732,0,3
24733,22,4
24734,0,3
24735,58,9
24736,4,3
24737,53,7
24738,24,4
24739,49,8
24740,0,3
24741,142,14
24742,10,3
24743,10,4
24744,29,5
24745,90,10
24746,51,9
24747,45,8
24748,6,4
24749,9,4
24750,44,6
24751,67,9
24752,1,3
24753,36,6
24754,68,12
24755,12,3
24756,0,3
24757,16,5
24758,14,5
24759,27,7
24760,0,3
24761,0,3
24762,0,3
24763,28,4
24764,39,7
24765,0,3
24766,17,6
24767,0,3
24768,20,6
24769,0,3
24770,110,11
24771,7,5
24772,59,6
24773,36,6
24774,0,3
24775,28,7
24776,0,3
24777,39,8
24778,163,10
24779,58,9
24780,23,5
24781,0,3
24782,36,7
24783,0,3
24784,0,3
24785,71,8
24786,26,5
24787,0,3
24788,46,9
24789,65,6
24790,0,3
24791,14,4
24792,4,3
24793,65,11
24794,103,11
24795,55,9
24796,0,3
24797,86,11
24798,0,3
24799,22,3
24800,33,6
24801,57,8
24802,55,8
24803,0,3
24804,13,4
24805,0,3
24806,64,9
24807,37,8
24808,117,8
24809,44,6
24810,117,9
24811,0,3
24812,61,7
24813,41,8
24814,15,4
24815,39,7
24816,0,3
24817,34,7
24818,0,3
24819,28,6
24820,0,3
24821,54,7
24822,40,5
24823,22,5
24824,42,7
24825,15,3
24826,22,5
24827,143,12
24828,135,11
24829,55,8
24830,50,8
24831,59,11
24832,8,3
24833,148,12
24834,79,14
24835,0,3
24836,47,9
24837,6,4
24838,5,4
24839,0,3
24840,0,3
24841,32,5
24842,0,3
24843,27,5
24844,10,6
24845,3,3
24846,0,3
24847,47,7
24848,17,6
24849,45,8
24850,16,5
24851,0,3
24852,0,3
24853,43,10
24854,0,3
24855,16,5
24856,63,5
24857,0,3
24858,0,3
24859,27,6
24860,23,5
24861,165,5
24862,0,3
24863,0,3
24864,0,3
24865,45,5
24866,0,3
24867,36,5
24868,59,8
24869,47,6
24870,21,4
24871,0,3
24872,78,12
24873,45,6
24874,0,3
24875,62,10
24876,0,3
24877,92,11
24878,92,14
24879,39,8
24880,89,4
24881,61,9
24882,0,3
24883,0,3
24884,0,3
24885,0,3
24886,98,9
24887,116,6
24888,60,8
24889,134,12
24890,36,4
24891,100,10
24892,24,8
24893,49,7
24894,95,11
24895,0,3
24896,3,3
24897,0,3
24898,4,3
24899,5,3
24900,44,7
24901,18,5
24902,44,8
24903,43,8
24904,2,3
24905,67,8
24906,199,7
24907,56,10
24908,58,6
24909,69,11
24910,0,3
24911,62,8
24912,55,9
24913,0,3
24914,0,3
24915,40,7
24916,0,3
24917,13,5
24918,97,10
24919,0,3
24920,0,3
24921,126,8
24922,0,3
24923,28,7
24924,76,5
24925,87,10
24926,12,3
24927,52,10
24928,74,6
24929,36,8
24930,0,3
24931,0,3
24932,18,3
24933,83,11
24934,130,12
24935,0,3
24936,0,3
24937,19,5
24938,70,9
24939,2,3
24940,29,6
24941,64,7
24942,29,7
24943,87,14
24944,11,6
24945,0,3
24946,28,5
24947,14,4
24948,0,3
24949,51,7
24950,2,3
24951,0,3
24952,45,9
24953,44,6
24954,25,7
24955,17,3
24956,43,5
24957,30,4
24958,0,3
24959,45,5
24960,51,6
24961,99,16
24962,60,4
24963,65,11
24964,69,7
24965,86,1
24966,118,13
24967,0,3
24968,35,7
24969,0,3
24970,27,6
24971,108,9
24972,50,10
24973,26,10
24974,0,3
24975,81,10
24976,8,4
24977,121,8
24978,61,8
24979,0,3
24980,15,5
24981,2,3
24982,29,7
24983,3,3
24984,0,3
24985,7,3
24986,3,3
24987,0,3
24988,49,8
24989,56,7
24990,72,7
24991,0,3
24992,0,3
24993,16,4
24994,115,9
24995,0,3
24996,47,6
24997,0,3
24998,16,3
24999,85,5
25000,2,3
25001,69,10
25002,0,3
25003,0,3
25004,25,6
25005,18,7
25006,10,3
25007,0,3
25008,0,3
25009,0,3
25010,0,3
25011,0,3
25012,0,3
25013,27,5
25014,20,8
25015,32,7
25016,0,3
25017,12,3
25018,19,4
25019,0,3
25020,0,3
25021,47,6
25022,16,5
25023,8,3
25024,4,3
25025,38,8
25026,0,3
25027,46,8
25028,0,3
25029,0,3
25030,0,3
25031,26,5
25032,76,9
25033,0,3
25034,0,3
25035,19,5
25036,45,10
25037,111,5
25038,0,3
25039,0,3
25040,32,5
25041,51,6
25042,87,9
25043,0,3
25044,19,4
25045,107,13
25046,0,3
25047,42,8
25048,43,9
25049,20,6
25050,101,9
25051,3,4
25052,3,4
25053,0,3
25054,73,3
25055,0,3
25056,57,10
25057,31,9
25058,10,4
25059,44,7
25060,0,3
25061,18,5
25062,0,3
25063,0,3
25064,26,4
25065,0,3
25066,0,3
25067,0,3
25068,0,3
25069,82,8
25070,0,3
25071,0,3
25072,39,9
25073,0,3
25074,44,4
25075,0,3
25076,61,9
25077,34,8
25078,0,3
25079,51,7
25080,85,14
25081,0,3
25082,50,11
25083,16,5
25084,21,5
25085,5,3
25086,56,10
25087,37,7
25088,0,3
25089,44,8
25090,15,5
25091,34,9
25092,29,5
25093,0,3
25094,44,8
25095,0,3
25096,18,6
25097,37,7
25098,0,3
25099,13,3
25100,0,3
25101,0,3
25102,110,14
25103,0,3
25104,0,3
25105,0,3
25106,42,9
25107,0,3
25108,0,3
25109,0,3
25110,57,9
25111,48,7
25112,22,7
25113,92,3
25114,2,3
25115,0,3
25116,0,3
25117,51,9
25118,61,10
25119,25,5
25120,2,3
25121,46,11
25122,53,7
25123,92,10
25124,0,3
25125,22,5
25126,0,3
25127,20,6
25128,0,3
25129,0,3
25130,78,9
25131,67,8
25132,0,3
25133,72,12
25134,19,3
25135,110,5
25136,81,6
25137,23,6
25138,79,8
25139,75,8
25140,45,6
25141,23,7
25142,37,9
25143,0,3
25144,59,7
25145,0,3
25146,0,3
25147,38,7
25148,76,6
25149,0,3
25150,49,5
25151,48,9
25152,33,7
25153,0,3
25154,26,7
25155,26,4
25156,84,8
25157,39,7
25158,15,4
25159,68,10
25160,0,3
25161,0,3
25162,41,10
25163,0,3
25164,22,4
25165,29,10
25166,0,3
25167,0,3
25168,93,13
25169,23,8
25170,6,4
25171,58,9
25172,0,3
25173,52,11
25174,25,6
25175,49,6
25176,28,3
25177,20,4
25178,10,4
25179,35,5
25180,0,3
25181,21,6
25182,52,6
25183,0,3
25184,35,4
25185,0,3
25186,88,11
25187,71,8
25188,59,6
25189,1,3
25190,0,3
25191,46,6
25192,0,3
25193,71,9
25194,45,8
25195,63,8
25196,34,6
25197,0,3
25198,69,6
25199,0,3
25200,13,5
25201,0,3
25202,66,10
25203,0,3
25204,21,4
25205,44,6
25206,0,3
25207,30,7
25208,21,8
25209,45,5
25210,48,7
25211,0,3
25212,0,3
25213,0,3
25214,23,4
25215,0,3
25216,0,3
25217,0,3
25218,52,7
25219,17,5
25220,0,3
25221,0,3
25222,58,11
25223,29,4
25224,14,4
25225,121,5
25226,79,11
25227,30,7
25228,0,3
25229,22,7
25230,0,3
25231,37,10
25232,0,3
25233,3,3
25234,74,10
25235,0,3
25236,0,3
25237,0,3
25238,32,5
25239,36,9
25240,41,9
25241,102,9
25242,22,7
25243,9,3
25244,8,5
25245,33,3
25246,65,10
25247,0,3
25248,62,10
25249,5,3
25250,6,3
25251,40,9
25252,62,7
25253,19,3
25254,37,5
25255,39,7
25256,0,3
25257,21,5
25258,28,5
25259,0,3
25260,5,4
25261,0,3
25262,22,6
25263,76,10
25264,0,3
25265,10,4
25266,26,8
25267,66,10
25268,0,3
25269,26,5
25270,52,7
25271,28,5
25272,65,9
25273,2,3
25274,94,5
25275,15,5
25276,0,3
25277,52,8
25278,27,9
25279,0,3
25280,50,10
25281,0,3
25282,0,3
25283,71,10
25284,32,8
25285,0,3
25286,0,3
25287,0,3
25288,0,3
25289,73,7
25290,9,3
25291,0,3
25292,74,14
25293,7,3
25294,16,5
25295,0,3
25296,68,8
25297,27,4
25298,0,3
25299,0,3
25300,68,6
25301,0,3
25302,18,6
25303,25,7
25304,62,12
25305,54,8
25306,0,3
25307,50,7
25308,48,8
25309,155,6
25310,4,3
25311,0,3
25312,8,6
25313,0,3
25314,0,3
25315,0,3
25316,73,10
25317,0,3
25318,0,3
25319,0,3
25320,40,7
25321,35,8
25322,33,7
25323,0,3
25324,0,3
25325,0,3
25326,37,8
25327,62,10
25328,47,6
25329,64,7
25330,23,4
25331,54,9
25332,60,8
25333,0,3
25334,28,7
25335,33,5
25336,0,3
25337,36,6
25338,20,7
25339,1,4
25340,0,3
25341,15,4
25342,45,8
25343,0,3
25344,0,3
25345,54,8
25346,24,3
25347,0,3
25348,59,11
25349,132,13
25350,0,3
25351,30,8
25352,81,10
25353,0,3
25354,32,5
25355,12,3
25356,29,5
25357,28,4
25358,49,8
25359,0,3
25360,0,3
25361,141,13
25362,0,3
25363,78,8
25364,91,11
25365,0,3
25366,45,9
25367,53,8
25368,110,9
25369,0,3
25370,160,12
25371,73,9
25372,57,9
25373,0,3
25374,66,8
25375,0,3
25376,11,4
25377,67,6
25378,0,3
25379,13,4
25380,35,7
25381,36,9
25382,23,5
25383,53,7
25384,0,3
25385,40,7
25386,5,3
25387,34,7
25388,96,14
25389,41,9
25390,21,7
25391,57,11
25392,0,3
25393,73,11
25394,0,3
25395,86,10
25396,81,10
25397,40,8
25398,50,8
25399,0,3
25400,77,7
25401,52,8
25402,14,5
25403,11,4
25404,0,3
25405,0,3
25406,59,9
25407,44,7
25408,2,4
25409,12,3
25410,81,11
25411,27,5
25412,102,8
25413,32,7
25414,45,9
25415,0,3
25416,87,8
25417,98,7
25418,69,9
25419,35,9
25420,0,3
25421,37,9
25422,108,5
25423,0,3
25424,0,3
25425,42,8
25426,42,7
25427,0,3
25428,0,3
25429,58,7
25430,26,6
25431,0,3
25432,57,7
25433,56,8
25434,61,7
25435,0,3
25436,40,7
25437,18,7
25438,66,9
25439,28,5
25440,88,8
25441,2,3
25442,81,13
25443,27,7
25444,0,3
25445,35,6
25446,37,3
25447,42,5
25448,0,3
25449,64,9
25450,40,8
25451,89,7
25452,0,3
25453,0,3
25454,31,6
25455,43,7
25456,0,3
25457,0,3
25458,30,5
25459,72,4
25460,18,4
25461,0,3
25462,34,7
25463,0,3
25464,41,7
25465,53,7
25466,0,3
25467,76,8
25468,49,7
25469,76,9
25470,0,3
25471,127,12
25472,0,3
25473,60,9
25474,67,6
25475,0,3
25476,0,3
25477,36,6
25478,46,7
25479,20,5
25480,53,9
25481,0,3
25482,89,7
25483,9,4
25484,0,3
25485,0,3
25486,0,3
25487,24,4
25488,97,11
25489,13,3
25490,0,3
25491,47,8
25492,45,9
25493,32,6
25494,50,10
25495,0,3
25496,96,12
25497,112,11
25498,117,7
25499,0,3
25500,74,8
25501,0,3
25502,52,7
25503,25,7
25504,54,11
25505,24,6
25506,0,3
25507,81,11
25508,31,8
25509,2,3
25510,0,3
25511,8,4
25512,43,4
25513,0,3
25514,12,3
25515,0,3
25516,33,7
25517,26,5
25518,37,8
25519,101,10
25520,51,10
25521,0,3
25522,58,4
25523,24,4
25524,41,10
25525,0,3
25526,47,5
25527,41,7
25528,0,3
25529,3,3
25530,68,7
25531,0,3
25532,0,3
25533,0,3
25534,0,3
25535,0,3
25536,0,3
25537,32,7
25538,0,3
25539,87,9
25540,0,3
25541,29,5
25542,0,3
25543,16,6
25544,0,3
25545,29,8
25546,0,3
25547,5,4
25548,0,3
25549,0,3
25550,0,3
25551,40,10
25552,90,8
25553,35,3
25554,0,3
25555,81,9
25556,29,7
25557,0,3
25558,0,3
25559,20,6
25560,51,5
25561,51,10
25562,28,5
25563,0,3
25564,0,3
25565,50,9
25566,39,7
25567,2,3
25568,25,4
25569,4,3
25570,0,3
25571,48,9
25572,64,9
25573,1,3
25574,114,16
25575,0,3
25576,36,3
25577,27,6
25578,0,3
25579,32,4
25580,0,3
25581,16,5
25582,0,3
25583,55,5
25584,80,10
25585,23,4
25586,32,6
25587,71,9
25588,85,13
25589,6,3
25590,0,3
25591,3,3
25592,28,6
25593,81,9
25594,30,8
25595,82,10
25596,38,6
25597,42,8
25598,11,4
25599,187,6
25600,3,3
25601,32,8
25602,83,10
25603,0,3
25604,3,3
25605,79,12
25606,0,3
25607,97,12
25608,0,3
25609,39,8
25610,6,3
25611,3,3
25612,0,3
25613,0,3
25614,0,3
25615,0,3
25616,0,3
25617,38,7
25618,0,3
25619,32,4
25620,50,9
25621,40,9
25622,87,9
25623,30,5
25624,24,6
25625,0,3
25626,44,9
25627,0,3
25628,28,6
25629,102,10
25630,0,3
25631,0,3
25632,0,3
25633,17,5
25634,36,7
25635,39,6
25636,0,3
25637,39,6
25638,0,3
25639,57,7
25640,80,3
25641,53,7
25642,5,3
25643,0,3
25644,60,10
25645,64,11
25646,71,10
25647,0,3
25648,39,5
25649,38,8
25650,20,5
25651,0,3
25652,0,3
25653,21,4
25654,44,6
25655,0,3
25656,0,3
25657,34,4
25658,0,3
25659,79,11
25660,15,7
25661,152,10
25662,0,3
25663,43,6
25664,30,7
25665,59,9
25666,41,5
25667,0,3
25668,43,6
25669,44,11
25670,3,3
25671,16,4
25672,14,4
25673,0,3
25674,63,11
25675,0,3
25676,97,13
25677,0,3
25678,0,3
25679,0,3
25680,0,3
25681,0,3
25682,28,6
25683,0,3
25684,51,9
25685,0,3
25686,42,6
25687,0,3
25688,7,4
25689,61,11
25690,47,9
25691,48,8
25692,26,5
25693,34,4
25694,24,6
25695,23,6
25696,27,4
25697,0,3
25698,59,7
25699,0,3
25700,16,6
25701,0,3
25702,3,3
25703,42,6
25704,60,5
25705,40,8
25706,30,4
25707,10,5
25708,0,3
25709,15,5
25710,36,9
25711,53,8
25712,1,3
25713,0,3
25714,3,3
25715,0,3
25716,53,13
25717,17,6
25718,0,3
25719,0,3
25720,16,5
25721,17,4
25722,0,3
25723,0,3
25724,18,7
25725,21,4
25726,31,9
25727,9,3
25728,25,6
25729,16,6
25730,0,3
25731,46,9
25732,28,6
25733,0,3
25734,0,3
25735,35,7
25736,84,11
25737,0,3
25738,59,9
25739,34,7
25740,0,3
25741,0,3
25742,20,5
25743,2,3
25744,50,8
25745,22,7
25746,25,5
25747,55,9
25748,12,4
25749,93,10
25750,0,3
25751,30,7
25752,5,3
25753,0,3
25754,0,3
25755,22,4
25756,39,9
25757,65,10
25758,32,6
25759,15,6
25760,4,3
25761,12,4
25762,51,6
25763,4,4
25764,22,5
25765,76,9
25766,37,8
25767,10,5
25768,83,10
25769,51,8
25770,0,3
25771,5,3
25772,0,3
25773,0,3
25774,2,3
25775,52,5
25776,91,8
25777,50,7
25778,34,7
25779,0,3
25780,103,11
25781,0,3
25782,0,3
25783,29,9
25784,87,10
25785,1,3
25786,63,8
25787,0,3
25788,4,4
25789,74,10
25790,0,3
25791,0,3
25792,111,9
25793,119,11
25794,13,3
25795,29,7
25796,92,15
25797,0,3
25798,0,3
25799,5,5
25800,11,3
25801,46,9
25802,65,10
25803,0,3
25804,42,7
25805,33,8
25806,0,3
25807,69,9
25808,24,4
25809,60,10
25810,33,8
25811,0,3
25812,0,3
25813,21,6
25814,47,7
25815,18,6
25816,0,3
25817,0,3
25818,0,3
25819,0,3
25820,61,10
25821,69,7
25822,3,3
25823,106,8
25824,76,11
25825,0,3
25826,0,3
25827,32,6
25828,0,3
25829,53,12
25830,0,3
25831,63,9
25832,42,8
25833,0,3
25834,0,3
25835,73,7
25836,44,8
25837,100,12
25838,101,10
25839,84,6
25840,56,9
25841,100,10
25842,68,7
25843,125,5
25844,15,5
25845,0,3
25846,0,3
25847,0,3
25848,0,3
25849,106,12
25850,95,15
25851,0,3
25852,0,3
25853,0,3
25854,70,9
25855,0,3
25856,27,6
25857,72,7
25858,0,3
25859,0,3
25860,41,8
25861,13,3
25862,29,10
25863,54,6
25864,0,3
25865,5,3
25866,0,3
25867,90,8
25868,0,3
25869,0,3
25870,3,3
25871,0,3
25872,0,3
25873,0,3
25874,67,8
25875,0,3
25876,94,7
25877,52,10
25878,0,3
25879,0,3
25880,16,3
25881,61,9
25882,61,5
25883,0,3
25884,54,8
25885,28,5
25886,0,3
25887,0,3
25888,20,6
25889,5,4
25890,117,10
25891,0,3
25892,6,3
25893,36,8
25894,60,11
25895,51,11
25896,42,9
25897,109,8
25898,41,8
25899,22,4
25900,0,3
25901,35,7
25902,1,3
25903,37,11
25904,0,3
25905,0,3
25906,97,13
25907,0,3
25908,55,10
25909,29,8
25910,22,4
25911,11,3
25912,51,10
25913,0,3
25914,0,3
25915,68,10
25916,37,6
25917,0,3
25918,0,3
25919,71,12
25920,22,6
25921,0,3
25922,18,5
25923,7,3
25924,103,9
25925,68,5
25926,71,10
25927,79,11
25928,0,3
25929,0,3
25930,0,3
25931,13,3
25932,63,8
25933,22,5
25934,7,3
25935,2,3
25936,84,8
25937,46,7
25938,73,8
25939,33,5
25940,0,3
25941,14,4
25942,0,3
25943,0,3
25944,64,9
25945,44,8
25946,38,9
25947,73,8
25948,31,8
25949,41,6
25950,0,3
25951,62,9
25952,0,3
25953,58,8
25954,2,3
25955,0,3
25956,0,3
25957,0,3
25958,45,9
25959,36,7
25960,55,6
25961,36,8
25962,0,3
25963,0,3
25964,0,3
25965,0,3
25966,33,4
25967,24,5
25968,0,3
25969,78,10
25970,47,9
25971,13,4
25972,0,3
25973,88,11
25974,43,8
25975,0,3
25976,0,3
25977,0,3
25978,119,19
25979,4,5
25980,0,3
25981,0,3
25982,27,6
25983,93,9
25984,16,5
25985,0,3
25986,15,5
25987,16,4
25988,16,4
25989,48,7
25990,87,12
25991,0,3
25992,17,3
25993,0,3
25994,53,8
25995,0,3
25996,58,8
25997,0,3
25998,41,6
25999,39,8
26000,16,6
26001,110,13
26002,0,3
26003,78,8
26004,20,5
26005,57,11
26006,53,7
26007,42,5
26008,60,6
26009,23,4
26010,3,3
26011,52,6
26012,0,3
26013,0,3
26014,35,6
26015,96,12
26016,4,3
26017,94,11
26018,0,3
26019,31,5
26020,5,3
26021,86,11
26022,69,6
26023,15,6
26024,48,8
26025,138,12
26026,66,4
26027,0,3
26028,0,3
26029,7,3
26030,0,3
26031,0,3
26032,1,3
26033,54,9
26034,39,8
26035,49,6
26036,7,3
26037,80,7
26038,82,9
26039,63,9
26040,0,3
26041,65,8
26042,74,9
26043,18,6
26044,27,6
26045,201,12
26046,0,3
26047,94,6
26048,19,6
26049,0,3
26050,63,11
26051,0,3
26052,46,5
26053,0,3
26054,95,8
26055,59,9
26056,0,3
26057,88,13
26058,0,3
26059,0,3
26060,75,10
26061,127,11
26062,47,6
26063,0,3
26064,65,11
26065,0,3
26066,0,3
26067,0,3
26068,0,3
26069,79,10
26070,32,4
26071,91,10
26072,78,3
26073,75,11
26074,69,13
26075,0,3
26076,119,4
26077,26,4
26078,36,5
26079,0,3
26080,56,9
26081,58,9
26082,0,3
26083,28,8
26084,0,3
26085,0,3
26086,0,3
26087,17,5
26088,32,5
26089,0,3
26090,0,3
26091,62,9
26092,0,3
26093,46,6
26094,40,11
26095,48,11
26096,43,6
26097,71,10
26098,55,8
26099,0,3
26100,40,7
26101,71,9
26102,88,9
26103,1,3
26104,34,7
26105,33,7
26106,76,11
26107,0,3
26108,131,12
26109,0,3
26110,0,3
26111,0,3
26112,44,11
26113,0,3
26114,53,8
26115,0,3
26116,14,6
26117,68,11
26118,63,9
26119,56,11
26120,86,9
26121,56,10
26122,57,9
26123,22,6
26124,5,4
26125,24,5
26126,0,3
26127,0,3
26128,0,3
26129,68,13
26130,36,7
26131,92,11
26132,45,4
26133,23,3
26134,84,10
26135,6,4
26136,105,12
26137,50,8
26138,63,7
26139,34,9
26140,57,8
26141,0,3
26142,0,3
26143,0,3
26144,0,3
26145,0,3
26146,3,3
26147,0,3
26148,0,3
26149,72,10
26150,0,3
26151,68,9
26152,2,3
26153,2,3
26154,0,3
26155,41,6
26156,39,4
26157,0,3
26158,46,7
26159,0,3
26160,18,7
26161,86,9
26162,27,7
26163,35,6
26164,76,8
26165,43,9
26166,45,5
26167,40,5
26168,82,11
26169,0,3
26170,34,6
26171,0,3
26172,21,5
26173,0,3
26174,86,10
26175,7,3
26176,44,9
26177,58,9
26178,83,9
26179,0,3
26180,0,3
26181,28,6
26182,0,3
26183,32,4
26184,34,7
26185,39,7
26186,0,3
26187,90,11
26188,76,7
26189,0,3
26190,103,13
26191,0,3
26192,14,5
26193,71,15
26194,27,3
26195,0,3
26196,13,4
26197,36,6
26198,0,3
26199,15,6
26200,38,6
26201,12,3
26202,59,4
26203,0,3
26204,92,8
26205,89,9
26206,0,3
26207,0,3
26208,4,3
26209,0,3
26210,79,9
26211,62,12
26212,66,10
26213,0,3
26214,29,4
26215,96,7
26216,83,10
26217,0,3
26218,0,3
26219,47,7
26220,49,9
26221,88,12
26222,74,13
26223,22,8
26224,0,3
26225,0,3
26226,0,3
26227,0,3
26228,0,3
26229,0,3
26230,0,3
26231,6,3
26232,0,3
26233,6,3
26234,0,3
26235,67,10
26236,1,3
26237,68,6
26238,31,8
26239,39,6
26240,63,8
26241,37,8
26242,0,3
26243,39,7
26244,45,8
26245,0,3
26246,78,8
26247,0,3
26248,95,11
26249,0,3
26250,17,8
26251,63,8
26252,63,8
26253,39,8
26254,81,10
26255,16,6
26256,0,3
26257,29,7
26258,0,3
26259,53,7
26260,11,4
26261,55,9
26262,23,4
26263,11,5
26264,78,13
26265,0,3
26266,0,3
26267,0,3
26268,0,3
26269,12,5
26270,50,7
26271,14,4
26272,52,9
26273,4,3
26274,54,8
26275,40,9
26276,0,3
26277,39,5
26278,0,3
26279,11,3
26280,0,3
26281,62,7
26282,99,8
26283,0,3
26284,0,3
26285,40,6
26286,44,8
26287,0,3
26288,0,3
26289,52,5
26290,34,6
26291,14,4
26292,71,7
26293,53,8
26294,54,10
26295,41,9
26296,19,4
26297,0,3
26298,62,9
26299,68,7
26300,32,6
26301,0,3
26302,45,6
26303,0,3
26304,0,3
26305,0,3
26306,31,6
26307,67,7
26308,77,13
26309,4,4
26310,0,3
26311,0,3
26312,25,11
26313,0,3
26314,6,3
26315,0,3
26316,53,10
26317,0,3
26318,23,6
26319,40,8
26320,73,9
26321,0,3
26322,65,7
26323,78,13
26324,88,8
26325,35,7
26326,153,11
26327,34,8
26328,68,10
26329,63,10
26330,0,3
26331,81,15
26332,36,9
26333,5,3
26334,55,10
26335,0,3
26336,76,11
26337,2,4
26338,56,8
26339,22,5
26340,0,3
26341,0,3
26342,0,3
26343,15,4
26344,0,3
26345,19,7
26346,0,3
26347,0,3
26348,26,4
26349,54,7
26350,0,3
26351,0,3
26352,0,3
26353,46,9
26354,81,11
26355,0,3
26356,63,10
26357,0,3
26358,92,11
26359,0,3
26360,0,3
26361,82,13
26362,16,4
26363,2,3
26364,0,3
26365,0,3
26366,50,9
26367,55,9
26368,43,9
26369,42,10
26370,0,3
26371,51,8
26372,0,3
26373,0,3
26374,82,12
26375,0,3
26376,0,3
26377,50,8
26378,0,3
26379,0,3
26380,37,8
26381,52,11
26382,0,3
26383,108,11
26384,0,3
26385,41,7
26386,43,6
26387,61,8
26388,4,3
26389,9,4
26390,8,4
26391,74,9
26392,0,3
26393,49,9
26394,8,3
26395,59,11
26396,0,3
26397,0,3
26398,48,9
26399,43,9
26400,47,7
26401,76,9
26402,0,3
26403,41,4
26404,52,10
26405,0,3
26406,74,10
26407,61,9
26408,1,3
26409,163,9
26410,0,3
26411,0,3
26412,0,3
26413,115,10
26414,0,3
26415,22,5
26416,104,13
26417,0,3
26418,0,3
26419,0,3
26420,0,3
26421,97,11
26422,0,3
26423,1,3
26424,0,3
26425,67,8
26426,0,3
26427,19,3
26428,0,3
26429,51,10
26430,19,5
26431,44,5
26432,66,8
26433,127,13
26434,42,7
26435,0,3
26436,0,3
26437,11,4
26438,29,6
26439,0,3
26440,97,12
26441,0,3
26442,8,3
26443,3,3
26444,0,3
26445,1,3
26446,0,3
26447,26,9
26448,61,7
26449,0,3
26450,26,5
26451,0,3
26452,147,12
26453,41,6
26454,98,13
26455,0,3
26456,0,3
26457,0,3
26458,29,7
26459,132,9
26460,74,9
26461,0,3
26462,22,7
26463,64,11
26464,40,5
26465,104,12
26466,63,10
26467,52,8
26468,0,3
26469,53,8
26470,36,9
26471,42,9
26472,72,10
26473,0,3
26474,0,3
26475,0,3
26476,40,6
26477,0,3
26478,48,9
26479,0,3
26480,0,3
26481,67,12
26482,0,3
26483,52,10
26484,0,3
26485,0,3
26486,57,10
26487,0,3
26488,0,3
26489,78,13
26490,0,3
26491,34,9
26492,39,4
26493,6,3
26494,0,3
26495,0,3
26496,31,7
26497,0,3
26498,0,3
26499,36,7
26500,0,3
26501,0,3
26502,0,3
26503,6,3
26504,0,3
26505,57,7
26506,113,16
26507,25,5
26508,14,5
26509,89,9
26510,14,5
26511,129,11
26512,0,3
26513,98,12
26514,42,5
26515,27,6
26516,84,11
26517,0,3
26518,71,10
26519,64,7
26520,0,3
26521,0,3
26522,43,4
26523,126,13
26524,67,7
26525,63,12
26526,2,4
26527,82,10
26528,46,10
26529,45,9
26530,41,9
26531,65,8
26532,86,10
26533,102,13
26534,58,8
26535,47,9
26536,86,10
26537,50,9
26538,0,3
26539,0,3
26540,40,7
26541,0,3
26542,35,7
26543,23,8
26544,5,3
26545,27,6
26546,63,10
26547,0,3
26548,0,3
26549,0,3
26550,5,5
26551,0,3
26552,18,7
26553,0,3
26554,24,8
26555,8,4
26556,4,3
26557,46,9
26558,7,3
26559,42,9
26560,46,7
26561,75,10
26562,119,9
26563,37,4
26564,41,10
26565,74,11
26566,32,7
26567,16,5
26568,0,3
26569,90,12
26570,62,8
26571,0,3
26572,80,5
26573,40,6
26574,41,5
26575,0,3
26576,21,5
26577,58,9
26578,37,6
26579,96,8
26580,80,4
26581,57,10
26582,100,11
26583,0,3
26584,0,3
26585,0,3
26586,0,3
26587,24,4
26588,47,6
26589,0,3
26590,43,7
26591,0,3
26592,45,6
26593,50,10
26594,111,12
26595,0,3
26596,0,3
26597,15,4
26598,0,3
26599,54,7
26600,0,3
26601,4,3
26602,20,5
26603,50,9
26604,0,3
26605,8,4
26606,62,7
26607,62,10
26608,20,7
26609,54,10
26610,36,6
26611,17,4
26612,0,3
26613,29,8
26614,71,7
26615,0,3
26616,69,8
26617,0,3
26618,0,3
26619,62,8
26620,0,3
26621,46,8
26622,14,4
26623,76,11
26624,0,3
26625,3,3
26626,0,3
26627,57,11
26628,33,6
26629,72,12
26630,133,10
26631,36,7
26632,0,3
26633,21,8
26634,22,7
26635,25,5
26636,67,7
26637,77,11
26638,0,3
26639,164,15
26640,42,8
26641,0,3
26642,95,13
26643,0,3
26644,96,12
26645,17,7
26646,9,5
26647,37,7
26648,37,5
26649,71,11
26650,23,5
26651,32,8
26652,47,8
26653,36,6
26654,121,12
26655,22,4
26656,55,9
26657,102,10
26658,0,3
26659,0,3
26660,0,3
26661,35,8
26662,108,12
26663,14,6
26664,0,3
26665,14,3
26666,0,3
26667,2,3
26668,0,3
26669,9,4
26670,83,11
26671,24,8
26672,1,3
26673,15,5
26674,0,3
26675,26,7
26676,0,3
26677,20,3
26678,45,7
26679,77,11
26680,57,9
26681,0,3
26682,0,3
26683,37,9
26684,21,6
26685,26,6
26686,0,3
26687,41,10
26688,3,3
26689,97,15
26690,111,12
26691,30,6
26692,30,7
26693,5,3
26694,0,3
26695,40,9
26696,84,11
26697,61,12
26698,36,8
26699,0,3
26700,0,3
26701,59,10
26702,85,10
26703,13,4
26704,0,3
26705,0,3
26706,27,5
26707,0,3
26708,46,8
26709,16,4
26710,107,14
26711,23,5
26712,0,3
26713,31,7
26714,40,6
26715,29,4
26716,0,3
26717,0,3
26718,65,7
26719,66,11
26720,0,3
26721,41,6
26722,0,3
26723,35,6
26724,30,6
26725,0,3
26726,27,9
26727,104,9
26728,0,3
26729,0,3
26730,34,5
26731,20,9
26732,45,9
26733,76,8
26734,12,5
26735,84,8
26736,61,9
26737,18,4
26738,33,10
26739,0,3
26740,14,5
26741,0,3
26742,0,3
26743,0,3
26744,0,3
26745,22,5
26746,44,7
26747,94,8
26748,47,8
26749,68,7
26750,0,3
26751,43,7
26752,0,3
26753,49,6
26754,0,3
26755,0,3
26756,0,3
26757,0,3
26758,53,7
26759,0,3
26760,0,3
26761,67,11
26762,44,10
26763,0,3
26764,62,9
26765,0,3
26766,0,3
26767,46,7
26768,106,8
26769,76,12
26770,0,3
26771,0,3
26772,72,8
26773,27,8
26774,13,5
26775,0,3
26776,0,3
26777,45,7
26778,18,4
26779,11,3
26780,24,6
26781,48,8
26782,0,3
26783,20,4
26784,62,10
26785,41,6
26786,48,9
26787,32,9
26788,63,13
26789,0,3
26790,0,3
26791,47,7
26792,17,5
26793,55,6
26794,0,3
26795,109,11
26796,73,10
26797,0,3
26798,0,3
26799,17,5
26800,96,6
26801,88,12
26802,6,4
26803,0,3
26804,10,4
26805,35,6
26806,0,3
26807,31,5
26808,39,9
26809,5,3
26810,24,3
26811,0,3
26812,0,3
26813,59,8
26814,0,3
26815,29,3
26816,8,4
26817,148,15
26818,0,3
26819,57,10
26820,22,6
26821,33,7
26822,0,3
26823,61,11
26824,0,3
26825,67,9
26826,33,6
26827,15,7
26828,41,7
26829,0,3
26830,19,5
26831,54,9
26832,43,7
26833,0,3
26834,0,3
26835,68,12
26836,20,5
26837,18,8
26838,38,6
26839,54,7
26840,0,3
26841,0,3
26842,71,7
26843,0,3
26844,0,3
26845,0,3
26846,6,3
26847,28,7
26848,34,5
26849,19,5
26850,0,3
26851,42,5
26852,0,3
26853,0,3
26854,38,9
26855,63,10
26856,73,9
26857,21,3
26858,50,9
26859,0,3
26860,66,9
26861,104,8
26862,0,3
26863,21,4
26864,17,4
26865,0,3
26866,16,5
26867,22,3
26868,31,5
26869,51,8
26870,6,6
26871,0,3
26872,40,9
26873,56,8
26874,78,10
26875,0,3
26876,122,12
26877,15,5
26878,0,3
26879,10,4
26880,54,9
26881,0,3
26882,96,7
26883,0,3
26884,0,3
26885,0,3
26886,44,7
26887,7,4
26888,0,3
26889,51,9
26890,0,3
26891,44,11
26892,5,5
26893,6,3
26894,73,5
26895,0,3
26896,0,3
26897,81,8
26898,68,9
26899,0,3
26900,20,7
26901,38,7
26902,130,9
26903,0,3
26904,0,3
26905,0,3
26906,12,4
26907,39,4
26908,112,11
26909,39,7
26910,13,5
26911,0,3
26912,0,3
26913,0,3
26914,54,7
26915,0,3
26916,56,6
26917,41,7
26918,35,7
26919,60,12
26920,0,3
26921,12,5
26922,44,9
26923,129,10
26924,0,3
26925,84,12
26926,87,10
26927,126,9
26928,77,11
26929,0,3
26930,48,8
26931,0,3
26932,22,3
26933,0,3
26934,0,3
26935,35,9
26936,2,3
26937,0,3
26938,0,3
26939,0,3
26940,84,8
26941,0,3
26942,25,5
26943,0,3
26944,0,3
26945,78,11
26946,0,3
26947,73,10
26948,16,4
26949,149,8
26950,0,3
26951,17,5
26952,26,6
26953,0,3
26954,0,3
26955,0,3
26956,0,3
26957,0,3
26958,0,3
26959,0,3
26960,0,3
26961,18,7
26962,0,3
26963,60,9
26964,3,4
26965,0,3
26966,82,8
26967,100,13
26968,31,5
26969,0,3
26970,23,6
26971,10,4
26972,0,3
26973,38,7
26974,0,3
26975,0,3
26976,81,7
26977,0,3
26978,36,8
26979,57,10
26980,22,3
26981,0,3
26982,69,7
26983,28,6
26984,20,6
26985,80,6
26986,63,9
26987,76,7
26988,17,6
26989,23,6
26990,121,8
26991,73,5
26992,38,8
26993,14,3
26994,0,3
26995,72,9
26996,26,5
26997,47,9
26998,0,3
26999,0,3
27000,34,6
27001,68,11
27002,50,8
27003,0,3
27004,0,3
27005,0,3
27006,88,8
27007,20,4
27008,20,4
27009,47,7
27010,0,3
27011,28,6
27012,0,3
27013,0,3
27014,76,9
27015,72,13
27016,53,12
27017,6,3
27018,29,5
27019,37,9
27020,118,12
27021,8,4
27022,118,15
27023,24,5
27024,0,3
27025,0,3
27026,0,3
27027,124,10
27028,0,3
27029,30,8
27030,0,3
27031,0,3
27032,55,8
27033,0,3
27034,0,3
27035,70,9
27036,12,4
27037,0,3
27038,44,12
27039,28,4
27040,0,3
27041,45,8
27042,0,3
27043,27,8
27044,22,5
27045,0,3
27046,0,3
27047,71,9
27048,0,3
27049,0,3
27050,0,3
27051,32,7
27052,0,3
27053,0,3
27054,0,3
27055,47,6
27056,0,3
27057,27,6
27058,0,3
27059,37,6
27060,155,10
27061,76,10
27062,0,3
27063,50,10
27064,0,3
27065,31,4
27066,14,5
27067,0,3
27068,39,8
27069,45,9
27070,132,11
27071,27,5
27072,29,8
27073,87,11
27074,0,3
27075,37,5
27076,0,3
27077,21,6
27078,21,7
27079,61,8
27080,44,8
27081,0,3
27082,4,3
27083,3,3
27084,78,11
27085,48,8
27086,0,3
27087,0,3
27088,31,6
27089,0,3
27090,74,9
27091,46,6
27092,0,3
27093,7,4
27094,11,3
27095,25,6
27096,0,3
27097,48,6
27098,127,15
27099,33,5
27100,55,10
27101,58,9
27102,15,4
27103,58,7
27104,8,5
27105,31,7
27106,0,3
27107,51,6
27108,0,3
27109,84,9
27110,0,3
27111,0,3
27112,65,12
27113,0,3
27114,0,3
27115,0,3
27116,24,5
27117,111,16
27118,42,7
27119,66,10
27120,30,4
27121,0,3
27122,0,3
27123,57,7
27124,82,8
27125,78,9
27126,43,10
27127,21,5
27128,0,3
27129,63,8
27130,0,3
27131,56,8
27132,74,12
27133,51,7
27134,0,3
27135,58,8
27136,30,8
27137,42,8
27138,43,5
27139,17,3
27140,32,7
27141,101,7
27142,0,3
27143,0,3
27144,0,3
27145,58,8
27146,94,6
27147,0,3
27148,0,3
27149,0,3
27150,46,7
27151,24,7
27152,65,8
27153,63,6
27154,0,3
27155,40,7
27156,116,7
27157,0,3
27158,18,5
27159,0,3
27160,0,3
27161,28,8
27162,15,5
27163,0,3
27164,0,3
27165,0,3
27166,0,3
27167,0,3
27168,86,12
27169,80,12
27170,37,6
27171,24,5
27172,36,6
27173,25,3
27174,51,7
27175,67,5
27176,25,5
27177,108,10
27178,88,9
27179,75,10
27180,0,3
27181,0,3
27182,7,4
27183,0,3
27184,44,7
27185,60,9
27186,38,8
27187,46,9
27188,26,3
27189,0,3
27190,0,3
27191,0,3
27192,47,8
27193,0,3
27194,44,5
27195,81,11
27196,0,3
27197,11,4
27198,0,3
27199,104,12
27200,38,6
27201,0,3
27202,14,5
27203,72,9
27204,41,7
27205,14,6
27206,70,12
27207,91,13
27208,24,6
27209,10,3
27210,62,9
27211,3,3
27212,0,3
27213,0,3
27214,0,3
27215,0,3
27216,103,11
27217,45,8
27218,65,10
27219,0,3
27220,45,7
27221,54,11
27222,0,3
27223,122,10
27224,0,3
27225,17,4
27226,10,5
27227,4,3
27228,155,13
27229,45,9
27230,42,9
27231,0,3
27232,41,5
27233,0,3
27234,62,14
27235,27,6
27236,1,3
27237,100,12
27238,29,5
27239,71,9
27240,18,5
27241,0,3
27242,43,7
27243,42,9
27244,77,12
27245,46,8
27246,45,5
27247,25,7
27248,50,6
27249,61,11
27250,98,13
27251,0,3
27252,0,3
27253,57,11
27254,0,3
27255,0,3
27256,0,3
27257,69,6
27258,13,4
27259,52,10
27260,39,10
27261,0,3
27262,62,9
27263,10,4
27264,0,3
27265,0,3
27266,49,4
27267,0,3
27268,154,15
27269,54,9
27270,78,9
27271,13,3
27272,26,8
27273,0,3
27274,82,8
27275,2,4
27276,0,3
27277,0,3
27278,0,3
27279,0,3
27280,42,9
27281,3,3
27282,0,3
27283,0,3
27284,51,3
27285,23,5
27286,43,6
27287,47,6
27288,41,9
27289,20,7
27290,0,3
27291,61,7
27292,0,3
27293,0,3
27294,70,7
27295,0,3
27296,38,6
27297,0,3
27298,69,9
27299,0,3
27300,43,8
27301,0,3
27302,71,6
27303,5,3
27304,32,7
27305,14,5
27306,82,10
27307,0,3
27308,0,3
27309,0,3
27310,32,7
27311,86,9
27312,48,8
27313,20,5
27314,90,8
27315,33,9
27316,0,3
27317,0,3
27318,77,5
27319,46,8
27320,0,3
27321,9,4
27322,0,3
27323,0,3
27324,39,9
27325,41,9
27326,39,8
27327,0,3
27328,0,3
27329,22,6
27330,0,3
27331,16,4
27332,13,3
27333,0,3
27334,37,9
27335,33,5
27336,116,14
27337,0,3
27338,16,5
27339,0,3
27340,0,3
27341,26,7
27342,69,7
27343,0,3
27344,28,8
27345,42,9
27346,84,8
27347,1,3
27348,9,4
27349,18,4
27350,0,3
27351,47,9
27352,32,7
27353,0,3
27354,0,3
27355,0,3
27356,0,3
27357,0,3
27358,13,3
27359,75,9
27360,0,3
27361,81,13
27362,7,3
27363,8,5
27364,59,13
27365,96,11
27366,0,3
27367,55,10
27368,102,13
27369,9,4
27370,78,11
27371,70,12
27372,0,3
27373,87,8
27374,0,3
27375,85,12
27376,0,3
27377,0,3
27378,41,8
27379,0,3
27380,44,8
27381,0,3
27382,0,3
27383,4,4
27384,0,3
27385,32,7
27386,23,7
27387,10,4
27388,61,10
27389,0,3
27390,0,3
27391,116,10
27392,63,10
27393,91,10
27394,27,6
27395,44,11
27396,72,5
27397,35,8
27398,0,3
27399,0,3
27400,0,3
27401,23,6
27402,0,3
27403,0,3
27404,0,3
27405,10,4
27406,0,3
27407,0,3
27408,65,8
27409,0,3
27410,26,5
27411,0,3
27412,0,3
27413,62,15
27414,0,3
27415,32,4
27416,60,7
27417,0,3
27418,85,9
27419,39,8
27420,44,8
27421,2,3
27422,51,9
27423,12,5
27424,0,3
27425,0,3
27426,0,3
27427,0,3
27428,41,3
27429,0,3
27430,0,3
27431,78,9
27432,26,5
27433,20,5
27434,0,3
27435,33,8
27436,82,12
27437,83,7
27438,0,3
27439,39,5
27440,16,4
27441,0,3
27442,23,7
27443,0,3
27444,0,3
27445,0,3
27446,0,3
27447,66,11
27448,0,3
27449,0,3
27450,78,10
27451,0,3
27452,0,3
27453,87,13
27454,0,3
27455,27,6
27456,0,3
27457,84,9
27458,56,9
27459,0,3
27460,25,3
27461,32,8
27462,152,12
27463,53,9
27464,118,7
27465,0,3
27466,35,6
27467,3,3
27468,78,10
27469,34,8
27470,0,3
27471,17,4
27472,1,3
27473,55,6
27474,0,3
27475,48,8
27476,100,11
27477,41,10
27478,148,12
27479,1,3
27480,10,4
27481,0,3
27482,0,3
27483,0,3
27484,31,5
27485,76,13
27486,101,3
27487,0,3
27488,0,3
27489,13,4
27490,85,10
27491,39,5
27492,26,5
27493,78,6
27494,40,8
27495,61,7
27496,0,3
27497,88,13
27498,55,9
27499,66,9
27500,0,3
27501,44,8
27502,0,3
27503,0,3
27504,0,3
27505,3,4
27506,42,9
27507,52,11
27508,67,12
27509,0,3
27510,0,3
27511,117,13
27512,84,8
27513,39,6
27514,0,3
27515,49,9
27516,0,3
27517,0,3
27518,75,10
27519,14,3
27520,9,4
27521,19,3
27522,20,6
27523,0,3
27524,10,3
27525,110,9
27526,0,3
27527,0,3
27528,0,3
27529,50,7
27530,111,7
27531,25,6
27532,28,9
27533,18,6
27534,10,5
27535,69,11
27536,68,8
27537,93,9
27538,0,3
27539,0,3
27540,72,8
27541,0,3
27542,87,8
27543,93,10
27544,129,12
27545,70,10
27546,66,6
27547,81,13
27548,0,3
27549,30,6
27550,80,11
27551,0,3
27552,49,4
27553,0,3
27554,0,3
27555,72,13
27556,70,8
27557,0,3
27558,13,4
27559,0,3
27560,0,3
27561,12,4
27562,0,3
27563,51,7
27564,62,11
27565,29,7
27566,68,9
27567,54,9
27568,32,6
27569,57,9
27570,14,2
27571,56,11
27572,48,9
27573,31,6
27574,47,7
27575,6,4
27576,0,3
27577,93,11
27578,72,10
27579,70,12
27580,38,6
27581,48,10
27582,0,3
27583,0,3
27584,134,8
27585,65,10
27586,3,3
27587,28,5
27588,52,8
27589,43,7
27590,0,3
27591,0,3
27592,0,3
27593,3,3
27594,6,3
27595,72,11
27596,0,3
27597,0,3
27598,107,9
27599,9,4
27600,68,10
27601,46,8
27602,0,3
27603,0,3
27604,0,3
27605,0,3
27606,46,7
27607,0,3
27608,64,6
27609,64,5
27610,14,4
27611,62,8
27612,0,3
27613,15,4
27614,66,8
27615,0,3
27616,98,12
27617,0,3
27618,0,3
27619,0,3
27620,0,3
27621,0,3
27622,76,7
27623,0,3
27624,0,3
27625,147,10
27626,0,3
27627,5,3
27628,113,15
27629,40,6
27630,0,3
27631,0,3
27632,0,3
27633,31,5
27634,6,3
27635,2,3
27636,24,8
27637,70,9
27638,33,7
27639,0,3
27640,0,3
27641,102,10
27642,45,7
27643,22,6
27644,21,6
27645,58,13
27646,31,7
27647,53,5
27648,0,3
27649,0,3
27650,34,7
27651,31,8
27652,0,3
27653,87,7
27654,21,5
27655,45,9
27656,0,3
27657,0,3
27658,16,3
27659,60,9
27660,40,8
27661,7,4
27662,76,9
27663,0,3
27664,35,6
27665,0,3
27666,51,5
27667,0,3
27668,4,3
27669,7,4
27670,48,9
27671,0,3
27672,0,3
27673,83,9
27674,0,3
27675,0,3
27676,29,2
27677,0,3
27678,0,3
27679,87,14
27680,6,3
27681,19,5
27682,130,10
27683,41,7
27684,57,5
27685,16,5
27686,0,3
27687,114,12
27688,36,8
27689,40,7
27690,41,7
27691,86,11
27692,43,10
27693,70,14
27694,51,7
27695,0,3
27696,0,3
27697,0,3
27698,25,6
27699,0,3
27700,83,12
27701,0,3
27702,30,8
27703,41,8
27704,54,8
27705,0,3
27706,39,6
27707,0,3
27708,54,6
27709,67,9
27710,34,7
27711,0,3
27712,0,3
27713,0,3
27714,48,11
27715,98,12
27716,0,3
27717,51,10
27718,105,8
27719,0,3
27720,26,5
27721,51,9
27722,23,4
27723,89,9
27724,60,10
27725,0,3
27726,50,8
27727,9,4
27728,0,3
27729,57,8
27730,19,5
27731,30,9
27732,23,7
27733,0,3
27734,55,9
27735,5,3
27736,0,3
27737,16,4
27738,55,7
27739,0,3
27740,56,11
27741,77,11
27742,9,4
27743,52,7
27744,3,2
27745,34,8
27746,29,8
27747,96,14
27748,99,12
27749,72,11
27750,10,5
27751,47,10
27752,0,3
27753,89,11
27754,35,7
27755,51,9
27756,29,5
27757,107,9
27758,33,9
27759,15,6
27760,15,8
27761,69,7
27762,0,3
27763,91,7
27764,0,3
27765,4,3
27766,0,3
27767,96,10
27768,6,4
27769,9,5
27770,0,3
27771,46,11
27772,0,3
27773,0,3
27774,0,3
27775,70,13
27776,33,5
27777,0,3
27778,87,11
27779,0,3
27780,116,15
27781,32,8
27782,103,12
27783,3,3
27784,71,10
27785,64,5
27786,0,3
27787,0,3
27788,0,3
27789,0,3
27790,64,14
27791,20,5
27792,4,3
27793,61,10
27794,114,13
27795,0,3
27796,34,6
27797,0,3
27798,0,3
27799,0,3
27800,0,3
27801,67,8
27802,35,8
27803,46,9
27804,24,3
27805,0,3
27806,0,3
27807,64,10
27808,80,10
27809,143,18
27810,38,8
27811,96,12
27812,29,7
27813,26,4
27814,0,3
27815,33,8
27816,82,10
27817,34,7
27818,46,9
27819,23,6
27820,62,11
27821,85,12
27822,0,3
27823,0,3
27824,0,3
27825,24,5
27826,104,13
27827,36,4
27828,65,8
27829,33,6
27830,0,3
27831,11,4
27832,116,14
27833,0,3
27834,0,3
27835,0,3
27836,0,3
27837,24,8
27838,4,3
27839,171,8
27840,0,3
27841,79,11
27842,50,8
27843,50,9
27844,108,12
27845,0,3
27846,0,3
27847,0,3
27848,0,3
27849,0,3
27850,0,3
27851,0,3
27852,0,3
27853,68,7
27854,48,5
27855,0,3
27856,0,3
27857,26,8
27858,159,17
27859,0,3
27860,5,4
27861,29,2
27862,0,3
27863,0,3
27864,50,9
27865,56,9
27866,0,3
27867,102,12
27868,32,4
27869,50,8
27870,22,6
27871,35,7
27872,0,3
27873,82,10
27874,0,3
27875,0,3
27876,93,11
27877,0,3
27878,59,9
27879,91,13
27880,102,12
27881,5,3
27882,17,3
27883,60,7
27884,0,3
27885,0,3
27886,0,3
27887,72,11
27888,23,6
27889,0,3
27890,0,3
27891,0,3
27892,34,7
27893,0,3
27894,33,5
27895,27,9
27896,111,12
27897,26,4
27898,49,7
27899,58,9
27900,94,16
27901,56,8
27902,0,3
27903,0,3
27904,55,9
27905,0,3
27906,77,11
27907,0,3
27908,0,3
27909,0,3
27910,0,3
27911,31,9
27912,89,14
27913,120,13
27914,104,9
27915,40,11
27916,51,7
27917,85,7
27918,45,9
27919,56,9
27920,0,3
27921,98,9
27922,43,10
27923,0,3
27924,41,10
27925,0,3
27926,0,3
27927,0,3
27928,92,10
27929,0,3
27930,83,11
27931,78,11
27932,111,11
27933,37,7
27934,27,6
27935,0,3
27936,0,3
27937,0,3
27938,43,6
27939,9,5
27940,44,6
27941,58,7
27942,52,11
27943,78,11
27944,0,3
27945,25,4
27946,0,3
27947,79,13
27948,0,3
27949,47,9
27950,24,7
27951,45,8
27952,28,6
27953,132,15
27954,62,11
27955,0,3
27956,0,3
27957,97,11
27958,0,3
27959,0,3
27960,29,7
27961,57,8
27962,59,6
27963,36,8
27964,0,3
27965,0,3
27966,72,4
27967,0,3
27968,56,10
27969,0,3
27970,77,10
27971,0,3
27972,104,15
27973,25,5
27974,2,3
27975,0,3
27976,16,5
27977,59,8
27978,55,9
27979,0,3
27980,66,13
27981,0,3
27982,53,7
27983,0,3
27984,0,3
27985,0,3
27986,41,6
27987,24,5
27988,0,3
27989,0,3
27990,30,6
27991,52,15
27992,0,3
27993,64,13
27994,77,12
27995,0,3
27996,56,8
27997,0,3
27998,50,10
27999,22,4
28000,0,3
28001,0,3
28002,39,7
28003,104,16
28004,0,3
28005,29,7
28006,51,4
28007,20,6
28008,81,9
28009,58,10
28010,0,3
28011,0,3
28012,125,12
28013,49,7
28014,129,12
28015,0,3
28016,47,9
28017,65,9
28018,63,10
28019,9,4
28020,53,11
28021,0,3
28022,109,9
28023,0,3
28024,52,3
28025,0,3
28026,53,9
28027,76,10
28028,17,4
28029,0,3
28030,90,9
28031,37,6
28032,109,12
28033,41,7
28034,16,5
28035,0,3
28036,21,3
28037,0,3
28038,147,10
28039,109,13
28040,67,8
28041,0,3
28042,107,16
28043,80,9
28044,30,4
28045,75,11
28046,70,12
28047,0,3
28048,57,9
28049,0,3
28050,0,3
28051,0,3
28052,79,10
28053,60,6
28054,0,3
28055,19,5
28056,0,3
28057,0,3
28058,20,5
28059,0,3
28060,19,5
28061,0,3
28062,48,10
28063,132,15
28064,0,3
28065,64,10
28066,77,12
28067,45,10
28068,136,10
28069,0,3
28070,17,3
28071,99,8
28072,0,3
28073,10,7
28074,58,10
28075,0,3
28076,102,8
28077,38,8
28078,59,10
28079,49,12
28080,5,4
28081,37,9
28082,0,3
28083,48,9
28084,120,12
28085,130,9
28086,8,5
28087,25,8
28088,94,15
28089,81,9
28090,0,3
28091,14,4
28092,43,8
28093,0,3
28094,0,3
28095,0,3
28096,0,3
28097,0,3
28098,83,12
28099,1,3
28100,61,9
28101,107,14
28102,29,7
28103,0,3
28104,0,3
28105,0,3
28106,89,13
28107,34,7
28108,109,14
28109,0,3
28110,59,10
28111,79,9
28112,34,9
28113,34,5
28114,65,11
28115,0,3
28116,58,10
28117,0,3
28118,1,3
28119,73,10
28120,0,3
28121,65,8
28122,51,10
28123,84,10
28124,0,3
28125,1,3
28126,32,8
28127,29,5
28128,91,9
28129,0,3
28130,0,3
28131,51,7
28132,0,3
28133,84,8
28134,15,3
28135,71,10
28136,87,11
28137,20,5
28138,0,3
28139,58,9
28140,84,18
28141,0,3
28142,9,4
28143,131,11
28144,28,6
28145,111,13
28146,29,6
28147,65,11
28148,26,7
28149,99,5
28150,108,13
28151,140,10
28152,39,7
28153,0,3
28154,19,6
28155,23,4
28156,0,3
28157,138,16
28158,5,3
28159,0,3
28160,66,6
28161,18,6
28162,96,12
28163,49,8
28164,107,12
28165,0,3
28166,91,12
28167,11,3
28168,19,4
28169,87,10
28170,0,3
28171,66,12
28172,23,5
28173,32,10
28174,0,3
28175,5,5
28176,52,9
28177,66,9
28178,114,8
28179,0,3
28180,53,4
28181,114,12
28182,49,8
28183,36,10
28184,0,3
28185,25,7
28186,53,7
28187,16,6
28188,68,11
28189,0,3
28190,48,8
28191,0,3
28192,98,7
28193,0,3
28194,98,10
28195,22,4
28196,2,3
28197,0,3
28198,66,9
28199,41,5
28200,70,9
28201,0,3
28202,40,9
28203,90,11
28204,35,5
28205,0,3
28206,15,5
28207,17,4
28208,28,6
28209,29,5
28210,41,8
28211,82,10
28212,0,3
28213,126,14
28214,156,15
28215,114,10
28216,0,3
28217,14,5
28218,0,3
28219,0,3
28220,115,11
28221,103,9
28222,0,3
28223,125,12
28224,0,3
28225,28,6
28226,45,6
28227,60,11
28228,0,3
28229,132,17
28230,79,12
28231,29,5
28232,89,8
28233,0,3
28234,95,11
28235,67,9
28236,52,10
28237,43,10
28238,121,15
28239,0,3
28240,0,3
28241,46,8
28242,48,11
28243,108,9
28244,111,15
28245,0,3
28246,88,10
28247,32,5
28248,37,7
28249,38,8
28250,0,3
28251,0,3
28252,52,8
28253,17,6
28254,0,3
28255,0,3
28256,0,3
28257,0,3
28258,72,9
28259,81,10
28260,86,6
28261,88,10
28262,112,9
28263,0,3
28264,0,3
28265,19,5
28266,0,3
28267,62,9
28268,56,9
28269,80,14
28270,0,3
28271,31,8
28272,22,7
28273,0,3
28274,0,3
28275,0,3
28276,0,3
28277,41,8
28278,0,3
28279,0,3
28280,0,3
28281,58,8
28282,55,9
28283,12,5
28284,0,3
28285,47,6
28286,34,6
28287,57,9
28288,0,3
28289,0,3
28290,85,11
28291,42,6
28292,150,13
28293,0,3
28294,70,12
28295,142,7
28296,0,3
28297,89,12
28298,74,8
28299,30,6
28300,0,3
28301,0,3
28302,41,7
28303,0,3
28304,53,9
28305,98,8
28306,34,5
28307,20,6
28308,15,6
28309,69,9
28310,43,6
28311,49,8
28312,57,8
28313,39,8
28314,49,8
28315,0,3
28316,25,7
28317,0,3
28318,72,9
28319,0,3
28320,0,3
28321,0,3
28322,32,8
28323,51,7
28324,0,3
28325,80,8
28326,0,3
28327,12,4
28328,130,13
28329,0,3
28330,29,7
28331,0,3
28332,69,7
28333,37,9
28334,26,7
28335,13,5
28336,0,3
28337,81,7
28338,55,7
28339,0,3
28340,47,8
28341,0,3
28342,61,10
28343,0,3
28344,0,3
28345,26,6
28346,112,5
28347,35,7
28348,38,9
28349,0,3
28350,73,8
28351,0,3
28352,37,9
28353,27,7
28354,10,4
28355,60,11
28356,0,3
28357,18,6
28358,98,10
28359,0,3
28360,34,7
28361,60,8
28362,0,3
28363,61,8
28364,0,3
28365,95,10
28366,66,9
28367,69,10
28368,114,10
28369,0,3
28370,58,10
28371,136,12
28372,51,9
28373,41,7
28374,0,3
28375,0,3
28376,0,3
28377,22,5
28378,0,3
28379,82,10
28380,16,3
28381,63,6
28382,0,3
28383,138,13
28384,61,10
28385,0,3
28386,56,8
28387,87,10
28388,0,3
28389,24,5
28390,34,6
28391,0,3
28392,0,3
28393,35,5
28394,0,3
28395,0,3
28396,40,7
28397,0,3
28398,65,10
28399,1,3
28400,0,3
28401,161,8
28402,0,3
28403,18,5
28404,43,9
28405,4,3
28406,87,10
28407,93,7
28408,2,3
28409,118,17
28410,46,10
28411,9,5
28412,0,3
28413,77,11
28414,119,14
28415,115,12
28416,98,11
28417,9,3
28418,49,9
28419,80,9
28420,90,13
28421,48,6
28422,0,3
28423,0,3
28424,0,3
28425,33,9
28426,0,3
28427,101,12
28428,71,9
28429,0,3
28430,60,6
28431,55,8
28432,62,13
28433,41,10
28434,75,12
28435,32,6
28436,77,12
28437,17,5
28438,0,3
28439,115,13
28440,61,8
28441,6,2
28442,115,11
28443,0,3
28444,83,9
28445,49,8
28446,100,11
28447,28,5
28448,74,9
28449,40,10
28450,77,9
28451,0,3
28452,9,4
28453,92,11
28454,0,3
28455,0,3
28456,0,3
28457,93,6
28458,0,3
28459,46,2
28460,0,3
28461,0,3
28462,2,3
28463,79,14
28464,41,6
28465,0,3
28466,37,6
28467,0,3
28468,0,3
28469,0,3
28470,73,8
28471,0,3
28472,48,7
28473,7,2
28474,39,7
28475,47,10
28476,42,7
28477,0,3
28478,18,7
28479,0,3
28480,22,3
28481,0,3
28482,0,3
28483,36,10
28484,36,6
28485,39,7
28486,0,3
28487,52,7
28488,83,11
28489,60,8
28490,54,10
28491,42,10
28492,2,3
28493,28,7
28494,33,7
28495,20,6
28496,91,10
28497,81,12
28498,98,8
28499,24,3
28500,40,8
28501,11,5
28502,37,5
28503,57,11
28504,50,7
28505,0,3
28506,35,8
28507,70,6
28508,13,4
28509,44,8
28510,0,3
28511,0,3
28512,0,3
28513,0,3
28514,32,8
28515,49,7
28516,0,3
28517,10,5
28518,0,3
28519,11,3
28520,0,3
28521,57,9
28522,66,5
28523,74,10
28524,34,7
28525,0,3
28526,0,3
28527,0,3
28528,56,8
28529,95,11
28530,163,13
28531,61,8
28532,0,3
28533,0,3
28534,94,8
28535,0,3
28536,93,10
28537,91,9
28538,98,12
28539,0,3
28540,43,8
28541,11,5
28542,0,3
28543,0,3
28544,42,8
28545,83,8
28546,49,8
28547,87,12
28548,0,3
28549,0,3
28550,36,5
28551,91,17
28552,16,4
28553,142,11
28554,17,8
28555,0,3
28556,0,3
28557,74,11
28558,66,10
28559,0,3
28560,44,10
28561,75,10
28562,72,13
28563,0,3
28564,0,3
28565,23,6
28566,20,4
28567,23,7
28568,33,7
28569,20,4
28570,73,7
28571,0,3
28572,54,10
28573,85,8
28574,122,9
28575,72,10
28576,7,3
28577,84,11
28578,0,3
28579,0,3
28580,0,3
28581,0,3
28582,61,12
28583,38,10
28584,0,3
28585,20,5
28586,25,7
28587,36,9
28588,0,3
28589,13,5
28590,109,14
28591,0,3
28592,0,3
28593,0,3
28594,63,14
28595,70,11
28596,158,9
28597,0,3
28598,41,5
28599,0,3
28600,5,4
28601,0,3
28602,0,3
28603,0,3
28604,26,3
28605,81,11
28606,0,3
28607,81,9
28608,24,7
28609,0,3
28610,0,3
28611,0,3
28612,42,8
28613,0,3
28614,79,16
28615,67,10
28616,63,12
28617,28,7
28618,23,5
28619,61,11
28620,0,3
28621,0,3
28622,28,7
28623,0,3
28624,0,3
28625,26,6
28626,0,3
28627,54,8
28628,25,3
28629,53,11
28630,15,5
28631,46,9
28632,0,3
28633,0,3
28634,0,3
28635,0,3
28636,60,13
28637,112,10
28638,42,8
28639,0,3
28640,0,3
28641,26,8
28642,41,7
28643,0,3
28644,31,8
28645,29,7
28646,49,9
28647,0,3
28648,0,3
28649,5,3
28650,0,3
28651,67,8
28652,100,13
28653,21,4
28654,103,8
28655,0,3
28656,47,9
28657,57,11
28658,105,15
28659,0,3
28660,23,4
28661,79,11
28662,58,8
28663,0,3
28664,85,10
28665,80,9
28666,74,11
28667,58,8
28668,49,9
28669,62,11
28670,58,8
28671,29,6
28672,27,6
28673,0,3
28674,0,3
28675,0,3
28676,107,10
28677,1,3
28678,0,3
28679,0,3
28680,35,7
28681,0,3
28682,0,3
28683,13,4
28684,187,20
28685,22,5
28686,38,10
28687,83,10
28688,33,6
28689,96,12
28690,66,9
28691,6,3
28692,0,3
28693,36,8
28694,57,9
28695,23,3
28696,67,10
28697,5,4
28698,36,6
28699,28,6
28700,2,3
28701,5,3
28702,0,3
28703,73,12
28704,0,3
28705,72,9
28706,0,3
28707,56,9
28708,27,7
28709,112,10
28710,0,3
28711,0,3
28712,80,11
28713,12,3
28714,49,9
28715,4,3
28716,98,9
28717,85,11
28718,80,10
28719,1,3
28720,17,7
28721,64,10
28722,49,9
28723,0,3
28724,29,4
28725,16,5
28726,0,3
28727,76,10
28728,75,9
28729,26,7
28730,92,9
28731,32,8
28732,0,3
28733,90,9
28734,33,7
28735,11,5
28736,0,3
28737,77,14
28738,91,14
28739,45,10
28740,0,3
28741,29,9
28742,0,3
28743,0,3
28744,92,10
28745,0,3
28746,91,11
28747,7,4
28748,0,3
28749,38,5
28750,57,12
28751,0,3
28752,82,9
28753,25,5
28754,53,6
28755,0,3
28756,73,8
28757,43,9
28758,140,15
28759,0,3
28760,0,3
28761,0,3
28762,98,12
28763,0,3
28764,132,7
28765,0,3
28766,31,7
28767,61,8
28768,42,6
28769,0,3
28770,77,9
28771,0,3
28772,85,15
28773,0,3
28774,0,3
28775,0,3
28776,40,6
28777,0,3
28778,0,3
28779,44,9
28780,78,9
28781,60,11
28782,53,8
28783,73,10
28784,91,11
28785,43,8
28786,6,4
28787,56,8
28788,0,3
28789,119,10
28790,58,13
28791,39,9
28792,0,3
28793,62,11
28794,0,3
28795,0,3
28796,53,8
28797,41,8
28798,28,5
28799,39,6
28800,0,3
28801,99,11
28802,112,12
28803,54,7
28804,52,9
28805,62,15
28806,51,7
28807,10,4
28808,47,9
28809,33,7
28810,96,14
28811,48,9
28812,12,3
28813,0,3
28814,0,3
28815,12,2
28816,44,6
28817,0,3
28818,96,10
28819,44,4
28820,29,7
28821,52,4
28822,0,3
28823,0,3
28824,11,4
28825,39,7
28826,22,6
28827,30,4
28828,0,3
28829,0,3
28830,72,8
28831,32,9
28832,0,3
28833,41,6
28834,83,14
28835,0,3
28836,82,18
28837,0,3
28838,0,3
28839,109,8
28840,0,3
28841,0,3
28842,18,4
28843,0,3
28844,3,3
28845,0,3
28846,36,5
28847,28,5
28848,120,12
28849,0,3
28850,26,3
28851,24,5
28852,0,3
28853,0,3
28854,0,3
28855,0,3
28856,5,3
28857,43,8
28858,59,7
28859,25,7
28860,32,3
28861,78,10
28862,57,11
28863,74,9
28864,44,6
28865,0,3
28866,0,3
28867,31,8
28868,31,9
28869,0,3
28870,180,7
28871,73,9
28872,32,7
28873,67,10
28874,42,7
28875,0,3
28876,0,3
28877,63,10
28878,132,12
28879,34,7
28880,0,3
28881,62,6
28882,0,3
28883,1,3
28884,83,7
28885,113,8
28886,30,5
28887,47,5
28888,95,10
28889,0,3
28890,0,3
28891,62,11
28892,58,12
28893,25,6
28894,25,4
28895,0,3
28896,0,3
28897,0,3
28898,0,3
28899,0,3
28900,4,3
28901,27,3
28902,0,3
28903,42,9
28904,93,11
28905,85,10
28906,1,3
28907,0,3
28908,56,7
28909,0,3
28910,58,9
28911,77,9
28912,26,4
28913,0,3
28914,0,3
28915,0,3
28916,50,8
28917,41,8
28918,109,8
28919,27,8
28920,0,3
28921,0,3
28922,0,3
28923,0,3
28924,30,6
28925,8,3
28926,0,3
28927,46,10
28928,38,8
28929,43,9
28930,18,6
28931,44,10
28932,25,7
28933,45,7
28934,0,3
28935,0,3
28936,65,7
28937,5,3
28938,0,3
28939,0,3
28940,122,8
28941,53,9
28942,17,5
28943,0,3
28944,73,9
28945,60,5
28946,0,3
28947,47,7
28948,80,8
28949,0,3
28950,0,3
28951,0,3
28952,0,3
28953,24,6
28954,90,15
28955,36,5
28956,0,3
28957,0,3
28958,0,3
28959,0,3
28960,37,4
28961,67,9
28962,0,3
28963,20,9
28964,0,3
28965,7,5
28966,73,9
28967,97,10
28968,61,7
28969,0,3
28970,0,3
28971,11,4
28972,69,9
28973,0,3
28974,78,13
28975,3,4
28976,54,8
28977,96,14
28978,109,10
28979,25,7
28980,0,3
28981,50,8
28982,55,12
28983,19,5
28984,56,6
28985,67,7
28986,0,3
28987,5,5
28988,0,3
28989,99,11
28990,36,7
28991,16,3
28992,0,3
28993,36,8
28994,41,8
28995,64,10
28996,66,9
28997,78,8
28998,127,10
28999,40,8
29000,43,9
29001,79,10
29002,56,10
29003,0,3
29004,6,5
29005,11,3
29006,0,3
29007,47,6
29008,32,7
29009,13,1
29010,0,3
29011,16,3
29012,35,7
29013,70,9
29014,0,3
29015,11,4
29016,70,12
29017,78,10
29018,45,7
29019,0,3
29020,0,3
29021,0,3
29022,122,12
29023,4,3
29024,0,3
29025,6,3
29026,17,5
29027,84,14
29028,5,3
29029,10,3
29030,68,8
29031,72,13
29032,0,3
29033,0,3
29034,61,12
29035,0,3
29036,146,6
29037,42,9
29038,111,9
29039,63,8
29040,135,14
29041,73,10
29042,71,10
29043,37,9
29044,67,8
29045,37,8
29046,0,3
29047,1,3
29048,77,10
29049,0,3
29050,93,9
29051,0,3
29052,0,3
29053,0,3
29054,13,3
29055,42,6
29056,0,3
29057,67,13
29058,0,3
29059,49,7
29060,51,6
29061,0,3
29062,15,6
29063,75,10
29064,24,6
29065,90,10
29066,4,3
29067,123,15
29068,118,8
29069,62,9
29070,106,5
29071,16,4
29072,93,12
29073,67,8
29074,27,7
29075,113,11
29076,0,3
29077,0,3
29078,0,3
29079,114,12
29080,73,10
29081,80,10
29082,26,5
29083,0,3
29084,59,7
29085,0,3
29086,36,4
29087,35,8
29088,15,3
29089,10,5
29090,0,3
29091,0,3
29092,0,3
29093,33,9
29094,6,4
29095,43,8
29096,0,3
29097,86,11
29098,0,3
29099,80,12
29100,72,9
29101,41,10
29102,0,3
29103,0,3
29104,49,6
29105,0,3
29106,0,3
29107,50,12
29108,0,3
29109,28,8
29110,86,11
29111,78,12
29112,60,9
29113,24,6
29114,66,10
29115,52,10
29116,0,3
29117,0,3
29118,23,7
29119,46,8
29120,59,12
29121,3,3
29122,0,3
29123,85,8
29124,75,11
29125,93,11
29126,0,3
29127,0,3
29128,68,12
29129,48,6
29130,88,10
29131,44,8
29132,0,3
29133,25,6
29134,46,9
29135,0,3
29136,0,3
29137,0,3
29138,8,4
29139,0,3
29140,0,3
29141,27,7
29142,48,8
29143,0,3
29144,0,3
29145,105,11
29146,86,12
29147,0,3
29148,38,7
29149,62,8
29150,68,12
29151,27,6
29152,0,3
29153,0,3
29154,38,7
29155,84,10
29156,7,5
29157,54,7
29158,56,7
29159,0,3
29160,65,8
29161,2,3
29162,0,3
29163,49,10
29164,31,6
29165,0,3
29166,55,9
29167,64,9
29168,26,6
29169,58,9
29170,33,6
29171,97,9
29172,0,3
29173,0,3
29174,50,12
29175,95,8
29176,67,8
29177,135,9
29178,39,9
29179,65,12
29180,0,3
29181,0,3
29182,0,3
29183,78,8
29184,55,8
29185,16,5
29186,0,3
29187,60,9
29188,21,6
29189,76,13
29190,135,16
29191,48,7
29192,0,3
29193,103,13
29194,71,10
29195,0,3
29196,0,3
29197,43,9
29198,82,9
29199,60,10
29200,0,3
29201,0,3
29202,33,9
29203,0,3
29204,87,11
29205,0,3
29206,38,8
29207,0,3
29208,39,10
29209,100,11
29210,73,10
29211,125,10
29212,0,3
29213,0,3
29214,35,7
29215,67,11
29216,0,3
29217,121,9
29218,0,3
29219,686,3
29220,27,6
29221,0,3
29222,96,8
29223,62,10
29224,0,3
29225,18,5
29226,71,7
29227,0,3
29228,75,10
29229,129,17
29230,54,10
29231,32,7
29232,28,7
29233,58,11
29234,14,5
29235,63,9
29236,0,3
29237,73,13
29238,10,1
29239,0,3
29240,0,3
29241,0,3
29242,29,7
29243,43,10
29244,20,5
29245,32,7
29246,15,4
29247,0,3
29248,0,3
29249,0,3
29250,66,14
29251,68,12
29252,0,3
29253,119,15
29254,115,15
29255,0,3
29256,0,3
29257,73,10
29258,0,3
29259,11,4
29260,51,12
29261,0,3
29262,11,5
29263,39,8
29264,58,10
29265,16,5
29266,0,3
29267,29,7
29268,0,3
29269,55,7
29270,70,6
29271,0,3
29272,0,3
29273,93,11
29274,83,13
29275,0,3
29276,18,3
29277,26,6
29278,118,17
29279,51,10
29280,104,10
29281,52,8
29282,68,10
29283,0,3
29284,51,6
29285,68,9
29286,82,13
29287,50,8
29288,60,11
29289,27,7
29290,8,4
29291,0,3
29292,42,6
29293,0,3
29294,90,15
29295,83,14
29296,16,6
29297,41,8
29298,0,3
29299,0,3
29300,84,7
29301,31,5
29302,42,6
29303,35,8
29304,65,6
29305,65,11
29306,87,9
29307,12,4
29308,0,3
29309,16,6
29310,66,9
29311,0,3
29312,0,3
29313,6,4
29314,0,3
29315,40,6
29316,0,3
29317,62,7
29318,20,5
29319,0,3
29320,0,3
29321,96,11
29322,0,3
29323,25,6
29324,24,4
29325,106,10
29326,0,3
29327,81,9
29328,176,12
29329,0,3
29330,1,3
29331,0,3
29332,0,3
29333,127,11
29334,30,6
29335,81,12
29336,79,10
29337,214,21
29338,0,3
29339,78,7
29340,61,9
29341,65,11
29342,30,7
29343,0,3
29344,0,3
29345,0,3
29346,0,3
29347,73,8
29348,0,3
29349,0,3
29350,92,10
29351,82,7
29352,44,11
29353,0,3
29354,0,3
29355,56,4
29356,22,5
29357,106,13
29358,36,8
29359,27,6
29360,0,3
29361,0,3
29362,0,3
29363,0,3
29364,0,3
29365,35,8
29366,104,14
29367,100,15
29368,0,3
29369,0,3
29370,169,12
29371,26,4
29372,57,10
29373,0,3
29374,17,4
29375,0,3
29376,0,3
29377,57,13
29378,0,3
29379,186,7
29380,50,10
29381,54,8
29382,59,10
29383,75,9
29384,0,3
29385,0,3
29386,0,3
29387,0,3
29388,33,5
29389,60,10
29390,7,4
29391,1,3
29392,89,13
29393,59,10
29394,0,3
29395,0,3
29396,59,8
29397,86,9
29398,0,3
29399,0,3
29400,34,5
29401,0,3
29402,15,4
29403,72,11
29404,0,3
29405,198,4
29406,61,11
29407,20,6
29408,49,7
29409,0,3
29410,69,9
29411,31,7
29412,26,7
29413,20,6
29414,30,9
29415,3,4
29416,0,3
29417,0,3
29418,4,3
29419,65,8
29420,54,8
29421,148,16
29422,0,3
29423,0,3
29424,35,8
29425,62,13
29426,49,8
29427,44,10
29428,111,10
29429,0,3
29430,19,5
29431,0,3
29432,37,9
29433,84,11
29434,50,9
29435,0,3
29436,0,3
29437,109,11
29438,70,10
29439,32,6
29440,0,3
29441,15,5
29442,51,10
29443,71,7
29444,0,3
29445,0,3
29446,0,3
29447,0,3
29448,86,12
29449,0,3
29450,96,9
29451,0,3
29452,57,10
29453,65,11
29454,95,13
29455,56,9
29456,81,6
29457,38,7
29458,38,6
29459,58,10
29460,120,14
29461,0,3
29462,84,12
29463,56,9
29464,17,4
29465,71,11
29466,58,10
29467,0,3
29468,0,3
29469,63,11
29470,39,7
29471,3,3
29472,0,3
29473,22,4
29474,36,12
29475,42,5
29476,0,3
29477,56,9
29478,0,3
29479,122,11
29480,0,3
29481,0,3
29482,51,7
29483,84,10
29484,65,11
29485,69,11
29486,6,3
29487,0,3
29488,57,10
29489,70,13
29490,12,5
29491,0,3
29492,27,8
29493,0,3
29494,68,12
29495,0,3
29496,0,3
29497,0,3
29498,0,3
29499,49,9
29500,60,9
29501,38,7
29502,0,3
29503,112,13
29504,47,12
29505,44,6
29506,34,9
29507,0,3
29508,140,9
29509,34,5
29510,0,3
29511,60,11
29512,0,3
29513,16,7
29514,26,6
29515,0,3
29516,80,8
29517,85,14
29518,82,7
29519,0,3
29520,33,5
29521,53,6
29522,0,3
29523,0,3
29524,0,3
29525,0,3
29526,0,3
29527,0,3
29528,0,3
29529,0,3
29530,18,3
29531,48,12
29532,2,4
29533,30,8
29534,86,8
29535,0,3
29536,0,3
29537,4,3
29538,31,6
29539,0,3
29540,0,3
29541,45,10
29542,46,11
29543,45,9
29544,0,3
29545,57,9
29546,0,3
29547,38,7
29548,0,3
29549,20,6
29550,49,6
29551,137,13
29552,33,12
29553,0,3
29554,66,13
29555,21,4
29556,117,14
29557,0,3
29558,0,3
29559,73,10
29560,43,5
29561,0,3
29562,0,3
29563,11,3
29564,75,8
29565,0,3
29566,37,8
29567,0,3
29568,79,10
29569,0,3
29570,0,3
29571,0,3
29572,75,8
29573,34,9
29574,0,3
29575,93,13
29576,60,10
29577,33,4
29578,34,6
29579,0,3
29580,22,3
29581,24,6
29582,66,8
29583,2,3
29584,94,12
29585,69,9
29586,0,3
29587,34,7
29588,0,3
29589,62,11
29590,0,3
29591,0,3
29592,104,10
29593,0,3
29594,48,9
29595,99,17
29596,76,12
29597,89,11
29598,0,3
29599,14,4
29600,0,3
29601,82,11
29602,98,8
29603,0,3
29604,40,9
29605,0,3
29606,150,7
29607,46,8
29608,0,3
29609,31,7
29610,67,11
29611,2,3
29612,0,3
29613,0,3
29614,0,3
29615,132,10
29616,0,3
29617,0,3
29618,0,3
29619,0,3
29620,21,5
29621,4,3
29622,0,3
29623,68,10
29624,0,3
29625,68,9
29626,68,9
29627,22,7
29628,102,10
29629,29,6
29630,0,3
29631,0,3
29632,70,11
29633,148,6
29634,0,3
29635,0,3
29636,0,3
29637,55,11
29638,0,3
29639,62,13
29640,23,6
29641,0,3
29642,13,4
29643,0,3
29644,56,9
29645,12,5
29646,18,4
29647,21,6
29648,16,4
29649,0,3
29650,0,3
29651,80,12
29652,48,8
29653,14,4
29654,17,5
29655,59,10
29656,0,3
29657,155,16
29658,130,15
29659,0,3
29660,21,5
29661,0,3
29662,57,10
29663,96,11
29664,32,8
29665,29,3
29666,103,15
29667,56,8
29668,79,9
29669,0,3
29670,51,9
29671,107,13
29672,0,3
29673,80,9
29674,0,3
29675,77,9
29676,50,11
29677,37,7
29678,0,3
29679,10,5
29680,30,7
29681,112,11
29682,57,9
29683,13,7
29684,0,3
29685,0,3
29686,55,10
29687,0,3
29688,110,12
29689,0,3
29690,0,3
29691,0,3
29692,95,10
29693,34,8
29694,11,5
29695,0,3
29696,102,11
29697,0,3
29698,0,3
29699,0,3
29700,34,8
29701,60,9
29702,119,8
29703,0,3
29704,0,3
29705,96,13
29706,45,7
29707,6,3
29708,68,6
29709,108,7
29710,55,9
29711,33,6
29712,0,3
29713,30,7
29714,21,7
29715,69,10
29716,0,3
29717,59,8
29718,0,3
29719,22,5
29720,0,3
29721,22,6
29722,0,3
29723,0,3
29724,64,7
29725,72,9
29726,0,3
29727,66,9
29728,54,6
29729,33,4
29730,34,6
29731,93,12
29732,53,12
29733,71,11
29734,0,3
29735,55,10
29736,0,3
29737,16,4
29738,54,10
29739,79,10
29740,0,3
29741,0,3
29742,0,3
29743,21,5
29744,140,13
29745,48,5
29746,34,7
29747,110,12
29748,71,11
29749,71,9
29750,51,10
29751,48,7
29752,0,3
29753,10,4
29754,0,3
29755,0,3
29756,0,3
29757,24,4
29758,26,5
29759,43,7
29760,69,12
29761,0,3
29762,0,3
29763,0,3
29764,0,3
29765,0,3
29766,61,10
29767,97,12
29768,19,5
29769,12,4
29770,92,9
29771,0,3
29772,0,3
29773,64,8
29774,0,3
29775,7,3
29776,49,10
29777,64,10
29778,59,8
29779,79,8
29780,51,8
29781,0,3
29782,22,5
29783,0,3
29784,0,3
29785,0,3
29786,16,4
29787,0,3
29788,0,3
29789,23,4
29790,68,11
29791,103,13
29792,72,12
29793,90,7
29794,0,3
29795,63,15
29796,3,3
29797,0,3
29798,0,3
29799,0,3
29800,0,3
29801,95,8
29802,76,7
29803,19,6
29804,0,3
29805,65,11
29806,57,10
29807,142,11
29808,0,3
29809,97,11
29810,0,3
29811,0,3
29812,63,9
29813,0,3
29814,0,3
29815,18,5
29816,121,12
29817,26,9
29818,29,8
29819,2,3
29820,0,3
29821,0,3
29822,88,11
29823,28,7
29824,0,3
29825,54,9
29826,35,5
29827,32,8
29828,0,3
29829,0,3
29830,0,3
29831,38,5
29832,15,4
29833,32,7
29834,0,3
29835,0,3
29836,157,14
29837,0,3
29838,0,3
29839,21,5
29840,77,5
29841,0,3
29842,0,3
29843,0,3
29844,0,3
29845,38,7
29846,46,7
29847,56,13
29848,59,12
29849,66,10
29850,46,9
29851,0,3
29852,41,11
29853,0,3
29854,61,14
29855,49,7
29856,44,9
29857,0,3
29858,39,7
29859,47,8
29860,147,9
29861,0,3
29862,0,3
29863,0,3
29864,55,8
29865,112,13
29866,72,8
29867,0,3
29868,80,14
29869,0,3
29870,0,3
29871,8,4
29872,3,4
29873,0,3
29874,0,3
29875,37,4
29876,87,12
29877,158,16
29878,0,3
29879,61,9
29880,0,3
29881,148,15
29882,100,15
29883,64,11
29884,0,3
29885,80,13
29886,0,3
29887,0,3
29888,0,3
29889,23,4
29890,53,7
29891,26,7
29892,29,6
29893,36,7
29894,0,3
29895,68,11
29896,28,6
29897,9,5
29898,0,3
29899,37,8
29900,0,3
29901,0,3
29902,0,3
29903,58,9
29904,50,10
29905,92,11
29906,83,11
29907,0,3
29908,27,5
29909,14,3
29910,55,10
29911,96,8
29912,99,9
29913,68,10
29914,27,4
29915,53,7
29916,55,8
29917,0,3
29918,107,10
29919,95,8
29920,32,7
29921,48,8
29922,63,4
29923,49,10
29924,0,3
29925,0,3
29926,62,11
29927,0,3
29928,0,3
29929,0,3
29930,21,7
29931,0,3
29932,148,12
29933,83,12
29934,32,6
29935,9,4
29936,20,4
29937,0,3
29938,29,9
29939,104,13
29940,81,11
29941,67,12
29942,0,3
29943,1,3
29944,30,6
29945,52,11
29946,103,12
29947,78,11
29948,0,3
29949,0,3
29950,61,7
29951,103,11
29952,51,9
29953,17,6
29954,51,10
29955,50,12
29956,58,10
29957,0,3
29958,65,10
29959,113,11
29960,30,7
29961,46,9
29962,5,3
29963,0,3
29964,0,3
29965,47,7
29966,84,13
29967,0,3
29968,20,6
29969,57,10
29970,48,11
29971,0,3
29972,0,3
29973,0,3
29974,57,10
29975,15,6
29976,9,4
29977,90,14
29978,0,3
29979,27,5
29980,0,3
29981,33,9
29982,0,3
29983,72,7
29984,0,3
29985,54,14
29986,0,3
29987,0,3
29988,101,9
29989,0,3
29990,176,12
29991,0,3
29992,77,11
29993,42,7
29994,10,3
29995,79,11
29996,43,7
29997,0,3
29998,4,3
29999,20,4
30000,0,3
30001,0,3
30002,0,3
30003,68,11
30004,0,3
30005,25,5
30006,0,3
30007,0,3
30008,0,3
30009,91,12
30010,67,10
30011,40,9
30012,56,11
30013,75,10
30014,117,13
30015,108,14
30016,77,12
30017,76,8
30018,27,7
30019,82,10
30020,0,3
30021,49,10
30022,0,3
30023,16,6
30024,0,3
30025,10,4
30026,21,6
30027,42,7
30028,0,3
30029,82,12
30030,77,11
30031,45,8
30032,85,13
30033,0,3
30034,33,8
30035,163,16
30036,118,12
30037,60,6
30038,0,3
30039,87,12
30040,56,10
30041,0,3
30042,103,11
30043,0,3
30044,6,4
30045,42,10
30046,0,3
30047,34,7
30048,49,7
30049,90,15
30050,0,3
30051,0,3
30052,7,4
30053,0,3
30054,75,9
30055,0,3
30056,1,3
30057,0,3
30058,0,3
30059,0,3
30060,98,10
30061,174,17
30062,26,6
30063,43,12
30064,97,14
30065,27,5
30066,40,7
30067,76,9
30068,35,10
30069,0,3
30070,0,3
30071,0,3
30072,49,10
30073,98,15
30074,39,8
30075,0,3
30076,14,5
30077,81,12
30078,36,7
30079,90,9
30080,0,3
30081,122,13
30082,0,3
30083,0,3
30084,16,4
30085,25,6
30086,29,7
30087,93,11
30088,116,14
30089,59,11
30090,37,8
30091,70,13
30092,0,3
30093,3,3
30094,46,6
30095,0,3
30096,45,8
30097,46,9
30098,109,15
30099,34,6
30100,0,3
30101,42,6
30102,84,11
30103,0,3
30104,0,3
30105,72,11
30106,27,7
30107,0,3
30108,33,8
30109,68,13
30110,32,6
30111,0,3
30112,0,3
30113,35,10
30114,85,9
30115,0,3
30116,0,3
30117,0,3
30118,84,7
30119,0,3
30120,51,10
30121,36,9
30122,0,3
30123,60,7
30124,0,3
30125,0,3
30126,0,3
30127,63,7
30128,45,7
30129,0,3
30130,0,3
30131,51,7
30132,68,8
30133,0,3
30134,0,3
30135,85,11
30136,56,8
30137,63,7
30138,7,4
30139,0,3
30140,52,9
30141,85,14
30142,140,11
30143,10,7
30144,43,11
30145,0,3
30146,56,11
30147,31,7
30148,0,3
30149,24,6
30150,65,9
30151,41,9
30152,52,8
30153,0,3
30154,0,3
30155,90,12
30156,0,3
30157,0,3
30158,0,3
30159,50,9
30160,0,3
30161,0,3
30162,75,8
30163,77,9
30164,0,3
30165,0,3
30166,0,3
30167,43,9
30168,33,9
30169,27,8
30170,62,8
30171,55,7
30172,93,10
30173,51,9
30174,43,6
30175,27,8
30176,0,3
30177,0,3
30178,0,3
30179,97,11
30180,0,3
30181,100,15
30182,80,12
30183,27,5
30184,0,3
30185,0,3
30186,0,3
30187,0,3
30188,118,12
30189,77,13
30190,10,4
30191,55,6
30192,0,3
30193,56,9
30194,0,3
30195,147,8
30196,37,6
30197,73,13
30198,5,3
30199,0,3
30200,26,8
30201,0,3
30202,56,14
30203,0,3
30204,0,3
30205,0,3
30206,0,3
30207,68,9
30208,0,3
30209,33,7
30210,97,7
30211,24,7
30212,58,5
30213,0,3
30214,0,3
30215,7,4
30216,0,3
30217,0,3
30218,0,3
30219,0,3
30220,46,8
30221,0,3
30222,73,12
30223,0,3
30224,44,7
30225,17,5
30226,36,5
30227,4,3
30228,0,3
30229,0,3
30230,36,7
30231,76,7
30232,0,3
30233,0,3
30234,0,3
30235,61,12
30236,98,12
30237,103,7
30238,23,5
30239,0,3
30240,46,8
30241,55,12
30242,0,3
30243,0,3
30244,0,3
30245,18,7
30246,0,3
30247,20,7
30248,36,8
30249,20,5
30250,31,9
30251,37,8
30252,45,7
30253,142,10
30254,66,11
30255,52,7
30256,36,10
30257,64,11
30258,34,8
30259,34,5
30260,55,6
30261,61,10
30262,82,11
30263,0,3
30264,121,16
30265,101,14
30266,0,3
30267,1,3
30268,0,3
30269,118,12
30270,0,3
30271,146,13
30272,0,3
30273,24,8
30274,27,6
30275,44,10
30276,0,3
30277,36,7
30278,60,7
30279,84,8
30280,0,3
30281,46,10
30282,116,9
30283,0,3
30284,34,10
30285,14,7
30286,0,3
30287,78,13
30288,38,7
30289,0,3
30290,148,13
30291,48,7
30292,0,3
30293,86,14
30294,95,14
30295,15,5
30296,0,3
30297,95,11
30298,0,3
30299,12,4
30300,14,6
30301,58,10
30302,47,9
30303,57,9
30304,68,9
30305,59,11
30306,0,3
30307,47,3
30308,85,11
30309,0,3
30310,37,6
30311,0,3
30312,45,11
30313,45,10
30314,94,10
30315,0,3
30316,0,3
30317,0,3
30318,65,10
30319,0,3
30320,21,6
30321,46,9
30322,14,5
30323,46,9
30324,86,13
30325,54,11
30326,0,3
30327,0,3
30328,90,7
30329,34,8
30330,14,5
30331,54,10
30332,77,6
30333,73,13
30334,25,6
30335,0,3
30336,73,9
30337,23,5
30338,70,12
30339,122,10
30340,26,8
30341,0,3
30342,0,3
30343,65,10
30344,58,8
30345,92,10
30346,0,3
30347,178,19
30348,63,11
30349,0,3
30350,2,3
30351,92,11
30352,22,6
30353,87,11
30354,0,3
30355,0,3
30356,85,6
30357,122,10
30358,109,12
30359,30,8
30360,0,3
30361,36,7
30362,45,10
30363,70,16
30364,0,3
30365,54,12
30366,0,3
30367,92,9
30368,54,10
30369,0,3
30370,71,10
30371,84,12
30372,0,3
30373,64,8
30374,32,7
30375,19,5
30376,0,3
30377,0,3
30378,55,10
30379,84,13
30380,8,4
30381,75,9
30382,98,12
30383,80,11
30384,0,3
30385,29,5
30386,71,12
30387,71,11
30388,49,10
30389,0,3
30390,0,3
30391,74,11
30392,0,3
30393,100,6
30394,118,13
30395,24,7
30396,0,3
30397,0,3
30398,0,3
30399,58,6
30400,83,11
30401,0,3
30402,51,6
30403,0,3
30404,62,8
30405,0,3
30406,41,9
30407,68,9
30408,20,7
30409,11,4
30410,0,3
30411,55,8
30412,0,3
30413,15,4
30414,108,8
30415,0,3
30416,0,3
30417,47,10
30418,0,3
30419,0,3
30420,24,6
30421,42,8
30422,22,6
30423,38,7
30424,0,3
30425,30,8
30426,0,3
30427,0,3
30428,0,3
30429,22,8
30430,156,8
30431,147,12
30432,0,3
30433,129,13
30434,0,3
30435,0,3
30436,20,5
30437,5,4
30438,0,3
30439,70,14
30440,49,6
30441,0,3
30442,0,3
30443,0,3
30444,96,14
30445,89,12
30446,61,11
30447,41,9
30448,122,10
30449,85,11
30450,95,14
30451,36,7
30452,1,3
30453,34,7
30454,122,10
30455,0,3
30456,19,4
30457,9,4
30458,25,6
30459,42,5
30460,0,3
30461,63,5
30462,0,3
30463,5,3
30464,0,3
30465,48,9
30466,0,3
30467,58,10
30468,62,10
30469,31,8
30470,42,7
30471,62,8
30472,65,8
30473,95,16
30474,111,14
30475,0,3
30476,163,13
30477,30,9
30478,100,14
30479,63,14
30480,54,9
30481,88,5
30482,27,9
30483,56,11
30484,75,15
30485,29,7
30486,26,7
30487,54,9
30488,54,9
30489,0,3
30490,0,3
30491,0,3
30492,109,11
30493,0,3
30494,0,3
30495,37,8
30496,67,9
30497,0,3
30498,0,3
30499,0,3
30500,37,9
30501,0,3
30502,0,3
30503,11,3
30504,64,9
30505,35,6
30506,88,16
30507,0,3
30508,0,3
30509,0,3
30510,124,12
30511,27,5
30512,0,3
30513,79,13
30514,53,7
30515,97,12
30516,73,14
30517,2,3
30518,2,3
30519,38,10
30520,119,11
30521,7,2
30522,29,6
30523,57,10
30524,0,3
30525,29,6
30526,43,8
30527,14,5
30528,0,3
30529,73,12
30530,0,3
30531,16,6
30532,81,8
30533,50,11
30534,0,3
30535,0,3
30536,0,3
30537,0,3
30538,47,7
30539,34,6
30540,0,3
30541,0,3
30542,0,3
30543,0,3
30544,119,14
30545,92,16
30546,48,11
30547,106,13
30548,32,9
30549,96,11
30550,0,3
30551,43,6
30552,0,3
30553,64,11
30554,76,8
30555,2,3
30556,126,10
30557,57,7
30558,0,3
30559,51,6
30560,45,10
30561,6,4
30562,69,8
30563,0,3
30564,0,3
30565,0,3
30566,0,3
30567,16,6
30568,0,3
30569,0,3
30570,142,10
30571,49,8
30572,66,8
30573,54,9
30574,121,10
30575,57,12
30576,115,14
30577,97,7
30578,0,3
30579,63,9
30580,59,9
30581,0,3
30582,16,5
30583,63,8
30584,0,3
30585,0,3
30586,159,13
30587,121,11
30588,89,10
30589,48,6
30590,175,19
30591,97,12
30592,0,3
30593,110,8
30594,15,4
30595,0,3
30596,55,9
30597,0,3
30598,46,7
30599,144,12
30600,0,3
30601,24,7
30602,0,3
30603,30,8
30604,0,3
30605,147,11
30606,118,14
30607,98,15
30608,69,10
30609,67,11
30610,44,5
30611,28,5
30612,95,12
30613,43,10
30614,0,3
30615,74,10
30616,96,12
30617,73,12
30618,139,13
30619,87,11
30620,38,5
30621,19,5
30622,0,3
30623,0,3
30624,12,5
30625,0,3
30626,40,9
30627,113,12
30628,105,14
30629,358,11
30630,14,5
30631,50,9
30632,63,13
30633,71,11
30634,23,6
30635,80,13
30636,6,4
30637,0,3
30638,0,3
30639,69,10
30640,56,10
30641,41,10
30642,7,3
30643,72,13
30644,38,10
30645,0,3
30646,99,11
30647,81,9
30648,50,9
30649,0,3
30650,41,8
30651,0,3
30652,139,12
30653,0,3
30654,19,4
30655,0,3
30656,55,9
30657,23,6
30658,0,3
30659,54,12
30660,10,5
30661,16,6
30662,42,9
30663,56,9
30664,50,8
30665,35,4
30666,5,3
30667,20,8
30668,0,3
30669,16,4
30670,123,12
30671,45,9
30672,49,10
30673,49,6
30674,0,3
30675,85,10
30676,42,10
30677,0,3
30678,85,11
30679,41,6
30680,0,3
30681,0,3
30682,47,8
30683,0,3
30684,0,3
30685,0,3
30686,72,9
30687,74,10
30688,30,9
30689,37,7
30690,137,18
30691,0,3
30692,0,3
30693,83,11
30694,0,3
30695,6,3
30696,7,4
30697,27,6
30698,0,3
30699,0,3
30700,0,3
30701,0,3
30702,0,3
30703,48,7
30704,0,3
30705,112,14
30706,0,3
30707,0,3
30708,61,9
30709,0,3
30710,54,6
30711,0,3
30712,0,3
30713,36,8
30714,0,3
30715,94,13
30716,0,3
30717,47,5
30718,62,6
30719,58,10
30720,47,11
30721,93,11
30722,75,11
30723,46,8
30724,72,7
30725,38,7
30726,0,3
30727,4,3
30728,0,3
30729,42,6
30730,38,7
30731,3,3
30732,72,12
30733,91,11
30734,10,5
30735,0,3
30736,11,4
30737,21,7
30738,65,9
30739,22,5
30740,0,3
30741,0,3
30742,30,6
30743,0,3
30744,21,8
30745,98,11
30746,70,9
30747,143,10
30748,163,16
30749,0,3
30750,0,3
30751,0,3
30752,50,9
30753,115,14
30754,0,3
30755,0,3
30756,0,3
30757,85,10
30758,24,8
30759,28,7
30760,61,11
30761,0,3
30762,36,5
30763,0,3
30764,47,7
30765,89,12
30766,0,3
30767,0,3
30768,32,5
30769,113,11
30770,78,10
30771,2,4
30772,48,8
30773,86,12
30774,29,8
30775,75,10
30776,0,3
30777,0,3
30778,0,3
30779,82,9
30780,37,7
30781,146,8
30782,24,6
30783,0,3
30784,0,3
30785,105,8
30786,0,3
30787,108,12
30788,90,12
30789,100,17
30790,52,9
30791,0,3
30792,0,3
30793,0,3
30794,0,3
30795,82,10
30796,0,3
30797,0,3
30798,77,12
30799,23,5
30800,190,18
30801,0,3
30802,18,6
30803,47,7
30804,48,9
30805,0,3
30806,0,3
30807,113,13
30808,19,5
30809,0,3
30810,108,13
30811,0,3
30812,41,6
30813,0,3
30814,0,3
30815,0,3
30816,93,10
30817,37,6
30818,17,4
30819,93,14
30820,0,3
30821,0,3
30822,17,6
30823,0,3
30824,18,4
30825,17,5
30826,0,3
30827,0,3
30828,35,11
30829,0,3
30830,0,3
30831,0,3
30832,64,9
30833,36,7
30834,0,3
30835,35,7
30836,28,4
30837,0,3
30838,0,3
30839,44,8
30840,0,3
30841,173,20
30842,0,3
30843,50,8
30844,0,3
30845,0,3
30846,84,14
30847,0,3
30848,63,12
30849,31,8
30850,100,15
30851,5,3
30852,36,8
30853,23,4
30854,0,3
30855,18,4
30856,131,18
30857,0,3
30858,0,3
30859,57,8
30860,47,9
30861,7,4
30862,0,3
30863,182,18
30864,0,3
30865,81,9
30866,42,9
30867,0,3
30868,0,3
30869,39,7
30870,48,8
30871,101,14
30872,0,3
30873,111,11
30874,72,10
30875,58,12
30876,58,12
30877,19,4
30878,78,4
30879,46,7
30880,0,3
30881,43,6
30882,53,7
30883,28,7
30884,77,9
30885,0,3
30886,97,13
30887,67,9
30888,70,9
30889,0,3
30890,77,11
30891,95,7
30892,85,9
30893,71,13
30894,0,3
30895,24,6
30896,0,3
30897,0,3
30898,0,3
30899,8,3
30900,0,3
30901,0,3
30902,0,3
30903,0,3
30904,0,3
30905,0,3
30906,41,8
30907,0,3
30908,28,9
30909,117,15
30910,21,5
30911,68,11
30912,0,3
30913,0,3
30914,59,11
30915,50,6
30916,60,11
30917,0,3
30918,66,6
30919,33,5
30920,2,3
30921,71,8
30922,9,4
30923,77,13
30924,0,3
30925,10,3
30926,50,10
30927,87,12
30928,10,3
30929,0,3
30930,29,6
30931,98,9
30932,46,8
30933,84,13
30934,37,7
30935,0,3
30936,0,3
30937,29,4
30938,77,14
30939,66,11
30940,0,3
30941,64,9
30942,0,3
30943,110,11
30944,0,3
30945,57,11
30946,0,3
30947,58,8
30948,87,9
30949,43,7
30950,42,10
30951,0,3
30952,42,7
30953,72,13
30954,0,3
30955,107,14
30956,0,3
30957,23,6
30958,33,8
30959,36,7
30960,89,12
30961,6,3
30962,63,14
30963,22,6
30964,91,12
30965,83,7
30966,0,3
30967,0,3
30968,57,11
30969,15,4
30970,54,11
30971,0,3
30972,39,11
30973,70,7
30974,61,10
30975,89,12
30976,60,9
30977,57,9
30978,20,5
30979,53,10
30980,0,3
30981,121,12
30982,0,3
30983,0,3
30984,119,16
30985,71,11
30986,160,14
30987,0,3
30988,78,9
30989,19,6
30990,0,3
30991,28,4
30992,109,9
30993,17,5
30994,95,13
30995,73,11
30996,47,11
30997,0,3
30998,70,9
30999,161,12
31000,76,10
31001,116,11
31002,0,3
31003,23,8
31004,46,7
31005,17,5
31006,72,10
31007,64,12
31008,49,8
31009,54,7
31010,10,4
31011,35,6
31012,0,3
31013,0,3
31014,0,3
31015,13,6
31016,81,8
31017,7,5
31018,0,3
31019,10,4
31020,0,3
31021,90,15
31022,46,6
31023,48,9
31024,0,3
31025,0,3
31026,0,3
31027,73,8
31028,23,7
31029,82,10
31030,92,10
31031,0,3
31032,0,3
31033,0,3
31034,0,3
31035,15,4
31036,0,3
31037,5,3
31038,63,8
31039,45,7
31040,77,9
31041,54,9
31042,0,3
31043,64,8
31044,0,3
31045,0,3
31046,0,3
31047,0,3
31048,0,3
31049,88,12
31050,0,3
31051,80,13
31052,67,8
31053,0,3
31054,14,3
31055,7,5
31056,60,11
31057,50,8
31058,133,11
31059,10,4
31060,0,3
31061,40,7
31062,14,4
31063,34,7
31064,24,5
31065,0,3
31066,0,3
31067,15,5
31068,99,10
31069,0,3
31070,44,7
31071,6,4
31072,81,14
31073,0,3
31074,46,8
31075,95,17
31076,19,5
31077,0,3
31078,0,3
31079,0,3
31080,72,14
31081,130,17
31082,0,3
31083,57,11
31084,6,4
31085,57,10
31086,46,5
31087,68,12
31088,0,3
31089,63,10
31090,79,12
31091,54,11
31092,29,5
31093,0,3
31094,38,9
31095,57,10
31096,19,4
31097,128,14
31098,0,3
31099,24,6
31100,67,12
31101,66,7
31102,68,12
31103,65,9
31104,85,11
31105,109,9
31106,0,3
31107,100,12
31108,0,3
31109,27,5
31110,145,12
31111,0,3
31112,65,11
31113,36,5
31114,10,4
31115,59,11
31116,0,3
31117,8,4
31118,101,11
31119,0,3
31120,91,8
31121,0,3
31122,21,6
31123,83,13
31124,77,13
31125,0,3
31126,0,3
31127,39,8
31128,22,6
31129,33,7
31130,64,6
31131,0,3
31132,49,11
31133,73,13
31134,79,11
31135,56,12
31136,61,13
31137,0,3
31138,136,19
31139,74,12
31140,106,10
31141,0,3
31142,0,3
31143,17,4
31144,66,13
31145,6,3
31146,0,3
31147,64,9
31148,20,6
31149,0,3
31150,57,10
31151,0,3
31152,70,8
31153,0,3
31154,8,3
31155,0,3
31156,0,3
31157,0,3
31158,45,8
31159,0,3
31160,114,13
31161,81,11
31162,0,3
31163,58,9
31164,0,3
31165,82,10
31166,0,3
31167,37,8
31168,37,7
31169,0,3
31170,0,3
31171,0,3
31172,70,7
31173,27,6
31174,20,5
31175,116,11
31176,18,4
31177,12,4
31178,7,4
31179,103,13
31180,69,9
31181,96,15
31182,61,9
31183,108,7
31184,0,3
31185,0,3
31186,0,3
31187,0,3
31188,3,3
31189,0,3
31190,41,8
31191,0,3
31192,104,15
31193,45,7
31194,0,3
31195,94,10
31196,0,3
31197,0,3
31198,77,11
31199,26,6
31200,137,16
31201,56,11
31202,0,3
31203,46,7
31204,0,3
31205,112,10
31206,0,3
31207,44,8
31208,0,3
31209,54,9
31210,113,10
31211,40,5
31212,0,3
31213,94,12
31214,38,9
31215,87,10
31216,0,3
31217,68,9
31218,17,4
31219,79,11
31220,0,3
31221,100,16
31222,0,3
31223,12,4
31224,64,10
31225,0,3
31226,0,3
31227,32,8
31228,0,3
31229,19,4
31230,0,3
31231,43,8
31232,55,8
31233,172,21
31234,37,8
31235,105,15
31236,0,3
31237,0,3
31238,42,12
31239,78,13
31240,0,3
31241,0,3
31242,148,16
31243,17,4
31244,0,3
31245,39,6
31246,57,10
31247,0,3
31248,0,3
31249,0,3
31250,0,3
31251,30,10
31252,29,5
31253,52,11
31254,38,7
31255,60,12
31256,29,7
31257,23,5
31258,124,12
31259,32,5
31260,0,3
31261,0,3
31262,20,6
31263,129,7
31264,48,6
31265,114,8
31266,63,11
31267,78,7
31268,66,9
31269,25,5
31270,0,3
31271,40,9
31272,0,3
31273,0,3
31274,0,3
31275,42,9
31276,71,11
31277,46,8
31278,27,7
31279,0,3
31280,0,3
31281,29,6
31282,0,3
31283,58,4
31284,76,9
31285,0,3
31286,0,3
31287,0,3
31288,69,9
31289,71,8
31290,0,3
31291,111,11
31292,0,3
31293,134,17
31294,9,3
31295,0,3
31296,112,9
31297,125,11
31298,19,7
31299,108,19
31300,0,3
31301,107,14
31302,13,6
31303,66,7
31304,91,12
31305,99,13
31306,0,3
31307,79,11
31308,0,3
31309,0,3
31310,0,3
31311,0,3
31312,72,10
31313,36,8
31314,83,12
31315,0,3
31316,138,13
31317,56,7
31318,45,9
31319,57,9
31320,92,9
31321,4,3
31322,86,11
31323,0,3
31324,0,3
31325,33,10
31326,55,10
31327,85,11
31328,54,5
31329,155,13
31330,20,6
31331,72,12
31332,0,3
31333,97,13
31334,31,7
31335,53,6
31336,0,3
31337,0,3
31338,77,11
31339,69,10
31340,2,3
31341,33,9
31342,0,3
31343,104,10
31344,0,3
31345,0,3
31346,40,4
31347,0,3
31348,251,18
31349,65,8
31350,37,6
31351,80,9
31352,0,3
31353,109,11
31354,87,13
31355,0,3
31356,49,10
31357,0,3
31358,72,7
31359,14,4
31360,102,13
31361,88,16
31362,40,8
31363,37,7
31364,65,10
31365,72,12
31366,39,8
31367,94,9
31368,120,15
31369,46,6
31370,36,7
31371,38,5
31372,51,11
31373,133,13
31374,20,5
31375,159,15
31376,93,12
31377,63,9
31378,0,3
31379,54,8
31380,70,12
31381,0,3
31382,55,9
31383,72,11
31384,63,8
31385,143,16
31386,48,9
31387,9,4
31388,69,9
31389,0,3
31390,65,10
31391,0,3
31392,0,3
31393,0,3
31394,0,3
31395,7,5
31396,0,3
31397,58,11
31398,0,3
31399,58,12
31400,69,14
31401,112,10
31402,0,3
31403,0,3
31404,66,11
31405,4,3
31406,0,3
31407,111,12
31408,58,8
31409,0,3
31410,82,13
31411,58,6
31412,72,10
31413,0,3
31414,0,3
31415,53,6
31416,70,13
31417,0,3
31418,0,3
31419,0,3
31420,0,3
31421,50,7
31422,31,6
31423,26,5
31424,144,15
31425,0,3
31426,86,13
31427,0,3
31428,59,10
31429,0,3
31430,0,3
31431,33,3
31432,110,11
31433,31,9
31434,36,8
31435,30,8
31436,0,3
31437,75,9
31438,0,3
31439,112,15
31440,8,3
31441,72,11
31442,100,10
31443,0,3
31444,0,3
31445,0,3
31446,73,14
31447,22,4
31448,76,13
31449,0,3
31450,35,7
31451,0,3
31452,105,11
31453,74,11
31454,0,3
31455,7,3
31456,80,10
31457,73,10
31458,17,6
31459,53,4
31460,39,7
31461,109,15
31462,77,10
31463,35,8
31464,0,3
31465,9,3
31466,0,3
31467,57,10
31468,15,7
31469,0,3
31470,58,7
31471,0,3
31472,0,3
31473,43,8
31474,0,3
31475,74,10
31476,0,3
31477,92,13
31478,0,3
31479,43,6
31480,104,11
31481,0,3
31482,92,11
31483,0,3
31484,0,3
31485,0,3
31486,45,7
31487,90,11
31488,25,7
31489,0,3
31490,107,12
31491,0,3
31492,41,9
31493,45,10
31494,0,3
31495,30,6
31496,62,7
31497,78,12
31498,29,6
31499,85,5
31500,75,12
31501,0,3
31502,54,8
31503,88,15
31504,0,3
31505,31,6
31506,0,3
31507,45,10
31508,0,3
31509,199,13
31510,50,11
31511,178,21
31512,0,3
31513,51,8
31514,22,4
31515,74,9
31516,50,9
31517,52,8
31518,93,11
31519,65,11
31520,0,3
31521,0,3
31522,44,12
31523,118,16
31524,103,12
31525,0,3
31526,0,3
31527,12,5
31528,59,8
31529,0,3
31530,0,3
31531,48,9
31532,0,3
31533,80,11
31534,0,3
31535,0,3
31536,69,8
31537,58,5
31538,0,3
31539,77,8
31540,105,18
31541,60,9
31542,11,4
31543,79,13
31544,73,7
31545,0,3
31546,98,11
31547,0,3
31548,0,3
31549,0,3
31550,30,8
31551,59,11
31552,89,12
31553,55,14
31554,6,3
31555,41,8
31556,76,9
31557,66,9
31558,65,10
31559,16,5
31560,0,3
31561,0,3
31562,39,10
31563,0,3
31564,94,10
31565,0,3
31566,0,3
31567,82,7
31568,0,3
31569,62,8
31570,0,3
31571,59,10
31572,0,3
31573,0,3
31574,36,8
31575,0,3
31576,167,12
31577,48,7
31578,0,3
31579,96,13
31580,22,5
31581,65,9
31582,86,13
31583,0,3
31584,48,6
31585,148,11
31586,0,3
31587,0,3
31588,57,9
31589,112,12
31590,29,7
31591,37,10
31592,56,11
31593,70,11
31594,66,8
31595,24,4
31596,15,4
31597,118,8
31598,0,3
31599,0,3
31600,18,2
31601,10,4
31602,76,11
31603,0,3
31604,0,3
31605,2,3
31606,0,3
31607,57,11
31608,103,15
31609,82,11
31610,0,3
31611,41,9
31612,41,9
31613,136,13
31614,10,4
31615,59,9
31616,0,3
31617,31,7
31618,0,3
31619,28,8
31620,45,8
31621,52,5
31622,0,3
31623,0,3
31624,94,14
31625,18,7
31626,0,3
31627,72,9
31628,0,3
31629,0,3
31630,39,9
31631,0,3
31632,36,7
31633,44,7
31634,0,3
31635,51,6
31636,0,3
31637,115,13
31638,74,12
31639,0,3
31640,126,15
31641,0,3
31642,0,3
31643,0,3
31644,0,3
31645,96,14
31646,0,3
31647,77,6
31648,22,6
31649,0,3
31650,163,14
31651,69,13
31652,95,15
31653,0,3
31654,18,6
31655,46,7
31656,117,15
31657,32,9
31658,0,3
31659,0,3
31660,47,5
31661,27,8
31662,51,9
31663,67,10
31664,0,3
31665,0,3
31666,53,12
31667,12,3
31668,0,3
31669,0,3
31670,0,3
31671,0,3
31672,49,10
31673,0,3
31674,31,5
31675,0,3
31676,0,3
31677,0,3
31678,0,3
31679,49,8
31680,0,3
31681,48,9
31682,69,9
31683,37,9
31684,57,11
31685,0,3
31686,126,13
31687,36,9
31688,74,13
31689,28,7
31690,66,9
31691,89,7
31692,2,3
31693,45,9
31694,100,14
31695,78,11
31696,0,3
31697,0,3
31698,20,7
31699,68,11
31700,83,11
31701,81,12
31702,14,4
31703,55,8
31704,54,9
31705,29,8
31706,0,3
31707,0,3
31708,85,11
31709,65,11
31710,44,8
31711,0,3
31712,96,13
31713,47,9
31714,0,3
31715,35,11
31716,37,7
31717,15,4
31718,0,3
31719,0,3
31720,130,14
31721,2,3
31722,111,16
31723,59,12
31724,80,12
31725,170,8
31726,0,3
31727,0,3
31728,0,3
31729,0,3
31730,84,12
31731,45,9
31732,0,3
31733,53,9
31734,47,9
31735,70,11
31736,5,3
31737,80,11
31738,55,7
31739,68,11
31740,67,11
31741,0,3
31742,39,10
31743,0,3
31744,0,3
31745,50,11
31746,0,3
31747,51,6
31748,0,3
31749,134,12
31750,77,10
31751,68,9
31752,49,9
31753,38,10
31754,0,3
31755,42,8
31756,0,3
31757,0,3
31758,97,12
31759,0,3
31760,0,3
31761,129,17
31762,61,11
31763,74,10
31764,48,8
31765,62,11
31766,51,7
31767,116,7
31768,0,3
31769,0,3
31770,0,3
31771,1,3
31772,0,3
31773,0,3
31774,0,3
31775,39,9
31776,0,3
31777,17,4
31778,50,9
31779,0,3
31780,0,3
31781,60,11
31782,4,3
31783,77,12
31784,0,3
31785,32,7
31786,0,3
31787,38,9
31788,12,3
31789,0,3
31790,34,5
31791,37,9
31792,77,11
31793,0,3
31794,0,3
31795,0,3
31796,51,10
31797,45,9
31798,110,15
31799,107,9
31800,11,4
31801,0,3
31802,0,3
31803,0,3
31804,82,10
31805,0,3
31806,0,3
31807,40,5
31808,88,14
31809,18,5
31810,35,5
31811,6,3
31812,65,9
31813,74,10
31814,46,9
31815,0,3
31816,0,3
31817,117,13
31818,0,3
31819,41,9
31820,0,3
31821,88,10
31822,35,6
31823,0,3
31824,103,15
31825,115,12
31826,99,10
31827,24,5
31828,46,6
31829,73,8
31830,63,11
31831,8,3
31832,56,9
31833,66,7
31834,0,3
31835,0,3
31836,0,3
31837,40,7
31838,102,13
31839,0,3
31840,0,3
31841,20,5
31842,0,3
31843,43,9
31844,67,10
31845,92,8
31846,64,8
31847,73,6
31848,46,7
31849,5,4
31850,16,5
31851,52,12
31852,86,11
31853,68,5
31854,0,3
31855,29,4
31856,0,3
31857,33,4
31858,0,3
31859,72,14
31860,127,16
31861,6,4
31862,16,4
31863,60,8
31864,52,10
31865,40,9
31866,0,3
31867,0,3
31868,52,9
31869,24,5
31870,45,8
31871,30,4
31872,0,3
31873,0,3
31874,91,11
31875,29,6
31876,41,11
31877,80,14
31878,96,11
31879,0,3
31880,60,12
31881,0,3
31882,21,8
31883,65,6
31884,0,3
31885,13,5
31886,179,12
31887,106,11
31888,51,8
31889,48,9
31890,0,3
31891,0,3
31892,0,3
31893,0,3
31894,0,3
31895,38,6
31896,148,13
31897,48,10
31898,38,5
31899,32,8
31900,83,10
31901,46,8
31902,55,9
31903,117,14
31904,117,14
31905,45,9
31906,0,3
31907,71,10
31908,57,12
31909,0,3
31910,113,11
31911,41,7
31912,0,3
31913,49,10
31914,0,3
31915,130,14
31916,49,13
31917,0,3
31918,72,15
31919,76,13
31920,53,8
31921,27,6
31922,0,3
31923,69,10
31924,26,9
31925,0,3
31926,0,3
31927,49,10
31928,81,10
31929,0,3
31930,45,5
31931,43,8
31932,10,3
31933,0,3
31934,51,8
31935,0,3
31936,35,14
31937,23,7
31938,0,3
31939,0,3
31940,0,3
31941,27,7
31942,0,3
31943,89,14
31944,0,3
31945,47,9
31946,108,10
31947,77,12
31948,0,3
31949,0,3
31950,0,3
31951,115,12
31952,119,13
31953,54,13
31954,102,10
31955,23,8
31956,193,11
31957,94,16
31958,0,3
31959,62,9
31960,0,3
31961,65,10
31962,33,11
31963,22,5
31964,0,3
31965,56,9
31966,8,3
31967,7,4
31968,39,6
31969,26,8
31970,65,8
31971,89,6
31972,0,3
31973,55,10
31974,52,8
31975,0,3
31976,0,3
31977,129,13
31978,20,5
31979,0,3
31980,0,3
31981,0,3
31982,0,3
31983,0,3
31984,1,3
31985,0,3
31986,20,5
31987,75,14
31988,68,12
31989,39,9
31990,7,3
31991,25,6
31992,84,12
31993,145,14
31994,54,10
31995,61,10
31996,61,15
31997,19,6
31998,59,11
31999,79,11
32000,57,10
32001,88,13
32002,88,11
32003,79,11
32004,70,9
32005,0,3
32006,21,5
32007,0,3
32008,0,3
32009,0,3
32010,99,16
32011,130,13
32012,66,12
32013,34,5
32014,44,9
32015,0,3
32016,62,9
32017,34,4
32018,0,3
32019,0,3
32020,90,14
32021,39,6
32022,89,10
32023,19,4
32024,0,3
32025,82,12
32026,76,9
32027,91,10
32028,0,3
32029,80,10
32030,23,5
32031,123,13
32032,0,3
32033,25,4
32034,52,9
32035,0,3
32036,42,7
32037,0,3
32038,51,8
32039,137,15
32040,0,3
32041,66,12
32042,73,10
32043,52,10
32044,104,15
32045,81,12
32046,115,13
32047,0,3
32048,78,13
32049,0,3
32050,0,3
32051,78,11
32052,19,5
32053,56,12
32054,67,10
32055,0,3
32056,0,3
32057,2,3
32058,0,3
32059,0,3
32060,0,3
32061,71,8
32062,96,11
32063,51,8
32064,0,3
32065,32,5
32066,0,3
32067,0,3
32068,0,3
32069,43,7
32070,29,6
32071,99,12
32072,0,3
32073,6,3
32074,58,9
32075,39,7
32076,43,7
32077,54,11
32078,14,4
32079,56,5
32080,0,3
32081,87,13
32082,43,6
32083,46,6
32084,64,7
32085,0,3
32086,17,6
32087,0,3
32088,0,3
32089,0,3
32090,2,3
32091,50,9
32092,13,5
32093,0,3
32094,154,14
32095,0,3
32096,100,12
32097,10,4
32098,85,13
32099,68,8
32100,115,12
32101,64,6
32102,55,9
32103,71,12
32104,0,3
32105,61,9
32106,110,12
32107,0,3
32108,87,11
32109,179,10
32110,50,12
32111,0,3
32112,112,14
32113,50,9
32114,0,3
32115,69,10
32116,20,5
32117,0,3
32118,52,10
32119,104,15
32120,61,10
32121,0,3
32122,0,3
32123,117,12
32124,0,3
32125,140,14
32126,0,3
32127,155,17
32128,2,3
32129,0,3
32130,2,3
32131,0,3
32132,0,3
32133,62,10
32134,6,4
32135,11,4
32136,0,3
32137,69,8
32138,114,14
32139,0,3
32140,54,9
32141,0,3
32142,0,3
32143,13,4
32144,0,3
32145,25,4
32146,8,4
32147,0,3
32148,0,3
32149,68,10
32150,27,6
32151,0,3
32152,0,3
32153,0,3
32154,0,3
32155,65,8
32156,0,3
32157,0,3
32158,82,14
32159,13,5
32160,0,3
32161,0,3
32162,71,11
32163,37,7
32164,0,3
32165,0,3
32166,49,10
32167,0,3
32168,64,10
32169,0,3
32170,79,15
32171,39,7
32172,0,3
32173,18,5
32174,63,11
32175,0,3
32176,44,9
32177,70,11
32178,60,7
32179,0,3
32180,64,9
32181,84,11
32182,118,14
32183,22,6
32184,147,12
32185,157,21
32186,75,15
32187,0,3
32188,80,12
32189,136,14
32190,62,9
32191,50,11
32192,52,9
32193,0,3
32194,0,3
32195,0,3
32196,0,3
32197,3,3
32198,0,3
32199,39,7
32200,90,13
32201,59,8
32202,60,11
32203,0,3
32204,0,3
32205,0,3
32206,75,10
32207,33,9
32208,137,23
32209,84,12
32210,67,10
32211,0,3
32212,87,16
32213,0,3
32214,100,14
32215,40,10
32216,131,11
32217,0,3
32218,0,3
32219,96,10
32220,79,7
32221,0,3
32222,0,3
32223,0,3
32224,0,3
32225,70,11
32226,0,3
32227,39,8
32228,68,9
32229,0,3
32230,0,3
32231,0,3
32232,16,6
32233,0,3
32234,14,5
32235,123,16
32236,0,3
32237,0,3
32238,56,11
32239,24,7
32240,18,6
32241,28,5
32242,80,15
32243,124,14
32244,0,3
32245,65,10
32246,32,5
32247,66,10
32248,33,6
32249,96,11
32250,26,8
32251,0,3
32252,35,7
32253,4,3
32254,105,12
32255,52,12
32256,144,13
32257,36,8
32258,20,5
32259,0,3
32260,61,12
32261,85,9
32262,0,3
32263,0,3
32264,0,3
32265,90,12
32266,1,3
32267,84,14
32268,23,3
32269,39,8
32270,0,3
32271,157,8
32272,70,10
32273,0,3
32274,68,14
32275,0,3
32276,0,3
32277,49,9
32278,0,3
32279,0,3
32280,15,3
32281,46,9
32282,175,13
32283,96,12
32284,65,15
32285,0,3
32286,77,8
32287,77,9
32288,0,3
32289,115,13
32290,60,11
32291,99,15
32292,0,3
32293,107,17
32294,113,12
32295,8,3
32296,28,5
32297,59,10
32298,0,3
32299,0,3
32300,107,14
32301,121,17
32302,0,3
32303,49,9
32304,0,3
32305,33,10
32306,102,10
32307,43,9
32308,7,4
32309,11,4
32310,81,9
32311,110,14
32312,77,9
32313,93,12
32314,173,7
32315,0,3
32316,0,3
32317,0,3
32318,0,3
32319,27,5
32320,61,11
32321,52,10
32322,18,5
32323,52,9
32324,62,8
32325,65,9
32326,101,14
32327,31,7
32328,0,3
32329,25,5
32330,55,11
32331,0,3
32332,56,12
32333,0,3
32334,0,3
32335,0,3
32336,60,10
32337,0,3
32338,45,10
32339,100,12
32340,0,3
32341,0,3
32342,36,7
32343,0,3
32344,0,3
32345,0,3
32346,0,3
32347,0,3
32348,0,3
32349,72,11
32350,0,3
32351,16,4
32352,142,13
32353,126,17
32354,15,5
32355,126,15
32356,0,3
32357,55,5
32358,0,3
32359,0,3
32360,20,6
32361,0,3
32362,0,3
32363,51,7
32364,46,7
32365,0,3
32366,87,12
32367,36,7
32368,0,3
32369,0,3
32370,22,7
32371,0,3
32372,0,3
32373,60,11
32374,94,13
32375,0,3
32376,0,3
32377,0,3
32378,61,8
32379,63,9
32380,79,9
32381,19,5
32382,0,3
32383,137,17
32384,40,6
32385,75,8
32386,71,4
32387,115,9
32388,76,10
32389,26,5
32390,0,3
32391,69,9
32392,63,10
32393,65,12
32394,30,5
32395,3,4
32396,0,3
32397,122,15
32398,37,7
32399,0,3
32400,0,3
32401,73,5
32402,85,14
32403,19,4
32404,35,6
32405,120,10
32406,114,10
32407,0,3
32408,0,3
32409,19,4
32410,94,8
32411,78,9
32412,40,9
32413,0,3
32414,159,11
32415,61,10
32416,0,3
32417,30,5
32418,0,3
32419,93,9
32420,4,3
32421,0,3
32422,129,13
32423,81,13
32424,0,3
32425,132,15
32426,0,3
32427,0,3
32428,34,8
32429,49,5
32430,38,8
32431,2,3
32432,35,10
32433,88,17
32434,0,3
32435,59,12
32436,114,11
32437,103,11
32438,138,16
32439,0,3
32440,88,8
32441,55,9
32442,96,10
32443,0,3
32444,34,8
32445,56,9
32446,61,10
32447,0,3
32448,0,3
32449,27,6
32450,43,7
32451,70,8
32452,84,15
32453,0,3
32454,100,10
32455,0,3
32456,8,4
32457,110,9
32458,0,3
32459,0,3
32460,42,12
32461,0,3
32462,0,3
32463,0,3
32464,0,3
32465,27,1
32466,35,7
32467,0,3
32468,170,21
32469,35,7
32470,0,3
32471,5,3
32472,0,3
32473,0,3
32474,0,3
32475,71,13
32476,0,3
32477,117,14
32478,0,3
32479,98,14
32480,15,5
32481,102,14
32482,0,3
32483,68,11
32484,90,13
32485,17,5
32486,134,18
32487,0,3
32488,82,13
32489,81,7
32490,0,3
32491,0,3
32492,65,8
32493,0,3
32494,0,3
32495,41,6
32496,86,14
32497,0,3
32498,27,3
32499,37,5
32500,70,13
32501,0,3
32502,26,7
32503,0,3
32504,83,13
32505,121,15
32506,36,8
32507,94,11
32508,93,9
32509,0,3
32510,0,3
32511,0,3
32512,0,3
32513,0,3
32514,0,3
32515,58,8
32516,58,6
32517,35,6
32518,87,11
32519,0,3
32520,0,3
32521,91,13
32522,0,3
32523,39,10
32524,0,3
32525,118,12
32526,34,6
32527,35,6
32528,0,3
32529,39,8
32530,25,5
32531,69,12
32532,98,13
32533,0,3
32534,0,3
32535,0,3
32536,49,8
32537,120,13
32538,153,13
32539,25,8
32540,0,3
32541,6,3
32542,83,12
32543,40,9
32544,0,3
32545,65,5
32546,1,3
32547,0,3
32548,34,8
32549,0,3
32550,0,3
32551,88,8
32552,0,3
32553,31,6
32554,38,8
32555,58,11
32556,0,3
32557,27,5
32558,59,8
32559,0,3
32560,42,11
32561,23,4
32562,110,12
32563,113,13
32564,0,3
32565,64,9
32566,70,11
32567,67,11
32568,178,13
32569,7,3
32570,57,10
32571,37,7
32572,79,11
32573,0,3
32574,113,14
32575,51,10
32576,0,3
32577,48,7
32578,0,3
32579,48,11
32580,0,3
32581,31,7
32582,0,3
32583,46,8
32584,0,3
32585,0,3
32586,94,15
32587,89,13
32588,0,3
32589,0,3
32590,0,3
32591,0,3
32592,0,3
32593,0,3
32594,0,3
32595,76,9
32596,0,3
32597,31,8
32598,144,17
32599,54,12
32600,0,3
32601,0,3
32602,91,13
32603,0,3
32604,116,15
32605,0,3
32606,12,5
32607,29,6
32608,0,3
32609,63,11
32610,16,4
32611,52,5
32612,0,3
32613,124,9
32614,85,12
32615,124,11
32616,88,10
32617,77,12
32618,9,3
32619,191,29
32620,0,3
32621,32,6
32622,80,9
32623,36,8
32624,0,3
32625,0,3
32626,0,3
32627,0,3
32628,29,5
32629,100,13
32630,82,10
32631,0,3
32632,62,8
32633,39,7
32634,115,12
32635,73,11
32636,3,3
32637,7,4
32638,13,4
32639,118,11
32640,82,12
32641,0,3
32642,98,13
32643,56,10
32644,54,7
32645,61,12
32646,0,3
32647,82,10
32648,66,13
32649,46,10
32650,0,3
32651,54,6
32652,97,14
32653,0,3
32654,83,10
32655,0,3
32656,41,7
32657,62,10
32658,0,3
32659,44,9
32660,91,10
32661,0,3
32662,0,3
32663,97,16
32664,95,9
32665,89,11
32666,0,3
32667,69,12
32668,0,3
32669,45,6
32670,0,3
32671,0,3
32672,4,3
32673,0,3
32674,0,3
32675,62,8
32676,131,17
32677,63,7
32678,71,10
32679,1,3
32680,102,12
32681,0,3
32682,62,8
32683,71,12
32684,62,12
32685,72,11
32686,0,3
32687,0,3
32688,0,3
32689,0,3
32690,0,3
32691,80,10
32692,0,3
32693,0,3
32694,0,3
32695,0,3
32696,140,19
32697,6,4
32698,0,3
32699,115,14
32700,0,3
32701,77,11
32702,0,3
32703,0,3
32704,21,3
32705,33,7
32706,9,5
32707,89,11
32708,2,3
32709,56,8
32710,130,12
32711,46,9
32712,33,7
32713,0,3
32714,0,3
32715,0,3
32716,112,12
32717,2,3
32718,117,8
32719,0,3
32720,0,3
32721,41,8
32722,0,3
32723,0,3
32724,98,7
32725,117,17
32726,0,3
32727,0,3
32728,0,3
32729,0,3
32730,190,15
32731,100,13
32732,0,3
32733,40,9
32734,0,3
32735,0,3
32736,129,18
32737,86,10
32738,86,13
32739,0,3
32740,60,10
32741,116,13
32742,62,7
32743,15,6
32744,0,3
32745,0,3
32746,16,5
32747,0,3
32748,59,9
32749,61,11
32750,0,3
32751,86,14
32752,1,3
32753,57,12
32754,34,9
32755,0,3
32756,0,3
32757,0,3
32758,0,3
32759,30,7
32760,216,14
32761,53,9
32762,0,3
32763,36,7
32764,0,3
32765,64,10
32766,0,3
32767,39,5
32768,84,12
32769,0,3
32770,8,4
32771,16,5
32772,37,10
32773,82,11
32774,81,10
32775,84,11
32776,57,5
32777,0,3
32778,33,9
32779,0,3
32780,0,3
32781,0,3
32782,52,9
32783,63,9
32784,127,14
32785,41,6
32786,99,11
32787,27,7
32788,79,11
32789,76,13
32790,57,9
32791,44,9
32792,119,15
32793,3,3
32794,119,10
32795,96,12
32796,141,9
32797,0,3
32798,0,3
32799,0,3
32800,95,14
32801,9,5
32802,37,6
32803,88,13
32804,0,3
32805,0,3
32806,0,3
32807,17,5
32808,0,3
32809,7,3
32810,44,5
32811,35,6
32812,0,3
32813,0,3
32814,14,5
32815,47,11
32816,57,9
32817,46,8
32818,112,11
32819,33,6
32820,101,12
32821,72,9
32822,0,3
32823,0,3
32824,0,3
32825,0,3
32826,33,7
32827,0,3
32828,0,3
32829,128,12
32830,86,11
32831,7,3
32832,128,13
32833,52,7
32834,0,3
32835,35,8
32836,87,13
32837,75,10
32838,52,9
32839,168,15
32840,115,16
32841,0,3
32842,38,6
32843,0,3
32844,60,15
32845,68,13
32846,15,5
32847,44,10
32848,110,15
32849,0,3
32850,0,3
32851,56,10
32852,68,9
32853,0,3
32854,0,3
32855,69,8
32856,72,12
32857,2,3
32858,0,3
32859,100,12
32860,40,11
32861,103,6
32862,0,3
32863,8,4
32864,95,10
32865,0,3
32866,82,14
32867,0,3
32868,131,12
32869,19,5
32870,0,3
32871,132,14
32872,0,3
32873,0,3
32874,54,5
32875,0,3
32876,0,3
32877,0,3
32878,59,10
32879,162,21
32880,62,9
32881,0,3
32882,131,14
32883,73,12
32884,8,4
32885,0,3
32886,130,17
32887,0,3
32888,0,3
32889,0,3
32890,21,6
32891,42,8
32892,0,3
32893,59,11
32894,0,3
32895,107,12
32896,179,18
32897,49,9
32898,79,8
32899,0,3
32900,104,11
32901,69,7
32902,130,18
32903,136,15
32904,0,3
32905,21,3
32906,0,3
32907,0,3
32908,60,9
32909,18,5
32910,0,3
32911,33,9
32912,0,3
32913,98,13
32914,48,10
32915,0,3
32916,0,3
32917,74,12
32918,56,6
32919,0,3
32920,145,16
32921,32,10
32922,42,7
32923,0,3
32924,0,3
32925,41,10
32926,0,3
32927,140,19
32928,0,3
32929,0,3
32930,124,16
32931,0,3
32932,109,12
32933,0,3
32934,0,3
32935,0,3
32936,0,3
32937,0,3
32938,12,3
32939,0,3
32940,71,12
32941,25,7
32942,0,3
32943,35,5
32944,19,7
32945,0,3
32946,75,11
32947,44,8
32948,22,5
32949,0,3
32950,40,6
32951,2,3
32952,0,3
32953,41,10
32954,30,6
32955,49,8
32956,0,3
32957,37,7
32958,25,7
32959,36,8
32960,0,3
32961,32,8
32962,60,11
32963,74,15
32964,30,6
32965,94,16
32966,0,3
32967,11,3
32968,18,5
32969,0,3
32970,0,3
32971,42,6
32972,0,3
32973,0,3
32974,0,3
32975,17,6
32976,128,13
32977,0,3
32978,0,3
32979,129,13
32980,60,10
32981,149,11
32982,117,17
32983,63,10
32984,114,13
32985,0,3
32986,0,3
32987,0,3
32988,0,3
32989,0,3
32990,38,9
32991,35,8
32992,91,17
32993,105,12
32994,28,6
32995,91,14
32996,44,8
32997,77,11
32998,0,3
32999,10,3
33000,0,3
33001,23,5
33002,0,3
33003,57,9
33004,44,8
33005,35,9
33006,117,13
33007,24,7
33008,110,12
33009,0,3
33010,72,11
33011,97,12
33012,27,7
33013,105,15
33014,0,3
33015,114,17
33016,77,11
33017,47,6
33018,21,6
33019,259,8
33020,0,3
33021,78,14
33022,25,5
33023,75,9
33024,0,3
33025,72,11
33026,0,3
33027,102,12
33028,0,3
33029,0,3
33030,0,3
33031,59,10
33032,66,12
33033,0,3
33034,0,3
33035,0,3
33036,13,4
33037,0,3
33038,0,3
33039,57,8
33040,0,3
33041,64,11
33042,111,12
33043,70,11
33044,64,12
33045,78,11
33046,116,10
33047,23,5
33048,140,16
33049,74,9
33050,72,14
33051,0,3
33052,46,8
33053,141,14
33054,85,13
33055,0,3
33056,0,3
33057,83,13
33058,0,3
33059,3,3
33060,0,3
33061,28,5
33062,31,6
33063,0,3
33064,21,6
33065,153,16
33066,43,8
33067,48,9
33068,41,6
33069,143,15
33070,0,3
33071,81,11
33072,21,7
33073,132,20
33074,0,3
33075,17,4
33076,78,13
33077,99,10
33078,177,14
33079,0,3
33080,121,17
33081,0,3
33082,93,12
33083,0,3
33084,93,9
33085,80,14
33086,51,8
33087,73,13
33088,46,10
33089,0,3
33090,0,3
33091,66,12
33092,111,14
33093,74,12
33094,80,10
33095,53,11
33096,80,15
33097,0,3
33098,46,8
33099,0,3
33100,61,10
33101,0,3
33102,11,4
33103,55,8
33104,0,3
33105,0,3
33106,0,3
33107,0,3
33108,77,10
33109,132,18
33110,42,6
33111,0,3
33112,99,14
33113,1,3
33114,0,3
33115,158,16
33116,54,10
33117,0,3
33118,0,3
33119,65,10
33120,97,10
33121,0,3
33122,98,15
33123,0,3
33124,58,9
33125,117,14
33126,81,11
33127,80,10
33128,75,11
33129,0,3
33130,0,3
33131,0,3
33132,76,10
33133,14,4
33134,56,9
33135,0,3
33136,51,10
33137,53,10
33138,76,12
33139,0,3
33140,53,11
33141,56,7
33142,63,8
33143,108,11
33144,147,17
33145,54,8
33146,0,3
33147,34,8
33148,0,3
33149,0,3
33150,7,3
33151,7,4
33152,129,12
33153,67,11
33154,70,12
33155,85,10
33156,55,9
33157,74,10
33158,0,3
33159,0,3
33160,44,9
33161,49,5
33162,0,3
33163,79,8
33164,0,3
33165,44,10
33166,14,5
33167,17,6
33168,74,12
33169,108,12
33170,135,14
33171,51,9
33172,0,3
33173,76,14
33174,56,9
33175,86,12
33176,40,6
33177,0,3
33178,23,7
33179,16,7
33180,52,10
33181,66,8
33182,59,8
33183,0,3
33184,47,12
33185,60,9
33186,17,5
33187,58,10
33188,50,11
33189,40,8
33190,119,13
33191,0,3
33192,0,3
33193,95,13
33194,0,3
33195,46,8
33196,116,12
33197,7,3
33198,0,3
33199,0,3
33200,0,3
33201,0,3
33202,109,15
33203,0,3
33204,0,3
33205,65,10
33206,0,3
33207,0,3
33208,62,8
33209,73,8
33210,130,14
33211,61,10
33212,0,3
33213,49,6
33214,144,13
33215,98,13
33216,46,9
33217,0,3
33218,38,7
33219,60,6
33220,53,13
33221,30,7
33222,0,3
33223,117,15
33224,75,12
33225,115,15
33226,203,10
33227,10,4
33228,33,5
33229,60,7
33230,50,9
33231,95,11
33232,120,19
33233,0,3
33234,125,16
33235,0,3
33236,0,3
33237,0,3
33238,0,3
33239,67,11
33240,38,9
33241,34,5
33242,0,3
33243,201,13
33244,75,13
33245,92,15
33246,0,3
33247,71,10
33248,0,3
33249,0,3
33250,0,3
33251,127,13
33252,36,5
33253,83,11
33254,103,17
33255,50,12
33256,115,11
33257,0,3
33258,0,3
33259,58,10
33260,90,10
33261,83,12
33262,118,13
33263,0,3
33264,42,6
33265,34,8
33266,98,11
33267,0,3
33268,46,8
33269,0,3
33270,88,14
33271,40,9
33272,9,5
33273,47,6
33274,56,10
33275,4,3
33276,34,8
33277,10,4
33278,70,14
33279,105,15
33280,0,3
33281,0,3
33282,90,15
33283,23,6
33284,88,13
33285,19,6
33286,69,12
33287,61,12
33288,0,3
33289,53,10
33290,0,3
33291,0,3
33292,0,3
33293,121,14
33294,31,7
33295,0,3
33296,115,13
33297,59,11
33298,45,10
33299,32,8
33300,20,6
33301,0,3
33302,0,3
33303,40,4
33304,0,3
33305,0,3
33306,127,15
33307,76,10
33308,0,3
33309,28,6
33310,154,14
33311,35,6
33312,63,11
33313,0,3
33314,50,9
33315,0,3
33316,43,7
33317,0,3
33318,101,11
33319,0,3
33320,0,3
33321,66,13
33322,31,6
33323,0,3
33324,23,2
33325,110,14
33326,44,8
33327,0,3
33328,79,11
33329,16,5
33330,64,9
33331,192,18
33332,131,16
33333,0,3
33334,102,12
33335,124,12
33336,0,3
33337,0,3
33338,111,15
33339,0,3
33340,71,12
33341,71,11
33342,0,3
33343,9,3
33344,0,3
33345,28,7
33346,307,17
33347,13,4
33348,72,11
33349,63,8
33350,97,13
33351,81,13
33352,0,3
33353,80,10
33354,0,3
33355,56,9
33356,59,6
33357,146,15
33358,0,3
33359,92,12
33360,45,7
33361,47,8
33362,63,10
33363,43,10
33364,0,3
33365,0,3
33366,123,14
33367,121,18
33368,105,16
33369,3,3
33370,23,3
33371,0,3
33372,108,15
33373,130,15
33374,111,8
33375,0,3
33376,47,8
33377,0,3
33378,0,3
33379,385,10
33380,67,10
33381,50,13
33382,113,14
33383,0,3
33384,47,9
33385,38,8
33386,46,11
33387,131,12
33388,0,3
33389,0,3
33390,87,8
33391,44,6
33392,14,6
33393,100,15
33394,92,11
33395,163,14
33396,71,11
33397,0,3
33398,129,19
33399,48,8
33400,0,3
33401,103,13
33402,0,3
33403,113,14
33404,118,18
33405,0,3
33406,0,3
33407,76,10
33408,45,9
33409,0,3
33410,72,13
33411,103,10
33412,81,17
33413,156,19
33414,0,3
33415,42,7
33416,104,6
33417,91,17
33418,0,3
33419,148,13
33420,0,3
33421,64,11
33422,0,3
33423,0,3
33424,0,3
33425,0,3
33426,0,3
33427,96,12
33428,89,11
33429,142,14
33430,27,9
33431,0,3
33432,26,7
33433,111,11
33434,0,3
33435,64,10
33436,71,13
33437,115,10
33438,77,14
33439,0,3
33440,0,3
33441,0,3
33442,0,3
33443,0,3
33444,80,13
33445,38,10
33446,0,3
33447,31,3
33448,0,3
33449,0,3
33450,103,14
33451,67,8
33452,148,19
33453,173,13
33454,24,4
33455,62,7
33456,0,3
33457,38,10
33458,66,13
33459,139,19
33460,38,8
33461,81,16
33462,0,3
33463,0,3
33464,0,3
33465,79,12
33466,91,9
33467,168,10
33468,51,6
33469,0,3
33470,0,3
33471,51,8
33472,65,8
33473,64,10
33474,67,11
33475,0,3
33476,0,3
33477,83,11
33478,0,3
33479,36,8
33480,32,5
33481,27,7
33482,40,7
33483,0,3
33484,121,12
33485,91,8
33486,0,3
33487,60,11
33488,36,9
33489,0,3
33490,171,18
33491,71,14
33492,21,7
33493,125,9
33494,0,3
33495,0,3
33496,108,12
33497,0,3
33498,67,14
33499,146,17
33500,0,3
33501,0,3
33502,191,16
33503,16,8
33504,57,10
33505,0,3
33506,86,11
33507,149,14
33508,68,13
33509,0,3
33510,0,3
33511,0,3
33512,69,8
33513,31,6
33514,17,5
33515,50,10
33516,57,12
33517,76,11
33518,85,10
33519,104,13
33520,28,4
33521,61,9
33522,49,7
33523,60,7
33524,0,3
33525,66,16
33526,0,3
33527,48,4
33528,0,3
33529,0,3
33530,64,5
33531,0,3
33532,0,3
33533,0,3
33534,85,7
33535,102,14
33536,82,11
33537,37,8
33538,27,8
33539,0,3
33540,0,3
33541,64,10
33542,0,3
33543,95,16
33544,107,14
33545,53,11
33546,124,16
33547,0,3
33548,132,6
33549,90,17
33550,69,15
33551,0,3
33552,11,5
33553,133,12
33554,83,12
33555,0,3
33556,41,6
33557,0,3
33558,128,14
33559,7,4
33560,64,8
33561,67,10
33562,0,3
33563,0,3
33564,50,9
33565,127,10
33566,106,13
33567,23,5
33568,107,11
33569,88,16
33570,0,3
33571,180,13
33572,33,7
33573,70,10
33574,47,7
33575,81,11
33576,0,3
33577,2,3
33578,110,15
33579,104,15
33580,0,3
33581,29,7
33582,0,3
33583,19,4
33584,1,3
33585,18,7
33586,64,8
33587,53,9
33588,29,9
33589,0,3
33590,135,11
33591,0,3
33592,34,9
33593,79,14
33594,1,3
33595,72,10
33596,61,9
33597,77,14
33598,0,3
33599,26,7
33600,0,3
33601,14,5
33602,0,3
33603,65,11
33604,54,8
33605,49,7
33606,0,3
33607,101,13
33608,14,5
33609,0,3
33610,0,3
33611,45,12
33612,0,3
33613,127,19
33614,45,8
33615,0,3
33616,120,9
33617,38,4
33618,59,7
33619,0,3
33620,0,3
33621,0,3
33622,0,3
33623,0,3
33624,49,7
33625,0,3
33626,0,3
33627,57,10
33628,217,4
33629,0,3
33630,36,7
33631,39,9
33632,144,14
33633,102,8
33634,62,12
33635,112,11
33636,151,17
33637,66,8
33638,77,9
33639,0,3
33640,0,3
33641,87,8
33642,177,16
33643,0,3
33644,74,8
33645,109,18
33646,0,3
33647,0,3
33648,0,3
33649,0,3
33650,125,13
33651,85,13
33652,53,6
33653,0,3
33654,63,11
33655,0,3
33656,110,13
33657,64,11
33658,0,3
33659,0,3
33660,0,3
33661,0,3
33662,63,11
33663,64,11
33664,117,12
33665,116,15
33666,52,11
33667,21,5
33668,58,12
33669,0,3
33670,30,6
33671,0,3
33672,14,4
33673,0,3
33674,64,11
33675,56,8
33676,31,7
33677,73,9
33678,108,12
33679,115,13
33680,91,9
33681,106,14
33682,32,7
33683,0,3
33684,68,7
33685,58,6
33686,0,3
33687,55,10
33688,182,16
33689,90,16
33690,64,12
33691,87,11
33692,75,12
33693,68,14
33694,0,3
33695,0,3
33696,0,3
33697,0,3
33698,0,3
33699,0,3
33700,0,3
33701,54,8
33702,0,3
33703,29,7
33704,39,7
33705,0,3
33706,131,13
33707,55,10
33708,33,10
33709,0,3
33710,0,3
33711,0,3
33712,80,13
33713,0,3
33714,0,3
33715,0,3
33716,124,14
33717,57,8
33718,71,9
33719,70,11
33720,0,3
33721,83,9
33722,0,3
33723,33,10
33724,41,10
33725,141,12
33726,11,3
33727,27,7
33728,36,7
33729,49,10
33730,95,10
33731,39,11
33732,0,3
33733,53,11
33734,81,9
33735,88,13
33736,78,14
33737,79,9
33738,43,6
33739,121,13
33740,108,15
33741,0,3
33742,0,3
33743,2,3
33744,0,3
33745,192,18
33746,68,9
33747,136,16
33748,33,6
33749,0,3
33750,69,12
33751,242,11
33752,0,3
33753,66,12
33754,150,18
33755,0,3
33756,4,3
33757,54,6
33758,48,7
33759,73,12
33760,0,3
33761,86,10
33762,126,18
33763,59,6
33764,83,13
33765,57,10
33766,62,8
33767,93,13
33768,0,3
33769,0,3
33770,4,3
33771,68,6
33772,48,8
33773,0,3
33774,0,3
33775,32,6
33776,26,7
33777,0,3
33778,0,3
33779,101,13
33780,0,3
33781,118,12
33782,110,10
33783,0,3
33784,52,3
33785,79,13
33786,49,11
33787,99,11
33788,92,12
33789,44,9
33790,68,7
33791,8,3
33792,25,7
33793,20,6
33794,112,14
33795,97,12
33796,26,3
33797,0,3
33798,0,3
33799,7,3
33800,33,7
33801,0,3
33802,18,8
33803,2,3
33804,10,4
33805,91,7
33806,80,7
33807,0,3
33808,133,12
33809,101,13
33810,100,12
33811,0,3
33812,70,10
33813,0,3
33814,0,3
33815,43,9
33816,0,3
33817,58,10
33818,0,3
33819,0,3
33820,22,4
33821,0,3
33822,0,3
33823,22,6
33824,90,15
33825,38,10
33826,88,14
33827,0,3
33828,57,7
33829,32,7
33830,86,14
33831,0,3
33832,93,8
33833,118,11
33834,14,4
33835,0,3
33836,97,15
33837,121,14
33838,111,12
33839,2,3
33840,0,3
33841,0,3
33842,36,6
33843,0,3
33844,55,11
33845,105,16
33846,20,6
33847,33,8
33848,67,13
33849,0,3
33850,102,17
33851,0,3
33852,99,16
33853,78,16
33854,43,11
33855,108,15
33856,85,10
33857,0,3
33858,105,11
33859,62,10
33860,0,3
33861,53,12
33862,82,10
33863,0,3
33864,70,10
33865,117,14
33866,0,3
33867,29,8
33868,173,23
33869,0,3
33870,0,3
33871,0,3
33872,21,6
33873,100,11
33874,142,17
33875,11,4
33876,48,12
33877,0,3
33878,0,3
33879,0,3
33880,105,16
33881,80,8
33882,77,13
33883,140,16
33884,0,3
33885,0,3
33886,0,3
33887,54,12
33888,66,11
33889,62,13
33890,0,3
33891,66,10
33892,0,3
33893,0,3
33894,79,11
33895,62,10
33896,79,9
33897,116,15
33898,0,3
33899,76,11
33900,37,5
33901,12,2
33902,27,6
33903,47,9
33904,0,3
33905,0,3
33906,53,13
33907,0,3
33908,60,10
33909,28,5
33910,30,7
33911,0,3
33912,99,10
33913,101,14
33914,0,3
33915,117,13
33916,0,3
33917,0,3
33918,60,10
33919,0,3
33920,36,8
33921,0,3
33922,0,3
33923,0,3
33924,68,11
33925,0,3
33926,83,14
33927,23,5
33928,63,11
33929,46,10
33930,0,3
33931,0,3
33932,0,3
33933,80,12
33934,0,3
33935,0,3
33936,68,11
33937,0,3
33938,33,7
33939,61,9
33940,0,3
33941,53,8
33942,34,6
33943,56,10
33944,0,3
33945,62,10
33946,76,9
33947,66,13
33948,150,14
33949,0,3
33950,115,19
33951,0,3
33952,46,8
33953,133,13
33954,65,8
33955,0,3
33956,101,16
33957,71,9
33958,0,3
33959,38,8
33960,0,3
33961,16,3
33962,0,3
33963,0,3
33964,5,3
33965,33,10
33966,68,8
33967,79,12
33968,64,11
33969,0,3
33970,45,6
33971,80,9
33972,43,8
33973,145,16
33974,0,3
33975,33,7
33976,0,3
33977,97,14
33978,63,9
33979,75,10
33980,35,6
33981,81,7
33982,64,10
33983,0,3
33984,26,6
33985,0,3
33986,92,10
33987,0,3
33988,0,3
33989,12,6
33990,0,3
33991,128,15
33992,0,3
33993,0,3
33994,0,3
33995,35,10
33996,23,4
33997,105,12
33998,0,3
33999,40,6
34000,68,11
34001,106,14
34002,60,13
34003,39,7
34004,84,10
34005,0,3
34006,82,11
34007,0,3
34008,0,3
34009,80,13
34010,53,10
34011,0,3
34012,0,3
34013,7,4
34014,67,12
34015,26,4
34016,43,9
34017,27,7
34018,123,15
34019,49,9
34020,0,3
34021,95,12
34022,0,3
34023,56,9
34024,38,7
34025,1,3
34026,141,15
34027,105,17
34028,29,3
34029,0,3
34030,32,11
34031,23,5
34032,0,3
34033,146,14
34034,0,3
34035,51,10
34036,82,11
34037,45,9
34038,28,6
34039,0,3
34040,40,8
34041,33,9
34042,0,3
34043,84,15
34044,48,8
34045,27,5
34046,0,3
34047,81,7
34048,39,7
34049,111,16
34050,66,12
34051,45,7
34052,0,3
34053,77,14
34054,88,11
34055,124,16
34056,0,3
34057,83,15
34058,81,11
34059,0,3
34060,0,3
34061,99,12
34062,0,3
34063,140,16
34064,70,10
34065,132,16
34066,52,7
34067,0,3
34068,108,10
34069,103,14
34070,0,3
34071,57,10
34072,0,3
34073,0,3
34074,116,16
34075,0,3
34076,119,15
34077,91,11
34078,0,3
34079,0,3
34080,31,8
34081,106,11
34082,88,15
34083,35,9
34084,0,3
34085,50,6
34086,0,3
34087,49,9
34088,1,3
34089,59,11
34090,199,21
34091,0,3
34092,115,16
34093,141,19
34094,0,3
34095,24,8
34096,82,12
34097,105,16
34098,0,3
34099,0,3
34100,82,16
34101,66,9
34102,66,10
34103,0,3
34104,43,7
34105,0,3
34106,29,5
34107,84,7
34108,70,12
34109,0,3
34110,12,3
34111,88,13
34112,104,16
34113,0,3
34114,33,10
34115,41,8
34116,33,5
34117,60,9
34118,36,7
34119,179,14
34120,0,3
34121,41,8
34122,0,3
34123,75,12
34124,40,7
34125,143,15
34126,54,12
34127,24,6
34128,21,5
34129,72,14
34130,0,3
34131,90,11
34132,16,6
34133,0,3
34134,3,3
34135,70,9
34136,52,12
34137,78,12
34138,0,3
34139,8,4
34140,95,13
34141,100,14
34142,0,3
34143,0,3
34144,59,9
34145,8,3
34146,0,3
34147,0,3
34148,3,3
34149,0,3
34150,81,12
34151,61,14
34152,0,3
34153,0,3
34154,0,3
34155,0,3
34156,241,14
34157,137,20
34158,106,12
34159,0,3
34160,0,3
34161,106,13
34162,0,3
34163,0,3
34164,121,15
34165,91,15
34166,48,10
34167,94,10
34168,130,16
34169,84,9
34170,0,3
34171,158,15
34172,51,10
34173,0,3
34174,160,12
34175,86,10
34176,113,11
34177,59,11
34178,0,3
34179,79,10
34180,1,3
34181,139,14
34182,72,12
34183,0,3
34184,69,14
34185,136,16
34186,57,12
34187,135,19
34188,78,17
34189,23,6
34190,0,3
34191,72,12
34192,0,3
34193,0,3
34194,76,17
34195,101,13
34196,0,3
34197,77,14
34198,98,12
34199,112,11
34200,0,3
34201,79,12
34202,123,12
34203,89,12
34204,81,13
34205,0,3
34206,0,3
34207,0,3
34208,78,15
34209,0,3
34210,62,10
34211,16,3
34212,120,15
34213,0,3
34214,167,14
34215,87,12
34216,11,5
34217,4,3
34218,69,3
34219,0,3
34220,79,13
34221,0,3
34222,0,3
34223,0,3
34224,41,7
34225,36,9
34226,43,9
34227,0,3
34228,76,11
34229,66,7
34230,45,8
34231,78,13
34232,0,3
34233,101,17
34234,70,11
34235,2,3
34236,0,3
34237,76,13
34238,0,3
34239,0,3
34240,62,15
34241,64,9
34242,0,3
34243,70,11
34244,119,11
34245,55,11
34246,0,3
34247,0,3
34248,0,3
34249,0,3
34250,16,3
34251,76,12
34252,0,3
34253,63,10
34254,46,8
34255,0,3
34256,54,9
34257,0,3
34258,15,5
34259,0,3
34260,0,3
34261,59,9
34262,54,11
34263,0,3
34264,0,3
34265,0,3
34266,59,7
34267,37,10
34268,117,12
34269,132,15
34270,69,10
34271,98,11
34272,62,8
34273,63,11
34274,76,12
34275,129,16
34276,0,3
34277,44,8
34278,92,8
34279,65,15
34280,18,4
34281,127,12
34282,128,10
34283,0,3
34284,83,15
34285,39,8
34286,10,6
34287,82,11
34288,35,8
34289,0,3
34290,0,3
34291,0,3
34292,31,7
34293,49,8
34294,0,3
34295,0,3
34296,0,3
34297,122,13
34298,41,8
34299,5,3
34300,41,11
34301,2,3
34302,18,9
34303,81,12
34304,0,3
34305,93,11
34306,0,3
34307,0,3
34308,55,11
34309,25,5
34310,102,17
34311,0,3
34312,0,3
34313,76,10
34314,142,19
34315,80,11
34316,51,11
34317,0,3
34318,0,3
34319,0,3
34320,76,13
34321,34,9
34322,9,4
34323,57,11
34324,146,14
34325,41,9
34326,46,8
34327,83,11
34328,0,3
34329,0,3
34330,0,3
34331,0,3
34332,76,11
34333,0,3
34334,0,3
34335,12,5
34336,0,3
34337,100,12
34338,13,8
34339,53,10
34340,0,3
34341,0,3
34342,71,10
34343,81,14
34344,0,3
34345,67,13
34346,78,10
34347,25,5
34348,49,11
34349,64,13
34350,32,5
34351,0,3
34352,52,10
34353,0,3
34354,158,15
34355,0,3
34356,0,3
34357,0,3
34358,73,12
34359,0,3
34360,11,3
34361,63,10
34362,0,3
34363,42,8
34364,86,12
34365,5,3
34366,0,3
34367,109,12
34368,147,14
34369,0,3
34370,72,8
34371,76,10
34372,49,10
34373,0,3
34374,0,3
34375,87,14
34376,72,14
34377,45,8
34378,85,14
34379,0,3
34380,0,3
34381,20,4
34382,0,3
34383,0,3
34384,5,4
34385,86,13
34386,97,11
34387,0,3
34388,0,3
34389,71,11
34390,98,13
34391,21,4
34392,57,10
34393,46,6
34394,52,7
34395,0,3
34396,135,14
34397,0,3
34398,130,15
34399,53,7
34400,108,15
34401,97,5
34402,0,3
34403,0,3
34404,58,12
34405,103,13
34406,0,3
34407,37,8
34408,123,16
34409,0,3
34410,87,12
34411,123,17
34412,115,14
34413,0,3
34414,178,18
34415,0,3
34416,0,3
34417,0,3
34418,0,3
34419,71,9
34420,15,3
34421,0,3
34422,37,11
34423,0,3
34424,67,13
34425,116,9
34426,6,3
34427,39,6
34428,0,3
34429,81,9
34430,0,3
34431,97,6
34432,0,3
34433,193,12
34434,75,10
34435,57,10
34436,0,3
34437,99,14
34438,66,12
34439,170,18
34440,56,9
34441,0,3
34442,66,10
34443,240,10
34444,0,3
34445,21,6
34446,155,15
34447,0,3
34448,71,13
34449,50,6
34450,31,7
34451,70,9
34452,35,3
34453,0,3
34454,0,3
34455,79,11
34456,6,3
34457,0,3
34458,87,12
34459,0,3
34460,105,14
34461,100,11
34462,8,4
34463,124,15
34464,0,3
34465,97,9
34466,88,12
34467,120,18
34468,0,3
34469,32,9
34470,87,14
34471,82,12
34472,67,12
34473,85,16
34474,0,3
34475,0,3
34476,63,16
34477,103,11
34478,118,13
34479,0,3
34480,65,10
34481,143,13
34482,81,8
34483,0,3
34484,157,18
34485,46,10
34486,52,8
34487,0,3
34488,0,3
34489,29,6
34490,0,3
34491,166,14
34492,65,9
34493,41,9
34494,92,16
34495,0,3
34496,0,3
34497,73,14
34498,28,6
34499,15,5
34500,0,3
34501,81,14
34502,77,13
34503,57,13
34504,0,3
34505,31,6
34506,38,9
34507,278,10
34508,80,11
34509,0,3
34510,15,4
34511,106,17
34512,97,10
34513,0,3
34514,141,17
34515,81,17
34516,94,12
34517,0,3
34518,42,10
34519,66,11
34520,0,3
34521,0,3
34522,30,7
34523,0,3
34524,54,9
34525,17,4
34526,0,3
34527,0,3
34528,67,8
34529,56,10
34530,0,3
34531,123,14
34532,0,3
34533,57,11
34534,150,17
34535,0,3
34536,190,14
34537,0,3
34538,28,8
34539,42,9
34540,101,12
34541,0,3
34542,0,3
34543,1,3
34544,1,3
34545,23,4
34546,206,20
34547,98,7
34548,0,3
34549,0,3
34550,158,17
34551,61,10
34552,62,10
34553,105,15
34554,0,3
34555,0,3
34556,0,3
34557,134,12
34558,0,3
34559,41,8
34560,0,3
34561,0,3
34562,103,11
34563,0,3
34564,58,10
34565,97,12
34566,47,9
34567,0,3
34568,114,13
34569,58,10
34570,25,6
34571,139,14
34572,0,3
34573,69,11
34574,0,3
34575,66,7
34576,162,17
34577,54,10
34578,92,12
34579,0,3
34580,68,10
34581,74,10
34582,0,3
34583,138,15
34584,119,13
34585,66,12
34586,58,10
34587,0,3
34588,90,12
34589,0,3
34590,75,13
34591,64,11
34592,0,3
34593,0,3
34594,0,3
34595,0,3
34596,0,3
34597,148,14
34598,53,10
34599,0,3
34600,91,12
34601,35,5
34602,73,9
34603,22,5
34604,0,3
34605,0,3
34606,33,8
34607,0,3
34608,17,6
34609,0,3
34610,80,13
34611,78,18
34612,44,8
34613,0,3
34614,0,3
34615,122,14
34616,113,15
34617,125,13
34618,3,3
34619,0,3
34620,0,3
34621,38,10
34622,101,13
34623,68,15
34624,0,3
34625,0,3
34626,0,3
34627,69,8
34628,110,3
34629,780,4
34630,0,3
34631,0,3
34632,0,3
34633,0,3
34634,62,9
34635,55,11
34636,12,5
34637,54,10
34638,51,8
34639,43,9
34640,7,4
34641,0,3
34642,103,19
34643,0,3
34644,0,3
34645,98,17
34646,99,13
34647,0,3
34648,0,3
34649,128,17
34650,0,3
34651,198,10
34652,82,8
34653,63,12
34654,89,13
34655,0,3
34656,0,3
34657,0,3
34658,0,3
34659,130,14
34660,128,19
34661,33,5
34662,53,7
34663,92,11
34664,20,7
34665,124,12
34666,5,4
34667,99,17
34668,83,12
34669,87,11
34670,147,15
34671,73,12
34672,0,3
34673,0,3
34674,0,3
34675,56,11
34676,0,3
34677,136,13
34678,121,11
34679,0,3
34680,16,4
34681,75,11
34682,79,12
34683,77,12
34684,0,3
34685,99,4
34686,137,12
34687,104,16
34688,36,9
34689,36,10
34690,77,13
34691,87,11
34692,53,9
34693,39,8
34694,0,3
34695,0,3
34696,0,3
34697,181,8
34698,0,3
34699,104,11
34700,168,20
34701,0,3
34702,4,4
34703,95,14
34704,0,3
34705,80,15
34706,0,3
34707,0,3
34708,140,13
34709,116,17
34710,0,3
34711,0,3
34712,0,3
34713,0,3
34714,88,14
34715,61,6
34716,85,13
34717,0,3
34718,124,12
34719,176,19
34720,132,10
34721,81,13
34722,0,3
34723,119,14
34724,0,3
34725,96,10
34726,0,3
34727,0,3
34728,0,3
34729,112,14
34730,63,8
34731,159,12
34732,0,3
34733,86,9
34734,117,9
34735,0,3
34736,59,12
34737,0,3
34738,0,3
34739,100,12
34740,65,11
34741,34,7
34742,0,3
34743,85,13
34744,5,3
34745,127,17
34746,18,6
34747,0,3
34748,0,3
34749,2,3
34750,0,3
34751,0,3
34752,61,9
34753,171,13
34754,0,3
34755,15,5
34756,20,6
34757,132,18
34758,14,5
34759,33,8
34760,93,11
34761,19,5
34762,133,16
34763,102,13
34764,0,3
34765,165,23
34766,103,12
34767,99,15
34768,88,12
34769,73,13
34770,0,3
34771,107,15
34772,78,10
34773,0,3
34774,60,9
34775,14,5
34776,10,4
34777,0,3
34778,101,12
34779,0,3
34780,0,3
34781,0,3
34782,22,8
34783,0,3
34784,45,8
34785,0,3
34786,64,8
34787,0,3
34788,58,10
34789,78,12
34790,0,3
34791,155,17
34792,196,11
34793,58,12
34794,0,3
34795,0,3
34796,41,7
34797,0,3
34798,60,8
34799,0,3
34800,96,10
34801,68,11
34802,187,13
34803,48,9
34804,127,16
34805,33,7
34806,0,3
34807,0,3
34808,70,10
34809,82,6
34810,2,3
34811,17,7
34812,0,3
34813,78,12
34814,0,3
34815,31,8
34816,55,10
34817,122,13
34818,0,3
34819,0,3
34820,86,9
34821,113,16
34822,155,8
34823,82,7
34824,66,10
34825,62,8
34826,0,3
34827,110,13
34828,14,4
34829,32,5
34830,0,3
34831,99,15
34832,35,11
34833,0,3
34834,0,3
34835,109,17
34836,143,18
34837,0,3
34838,0,3
34839,0,3
34840,64,13
34841,41,7
34842,0,3
34843,49,12
34844,0,3
34845,55,9
34846,0,3
34847,130,14
34848,140,11
34849,80,9
34850,0,3
34851,103,15
34852,0,3
34853,92,14
34854,0,3
34855,10,4
34856,72,9
34857,87,14
34858,0,3
34859,73,11
34860,41,7
34861,79,15
34862,75,11
34863,34,5
34864,78,10
34865,0,3
34866,0,3
34867,0,3
34868,103,7
34869,35,6
34870,80,11
34871,48,11
34872,0,3
34873,17,4
34874,0,3
34875,114,17
34876,97,17
34877,7,3
34878,106,16
34879,0,3
34880,49,7
34881,81,12
34882,0,3
34883,90,12
34884,137,16
34885,121,19
34886,101,16
34887,21,5
34888,87,12
34889,0,3
34890,103,12
34891,64,11
34892,73,13
34893,36,11
34894,0,3
34895,30,6
34896,124,17
34897,44,9
34898,65,10
34899,60,10
34900,0,3
34901,0,3
34902,0,3
34903,28,6
34904,101,12
34905,0,3
34906,57,10
34907,63,7
34908,74,8
34909,90,11
34910,83,9
34911,0,3
34912,60,12
34913,80,12
34914,30,7
34915,0,3
34916,39,8
34917,0,3
34918,98,13
34919,0,3
34920,30,5
34921,0,3
34922,106,10
34923,113,14
34924,61,9
34925,67,10
34926,0,3
34927,105,10
34928,38,6
34929,84,11
34930,42,7
34931,112,15
34932,0,3
34933,67,11
34934,0,3
34935,0,3
34936,0,3
34937,94,14
34938,59,9
34939,0,3
34940,50,9
34941,0,3
34942,68,13
34943,24,6
34944,0,3
34945,141,13
34946,0,3
34947,0,3
34948,0,3
34949,34,8
34950,93,10
34951,37,8
34952,68,8
34953,61,8
34954,111,9
34955,64,13
34956,0,3
34957,64,11
34958,27,6
34959,0,3
34960,64,9
34961,0,3
34962,108,4
34963,27,7
34964,121,18
34965,43,10
34966,110,15
34967,150,13
34968,103,12
34969,106,15
34970,78,13
34971,70,14
34972,75,14
34973,0,3
34974,0,3
34975,0,3
34976,0,3
34977,93,12
34978,123,13
34979,102,14
34980,99,11
34981,74,14
34982,7,4
34983,52,9
34984,36,7
34985,0,3
34986,0,3
34987,81,11
34988,41,8
34989,0,3
34990,0,3
34991,28,5
34992,0,3
34993,0,3
34994,141,18
34995,0,3
34996,122,15
34997,0,3
34998,34,8
34999,0,3
35000,13,3
35001,0,3
35002,90,12
35003,100,17
35004,0,3
35005,55,7
35006,79,9
35007,0,3
35008,0,3
35009,71,12
35010,97,14
35011,0,3
35012,0,3
35013,0,3
35014,0,3
35015,95,13
35016,39,9
35017,60,10
35018,140,17
35019,59,12
35020,0,3
35021,0,3
35022,41,11
35023,90,9
35024,0,3
35025,103,18
35026,105,16
35027,32,6
35028,175,13
35029,0,3
35030,128,15
35031,58,8
35032,76,8
35033,0,3
35034,15,3
35035,0,3
35036,91,14
35037,83,14
35038,52,9
35039,34,9
35040,0,3
35041,8,3
35042,80,10
35043,21,4
35044,61,7
35045,55,9
35046,28,5
35047,43,5
35048,33,8
35049,0,3
35050,125,13
35051,0,3
35052,0,3
35053,78,15
35054,23,6
35055,0,3
35056,146,12
35057,0,3
35058,63,11
35059,56,9
35060,0,3
35061,39,4
35062,98,10
35063,115,19
35064,15,3
35065,52,6
35066,0,3
35067,73,11
35068,48,9
35069,44,7
35070,33,5
35071,0,3
35072,81,16
35073,0,3
35074,0,3
35075,64,8
35076,0,3
35077,0,3
35078,164,19
35079,135,15
35080,33,6
35081,89,12
35082,0,3
35083,1,3
35084,75,12
35085,44,7
35086,11,4
35087,0,3
35088,81,13
35089,79,12
35090,60,12
35091,98,18
35092,0,3
35093,0,3
35094,0,3
35095,75,5
35096,0,3
35097,0,3
35098,139,13
35099,107,15
35100,0,3
35101,161,18
35102,0,3
35103,114,17
35104,37,4
35105,119,14
35106,0,3
35107,99,12
35108,95,13
35109,98,9
35110,138,18
35111,97,14
35112,35,8
35113,69,8
35114,0,3
35115,22,4
35116,0,3
35117,0,3
35118,0,3
35119,0,3
35120,0,3
35121,21,5
35122,0,3
35123,0,3
35124,0,3
35125,31,7
35126,0,3
35127,42,9
35128,146,18
35129,113,15
35130,97,11
35131,55,10
35132,92,15
35133,55,8
35134,18,5
35135,14,4
35136,79,13
35137,0,3
35138,40,11
35139,0,3
35140,0,3
35141,77,9
35142,0,3
35143,94,11
35144,87,12
35145,0,3
35146,102,10
35147,49,7
35148,0,3
35149,0,3
35150,75,12
35151,66,14
35152,88,9
35153,0,3
35154,0,3
35155,70,7
35156,0,3
35157,0,3
35158,117,10
35159,30,5
35160,38,8
35161,58,12
35162,0,3
35163,0,3
35164,0,3
35165,98,17
35166,73,12
35167,78,11
35168,0,3
35169,50,9
35170,157,3
35171,0,3
35172,0,3
35173,0,3
35174,0,3
35175,26,5
35176,35,7
35177,164,15
35178,0,3
35179,0,3
35180,0,3
35181,0,3
35182,117,14
35183,0,3
35184,0,3
35185,32,6
35186,93,12
35187,30,7
35188,101,12
35189,71,12
35190,57,12
35191,0,3
35192,101,16
35193,103,14
35194,84,11
35195,41,10
35196,55,7
35197,95,11
35198,94,15
35199,10,4
35200,17,6
35201,70,10
35202,132,15
35203,220,20
35204,19,5
35205,0,3
35206,0,3
35207,0,3
35208,12,5
35209,28,7
35210,0,3
35211,109,14
35212,65,12
35213,118,14
35214,0,3
35215,105,13
35216,0,3
35217,92,12
35218,0,3
35219,305,10
35220,47,9
35221,0,3
35222,43,8
35223,78,9
35224,0,3
35225,35,10
35226,0,3
35227,67,13
35228,20,6
35229,179,17
35230,72,11
35231,120,10
35232,88,15
35233,34,6
35234,45,8
35235,0,3
35236,75,13
35237,0,3
35238,28,8
35239,0,3
35240,0,3
35241,116,13
35242,65,9
35243,0,3
35244,74,12
35245,58,9
35246,110,12
35247,126,16
35248,100,16
35249,137,16
35250,22,6
35251,81,14
35252,61,12
35253,0,3
35254,96,15
35255,85,11
35256,0,3
35257,0,3
35258,0,3
35259,19,5
35260,61,13
35261,34,8
35262,93,11
35263,0,3
35264,0,3
35265,135,10
35266,26,9
35267,64,12
35268,114,11
35269,62,6
35270,119,16
35271,220,17
35272,98,14
35273,63,7
35274,0,3
35275,105,15
35276,28,5
35277,136,16
35278,68,13
35279,5,3
35280,27,7
35281,0,3
35282,105,15
35283,0,3
35284,37,10
35285,0,3
35286,83,15
35287,0,3
35288,98,15
35289,51,6
35290,114,14
35291,24,6
35292,74,13
35293,129,20
35294,0,3
35295,25,4
35296,74,12
35297,0,3
35298,0,3
35299,60,9
35300,0,3
35301,0,3
35302,0,3
35303,0,3
35304,0,3
35305,8,3
35306,165,17
35307,120,14
35308,3,3
35309,16,5
35310,57,3
35311,58,8
35312,81,11
35313,64,10
35314,0,3
35315,24,5
35316,46,5
35317,57,11
35318,50,10
35319,111,12
35320,135,14
35321,173,16
35322,66,11
35323,71,7
35324,18,3
35325,98,9
35326,0,3
35327,61,11
35328,14,4
35329,79,12
35330,0,3
35331,30,7
35332,0,3
35333,0,3
35334,83,9
35335,133,16
35336,69,11
35337,102,12
35338,60,10
35339,61,14
35340,61,9
35341,95,15
35342,0,3
35343,54,11
35344,17,5
35345,25,5
35346,0,3
35347,59,11
35348,0,3
35349,52,7
35350,117,12
35351,139,14
35352,92,8
35353,69,11
35354,63,7
35355,0,3
35356,33,7
35357,0,3
35358,0,3
35359,100,17
35360,95,13
35361,56,10
35362,91,13
35363,39,8
35364,0,3
35365,0,3
35366,65,11
35367,170,20
35368,0,3
35369,40,11
35370,71,13
35371,0,3
35372,134,16
35373,112,14
35374,78,14
35375,0,3
35376,68,8
35377,0,3
35378,92,15
35379,0,3
35380,74,11
35381,80,13
35382,0,3
35383,132,18
35384,12,4
35385,74,13
35386,114,11
35387,0,3
35388,0,3
35389,0,3
35390,68,12
35391,7,5
35392,94,14
35393,22,5
35394,136,12
35395,7,4
35396,70,13
35397,86,14
35398,128,16
35399,0,3
35400,0,3
35401,13,4
35402,0,3
35403,0,3
35404,0,3
35405,0,3
35406,67,13
35407,101,15
35408,88,15
35409,40,10
35410,0,3
35411,0,3
35412,11,3
35413,46,8
35414,66,11
35415,97,11
35416,187,9
35417,104,15
35418,129,11
35419,74,14
35420,83,16
35421,0,3
35422,33,7
35423,94,9
35424,39,10
35425,94,12
35426,127,17
35427,0,3
35428,41,8
35429,4,3
35430,62,9
35431,82,12
35432,139,19
35433,103,15
35434,77,16
35435,109,14
35436,79,11
35437,0,3
35438,39,6
35439,0,3
35440,56,8
35441,60,11
35442,83,12
35443,67,12
35444,0,3
35445,0,3
35446,71,13
35447,27,5
35448,0,3
35449,107,10
35450,0,3
35451,101,13
35452,0,3
35453,156,19
35454,16,6
35455,0,3
35456,21,5
35457,76,8
35458,117,13
35459,0,3
35460,67,9
35461,8,4
35462,0,3
35463,39,9
35464,0,3
35465,144,21
35466,47,8
35467,63,7
35468,135,17
35469,156,16
35470,77,14
35471,0,3
35472,88,14
35473,62,10
35474,171,20
35475,157,19
35476,49,11
35477,0,3
35478,102,14
35479,61,8
35480,0,3
35481,0,3
35482,90,13
35483,42,8
35484,0,3
35485,181,20
35486,124,14
35487,0,3
35488,116,16
35489,18,6
35490,0,3
35491,0,3
35492,21,6
35493,0,3
35494,34,7
35495,99,15
35496,0,3
35497,137,18
35498,40,7
35499,43,11
35500,0,3
35501,74,15
35502,0,3
35503,106,17
35504,50,8
35505,119,15
35506,153,13
35507,39,6
35508,82,12
35509,67,13
35510,0,3
35511,0,3
35512,0,3
35513,5,4
35514,82,7
35515,52,13
35516,0,3
35517,30,8
35518,0,3
35519,162,15
35520,13,4
35521,61,8
35522,57,11
35523,0,3
35524,0,3
35525,69,12
35526,0,3
35527,0,3
35528,0,3
35529,127,14
35530,104,13
35531,24,6
35532,69,11
35533,0,3
35534,1,3
35535,149,19
35536,0,3
35537,0,3
35538,38,7
35539,70,12
35540,68,10
35541,0,3
35542,203,21
35543,83,14
35544,24,5
35545,166,15
35546,0,3
35547,20,6
35548,95,11
35549,151,14
35550,5,4
35551,79,14
35552,0,3
35553,174,23
35554,61,13
35555,0,3
35556,0,3
35557,55,11
35558,65,9
35559,0,3
35560,147,16
35561,27,3
35562,75,9
35563,64,13
35564,94,10
35565,0,3
35566,49,12
35567,116,13
35568,0,3
35569,21,5
35570,0,3
35571,0,3
35572,134,17
35573,109,12
35574,120,19
35575,0,3
35576,0,3
35577,0,3
35578,42,6
35579,76,11
35580,71,11
35581,50,10
35582,58,10
35583,0,3
35584,0,3
35585,60,10
35586,0,3
35587,0,3
35588,134,13
35589,0,3
35590,107,13
35591,131,16
35592,0,3
35593,0,3
35594,143,12
35595,0,3
35596,0,3
35597,99,13
35598,98,16
35599,91,14
35600,149,13
35601,134,14
35602,81,11
35603,0,3
35604,108,17
35605,31,9
35606,0,3
35607,34,6
35608,0,3
35609,36,7
35610,153,18
35611,0,3
35612,0,3
35613,0,3
35614,76,9
35615,0,3
35616,92,9
35617,0,3
35618,185,12
35619,104,14
35620,83,12
35621,74,9
35622,0,3
35623,0,3
35624,69,10
35625,0,3
35626,45,8
35627,29,5
35628,39,5
35629,0,3
35630,91,14
35631,0,3
35632,157,13
35633,84,11
35634,37,9
35635,0,3
35636,134,17
35637,29,5
35638,102,13
35639,51,9
35640,86,11
35641,56,11
35642,83,13
35643,0,3
35644,65,11
35645,76,12
35646,9,5
35647,126,18
35648,87,13
35649,73,11
35650,125,21
35651,76,13
35652,46,8
35653,0,3
35654,22,7
35655,0,3
35656,45,9
35657,0,3
35658,42,10
35659,98,10
35660,0,3
35661,78,14
35662,96,16
35663,45,8
35664,78,10
35665,0,3
35666,0,3
35667,28,9
35668,119,16
35669,39,6
35670,0,3
35671,60,9
35672,54,11
35673,0,3
35674,66,9
35675,43,8
35676,0,3
35677,0,3
35678,85,10
35679,62,12
35680,0,3
35681,48,9
35682,0,3
35683,99,11
35684,53,8
35685,0,3
35686,0,3
35687,59,9
35688,27,6
35689,82,15
35690,108,12
35691,75,10
35692,0,3
35693,30,6
35694,31,9
35695,0,3
35696,69,11
35697,39,6
35698,105,9
35699,36,9
35700,89,14
35701,79,12
35702,69,11
35703,0,3
35704,58,8
35705,26,4
35706,4,3
35707,0,3
35708,0,3
35709,39,9
35710,9,4
35711,0,3
35712,0,3
35713,67,10
35714,59,7
35715,0,3
35716,137,16
35717,0,3
35718,78,13
35719,0,3
35720,24,6
35721,0,3
35722,0,3
35723,213,15
35724,34,3
35725,0,3
35726,14,4
35727,106,18
35728,0,3
35729,84,12
35730,95,11
35731,131,12
35732,82,19
35733,0,3
35734,0,3
35735,54,6
35736,31,9
35737,0,3
35738,49,12
35739,4,3
35740,0,3
35741,0,3
35742,132,13
35743,78,14
35744,15,4
35745,0,3
35746,82,12
35747,103,12
35748,69,12
35749,149,17
35750,0,3
35751,0,3
35752,119,16
35753,195,21
35754,75,15
35755,0,3
35756,26,5
35757,191,24
35758,22,4
35759,101,8
35760,28,7
35761,0,3
35762,38,9
35763,2,3
35764,73,12
35765,61,13
35766,0,3
35767,142,16
35768,59,11
35769,112,16
35770,53,10
35771,0,3
35772,73,8
35773,185,22
35774,69,12
35775,0,3
35776,35,7
35777,37,8
35778,115,14
35779,0,3
35780,101,15
35781,0,3
35782,108,10
35783,0,3
35784,15,4
35785,0,3
35786,3,3
35787,73,12
35788,0,3
35789,6,4
35790,99,12
35791,18,4
35792,40,7
35793,118,17
35794,29,8
35795,49,10
35796,139,18
35797,95,12
35798,0,3
35799,0,3
35800,0,3
35801,76,12
35802,127,12
35803,47,8
35804,140,14
35805,0,3
35806,76,11
35807,108,12
35808,271,16
35809,0,3
35810,0,3
35811,62,10
35812,181,13
35813,71,14
35814,0,3
35815,0,3
35816,0,3
35817,0,3
35818,0,3
35819,0,3
35820,43,6
35821,164,20
35822,0,3
35823,72,11
35824,40,9
35825,0,3
35826,0,3
35827,0,3
35828,118,16
35829,0,3
35830,49,9
35831,149,15
35832,0,3
35833,0,3
35834,0,3
35835,122,15
35836,0,3
35837,72,10
35838,0,3
35839,99,12
35840,48,12
35841,0,3
35842,0,3
35843,70,7
35844,74,11
35845,0,3
35846,0,3
35847,102,15
35848,40,11
35849,0,3
35850,63,8
35851,103,19
35852,0,3
35853,117,15
35854,0,3
35855,47,9
35856,0,3
35857,45,9
35858,0,3
35859,0,3
35860,150,18
35861,0,3
35862,35,7
35863,67,11
35864,59,14
35865,0,3
35866,0,3
35867,0,3
35868,0,3
35869,49,7
35870,10,5
35871,0,3
35872,43,9
35873,90,13
35874,92,15
35875,30,8
35876,130,15
35877,50,8
35878,72,12
35879,117,12
35880,28,7
35881,80,10
35882,0,3
35883,122,15
35884,109,13
35885,91,11
35886,86,15
35887,67,12
35888,0,3
35889,0,3
35890,0,3
35891,0,3
35892,71,12
35893,116,14
35894,82,12
35895,128,13
35896,0,3
35897,94,16
35898,142,18
35899,0,3
35900,55,7
35901,26,4
35902,71,11
35903,75,12
35904,43,11
35905,0,3
35906,0,3
35907,21,6
35908,88,14
35909,115,18
35910,37,4
35911,90,10
35912,59,12
35913,30,7
35914,56,14
35915,0,3
35916,154,19
35917,73,10
35918,58,10
35919,0,3
35920,100,16
35921,0,3
35922,73,11
35923,0,3
35924,0,3
35925,93,14
35926,78,12
35927,18,5
35928,0,3
35929,61,10
35930,75,12
35931,131,19
35932,105,15
35933,71,14
35934,97,11
35935,89,10
35936,90,20
35937,82,11
35938,120,20
35939,0,3
35940,11,4
35941,146,22
35942,30,7
35943,0,3
35944,53,9
35945,175,20
35946,0,3
35947,90,14
35948,0,3
35949,161,12
35950,0,3
35951,97,11
35952,95,16
35953,159,20
35954,113,15
35955,103,12
35956,44,6
35957,0,3
35958,20,5
35959,80,12
35960,0,3
35961,0,3
35962,0,3
35963,70,13
35964,67,10
35965,47,11
35966,0,3
35967,0,3
35968,0,3
35969,80,14
35970,0,3
35971,0,3
35972,0,3
35973,0,3
35974,0,3
35975,0,3
35976,0,3
35977,0,3
35978,75,13
35979,78,12
35980,0,3
35981,34,6
35982,0,3
35983,67,12
35984,152,20
35985,106,16
35986,0,3
35987,95,15
35988,113,15
35989,61,9
35990,163,24
35991,85,10
35992,103,15
35993,129,21
35994,38,9
35995,42,6
35996,0,3
35997,0,3
35998,0,3
35999,0,3
36000,0,3
36001,0,3
36002,150,17
36003,140,16
36004,0,3
36005,67,11
36006,0,3
36007,33,6
36008,0,3
36009,13,4
36010,45,7
36011,0,3
36012,109,16
36013,0,3
36014,98,13
36015,71,8
36016,162,20
36017,23,5
36018,27,6
36019,75,10
36020,0,3
36021,0,3
36022,0,3
36023,1,3
36024,0,3
36025,0,3
36026,0,3
36027,0,3
36028,82,17
36029,100,14
36030,0,3
36031,0,3
36032,88,15
36033,0,3
36034,0,3
36035,91,10
36036,137,12
36037,37,8
36038,62,11
36039,81,12
36040,85,11
36041,98,13
36042,0,3
36043,133,17
36044,108,11
36045,30,4
36046,0,3
36047,130,14
36048,29,6
36049,0,3
36050,114,13
36051,0,3
36052,0,3
36053,25,6
36054,122,17
36055,0,3
36056,126,15
36057,70,10
36058,0,3
36059,159,14
36060,0,3
36061,0,3
36062,150,19
36063,78,11
36064,7,3
36065,69,9
36066,0,3
36067,97,14
36068,142,16
36069,48,8
36070,27,7
36071,0,3
36072,93,14
36073,13,5
36074,19,7
36075,39,8
36076,41,9
36077,60,10
36078,100,11
36079,45,9
36080,113,11
36081,0,3
36082,108,9
36083,73,9
36084,0,3
36085,36,10
36086,130,14
36087,169,19
36088,106,14
36089,0,3
36090,108,18
36091,1,4
36092,112,7
36093,10,5
36094,0,3
36095,44,6
36096,0,3
36097,43,9
36098,0,3
36099,80,12
36100,0,3
36101,0,3
36102,19,6
36103,0,3
36104,0,3
36105,44,5
36106,0,3
36107,0,3
36108,0,3
36109,130,17
36110,86,14
36111,46,12
36112,110,14
36113,157,16
36114,57,9
36115,57,9
36116,51,9
36117,90,13
36118,66,13
36119,138,14
36120,120,7
36121,0,3
36122,96,14
36123,69,13
36124,129,15
36125,0,3
36126,14,6
36127,46,7
36128,0,3
36129,62,11
36130,157,17
36131,71,6
36132,0,3
36133,50,8
36134,0,3
36135,18,5
36136,160,17
36137,82,14
36138,73,6
36139,189,18
36140,0,3
36141,0,3
36142,97,14
36143,195,21
36144,103,6
36145,163,22
36146,42,10
36147,76,10
36148,77,13
36149,27,4
36150,80,12
36151,0,3
36152,0,3
36153,0,3
36154,63,12
36155,145,14
36156,0,3
36157,109,13
36158,0,3
36159,0,3
36160,0,3
36161,3,3
36162,89,16
36163,52,9
36164,89,14
36165,0,3
36166,0,3
36167,10,3
36168,0,3
36169,61,7
36170,164,19
36171,105,12
36172,107,13
36173,75,11
36174,138,14
36175,114,14
36176,83,17
36177,34,8
36178,17,4
36179,69,11
36180,71,12
36181,98,11
36182,136,21
36183,96,9
36184,0,3
36185,0,3
36186,8,4
36187,67,10
36188,0,3
36189,81,11
36190,61,8
36191,133,12
36192,0,3
36193,38,10
36194,41,8
36195,119,20
36196,38,9
36197,27,5
36198,0,3
36199,0,3
36200,0,3
36201,77,11
36202,97,8
36203,153,13
36204,0,3
36205,24,4
36206,0,3
36207,137,16
36208,137,14
36209,0,3
36210,0,3
36211,135,17
36212,69,12
36213,103,14
36214,41,4
36215,87,13
36216,0,3
36217,0,3
36218,122,16
36219,64,13
36220,67,16
36221,113,15
36222,107,17
36223,62,11
36224,0,3
36225,73,12
36226,0,3
36227,0,3
36228,133,16
36229,56,10
36230,100,16
36231,0,3
36232,83,9
36233,69,14
36234,155,19
36235,100,14
36236,108,17
36237,58,11
36238,41,10
36239,0,3
36240,0,3
36241,116,15
36242,0,3
36243,0,3
36244,20,6
36245,0,3
36246,117,19
36247,0,3
36248,3,3
36249,63,15
36250,35,8
36251,0,3
36252,70,11
36253,153,13
36254,0,3
36255,0,3
36256,0,3
36257,60,13
36258,0,3
36259,145,6
36260,122,20
36261,202,23
36262,0,3
36263,90,14
36264,0,3
36265,21,6
36266,13,5
36267,82,12
36268,113,13
36269,0,3
36270,120,12
36271,97,20
36272,81,16
36273,0,3
36274,50,10
36275,131,19
36276,157,13
36277,109,14
36278,103,13
36279,43,10
36280,0,3
36281,80,12
36282,144,19
36283,22,6
36284,0,3
36285,0,3
36286,128,19
36287,137,16
36288,73,11
36289,123,16
36290,80,11
36291,0,3
36292,96,11
36293,113,13
36294,46,11
36295,0,3
36296,0,3
36297,0,3
36298,72,12
36299,113,24
36300,29,8
36301,118,15
36302,58,11
36303,0,3
36304,0,3
36305,0,3
36306,0,3
36307,0,3
36308,120,20
36309,70,10
36310,0,3
36311,0,3
36312,0,3
36313,68,11
36314,79,13
36315,90,12
36316,0,3
36317,100,18
36318,0,3
36319,56,4
36320,100,18
36321,0,3
36322,0,3
36323,127,13
36324,222,16
36325,0,3
36326,117,20
36327,29,6
36328,68,14
36329,117,14
36330,123,11
36331,87,12
36332,102,14
36333,0,3
36334,43,9
36335,0,3
36336,0,3
36337,26,8
36338,45,6
36339,0,3
36340,61,8
36341,174,18
36342,0,3
36343,0,3
36344,0,3
36345,26,6
36346,52,5
36347,0,3
36348,0,3
36349,56,9
36350,100,13
36351,92,13
36352,0,3
36353,0,3
36354,69,11
36355,101,11
36356,0,3
36357,77,8
36358,117,13
36359,0,3
36360,30,9
36361,22,5
36362,79,11
36363,0,3
36364,0,3
36365,118,13
36366,72,13
36367,0,3
36368,0,3
36369,0,3
36370,80,12
36371,159,22
36372,111,16
36373,94,13
36374,0,3
36375,0,3
36376,0,3
36377,119,15
36378,66,11
36379,69,10
36380,0,3
36381,10,4
36382,0,3
36383,70,9
36384,70,12
36385,119,15
36386,0,3
36387,0,3
36388,25,4
36389,79,11
36390,19,5
36391,0,3
36392,152,15
36393,0,3
36394,54,7
36395,0,3
36396,54,10
36397,94,10
36398,41,8
36399,0,3
36400,48,11
36401,159,15
36402,15,4
36403,110,15
36404,185,23
36405,0,3
36406,0,3
36407,0,3
36408,83,14
36409,69,11
36410,100,14
36411,71,13
36412,119,12
36413,67,11
36414,83,9
36415,61,9
36416,40,9
36417,44,11
36418,61,13
36419,55,9
36420,50,11
36421,0,3
36422,161,16
36423,0,3
36424,0,3
36425,101,14
36426,74,12
36427,138,17
36428,0,3
36429,0,3
36430,74,16
36431,0,3
36432,0,3
36433,44,9
36434,52,12
36435,72,9
36436,0,3
36437,93,13
36438,120,13
36439,27,5
36440,69,11
36441,114,13
36442,0,3
36443,0,3
36444,74,11
36445,72,11
36446,1,3
36447,0,3
36448,89,17
36449,92,12
36450,114,17
36451,0,3
36452,0,3
36453,0,3
36454,56,10
36455,0,3
36456,48,9
36457,70,12
36458,0,3
36459,0,3
36460,0,3
36461,0,3
36462,73,10
36463,0,3
36464,43,9
36465,0,3
36466,0,3
36467,72,13
36468,51,9
36469,48,9
36470,0,3
36471,124,19
36472,3,3
36473,98,14
36474,0,3
36475,113,18
36476,0,3
36477,44,7
36478,173,15
36479,43,9
36480,46,6
36481,53,9
36482,0,3
36483,38,9
36484,43,9
36485,149,16
36486,0,3
36487,0,3
36488,0,3
36489,165,20
36490,140,21
36491,75,10
36492,59,13
36493,171,20
36494,39,7
36495,227,12
36496,154,16
36497,57,7
36498,52,10
36499,0,3
36500,5,5
36501,127,19
36502,0,3
36503,29,6
36504,0,3
36505,31,6
36506,0,3
36507,20,5
36508,0,3
36509,0,3
36510,0,3
36511,0,3
36512,0,3
36513,58,8
36514,0,3
36515,172,17
36516,32,7
36517,0,3
36518,0,3
36519,53,10
36520,143,19
36521,53,10
36522,0,3
36523,0,3
36524,0,3
36525,68,10
36526,94,13
36527,0,3
36528,0,3
36529,0,3
36530,148,21
36531,0,3
36532,64,11
36533,85,11
36534,0,3
36535,69,11
36536,51,9
36537,0,3
36538,0,3
36539,0,3
36540,126,11
36541,55,10
36542,11,4
36543,0,3
36544,117,17
36545,200,22
36546,44,8
36547,151,17
36548,114,10
36549,0,3
36550,42,9
36551,113,15
36552,0,3
36553,22,8
36554,0,3
36555,115,14
36556,91,15
36557,35,5
36558,0,3
36559,77,12
36560,117,16
36561,0,3
36562,151,16
36563,28,7
36564,153,17
36565,0,3
36566,0,3
36567,0,3
36568,25,5
36569,48,9
36570,0,3
36571,16,6
36572,0,3
36573,50,10
36574,0,3
36575,54,7
36576,35,7
36577,9,3
36578,0,3
36579,0,3
36580,48,11
36581,0,3
36582,101,14
36583,98,13
36584,0,3
36585,0,3
36586,48,8
36587,0,3
36588,111,16
36589,88,10
36590,98,13
36591,127,13
36592,0,3
36593,27,6
36594,67,12
36595,176,19
36596,101,17
36597,126,14
36598,104,15
36599,95,13
36600,141,15
36601,0,3
36602,19,6
36603,7,3
36604,209,22
36605,50,7
36606,0,3
36607,116,17
36608,0,3
36609,69,12
36610,39,9
36611,12,4
36612,140,15
36613,140,15
36614,0,3
36615,0,3
36616,0,3
36617,0,3
36618,0,3
36619,57,9
36620,84,12
36621,199,24
36622,32,10
36623,0,3
36624,0,3
36625,53,6
36626,0,3
36627,122,20
36628,29,4
36629,0,3
36630,80,12
36631,100,16
36632,0,3
36633,32,8
36634,25,3
36635,140,15
36636,106,16
36637,29,5
36638,87,12
36639,91,14
36640,76,14
36641,0,3
36642,0,3
36643,0,3
36644,0,3
36645,13,6
36646,0,3
36647,0,3
36648,0,3
36649,33,8
36650,134,18
36651,0,3
36652,111,14
36653,100,14
36654,0,3
36655,0,3
36656,69,12
36657,0,3
36658,154,20
36659,75,14
36660,81,11
36661,73,12
36662,130,14
36663,89,13
36664,75,17
36665,129,16
36666,70,11
36667,97,11
36668,0,3
36669,59,8
36670,47,8
36671,0,3
36672,28,8
36673,46,10
36674,102,14
36675,96,13
36676,37,6
36677,143,13
36678,42,10
36679,0,3
36680,0,3
36681,0,3
36682,0,3
36683,0,3
36684,70,15
36685,86,10
36686,40,7
36687,0,3
36688,0,3
36689,48,8
36690,102,13
36691,70,10
36692,113,20
36693,0,3
36694,0,3
36695,0,3
36696,0,3
36697,0,3
36698,0,3
36699,103,14
36700,121,15
36701,41,9
36702,48,10
36703,70,13
36704,0,3
36705,15,4
36706,0,3
36707,0,3
36708,29,6
36709,89,13
36710,0,3
36711,50,10
36712,0,3
36713,35,9
36714,0,3
36715,25,7
36716,0,3
36717,88,14
36718,44,9
36719,110,13
36720,13,7
36721,45,9
36722,0,3
36723,133,14
36724,77,12
36725,49,9
36726,64,11
36727,0,3
36728,76,4
36729,0,3
36730,99,14
36731,57,8
36732,0,3
36733,106,18
36734,19,5
36735,22,5
36736,60,9
36737,56,11
36738,0,3
36739,45,8
36740,0,3
36741,0,3
36742,179,15
36743,69,10
36744,79,11
36745,96,15
36746,0,3
36747,0,3
36748,107,16
36749,55,10
36750,0,3
36751,0,3
36752,62,7
36753,0,3
36754,97,13
36755,56,10
36756,0,3
36757,111,12
36758,37,8
36759,91,13
36760,31,6
36761,70,14
36762,80,12
36763,71,10
36764,72,7
36765,0,3
36766,81,12
36767,0,3
36768,0,3
36769,131,11
36770,82,13
36771,126,21
36772,70,12
36773,104,13
36774,117,12
36775,70,17
36776,15,7
36777,13,3
36778,0,3
36779,113,12
36780,101,13
36781,48,8
36782,32,5
36783,0,3
36784,0,3
36785,113,17
36786,35,7
36787,77,14
36788,125,15
36789,0,3
36790,29,6
36791,82,10
36792,0,3
36793,0,3
36794,98,17
36795,87,13
36796,0,3
36797,0,3
36798,134,19
36799,86,9
36800,57,10
36801,82,14
36802,0,3
36803,0,3
36804,56,10
36805,0,3
36806,90,13
36807,0,3
36808,0,3
36809,96,3
36810,60,11
36811,0,3
36812,0,3
36813,32,8
36814,0,3
36815,0,3
36816,29,7
36817,50,12
36818,0,3
36819,153,21
36820,110,13
36821,61,9
36822,0,3
36823,106,15
36824,0,3
36825,75,10
36826,0,3
36827,182,22
36828,0,3
36829,72,10
36830,0,3
36831,68,12
36832,0,3
36833,0,3
36834,134,14
36835,122,18
36836,153,15
36837,0,3
36838,90,12
36839,120,17
36840,0,3
36841,41,9
36842,0,3
36843,0,3
36844,100,15
36845,138,18
36846,0,3
36847,132,15
36848,104,15
36849,172,22
36850,91,13
36851,115,14
36852,108,20
36853,223,22
36854,0,3
36855,113,18
36856,90,14
36857,0,3
36858,95,11
36859,0,3
36860,0,3
36861,64,7
36862,0,3
36863,0,3
36864,7,5
36865,83,12
36866,0,3
36867,133,17
36868,34,4
36869,0,3
36870,100,14
36871,121,17
36872,0,3
36873,0,3
36874,0,3
36875,60,10
36876,0,3
36877,27,6
36878,129,13
36879,14,4
36880,0,3
36881,0,3
36882,48,8
36883,0,3
36884,0,3
36885,124,14
36886,109,12
36887,85,15
36888,0,3
36889,97,16
36890,0,3
36891,27,10
36892,0,3
36893,98,14
36894,109,18
36895,48,8
36896,43,9
36897,66,11
36898,0,3
36899,0,3
36900,0,3
36901,0,3
36902,141,19
36903,100,16
36904,87,14
36905,101,14
36906,146,19
36907,104,14
36908,90,11
36909,22,8
36910,0,3
36911,44,9
36912,54,10
36913,0,3
36914,0,3
36915,0,3
36916,20,5
36917,69,10
36918,0,3
36919,0,3
36920,0,3
36921,0,3
36922,39,10
36923,0,3
36924,0,3
36925,56,8
36926,0,3
36927,88,12
36928,85,11
36929,0,3
36930,0,3
36931,136,14
36932,0,3
36933,17,6
36934,0,3
36935,48,9
36936,0,3
36937,48,6
36938,84,13
36939,46,10
36940,0,3
36941,59,9
36942,110,23
36943,137,15
36944,114,16
36945,13,4
36946,0,3
36947,97,13
36948,0,3
36949,28,8
36950,0,3
36951,98,16
36952,52,13
36953,0,3
36954,0,3
36955,0,3
36956,118,14
36957,75,11
36958,0,3
36959,104,18
36960,129,13
36961,0,3
36962,30,6
36963,67,10
36964,0,3
36965,0,3
36966,128,14
36967,0,3
36968,46,10
36969,0,3
36970,0,3
36971,54,7
36972,115,14
36973,91,13
36974,155,17
36975,60,12
36976,130,17
36977,69,12
36978,10,5
36979,72,10
36980,0,3
36981,82,12
36982,107,13
36983,108,15
36984,70,9
36985,0,3
36986,0,3
36987,0,3
36988,429,5
36989,126,14
36990,111,12
36991,151,16
36992,0,3
36993,0,3
36994,62,11
36995,133,20
36996,70,12
36997,75,12
36998,0,3
36999,0,3
37000,122,15
37001,0,3
37002,15,5
37003,30,7
37004,0,3
37005,93,13
37006,78,8
37007,0,3
37008,0,3
37009,13,3
37010,335,14
37011,144,22
37012,9,4
37013,57,11
37014,99,15
37015,0,3
37016,0,3
37017,0,3
37018,62,12
37019,122,12
37020,78,13
37021,0,3
37022,0,3
37023,18,4
37024,1,3
37025,81,12
37026,0,3
37027,61,14
37028,84,13
37029,90,13
37030,0,3
37031,0,3
37032,0,3
37033,111,10
37034,61,12
37035,74,15
37036,0,3
37037,0,3
37038,0,3
37039,20,6
37040,116,12
37041,0,3
37042,0,3
37043,0,3
37044,0,3
37045,0,3
37046,43,8
37047,130,16
37048,0,3
37049,27,7
37050,54,12
37051,79,13
37052,37,8
37053,78,14
37054,66,10
37055,37,6
37056,77,11
37057,0,3
37058,14,5
37059,0,3
37060,67,11
37061,0,3
37062,0,3
37063,0,3
37064,109,11
37065,95,14
37066,0,3
37067,0,3
37068,45,7
37069,99,13
37070,0,3
37071,0,3
37072,47,9
37073,17,5
37074,36,6
37075,10,3
37076,109,14
37077,59,8
37078,90,13
37079,124,22
37080,69,9
37081,58,8
37082,13,4
37083,0,3
37084,534,17
37085,0,3
37086,110,12
37087,0,3
37088,0,3
37089,0,3
37090,0,3
37091,41,10
37092,119,13
37093,0,3
37094,91,11
37095,145,13
37096,0,3
37097,79,10
37098,60,9
37099,127,16
37100,49,5
37101,0,3
37102,16,5
37103,109,19
37104,188,16
37105,0,3
37106,54,8
37107,62,8
37108,85,11
37109,77,13
37110,27,4
37111,0,3
37112,0,3
37113,69,7
37114,90,12
37115,43,8
37116,0,3
37117,0,3
37118,0,3
37119,102,15
37120,54,11
37121,0,3
37122,70,9
37123,16,5
37124,0,3
37125,65,16
37126,82,12
37127,0,3
37128,0,3
37129,30,6
37130,0,3
37131,101,13
37132,65,14
37133,0,3
37134,104,15
37135,0,3
37136,57,6
37137,56,9
37138,111,17
37139,48,10
37140,41,10
37141,21,6
37142,101,17
37143,6,2
37144,60,10
37145,62,9
37146,30,9
37147,0,3
37148,85,11
37149,111,15
37150,0,3
37151,0,3
37152,0,3
37153,240,13
37154,15,4
37155,0,3
37156,40,6
37157,36,6
37158,53,11
37159,8,4
37160,88,15
37161,82,10
37162,29,8
37163,70,10
37164,13,4
37165,0,3
37166,0,3
37167,0,3
37168,57,13
37169,0,3
37170,4,3
37171,45,6
37172,98,13
37173,97,14
37174,74,10
37175,0,3
37176,53,12
37177,0,3
37178,0,3
37179,0,3
37180,0,3
37181,10,4
37182,104,16
37183,80,11
37184,96,15
37185,82,9
37186,99,16
37187,0,3
37188,142,10
37189,25,5
37190,31,4
37191,51,8
37192,65,12
37193,45,12
37194,48,8
37195,54,11
37196,152,20
37197,58,7
37198,71,12
37199,0,3
37200,0,3
37201,0,3
37202,0,3
37203,95,13
37204,81,8
37205,0,3
37206,0,3
37207,0,3
37208,92,12
37209,139,14
37210,0,3
37211,0,3
37212,67,11
37213,146,16
37214,57,10
37215,28,6
37216,0,3
37217,66,11
37218,74,15
37219,52,9
37220,92,16
37221,81,11
37222,54,7
37223,0,3
37224,138,14
37225,76,10
37226,92,15
37227,129,16
37228,142,19
37229,0,3
37230,0,3
37231,11,3
37232,16,5
37233,0,3
37234,117,15
37235,0,3
37236,2,3
37237,50,9
37238,87,12
37239,92,16
37240,0,3
37241,144,19
37242,0,3
37243,0,3
37244,21,5
37245,52,10
37246,170,18
37247,24,7
37248,0,3
37249,121,13
37250,127,14
37251,97,18
37252,129,19
37253,72,12
37254,115,16
37255,102,11
37256,108,14
37257,0,3
37258,17,5
37259,70,10
37260,0,3
37261,0,3
37262,26,6
37263,23,8
37264,0,3
37265,43,13
37266,0,3
37267,65,12
37268,151,18
37269,129,16
37270,0,3
37271,24,4
37272,0,3
37273,0,3
37274,0,3
37275,45,9
37276,81,13
37277,0,3
37278,0,3
37279,59,14
37280,60,8
37281,14,6
37282,0,3
37283,0,3
37284,0,3
37285,54,10
37286,114,14
37287,0,3
37288,0,3
37289,125,15
37290,0,3
37291,0,3
37292,0,3
37293,114,16
37294,0,3
37295,74,13
37296,144,20
37297,0,3
37298,67,14
37299,0,3
37300,117,20
37301,98,8
37302,0,3
37303,92,10
37304,0,3
37305,0,3
37306,0,3
37307,0,3
37308,151,21
37309,53,7
37310,44,10
37311,93,14
37312,121,20
37313,49,7
37314,82,13
37315,60,10
37316,0,3
37317,0,3
37318,0,3
37319,85,11
37320,0,3
37321,0,3
37322,126,15
37323,95,10
37324,116,18
37325,126,16
37326,92,13
37327,191,17
37328,61,11
37329,91,11
37330,170,18
37331,122,15
37332,0,3
37333,57,8
37334,28,12
37335,68,8
37336,100,17
37337,135,22
37338,150,13
37339,0,3
37340,0,3
37341,83,13
37342,122,16
37343,83,17
37344,35,7
37345,54,11
37346,74,13
37347,103,11
37348,170,6
37349,73,9
37350,73,13
37351,0,3
37352,13,4
37353,251,25
37354,0,3
37355,0,3
37356,0,3
37357,79,8
37358,0,3
37359,0,3
37360,25,4
37361,0,3
37362,0,3
37363,102,13
37364,42,8
37365,103,12
37366,92,17
37367,0,3
37368,0,3
37369,181,17
37370,112,13
37371,156,20
37372,62,11
37373,40,9
37374,0,3
37375,39,8
37376,47,10
37377,22,6
37378,84,14
37379,130,19
37380,46,10
37381,133,12
37382,50,8
37383,77,11
37384,115,15
37385,67,10
37386,64,11
37387,85,19
37388,5,3
37389,105,12
37390,140,18
37391,0,3
37392,0,3
37393,0,3
37394,0,3
37395,182,22
37396,62,10
37397,0,3
37398,59,8
37399,67,10
37400,91,10
37401,119,11
37402,81,14
37403,0,3
37404,0,3
37405,0,3
37406,57,9
37407,14,4
37408,0,3
37409,81,10
37410,133,16
37411,0,3
37412,0,3
37413,0,3
37414,109,17
37415,96,13
37416,0,3
37417,109,11
37418,0,3
37419,0,3
37420,0,3
37421,107,17
37422,96,15
37423,107,12
37424,84,11
37425,0,3
37426,0,3
37427,107,17
37428,130,20
37429,111,15
37430,0,3
37431,83,11
37432,91,11
37433,57,9
37434,101,17
37435,0,3
37436,0,3
37437,0,3
37438,10,4
37439,91,16
37440,0,3
37441,0,3
37442,65,11
37443,0,3
37444,40,8
37445,84,13
37446,55,10
37447,99,12
37448,48,8
37449,0,3
37450,87,14
37451,88,17
37452,84,14
37453,98,18
37454,45,4
37455,0,3
37456,20,5
37457,0,3
37458,0,3
37459,0,3
37460,0,3
37461,0,3
37462,82,12
37463,0,3
37464,0,3
37465,91,14
37466,72,12
37467,0,3
37468,34,7
37469,87,15
37470,0,3
37471,77,10
37472,152,22
37473,34,9
37474,40,6
37475,47,8
37476,0,3
37477,0,3
37478,0,3
37479,133,20
37480,115,16
37481,22,4
37482,257,11
37483,30,9
37484,100,13
37485,97,8
37486,0,3
37487,0,3
37488,0,3
37489,139,17
37490,145,15
37491,155,18
37492,50,10
37493,133,21
37494,80,13
37495,0,3
37496,0,3
37497,94,17
37498,110,11
37499,85,13
37500,239,15
37501,65,10
37502,59,10
37503,0,3
37504,179,12
37505,38,7
37506,60,10
37507,0,3
37508,78,13
37509,0,3
37510,109,14
37511,0,3
37512,165,15
37513,14,5
37514,90,10
37515,83,12
37516,0,3
37517,134,16
37518,1,3
37519,0,3
37520,65,11
37521,0,3
37522,63,11
37523,129,17
37524,90,15
37525,77,13
37526,68,12
37527,0,3
37528,140,16
37529,0,3
37530,14,5
37531,71,13
37532,43,8
37533,124,14
37534,31,5
37535,144,21
37536,82,13
37537,0,3
37538,80,16
37539,111,18
37540,0,3
37541,131,16
37542,0,3
37543,123,13
37544,55,11
37545,0,3
37546,0,3
37547,48,8
37548,72,11
37549,54,11
37550,0,3
37551,14,4
37552,141,18
37553,31,9
37554,21,6
37555,0,3
37556,0,3
37557,76,11
37558,40,8
37559,0,3
37560,74,12
37561,57,12
37562,70,14
37563,94,14
37564,0,3
37565,24,4
37566,30,6
37567,59,11
37568,0,3
37569,215,14
37570,0,3
37571,127,19
37572,96,15
37573,0,3
37574,106,11
37575,0,3
37576,2,3
37577,0,3
37578,76,14
37579,0,3
37580,124,15
37581,0,3
37582,0,3
37583,19,4
37584,153,22
37585,0,3
37586,62,12
37587,88,6
37588,60,9
37589,84,13
37590,88,13
37591,60,7
37592,125,21
37593,0,3
37594,176,19
37595,0,3
37596,0,3
37597,0,3
37598,0,3
37599,36,10
37600,69,10
37601,114,10
37602,90,14
37603,0,3
37604,83,11
37605,0,3
37606,0,3
37607,97,15
37608,72,13
37609,0,3
37610,90,12
37611,179,17
37612,155,17
37613,101,12
37614,78,14
37615,10,5
37616,21,8
37617,0,3
37618,14,6
37619,0,3
37620,120,12
37621,0,3
37622,0,3
37623,0,3
37624,124,15
37625,0,3
37626,2,3
37627,72,10
37628,102,11
37629,168,22
37630,70,11
37631,0,3
37632,106,16
37633,85,15
37634,87,14
37635,0,3
37636,26,6
37637,0,3
37638,0,3
37639,0,3
37640,110,18
37641,0,3
37642,74,12
37643,120,16
37644,90,17
37645,84,13
37646,138,13
37647,208,21
37648,94,14
37649,82,12
37650,114,16
37651,0,3
37652,78,14
37653,120,15
37654,0,3
37655,0,3
37656,0,3
37657,90,11
37658,85,11
37659,68,10
37660,45,10
37661,43,7
37662,34,6
37663,103,16
37664,0,3
37665,23,8
37666,29,9
37667,44,11
37668,54,10
37669,46,9
37670,0,3
37671,150,15
37672,0,3
37673,60,12
37674,89,10
37675,82,10
37676,0,3
37677,0,3
37678,0,3
37679,0,3
37680,89,14
37681,23,5
37682,54,7
37683,104,9
37684,0,3
37685,46,8
37686,0,3
37687,108,14
37688,0,3
37689,0,3
37690,0,3
37691,0,3
37692,69,10
37693,0,3
37694,120,16
37695,0,3
37696,0,3
37697,102,16
37698,0,3
37699,0,3
37700,100,15
37701,0,3
37702,0,3
37703,0,3
37704,0,3
37705,70,12
37706,105,16
37707,15,4
37708,81,12
37709,53,10
37710,159,22
37711,0,3
37712,0,3
37713,148,15
37714,54,7
37715,0,3
37716,153,20
37717,162,19
37718,155,23
37719,0,3
37720,0,3
37721,0,3
37722,8,4
37723,67,7
37724,0,3
37725,75,11
37726,2,3
37727,102,13
37728,77,17
37729,37,8
37730,0,3
37731,87,14
37732,0,3
37733,61,5
37734,0,3
37735,31,9
37736,57,11
37737,0,3
37738,0,3
37739,137,18
37740,52,12
37741,84,11
37742,71,10
37743,220,11
37744,123,15
37745,116,16
37746,141,12
37747,0,3
37748,0,3
37749,143,13
37750,0,3
37751,0,3
37752,89,14
37753,243,21
37754,0,3
37755,0,3
37756,0,3
37757,0,3
37758,154,4
37759,86,13
37760,113,17
37761,0,3
37762,63,12
37763,0,3
37764,0,3
37765,0,3
37766,68,11
37767,177,18
37768,99,14
37769,0,3
37770,131,20
37771,103,12
37772,0,3
37773,0,3
37774,56,7
37775,0,3
37776,0,3
37777,0,3
37778,0,3
37779,92,15
37780,136,15
37781,107,11
37782,0,3
37783,0,3
37784,89,14
37785,0,3
37786,86,17
37787,59,10
37788,88,12
37789,100,14
37790,34,5
37791,33,8
37792,143,19
37793,107,15
37794,0,3
37795,37,9
37796,61,9
37797,0,3
37798,40,8
37799,118,16
37800,0,3
37801,97,13
37802,172,13
37803,136,10
37804,25,6
37805,172,18
37806,85,10
37807,0,3
37808,0,3
37809,0,3
37810,53,8
37811,0,3
37812,95,11
37813,0,3
37814,0,3
37815,0,3
37816,115,12
37817,0,3
37818,146,17
37819,0,3
37820,97,12
37821,115,16
37822,143,17
37823,131,15
37824,24,6
37825,95,13
37826,0,3
37827,14,4
37828,196,18
37829,0,3
37830,211,14
37831,97,13
37832,153,19
37833,0,3
37834,38,9
37835,46,9
37836,48,11
37837,36,8
37838,58,9
37839,67,13
37840,77,12
37841,107,12
37842,35,7
37843,15,5
37844,132,20
37845,0,3
37846,99,14
37847,69,11
37848,68,11
37849,64,6
37850,147,16
37851,42,9
37852,76,15
37853,60,10
37854,0,3
37855,46,7
37856,38,5
37857,0,3
37858,78,14
37859,0,3
37860,12,3
37861,123,18
37862,62,9
37863,50,8
37864,31,9
37865,71,9
37866,0,3
37867,12,4
37868,106,13
37869,0,3
37870,140,15
37871,98,16
37872,0,3
37873,35,8
37874,0,3
37875,0,3
37876,21,5
37877,0,3
37878,128,16
37879,0,3
37880,0,3
37881,153,16
37882,0,3
37883,3,2
37884,124,20
37885,29,8
37886,0,3
37887,0,3
37888,62,10
37889,92,14
37890,60,10
37891,24,7
37892,133,19
37893,127,11
37894,90,13
37895,0,3
37896,0,3
37897,137,15
37898,0,3
37899,138,17
37900,239,14
37901,0,3
37902,0,3
37903,50,9
37904,0,3
37905,147,19
37906,0,3
37907,0,3
37908,98,16
37909,82,12
37910,98,15
37911,0,3
37912,124,10
37913,157,16
37914,43,8
37915,0,3
37916,0,3
37917,0,3
37918,5,4
37919,0,3
37920,0,3
37921,140,18
37922,62,15
37923,80,10
37924,45,10
37925,104,15
37926,0,3
37927,61,11
37928,73,14
37929,0,3
37930,156,20
37931,0,3
37932,60,12
37933,122,17
37934,69,13
37935,4,3
37936,0,3
37937,102,15
37938,112,13
37939,105,14
37940,170,18
37941,25,6
37942,0,3
37943,0,3
37944,0,3
37945,78,12
37946,96,14
37947,117,14
37948,101,16
37949,33,8
37950,100,15
37951,112,17
37952,0,3
37953,89,16
37954,32,7
37955,150,16
37956,0,3
37957,97,10
37958,0,3
37959,0,3
37960,143,10
37961,39,12
37962,2,3
37963,80,10
37964,25,9
37965,59,9
37966,135,13
37967,140,15
37968,37,8
37969,0,3
37970,115,13
37971,106,14
37972,55,11
37973,145,19
37974,146,20
37975,1,3
37976,67,9
37977,0,3
37978,0,3
37979,181,14
37980,0,3
37981,0,3
37982,0,3
37983,138,14
37984,161,14
37985,83,12
37986,73,12
37987,47,5
37988,0,3
37989,0,3
37990,57,12
37991,113,8
37992,90,15
37993,82,10
37994,82,14
37995,0,3
37996,0,3
37997,0,3
37998,18,5
37999,0,3
38000,0,3
38001,123,15
38002,114,16
38003,28,6
38004,0,3
38005,37,9
38006,60,8
38007,144,19
38008,1,3
38009,0,3
38010,84,13
38011,77,9
38012,113,16
38013,39,7
38014,0,3
38015,0,3
38016,72,11
38017,0,3
38018,53,9
38019,105,19
38020,0,3
38021,99,13
38022,38,5
38023,90,14
38024,0,3
38025,11,4
38026,34,8
38027,0,3
38028,154,18
38029,106,16
38030,0,3
38031,0,3
38032,0,3
38033,99,19
38034,30,6
38035,122,16
38036,166,20
38037,0,3
38038,24,4
38039,59,11
38040,100,16
38041,59,12
38042,53,8
38043,0,3
38044,80,10
38045,106,17
38046,0,3
38047,142,13
38048,34,7
38049,0,3
38050,135,14
38051,0,3
38052,0,3
38053,69,14
38054,34,7
38055,39,9
38056,101,16
38057,173,19
38058,75,15
38059,0,3
38060,0,3
38061,0,3
38062,10,4
38063,71,13
38064,140,17
38065,65,6
38066,60,12
38067,100,11
38068,0,3
38069,26,8
38070,44,8
38071,44,8
38072,36,7
38073,66,9
38074,63,12
38075,0,3
38076,0,3
38077,0,3
38078,152,15
38079,0,3
38080,66,11
38081,0,3
38082,81,15
38083,0,3
38084,0,3
38085,125,15
38086,179,20
38087,99,15
38088,120,17
38089,91,14
38090,0,3
38091,101,17
38092,0,3
38093,36,7
38094,111,10
38095,114,16
38096,23,6
38097,57,12
38098,152,20
38099,120,16
38100,0,3
38101,66,8
38102,0,3
38103,0,3
38104,49,8
38105,0,3
38106,22,6
38107,4,3
38108,129,15
38109,124,14
38110,0,3
38111,58,10
38112,149,18
38113,172,21
38114,0,3
38115,0,3
38116,0,3
38117,67,6
38118,62,12
38119,106,17
38120,1,3
38121,82,10
38122,0,3
38123,45,8
38124,65,7
38125,0,3
38126,7,4
38127,128,20
38128,192,17
38129,161,19
38130,0,3
38131,102,14
38132,72,11
38133,106,15
38134,0,3
38135,0,3
38136,68,11
38137,52,14
38138,0,3
38139,52,12
38140,32,6
38141,50,11
38142,37,10
38143,0,3
38144,0,3
38145,0,3
38146,131,15
38147,0,3
38148,224,21
38149,139,16
38150,48,8
38151,62,9
38152,50,10
38153,0,3
38154,66,11
38155,0,3
38156,52,12
38157,14,4
38158,0,3
38159,129,17
38160,55,10
38161,50,8
38162,82,11
38163,110,13
38164,126,17
38165,44,8
38166,191,15
38167,98,15
38168,0,3
38169,99,14
38170,85,15
38171,11,6
38172,99,14
38173,79,14
38174,155,15
38175,0,3
38176,0,3
38177,77,11
38178,0,3
38179,85,16
38180,52,10
38181,73,11
38182,0,3
38183,50,9
38184,118,16
38185,0,3
38186,215,13
38187,160,13
38188,0,3
38189,62,17
38190,0,3
38191,0,3
38192,59,12
38193,30,8
38194,116,13
38195,134,17
38196,0,3
38197,79,14
38198,163,15
38199,0,3
38200,0,3
38201,0,3
38202,0,3
38203,0,3
38204,171,27
38205,29,6
38206,130,18
38207,111,20
38208,0,3
38209,41,8
38210,117,12
38211,229,18
38212,63,11
38213,97,14
38214,0,3
38215,69,11
38216,0,3
38217,0,3
38218,88,12
38219,51,10
38220,0,3
38221,0,3
38222,134,20
38223,49,8
38224,121,16
38225,0,3
38226,163,21
38227,0,3
38228,105,16
38229,202,22
38230,71,14
38231,135,19
38232,0,3
38233,0,3
38234,0,3
38235,0,3
38236,93,11
38237,47,12
38238,14,6
38239,0,3
38240,60,14
38241,0,3
38242,0,3
38243,25,8
38244,0,3
38245,0,3
38246,74,12
38247,56,11
38248,0,3
38249,0,3
38250,85,13
38251,0,3
38252,105,15
38253,0,3
38254,125,19
38255,55,11
38256,32,10
38257,0,3
38258,0,3
38259,163,19
38260,56,11
38261,0,3
38262,86,11
38263,21,6
38264,0,3
38265,0,3
38266,151,17
38267,0,3
38268,43,7
38269,76,10
38270,176,15
38271,93,13
38272,146,20
38273,22,6
38274,0,3
38275,0,3
38276,19,4
38277,80,10
38278,21,4
38279,0,3
38280,11,5
38281,16,4
38282,134,17
38283,90,8
38284,0,3
38285,52,7
38286,40,9
38287,0,3
38288,88,13
38289,161,17
38290,0,3
38291,0,3
38292,0,3
38293,83,15
38294,0,3
38295,63,8
38296,114,19
38297,71,11
38298,36,7
38299,137,17
38300,157,18
38301,0,3
38302,0,3
38303,89,13
38304,11,5
38305,6,3
38306,91,14
38307,4,3
38308,0,3
38309,0,3
38310,0,3
38311,69,11
38312,76,12
38313,71,11
38314,12,4
38315,51,7
38316,0,3
38317,39,12
38318,126,17
38319,132,14
38320,0,3
38321,90,14
38322,49,10
38323,82,12
38324,28,7
38325,0,3
38326,0,3
38327,142,21
38328,0,3
38329,99,12
38330,102,17
38331,43,9
38332,0,3
38333,43,7
38334,83,13
38335,0,3
38336,0,3
38337,143,15
38338,124,18
38339,80,15
38340,0,3
38341,62,11
38342,174,20
38343,37,9
38344,122,17
38345,128,18
38346,0,3
38347,37,5
38348,98,13
38349,95,17
38350,61,7
38351,68,10
38352,34,7
38353,122,16
38354,62,11
38355,35,9
38356,111,16
38357,137,16
38358,114,19
38359,25,5
38360,0,3
38361,73,14
38362,178,22
38363,80,12
38364,81,10
38365,0,3
38366,0,3
38367,105,11
38368,176,21
38369,46,10
38370,59,14
38371,137,15
38372,243,12
38373,107,17
38374,48,8
38375,0,3
38376,11,4
38377,75,13
38378,85,11
38379,30,6
38380,32,4
38381,54,14
38382,12,4
38383,45,11
38384,0,3
38385,16,5
38386,23,5
38387,47,10
38388,0,3
38389,77,17
38390,109,15
38391,8,5
38392,0,3
38393,139,14
38394,111,12
38395,65,8
38396,111,16
38397,0,3
38398,56,7
38399,6,3
38400,42,9
38401,32,9
38402,79,13
38403,91,15
38404,0,3
38405,34,7
38406,142,13
38407,98,9
38408,62,10
38409,198,18
38410,133,14
38411,87,18
38412,0,3
38413,119,15
38414,28,7
38415,0,3
38416,52,9
38417,0,3
38418,38,7
38419,0,3
38420,24,6
38421,18,5
38422,71,12
38423,117,21
38424,83,12
38425,151,22
38426,0,3
38427,142,24
38428,8,5
38429,62,11
38430,0,3
38431,144,15
38432,45,11
38433,0,3
38434,95,12
38435,48,9
38436,0,3
38437,53,11
38438,34,7
38439,0,3
38440,83,11
38441,75,12
38442,0,3
38443,9,5
38444,0,3
38445,140,19
38446,42,8
38447,129,15
38448,70,13
38449,29,6
38450,0,3
38451,61,10
38452,110,10
38453,0,3
38454,0,3
38455,0,3
38456,37,7
38457,177,21
38458,0,3
38459,126,14
38460,0,3
38461,73,13
38462,0,3
38463,44,9
38464,128,13
38465,136,15
38466,84,12
38467,104,13
38468,78,14
38469,110,14
38470,24,5
38471,107,13
38472,80,14
38473,102,20
38474,0,3
38475,0,3
38476,49,11
38477,107,15
38478,0,3
38479,0,3
38480,0,3
38481,113,21
38482,45,7
38483,0,3
38484,57,10
38485,0,3
38486,40,8
38487,113,14
38488,0,3
38489,0,3
38490,31,5
38491,35,7
38492,0,3
38493,73,10
38494,77,13
38495,30,7
38496,0,3
38497,0,3
38498,147,16
38499,168,20
38500,0,3
38501,98,15
38502,0,3
38503,50,8
38504,0,3
38505,0,3
38506,171,16
38507,80,10
38508,0,3
38509,0,3
38510,0,3
38511,0,3
38512,10,5
38513,0,3
38514,21,8
38515,156,19
38516,0,3
38517,80,15
38518,60,9
38519,92,13
38520,137,20
38521,0,3
38522,108,17
38523,105,17
38524,67,12
38525,157,18
38526,106,14
38527,172,16
38528,156,14
38529,89,12
38530,0,3
38531,62,10
38532,139,21
38533,100,13
38534,7,4
38535,126,11
38536,56,10
38537,0,3
38538,128,20
38539,0,3
38540,0,3
38541,77,11
38542,84,14
38543,98,9
38544,56,12
38545,85,14
38546,0,3
38547,259,8
38548,0,3
38549,80,10
38550,115,13
38551,0,3
38552,0,3
38553,0,3
38554,194,21
38555,0,3
38556,0,3
38557,31,7
38558,57,5
38559,86,11
38560,88,12
38561,0,3
38562,0,3
38563,116,19
38564,61,15
38565,47,13
38566,117,16
38567,163,21
38568,72,9
38569,85,14
38570,6,5
38571,0,3
38572,82,12
38573,0,3
38574,57,10
38575,71,16
38576,74,11
38577,55,12
38578,131,12
38579,44,11
38580,56,13
38581,51,7
38582,37,8
38583,84,13
38584,69,12
38585,0,3
38586,98,15
38587,3,3
38588,0,3
38589,0,3
38590,42,10
38591,16,5
38592,0,3
38593,0,3
38594,0,3
38595,65,11
38596,0,3
38597,0,3
38598,55,11
38599,132,20
38600,51,11
38601,58,11
38602,0,3
38603,141,19
38604,0,3
38605,0,3
38606,91,14
38607,89,13
38608,110,15
38609,80,12
38610,67,14
38611,0,3
38612,125,12
38613,92,16
38614,28,7
38615,0,3
38616,51,10
38617,51,9
38618,52,9
38619,123,13
38620,72,11
38621,112,18
38622,0,3
38623,0,3
38624,63,9
38625,42,8
38626,141,12
38627,48,8
38628,124,18
38629,0,3
38630,45,8
38631,0,3
38632,0,3
38633,53,8
38634,164,21
38635,0,3
38636,0,3
38637,0,3
38638,92,13
38639,56,10
38640,107,15
38641,157,21
38642,100,14
38643,0,3
38644,0,3
38645,7,3
38646,0,3
38647,0,3
38648,134,18
38649,0,3
38650,117,16
38651,0,3
38652,196,17
38653,165,21
38654,0,3
38655,15,3
38656,0,3
38657,0,3
38658,167,22
38659,108,14
38660,0,3
38661,129,18
38662,67,15
38663,50,7
38664,178,19
38665,0,3
38666,0,3
38667,55,13
38668,0,3
38669,0,3
38670,39,7
38671,88,15
38672,104,16
38673,187,15
38674,134,19
38675,0,3
38676,39,8
38677,32,4
38678,0,3
38679,0,3
38680,129,16
38681,0,3
38682,93,12
38683,36,9
38684,154,20
38685,107,14
38686,39,12
38687,107,15
38688,69,16
38689,0,3
38690,6,3
38691,100,15
38692,134,16
38693,103,11
38694,0,3
38695,99,17
38696,127,17
38697,0,3
38698,0,3
38699,116,13
38700,0,3
38701,0,3
38702,24,5
38703,86,11
38704,77,13
38705,0,3
38706,124,18
38707,0,3
38708,171,18
38709,0,3
38710,108,14
38711,0,3
38712,117,16
38713,51,8
38714,216,5
38715,0,3
38716,115,14
38717,93,13
38718,163,18
38719,0,3
38720,0,3
38721,105,18
38722,115,16
38723,0,3
38724,36,7
38725,0,3
38726,126,14
38727,113,13
38728,0,3
38729,60,11
38730,71,10
38731,90,14
38732,168,21
38733,0,3
38734,18,4
38735,68,13
38736,157,17
38737,0,3
38738,0,3
38739,43,9
38740,32,3
38741,26,6
38742,0,3
38743,0,3
38744,0,3
38745,0,3
38746,0,3
38747,50,8
38748,60,9
38749,99,14
38750,66,13
38751,155,16
38752,0,3
38753,25,7
38754,0,3
38755,65,11
38756,0,3
38757,0,3
38758,0,3
38759,66,12
38760,0,3
38761,0,3
38762,0,3
38763,78,11
38764,0,3
38765,86,15
38766,66,12
38767,81,6
38768,0,3
38769,25,5
38770,119,18
38771,62,11
38772,76,7
38773,134,14
38774,0,3
38775,16,6
38776,157,24
38777,0,3
38778,58,9
38779,44,9
38780,0,3
38781,0,3
38782,0,3
38783,42,9
38784,53,8
38785,14,4
38786,102,13
38787,0,3
38788,0,3
38789,28,8
38790,0,3
38791,27,8
38792,0,3
38793,178,18
38794,83,13
38795,0,3
38796,0,3
38797,0,3
38798,132,20
38799,29,5
38800,63,11
38801,98,15
38802,152,17
38803,0,3
38804,120,19
38805,0,3
38806,0,3
38807,0,3
38808,73,15
38809,92,15
38810,0,3
38811,37,8
38812,127,12
38813,86,12
38814,69,12
38815,0,3
38816,0,3
38817,86,13
38818,0,3
38819,100,13
38820,67,10
38821,9,4
38822,0,3
38823,100,13
38824,122,17
38825,99,12
38826,97,17
38827,14,5
38828,141,16
38829,68,9
38830,0,3
38831,163,22
38832,89,11
38833,108,14
38834,0,3
38835,39,6
38836,0,3
38837,136,16
38838,87,17
38839,192,19
38840,0,3
38841,0,3
38842,0,3
38843,164,22
38844,101,19
38845,0,3
38846,113,14
38847,92,10
38848,0,3
38849,38,7
38850,110,14
38851,78,14
38852,0,3
38853,0,3
38854,58,12
38855,0,3
38856,101,12
38857,0,3
38858,98,13
38859,151,16
38860,44,11
38861,0,3
38862,34,5
38863,84,11
38864,102,17
38865,0,3
38866,98,21
38867,114,15
38868,0,3
38869,0,3
38870,93,16
38871,95,16
38872,108,16
38873,0,3
38874,65,9
38875,133,9
38876,0,3
38877,0,3
38878,0,3
38879,25,7
38880,91,14
38881,66,11
38882,0,3
38883,101,18
38884,42,8
38885,0,3
38886,0,3
38887,0,3
38888,0,3
38889,0,3
38890,93,12
38891,0,3
38892,3,3
38893,40,8
38894,76,15
38895,13,3
38896,129,8
38897,0,3
38898,0,3
38899,0,3
38900,0,3
38901,0,3
38902,113,12
38903,35,9
38904,45,10
38905,0,3
38906,92,15
38907,0,3
38908,0,3
38909,0,3
38910,0,3
38911,0,3
38912,121,14
38913,0,3
38914,122,16
38915,107,18
38916,0,3
38917,0,3
38918,0,3
38919,28,7
38920,0,3
38921,134,14
38922,95,15
38923,82,10
38924,0,3
38925,0,3
38926,24,5
38927,0,3
38928,1,3
38929,32,6
38930,144,20
38931,0,3
38932,0,3
38933,163,18
38934,0,3
38935,125,17
38936,21,6
38937,225,17
38938,70,9
38939,49,11
38940,137,15
38941,118,21
38942,83,11
38943,0,3
38944,69,12
38945,133,16
38946,0,3
38947,124,16
38948,95,16
38949,100,13
38950,86,11
38951,80,15
38952,125,17
38953,72,13
38954,0,3
38955,99,14
38956,149,19
38957,131,20
38958,107,11
38959,82,12
38960,0,3
38961,70,10
38962,0,3
38963,0,3
38964,0,3
38965,26,6
38966,0,3
38967,35,8
38968,139,20
38969,0,3
38970,0,3
38971,100,13
38972,187,18
38973,50,9
38974,0,3
38975,94,14
38976,121,11
38977,219,19
38978,108,17
38979,60,12
38980,172,20
38981,126,15
38982,0,3
38983,15,5
38984,138,18
38985,75,12
38986,0,3
38987,0,3
38988,94,14
38989,0,3
38990,65,10
38991,0,3
38992,44,11
38993,0,3
38994,0,3
38995,95,13
38996,0,3
38997,0,3
38998,129,13
38999,0,3
39000,0,3
39001,139,18
39002,99,16
39003,0,3
39004,145,21
39005,134,16
39006,334,18
39007,112,13
39008,0,3
39009,0,3
39010,97,14
39011,246,17
39012,65,10
39013,68,13
39014,0,3
39015,103,11
39016,21,6
39017,173,17
39018,104,14
39019,0,3
39020,121,20
39021,184,21
39022,123,20
39023,42,6
39024,0,3
39025,111,15
39026,119,14
39027,75,12
39028,0,3
39029,155,25
39030,72,9
39031,82,10
39032,99,13
39033,108,18
39034,0,3
39035,89,14
39036,67,12
39037,141,16
39038,0,3
39039,20,4
39040,0,3
39041,0,3
39042,18,5
39043,28,8
39044,0,3
39045,43,6
39046,17,5
39047,108,14
39048,0,3
39049,0,3
39050,170,15
39051,104,16
39052,0,3
39053,66,11
39054,89,16
39055,16,5
39056,60,10
39057,170,17
39058,56,9
39059,0,3
39060,0,3
39061,78,11
39062,62,13
39063,0,3
39064,125,17
39065,6,5
39066,45,12
39067,62,10
39068,0,3
39069,168,19
39070,0,3
39071,0,3
39072,106,11
39073,0,3
39074,64,10
39075,0,3
39076,60,9
39077,146,20
39078,34,8
39079,83,15
39080,112,13
39081,103,16
39082,178,15
39083,0,3
39084,0,3
39085,0,3
39086,0,3
39087,57,8
39088,0,3
39089,0,3
39090,86,14
39091,98,12
39092,0,3
39093,78,15
39094,40,7
39095,73,14
39096,85,11
39097,124,18
39098,0,3
39099,0,3
39100,57,9
39101,0,3
39102,4,3
39103,118,14
39104,0,3
39105,0,3
39106,67,12
39107,78,14
39108,129,16
39109,0,3
39110,44,9
39111,205,17
39112,36,7
39113,78,11
39114,0,3
39115,112,15
39116,0,3
39117,164,22
39118,92,12
39119,141,20
39120,36,7
39121,79,10
39122,0,3
39123,86,14
39124,100,19
39125,0,3
39126,21,4
39127,0,3
39128,0,3
39129,115,11
39130,111,14
39131,0,3
39132,71,13
39133,0,3
39134,0,3
39135,0,3
39136,0,3
39137,0,3
39138,55,9
39139,0,3
39140,113,16
39141,118,16
39142,0,3
39143,100,13
39144,49,10
39145,0,3
39146,0,3
39147,0,3
39148,12,3
39149,0,3
39150,42,6
39151,87,13
39152,124,17
39153,0,3
39154,152,13
39155,0,3
39156,99,16
39157,0,3
39158,19,4
39159,56,11
39160,99,12
39161,44,4
39162,0,3
39163,115,14
39164,76,14
39165,0,3
39166,0,3
39167,0,3
39168,117,15
39169,100,12
39170,62,11
39171,0,3
39172,134,15
39173,115,15
39174,64,15
39175,37,10
39176,78,10
39177,35,9
39178,30,7
39179,0,3
39180,49,9
39181,84,12
39182,45,10
39183,73,10
39184,53,7
39185,49,11
39186,112,12
39187,0,3
39188,100,11
39189,0,3
39190,0,3
39191,0,3
39192,42,8
39193,0,3
39194,128,17
39195,53,8
39196,94,12
39197,0,3
39198,0,3
39199,134,18
39200,81,12
39201,105,16
39202,52,6
39203,0,3
39204,0,3
39205,235,23
39206,0,3
39207,38,9
39208,0,3
39209,130,20
39210,0,3
39211,112,15
39212,38,7
39213,147,19
39214,83,19
39215,0,3
39216,137,18
39217,54,11
39218,14,5
39219,67,13
39220,0,3
39221,36,5
39222,54,9
39223,90,13
39224,102,13
39225,0,3
39226,83,11
39227,0,3
39228,79,12
39229,0,3
39230,139,16
39231,84,12
39232,1,3
39233,106,13
39234,177,20
39235,68,11
39236,40,9
39237,0,3
39238,68,10
39239,0,3
39240,159,21
39241,86,12
39242,0,3
39243,62,9
39244,123,24
39245,111,15
39246,0,3
39247,21,6
39248,0,3
39249,0,3
39250,114,17
39251,0,3
39252,129,15
39253,0,3
39254,0,3
39255,63,10
39256,0,3
39257,0,3
39258,0,3
39259,174,15
39260,0,3
39261,17,6
39262,137,19
39263,44,8
39264,115,12
39265,0,3
39266,73,13
39267,42,10
39268,0,3
39269,114,12
39270,81,11
39271,85,14
39272,110,16
39273,75,11
39274,0,3
39275,0,3
39276,117,18
39277,0,3
39278,29,7
39279,154,16
39280,0,3
39281,0,3
39282,111,14
39283,101,13
39284,137,19
39285,81,11
39286,190,21
39287,102,16
39288,155,15
39289,59,13
39290,0,3
39291,131,17
39292,97,13
39293,51,11
39294,0,3
39295,0,3
39296,55,8
39297,0,3
39298,26,6
39299,60,14
39300,12,4
39301,101,19
39302,62,11
39303,167,22
39304,0,3
39305,89,15
39306,51,10
39307,50,10
39308,0,3
39309,0,3
39310,27,7
39311,94,13
39312,0,3
39313,4,4
39314,0,3
39315,61,10
39316,109,12
39317,0,3
39318,98,11
39319,99,11
39320,127,19
39321,129,17
39322,76,12
39323,20,7
39324,134,15
39325,0,3
39326,70,13
39327,59,6
39328,120,16
39329,0,3
39330,71,11
39331,0,3
39332,19,5
39333,123,17
39334,0,3
39335,129,19
39336,0,3
39337,96,12
39338,0,3
39339,0,3
39340,5,3
39341,58,13
39342,0,3
39343,0,3
39344,73,10
39345,53,10
39346,154,13
39347,0,3
39348,0,3
39349,136,14
39350,159,23
39351,0,3
39352,100,12
39353,0,3
39354,0,3
39355,114,15
39356,0,3
39357,153,22
39358,137,16
39359,0,3
39360,0,3
39361,67,13
39362,111,17
39363,130,15
39364,0,3
39365,81,10
39366,51,10
39367,108,15
39368,3,3
39369,80,11
39370,114,17
39371,0,3
39372,128,15
39373,0,3
39374,29,6
39375,91,12
39376,137,14
39377,92,14
39378,34,7
39379,0,3
39380,47,9
39381,167,21
39382,0,3
39383,82,11
39384,0,3
39385,149,16
39386,0,3
39387,23,5
39388,100,18
39389,90,13
39390,65,12
39391,0,3
39392,0,3
39393,35,8
39394,148,20
39395,84,12
39396,603,18
39397,157,14
39398,0,3
39399,0,3
39400,79,14
39401,23,3
39402,0,3
39403,71,11
39404,6,4
39405,16,4
39406,24,8
39407,7,4
39408,72,14
39409,0,3
39410,96,12
39411,249,20
39412,51,8
39413,68,10
39414,109,11
39415,40,6
39416,62,13
39417,22,6
39418,48,10
39419,170,17
39420,0,3
39421,0,3
39422,88,12
39423,194,21
39424,2,2
39425,0,3
39426,0,3
39427,102,15
39428,94,13
39429,105,14
39430,151,13
39431,152,23
39432,0,3
39433,95,13
39434,0,3
39435,147,20
39436,131,15
39437,0,3
39438,124,14
39439,0,3
39440,0,3
39441,0,3
39442,112,15
39443,101,13
39444,24,5
39445,117,14
39446,60,9
39447,0,3
39448,9,4
39449,97,16
39450,14,4
39451,0,3
39452,60,7
39453,0,3
39454,0,3
39455,120,13
39456,121,9
39457,172,23
39458,0,3
39459,35,8
39460,50,8
39461,0,3
39462,83,12
39463,121,15
39464,115,14
39465,169,20
39466,82,10
39467,114,16
39468,0,3
39469,0,3
39470,0,3
39471,70,11
39472,80,15
39473,0,3
39474,0,3
39475,48,10
39476,105,13
39477,0,3
39478,0,3
39479,0,3
39480,35,7
39481,97,17
39482,0,3
39483,72,15
39484,72,14
39485,0,3
39486,123,14
39487,0,3
39488,0,3
39489,140,23
39490,79,16
39491,57,10
39492,35,7
39493,83,18
39494,27,6
39495,78,11
39496,136,17
39497,0,3
39498,0,3
39499,42,8
39500,0,3
39501,0,3
39502,88,17
39503,161,22
39504,102,19
39505,0,3
39506,0,3
39507,63,9
39508,93,17
39509,55,12
39510,79,14
39511,0,3
39512,165,16
39513,0,3
39514,0,3
39515,34,8
39516,36,6
39517,61,12
39518,104,16
39519,6,4
39520,156,18
39521,64,11
39522,0,3
39523,53,10
39524,0,3
39525,130,14
39526,0,3
39527,33,7
39528,143,16
39529,136,16
39530,0,3
39531,72,13
39532,39,9
39533,0,3
39534,0,3
39535,141,14
39536,0,3
39537,152,13
39538,114,15
39539,0,3
39540,92,14
39541,0,3
39542,66,9
39543,130,14
39544,78,12
39545,73,11
39546,3,4
39547,0,3
39548,190,22
39549,103,16
39550,108,15
39551,0,3
39552,0,3
39553,0,3
39554,0,3
39555,135,13
39556,119,16
39557,0,3
39558,39,7
39559,0,3
39560,171,18
39561,157,15
39562,11,4
39563,28,7
39564,46,10
39565,86,15
39566,0,3
39567,57,11
39568,48,10
39569,0,3
39570,0,3
39571,39,6
39572,0,3
39573,136,17
39574,0,3
39575,87,16
39576,0,3
39577,0,3
39578,0,3
39579,0,3
39580,68,12
39581,78,17
39582,112,13
39583,171,22
39584,97,15
39585,126,16
39586,0,3
39587,105,16
39588,0,3
39589,111,14
39590,115,21
39591,166,18
39592,93,19
39593,167,19
39594,114,15
39595,0,3
39596,0,3
39597,61,6
39598,99,16
39599,0,3
39600,151,14
39601,1,3
39602,119,17
39603,148,16
39604,0,3
39605,0,3
39606,42,8
39607,0,3
39608,0,3
39609,38,5
39610,25,6
39611,20,7
39612,72,11
39613,1,3
39614,0,3
39615,69,5
39616,155,17
39617,7,4
39618,0,3
39619,217,22
39620,0,3
39621,64,10
39622,82,13
39623,117,13
39624,161,19
39625,0,3
39626,40,7
39627,0,3
39628,73,11
39629,175,18
39630,0,3
39631,11,4
39632,118,15
39633,107,15
39634,41,9
39635,205,25
39636,93,14
39637,106,13
39638,0,3
39639,53,11
39640,0,3
39641,59,10
39642,0,3
39643,25,5
39644,143,23
39645,170,13
39646,0,3
39647,50,10
39648,62,8
39649,128,16
39650,13,4
39651,22,5
39652,0,3
39653,43,9
39654,0,3
39655,62,11
39656,81,13
39657,208,24
39658,146,18
39659,38,8
39660,0,3
39661,0,3
39662,53,8
39663,66,14
39664,0,3
39665,0,3
39666,113,11
39667,0,3
39668,0,3
39669,0,3
39670,61,10
39671,130,13
39672,116,14
39673,45,11
39674,30,6
39675,0,3
39676,135,18
39677,75,13
39678,19,5
39679,14,3
39680,0,3
39681,74,12
39682,84,16
39683,0,3
39684,220,24
39685,0,3
39686,92,12
39687,0,3
39688,92,13
39689,61,10
39690,73,11
39691,0,3
39692,108,18
39693,74,9
39694,0,3
39695,0,3
39696,77,9
39697,72,9
39698,0,3
39699,155,16
39700,0,3
39701,0,3
39702,136,17
39703,99,12
39704,62,12
39705,0,3
39706,132,15
39707,0,3
39708,4,3
39709,87,14
39710,96,14
39711,123,16
39712,0,3
39713,88,13
39714,174,24
39715,52,8
39716,0,3
39717,0,3
39718,119,18
39719,45,9
39720,57,12
39721,34,8
39722,0,3
39723,105,16
39724,0,3
39725,29,8
39726,0,3
39727,0,3
39728,141,23
39729,92,13
39730,20,5
39731,84,12
39732,0,3
39733,0,3
39734,0,3
39735,68,11
39736,106,14
39737,41,8
39738,119,15
39739,0,3
39740,16,5
39741,374,8
39742,199,20
39743,23,5
39744,162,17
39745,0,3
39746,150,21
39747,180,18
39748,205,27
39749,28,8
39750,139,18
39751,97,17
39752,0,3
39753,92,19
39754,120,13
39755,0,3
39756,117,15
39757,9,3
39758,0,3
39759,46,11
39760,58,12
39761,80,13
39762,181,17
39763,164,18
39764,0,3
39765,0,3
39766,21,6
39767,98,12
39768,0,3
39769,0,3
39770,0,3
39771,119,15
39772,106,15
39773,31,7
39774,0,3
39775,0,3
39776,5,3
39777,127,15
39778,0,3
39779,78,13
39780,125,16
39781,53,12
39782,56,11
39783,0,3
39784,28,9
39785,30,5
39786,282,10
39787,0,3
39788,191,24
39789,112,18
39790,48,10
39791,120,12
39792,124,14
39793,99,14
39794,187,16
39795,0,3
39796,0,3
39797,0,3
39798,111,11
39799,0,3
39800,0,3
39801,0,3
39802,0,3
39803,175,21
39804,0,3
39805,178,19
39806,91,11
39807,80,13
39808,0,3
39809,132,17
39810,89,12
39811,154,17
39812,75,11
39813,45,11
39814,0,3
39815,135,21
39816,60,9
39817,164,24
39818,73,14
39819,2,4
39820,221,25
39821,131,21
39822,98,10
39823,0,3
39824,145,19
39825,278,13
39826,117,11
39827,0,3
39828,61,11
39829,42,10
39830,69,11
39831,188,23
39832,0,3
39833,27,8
39834,109,13
39835,129,17
39836,86,12
39837,116,15
39838,93,14
39839,25,7
39840,24,6
39841,209,23
39842,85,14
39843,48,10
39844,121,16
39845,0,3
39846,0,3
39847,0,3
39848,123,14
39849,118,19
39850,123,18
39851,0,3
39852,94,12
39853,106,16
39854,165,18
39855,141,14
39856,71,13
39857,0,3
39858,71,10
39859,0,3
39860,0,3
39861,85,14
39862,13,4
39863,0,3
39864,0,3
39865,72,11
39866,152,20
39867,204,5
39868,0,3
39869,0,3
39870,0,3
39871,70,11
39872,0,3
39873,7,3
39874,0,3
39875,64,12
39876,0,3
39877,89,14
39878,122,13
39879,0,3
39880,152,11
39881,0,3
39882,0,3
39883,104,18
39884,94,10
39885,43,8
39886,127,14
39887,96,18
39888,82,11
39889,132,18
39890,0,3
39891,103,16
39892,88,4
39893,0,3
39894,77,12
39895,73,13
39896,86,12
39897,67,13
39898,87,14
39899,0,3
39900,45,12
39901,5,4
39902,124,19
39903,67,12
39904,64,10
39905,431,20
39906,0,3
39907,69,15
39908,76,9
39909,0,3
39910,0,3
39911,82,3
39912,0,3
39913,0,3
39914,0,3
39915,149,15
39916,0,3
39917,49,10
39918,63,10
39919,0,3
39920,54,11
39921,82,11
39922,112,10
39923,17,4
39924,20,6
39925,114,15
39926,50,10
39927,185,11
39928,0,3
39929,141,23
39930,148,14
39931,45,10
39932,111,16
39933,138,14
39934,0,3
39935,0,3
39936,120,11
39937,0,3
39938,32,5
39939,60,11
39940,0,3
39941,1,3
39942,118,16
39943,85,8
39944,82,8
39945,75,12
39946,0,3
39947,0,3
39948,0,3
39949,22,7
39950,140,16
39951,0,3
39952,0,3
39953,0,3
39954,134,21
39955,154,20
39956,143,14
39957,112,15
39958,103,13
39959,0,3
39960,0,3
39961,0,3
39962,0,3
39963,96,12
39964,119,18
39965,130,19
39966,196,16
39967,73,14
39968,0,3
39969,0,3
39970,0,3
39971,45,12
39972,182,23
39973,136,15
39974,141,18
39975,0,3
39976,138,24
39977,0,3
39978,99,14
39979,117,16
39980,36,7
39981,0,3
39982,0,3
39983,0,3
39984,0,3
39985,0,3
39986,48,11
39987,173,18
39988,0,3
39989,48,9
39990,58,10
39991,127,17
39992,121,19
39993,0,3
39994,0,3
39995,53,15
39996,51,13
39997,96,12
39998,0,3
39999,24,4
40000,45,8
40001,9,4
40002,117,15
40003,32,6
40004,113,11
40005,0,3
40006,0,3
40007,97,12
40008,75,12
40009,0,3
40010,0,3
40011,73,10
40012,0,3
40013,0,3
40014,0,3
40015,0,3
40016,115,14
40017,30,6
40018,0,3
40019,97,15
40020,42,10
40021,0,3
40022,58,10
40023,130,14
40024,0,3
40025,120,15
40026,0,3
40027,26,6
40028,143,18
40029,145,18
40030,59,11
40031,0,3
40032,145,18
40033,0,3
40034,116,15
40035,109,17
40036,0,3
40037,93,10
40038,0,3
40039,50,8
40040,55,7
40041,0,3
40042,93,12
40043,0,3
40044,34,6
40045,42,8
40046,0,3
40047,0,3
40048,24,7
40049,49,8
40050,0,3
40051,88,14
40052,0,3
40053,25,6
40054,0,3
40055,63,8
40056,0,3
40057,0,3
40058,0,3
40059,92,17
40060,30,6
40061,0,3
40062,57,8
40063,0,3
40064,52,11
40065,34,7
40066,0,3
40067,132,18
40068,72,16
40069,96,12
40070,99,14
40071,0,3
40072,0,3
40073,0,3
40074,100,14
40075,113,22
40076,99,17
40077,151,21
40078,0,3
40079,113,15
40080,161,26
40081,0,3
40082,0,3
40083,0,3
40084,198,19
40085,0,3
40086,177,21
40087,154,15
40088,124,17
40089,117,11
40090,75,9
40091,106,11
40092,43,11
40093,28,7
40094,123,18
40095,0,3
40096,32,7
40097,68,11
40098,116,17
40099,154,18
40100,116,18
40101,67,11
40102,71,11
40103,94,14
40104,104,14
40105,0,3
40106,152,18
40107,109,14
40108,120,17
40109,83,14
40110,0,3
40111,94,13
40112,61,10
40113,0,3
40114,0,3
40115,0,3
40116,0,3
40117,0,3
40118,90,14
40119,120,17
40120,162,17
40121,102,18
40122,62,10
40123,0,3
40124,0,3
40125,60,7
40126,57,11
40127,31,7
40128,63,9
40129,74,13
40130,115,13
40131,0,3
40132,0,3
40133,0,3
40134,0,3
40135,80,12
40136,67,11
40137,62,10
40138,105,16
40139,141,19
40140,97,17
40141,0,3
40142,39,8
40143,92,13
40144,124,19
40145,34,10
40146,28,7
40147,0,3
40148,0,3
40149,0,3
40150,56,13
40151,194,22
40152,56,9
40153,127,18
40154,6,3
40155,139,16
40156,221,14
40157,0,3
40158,75,9
40159,91,11
40160,97,12
40161,77,10
40162,0,3
40163,0,3
40164,0,3
40165,64,12
40166,120,10
40167,110,14
40168,0,3
40169,170,22
40170,184,22
40171,0,3
40172,59,9
40173,56,14
40174,115,13
40175,75,10
40176,93,14
40177,147,18
40178,65,13
40179,10,4
40180,0,3
40181,58,7
40182,0,3
40183,5,3
40184,134,21
40185,74,15
40186,0,3
40187,0,3
40188,0,3
40189,116,16
40190,69,13
40191,0,3
40192,153,11
40193,65,11
40194,125,13
40195,36,7
40196,152,18
40197,143,14
40198,70,13
40199,141,15
40200,40,7
40201,120,15
40202,63,10
40203,87,12
40204,0,3
40205,44,7
40206,63,11
40207,45,7
40208,6,4
40209,109,15
40210,74,10
40211,23,6
40212,107,14
40213,57,10
40214,0,3
40215,101,11
40216,67,10
40217,0,3
40218,140,17
40219,161,22
40220,0,3
40221,118,16
40222,61,13
40223,110,14
40224,104,12
40225,86,11
40226,0,3
40227,116,20
40228,0,3
40229,32,5
40230,0,3
40231,119,17
40232,86,12
40233,0,3
40234,74,10
40235,0,3
40236,116,18
40237,71,12
40238,0,3
40239,43,9
40240,99,14
40241,10,4
40242,0,3
40243,0,3
40244,0,3
40245,118,16
40246,0,3
40247,0,3
40248,0,3
40249,229,26
40250,58,10
40251,87,13
40252,80,12
40253,129,15
40254,138,18
40255,0,3
40256,0,3
40257,0,3
40258,115,13
40259,99,13
40260,74,11
40261,29,5
40262,67,11
40263,0,3
40264,206,21
40265,0,3
40266,22,5
40267,59,11
40268,119,19
40269,117,18
40270,101,14
40271,82,13
40272,84,13
40273,0,3
40274,114,16
40275,177,22
40276,45,9
40277,0,3
40278,59,9
40279,0,3
40280,168,20
40281,0,3
40282,76,10
40283,107,14
40284,70,11
40285,0,3
40286,117,15
40287,145,15
40288,711,7
40289,56,13
40290,4,3
40291,81,12
40292,0,3
40293,116,19
40294,0,3
40295,100,14
40296,110,13
40297,0,3
40298,44,10
40299,36,8
40300,16,6
40301,0,3
40302,66,11
40303,0,3
40304,122,15
40305,0,3
40306,68,13
40307,0,3
40308,0,3
40309,0,3
40310,125,20
40311,13,4
40312,0,3
40313,198,24
40314,0,3
40315,30,7
40316,0,3
40317,113,14
40318,190,21
40319,113,13
40320,0,3
40321,0,3
40322,36,8
40323,73,12
40324,143,18
40325,0,3
40326,36,4
40327,124,16
40328,137,17
40329,141,16
40330,93,14
40331,110,14
40332,198,16
40333,0,3
40334,0,3
40335,137,13
40336,100,13
40337,0,3
40338,93,13
40339,0,3
40340,0,3
40341,157,16
40342,114,15
40343,3,3
40344,0,3
40345,135,15
40346,0,3
40347,34,9
40348,33,7
40349,240,27
40350,0,3
40351,19,6
40352,148,20
40353,0,3
40354,225,25
40355,81,11
40356,76,11
40357,253,12
40358,82,9
40359,72,11
40360,112,18
40361,113,20
40362,0,3
40363,36,9
40364,144,20
40365,0,3
40366,60,10
40367,179,13
40368,20,7
40369,79,13
40370,0,3
40371,0,3
40372,0,3
40373,0,3
40374,0,3
40375,84,13
40376,0,3
40377,3,3
40378,0,3
40379,0,3
40380,125,13
40381,0,3
40382,103,14
40383,107,19
40384,84,9
40385,137,17
40386,71,16
40387,0,3
40388,103,15
40389,0,3
40390,246,23
40391,54,12
40392,54,10
40393,0,3
40394,0,3
40395,92,14
40396,105,16
40397,0,3
40398,62,9
40399,0,3
40400,0,3
40401,97,14
40402,0,3
40403,100,17
40404,5,4
40405,91,16
40406,125,16
40407,0,3
40408,102,16
40409,133,18
40410,118,11
40411,0,3
40412,0,3
40413,0,3
40414,10,4
40415,57,13
40416,0,3
40417,0,3
40418,0,3
40419,107,13
40420,0,3
40421,153,15
40422,157,16
40423,12,6
40424,0,3
40425,50,8
40426,123,16
40427,63,12
40428,84,13
40429,97,13
40430,0,3
40431,123,17
40432,91,16
40433,155,19
40434,143,19
40435,68,14
40436,217,20
40437,0,3
40438,127,10
40439,197,13
40440,0,3
40441,119,17
40442,169,15
40443,69,11
40444,116,20
40445,155,17
40446,36,7
40447,0,3
40448,74,13
40449,14,4
40450,0,3
40451,113,15
40452,84,14
40453,0,3
40454,0,3
40455,105,13
40456,146,19
40457,0,3
40458,108,14
40459,51,9
40460,0,3
40461,55,11
40462,37,6
40463,50,8
40464,0,3
40465,0,3
40466,0,3
40467,71,15
40468,0,3
40469,145,14
40470,40,9
40471,0,3
40472,0,3
40473,134,21
40474,0,3
40475,0,3
40476,34,6
40477,61,10
40478,101,12
40479,50,7
40480,115,17
40481,60,9
40482,0,3
40483,2,3
40484,91,8
40485,82,13
40486,20,5
40487,17,6
40488,0,3
40489,0,3
40490,76,10
40491,146,21
40492,83,17
40493,67,11
40494,170,16
40495,73,10
40496,0,3
40497,0,3
40498,0,3
40499,102,15
40500,0,3
40501,60,10
40502,59,12
40503,105,15
40504,110,13
40505,353,10
40506,23,4
40507,0,3
40508,109,15
40509,114,16
40510,62,10
40511,100,15
40512,2,3
40513,0,3
40514,33,7
40515,163,21
40516,104,14
40517,0,3
40518,69,10
40519,100,15
40520,0,3
40521,41,8
40522,26,7
40523,86,14
40524,0,3
40525,4,3
40526,111,16
40527,222,19
40528,184,20
40529,0,3
40530,0,3
40531,92,9
40532,94,15
40533,0,3
40534,97,18
40535,56,12
40536,27,9
40537,0,3
40538,30,6
40539,0,3
40540,0,3
40541,60,14
40542,155,13
40543,51,12
40544,160,16
40545,36,9
40546,67,13
40547,0,3
40548,169,19
40549,0,3
40550,0,3
40551,128,20
40552,6,3
40553,16,4
40554,87,14
40555,130,13
40556,151,17
40557,113,13
40558,155,17
40559,108,15
40560,28,8
40561,0,3
40562,0,3
40563,123,19
40564,0,3
40565,0,3
40566,0,3
40567,57,10
40568,128,16
40569,0,3
40570,112,10
40571,65,8
40572,0,3
40573,117,18
40574,118,14
40575,0,3
40576,172,11
40577,0,3
40578,0,3
40579,0,3
40580,0,3
40581,138,14
40582,0,3
40583,123,19
40584,199,28
40585,0,3
40586,39,8
40587,95,14
40588,0,3
40589,78,11
40590,27,6
40591,88,13
40592,65,16
40593,27,7
40594,0,3
40595,2,3
40596,0,3
40597,28,5
40598,0,3
40599,0,3
40600,148,19
40601,0,3
40602,0,3
40603,87,14
40604,42,10
40605,0,3
40606,78,13
40607,50,8
40608,0,3
40609,153,24
40610,0,3
40611,104,12
40612,52,11
40613,41,5
40614,22,4
40615,142,16
40616,0,3
40617,11,4
40618,87,15
40619,0,3
40620,0,3
40621,77,9
40622,0,3
40623,0,3
40624,0,3
40625,92,12
40626,100,17
40627,0,3
40628,0,3
40629,0,3
40630,133,18
40631,35,7
40632,217,21
40633,0,3
40634,144,14
40635,65,9
40636,12,4
40637,70,11
40638,76,15
40639,51,12
40640,86,11
40641,96,14
40642,176,21
40643,95,14
40644,0,3
40645,0,3
40646,91,15
40647,131,16
40648,39,9
40649,8,3
40650,102,16
40651,87,14
40652,115,16
40653,92,12
40654,86,12
40655,0,3
40656,0,3
40657,136,18
40658,43,10
40659,152,17
40660,64,13
40661,153,25
40662,140,19
40663,0,3
40664,141,15
40665,109,16
40666,0,3
40667,85,9
40668,107,17
40669,0,3
40670,188,25
40671,77,13
40672,7,4
40673,0,3
40674,0,3
40675,113,12
40676,105,14
40677,0,3
40678,61,12
40679,0,3
40680,149,14
40681,202,23
40682,0,3
40683,0,3
40684,91,12
40685,0,3
40686,95,14
40687,0,3
40688,0,3
40689,61,10
40690,0,3
40691,108,12
40692,26,6
40693,0,3
40694,0,3
40695,40,8
40696,111,17
40697,144,16
40698,88,13
40699,0,3
40700,69,14
40701,4,4
40702,94,18
40703,140,20
40704,138,15
40705,50,10
40706,83,6
40707,0,3
40708,0,3
40709,0,3
40710,65,9
40711,91,13
40712,47,8
40713,0,3
40714,24,8
40715,0,3
40716,0,3
40717,156,15
40718,0,3
40719,0,3
40720,0,3
40721,0,3
40722,124,18
40723,0,3
40724,128,17
40725,23,9
40726,263,19
40727,93,15
40728,87,11
40729,0,3
40730,72,13
40731,1,3
40732,0,3
40733,0,3
40734,0,3
40735,97,13
40736,0,3
40737,158,23
40738,0,3
40739,77,9
40740,0,3
40741,30,5
40742,70,10
40743,74,11
40744,174,26
40745,121,15
40746,140,17
40747,0,3
40748,120,17
40749,109,16
40750,50,7
40751,0,3
40752,0,3
40753,46,5
40754,122,20
40755,0,3
40756,78,12
40757,0,3
40758,118,15
40759,169,10
40760,121,14
40761,0,3
40762,76,13
40763,0,3
40764,156,16
40765,80,10
40766,121,19
40767,119,20
40768,105,17
40769,40,9
40770,0,3
40771,97,14
40772,189,15
40773,0,3
40774,134,22
40775,79,11
40776,48,8
40777,0,3
40778,83,16
40779,8,4
40780,193,25
40781,20,7
40782,0,3
40783,0,3
40784,159,24
40785,87,14
40786,41,10
40787,32,7
40788,33,7
40789,0,3
40790,72,11
40791,0,3
40792,89,16
40793,85,12
40794,149,19
40795,43,7
40796,0,3
40797,145,26
40798,255,21
40799,153,16
40800,0,3
40801,0,3
40802,73,12
40803,125,14
40804,48,10
40805,137,16
40806,66,14
40807,93,16
40808,56,9
40809,0,3
40810,74,12
40811,0,3
40812,78,11
40813,87,12
40814,0,3
40815,0,3
40816,146,15
40817,117,15
40818,150,15
40819,42,10
40820,0,3
40821,53,6
40822,0,3
40823,87,10
40824,0,3
40825,418,19
40826,165,21
40827,97,17
40828,0,3
40829,0,3
40830,83,16
40831,189,17
40832,85,14
40833,110,9
40834,63,11
40835,0,3
40836,0,3
40837,182,13
40838,116,21
40839,96,13
40840,85,15
40841,41,8
40842,0,3
40843,0,3
40844,64,9
40845,0,3
40846,108,12
40847,6,3
40848,97,15
40849,147,20
40850,37,8
40851,0,3
40852,6,5
40853,108,14
40854,0,3
40855,0,3
40856,129,17
40857,0,3
40858,86,12
40859,69,9
40860,244,15
40861,103,16
40862,80,14
40863,156,19
40864,0,3
40865,36,8
40866,102,14
40867,0,3
40868,0,3
40869,0,3
40870,0,3
40871,7,4
40872,0,3
40873,0,3
40874,0,3
40875,16,3
40876,75,14
40877,0,3
40878,27,6
40879,0,3
40880,0,3
40881,49,7
40882,166,17
40883,128,22
40884,88,12
40885,156,21
40886,87,20
40887,57,11
40888,0,3
40889,51,10
40890,0,3
40891,0,3
40892,102,12
40893,0,3
40894,99,13
40895,0,3
40896,0,3
40897,0,3
40898,101,11
40899,71,11
40900,0,3
40901,103,18
40902,104,18
40903,35,7
40904,66,13
40905,39,7
40906,92,15
40907,126,18
40908,68,14
40909,0,3
40910,29,6
40911,176,28
40912,100,13
40913,129,17
40914,0,3
40915,56,11
40916,0,3
40917,204,15
40918,0,3
40919,0,3
40920,101,19
40921,0,3
40922,139,19
40923,31,7
40924,0,3
40925,69,12
40926,124,16
40927,69,13
40928,0,3
40929,0,3
40930,159,25
40931,0,3
40932,52,13
40933,0,3
40934,21,6
40935,126,15
40936,161,19
40937,91,16
40938,91,17
40939,62,13
40940,55,8
40941,0,3
40942,0,3
40943,1,3
40944,85,11
40945,190,22
40946,0,3
40947,61,11
40948,170,14
40949,145,20
40950,0,3
40951,97,14
40952,0,3
40953,0,3
40954,0,3
40955,0,3
40956,0,3
40957,127,18
40958,85,13
40959,59,8
40960,0,3
40961,0,3
40962,68,10
40963,104,18
40964,109,14
40965,100,14
40966,0,3
40967,0,3
40968,0,3
40969,17,5
40970,119,15
40971,49,10
40972,2,3
40973,149,17
40974,0,3
40975,98,13
40976,0,3
40977,195,18
40978,102,17
40979,0,3
40980,0,3
40981,26,9
40982,278,20
40983,0,3
40984,29,8
40985,107,14
40986,94,11
40987,0,3
40988,0,3
40989,65,13
40990,108,13
40991,0,3
40992,0,3
40993,0,3
40994,157,18
40995,0,3
40996,56,10
40997,58,11
40998,76,11
40999,97,16
41000,109,13
41001,116,18
41002,36,9
41003,94,13
41004,83,12
41005,28,6
41006,0,3
41007,96,12
41008,92,15
41009,55,8
41010,30,8
41011,80,12
41012,0,3
41013,0,3
41014,0,3
41015,41,9
41016,22,7
41017,58,9
41018,152,19
41019,0,3
41020,22,6
41021,75,11
41022,56,10
41023,156,16
41024,0,3
41025,12,5
41026,74,10
41027,42,7
41028,71,11
41029,93,12
41030,25,6
41031,102,13
41032,139,17
41033,0,3
41034,494,21
41035,0,3
41036,88,15
41037,87,12
41038,144,17
41039,0,3
41040,0,3
41041,0,3
41042,46,11
41043,123,18
41044,0,3
41045,72,11
41046,120,12
41047,34,10
41048,0,3
41049,83,11
41050,0,3
41051,79,14
41052,157,22
41053,0,3
41054,55,11
41055,53,7
41056,139,15
41057,0,3
41058,163,20
41059,0,3
41060,0,3
41061,178,18
41062,216,14
41063,0,3
41064,0,3
41065,210,25
41066,0,3
41067,97,14
41068,63,12
41069,0,3
41070,59,10
41071,93,9
41072,171,23
41073,0,3
41074,13,5
41075,0,3
41076,0,3
41077,244,18
41078,66,15
41079,169,12
41080,34,7
41081,42,8
41082,59,11
41083,0,3
41084,148,20
41085,0,3
41086,100,14
41087,0,3
41088,0,3
41089,4,3
41090,171,19
41091,167,15
41092,78,12
41093,14,4
41094,76,11
41095,50,11
41096,80,11
41097,4,3
41098,62,11
41099,47,6
41100,89,13
41101,0,3
41102,137,12
41103,130,11
41104,8,5
41105,0,3
41106,142,22
41107,103,12
41108,111,16
41109,0,3
41110,95,15
41111,0,3
41112,104,15
41113,61,13
41114,135,19
41115,0,3
41116,256,20
41117,86,11
41118,19,6
41119,26,8
41120,0,3
41121,133,17
41122,268,18
41123,91,16
41124,47,11
41125,66,17
41126,105,18
41127,105,14
41128,0,3
41129,0,3
41130,127,17
41131,102,21
41132,58,9
41133,126,17
41134,0,3
41135,94,11
41136,101,15
41137,37,10
41138,0,3
41139,157,20
41140,62,8
41141,0,3
41142,215,28
41143,80,13
41144,0,3
41145,106,14
41146,111,11
41147,69,12
41148,0,3
41149,0,3
41150,0,3
41151,33,8
41152,0,3
41153,95,13
41154,44,6
41155,0,3
41156,0,3
41157,101,13
41158,78,11
41159,0,3
41160,0,3
41161,206,21
41162,104,16
41163,72,11
41164,89,14
41165,140,20
41166,0,3
41167,65,15
41168,132,18
41169,44,9
41170,0,3
41171,153,23
41172,0,3
41173,0,3
41174,85,13
41175,0,3
41176,0,3
41177,0,3
41178,0,3
41179,82,14
41180,0,3
41181,0,3
41182,71,12
41183,89,13
41184,97,11
41185,169,19
41186,0,3
41187,110,18
41188,0,3
41189,55,11
41190,0,3
41191,134,21
41192,0,3
41193,33,6
41194,0,3
41195,71,9
41196,163,17
41197,194,25
41198,0,3
41199,0,3
41200,90,13
41201,51,9
41202,142,18
41203,31,5
41204,134,17
41205,0,3
41206,0,3
41207,2,3
41208,94,13
41209,72,15
41210,65,12
41211,173,18
41212,132,25
41213,13,5
41214,106,17
41215,0,3
41216,74,11
41217,26,6
41218,0,3
41219,197,22
41220,202,16
41221,59,12
41222,116,17
41223,97,18
41224,0,3
41225,0,3
41226,65,9
41227,0,3
41228,95,18
41229,62,9
41230,139,15
41231,175,21
41232,0,3
41233,0,3
41234,0,3
41235,0,3
41236,167,20
41237,120,12
41238,45,8
41239,0,3
41240,43,9
41241,107,18
41242,0,3
41243,111,17
41244,0,3
41245,0,3
41246,62,13
41247,72,12
41248,326,8
41249,117,13
41250,0,3
41251,0,3
41252,148,13
41253,169,20
41254,7,4
41255,0,3
41256,7,5
41257,0,3
41258,76,12
41259,0,3
41260,71,11
41261,102,18
41262,124,19
41263,144,17
41264,74,13
41265,25,9
41266,172,21
41267,48,9
41268,44,8
41269,0,3
41270,0,3
41271,147,21
41272,108,15
41273,53,11
41274,0,3
41275,0,3
41276,0,3
41277,55,6
41278,0,3
41279,225,5
41280,0,3
41281,57,10
41282,86,13
41283,135,17
41284,98,15
41285,99,15
41286,24,8
41287,0,3
41288,0,3
41289,200,19
41290,0,3
41291,0,3
41292,87,16
41293,34,9
41294,0,3
41295,0,3
41296,0,3
41297,112,13
41298,0,3
41299,23,8
41300,142,12
41301,43,11
41302,0,3
41303,0,3
41304,62,6
41305,0,3
41306,0,3
41307,0,3
41308,0,3
41309,0,3
41310,0,3
41311,115,18
41312,0,3
41313,81,10
41314,48,11
41315,188,19
41316,0,3
41317,75,13
41318,138,18
41319,78,13
41320,0,3
41321,0,3
41322,76,15
41323,0,3
41324,95,12
41325,66,12
41326,0,3
41327,29,7
41328,13,4
41329,66,11
41330,214,20
41331,118,16
41332,96,14
41333,0,3
41334,77,11
41335,97,14
41336,144,15
41337,139,19
41338,0,3
41339,0,3
41340,20,6
41341,0,3
41342,0,3
41343,89,13
41344,111,16
41345,87,14
41346,0,3
41347,79,14
41348,0,3
41349,73,10
41350,94,12
41351,165,14
41352,25,6
41353,145,12
41354,0,3
41355,80,13
41356,51,11
41357,136,18
41358,128,13
41359,52,11
41360,0,3
41361,0,3
41362,95,13
41363,172,18
41364,0,3
41365,115,13
41366,71,13
41367,90,11
41368,125,12
41369,74,13
41370,0,3
41371,116,19
41372,36,10
41373,112,17
41374,0,3
41375,51,9
41376,142,16
41377,0,3
41378,145,18
41379,0,3
41380,118,14
41381,126,17
41382,0,3
41383,0,3
41384,178,18
41385,0,3
41386,0,3
41387,0,3
41388,20,5
41389,182,23
41390,0,3
41391,137,20
41392,12,3
41393,0,3
41394,84,16
41395,169,20
41396,71,13
41397,0,3
41398,115,17
41399,135,19
41400,27,7
41401,48,8
41402,104,19
41403,38,9
41404,70,10
41405,154,23
41406,149,11
41407,10,4
41408,138,18
41409,32,7
41410,0,3
41411,126,15
41412,0,3
41413,2,3
41414,0,3
41415,144,19
41416,0,3
41417,0,3
41418,63,10
41419,0,3
41420,138,24
41421,31,6
41422,58,13
41423,0,3
41424,0,3
41425,0,3
41426,64,10
41427,74,10
41428,0,3
41429,104,12
41430,0,3
41431,63,11
41432,72,12
41433,125,16
41434,0,3
41435,66,12
41436,103,11
41437,283,11
41438,0,3
41439,0,3
41440,0,3
41441,0,3
41442,0,3
41443,70,12
41444,0,3
41445,0,3
41446,2,3
41447,0,3
41448,0,3
41449,0,3
41450,176,18
41451,123,17
41452,3,4
41453,49,7
41454,49,8
41455,124,17
41456,104,14
41457,115,14
41458,27,8
41459,113,12
41460,99,15
41461,619,18
41462,0,3
41463,96,12
41464,0,3
41465,86,17
41466,95,15
41467,138,17
41468,38,6
41469,179,18
41470,160,18
41471,110,13
41472,0,3
41473,0,3
41474,137,16
41475,172,20
41476,0,3
41477,121,18
41478,141,16
41479,0,3
41480,62,9
41481,0,3
41482,125,20
41483,30,7
41484,0,3
41485,0,3
41486,0,3
41487,230,16
41488,151,14
41489,0,3
41490,133,17
41491,0,3
41492,0,3
41493,54,9
41494,138,17
41495,0,3
41496,101,14
41497,79,10
41498,0,3
41499,0,3
41500,87,15
41501,0,3
41502,0,3
41503,7,2
41504,0,3
41505,5,3
41506,66,12
41507,186,16
41508,106,15
41509,0,3
41510,156,16
41511,103,16
41512,0,3
41513,141,19
41514,131,16
41515,137,23
41516,0,3
41517,0,3
41518,0,3
41519,73,13
41520,147,19
41521,139,22
41522,54,11
41523,0,3
41524,0,3
41525,176,23
41526,7,3
41527,156,16
41528,194,20
41529,258,26
41530,150,20
41531,35,13
41532,0,3
41533,0,3
41534,59,12
41535,180,9
41536,0,3
41537,121,16
41538,168,17
41539,0,3
41540,84,15
41541,93,16
41542,54,13
41543,56,10
41544,127,13
41545,0,3
41546,0,3
41547,0,3
41548,87,9
41549,43,10
41550,104,16
41551,249,16
41552,67,10
41553,0,3
41554,137,16
41555,0,3
41556,103,9
41557,0,3
41558,92,11
41559,0,3
41560,71,14
41561,0,3
41562,75,12
41563,181,23
41564,49,7
41565,0,3
41566,61,11
41567,63,13
41568,93,11
41569,0,3
41570,0,3
41571,0,3
41572,116,17
41573,377,15
41574,0,3
41575,0,3
41576,0,3
41577,58,9
41578,85,9
41579,130,18
41580,40,6
41581,0,3
41582,0,3
41583,168,18
41584,81,16
41585,0,3
41586,156,16
41587,105,16
41588,0,3
41589,92,15
41590,60,14
41591,0,3
41592,152,8
41593,0,3
41594,0,3
41595,86,15
41596,147,17
41597,54,11
41598,161,16
41599,45,7
41600,182,19
41601,0,3
41602,0,3
41603,0,3
41604,92,13
41605,116,14
41606,160,14
41607,71,14
41608,66,12
41609,107,14
41610,50,9
41611,0,3
41612,80,12
41613,161,14
41614,0,3
41615,97,15
41616,0,3
41617,0,3
41618,0,3
41619,75,10
41620,150,18
41621,85,13
41622,59,10
41623,98,12
41624,120,15
41625,147,20
41626,105,16
41627,0,3
41628,199,24
41629,110,12
41630,0,3
41631,0,3
41632,134,15
41633,0,3
41634,58,12
41635,116,13
41636,101,18
41637,43,8
41638,104,13
41639,55,11
41640,0,3
41641,66,8
41642,143,18
41643,109,15
41644,120,17
41645,218,21
41646,0,3
41647,0,3
41648,119,16
41649,0,3
41650,63,11
41651,146,14
41652,92,14
41653,170,18
41654,0,3
41655,78,18
41656,151,15
41657,0,3
41658,42,11
41659,142,17
41660,2,3
41661,119,19
41662,95,16
41663,49,9
41664,135,14
41665,127,16
41666,91,14
41667,0,3
41668,0,3
41669,88,19
41670,10,5
41671,29,9
41672,0,3
41673,0,3
41674,93,17
41675,145,19
41676,0,3
41677,109,20
41678,112,13
41679,44,7
41680,2,3
41681,9,4
41682,92,16
41683,93,9
41684,0,3
41685,209,20
41686,61,11
41687,55,13
41688,0,3
41689,209,24
41690,191,18
41691,166,13
41692,55,11
41693,0,3
41694,118,11
41695,95,18
41696,171,20
41697,0,3
41698,0,3
41699,0,3
41700,67,8
41701,0,3
41702,146,18
41703,0,3
41704,180,19
41705,0,3
41706,121,10
41707,89,11
41708,74,10
41709,139,16
41710,85,15
41711,0,3
41712,88,15
41713,142,14
41714,0,3
41715,0,3
41716,12,5
41717,0,3
41718,0,3
41719,0,3
41720,108,18
41721,84,11
41722,0,3
41723,0,3
41724,120,15
41725,0,3
41726,37,7
41727,0,3
41728,71,11
41729,0,3
41730,0,3
41731,77,12
41732,104,15
41733,19,7
41734,0,3
41735,0,3
41736,100,14
41737,0,3
41738,153,24
41739,0,3
41740,0,3
41741,8,6
41742,102,18
41743,90,13
41744,213,16
41745,17,6
41746,0,3
41747,4,3
41748,100,17
41749,48,10
41750,99,15
41751,152,15
41752,0,3
41753,77,10
41754,65,16
41755,147,15
41756,213,17
41757,118,15
41758,136,22
41759,0,3
41760,152,20
41761,0,3
41762,82,13
41763,156,20
41764,0,3
41765,111,13
41766,77,14
41767,88,14
41768,103,13
41769,68,13
41770,168,20
41771,172,20
41772,120,19
41773,84,15
41774,0,3
41775,58,10
41776,0,3
41777,0,3
41778,0,3
41779,38,9
41780,149,20
41781,216,9
41782,0,3
41783,0,3
41784,151,19
41785,133,16
41786,129,17
41787,0,3
41788,23,7
41789,160,18
41790,0,3
41791,154,17
41792,39,10
41793,0,3
41794,0,3
41795,79,12
41796,176,17
41797,116,15
41798,0,3
41799,0,3
41800,144,22
41801,0,3
41802,0,3
41803,0,3
41804,0,3
41805,0,3
41806,89,12
41807,47,10
41808,102,16
41809,0,3
41810,139,20
41811,72,11
41812,36,6
41813,4,3
41814,139,19
41815,0,3
41816,62,6
41817,86,11
41818,2,3
41819,54,10
41820,0,3
41821,118,16
41822,40,10
41823,82,8
41824,126,13
41825,171,22
41826,129,18
41827,0,3
41828,0,3
41829,3,3
41830,0,3
41831,148,15
41832,90,12
41833,76,13
41834,0,3
41835,0,3
41836,69,7
41837,1,3
41838,118,11
41839,86,15
41840,123,16
41841,139,18
41842,0,3
41843,39,9
41844,87,14
41845,0,3
41846,141,18
41847,2,4
41848,0,3
41849,25,7
41850,0,3
41851,0,3
41852,0,3
41853,407,22
41854,42,9
41855,131,11
41856,233,17
41857,118,17
41858,0,3
41859,58,15
41860,172,21
41861,82,10
41862,0,3
41863,143,23
41864,145,18
41865,57,10
41866,0,3
41867,96,13
41868,97,17
41869,57,11
41870,171,19
41871,0,3
41872,0,3
41873,104,19
41874,137,16
41875,107,17
41876,92,14
41877,12,4
41878,53,7
41879,0,3
41880,56,11
41881,130,18
41882,37,6
41883,340,16
41884,39,5
41885,55,14
41886,0,3
41887,99,16
41888,93,11
41889,245,17
41890,0,3
41891,0,3
41892,101,17
41893,114,21
41894,102,19
41895,0,3
41896,200,22
41897,0,3
41898,0,3
41899,0,3
41900,2,3
41901,116,16
41902,0,3
41903,0,3
41904,104,14
41905,0,3
41906,210,17
41907,0,3
41908,0,3
41909,0,3
41910,73,14
41911,49,8
41912,46,10
41913,0,3
41914,60,12
41915,0,3
41916,0,3
41917,6,3
41918,131,17
41919,0,3
41920,25,5
41921,205,29
41922,53,9
41923,104,16
41924,4,5
41925,92,11
41926,97,10
41927,132,13
41928,0,3
41929,0,3
41930,0,3
41931,122,20
41932,0,3
41933,0,3
41934,181,23
41935,0,3
41936,94,13
41937,220,17
41938,150,18
41939,0,3
41940,146,22
41941,145,13
41942,2,3
41943,0,3
41944,188,27
41945,23,5
41946,44,9
41947,0,3
41948,0,3
41949,0,3
41950,111,20
41951,130,17
41952,128,14
41953,0,3
41954,115,13
41955,37,7
41956,101,16
41957,0,3
41958,147,19
41959,0,3
41960,0,3
41961,0,3
41962,0,3
41963,0,3
41964,0,3
41965,0,3
41966,113,16
41967,0,3
41968,0,3
41969,185,21
41970,50,11
41971,114,17
41972,43,9
41973,0,3
41974,164,20
41975,26,9
41976,161,16
41977,0,3
41978,126,14
41979,0,3
41980,0,3
41981,235,22
41982,0,3
41983,164,26
41984,104,16
41985,0,3
41986,131,13
41987,97,9
41988,54,12
41989,79,13
41990,165,19
41991,105,12
41992,113,17
41993,0,3
41994,0,3
41995,55,10
41996,0,3
41997,134,20
41998,180,21
41999,156,15
42000,101,14
42001,69,12
42002,105,14
42003,69,16
42004,0,3
42005,93,14
42006,147,14
42007,120,15
42008,224,24
42009,97,15
42010,0,3
42011,37,6
42012,156,21
42013,168,18
42014,0,3
42015,40,7
42016,0,3
42017,103,20
42018,0,3
42019,50,8
42020,0,3
42021,44,10
42022,32,7
42023,152,22
42024,0,3
42025,28,5
42026,0,3
42027,135,19
42028,77,15
42029,0,3
42030,69,11
42031,116,16
42032,48,5
42033,0,3
42034,0,3
42035,135,20
42036,0,3
42037,141,16
42038,20,6
42039,111,13
42040,132,17
42041,0,3
42042,0,3
42043,140,21
42044,0,3
42045,61,12
42046,98,16
42047,56,11
42048,22,5
42049,0,3
42050,0,3
42051,78,12
42052,0,3
42053,103,21
42054,158,24
42055,70,12
42056,78,11
42057,87,14
42058,0,3
42059,123,23
42060,0,3
42061,0,3
42062,107,14
42063,174,17
42064,61,10
42065,0,3
42066,94,12
42067,0,3
42068,78,11
42069,161,18
42070,150,18
42071,124,16
42072,196,22
42073,0,3
42074,0,3
42075,29,6
42076,40,8
42077,0,3
42078,27,7
42079,0,3
42080,0,3
42081,0,3
42082,0,3
42083,0,3
42084,48,12
42085,0,3
42086,92,11
42087,0,3
42088,0,3
42089,0,3
42090,149,19
42091,94,12
42092,211,21
42093,154,19
42094,93,11
42095,123,15
42096,110,20
42097,94,13
42098,0,3
42099,76,14
42100,110,18
42101,0,3
42102,159,19
42103,0,3
42104,0,3
42105,37,6
42106,61,6
42107,0,3
42108,48,7
42109,97,17
42110,0,3
42111,0,3
42112,88,10
42113,115,17
42114,0,3
42115,192,20
42116,44,10
42117,42,8
42118,141,13
42119,25,6
42120,20,5
42121,28,8
42122,120,13
42123,0,3
42124,76,14
42125,31,6
42126,46,12
42127,0,3
42128,40,11
42129,0,3
42130,0,3
42131,0,3
42132,64,10
42133,199,24
42134,70,10
42135,152,21
42136,23,5
42137,128,15
42138,0,3
42139,0,3
42140,0,3
42141,215,23
42142,118,13
42143,21,6
42144,0,3
42145,3,3
42146,128,16
42147,0,3
42148,0,3
42149,153,17
42150,72,13
42151,75,14
42152,0,3
42153,29,8
42154,37,9
42155,163,23
42156,148,22
42157,137,23
42158,71,12
42159,88,16
42160,137,25
42161,0,3
42162,0,3
42163,96,14
42164,0,3
42165,111,15
42166,79,10
42167,94,14
42168,215,21
42169,0,3
42170,117,18
42171,0,3
42172,63,12
42173,0,3
42174,160,16
42175,93,15
42176,29,7
42177,97,15
42178,43,7
42179,44,11
42180,77,10
42181,0,3
42182,0,3
42183,105,15
42184,71,11
42185,101,17
42186,237,25
42187,161,18
42188,0,3
42189,138,9
42190,100,13
42191,0,3
42192,109,18
42193,0,3
42194,0,3
42195,0,3
42196,0,3
42197,0,3
42198,138,16
42199,135,15
42200,48,7
42201,80,14
42202,0,3
42203,0,3
42204,126,17
42205,0,3
42206,0,3
42207,76,12
42208,134,23
42209,169,20
42210,95,17
42211,63,8
42212,201,22
42213,106,17
42214,77,10
42215,40,9
42216,69,9
42217,93,10
42218,0,3
42219,149,16
42220,0,3
42221,0,3
42222,47,10
42223,130,16
42224,0,3
42225,34,8
42226,0,3
42227,44,10
42228,21,5
42229,0,3
42230,241,14
42231,0,3
42232,122,19
42233,81,11
42234,84,16
42235,163,21
42236,0,3
42237,185,19
42238,0,3
42239,0,3
42240,24,6
42241,0,3
42242,92,16
42243,84,10
42244,120,17
42245,136,18
42246,200,22
42247,0,3
42248,104,13
42249,0,3
42250,67,13
42251,91,18
42252,0,3
42253,0,3
42254,71,12
42255,63,9
42256,0,3
42257,0,3
42258,0,3
42259,16,7
42260,118,15
42261,97,16
42262,155,23
42263,75,14
42264,0,3
42265,73,10
42266,97,20
42267,163,13
42268,0,3
42269,143,15
42270,0,3
42271,0,3
42272,48,8
42273,0,3
42274,0,3
42275,80,17
42276,132,17
42277,145,15
42278,69,9
42279,99,13
42280,0,3
42281,0,3
42282,189,26
42283,111,15
42284,0,3
42285,87,11
42286,298,10
42287,0,3
42288,0,3
42289,144,14
42290,122,14
42291,79,11
42292,1,3
42293,77,13
42294,0,3
42295,74,15
42296,68,12
42297,155,17
42298,155,21
42299,83,14
42300,70,9
42301,0,3
42302,0,3
42303,109,19
42304,0,3
42305,35,7
42306,344,14
42307,93,10
42308,0,3
42309,173,16
42310,103,13
42311,43,8
42312,93,14
42313,0,3
42314,0,3
42315,0,3
42316,0,3
42317,51,10
42318,78,12
42319,0,3
42320,123,19
42321,31,7
42322,65,8
42323,0,3
42324,174,19
42325,0,3
42326,0,3
42327,0,3
42328,118,18
42329,0,3
42330,110,15
42331,30,7
42332,0,3
42333,15,5
42334,29,7
42335,129,15
42336,117,17
42337,157,17
42338,57,9
42339,86,13
42340,191,17
42341,0,3
42342,0,3
42343,0,3
42344,0,3
42345,123,18
42346,136,24
42347,0,3
42348,182,15
42349,107,13
42350,0,3
42351,83,13
42352,0,3
42353,0,3
42354,0,3
42355,0,3
42356,0,3
42357,156,17
42358,77,11
42359,45,10
42360,85,12
42361,360,4
42362,0,3
42363,0,3
42364,0,3
42365,97,14
42366,0,3
42367,6,3
42368,0,3
42369,63,11
42370,165,23
42371,97,18
42372,0,3
42373,0,3
42374,0,3
42375,0,3
42376,96,17
42377,102,13
42378,0,3
42379,0,3
42380,0,3
42381,0,3
42382,131,17
42383,0,3
42384,105,12
42385,76,10
42386,56,9
42387,68,12
42388,6,3
42389,0,3
42390,0,3
42391,136,17
42392,39,8
42393,13,4
42394,0,3
42395,0,3
42396,114,13
42397,176,24
42398,120,19
42399,152,16
42400,0,3
42401,0,3
42402,158,19
42403,95,14
42404,0,3
42405,155,17
42406,81,13
42407,0,3
42408,0,3
42409,129,18
42410,181,20
42411,89,9
42412,13,4
42413,180,14
42414,61,9
42415,134,15
42416,116,15
42417,115,15
42418,47,9
42419,0,3
42420,0,3
42421,0,3
42422,273,11
42423,86,11
42424,94,14
42425,87,13
42426,54,10
42427,122,16
42428,135,16
42429,18,6
42430,4,3
42431,92,12
42432,216,26
42433,182,23
42434,29,6
42435,264,20
42436,64,10
42437,0,3
42438,73,11
42439,39,10
42440,65,13
42441,45,8
42442,32,8
42443,90,13
42444,95,9
42445,129,21
42446,28,6
42447,50,8
42448,0,3
42449,0,3
42450,62,9
42451,0,3
42452,0,3
42453,296,28
42454,116,14
42455,72,11
42456,78,11
42457,14,5
42458,0,3
42459,199,18
42460,220,22
42461,0,3
42462,0,3
42463,0,3
42464,0,3
42465,0,3
42466,164,19
42467,0,3
42468,0,3
42469,43,10
42470,26,6
42471,0,3
42472,0,3
42473,151,19
42474,0,3
42475,116,16
42476,64,10
42477,0,3
42478,0,3
42479,96,14
42480,102,14
42481,0,3
42482,47,9
42483,0,3
42484,0,3
42485,0,3
42486,0,3
42487,0,3
42488,26,7
42489,126,17
42490,130,12
42491,0,3
42492,132,17
42493,0,3
42494,137,16
42495,59,9
42496,133,22
42497,31,9
42498,0,3
42499,75,14
42500,0,3
42501,0,3
42502,78,14
42503,0,3
42504,25,9
42505,176,20
42506,86,13
42507,160,15
42508,0,3
42509,0,3
42510,106,16
42511,0,3
42512,135,19
42513,81,14
42514,89,13
42515,0,3
42516,8,4
42517,251,20
42518,139,19
42519,0,3
42520,105,13
42521,79,8
42522,0,3
42523,140,24
42524,103,20
42525,113,18
42526,83,12
42527,67,11
42528,164,24
42529,86,14
42530,173,24
42531,107,12
42532,0,3
42533,53,7
42534,47,7
42535,0,3
42536,87,16
42537,47,7
42538,0,3
42539,118,17
42540,194,22
42541,0,3
42542,191,21
42543,111,17
42544,78,12
42545,0,3
42546,0,3
42547,9,7
42548,0,3
42549,81,12
42550,0,3
42551,0,3
42552,95,14
42553,0,3
42554,102,17
42555,0,3
42556,81,14
42557,0,3
42558,150,17
42559,51,11
42560,88,13
42561,0,3
42562,105,15
42563,0,3
42564,125,17
42565,0,3
42566,109,12
42567,48,9
42568,0,3
42569,91,12
42570,0,3
42571,0,3
42572,185,15
42573,91,12
42574,194,17
42575,96,14
42576,183,19
42577,125,16
42578,0,3
42579,81,15
42580,118,16
42581,8,3
42582,86,13
42583,147,19
42584,0,3
42585,59,11
42586,0,3
42587,111,14
42588,0,3
42589,122,17
42590,138,15
42591,0,3
42592,145,17
42593,174,18
42594,149,20
42595,70,12
42596,148,16
42597,81,10
42598,0,3
42599,159,21
42600,0,3
42601,135,18
42602,180,18
42603,69,11
42604,51,6
42605,52,6
42606,0,3
42607,0,3
42608,0,3
42609,19,6
42610,0,3
42611,118,18
42612,95,12
42613,0,3
42614,59,12
42615,56,9
42616,118,19
42617,145,21
42618,0,3
42619,116,13
42620,0,3
42621,0,3
42622,0,3
42623,66,9
42624,0,3
42625,61,12
42626,132,20
42627,31,9
42628,0,3
42629,77,12
42630,0,3
42631,0,3
42632,117,19
42633,0,3
42634,0,3
42635,30,5
42636,92,16
42637,0,3
42638,68,11
42639,58,8
42640,178,22
42641,97,18
42642,4,3
42643,0,3
42644,81,11
42645,159,18
42646,0,3
42647,68,15
42648,0,3
42649,68,13
42650,0,3
42651,105,12
42652,112,18
42653,65,9
42654,0,3
42655,148,11
42656,97,19
42657,0,3
42658,0,3
42659,0,3
42660,0,3
42661,16,5
42662,0,3
42663,0,3
42664,0,3
42665,0,3
42666,0,3
42667,0,3
42668,0,3
42669,0,3
42670,85,13
42671,225,21
42672,0,3
42673,0,3
42674,0,3
42675,0,3
42676,73,12
42677,87,15
42678,0,3
42679,164,17
42680,0,3
42681,0,3
42682,40,9
42683,462,26
42684,65,15
42685,40,7
42686,99,15
42687,54,7
42688,116,17
42689,0,3
42690,169,14
42691,0,3
42692,62,10
42693,0,3
42694,9,5
42695,133,20
42696,121,17
42697,0,3
42698,0,3
42699,0,3
42700,27,8
42701,122,18
42702,114,13
42703,0,3
42704,0,3
42705,140,17
42706,187,7
42707,0,3
42708,166,26
42709,35,7
42710,73,14
42711,142,23
42712,55,9
42713,175,19
42714,73,16
42715,97,14
42716,87,12
42717,0,3
42718,77,11
42719,0,3
42720,113,14
42721,0,3
42722,0,3
42723,0,3
42724,0,3
42725,83,13
42726,0,3
42727,102,15
42728,207,23
42729,0,3
42730,0,3
42731,48,8
42732,4,3
42733,0,3
42734,57,13
42735,0,3
42736,135,19
42737,117,22
42738,0,3
42739,112,14
42740,0,3
42741,75,12
42742,131,17
42743,104,12
42744,76,10
42745,98,13
42746,0,3
42747,45,8
42748,131,18
42749,0,3
42750,65,8
42751,0,3
42752,0,3
42753,191,23
42754,121,15
42755,89,15
42756,0,3
42757,0,3
42758,132,20
42759,0,3
42760,125,20
42761,89,13
42762,0,3
42763,72,17
42764,123,15
42765,41,9
42766,7,3
42767,0,3
42768,0,3
42769,130,19
42770,85,15
42771,65,12
42772,108,21
42773,152,18
42774,77,11
42775,0,3
42776,0,3
42777,66,12
42778,75,12
42779,55,9
42780,0,3
42781,0,3
42782,135,18
42783,23,7
42784,160,20
42785,0,3
42786,21,5
42787,0,3
42788,0,3
42789,0,3
42790,0,3
42791,63,11
42792,70,13
42793,31,7
42794,98,16
42795,0,3
42796,209,20
42797,17,6
42798,0,3
42799,143,15
42800,88,16
42801,114,13
42802,0,3
42803,0,3
42804,103,13
42805,156,21
42806,199,27
42807,50,11
42808,96,13
42809,12,5
42810,98,16
42811,0,3
42812,0,3
42813,172,13
42814,0,3
42815,53,13
42816,163,22
42817,17,3
42818,0,3
42819,68,12
42820,197,24
42821,115,15
42822,0,3
42823,0,3
42824,73,14
42825,163,25
42826,89,13
42827,0,3
42828,0,3
42829,0,3
42830,160,18
42831,0,3
42832,138,15
42833,92,14
42834,92,15
42835,72,13
42836,0,3
42837,0,3
42838,97,13
42839,66,11
42840,179,18
42841,72,14
42842,78,9
42843,2,3
42844,0,3
42845,103,15
42846,125,17
42847,27,8
42848,0,3
42849,0,3
42850,171,20
42851,0,3
42852,100,12
42853,58,9
42854,52,11
42855,175,14
42856,81,12
42857,157,18
42858,127,17
42859,0,3
42860,101,16
42861,45,10
42862,54,7
42863,90,15
42864,67,13
42865,0,3
42866,233,12
42867,92,16
42868,144,22
42869,0,3
42870,77,15
42871,0,3
42872,0,3
42873,130,11
42874,207,23
42875,148,20
42876,75,11
42877,180,25
42878,41,8
42879,162,18
42880,48,7
42881,90,15
42882,0,3
42883,351,19
42884,1000,17
42885,0,3
42886,147,17
42887,162,19
42888,103,15
42889,54,13
42890,0,3
42891,0,3
42892,0,3
42893,54,12
42894,153,19
42895,194,8
42896,115,17
42897,62,8
42898,151,17
42899,160,16
42900,194,22
42901,0,3
42902,0,3
42903,89,10
42904,48,9
42905,172,10
42906,0,3
42907,78,13
42908,15,4
42909,32,5
42910,0,3
42911,106,17
42912,28,5
42913,170,20
42914,69,13
42915,31,8
42916,134,22
42917,21,7
42918,169,25
42919,0,3
42920,74,10
42921,128,15
42922,0,3
42923,0,3
42924,66,13
42925,163,20
42926,135,12
42927,87,12
42928,0,3
42929,0,3
42930,94,12
42931,0,3
42932,0,3
42933,243,26
42934,139,20
42935,135,14
42936,122,20
42937,120,15
42938,99,15
42939,0,3
42940,189,22
42941,126,13
42942,109,16
42943,0,3
42944,69,9
42945,134,15
42946,144,4
42947,98,11
42948,26,6
42949,0,3
42950,0,3
42951,64,8
42952,613,19
42953,224,19
42954,127,19
42955,26,6
42956,3,3
42957,90,15
42958,93,12
42959,0,3
42960,0,3
42961,139,17
42962,0,3
42963,0,3
42964,215,24
42965,177,20
42966,28,7
42967,0,3
42968,0,3
42969,64,12
42970,76,12
42971,175,17
42972,84,12
42973,26,8
42974,0,3
42975,119,13
42976,148,15
42977,218,21
42978,0,3
42979,107,12
42980,137,14
42981,0,3
42982,88,6
42983,0,3
42984,66,12
42985,142,17
42986,101,13
42987,0,3
42988,151,16
42989,176,24
42990,0,3
42991,0,3
42992,59,10
42993,0,3
42994,54,5
42995,84,16
42996,0,3
42997,75,13
42998,0,3
42999,81,12
43000,0,3
43001,132,17
43002,0,3
43003,0,3
43004,101,12
43005,3,3
43006,0,3
43007,0,3
43008,0,3
43009,70,10
43010,66,12
43011,116,15
43012,0,3
43013,0,3
43014,218,20
43015,122,15
43016,101,13
43017,0,3
43018,54,11
43019,126,15
43020,0,3
43021,0,3
43022,89,14
43023,103,12
43024,0,3
43025,67,7
43026,141,20
43027,181,25
43028,106,16
43029,112,14
43030,95,7
43031,50,11
43032,121,12
43033,0,3
43034,176,21
43035,121,16
43036,173,15
43037,207,24
43038,82,17
43039,59,11
43040,107,16
43041,0,3
43042,0,3
43043,108,19
43044,61,14
43045,0,3
43046,283,25
43047,271,26
43048,23,4
43049,47,5
43050,0,3
43051,0,3
43052,85,14
43053,0,3
43054,97,15
43055,47,8
43056,44,10
43057,0,3
43058,0,3
43059,0,3
43060,98,17
43061,0,3
43062,0,3
43063,0,3
43064,0,3
43065,55,6
43066,115,13
43067,77,13
43068,135,15
43069,113,14
43070,0,3
43071,80,13
43072,48,9
43073,0,3
43074,94,12
43075,77,8
43076,169,12
43077,217,27
43078,141,13
43079,0,3
43080,32,8
43081,102,16
43082,233,18
43083,108,11
43084,0,3
43085,0,3
43086,127,11
43087,0,3
43088,146,21
43089,8,3
43090,121,14
43091,0,3
43092,0,3
43093,76,12
43094,96,12
43095,148,16
43096,32,9
43097,134,23
43098,107,15
43099,71,16
43100,0,3
43101,169,17
43102,101,17
43103,67,10
43104,182,18
43105,110,17
43106,0,3
43107,15,4
43108,102,12
43109,0,3
43110,0,3
43111,53,4
43112,89,15
43113,148,15
43114,0,3
43115,144,11
43116,70,10
43117,0,3
43118,0,3
43119,88,10
43120,67,14
43121,99,10
43122,147,20
43123,206,22
43124,74,13
43125,0,3
43126,232,9
43127,137,16
43128,183,18
43129,72,11
43130,0,3
43131,30,5
43132,0,3
43133,205,24
43134,99,16
43135,102,13
43136,157,13
43137,198,20
43138,0,3
43139,56,9
43140,0,3
43141,122,15
43142,0,3
43143,0,3
43144,21,8
43145,82,12
43146,185,20
43147,100,12
43148,120,17
43149,0,3
43150,0,3
43151,105,15
43152,0,3
43153,169,22
43154,0,3
43155,150,15
43156,144,19
43157,176,20
43158,156,26
43159,77,9
43160,0,3
43161,59,12
43162,126,18
43163,0,3
43164,217,27
43165,0,3
43166,104,15
43167,148,17
43168,169,21
43169,0,3
43170,0,3
43171,0,3
43172,0,3
43173,0,3
43174,90,9
43175,167,15
43176,124,17
43177,92,17
43178,134,13
43179,0,3
43180,113,16
43181,0,3
43182,73,10
43183,186,23
43184,0,3
43185,0,3
43186,166,16
43187,0,3
43188,0,3
43189,0,3
43190,143,22
43191,81,19
43192,0,3
43193,0,3
43194,0,3
43195,0,3
43196,149,18
43197,141,21
43198,148,19
43199,30,6
43200,135,20
43201,0,3
43202,270,19
43203,0,3
43204,161,22
43205,0,3
43206,167,17
43207,204,19
43208,0,3
43209,0,3
43210,185,19
43211,127,17
43212,70,17
43213,5,3
43214,0,3
43215,67,12
43216,167,20
43217,2,3
43218,23,6
43219,156,18
43220,0,3
43221,0,3
43222,56,6
43223,92,16
43224,112,14
43225,45,12
43226,120,17
43227,79,15
43228,146,20
43229,95,15
43230,203,20
43231,60,12
43232,0,3
43233,71,12
43234,0,3
43235,15,4
43236,105,22
43237,0,3
43238,54,10
43239,126,20
43240,0,3
43241,109,14
43242,161,23
43243,0,3
43244,0,3
43245,0,3
43246,106,18
43247,38,8
43248,0,3
43249,106,19
43250,189,19
43251,0,3
43252,0,3
43253,3,3
43254,37,7
43255,111,11
43256,113,17
43257,0,3
43258,0,3
43259,100,16
43260,0,3
43261,41,10
43262,0,3
43263,112,13
43264,21,6
43265,58,9
43266,0,3
43267,112,19
43268,0,3
43269,2,3
43270,0,3
43271,0,3
43272,31,8
43273,83,11
43274,160,15
43275,112,15
43276,181,12
43277,0,3
43278,49,11
43279,0,3
43280,175,20
43281,126,20
43282,88,16
43283,0,3
43284,204,19
43285,154,21
43286,0,3
43287,70,13
43288,130,24
43289,86,13
43290,0,3
43291,0,3
43292,0,3
43293,77,11
43294,103,12
43295,0,3
43296,2,3
43297,94,13
43298,118,18
43299,0,3
43300,0,3
43301,142,17
43302,0,3
43303,188,5
43304,0,3
43305,0,3
43306,0,3
43307,94,13
43308,219,26
43309,32,11
43310,0,3
43311,158,25
43312,204,23
43313,0,3
43314,159,21
43315,0,3
43316,0,3
43317,120,17
43318,70,10
43319,83,18
43320,0,3
43321,23,6
43322,57,11
43323,181,24
43324,0,3
43325,74,13
43326,138,18
43327,212,17
43328,17,7
43329,78,13
43330,0,3
43331,0,3
43332,0,3
43333,46,9
43334,0,3
43335,0,3
43336,216,23
43337,93,17
43338,154,17
43339,164,14
43340,131,13
43341,92,11
43342,0,3
43343,104,14
43344,77,10
43345,0,3
43346,196,25
43347,0,3
43348,30,8
43349,40,9
43350,0,3
43351,0,3
43352,168,16
43353,0,3
43354,0,3
43355,0,3
43356,124,20
43357,130,23
43358,0,3
43359,133,19
43360,256,15
43361,0,3
43362,0,3
43363,90,16
43364,140,19
43365,0,3
43366,130,21
43367,131,18
43368,186,22
43369,115,20
43370,0,3
43371,211,18
43372,0,3
43373,124,17
43374,72,11
43375,0,3
43376,162,22
43377,86,9
43378,89,12
43379,167,21
43380,0,3
43381,111,20
43382,201,16
43383,120,10
43384,0,3
43385,0,3
43386,134,15
43387,83,10
43388,163,18
43389,0,3
43390,4,3
43391,48,9
43392,0,3
43393,89,14
43394,72,13
43395,28,6
43396,0,3
43397,106,22
43398,95,14
43399,0,3
43400,0,3
43401,113,14
43402,147,15
43403,0,3
43404,0,3
43405,111,15
43406,0,3
43407,86,12
43408,0,3
43409,185,25
43410,64,10
43411,0,3
43412,74,10
43413,9,3
43414,111,20
43415,0,3
43416,94,13
43417,108,15
43418,110,13
43419,159,20
43420,14,3
43421,242,20
43422,0,3
43423,0,3
43424,0,3
43425,93,9
43426,29,7
43427,77,17
43428,49,11
43429,89,11
43430,152,15
43431,108,14
43432,0,3
43433,162,21
43434,0,3
43435,176,20
43436,60,13
43437,0,3
43438,51,6
43439,232,28
43440,20,6
43441,230,27
43442,0,3
43443,42,11
43444,79,11
43445,232,27
43446,31,7
43447,89,14
43448,0,3
43449,0,3
43450,180,20
43451,129,13
43452,134,19
43453,0,3
43454,158,20
43455,67,11
43456,120,14
43457,0,3
43458,22,4
43459,91,18
43460,46,6
43461,153,15
43462,131,15
43463,47,11
43464,0,3
43465,115,15
43466,109,20
43467,231,24
43468,183,9
43469,111,20
43470,0,3
43471,0,3
43472,173,20
43473,114,12
43474,54,8
43475,0,3
43476,0,3
43477,420,14
43478,86,17
43479,218,28
43480,31,7
43481,87,12
43482,0,3
43483,17,3
43484,0,3
43485,0,3
43486,104,16
43487,167,22
43488,0,3
43489,181,21
43490,137,17
43491,49,11
43492,103,16
43493,22,4
43494,137,18
43495,0,3
43496,0,3
43497,22,5
43498,150,18
43499,136,20
43500,129,12
43501,190,19
43502,0,3
43503,158,14
43504,0,3
43505,164,24
43506,78,14
43507,97,15
43508,95,15
43509,88,14
43510,0,3
43511,74,10
43512,0,3
43513,0,3
43514,74,12
43515,124,23
43516,128,18
43517,0,3
43518,131,18
43519,0,3
43520,160,19
43521,65,12
43522,85,16
43523,25,6
43524,0,3
43525,51,10
43526,77,11
43527,0,3
43528,128,20
43529,70,10
43530,0,3
43531,158,19
43532,202,17
43533,187,23
43534,79,13
43535,0,3
43536,153,25
43537,85,14
43538,134,17
43539,49,10
43540,105,13
43541,84,14
43542,0,3
43543,0,3
43544,106,16
43545,0,3
43546,0,3
43547,41,9
43548,56,12
43549,0,3
43550,0,3
43551,179,20
43552,107,17
43553,0,3
43554,33,7
43555,0,3
43556,0,3
43557,90,8
43558,104,15
43559,46,9
43560,164,22
43561,0,3
43562,3,3
43563,133,14
43564,25,9
43565,0,3
43566,148,12
43567,0,3
43568,172,22
43569,77,14
43570,114,18
43571,0,3
43572,41,8
43573,123,20
43574,0,3
43575,155,21
43576,166,19
43577,0,3
43578,49,8
43579,0,3
43580,0,3
43581,152,16
43582,65,9
43583,0,3
43584,0,3
43585,192,24
43586,0,3
43587,87,13
43588,0,3
43589,0,3
43590,102,16
43591,146,15
43592,90,18
43593,57,10
43594,199,25
43595,154,18
43596,0,3
43597,0,3
43598,167,21
43599,123,14
43600,0,3
43601,108,17
43602,144,18
43603,142,22
43604,192,17
43605,164,22
43606,0,3
43607,0,3
43608,4,3
43609,0,3
43610,15,7
43611,0,3
43612,0,3
43613,143,16
43614,199,26
43615,0,3
43616,0,3
43617,13,7
43618,0,3
43619,203,19
43620,68,16
43621,38,9
43622,107,11
43623,141,20
43624,50,8
43625,56,9
43626,59,6
43627,119,20
43628,64,14
43629,137,15
43630,52,11
43631,0,3
43632,0,3
43633,0,3
43634,234,24
43635,0,3
43636,11,7
43637,0,3
43638,0,3
43639,104,11
43640,0,3
43641,92,12
43642,71,12
43643,52,11
43644,83,18
43645,97,14
43646,83,11
43647,164,23
43648,3,3
43649,132,19
43650,0,3
43651,152,20
43652,0,3
43653,83,13
43654,59,9
43655,94,15
43656,115,18
43657,0,3
43658,60,11
43659,108,17
43660,90,10
43661,0,3
43662,0,3
43663,0,3
43664,0,3
43665,153,18
43666,0,3
43667,0,3
43668,45,11
43669,0,3
43670,110,14
43671,128,17
43672,194,19
43673,0,3
43674,177,17
43675,0,3
43676,252,23
43677,146,23
43678,119,17
43679,103,15
43680,160,16
43681,0,3
43682,63,12
43683,156,19
43684,103,15
43685,90,15
43686,60,10
43687,74,16
43688,90,14
43689,68,10
43690,47,13
43691,111,18
43692,0,3
43693,0,3
43694,0,3
43695,211,21
43696,149,18
43697,192,20
43698,36,6
43699,196,18
43700,0,3
43701,0,3
43702,80,13
43703,52,10
43704,87,14
43705,39,9
43706,90,15
43707,0,3
43708,178,16
43709,81,14
43710,0,3
43711,243,22
43712,0,3
43713,0,3
43714,56,8
43715,131,24
43716,99,15
43717,0,3
43718,0,3
43719,0,3
43720,21,4
43721,109,16
43722,0,3
43723,117,18
43724,97,15
43725,0,3
43726,117,15
43727,0,3
43728,171,19
43729,0,3
43730,73,13
43731,0,3
43732,102,11
43733,34,7
43734,0,3
43735,141,18
43736,68,14
43737,30,8
43738,120,17
43739,72,10
43740,0,3
43741,63,10
43742,0,3
43743,117,21
43744,79,12
43745,0,3
43746,0,3
43747,0,3
43748,8,5
43749,102,13
43750,0,3
43751,0,3
43752,0,3
43753,52,10
43754,78,14
43755,0,3
43756,0,3
43757,200,21
43758,92,14
43759,0,3
43760,0,3
43761,0,3
43762,51,6
43763,22,7
43764,108,9
43765,155,17
43766,0,3
43767,146,17
43768,116,13
43769,0,3
43770,113,17
43771,141,15
43772,0,3
43773,136,18
43774,161,21
43775,0,3
43776,9,4
43777,118,19
43778,48,9
43779,0,3
43780,0,3
43781,129,16
43782,55,10
43783,96,15
43784,0,3
43785,0,3
43786,229,24
43787,0,3
43788,35,8
43789,12,4
43790,67,10
43791,62,9
43792,93,13
43793,112,15
43794,165,23
43795,337,15
43796,111,17
43797,62,11
43798,0,3
43799,111,11
43800,123,23
43801,39,9
43802,0,3
43803,115,25
43804,0,3
43805,156,17
43806,41,8
43807,170,23
43808,177,26
43809,164,17
43810,10,7
43811,76,12
43812,108,18
43813,125,19
43814,67,13
43815,4,3
43816,0,3
43817,91,10
43818,0,3
43819,11,3
43820,0,3
43821,194,20
43822,79,11
43823,82,12
43824,203,23
43825,41,10
43826,0,3
43827,23,5
43828,0,3
43829,160,16
43830,0,3
43831,104,17
43832,0,3
43833,96,14
43834,0,3
43835,0,3
43836,0,3
43837,0,3
43838,0,3
43839,0,3
43840,22,4
43841,0,3
43842,0,3
43843,93,9
43844,0,3
43845,46,10
43846,0,3
43847,39,7
43848,0,3
43849,84,13
43850,149,13
43851,131,20
43852,0,3
43853,0,3
43854,167,22
43855,0,3
43856,0,3
43857,0,3
43858,203,28
43859,167,20
43860,25,6
43861,0,3
43862,64,9
43863,132,17
43864,66,9
43865,81,11
43866,87,15
43867,0,3
43868,94,17
43869,0,3
43870,221,6
43871,0,3
43872,127,20
43873,111,17
43874,201,19
43875,116,17
43876,53,6
43877,148,16
43878,193,20
43879,125,21
43880,92,15
43881,157,16
43882,174,23
43883,152,20
43884,2,3
43885,224,22
43886,0,3
43887,209,23
43888,53,9
43889,68,13
43890,0,3
43891,127,13
43892,112,17
43893,198,24
43894,0,3
43895,190,16
43896,0,3
43897,121,15
43898,0,3
43899,226,21
43900,0,3
43901,85,12
43902,74,7
43903,214,22
43904,97,12
43905,132,18
43906,11,5
43907,0,3
43908,62,10
43909,33,10
43910,121,18
43911,259,21
43912,116,16
43913,0,3
43914,142,19
43915,0,3
43916,67,9
43917,220,22
43918,0,3
43919,45,8
43920,98,9
43921,196,22
43922,109,12
43923,0,3
43924,0,3
43925,100,17
43926,33,9
43927,85,8
43928,0,3
43929,0,3
43930,0,3
43931,94,13
43932,57,10
43933,398,4
43934,0,3
43935,0,3
43936,119,16
43937,0,3
43938,0,3
43939,51,9
43940,57,12
43941,148,19
43942,87,12
43943,19,4
43944,0,3
43945,0,3
43946,102,15
43947,0,3
43948,0,3
43949,87,8
43950,0,3
43951,138,16
43952,129,11
43953,0,3
43954,185,12
43955,110,16
43956,0,3
43957,0,3
43958,0,3
43959,103,9
43960,167,18
43961,23,4
43962,206,22
43963,88,15
43964,30,5
43965,166,20
43966,0,3
43967,0,3
43968,0,3
43969,0,3
43970,73,13
43971,66,9
43972,228,23
43973,208,18
43974,0,3
43975,0,3
43976,0,3
43977,156,17
43978,0,3
43979,0,3
43980,62,12
43981,66,10
43982,0,3
43983,56,10
43984,145,23
43985,0,3
43986,109,15
43987,0,3
43988,259,16
43989,225,15
43990,160,19
43991,103,12
43992,150,21
43993,0,3
43994,436,11
43995,0,3
43996,133,17
43997,170,11
43998,0,3
43999,109,15
44000,117,14
44001,0,3
44002,47,7
44003,0,3
44004,0,3
44005,198,24
44006,83,8
44007,90,15
44008,104,16
44009,131,14
44010,111,17
44011,1,3
44012,256,31
44013,0,3
44014,254,22
44015,0,3
44016,0,3
44017,70,9
44018,141,21
44019,148,16
44020,292,26
44021,0,3
44022,0,3
44023,0,3
44024,0,3
44025,41,9
44026,456,17
44027,0,3
44028,0,3
44029,172,14
44030,0,3
44031,92,14
44032,144,12
44033,41,8
44034,167,17
44035,0,3
44036,113,15
44037,0,3
44038,0,3
44039,251,24
44040,111,18
44041,0,3
44042,243,24
44043,116,17
44044,113,19
44045,100,16
44046,53,11
44047,96,15
44048,96,14
44049,0,3
44050,88,14
44051,104,15
44052,0,3
44053,20,3
44054,52,9
44055,226,22
44056,0,3
44057,57,13
44058,88,8
44059,138,19
44060,0,3
44061,0,3
44062,105,12
44063,118,17
44064,0,3
44065,71,10
44066,119,17
44067,66,11
44068,77,11
44069,8,4
44070,3,3
44071,98,19
44072,0,3
44073,70,11
44074,120,17
44075,14,4
44076,0,3
44077,0,3
44078,201,22
44079,0,3
44080,61,10
44081,149,15
44082,0,3
44083,96,17
44084,0,3
44085,0,3
44086,0,3
44087,35,9
44088,0,3
44089,0,3
44090,191,20
44091,0,3
44092,122,17
44093,165,13
44094,160,23
44095,0,3
44096,221,17
44097,83,16
44098,126,17
44099,112,19
44100,114,16
44101,0,3
44102,145,20
44103,182,23
44104,0,3
44105,36,10
44106,0,3
44107,64,13
44108,78,14
44109,137,16
44110,69,11
44111,0,3
44112,156,24
44113,0,3
44114,189,23
44115,82,14
44116,143,15
44117,0,3
44118,181,14
44119,11,6
44120,77,12
44121,0,3
44122,0,3
44123,0,3
44124,39,8
44125,0,3
44126,120,17
44127,0,3
44128,93,14
44129,232,18
44130,54,12
44131,0,3
44132,173,23
44133,59,9
44134,134,18
44135,0,3
44136,145,18
44137,0,3
44138,0,3
44139,213,11
44140,146,16
44141,0,3
44142,181,26
44143,159,23
44144,42,11
44145,0,3
44146,0,3
44147,152,21
44148,63,11
44149,141,18
44150,0,3
44151,0,3
44152,89,13
44153,0,3
44154,0,3
44155,124,10
44156,154,19
44157,0,3
44158,0,3
44159,0,3
44160,36,4
44161,64,10
44162,75,13
44163,0,3
44164,33,6
44165,102,13
44166,175,24
44167,95,19
44168,214,21
44169,0,3
44170,0,3
44171,164,19
44172,155,18
44173,0,3
44174,102,16
44175,113,18
44176,195,20
44177,87,14
44178,48,10
44179,73,11
44180,68,12
44181,26,6
44182,83,15
44183,1,3
44184,66,15
44185,121,17
44186,0,3
44187,0,3
44188,134,15
44189,107,14
44190,142,18
44191,0,3
44192,0,3
44193,260,24
44194,153,20
44195,0,3
44196,0,3
44197,94,13
44198,154,17
44199,0,3
44200,135,19
44201,0,3
44202,156,21
44203,0,3
44204,167,21
44205,0,3
44206,0,3
44207,130,18
44208,193,20
44209,87,13
44210,137,20
44211,113,13
44212,17,7
44213,73,13
44214,21,4
44215,130,17
44216,38,8
44217,90,14
44218,86,14
44219,0,3
44220,77,11
44221,0,3
44222,149,24
44223,96,16
44224,129,15
44225,0,3
44226,0,3
44227,0,3
44228,0,3
44229,43,9
44230,26,6
44231,0,3
44232,0,3
44233,92,17
44234,0,3
44235,0,3
44236,174,16
44237,192,24
44238,0,3
44239,68,12
44240,111,20
44241,0,3
44242,98,12
44243,184,21
44244,163,17
44245,146,15
44246,92,12
44247,0,3
44248,0,3
44249,107,20
44250,63,10
44251,24,7
44252,152,19
44253,79,11
44254,75,11
44255,101,12
44256,0,3
44257,0,3
44258,5,4
44259,116,13
44260,0,3
44261,81,8
44262,368,17
44263,137,26
44264,0,3
44265,143,11
44266,0,3
44267,173,21
44268,98,14
44269,90,15
44270,0,3
44271,0,3
44272,0,3
44273,209,26
44274,183,21
44275,109,13
44276,35,7
44277,31,9
44278,110,16
44279,0,3
44280,0,3
44281,167,21
44282,201,23
44283,80,9
44284,0,3
44285,0,3
44286,110,17
44287,146,20
44288,0,3
44289,178,20
44290,178,22
44291,0,3
44292,102,11
44293,82,13
44294,0,3
44295,142,22
44296,0,3
44297,51,9
44298,0,3
44299,22,7
44300,0,3
44301,0,3
44302,33,5
44303,0,3
44304,206,23
44305,0,3
44306,139,20
44307,0,3
44308,67,13
44309,0,3
44310,71,13
44311,71,9
44312,0,3
44313,0,3
44314,73,8
44315,90,14
44316,0,3
44317,0,3
44318,189,19
44319,165,21
44320,52,7
44321,166,23
44322,143,21
44323,12,6
44324,71,7
44325,31,6
44326,142,19
44327,58,11
44328,41,5
44329,44,9
44330,106,11
44331,0,3
44332,0,3
44333,183,25
44334,0,3
44335,122,15
44336,155,20
44337,0,3
44338,158,25
44339,84,10
44340,184,24
44341,0,3
44342,33,9
44343,159,18
44344,0,3
44345,0,3
44346,0,3
44347,147,21
44348,128,16
44349,38,12
44350,39,9
44351,44,7
44352,0,3
44353,45,5
44354,126,20
44355,0,3
44356,0,3
44357,158,22
44358,207,22
44359,91,15
44360,132,16
44361,0,3
44362,146,15
44363,126,18
44364,141,18
44365,122,17
44366,0,3
44367,89,18
44368,74,15
44369,83,11
44370,100,14
44371,91,16
44372,86,11
44373,35,9
44374,0,3
44375,83,14
44376,83,12
44377,28,6
44378,0,3
44379,0,3
44380,218,16
44381,0,3
44382,72,10
44383,125,17
44384,0,3
44385,0,3
44386,0,3
44387,125,18
44388,513,19
44389,83,11
44390,59,12
44391,32,10
44392,136,24
44393,134,18
44394,0,3
44395,0,3
44396,0,3
44397,0,3
44398,210,23
44399,94,14
44400,168,26
44401,0,3
44402,0,3
44403,0,3
44404,0,3
44405,127,17
44406,109,17
44407,103,12
44408,71,10
44409,0,3
44410,35,9
44411,176,21
44412,0,3
44413,187,25
44414,141,18
44415,0,3
44416,138,12
44417,245,26
44418,173,22
44419,83,11
44420,71,11
44421,48,8
44422,80,9
44423,0,3
44424,0,3
44425,130,17
44426,47,8
44427,0,3
44428,131,16
44429,131,20
44430,0,3
44431,242,25
44432,110,12
44433,0,3
44434,49,10
44435,0,3
44436,141,18
44437,0,3
44438,120,18
44439,71,11
44440,0,3
44441,0,3
44442,0,3
44443,45,10
44444,94,13
44445,37,8
44446,70,13
44447,74,15
44448,0,3
44449,0,3
44450,13,5
44451,0,3
44452,95,15
44453,78,14
44454,108,15
44455,0,3
44456,89,14
44457,0,3
44458,164,21
44459,116,14
44460,0,3
44461,76,11
44462,98,12
44463,133,17
44464,180,20
44465,149,18
44466,348,8
44467,164,27
44468,0,3
44469,243,20
44470,0,3
44471,14,3
44472,0,3
44473,247,17
44474,102,16
44475,71,12
44476,0,3
44477,0,3
44478,99,7
44479,16,4
44480,0,3
44481,0,3
44482,0,3
44483,23,5
44484,227,23
44485,87,15
44486,107,16
44487,0,3
44488,0,3
44489,182,13
44490,0,3
44491,146,22
44492,132,14
44493,36,8
44494,134,17
44495,180,18
44496,52,9
44497,0,3
44498,181,26
44499,42,11
44500,0,3
44501,213,20
44502,11,4
44503,0,3
44504,0,3
44505,0,3
44506,67,12
44507,66,15
44508,0,3
44509,123,16
44510,0,3
44511,133,16
44512,130,15
44513,141,20
44514,35,7
44515,0,3
44516,0,3
44517,57,11
44518,77,12
44519,0,3
44520,21,7
44521,0,3
44522,36,7
44523,36,5
44524,169,27
44525,169,14
44526,115,15
44527,221,27
44528,41,8
44529,64,10
44530,195,19
44531,0,3
44532,0,3
44533,71,15
44534,0,3
44535,0,3
44536,0,3
44537,160,19
44538,123,11
44539,176,21
44540,86,14
44541,0,3
44542,128,16
44543,0,3
44544,0,3
44545,102,18
44546,67,14
44547,126,15
44548,0,3
44549,159,20
44550,0,3
44551,0,3
44552,0,3
44553,43,12
44554,22,5
44555,0,3
44556,174,18
44557,0,3
44558,46,8
44559,76,10
44560,161,21
44561,266,4
44562,109,17
44563,0,3
44564,89,14
44565,138,22
44566,116,17
44567,0,3
44568,96,15
44569,0,3
44570,37,7
44571,110,18
44572,166,22
44573,68,9
44574,0,3
44575,126,16
44576,96,12
44577,36,7
44578,0,3
44579,0,3
44580,110,15
44581,177,16
44582,156,19
44583,45,10
44584,149,17
44585,0,3
44586,0,3
44587,101,14
44588,0,3
44589,126,15
44590,0,3
44591,110,16
44592,0,3
44593,0,3
44594,105,16
44595,0,3
44596,154,7
44597,169,17
44598,7,4
44599,105,13
44600,0,3
44601,0,3
44602,96,15
44603,61,10
44604,0,3
44605,118,9
44606,115,19
44607,240,29
44608,143,20
44609,0,3
44610,176,20
44611,154,20
44612,136,19
44613,10,5
44614,127,19
44615,202,20
44616,72,11
44617,94,15
44618,119,17
44619,138,18
44620,222,6
44621,117,13
44622,85,14
44623,79,11
44624,221,17
44625,0,3
44626,61,10
44627,0,3
44628,125,16
44629,0,3
44630,65,11
44631,74,13
44632,65,8
44633,101,17
44634,0,3
44635,74,14
44636,104,15
44637,101,11
44638,94,17
44639,162,17
44640,123,17
44641,108,14
44642,0,3
44643,193,25
44644,63,9
44645,80,9
44646,0,3
44647,0,3
44648,157,21
44649,46,12
44650,0,3
44651,0,3
44652,0,3
44653,198,22
44654,131,16
44655,28,5
44656,0,3
44657,87,12
44658,0,3
44659,96,18
44660,0,3
44661,34,10
44662,139,21
44663,35,6
44664,116,17
44665,0,3
44666,162,25
44667,114,20
44668,183,12
44669,0,3
44670,79,11
44671,0,3
44672,100,16
44673,88,12
44674,0,3
44675,37,7
44676,0,3
44677,145,16
44678,139,22
44679,73,14
44680,0,3
44681,222,27
44682,97,14
44683,0,3
44684,123,17
44685,234,21
44686,237,19
44687,84,13
44688,0,3
44689,43,7
44690,152,15
44691,0,3
44692,151,16
44693,37,7
44694,141,17
44695,157,21
44696,115,16
44697,224,23
44698,99,16
44699,81,16
44700,149,22
44701,137,20
44702,0,3
44703,151,22
44704,0,3
44705,0,3
44706,206,25
44707,0,3
44708,0,3
44709,0,3
44710,87,11
44711,123,20
44712,36,7
44713,0,3
44714,0,3
44715,45,13
44716,123,15
44717,0,3
44718,26,7
44719,172,24
44720,38,8
44721,81,14
44722,142,23
44723,0,3
44724,144,15
44725,168,23
44726,0,3
44727,123,18
44728,82,14
44729,0,3
44730,178,21
44731,137,20
44732,0,3
44733,0,3
44734,135,18
44735,0,3
44736,71,14
44737,101,13
44738,47,11
44739,0,3
44740,0,3
44741,47,8
44742,0,3
44743,107,14
44744,111,18
44745,75,12
44746,115,13
44747,41,7
44748,225,24
44749,0,3
44750,15,4
44751,6,3
44752,66,9
44753,0,3
44754,136,17
44755,0,3
44756,0,3
44757,97,19
44758,0,3
44759,137,20
44760,15,5
44761,182,18
44762,23,5
44763,366,31
44764,0,3
44765,111,17
44766,126,17
44767,0,3
44768,41,10
44769,112,17
44770,93,10
44771,0,3
44772,16,4
44773,12,4
44774,154,12
44775,0,3
44776,97,12
44777,134,19
44778,111,15
44779,0,3
44780,0,3
44781,121,15
44782,0,3
44783,99,14
44784,42,10
44785,55,9
44786,119,19
44787,5,3
44788,0,3
44789,0,3
44790,124,16
44791,65,14
44792,144,22
44793,42,7
44794,155,19
44795,0,3
44796,68,11
44797,0,3
44798,0,3
44799,127,19
44800,93,11
44801,164,15
44802,0,3
44803,0,3
44804,181,22
44805,77,15
44806,0,3
44807,115,14
44808,162,21
44809,119,24
44810,53,14
44811,105,16
44812,131,17
44813,187,23
44814,78,15
44815,87,15
44816,0,3
44817,0,3
44818,158,21
44819,163,17
44820,0,3
44821,97,16
44822,687,21
44823,0,3
44824,0,3
44825,215,23
44826,0,3
44827,0,3
44828,0,3
44829,0,3
44830,0,3
44831,0,3
44832,145,25
44833,65,10
44834,94,17
44835,118,19
44836,80,12
44837,140,18
44838,135,18
44839,107,17
44840,44,11
44841,33,4
44842,192,21
44843,0,3
44844,0,3
44845,0,3
44846,73,14
44847,128,18
44848,0,3
44849,21,4
44850,66,11
44851,134,20
44852,0,3
44853,118,19
44854,21,6
44855,0,3
44856,119,14
44857,46,6
44858,81,12
44859,121,17
44860,0,3
44861,70,15
44862,237,23
44863,112,12
44864,0,3
44865,136,16
44866,129,16
44867,0,3
44868,54,7
44869,0,3
44870,0,3
44871,132,18
44872,163,26
44873,210,23
44874,0,3
44875,63,6
44876,374,10
44877,114,12
44878,77,10
44879,269,20
44880,0,3
44881,105,21
44882,30,7
44883,0,3
44884,0,3
44885,0,3
44886,177,26
44887,41,8
44888,154,18
44889,91,12
44890,73,14
44891,0,3
44892,0,3
44893,140,17
44894,0,3
44895,118,18
44896,139,17
44897,115,15
44898,140,20
44899,18,5
44900,157,27
44901,0,3
44902,78,17
44903,98,15
44904,129,12
44905,20,6
44906,0,3
44907,70,12
44908,120,12
44909,0,3
44910,6,4
44911,34,7
44912,0,3
44913,50,8
44914,0,3
44915,0,3
44916,41,7
44917,0,3
44918,0,3
44919,205,23
44920,116,17
44921,177,25
44922,0,3
44923,0,3
44924,0,3
44925,0,3
44926,158,19
44927,0,3
44928,113,17
44929,0,3
44930,98,12
44931,0,3
44932,92,11
44933,99,14
44934,172,19
44935,105,12
44936,86,15
44937,96,15
44938,0,3
44939,0,3
44940,147,12
44941,0,3
44942,0,3
44943,87,11
44944,0,3
44945,143,18
44946,0,3
44947,76,10
44948,117,16
44949,186,23
44950,0,3
44951,68,10
44952,133,18
44953,0,3
44954,69,12
44955,0,3
44956,263,23
44957,154,16
44958,60,11
44959,35,7
44960,183,23
44961,173,19
44962,190,22
44963,46,10
44964,46,7
44965,88,14
44966,0,3
44967,9,4
44968,125,20
44969,0,3
44970,117,20
44971,4,4
44972,142,17
44973,0,3
44974,142,16
44975,0,3
44976,101,15
44977,47,10
44978,117,13
44979,0,3
44980,0,3
44981,108,19
44982,0,3
44983,16,3
44984,0,3
44985,39,5
44986,0,3
44987,0,3
44988,130,17
44989,179,20
44990,134,18
44991,134,18
44992,0,3
44993,117,15
44994,172,18
44995,81,16
44996,37,8
44997,0,3
44998,0,3
44999,0,3
45000,21,7
45001,14,5
45002,15,4
45003,0,3
45004,0,3
45005,195,26
45006,68,13
45007,35,8
45008,219,19
45009,0,3
45010,0,3
45011,0,3
45012,200,24
45013,66,13
45014,106,15
45015,107,16
45016,0,3
45017,165,17
45018,129,19
45019,198,24
45020,128,23
45021,0,3
45022,75,14
45023,57,13
45024,0,3
45025,0,3
45026,0,3
45027,6,3
45028,0,3
45029,137,15
45030,92,10
45031,0,3
45032,72,15
45033,0,3
45034,49,8
45035,109,14
45036,151,18
45037,69,11
45038,281,28
45039,96,15
45040,0,3
45041,0,3
45042,0,3
45043,134,17
45044,0,3
45045,0,3
45046,166,20
45047,0,3
45048,116,19
45049,0,3
45050,0,3
45051,59,11
45052,0,3
45053,81,12
45054,133,20
45055,174,18
45056,43,9
45057,0,3
45058,0,3
45059,0,3
45060,0,3
45061,136,15
45062,0,3
45063,178,20
45064,101,14
45065,53,7
45066,14,5
45067,0,3
45068,0,3
45069,68,9
45070,0,3
45071,0,3
45072,46,9
45073,172,24
45074,0,3
45075,0,3
45076,0,3
45077,7,4
45078,0,3
45079,0,3
45080,42,10
45081,12,5
45082,107,17
45083,47,8
45084,74,11
45085,88,17
45086,0,3
45087,126,18
45088,104,20
45089,67,12
45090,65,15
45091,0,3
45092,62,12
45093,66,11
45094,86,14
45095,57,10
45096,0,3
45097,97,16
45098,0,3
45099,149,18
45100,145,16
45101,109,15
45102,106,14
45103,119,16
45104,116,20
45105,73,14
45106,105,18
45107,129,19
45108,552,20
45109,108,17
45110,0,3
45111,0,3
45112,0,3
45113,215,26
45114,193,17
45115,94,14
45116,194,27
45117,96,17
45118,41,10
45119,0,3
45120,0,3
45121,0,3
45122,67,11
45123,146,23
45124,163,23
45125,134,18
45126,0,3
45127,23,4
45128,0,3
45129,77,10
45130,118,20
45131,0,3
45132,176,19
45133,19,7
45134,193,14
45135,0,3
45136,48,8
45137,0,3
45138,35,8
45139,9,5
45140,0,3
45141,0,3
45142,111,18
45143,236,28
45144,107,19
45145,0,3
45146,0,3
45147,83,13
45148,0,3
45149,193,22
45150,27,6
45151,71,9
45152,46,6
45153,0,3
45154,69,10
45155,157,19
45156,127,16
45157,212,29
45158,2,3
45159,164,17
45160,170,21
45161,88,6
45162,0,3
45163,128,17
45164,91,13
45165,0,3
45166,0,3
45167,0,3
45168,84,13
45169,56,11
45170,0,3
45171,147,20
45172,0,3
45173,99,13
45174,155,18
45175,0,3
45176,71,16
45177,0,3
45178,0,3
45179,143,15
45180,185,20
45181,163,23
45182,0,3
45183,0,3
45184,87,14
45185,71,14
45186,5,4
45187,135,19
45188,725,26
45189,466,16
45190,0,3
45191,104,15
45192,89,12
45193,94,16
45194,144,21
45195,0,3
45196,0,3
45197,157,20
45198,98,12
45199,84,10
45200,23,6
45201,134,16
45202,262,13
45203,87,12
45204,11,4
45205,148,18
45206,96,13
45207,165,22
45208,66,15
45209,94,14
45210,129,19
45211,189,25
45212,93,13
45213,97,13
45214,0,3
45215,40,7
45216,0,3
45217,170,25
45218,55,7
45219,118,13
45220,0,3
45221,182,23
45222,0,3
45223,0,3
45224,93,13
45225,0,3
45226,110,18
45227,80,9
45228,0,3
45229,0,3
45230,0,3
45231,39,9
45232,106,15
45233,69,11
45234,45,7
45235,128,18
45236,170,9
45237,0,3
45238,0,3
45239,186,25
45240,0,3
45241,66,12
45242,117,15
45243,174,7
45244,110,14
45245,0,3
45246,0,3
45247,127,15
45248,0,3
45249,38,9
45250,0,3
45251,91,13
45252,53,9
45253,17,5
45254,74,12
45255,106,15
45256,0,3
45257,82,10
45258,110,20
45259,0,3
45260,133,22
45261,85,14
45262,185,24
45263,387,29
45264,0,3
45265,0,3
45266,0,3
45267,296,28
45268,0,3
45269,88,14
45270,91,13
45271,106,16
45272,51,8
45273,0,3
45274,0,3
45275,85,12
45276,234,23
45277,0,3
45278,15,5
45279,0,3
45280,26,7
45281,0,3
45282,176,21
45283,140,23
45284,0,3
45285,0,3
45286,0,3
45287,0,3
45288,0,3
45289,0,3
45290,140,22
45291,42,9
45292,0,3
45293,72,14
45294,94,15
45295,0,3
45296,77,7
45297,0,3
45298,0,3
45299,53,7
45300,0,3
45301,127,19
45302,184,26
45303,24,7
45304,98,18
45305,0,3
45306,0,3
45307,56,12
45308,0,3
45309,73,12
45310,0,3
45311,89,20
45312,0,3
45313,0,3
45314,0,3
45315,156,22
45316,0,3
45317,0,3
45318,114,18
45319,0,3
45320,737,12
45321,152,14
45322,23,4
45323,48,10
45324,43,9
45325,0,3
45326,0,3
45327,0,3
45328,278,13
45329,65,12
45330,0,3
45331,27,6
45332,93,15
45333,81,16
45334,3,3
45335,0,3
45336,30,5
45337,104,19
45338,111,15
45339,100,14
45340,122,14
45341,127,18
45342,1,3
45343,16,7
45344,85,13
45345,0,3
45346,174,24
45347,41,9
45348,0,3
45349,79,14
45350,29,3
45351,87,16
45352,0,3
45353,363,15
45354,97,12
45355,77,16
45356,0,3
45357,0,3
45358,118,18
45359,0,3
45360,53,9
45361,0,3
45362,0,3
45363,73,11
45364,0,3
45365,166,19
45366,185,27
45367,157,22
45368,128,19
45369,0,3
45370,157,20
45371,133,17
45372,0,3
45373,94,16
45374,112,15
45375,0,3
45376,18,4
45377,0,3
45378,60,11
45379,146,26
45380,0,3
45381,0,3
45382,0,3
45383,68,12
45384,23,6
45385,43,8
45386,102,16
45387,108,11
45388,106,12
45389,0,3
45390,0,3
45391,130,16
45392,104,14
45393,0,3
45394,0,3
45395,113,19
45396,79,10
45397,33,8
45398,24,7
45399,186,19
45400,0,3
45401,63,11
45402,0,3
45403,0,3
45404,0,3
45405,181,16
45406,0,3
45407,96,15
45408,118,14
45409,0,3
45410,0,3
45411,3,3
45412,0,3
45413,0,3
45414,146,27
45415,115,21
45416,133,16
45417,122,16
45418,204,18
45419,0,3
45420,24,6
45421,96,12
45422,0,3
45423,125,19
45424,56,11
45425,86,16
45426,0,3
45427,210,20
45428,12,4
45429,163,26
45430,66,9
45431,0,3
45432,139,19
45433,0,3
45434,185,25
45435,0,3
45436,163,21
45437,0,3
45438,0,3
45439,32,6
45440,19,6
45441,176,21
45442,172,25
45443,0,3
45444,129,17
45445,122,15
45446,53,9
45447,115,11
45448,0,3
45449,0,3
45450,138,23
45451,70,13
45452,0,3
45453,0,3
45454,0,3
45455,0,3
45456,0,3
45457,156,21
45458,143,17
45459,186,20
45460,112,16
45461,118,19
45462,0,3
45463,208,19
45464,120,12
45465,65,14
45466,10,4
45467,60,6
45468,151,23
45469,97,16
45470,0,3
45471,0,3
45472,0,3
45473,97,13
45474,0,3
45475,146,18
45476,0,3
45477,0,3
45478,0,3
45479,102,14
45480,0,3
45481,110,13
45482,0,3
45483,99,19
45484,47,8
45485,87,11
45486,38,10
45487,119,19
45488,128,23
45489,0,3
45490,174,17
45491,134,17
45492,53,7
45493,0,3
45494,125,16
45495,0,3
45496,109,17
45497,151,17
45498,131,19
45499,92,18
45500,10,5
45501,0,3
45502,0,3
45503,127,16
45504,0,3
45505,123,17
45506,131,19
45507,0,3
45508,0,3
45509,37,11
45510,122,14
45511,96,18
45512,3,3
45513,35,9
45514,0,3
45515,109,15
45516,119,18
45517,129,14
45518,162,22
45519,0,3
45520,123,18
45521,173,22
45522,99,15
45523,63,14
45524,0,3
45525,213,28
45526,0,3
45527,97,20
45528,0,3
45529,168,15
45530,0,3
45531,12,5
45532,155,18
45533,0,3
45534,0,3
45535,67,11
45536,0,3
45537,84,10
45538,109,17
45539,0,3
45540,123,15
45541,0,3
45542,0,3
45543,0,3
45544,74,10
45545,132,18
45546,0,3
45547,0,3
45548,52,10
45549,127,22
45550,139,23
45551,175,18
45552,94,14
45553,0,3
45554,0,3
45555,17,6
45556,0,3
45557,140,12
45558,18,5
45559,62,10
45560,19,4
45561,0,3
45562,0,3
45563,145,20
45564,47,11
45565,32,11
45566,0,3
45567,180,19
45568,107,17
45569,101,18
45570,242,12
45571,0,3
45572,147,14
45573,147,20
45574,0,3
45575,133,18
45576,104,21
45577,207,25
45578,147,17
45579,119,16
45580,54,12
45581,0,3
45582,27,9
45583,0,3
45584,0,3
45585,0,3
45586,110,15
45587,0,3
45588,0,3
45589,0,3
45590,0,3
45591,0,3
45592,0,3
45593,0,3
45594,0,3
45595,172,20
45596,127,20
45597,101,15
45598,0,3
45599,0,3
45600,46,12
45601,103,17
45602,100,15
45603,0,3
45604,0,3
45605,0,3
45606,174,16
45607,163,19
45608,0,3
45609,37,7
45610,114,17
45611,42,8
45612,88,13
45613,0,3
45614,227,30
45615,337,24
45616,137,22
45617,163,16
45618,132,21
45619,102,17
45620,0,3
45621,90,13
45622,235,28
45623,75,12
45624,0,3
45625,96,14
45626,127,16
45627,64,10
45628,14,5
45629,59,7
45630,101,13
45631,0,3
45632,104,12
45633,0,3
45634,0,3
45635,0,3
45636,0,3
45637,0,3
45638,0,3
45639,132,14
45640,181,25
45641,84,12
45642,61,10
45643,0,3
45644,83,16
45645,0,3
45646,131,19
45647,0,3
45648,0,3
45649,181,18
45650,39,13
45651,159,23
45652,211,26
45653,102,17
45654,52,11
45655,0,3
45656,118,20
45657,0,3
45658,192,27
45659,0,3
45660,8,4
45661,198,23
45662,0,3
45663,0,3
45664,153,15
45665,119,13
45666,5,3
45667,169,21
45668,0,3
45669,175,15
45670,82,10
45671,71,10
45672,75,14
45673,0,3
45674,98,4
45675,156,16
45676,0,3
45677,123,13
45678,68,17
45679,0,3
45680,83,12
45681,134,18
45682,120,18
45683,0,3
45684,126,16
45685,183,21
45686,0,3
45687,214,24
45688,0,3
45689,0,3
45690,243,24
45691,77,16
45692,126,21
45693,50,10
45694,111,17
45695,0,3
45696,0,3
45697,262,5
45698,117,17
45699,0,3
45700,0,3
45701,0,3
45702,154,20
45703,60,11
45704,0,3
45705,110,16
45706,37,6
45707,41,7
45708,224,23
45709,57,8
45710,95,14
45711,29,7
45712,0,3
45713,64,10
45714,0,3
45715,18,6
45716,127,17
45717,10,5
45718,0,3
45719,115,18
45720,34,5
45721,119,19
45722,132,17
45723,116,14
45724,0,3
45725,0,3
45726,147,21
45727,176,23
45728,111,13
45729,18,6
45730,0,3
45731,155,18
45732,0,3
45733,101,14
45734,0,3
45735,198,24
45736,111,21
45737,108,17
45738,95,14
45739,0,3
45740,123,14
45741,43,12
45742,13,4
45743,0,3
45744,69,7
45745,0,3
45746,131,13
45747,118,15
45748,0,3
45749,0,3
45750,147,18
45751,0,3
45752,61,10
45753,85,12
45754,103,16
45755,29,7
45756,0,3
45757,196,24
45758,182,21
45759,78,10
45760,0,3
45761,0,3
45762,0,3
45763,153,23
45764,0,3
45765,187,18
45766,96,16
45767,178,20
45768,209,26
45769,0,3
45770,0,3
45771,0,3
45772,59,11
45773,55,10
45774,187,25
45775,156,22
45776,3,3
45777,213,28
45778,60,11
45779,0,3
45780,86,9
45781,61,10
45782,161,28
45783,0,3
45784,237,18
45785,94,16
45786,0,3
45787,2,3
45788,0,3
45789,157,20
45790,213,25
45791,171,21
45792,49,8
45793,91,18
45794,0,3
45795,115,19
45796,117,16
45797,119,22
45798,177,19
45799,203,23
45800,0,3
45801,221,22
45802,13,5
45803,130,20
45804,19,7
45805,77,14
45806,0,3
45807,70,10
45808,176,22
45809,0,3
45810,42,10
45811,89,14
45812,81,15
45813,0,3
45814,112,16
45815,184,20
45816,138,18
45817,76,15
45818,159,15
45819,0,3
45820,100,14
45821,91,15
45822,93,13
45823,214,21
45824,116,16
45825,184,21
45826,172,20
45827,0,3
45828,143,22
45829,71,13
45830,0,3
45831,163,20
45832,167,20
45833,161,17
45834,382,22
45835,234,20
45836,0,3
45837,283,23
45838,0,3
45839,81,13
45840,164,17
45841,161,19
45842,136,6
45843,108,15
45844,96,11
45845,174,20
45846,0,3
45847,47,12
45848,78,12
45849,128,18
45850,0,3
45851,89,16
45852,129,18
45853,99,14
45854,152,17
45855,0,3
45856,95,13
45857,0,3
45858,98,13
45859,221,24
45860,0,3
45861,252,30
45862,123,18
45863,264,24
45864,100,18
45865,75,15
45866,60,13
45867,0,3
45868,121,15
45869,0,3
45870,59,13
45871,138,13
45872,211,23
45873,0,3
45874,0,3
45875,0,3
45876,143,14
45877,195,23
45878,140,15
45879,90,16
45880,0,3
45881,148,18
45882,153,17
45883,31,7
45884,155,24
45885,174,24
45886,103,14
45887,201,17
45888,0,3
45889,74,13
45890,119,19
45891,38,9
45892,160,18
45893,0,3
45894,0,3
45895,165,24
45896,29,5
45897,214,27
45898,138,21
45899,133,20
45900,129,22
45901,30,9
45902,77,13
45903,60,10
45904,44,7
45905,0,3
45906,111,15
45907,0,3
45908,148,24
45909,111,18
45910,115,14
45911,116,15
45912,154,19
45913,0,3
45914,0,3
45915,96,14
45916,0,3
45917,187,21
45918,0,3
45919,6,3
45920,42,12
45921,117,20
45922,220,24
45923,129,21
45924,80,11
45925,112,15
45926,92,19
45927,0,3
45928,0,3
45929,58,11
45930,95,18
45931,0,3
45932,125,14
45933,84,13
45934,59,9
45935,0,3
45936,70,10
45937,55,10
45938,0,3
45939,84,13
45940,0,3
45941,108,16
45942,5,4
45943,0,3
45944,160,17
45945,2,3
45946,152,19
45947,99,15
45948,0,3
45949,0,3
45950,48,8
45951,0,3
45952,0,3
45953,78,13
45954,89,13
45955,138,16
45956,42,8
45957,149,19
45958,178,24
45959,121,15
45960,19,5
45961,5,3
45962,96,12
45963,119,19
45964,89,12
45965,0,3
45966,42,8
45967,76,8
45968,91,12
45969,88,11
45970,0,3
45971,0,3
45972,124,13
45973,49,9
45974,211,24
45975,0,3
45976,0,3
45977,47,7
45978,169,19
45979,133,15
45980,185,25
45981,0,3
45982,117,10
45983,48,11
45984,131,20
45985,69,13
45986,236,25
45987,70,11
45988,90,13
45989,0,3
45990,167,19
45991,36,8
45992,0,3
45993,122,20
45994,0,3
45995,0,3
45996,0,3
45997,0,3
45998,0,3
45999,0,3
46000,140,13
46001,141,23
46002,137,19
46003,124,17
46004,0,3
46005,132,20
46006,183,18
46007,106,13
46008,69,12
46009,70,11
46010,232,10
46011,103,13
46012,0,3
46013,113,16
46014,123,15
46015,50,9
46016,111,18
46017,0,3
46018,0,3
46019,145,17
46020,83,13
46021,67,10
46022,170,14
46023,0,3
46024,158,17
46025,101,18
46026,74,10
46027,0,3
46028,0,3
46029,0,3
46030,134,20
46031,146,22
46032,112,14
46033,89,13
46034,0,3
46035,38,6
46036,197,24
46037,78,13
46038,75,16
46039,0,3
46040,34,8
46041,94,13
46042,26,9
46043,124,18
46044,167,23
46045,84,13
46046,0,3
46047,122,17
46048,130,15
46049,0,3
46050,92,14
46051,183,23
46052,70,9
46053,127,16
46054,139,20
46055,193,16
46056,93,15
46057,77,13
46058,78,10
46059,97,19
46060,200,24
46061,25,5
46062,0,3
46063,132,17
46064,147,16
46065,168,18
46066,0,3
46067,38,7
46068,0,3
46069,0,3
46070,101,14
46071,134,19
46072,57,11
46073,0,3
46074,0,3
46075,110,13
46076,0,3
46077,0,3
46078,85,10
46079,145,15
46080,182,18
46081,46,10
46082,146,17
46083,110,14
46084,73,14
46085,132,16
46086,435,20
46087,0,3
46088,80,12
46089,86,18
46090,123,15
46091,181,23
46092,82,12
46093,47,8
46094,0,3
46095,0,3
46096,75,17
46097,121,18
46098,205,21
46099,0,3
46100,48,11
46101,0,3
46102,66,10
46103,159,23
46104,174,21
46105,114,18
46106,0,3
46107,177,24
46108,80,10
46109,0,3
46110,0,3
46111,179,21
46112,105,15
46113,32,6
46114,116,17
46115,0,3
46116,260,26
46117,107,19
46118,80,11
46119,145,25
46120,0,3
46121,83,14
46122,65,15
46123,155,25
46124,126,22
46125,131,22
46126,0,3
46127,142,22
46128,60,13
46129,118,16
46130,202,21
46131,0,3
46132,179,17
46133,156,17
46134,168,23
46135,80,12
46136,93,14
46137,0,3
46138,82,11
46139,104,13
46140,109,12
46141,0,3
46142,176,17
46143,0,3
46144,0,3
46145,73,10
46146,133,20
46147,45,9
46148,90,11
46149,0,3
46150,0,3
46151,133,15
46152,115,13
46153,135,24
46154,188,20
46155,458,28
46156,188,21
46157,0,3
46158,0,3
46159,0,3
46160,98,15
46161,202,28
46162,0,3
46163,155,17
46164,0,3
46165,88,11
46166,78,15
46167,115,14
46168,170,28
46169,82,16
46170,204,16
46171,113,15
46172,165,22
46173,0,3
46174,185,21
46175,62,9
46176,153,21
46177,186,15
46178,131,21
46179,87,15
46180,0,3
46181,0,3
46182,122,18
46183,27,6
46184,167,20
46185,0,3
46186,0,3
46187,53,10
46188,84,15
46189,0,3
46190,89,11
46191,0,3
46192,59,10
46193,0,3
46194,225,18
46195,20,5
46196,0,3
46197,184,24
46198,37,8
46199,0,3
46200,0,3
46201,111,19
46202,179,18
46203,0,3
46204,5,3
46205,0,3
46206,0,3
46207,82,15
46208,104,19
46209,100,18
46210,155,21
46211,84,14
46212,53,9
46213,106,17
46214,135,14
46215,103,17
46216,150,17
46217,118,15
46218,145,10
46219,0,3
46220,26,7
46221,61,11
46222,129,16
46223,0,3
46224,90,10
46225,166,19
46226,170,18
46227,0,3
46228,123,20
46229,94,14
46230,0,3
46231,171,26
46232,0,3
46233,175,23
46234,98,15
46235,65,11
46236,0,3
46237,0,3
46238,0,3
46239,58,10
46240,118,19
46241,146,21
46242,92,18
46243,98,13
46244,73,14
46245,0,3
46246,0,3
46247,109,20
46248,114,17
46249,85,14
46250,151,24
46251,119,16
46252,132,20
46253,0,3
46254,0,3
46255,206,22
46256,54,8
46257,111,19
46258,0,3
46259,127,20
46260,86,15
46261,0,3
46262,215,14
46263,159,19
46264,176,15
46265,0,3
46266,135,17
46267,124,18
46268,81,9
46269,92,11
46270,0,3
46271,0,3
46272,0,3
46273,141,16
46274,0,3
46275,111,18
46276,80,12
46277,70,13
46278,33,8
46279,0,3
46280,0,3
46281,113,14
46282,85,13
46283,87,16
46284,119,15
46285,0,3
46286,56,8
46287,0,3
46288,86,8
46289,202,23
46290,0,3
46291,0,3
46292,63,13
46293,164,20
46294,0,3
46295,128,15
46296,0,3
46297,131,14
46298,0,3
46299,0,3
46300,0,3
46301,26,5
46302,0,3
46303,0,3
46304,0,3
46305,80,15
46306,190,22
46307,127,17
46308,0,3
46309,110,16
46310,0,3
46311,0,3
46312,98,14
46313,153,22
46314,0,3
46315,113,16
46316,0,3
46317,0,3
46318,0,3
46319,361,18
46320,0,3
46321,148,19
46322,16,4
46323,129,18
46324,135,26
46325,71,15
46326,0,3
46327,164,20
46328,65,10
46329,0,3
46330,123,15
46331,199,22
46332,104,17
46333,0,3
46334,59,11
46335,0,3
46336,0,3
46337,0,3
46338,0,3
46339,0,3
46340,231,26
46341,0,3
46342,0,3
46343,59,12
46344,0,3
46345,90,12
46346,92,15
46347,137,18
46348,19,3
46349,151,21
46350,0,3
46351,77,13
46352,114,18
46353,0,3
46354,45,8
46355,44,5
46356,0,3
46357,148,20
46358,113,13
46359,0,3
46360,103,16
46361,0,3
46362,128,14
46363,0,3
46364,26,7
46365,42,10
46366,358,25
46367,199,19
46368,123,17
46369,46,8
46370,35,6
46371,179,20
46372,23,6
46373,134,17
46374,97,14
46375,105,17
46376,0,3
46377,118,15
46378,87,10
46379,0,3
46380,0,3
46381,73,12
46382,78,13
46383,84,15
46384,0,3
46385,252,25
46386,0,3
46387,87,16
46388,0,3
46389,0,3
46390,118,16
46391,0,3
46392,122,20
46393,183,20
46394,67,12
46395,121,25
46396,0,3
46397,0,3
46398,0,3
46399,0,3
46400,16,6
46401,62,12
46402,81,12
46403,64,12
46404,158,23
46405,0,3
46406,103,10
46407,0,3
46408,4,3
46409,95,11
46410,90,15
46411,203,23
46412,0,3
46413,0,3
46414,174,21
46415,0,3
46416,78,13
46417,0,3
46418,134,18
46419,93,13
46420,0,3
46421,0,3
46422,0,3
46423,0,3
46424,99,11
46425,0,3
46426,0,3
46427,77,12
46428,120,16
46429,98,12
46430,34,5
46431,0,3
46432,402,18
46433,86,14
46434,0,3
46435,62,11
46436,35,6
46437,221,25
46438,0,3
46439,0,3
46440,0,3
46441,217,26
46442,0,3
46443,0,3
46444,0,3
46445,82,14
46446,186,24
46447,0,3
46448,93,13
46449,102,19
46450,0,3
46451,0,3
46452,0,3
46453,125,18
46454,145,17
46455,136,20
46456,54,12
46457,204,28
46458,169,20
46459,219,13
46460,27,10
46461,225,23
46462,0,3
46463,0,3
46464,0,3
46465,0,3
46466,0,3
46467,110,19
46468,110,15
46469,64,11
46470,0,3
46471,0,3
46472,165,24
46473,0,3
46474,170,27
46475,100,11
46476,0,3
46477,162,18
46478,0,3
46479,0,3
46480,66,9
46481,93,15
46482,0,3
46483,76,17
46484,10,4
46485,156,20
46486,0,3
46487,18,5
46488,187,23
46489,0,3
46490,69,11
46491,7,4
46492,67,9
46493,165,19
46494,90,14
46495,124,17
46496,147,21
46497,0,3
46498,160,20
46499,115,16
46500,0,3
46501,89,16
46502,0,3
46503,159,19
46504,222,29
46505,128,14
46506,101,18
46507,0,3
46508,0,3
46509,92,11
46510,0,3
46511,34,6
46512,0,3
46513,260,28
46514,0,3
46515,46,8
46516,126,15
46517,48,9
46518,0,3
46519,96,13
46520,170,23
46521,133,16
46522,49,11
46523,0,3
46524,79,14
46525,54,6
46526,0,3
46527,48,12
46528,113,10
46529,83,12
46530,154,24
46531,139,19
46532,0,3
46533,0,3
46534,105,16
46535,104,15
46536,208,24
46537,158,14
46538,184,23
46539,0,3
46540,0,3
46541,180,27
46542,140,17
46543,131,20
46544,0,3
46545,0,3
46546,96,18
46547,1,3
46548,126,13
46549,0,3
46550,93,15
46551,79,10
46552,35,5
46553,42,11
46554,0,3
46555,0,3
46556,173,20
46557,125,21
46558,0,3
46559,0,3
46560,159,21
46561,76,12
46562,67,12
46563,80,16
46564,190,18
46565,103,17
46566,33,8
46567,0,3
46568,21,5
46569,0,3
46570,165,24
46571,53,12
46572,192,23
46573,35,7
46574,211,22
46575,89,13
46576,0,3
46577,141,16
46578,118,16
46579,134,19
46580,129,16
46581,181,17
46582,87,11
46583,0,3
46584,144,22
46585,128,19
46586,0,3
46587,153,23
46588,138,17
46589,0,3
46590,100,16
46591,140,19
46592,39,9
46593,0,3
46594,195,20
46595,0,3
46596,0,3
46597,136,17
46598,0,3
46599,0,3
46600,59,11
46601,141,19
46602,75,10
46603,67,14
46604,0,3
46605,88,11
46606,41,6
46607,0,3
46608,82,17
46609,0,3
46610,146,20
46611,52,8
46612,0,3
46613,111,16
46614,145,19
46615,139,21
46616,0,3
46617,70,13
46618,0,3
46619,112,13
46620,145,22
46621,101,14
46622,117,15
46623,187,22
46624,136,20
46625,0,3
46626,0,3
46627,0,3
46628,158,20
46629,0,3
46630,69,11
46631,77,14
46632,63,13
46633,51,14
46634,0,3
46635,186,20
46636,0,3
46637,88,20
46638,47,10
46639,115,16
46640,149,24
46641,120,14
46642,0,3
46643,0,3
46644,83,12
46645,0,3
46646,17,5
46647,147,22
46648,0,3
46649,167,17
46650,0,3
46651,0,3
46652,23,5
46653,177,22
46654,114,19
46655,0,3
46656,164,21
46657,81,11
46658,120,17
46659,0,3
46660,266,33
46661,214,24
46662,137,17
46663,67,11
46664,388,29
46665,0,3
46666,0,3
46667,139,18
46668,125,22
46669,115,16
46670,0,3
46671,141,25
46672,187,24
46673,184,20
46674,0,3
46675,146,16
46676,146,23
46677,0,3
46678,0,3
46679,0,3
46680,117,15
46681,349,15
46682,0,3
46683,65,13
46684,212,20
46685,0,3
46686,156,26
46687,51,6
46688,0,3
46689,67,12
46690,144,20
46691,51,8
46692,0,3
46693,31,10
46694,0,3
46695,201,23
46696,78,14
46697,45,6
46698,90,14
46699,153,20
46700,131,16
46701,3,3
46702,68,10
46703,0,3
46704,156,20
46705,130,21
46706,151,18
46707,200,22
46708,0,3
46709,0,3
46710,57,10
46711,0,3
46712,0,3
46713,102,15
46714,170,25
46715,104,16
46716,0,3
46717,101,15
46718,0,3
46719,149,21
46720,0,3
46721,0,3
46722,165,24
46723,0,3
46724,77,14
46725,117,10
46726,0,3
46727,89,16
46728,71,13
46729,178,19
46730,0,3
46731,93,16
46732,0,3
46733,134,19
46734,198,21
46735,0,3
46736,154,16
46737,157,23
46738,0,3
46739,81,14
46740,146,26
46741,0,3
46742,82,13
46743,86,18
46744,152,21
46745,0,3
46746,154,22
46747,163,19
46748,64,12
46749,0,3
46750,33,9
46751,247,30
46752,61,11
46753,176,26
46754,140,20
46755,0,3
46756,151,22
46757,86,13
46758,57,9
46759,88,12
46760,169,21
46761,115,13
46762,0,3
46763,0,3
46764,0,3
46765,0,3
46766,179,28
46767,0,3
46768,43,6
46769,0,3
46770,0,3
46771,94,15
46772,0,3
46773,152,23
46774,0,3
46775,0,3
46776,177,22
46777,0,3
46778,0,3
46779,0,3
46780,101,16
46781,136,15
46782,136,19
46783,0,3
46784,163,20
46785,175,20
46786,63,13
46787,0,3
46788,0,3
46789,80,14
46790,0,3
46791,136,17
46792,73,14
46793,250,24
46794,134,18
46795,191,22
46796,38,8
46797,0,3
46798,140,13
46799,137,19
46800,123,17
46801,0,3
46802,0,3
46803,0,3
46804,77,10
46805,152,22
46806,0,3
46807,18,4
46808,0,3
46809,96,17
46810,172,15
46811,72,11
46812,0,3
46813,33,7
46814,89,12
46815,182,25
46816,0,3
46817,132,19
46818,112,13
46819,153,21
46820,117,20
46821,154,17
46822,132,16
46823,85,11
46824,0,3
46825,0,3
46826,0,3
46827,93,11
46828,87,15
46829,103,14
46830,0,3
46831,50,12
46832,172,19
46833,0,3
46834,15,7
46835,0,3
46836,237,27
46837,0,3
46838,256,27
46839,0,3
46840,0,3
46841,0,3
46842,41,6
46843,126,19
46844,12,3
46845,152,18
46846,0,3
46847,0,3
46848,56,8
46849,0,3
46850,0,3
46851,74,11
46852,121,23
46853,148,20
46854,261,31
46855,64,11
46856,173,20
46857,0,3
46858,113,11
46859,0,3
46860,0,3
46861,289,15
46862,8,4
46863,0,3
46864,0,3
46865,0,3
46866,0,3
46867,155,20
46868,0,3
46869,61,10
46870,80,12
46871,105,16
46872,135,16
46873,168,18
46874,0,3
46875,0,3
46876,0,3
46877,89,12
46878,0,3
46879,0,3
46880,0,3
46881,24,5
46882,391,15
46883,180,25
46884,59,12
46885,136,22
46886,169,24
46887,102,15
46888,0,3
46889,86,11
46890,162,24
46891,160,20
46892,0,3
46893,0,3
46894,102,17
46895,77,16
46896,14,6
46897,167,30
46898,0,3
46899,100,17
46900,232,28
46901,576,18
46902,178,21
46903,22,5
46904,0,3
46905,0,3
46906,0,3
46907,119,14
46908,226,24
46909,0,3
46910,0,3
46911,0,3
46912,13,5
46913,125,16
46914,65,11
46915,106,18
46916,90,13
46917,0,3
46918,86,12
46919,234,30
46920,124,13
46921,56,9
46922,224,20
46923,0,3
46924,0,3
46925,112,16
46926,111,19
46927,0,3
46928,160,16
46929,102,15
46930,84,17
46931,0,3
46932,150,20
46933,157,17
46934,0,3
46935,0,3
46936,54,11
46937,113,20
46938,0,3
46939,142,15
46940,0,3
46941,226,29
46942,113,17
46943,0,3
46944,164,19
46945,0,3
46946,87,15
46947,141,20
46948,116,22
46949,0,3
46950,0,3
46951,8,4
46952,0,3
46953,102,18
46954,157,22
46955,113,21
46956,0,3
46957,85,11
46958,200,25
46959,80,12
46960,133,20
46961,37,7
46962,120,19
46963,23,5
46964,186,25
46965,217,25
46966,38,9
46967,160,18
46968,37,8
46969,164,22
46970,193,23
46971,133,21
46972,13,3
46973,0,3
46974,148,19
46975,121,19
46976,0,3
46977,115,11
46978,84,13
46979,0,3
46980,70,9
46981,175,21
46982,159,20
46983,93,17
46984,133,20
46985,84,12
46986,157,22
46987,0,3
46988,0,3
46989,0,3
46990,112,14
46991,136,19
46992,129,17
46993,203,22
46994,142,15
46995,131,18
46996,0,3
46997,114,20
46998,161,17
46999,92,14
47000,161,22
47001,0,3
47002,65,11
47003,90,12
47004,72,15
47005,171,23
47006,13,4
47007,0,3
47008,0,3
47009,111,13
47010,137,22
47011,0,3
47012,0,3
47013,120,16
47014,42,10
47015,0,3
47016,165,20
47017,138,22
47018,204,24
47019,0,3
47020,121,22
47021,0,3
47022,155,16
47023,146,19
47024,252,21
47025,18,4
47026,81,11
47027,0,3
47028,0,3
47029,142,23
47030,127,20
47031,114,15
47032,0,3
47033,152,22
47034,0,3
47035,105,15
47036,0,3
47037,0,3
47038,0,3
47039,42,10
47040,1,3
47041,99,16
47042,109,20
47043,34,7
47044,184,26
47045,132,16
47046,1,3
47047,0,3
47048,0,3
47049,103,14
47050,156,23
47051,61,15
47052,54,10
47053,0,3
47054,101,13
47055,147,17
47056,0,3
47057,173,23
47058,128,20
47059,0,3
47060,0,3
47061,123,20
47062,0,3
47063,0,3
47064,58,13
47065,0,3
47066,0,3
47067,103,12
47068,77,15
47069,123,16
47070,0,3
47071,0,3
47072,188,26
47073,0,3
47074,97,11
47075,164,22
47076,70,13
47077,56,9
47078,0,3
47079,380,14
47080,64,10
47081,129,21
47082,151,22
47083,171,21
47084,119,13
47085,0,3
47086,109,12
47087,58,10
47088,192,25
47089,182,23
47090,0,3
47091,106,17
47092,150,20
47093,130,17
47094,67,13
47095,0,3
47096,0,3
47097,0,3
47098,61,12
47099,0,3
47100,110,13
47101,0,3
47102,23,7
47103,175,20
47104,0,3
47105,0,3
47106,135,18
47107,192,28
47108,80,12
47109,49,9
47110,0,3
47111,105,12
47112,170,23
47113,90,13
47114,87,15
47115,95,16
47116,0,3
47117,217,32
47118,8,4
47119,70,11
47120,190,25
47121,152,22
47122,0,3
47123,0,3
47124,176,22
47125,90,17
47126,88,21
47127,0,3
47128,0,3
47129,107,18
47130,121,19
47131,125,21
47132,145,16
47133,0,3
47134,149,24
47135,183,24
47136,0,3
47137,111,16
47138,133,23
47139,0,3
47140,11,5
47141,0,3
47142,0,3
47143,76,13
47144,124,21
47145,0,3
47146,112,11
47147,0,3
47148,85,13
47149,0,3
47150,111,15
47151,0,3
47152,0,3
47153,0,3
47154,180,22
47155,0,3
47156,122,15
47157,85,13
47158,43,11
47159,47,7
47160,72,11
47161,0,3
47162,0,3
47163,47,9
47164,61,11
47165,136,14
47166,119,21
47167,95,15
47168,123,10
47169,92,16
47170,152,19
47171,86,16
47172,27,8
47173,44,11
47174,22,7
47175,176,19
47176,244,28
47177,193,21
47178,38,12
47179,143,24
47180,76,12
47181,0,3
47182,0,3
47183,80,16
47184,0,3
47185,99,13
47186,22,6
47187,137,21
47188,0,3
47189,94,14
47190,212,23
47191,117,21
47192,54,10
47193,126,20
47194,131,17
47195,0,3
47196,130,12
47197,108,19
47198,55,12
47199,0,3
47200,193,23
47201,86,12
47202,2,2
47203,58,15
47204,144,21
47205,84,12
47206,266,26
47207,0,3
47208,0,3
47209,153,23
47210,120,19
47211,135,17
47212,0,3
47213,0,3
47214,67,15
47215,57,10
47216,0,3
47217,185,23
47218,108,15
47219,177,24
47220,0,3
47221,27,8
47222,222,30
47223,196,29
47224,191,20
47225,0,3
47226,160,21
47227,527,6
47228,196,23
47229,126,19
47230,0,3
47231,0,3
47232,209,24
47233,0,3
47234,10,6
47235,0,3
47236,187,21
47237,0,3
47238,0,3
47239,0,3
47240,0,3
47241,0,3
47242,0,3
47243,189,20
47244,134,16
47245,0,3
47246,0,3
47247,0,3
47248,177,23
47249,135,21
47250,82,15
47251,0,3
47252,118,19
47253,220,26
47254,126,21
47255,0,3
47256,171,21
47257,137,24
47258,61,9
47259,0,3
47260,202,24
47261,209,22
47262,0,3
47263,74,6
47264,133,19
47265,0,3
47266,132,17
47267,84,10
47268,138,16
47269,0,3
47270,77,8
47271,65,13
47272,103,16
47273,269,24
47274,184,19
47275,144,21
47276,66,13
47277,207,21
47278,0,3
47279,54,11
47280,105,14
47281,174,24
47282,127,18
47283,0,3
47284,0,3
47285,136,16
47286,0,3
47287,165,21
47288,0,3
47289,0,3
47290,0,3
47291,226,28
47292,161,24
47293,106,19
47294,0,3
47295,63,13
47296,0,3
47297,207,23
47298,80,16
47299,36,8
47300,43,11
47301,152,21
47302,111,17
47303,0,3
47304,89,15
47305,0,3
47306,36,8
47307,0,3
47308,167,25
47309,115,15
47310,121,14
47311,91,15
47312,0,3
47313,79,14
47314,146,19
47315,0,3
47316,81,13
47317,0,3
47318,156,19
47319,97,13
47320,0,3
47321,109,17
47322,70,14
47323,0,3
47324,162,19
47325,277,26
47326,0,3
47327,122,16
47328,0,3
47329,166,18
47330,180,20
47331,116,21
47332,116,17
47333,0,3
47334,0,3
47335,0,3
47336,100,14
47337,0,3
47338,187,20
47339,148,17
47340,160,20
47341,246,23
47342,110,16
47343,0,3
47344,59,10
47345,17,7
47346,78,11
47347,140,23
47348,0,3
47349,171,24
47350,491,24
47351,182,22
47352,112,18
47353,0,3
47354,155,19
47355,0,3
47356,0,3
47357,93,17
47358,0,3
47359,0,3
47360,111,15
47361,155,17
47362,60,11
47363,140,18
47364,50,11
47365,0,3
47366,93,8
47367,116,17
47368,18,6
47369,0,3
47370,112,16
47371,140,19
47372,106,13
47373,115,13
47374,91,15
47375,116,13
47376,49,5
47377,48,8
47378,153,15
47379,201,19
47380,85,14
47381,157,24
47382,0,3
47383,0,3
47384,79,13
47385,0,3
47386,3,3
47387,165,19
47388,163,20
47389,200,22
47390,72,14
47391,184,22
47392,104,17
47393,207,22
47394,124,15
47395,222,17
47396,67,11
47397,191,23
47398,35,8
47399,0,3
47400,227,26
47401,60,11
47402,211,24
47403,3,4
47404,105,15
47405,150,21
47406,216,24
47407,0,3
47408,53,9
47409,226,24
47410,0,3
47411,0,3
47412,0,3
47413,14,5
47414,145,21
47415,128,16
47416,147,24
47417,0,3
47418,149,18
47419,104,15
47420,118,16
47421,0,3
47422,0,3
47423,0,3
47424,121,19
47425,0,3
47426,82,17
47427,0,3
47428,130,19
47429,129,13
47430,211,19
47431,0,3
47432,0,3
47433,0,3
47434,233,18
47435,205,22
47436,115,19
47437,141,22
47438,33,9
47439,185,26
47440,141,19
47441,106,19
47442,68,10
47443,0,3
47444,173,25
47445,128,17
47446,0,3
47447,152,21
47448,44,10
47449,111,17
47450,152,22
47451,234,24
47452,210,30
47453,181,22
47454,0,3
47455,247,24
47456,167,21
47457,0,3
47458,0,3
47459,24,7
47460,66,10
47461,141,18
47462,0,3
47463,83,12
47464,138,21
47465,103,18
47466,118,16
47467,97,14
47468,188,21
47469,0,3
47470,151,16
47471,80,7
47472,120,20
47473,129,20
47474,0,3
47475,0,3
47476,137,17
47477,0,3
47478,122,16
47479,62,8
47480,170,22
47481,0,3
47482,65,11
47483,286,11
47484,0,3
47485,0,3
47486,200,26
47487,0,3
47488,141,21
47489,51,12
47490,38,9
47491,0,3
47492,0,3
47493,113,21
47494,85,12
47495,75,15
47496,118,13
47497,133,18
47498,163,22
47499,37,8
47500,165,18
47501,0,3
47502,256,27
47503,0,3
47504,0,3
47505,0,3
47506,38,12
47507,0,3
47508,95,13
47509,52,10
47510,0,3
47511,134,16
47512,75,11
47513,203,25
47514,88,14
47515,176,9
47516,97,13
47517,187,25
47518,123,18
47519,0,3
47520,91,12
47521,0,3
47522,0,3
47523,0,3
47524,0,3
47525,94,15
47526,0,3
47527,116,15
47528,95,15
47529,173,21
47530,5,3
47531,0,3
47532,138,24
47533,144,16
47534,0,3
47535,0,3
47536,46,8
47537,214,29
47538,146,22
47539,0,3
47540,0,3
47541,135,23
47542,152,17
47543,0,3
47544,108,20
47545,92,16
47546,135,16
47547,131,21
47548,74,13
47549,152,19
47550,73,11
47551,174,26
47552,0,3
47553,125,16
47554,71,12
47555,94,14
47556,147,16
47557,0,3
47558,0,3
47559,105,13
47560,211,20
47561,186,21
47562,120,16
47563,101,16
47564,0,3
47565,131,18
47566,0,3
47567,0,3
47568,207,26
47569,0,3
47570,15,6
47571,0,3
47572,0,3
47573,0,3
47574,0,3
47575,0,3
47576,181,21
47577,156,24
47578,0,3
47579,0,3
47580,118,15
47581,13,3
47582,2,3
47583,0,3
47584,49,12
47585,106,15
47586,128,19
47587,0,3
47588,0,3
47589,125,16
47590,0,3
47591,66,11
47592,99,16
47593,109,15
47594,72,16
47595,100,13
47596,168,22
47597,183,20
47598,54,13
47599,0,3
47600,0,3
47601,0,3
47602,123,18
47603,600,11
47604,0,3
47605,95,16
47606,136,13
47607,37,7
47608,128,18
47609,37,6
47610,0,3
47611,71,8
47612,191,19
47613,150,18
47614,76,15
47615,0,3
47616,0,3
47617,158,19
47618,0,3
47619,122,15
47620,99,14
47621,131,21
47622,0,3
47623,0,3
47624,163,23
47625,173,22
47626,0,3
47627,0,3
47628,0,3
47629,169,19
47630,146,12
47631,0,3
47632,0,3
47633,0,3
47634,92,19
47635,0,3
47636,45,5
47637,0,3
47638,65,8
47639,0,3
47640,0,3
47641,54,10
47642,113,15
47643,96,17
47644,113,13
47645,179,19
47646,0,3
47647,132,18
47648,82,14
47649,11,2
47650,179,21
47651,121,18
47652,300,24
47653,123,16
47654,51,8
47655,158,21
47656,184,19
47657,153,20
47658,70,13
47659,109,14
47660,108,20
47661,0,3
47662,92,16
47663,107,10
47664,118,17
47665,0,3
47666,0,3
47667,0,3
47668,68,12
47669,0,3
47670,101,16
47671,0,3
47672,0,3
47673,87,16
47674,0,3
47675,88,13
47676,0,3
47677,96,13
47678,197,11
47679,120,18
47680,0,3
47681,0,3
47682,6,4
47683,219,22
47684,0,3
47685,125,19
47686,84,10
47687,147,20
47688,0,3
47689,0,3
47690,172,19
47691,108,16
47692,0,3
47693,121,20
47694,162,21
47695,246,26
47696,126,21
47697,0,3
47698,40,10
47699,0,3
47700,0,3
47701,0,3
47702,176,25
47703,199,23
47704,29,9
47705,0,3
47706,0,3
47707,133,13
47708,157,24
47709,0,3
47710,47,10
47711,99,14
47712,93,12
47713,165,20
47714,195,20
47715,73,14
47716,102,14
47717,0,3
47718,0,3
47719,72,12
47720,0,3
47721,0,3
47722,120,14
47723,35,8
47724,111,18
47725,139,18
47726,76,13
47727,84,15
47728,0,3
47729,125,26
47730,0,3
47731,148,17
47732,176,28
47733,67,15
47734,0,3
47735,0,3
47736,121,17
47737,102,12
47738,0,3
47739,0,3
47740,138,18
47741,0,3
47742,0,3
47743,116,20
47744,4,3
47745,0,3
47746,108,17
47747,55,12
47748,0,3
47749,0,3
47750,103,16
47751,0,3
47752,138,16
47753,0,3
47754,0,3
47755,220,24
47756,129,17
47757,0,3
47758,108,15
47759,0,3
47760,210,30
47761,48,8
47762,169,27
47763,244,33
47764,95,15
47765,0,3
47766,0,3
47767,0,3
47768,79,9
47769,108,15
47770,61,9
47771,0,3
47772,74,12
47773,48,10
47774,73,14
47775,101,15
47776,0,3
47777,0,3
47778,111,17
47779,0,3
47780,52,10
47781,5,3
47782,0,3
47783,0,3
47784,91,10
47785,175,25
47786,133,19
47787,163,20
47788,110,17
47789,46,1
47790,0,3
47791,173,29
47792,0,3
47793,168,21
47794,0,3
47795,0,3
47796,123,13
47797,80,12
47798,80,15
47799,166,27
47800,29,4
47801,187,19
47802,55,11
47803,131,20
47804,0,3
47805,157,19
47806,159,23
47807,0,3
47808,146,18
47809,105,16
47810,0,3
47811,304,32
47812,114,17
47813,0,3
47814,0,3
47815,45,11
47816,45,7
47817,0,3
47818,114,16
47819,31,7
47820,0,3
47821,104,16
47822,116,18
47823,158,20
47824,0,3
47825,98,12
47826,0,3
47827,0,3
47828,0,3
47829,250,27
47830,0,3
47831,0,3
47832,41,6
47833,50,12
47834,56,10
47835,165,20
47836,0,3
47837,82,13
47838,167,19
47839,0,3
47840,0,3
47841,0,3
47842,149,17
47843,0,3
47844,168,18
47845,53,11
47846,156,23
47847,0,3
47848,209,29
47849,167,22
47850,0,3
47851,153,15
47852,0,3
47853,179,25
47854,0,3
47855,178,24
47856,562,22
47857,97,16
47858,0,3
47859,60,11
47860,111,14
47861,130,13
47862,0,3
47863,139,18
47864,0,3
47865,73,8
47866,162,22
47867,449,22
47868,30,6
47869,44,8
47870,176,24
47871,0,3
47872,121,16
47873,141,15
47874,197,24
47875,0,3
47876,0,3
47877,64,12
47878,0,3
47879,21,5
47880,212,26
47881,135,24
47882,77,12
47883,0,3
47884,67,13
47885,109,20
47886,0,3
47887,0,3
47888,142,20
47889,87,15
47890,130,12
47891,0,3
47892,85,16
47893,82,13
47894,52,9
47895,165,24
47896,182,22
47897,1,3
47898,0,3
47899,70,15
47900,162,16
47901,0,3
47902,0,3
47903,134,16
47904,0,3
47905,0,3
47906,0,3
47907,196,23
47908,0,3
47909,109,13
47910,130,13
47911,0,3
47912,62,10
47913,155,13
47914,152,23
47915,26,5
47916,0,3
47917,71,12
47918,140,16
47919,182,22
47920,0,3
47921,89,15
47922,0,3
47923,87,13
47924,0,3
47925,187,21
47926,0,3
47927,192,27
47928,102,14
47929,54,9
47930,0,3
47931,242,20
47932,125,12
47933,181,19
47934,112,14
47935,0,3
47936,66,9
47937,110,17
47938,54,10
47939,0,3
47940,0,3
47941,97,16
47942,151,16
47943,0,3
47944,0,3
47945,104,16
47946,189,22
47947,129,19
47948,38,10
47949,105,16
47950,75,12
47951,166,20
47952,0,3
47953,131,18
47954,67,10
47955,0,3
47956,118,18
47957,131,13
47958,227,16
47959,25,8
47960,0,3
47961,92,16
47962,95,13
47963,84,15
47964,0,3
47965,0,3
47966,0,3
47967,145,16
47968,0,3
47969,0,3
47970,123,21
47971,0,3
47972,0,3
47973,115,17
47974,153,15
47975,0,3
47976,0,3
47977,148,15
47978,0,3
47979,177,20
47980,39,8
47981,0,3
47982,131,19
47983,14,5
47984,46,10
47985,50,8
47986,0,3
47987,0,3
47988,0,3
47989,129,21
47990,67,16
47991,0,3
47992,99,12
47993,55,11
47994,160,21
47995,165,25
47996,0,3
47997,186,24
47998,0,3
47999,85,12
48000,24,6
48001,0,3
48002,0,3
48003,0,3
48004,56,11
48005,75,17
48006,78,11
48007,194,23
48008,146,22
48009,0,3
48010,67,8
48011,161,24
48012,175,17
48013,0,3
48014,130,17
48015,182,24
48016,0,3
48017,101,13
48018,94,18
48019,146,18
48020,73,13
48021,0,3
48022,0,3
48023,133,21
48024,233,28
48025,82,11
48026,205,27
48027,206,22
48028,145,19
48029,0,3
48030,0,3
48031,79,13
48032,130,18
48033,76,15
48034,125,16
48035,49,10
48036,108,12
48037,345,15
48038,204,25
48039,117,20
48040,65,11
48041,148,17
48042,87,15
48043,196,17
48044,170,26
48045,0,3
48046,102,14
48047,0,3
48048,105,10
48049,133,18
48050,0,3
48051,66,11
48052,0,3
48053,139,16
48054,0,3
48055,0,3
48056,0,3
48057,241,25
48058,145,24
48059,169,21
48060,0,3
48061,131,16
48062,70,12
48063,0,3
48064,62,10
48065,17,5
48066,127,18
48067,193,16
48068,110,13
48069,80,12
48070,51,8
48071,168,24
48072,0,3
48073,0,3
48074,122,18
48075,136,16
48076,0,3
48077,118,17
48078,0,3
48079,95,13
48080,91,15
48081,75,11
48082,125,18
48083,0,3
48084,148,19
48085,57,11
48086,0,3
48087,0,3
48088,113,12
48089,0,3
48090,91,16
48091,0,3
48092,58,10
48093,133,17
48094,137,21
48095,0,3
48096,156,21
48097,0,3
48098,0,3
48099,0,3
48100,0,3
48101,122,17
48102,169,22
48103,152,20
48104,0,3
48105,0,3
48106,193,22
48107,0,3
48108,126,17
48109,79,11
48110,147,28
48111,224,25
48112,107,19
48113,152,19
48114,178,22
48115,164,20
48116,35,8
48117,43,12
48118,129,22
48119,0,3
48120,0,3
48121,58,12
48122,0,3
48123,0,3
48124,0,3
48125,151,22
48126,135,16
48127,165,27
48128,159,24
48129,190,26
48130,0,3
48131,79,13
48132,203,29
48133,0,3
48134,204,28
48135,236,28
48136,150,16
48137,53,9
48138,147,21
48139,0,3
48140,135,20
48141,122,16
48142,140,15
48143,88,12
48144,0,3
48145,110,12
48146,154,14
48147,0,3
48148,0,3
48149,0,3
48150,0,3
48151,0,3
48152,139,16
48153,0,3
48154,0,3
48155,0,3
48156,80,10
48157,0,3
48158,213,23
48159,97,18
48160,127,16
48161,171,17
48162,141,17
48163,176,21
48164,133,19
48165,114,18
48166,118,18
48167,161,23
48168,77,13
48169,172,22
48170,204,29
48171,109,13
48172,155,21
48173,107,12
48174,0,3
48175,0,3
48176,166,20
48177,0,3
48178,227,24
48179,0,3
48180,143,19
48181,135,17
48182,93,13
48183,223,30
48184,59,11
48185,147,17
48186,0,3
48187,228,25
48188,148,21
48189,105,15
48190,570,16
48191,108,17
48192,82,9
48193,239,22
48194,0,3
48195,0,3
48196,0,3
48197,152,16
48198,0,3
48199,266,26
48200,228,27
48201,85,18
48202,0,3
48203,99,13
48204,0,3
48205,0,3
48206,125,19
48207,73,11
48208,141,14
48209,111,18
48210,109,19
48211,0,3
48212,144,17
48213,188,21
48214,127,16
48215,104,14
48216,153,22
48217,63,11
48218,60,10
48219,0,3
48220,151,18
48221,110,16
48222,122,20
48223,74,15
48224,153,22
48225,28,6
48226,0,3
48227,103,20
48228,103,15
48229,167,25
48230,115,21
48231,60,9
48232,0,3
48233,66,10
48234,75,13
48235,0,3
48236,119,17
48237,160,21
48238,0,3
48239,20,6
48240,215,24
48241,0,3
48242,165,10
48243,170,19
48244,115,16
48245,0,3
48246,164,21
48247,43,8
48248,0,3
48249,531,20
48250,127,16
48251,146,18
48252,122,15
48253,0,3
48254,120,18
48255,37,9
48256,0,3
48257,0,3
48258,0,3
48259,0,3
48260,101,22
48261,143,20
48262,140,19
48263,0,3
48264,258,28
48265,97,14
48266,162,20
48267,174,20
48268,0,3
48269,0,3
48270,0,3
48271,0,3
48272,107,18
48273,0,3
48274,0,3
48275,0,3
48276,0,3
48277,71,13
48278,93,13
48279,140,23
48280,0,3
48281,74,7
48282,0,3
48283,17,5
48284,119,16
48285,110,19
48286,0,3
48287,0,3
48288,0,3
48289,275,32
48290,126,19
48291,151,23
48292,0,3
48293,0,3
48294,0,3
48295,191,22
48296,141,19
48297,0,3
48298,110,18
48299,177,22
48300,46,9
48301,96,9
48302,105,16
48303,0,3
48304,74,10
48305,0,3
48306,69,15
48307,122,18
48308,169,24
48309,213,24
48310,84,12
48311,39,8
48312,128,18
48313,169,24
48314,66,13
48315,161,19
48316,19,5
48317,0,3
48318,187,22
48319,96,16
48320,0,3
48321,39,5
48322,37,6
48323,142,20
48324,170,20
48325,181,21
48326,71,11
48327,90,15
48328,184,23
48329,0,3
48330,0,3
48331,176,15
48332,215,25
48333,135,16
48334,138,19
48335,72,10
48336,116,19
48337,0,3
48338,207,25
48339,0,3
48340,409,20
48341,70,8
48342,180,23
48343,77,11
48344,0,3
48345,134,26
48346,0,3
48347,203,20
48348,0,3
48349,39,7
48350,190,28
48351,79,8
48352,0,3
48353,167,14
48354,0,3
48355,0,3
48356,0,3
48357,103,17
48358,0,3
48359,37,9
48360,0,3
48361,0,3
48362,116,18
48363,19,6
48364,162,25
48365,136,19
48366,125,19
48367,107,21
48368,161,25
48369,105,16
48370,61,12
48371,22,9
48372,292,24
48373,169,18
48374,175,22
48375,183,23
48376,155,23
48377,135,16
48378,116,18
48379,133,23
48380,77,16
48381,90,14
48382,0,3
48383,0,3
48384,109,12
48385,0,3
48386,0,3
48387,0,3
48388,0,3
48389,41,7
48390,203,22
48391,0,3
48392,100,11
48393,206,26
48394,84,14
48395,0,3
48396,134,16
48397,132,20
48398,143,20
48399,0,3
48400,161,23
48401,0,3
48402,129,15
48403,64,10
48404,163,23
48405,128,21
48406,0,3
48407,128,18
48408,111,16
48409,77,13
48410,116,14
48411,0,3
48412,150,19
48413,0,3
48414,121,21
48415,145,20
48416,108,16
48417,0,3
48418,0,3
48419,0,3
48420,0,3
48421,411,12
48422,0,3
48423,113,17
48424,0,3
48425,70,16
48426,196,26
48427,119,16
48428,136,17
48429,116,15
48430,244,24
48431,112,16
48432,123,18
48433,0,3
48434,91,12
48435,200,20
48436,0,3
48437,0,3
48438,101,16
48439,0,3
48440,82,12
48441,177,17
48442,20,5
48443,46,12
48444,0,3
48445,184,21
48446,0,3
48447,157,21
48448,134,20
48449,0,3
48450,0,3
48451,0,3
48452,109,19
48453,0,3
48454,0,3
48455,80,12
48456,0,3
48457,114,17
48458,0,3
48459,0,3
48460,62,12
48461,93,15
48462,158,18
48463,125,20
48464,162,15
48465,0,3
48466,159,19
48467,72,13
48468,110,18
48469,103,15
48470,112,13
48471,143,8
48472,0,3
48473,88,15
48474,0,3
48475,41,12
48476,0,3
48477,162,19
48478,0,3
48479,289,23
48480,0,3
48481,199,20
48482,149,18
48483,123,18
48484,89,15
48485,139,21
48486,140,21
48487,0,3
48488,0,3
48489,140,23
48490,118,20
48491,0,3
48492,128,20
48493,128,17
48494,32,9
48495,0,3
48496,120,16
48497,0,3
48498,111,18
48499,157,23
48500,45,10
48501,31,7
48502,22,5
48503,0,3
48504,156,27
48505,131,21
48506,0,3
48507,0,3
48508,0,3
48509,103,16
48510,37,9
48511,102,17
48512,0,3
48513,74,11
48514,73,10
48515,66,11
48516,110,16
48517,74,10
48518,135,22
48519,53,9
48520,0,3
48521,204,25
48522,141,22
48523,99,11
48524,108,16
48525,0,3
48526,0,3
48527,219,21
48528,29,6
48529,144,14
48530,124,18
48531,127,18
48532,82,11
48533,0,3
48534,158,26
48535,0,3
48536,93,13
48537,0,3
48538,0,3
48539,247,25
48540,34,8
48541,0,3
48542,545,13
48543,0,3
48544,118,18
48545,114,16
48546,121,13
48547,0,3
48548,0,3
48549,92,17
48550,0,3
48551,0,3
48552,207,26
48553,173,20
48554,66,9
48555,250,34
48556,191,19
48557,107,13
48558,0,3
48559,0,3
48560,188,20
48561,136,14
48562,0,3
48563,0,3
48564,293,17
48565,99,14
48566,0,3
48567,39,10
48568,0,3
48569,153,22
48570,35,8
48571,0,3
48572,0,3
48573,0,3
48574,0,3
48575,166,17
48576,0,3
48577,0,3
48578,0,3
48579,182,24
48580,49,9
48581,144,15
48582,175,21
48583,139,19
48584,123,22
48585,253,24
48586,0,3
48587,169,18
48588,0,3
48589,156,17
48590,0,3
48591,0,3
48592,0,3
48593,80,12
48594,0,3
48595,0,3
48596,121,17
48597,50,11
48598,0,3
48599,0,3
48600,170,5
48601,0,3
48602,0,3
48603,166,26
48604,0,3
48605,0,3
48606,0,3
48607,18,5
48608,125,14
48609,0,3
48610,0,3
48611,94,13
48612,147,18
48613,122,18
48614,160,21
48615,141,20
48616,15,4
48617,0,3
48618,107,17
48619,0,3
48620,0,3
48621,111,14
48622,145,17
48623,0,3
48624,0,3
48625,0,3
48626,0,3
48627,181,24
48628,73,14
48629,104,18
48630,162,22
48631,0,3
48632,0,3
48633,0,3
48634,191,24
48635,114,19
48636,0,3
48637,119,14
48638,242,29
48639,197,26
48640,20,8
48641,0,3
48642,0,3
48643,228,31
48644,162,18
48645,79,13
48646,0,3
48647,0,3
48648,0,3
48649,184,25
48650,175,21
48651,58,11
48652,0,3
48653,0,3
48654,168,23
48655,98,18
48656,0,3
48657,0,3
48658,0,3
48659,127,15
48660,125,18
48661,0,3
48662,0,3
48663,0,3
48664,0,3
48665,120,14
48666,0,3
48667,0,3
48668,22,6
48669,0,3
48670,68,13
48671,0,3
48672,98,12
48673,167,22
48674,130,18
48675,0,3
48676,0,3
48677,51,9
48678,11,5
48679,0,3
48680,0,3
48681,0,3
48682,0,3
48683,0,3
48684,118,19
48685,136,26
48686,180,24
48687,0,3
48688,125,19
48689,228,22
48690,143,20
48691,116,18
48692,69,15
48693,150,15
48694,137,23
48695,115,17
48696,0,3
48697,152,21
48698,153,22
48699,0,3
48700,215,20
48701,116,16
48702,38,8
48703,112,16
48704,0,3
48705,114,22
48706,139,16
48707,150,20
48708,153,24
48709,151,22
48710,0,3
48711,0,3
48712,44,10
48713,2,3
48714,0,3
48715,69,11
48716,128,22
48717,153,19
48718,0,3
48719,0,3
48720,19,6
48721,80,16
48722,115,16
48723,0,3
48724,70,11
48725,190,20
48726,182,21
48727,0,3
48728,142,20
48729,107,18
48730,0,3
48731,0,3
48732,100,15
48733,0,3
48734,81,12
48735,99,10
48736,155,21
48737,99,11
48738,118,17
48739,0,3
48740,166,19
48741,167,19
48742,0,3
48743,99,15
48744,178,19
48745,0,3
48746,0,3
48747,0,3
48748,146,15
48749,150,21
48750,147,18
48751,57,12
48752,219,25
48753,0,3
48754,115,15
48755,95,11
48756,99,13
48757,190,26
48758,60,12
48759,122,22
48760,78,11
48761,119,17
48762,116,16
48763,80,15
48764,0,3
48765,0,3
48766,172,19
48767,61,9
48768,80,18
48769,199,17
48770,0,3
48771,148,25
48772,145,20
48773,122,21
48774,0,3
48775,0,3
48776,229,25
48777,218,29
48778,112,18
48779,0,3
48780,190,28
48781,0,3
48782,0,3
48783,176,22
48784,0,3
48785,0,3
48786,0,3
48787,0,3
48788,0,3
48789,65,15
48790,105,15
48791,110,17
48792,142,22
48793,0,3
48794,0,3
48795,76,12
48796,0,3
48797,46,7
48798,198,20
48799,0,3
48800,186,24
48801,0,3
48802,162,23
48803,126,18
48804,156,24
48805,179,28
48806,0,3
48807,0,3
48808,0,3
48809,232,28
48810,0,3
48811,107,16
48812,0,3
48813,0,3
48814,0,3
48815,102,14
48816,79,18
48817,168,17
48818,258,25
48819,226,24
48820,82,14
48821,470,28
48822,0,3
48823,133,23
48824,339,5
48825,0,3
48826,0,3
48827,0,3
48828,55,12
48829,0,3
48830,70,11
48831,293,24
48832,0,3
48833,187,22
48834,235,21
48835,41,6
48836,0,3
48837,0,3
48838,0,3
48839,139,18
48840,140,21
48841,0,3
48842,0,3
48843,0,3
48844,0,3
48845,83,14
48846,279,25
48847,55,9
48848,843,21
48849,97,17
48850,208,23
48851,143,20
48852,84,11
48853,0,3
48854,56,8
48855,0,3
48856,40,9
48857,0,3
48858,110,16
48859,171,18
48860,183,27
48861,0,3
48862,0,3
48863,0,3
48864,178,26
48865,0,3
48866,0,3
48867,0,3
48868,0,3
48869,120,17
48870,0,3
48871,100,16
48872,0,3
48873,155,20
48874,0,3
48875,81,12
48876,155,22
48877,300,28
48878,0,3
48879,26,5
48880,0,3
48881,0,3
48882,125,16
48883,44,10
48884,0,3
48885,0,3
48886,159,24
48887,0,3
48888,45,8
48889,118,19
48890,142,22
48891,0,3
48892,119,20
48893,0,3
48894,0,3
48895,0,3
48896,176,18
48897,0,3
48898,149,14
48899,120,14
48900,108,21
48901,118,15
48902,55,11
48903,71,10
48904,0,3
48905,0,3
48906,161,20
48907,152,18
48908,160,23
48909,86,10
48910,208,28
48911,0,3
48912,50,7
48913,118,14
48914,0,3
48915,0,3
48916,0,3
48917,0,3
48918,104,11
48919,0,3
48920,0,3
48921,183,21
48922,64,14
48923,156,24
48924,114,18
48925,0,3
48926,60,9
48927,67,14
48928,13,5
48929,192,20
48930,182,18
48931,48,6
48932,0,3
48933,0,3
48934,0,3
48935,0,3
48936,0,3
48937,0,3
48938,0,3
48939,137,16
48940,0,3
48941,0,3
48942,99,13
48943,0,3
48944,82,10
48945,0,3
48946,0,3
48947,0,3
48948,0,3
48949,192,19
48950,127,20
48951,110,14
48952,87,12
48953,186,20
48954,67,13
48955,73,11
48956,85,10
48957,31,7
48958,0,3
48959,70,11
48960,0,3
48961,129,17
48962,92,17
48963,165,24
48964,179,24
48965,38,8
48966,163,21
48967,22,5
48968,0,3
48969,0,3
48970,117,16
48971,161,20
48972,0,3
48973,286,33
48974,0,3
48975,189,25
48976,90,12
48977,129,15
48978,0,3
48979,0,3
48980,39,6
48981,0,3
48982,0,3
48983,0,3
48984,51,11
48985,0,3
48986,136,17
48987,10,5
48988,171,16
48989,115,18
48990,62,11
48991,64,9
48992,0,3
48993,95,15
48994,139,18
48995,175,20
48996,0,3
48997,162,22
48998,130,16
48999,117,17
49000,189,26
49001,176,21
49002,0,3
49003,0,3
49004,0,3
49005,105,13
49006,0,3
49007,68,10
49008,111,18
49009,0,3
49010,238,21
49011,0,3
49012,214,27
49013,62,14
49014,46,11
49015,0,3
49016,0,3
49017,0,3
49018,0,3
49019,216,29
49020,213,22
49021,16,6
49022,135,20
49023,0,3
49024,118,16
49025,16,6
49026,184,23
49027,124,15
49028,239,29
49029,0,3
49030,0,3
49031,0,3
49032,51,8
49033,104,15
49034,79,11
49035,0,3
49036,180,19
49037,162,13
49038,0,3
49039,219,29
49040,0,3
49041,0,3
49042,0,3
49043,231,28
49044,133,21
49045,140,24
49046,0,3
49047,0,3
49048,0,3
49049,68,12
49050,0,3
49051,0,3
49052,97,13
49053,0,3
49054,0,3
49055,103,14
49056,0,3
49057,0,3
49058,0,3
49059,108,16
49060,135,24
49061,211,20
49062,179,27
49063,7,4
49064,284,32
49065,0,3
49066,151,19
49067,0,3
49068,0,3
49069,301,24
49070,61,11
49071,62,10
49072,0,3
49073,0,3
49074,167,27
49075,176,23
49076,121,19
49077,0,3
49078,37,9
49079,92,15
49080,165,20
49081,87,16
49082,228,30
49083,60,12
49084,144,18
49085,0,3
49086,150,20
49087,149,15
49088,121,15
49089,133,22
49090,17,5
49091,135,22
49092,0,3
49093,102,16
49094,57,11
49095,0,3
49096,0,3
49097,174,15
49098,161,26
49099,51,11
49100,205,25
49101,132,16
49102,50,12
49103,90,13
49104,0,3
49105,0,3
49106,260,24
49107,160,19
49108,208,20
49109,0,3
49110,98,14
49111,0,3
49112,495,6
49113,114,16
49114,177,23
49115,123,15
49116,0,3
49117,0,3
49118,26,6
49119,173,21
49120,0,3
49121,0,3
49122,70,16
49123,118,16
49124,164,21
49125,0,3
49126,186,23
49127,85,13
49128,144,19
49129,150,19
49130,180,21
49131,0,3
49132,137,16
49133,0,3
49134,23,6
49135,0,3
49136,256,24
49137,174,19
49138,127,16
49139,0,3
49140,0,3
49141,79,14
49142,85,13
49143,165,24
49144,167,25
49145,0,3
49146,216,30
49147,70,13
49148,96,12
49149,130,17
49150,0,3
49151,186,24
49152,0,3
49153,90,16
49154,0,3
49155,0,3
49156,44,5
49157,0,3
49158,0,3
49159,0,3
49160,0,3
49161,43,8
49162,106,14
49163,165,23
49164,0,3
49165,173,21
49166,0,3
49167,212,21
49168,21,6
49169,125,20
49170,0,3
49171,0,3
49172,0,3
49173,0,3
49174,126,21
49175,31,9
49176,44,10
49177,294,12
49178,120,14
49179,119,15
49180,185,17
49181,210,28
49182,114,16
49183,149,19
49184,0,3
49185,0,3
49186,130,10
49187,133,16
49188,0,3
49189,122,17
49190,0,3
49191,0,3
49192,0,3
49193,24,4
49194,125,16
49195,0,3
49196,132,18
49197,0,3
49198,0,3
49199,101,17
49200,113,18
49201,208,21
49202,97,12
49203,145,17
49204,168,21
49205,0,3
49206,0,3
49207,95,13
49208,0,3
49209,154,17
49210,0,3
49211,120,16
49212,230,28
49213,35,8
49214,0,3
49215,0,3
49216,79,12
49217,42,8
49218,120,17
49219,0,3
49220,0,3
49221,0,3
49222,138,15
49223,139,20
49224,0,3
49225,154,22
49226,153,23
49227,0,3
49228,140,21
49229,132,18
49230,60,10
49231,0,3
49232,34,7
49233,137,19
49234,145,22
49235,67,11
49236,0,3
49237,0,3
49238,163,20
49239,104,15
49240,0,3
49241,85,12
49242,0,3
49243,0,3
49244,0,3
49245,246,24
49246,167,23
49247,145,20
49248,113,17
49249,0,3
49250,145,19
49251,84,14
49252,73,11
49253,0,3
49254,148,21
49255,164,20
49256,81,10
49257,14,5
49258,91,17
49259,0,3
49260,0,3
49261,0,3
49262,0,3
49263,0,3
49264,71,12
49265,215,28
49266,0,3
49267,30,7
49268,151,23
49269,103,17
49270,7,3
49271,147,17
49272,152,18
49273,187,22
49274,137,15
49275,172,21
49276,90,16
49277,188,28
49278,0,3
49279,193,20
49280,0,3
49281,104,15
49282,130,19
49283,116,18
49284,0,3
49285,0,3
49286,192,26
49287,201,25
49288,58,9
49289,0,3
49290,27,5
49291,196,27
49292,29,7
49293,44,11
49294,84,14
49295,97,14
49296,3,3
49297,157,16
49298,77,12
49299,111,15
49300,204,22
49301,140,22
49302,236,24
49303,0,3
49304,0,3
49305,117,20
49306,189,23
49307,146,18
49308,86,11
49309,0,3
49310,75,12
49311,170,21
49312,64,7
49313,0,3
49314,115,16
49315,135,16
49316,129,16
49317,190,27
49318,0,3
49319,69,13
49320,137,23
49321,150,22
49322,100,14
49323,236,27
49324,100,16
49325,209,19
49326,41,8
49327,0,3
49328,221,23
49329,149,21
49330,97,17
49331,3,3
49332,114,21
49333,43,7
49334,0,3
49335,95,16
49336,174,15
49337,119,15
49338,0,3
49339,135,22
49340,0,3
49341,0,3
49342,33,10
49343,45,10
49344,185,24
49345,114,17
49346,147,16
49347,156,26
49348,0,3
49349,229,26
49350,194,22
49351,106,16
49352,139,19
49353,0,3
49354,67,11
49355,0,3
49356,0,3
49357,95,17
49358,66,11
49359,82,18
49360,176,23
49361,0,3
49362,140,19
49363,99,14
49364,75,11
49365,128,18
49366,0,3
49367,161,25
49368,188,24
49369,131,18
49370,90,15
49371,0,3
49372,109,18
49373,140,21
49374,0,3
49375,80,7
49376,107,14
49377,70,12
49378,88,15
49379,103,10
49380,31,8
49381,0,3
49382,86,9
49383,127,21
49384,187,31
49385,0,3
49386,136,18
49387,0,3
49388,22,7
49389,189,31
49390,108,16
49391,101,16
49392,0,3
49393,101,16
49394,0,3
49395,11,4
49396,202,17
49397,158,20
49398,117,17
49399,85,14
49400,143,23
49401,25,5
49402,0,3
49403,144,20
49404,97,16
49405,11,4
49406,83,12
49407,3,3
49408,0,3
49409,16,4
49410,231,20
49411,0,3
49412,57,11
49413,134,16
49414,181,27
49415,0,3
49416,149,19
49417,76,12
49418,131,18
49419,0,3
49420,0,3
49421,99,11
49422,0,3
49423,0,3
49424,90,16
49425,166,27
49426,76,9
49427,0,3
49428,3,3
49429,0,3
49430,140,19
49431,0,3
49432,0,3
49433,0,3
49434,99,14
49435,186,27
49436,45,10
49437,155,21
49438,66,12
49439,0,3
49440,108,14
49441,87,14
49442,156,21
49443,99,20
49444,0,3
49445,76,15
49446,187,21
49447,0,3
49448,0,3
49449,58,8
49450,104,16
49451,124,21
49452,0,3
49453,199,20
49454,225,27
49455,136,20
49456,183,22
49457,197,19
49458,165,22
49459,160,22
49460,212,26
49461,0,3
49462,0,3
49463,173,17
49464,44,7
49465,43,12
49466,121,22
49467,154,19
49468,155,24
49469,0,3
49470,0,3
49471,156,22
49472,57,8
49473,224,23
49474,168,24
49475,0,3
49476,0,3
49477,0,3
49478,245,21
49479,0,3
49480,107,14
49481,0,3
49482,0,3
49483,153,19
49484,134,22
49485,75,12
49486,0,3
49487,154,19
49488,0,3
49489,60,8
49490,0,3
49491,0,3
49492,78,18
49493,135,17
49494,109,17
49495,257,29
49496,115,16
49497,56,12
49498,155,22
49499,84,11
49500,127,14
49501,55,8
49502,0,3
49503,185,22
49504,122,16
49505,0,3
49506,142,18
49507,0,3
49508,51,12
49509,0,3
49510,126,20
49511,215,19
49512,0,3
49513,109,15
49514,195,16
49515,66,12
49516,85,12
49517,0,3
49518,102,16
49519,0,3
49520,0,3
49521,154,16
49522,239,25
49523,0,3
49524,150,16
49525,0,3
49526,0,3
49527,147,17
49528,107,16
49529,0,3
49530,0,3
49531,125,17
49532,41,10
49533,0,3
49534,141,16
49535,47,8
49536,10,5
49537,57,9
49538,105,10
49539,76,16
49540,248,26
49541,157,21
49542,0,3
49543,134,17
49544,99,18
49545,59,10
49546,45,8
49547,0,3
49548,156,19
49549,110,15
49550,0,3
49551,47,10
49552,111,14
49553,0,3
49554,130,14
49555,148,18
49556,239,27
49557,192,19
49558,96,13
49559,57,9
49560,73,11
49561,122,24
49562,76,13
49563,143,25
49564,101,15
49565,42,8
49566,70,14
49567,0,3
49568,55,11
49569,111,17
49570,50,6
49571,0,3
49572,0,3
49573,117,13
49574,196,23
49575,216,28
49576,129,15
49577,0,3
49578,76,14
49579,184,24
49580,0,3
49581,193,20
49582,141,18
49583,27,5
49584,169,21
49585,183,22
49586,179,21
49587,128,22
49588,89,9
49589,133,14
49590,0,3
49591,50,10
49592,227,31
49593,155,18
49594,147,20
49595,0,3
49596,137,19
49597,0,3
49598,94,12
49599,0,3
49600,203,20
49601,0,3
49602,130,19
49603,160,19
49604,152,24
49605,154,21
49606,16,7
49607,0,3
49608,0,3
49609,87,14
49610,180,26
49611,0,3
49612,0,3
49613,0,3
49614,0,3
49615,0,3
49616,179,25
49617,40,10
49618,181,19
49619,89,14
49620,133,17
49621,0,3
49622,0,3
49623,186,20
49624,18,5
49625,60,12
49626,123,21
49627,112,18
49628,0,3
49629,0,3
49630,218,25
49631,0,3
49632,72,12
49633,120,15
49634,0,3
49635,0,3
49636,0,3
49637,132,12
49638,0,3
49639,187,24
49640,0,3
49641,168,21
49642,102,9
49643,0,3
49644,107,19
49645,0,3
49646,183,16
49647,126,20
49648,0,3
49649,0,3
49650,213,22
49651,52,11
49652,55,11
49653,4,4
49654,131,17
49655,141,8
49656,195,29
49657,0,3
49658,0,3
49659,182,24
49660,27,6
49661,232,26
49662,0,3
49663,0,3
49664,97,13
49665,0,3
49666,187,20
49667,116,17
49668,0,3
49669,61,12
49670,0,3
49671,11,4
49672,0,3
49673,114,17
49674,0,3
49675,0,3
49676,0,3
49677,0,3
49678,0,3
49679,88,17
49680,112,15
49681,85,18
49682,51,7
49683,106,12
49684,148,16
49685,0,3
49686,79,12
49687,0,3
49688,0,3
49689,93,15
49690,0,3
49691,0,3
49692,133,19
49693,0,3
49694,139,17
49695,205,28
49696,148,23
49697,55,7
49698,107,17
49699,0,3
49700,178,20
49701,124,20
49702,171,18
49703,114,17
49704,159,16
49705,0,3
49706,54,11
49707,0,3
49708,0,3
49709,78,16
49710,170,22
49711,158,24
49712,0,3
49713,133,18
49714,148,23
49715,0,3
49716,0,3
49717,0,3
49718,95,14
49719,227,28
49720,154,20
49721,81,9
49722,0,3
49723,195,28
49724,151,20
49725,139,19
49726,0,3
49727,183,27
49728,83,18
49729,0,3
49730,112,14
49731,0,3
49732,135,17
49733,96,12
49734,122,18
49735,38,11
49736,0,3
49737,156,23
49738,0,3
49739,21,6
49740,135,23
49741,262,25
49742,86,11
49743,151,16
49744,141,19
49745,176,26
49746,0,3
49747,150,16
49748,0,3
49749,109,12
49750,176,18
49751,0,3
49752,0,3
49753,0,3
49754,0,3
49755,0,3
49756,157,30
49757,113,17
49758,150,25
49759,200,21
49760,110,3
49761,89,13
49762,130,19
49763,143,20
49764,0,3
49765,91,13
49766,255,33
49767,0,3
49768,0,3
49769,148,18
49770,0,3
49771,216,29
49772,114,15
49773,270,30
49774,127,13
49775,107,14
49776,54,6
49777,129,24
49778,96,16
49779,1,3
49780,0,3
49781,0,3
49782,158,25
49783,149,23
49784,128,21
49785,0,3
49786,0,3
49787,0,3
49788,0,3
49789,272,20
49790,0,3
49791,199,22
49792,86,15
49793,0,3
49794,0,3
49795,0,3
49796,19,4
49797,54,9
49798,81,15
49799,152,17
49800,83,11
49801,114,20
49802,45,9
49803,168,15
49804,114,17
49805,98,19
49806,184,18
49807,126,13
49808,52,10
49809,0,3
49810,0,3
49811,209,20
49812,156,20
49813,90,13
49814,133,11
49815,0,3
49816,0,3
49817,136,17
49818,0,3
49819,4,3
49820,162,20
49821,0,3
49822,200,23
49823,0,3
49824,147,25
49825,124,17
49826,111,16
49827,0,3
49828,0,3
49829,0,3
49830,92,15
49831,0,3
49832,0,3
49833,157,16
49834,0,3
49835,0,3
49836,42,7
49837,0,3
49838,0,3
49839,178,15
49840,60,12
49841,129,22
49842,0,3
49843,124,17
49844,78,14
49845,274,26
49846,0,3
49847,117,19
49848,0,3
49849,0,3
49850,114,16
49851,300,28
49852,0,3
49853,206,24
49854,165,22
49855,377,21
49856,208,31
49857,122,24
49858,155,19
49859,68,15
49860,177,24
49861,0,3
49862,0,3
49863,0,3
49864,0,3
49865,374,24
49866,155,23
49867,0,3
49868,0,3
49869,0,3
49870,86,16
49871,149,19
49872,164,28
49873,154,20
49874,101,16
49875,96,14
49876,0,3
49877,0,3
49878,0,3
49879,150,19
49880,95,12
49881,195,23
49882,0,3
49883,0,3
49884,38,8
49885,152,23
49886,194,25
49887,61,11
49888,0,3
49889,181,27
49890,170,20
49891,0,3
49892,0,3
49893,165,21
49894,0,3
49895,0,3
49896,145,21
49897,0,3
49898,182,22
49899,89,18
49900,161,27
49901,139,15
49902,0,3
49903,0,3
49904,29,6
49905,620,27
49906,72,9
49907,181,25
49908,86,9
49909,151,18
49910,115,16
49911,186,23
49912,55,8
49913,236,22
49914,168,21
49915,0,3
49916,30,6
49917,74,10
49918,0,3
49919,0,3
49920,0,3
49921,207,23
49922,150,21
49923,170,23
49924,0,3
49925,189,26
49926,188,26
49927,0,3
49928,196,21
49929,68,11
49930,0,3
49931,0,3
49932,191,13
49933,165,20
49934,36,6
49935,5,4
49936,98,17
49937,104,17
49938,0,3
49939,0,3
49940,0,3
49941,0,3
49942,81,11
49943,179,22
49944,72,15
49945,51,10
49946,146,17
49947,77,12
49948,0,3
49949,152,17
49950,137,23
49951,0,3
49952,169,19
49953,142,16
49954,173,29
49955,59,7
49956,0,3
49957,0,3
49958,0,3
49959,182,23
49960,95,13
49961,78,13
49962,165,18
49963,179,28
49964,0,3
49965,71,14
49966,247,22
49967,107,14
49968,148,25
49969,185,23
49970,201,23
49971,85,18
49972,188,27
49973,2,3
49974,179,23
49975,111,17
49976,239,23
49977,91,13
49978,225,24
49979,69,11
49980,125,18
49981,0,3
49982,169,18
49983,167,19
49984,102,17
49985,137,22
49986,53,10
49987,158,27
49988,0,3
49989,121,19
49990,0,3
49991,168,22
49992,22,4
49993,176,18
49994,0,3
49995,110,16
49996,0,3
49997,120,15
49998,130,19
49999,149,23
