attempt,turns,length
0,2,3
1,5,3
2,1,3
3,1,3
4,0,3
5,2,3
6,1,3
7,4,4
8,0,3
9,3,3
10,2,3
11,0,3
12,5,3
13,4,3
14,2,3
15,2,3
16,1,3
17,3,3
18,4,3
19,0,3
20,0,3
21,3,3
22,0,3
23,0,3
24,2,3
25,0,3
26,0,3
27,9,3
28,9,3
29,1,3
30,0,3
31,1,3
32,2,3
33,7,3
34,3,3
35,0,3
36,0,3
37,2,4
38,2,3
39,2,3
40,1,3
41,1,3
42,0,3
43,0,3
44,0,3
45,2,3
46,0,3
47,0,3
48,0,3
49,2,3
50,1,3
51,0,3
52,1,3
53,0,3
54,0,3
55,1,3
56,1,3
57,0,3
58,0,3
59,6,2
60,4,4
61,0,3
62,3,3
63,7,3
64,0,3
65,2,3
66,2,3
67,1,3
68,3,3
69,1,3
70,0,3
71,5,3
72,4,3
73,0,3
74,0,3
75,2,3
76,1,3
77,3,3
78,0,3
79,3,3
80,0,3
81,1,3
82,0,3
83,1,3
84,2,3
85,1,3
86,0,3
87,4,3
88,1,3
89,0,3
90,2,3
91,6,3
92,1,3
93,0,3
94,0,3
95,5,3
96,0,3
97,1,3
98,0,3
99,3,2
100,0,3
101,2,3
102,0,3
103,1,3
104,0,3
105,2,3
106,2,3
107,1,3
108,1,2
109,0,3
110,1,3
111,5,2
112,0,3
113,7,2
114,1,3
115,0,3
116,4,3
117,10,3
118,2,3
119,0,3
120,8,3
121,4,3
122,1,3
123,0,3
124,0,3
125,4,3
126,0,3
127,3,3
128,2,3
129,3,3
130,0,3
131,0,3
132,1,3
133,13,3
134,2,3
135,1,3
136,4,3
137,2,3
138,1,3
139,1,3
140,3,2
141,6,3
142,0,3
143,5,3
144,0,3
145,0,3
146,0,3
147,3,3
148,1,3
149,3,3
150,0,3
151,0,3
152,0,3
153,1,4
154,1,3
155,6,3
156,1,3
157,3,3
158,1,3
159,1,3
160,2,3
161,0,3
162,2,3
163,0,3
164,3,3
165,1,3
166,3,3
167,1,3
168,5,3
169,5,2
170,4,3
171,6,3
172,1,3
173,0,3
174,0,3
175,2,3
176,0,3
177,0,3
178,1,3
179,3,3
180,4,4
181,6,3
182,0,3
183,4,3
184,2,3
185,0,3
186,5,3
187,1,3
188,1,3
189,0,3
190,0,3
191,1,3
192,1,3
193,1,3
194,1,3
195,0,3
196,5,3
197,5,3
198,3,3
199,2,3
200,0,3
201,0,3
202,0,3
203,3,3
204,2,3
205,0,3
206,0,3
207,7,3
208,2,3
209,4,3
210,1,3
211,3,3
212,1,3
213,1,3
214,1,3
215,7,3
216,0,3
217,0,3
218,0,3
219,6,4
220,0,3
221,2,3
222,3,4
223,16,3
224,0,3
225,1,3
226,1,3
227,1,3
228,2,3
229,2,3
230,4,3
231,1,3
232,0,3
233,3,3
234,10,3
235,10,3
236,2,3
237,0,3
238,2,3
239,0,3
240,9,3
241,10,3
242,1,3
243,3,3
244,2,3
245,13,3
246,1,3
247,1,3
248,0,3
249,1,3
250,1,3
251,0,3
252,0,3
253,0,3
254,3,3
255,0,3
256,2,3
257,4,3
258,4,3
259,3,3
260,4,3
261,0,3
262,3,3
263,0,3
264,0,3
265,2,3
266,23,3
267,0,3
268,0,3
269,0,3
270,0,3
271,0,3
272,1,3
273,0,3
274,7,3
275,0,3
276,0,3
277,2,3
278,0,3
279,0,3
280,2,4
281,2,3
282,0,3
283,0,3
284,4,3
285,7,3
286,2,3
287,1,3
288,3,3
289,0,3
290,0,3
291,0,3
292,1,3
293,0,3
294,1,3
295,4,3
296,4,3
297,0,3
298,5,3
299,0,3
300,0,3
301,6,3
302,2,3
303,4,3
304,0,3
305,0,3
306,5,3
307,2,3
308,1,3
309,1,3
310,3,3
311,0,3
312,0,3
313,0,3
314,0,3
315,3,3
316,0,3
317,4,3
318,1,3
319,2,3
320,4,3
321,1,3
322,1,3
323,1,3
324,8,3
325,0,3
326,14,3
327,4,3
328,1,3
329,4,3
330,0,3
331,0,3
332,5,4
333,1,3
334,1,3
335,1,3
336,1,3
337,3,3
338,0,3
339,2,3
340,0,3
341,0,3
342,1,3
343,3,3
344,1,3
345,4,3
346,3,3
347,1,3
348,2,3
349,0,3
350,2,3
351,0,3
352,0,3
353,1,3
354,1,4
355,3,3
356,0,3
357,1,3
358,1,3
359,4,3
360,3,3
361,0,3
362,1,3
363,2,3
364,2,3
365,1,3
366,1,3
367,0,3
368,1,3
369,0,3
370,2,3
371,2,3
372,0,3
373,0,3
374,0,3
375,3,3
376,0,3
377,0,3
378,1,3
379,3,3
380,1,3
381,0,3
382,1,3
383,0,3
384,1,3
385,17,3
386,1,3
387,4,3
388,1,3
389,0,3
390,0,3
391,2,3
392,0,3
393,2,3
394,2,4
395,0,3
396,1,3
397,3,3
398,2,3
399,1,3
400,13,3
401,0,3
402,4,3
403,11,3
404,2,3
405,0,3
406,1,3
407,0,3
408,1,3
409,1,3
410,1,3
411,2,3
412,5,3
413,0,3
414,0,3
415,4,3
416,0,3
417,10,4
418,2,3
419,0,3
420,1,3
421,0,3
422,0,3
423,3,3
424,1,3
425,0,3
426,0,3
427,2,3
428,0,3
429,1,3
430,0,3
431,8,4
432,1,3
433,1,3
434,15,3
435,1,2
436,4,3
437,1,3
438,1,3
439,20,3
440,1,3
441,0,3
442,1,3
443,0,3
444,1,3
445,1,3
446,0,3
447,17,3
448,0,3
449,0,3
450,0,3
451,1,3
452,3,4
453,7,2
454,2,3
455,0,3
456,0,3
457,1,3
458,0,3
459,5,3
460,1,3
461,2,3
462,0,3
463,0,3
464,1,3
465,2,4
466,1,3
467,13,3
468,1,3
469,1,3
470,2,3
471,5,3
472,1,3
473,0,3
474,0,3
475,0,3
476,2,4
477,1,3
478,2,3
479,2,3
480,0,3
481,0,3
482,3,3
483,2,3
484,16,3
485,5,3
486,4,3
487,4,3
488,4,4
489,0,3
490,3,3
491,1,3
492,1,3
493,5,3
494,3,3
495,2,3
496,0,3
497,1,3
498,0,3
499,0,3
500,0,3
501,2,3
502,0,3
503,3,3
504,3,3
505,3,3
506,0,3
507,11,4
508,1,3
509,6,3
510,3,3
511,3,4
512,0,3
513,1,3
514,14,3
515,0,3
516,1,3
517,0,3
518,1,3
519,6,3
520,1,3
521,2,3
522,2,3
523,0,3
524,9,3
525,0,3
526,5,3
527,1,3
528,2,3
529,0,3
530,2,3
531,1,3
532,3,3
533,4,3
534,1,3
535,0,3
536,0,3
537,1,3
538,1,3
539,5,3
540,1,3
541,18,2
542,2,3
543,0,3
544,1,3
545,1,3
546,11,3
547,1,3
548,3,3
549,1,3
550,2,3
551,1,3
552,0,3
553,13,3
554,0,3
555,1,3
556,26,1
557,0,3
558,8,3
559,0,3
560,15,3
561,18,3
562,3,3
563,0,3
564,2,3
565,1,3
566,2,3
567,4,3
568,2,3
569,4,3
570,0,3
571,10,3
572,3,3
573,4,3
574,4,3
575,6,3
576,1,3
577,0,3
578,6,3
579,1,3
580,14,4
581,1,3
582,0,3
583,1,3
584,0,3
585,2,3
586,1,3
587,1,3
588,0,3
589,0,3
590,11,3
591,0,3
592,1,3
593,1,3
594,1,3
595,0,3
596,3,3
597,0,3
598,1,3
599,10,3
600,1,3
601,2,3
602,0,3
603,16,3
604,0,3
605,4,3
606,4,3
607,7,3
608,0,3
609,0,3
610,2,3
611,0,3
612,0,3
613,10,3
614,0,3
615,4,3
616,6,4
617,2,4
618,1,3
619,2,3
620,1,3
621,4,3
622,0,3
623,2,3
624,0,3
625,1,3
626,3,3
627,2,3
628,0,3
629,1,3
630,2,3
631,1,3
632,4,3
633,0,3
634,1,3
635,1,3
636,2,3
637,2,3
638,2,3
639,0,3
640,0,3
641,4,3
642,0,3
643,1,3
644,2,3
645,0,3
646,0,3
647,4,3
648,3,3
649,0,3
650,1,2
651,2,3
652,2,3
653,0,3
654,6,5
655,4,3
656,3,3
657,1,3
658,0,3
659,5,3
660,0,3
661,0,3
662,11,3
663,1,3
664,0,3
665,0,3
666,0,3
667,1,3
668,0,3
669,3,4
670,0,3
671,5,3
672,4,4
673,0,3
674,1,3
675,1,3
676,3,3
677,1,3
678,3,3
679,8,3
680,0,3
681,0,3
682,4,3
683,1,3
684,0,3
685,1,3
686,0,3
687,0,3
688,0,3
689,0,3
690,0,3
691,0,3
692,8,3
693,0,3
694,0,3
695,0,3
696,0,3
697,0,3
698,6,3
699,10,3
700,4,3
701,0,3
702,5,3
703,4,3
704,2,3
705,1,3
706,0,3
707,1,3
708,1,3
709,10,3
710,5,3
711,2,3
712,2,3
713,0,3
714,2,3
715,3,2
716,2,3
717,3,3
718,2,3
719,0,3
720,0,3
721,2,3
722,0,3
723,0,3
724,10,3
725,5,3
726,0,3
727,7,3
728,4,3
729,13,3
730,6,3
731,2,3
732,0,3
733,0,3
734,2,3
735,0,3
736,11,4
737,3,3
738,6,4
739,8,4
740,1,3
741,0,3
742,0,3
743,1,3
744,2,3
745,0,3
746,0,3
747,2,3
748,0,3
749,0,3
750,0,3
751,4,3
752,8,3
753,6,4
754,0,3
755,0,3
756,0,3
757,3,3
758,0,3
759,0,3
760,0,3
761,1,3
762,1,3
763,0,3
764,5,3
765,0,3
766,10,3
767,14,3
768,0,3
769,0,3
770,2,3
771,3,3
772,0,3
773,1,3
774,0,3
775,5,3
776,3,4
777,1,3
778,2,3
779,1,3
780,0,3
781,1,3
782,1,3
783,5,3
784,6,4
785,4,3
786,0,3
787,2,3
788,1,3
789,0,3
790,11,4
791,1,3
792,1,3
793,3,3
794,3,4
795,1,3
796,0,3
797,0,3
798,1,3
799,7,3
800,0,3
801,0,3
802,0,3
803,0,3
804,2,3
805,6,3
806,0,3
807,1,3
808,0,3
809,0,3
810,6,3
811,1,3
812,4,3
813,0,3
814,2,3
815,0,3
816,6,3
817,0,3
818,0,3
819,0,3
820,3,3
821,0,3
822,0,3
823,5,3
824,0,3
825,9,3
826,1,3
827,0,3
828,2,3
829,0,3
830,4,3
831,0,3
832,1,3
833,0,3
834,0,3
835,3,3
836,0,3
837,6,3
838,0,3
839,4,4
840,0,3
841,5,3
842,4,3
843,3,3
844,1,3
845,4,3
846,0,3
847,0,3
848,1,3
849,0,3
850,3,3
851,0,3
852,0,3
853,1,3
854,1,3
855,1,3
856,2,2
857,2,3
858,0,3
859,0,3
860,1,3
861,0,3
862,7,3
863,4,4
864,0,3
865,2,3
866,2,3
867,3,3
868,0,3
869,2,3
870,0,3
871,0,3
872,2,3
873,4,3
874,0,3
875,1,3
876,1,3
877,0,3
878,0,3
879,2,3
880,0,3
881,0,3
882,5,3
883,0,3
884,2,3
885,0,3
886,0,3
887,3,3
888,19,3
889,9,3
890,3,3
891,3,3
892,10,3
893,8,3
894,7,3
895,8,3
896,17,3
897,7,3
898,0,3
899,12,3
900,6,3
901,0,3
902,6,3
903,1,3
904,0,3
905,0,3
906,4,3
907,2,3
908,7,2
909,51,3
910,0,3
911,2,3
912,13,3
913,2,3
914,1,3
915,3,3
916,0,3
917,2,3
918,2,3
919,0,3
920,3,3
921,0,3
922,2,3
923,1,3
924,2,3
925,0,3
926,0,3
927,0,3
928,0,3
929,3,2
930,3,3
931,2,3
932,0,3
933,0,3
934,7,5
935,4,3
936,3,2
937,1,3
938,0,3
939,0,3
940,0,3
941,0,3
942,0,3
943,9,3
944,0,3
945,2,3
946,2,3
947,0,3
948,1,2
949,0,3
950,1,3
951,2,3
952,0,3
953,9,3
954,0,3
955,0,3
956,0,3
957,0,3
958,0,3
959,1,3
960,1,3
961,8,3
962,6,3
963,2,3
964,1,3
965,1,3
966,5,3
967,5,4
968,26,2
969,0,3
970,0,3
971,0,3
972,5,3
973,0,3
974,7,3
975,0,3
976,4,3
977,3,3
978,4,3
979,0,3
980,2,3
981,0,3
982,0,3
983,0,3
984,1,3
985,0,3
986,9,3
987,24,3
988,10,3
989,0,3
990,0,3
991,6,3
992,21,3
993,8,3
994,2,3
995,2,3
996,0,3
997,0,3
998,1,3
999,3,3
1000,9,3
1001,6,3
1002,1,3
1003,4,3
1004,0,3
1005,1,3
1006,0,3
1007,7,3
1008,0,3
1009,0,3
1010,1,3
1011,0,3
1012,0,3
1013,11,3
1014,0,3
1015,0,3
1016,0,3
1017,0,3
1018,0,3
1019,2,3
1020,1,3
1021,0,3
1022,7,3
1023,0,3
1024,0,3
1025,0,3
1026,0,3
1027,1,3
1028,1,3
1029,8,3
1030,3,4
1031,2,3
1032,1,3
1033,8,3
1034,2,3
1035,6,3
1036,0,3
1037,3,3
1038,4,3
1039,1,3
1040,0,3
1041,11,3
1042,7,3
1043,1,3
1044,3,3
1045,1,3
1046,0,3
1047,1,3
1048,3,5
1049,4,3
1050,8,3
1051,4,4
1052,3,3
1053,2,3
1054,0,3
1055,0,3
1056,0,3
1057,0,3
1058,3,3
1059,0,3
1060,1,3
1061,7,3
1062,3,3
1063,6,3
1064,5,3
1065,5,3
1066,0,3
1067,0,3
1068,18,3
1069,0,3
1070,2,3
1071,0,3
1072,1,3
1073,0,3
1074,0,3
1075,12,4
1076,0,3
1077,1,3
1078,0,3
1079,3,3
1080,2,3
1081,0,3
1082,5,3
1083,0,3
1084,1,3
1085,19,3
1086,0,3
1087,12,3
1088,12,4
1089,1,3
1090,2,3
1091,2,3
1092,2,3
1093,0,3
1094,0,3
1095,3,3
1096,5,4
1097,0,3
1098,2,3
1099,5,3
1100,4,3
1101,0,3
1102,1,3
1103,2,3
1104,5,3
1105,7,3
1106,0,3
1107,0,3
1108,10,3
1109,7,3
1110,1,3
1111,1,3
1112,0,3
1113,0,3
1114,0,3
1115,0,3
1116,3,3
1117,3,3
1118,0,3
1119,0,3
1120,2,3
1121,8,4
1122,0,3
1123,2,3
1124,0,3
1125,12,3
1126,0,3
1127,10,3
1128,0,3
1129,0,3
1130,5,3
1131,2,3
1132,1,3
1133,1,3
1134,1,3
1135,0,3
1136,8,4
1137,2,3
1138,0,3
1139,0,3
1140,3,3
1141,6,2
1142,0,3
1143,1,3
1144,1,3
1145,0,3
1146,1,3
1147,0,3
1148,0,3
1149,0,3
1150,0,3
1151,2,3
1152,1,3
1153,5,4
1154,4,3
1155,5,2
1156,0,3
1157,7,3
1158,1,3
1159,2,3
1160,0,3
1161,1,3
1162,1,3
1163,4,2
1164,0,3
1165,1,3
1166,4,2
1167,0,3
1168,0,3
1169,29,3
1170,1,3
1171,5,3
1172,1,3
1173,0,3
1174,4,3
1175,0,3
1176,1,3
1177,5,3
1178,21,4
1179,5,3
1180,13,3
1181,0,3
1182,0,3
1183,2,3
1184,2,3
1185,0,3
1186,9,3
1187,2,3
1188,1,3
1189,12,6
1190,0,3
1191,6,3
1192,8,3
1193,0,3
1194,16,3
1195,0,3
1196,1,4
1197,15,2
1198,5,3
1199,2,3
1200,2,3
1201,2,3
1202,2,3
1203,0,3
1204,8,4
1205,1,3
1206,0,3
1207,10,2
1208,0,3
1209,6,3
1210,3,3
1211,2,3
1212,7,3
1213,0,3
1214,3,3
1215,3,3
1216,3,3
1217,0,3
1218,6,3
1219,0,3
1220,3,3
1221,11,4
1222,7,4
1223,1,3
1224,2,3
1225,4,3
1226,1,3
1227,4,3
1228,0,3
1229,0,3
1230,0,3
1231,2,4
1232,0,3
1233,0,3
1234,21,3
1235,0,3
1236,0,3
1237,4,3
1238,5,3
1239,3,4
1240,10,3
1241,4,3
1242,4,3
1243,0,3
1244,14,3
1245,0,3
1246,2,4
1247,11,3
1248,18,5
1249,0,3
1250,5,3
1251,0,3
1252,0,3
1253,0,3
1254,4,3
1255,12,5
1256,0,3
1257,0,3
1258,0,3
1259,0,3
1260,0,3
1261,2,3
1262,0,3
1263,5,3
1264,7,3
1265,0,3
1266,0,3
1267,0,3
1268,2,3
1269,0,3
1270,0,3
1271,1,3
1272,6,2
1273,2,3
1274,0,3
1275,0,3
1276,0,3
1277,2,3
1278,0,3
1279,3,3
1280,0,3
1281,39,4
1282,4,3
1283,0,3
1284,2,3
1285,11,3
1286,2,3
1287,0,3
1288,0,3
1289,7,3
1290,3,3
1291,3,3
1292,1,3
1293,5,4
1294,0,3
1295,3,3
1296,0,3
1297,4,3
1298,8,6
1299,1,3
1300,0,3
1301,0,3
1302,14,4
1303,2,3
1304,2,3
1305,2,3
1306,0,3
1307,3,3
1308,0,3
1309,32,4
1310,2,3
1311,12,3
1312,1,3
1313,0,3
1314,3,3
1315,0,3
1316,1,3
1317,0,3
1318,1,3
1319,0,3
1320,7,3
1321,2,4
1322,28,3
1323,23,3
1324,1,3
1325,3,3
1326,0,3
1327,1,3
1328,3,3
1329,0,3
1330,0,3
1331,0,3
1332,17,2
1333,2,3
1334,2,3
1335,19,4
1336,0,3
1337,1,3
1338,1,3
1339,1,3
1340,1,3
1341,23,4
1342,0,3
1343,0,3
1344,3,3
1345,1,3
1346,0,3
1347,0,3
1348,0,3
1349,0,3
1350,0,3
1351,3,3
1352,11,3
1353,2,3
1354,0,3
1355,1,3
1356,2,3
1357,3,3
1358,4,3
1359,1,3
1360,7,3
1361,2,3
1362,0,3
1363,0,3
1364,4,3
1365,22,3
1366,0,3
1367,1,3
1368,1,3
1369,9,3
1370,0,3
1371,4,3
1372,0,3
1373,0,3
1374,5,4
1375,1,3
1376,0,3
1377,5,3
1378,0,3
1379,0,3
1380,0,3
1381,0,3
1382,4,3
1383,0,3
1384,0,3
1385,0,3
1386,0,3
1387,0,3
1388,0,3
1389,2,3
1390,13,3
1391,2,3
1392,2,3
1393,2,3
1394,1,3
1395,3,3
1396,7,3
1397,7,3
1398,5,3
1399,5,3
1400,5,3
1401,0,3
1402,0,3
1403,5,3
1404,0,3
1405,0,3
1406,0,3
1407,2,3
1408,10,3
1409,4,3
1410,1,3
1411,0,3
1412,28,3
1413,9,3
1414,0,3
1415,3,3
1416,1,3
1417,1,3
1418,0,3
1419,0,3
1420,0,3
1421,12,3
1422,3,3
1423,9,3
1424,4,4
1425,0,3
1426,31,3
1427,0,3
1428,10,3
1429,1,3
1430,49,3
1431,4,3
1432,1,3
1433,3,3
1434,0,3
1435,3,3
1436,2,3
1437,0,3
1438,1,3
1439,0,3
1440,6,3
1441,0,3
1442,0,3
1443,2,3
1444,2,3
1445,2,3
1446,2,3
1447,4,3
1448,9,4
1449,1,3
1450,3,3
1451,0,3
1452,4,3
1453,0,3
1454,2,3
1455,0,3
1456,0,3
1457,1,3
1458,0,3
1459,24,5
1460,2,3
1461,0,3
1462,1,3
1463,0,3
1464,13,4
1465,2,3
1466,4,3
1467,4,3
1468,1,3
1469,3,3
1470,25,4
1471,2,3
1472,2,3
1473,4,2
1474,2,3
1475,2,3
1476,0,3
1477,0,3
1478,0,3
1479,3,2
1480,0,3
1481,3,3
1482,4,3
1483,0,3
1484,0,3
1485,0,3
1486,11,3
1487,34,5
1488,6,4
1489,0,3
1490,16,3
1491,0,3
1492,0,3
1493,0,3
1494,27,4
1495,18,3
1496,1,3
1497,0,3
1498,4,3
1499,2,3
1500,1,4
1501,0,3
1502,1,3
1503,6,3
1504,1,3
1505,0,3
1506,0,3
1507,1,3
1508,0,3
1509,0,3
1510,2,3
1511,13,3
1512,2,3
1513,12,3
1514,6,3
1515,0,3
1516,0,3
1517,11,3
1518,0,3
1519,3,3
1520,0,3
1521,4,3
1522,0,3
1523,14,2
1524,8,3
1525,0,3
1526,7,3
1527,0,3
1528,0,3
1529,1,3
1530,1,3
1531,0,3
1532,2,3
1533,3,4
1534,1,3
1535,0,3
1536,15,3
1537,1,3
1538,1,3
1539,2,3
1540,2,4
1541,1,3
1542,2,3
1543,21,3
1544,0,3
1545,1,3
1546,0,3
1547,3,3
1548,3,3
1549,35,3
1550,2,3
1551,0,3
1552,0,3
1553,2,3
1554,0,3
1555,2,3
1556,0,3
1557,0,3
1558,2,3
1559,0,3
1560,7,4
1561,4,3
1562,0,3
1563,0,3
1564,3,3
1565,1,3
1566,0,3
1567,7,4
1568,1,3
1569,0,3
1570,0,3
1571,9,3
1572,0,3
1573,2,3
1574,0,3
1575,4,4
1576,2,3
1577,0,3
1578,9,2
1579,4,4
1580,0,3
1581,26,3
1582,2,3
1583,1,3
1584,0,3
1585,0,3
1586,1,3
1587,2,3
1588,0,3
1589,4,4
1590,5,3
1591,2,3
1592,16,3
1593,6,4
1594,0,3
1595,2,3
1596,0,3
1597,0,3
1598,0,3
1599,4,3
1600,12,3
1601,15,3
1602,0,3
1603,17,3
1604,2,3
1605,3,3
1606,4,3
1607,51,5
1608,1,3
1609,1,3
1610,0,3
1611,0,3
1612,0,3
1613,6,3
1614,3,3
1615,4,3
1616,15,3
1617,1,3
1618,1,3
1619,12,3
1620,0,3
1621,15,3
1622,0,3
1623,19,3
1624,10,4
1625,10,3
1626,0,3
1627,1,3
1628,0,3
1629,0,3
1630,0,3
1631,0,3
1632,3,3
1633,1,3
1634,2,3
1635,33,4
1636,1,3
1637,0,3
1638,0,3
1639,21,3
1640,9,3
1641,0,3
1642,3,4
1643,2,3
1644,4,3
1645,1,3
1646,0,3
1647,4,3
1648,0,3
1649,1,3
1650,8,4
1651,0,3
1652,2,3
1653,6,4
1654,21,2
1655,3,3
1656,0,3
1657,7,3
1658,12,3
1659,7,4
1660,50,3
1661,11,3
1662,26,4
1663,0,3
1664,7,3
1665,0,3
1666,9,3
1667,12,4
1668,3,3
1669,1,3
1670,1,3
1671,15,4
1672,0,3
1673,3,3
1674,1,3
1675,1,3
1676,3,3
1677,3,3
1678,0,3
1679,0,3
1680,7,4
1681,1,3
1682,17,5
1683,0,3
1684,0,3
1685,0,3
1686,0,3
1687,14,4
1688,0,3
1689,0,3
1690,21,3
1691,0,3
1692,12,4
1693,2,3
1694,1,3
1695,8,3
1696,11,3
1697,1,3
1698,4,4
1699,0,3
1700,2,3
1701,0,3
1702,2,3
1703,1,3
1704,4,3
1705,0,3
1706,13,4
1707,32,4
1708,0,3
1709,9,3
1710,1,3
1711,5,3
1712,0,3
1713,20,3
1714,1,3
1715,19,3
1716,0,3
1717,1,3
1718,3,3
1719,41,2
1720,3,3
1721,1,3
1722,1,3
1723,4,4
1724,0,3
1725,0,3
1726,0,3
1727,0,3
1728,3,4
1729,1,3
1730,5,3
1731,42,3
1732,19,2
1733,0,3
1734,1,3
1735,13,2
1736,7,3
1737,50,5
1738,0,3
1739,2,3
1740,0,3
1741,16,3
1742,0,3
1743,1,3
1744,6,3
1745,0,3
1746,12,4
1747,2,3
1748,70,7
1749,3,3
1750,3,3
1751,1,3
1752,5,3
1753,2,3
1754,15,4
1755,3,3
1756,10,4
1757,0,3
1758,5,4
1759,0,3
1760,11,4
1761,0,3
1762,1,3
1763,1,3
1764,0,3
1765,3,3
1766,2,3
1767,2,3
1768,7,3
1769,13,4
1770,0,3
1771,27,3
1772,7,4
1773,16,3
1774,1,3
1775,0,3
1776,15,2
1777,1,3
1778,1,3
1779,3,3
1780,3,3
1781,2,4
1782,1,3
1783,4,3
1784,11,5
1785,1,3
1786,3,3
1787,2,3
1788,0,3
1789,16,4
1790,4,4
1791,0,3
1792,7,3
1793,6,4
1794,9,4
1795,1,3
1796,0,3
1797,9,3
1798,11,3
1799,0,3
1800,0,3
1801,8,3
1802,1,3
1803,14,3
1804,21,4
1805,7,3
1806,4,3
1807,0,3
1808,11,3
1809,0,3
1810,2,3
1811,51,4
1812,0,3
1813,16,3
1814,0,3
1815,0,3
1816,14,4
1817,47,3
1818,0,3
1819,0,3
1820,0,3
1821,0,3
1822,1,3
1823,2,3
1824,0,3
1825,25,6
1826,15,5
1827,1,3
1828,2,4
1829,0,3
1830,0,3
1831,1,3
1832,9,3
1833,1,3
1834,0,3
1835,3,3
1836,17,4
1837,7,3
1838,24,3
1839,0,3
1840,0,3
1841,3,4
1842,1,3
1843,0,3
1844,0,3
1845,4,3
1846,4,3
1847,12,3
1848,4,3
1849,0,3
1850,0,3
1851,3,3
1852,0,3
1853,0,3
1854,30,2
1855,0,3
1856,32,3
1857,10,3
1858,0,3
1859,0,3
1860,6,3
1861,1,3
1862,5,3
1863,0,3
1864,0,3
1865,0,3
1866,0,3
1867,0,3
1868,2,3
1869,3,4
1870,3,3
1871,3,3
1872,7,4
1873,1,3
1874,2,3
1875,4,3
1876,1,3
1877,2,3
1878,0,3
1879,1,3
1880,0,3
1881,1,3
1882,3,3
1883,6,3
1884,0,3
1885,0,3
1886,12,4
1887,0,3
1888,11,3
1889,0,3
1890,8,4
1891,0,3
1892,5,3
1893,16,4
1894,2,3
1895,3,3
1896,9,4
1897,0,3
1898,9,2
1899,9,4
1900,0,3
1901,1,3
1902,17,3
1903,0,3
1904,12,3
1905,2,3
1906,13,5
1907,0,3
1908,7,3
1909,8,3
1910,2,3
1911,0,3
1912,0,3
1913,1,3
1914,2,3
1915,21,4
1916,4,3
1917,1,3
1918,1,3
1919,16,4
1920,16,3
1921,0,3
1922,20,3
1923,0,3
1924,0,3
1925,1,3
1926,1,3
1927,22,4
1928,11,3
1929,2,2
1930,0,3
1931,14,3
1932,34,3
1933,0,3
1934,0,3
1935,2,4
1936,1,3
1937,0,3
1938,0,3
1939,0,3
1940,0,3
1941,1,3
1942,1,3
1943,9,3
1944,3,3
1945,0,3
1946,2,3
1947,7,3
1948,49,3
1949,0,3
1950,0,3
1951,0,3
1952,1,3
1953,4,3
1954,2,3
1955,2,3
1956,9,3
1957,1,3
1958,3,3
1959,1,3
1960,37,2
1961,0,3
1962,0,3
1963,0,3
1964,0,3
1965,0,3
1966,0,3
1967,41,3
1968,0,3
1969,0,3
1970,0,3
1971,1,3
1972,2,3
1973,6,3
1974,19,3
1975,0,3
1976,9,4
1977,33,5
1978,0,3
1979,0,3
1980,2,3
1981,2,4
1982,3,3
1983,4,3
1984,7,4
1985,2,3
1986,2,3
1987,4,3
1988,2,3
1989,0,3
1990,8,4
1991,1,3
1992,3,3
1993,11,4
1994,2,3
1995,0,3
1996,6,4
1997,0,3
1998,14,4
1999,1,3
2000,4,4
2001,0,3
2002,0,3
2003,32,4
2004,0,3
2005,1,3
2006,4,3
2007,14,3
2008,0,3
2009,1,3
2010,31,6
2011,1,3
2012,1,3
2013,0,3
2014,1,3
2015,5,3
2016,0,3
2017,0,3
2018,0,3
2019,0,3
2020,17,2
2021,0,3
2022,0,3
2023,1,3
2024,1,3
2025,12,3
2026,18,3
2027,0,3
2028,7,3
2029,3,3
2030,3,3
2031,7,3
2032,0,3
2033,0,3
2034,2,3
2035,1,3
2036,4,3
2037,12,4
2038,0,3
2039,1,3
2040,8,3
2041,0,3
2042,1,3
2043,1,3
2044,0,3
2045,0,3
2046,3,3
2047,0,3
2048,1,3
2049,0,3
2050,11,4
2051,3,3
2052,1,3
2053,0,3
2054,0,3
2055,1,3
2056,2,2
2057,6,3
2058,1,3
2059,0,3
2060,18,3
2061,3,3
2062,25,5
2063,19,3
2064,0,3
2065,3,3
2066,32,4
2067,7,3
2068,14,4
2069,7,3
2070,53,7
2071,0,3
2072,0,3
2073,1,3
2074,1,3
2075,8,4
2076,2,3
2077,0,3
2078,2,3
2079,0,3
2080,1,3
2081,14,4
2082,0,3
2083,3,3
2084,7,3
2085,29,5
2086,2,3
2087,26,4
2088,11,3
2089,97,3
2090,0,3
2091,0,3
2092,1,3
2093,18,4
2094,10,3
2095,7,3
2096,4,3
2097,1,3
2098,8,4
2099,13,3
2100,1,3
2101,0,3
2102,0,3
2103,0,3
2104,1,3
2105,0,3
2106,27,4
2107,0,3
2108,31,4
2109,10,4
2110,0,3
2111,15,3
2112,0,3
2113,0,3
2114,1,3
2115,1,3
2116,4,4
2117,0,3
2118,1,3
2119,0,3
2120,1,3
2121,0,3
2122,0,3
2123,5,3
2124,1,3
2125,0,3
2126,19,3
2127,2,3
2128,17,4
2129,21,4
2130,0,3
2131,0,3
2132,0,3
2133,2,3
2134,0,3
2135,14,3
2136,5,4
2137,66,4
2138,11,4
2139,1,3
2140,9,4
2141,24,4
2142,7,4
2143,0,3
2144,0,3
2145,13,4
2146,0,3
2147,5,3
2148,0,3
2149,1,3
2150,6,3
2151,2,3
2152,3,3
2153,2,3
2154,2,3
2155,14,4
2156,0,3
2157,14,3
2158,2,3
2159,1,4
2160,18,3
2161,0,3
2162,0,3
2163,2,3
2164,1,3
2165,3,3
2166,1,3
2167,0,3
2168,2,3
2169,0,3
2170,0,3
2171,0,3
2172,3,3
2173,5,3
2174,31,5
2175,1,3
2176,3,3
2177,1,3
2178,1,3
2179,23,5
2180,5,3
2181,0,3
2182,3,3
2183,2,3
2184,1,3
2185,1,3
2186,2,3
2187,5,3
2188,11,4
2189,10,3
2190,2,3
2191,1,3
2192,14,3
2193,34,4
2194,11,4
2195,0,3
2196,2,3
2197,12,6
2198,4,4
2199,0,3
2200,4,3
2201,5,4
2202,22,2
2203,0,3
2204,2,4
2205,19,4
2206,5,4
2207,7,3
2208,3,3
2209,35,3
2210,0,3
2211,0,3
2212,0,3
2213,26,6
2214,17,3
2215,0,3
2216,3,3
2217,10,4
2218,0,3
2219,2,3
2220,1,3
2221,4,3
2222,0,3
2223,1,3
2224,36,3
2225,0,3
2226,2,3
2227,17,3
2228,10,4
2229,26,5
2230,9,4
2231,1,3
2232,0,3
2233,1,3
2234,0,3
2235,0,3
2236,11,3
2237,3,3
2238,38,5
2239,0,3
2240,1,3
2241,2,3
2242,22,3
2243,17,3
2244,0,3
2245,2,4
2246,0,3
2247,7,3
2248,1,3
2249,0,3
2250,0,3
2251,0,3
2252,18,5
2253,20,3
2254,0,3
2255,1,3
2256,0,3
2257,2,3
2258,14,4
2259,2,3
2260,0,3
2261,0,3
2262,0,3
2263,12,3
2264,0,3
2265,17,3
2266,0,3
2267,1,3
2268,1,3
2269,0,3
2270,0,3
2271,0,3
2272,9,3
2273,4,3
2274,4,3
2275,6,3
2276,28,7
2277,0,3
2278,5,4
2279,1,3
2280,3,3
2281,0,3
2282,0,3
2283,9,5
2284,0,3
2285,5,3
2286,3,3
2287,15,3
2288,0,3
2289,0,3
2290,0,3
2291,2,3
2292,2,4
2293,0,3
2294,25,4
2295,21,4
2296,0,3
2297,13,3
2298,0,3
2299,1,3
2300,0,3
2301,44,3
2302,2,3
2303,6,4
2304,8,3
2305,0,3
2306,17,4
2307,2,3
2308,0,3
2309,7,3
2310,4,3
2311,1,3
2312,5,3
2313,84,3
2314,6,4
2315,20,3
2316,1,3
2317,1,3
2318,4,4
2319,4,3
2320,0,3
2321,24,3
2322,4,3
2323,5,3
2324,0,3
2325,1,3
2326,1,3
2327,28,4
2328,3,4
2329,5,3
2330,25,5
2331,18,4
2332,0,3
2333,0,3
2334,1,3
2335,0,3
2336,15,4
2337,16,3
2338,0,3
2339,0,3
2340,4,3
2341,0,3
2342,4,3
2343,2,3
2344,1,3
2345,1,3
2346,1,3
2347,0,3
2348,0,3
2349,0,3
2350,63,4
2351,0,3
2352,1,3
2353,8,4
2354,6,4
2355,8,3
2356,1,3
2357,0,3
2358,2,3
2359,0,3
2360,14,4
2361,1,3
2362,1,3
2363,6,3
2364,0,3
2365,3,5
2366,11,3
2367,3,3
2368,1,3
2369,0,3
2370,1,3
2371,0,3
2372,0,3
2373,1,3
2374,3,4
2375,1,3
2376,1,3
2377,4,3
2378,0,3
2379,7,4
2380,15,7
2381,2,3
2382,7,4
2383,0,3
2384,0,3
2385,0,3
2386,24,3
2387,0,3
2388,37,4
2389,44,5
2390,0,3
2391,0,3
2392,0,3
2393,6,2
2394,18,4
2395,3,3
2396,30,3
2397,0,3
2398,13,4
2399,3,4
2400,0,3
2401,2,3
2402,0,3
2403,5,4
2404,0,3
2405,0,3
2406,1,3
2407,0,3
2408,0,3
2409,10,3
2410,0,3
2411,7,3
2412,26,3
2413,2,3
2414,0,3
2415,23,4
2416,26,4
2417,8,4
2418,0,3
2419,0,3
2420,5,3
2421,3,3
2422,0,3
2423,1,3
2424,11,3
2425,2,3
2426,1,3
2427,4,4
2428,24,3
2429,12,4
2430,2,4
2431,0,3
2432,1,4
2433,27,3
2434,0,3
2435,2,3
2436,0,3
2437,12,4
2438,4,3
2439,2,3
2440,0,3
2441,1,3
2442,31,4
2443,3,3
2444,0,3
2445,18,3
2446,0,3
2447,0,3
2448,1,3
2449,0,3
2450,29,4
2451,28,6
2452,0,3
2453,1,3
2454,6,4
2455,0,3
2456,1,3
2457,11,3
2458,15,4
2459,3,3
2460,1,3
2461,4,4
2462,1,3
2463,9,3
2464,0,3
2465,0,3
2466,42,5
2467,6,3
2468,0,3
2469,0,3
2470,0,3
2471,0,3
2472,37,5
2473,1,3
2474,8,3
2475,0,3
2476,44,1
2477,0,3
2478,8,4
2479,0,3
2480,0,3
2481,1,4
2482,1,3
2483,0,3
2484,2,3
2485,9,4
2486,1,3
2487,5,4
2488,1,3
2489,1,3
2490,0,3
2491,0,3
2492,32,4
2493,2,3
2494,0,3
2495,0,3
2496,16,4
2497,66,3
2498,1,3
2499,3,3
2500,0,3
2501,14,2
2502,5,3
2503,18,4
2504,25,4
2505,1,3
2506,16,5
2507,0,3
2508,27,5
2509,16,5
2510,1,3
2511,4,3
2512,10,4
2513,51,5
2514,22,5
2515,0,3
2516,16,4
2517,0,3
2518,0,3
2519,22,3
2520,2,3
2521,0,3
2522,6,3
2523,0,3
2524,1,3
2525,13,5
2526,4,3
2527,1,3
2528,1,3
2529,1,3
2530,2,4
2531,1,3
2532,2,3
2533,23,6
2534,53,5
2535,0,3
2536,0,3
2537,0,3
2538,31,4
2539,1,3
2540,26,4
2541,27,5
2542,5,3
2543,12,5
2544,0,3
2545,0,3
2546,34,5
2547,0,3
2548,0,3
2549,0,3
2550,1,3
2551,17,2
2552,6,4
2553,1,3
2554,35,5
2555,14,4
2556,10,4
2557,0,3
2558,2,3
2559,20,2
2560,0,3
2561,1,3
2562,0,3
2563,0,3
2564,1,3
2565,23,4
2566,0,3
2567,2,3
2568,12,4
2569,0,3
2570,23,3
2571,83,8
2572,0,3
2573,3,3
2574,0,3
2575,3,3
2576,0,3
2577,1,3
2578,1,3
2579,13,3
2580,0,3
2581,0,3
2582,30,4
2583,0,3
2584,4,3
2585,0,3
2586,0,3
2587,17,4
2588,0,3
2589,7,4
2590,6,3
2591,0,3
2592,0,3
2593,0,3
2594,0,3
2595,1,3
2596,0,3
2597,34,5
2598,0,3
2599,0,3
2600,0,3
2601,0,3
2602,2,3
2603,19,7
2604,4,3
2605,0,3
2606,2,3
2607,0,3
2608,25,3
2609,25,4
2610,13,3
2611,3,3
2612,0,3
2613,0,3
2614,19,4
2615,1,3
2616,2,3
2617,11,4
2618,2,4
2619,16,4
2620,0,3
2621,16,4
2622,22,3
2623,20,5
2624,9,4
2625,2,3
2626,21,5
2627,0,3
2628,0,3
2629,1,3
2630,29,6
2631,7,3
2632,52,5
2633,14,3
2634,11,7
2635,0,3
2636,7,3
2637,5,3
2638,2,3
2639,0,3
2640,22,6
2641,2,3
2642,1,3
2643,0,3
2644,0,3
2645,0,3
2646,46,5
2647,12,3
2648,1,3
2649,0,3
2650,0,3
2651,5,4
2652,16,4
2653,23,5
2654,19,4
2655,3,3
2656,3,3
2657,13,3
2658,67,6
2659,1,3
2660,2,3
2661,1,3
2662,6,3
2663,9,3
2664,17,5
2665,1,3
2666,0,3
2667,0,3
2668,0,3
2669,0,3
2670,0,3
2671,0,3
2672,1,3
2673,2,3
2674,14,5
2675,1,3
2676,0,3
2677,0,3
2678,0,3
2679,0,3
2680,0,3
2681,1,3
2682,36,5
2683,22,4
2684,2,3
2685,1,3
2686,0,3
2687,10,4
2688,17,5
2689,0,3
2690,0,3
2691,1,3
2692,6,3
2693,1,3
2694,0,3
2695,0,3
2696,5,3
2697,6,4
2698,6,3
2699,0,3
2700,19,3
2701,4,4
2702,18,4
2703,11,5
2704,16,5
2705,1,3
2706,0,3
2707,13,4
2708,11,3
2709,0,3
2710,1,3
2711,4,3
2712,9,3
2713,17,3
2714,0,3
2715,18,5
2716,1,3
2717,2,3
2718,24,4
2719,2,3
2720,19,4
2721,0,3
2722,0,3
2723,2,3
2724,0,3
2725,13,3
2726,55,4
2727,0,3
2728,0,3
2729,0,3
2730,6,4
2731,1,3
2732,39,5
2733,9,3
2734,0,3
2735,0,3
2736,0,3
2737,0,3
2738,1,3
2739,1,3
2740,11,5
2741,15,4
2742,0,3
2743,0,3
2744,7,3
2745,4,4
2746,0,3
2747,26,6
2748,1,3
2749,54,5
2750,1,3
2751,2,3
2752,0,3
2753,14,4
2754,0,3
2755,33,6
2756,1,4
2757,0,3
2758,18,3
2759,0,3
2760,4,3
2761,0,3
2762,0,3
2763,1,3
2764,16,4
2765,16,4
2766,0,3
2767,0,3
2768,6,3
2769,0,3
2770,1,3
2771,1,2
2772,11,4
2773,13,3
2774,19,2
2775,0,3
2776,0,3
2777,1,3
2778,1,3
2779,0,3
2780,0,3
2781,0,3
2782,56,2
2783,6,5
2784,1,3
2785,5,3
2786,0,3
2787,12,4
2788,23,3
2789,44,4
2790,23,4
2791,11,4
2792,15,3
2793,21,6
2794,20,3
2795,0,3
2796,0,3
2797,0,3
2798,0,3
2799,3,4
2800,1,3
2801,12,5
2802,22,4
2803,80,3
2804,12,3
2805,30,5
2806,37,5
2807,50,5
2808,0,3
2809,11,6
2810,5,3
2811,0,3
2812,0,3
2813,12,3
2814,27,4
2815,0,3
2816,2,3
2817,0,3
2818,0,3
2819,29,3
2820,22,3
2821,6,2
2822,2,3
2823,12,5
2824,3,3
2825,22,3
2826,31,4
2827,0,3
2828,12,4
2829,31,4
2830,12,2
2831,0,3
2832,29,4
2833,0,3
2834,0,3
2835,0,3
2836,3,3
2837,13,3
2838,11,3
2839,2,2
2840,25,5
2841,6,3
2842,7,3
2843,21,6
2844,3,3
2845,0,3
2846,27,2
2847,0,3
2848,39,6
2849,1,3
2850,0,3
2851,0,3
2852,6,3
2853,5,3
2854,0,3
2855,10,4
2856,10,4
2857,0,3
2858,52,5
2859,0,3
2860,0,3
2861,0,3
2862,0,3
2863,5,3
2864,45,8
2865,1,3
2866,1,3
2867,10,4
2868,13,3
2869,0,3
2870,0,3
2871,2,3
2872,15,4
2873,3,3
2874,35,8
2875,3,3
2876,0,3
2877,39,6
2878,12,4
2879,0,3
2880,72,4
2881,2,3
2882,0,3
2883,57,4
2884,23,6
2885,0,3
2886,0,3
2887,0,3
2888,41,6
2889,0,3
2890,47,4
2891,0,3
2892,4,3
2893,1,3
2894,1,3
2895,3,3
2896,0,3
2897,12,4
2898,0,3
2899,0,3
2900,1,3
2901,0,3
2902,0,3
2903,0,3
2904,0,3
2905,2,3
2906,2,3
2907,2,3
2908,24,4
2909,3,2
2910,31,6
2911,3,3
2912,1,3
2913,1,3
2914,3,3
2915,9,5
2916,0,3
2917,0,3
2918,12,4
2919,2,3
2920,13,5
2921,1,3
2922,1,3
2923,14,5
2924,27,4
2925,3,3
2926,0,3
2927,0,3
2928,0,3
2929,24,5
2930,27,3
2931,0,3
2932,0,3
2933,54,4
2934,0,3
2935,17,3
2936,0,3
2937,2,3
2938,3,4
2939,4,5
2940,0,3
2941,1,3
2942,1,3
2943,0,3
2944,7,4
2945,0,3
2946,0,3
2947,25,6
2948,20,4
2949,0,3
2950,17,3
2951,16,6
2952,40,3
2953,33,5
2954,19,4
2955,1,3
2956,26,3
2957,0,3
2958,16,4
2959,15,5
2960,0,3
2961,0,3
2962,0,3
2963,0,3
2964,9,4
2965,1,3
2966,5,3
2967,3,3
2968,4,3
2969,1,3
2970,32,6
2971,1,3
2972,33,6
2973,0,3
2974,0,3
2975,42,5
2976,6,5
2977,0,3
2978,0,3
2979,1,3
2980,0,3
2981,0,3
2982,1,3
2983,1,3
2984,3,3
2985,7,3
2986,0,3
2987,0,3
2988,18,6
2989,6,3
2990,16,5
2991,1,3
2992,37,5
2993,28,4
2994,0,3
2995,1,3
2996,1,3
2997,0,3
2998,11,4
2999,0,3
3000,0,3
3001,0,3
3002,7,2
3003,0,3
3004,0,3
3005,0,3
3006,0,3
3007,2,3
3008,2,3
3009,5,3
3010,25,5
3011,0,3
3012,0,3
3013,0,3
3014,21,4
3015,0,3
3016,34,5
3017,0,3
3018,0,3
3019,19,4
3020,9,3
3021,0,3
3022,0,3
3023,2,4
3024,16,4
3025,87,3
3026,0,3
3027,4,4
3028,0,3
3029,3,3
3030,11,4
3031,0,3
3032,0,3
3033,1,3
3034,3,3
3035,23,4
3036,10,4
3037,7,3
3038,1,3
3039,0,3
3040,0,3
3041,1,3
3042,0,3
3043,16,4
3044,0,3
3045,40,5
3046,0,3
3047,0,3
3048,3,3
3049,4,4
3050,15,4
3051,0,3
3052,6,4
3053,10,4
3054,0,3
3055,25,4
3056,2,3
3057,0,3
3058,28,6
3059,0,3
3060,32,5
3061,0,3
3062,6,4
3063,1,3
3064,0,3
3065,1,3
3066,47,7
3067,29,4
3068,1,3
3069,3,3
3070,4,3
3071,0,3
3072,0,3
3073,27,5
3074,26,3
3075,17,5
3076,0,3
3077,2,3
3078,13,4
3079,3,3
3080,12,4
3081,0,3
3082,3,2
3083,19,7
3084,4,3
3085,9,3
3086,54,8
3087,1,3
3088,0,3
3089,0,3
3090,0,3
3091,10,3
3092,0,3
3093,27,4
3094,14,5
3095,12,4
3096,7,3
3097,1,3
3098,2,3
3099,16,4
3100,19,3
3101,0,3
3102,0,3
3103,18,4
3104,14,3
3105,1,2
3106,20,4
3107,0,3
3108,11,3
3109,0,3
3110,18,2
3111,9,4
3112,0,3
3113,4,3
3114,0,3
3115,0,3
3116,0,3
3117,2,3
3118,27,4
3119,2,3
3120,11,3
3121,15,3
3122,13,4
3123,8,3
3124,4,3
3125,35,3
3126,0,3
3127,0,3
3128,1,3
3129,46,7
3130,1,3
3131,16,6
3132,0,3
3133,2,3
3134,17,5
3135,1,3
3136,0,3
3137,6,4
3138,46,6
3139,2,3
3140,2,3
3141,15,4
3142,2,3
3143,10,3
3144,13,3
3145,19,5
3146,1,3
3147,0,3
3148,2,3
3149,0,3
3150,1,3
3151,1,3
3152,0,3
3153,8,4
3154,0,3
3155,0,3
3156,55,4
3157,2,3
3158,0,3
3159,0,3
3160,33,5
3161,32,6
3162,145,5
3163,75,5
3164,30,4
3165,10,4
3166,29,6
3167,0,3
3168,7,5
3169,6,4
3170,0,3
3171,0,3
3172,32,6
3173,31,5
3174,2,3
3175,3,4
3176,6,3
3177,0,3
3178,51,7
3179,1,3
3180,1,3
3181,1,3
3182,35,5
3183,1,3
3184,20,2
3185,14,6
3186,6,4
3187,0,3
3188,0,3
3189,22,4
3190,0,3
3191,9,3
3192,0,3
3193,0,3
3194,1,3
3195,0,3
3196,1,3
3197,1,3
3198,10,3
3199,15,4
3200,1,3
3201,0,3
3202,23,5
3203,1,3
3204,3,3
3205,0,3
3206,1,3
3207,1,3
3208,0,3
3209,0,3
3210,0,3
3211,0,3
3212,0,3
3213,1,3
3214,7,4
3215,1,3
3216,18,4
3217,0,3
3218,9,4
3219,0,3
3220,0,3
3221,0,3
3222,1,3
3223,84,3
3224,0,3
3225,2,3
3226,0,3
3227,0,3
3228,15,4
3229,2,3
3230,4,4
3231,0,3
3232,5,3
3233,20,4
3234,0,3
3235,33,3
3236,0,3
3237,0,3
3238,0,3
3239,0,3
3240,0,3
3241,4,3
3242,0,3
3243,15,4
3244,2,3
3245,6,3
3246,8,3
3247,19,5
3248,0,3
3249,30,6
3250,0,3
3251,0,3
3252,3,3
3253,16,4
3254,4,3
3255,2,3
3256,22,4
3257,0,3
3258,0,3
3259,4,3
3260,48,8
3261,35,6
3262,17,6
3263,2,3
3264,0,3
3265,0,3
3266,2,4
3267,27,3
3268,0,3
3269,1,3
3270,15,5
3271,1,4
3272,0,3
3273,0,3
3274,1,3
3275,0,3
3276,0,3
3277,0,3
3278,1,3
3279,1,2
3280,2,3
3281,0,3
3282,0,3
3283,4,3
3284,12,5
3285,0,3
3286,0,3
3287,1,3
3288,5,3
3289,2,3
3290,32,4
3291,0,3
3292,0,3
3293,78,4
3294,0,3
3295,3,3
3296,1,3
3297,3,3
3298,0,3
3299,21,4
3300,21,5
3301,3,3
3302,11,4
3303,4,3
3304,20,4
3305,0,3
3306,0,3
3307,0,3
3308,0,3
3309,0,3
3310,12,4
3311,64,4
3312,0,3
3313,31,4
3314,23,5
3315,9,4
3316,0,3
3317,0,3
3318,76,9
3319,7,3
3320,11,3
3321,8,4
3322,2,3
3323,4,3
3324,42,3
3325,0,3
3326,0,3
3327,2,3
3328,6,3
3329,14,5
3330,5,4
3331,0,3
3332,9,4
3333,27,4
3334,21,2
3335,0,3
3336,4,3
3337,0,3
3338,0,3
3339,32,4
3340,3,3
3341,38,4
3342,31,3
3343,0,3
3344,0,3
3345,5,3
3346,0,3
3347,27,5
3348,29,6
3349,16,6
3350,14,4
3351,0,3
3352,1,3
3353,6,4
3354,0,3
3355,0,3
3356,12,3
3357,25,5
3358,2,3
3359,23,6
3360,0,3
3361,77,6
3362,0,3
3363,0,3
3364,12,4
3365,19,3
3366,0,3
3367,4,3
3368,0,3
3369,0,3
3370,0,3
3371,11,3
3372,32,7
3373,0,3
3374,53,7
3375,0,3
3376,0,3
3377,2,3
3378,21,4
3379,44,6
3380,0,3
3381,0,3
3382,2,3
3383,24,2
3384,0,3
3385,11,3
3386,0,3
3387,8,3
3388,1,3
3389,0,3
3390,2,3
3391,0,3
3392,9,4
3393,0,3
3394,0,3
3395,25,5
3396,18,4
3397,0,3
3398,1,3
3399,1,3
3400,0,3
3401,14,3
3402,64,3
3403,0,3
3404,50,8
3405,0,3
3406,0,3
3407,3,3
3408,17,4
3409,0,3
3410,25,5
3411,10,3
3412,0,3
3413,0,3
3414,51,5
3415,42,3
3416,1,3
3417,7,4
3418,1,3
3419,0,3
3420,0,3
3421,3,3
3422,64,8
3423,36,4
3424,0,3
3425,12,4
3426,16,6
3427,9,4
3428,0,3
3429,2,3
3430,0,3
3431,0,3
3432,7,4
3433,5,3
3434,1,3
3435,54,6
3436,51,5
3437,73,6
3438,15,2
3439,0,3
3440,8,3
3441,4,4
3442,2,3
3443,1,3
3444,0,3
3445,5,3
3446,1,3
3447,0,3
3448,0,3
3449,38,5
3450,67,7
3451,0,3
3452,0,3
3453,29,4
3454,39,6
3455,1,3
3456,22,5
3457,4,3
3458,0,3
3459,28,6
3460,0,3
3461,63,5
3462,20,5
3463,34,6
3464,1,3
3465,116,8
3466,0,3
3467,26,6
3468,34,5
3469,0,3
3470,5,3
3471,0,3
3472,6,3
3473,15,5
3474,0,3
3475,41,5
3476,1,3
3477,8,3
3478,0,3
3479,44,5
3480,0,3
3481,0,3
3482,24,5
3483,0,3
3484,1,3
3485,0,3
3486,1,3
3487,2,3
3488,15,3
3489,9,3
3490,28,4
3491,25,5
3492,0,3
3493,53,4
3494,0,3
3495,0,3
3496,7,4
3497,14,3
3498,13,3
3499,0,3
3500,0,3
3501,2,3
3502,0,3
3503,0,3
3504,3,4
3505,0,3
3506,0,3
3507,2,3
3508,10,3
3509,5,3
3510,0,3
3511,46,7
3512,0,3
3513,17,4
3514,1,3
3515,18,4
3516,20,5
3517,27,5
3518,0,3
3519,2,3
3520,2,3
3521,0,3
3522,7,3
3523,2,3
3524,11,3
3525,0,3
3526,3,3
3527,0,3
3528,23,6
3529,2,3
3530,2,3
3531,8,4
3532,21,5
3533,0,3
3534,3,3
3535,10,4
3536,0,3
3537,14,5
3538,0,3
3539,0,3
3540,0,3
3541,0,3
3542,0,3
3543,0,3
3544,0,3
3545,5,3
3546,0,3
3547,3,4
3548,11,4
3549,1,3
3550,13,4
3551,0,3
3552,4,3
3553,35,6
3554,18,6
3555,0,3
3556,33,5
3557,14,4
3558,0,3
3559,16,5
3560,0,3
3561,73,6
3562,0,3
3563,14,4
3564,0,3
3565,0,3
3566,32,6
3567,0,3
3568,0,3
3569,1,3
3570,19,5
3571,1,3
3572,20,5
3573,24,4
3574,46,9
3575,9,3
3576,2,3
3577,13,4
3578,15,4
3579,0,3
3580,46,6
3581,28,7
3582,13,3
3583,22,5
3584,27,5
3585,0,3
3586,0,3
3587,8,3
3588,1,3
3589,77,5
3590,0,3
3591,11,3
3592,0,3
3593,0,3
3594,8,3
3595,0,3
3596,6,3
3597,11,3
3598,9,3
3599,0,3
3600,7,3
3601,0,3
3602,0,3
3603,0,3
3604,13,4
3605,62,4
3606,0,3
3607,0,3
3608,17,3
3609,0,3
3610,9,5
3611,0,3
3612,0,3
3613,16,3
3614,3,3
3615,0,3
3616,1,3
3617,1,3
3618,1,3
3619,0,3
3620,1,3
3621,4,3
3622,0,3
3623,0,3
3624,2,3
3625,0,3
3626,0,3
3627,0,3
3628,31,5
3629,197,2
3630,0,3
3631,0,3
3632,10,4
3633,59,7
3634,0,3
3635,0,3
3636,0,3
3637,26,5
3638,0,3
3639,25,4
3640,39,5
3641,17,3
3642,0,3
3643,0,3
3644,0,3
3645,1,3
3646,0,3
3647,1,3
3648,69,7
3649,1,3
3650,0,3
3651,2,4
3652,18,4
3653,2,3
3654,24,3
3655,25,7
3656,8,5
3657,2,3
3658,5,4
3659,0,3
3660,0,3
3661,0,3
3662,0,3
3663,42,4
3664,6,3
3665,12,4
3666,50,4
3667,0,3
3668,0,3
3669,10,3
3670,1,3
3671,8,3
3672,0,3
3673,0,3
3674,32,5
3675,39,4
3676,0,3
3677,1,4
3678,0,3
3679,27,5
3680,1,3
3681,0,3
3682,11,4
3683,17,4
3684,45,5
3685,21,4
3686,0,3
3687,1,3
3688,9,3
3689,71,6
3690,2,3
3691,1,3
3692,0,3
3693,13,5
3694,0,3
3695,0,3
3696,12,4
3697,0,3
3698,0,3
3699,0,3
3700,16,3
3701,0,3
3702,0,3
3703,47,6
3704,0,3
3705,21,5
3706,0,3
3707,0,3
3708,5,4
3709,0,3
3710,0,3
3711,1,3
3712,0,3
3713,1,3
3714,38,4
3715,0,3
3716,17,4
3717,69,4
3718,0,3
3719,0,3
3720,35,7
3721,0,3
3722,13,4
3723,33,6
3724,16,3
3725,26,5
3726,14,3
3727,1,3
3728,10,4
3729,0,3
3730,30,3
3731,11,5
3732,27,6
3733,14,6
3734,0,3
3735,0,3
3736,10,4
3737,0,3
3738,1,3
3739,19,4
3740,3,3
3741,11,5
3742,22,5
3743,12,4
3744,16,5
3745,28,7
3746,97,8
3747,41,7
3748,0,3
3749,2,3
3750,3,4
3751,1,3
3752,0,3
3753,7,3
3754,1,3
3755,0,3
3756,4,3
3757,2,3
3758,4,3
3759,14,5
3760,0,3
3761,27,9
3762,0,3
3763,17,3
3764,44,2
3765,4,3
3766,9,3
3767,45,4
3768,16,5
3769,17,3
3770,0,3
3771,49,5
3772,0,3
3773,0,3
3774,39,6
3775,0,3
3776,40,8
3777,1,3
3778,33,5
3779,1,3
3780,1,3
3781,0,3
3782,21,5
3783,11,3
3784,2,3
3785,15,6
3786,17,3
3787,21,2
3788,6,5
3789,0,3
3790,2,3
3791,0,3
3792,1,3
3793,3,4
3794,0,3
3795,61,7
3796,0,3
3797,3,3
3798,0,3
3799,23,3
3800,11,4
3801,0,3
3802,5,3
3803,3,3
3804,0,3
3805,18,4
3806,0,3
3807,54,10
3808,0,3
3809,0,3
3810,2,2
3811,0,3
3812,20,5
3813,19,4
3814,55,7
3815,6,3
3816,0,3
3817,0,3
3818,30,5
3819,0,3
3820,35,6
3821,2,3
3822,0,3
3823,0,3
3824,12,3
3825,23,5
3826,0,3
3827,54,5
3828,25,5
3829,0,3
3830,0,3
3831,3,4
3832,2,3
3833,7,3
3834,0,3
3835,2,3
3836,1,3
3837,4,3
3838,42,4
3839,4,4
3840,39,5
3841,10,5
3842,0,3
3843,2,3
3844,2,3
3845,0,3
3846,1,3
3847,0,3
3848,1,4
3849,24,5
3850,31,5
3851,1,3
3852,20,5
3853,46,6
3854,0,3
3855,27,6
3856,0,3
3857,0,3
3858,0,3
3859,1,3
3860,18,2
3861,0,3
3862,0,3
3863,0,3
3864,0,3
3865,0,3
3866,2,3
3867,0,3
3868,0,3
3869,0,3
3870,1,3
3871,0,3
3872,18,5
3873,0,3
3874,59,4
3875,32,3
3876,0,3
3877,23,4
3878,50,6
3879,0,3
3880,47,7
3881,0,3
3882,2,3
3883,4,3
3884,0,3
3885,0,3
3886,8,3
3887,24,7
3888,0,3
3889,2,3
3890,29,5
3891,0,3
3892,0,3
3893,0,3
3894,33,6
3895,76,5
3896,0,3
3897,16,3
3898,2,4
3899,144,5
3900,2,3
3901,0,3
3902,12,3
3903,26,7
3904,6,3
3905,2,3
3906,15,6
3907,2,3
3908,0,3
3909,3,3
3910,0,3
3911,66,7
3912,95,7
3913,33,5
3914,0,3
3915,2,3
3916,0,3
3917,14,6
3918,0,3
3919,2,3
3920,41,7
3921,4,6
3922,9,3
3923,0,3
3924,0,3
3925,0,3
3926,24,3
3927,4,3
3928,0,3
3929,19,5
3930,0,3
3931,0,3
3932,1,3
3933,37,4
3934,3,3
3935,0,3
3936,47,9
3937,6,4
3938,0,3
3939,4,3
3940,0,3
3941,0,3
3942,7,3
3943,0,3
3944,21,4
3945,25,6
3946,1,3
3947,28,5
3948,21,4
3949,22,3
3950,37,3
3951,0,3
3952,0,3
3953,20,4
3954,15,6
3955,4,4
3956,124,4
3957,3,3
3958,46,7
3959,5,3
3960,0,3
3961,0,3
3962,0,3
3963,1,3
3964,33,5
3965,0,3
3966,1,3
3967,1,3
3968,0,3
3969,2,2
3970,8,3
3971,58,6
3972,31,6
3973,0,3
3974,0,3
3975,26,4
3976,0,3
3977,47,7
3978,44,7
3979,31,6
3980,32,6
3981,0,3
3982,11,5
3983,8,4
3984,0,3
3985,0,3
3986,32,5
3987,3,3
3988,2,3
3989,0,3
3990,30,8
3991,0,3
3992,26,4
3993,1,3
3994,18,5
3995,10,4
3996,50,8
3997,0,3
3998,0,3
3999,33,4
4000,0,3
4001,34,10
4002,0,3
4003,26,7
4004,0,3
4005,0,3
4006,0,3
4007,54,6
4008,36,4
4009,0,3
4010,27,7
4011,0,3
4012,1,3
4013,22,4
4014,30,5
4015,0,3
4016,0,3
4017,0,3
4018,27,6
4019,45,7
4020,0,3
4021,0,3
4022,0,3
4023,0,3
4024,31,4
4025,0,3
4026,31,4
4027,25,4
4028,1,3
4029,0,3
4030,0,3
4031,0,3
4032,23,4
4033,0,3
4034,0,3
4035,0,3
4036,35,8
4037,36,8
4038,0,3
4039,80,5
4040,24,5
4041,0,3
4042,1,3
4043,38,6
4044,0,3
4045,1,3
4046,25,5
4047,41,7
4048,22,4
4049,36,5
4050,13,5
4051,0,3
4052,38,6
4053,18,5
4054,1,3
4055,0,3
4056,28,7
4057,0,3
4058,0,3
4059,8,4
4060,33,6
4061,0,3
4062,12,5
4063,1,3
4064,3,3
4065,1,3
4066,10,5
4067,18,7
4068,0,3
4069,1,3
4070,1,3
4071,1,3
4072,12,3
4073,36,8
4074,0,3
4075,2,3
4076,1,3
4077,24,6
4078,0,3
4079,9,3
4080,3,3
4081,0,3
4082,1,3
4083,10,3
4084,2,3
4085,38,5
4086,1,3
4087,0,3
4088,19,3
4089,16,3
4090,56,4
4091,3,3
4092,0,3
4093,0,3
4094,9,4
4095,0,3
4096,15,4
4097,24,5
4098,54,7
4099,0,3
4100,52,6
4101,0,3
4102,0,3
4103,6,4
4104,2,3
4105,0,3
4106,66,6
4107,15,2
4108,42,6
4109,15,4
4110,0,3
4111,0,3
4112,3,4
4113,57,8
4114,0,3
4115,1000,1
4116,2,3
4117,31,5
4118,16,4
4119,0,3
4120,17,4
4121,17,6
4122,0,3
4123,0,3
4124,1,3
4125,0,3
4126,0,3
4127,3,3
4128,36,9
4129,17,3
4130,34,6
4131,1,3
4132,10,4
4133,45,5
4134,10,4
4135,0,3
4136,13,3
4137,31,6
4138,1,3
4139,0,3
4140,1,3
4141,4,4
4142,12,3
4143,0,3
4144,0,3
4145,0,3
4146,0,3
4147,4,3
4148,0,3
4149,0,3
4150,0,3
4151,30,6
4152,57,3
4153,17,4
4154,0,3
4155,22,4
4156,70,5
4157,0,3
4158,0,3
4159,29,5
4160,51,7
4161,14,5
4162,2,3
4163,0,3
4164,1,3
4165,15,4
4166,2,2
4167,1,3
4168,24,6
4169,9,4
4170,0,3
4171,41,6
4172,2,3
4173,0,3
4174,0,3
4175,43,6
4176,0,3
4177,16,3
4178,0,3
4179,0,3
4180,1,3
4181,0,3
4182,12,5
4183,0,3
4184,0,3
4185,0,3
4186,0,3
4187,46,7
4188,14,5
4189,0,3
4190,36,5
4191,11,5
4192,3,3
4193,19,8
4194,4,4
4195,0,3
4196,0,3
4197,2,3
4198,1,3
4199,56,7
4200,3,3
4201,22,6
4202,0,3
4203,28,5
4204,20,4
4205,3,3
4206,96,6
4207,0,3
4208,51,7
4209,1,3
4210,12,6
4211,0,3
4212,0,3
4213,0,3
4214,1,3
4215,42,6
4216,0,3
4217,31,6
4218,69,7
4219,13,6
4220,0,3
4221,6,4
4222,1,3
4223,0,3
4224,21,4
4225,0,3
4226,2,3
4227,0,3
4228,2,3
4229,0,3
4230,0,3
4231,21,6
4232,1,3
4233,2,3
4234,19,1
4235,0,3
4236,54,10
4237,0,3
4238,13,5
4239,23,6
4240,38,6
4241,0,3
4242,0,3
4243,1,3
4244,11,3
4245,0,3
4246,0,3
4247,0,3
4248,27,5
4249,0,3
4250,35,5
4251,0,3
4252,29,7
4253,0,3
4254,55,6
4255,20,5
4256,18,5
4257,1,3
4258,23,5
4259,0,3
4260,22,4
4261,46,7
4262,39,6
4263,0,3
4264,18,4
4265,0,3
4266,36,5
4267,0,3
4268,24,7
4269,10,4
4270,0,3
4271,0,3
4272,9,4
4273,70,8
4274,8,3
4275,44,5
4276,5,4
4277,0,3
4278,14,4
4279,2,3
4280,30,6
4281,24,3
4282,41,6
4283,3,3
4284,21,4
4285,11,4
4286,0,3
4287,43,4
4288,0,3
4289,0,3
4290,0,3
4291,0,3
4292,2,3
4293,2,3
4294,28,6
4295,45,4
4296,0,3
4297,111,6
4298,0,3
4299,13,4
4300,0,3
4301,0,3
4302,24,7
4303,1,3
4304,6,4
4305,0,3
4306,0,3
4307,0,3
4308,8,4
4309,0,3
4310,8,4
4311,17,7
4312,35,8
4313,1,3
4314,27,5
4315,2,3
4316,69,4
4317,44,4
4318,22,6
4319,0,3
4320,1,3
4321,0,3
4322,0,3
4323,2,3
4324,14,3
4325,11,4
4326,0,3
4327,0,3
4328,0,3
4329,21,5
4330,2,3
4331,6,3
4332,48,6
4333,21,4
4334,1,3
4335,3,3
4336,61,6
4337,14,5
4338,6,4
4339,37,4
4340,1,3
4341,5,3
4342,16,4
4343,1,3
4344,0,3
4345,0,3
4346,0,3
4347,0,3
4348,0,3
4349,45,8
4350,27,5
4351,0,3
4352,0,3
4353,16,5
4354,26,6
4355,23,7
4356,0,3
4357,0,3
4358,0,3
4359,0,3
4360,23,5
4361,27,7
4362,1,3
4363,0,3
4364,3,3
4365,1,3
4366,12,5
4367,1,3
4368,0,3
4369,36,7
4370,56,6
4371,57,6
4372,30,4
4373,0,3
4374,0,3
4375,23,6
4376,30,6
4377,32,6
4378,0,3
4379,0,3
4380,21,5
4381,91,7
4382,12,5
4383,1,3
4384,0,3
4385,1,3
4386,0,3
4387,27,7
4388,2,3
4389,52,8
4390,24,5
4391,29,6
4392,0,3
4393,0,3
4394,0,3
4395,0,3
4396,39,7
4397,2,3
4398,0,3
4399,2,3
4400,23,4
4401,11,4
4402,50,7
4403,0,3
4404,0,3
4405,0,3
4406,3,3
4407,0,3
4408,29,7
4409,29,7
4410,0,3
4411,0,3
4412,50,8
4413,0,3
4414,0,3
4415,0,3
4416,0,3
4417,0,3
4418,1,3
4419,0,3
4420,23,5
4421,1,3
4422,0,3
4423,10,3
4424,10,3
4425,24,6
4426,1,3
4427,25,7
4428,0,3
4429,0,3
4430,0,3
4431,28,6
4432,89,6
4433,62,4
4434,28,7
4435,0,3
4436,15,5
4437,0,3
4438,25,5
4439,0,3
4440,0,3
4441,42,7
4442,16,4
4443,20,6
4444,11,4
4445,0,3
4446,79,9
4447,0,3
4448,4,3
4449,0,3
4450,26,5
4451,2,4
4452,3,4
4453,42,9
4454,23,4
4455,0,3
4456,0,3
4457,26,6
4458,0,3
4459,0,3
4460,1,2
4461,58,6
4462,21,5
4463,20,4
4464,41,7
4465,2,3
4466,0,3
4467,34,5
4468,0,3
4469,46,9
4470,18,5
4471,0,3
4472,0,3
4473,4,3
4474,0,3
4475,25,5
4476,63,6
4477,0,3
4478,0,3
4479,26,7
4480,4,3
4481,33,6
4482,44,7
4483,15,3
4484,0,3
4485,1,4
4486,48,8
4487,57,7
4488,18,5
4489,3,3
4490,0,3
4491,0,3
4492,17,4
4493,1,3
4494,58,7
4495,28,5
4496,0,3
4497,14,4
4498,12,4
4499,39,5
4500,40,7
4501,2,3
4502,4,3
4503,36,7
4504,35,8
4505,57,4
4506,13,4
4507,33,7
4508,26,6
4509,6,4
4510,0,3
4511,1,3
4512,4,3
4513,49,7
4514,0,3
4515,0,3
4516,40,8
4517,31,8
4518,73,8
4519,56,5
4520,0,3
4521,6,4
4522,1,3
4523,160,6
4524,0,3
4525,14,4
4526,19,3
4527,0,3
4528,56,9
4529,0,3
4530,46,6
4531,11,3
4532,3,3
4533,0,3
4534,30,7
4535,50,8
4536,17,5
4537,48,5
4538,0,3
4539,0,3
4540,2,3
4541,0,3
4542,6,3
4543,22,6
4544,27,5
4545,44,9
4546,21,5
4547,0,3
4548,52,7
4549,52,9
4550,13,3
4551,39,6
4552,0,3
4553,0,3
4554,27,4
4555,55,6
4556,35,6
4557,32,8
4558,12,6
4559,0,3
4560,3,3
4561,38,3
4562,62,6
4563,10,4
4564,33,4
4565,22,5
4566,1,3
4567,0,3
4568,5,3
4569,36,9
4570,21,5
4571,54,8
4572,20,4
4573,68,7
4574,61,7
4575,1,3
4576,0,3
4577,0,3
4578,1,3
4579,34,9
4580,0,3
4581,18,7
4582,0,3
4583,56,7
4584,1,3
4585,15,5
4586,5,4
4587,25,6
4588,0,3
4589,25,3
4590,82,6
4591,0,3
4592,9,5
4593,10,5
4594,34,7
4595,3,3
4596,0,3
4597,2,3
4598,0,3
4599,10,5
4600,4,3
4601,0,3
4602,54,6
4603,0,3
4604,0,3
4605,14,4
4606,14,4
4607,1,3
4608,0,3
4609,0,3
4610,13,3
4611,0,3
4612,28,6
4613,0,3
4614,29,9
4615,2,3
4616,5,3
4617,45,8
4618,1,3
4619,0,3
4620,0,3
4621,0,3
4622,19,7
4623,0,3
4624,12,5
4625,0,3
4626,33,6
4627,1,3
4628,11,3
4629,8,4
4630,0,3
4631,23,4
4632,38,8
4633,0,3
4634,1,3
4635,24,6
4636,0,3
4637,22,5
4638,40,5
4639,56,9
4640,0,3
4641,0,3
4642,1,3
4643,8,4
4644,21,6
4645,48,8
4646,1,3
4647,23,6
4648,28,6
4649,15,7
4650,0,3
4651,66,8
4652,3,3
4653,14,4
4654,0,3
4655,43,7
4656,0,3
4657,1,3
4658,7,3
4659,52,6
4660,15,5
4661,0,3
4662,33,7
4663,0,3
4664,0,3
4665,5,3
4666,2,3
4667,45,6
4668,30,3
4669,0,3
4670,35,5
4671,20,4
4672,25,5
4673,15,4
4674,40,4
4675,9,4
4676,9,4
4677,0,3
4678,33,6
4679,0,3
4680,1,3
4681,34,9
4682,0,3
4683,0,3
4684,112,8
4685,0,3
4686,0,3
4687,1,3
4688,1,3
4689,6,3
4690,0,3
4691,5,4
4692,61,5
4693,1,3
4694,1,3
4695,15,6
4696,0,3
4697,0,3
4698,0,3
4699,0,3
4700,39,6
4701,23,5
4702,0,3
4703,0,3
4704,35,6
4705,6,4
4706,39,8
4707,1,3
4708,4,3
4709,7,4
4710,18,5
4711,11,4
4712,26,6
4713,24,6
4714,92,8
4715,1,3
4716,16,4
4717,0,3
4718,72,6
4719,45,6
4720,61,11
4721,91,10
4722,13,5
4723,0,3
4724,38,5
4725,1,3
4726,7,3
4727,1,3
4728,31,7
4729,39,8
4730,28,5
4731,0,3
4732,38,5
4733,12,5
4734,28,6
4735,0,3
4736,0,3
4737,43,8
4738,17,6
4739,0,3
4740,3,4
4741,0,3
4742,0,3
4743,95,10
4744,1,3
4745,31,6
4746,57,10
4747,9,3
4748,0,3
4749,10,4
4750,0,3
4751,0,3
4752,95,7
4753,0,3
4754,0,3
4755,21,7
4756,0,3
4757,25,4
4758,34,6
4759,38,7
4760,5,5
4761,22,6
4762,29,6
4763,84,4
4764,61,5
4765,37,7
4766,1,3
4767,0,3
4768,2,3
4769,1,3
4770,26,6
4771,0,3
4772,69,8
4773,0,3
4774,24,5
4775,1,3
4776,3,3
4777,64,6
4778,0,3
4779,2,3
4780,4,3
4781,38,6
4782,67,4
4783,0,3
4784,42,4
4785,0,3
4786,0,3
4787,0,3
4788,0,3
4789,13,5
4790,89,9
4791,0,3
4792,14,4
4793,1,3
4794,0,3
4795,1,3
4796,25,6
4797,34,6
4798,3,3
4799,1,3
4800,17,6
4801,44,11
4802,0,3
4803,55,8
4804,5,4
4805,4,4
4806,19,5
4807,0,3
4808,0,3
4809,1,3
4810,15,7
4811,13,5
4812,0,3
4813,30,7
4814,18,4
4815,0,3
4816,14,4
4817,1,3
4818,0,3
4819,0,3
4820,45,8
4821,16,4
4822,0,3
4823,12,4
4824,0,3
4825,77,5
4826,26,5
4827,28,5
4828,0,3
4829,0,3
4830,14,4
4831,37,7
4832,0,3
4833,0,3
4834,91,4
4835,69,9
4836,28,4
4837,37,4
4838,0,3
4839,4,3
4840,0,3
4841,0,3
4842,32,8
4843,0,3
4844,37,4
4845,0,3
4846,1,3
4847,10,5
4848,0,3
4849,21,6
4850,17,4
4851,3,3
4852,1,3
4853,53,6
4854,1,3
4855,0,3
4856,52,6
4857,41,5
4858,0,3
4859,9,4
4860,0,3
4861,0,3
4862,65,9
4863,6,3
4864,0,3
4865,4,3
4866,0,3
4867,60,7
4868,0,3
4869,0,3
4870,39,9
4871,23,5
4872,0,3
4873,0,3
4874,0,3
4875,15,3
4876,30,7
4877,0,3
4878,0,3
4879,25,6
4880,3,3
4881,0,3
4882,0,3
4883,17,5
4884,0,3
4885,0,3
4886,56,11
4887,0,3
4888,19,4
4889,21,5
4890,21,4
4891,19,5
4892,0,3
4893,61,10
4894,3,3
4895,0,3
4896,28,7
4897,39,4
4898,64,6
4899,14,4
4900,117,8
4901,0,3
4902,27,8
4903,0,3
4904,0,3
4905,72,9
4906,14,4
4907,0,3
4908,57,5
4909,0,3
4910,76,11
4911,0,3
4912,0,3
4913,1,3
4914,29,8
4915,0,3
4916,8,4
4917,2,3
4918,1,3
4919,0,3
4920,9,4
4921,0,3
4922,17,4
4923,60,8
4924,20,5
4925,0,3
4926,29,4
4927,28,4
4928,11,4
4929,0,3
4930,45,9
4931,54,8
4932,0,3
4933,40,7
4934,0,3
4935,1,3
4936,60,8
4937,0,3
4938,0,3
4939,23,6
4940,0,3
4941,1,3
4942,28,5
4943,71,7
4944,1,3
4945,0,3
4946,19,5
4947,0,3
4948,11,3
4949,0,3
4950,0,3
4951,0,3
4952,47,7
4953,84,8
4954,89,6
4955,63,8
4956,49,6
4957,0,3
4958,61,11
4959,14,4
4960,0,3
4961,20,6
4962,0,3
4963,38,10
4964,56,9
4965,31,4
4966,79,9
4967,60,11
4968,29,9
4969,0,3
4970,0,3
4971,0,3
4972,0,3
4973,0,3
4974,2,3
4975,0,3
4976,14,4
4977,2,3
4978,51,9
4979,0,3
4980,1,3
4981,89,9
4982,31,6
4983,17,7
4984,99,7
4985,46,7
4986,44,9
4987,63,8
4988,15,5
4989,23,6
4990,18,5
4991,50,5
4992,0,3
4993,0,3
4994,19,5
4995,11,4
4996,0,3
4997,0,3
4998,0,3
4999,17,5
5000,0,3
5001,0,3
5002,64,9
5003,1,3
5004,0,3
5005,17,4
5006,0,3
5007,3,3
5008,24,5
5009,53,8
5010,23,4
5011,25,5
5012,42,6
5013,23,7
5014,0,3
5015,8,4
5016,92,13
5017,15,4
5018,1,3
5019,0,3
5020,0,3
5021,9,4
5022,13,4
5023,29,8
5024,15,6
5025,0,3
5026,0,3
5027,28,7
5028,8,5
5029,17,4
5030,14,3
5031,51,7
5032,0,3
5033,65,7
5034,25,10
5035,0,3
5036,2,3
5037,46,3
5038,6,4
5039,46,8
5040,75,9
5041,0,3
5042,76,9
5043,0,3
5044,0,3
5045,0,3
5046,18,6
5047,74,5
5048,0,3
5049,0,3
5050,1,3
5051,47,5
5052,0,3
5053,0,3
5054,38,7
5055,43,6
5056,1,3
5057,0,3
5058,28,8
5059,0,3
5060,124,6
5061,6,4
5062,61,9
5063,53,6
5064,15,4
5065,29,5
5066,0,3
5067,53,8
5068,61,8
5069,55,9
5070,41,9
5071,1,3
5072,84,9
5073,0,3
5074,62,5
5075,26,5
5076,0,3
5077,81,8
5078,1,3
5079,19,4
5080,0,3
5081,3,3
5082,1,3
5083,0,3
5084,1,3
5085,28,8
5086,5,3
5087,1,4
5088,101,12
5089,34,9
5090,45,6
5091,0,3
5092,47,7
5093,23,7
5094,0,3
5095,0,3
5096,21,5
5097,25,6
5098,46,6
5099,9,3
5100,2,3
5101,0,3
5102,0,3
5103,0,3
5104,43,6
5105,54,7
5106,27,5
5107,31,9
5108,0,3
5109,0,3
5110,0,3
5111,36,4
5112,0,3
5113,32,6
5114,19,4
5115,0,3
5116,0,3
5117,0,3
5118,85,7
5119,23,4
5120,10,3
5121,50,7
5122,0,3
5123,0,3
5124,0,3
5125,10,5
5126,37,6
5127,0,3
5128,33,6
5129,96,8
5130,49,7
5131,17,4
5132,35,7
5133,46,8
5134,0,3
5135,41,9
5136,0,3
5137,0,3
5138,59,14
5139,23,7
5140,0,3
5141,2,3
5142,24,7
5143,1,3
5144,0,3
5145,37,6
5146,2,3
5147,0,3
5148,17,5
5149,0,3
5150,0,3
5151,38,8
5152,0,3
5153,0,3
5154,0,3
5155,74,11
5156,27,4
5157,6,4
5158,19,5
5159,33,8
5160,30,8
5161,0,3
5162,0,3
5163,25,7
5164,1,3
5165,0,3
5166,0,3
5167,55,8
5168,0,3
5169,0,3
5170,43,7
5171,26,5
5172,34,6
5173,1,3
5174,0,3
5175,48,6
5176,0,3
5177,0,3
5178,24,5
5179,0,3
5180,44,6
5181,11,4
5182,32,7
5183,89,9
5184,95,9
5185,49,8
5186,0,3
5187,31,6
5188,4,3
5189,38,9
5190,0,3
5191,0,3
5192,36,6
5193,1,3
5194,1,3
5195,66,5
5196,0,3
5197,59,9
5198,0,3
5199,42,8
5200,1,3
5201,62,9
5202,125,10
5203,79,13
5204,21,7
5205,0,3
5206,0,3
5207,6,4
5208,0,3
5209,0,3
5210,0,3
5211,0,3
5212,27,6
5213,178,15
5214,0,3
5215,0,3
5216,19,3
5217,0,3
5218,43,8
5219,0,3
5220,2,3
5221,31,6
5222,1,3
5223,16,4
5224,42,11
5225,30,7
5226,0,3
5227,54,9
5228,64,5
5229,0,3
5230,86,12
5231,1,3
5232,47,6
5233,1,3
5234,41,8
5235,0,3
5236,6,5
5237,0,3
5238,0,3
5239,31,6
5240,95,7
5241,41,3
5242,11,4
5243,0,3
5244,52,6
5245,0,3
5246,27,5
5247,54,8
5248,2,3
5249,0,3
5250,40,9
5251,30,6
5252,108,10
5253,1,3
5254,0,3
5255,66,12
5256,62,7
5257,1,3
5258,25,5
5259,1,3
5260,0,3
5261,0,3
5262,53,11
5263,9,3
5264,1,3
5265,0,3
5266,1,3
5267,91,11
5268,45,4
5269,2,3
5270,10,4
5271,0,3
5272,86,9
5273,36,8
5274,23,6
5275,4,3
5276,49,11
5277,0,3
5278,97,10
5279,0,3
5280,91,11
5281,0,3
5282,3,4
5283,37,8
5284,39,6
5285,5,4
5286,38,9
5287,69,12
5288,3,3
5289,0,3
5290,106,9
5291,1,3
5292,0,3
5293,31,4
5294,0,3
5295,31,7
5296,38,10
5297,0,3
5298,73,8
5299,60,9
5300,63,11
5301,0,3
5302,0,3
5303,63,10
5304,74,7
5305,0,3
5306,96,12
5307,56,11
5308,24,5
5309,38,4
5310,0,3
5311,100,10
5312,0,3
5313,0,3
5314,102,14
5315,48,5
5316,2,3
5317,47,9
5318,0,3
5319,10,4
5320,0,3
5321,57,7
5322,0,3
5323,69,8
5324,0,3
5325,0,3
5326,35,8
5327,0,3
5328,29,6
5329,0,3
5330,35,6
5331,14,3
5332,58,10
5333,0,3
5334,63,5
5335,110,12
5336,69,8
5337,29,6
5338,41,7
5339,0,3
5340,37,3
5341,43,8
5342,17,4
5343,33,7
5344,71,8
5345,0,3
5346,0,3
5347,64,11
5348,0,3
5349,20,5
5350,4,3
5351,2,3
5352,0,3
5353,62,8
5354,92,8
5355,49,4
5356,0,3
5357,0,3
5358,44,9
5359,76,12
5360,0,3
5361,1,3
5362,0,3
5363,0,3
5364,77,11
5365,0,3
5366,23,7
5367,0,3
5368,53,10
5369,51,3
5370,34,9
5371,1,3
5372,20,7
5373,60,12
5374,0,3
5375,21,5
5376,0,3
5377,0,3
5378,93,7
5379,26,4
5380,0,3
5381,50,9
5382,81,10
5383,0,3
5384,60,7
5385,2,4
5386,0,3
5387,66,3
5388,0,3
5389,3,3
5390,90,12
5391,50,6
5392,0,3
5393,0,3
5394,0,3
5395,69,7
5396,13,5
5397,49,9
5398,0,3
5399,40,9
5400,10,3
5401,1,3
5402,59,7
5403,33,5
5404,0,3
5405,0,3
5406,0,3
5407,11,4
5408,0,3
5409,0,3
5410,0,3
5411,45,5
5412,0,3
5413,0,3
5414,0,3
5415,3,3
5416,14,4
5417,0,3
5418,1,3
5419,0,3
5420,80,8
5421,0,3
5422,47,7
5423,0,3
5424,0,3
5425,61,10
5426,43,7
5427,0,3
5428,22,7
5429,0,3
5430,22,5
5431,30,10
5432,0,3
5433,0,3
5434,18,4
5435,0,3
5436,9,6
5437,1,3
5438,0,3
5439,55,10
5440,16,4
5441,0,3
5442,25,6
5443,78,12
5444,19,5
5445,0,3
5446,10,4
5447,53,9
5448,0,3
5449,76,9
5450,21,7
5451,14,3
5452,0,3
5453,0,3
5454,62,6
5455,0,3
5456,0,3
5457,140,10
5458,25,5
5459,0,3
5460,0,3
5461,1,3
5462,0,3
5463,55,8
5464,2,3
5465,0,3
5466,62,11
5467,25,8
5468,85,18
5469,138,12
5470,74,12
5471,0,3
5472,0,3
5473,1,3
5474,14,4
5475,0,3
5476,0,3
5477,52,9
5478,0,3
5479,26,4
5480,29,6
5481,53,9
5482,36,8
5483,2,3
5484,0,3
5485,0,3
5486,84,14
5487,2,3
5488,85,6
5489,0,3
5490,25,5
5491,0,3
5492,15,5
5493,0,3
5494,0,3
5495,40,9
5496,0,3
5497,0,3
5498,0,3
5499,44,8
5500,0,3
5501,2,4
5502,0,3
5503,0,3
5504,46,8
5505,0,3
5506,64,9
5507,46,8
5508,0,3
5509,0,3
5510,0,3
5511,45,6
5512,66,6
5513,27,7
5514,29,5
5515,28,8
5516,0,3
5517,70,9
5518,40,9
5519,65,10
5520,0,3
5521,6,3
5522,0,3
5523,5,3
5524,63,10
5525,56,10
5526,0,3
5527,47,10
5528,0,3
5529,17,4
5530,41,8
5531,0,3
5532,7,3
5533,0,3
5534,40,4
5535,0,3
5536,74,4
5537,61,7
5538,0,3
5539,3,3
5540,0,3
5541,1,3
5542,17,5
5543,104,12
5544,71,10
5545,0,3
5546,13,5
5547,16,5
5548,0,3
5549,35,6
5550,29,7
5551,36,4
5552,1,3
5553,28,6
5554,13,4
5555,47,8
5556,30,5
5557,35,4
5558,0,3
5559,0,3
5560,2,3
5561,0,3
5562,88,11
5563,31,9
5564,0,3
5565,42,6
5566,0,3
5567,34,7
5568,43,9
5569,0,3
5570,26,6
5571,0,3
5572,60,12
5573,39,5
5574,58,8
5575,3,3
5576,2,3
5577,45,7
5578,29,5
5579,65,9
5580,40,7
5581,0,3
5582,42,5
5583,40,7
5584,0,3
5585,75,12
5586,19,6
5587,0,3
5588,8,5
5589,0,3
5590,0,3
5591,42,9
5592,0,3
5593,0,3
5594,25,5
5595,51,9
5596,0,3
5597,32,5
5598,0,3
5599,60,10
5600,6,3
5601,35,8
5602,44,3
5603,87,11
5604,27,5
5605,53,7
5606,0,3
5607,0,3
5608,43,9
5609,0,3
5610,0,3
5611,39,9
5612,48,8
5613,0,3
5614,44,7
5615,0,3
5616,47,8
5617,0,3
5618,40,6
5619,0,3
5620,0,3
5621,0,3
5622,69,9
5623,0,3
5624,1,3
5625,0,3
5626,1,3
5627,14,5
5628,87,10
5629,52,10
5630,0,3
5631,36,7
5632,0,3
5633,72,12
5634,1,3
5635,43,5
5636,33,5
5637,40,5
5638,18,5
5639,1,3
5640,41,7
5641,0,3
5642,95,17
5643,0,3
5644,26,5
5645,20,5
5646,27,8
5647,0,3
5648,0,3
5649,0,3
5650,0,3
5651,44,7
5652,4,3
5653,0,3
5654,104,11
5655,8,4
5656,0,3
5657,0,3
5658,0,3
5659,0,3
5660,52,7
5661,58,9
5662,0,3
5663,32,5
5664,48,8
5665,37,8
5666,4,3
5667,0,3
5668,16,6
5669,0,3
5670,0,3
5671,0,3
5672,0,3
5673,0,3
5674,1,3
5675,35,8
5676,30,7
5677,0,3
5678,0,3
5679,105,11
5680,1,3
5681,0,3
5682,0,3
5683,80,14
5684,54,9
5685,15,6
5686,46,8
5687,0,3
5688,0,3
5689,56,9
5690,0,3
5691,0,3
5692,0,3
5693,24,6
5694,9,4
5695,0,3
5696,0,3
5697,1,3
5698,71,6
5699,0,3
5700,0,3
5701,40,5
5702,1,3
5703,1,3
5704,96,11
5705,73,6
5706,54,7
5707,50,8
5708,40,5
5709,48,10
5710,39,5
5711,2,3
5712,1,3
5713,0,3
5714,67,7
5715,37,8
5716,11,5
5717,49,8
5718,14,5
5719,20,7
5720,46,8
5721,14,5
5722,13,4
5723,0,3
5724,0,3
5725,65,10
5726,0,3
5727,51,8
5728,0,3
5729,21,6
5730,68,10
5731,159,6
5732,2,3
5733,63,9
5734,1,3
5735,7,3
5736,0,3
5737,0,3
5738,0,3
5739,0,3
5740,0,3
5741,0,3
5742,7,3
5743,34,6
5744,0,3
5745,0,3
5746,0,3
5747,0,3
5748,38,8
5749,35,4
5750,0,3
5751,29,4
5752,0,3
5753,0,3
5754,0,3
5755,59,9
5756,91,10
5757,34,9
5758,5,3
5759,1,3
5760,65,7
5761,102,10
5762,67,10
5763,46,5
5764,157,10
5765,0,3
5766,21,6
5767,87,11
5768,18,4
5769,19,6
5770,134,13
5771,0,3
5772,29,6
5773,1,3
5774,14,6
5775,0,3
5776,57,5
5777,38,3
5778,0,3
5779,63,6
5780,28,5
5781,105,12
5782,0,3
5783,41,6
5784,104,9
5785,8,4
5786,26,6
5787,0,3
5788,0,3
5789,40,8
5790,43,7
5791,56,5
5792,1,3
5793,68,9
5794,80,7
5795,0,3
5796,0,3
5797,0,3
5798,0,3
5799,59,7
5800,46,10
5801,39,6
5802,0,3
5803,0,3
5804,96,4
5805,34,7
5806,0,3
5807,1,3
5808,24,5
5809,71,10
5810,146,9
5811,65,10
5812,0,3
5813,0,3
5814,21,5
5815,24,6
5816,0,3
5817,50,9
5818,0,3
5819,4,4
5820,0,3
5821,0,3
5822,0,3
5823,19,4
5824,0,3
5825,5,3
5826,13,5
5827,63,8
5828,48,6
5829,54,8
5830,58,6
5831,98,11
5832,58,11
5833,30,7
5834,0,3
5835,0,3
5836,16,5
5837,0,3
5838,32,6
5839,42,8
5840,93,12
5841,49,6
5842,47,8
5843,19,5
5844,55,9
5845,0,3
5846,109,10
5847,43,8
5848,29,6
5849,0,3
5850,77,10
5851,74,12
5852,0,3
5853,98,10
5854,58,10
5855,1,3
5856,0,3
5857,78,9
5858,0,3
5859,3,4
5860,0,3
5861,0,3
5862,0,3
5863,1,3
5864,0,3
5865,0,3
5866,14,7
5867,2,3
5868,0,3
5869,0,3
5870,37,8
5871,1,3
5872,73,11
5873,68,10
5874,0,3
5875,53,7
5876,20,5
5877,0,3
5878,1,3
5879,23,7
5880,88,9
5881,14,4
5882,3,3
5883,65,8
5884,68,11
5885,115,14
5886,35,8
5887,0,3
5888,82,10
5889,0,3
5890,89,10
5891,0,3
5892,63,9
5893,0,3
5894,0,3
5895,0,3
5896,15,5
5897,0,3
5898,146,13
5899,0,3
5900,0,3
5901,1,3
5902,108,16
5903,79,9
5904,95,11
5905,1,3
5906,29,4
5907,81,9
5908,78,10
5909,46,8
5910,34,6
5911,102,12
5912,59,9
5913,0,3
5914,44,7
5915,121,12
5916,18,5
5917,35,10
5918,17,5
5919,57,8
5920,106,11
5921,13,5
5922,54,11
5923,54,9
5924,100,11
5925,7,4
5926,1,3
5927,14,4
5928,15,3
5929,68,8
5930,32,9
5931,41,8
5932,0,3
5933,9,4
5934,4,3
5935,0,3
5936,11,4
5937,0,3
5938,40,6
5939,26,7
5940,1,3
5941,39,9
5942,13,4
5943,32,10
5944,39,6
5945,0,3
5946,0,3
5947,27,3
5948,0,3
5949,36,9
5950,0,3
5951,71,10
5952,103,10
5953,0,3
5954,48,6
5955,43,10
5956,0,3
5957,19,5
5958,1,3
5959,0,3
5960,0,3
5961,0,3
5962,10,3
5963,34,8
5964,0,3
5965,49,8
5966,78,12
5967,81,11
5968,109,15
5969,42,10
5970,0,3
5971,0,3
5972,53,9
5973,22,10
5974,0,3
5975,0,3
5976,71,11
5977,41,9
5978,0,3
5979,101,12
5980,59,10
5981,60,8
5982,122,12
5983,130,13
5984,0,3
5985,36,6
5986,0,3
5987,40,11
5988,0,3
5989,65,10
5990,0,3
5991,48,6
5992,0,3
5993,0,3
5994,0,3
5995,19,6
5996,59,9
5997,1,3
5998,53,10
5999,68,10
6000,0,3
6001,75,12
6002,5,4
6003,1,3
6004,41,8
6005,46,8
6006,30,5
6007,0,3
6008,0,3
6009,21,4
6010,0,3
6011,36,6
6012,0,3
6013,0,3
6014,0,3
6015,0,3
6016,127,17
6017,18,6
6018,93,15
6019,88,11
6020,83,19
6021,82,11
6022,28,8
6023,0,3
6024,0,3
6025,18,5
6026,0,3
6027,0,3
6028,0,3
6029,55,9
6030,60,10
6031,77,10
6032,48,8
6033,2,3
6034,0,3
6035,0,3
6036,1,3
6037,47,6
6038,43,8
6039,135,12
6040,24,5
6041,77,10
6042,0,3
6043,40,8
6044,34,9
6045,67,12
6046,88,12
6047,0,3
6048,0,3
6049,34,10
6050,18,5
6051,1,3
6052,0,3
6053,32,8
6054,42,6
6055,34,8
6056,116,12
6057,76,14
6058,30,7
6059,0,3
6060,70,8
6061,20,4
6062,0,3
6063,0,3
6064,48,12
6065,59,10
6066,56,11
6067,40,8
6068,23,6
6069,0,3
6070,0,3
6071,68,9
6072,83,10
6073,0,3
6074,2,4
6075,17,4
6076,0,3
6077,17,5
6078,58,11
6079,0,3
6080,0,3
6081,0,3
6082,0,3
6083,0,3
6084,27,8
6085,32,8
6086,0,3
6087,15,5
6088,2,3
6089,105,11
6090,0,3
6091,43,8
6092,0,3
6093,91,13
6094,0,3
6095,78,11
6096,0,3
6097,0,3
6098,44,7
6099,16,5
6100,30,6
6101,0,3
6102,26,7
6103,142,18
6104,152,18
6105,18,5
6106,0,3
6107,61,10
6108,0,3
6109,22,7
6110,15,5
6111,87,8
6112,20,5
6113,30,8
6114,1,3
6115,25,7
6116,45,6
6117,0,3
6118,60,6
6119,0,3
6120,25,7
6121,113,9
6122,42,10
6123,0,3
6124,147,17
6125,0,3
6126,0,3
6127,0,3
6128,78,14
6129,3,4
6130,0,3
6131,66,10
6132,16,5
6133,0,3
6134,0,3
6135,0,3
6136,92,12
6137,0,3
6138,64,9
6139,1,3
6140,76,9
6141,26,6
6142,37,9
6143,0,3
6144,1,3
6145,2,3
6146,36,6
6147,56,11
6148,0,3
6149,41,8
6150,0,3
6151,22,6
6152,0,3
6153,0,3
6154,132,16
6155,0,3
6156,0,3
6157,93,14
6158,0,3
6159,0,3
6160,0,3
6161,0,3
6162,39,8
6163,31,4
6164,65,13
6165,0,3
6166,0,3
6167,1,3
6168,0,3
6169,61,11
6170,93,10
6171,79,13
6172,54,8
6173,54,8
6174,0,3
6175,34,8
6176,0,3
6177,53,9
6178,69,11
6179,0,3
6180,59,16
6181,0,3
6182,83,13
6183,2,3
6184,74,10
6185,0,3
6186,0,3
6187,61,6
6188,41,8
6189,0,3
6190,0,3
6191,0,3
6192,78,8
6193,54,7
6194,0,3
6195,1,3
6196,0,3
6197,0,3
6198,45,8
6199,0,3
6200,106,16
6201,25,4
6202,3,4
6203,81,14
6204,95,6
6205,2,3
6206,57,9
6207,0,3
6208,27,7
6209,66,12
6210,0,3
6211,0,3
6212,1,3
6213,0,3
6214,120,10
6215,0,3
6216,86,10
6217,0,3
6218,66,10
6219,0,3
6220,0,3
6221,35,8
6222,1,3
6223,69,10
6224,0,3
6225,65,11
6226,0,3
6227,42,10
6228,63,4
6229,42,8
6230,0,3
6231,0,3
6232,17,6
6233,1,3
6234,61,11
6235,0,3
6236,116,15
6237,26,6
6238,0,3
6239,0,3
6240,83,10
6241,0,3
6242,2,3
6243,24,5
6244,0,3
6245,23,5
6246,31,8
6247,0,3
6248,1,3
6249,0,3
6250,0,3
6251,23,5
6252,46,6
6253,0,3
6254,34,7
6255,0,3
6256,46,10
6257,96,11
6258,10,4
6259,0,3
6260,0,3
6261,80,11
6262,18,5
6263,0,3
6264,1,3
6265,0,3
6266,80,10
6267,67,15
6268,25,5
6269,20,4
6270,80,12
6271,104,15
6272,132,12
6273,17,6
6274,12,4
6275,0,3
6276,65,10
6277,0,3
6278,36,6
6279,0,3
6280,48,7
6281,74,10
6282,0,3
6283,45,8
6284,56,10
6285,1,3
6286,14,5
6287,49,8
6288,0,3
6289,24,5
6290,0,3
6291,55,8
6292,23,6
6293,64,10
6294,100,12
6295,48,8
6296,65,11
6297,64,8
6298,0,3
6299,0,3
6300,63,9
6301,56,8
6302,0,3
6303,1,3
6304,87,10
6305,52,8
6306,8,3
6307,91,12
6308,0,3
6309,0,3
6310,60,11
6311,33,11
6312,71,8
6313,1,3
6314,61,9
6315,62,11
6316,0,3
6317,79,14
6318,55,9
6319,0,3
6320,3,3
6321,0,3
6322,44,6
6323,0,3
6324,33,8
6325,41,7
6326,41,9
6327,98,13
6328,99,15
6329,87,13
6330,78,11
6331,0,3
6332,43,10
6333,1,3
6334,0,3
6335,0,3
6336,1,3
6337,55,12
6338,39,8
6339,0,3
6340,33,6
6341,0,3
6342,0,3
6343,1,3
6344,1,3
6345,102,16
6346,1,3
6347,88,11
6348,83,11
6349,0,3
6350,7,4
6351,7,3
6352,0,3
6353,19,5
6354,55,10
6355,28,7
6356,67,13
6357,14,4
6358,0,3
6359,71,11
6360,0,3
6361,0,3
6362,38,15
6363,0,3
6364,17,5
6365,0,3
6366,58,10
6367,54,9
6368,3,3
6369,113,12
6370,101,8
6371,0,3
6372,0,3
6373,44,6
6374,127,15
6375,3,3
6376,42,9
6377,0,3
6378,17,3
6379,27,6
6380,63,13
6381,42,9
6382,59,10
6383,1,3
6384,0,3
6385,0,3
6386,0,3
6387,0,3
6388,48,10
6389,50,9
6390,2,3
6391,64,10
6392,0,3
6393,0,3
6394,88,10
6395,18,5
6396,12,4
6397,0,3
6398,98,6
6399,60,8
6400,54,10
6401,12,5
6402,39,9
6403,51,9
6404,23,5
6405,0,3
6406,0,3
6407,16,6
6408,0,3
6409,0,3
6410,48,8
6411,47,8
6412,27,7
6413,31,8
6414,9,4
6415,1,3
6416,0,3
6417,57,9
6418,34,8
6419,15,4
6420,86,9
6421,0,3
6422,53,6
6423,0,3
6424,14,6
6425,54,9
6426,55,9
6427,0,3
6428,1,3
6429,41,8
6430,0,3
6431,0,3
6432,99,11
6433,0,3
6434,1,3
6435,0,3
6436,30,5
6437,0,3
6438,42,8
6439,0,3
6440,83,13
6441,32,7
6442,57,11
6443,0,3
6444,61,9
6445,86,9
6446,81,13
6447,66,11
6448,71,12
6449,96,15
6450,58,11
6451,78,10
6452,39,7
6453,85,11
6454,90,12
6455,36,7
6456,57,12
6457,84,11
6458,1,3
6459,0,3
6460,94,17
6461,0,3
6462,0,3
6463,0,3
6464,33,4
6465,13,3
6466,114,11
6467,50,6
6468,19,7
6469,133,12
6470,4,3
6471,155,12
6472,0,3
6473,26,7
6474,85,11
6475,75,12
6476,0,3
6477,40,5
6478,67,8
6479,0,3
6480,94,11
6481,101,10
6482,5,3
6483,97,10
6484,32,6
6485,0,3
6486,75,12
6487,39,8
6488,0,3
6489,47,9
6490,0,3
6491,0,3
6492,15,5
6493,0,3
6494,31,7
6495,5,4
6496,1,3
6497,18,5
6498,0,3
6499,65,8
6500,124,17
6501,27,7
6502,6,3
6503,28,7
6504,103,14
6505,77,11
6506,52,12
6507,18,4
6508,0,3
6509,1,3
6510,0,3
6511,112,12
6512,2,3
6513,81,13
6514,63,10
6515,0,3
6516,0,3
6517,0,3
6518,3,3
6519,6,3
6520,0,3
6521,0,3
6522,34,10
6523,124,14
6524,49,6
6525,0,3
6526,43,10
6527,102,16
6528,12,4
6529,1,3
6530,20,7
6531,29,5
6532,24,7
6533,0,3
6534,25,5
6535,38,7
6536,94,13
6537,0,3
6538,119,14
6539,55,9
6540,84,10
6541,20,6
6542,32,7
6543,0,3
6544,0,3
6545,74,14
6546,0,3
6547,16,6
6548,11,4
6549,1,3
6550,0,3
6551,89,16
6552,173,19
6553,14,4
6554,66,10
6555,43,5
6556,18,5
6557,0,3
6558,144,12
6559,0,3
6560,0,3
6561,103,15
6562,0,3
6563,0,3
6564,0,3
6565,33,7
6566,79,11
6567,66,8
6568,104,14
6569,81,9
6570,32,5
6571,27,7
6572,1,3
6573,36,6
6574,77,12
6575,162,18
6576,0,3
6577,37,7
6578,120,17
6579,0,3
6580,20,5
6581,1,3
6582,19,6
6583,0,3
6584,0,3
6585,0,3
6586,0,3
6587,94,10
6588,40,5
6589,50,9
6590,0,3
6591,0,3
6592,1,3
6593,39,8
6594,0,3
6595,38,7
6596,0,3
6597,0,3
6598,1,3
6599,0,3
6600,49,7
6601,0,3
6602,41,6
6603,0,3
6604,111,14
6605,0,3
6606,0,3
6607,0,3
6608,158,17
6609,118,17
6610,81,9
6611,75,10
6612,0,3
6613,51,11
6614,19,4
6615,136,13
6616,82,13
6617,0,3
6618,29,9
6619,53,10
6620,0,3
6621,0,3
6622,1,3
6623,0,3
6624,0,3
6625,28,6
6626,127,13
6627,1,3
6628,25,7
6629,107,14
6630,2,3
6631,0,3
6632,89,13
6633,0,3
6634,26,6
6635,39,8
6636,63,11
6637,30,6
6638,0,3
6639,0,3
6640,0,3
6641,65,12
6642,0,3
6643,0,3
6644,0,3
6645,59,10
6646,0,3
6647,141,12
6648,0,3
6649,162,14
6650,119,13
6651,102,13
6652,131,10
6653,95,11
6654,1,3
6655,0,3
6656,97,16
6657,0,3
6658,0,3
6659,0,3
6660,45,11
6661,71,7
6662,40,7
6663,0,3
6664,0,3
6665,68,13
6666,83,12
6667,87,12
6668,42,8
6669,63,10
6670,0,3
6671,1,3
6672,0,3
6673,8,3
6674,41,9
6675,0,3
6676,56,8
6677,1,3
6678,76,9
6679,103,15
6680,0,3
6681,109,17
6682,0,3
6683,119,16
6684,61,16
6685,104,14
6686,28,3
6687,0,3
6688,2,3
6689,1,3
6690,85,13
6691,95,12
6692,0,3
6693,124,17
6694,35,9
6695,0,3
6696,45,3
6697,82,13
6698,18,6
6699,75,8
6700,0,3
6701,0,3
6702,0,3
6703,1,3
6704,0,3
6705,11,5
6706,39,8
6707,43,8
6708,0,3
6709,0,3
6710,113,11
6711,50,9
6712,93,10
6713,0,3
6714,1,3
6715,36,9
6716,50,10
6717,33,8
6718,0,3
6719,57,13
6720,68,12
6721,45,12
6722,0,3
6723,0,3
6724,0,3
6725,1,3
6726,0,3
6727,26,7
6728,121,11
6729,0,3
6730,155,18
6731,106,14
6732,0,3
6733,159,16
6734,78,14
6735,0,3
6736,0,3
6737,0,3
6738,46,9
6739,0,3
6740,0,3
6741,49,11
6742,0,3
6743,76,12
6744,155,15
6745,93,10
6746,77,11
6747,119,15
6748,36,7
6749,0,3
6750,1,3
6751,0,3
6752,0,3
6753,0,3
6754,0,3
6755,0,3
6756,84,16
6757,0,3
6758,3,3
6759,0,3
6760,7,3
6761,67,9
6762,0,3
6763,44,6
6764,0,3
6765,58,5
6766,0,3
6767,177,15
6768,0,3
6769,0,3
6770,42,7
6771,90,15
6772,4,4
6773,1,3
6774,9,4
6775,0,3
6776,41,10
6777,114,19
6778,0,3
6779,0,3
6780,100,15
6781,0,3
6782,140,19
6783,0,3
6784,56,9
6785,0,3
6786,1,3
6787,1,3
6788,0,3
6789,0,3
6790,0,3
6791,59,11
6792,99,16
6793,102,13
6794,60,9
6795,86,11
6796,0,3
6797,0,3
6798,75,12
6799,78,12
6800,43,7
6801,75,10
6802,79,11
6803,34,10
6804,2,3
6805,48,9
6806,0,3
6807,0,3
6808,119,20
6809,0,3
6810,1,3
6811,200,18
6812,0,3
6813,45,5
6814,117,17
6815,15,4
6816,0,3
6817,123,11
6818,0,3
6819,179,21
6820,35,10
6821,0,3
6822,12,4
6823,0,3
6824,78,11
6825,54,12
6826,86,14
6827,0,3
6828,123,13
6829,0,3
6830,1,3
6831,1,3
6832,86,14
6833,0,3
6834,10,4
6835,67,11
6836,1,3
6837,0,3
6838,0,3
6839,0,3
6840,0,3
6841,164,11
6842,1,3
6843,0,3
6844,0,3
6845,6,5
6846,0,3
6847,67,11
6848,77,15
6849,0,3
6850,144,21
6851,0,3
6852,65,14
6853,0,3
6854,170,15
6855,74,11
6856,0,3
6857,2,3
6858,51,10
6859,68,8
6860,176,12
6861,0,3
6862,82,13
6863,0,3
6864,106,11
6865,1,3
6866,101,13
6867,0,3
6868,34,9
6869,62,10
6870,49,7
6871,0,3
6872,70,11
6873,62,12
6874,0,3
6875,1,3
6876,4,3
6877,0,3
6878,0,3
6879,0,3
6880,74,14
6881,36,8
6882,0,3
6883,66,9
6884,85,13
6885,69,14
6886,96,15
6887,0,3
6888,43,8
6889,143,17
6890,0,3
6891,66,11
6892,35,8
6893,116,15
6894,0,3
6895,0,3
6896,0,3
6897,96,12
6898,0,3
6899,108,11
6900,19,5
6901,63,13
6902,0,3
6903,1,3
6904,118,11
6905,82,13
6906,104,13
6907,0,3
6908,118,12
6909,0,3
6910,66,9
6911,48,7
6912,93,16
6913,76,11
6914,40,8
6915,81,9
6916,88,9
6917,78,11
6918,58,10
6919,0,3
6920,82,15
6921,1,3
6922,0,3
6923,59,8
6924,0,3
6925,0,3
6926,0,3
6927,134,19
6928,166,18
6929,1,3
6930,0,3
6931,11,3
6932,49,9
6933,55,4
6934,0,3
6935,81,12
6936,38,8
6937,114,10
6938,0,3
6939,0,3
6940,100,15
6941,27,4
6942,72,12
6943,0,3
6944,86,13
6945,75,9
6946,39,8
6947,33,6
6948,0,3
6949,1,3
6950,17,6
6951,50,9
6952,51,9
6953,51,10
6954,0,3
6955,0,3
6956,79,10
6957,129,16
6958,0,3
6959,15,6
6960,0,3
6961,108,16
6962,42,10
6963,84,13
6964,47,9
6965,49,10
6966,115,16
6967,0,3
6968,0,3
6969,6,4
6970,181,14
6971,89,12
6972,27,4
6973,0,3
6974,0,3
6975,2,3
6976,0,3
6977,0,3
6978,0,3
6979,160,17
6980,17,6
6981,71,11
6982,145,15
6983,21,8
6984,0,3
6985,21,5
6986,0,3
6987,33,7
6988,0,3
6989,99,12
6990,0,3
6991,29,8
6992,54,10
6993,103,14
6994,0,3
6995,0,3
6996,134,11
6997,9,3
6998,0,3
6999,67,9
7000,0,3
7001,0,3
7002,67,11
7003,49,8
7004,45,6
7005,1,3
7006,0,3
7007,0,3
7008,0,3
7009,0,3
7010,0,3
7011,0,3
7012,0,3
7013,37,6
7014,36,7
7015,74,10
7016,129,18
7017,0,3
7018,0,3
7019,0,3
7020,7,4
7021,0,3
7022,66,14
7023,60,9
7024,67,11
7025,0,3
7026,0,3
7027,23,6
7028,8,4
7029,125,18
7030,133,15
7031,0,3
7032,47,8
7033,83,13
7034,0,3
7035,68,11
7036,119,11
7037,10,5
7038,0,3
7039,65,12
7040,120,16
7041,19,5
7042,84,13
7043,125,14
7044,0,3
7045,0,3
7046,0,3
7047,0,3
7048,0,3
7049,112,18
7050,41,7
7051,67,8
7052,0,3
7053,55,10
7054,43,8
7055,63,12
7056,0,3
7057,157,21
7058,1,3
7059,57,11
7060,28,8
7061,96,14
7062,0,3
7063,0,3
7064,111,14
7065,70,12
7066,0,3
7067,0,3
7068,1,3
7069,45,9
7070,0,3
7071,0,3
7072,2,3
7073,1,3
7074,115,19
7075,41,8
7076,0,3
7077,21,5
7078,1,3
7079,91,11
7080,33,6
7081,73,10
7082,92,16
7083,1,3
7084,3,5
7085,0,3
7086,0,3
7087,0,3
7088,0,3
7089,0,3
7090,0,3
7091,75,9
7092,111,13
7093,35,5
7094,92,12
7095,79,11
7096,140,16
7097,80,11
7098,68,10
7099,90,13
7100,0,3
7101,43,12
7102,135,18
7103,36,8
7104,69,14
7105,85,11
7106,0,3
7107,69,10
7108,50,11
7109,0,3
7110,45,9
7111,26,7
7112,125,18
7113,0,3
7114,67,9
7115,66,11
7116,113,18
7117,0,3
7118,0,3
7119,156,21
7120,46,7
7121,0,3
7122,0,3
7123,0,3
7124,106,14
7125,1,3
7126,1,3
7127,0,3
7128,0,3
7129,61,11
7130,0,3
7131,0,3
7132,151,16
7133,0,3
7134,0,3
7135,0,3
7136,0,3
7137,93,11
7138,68,12
7139,138,21
7140,135,13
7141,0,3
7142,136,20
7143,73,14
7144,0,3
7145,0,3
7146,0,3
7147,0,3
7148,0,3
7149,0,3
7150,48,7
7151,175,18
7152,128,15
7153,1,3
7154,107,18
7155,2,3
7156,54,10
7157,0,3
7158,0,3
7159,0,3
7160,59,9
7161,1,3
7162,7,4
7163,81,16
7164,148,11
7165,69,9
7166,74,10
7167,0,3
7168,0,3
7169,68,10
7170,37,6
7171,122,15
7172,51,11
7173,0,3
7174,0,3
7175,74,11
7176,120,11
7177,0,3
7178,0,3
7179,58,5
7180,0,3
7181,63,11
7182,117,13
7183,0,3
7184,0,3
7185,132,14
7186,0,3
7187,0,3
7188,43,8
7189,113,14
7190,0,3
7191,55,10
7192,34,8
7193,138,14
7194,82,10
7195,68,11
7196,81,13
7197,82,12
7198,260,28
7199,0,3
7200,100,13
7201,0,3
7202,0,3
7203,94,12
7204,0,3
7205,117,15
7206,107,12
7207,0,3
7208,0,3
7209,0,3
7210,103,18
7211,1,3
7212,0,3
7213,88,14
7214,0,3
7215,0,3
7216,22,4
7217,34,8
7218,0,3
7219,0,3
7220,0,3
7221,109,16
7222,0,3
7223,0,3
7224,0,3
7225,73,11
7226,9,4
7227,25,5
7228,0,3
7229,58,12
7230,102,12
7231,106,14
7232,1,3
7233,0,3
7234,36,10
7235,184,9
7236,72,12
7237,121,16
7238,83,7
7239,0,3
7240,73,10
7241,0,3
7242,45,10
7243,0,3
7244,0,3
7245,0,3
7246,101,12
7247,82,16
7248,0,3
7249,131,17
7250,0,3
7251,0,3
7252,117,20
7253,71,13
7254,0,3
7255,0,3
7256,0,3
7257,0,3
7258,6,4
7259,1,3
7260,0,3
7261,0,3
7262,0,3
7263,0,3
7264,0,3
7265,71,14
7266,71,7
7267,124,17
7268,37,6
7269,121,15
7270,42,7
7271,0,3
7272,0,3
7273,36,11
7274,0,3
7275,138,19
7276,0,3
7277,2,3
7278,133,17
7279,0,3
7280,62,16
7281,63,10
7282,51,11
7283,1,3
7284,37,10
7285,104,17
7286,0,3
7287,145,19
7288,25,7
7289,0,3
7290,0,3
7291,0,3
7292,0,3
7293,71,9
7294,46,5
7295,0,3
7296,0,3
7297,0,3
7298,0,3
7299,113,16
7300,7,5
7301,26,6
7302,80,13
7303,31,9
7304,67,14
7305,51,11
7306,0,3
7307,114,20
7308,68,12
7309,1,3
7310,115,18
7311,102,16
7312,47,6
7313,0,3
7314,134,21
7315,0,3
7316,0,3
7317,80,13
7318,32,8
7319,0,3
7320,10,4
7321,7,4
7322,0,3
7323,138,11
7324,175,19
7325,0,3
7326,8,3
7327,0,3
7328,0,3
7329,0,3
7330,0,3
7331,0,3
7332,58,8
7333,0,3
7334,0,3
7335,119,17
7336,0,3
7337,214,19
7338,155,17
7339,0,3
7340,0,3
7341,55,10
7342,6,4
7343,178,23
7344,127,15
7345,153,16
7346,0,3
7347,63,11
7348,0,3
7349,45,9
7350,59,12
7351,266,14
7352,0,3
7353,164,19
7354,0,3
7355,124,14
7356,117,12
7357,0,3
7358,141,18
7359,94,14
7360,57,9
7361,0,3
7362,36,5
7363,6,5
7364,94,13
7365,0,3
7366,59,11
7367,73,9
7368,0,3
7369,106,11
7370,74,16
7371,0,3
7372,0,3
7373,118,13
7374,19,5
7375,105,11
7376,0,3
7377,0,3
7378,92,17
7379,162,18
7380,11,3
7381,278,24
7382,122,16
7383,114,16
7384,75,13
7385,0,3
7386,53,9
7387,0,3
7388,92,11
7389,0,3
7390,26,7
7391,0,3
7392,85,14
7393,0,3
7394,3,3
7395,367,14
7396,82,10
7397,0,3
7398,38,7
7399,112,15
7400,0,3
7401,2,3
7402,0,3
7403,121,13
7404,111,9
7405,0,3
7406,0,3
7407,86,18
7408,0,3
7409,119,8
7410,0,3
7411,155,16
7412,70,10
7413,39,6
7414,4,4
7415,92,13
7416,71,10
7417,4,3
7418,72,10
7419,0,3
7420,0,3
7421,0,3
7422,66,7
7423,177,18
7424,140,17
7425,109,15
7426,148,16
7427,0,3
7428,0,3
7429,104,15
7430,96,13
7431,19,7
7432,45,12
7433,72,10
7434,0,3
7435,28,7
7436,3,3
7437,131,13
7438,83,15
7439,0,3
7440,143,17
7441,9,5
7442,22,6
7443,108,14
7444,0,3
7445,0,3
7446,0,3
7447,1,3
7448,0,3
7449,39,11
7450,42,6
7451,0,3
7452,49,7
7453,0,3
7454,0,3
7455,0,3
7456,95,7
7457,0,3
7458,0,3
7459,1,3
7460,0,3
7461,38,6
7462,0,3
7463,1,3
7464,0,3
7465,0,3
7466,1,3
7467,42,8
7468,0,3
7469,110,14
7470,166,19
7471,0,3
7472,0,3
7473,135,16
7474,0,3
7475,78,14
7476,147,17
7477,0,3
7478,108,13
7479,59,12
7480,0,3
7481,0,3
7482,2,3
7483,173,15
7484,34,6
7485,0,3
7486,135,16
7487,0,3
7488,141,15
7489,127,8
7490,0,3
7491,106,16
7492,1,3
7493,4,3
7494,0,3
7495,112,11
7496,1,3
7497,124,19
7498,0,3
7499,12,5
7500,104,14
7501,0,3
7502,62,8
7503,0,3
7504,24,5
7505,0,3
7506,261,27
7507,0,3
7508,65,11
7509,15,6
7510,79,11
7511,18,5
7512,41,9
7513,170,21
7514,81,13
7515,0,3
7516,133,18
7517,0,3
7518,0,3
7519,121,12
7520,98,14
7521,44,8
7522,0,3
7523,0,3
7524,0,3
7525,98,16
7526,0,3
7527,0,3
7528,0,3
7529,0,3
7530,0,3
7531,11,4
7532,99,17
7533,123,12
7534,91,12
7535,0,3
7536,0,3
7537,0,3
7538,96,15
7539,59,10
7540,0,3
7541,0,3
7542,0,3
7543,188,22
7544,42,8
7545,0,3
7546,26,5
7547,1,3
7548,0,3
7549,0,3
7550,28,7
7551,0,3
7552,197,23
7553,0,3
7554,61,7
7555,111,17
7556,0,3
7557,84,14
7558,1,3
7559,0,3
7560,0,3
7561,0,3
7562,0,3
7563,0,3
7564,0,3
7565,103,14
7566,0,3
7567,50,11
7568,100,15
7569,2,3
7570,0,3
7571,0,3
7572,0,3
7573,1,3
7574,40,8
7575,0,3
7576,199,24
7577,0,3
7578,0,3
7579,0,3
7580,0,3
7581,167,15
7582,98,16
7583,0,3
7584,0,3
7585,63,11
7586,99,12
7587,82,13
7588,39,9
7589,44,9
7590,139,24
7591,0,3
7592,0,3
7593,0,3
7594,86,12
7595,60,14
7596,0,3
7597,50,11
7598,0,3
7599,0,3
7600,0,3
7601,0,3
7602,31,6
7603,0,3
7604,10,4
7605,51,10
7606,111,15
7607,0,3
7608,0,3
7609,0,3
7610,25,6
7611,93,13
7612,0,3
7613,227,16
7614,0,3
7615,102,17
7616,0,3
7617,0,3
7618,0,3
7619,79,13
7620,1,3
7621,45,11
7622,128,14
7623,80,9
7624,38,3
7625,118,11
7626,93,13
7627,67,12
7628,80,14
7629,0,3
7630,1,3
7631,0,3
7632,0,3
7633,63,14
7634,0,3
7635,48,11
7636,0,3
7637,0,3
7638,112,19
7639,70,16
7640,0,3
7641,88,13
7642,0,3
7643,0,3
7644,0,3
7645,0,3
7646,0,3
7647,9,4
7648,71,10
7649,1,3
7650,102,9
7651,166,19
7652,0,3
7653,0,3
7654,2,3
7655,0,3
7656,63,12
7657,154,21
7658,57,11
7659,76,13
7660,115,16
7661,0,3
7662,35,8
7663,74,14
7664,1,3
7665,77,13
7666,0,3
7667,0,3
7668,154,14
7669,109,17
7670,0,3
7671,0,3
7672,61,12
7673,0,3
7674,228,18
7675,47,9
7676,0,3
7677,0,3
7678,67,10
7679,0,3
7680,0,3
7681,0,3
7682,24,7
7683,0,3
7684,123,14
7685,102,13
7686,0,3
7687,5,4
7688,52,12
7689,0,3
7690,88,15
7691,14,5
7692,124,13
7693,15,7
7694,0,3
7695,0,3
7696,20,6
7697,1,3
7698,175,16
7699,72,10
7700,0,3
7701,26,7
7702,95,15
7703,0,3
7704,109,18
7705,0,3
7706,168,14
7707,0,3
7708,0,3
7709,0,3
7710,76,10
7711,0,3
7712,1,3
7713,105,18
7714,40,9
7715,218,21
7716,0,3
7717,2,3
7718,74,11
7719,102,10
7720,99,11
7721,0,3
7722,106,16
7723,0,3
7724,0,3
7725,0,3
7726,61,6
7727,5,3
7728,0,3
7729,0,3
7730,0,3
7731,78,11
7732,0,3
7733,0,3
7734,39,7
7735,72,11
7736,0,3
7737,142,19
7738,0,3
7739,148,18
7740,5,4
7741,0,3
7742,0,3
7743,0,3
7744,0,3
7745,0,3
7746,49,8
7747,1,3
7748,29,8
7749,85,13
7750,115,16
7751,113,16
7752,17,5
7753,1,3
7754,33,6
7755,107,11
7756,58,10
7757,34,6
7758,95,15
7759,127,16
7760,53,9
7761,50,10
7762,2,3
7763,70,11
7764,113,12
7765,0,3
7766,94,13
7767,0,3
7768,60,11
7769,9,6
7770,73,10
7771,197,25
7772,0,3
7773,0,3
7774,43,9
7775,116,14
7776,0,3
7777,146,19
7778,70,16
7779,0,3
7780,2,3
7781,86,12
7782,0,3
7783,204,18
7784,119,15
7785,0,3
7786,132,20
7787,0,3
7788,0,3
7789,0,3
7790,2,4
7791,227,24
7792,0,3
7793,30,5
7794,136,16
7795,67,11
7796,92,16
7797,82,14
7798,121,12
7799,0,3
7800,78,14
7801,0,3
7802,0,3
7803,0,3
7804,171,22
7805,0,3
7806,109,15
7807,96,14
7808,0,3
7809,92,14
7810,0,3
7811,63,10
7812,1,3
7813,0,3
7814,1,3
7815,67,12
7816,71,11
7817,78,10
7818,0,3
7819,60,8
7820,83,9
7821,1,3
7822,0,3
7823,0,3
7824,39,6
7825,0,3
7826,127,17
7827,56,13
7828,96,15
7829,93,11
7830,1,3
7831,40,7
7832,87,12
7833,0,3
7834,123,16
7835,0,3
7836,53,14
7837,34,6
7838,0,3
7839,0,3
7840,98,18
7841,0,3
7842,86,13
7843,103,13
7844,0,3
7845,36,3
7846,12,4
7847,67,13
7848,87,13
7849,1,3
7850,49,9
7851,108,16
7852,0,3
7853,85,9
7854,111,19
7855,229,17
7856,25,6
7857,143,18
7858,114,18
7859,0,3
7860,0,3
7861,0,3
7862,1,2
7863,0,3
7864,152,24
7865,70,13
7866,56,11
7867,161,16
7868,0,3
7869,2,3
7870,47,8
7871,38,8
7872,102,14
7873,0,3
7874,50,10
7875,113,17
7876,0,3
7877,0,3
7878,0,3
7879,0,3
7880,0,3
7881,1,4
7882,10,3
7883,52,8
7884,172,20
7885,107,13
7886,120,15
7887,83,18
7888,21,6
7889,152,18
7890,124,17
7891,145,19
7892,42,8
7893,84,14
7894,60,14
7895,1,3
7896,111,17
7897,135,15
7898,0,3
7899,0,3
7900,113,14
7901,0,3
7902,62,13
7903,67,14
7904,0,3
7905,0,3
7906,128,13
7907,88,16
7908,138,14
7909,78,12
7910,66,12
7911,0,3
7912,0,3
7913,113,14
7914,11,4
7915,93,13
7916,101,14
7917,0,3
7918,0,3
7919,0,3
7920,0,3
7921,95,13
7922,0,3
7923,0,3
7924,0,3
7925,70,11
7926,116,17
7927,161,18
7928,100,13
7929,8,5
7930,76,12
7931,55,6
7932,78,13
7933,0,3
7934,5,3
7935,68,14
7936,26,5
7937,77,8
7938,293,18
7939,0,3
7940,0,3
7941,128,18
7942,131,20
7943,127,18
7944,208,11
7945,69,13
7946,0,3
7947,35,9
7948,41,12
7949,130,18
7950,120,18
7951,118,16
7952,227,18
7953,43,10
7954,29,6
7955,103,14
7956,80,13
7957,0,3
7958,1,3
7959,89,11
7960,78,14
7961,0,3
7962,15,6
7963,1,3
7964,145,15
7965,0,3
7966,0,3
7967,65,12
7968,0,3
7969,30,6
7970,0,3
7971,87,15
7972,86,15
7973,132,16
7974,15,3
7975,210,19
7976,0,3
7977,0,3
7978,31,7
7979,90,13
7980,0,3
7981,0,3
7982,0,3
7983,61,8
7984,13,7
7985,4,3
7986,27,3
7987,171,27
7988,0,3
7989,0,3
7990,43,8
7991,63,10
7992,88,12
7993,131,14
7994,110,16
7995,130,19
7996,76,13
7997,1,3
7998,0,3
7999,0,3
8000,94,15
8001,0,3
8002,0,3
8003,1,3
8004,42,5
8005,0,3
8006,95,15
8007,101,15
8008,133,17
8009,0,3
8010,42,8
8011,0,3
8012,120,14
8013,83,14
8014,78,13
8015,0,3
8016,0,3
8017,50,9
8018,49,9
8019,124,17
8020,0,3
8021,73,12
8022,0,3
8023,70,13
8024,0,3
8025,0,3
8026,318,9
8027,0,3
8028,1,3
8029,0,3
8030,0,3
8031,0,3
8032,0,3
8033,0,3
8034,83,14
8035,84,14
8036,126,17
8037,163,21
8038,0,3
8039,0,3
8040,1,3
8041,0,3
8042,0,3
8043,167,18
8044,0,3
8045,245,17
8046,185,20
8047,0,3
8048,283,27
8049,87,14
8050,96,14
8051,0,3
8052,69,14
8053,1,3
8054,176,17
8055,5,4
8056,102,17
8057,80,13
8058,91,13
8059,101,12
8060,178,9
8061,83,13
8062,34,6
8063,202,19
8064,74,4
8065,126,21
8066,50,8
8067,1,3
8068,44,7
8069,160,23
8070,0,3
8071,0,3
8072,0,3
8073,140,16
8074,0,3
8075,0,3
8076,53,14
8077,0,3
8078,0,3
8079,0,3
8080,98,18
8081,149,20
8082,182,22
8083,140,16
8084,139,16
8085,0,3
8086,0,3
8087,0,3
8088,1,3
8089,19,4
8090,169,21
8091,0,3
8092,127,19
8093,216,17
8094,84,14
8095,0,3
8096,47,10
8097,39,8
8098,36,6
8099,60,9
8100,0,3
8101,0,3
8102,2,3
8103,140,12
8104,0,3
8105,32,6
8106,0,3
8107,73,11
8108,0,3
8109,0,3
8110,153,16
8111,0,3
8112,0,3
8113,121,21
8114,67,14
8115,0,3
8116,106,12
8117,0,3
8118,82,9
8119,54,12
8120,0,3
8121,87,15
8122,101,14
8123,117,17
8124,87,13
8125,0,3
8126,115,16
8127,137,19
8128,60,12
8129,0,3
8130,96,12
8131,73,13
8132,0,3
8133,2,3
8134,0,3
8135,0,3
8136,0,3
8137,36,6
8138,116,15
8139,61,12
8140,1,3
8141,0,3
8142,38,7
8143,137,22
8144,1,3
8145,13,4
8146,132,20
8147,0,3
8148,115,14
8149,76,10
8150,0,3
8151,55,10
8152,111,19
8153,0,3
8154,152,16
8155,70,12
8156,0,3
8157,14,4
8158,122,13
8159,0,3
8160,0,3
8161,0,3
8162,222,24
8163,91,14
8164,89,12
8165,49,9
8166,1,3
8167,42,7
8168,55,13
8169,151,20
8170,47,7
8171,93,11
8172,95,10
8173,86,13
8174,112,15
8175,130,16
8176,95,14
8177,11,3
8178,73,9
8179,307,20
8180,195,23
8181,77,16
8182,140,13
8183,115,19
8184,2,3
8185,0,3
8186,0,3
8187,170,21
8188,48,10
8189,73,10
8190,169,23
8191,116,16
8192,1,3
8193,99,17
8194,104,12
8195,156,23
8196,28,9
8197,0,3
8198,1,3
8199,215,18
8200,186,15
8201,127,14
8202,189,26
8203,0,3
8204,1,3
8205,0,3
8206,0,3
8207,0,3
8208,0,3
8209,0,3
8210,0,3
8211,0,3
8212,87,14
8213,106,16
8214,115,16
8215,122,11
8216,0,3
8217,0,3
8218,74,8
8219,211,19
8220,0,3
8221,87,14
8222,50,10
8223,164,21
8224,0,3
8225,178,20
8226,0,3
8227,129,14
8228,0,3
8229,181,21
8230,0,3
8231,0,3
8232,133,19
8233,165,27
8234,2,3
8235,0,3
8236,0,3
8237,178,17
8238,1,3
8239,6,4
8240,91,20
8241,27,7
8242,108,13
8243,74,9
8244,0,3
8245,0,3
8246,0,3
8247,116,17
8248,0,3
8249,120,18
8250,67,12
8251,98,11
8252,0,3
8253,0,3
8254,131,18
8255,0,3
8256,149,23
8257,163,21
8258,1,3
8259,31,9
8260,108,13
8261,99,17
8262,0,3
8263,0,3
8264,0,3
8265,212,21
8266,71,13
8267,0,3
8268,126,18
8269,4,3
8270,239,12
8271,0,3
8272,121,14
8273,0,3
8274,79,11
8275,140,21
8276,29,7
8277,0,3
8278,141,16
8279,56,10
8280,144,13
8281,0,3
8282,1,3
8283,0,3
8284,123,20
8285,106,14
8286,0,3
8287,0,3
8288,0,3
8289,140,9
8290,582,28
8291,66,10
8292,228,20
8293,1,3
8294,0,3
8295,0,3
8296,0,3
8297,171,19
8298,0,3
8299,0,3
8300,0,3
8301,34,10
8302,0,3
8303,175,25
8304,0,3
8305,18,6
8306,2,3
8307,172,19
8308,57,7
8309,252,27
8310,302,29
8311,0,3
8312,50,10
8313,0,3
8314,148,15
8315,43,8
8316,0,3
8317,197,26
8318,92,13
8319,18,7
8320,25,7
8321,212,21
8322,0,3
8323,100,14
8324,124,19
8325,54,11
8326,1,3
8327,112,18
8328,159,23
8329,0,3
8330,0,3
8331,1,3
8332,0,3
8333,108,21
8334,83,13
8335,132,19
8336,127,21
8337,12,4
8338,0,3
8339,1,3
8340,219,25
8341,20,7
8342,124,15
8343,0,3
8344,146,20
8345,0,3
8346,0,3
8347,62,4
8348,83,13
8349,159,24
8350,201,20
8351,0,3
8352,1,3
8353,1,3
8354,0,3
8355,0,3
8356,153,20
8357,116,21
8358,72,13
8359,134,17
8360,21,5
8361,0,3
8362,0,3
8363,119,16
8364,121,13
8365,114,16
8366,0,3
8367,127,15
8368,50,9
8369,71,12
8370,1,3
8371,130,19
8372,89,8
8373,133,17
8374,0,3
8375,111,14
8376,0,3
8377,0,3
8378,0,3
8379,0,3
8380,0,3
8381,0,3
8382,146,22
8383,0,3
8384,0,3
8385,189,13
8386,0,3
8387,29,9
8388,0,3
8389,0,3
8390,206,22
8391,1,3
8392,0,3
8393,93,12
8394,0,3
8395,204,23
8396,121,16
8397,158,21
8398,248,16
8399,0,3
8400,0,3
8401,0,3
8402,80,12
8403,95,17
8404,1,3
8405,0,3
8406,1,3
8407,179,14
8408,35,6
8409,0,3
8410,1,3
8411,1,3
8412,0,3
8413,190,22
8414,65,11
8415,87,14
8416,14,5
8417,0,3
8418,85,14
8419,130,17
8420,0,3
8421,0,3
8422,199,29
8423,116,11
8424,80,10
8425,0,3
8426,64,9
8427,0,3
8428,108,17
8429,0,3
8430,118,19
8431,65,12
8432,0,3
8433,0,3
8434,122,14
8435,0,3
8436,0,3
8437,0,3
8438,0,3
8439,153,20
8440,296,25
8441,138,20
8442,1,3
8443,0,3
8444,178,22
8445,176,20
8446,163,18
8447,0,3
8448,90,15
8449,116,16
8450,188,6
8451,0,3
8452,220,21
8453,66,10
8454,110,15
8455,76,12
8456,108,16
8457,71,16
8458,18,5
8459,0,3
8460,173,18
8461,81,10
8462,165,23
8463,196,25
8464,136,16
8465,161,16
8466,150,20
8467,143,8
8468,1,3
8469,37,5
8470,230,19
8471,99,12
8472,101,14
8473,109,15
8474,109,16
8475,104,15
8476,88,18
8477,215,29
8478,60,10
8479,0,3
8480,0,3
8481,0,3
8482,101,14
8483,94,20
8484,217,10
8485,140,13
8486,7,4
8487,174,25
8488,88,14
8489,109,18
8490,44,11
8491,142,16
8492,0,3
8493,0,3
8494,33,7
8495,58,12
8496,68,13
8497,70,11
8498,91,15
8499,113,14
8500,0,3
8501,57,10
8502,140,10
8503,191,24
8504,0,3
8505,237,26
8506,81,14
8507,97,12
8508,0,3
8509,89,15
8510,167,21
8511,0,3
8512,73,12
8513,73,13
8514,138,19
8515,70,11
8516,0,3
8517,87,16
8518,155,21
8519,33,6
8520,0,3
8521,145,25
8522,100,19
8523,13,4
8524,183,22
8525,0,3
8526,114,14
8527,0,3
8528,0,3
8529,0,3
8530,88,15
8531,63,12
8532,149,19
8533,111,16
8534,0,3
8535,1,3
8536,0,3
8537,109,18
8538,82,14
8539,0,3
8540,90,12
8541,0,3
8542,107,14
8543,0,3
8544,124,18
8545,80,12
8546,0,3
8547,0,3
8548,0,3
8549,3,3
8550,130,21
8551,108,15
8552,121,16
8553,74,13
8554,79,12
8555,0,3
8556,118,19
8557,141,19
8558,124,15
8559,148,19
8560,131,19
8561,0,3
8562,114,14
8563,139,20
8564,0,3
8565,223,31
8566,71,16
8567,187,22
8568,149,20
8569,128,22
8570,0,3
8571,128,21
8572,0,3
8573,96,14
8574,28,7
8575,0,3
8576,174,21
8577,101,3
8578,180,15
8579,0,3
8580,0,3
8581,0,3
8582,0,3
8583,140,18
8584,63,11
8585,124,20
8586,280,29
8587,223,24
8588,124,17
8589,195,20
8590,91,16
8591,82,12
8592,218,23
8593,88,10
8594,7,3
8595,0,3
8596,0,3
8597,305,21
8598,46,7
8599,0,3
8600,144,16
8601,132,16
8602,0,3
8603,0,3
8604,1000,2
8605,0,3
8606,0,3
8607,206,19
8608,221,22
8609,202,15
8610,77,14
8611,0,3
8612,0,3
8613,235,26
8614,1,3
8615,195,18
8616,0,3
8617,0,3
8618,2,3
8619,0,3
8620,58,12
8621,0,3
8622,0,3
8623,1,3
8624,62,12
8625,47,12
8626,146,18
8627,205,28
8628,0,3
8629,87,14
8630,0,3
8631,0,3
8632,47,6
8633,166,19
8634,200,16
8635,0,3
8636,1,3
8637,75,14
8638,0,3
8639,102,15
8640,48,8
8641,91,5
8642,0,3
8643,0,3
8644,151,21
8645,91,13
8646,0,3
8647,36,8
8648,42,7
8649,140,13
8650,0,3
8651,308,22
8652,0,3
8653,245,24
8654,1,3
8655,74,12
8656,132,19
8657,312,17
8658,50,10
8659,0,3
8660,156,23
8661,104,13
8662,24,8
8663,121,14
8664,0,3
8665,124,19
8666,69,9
8667,0,3
8668,87,13
8669,143,16
8670,39,6
8671,1,3
8672,326,14
8673,1,3
8674,122,24
8675,0,3
8676,48,6
8677,129,18
8678,0,3
8679,0,3
8680,92,14
8681,0,3
8682,154,20
8683,136,16
8684,206,22
8685,64,12
8686,426,27
8687,0,3
8688,53,10
8689,115,19
8690,181,22
8691,122,23
8692,0,3
8693,0,3
8694,2,3
8695,0,3
8696,120,11
8697,0,3
8698,62,13
8699,0,3
8700,0,3
8701,0,3
8702,123,16
8703,0,3
8704,0,3
8705,172,19
8706,47,9
8707,28,8
8708,241,28
8709,18,6
8710,198,18
8711,0,3
8712,0,3
8713,131,19
8714,11,4
8715,0,3
8716,0,3
8717,128,18
8718,94,20
8719,120,17
8720,193,19
8721,131,17
8722,239,24
8723,183,20
8724,207,21
8725,184,23
8726,83,14
8727,126,21
8728,218,30
8729,177,25
8730,1,3
8731,0,3
8732,178,26
8733,138,18
8734,140,16
8735,0,3
8736,1,2
8737,0,3
8738,440,17
8739,151,21
8740,175,22
8741,83,11
8742,107,16
8743,177,15
8744,250,20
8745,209,24
8746,1,3
8747,125,13
8748,0,3
8749,183,25
8750,0,3
8751,5,4
8752,119,20
8753,6,2
8754,105,16
8755,81,16
8756,38,6
8757,140,16
8758,163,24
8759,0,3
8760,213,11
8761,0,3
8762,196,13
8763,0,3
8764,250,18
8765,89,12
8766,24,8
8767,0,3
8768,90,13
8769,0,3
8770,0,3
8771,162,20
8772,69,13
8773,185,23
8774,96,13
8775,190,28
8776,124,15
8777,10,3
8778,1,3
8779,0,3
8780,164,16
8781,0,3
8782,193,17
8783,149,11
8784,71,8
8785,88,13
8786,0,3
8787,51,7
8788,0,3
8789,0,3
8790,0,3
8791,79,11
8792,156,21
8793,58,12
8794,25,6
8795,76,15
8796,0,3
8797,0,3
8798,1,3
8799,0,3
8800,63,10
8801,0,3
8802,51,10
8803,0,3
8804,148,19
8805,0,3
8806,0,3
8807,97,15
8808,146,16
8809,165,17
8810,14,5
8811,0,3
8812,170,22
8813,0,3
8814,112,18
8815,303,26
8816,211,20
8817,137,19
8818,140,26
8819,172,25
8820,0,3
8821,248,25
8822,187,21
8823,1,3
8824,1,3
8825,133,15
8826,0,3
8827,0,3
8828,0,3
8829,79,9
8830,0,3
8831,0,3
8832,0,3
8833,34,7
8834,169,19
8835,108,18
8836,0,3
8837,147,7
8838,190,23
8839,0,3
8840,1,3
8841,0,3
8842,0,3
8843,139,16
8844,1,3
8845,2,3
8846,89,15
8847,100,16
8848,6,3
8849,150,26
8850,0,3
8851,0,3
8852,180,21
8853,17,5
8854,0,3
8855,0,3
8856,38,6
8857,52,14
8858,203,21
8859,262,30
8860,28,5
8861,46,7
8862,141,13
8863,153,25
8864,20,4
8865,294,20
8866,0,3
8867,0,3
8868,6,4
8869,107,16
8870,0,3
8871,133,17
8872,37,8
8873,96,16
8874,79,14
8875,224,20
8876,215,22
8877,0,3
8878,55,12
8879,94,9
8880,2,2
8881,38,6
8882,0,3
8883,106,15
8884,106,17
8885,0,3
8886,161,18
8887,0,3
8888,0,3
8889,1,3
8890,135,17
8891,2,4
8892,0,3
8893,0,3
8894,54,12
8895,0,3
8896,0,3
8897,0,3
8898,219,20
8899,123,13
8900,65,12
8901,82,15
8902,90,11
8903,22,6
8904,96,15
8905,211,24
8906,160,20
8907,158,19
8908,147,14
8909,0,3
8910,157,17
8911,0,3
8912,0,3
8913,52,11
8914,181,19
8915,256,24
8916,174,23
8917,0,3
8918,0,3
8919,103,16
8920,76,15
8921,187,28
8922,0,3
8923,0,3
8924,79,11
8925,0,3
8926,0,3
8927,128,17
8928,0,3
8929,219,27
8930,0,3
8931,0,3
8932,191,19
8933,0,3
8934,32,6
8935,0,3
8936,174,21
8937,0,3
8938,0,3
8939,100,15
8940,79,12
8941,146,18
8942,108,12
8943,110,13
8944,0,3
8945,103,17
8946,201,12
8947,108,10
8948,0,3
8949,0,3
8950,292,32
8951,163,18
8952,1,3
8953,101,16
8954,0,3
8955,130,23
8956,107,18
8957,0,3
8958,114,15
8959,0,3
8960,114,15
8961,188,32
8962,129,11
8963,1,3
8964,148,19
8965,0,3
8966,194,19
8967,157,18
8968,101,15
8969,134,18
8970,112,13
8971,0,3
8972,182,28
8973,67,12
8974,115,17
8975,0,3
8976,0,3
8977,172,17
8978,0,3
8979,130,19
8980,139,18
8981,312,25
8982,0,3
8983,689,27
8984,173,21
8985,1,3
8986,197,28
8987,0,3
8988,130,18
8989,99,14
8990,0,3
8991,0,3
8992,13,3
8993,82,13
8994,191,23
8995,151,18
8996,226,25
8997,250,15
8998,133,17
8999,92,12
9000,0,3
9001,0,3
9002,196,19
9003,0,3
9004,94,17
9005,0,3
9006,1,3
9007,0,3
9008,143,16
9009,0,3
9010,0,3
9011,0,3
9012,0,3
9013,0,3
9014,125,20
9015,0,3
9016,80,11
9017,110,16
9018,192,25
9019,0,3
9020,151,18
9021,70,16
9022,0,3
9023,97,14
9024,0,3
9025,112,14
9026,77,17
9027,0,3
9028,0,3
9029,0,3
9030,0,3
9031,0,3
9032,166,30
9033,0,3
9034,230,22
9035,209,20
9036,0,3
9037,0,3
9038,0,3
9039,157,22
9040,9,4
9041,0,3
9042,0,3
9043,101,16
9044,0,3
9045,68,11
9046,206,21
9047,51,9
9048,104,18
9049,28,7
9050,0,3
9051,217,26
9052,0,3
9053,0,3
9054,210,19
9055,21,6
9056,161,23
9057,0,3
9058,192,23
9059,0,3
9060,141,20
9061,55,11
9062,0,3
9063,0,3
9064,95,16
9065,55,12
9066,64,8
9067,35,8
9068,124,17
9069,0,3
9070,298,31
9071,120,18
9072,0,3
9073,0,3
9074,202,29
9075,408,24
9076,0,3
9077,288,31
9078,0,3
9079,64,11
9080,325,18
9081,187,26
9082,87,14
9083,117,18
9084,0,3
9085,277,18
9086,0,3
9087,0,3
9088,0,3
9089,0,3
9090,62,12
9091,231,25
9092,0,3
9093,0,3
9094,0,3
9095,1,3
9096,0,3
9097,0,3
9098,0,3
9099,0,3
9100,155,21
9101,69,15
9102,0,3
9103,184,24
9104,143,21
9105,126,19
9106,0,3
9107,165,21
9108,0,3
9109,0,3
9110,0,3
9111,113,14
9112,0,3
9113,162,22
9114,52,11
9115,0,3
9116,1,3
9117,139,16
9118,107,15
9119,209,23
9120,14,6
9121,23,5
9122,0,3
9123,0,3
9124,0,3
9125,248,28
9126,1,3
9127,31,6
9128,73,9
9129,0,3
9130,83,13
9131,161,23
9132,0,3
9133,0,3
9134,0,3
9135,15,6
9136,0,3
9137,74,14
9138,104,13
9139,1,4
9140,166,22
9141,96,12
9142,76,15
9143,141,24
9144,150,17
9145,79,12
9146,69,11
9147,0,3
9148,0,3
9149,52,8
9150,95,16
9151,142,16
9152,144,17
9153,1,3
9154,0,3
9155,138,18
9156,103,19
9157,0,3
9158,1,3
9159,142,18
9160,139,17
9161,0,3
9162,116,21
9163,0,3
9164,80,16
9165,420,27
9166,80,16
9167,122,14
9168,255,29
9169,0,3
9170,202,24
9171,146,24
9172,106,13
9173,127,18
9174,49,8
9175,110,14
9176,0,3
9177,62,12
9178,0,3
9179,177,28
9180,0,3
9181,149,21
9182,0,3
9183,143,12
9184,0,3
9185,0,3
9186,116,20
9187,0,3
9188,82,15
9189,0,3
9190,0,3
9191,1,3
9192,180,19
9193,0,3
9194,193,20
9195,116,8
9196,0,3
9197,59,11
9198,28,7
9199,391,16
9200,337,17
9201,0,3
9202,0,3
9203,0,3
9204,64,11
9205,0,3
9206,246,30
9207,0,3
9208,0,3
9209,0,3
9210,230,26
9211,36,7
9212,87,16
9213,144,16
9214,42,9
9215,130,13
9216,0,3
9217,26,4
9218,0,3
9219,243,16
9220,168,22
9221,63,13
9222,73,15
9223,16,7
9224,76,11
9225,106,16
9226,0,3
9227,1,3
9228,85,16
9229,0,3
9230,0,3
9231,1,3
9232,60,9
9233,0,3
9234,132,17
9235,78,17
9236,0,3
9237,0,3
9238,128,19
9239,0,3
9240,0,3
9241,157,21
9242,0,3
9243,1,3
9244,134,16
9245,149,21
9246,160,15
9247,158,21
9248,40,7
9249,133,18
9250,154,20
9251,129,14
9252,174,18
9253,155,22
9254,97,15
9255,206,22
9256,46,11
9257,117,16
9258,79,13
9259,205,5
9260,0,3
9261,114,14
9262,0,3
9263,0,3
9264,48,4
9265,71,12
9266,85,15
9267,156,22
9268,114,16
9269,151,26
9270,0,3
9271,0,3
9272,165,13
9273,0,3
9274,0,3
9275,126,18
9276,0,3
9277,0,3
9278,0,3
9279,0,3
9280,232,29
9281,186,24
9282,172,24
9283,98,15
9284,1,3
9285,2,3
9286,25,6
9287,100,10
9288,0,3
9289,129,19
9290,0,3
9291,221,14
9292,265,19
9293,66,11
9294,136,20
9295,117,17
9296,12,6
9297,0,3
9298,0,3
9299,102,14
9300,206,25
9301,0,3
9302,136,19
9303,0,3
9304,122,22
9305,540,16
9306,95,16
9307,186,26
9308,83,8
9309,96,16
9310,156,20
9311,0,3
9312,0,3
9313,205,21
9314,192,22
9315,0,3
9316,98,14
9317,28,5
9318,0,3
9319,87,11
9320,67,10
9321,137,21
9322,0,3
9323,0,3
9324,92,10
9325,137,20
9326,0,3
9327,0,3
9328,0,3
9329,298,32
9330,79,12
9331,0,3
9332,0,3
9333,77,14
9334,120,17
9335,109,12
9336,73,11
9337,1,3
9338,85,13
9339,153,18
9340,99,13
9341,0,3
9342,0,3
9343,0,3
9344,58,9
9345,130,20
9346,0,3
9347,109,13
9348,116,18
9349,17,6
9350,0,3
9351,0,3
9352,81,12
9353,73,10
9354,379,23
9355,66,10
9356,188,23
9357,0,3
9358,0,3
9359,159,20
9360,262,20
9361,0,3
9362,71,11
9363,0,3
9364,85,17
9365,120,14
9366,228,18
9367,47,8
9368,77,10
9369,0,3
9370,149,20
9371,189,19
9372,0,3
9373,189,20
9374,0,3
9375,0,3
9376,0,3
9377,143,19
9378,0,3
9379,0,3
9380,182,25
9381,0,3
9382,40,5
9383,45,10
9384,220,26
9385,133,15
9386,0,3
9387,111,20
9388,24,6
9389,0,3
9390,115,12
9391,0,3
9392,98,15
9393,0,3
9394,138,23
9395,212,21
9396,123,14
9397,177,18
9398,134,21
9399,104,16
9400,0,3
9401,0,3
9402,0,3
9403,134,18
9404,130,19
9405,0,3
9406,0,3
9407,142,21
9408,39,9
9409,196,23
9410,0,3
9411,19,5
9412,0,3
9413,186,28
9414,85,17
9415,209,16
9416,123,18
9417,0,3
9418,138,17
9419,0,3
9420,0,3
9421,0,3
9422,226,25
9423,147,22
9424,165,20
9425,61,10
9426,1,3
9427,0,3
9428,142,22
9429,120,18
9430,0,3
9431,105,17
9432,138,21
9433,1,3
9434,112,19
9435,135,24
9436,0,3
9437,66,12
9438,96,16
9439,0,3
9440,190,24
9441,28,7
9442,80,13
9443,132,20
9444,143,27
9445,0,3
9446,0,3
9447,194,26
9448,0,3
9449,164,19
9450,0,3
9451,51,8
9452,101,12
9453,159,27
9454,0,3
9455,0,3
9456,61,13
9457,71,15
9458,1,3
9459,0,3
9460,84,18
9461,0,3
9462,107,12
9463,146,28
9464,193,30
9465,90,15
9466,0,3
9467,144,20
9468,0,3
9469,141,16
9470,58,12
9471,1,3
9472,1,3
9473,236,26
9474,93,14
9475,207,18
9476,152,20
9477,164,19
9478,76,12
9479,0,3
9480,0,3
9481,273,23
9482,216,28
9483,164,21
9484,1,3
9485,117,17
9486,127,16
9487,152,21
9488,0,3
9489,47,12
9490,0,3
9491,181,24
9492,120,19
9493,116,14
9494,164,19
9495,0,3
9496,0,3
9497,155,27
9498,1,3
9499,110,16
9500,186,20
9501,114,14
9502,138,17
9503,186,23
9504,188,19
9505,101,15
9506,142,17
9507,34,6
9508,107,21
9509,0,3
9510,0,3
9511,0,3
9512,0,3
9513,148,20
9514,0,3
9515,0,3
9516,0,3
9517,0,3
9518,0,3
9519,0,3
9520,42,5
9521,81,16
9522,274,26
9523,202,21
9524,0,3
9525,0,3
9526,203,23
9527,0,3
9528,74,12
9529,140,21
9530,207,24
9531,106,15
9532,0,3
9533,0,3
9534,275,28
9535,0,3
9536,146,22
9537,202,18
9538,85,14
9539,161,17
9540,0,3
9541,123,12
9542,0,3
9543,1,3
9544,0,3
9545,218,19
9546,165,22
9547,117,20
9548,0,3
9549,190,16
9550,180,27
9551,96,11
9552,195,23
9553,128,16
9554,102,14
9555,0,3
9556,100,18
9557,103,11
9558,102,16
9559,0,3
9560,123,16
9561,210,28
9562,133,20
9563,269,28
9564,61,12
9565,35,7
9566,0,3
9567,56,10
9568,0,3
9569,0,3
9570,0,3
9571,0,3
9572,1,3
9573,165,23
9574,68,11
9575,1,3
9576,269,29
9577,1,3
9578,0,3
9579,134,20
9580,0,3
9581,69,10
9582,1,3
9583,0,3
9584,0,3
9585,202,26
9586,168,19
9587,0,3
9588,232,34
9589,288,17
9590,0,3
9591,233,24
9592,0,3
9593,102,16
9594,0,3
9595,67,10
9596,229,25
9597,0,3
9598,214,26
9599,99,15
9600,109,13
9601,153,21
9602,130,20
9603,0,3
9604,0,3
9605,0,3
9606,0,3
9607,110,17
9608,77,16
9609,234,24
9610,243,27
9611,0,3
9612,133,20
9613,190,24
9614,176,22
9615,88,10
9616,0,3
9617,165,19
9618,139,18
9619,0,3
9620,138,14
9621,125,19
9622,0,3
9623,156,18
9624,100,17
9625,126,17
9626,0,3
9627,0,3
9628,70,10
9629,106,15
9630,0,3
9631,0,3
9632,0,3
9633,0,3
9634,74,11
9635,129,20
9636,0,3
9637,133,22
9638,70,15
9639,92,15
9640,185,22
9641,0,3
9642,0,3
9643,140,21
9644,0,3
9645,139,18
9646,141,21
9647,0,3
9648,184,23
9649,167,16
9650,3,3
9651,105,14
9652,408,5
9653,3,3
9654,0,3
9655,0,3
9656,438,16
9657,0,3
9658,45,8
9659,201,19
9660,130,9
9661,78,10
9662,1,3
9663,160,17
9664,110,15
9665,134,19
9666,1,3
9667,148,20
9668,1,3
9669,189,20
9670,54,11
9671,211,28
9672,100,15
9673,115,20
9674,0,3
9675,226,23
9676,355,17
9677,0,3
9678,359,23
9679,271,25
9680,0,3
9681,0,3
9682,248,19
9683,144,16
9684,1,3
9685,183,18
9686,0,3
9687,93,15
9688,0,3
9689,202,22
9690,0,3
9691,0,3
9692,3,3
9693,0,3
9694,201,22
9695,198,26
9696,184,23
9697,134,16
9698,0,3
9699,145,21
9700,132,17
9701,141,21
9702,65,12
9703,109,14
9704,130,15
9705,138,21
9706,126,15
9707,0,3
9708,245,24
9709,41,10
9710,179,20
9711,75,18
9712,245,26
9713,0,3
9714,0,3
9715,0,3
9716,196,16
9717,119,13
9718,19,6
9719,159,19
9720,243,23
9721,0,3
9722,0,3
9723,117,15
9724,0,3
9725,0,3
9726,153,20
9727,0,3
9728,0,3
9729,1,3
9730,259,32
9731,1,3
9732,0,3
9733,10,4
9734,138,15
9735,0,3
9736,262,25
9737,1,3
9738,285,25
9739,223,22
9740,0,3
9741,296,37
9742,0,3
9743,99,18
9744,0,3
9745,0,3
9746,0,3
9747,168,19
9748,1,3
9749,99,5
9750,112,14
9751,0,3
9752,0,3
9753,0,3
9754,0,3
9755,22,9
9756,147,23
9757,88,17
9758,0,3
9759,156,26
9760,124,18
9761,0,3
9762,192,22
9763,267,31
9764,72,14
9765,2,3
9766,99,16
9767,0,3
9768,0,3
9769,1,3
9770,47,11
9771,166,16
9772,109,22
9773,0,3
9774,1,3
9775,75,12
9776,133,21
9777,283,16
9778,168,16
9779,188,23
9780,1,3
9781,0,3
9782,0,3
9783,155,24
9784,0,3
9785,0,3
9786,0,3
9787,379,18
9788,1,3
9789,209,24
9790,0,3
9791,157,18
9792,152,19
9793,212,25
9794,0,3
9795,282,27
9796,135,27
9797,0,3
9798,162,21
9799,95,19
9800,0,3
9801,232,32
9802,0,3
9803,313,36
9804,383,25
9805,0,3
9806,110,14
9807,0,3
9808,128,19
9809,153,18
9810,32,7
9811,84,15
9812,0,3
9813,0,3
9814,0,3
9815,0,3
9816,160,23
9817,148,24
9818,204,19
9819,0,3
9820,129,17
9821,0,3
9822,0,3
9823,153,25
9824,193,21
9825,0,3
9826,0,3
9827,0,3
9828,549,21
9829,0,3
9830,0,3
9831,0,3
9832,0,3
9833,14,4
9834,0,3
9835,141,21
9836,30,7
9837,203,25
9838,0,3
9839,38,8
9840,106,13
9841,0,3
9842,140,17
9843,0,3
9844,137,21
9845,175,24
9846,254,24
9847,1,3
9848,252,34
9849,0,3
9850,372,23
9851,186,28
9852,196,19
9853,0,3
9854,106,15
9855,158,19
9856,151,23
9857,414,17
9858,236,18
9859,0,3
9860,115,18
9861,88,9
9862,196,25
9863,0,3
9864,64,8
9865,30,6
9866,232,27
9867,157,21
9868,0,3
9869,128,20
9870,72,12
9871,235,25
9872,142,19
9873,224,24
9874,0,3
9875,301,17
9876,0,3
9877,0,3
9878,1,4
9879,0,3
9880,0,3
9881,232,28
9882,0,3
9883,25,5
9884,140,16
9885,0,3
9886,0,3
9887,253,33
9888,0,3
9889,231,28
9890,179,22
9891,37,6
9892,0,3
9893,27,5
9894,148,20
9895,0,3
9896,213,23
9897,0,3
9898,0,3
9899,0,3
9900,0,3
9901,0,3
9902,0,3
9903,278,29
9904,0,3
9905,0,3
9906,87,13
9907,46,11
9908,209,25
9909,0,3
9910,0,3
9911,182,20
9912,0,3
9913,0,3
9914,145,19
9915,86,17
9916,145,20
9917,152,24
9918,0,3
9919,201,26
9920,122,16
9921,0,3
9922,1,3
9923,0,3
9924,100,17
9925,0,3
9926,128,18
9927,203,25
9928,0,3
9929,0,3
9930,209,21
9931,79,12
9932,165,23
9933,159,21
9934,213,20
9935,157,24
9936,114,12
9937,168,23
9938,204,31
9939,0,3
9940,193,20
9941,0,3
9942,212,27
9943,81,15
9944,140,19
9945,181,20
9946,0,3
9947,0,3
9948,0,3
9949,106,14
9950,65,15
9951,1,3
9952,3,3
9953,119,17
9954,0,3
9955,66,10
9956,221,24
9957,174,22
9958,146,16
9959,170,26
9960,0,3
9961,127,13
9962,0,3
9963,147,17
9964,130,17
9965,26,6
9966,144,21
9967,0,3
9968,0,3
9969,0,3
9970,192,23
9971,96,16
9972,184,20
9973,0,3
9974,95,15
9975,220,22
9976,133,20
9977,119,19
9978,27,10
9979,1,3
9980,0,3
9981,0,3
9982,119,19
9983,120,17
9984,124,15
9985,0,3
9986,57,11
9987,0,3
9988,2,3
9989,0,3
9990,187,21
9991,116,18
9992,74,12
9993,0,3
9994,0,3
9995,145,19
9996,83,12
9997,254,24
9998,0,3
9999,74,13
10000,2,3
10001,0,3
10002,0,3
10003,0,3
10004,0,3
10005,165,20
10006,1,2
10007,203,33
10008,0,3
10009,151,20
10010,0,3
10011,0,3
10012,0,3
10013,110,18
10014,193,28
10015,282,29
10016,43,8
10017,150,19
10018,0,3
10019,128,20
10020,182,27
10021,0,3
10022,0,3
10023,0,3
10024,0,3
10025,0,3
10026,0,3
10027,0,3
10028,0,3
10029,565,15
10030,207,24
10031,0,3
10032,173,19
10033,178,22
10034,145,24
10035,45,12
10036,252,32
10037,166,21
10038,222,26
10039,146,22
10040,0,3
10041,43,10
10042,0,3
10043,434,31
10044,187,27
10045,0,3
10046,101,16
10047,150,21
10048,101,16
10049,1,3
10050,191,20
10051,96,16
10052,255,31
10053,49,11
10054,1000,9
10055,322,30
10056,93,19
10057,205,25
10058,118,17
10059,27,7
10060,0,3
10061,329,34
10062,153,17
10063,52,10
10064,154,20
10065,0,3
10066,52,10
10067,202,29
10068,0,3
10069,0,3
10070,112,15
10071,0,3
10072,133,14
10073,0,3
10074,0,3
10075,45,10
10076,0,3
10077,258,34
10078,0,3
10079,0,3
10080,216,25
10081,239,27
10082,0,3
10083,0,3
10084,94,15
10085,113,15
10086,100,15
10087,227,31
10088,0,3
10089,0,3
10090,246,23
10091,118,17
10092,0,3
10093,46,12
10094,250,33
10095,87,13
10096,193,28
10097,236,27
10098,275,28
10099,0,3
10100,145,18
10101,25,5
10102,111,13
10103,191,25
10104,174,27
10105,167,20
10106,115,20
10107,0,3
10108,0,3
10109,0,3
10110,0,3
10111,0,3
10112,138,16
10113,170,23
10114,171,20
10115,153,19
10116,183,23
10117,166,22
10118,227,27
10119,0,3
10120,0,3
10121,146,19
10122,0,3
10123,118,15
10124,1,3
10125,187,28
10126,161,24
10127,0,3
10128,146,21
10129,0,3
10130,37,8
10131,139,19
10132,0,3
10133,179,25
10134,170,25
10135,0,3
10136,417,24
10137,161,22
10138,1,3
10139,197,22
10140,117,10
10141,224,32
10142,0,3
10143,208,23
10144,127,7
10145,0,3
10146,0,3
10147,118,16
10148,178,19
10149,121,14
10150,144,18
10151,100,18
10152,355,17
10153,105,15
10154,142,18
10155,144,23
10156,0,3
10157,152,15
10158,217,17
10159,0,3
10160,0,3
10161,77,9
10162,0,3
10163,0,3
10164,275,30
10165,141,23
10166,0,3
10167,1,3
10168,148,19
10169,214,25
10170,0,3
10171,298,30
10172,243,25
10173,0,3
10174,262,33
10175,211,21
10176,616,16
10177,187,24
10178,0,3
10179,253,28
10180,200,25
10181,1,3
10182,0,3
10183,222,29
10184,143,18
10185,250,30
10186,0,3
10187,94,15
10188,165,23
10189,179,17
10190,128,19
10191,197,28
10192,170,26
10193,242,26
10194,174,21
10195,114,20
10196,2,3
10197,0,3
10198,102,18
10199,0,3
10200,0,3
10201,0,3
10202,209,30
10203,0,3
10204,197,26
10205,131,23
10206,0,3
10207,722,32
10208,0,3
10209,190,24
10210,168,22
10211,1,3
10212,0,3
10213,215,17
10214,222,30
10215,158,21
10216,109,16
10217,0,3
10218,170,25
10219,0,3
10220,331,19
10221,129,24
10222,39,9
10223,81,18
10224,224,22
10225,218,30
10226,119,12
10227,0,3
10228,89,18
10229,192,31
10230,1,3
10231,0,3
10232,0,3
10233,128,19
10234,37,10
10235,0,3
10236,138,17
10237,170,25
10238,190,23
10239,0,3
10240,101,16
10241,166,20
10242,92,17
10243,425,21
10244,0,3
10245,420,30
10246,156,19
10247,221,17
10248,136,17
10249,0,3
10250,216,24
10251,222,27
10252,80,16
10253,42,10
10254,117,16
10255,219,26
10256,1,4
10257,175,27
10258,155,21
10259,95,16
10260,204,23
10261,0,3
10262,0,3
10263,146,20
10264,20,5
10265,256,27
10266,142,19
10267,130,21
10268,118,18
10269,0,3
10270,0,3
10271,112,20
10272,126,15
10273,85,14
10274,230,24
10275,128,23
10276,0,3
10277,147,18
10278,175,29
10279,155,22
10280,294,19
10281,0,3
10282,272,28
10283,0,3
10284,159,18
10285,225,23
10286,15,6
10287,118,17
10288,0,3
10289,371,20
10290,53,5
10291,165,22
10292,152,19
10293,2,3
10294,0,3
10295,0,3
10296,206,32
10297,0,3
10298,0,3
10299,126,19
10300,0,3
10301,93,18
10302,0,3
10303,0,3
10304,231,22
10305,210,27
10306,199,22
10307,92,17
10308,1,3
10309,0,3
10310,165,20
10311,0,3
10312,120,17
10313,0,3
10314,1,3
10315,0,3
10316,0,3
10317,175,22
10318,125,14
10319,0,3
10320,122,19
10321,171,19
10322,232,28
10323,0,3
10324,146,19
10325,0,3
10326,0,3
10327,109,18
10328,0,3
10329,2,3
10330,0,3
10331,0,3
10332,1,3
10333,124,25
10334,230,21
10335,0,3
10336,191,21
10337,28,7
10338,70,15
10339,202,22
10340,0,3
10341,0,3
10342,172,25
10343,207,26
10344,213,22
10345,0,3
10346,0,3
10347,111,15
10348,70,12
10349,283,30
10350,206,29
10351,0,3
10352,0,3
10353,168,25
10354,0,3
10355,110,13
10356,1,3
10357,0,3
10358,0,3
10359,0,3
10360,189,25
10361,234,27
10362,132,18
10363,0,3
10364,70,12
10365,0,3
10366,134,22
10367,93,14
10368,0,3
10369,190,28
10370,173,21
10371,138,18
10372,163,27
10373,99,18
10374,0,3
10375,213,27
10376,204,30
10377,0,3
10378,160,20
10379,0,3
10380,156,22
10381,0,3
10382,688,25
10383,31,7
10384,0,3
10385,176,17
10386,0,3
10387,106,20
10388,0,3
10389,111,21
10390,187,27
10391,197,27
10392,115,10
10393,125,18
10394,1,3
10395,276,28
10396,134,18
10397,166,16
10398,148,18
10399,121,18
10400,119,20
10401,0,3
10402,0,3
10403,220,26
10404,66,9
10405,0,3
10406,226,25
10407,0,3
10408,0,3
10409,167,23
10410,146,18
10411,177,23
10412,143,16
10413,224,18
10414,146,19
10415,143,20
10416,250,36
10417,0,3
10418,1,3
10419,187,25
10420,82,15
10421,233,29
10422,210,25
10423,2,3
10424,140,22
10425,0,3
10426,86,17
10427,235,27
10428,104,15
10429,266,33
10430,105,17
10431,0,3
10432,0,3
10433,157,20
10434,122,12
10435,0,3
10436,209,24
10437,144,16
10438,192,19
10439,176,23
10440,156,24
10441,157,19
10442,226,29
10443,0,3
10444,247,28
10445,0,3
10446,0,3
10447,61,11
10448,0,3
10449,134,12
10450,0,3
10451,0,3
10452,0,3
10453,297,35
10454,0,3
10455,232,32
10456,279,36
10457,174,25
10458,170,20
10459,54,10
10460,165,24
10461,0,3
10462,169,23
10463,107,17
10464,0,3
10465,260,32
10466,191,24
10467,122,18
10468,0,3
10469,40,9
10470,227,28
10471,237,24
10472,105,15
10473,90,13
10474,0,3
10475,146,22
10476,99,13
10477,0,3
10478,0,3
10479,249,22
10480,149,14
10481,101,16
10482,1,3
10483,174,29
10484,0,3
10485,0,3
10486,104,16
10487,148,14
10488,2,3
10489,160,18
10490,0,3
10491,253,29
10492,22,6
10493,0,3
10494,220,19
10495,177,29
10496,0,3
10497,113,17
10498,244,31
10499,123,19
10500,121,15
10501,153,22
10502,227,27
10503,92,14
10504,0,3
10505,169,26
10506,194,26
10507,216,27
10508,246,31
10509,324,31
10510,0,3
10511,186,20
10512,0,3
10513,80,12
10514,0,3
10515,0,3
10516,411,24
10517,0,3
10518,0,3
10519,85,11
10520,223,28
10521,0,3
10522,100,17
10523,0,3
10524,97,13
10525,135,19
10526,0,3
10527,28,7
10528,216,22
10529,1,3
10530,67,13
10531,177,25
10532,162,19
10533,0,3
10534,0,3
10535,0,3
10536,137,20
10537,0,3
10538,113,17
10539,137,20
10540,93,18
10541,142,21
10542,127,16
10543,161,22
10544,610,17
10545,104,15
10546,515,22
10547,62,13
10548,0,3
10549,35,8
10550,164,19
10551,169,21
10552,134,13
10553,0,3
10554,173,20
10555,205,30
10556,0,3
10557,168,28
10558,189,31
10559,0,3
10560,2,3
10561,2,3
10562,158,21
10563,88,17
10564,0,3
10565,165,30
10566,0,3
10567,297,31
10568,0,3
10569,236,32
10570,227,23
10571,253,30
10572,0,3
10573,237,26
10574,0,3
10575,0,3
10576,318,28
10577,458,28
10578,6,3
10579,197,21
10580,0,3
10581,176,24
10582,0,3
10583,155,19
10584,0,3
10585,0,3
10586,0,3
10587,0,3
10588,0,3
10589,146,20
10590,1,3
10591,133,20
10592,127,16
10593,0,3
10594,0,3
10595,211,27
10596,0,3
10597,167,28
10598,0,3
10599,0,3
10600,284,30
10601,221,23
10602,221,27
10603,1,3
10604,0,3
10605,144,21
10606,215,28
10607,159,19
10608,186,15
10609,0,3
10610,0,3
10611,125,23
10612,171,24
10613,193,28
10614,0,3
10615,266,28
10616,0,3
10617,0,3
10618,1,3
10619,193,24
10620,262,30
10621,0,3
10622,126,17
10623,159,25
10624,0,3
10625,124,12
10626,211,26
10627,190,26
10628,0,3
10629,0,3
10630,547,32
10631,125,17
10632,51,9
10633,0,3
10634,155,22
10635,264,25
10636,0,3
10637,13,5
10638,194,23
10639,0,3
10640,165,20
10641,96,15
10642,0,3
10643,146,21
10644,225,24
10645,91,15
10646,185,28
10647,250,25
10648,217,26
10649,93,14
10650,0,3
10651,0,3
10652,122,13
10653,0,3
10654,144,19
10655,201,21
10656,142,22
10657,185,25
10658,0,3
10659,155,21
10660,0,3
10661,153,22
10662,0,3
10663,188,26
10664,187,25
10665,214,31
10666,0,3
10667,0,3
10668,183,25
10669,303,31
10670,227,20
10671,268,29
10672,0,3
10673,158,25
10674,162,20
10675,116,17
10676,0,3
10677,162,18
10678,0,3
10679,170,22
10680,120,16
10681,0,3
10682,0,3
10683,112,16
10684,220,25
10685,183,25
10686,0,3
10687,66,7
10688,0,3
10689,0,3
10690,0,3
10691,0,3
10692,0,3
10693,110,15
10694,0,3
10695,0,3
10696,0,3
10697,163,21
10698,179,21
10699,0,3
10700,0,3
10701,0,3
10702,0,3
10703,200,23
10704,181,20
10705,119,20
10706,0,3
10707,49,10
10708,398,23
10709,108,16
10710,0,3
10711,0,3
10712,0,3
10713,0,3
10714,152,25
10715,67,13
10716,287,24
10717,135,17
10718,149,21
10719,84,14
10720,151,21
10721,57,11
10722,207,29
10723,93,21
10724,0,3
10725,0,3
10726,0,3
10727,248,34
10728,186,25
10729,179,25
10730,155,20
10731,233,22
10732,1,3
10733,0,3
10734,923,26
10735,48,13
10736,216,29
10737,248,29
10738,1,3
10739,0,3
10740,173,5
10741,0,3
10742,246,33
10743,15,6
10744,146,22
10745,2,3
10746,150,26
10747,240,27
10748,0,3
10749,0,3
10750,205,30
10751,141,19
10752,256,24
10753,95,13
10754,237,30
10755,0,3
10756,125,15
10757,0,3
10758,0,3
10759,294,32
10760,0,3
10761,228,26
10762,122,18
10763,137,21
10764,163,29
10765,223,23
10766,0,3
10767,25,5
10768,0,3
10769,0,3
10770,1,3
10771,0,3
10772,190,22
10773,0,3
10774,0,3
10775,261,27
10776,114,18
10777,172,22
10778,109,16
10779,0,3
10780,0,3
10781,175,20
10782,395,27
10783,0,3
10784,0,3
10785,232,31
10786,197,23
10787,0,3
10788,253,25
10789,0,3
10790,0,3
10791,0,3
10792,206,18
10793,395,26
10794,19,6
10795,209,23
10796,194,24
10797,121,14
10798,0,3
10799,194,25
10800,186,22
10801,0,3
10802,124,17
10803,117,16
10804,0,3
10805,158,24
10806,195,29
10807,0,3
10808,100,17
10809,0,3
10810,165,25
10811,363,32
10812,0,3
10813,206,26
10814,285,29
10815,213,29
10816,0,3
10817,0,3
10818,238,32
10819,156,19
10820,212,32
10821,197,27
10822,141,21
10823,189,26
10824,247,28
10825,0,3
10826,64,4
10827,72,11
10828,0,3
10829,0,3
10830,197,19
10831,0,3
10832,182,32
10833,270,20
10834,286,28
10835,0,3
10836,0,3
10837,2,3
10838,0,3
10839,141,19
10840,0,3
10841,209,25
10842,126,19
10843,195,21
10844,174,28
10845,169,19
10846,193,21
10847,0,3
10848,66,14
10849,0,3
10850,252,28
10851,0,3
10852,176,19
10853,164,24
10854,129,18
10855,287,24
10856,0,3
10857,290,34
10858,0,3
10859,0,3
10860,139,21
10861,118,19
10862,0,3
10863,0,3
10864,204,16
10865,158,22
10866,206,22
10867,166,23
10868,0,3
10869,0,3
10870,0,3
10871,0,3
10872,95,16
10873,16,5
10874,0,3
10875,179,24
10876,21,6
10877,161,18
10878,0,3
10879,0,3
10880,90,18
10881,220,27
10882,338,32
10883,0,3
10884,199,30
10885,0,3
10886,0,3
10887,150,23
10888,216,30
10889,0,3
10890,0,3
10891,209,26
10892,0,3
10893,162,21
10894,0,3
10895,182,22
10896,216,22
10897,36,10
10898,0,3
10899,0,3
10900,0,3
10901,282,29
10902,222,21
10903,303,20
10904,164,22
10905,120,15
10906,0,3
10907,154,22
10908,205,26
10909,213,23
10910,139,19
10911,0,3
10912,186,21
10913,0,3
10914,0,3
10915,176,21
10916,315,36
10917,0,3
10918,193,27
10919,164,27
10920,0,3
10921,417,29
10922,360,23
10923,69,8
10924,0,3
10925,0,3
10926,139,23
10927,115,15
10928,108,21
10929,0,3
10930,149,21
10931,223,26
10932,165,22
10933,213,27
10934,93,14
10935,0,3
10936,0,3
10937,1,3
10938,0,3
10939,0,3
10940,0,3
10941,166,24
10942,665,23
10943,260,31
10944,0,3
10945,0,3
10946,180,28
10947,0,3
10948,252,26
10949,0,3
10950,0,3
10951,0,3
10952,436,22
10953,0,3
10954,249,28
10955,192,25
10956,233,27
10957,0,3
10958,0,3
10959,194,30
10960,122,18
10961,338,17
10962,227,29
10963,185,26
10964,137,15
10965,1,3
10966,153,15
10967,0,3
10968,308,16
10969,0,3
10970,129,21
10971,0,3
10972,0,3
10973,0,3
10974,199,23
10975,139,22
10976,0,3
10977,0,3
10978,234,30
10979,28,7
10980,329,34
10981,182,28
10982,0,3
10983,0,3
10984,0,3
10985,0,3
10986,0,3
10987,222,32
10988,100,15
10989,0,3
10990,303,32
10991,146,24
10992,141,20
10993,149,20
10994,0,3
10995,166,22
10996,0,3
10997,224,28
10998,0,3
10999,182,24
11000,0,3
11001,2,3
11002,0,3
11003,0,3
11004,0,3
11005,0,3
11006,281,26
11007,99,16
11008,122,22
11009,115,19
11010,183,21
11011,1,3
11012,160,25
11013,216,29
11014,205,31
11015,94,17
11016,122,17
11017,398,14
11018,181,25
11019,210,26
11020,283,29
11021,92,18
11022,220,26
11023,134,17
11024,0,3
11025,153,26
11026,0,3
11027,1,3
11028,505,23
11029,279,30
11030,146,24
11031,120,20
11032,157,20
11033,0,3
11034,194,23
11035,213,29
11036,108,19
11037,0,3
11038,343,22
11039,254,34
11040,279,29
11041,0,3
11042,0,3
11043,0,3
11044,0,3
11045,25,7
11046,83,15
11047,131,20
11048,154,23
11049,0,3
11050,0,3
11051,221,23
11052,65,10
11053,116,19
11054,0,3
11055,251,26
11056,194,24
11057,335,15
11058,157,28
11059,354,16
11060,228,29
11061,14,5
11062,207,18
11063,0,3
11064,254,26
11065,0,3
11066,0,3
11067,124,18
11068,0,3
11069,0,3
11070,771,33
11071,0,3
11072,0,3
11073,86,15
11074,3,3
11075,0,3
11076,1,3
11077,176,21
11078,0,3
11079,168,23
11080,0,3
11081,0,3
11082,24,6
11083,0,3
11084,228,26
11085,0,3
11086,0,3
11087,60,11
11088,136,15
11089,191,24
11090,0,3
11091,0,3
11092,0,3
11093,0,3
11094,202,22
11095,240,29
11096,0,3
11097,164,18
11098,172,26
11099,0,3
11100,208,6
11101,1,3
11102,70,14
11103,0,3
11104,286,28
11105,204,20
11106,0,3
11107,58,12
11108,244,27
11109,267,29
11110,554,21
11111,157,22
11112,0,3
11113,139,16
11114,0,3
11115,170,23
11116,0,3
11117,199,30
11118,89,15
11119,0,3
11120,0,3
11121,190,17
11122,0,3
11123,178,24
11124,175,24
11125,264,31
11126,0,3
11127,0,3
11128,113,17
11129,202,29
11130,161,22
11131,85,13
11132,195,27
11133,0,3
11134,9,5
11135,0,3
11136,267,23
11137,116,10
11138,44,10
11139,142,19
11140,131,17
11141,0,3
11142,195,28
11143,12,4
11144,233,32
11145,589,31
11146,0,3
11147,0,3
11148,0,3
11149,0,3
11150,0,3
11151,0,3
11152,192,24
11153,0,3
11154,147,17
11155,154,26
11156,0,3
11157,248,30
11158,0,3
11159,173,25
11160,0,3
11161,150,18
11162,0,3
11163,121,18
11164,77,18
11165,0,3
11166,234,32
11167,185,23
11168,182,26
11169,223,25
11170,0,3
11171,0,3
11172,207,22
11173,22,4
11174,0,3
11175,247,8
11176,273,24
11177,62,14
11178,0,3
11179,97,15
11180,314,39
11181,111,14
11182,0,3
11183,173,23
11184,0,3
11185,77,9
11186,124,17
11187,201,24
11188,0,3
11189,145,17
11190,0,3
11191,0,3
11192,219,27
11193,0,3
11194,157,21
11195,0,3
11196,0,3
11197,232,26
11198,0,3
11199,0,3
11200,146,20
11201,129,15
11202,278,19
11203,140,23
11204,441,27
11205,118,16
11206,146,18
11207,234,35
11208,0,3
11209,183,25
11210,0,3
11211,123,13
11212,223,32
11213,88,14
11214,262,28
11215,246,21
11216,150,19
11217,229,25
11218,0,3
11219,0,3
11220,212,23
11221,198,28
11222,176,25
11223,172,21
11224,251,27
11225,173,24
11226,0,3
11227,145,19
11228,173,19
11229,0,3
11230,0,3
11231,207,20
11232,0,3
11233,137,20
11234,1,3
11235,0,3
11236,132,22
11237,637,27
11238,161,22
11239,341,14
11240,0,3
11241,135,20
11242,0,3
11243,0,3
11244,286,31
11245,251,33
11246,0,3
11247,269,25
11248,222,30
11249,0,3
11250,0,3
11251,0,3
11252,124,17
11253,157,17
11254,0,3
11255,0,3
11256,0,3
11257,0,3
11258,240,21
11259,368,20
11260,1,3
11261,0,3
11262,0,3
11263,141,17
11264,160,21
11265,1,3
11266,182,20
11267,0,3
11268,0,3
11269,288,12
11270,0,3
11271,0,3
11272,0,3
11273,0,3
11274,146,19
11275,197,27
11276,172,22
11277,1,3
11278,170,32
11279,0,3
11280,0,3
11281,117,15
11282,217,20
11283,232,29
11284,0,3
11285,217,31
11286,157,17
11287,1,3
11288,221,25
11289,0,3
11290,0,3
11291,226,34
11292,0,3
11293,201,25
11294,0,3
11295,203,23
11296,90,17
11297,111,13
11298,238,26
11299,147,19
11300,125,17
11301,0,3
11302,74,11
11303,191,26
11304,0,3
11305,123,17
11306,56,13
11307,134,14
11308,0,3
11309,274,32
11310,0,3
11311,194,27
11312,155,21
11313,0,3
11314,178,24
11315,0,3
11316,1,3
11317,0,3
11318,159,18
11319,63,13
11320,160,23
11321,30,9
11322,0,3
11323,0,3
11324,0,3
11325,146,20
11326,184,30
11327,0,3
11328,0,3
11329,0,3
11330,210,29
11331,142,23
11332,370,18
11333,293,31
11334,269,26
11335,269,31
11336,294,13
11337,0,3
11338,15,4
11339,272,33
11340,0,3
11341,154,20
11342,0,3
11343,0,3
11344,0,3
11345,203,21
11346,0,3
11347,218,24
11348,404,29
11349,268,36
11350,0,3
11351,225,28
11352,181,22
11353,183,19
11354,218,27
11355,0,3
11356,96,13
11357,0,3
11358,144,19
11359,191,19
11360,88,16
11361,0,3
11362,191,29
11363,192,22
11364,0,3
11365,101,16
11366,160,24
11367,202,28
11368,260,33
11369,215,24
11370,398,26
11371,0,3
11372,156,19
11373,228,28
11374,90,14
11375,189,32
11376,71,10
11377,122,16
11378,231,35
11379,190,27
11380,218,29
11381,218,33
11382,219,28
11383,151,19
11384,0,3
11385,785,33
11386,0,3
11387,202,27
11388,0,3
11389,112,17
11390,141,19
11391,87,17
11392,172,22
11393,0,3
11394,150,23
11395,104,20
11396,139,26
11397,0,3
11398,167,17
11399,189,25
11400,741,26
11401,0,3
11402,142,24
11403,1,3
11404,0,3
11405,294,34
11406,202,26
11407,528,20
11408,0,3
11409,44,10
11410,301,33
11411,171,26
11412,0,3
11413,221,28
11414,0,3
11415,0,3
11416,409,19
11417,38,7
11418,186,28
11419,17,5
11420,29,7
11421,189,26
11422,0,3
11423,184,25
11424,53,10
11425,244,25
11426,0,3
11427,60,9
11428,206,24
11429,0,3
11430,230,29
11431,522,23
11432,0,3
11433,0,3
11434,90,14
11435,0,3
11436,121,20
11437,0,3
11438,0,3
11439,162,23
11440,176,27
11441,198,28
11442,143,18
11443,0,3
11444,0,3
11445,269,24
11446,212,34
11447,0,3
11448,241,31
11449,0,3
11450,193,24
11451,244,37
11452,370,33
11453,170,23
11454,205,23
11455,271,30
11456,368,27
11457,0,3
11458,195,26
11459,0,3
11460,0,3
11461,276,25
11462,0,3
11463,350,16
11464,0,3
11465,0,3
11466,0,3
11467,121,16
11468,332,17
11469,0,3
11470,212,25
11471,143,22
11472,238,27
11473,189,34
11474,221,29
11475,0,3
11476,0,3
11477,738,25
11478,0,3
11479,0,3
11480,0,3
11481,0,3
11482,0,3
11483,248,26
11484,256,35
11485,199,29
11486,0,3
11487,0,3
11488,237,25
11489,213,28
11490,141,20
11491,194,25
11492,86,16
11493,273,20
11494,140,21
11495,0,3
11496,0,3
11497,227,29
11498,0,3
11499,0,3
11500,0,3
11501,185,17
11502,0,3
11503,104,15
11504,0,3
11505,0,3
11506,0,3
11507,22,6
11508,187,23
11509,0,3
11510,0,3
11511,154,25
11512,124,15
11513,91,14
11514,0,3
11515,182,17
11516,0,3
11517,571,31
11518,0,3
11519,0,3
11520,44,10
11521,0,3
11522,140,22
11523,0,3
11524,1,4
11525,187,26
11526,184,23
11527,92,15
11528,116,16
11529,163,18
11530,68,12
11531,0,3
11532,123,19
11533,0,3
11534,0,3
11535,282,39
11536,161,23
11537,0,3
11538,141,21
11539,105,16
11540,149,21
11541,215,33
11542,392,29
11543,166,25
11544,154,16
11545,78,17
11546,217,30
11547,173,29
11548,136,22
11549,83,8
11550,101,11
11551,373,31
11552,0,3
11553,146,21
11554,77,13
11555,213,23
11556,0,3
11557,71,15
11558,77,10
11559,138,19
11560,249,31
11561,264,26
11562,0,3
11563,0,3
11564,0,3
11565,108,14
11566,234,27
11567,155,24
11568,0,3
11569,214,27
11570,318,32
11571,199,25
11572,0,3
11573,118,21
11574,0,3
11575,442,29
11576,0,3
11577,425,23
11578,0,3
11579,221,32
11580,142,16
11581,164,22
11582,240,31
11583,0,3
11584,211,26
11585,0,3
11586,151,21
11587,94,15
11588,175,27
11589,0,3
11590,117,19
11591,219,32
11592,162,19
11593,171,24
11594,0,3
11595,85,12
11596,145,23
11597,261,25
11598,95,14
11599,166,30
11600,42,9
11601,0,3
11602,10,4
11603,102,19
11604,0,3
11605,0,3
11606,191,23
11607,0,3
11608,222,27
11609,0,3
11610,0,3
11611,0,3
11612,103,19
11613,124,20
11614,81,13
11615,0,3
11616,161,22
11617,0,3
11618,286,35
11619,169,24
11620,153,21
11621,448,22
11622,153,21
11623,161,25
11624,154,23
11625,214,21
11626,102,14
11627,0,3
11628,161,25
11629,0,3
11630,174,17
11631,126,16
11632,33,7
11633,334,25
11634,0,3
11635,280,35
11636,346,27
11637,169,24
11638,104,12
11639,60,19
11640,147,23
11641,175,18
11642,227,31
11643,0,3
11644,0,3
11645,214,26
11646,0,3
11647,248,28
11648,185,29
11649,0,3
11650,102,8
11651,271,15
11652,0,3
11653,161,19
11654,0,3
11655,245,28
11656,167,23
11657,50,8
11658,332,18
11659,0,3
11660,67,10
11661,173,22
11662,0,3
11663,195,29
11664,35,10
11665,279,35
11666,155,24
11667,167,23
11668,121,20
11669,0,3
11670,0,3
11671,0,3
11672,339,35
11673,162,19
11674,216,32
11675,684,34
11676,0,3
11677,0,3
11678,0,3
11679,246,32
11680,159,24
11681,252,32
11682,0,3
11683,105,15
11684,296,33
11685,82,17
11686,116,21
11687,290,34
11688,0,3
11689,71,11
11690,233,32
11691,0,3
11692,115,20
11693,261,40
11694,71,10
11695,161,23
11696,98,21
11697,0,3
11698,119,17
11699,136,17
11700,208,22
11701,0,3
11702,0,3
11703,166,24
11704,174,26
11705,151,23
11706,0,3
11707,0,3
11708,74,11
11709,237,29
11710,122,22
11711,174,27
11712,179,26
11713,0,3
11714,192,24
11715,187,22
11716,0,3
11717,229,29
11718,201,27
11719,57,10
11720,179,21
11721,0,3
11722,265,29
11723,370,21
11724,0,3
11725,181,24
11726,128,23
11727,104,19
11728,65,10
11729,0,3
11730,153,16
11731,173,28
11732,133,18
11733,63,13
11734,0,3
11735,155,21
11736,270,25
11737,236,32
11738,0,3
11739,0,3
11740,0,3
11741,1,3
11742,134,17
11743,0,3
11744,0,3
11745,193,21
11746,0,3
11747,199,34
11748,327,34
11749,0,3
11750,0,3
11751,0,3
11752,0,3
11753,291,32
11754,147,15
11755,0,3
11756,229,31
11757,0,3
11758,0,3
11759,77,16
11760,0,3
11761,157,22
11762,148,19
11763,0,3
11764,0,3
11765,0,3
11766,23,7
11767,329,28
11768,238,25
11769,0,3
11770,189,21
11771,0,3
11772,271,31
11773,164,23
11774,0,3
11775,0,3
11776,0,3
11777,292,36
11778,1,3
11779,318,20
11780,152,22
11781,1,3
11782,189,24
11783,0,3
11784,209,28
11785,105,21
11786,234,22
11787,101,12
11788,42,8
11789,0,3
11790,135,18
11791,192,30
11792,0,3
11793,86,9
11794,349,36
11795,0,3
11796,0,3
11797,170,26
11798,0,3
11799,132,21
11800,236,31
11801,0,3
11802,0,3
11803,152,20
11804,282,32
11805,117,19
11806,175,27
11807,1,3
11808,152,22
11809,161,26
11810,0,3
11811,0,3
11812,0,3
11813,0,3
11814,0,3
11815,0,3
11816,154,23
11817,396,27
11818,188,26
11819,0,3
11820,152,26
11821,0,3
11822,156,20
11823,0,3
11824,0,3
11825,103,18
11826,0,3
11827,194,25
11828,137,22
11829,79,12
11830,47,7
11831,192,29
11832,57,13
11833,0,3
11834,0,3
11835,0,3
11836,183,25
11837,85,19
11838,118,16
11839,114,19
11840,573,27
11841,232,25
11842,93,16
11843,0,3
11844,0,3
11845,77,14
11846,0,3
11847,196,31
11848,0,3
11849,127,19
11850,0,3
11851,0,3
11852,0,3
11853,0,3
11854,0,3
11855,192,29
11856,109,16
11857,0,3
11858,124,18
11859,186,27
11860,129,17
11861,0,3
11862,0,3
11863,0,3
11864,0,3
11865,390,33
11866,140,19
11867,7,6
11868,286,21
11869,204,29
11870,209,28
11871,125,17
11872,154,24
11873,2,3
11874,183,23
11875,0,3
11876,0,3
11877,0,3
11878,0,3
11879,0,3
11880,226,25
11881,71,5
11882,0,3
11883,72,13
11884,0,3
11885,1,3
11886,238,28
11887,0,3
11888,0,3
11889,0,3
11890,29,8
11891,250,33
11892,70,14
11893,0,3
11894,36,8
11895,228,21
11896,194,32
11897,223,26
11898,191,27
11899,0,3
11900,0,3
11901,200,26
11902,189,22
11903,143,19
11904,151,19
11905,189,23
11906,9,4
11907,54,8
11908,130,21
11909,0,3
11910,234,25
11911,0,3
11912,159,22
11913,65,10
11914,0,3
11915,0,3
11916,688,35
11917,153,18
11918,0,3
11919,0,3
11920,58,3
11921,0,3
11922,0,3
11923,143,26
11924,158,26
11925,229,21
11926,0,3
11927,0,3
11928,0,3
11929,408,25
11930,120,14
11931,163,19
11932,182,23
11933,27,8
11934,0,3
11935,0,3
11936,0,3
11937,149,22
11938,265,30
11939,0,3
11940,190,16
11941,0,3
11942,0,3
11943,195,22
11944,276,34
11945,0,3
11946,255,34
11947,288,35
11948,0,3
11949,284,33
11950,265,30
11951,163,22
11952,219,25
11953,0,3
11954,91,12
11955,318,22
11956,0,3
11957,163,23
11958,0,3
11959,392,26
11960,0,3
11961,0,3
11962,0,3
11963,184,28
11964,181,26
11965,234,21
11966,0,3
11967,117,16
11968,169,18
11969,0,3
11970,326,32
11971,203,27
11972,188,23
11973,184,25
11974,147,19
11975,128,16
11976,175,23
11977,182,24
11978,259,27
11979,306,21
11980,121,20
11981,0,3
11982,175,28
11983,0,3
11984,0,3
11985,276,31
11986,229,27
11987,247,29
11988,60,11
11989,227,29
11990,0,3
11991,149,24
11992,81,15
11993,71,11
11994,144,20
11995,107,14
11996,71,14
11997,180,22
11998,205,22
11999,0,3
12000,158,22
12001,124,18
12002,0,3
12003,128,20
12004,60,12
12005,155,21
12006,0,3
12007,127,12
12008,178,22
12009,226,29
12010,181,27
12011,0,3
12012,140,21
12013,0,3
12014,0,3
12015,154,23
12016,0,3
12017,250,29
12018,0,3
12019,141,26
12020,0,3
12021,226,27
12022,146,23
12023,119,18
12024,205,25
12025,162,17
12026,302,36
12027,134,17
12028,462,19
12029,204,29
12030,1,3
12031,324,33
12032,0,3
12033,0,3
12034,0,3
12035,112,17
12036,52,8
12037,103,12
12038,207,21
12039,192,24
12040,97,13
12041,222,29
12042,213,26
12043,143,18
12044,0,3
12045,63,13
12046,0,3
12047,225,24
12048,38,8
12049,229,28
12050,0,3
12051,285,19
12052,274,33
12053,196,25
12054,118,16
12055,215,25
12056,299,29
12057,298,17
12058,82,12
12059,0,3
12060,152,24
12061,177,25
12062,555,19
12063,0,3
12064,132,24
12065,0,3
12066,239,28
12067,237,32
12068,0,3
12069,1,3
12070,0,3
12071,0,3
12072,169,21
12073,0,3
12074,173,27
12075,0,3
12076,414,16
12077,102,10
12078,195,28
12079,304,31
12080,198,22
12081,0,3
12082,0,3
12083,329,34
12084,0,3
12085,0,3
12086,59,8
12087,56,15
12088,0,3
12089,224,24
12090,149,16
12091,379,25
12092,0,3
12093,0,3
12094,664,32
12095,249,31
12096,186,23
12097,0,3
12098,497,19
12099,164,20
12100,202,24
12101,1000,4
12102,128,20
12103,0,3
12104,279,25
12105,192,26
12106,0,3
12107,269,29
12108,268,40
12109,153,12
12110,304,34
12111,0,3
12112,0,3
12113,362,23
12114,0,3
12115,137,19
12116,2,3
12117,0,3
12118,0,3
12119,0,3
12120,233,32
12121,552,22
12122,156,25
12123,208,28
12124,126,20
12125,0,3
12126,115,15
12127,0,3
12128,301,38
12129,0,3
12130,116,21
12131,206,27
12132,118,23
12133,107,16
12134,231,27
12135,39,6
12136,166,20
12137,168,22
12138,0,3
12139,1,3
12140,126,23
12141,85,20
12142,0,3
12143,102,12
12144,135,23
12145,0,3
12146,107,12
12147,0,3
12148,0,3
12149,0,3
12150,129,18
12151,0,3
12152,0,3
12153,226,27
12154,225,23
12155,107,9
12156,246,22
12157,67,11
12158,0,3
12159,0,3
12160,183,29
12161,229,28
12162,180,30
12163,139,22
12164,196,28
12165,261,32
12166,244,27
12167,0,3
12168,0,3
12169,0,3
12170,140,19
12171,112,25
12172,1,3
12173,189,24
12174,0,3
12175,143,19
12176,181,26
12177,105,19
12178,184,21
12179,154,19
12180,319,38
12181,0,3
12182,248,32
12183,0,3
12184,0,3
12185,201,30
12186,145,22
12187,0,3
12188,0,3
12189,0,3
12190,183,24
12191,146,21
12192,0,3
12193,80,15
12194,0,3
12195,256,22
12196,0,3
12197,235,29
12198,0,3
12199,232,25
12200,367,37
12201,6,4
12202,120,19
12203,0,3
12204,176,24
12205,0,3
12206,203,20
12207,147,20
12208,0,3
12209,216,33
12210,175,21
12211,0,3
12212,0,3
12213,277,29
12214,0,3
12215,68,9
12216,0,3
12217,0,3
12218,130,17
12219,0,3
12220,84,18
12221,0,3
12222,212,29
12223,130,20
12224,28,7
12225,0,3
12226,179,27
12227,0,3
12228,0,3
12229,277,30
12230,109,13
12231,0,3
12232,206,26
12233,0,3
12234,0,3
12235,0,3
12236,0,3
12237,197,22
12238,210,26
12239,115,21
12240,0,3
12241,251,31
12242,168,23
12243,0,3
12244,0,3
12245,0,3
12246,0,3
12247,0,3
12248,200,25
12249,0,3
12250,261,34
12251,0,3
12252,102,14
12253,0,3
12254,46,8
12255,141,23
12256,131,24
12257,1,3
12258,237,33
12259,0,3
12260,0,3
12261,212,25
12262,231,29
12263,0,3
12264,0,3
12265,184,26
12266,158,23
12267,0,3
12268,0,3
12269,153,24
12270,184,24
12271,243,29
12272,348,43
12273,259,28
12274,265,34
12275,68,13
12276,233,26
12277,0,3
12278,89,15
12279,176,23
12280,0,3
12281,136,17
12282,72,13
12283,105,13
12284,176,22
12285,0,3
12286,190,24
12287,370,21
12288,0,3
12289,183,27
12290,205,30
12291,246,31
12292,86,15
12293,0,3
12294,0,3
12295,0,3
12296,0,3
12297,0,3
12298,104,11
12299,299,37
12300,0,3
12301,0,3
12302,104,15
12303,119,12
12304,0,3
12305,261,33
12306,289,33
12307,224,28
12308,90,15
12309,130,21
12310,160,24
12311,246,27
12312,93,18
12313,103,14
12314,0,3
12315,154,23
12316,188,30
12317,0,3
12318,253,24
12319,194,26
12320,0,3
12321,0,3
12322,0,3
12323,0,3
12324,71,12
12325,0,3
12326,0,3
12327,99,20
12328,0,3
12329,365,32
12330,0,3
12331,427,25
12332,144,20
12333,85,12
12334,206,28
12335,0,3
12336,150,21
12337,192,28
12338,1000,24
12339,357,29
12340,298,26
12341,414,16
12342,194,27
12343,212,28
12344,136,19
12345,0,3
12346,0,3
12347,211,25
12348,115,18
12349,68,13
12350,359,25
12351,127,16
12352,203,22
12353,216,14
12354,139,24
12355,165,26
12356,176,23
12357,2,3
12358,439,28
12359,288,33
12360,0,3
12361,62,13
12362,0,3
12363,256,33
12364,0,3
12365,1,3
12366,255,25
12367,188,23
12368,90,12
12369,192,25
12370,130,19
12371,1,3
12372,49,9
12373,381,23
12374,175,22
12375,161,17
12376,207,22
12377,272,24
12378,0,3
12379,165,20
12380,0,3
12381,316,30
12382,256,29
12383,0,3
12384,165,24
12385,0,3
12386,3,3
12387,432,9
12388,126,18
12389,200,19
12390,0,3
12391,161,25
12392,0,3
12393,0,3
12394,0,3
12395,153,23
12396,388,23
12397,0,3
12398,147,23
12399,176,16
12400,169,25
12401,242,30
12402,253,27
12403,228,33
12404,213,23
12405,0,3
12406,0,3
12407,0,3
12408,0,3
12409,0,3
12410,321,33
12411,364,28
12412,164,19
12413,0,3
12414,210,25
12415,287,37
12416,0,3
12417,0,3
12418,0,3
12419,275,28
12420,0,3
12421,191,24
12422,0,3
12423,90,18
12424,0,3
12425,129,23
12426,208,31
12427,0,3
12428,166,20
12429,81,13
12430,62,10
12431,308,30
12432,197,24
12433,168,26
12434,128,17
12435,156,19
12436,0,3
12437,246,32
12438,161,25
12439,213,30
12440,231,27
12441,149,20
12442,196,25
12443,166,23
12444,0,3
12445,249,28
12446,1,3
12447,197,22
12448,162,17
12449,0,3
12450,279,32
12451,138,19
12452,67,10
12453,166,22
12454,249,26
12455,0,3
12456,0,3
12457,124,23
12458,200,27
12459,0,3
12460,199,31
12461,0,3
12462,221,30
12463,0,3
12464,0,3
12465,43,9
12466,38,6
12467,0,3
12468,173,18
12469,589,30
12470,216,22
12471,0,3
12472,0,3
12473,0,3
12474,0,3
12475,195,28
12476,175,23
12477,178,23
12478,0,3
12479,266,34
12480,130,15
12481,0,3
12482,211,24
12483,223,31
12484,0,3
12485,0,3
12486,345,27
12487,0,3
12488,0,3
12489,235,23
12490,167,18
12491,0,3
12492,196,28
12493,225,29
12494,214,20
12495,130,11
12496,71,14
12497,179,25
12498,1,3
12499,1,3
12500,187,24
12501,0,3
12502,129,21
12503,46,10
12504,0,3
12505,31,8
12506,0,3
12507,25,7
12508,0,3
12509,298,30
12510,170,20
12511,218,21
12512,105,8
12513,210,26
12514,0,3
12515,0,3
12516,0,3
12517,200,25
12518,150,22
12519,123,10
12520,312,25
12521,174,21
12522,173,28
12523,0,3
12524,148,25
12525,166,25
12526,241,32
12527,0,3
12528,293,36
12529,228,30
12530,1,3
12531,207,25
12532,244,33
12533,0,3
12534,194,29
12535,0,3
12536,217,24
12537,0,3
12538,0,3
12539,98,14
12540,1,4
12541,0,3
12542,1,3
12543,0,3
12544,164,19
12545,94,14
12546,0,3
12547,129,18
12548,0,3
12549,377,19
12550,0,3
12551,155,21
12552,160,25
12553,0,3
12554,160,28
12555,0,3
12556,401,24
12557,178,24
12558,0,3
12559,159,25
12560,0,3
12561,72,13
12562,0,3
12563,172,20
12564,233,28
12565,0,3
12566,206,25
12567,112,13
12568,0,3
12569,0,3
12570,252,33
12571,0,3
12572,111,18
12573,98,17
12574,163,25
12575,0,3
12576,0,3
12577,0,3
12578,290,38
12579,0,3
12580,253,26
12581,179,24
12582,199,24
12583,230,30
12584,187,30
12585,338,28
12586,0,3
12587,0,3
12588,0,3
12589,0,3
12590,0,3
12591,0,3
12592,274,38
12593,218,28
12594,111,16
12595,169,28
12596,0,3
12597,1000,18
12598,194,18
12599,82,11
12600,0,3
12601,0,3
12602,271,33
12603,543,22
12604,194,26
12605,0,3
12606,142,20
12607,229,27
12608,277,31
12609,195,28
12610,243,35
12611,0,3
12612,0,3
12613,199,28
12614,122,18
12615,0,3
12616,233,27
12617,0,3
12618,0,3
12619,0,3
12620,0,3
12621,150,22
12622,0,3
12623,0,3
12624,0,3
12625,161,27
12626,252,30
12627,0,3
12628,0,3
12629,0,3
12630,199,27
12631,0,3
12632,276,29
12633,184,23
12634,0,3
12635,127,17
12636,59,9
12637,0,3
12638,174,22
12639,0,3
12640,0,3
12641,184,28
12642,124,18
12643,215,27
12644,119,15
12645,104,17
12646,103,14
12647,0,3
12648,305,41
12649,1,3
12650,62,10
12651,161,23
12652,0,3
12653,36,9
12654,223,29
12655,0,3
12656,560,31
12657,127,17
12658,136,18
12659,188,31
12660,145,22
12661,142,24
12662,0,3
12663,128,12
12664,0,3
12665,82,13
12666,0,3
12667,0,3
12668,223,30
12669,0,3
12670,0,3
12671,298,24
12672,200,22
12673,230,27
12674,0,3
12675,132,16
12676,140,16
12677,184,22
12678,0,3
12679,0,3
12680,163,26
12681,168,19
12682,180,28
12683,321,30
12684,218,24
12685,0,3
12686,118,20
12687,22,8
12688,139,27
12689,229,27
12690,0,3
12691,0,3
12692,209,25
12693,0,3
12694,0,3
12695,0,3
12696,0,3
12697,256,31
12698,221,28
12699,0,3
12700,130,18
12701,162,25
12702,166,21
12703,0,3
12704,211,23
12705,234,30
12706,212,32
12707,0,3
12708,106,15
12709,204,30
12710,262,32
12711,117,19
12712,73,10
12713,618,13
12714,234,32
12715,92,15
12716,173,24
12717,0,3
12718,235,28
12719,196,24
12720,164,24
12721,102,18
12722,0,3
12723,0,3
12724,147,22
12725,70,12
12726,131,17
12727,173,25
12728,99,17
12729,0,3
12730,172,24
12731,178,21
12732,181,19
12733,97,14
12734,336,21
12735,115,22
12736,187,22
12737,0,3
12738,242,32
12739,0,3
12740,0,3
12741,574,25
12742,139,21
12743,192,27
12744,250,27
12745,158,24
12746,0,3
12747,97,20
12748,180,20
12749,186,29
12750,130,17
12751,0,3
12752,0,3
12753,0,3
12754,187,27
12755,300,35
12756,138,21
12757,228,26
12758,0,3
12759,221,25
12760,0,3
12761,130,15
12762,0,3
12763,0,3
12764,152,19
12765,162,23
12766,220,28
12767,147,25
12768,157,18
12769,164,24
12770,0,3
12771,175,20
12772,0,3
12773,195,25
12774,0,3
12775,0,3
12776,0,3
12777,110,14
12778,179,21
12779,110,16
12780,0,3
12781,263,27
12782,182,26
12783,196,27
12784,170,24
12785,0,3
12786,103,20
12787,166,22
12788,203,23
12789,453,28
12790,0,3
12791,60,10
12792,154,21
12793,290,42
12794,0,3
12795,205,26
12796,0,3
12797,338,46
12798,161,19
12799,153,21
12800,300,27
12801,0,3
12802,0,3
12803,192,24
12804,1,3
12805,161,21
12806,0,3
12807,302,35
12808,155,21
12809,177,29
12810,0,3
12811,169,24
12812,143,24
12813,205,26
12814,0,3
12815,0,3
12816,225,28
12817,0,3
12818,238,30
12819,0,3
12820,0,3
12821,2,4
12822,257,28
12823,161,16
12824,312,35
12825,156,26
12826,0,3
12827,149,24
12828,193,29
12829,0,3
12830,184,20
12831,171,19
12832,144,23
12833,0,3
12834,216,27
12835,278,34
12836,164,27
12837,112,20
12838,303,32
12839,0,3
12840,0,3
12841,0,3
12842,173,22
12843,0,3
12844,345,35
12845,219,28
12846,207,24
12847,282,31
12848,206,28
12849,49,10
12850,0,3
12851,229,26
12852,107,13
12853,0,3
12854,229,33
12855,0,3
12856,0,3
12857,143,23
12858,0,3
12859,0,3
12860,190,27
12861,282,32
12862,0,3
12863,198,21
12864,0,3
12865,0,3
12866,227,31
12867,282,26
12868,99,18
12869,120,21
12870,542,22
12871,0,3
12872,0,3
12873,172,22
12874,0,3
12875,0,3
12876,224,20
12877,0,3
12878,252,36
12879,0,3
12880,256,30
12881,129,15
12882,110,16
12883,272,25
12884,314,37
12885,0,3
12886,290,22
12887,303,35
12888,0,3
12889,469,23
12890,201,28
12891,220,23
12892,0,3
12893,288,27
12894,0,3
12895,202,26
12896,195,28
12897,262,34
12898,80,13
12899,70,14
12900,0,3
12901,189,26
12902,0,3
12903,129,17
12904,135,19
12905,0,3
12906,141,18
12907,0,3
12908,0,3
12909,0,3
12910,0,3
12911,0,3
12912,0,3
12913,215,21
12914,60,12
12915,159,20
12916,1,3
12917,0,3
12918,309,37
12919,0,3
12920,0,3
12921,247,23
12922,266,38
12923,198,28
12924,177,23
12925,215,28
12926,0,3
12927,640,21
12928,154,18
12929,0,3
12930,176,25
12931,0,3
12932,190,27
12933,0,3
12934,151,21
12935,161,22
12936,301,28
12937,421,34
12938,310,37
12939,229,27
12940,106,19
12941,0,3
12942,0,3
12943,0,3
12944,214,25
12945,159,21
12946,243,29
12947,0,3
12948,188,25
12949,0,3
12950,0,3
12951,0,3
12952,253,37
12953,0,3
12954,0,3
12955,222,31
12956,16,5
12957,263,38
12958,228,29
12959,237,35
12960,176,24
12961,237,32
12962,0,3
12963,0,3
12964,102,17
12965,118,18
12966,0,3
12967,0,3
12968,200,23
12969,168,20
12970,132,23
12971,68,11
12972,385,29
12973,449,29
12974,0,3
12975,91,16
12976,305,35
12977,315,37
12978,151,22
12979,289,38
12980,0,3
12981,145,24
12982,390,25
12983,0,3
12984,0,3
12985,152,18
12986,88,20
12987,100,16
12988,0,3
12989,201,25
12990,267,32
12991,0,3
12992,201,12
12993,0,3
12994,80,13
12995,291,35
12996,138,18
12997,0,3
12998,285,27
12999,223,30
13000,0,3
13001,154,22
13002,154,22
13003,93,17
13004,81,14
13005,0,3
13006,126,21
13007,218,26
13008,218,29
13009,273,37
13010,354,29
13011,214,27
13012,162,23
13013,0,3
13014,0,3
13015,0,3
13016,0,3
13017,0,3
13018,128,17
13019,158,25
13020,230,39
13021,0,3
13022,0,3
13023,739,19
13024,0,3
13025,166,29
13026,135,17
13027,170,19
13028,0,3
13029,0,3
13030,0,3
13031,468,33
13032,0,3
13033,0,3
13034,0,3
13035,264,31
13036,155,23
13037,0,3
13038,124,22
13039,0,3
13040,264,33
13041,188,20
13042,246,27
13043,0,3
13044,173,20
13045,94,15
13046,248,32
13047,246,22
13048,0,3
13049,0,3
13050,63,8
13051,0,3
13052,252,32
13053,1,3
13054,224,22
13055,186,27
13056,150,22
13057,191,20
13058,161,13
13059,0,3
13060,217,28
13061,235,27
13062,0,3
13063,0,3
13064,201,26
13065,335,40
13066,0,3
13067,258,36
13068,0,3
13069,187,25
13070,0,3
13071,137,23
13072,160,24
13073,243,34
13074,142,20
13075,0,3
13076,228,27
13077,161,21
13078,0,3
13079,61,9
13080,155,20
13081,0,3
13082,156,22
13083,322,33
13084,201,24
13085,176,25
13086,189,24
13087,250,34
13088,0,3
13089,55,9
13090,200,24
13091,165,25
13092,111,18
13093,0,3
13094,229,26
13095,0,3
13096,0,3
13097,0,3
13098,0,3
13099,0,3
13100,182,27
13101,0,3
13102,176,22
13103,178,26
13104,0,3
13105,1,3
13106,147,23
13107,0,3
13108,240,31
13109,0,3
13110,221,23
13111,0,3
13112,235,32
13113,217,21
13114,244,35
13115,154,17
13116,0,3
13117,0,3
13118,148,22
13119,296,30
13120,0,3
13121,0,3
13122,0,3
13123,0,3
13124,0,3
13125,207,29
13126,0,3
13127,201,28
13128,107,16
13129,140,22
13130,317,30
13131,120,19
13132,0,3
13133,0,3
13134,0,3
13135,264,30
13136,0,3
13137,0,3
13138,133,21
13139,116,17
13140,0,3
13141,1,3
13142,0,3
13143,0,3
13144,187,29
13145,123,19
13146,179,28
13147,0,3
13148,261,31
13149,0,3
13150,192,24
13151,36,11
13152,204,28
13153,0,3
13154,114,18
13155,198,22
13156,245,24
13157,0,3
13158,228,33
13159,0,3
13160,0,3
13161,109,18
13162,1,3
13163,111,13
13164,80,12
13165,162,21
13166,0,3
13167,190,30
13168,201,21
13169,0,3
13170,223,29
13171,193,27
13172,0,3
13173,140,22
13174,139,20
13175,0,3
13176,218,28
13177,126,20
13178,248,27
13179,0,3
13180,0,3
13181,0,3
13182,202,25
13183,209,26
13184,310,37
13185,0,3
13186,185,25
13187,0,3
13188,199,25
13189,214,25
13190,141,22
13191,0,3
13192,0,3
13193,0,3
13194,305,34
13195,0,3
13196,265,37
13197,147,22
13198,0,3
13199,205,29
13200,172,24
13201,0,3
13202,0,3
13203,224,28
13204,0,3
13205,130,24
13206,0,3
13207,0,3
13208,0,3
13209,0,3
13210,0,3
13211,217,23
13212,271,32
13213,219,31
13214,199,27
13215,211,32
13216,230,25
13217,298,35
13218,0,3
13219,161,23
13220,154,20
13221,223,30
13222,99,19
13223,199,24
13224,192,23
13225,0,3
13226,128,16
13227,229,28
13228,159,27
13229,0,3
13230,167,28
13231,129,20
13232,262,35
13233,0,3
13234,206,27
13235,284,34
13236,0,3
13237,283,30
13238,0,3
13239,259,28
13240,192,27
13241,201,29
13242,174,23
13243,0,3
13244,0,3
13245,0,3
13246,0,3
13247,0,3
13248,0,3
13249,0,3
13250,242,29
13251,0,3
13252,206,26
13253,196,24
13254,0,3
13255,123,20
13256,0,3
13257,171,26
13258,0,3
13259,0,3
13260,198,22
13261,183,26
13262,308,35
13263,552,23
13264,193,21
13265,0,3
13266,228,29
13267,0,3
13268,204,28
13269,263,28
13270,147,24
13271,191,25
13272,127,20
13273,78,14
13274,0,3
13275,262,27
13276,211,29
13277,0,3
13278,220,26
13279,202,25
13280,0,3
13281,0,3
13282,193,29
13283,243,33
13284,269,30
13285,177,21
13286,225,28
13287,157,21
13288,0,3
13289,120,19
13290,246,30
13291,205,31
13292,0,3
13293,227,28
13294,0,3
13295,0,3
13296,135,18
13297,0,3
13298,98,8
13299,0,3
13300,232,28
13301,0,3
13302,232,33
13303,0,3
13304,0,3
13305,134,17
13306,231,30
13307,214,27
13308,0,3
13309,293,36
13310,184,26
13311,279,34
13312,237,31
13313,0,3
13314,209,27
13315,152,20
13316,129,16
13317,0,3
13318,188,28
13319,281,36
13320,311,37
13321,258,33
13322,22,6
13323,0,3
13324,0,3
13325,189,18
13326,0,3
13327,100,17
13328,291,36
13329,0,3
13330,221,29
13331,170,21
13332,175,23
13333,181,26
13334,270,27
13335,266,28
13336,0,3
13337,225,31
13338,269,34
13339,0,3
13340,0,3
13341,257,26
13342,0,3
13343,399,14
13344,249,38
13345,0,3
13346,286,25
13347,223,30
13348,236,35
13349,0,3
13350,0,3
13351,175,26
13352,0,3
13353,0,3
13354,205,24
13355,0,3
13356,69,12
13357,190,26
13358,504,29
13359,0,3
13360,92,13
13361,0,3
13362,119,19
13363,197,23
13364,0,3
13365,270,40
13366,0,3
13367,130,20
13368,81,17
13369,248,24
13370,0,3
13371,159,19
13372,580,23
13373,111,20
13374,0,3
13375,234,30
13376,0,3
13377,355,36
13378,245,30
13379,182,27
13380,226,26
13381,184,20
13382,0,3
13383,149,21
13384,123,14
13385,0,3
13386,297,34
13387,196,23
13388,302,27
13389,313,37
13390,155,27
13391,0,3
13392,235,30
13393,0,3
13394,0,3
13395,0,3
13396,181,23
13397,223,29
13398,274,30
13399,233,30
13400,475,31
13401,1,3
13402,0,3
13403,0,3
13404,232,32
13405,242,32
13406,205,25
13407,153,23
13408,149,23
13409,134,20
13410,0,3
13411,167,24
13412,197,26
13413,338,37
13414,209,24
13415,0,3
13416,0,3
13417,122,17
13418,1,3
13419,125,20
13420,0,3
13421,185,17
13422,0,3
13423,187,22
13424,258,31
13425,0,3
13426,159,26
13427,195,22
13428,0,3
13429,0,3
13430,1,3
13431,0,3
13432,452,27
13433,221,27
13434,206,25
13435,209,28
13436,0,3
13437,42,7
13438,0,3
13439,0,3
13440,154,17
13441,261,35
13442,189,26
13443,141,22
13444,42,9
13445,289,32
13446,229,32
13447,204,25
13448,280,36
13449,153,23
13450,192,19
13451,324,35
13452,0,3
13453,147,22
13454,0,3
13455,160,27
13456,0,3
13457,0,3
13458,0,3
13459,251,29
13460,0,3
13461,131,17
13462,198,27
13463,455,25
13464,0,3
13465,221,34
13466,0,3
13467,253,28
13468,221,27
13469,155,20
13470,0,3
13471,258,33
13472,0,3
13473,199,26
13474,0,3
13475,178,30
13476,155,21
13477,170,24
13478,321,43
13479,165,24
13480,0,3
13481,0,3
13482,0,3
13483,744,28
13484,0,3
13485,0,3
13486,178,26
13487,134,17
13488,0,3
13489,0,3
13490,0,3
13491,150,27
13492,112,21
13493,187,23
13494,220,27
13495,215,26
13496,212,24
13497,0,3
13498,275,28
13499,125,17
13500,90,20
13501,0,3
13502,172,25
13503,280,33
13504,212,31
13505,442,23
13506,190,24
13507,0,3
13508,0,3
13509,248,38
13510,324,39
13511,0,3
13512,1,3
13513,323,35
13514,141,24
13515,0,3
13516,1000,9
13517,0,3
13518,207,23
13519,322,29
13520,0,3
13521,226,29
13522,0,3
13523,32,8
13524,303,41
13525,0,3
13526,377,33
13527,0,3
13528,0,3
13529,0,3
13530,0,3
13531,143,23
13532,292,28
13533,0,3
13534,0,3
13535,99,15
13536,278,32
13537,0,3
13538,164,26
13539,0,3
13540,0,3
13541,0,3
13542,0,3
13543,0,3
13544,0,3
13545,192,23
13546,235,33
13547,209,21
13548,110,15
13549,210,29
13550,74,14
13551,0,3
13552,144,16
13553,109,17
13554,288,33
13555,63,13
13556,152,23
13557,0,3
13558,165,25
13559,146,19
13560,343,42
13561,0,3
13562,186,26
13563,0,3
13564,193,22
13565,0,3
13566,154,22
13567,188,26
13568,0,3
13569,121,16
13570,0,3
13571,314,35
13572,183,26
13573,0,3
13574,0,3
13575,111,17
13576,198,27
13577,0,3
13578,0,3
13579,0,3
13580,266,25
13581,243,32
13582,0,3
13583,0,3
13584,0,3
13585,0,3
13586,59,11
13587,0,3
13588,0,3
13589,224,17
13590,220,20
13591,722,32
13592,324,36
13593,344,36
13594,189,27
13595,0,3
13596,0,3
13597,125,16
13598,0,3
13599,0,3
13600,0,3
13601,224,30
13602,0,3
13603,0,3
13604,108,17
13605,228,35
13606,0,3
13607,214,31
13608,286,30
13609,139,23
13610,226,30
13611,269,31
13612,193,21
13613,0,3
13614,178,26
13615,0,3
13616,0,3
13617,382,40
13618,95,18
13619,584,24
13620,266,34
13621,177,24
13622,1,3
13623,0,3
13624,237,24
13625,0,3
13626,0,3
13627,0,3
13628,0,3
13629,0,3
13630,241,29
13631,232,29
13632,265,31
13633,218,31
13634,226,27
13635,147,23
13636,0,3
13637,189,25
13638,264,29
13639,111,17
13640,221,31
13641,139,20
13642,227,27
13643,0,3
13644,0,3
13645,0,3
13646,0,3
13647,1,3
13648,254,27
13649,214,30
13650,0,3
13651,215,25
13652,0,3
13653,216,22
13654,0,3
13655,0,3
13656,156,18
13657,191,30
13658,175,26
13659,213,31
13660,199,31
13661,275,37
13662,209,28
13663,214,28
13664,247,31
13665,0,3
13666,261,31
13667,214,24
13668,267,34
13669,193,25
13670,87,16
13671,0,3
13672,0,3
13673,192,29
13674,1,3
13675,167,24
13676,0,3
13677,0,3
13678,0,3
13679,0,3
13680,0,3
13681,226,30
13682,0,3
13683,0,3
13684,125,21
13685,131,21
13686,0,3
13687,369,25
13688,217,22
13689,0,3
13690,30,9
13691,203,26
13692,218,27
13693,0,3
13694,53,14
13695,241,35
13696,126,16
13697,0,3
13698,764,32
13699,348,27
13700,0,3
13701,76,17
13702,0,3
13703,164,22
13704,170,27
13705,155,19
13706,707,22
13707,0,3
13708,0,3
13709,1,3
13710,85,16
13711,11,3
13712,0,3
13713,265,27
13714,55,9
13715,165,23
13716,0,3
13717,0,3
13718,193,19
13719,0,3
13720,231,26
13721,135,22
13722,0,3
13723,0,3
13724,0,3
13725,0,3
13726,0,3
13727,86,17
13728,149,20
13729,139,18
13730,0,3
13731,156,21
13732,136,21
13733,0,3
13734,253,28
13735,172,19
13736,0,3
13737,0,3
13738,91,20
13739,352,34
13740,1000,23
13741,0,3
13742,292,34
13743,205,25
13744,168,24
13745,0,3
13746,48,5
13747,0,3
13748,0,3
13749,248,33
13750,0,3
13751,222,30
13752,180,25
13753,0,3
13754,73,13
13755,120,17
13756,333,17
13757,207,27
13758,104,19
13759,249,26
13760,0,3
13761,221,21
13762,0,3
13763,0,3
13764,0,3
13765,164,26
13766,0,3
13767,135,20
13768,0,3
13769,281,34
13770,673,23
13771,123,18
13772,0,3
13773,285,28
13774,0,3
13775,0,3
13776,288,24
13777,216,23
13778,125,16
13779,73,10
13780,255,34
13781,0,3
13782,0,3
13783,0,3
13784,103,16
13785,239,36
13786,123,22
13787,624,24
13788,184,25
13789,0,3
13790,162,25
13791,0,3
13792,0,3
13793,153,25
13794,0,3
13795,181,20
13796,0,3
13797,88,16
13798,326,31
13799,0,3
13800,261,29
13801,149,21
13802,82,13
13803,201,30
13804,314,36
13805,0,3
13806,229,32
13807,197,26
13808,247,37
13809,219,32
13810,135,16
13811,154,22
13812,935,42
13813,0,3
13814,172,17
13815,0,3
13816,314,43
13817,0,3
13818,219,26
13819,0,3
13820,100,15
13821,0,3
13822,194,24
13823,195,28
13824,0,3
13825,185,23
13826,0,3
13827,218,27
13828,274,33
13829,0,3
13830,157,26
13831,403,28
13832,326,33
13833,0,3
13834,860,29
13835,182,23
13836,0,3
13837,1,3
13838,0,3
13839,0,3
13840,198,27
13841,0,3
13842,0,3
13843,0,3
13844,155,31
13845,201,29
13846,415,17
13847,207,22
13848,272,27
13849,0,3
13850,0,3
13851,158,21
13852,128,18
13853,0,3
13854,0,3
13855,0,3
13856,258,35
13857,260,25
13858,0,3
13859,187,20
13860,103,19
13861,229,24
13862,0,3
13863,253,33
13864,185,18
13865,135,21
13866,374,21
13867,1000,4
13868,358,37
13869,245,32
13870,154,16
13871,339,33
13872,0,3
13873,0,3
13874,0,3
13875,243,33
13876,140,24
13877,0,3
13878,315,32
13879,0,3
13880,229,28
13881,0,3
13882,70,13
13883,0,3
13884,195,24
13885,0,3
13886,134,17
13887,186,26
13888,0,3
13889,144,23
13890,0,3
13891,222,28
13892,328,43
13893,0,3
13894,0,3
13895,213,22
13896,504,28
13897,0,3
13898,100,8
13899,0,3
13900,108,15
13901,145,20
13902,223,26
13903,217,30
13904,266,32
13905,0,3
13906,0,3
13907,0,3
13908,227,31
13909,277,32
13910,144,20
13911,353,19
13912,215,31
13913,0,3
13914,0,3
13915,0,3
13916,319,28
13917,148,25
13918,224,29
13919,0,3
13920,155,22
13921,176,30
13922,226,24
13923,0,3
13924,233,25
13925,129,22
13926,164,22
13927,0,3
13928,0,3
13929,0,3
13930,0,3
13931,186,15
13932,0,3
13933,85,14
13934,63,12
13935,169,24
13936,79,17
13937,341,35
13938,293,16
13939,107,13
13940,117,21
13941,132,23
13942,260,34
13943,69,14
13944,404,21
13945,103,16
13946,369,16
13947,768,15
13948,0,3
13949,209,29
13950,0,3
13951,0,3
13952,275,30
13953,0,3
13954,293,37
13955,0,3
13956,0,3
13957,0,3
13958,347,38
13959,423,35
13960,0,3
13961,238,36
13962,0,3
13963,0,3
13964,33,9
13965,592,31
13966,0,3
13967,0,3
13968,0,3
13969,0,3
13970,281,24
13971,532,37
13972,0,3
13973,168,27
13974,227,32
13975,206,23
13976,71,12
13977,0,3
13978,127,23
13979,231,24
13980,283,37
13981,168,19
13982,392,33
13983,0,3
13984,85,15
13985,0,3
13986,256,29
13987,0,3
13988,0,3
13989,240,35
13990,175,27
13991,0,3
13992,0,3
13993,281,37
13994,549,14
13995,363,36
13996,300,22
13997,136,22
13998,0,3
13999,186,28
14000,138,17
14001,138,21
14002,85,12
14003,249,32
14004,227,33
14005,688,30
14006,143,21
14007,0,3
14008,0,3
14009,310,27
14010,115,19
14011,0,3
14012,0,3
14013,0,3
14014,180,24
14015,0,3
14016,146,25
14017,192,29
14018,217,25
14019,256,39
14020,1,3
14021,341,32
14022,53,9
14023,78,15
14024,235,15
14025,180,28
14026,308,37
14027,387,42
14028,0,3
14029,0,3
14030,170,23
14031,385,23
14032,33,8
14033,175,20
14034,203,28
14035,255,25
14036,0,3
14037,903,25
14038,266,39
14039,0,3
14040,0,3
14041,0,3
14042,172,29
14043,0,3
14044,236,22
14045,251,31
14046,203,30
14047,147,22
14048,385,37
14049,300,31
14050,0,3
14051,386,31
14052,281,29
14053,0,3
14054,0,3
14055,0,3
14056,485,19
14057,223,28
14058,247,33
14059,0,3
14060,275,34
14061,194,25
14062,219,32
14063,0,3
14064,215,33
14065,270,32
14066,0,3
14067,244,29
14068,0,3
14069,0,3
14070,0,3
14071,271,21
14072,426,21
14073,0,3
14074,0,3
14075,324,35
14076,209,26
14077,209,32
14078,487,37
14079,179,22
14080,0,3
14081,0,3
14082,171,21
14083,221,30
14084,234,29
14085,0,3
14086,180,29
14087,0,3
14088,265,33
14089,0,3
14090,0,3
14091,449,35
14092,0,3
14093,369,23
14094,0,3
14095,0,3
14096,212,26
14097,0,3
14098,0,3
14099,0,3
14100,270,29
14101,1,3
14102,0,3
14103,254,33
14104,102,19
14105,0,3
14106,0,3
14107,0,3
14108,266,28
14109,0,3
14110,0,3
14111,540,27
14112,109,16
14113,262,31
14114,223,31
14115,0,3
14116,0,3
14117,457,22
14118,130,17
14119,227,34
14120,332,30
14121,398,21
14122,0,3
14123,0,3
14124,130,16
14125,306,37
14126,0,3
14127,0,3
14128,0,3
14129,199,23
14130,191,26
14131,0,3
14132,25,6
14133,0,3
14134,246,34
14135,231,32
14136,279,16
14137,255,26
14138,165,14
14139,0,3
14140,233,17
14141,249,37
14142,251,26
14143,155,26
14144,0,3
14145,0,3
14146,108,18
14147,434,38
14148,94,16
14149,465,17
14150,246,27
14151,205,29
14152,0,3
14153,0,3
14154,189,27
14155,194,28
14156,258,35
14157,54,9
14158,153,19
14159,168,19
14160,241,28
14161,0,3
14162,263,29
14163,246,30
14164,148,26
14165,211,25
14166,185,23
14167,0,3
14168,140,18
14169,207,26
14170,0,3
14171,0,3
14172,753,26
14173,194,28
14174,0,3
14175,0,3
14176,0,3
14177,0,3
14178,478,23
14179,212,17
14180,11,4
14181,0,3
14182,191,26
14183,270,37
14184,298,35
14185,0,3
14186,104,16
14187,253,25
14188,0,3
14189,277,32
14190,104,21
14191,0,3
14192,0,3
14193,174,25
14194,270,36
14195,229,30
14196,0,3
14197,218,22
14198,290,34
14199,309,36
14200,263,32
14201,179,20
14202,272,22
14203,213,32
14204,415,19
14205,0,3
14206,296,24
14207,79,12
14208,302,37
14209,246,30
14210,105,14
14211,0,3
14212,0,3
14213,271,36
14214,25,5
14215,206,27
14216,206,23
14217,171,21
14218,152,24
14219,154,19
14220,297,28
14221,0,3
14222,305,23
14223,0,3
14224,176,29
14225,204,28
14226,0,3
14227,87,10
14228,282,33
14229,0,3
14230,148,24
14231,221,24
14232,171,20
14233,0,3
14234,301,30
14235,0,3
14236,143,21
14237,182,23
14238,223,36
14239,190,25
14240,0,3
14241,154,29
14242,302,29
14243,0,3
14244,85,15
14245,0,3
14246,0,3
14247,274,32
14248,2,4
14249,144,22
14250,179,23
14251,173,24
14252,0,3
14253,61,8
14254,291,31
14255,0,3
14256,175,19
14257,135,19
14258,167,25
14259,0,3
14260,86,12
14261,0,3
14262,274,25
14263,0,3
14264,140,22
14265,149,20
14266,239,37
14267,0,3
14268,160,21
14269,0,3
14270,240,33
14271,96,15
14272,170,26
14273,0,3
14274,0,3
14275,0,3
14276,148,26
14277,0,3
14278,0,3
14279,97,13
14280,274,25
14281,602,28
14282,0,3
14283,115,16
14284,259,34
14285,189,25
14286,125,18
14287,94,10
14288,96,16
14289,0,3
14290,0,3
14291,138,21
14292,0,3
14293,292,33
14294,0,3
14295,263,32
14296,164,23
14297,169,21
14298,177,24
14299,0,3
14300,229,29
14301,0,3
14302,193,28
14303,1,3
14304,150,24
14305,440,22
14306,173,29
14307,0,3
14308,245,34
14309,202,30
14310,208,26
14311,0,3
14312,0,3
14313,186,23
14314,191,24
14315,130,24
14316,0,3
14317,0,3
14318,254,29
14319,0,3
14320,122,22
14321,0,3
14322,0,3
14323,258,26
14324,56,8
14325,162,24
14326,0,3
14327,45,12
14328,0,3
14329,0,3
14330,154,24
14331,0,3
14332,224,28
14333,190,23
14334,175,21
14335,79,13
14336,159,20
14337,267,31
14338,293,31
14339,172,24
14340,221,26
14341,0,3
14342,0,3
14343,0,3
14344,237,31
14345,0,3
14346,0,3
14347,86,16
14348,291,37
14349,0,3
14350,138,21
14351,209,22
14352,200,31
14353,1,3
14354,205,24
14355,0,3
14356,0,3
14357,0,3
14358,360,41
14359,0,3
14360,240,33
14361,147,17
14362,1,3
14363,67,13
14364,0,3
14365,209,32
14366,0,3
14367,109,16
14368,291,33
14369,0,3
14370,252,25
14371,56,13
14372,0,3
14373,0,3
14374,296,36
14375,191,22
14376,159,24
14377,134,21
14378,1,3
14379,235,31
14380,218,27
14381,0,3
14382,176,28
14383,278,30
14384,0,3
14385,200,26
14386,218,30
14387,195,27
14388,164,21
14389,159,20
14390,0,3
14391,0,3
14392,267,32
14393,0,3
14394,205,31
14395,239,30
14396,198,27
14397,135,17
14398,212,25
14399,127,19
14400,0,3
14401,183,22
14402,59,12
14403,155,26
14404,0,3
14405,16,6
14406,0,3
14407,0,3
14408,146,19
14409,199,26
14410,201,24
14411,182,33
14412,174,24
14413,168,31
14414,117,18
14415,120,18
14416,0,3
14417,0,3
14418,235,31
14419,288,35
14420,192,30
14421,0,3
14422,66,9
14423,260,34
14424,0,3
14425,180,24
14426,178,29
14427,252,38
14428,78,16
14429,226,27
14430,0,3
14431,219,26
14432,268,39
14433,217,26
14434,255,27
14435,145,22
14436,0,3
14437,0,3
14438,262,31
14439,0,3
14440,0,3
14441,0,3
14442,224,30
14443,88,17
14444,0,3
14445,32,5
14446,258,33
14447,0,3
14448,288,34
14449,0,3
14450,317,34
14451,231,32
14452,0,3
14453,1,3
14454,0,3
14455,0,3
14456,73,8
14457,0,3
14458,200,25
14459,0,3
14460,195,26
14461,620,24
14462,0,3
14463,215,25
14464,0,3
14465,0,3
14466,278,29
14467,344,37
14468,0,3
14469,85,13
14470,64,15
14471,271,35
14472,278,33
14473,216,33
14474,218,20
14475,0,3
14476,261,33
14477,187,24
14478,0,3
14479,183,20
14480,227,27
14481,243,35
14482,0,3
14483,138,23
14484,0,3
14485,196,28
14486,0,3
14487,224,27
14488,0,3
14489,152,24
14490,0,3
14491,212,25
14492,243,31
14493,0,3
14494,0,3
14495,335,32
14496,0,3
14497,206,29
14498,0,3
14499,0,3
14500,191,24
14501,794,8
14502,0,3
14503,261,33
14504,216,29
14505,246,33
14506,0,3
14507,204,24
14508,114,18
14509,430,21
14510,104,20
14511,249,28
14512,0,3
14513,1,3
14514,380,8
14515,421,42
14516,0,3
14517,196,24
14518,0,3
14519,335,37
14520,547,28
14521,637,23
14522,195,22
14523,0,3
14524,0,3
14525,214,28
14526,0,3
14527,0,3
14528,0,3
14529,0,3
14530,176,23
14531,724,29
14532,94,16
14533,146,17
14534,0,3
14535,206,22
14536,142,15
14537,0,3
14538,150,25
14539,0,3
14540,389,20
14541,0,3
14542,0,3
14543,155,21
14544,182,22
14545,0,3
14546,194,21
14547,114,20
14548,736,35
14549,211,31
14550,273,27
14551,0,3
14552,0,3
14553,188,24
14554,145,18
14555,0,3
14556,0,3
14557,269,31
14558,0,3
14559,142,19
14560,0,3
14561,295,30
14562,0,3
14563,0,3
14564,195,17
14565,203,29
14566,309,14
14567,0,3
14568,312,30
14569,154,25
14570,146,16
14571,80,16
14572,0,3
14573,195,28
14574,63,15
14575,99,16
14576,0,3
14577,0,3
14578,372,41
14579,1,3
14580,0,3
14581,212,24
14582,0,3
14583,271,30
14584,334,29
14585,199,27
14586,203,28
14587,192,23
14588,0,3
14589,274,20
14590,0,3
14591,111,16
14592,178,23
14593,412,31
14594,76,15
14595,187,24
14596,0,3
14597,178,19
14598,260,37
14599,0,3
14600,0,3
14601,189,17
14602,0,3
14603,0,3
14604,248,34
14605,206,23
14606,299,41
14607,173,23
14608,0,3
14609,0,3
14610,255,28
14611,199,26
14612,128,17
14613,343,32
14614,195,24
14615,167,23
14616,1,3
14617,115,12
14618,109,18
14619,167,26
14620,268,30
14621,478,32
14622,169,21
14623,154,24
14624,245,28
14625,279,34
14626,1,3
14627,0,3
14628,0,3
14629,1,3
14630,248,29
14631,179,25
14632,0,3
14633,0,3
14634,453,22
14635,225,24
14636,434,32
14637,263,33
14638,0,3
14639,0,3
14640,530,28
14641,309,28
14642,0,3
14643,0,3
14644,0,3
14645,328,29
14646,281,34
14647,213,30
14648,265,33
14649,367,35
14650,200,25
14651,0,3
14652,191,28
14653,77,14
14654,156,25
14655,0,3
14656,247,21
14657,0,3
14658,183,28
14659,236,23
14660,251,30
14661,129,21
14662,259,31
14663,0,3
14664,157,21
14665,0,3
14666,283,34
14667,251,23
14668,657,31
14669,106,16
14670,226,31
14671,130,14
14672,167,26
14673,187,25
14674,0,3
14675,171,19
14676,236,31
14677,0,3
14678,0,3
14679,183,30
14680,0,3
14681,161,25
14682,366,37
14683,176,18
14684,1000,31
14685,194,26
14686,241,30
14687,0,3
14688,226,27
14689,340,44
14690,0,3
14691,208,19
14692,7,3
14693,1,3
14694,241,31
14695,322,27
14696,203,27
14697,0,3
14698,0,3
14699,0,3
14700,0,3
14701,166,25
14702,0,3
14703,179,25
14704,137,16
14705,0,3
14706,0,3
14707,0,3
14708,358,31
14709,149,26
14710,0,3
14711,695,29
14712,0,3
14713,0,3
14714,0,3
14715,242,32
14716,309,27
14717,243,34
14718,206,28
14719,186,22
14720,274,28
14721,0,3
14722,288,35
14723,242,25
14724,147,17
14725,228,24
14726,0,3
14727,391,26
14728,229,27
14729,0,3
14730,393,15
14731,165,21
14732,0,3
14733,292,32
14734,0,3
14735,0,3
14736,0,3
14737,0,3
14738,233,28
14739,220,27
14740,89,19
14741,419,25
14742,243,20
14743,207,29
14744,323,36
14745,0,3
14746,0,3
14747,0,3
14748,0,3
14749,322,27
14750,297,29
14751,0,3
14752,181,6
14753,0,3
14754,0,3
14755,0,3
14756,154,25
14757,0,3
14758,0,3
14759,0,3
14760,131,19
14761,127,19
14762,137,21
14763,0,3
14764,0,3
14765,0,3
14766,0,3
14767,0,3
14768,182,26
14769,186,26
14770,158,19
14771,192,28
14772,244,27
14773,230,25
14774,585,20
14775,1,3
14776,0,3
14777,266,22
14778,253,30
14779,0,3
14780,289,36
14781,0,3
14782,224,32
14783,181,20
14784,205,24
14785,262,32
14786,0,3
14787,126,23
14788,132,18
14789,0,3
14790,136,18
14791,0,3
14792,231,28
14793,198,24
14794,211,27
14795,185,27
14796,421,24
14797,0,3
14798,0,3
14799,187,24
14800,0,3
14801,187,24
14802,226,30
14803,185,28
14804,0,3
14805,204,27
14806,690,15
14807,0,3
14808,135,18
14809,0,3
14810,141,15
14811,340,37
14812,176,25
14813,224,32
14814,372,40
14815,288,37
14816,0,3
14817,217,23
14818,82,15
14819,149,22
14820,200,24
14821,223,34
14822,0,3
14823,0,3
14824,318,35
14825,195,31
14826,67,15
14827,70,11
14828,0,3
14829,0,3
14830,193,31
14831,144,25
14832,0,3
14833,431,26
14834,209,25
14835,0,3
14836,229,29
14837,0,3
14838,254,25
14839,0,3
14840,195,26
14841,0,3
14842,199,29
14843,192,29
14844,134,17
14845,124,18
14846,0,3
14847,292,33
14848,0,3
14849,160,20
14850,0,3
14851,0,3
14852,0,3
14853,92,13
14854,236,29
14855,170,18
14856,224,29
14857,0,3
14858,257,33
14859,54,8
14860,208,29
14861,174,24
14862,270,32
14863,0,3
14864,143,23
14865,0,3
14866,235,28
14867,101,19
14868,257,35
14869,0,3
14870,0,3
14871,0,3
14872,264,31
14873,0,3
14874,232,29
14875,224,26
14876,168,23
14877,0,3
14878,157,24
14879,190,25
14880,120,20
14881,170,21
14882,0,3
14883,197,28
14884,0,3
14885,0,3
14886,0,3
14887,0,3
14888,0,3
14889,0,3
14890,257,30
14891,0,3
14892,214,24
14893,179,22
14894,256,32
14895,221,34
14896,319,34
14897,131,17
14898,182,22
14899,0,3
14900,0,3
14901,502,31
14902,0,3
14903,0,3
14904,0,3
14905,0,3
14906,0,3
14907,246,30
14908,187,25
14909,230,31
14910,0,3
14911,336,40
14912,209,27
14913,143,16
14914,0,3
14915,136,26
14916,0,3
14917,251,28
14918,282,32
14919,0,3
14920,157,20
14921,0,3
14922,60,12
14923,0,3
14924,326,39
14925,0,3
14926,182,21
14927,156,24
14928,0,3
14929,131,16
14930,320,36
14931,228,30
14932,0,3
14933,0,3
14934,199,21
14935,181,25
14936,167,24
14937,0,3
14938,297,34
14939,79,14
14940,93,18
14941,364,41
14942,233,24
14943,0,3
14944,241,34
14945,243,17
14946,0,3
14947,0,3
14948,110,21
14949,139,19
14950,43,7
14951,212,33
14952,202,22
14953,0,3
14954,0,3
14955,266,27
14956,157,22
14957,195,26
14958,0,3
14959,0,3
14960,179,19
14961,173,20
14962,234,27
14963,112,19
14964,273,36
14965,115,12
14966,78,15
14967,0,3
14968,0,3
14969,190,26
14970,271,35
14971,195,29
14972,951,32
14973,225,29
14974,0,3
14975,272,23
14976,381,40
14977,149,17
14978,406,28
14979,1000,15
14980,0,3
14981,229,29
14982,159,17
14983,0,3
14984,210,30
14985,64,12
14986,0,3
14987,201,13
14988,267,38
14989,0,3
14990,0,3
14991,173,22
14992,201,27
14993,146,15
14994,210,28
14995,0,3
14996,195,29
14997,132,21
14998,171,25
14999,0,3
15000,246,32
15001,0,3
15002,185,27
15003,0,3
15004,146,21
15005,432,26
15006,172,29
15007,194,23
15008,0,3
15009,0,3
15010,131,11
15011,0,3
15012,0,3
15013,1000,4
15014,170,19
15015,171,14
15016,0,3
15017,0,3
15018,195,27
15019,293,40
15020,0,3
15021,126,13
15022,278,34
15023,257,36
15024,0,3
15025,262,29
15026,165,23
15027,206,23
15028,271,32
15029,0,3
15030,162,17
15031,0,3
15032,583,22
15033,0,3
15034,0,3
15035,159,22
15036,0,3
15037,124,16
15038,0,3
15039,236,22
15040,136,15
15041,160,28
15042,207,22
15043,186,30
15044,198,24
15045,624,36
15046,278,32
15047,190,25
15048,0,3
15049,86,16
15050,0,3
15051,256,30
15052,230,27
15053,142,20
15054,184,19
15055,0,3
15056,264,36
15057,434,27
15058,275,30
15059,239,26
15060,0,3
15061,0,3
15062,148,24
15063,95,14
15064,267,35
15065,39,7
15066,0,3
15067,0,3
15068,0,3
15069,236,28
15070,0,3
15071,118,18
15072,86,14
15073,0,3
15074,0,3
15075,0,3
15076,1000,20
15077,0,3
15078,0,3
15079,0,3
15080,1,3
15081,174,27
15082,0,3
15083,278,30
15084,0,3
15085,152,16
15086,110,11
15087,0,3
15088,0,3
15089,148,22
15090,282,33
15091,0,3
15092,187,22
15093,169,24
15094,200,27
15095,134,17
15096,0,3
15097,51,11
15098,322,34
15099,207,21
15100,58,11
15101,191,26
15102,211,25
15103,200,30
15104,115,19
15105,181,19
15106,0,3
15107,163,23
15108,0,3
15109,0,3
15110,0,3
15111,264,26
15112,0,3
15113,191,22
15114,0,3
15115,159,26
15116,182,21
15117,0,3
15118,232,20
15119,94,17
15120,138,21
15121,88,12
15122,232,31
15123,243,25
15124,0,3
15125,0,3
15126,194,28
15127,230,29
15128,0,3
15129,0,3
15130,0,3
15131,0,3
15132,189,24
15133,224,29
15134,0,3
15135,0,3
15136,228,25
15137,301,33
15138,0,3
15139,0,3
15140,0,3
15141,0,3
15142,83,12
15143,0,3
15144,491,22
15145,174,24
15146,221,26
15147,144,14
15148,129,19
15149,220,26
15150,107,15
15151,405,36
15152,174,28
15153,232,26
15154,317,34
15155,296,31
15156,0,3
15157,237,33
15158,224,30
15159,174,25
15160,187,24
15161,0,3
15162,87,17
15163,160,20
15164,295,28
15165,229,29
15166,186,22
15167,368,24
15168,142,19
15169,123,25
15170,170,25
15171,215,27
15172,0,3
15173,0,3
15174,97,16
15175,183,15
15176,1,3
15177,226,25
15178,141,18
15179,157,23
15180,186,25
15181,264,32
15182,292,38
15183,146,19
15184,0,3
15185,0,3
15186,0,3
15187,167,20
15188,171,24
15189,318,20
15190,175,22
15191,244,28
15192,189,25
15193,0,3
15194,0,3
15195,0,3
15196,230,26
15197,196,24
15198,0,3
15199,128,22
15200,0,3
15201,0,3
15202,0,3
15203,171,24
15204,158,22
15205,121,17
15206,120,15
15207,0,3
15208,210,29
15209,227,25
15210,244,30
15211,280,29
15212,192,23
15213,209,27
15214,0,3
15215,138,20
15216,200,29
15217,0,3
15218,303,39
15219,0,3
15220,0,3
15221,85,14
15222,0,3
15223,0,3
15224,218,36
15225,32,8
15226,287,33
15227,0,3
15228,159,17
15229,354,34
15230,339,37
15231,214,21
15232,543,30
15233,234,28
15234,0,3
15235,0,3
15236,185,27
15237,118,16
15238,97,13
15239,705,31
15240,271,35
15241,0,3
15242,168,22
15243,0,3
15244,80,13
15245,0,3
15246,0,3
15247,0,3
15248,129,17
15249,0,3
15250,24,9
15251,0,3
15252,98,18
15253,192,28
15254,0,3
15255,0,3
15256,235,35
15257,0,3
15258,0,3
15259,257,30
15260,0,3
15261,1000,5
15262,117,18
15263,0,3
15264,205,30
15265,230,27
15266,0,3
15267,0,3
15268,262,29
15269,0,3
15270,236,29
15271,0,3
15272,199,26
15273,358,36
15274,144,20
15275,357,12
15276,1,3
15277,198,22
15278,210,22
15279,232,29
15280,166,25
15281,183,22
15282,0,3
15283,280,32
15284,157,27
15285,166,24
15286,222,28
15287,140,22
15288,231,24
15289,78,18
15290,257,31
15291,217,28
15292,268,37
15293,276,33
15294,0,3
15295,0,3
15296,129,17
15297,197,25
15298,0,3
15299,0,3
15300,186,28
15301,107,16
15302,0,3
15303,170,22
15304,169,18
15305,0,3
15306,0,3
15307,210,28
15308,0,3
15309,171,26
15310,189,23
15311,131,20
15312,146,17
15313,455,33
15314,32,7
15315,87,17
15316,222,27
15317,0,3
15318,200,25
15319,0,3
15320,99,12
15321,177,26
15322,343,29
15323,95,15
15324,207,26
15325,203,23
15326,0,3
15327,0,3
15328,204,27
15329,336,32
15330,125,15
15331,220,29
15332,239,22
15333,233,32
15334,180,26
15335,0,3
15336,574,34
15337,0,3
15338,10,6
15339,96,17
15340,104,16
15341,247,30
15342,0,3
15343,294,33
15344,238,27
15345,181,22
15346,0,3
15347,0,3
15348,220,33
15349,230,27
15350,250,31
15351,340,42
15352,265,37
15353,150,19
15354,287,38
15355,277,30
15356,0,3
15357,153,21
15358,149,16
15359,176,23
15360,0,3
15361,0,3
15362,209,36
15363,170,26
15364,149,24
15365,185,21
15366,0,3
15367,131,21
15368,286,28
15369,274,37
15370,160,24
15371,0,3
15372,0,3
15373,0,3
15374,0,3
15375,0,3
15376,0,3
15377,107,22
15378,0,3
15379,0,3
15380,0,3
15381,265,33
15382,0,3
15383,0,3
15384,0,3
15385,140,20
15386,193,25
15387,367,34
15388,0,3
15389,181,26
15390,0,3
15391,0,3
15392,236,28
15393,232,28
15394,0,3
15395,174,28
15396,251,25
15397,214,28
15398,214,28
15399,170,25
15400,232,26
15401,52,16
15402,197,27
15403,173,22
15404,265,30
15405,297,36
15406,0,3
15407,269,28
15408,0,3
15409,0,3
15410,36,9
15411,247,25
15412,199,26
15413,206,31
15414,170,25
15415,0,3
15416,0,3
15417,0,3
15418,221,29
15419,0,3
15420,0,3
15421,0,3
15422,183,23
15423,227,29
15424,97,15
15425,0,3
15426,0,3
15427,213,25
15428,116,13
15429,239,30
15430,0,3
15431,286,31
15432,119,13
15433,146,13
15434,125,21
15435,162,18
15436,305,35
15437,188,19
15438,0,3
15439,0,3
15440,235,28
15441,0,3
15442,0,3
15443,0,3
15444,276,32
15445,0,3
15446,0,3
15447,0,3
15448,215,32
15449,256,28
15450,265,36
15451,210,28
15452,220,27
15453,233,27
15454,233,29
15455,118,18
15456,269,33
15457,163,19
15458,167,28
15459,0,3
15460,0,3
15461,0,3
15462,232,27
15463,520,34
15464,84,13
15465,215,30
15466,223,26
15467,192,23
15468,189,21
15469,273,29
15470,0,3
15471,286,35
15472,254,33
15473,201,26
15474,116,17
15475,127,15
15476,190,26
15477,263,35
15478,214,24
15479,219,28
15480,0,3
15481,0,3
15482,228,27
15483,266,36
15484,271,23
15485,0,3
15486,219,30
15487,205,24
15488,0,3
15489,182,26
15490,0,3
15491,0,3
15492,350,20
15493,279,32
15494,0,3
15495,445,29
15496,1,3
15497,155,20
15498,272,29
15499,0,3
15500,0,3
15501,200,23
15502,131,22
15503,290,28
15504,171,29
15505,202,23
15506,262,33
15507,136,19
15508,242,28
15509,265,32
15510,218,28
15511,0,3
15512,318,40
15513,0,3
15514,157,19
15515,289,32
15516,0,3
15517,0,3
15518,444,27
15519,0,3
15520,0,3
15521,71,19
15522,167,23
15523,0,3
15524,209,31
15525,0,3
15526,0,3
15527,181,23
15528,108,15
15529,178,26
15530,165,21
15531,0,3
15532,239,31
15533,0,3
15534,0,3
15535,225,23
15536,124,18
15537,258,30
15538,162,23
15539,0,3
15540,151,20
15541,895,23
15542,134,24
15543,472,32
15544,0,3
15545,319,39
15546,221,25
15547,207,22
15548,1,3
15549,0,3
15550,215,26
15551,222,29
15552,179,34
15553,0,3
15554,0,3
15555,1,3
15556,150,17
15557,0,3
15558,263,37
15559,245,33
15560,163,20
15561,100,10
15562,0,3
15563,87,15
15564,142,19
15565,0,3
15566,146,24
15567,287,37
15568,0,3
15569,165,20
15570,185,24
15571,51,8
15572,23,6
15573,243,32
15574,236,31
15575,114,16
15576,98,18
15577,231,29
15578,328,34
15579,339,42
15580,256,28
15581,209,24
15582,158,10
15583,251,33
15584,53,11
15585,308,33
15586,254,32
15587,235,28
15588,0,3
15589,0,3
15590,138,23
15591,225,24
15592,150,17
15593,209,29
15594,0,3
15595,156,19
15596,117,14
15597,115,12
15598,0,3
15599,161,20
15600,280,32
15601,0,3
15602,246,21
15603,281,38
15604,255,31
15605,241,26
15606,231,32
15607,0,3
15608,156,23
15609,179,26
15610,0,3
15611,172,23
15612,0,3
15613,221,24
15614,246,24
15615,0,3
15616,205,30
15617,164,22
15618,0,3
15619,197,33
15620,202,29
15621,0,3
15622,324,6
15623,19,6
15624,0,3
15625,0,3
15626,0,3
15627,148,21
15628,258,28
15629,150,20
15630,0,3
15631,257,28
15632,248,31
15633,70,10
15634,0,3
15635,0,3
15636,312,33
15637,206,29
15638,0,3
15639,207,22
15640,202,27
15641,218,22
15642,148,19
15643,238,27
15644,94,18
15645,242,25
15646,92,11
15647,0,3
15648,101,18
15649,0,3
15650,138,18
15651,0,3
15652,1,3
15653,0,3
15654,236,26
15655,201,20
15656,0,3
15657,234,34
15658,138,19
15659,0,3
15660,0,3
15661,253,32
15662,329,38
15663,0,3
15664,119,19
15665,193,25
15666,1,3
15667,216,25
15668,0,3
15669,203,27
15670,175,21
15671,0,3
15672,222,28
15673,267,34
15674,172,21
15675,256,27
15676,143,22
15677,0,3
15678,0,3
15679,0,3
15680,758,30
15681,281,31
15682,214,29
15683,316,31
15684,175,16
15685,247,32
15686,0,3
15687,225,26
15688,329,45
15689,0,3
15690,256,31
15691,295,34
15692,0,3
15693,254,29
15694,164,23
15695,0,3
15696,274,37
15697,206,22
15698,0,3
15699,0,3
15700,120,21
15701,60,14
15702,264,29
15703,213,26
15704,851,15
15705,148,17
15706,248,35
15707,0,3
15708,0,3
15709,0,3
15710,156,21
15711,170,25
15712,0,3
15713,284,31
15714,230,30
15715,0,3
15716,170,19
15717,89,15
15718,296,36
15719,110,19
15720,70,14
15721,132,20
15722,90,12
15723,139,19
15724,248,33
15725,171,18
15726,91,16
15727,0,3
15728,0,3
15729,0,3
15730,217,27
15731,0,3
15732,225,28
15733,298,20
15734,224,33
15735,0,3
15736,265,35
15737,0,3
15738,238,29
15739,0,3
15740,145,16
15741,215,25
15742,0,3
15743,0,3
15744,321,35
15745,0,3
15746,0,3
15747,339,38
15748,204,27
15749,308,37
15750,195,28
15751,0,3
15752,335,38
15753,0,3
15754,225,24
15755,0,3
15756,244,36
15757,237,33
15758,0,3
15759,147,27
15760,0,3
15761,0,3
15762,0,3
15763,0,3
15764,0,3
15765,0,3
15766,174,21
15767,0,3
15768,137,21
15769,0,3
15770,246,26
15771,0,3
15772,235,29
15773,0,3
15774,0,3
15775,234,35
15776,309,36
15777,204,26
15778,131,18
15779,213,28
15780,656,29
15781,233,28
15782,329,22
15783,0,3
15784,136,22
15785,0,3
15786,96,10
15787,0,3
15788,163,20
15789,0,3
15790,208,22
15791,177,24
15792,165,21
15793,0,3
15794,0,3
15795,0,3
15796,232,28
15797,151,23
15798,177,25
15799,844,22
15800,0,3
15801,29,5
15802,119,15
15803,112,19
15804,258,36
15805,0,3
15806,238,22
15807,153,27
15808,174,22
15809,0,3
15810,1,3
15811,0,3
15812,210,29
15813,44,10
15814,0,3
15815,323,29
15816,203,35
15817,0,3
15818,0,3
15819,95,14
15820,0,3
15821,0,3
15822,431,26
15823,0,3
15824,222,25
15825,1,3
15826,218,22
15827,207,24
15828,0,3
15829,263,36
15830,176,26
15831,285,27
15832,114,16
15833,333,35
15834,93,12
15835,183,26
15836,179,26
15837,0,3
15838,121,18
15839,0,3
15840,155,24
15841,0,3
15842,134,18
15843,0,3
15844,230,25
15845,0,3
15846,213,31
15847,167,26
15848,0,3
15849,0,3
15850,256,28
15851,333,30
15852,146,21
15853,0,3
15854,0,3
15855,125,14
15856,154,18
15857,188,24
15858,239,28
15859,239,28
15860,0,3
15861,304,27
15862,185,26
15863,183,28
15864,104,14
15865,239,30
15866,0,3
15867,221,26
15868,237,26
15869,0,3
15870,103,16
15871,115,17
15872,250,28
15873,329,37
15874,0,3
15875,258,28
15876,0,3
15877,186,27
15878,0,3
15879,244,28
15880,153,23
15881,167,27
15882,173,26
15883,229,34
15884,0,3
15885,0,3
15886,114,20
15887,0,3
15888,282,27
15889,0,3
15890,0,3
15891,150,20
15892,212,17
15893,287,37
15894,292,26
15895,240,28
15896,255,34
15897,0,3
15898,509,25
15899,246,29
15900,0,3
15901,0,3
15902,183,25
15903,238,32
15904,182,25
15905,0,3
15906,250,33
15907,117,17
15908,160,24
15909,104,17
15910,575,26
15911,148,22
15912,215,26
15913,259,29
15914,0,3
15915,346,28
15916,182,23
15917,189,24
15918,209,22
15919,0,3
15920,31,10
15921,0,3
15922,299,35
15923,0,3
15924,0,3
15925,234,20
15926,153,24
15927,397,20
15928,509,33
15929,227,21
15930,0,3
15931,200,26
15932,147,20
15933,233,25
15934,0,3
15935,316,36
15936,160,25
15937,0,3
15938,0,3
15939,217,30
15940,234,32
15941,106,17
15942,307,33
15943,0,3
15944,0,3
15945,0,3
15946,239,29
15947,198,23
15948,112,20
15949,166,26
15950,0,3
15951,209,29
15952,166,28
15953,293,27
15954,226,28
15955,282,32
15956,205,20
15957,111,19
15958,305,35
15959,1,3
15960,88,18
15961,168,25
15962,187,24
15963,271,26
15964,329,37
15965,133,14
15966,354,33
15967,154,19
15968,136,16
15969,173,24
15970,225,37
15971,237,31
15972,390,20
15973,162,27
15974,0,3
15975,288,30
15976,8,4
15977,97,14
15978,225,31
15979,305,32
15980,141,20
15981,186,24
15982,96,17
15983,0,3
15984,308,20
15985,329,44
15986,119,16
15987,0,3
15988,209,22
15989,399,31
15990,243,34
15991,169,27
15992,112,16
15993,242,26
15994,347,29
15995,177,19
15996,186,32
15997,185,23
15998,158,23
15999,0,3
16000,152,20
16001,207,25
16002,54,7
16003,136,20
16004,148,17
16005,0,3
16006,0,3
16007,0,3
16008,17,5
16009,247,30
16010,0,3
16011,134,22
16012,129,23
16013,149,23
16014,0,3
16015,0,3
16016,265,32
16017,173,18
16018,212,31
16019,118,18
16020,159,28
16021,0,3
16022,0,3
16023,53,6
16024,237,32
16025,2,3
16026,287,24
16027,180,20
16028,314,31
16029,0,3
16030,0,3
16031,280,28
16032,0,3
16033,57,10
16034,0,3
16035,0,3
16036,176,20
16037,0,3
16038,0,3
16039,0,3
16040,205,26
16041,0,3
16042,212,25
16043,320,37
16044,182,24
16045,283,33
16046,506,29
16047,487,28
16048,0,3
16049,292,35
16050,206,24
16051,234,29
16052,200,24
16053,0,3
16054,287,34
16055,0,3
16056,161,21
16057,0,3
16058,0,3
16059,220,26
16060,180,22
16061,0,3
16062,279,25
16063,296,39
16064,0,3
16065,169,26
16066,0,3
16067,224,28
16068,190,22
16069,240,34
16070,0,3
16071,0,3
16072,118,20
16073,284,26
16074,53,14
16075,212,25
16076,148,25
16077,0,3
16078,0,3
16079,302,33
16080,267,33
16081,227,30
16082,770,21
16083,0,3
16084,0,3
16085,214,30
16086,109,13
16087,0,3
16088,126,17
16089,149,18
16090,0,3
16091,215,27
16092,270,35
16093,0,3
16094,185,29
16095,204,27
16096,0,3
16097,0,3
16098,154,26
16099,219,29
16100,274,31
16101,269,37
16102,194,24
16103,128,21
16104,195,24
16105,251,27
16106,205,23
16107,332,35
16108,215,23
16109,0,3
16110,63,12
16111,0,3
16112,128,18
16113,0,3
16114,181,28
16115,1000,24
16116,166,25
16117,0,3
16118,123,20
16119,261,30
16120,145,19
16121,187,24
16122,231,32
16123,0,3
16124,0,3
16125,0,3
16126,255,27
16127,0,3
16128,0,3
16129,230,31
16130,288,29
16131,0,3
16132,0,3
16133,222,7
16134,269,31
16135,165,24
16136,226,29
16137,156,22
16138,0,3
16139,0,3
16140,0,3
16141,162,23
16142,69,11
16143,174,22
16144,177,20
16145,230,23
16146,321,28
16147,0,3
16148,0,3
16149,0,3
16150,0,3
16151,0,3
16152,213,15
16153,152,20
16154,169,23
16155,191,27
16156,0,3
16157,109,20
16158,212,29
16159,134,16
16160,257,26
16161,262,31
16162,161,25
16163,256,22
16164,163,25
16165,268,32
16166,187,26
16167,166,25
16168,0,3
16169,0,3
16170,215,21
16171,0,3
16172,72,10
16173,0,3
16174,0,3
16175,474,22
16176,296,34
16177,135,15
16178,0,3
16179,0,3
16180,200,23
16181,290,33
16182,140,23
16183,0,3
16184,165,25
16185,0,3
16186,205,23
16187,0,3
16188,160,23
16189,225,25
16190,172,20
16191,0,3
16192,0,3
16193,0,3
16194,0,3
16195,207,25
16196,203,27
16197,0,3
16198,165,22
16199,76,15
16200,192,25
16201,0,3
16202,96,14
16203,0,3
16204,0,3
16205,166,22
16206,182,24
16207,0,3
16208,208,21
16209,216,30
16210,126,19
16211,0,3
16212,114,17
16213,0,3
16214,0,3
16215,220,31
16216,184,29
16217,182,18
16218,272,29
16219,191,24
16220,136,18
16221,1,3
16222,175,22
16223,0,3
16224,263,22
16225,375,33
16226,136,17
16227,275,26
16228,0,3
16229,0,3
16230,301,39
16231,0,3
16232,124,18
16233,0,3
16234,0,3
16235,0,3
16236,224,24
16237,0,3
16238,176,21
16239,278,22
16240,282,37
16241,243,28
16242,192,20
16243,341,33
16244,209,20
16245,450,29
16246,0,3
16247,107,18
16248,0,3
16249,228,34
16250,0,3
16251,177,25
16252,178,23
16253,142,23
16254,214,29
16255,127,16
16256,0,3
16257,0,3
16258,0,3
16259,307,39
16260,171,22
16261,258,30
16262,0,3
16263,0,3
16264,227,30
16265,202,26
16266,0,3
16267,0,3
16268,229,30
16269,0,3
16270,315,37
16271,21,5
16272,206,34
16273,153,21
16274,0,3
16275,0,3
16276,302,28
16277,342,38
16278,394,29
16279,102,15
16280,143,20
16281,262,33
16282,228,24
16283,207,27
16284,0,3
16285,160,17
16286,0,3
16287,0,3
16288,145,23
16289,153,26
16290,186,22
16291,137,24
16292,0,3
16293,0,3
16294,0,3
16295,128,17
16296,134,21
16297,280,41
16298,265,32
16299,0,3
16300,140,21
16301,170,27
16302,5,4
16303,255,36
16304,103,16
16305,0,3
16306,0,3
16307,0,3
16308,238,29
16309,0,3
16310,214,31
16311,216,28
16312,150,18
16313,194,18
16314,130,16
16315,227,33
16316,0,3
16317,88,14
16318,312,36
16319,0,3
16320,210,25
16321,1000,4
16322,0,3
16323,0,3
16324,86,18
16325,169,24
16326,0,3
16327,112,19
16328,1,3
16329,772,19
16330,0,3
16331,0,3
16332,104,15
16333,191,21
16334,77,14
16335,0,3
16336,336,15
16337,171,18
16338,223,36
16339,0,3
16340,271,30
16341,197,26
16342,377,26
16343,227,26
16344,0,3
16345,160,22
16346,264,33
16347,106,15
16348,226,35
16349,434,22
16350,278,27
16351,232,20
16352,0,3
16353,215,30
16354,221,28
16355,325,34
16356,337,27
16357,0,3
16358,0,3
16359,313,31
16360,196,26
16361,197,26
16362,147,18
16363,274,30
16364,332,36
16365,1,3
16366,99,18
16367,341,34
16368,0,3
16369,227,27
16370,0,3
16371,132,17
16372,75,14
16373,217,28
16374,162,22
16375,0,3
16376,0,3
16377,0,3
16378,0,3
16379,165,25
16380,0,3
16381,231,31
16382,180,26
16383,0,3
16384,237,30
16385,0,3
16386,118,18
16387,0,3
16388,110,18
16389,0,3
16390,290,32
16391,98,20
16392,214,24
16393,411,45
16394,151,25
16395,0,3
16396,156,19
16397,262,27
16398,202,32
16399,229,29
16400,0,3
16401,248,36
16402,0,3
16403,0,3
16404,0,3
16405,0,3
16406,169,25
16407,327,26
16408,0,3
16409,0,3
16410,0,3
16411,157,23
16412,0,3
16413,276,30
16414,0,3
16415,182,22
16416,94,18
16417,231,28
16418,0,3
16419,0,3
16420,215,24
16421,32,6
16422,0,3
16423,0,3
16424,175,25
16425,0,3
16426,108,17
16427,216,26
16428,217,22
16429,200,26
16430,101,15
16431,235,31
16432,205,28
16433,0,3
16434,124,16
16435,165,16
16436,68,10
16437,162,19
16438,0,3
16439,0,3
16440,158,16
16441,213,26
16442,171,25
16443,322,39
16444,0,3
16445,0,3
16446,175,21
16447,148,26
16448,135,17
16449,274,34
16450,241,30
16451,54,14
16452,0,3
16453,207,30
16454,107,12
16455,0,3
16456,0,3
16457,169,24
16458,231,32
16459,280,33
16460,314,40
16461,319,25
16462,361,43
16463,0,3
16464,0,3
16465,145,22
16466,160,19
16467,0,3
16468,96,14
16469,0,3
16470,0,3
16471,296,33
16472,0,3
16473,215,25
16474,1,3
16475,156,22
16476,621,34
16477,163,25
16478,193,24
16479,244,26
16480,0,3
16481,0,3
16482,0,3
16483,222,34
16484,280,34
16485,186,28
16486,0,3
16487,0,3
16488,0,3
16489,166,19
16490,144,21
16491,0,3
16492,0,3
16493,267,30
16494,138,22
16495,199,28
16496,238,32
16497,91,14
16498,157,21
16499,0,3
16500,175,24
16501,194,28
16502,290,30
16503,0,3
16504,0,3
16505,305,33
16506,223,30
16507,0,3
16508,0,3
16509,101,16
16510,159,22
16511,1000,4
16512,0,3
16513,617,40
16514,1,2
16515,253,22
16516,0,3
16517,212,32
16518,0,3
16519,0,3
16520,116,20
16521,0,3
16522,0,3
16523,159,20
16524,200,31
16525,151,25
16526,226,31
16527,212,29
16528,0,3
16529,249,35
16530,0,3
16531,0,3
16532,181,20
16533,126,15
16534,171,26
16535,0,3
16536,213,19
16537,360,31
16538,0,3
16539,234,30
16540,743,33
16541,71,13
16542,0,3
16543,140,18
16544,0,3
16545,185,32
16546,417,18
16547,0,3
16548,74,14
16549,0,3
16550,315,27
16551,0,3
16552,0,3
16553,22,6
16554,227,26
16555,188,27
16556,223,29
16557,300,32
16558,152,24
16559,221,21
16560,177,27
16561,260,31
16562,306,37
16563,0,3
16564,0,3
16565,240,21
16566,210,22
16567,226,28
16568,0,3
16569,0,3
16570,323,30
16571,23,4
16572,257,32
16573,215,26
16574,270,29
16575,0,3
16576,277,32
16577,205,22
16578,198,26
16579,0,3
16580,148,22
16581,278,32
16582,0,3
16583,139,16
16584,0,3
16585,227,32
16586,184,25
16587,210,26
16588,322,34
16589,0,3
16590,327,23
16591,142,22
16592,173,21
16593,0,3
16594,0,3
16595,356,41
16596,149,19
16597,0,3
16598,0,3
16599,247,32
16600,0,3
16601,0,3
16602,144,22
16603,0,3
16604,302,35
16605,239,29
16606,156,20
16607,0,3
16608,155,21
16609,0,3
16610,0,3
16611,0,3
16612,176,22
16613,0,3
16614,0,3
16615,0,3
16616,180,19
16617,211,26
16618,239,20
16619,0,3
16620,212,24
16621,0,3
16622,97,20
16623,0,3
16624,215,31
16625,257,33
16626,121,17
16627,173,22
16628,283,37
16629,219,23
16630,69,12
16631,0,3
16632,142,22
16633,250,30
16634,259,34
16635,117,17
16636,0,3
16637,215,29
16638,174,23
16639,141,21
16640,244,32
16641,231,26
16642,138,18
16643,106,17
16644,188,22
16645,265,32
16646,0,3
16647,1,3
16648,31,7
16649,181,26
16650,0,3
16651,0,3
16652,0,3
16653,247,33
16654,0,3
16655,0,3
16656,0,3
16657,496,20
16658,0,3
16659,211,27
16660,0,3
16661,0,3
16662,0,3
16663,25,7
16664,225,26
16665,0,3
16666,0,3
16667,154,22
16668,304,34
16669,248,31
16670,0,3
16671,111,21
16672,194,24
16673,0,3
16674,0,3
16675,195,25
16676,173,27
16677,182,21
16678,18,5
16679,227,27
16680,338,38
16681,601,21
16682,202,30
16683,124,17
16684,169,25
16685,250,33
16686,158,22
16687,1,3
16688,0,3
16689,0,3
16690,171,20
16691,278,38
16692,634,28
16693,175,24
16694,100,16
16695,218,22
16696,230,27
16697,215,30
16698,61,11
16699,278,32
16700,289,32
16701,147,18
16702,0,3
16703,248,32
16704,0,3
16705,167,22
16706,219,27
16707,207,23
16708,0,3
16709,0,3
16710,207,28
16711,361,41
16712,0,3
16713,0,3
16714,229,24
16715,177,23
16716,141,17
16717,148,18
16718,249,31
16719,313,41
16720,0,3
16721,123,18
16722,0,3
16723,350,35
16724,357,32
16725,231,31
16726,119,15
16727,353,28
16728,0,3
16729,188,28
16730,0,3
16731,0,3
16732,237,33
16733,55,11
16734,0,3
16735,0,3
16736,214,29
16737,143,24
16738,245,31
16739,0,3
16740,309,33
16741,307,38
16742,439,18
16743,186,25
16744,308,44
16745,275,29
16746,234,31
16747,0,3
16748,137,23
16749,236,28
16750,247,37
16751,272,25
16752,164,26
16753,269,33
16754,0,3
16755,189,30
16756,213,34
16757,299,30
16758,266,32
16759,117,18
16760,193,27
16761,253,30
16762,0,3
16763,0,3
16764,198,26
16765,325,37
16766,375,31
16767,154,24
16768,245,31
16769,0,3
16770,296,29
16771,106,19
16772,0,3
16773,184,29
16774,0,3
16775,183,27
16776,914,29
16777,0,3
16778,118,9
16779,195,29
16780,334,34
16781,0,3
16782,198,27
16783,0,3
16784,125,19
16785,0,3
16786,175,25
16787,207,29
16788,184,29
16789,72,10
16790,313,30
16791,135,19
16792,235,28
16793,341,31
16794,0,3
16795,250,27
16796,0,3
16797,177,26
16798,0,3
16799,189,22
16800,0,3
16801,0,3
16802,0,3
16803,691,33
16804,0,3
16805,0,3
16806,142,17
16807,137,19
16808,166,22
16809,84,14
16810,0,3
16811,0,3
16812,213,28
16813,31,7
16814,193,25
16815,225,33
16816,170,28
16817,0,3
16818,262,31
16819,0,3
16820,0,3
16821,168,23
16822,106,18
16823,0,3
16824,184,25
16825,125,19
16826,0,3
16827,293,29
16828,210,32
16829,160,24
16830,369,40
16831,0,3
16832,237,29
16833,0,3
16834,159,17
16835,178,24
16836,139,26
16837,275,33
16838,0,3
16839,0,3
16840,0,3
16841,338,32
16842,274,40
16843,281,33
16844,265,31
16845,235,30
16846,0,3
16847,280,34
16848,250,36
16849,132,22
16850,0,3
16851,188,27
16852,0,3
16853,342,35
16854,212,30
16855,647,27
16856,202,31
16857,224,36
16858,228,29
16859,87,17
16860,258,23
16861,0,3
16862,0,3
16863,45,8
16864,192,24
16865,183,23
16866,304,30
16867,231,26
16868,0,3
16869,0,3
16870,22,4
16871,221,23
16872,232,27
16873,155,24
16874,0,3
16875,217,29
16876,0,3
16877,0,3
16878,79,11
16879,211,26
16880,0,3
16881,282,35
16882,0,3
16883,174,22
16884,306,21
16885,0,3
16886,0,3
16887,276,33
16888,145,15
16889,371,40
16890,349,38
16891,388,30
16892,294,30
16893,278,34
16894,193,27
16895,0,3
16896,167,22
16897,150,21
16898,230,33
16899,157,20
16900,234,31
16901,0,3
16902,196,28
16903,224,28
16904,357,18
16905,21,5
16906,0,3
16907,0,3
16908,310,36
16909,0,3
16910,157,20
16911,234,31
16912,447,36
16913,162,21
16914,230,33
16915,99,12
16916,0,3
16917,239,24
16918,277,32
16919,0,3
16920,186,20
16921,0,3
16922,284,34
16923,200,30
16924,0,3
16925,0,3
16926,229,26
16927,191,23
16928,0,3
16929,0,3
16930,148,20
16931,212,31
16932,0,3
16933,143,20
16934,0,3
16935,0,3
16936,0,3
16937,219,25
16938,191,28
16939,0,3
16940,318,40
16941,131,17
16942,0,3
16943,0,3
16944,342,25
16945,65,11
16946,595,22
16947,381,33
16948,140,19
16949,0,3
16950,80,13
16951,0,3
16952,0,3
16953,0,3
16954,115,16
16955,246,26
16956,250,28
16957,217,30
16958,180,23
16959,320,30
16960,0,3
16961,0,3
16962,108,12
16963,185,16
16964,0,3
16965,96,20
16966,235,25
16967,279,33
16968,262,31
16969,289,37
16970,107,17
16971,210,26
16972,112,17
16973,187,29
16974,71,16
16975,219,32
16976,0,3
16977,0,3
16978,0,3
16979,350,44
16980,0,3
16981,0,3
16982,0,3
16983,142,21
16984,187,23
16985,87,15
16986,0,3
16987,178,24
16988,131,17
16989,240,29
16990,0,3
16991,0,3
16992,284,33
16993,261,30
16994,54,11
16995,162,26
16996,0,3
16997,0,3
16998,133,18
16999,211,28
17000,223,29
17001,0,3
17002,112,16
17003,0,3
17004,362,38
17005,140,20
17006,155,21
17007,251,28
17008,0,3
17009,0,3
17010,0,3
17011,266,27
17012,273,31
17013,247,31
17014,0,3
17015,256,32
17016,322,38
17017,0,3
17018,279,32
17019,0,3
17020,0,3
17021,131,18
17022,381,47
17023,207,27
17024,271,25
17025,307,33
17026,0,3
17027,0,3
17028,0,3
17029,237,30
17030,157,20
17031,282,37
17032,183,26
17033,0,3
17034,389,43
17035,189,25
17036,119,17
17037,0,3
17038,0,3
17039,1,3
17040,312,37
17041,192,23
17042,188,31
17043,190,28
17044,193,26
17045,108,16
17046,234,26
17047,0,3
17048,0,3
17049,0,3
17050,268,30
17051,168,25
17052,207,27
17053,0,3
17054,161,23
17055,312,33
17056,139,22
17057,275,35
17058,120,20
17059,210,27
17060,137,18
17061,54,8
17062,0,3
17063,174,31
17064,0,3
17065,0,3
17066,198,25
17067,135,16
17068,173,22
17069,204,29
17070,156,25
17071,0,3
17072,353,35
17073,298,34
17074,0,3
17075,0,3
17076,245,36
17077,239,36
17078,270,34
17079,98,18
17080,145,24
17081,288,30
17082,261,33
17083,0,3
17084,0,3
17085,247,34
17086,118,18
17087,273,36
17088,124,16
17089,196,26
17090,131,17
17091,186,27
17092,242,25
17093,303,35
17094,287,38
17095,279,34
17096,0,3
17097,0,3
17098,6,4
17099,0,3
17100,150,26
17101,290,38
17102,252,25
17103,0,3
17104,1,3
17105,0,3
17106,0,3
17107,97,17
17108,295,29
17109,160,19
17110,0,3
17111,0,3
17112,0,3
17113,0,3
17114,181,29
17115,252,36
17116,0,3
17117,105,17
17118,0,3
17119,159,19
17120,0,3
17121,0,3
17122,173,25
17123,159,16
17124,0,3
17125,0,3
17126,205,26
17127,268,31
17128,374,27
17129,172,24
17130,0,3
17131,256,30
17132,102,16
17133,168,21
17134,0,3
17135,155,22
17136,266,25
17137,0,3
17138,246,30
17139,0,3
17140,153,20
17141,0,3
17142,243,30
17143,149,14
17144,122,20
17145,0,3
17146,0,3
17147,0,3
17148,0,3
17149,257,37
17150,222,23
17151,0,3
17152,120,20
17153,0,3
17154,0,3
17155,0,3
17156,143,21
17157,0,3
17158,202,23
17159,0,3
17160,165,21
17161,123,19
17162,181,18
17163,0,3
17164,0,3
17165,0,3
17166,0,3
17167,325,35
17168,217,24
17169,211,29
17170,0,3
17171,0,3
17172,0,3
17173,228,28
17174,0,3
17175,333,36
17176,183,26
17177,270,30
17178,0,3
17179,0,3
17180,0,3
17181,143,21
17182,135,21
17183,317,28
17184,0,3
17185,0,3
17186,0,3
17187,260,28
17188,0,3
17189,260,32
17190,0,3
17191,302,36
17192,0,3
17193,325,40
17194,0,3
17195,0,3
17196,0,3
17197,0,3
17198,232,30
17199,0,3
17200,321,20
17201,0,3
17202,331,33
17203,201,28
17204,172,29
17205,175,28
17206,231,27
17207,219,29
17208,0,3
17209,0,3
17210,263,34
17211,0,3
17212,262,28
17213,220,28
17214,256,29
17215,193,32
17216,0,3
17217,0,3
17218,224,30
17219,125,20
17220,57,11
17221,0,3
17222,335,37
17223,0,3
17224,0,3
17225,351,41
17226,169,26
17227,257,34
17228,286,37
17229,0,3
17230,717,24
17231,0,3
17232,281,37
17233,290,27
17234,173,20
17235,233,26
17236,1,3
17237,197,25
17238,205,27
17239,0,3
17240,42,7
17241,0,3
17242,156,24
17243,276,41
17244,216,19
17245,0,3
17246,273,37
17247,0,3
17248,196,26
17249,0,3
17250,0,3
17251,109,19
17252,0,3
17253,156,20
17254,133,25
17255,143,20
17256,108,19
17257,229,26
17258,0,3
17259,0,3
17260,0,3
17261,228,27
17262,0,3
17263,0,3
17264,230,28
17265,1000,4
17266,151,24
17267,208,23
17268,318,30
17269,287,37
17270,0,3
17271,183,19
17272,0,3
17273,227,25
17274,201,28
17275,167,19
17276,0,3
17277,139,25
17278,145,19
17279,220,24
17280,0,3
17281,244,33
17282,174,26
17283,0,3
17284,274,27
17285,202,30
17286,0,3
17287,0,3
17288,182,24
17289,270,29
17290,0,3
17291,0,3
17292,0,3
17293,103,11
17294,294,31
17295,233,33
17296,0,3
17297,191,23
17298,165,25
17299,0,3
17300,0,3
17301,218,30
17302,0,3
17303,231,32
17304,745,34
17305,255,23
17306,0,3
17307,168,26
17308,0,3
17309,236,29
17310,155,25
17311,0,3
17312,0,3
17313,266,29
17314,149,17
17315,0,3
17316,0,3
17317,165,21
17318,0,3
17319,202,26
17320,201,26
17321,206,31
17322,0,3
17323,245,31
17324,220,25
17325,231,15
17326,171,23
17327,159,24
17328,90,15
17329,233,34
17330,164,25
17331,214,30
17332,0,3
17333,100,20
17334,196,27
17335,0,3
17336,138,26
17337,213,24
17338,136,21
17339,267,37
17340,149,20
17341,0,3
17342,240,26
17343,145,14
17344,180,24
17345,369,35
17346,190,27
17347,207,24
17348,303,28
17349,164,20
17350,93,14
17351,0,3
17352,173,20
17353,0,3
17354,0,3
17355,0,3
17356,94,12
17357,210,26
17358,260,38
17359,239,35
17360,269,32
17361,0,3
17362,146,21
17363,292,32
17364,0,3
17365,0,3
17366,0,3
17367,0,3
17368,0,3
17369,169,22
17370,237,28
17371,0,3
17372,138,21
17373,737,27
17374,165,21
17375,0,3
17376,81,17
17377,284,30
17378,210,28
17379,275,36
17380,0,3
17381,0,3
17382,170,20
17383,178,25
17384,177,28
17385,0,3
17386,47,8
17387,0,3
17388,0,3
17389,257,31
17390,0,3
17391,131,15
17392,262,36
17393,0,3
17394,0,3
17395,130,17
17396,219,28
17397,239,31
17398,0,3
17399,0,3
17400,121,17
17401,200,25
17402,188,25
17403,222,28
17404,187,25
17405,262,31
17406,304,39
17407,0,3
17408,60,11
17409,0,3
17410,242,30
17411,0,3
17412,229,25
17413,207,20
17414,228,24
17415,0,3
17416,228,30
17417,211,31
17418,306,28
17419,0,3
17420,248,37
17421,0,3
17422,0,3
17423,148,21
17424,450,33
17425,166,27
17426,0,3
17427,0,3
17428,0,3
17429,244,33
17430,0,3
17431,144,19
17432,142,25
17433,105,16
17434,145,20
17435,1,3
17436,183,21
17437,0,3
17438,229,32
17439,149,20
17440,0,3
17441,0,3
17442,37,8
17443,135,19
17444,0,3
17445,0,3
17446,0,3
17447,0,3
17448,0,3
17449,191,28
17450,344,40
17451,0,3
17452,234,32
17453,157,17
17454,0,3
17455,80,15
17456,205,28
17457,0,3
17458,229,29
17459,201,21
17460,0,3
17461,352,35
17462,169,26
17463,0,3
17464,168,27
17465,139,25
17466,0,3
17467,0,3
17468,156,15
17469,0,3
17470,51,7
17471,0,3
17472,187,28
17473,231,36
17474,173,24
17475,179,27
17476,0,3
17477,258,31
17478,192,24
17479,143,21
17480,349,35
17481,184,24
17482,192,31
17483,192,33
17484,163,24
17485,267,31
17486,110,16
17487,292,24
17488,0,3
17489,0,3
17490,0,3
17491,282,37
17492,235,31
17493,303,37
17494,0,3
17495,0,3
17496,171,28
17497,0,3
17498,0,3
17499,0,3
17500,0,3
17501,150,17
17502,590,46
17503,0,3
17504,168,27
17505,285,37
17506,178,30
17507,205,32
17508,0,3
17509,181,24
17510,0,3
17511,0,3
17512,187,29
17513,0,3
17514,156,25
17515,185,22
17516,0,3
17517,0,3
17518,0,3
17519,222,27
17520,115,18
17521,0,3
17522,0,3
17523,335,35
17524,218,19
17525,174,23
17526,223,29
17527,141,21
17528,0,3
17529,225,29
17530,0,3
17531,0,3
17532,171,23
17533,253,32
17534,278,34
17535,0,3
17536,251,29
17537,0,3
17538,0,3
17539,0,3
17540,190,27
17541,245,26
17542,186,24
17543,207,33
17544,514,22
17545,248,31
17546,0,3
17547,43,6
17548,190,24
17549,377,43
17550,213,26
17551,1,3
17552,0,3
17553,199,32
17554,153,15
17555,0,3
17556,118,17
17557,56,11
17558,0,3
17559,116,22
17560,0,3
17561,247,34
17562,485,32
17563,90,12
17564,198,24
17565,0,3
17566,0,3
17567,206,28
17568,167,26
17569,211,29
17570,0,3
17571,0,3
17572,209,28
17573,136,21
17574,103,19
17575,102,13
17576,0,3
17577,0,3
17578,188,26
17579,333,23
17580,189,24
17581,95,14
17582,228,29
17583,319,37
17584,0,3
17585,297,36
17586,226,29
17587,121,19
17588,0,3
17589,0,3
17590,232,34
17591,0,3
17592,0,3
17593,205,27
17594,1,3
17595,0,3
17596,0,3
17597,165,26
17598,106,20
17599,294,33
17600,176,25
17601,187,23
17602,0,3
17603,0,3
17604,180,23
17605,157,21
17606,150,20
17607,145,29
17608,0,3
17609,0,3
17610,238,29
17611,164,26
17612,582,31
17613,296,26
17614,163,23
17615,158,22
17616,205,20
17617,237,30
17618,146,24
17619,0,3
17620,0,3
17621,96,18
17622,257,37
17623,0,3
17624,73,14
17625,99,16
17626,177,24
17627,147,20
17628,289,38
17629,0,3
17630,147,19
17631,223,23
17632,212,28
17633,89,14
17634,125,19
17635,0,3
17636,0,3
17637,0,3
17638,133,19
17639,221,26
17640,445,48
17641,331,41
17642,164,18
17643,242,28
17644,305,27
17645,0,3
17646,273,35
17647,246,28
17648,0,3
17649,106,14
17650,207,20
17651,291,34
17652,688,34
17653,0,3
17654,0,3
17655,0,3
17656,0,3
17657,256,31
17658,0,3
17659,219,28
17660,81,10
17661,257,30
17662,310,25
17663,0,3
17664,154,25
17665,89,13
17666,106,15
17667,138,19
17668,244,27
17669,84,14
17670,0,3
17671,111,15
17672,180,27
17673,170,24
17674,47,6
17675,264,29
17676,0,3
17677,181,33
17678,292,35
17679,383,19
17680,0,3
17681,216,24
17682,0,3
17683,218,18
17684,0,3
17685,243,27
17686,0,3
17687,178,23
17688,293,37
17689,175,17
17690,199,27
17691,147,20
17692,316,27
17693,35,8
17694,198,27
17695,85,12
17696,269,31
17697,0,3
17698,216,22
17699,30,5
17700,0,3
17701,121,18
17702,203,27
17703,235,32
17704,198,25
17705,0,3
17706,0,3
17707,0,3
17708,116,15
17709,35,11
17710,90,16
17711,164,23
17712,183,25
17713,243,28
17714,0,3
17715,272,30
17716,202,22
17717,1,3
17718,254,23
17719,0,3
17720,147,22
17721,0,3
17722,1000,16
17723,184,20
17724,160,28
17725,270,34
17726,211,25
17727,151,19
17728,222,29
17729,294,31
17730,177,26
17731,0,3
17732,314,33
17733,0,3
17734,0,3
17735,165,23
17736,169,25
17737,293,33
17738,325,27
17739,123,22
17740,250,26
17741,0,3
17742,251,37
17743,275,37
17744,0,3
17745,0,3
17746,161,21
17747,236,23
17748,210,31
17749,296,32
17750,283,31
17751,175,29
17752,0,3
17753,90,17
17754,148,20
17755,198,23
17756,236,25
17757,0,3
17758,0,3
17759,270,33
17760,94,20
17761,293,36
17762,0,3
17763,274,36
17764,0,3
17765,139,18
17766,0,3
17767,116,20
17768,159,26
17769,0,3
17770,0,3
17771,29,7
17772,313,38
17773,175,22
17774,185,25
17775,0,3
17776,721,14
17777,189,25
17778,131,22
17779,402,29
17780,286,36
17781,0,3
17782,255,28
17783,0,3
17784,224,23
17785,232,33
17786,0,3
17787,0,3
17788,233,23
17789,109,16
17790,195,26
17791,160,25
17792,0,3
17793,0,3
17794,241,31
17795,0,3
17796,0,3
17797,202,29
17798,88,17
17799,0,3
17800,0,3
17801,1000,7
17802,114,18
17803,261,31
17804,65,15
17805,120,16
17806,89,16
17807,156,24
17808,0,3
17809,245,24
17810,0,3
17811,0,3
17812,247,28
17813,0,3
17814,526,43
17815,204,26
17816,0,3
17817,0,3
17818,0,3
17819,294,42
17820,219,23
17821,102,17
17822,218,25
17823,130,20
17824,0,3
17825,200,23
17826,0,3
17827,75,10
17828,0,3
17829,154,19
17830,0,3
17831,142,18
17832,0,3
17833,0,3
17834,189,25
17835,400,35
17836,218,27
17837,257,42
17838,181,24
17839,164,30
17840,0,3
17841,213,34
17842,258,32
17843,222,27
17844,0,3
17845,0,3
17846,0,3
17847,0,3
17848,0,3
17849,295,36
17850,197,28
17851,0,3
17852,0,3
17853,0,3
17854,0,3
17855,175,30
17856,186,25
17857,141,20
17858,0,3
17859,0,3
17860,195,22
17861,348,33
17862,113,16
17863,0,3
17864,0,3
17865,243,32
17866,338,38
17867,138,15
17868,203,31
17869,176,25
17870,0,3
17871,1,3
17872,221,28
17873,198,26
17874,1,3
17875,204,30
17876,86,11
17877,52,10
17878,0,3
17879,317,35
17880,0,3
17881,20,5
17882,650,27
17883,220,36
17884,372,41
17885,372,29
17886,259,27
17887,422,34
17888,0,3
17889,213,31
17890,0,3
17891,188,19
17892,0,3
17893,183,25
17894,263,33
17895,109,18
17896,0,3
17897,0,3
17898,275,35
17899,184,23
17900,0,3
17901,185,24
17902,550,33
17903,201,26
17904,180,28
17905,252,37
17906,253,28
17907,104,19
17908,113,15
17909,196,21
17910,181,27
17911,81,14
17912,0,3
17913,0,3
17914,140,10
17915,202,28
17916,178,26
17917,222,30
17918,0,3
17919,0,3
17920,308,37
17921,0,3
17922,0,3
17923,67,12
17924,0,3
17925,0,3
17926,279,34
17927,0,3
17928,193,30
17929,118,20
17930,300,28
17931,136,17
17932,179,23
17933,242,27
17934,0,3
17935,165,21
17936,227,28
17937,244,36
17938,175,23
17939,165,20
17940,206,29
17941,0,3
17942,363,37
17943,155,19
17944,278,37
17945,0,3
17946,0,3
17947,417,37
17948,261,33
17949,269,31
17950,0,3
17951,217,23
17952,0,3
17953,352,20
17954,177,23
17955,0,3
17956,173,16
17957,194,25
17958,198,26
17959,147,18
17960,122,17
17961,158,20
17962,223,30
17963,133,19
17964,191,29
17965,0,3
17966,175,20
17967,240,34
17968,0,3
17969,95,15
17970,0,3
17971,239,26
17972,0,3
17973,0,3
17974,200,27
17975,127,19
17976,384,21
17977,0,3
17978,165,22
17979,0,3
17980,250,32
17981,0,3
17982,0,3
17983,0,3
17984,0,3
17985,225,29
17986,0,3
17987,93,13
17988,92,16
17989,150,16
17990,291,24
17991,0,3
17992,103,17
17993,172,23
17994,173,22
17995,0,3
17996,209,30
17997,233,31
17998,302,8
17999,197,29
18000,268,34
18001,0,3
18002,0,3
18003,0,3
18004,0,3
18005,215,32
18006,315,31
18007,0,3
18008,213,20
18009,143,23
18010,0,3
18011,0,3
18012,277,34
18013,241,28
18014,0,3
18015,197,30
18016,790,36
18017,242,23
18018,0,3
18019,0,3
18020,359,38
18021,0,3
18022,0,3
18023,250,32
18024,0,3
18025,0,3
18026,259,21
18027,112,16
18028,0,3
18029,245,32
18030,218,24
18031,0,3
18032,0,3
18033,279,33
18034,182,29
18035,0,3
18036,0,3
18037,113,17
18038,0,3
18039,0,3
18040,0,3
18041,299,22
18042,245,27
18043,321,21
18044,831,20
18045,1,3
18046,279,33
18047,773,28
18048,0,3
18049,253,26
18050,11,5
18051,232,32
18052,1,3
18053,203,31
18054,0,3
18055,238,29
18056,0,3
18057,154,20
18058,285,20
18059,152,21
18060,230,31
18061,276,29
18062,0,3
18063,233,32
18064,246,33
18065,178,25
18066,159,22
18067,106,20
18068,239,30
18069,1,3
18070,458,47
18071,191,28
18072,268,27
18073,332,34
18074,213,28
18075,180,21
18076,228,27
18077,125,19
18078,239,33
18079,152,23
18080,0,3
18081,0,3
18082,0,3
18083,0,3
18084,117,15
18085,0,3
18086,247,33
18087,162,22
18088,230,32
18089,136,24
18090,185,22
18091,139,18
18092,0,3
18093,323,35
18094,445,10
18095,0,3
18096,229,32
18097,0,3
18098,246,29
18099,0,3
18100,0,3
18101,0,3
18102,0,3
18103,0,3
18104,133,17
18105,768,32
18106,0,3
18107,0,3
18108,232,25
18109,201,29
18110,263,27
18111,205,30
18112,0,3
18113,0,3
18114,211,24
18115,216,33
18116,0,3
18117,0,3
18118,0,3
18119,421,38
18120,178,25
18121,157,16
18122,125,18
18123,204,27
18124,311,32
18125,274,32
18126,448,23
18127,0,3
18128,0,3
18129,0,3
18130,0,3
18131,0,3
18132,223,28
18133,220,30
18134,0,3
18135,0,3
18136,340,20
18137,123,20
18138,79,10
18139,296,30
18140,0,3
18141,135,19
18142,403,22
18143,0,3
18144,0,3
18145,0,3
18146,188,25
18147,190,28
18148,284,32
18149,287,22
18150,123,16
18151,510,33
18152,0,3
18153,322,39
18154,156,22
18155,241,38
18156,158,20
18157,0,3
18158,0,3
18159,0,3
18160,0,3
18161,194,26
18162,220,33
18163,0,3
18164,194,30
18165,708,24
18166,0,3
18167,0,3
18168,0,3
18169,147,18
18170,1,3
18171,0,3
18172,137,22
18173,0,3
18174,186,25
18175,211,24
18176,196,26
18177,171,27
18178,0,3
18179,158,22
18180,170,23
18181,0,3
18182,192,23
18183,289,35
18184,0,3
18185,0,3
18186,0,3
18187,184,24
18188,254,32
18189,118,27
18190,230,27
18191,61,14
18192,292,34
18193,0,3
18194,215,23
18195,94,18
18196,0,3
18197,0,3
18198,0,3
18199,307,29
18200,0,3
18201,193,29
18202,187,26
18203,205,21
18204,203,27
18205,260,32
18206,0,3
18207,0,3
18208,122,24
18209,164,25
18210,77,13
18211,111,19
18212,260,29
18213,116,19
18214,0,3
18215,365,32
18216,202,27
18217,502,39
18218,198,26
18219,265,34
18220,265,29
18221,171,24
18222,107,16
18223,294,33
18224,235,28
18225,178,24
18226,0,3
18227,247,34
18228,243,29
18229,166,18
18230,251,37
18231,0,3
18232,0,3
18233,196,31
18234,144,19
18235,0,3
18236,97,15
18237,0,3
18238,660,25
18239,217,26
18240,0,3
18241,0,3
18242,304,39
18243,196,24
18244,0,3
18245,0,3
18246,108,14
18247,0,3
18248,152,24
18249,218,21
18250,0,3
18251,0,3
18252,0,3
18253,344,18
18254,128,19
18255,73,12
18256,0,3
18257,311,36
18258,0,3
18259,185,24
18260,194,26
18261,0,3
18262,192,23
18263,262,38
18264,0,3
18265,0,3
18266,305,36
18267,0,3
18268,267,36
18269,0,3
18270,335,37
18271,239,28
18272,0,3
18273,357,46
18274,0,3
18275,338,44
18276,141,22
18277,312,36
18278,0,3
18279,194,26
18280,209,23
18281,151,21
18282,141,25
18283,197,25
18284,186,27
18285,178,23
18286,0,3
18287,578,27
18288,95,15
18289,0,3
18290,366,32
18291,233,25
18292,76,12
18293,0,3
18294,201,29
18295,0,3
18296,0,3
18297,0,3
18298,186,28
18299,145,19
18300,194,25
18301,253,29
18302,0,3
18303,230,20
18304,160,22
18305,255,34
18306,256,33
18307,30,8
18308,0,3
18309,196,28
18310,169,26
18311,168,22
18312,0,3
18313,281,31
18314,0,3
18315,155,23
18316,227,30
18317,0,3
18318,0,3
18319,1000,39
18320,287,30
18321,295,28
18322,0,3
18323,236,34
18324,0,3
18325,242,32
18326,245,31
18327,0,3
18328,247,35
18329,138,20
18330,0,3
18331,0,3
18332,0,3
18333,0,3
18334,0,3
18335,0,3
18336,215,26
18337,168,24
18338,249,33
18339,195,22
18340,222,27
18341,0,3
18342,0,3
18343,0,3
18344,142,20
18345,316,36
18346,0,3
18347,287,19
18348,164,25
18349,131,24
18350,121,19
18351,182,26
18352,0,3
18353,0,3
18354,0,3
18355,267,28
18356,142,26
18357,148,23
18358,219,26
18359,194,23
18360,226,25
18361,338,34
18362,393,42
18363,176,20
18364,175,24
18365,1000,17
18366,279,30
18367,0,3
18368,196,25
18369,263,27
18370,217,26
18371,0,3
18372,0,3
18373,168,22
18374,265,26
18375,0,3
18376,341,32
18377,0,3
18378,0,3
18379,170,31
18380,0,3
18381,202,28
18382,0,3
18383,0,3
18384,296,27
18385,0,3
18386,96,12
18387,0,3
18388,0,3
18389,198,28
18390,0,3
18391,0,3
18392,1,3
18393,186,21
18394,2,3
18395,0,3
18396,131,18
18397,0,3
18398,0,3
18399,0,3
18400,349,30
18401,0,3
18402,291,18
18403,351,38
18404,692,36
18405,190,18
18406,0,3
18407,146,22
18408,0,3
18409,237,25
18410,286,36
18411,220,27
18412,339,31
18413,292,41
18414,0,3
18415,353,40
18416,132,19
18417,445,18
18418,194,27
18419,138,17
18420,194,23
18421,0,3
18422,194,26
18423,0,3
18424,138,14
18425,108,14
18426,0,3
18427,288,36
18428,402,35
18429,0,3
18430,203,26
18431,268,22
18432,165,23
18433,274,34
18434,94,19
18435,203,29
18436,0,3
18437,145,22
18438,143,20
18439,223,28
18440,0,3
18441,540,34
18442,221,36
18443,147,18
18444,0,3
18445,0,3
18446,211,29
18447,0,3
18448,0,3
18449,264,26
18450,0,3
18451,281,26
18452,106,17
18453,100,17
18454,186,34
18455,0,3
18456,232,34
18457,295,38
18458,0,3
18459,439,36
18460,283,37
18461,169,21
18462,0,3
18463,84,13
18464,0,3
18465,0,3
18466,254,34
18467,0,3
18468,234,31
18469,499,24
18470,376,12
18471,0,3
18472,203,22
18473,164,23
18474,0,3
18475,457,35
18476,500,23
18477,180,22
18478,200,20
18479,244,31
18480,0,3
18481,318,32
18482,0,3
18483,259,34
18484,354,34
18485,232,28
18486,204,26
18487,474,15
18488,0,3
18489,0,3
18490,242,24
18491,0,3
18492,172,24
18493,411,29
18494,287,30
18495,57,12
18496,65,13
18497,156,23
18498,0,3
18499,0,3
18500,282,32
18501,0,3
18502,126,21
18503,377,12
18504,0,3
18505,0,3
18506,0,3
18507,239,23
18508,0,3
18509,239,28
18510,558,23
18511,0,3
18512,0,3
18513,206,34
18514,223,33
18515,0,3
18516,170,18
18517,215,30
18518,0,3
18519,255,21
18520,101,13
18521,188,21
18522,177,22
18523,275,29
18524,104,19
18525,0,3
18526,134,26
18527,170,26
18528,175,23
18529,184,29
18530,0,3
18531,236,28
18532,179,28
18533,156,22
18534,0,3
18535,0,3
18536,265,25
18537,0,3
18538,199,27
18539,270,34
18540,0,3
18541,528,20
18542,242,29
18543,197,27
18544,305,34
18545,151,17
18546,0,3
18547,313,27
18548,0,3
18549,227,29
18550,187,25
18551,0,3
18552,259,33
18553,265,23
18554,0,3
18555,0,3
18556,187,22
18557,1,3
18558,221,30
18559,0,3
18560,319,29
18561,0,3
18562,0,3
18563,267,36
18564,0,3
18565,210,31
18566,0,3
18567,0,3
18568,267,26
18569,165,20
18570,0,3
18571,0,3
18572,258,33
18573,261,30
18574,80,16
18575,0,3
18576,0,3
18577,0,3
18578,225,27
18579,164,26
18580,215,27
18581,205,24
18582,337,35
18583,415,34
18584,219,27
18585,0,3
18586,0,3
18587,0,3
18588,157,22
18589,0,3
18590,148,25
18591,0,3
18592,22,6
18593,269,20
18594,291,33
18595,190,23
18596,181,20
18597,120,17
18598,216,25
18599,249,32
18600,241,33
18601,0,3
18602,0,3
18603,0,3
18604,0,3
18605,0,3
18606,0,3
18607,150,18
18608,0,3
18609,152,22
18610,0,3
18611,138,23
18612,158,3
18613,143,23
18614,162,23
18615,0,3
18616,0,3
18617,0,3
18618,0,3
18619,86,15
18620,72,13
18621,210,27
18622,0,3
18623,183,22
18624,932,34
18625,205,27
18626,139,21
18627,194,31
18628,234,28
18629,223,18
18630,185,20
18631,0,3
18632,0,3
18633,0,3
18634,88,11
18635,0,3
18636,0,3
18637,229,32
18638,262,36
18639,347,35
18640,0,3
18641,146,16
18642,0,3
18643,306,25
18644,0,3
18645,0,3
18646,270,32
18647,220,32
18648,0,3
18649,0,3
18650,0,3
18651,196,24
18652,0,3
18653,0,3
18654,194,25
18655,209,20
18656,0,3
18657,0,3
18658,0,3
18659,292,35
18660,195,24
18661,89,15
18662,117,18
18663,0,3
18664,0,3
18665,191,28
18666,0,3
18667,0,3
18668,36,13
18669,225,20
18670,166,21
18671,0,3
18672,101,14
18673,0,3
18674,87,15
18675,0,3
18676,256,34
18677,398,23
18678,187,24
18679,147,20
18680,276,32
18681,160,25
18682,0,3
18683,181,24
18684,215,28
18685,0,3
18686,271,34
18687,0,3
18688,157,20
18689,189,28
18690,149,20
18691,181,29
18692,0,3
18693,0,3
18694,0,3
18695,0,3
18696,0,3
18697,144,23
18698,242,33
18699,342,36
18700,0,3
18701,276,39
18702,0,3
18703,170,30
18704,0,3
18705,103,18
18706,0,3
18707,286,36
18708,227,25
18709,0,3
18710,0,3
18711,0,3
18712,0,3
18713,228,32
18714,0,3
18715,135,23
18716,0,3
18717,170,25
18718,246,29
18719,0,3
18720,0,3
18721,212,23
18722,397,38
18723,91,16
18724,224,31
18725,0,3
18726,156,24
18727,0,3
18728,164,23
18729,218,32
18730,139,16
18731,206,29
18732,250,30
18733,251,33
18734,254,35
18735,365,35
18736,240,28
18737,70,12
18738,328,30
18739,0,3
18740,179,25
18741,0,3
18742,0,3
18743,246,28
18744,0,3
18745,1,3
18746,167,18
18747,168,21
18748,160,22
18749,0,3
18750,223,27
18751,380,26
18752,0,3
18753,219,23
18754,246,35
18755,210,26
18756,166,19
18757,0,3
18758,0,3
18759,0,3
18760,0,3
18761,143,25
18762,0,3
18763,0,3
18764,70,14
18765,0,3
18766,276,34
18767,60,14
18768,0,3
18769,0,3
18770,0,3
18771,0,3
18772,127,19
18773,292,31
18774,338,41
18775,0,3
18776,72,11
18777,160,20
18778,136,19
18779,0,3
18780,0,3
18781,85,14
18782,0,3
18783,144,20
18784,0,3
18785,593,22
18786,211,29
18787,100,19
18788,164,28
18789,62,14
18790,125,15
18791,0,3
18792,0,3
18793,156,21
18794,115,21
18795,212,24
18796,354,22
18797,248,30
18798,273,36
18799,0,3
18800,0,3
18801,70,14
18802,143,24
18803,20,7
18804,250,27
18805,226,26
18806,186,27
18807,221,27
18808,0,3
18809,239,22
18810,169,20
18811,72,12
18812,0,3
18813,242,22
18814,252,31
18815,0,3
18816,0,3
18817,0,3
18818,177,25
18819,641,36
18820,232,37
18821,0,3
18822,222,30
18823,202,32
18824,91,17
18825,0,3
18826,194,27
18827,387,39
18828,0,3
18829,146,20
18830,0,3
18831,178,28
18832,316,26
18833,218,32
18834,134,22
18835,185,30
18836,217,30
18837,273,20
18838,0,3
18839,0,3
18840,74,14
18841,321,36
18842,250,31
18843,53,10
18844,122,18
18845,181,24
18846,0,3
18847,88,12
18848,0,3
18849,118,20
18850,242,28
18851,213,31
18852,0,3
18853,189,25
18854,226,29
18855,30,9
18856,0,3
18857,0,3
18858,181,24
18859,0,3
18860,200,26
18861,125,19
18862,0,3
18863,122,19
18864,153,18
18865,63,13
18866,220,30
18867,185,24
18868,0,3
18869,114,18
18870,248,33
18871,154,20
18872,84,16
18873,0,3
18874,141,24
18875,224,31
18876,0,3
18877,0,3
18878,0,3
18879,0,3
18880,178,20
18881,0,3
18882,0,3
18883,230,31
18884,232,30
18885,184,22
18886,185,23
18887,210,28
18888,127,17
18889,0,3
18890,0,3
18891,160,22
18892,348,35
18893,208,24
18894,198,31
18895,54,12
18896,0,3
18897,224,23
18898,134,14
18899,400,20
18900,252,31
18901,113,13
18902,0,3
18903,247,28
18904,256,32
18905,0,3
18906,110,16
18907,203,25
18908,259,28
18909,0,3
18910,0,3
18911,0,3
18912,181,24
18913,369,23
18914,87,12
18915,0,3
18916,333,30
18917,75,10
18918,0,3
18919,87,18
18920,173,20
18921,0,3
18922,217,30
18923,0,3
18924,215,31
18925,267,24
18926,202,22
18927,0,3
18928,0,3
18929,149,23
18930,258,33
18931,0,3
18932,161,24
18933,173,28
18934,273,34
18935,217,30
18936,213,26
18937,0,3
18938,0,3
18939,171,22
18940,200,25
18941,125,17
18942,217,29
18943,191,22
18944,0,3
18945,261,36
18946,189,29
18947,327,36
18948,205,24
18949,0,3
18950,122,15
18951,144,16
18952,0,3
18953,162,22
18954,0,3
18955,241,31
18956,0,3
18957,265,32
18958,247,26
18959,116,16
18960,218,34
18961,0,3
18962,0,3
18963,0,3
18964,0,3
18965,326,32
18966,364,47
18967,118,17
18968,0,3
18969,216,26
18970,155,18
18971,0,3
18972,240,25
18973,0,3
18974,0,3
18975,0,3
18976,0,3
18977,0,3
18978,0,3
18979,317,32
18980,368,31
18981,149,26
18982,165,24
18983,0,3
18984,0,3
18985,255,36
18986,130,18
18987,0,3
18988,99,15
18989,0,3
18990,5,4
18991,171,28
18992,45,11
18993,322,38
18994,207,25
18995,223,29
18996,0,3
18997,218,24
18998,148,20
18999,141,19
19000,172,24
19001,260,31
19002,0,3
19003,305,36
19004,0,3
19005,0,3
19006,143,25
19007,244,30
19008,0,3
19009,210,26
19010,0,3
19011,206,32
19012,0,3
19013,144,20
19014,369,46
19015,192,24
19016,0,3
19017,0,3
19018,178,25
19019,0,3
19020,193,26
19021,0,3
19022,0,3
19023,0,3
19024,189,25
19025,119,16
19026,168,23
19027,364,41
19028,340,33
19029,0,3
19030,0,3
19031,184,25
19032,213,22
19033,239,28
19034,0,3
19035,113,19
19036,317,39
19037,219,29
19038,0,3
19039,0,3
19040,231,25
19041,189,25
19042,166,22
19043,114,21
19044,0,3
19045,226,27
19046,201,26
19047,278,40
19048,242,25
19049,0,3
19050,228,32
19051,0,3
19052,233,27
19053,183,21
19054,237,30
19055,565,27
19056,297,31
19057,335,40
19058,0,3
19059,252,35
19060,0,3
19061,208,32
19062,0,3
19063,0,3
19064,201,23
19065,0,3
19066,187,26
19067,607,31
19068,259,25
19069,264,30
19070,0,3
19071,0,3
19072,0,3
19073,228,32
19074,0,3
19075,0,3
19076,207,23
19077,335,35
19078,61,11
19079,0,3
19080,0,3
19081,336,30
19082,0,3
19083,200,30
19084,0,3
19085,0,3
19086,97,16
19087,299,32
19088,0,3
19089,228,29
19090,81,17
19091,240,30
19092,293,33
19093,120,18
19094,229,34
19095,0,3
19096,0,3
19097,184,23
19098,0,3
19099,0,3
19100,0,3
19101,0,3
19102,174,20
19103,0,3
19104,288,30
19105,0,3
19106,201,24
19107,303,38
19108,115,17
19109,0,3
19110,226,27
19111,0,3
19112,174,21
19113,280,34
19114,0,3
19115,0,3
19116,258,34
19117,0,3
19118,270,31
19119,294,25
19120,0,3
19121,0,3
19122,119,20
19123,0,3
19124,166,19
19125,0,3
19126,314,35
19127,285,29
19128,98,15
19129,236,22
19130,169,24
19131,247,32
19132,188,21
19133,202,23
19134,137,22
19135,818,23
19136,329,37
19137,57,10
19138,0,3
19139,193,23
19140,0,3
19141,0,3
19142,0,3
19143,178,27
19144,229,28
19145,151,22
19146,224,29
19147,0,3
19148,0,3
19149,210,23
19150,235,23
19151,126,17
19152,278,32
19153,1,3
19154,138,20
19155,210,27
19156,0,3
19157,169,19
19158,0,3
19159,0,3
19160,181,25
19161,101,16
19162,235,31
19163,302,40
19164,226,31
19165,599,25
19166,238,27
19167,0,3
19168,260,30
19169,76,13
19170,0,3
19171,176,18
19172,234,33
19173,611,15
19174,0,3
19175,347,31
19176,0,3
19177,267,32
19178,159,22
19179,251,29
19180,170,29
19181,359,27
19182,46,6
19183,0,3
19184,229,26
19185,179,21
19186,272,33
19187,332,44
19188,221,23
19189,324,39
19190,293,34
19191,135,17
19192,206,29
19193,0,3
19194,80,14
19195,273,28
19196,99,16
19197,0,3
19198,236,31
19199,0,3
19200,97,20
19201,218,30
19202,222,29
19203,0,3
19204,0,3
19205,0,3
19206,235,26
19207,343,35
19208,144,24
19209,0,3
19210,0,3
19211,182,27
19212,256,31
19213,0,3
19214,218,26
19215,152,21
19216,285,29
19217,274,15
19218,140,19
19219,0,3
19220,236,29
19221,560,26
19222,258,37
19223,124,19
19224,218,27
19225,0,3
19226,176,25
19227,0,3
19228,227,28
19229,125,18
19230,0,3
19231,0,3
19232,193,19
19233,0,3
19234,143,22
19235,198,26
19236,231,29
19237,157,23
19238,139,22
19239,169,23
19240,123,16
19241,155,23
19242,229,30
19243,158,25
19244,228,25
19245,155,20
19246,199,27
19247,316,30
19248,259,31
19249,323,36
19250,99,14
19251,127,17
19252,277,30
19253,0,3
19254,110,19
19255,0,3
19256,0,3
19257,253,31
19258,110,16
19259,194,27
19260,228,25
19261,147,26
19262,212,33
19263,170,22
19264,0,3
19265,379,20
19266,0,3
19267,239,28
19268,0,3
19269,0,3
19270,0,3
19271,64,12
19272,180,30
19273,222,32
19274,130,17
19275,0,3
19276,230,31
19277,0,3
19278,150,22
19279,0,3
19280,0,3
19281,143,20
19282,520,30
19283,302,28
19284,213,27
19285,0,3
19286,0,3
19287,205,23
19288,0,3
19289,260,30
19290,68,13
19291,179,26
19292,158,24
19293,253,36
19294,0,3
19295,0,3
19296,0,3
19297,201,30
19298,293,31
19299,312,42
19300,92,16
19301,177,20
19302,454,24
19303,215,25
19304,256,30
19305,0,3
19306,87,13
19307,0,3
19308,183,24
19309,138,21
19310,387,38
19311,0,3
19312,280,30
19313,276,30
19314,178,15
19315,0,3
19316,168,22
19317,225,27
19318,303,29
19319,266,33
19320,0,3
19321,290,37
19322,74,12
19323,227,32
19324,213,29
19325,0,3
19326,193,25
19327,83,12
19328,0,3
19329,0,3
19330,241,29
19331,143,25
19332,0,3
19333,0,3
19334,0,3
19335,0,3
19336,171,22
19337,0,3
19338,167,23
19339,192,29
19340,262,32
19341,124,17
19342,197,21
19343,332,37
19344,247,34
19345,137,20
19346,270,36
19347,324,33
19348,0,3
19349,286,22
19350,0,3
19351,271,27
19352,258,28
19353,0,3
19354,0,3
19355,148,19
19356,0,3
19357,274,30
19358,0,3
19359,0,3
19360,142,15
19361,118,17
19362,0,3
19363,0,3
19364,150,20
19365,276,40
19366,0,3
19367,0,3
19368,0,3
19369,98,16
19370,250,27
19371,157,25
19372,0,3
19373,188,22
19374,0,3
19375,222,35
19376,137,21
19377,0,3
19378,0,3
19379,0,3
19380,0,3
19381,183,25
19382,343,52
19383,0,3
19384,0,3
19385,277,32
19386,183,25
19387,0,3
19388,238,22
19389,178,19
19390,0,3
19391,0,3
19392,0,3
19393,353,31
19394,0,3
19395,251,34
19396,265,37
19397,38,6
19398,170,22
19399,0,3
19400,0,3
19401,215,28
19402,0,3
19403,0,3
19404,190,23
19405,0,3
19406,134,29
19407,268,34
19408,83,17
19409,169,19
19410,129,18
19411,200,30
19412,0,3
19413,0,3
19414,0,3
19415,269,21
19416,101,18
19417,0,3
19418,168,24
19419,0,3
19420,0,3
19421,0,3
19422,0,3
19423,214,22
19424,0,3
19425,0,3
19426,214,30
19427,155,20
19428,151,26
19429,101,16
19430,250,36
19431,199,25
19432,0,3
19433,0,3
19434,473,26
19435,253,29
19436,136,16
19437,262,29
19438,104,20
19439,199,29
19440,175,22
19441,224,33
19442,0,3
19443,235,34
19444,123,17
19445,319,34
19446,85,14
19447,247,32
19448,0,3
19449,305,39
19450,0,3
19451,177,24
19452,252,33
19453,298,37
19454,218,26
19455,221,30
19456,0,3
19457,186,28
19458,256,37
19459,0,3
19460,231,24
19461,0,3
19462,280,31
19463,0,3
19464,0,3
19465,0,3
19466,270,27
19467,207,33
19468,240,31
19469,202,26
19470,80,16
19471,0,3
19472,228,28
19473,204,21
19474,203,28
19475,9,5
19476,0,3
19477,0,3
19478,0,3
19479,210,25
19480,242,24
19481,144,16
19482,0,3
19483,0,3
19484,236,19
19485,147,24
19486,265,35
19487,123,17
19488,242,28
19489,164,24
19490,0,3
19491,255,35
19492,171,22
19493,250,26
19494,0,3
19495,0,3
19496,260,33
19497,140,23
19498,173,30
19499,0,3
19500,188,22
19501,0,3
19502,0,3
19503,80,15
19504,97,18
19505,0,3
19506,232,31
19507,260,33
19508,164,23
19509,0,3
19510,99,18
19511,253,27
19512,0,3
19513,34,7
19514,259,30
19515,183,25
19516,0,3
19517,0,3
19518,235,30
19519,253,28
19520,166,25
19521,0,3
19522,101,18
19523,108,19
19524,153,23
19525,249,29
19526,0,3
19527,0,3
19528,0,3
19529,226,24
19530,0,3
19531,164,26
19532,123,14
19533,0,3
19534,231,31
19535,200,21
19536,226,35
19537,109,16
19538,0,3
19539,113,18
19540,0,3
19541,182,24
19542,206,30
19543,0,3
19544,0,3
19545,0,3
19546,84,11
19547,46,11
19548,267,38
19549,1,3
19550,221,29
19551,0,3
19552,0,3
19553,277,30
19554,0,3
19555,140,21
19556,135,22
19557,178,25
19558,195,30
19559,210,36
19560,0,3
19561,188,29
19562,0,3
19563,0,3
19564,211,29
19565,0,3
19566,0,3
19567,210,28
19568,157,26
19569,187,21
19570,117,20
19571,0,3
19572,244,28
19573,294,35
19574,0,3
19575,0,3
19576,0,3
19577,284,38
19578,0,3
19579,59,14
19580,0,3
19581,220,33
19582,0,3
19583,175,23
19584,51,9
19585,161,19
19586,0,3
19587,238,27
19588,293,36
19589,0,3
19590,55,10
19591,0,3
19592,0,3
19593,291,32
19594,164,28
19595,183,28
19596,131,19
19597,141,22
19598,244,31
19599,317,41
19600,257,23
19601,0,3
19602,231,29
19603,403,25
19604,181,29
19605,186,27
19606,123,20
19607,399,43
19608,235,35
19609,0,3
19610,153,23
19611,0,3
19612,211,25
19613,0,3
19614,197,30
19615,0,3
19616,287,32
19617,0,3
19618,0,3
19619,0,3
19620,271,31
19621,75,16
19622,158,21
19623,73,14
19624,205,26
19625,306,35
19626,0,3
19627,0,3
19628,175,22
19629,0,3
19630,262,29
19631,219,27
19632,0,3
19633,0,3
19634,0,3
19635,220,31
19636,214,28
19637,167,24
19638,0,3
19639,1,3
19640,0,3
19641,923,19
19642,0,3
19643,202,28
19644,0,3
19645,274,38
19646,0,3
19647,0,3
19648,209,29
19649,270,31
19650,185,31
19651,149,22
19652,176,28
19653,0,3
19654,611,27
19655,0,3
19656,16,5
19657,0,3
19658,199,22
19659,11,4
19660,0,3
19661,0,3
19662,252,29
19663,258,30
19664,231,29
19665,294,32
19666,233,34
19667,0,3
19668,114,17
19669,221,25
19670,341,39
19671,0,3
19672,0,3
19673,386,40
19674,0,3
19675,194,26
19676,0,3
19677,168,25
19678,231,34
19679,850,16
19680,213,28
19681,176,21
19682,203,30
19683,136,17
19684,699,30
19685,139,17
19686,306,25
19687,212,30
19688,428,46
19689,0,3
19690,316,35
19691,0,3
19692,0,3
19693,0,3
19694,0,3
19695,0,3
19696,206,29
19697,132,19
19698,357,26
19699,0,3
19700,102,20
19701,196,33
19702,0,3
19703,628,30
19704,52,10
19705,0,3
19706,245,29
19707,194,24
19708,273,40
19709,148,20
19710,0,3
19711,304,24
19712,173,28
19713,0,3
19714,0,3
19715,235,30
19716,306,32
19717,286,33
19718,0,3
19719,0,3
19720,523,30
19721,227,24
19722,263,37
19723,203,29
19724,199,25
19725,191,28
19726,196,27
19727,325,34
19728,289,41
19729,0,3
19730,0,3
19731,472,30
19732,110,18
19733,134,19
19734,179,25
19735,162,25
19736,194,22
19737,246,30
19738,160,18
19739,238,28
19740,259,29
19741,246,30
19742,227,28
19743,0,3
19744,0,3
19745,183,26
19746,201,31
19747,261,29
19748,188,28
19749,139,20
19750,0,3
19751,0,3
19752,0,3
19753,140,24
19754,136,24
19755,0,3
19756,208,28
19757,209,25
19758,141,23
19759,0,3
19760,136,19
19761,0,3
19762,221,28
19763,310,38
19764,311,38
19765,251,29
19766,272,32
19767,0,3
19768,167,29
19769,0,3
19770,0,3
19771,132,16
19772,403,45
19773,0,3
19774,165,21
19775,0,3
19776,0,3
19777,0,3
19778,349,18
19779,149,20
19780,163,27
19781,346,34
19782,193,24
19783,0,3
19784,14,5
19785,260,34
19786,206,30
19787,232,34
19788,0,3
19789,216,28
19790,171,24
19791,120,24
19792,195,23
19793,271,28
19794,105,16
19795,0,3
19796,0,3
19797,213,29
19798,309,31
19799,245,26
19800,232,23
19801,175,20
19802,317,39
19803,232,27
19804,242,28
19805,0,3
19806,72,12
19807,0,3
19808,246,24
19809,0,3
19810,243,32
19811,0,3
19812,167,24
19813,322,31
19814,0,3
19815,0,3
19816,212,23
19817,0,3
19818,0,3
19819,158,25
19820,315,38
19821,270,35
19822,174,24
19823,261,37
19824,273,26
19825,163,22
19826,331,40
19827,0,3
19828,191,25
19829,397,31
19830,264,28
19831,0,3
19832,351,30
19833,0,3
19834,205,27
19835,0,3
19836,197,30
19837,0,3
19838,136,20
19839,0,3
19840,413,32
19841,198,30
19842,188,22
19843,0,3
19844,0,3
19845,167,27
19846,172,20
19847,96,18
19848,307,35
19849,0,3
19850,231,29
19851,0,3
19852,0,3
19853,233,34
19854,0,3
19855,0,3
19856,129,23
19857,277,32
19858,0,3
19859,1,3
19860,182,24
19861,0,3
19862,191,23
19863,271,35
19864,269,33
19865,259,32
19866,108,18
19867,274,31
19868,158,23
19869,196,23
19870,1,3
19871,0,3
19872,0,3
19873,0,3
19874,206,25
19875,0,3
19876,172,27
19877,0,3
19878,459,47
19879,247,34
19880,0,3
19881,0,3
19882,208,30
19883,350,30
19884,0,3
19885,200,27
19886,172,23
19887,0,3
19888,263,36
19889,310,36
19890,0,3
19891,0,3
19892,0,3
19893,0,3
19894,141,26
19895,185,28
19896,253,35
19897,0,3
19898,163,21
19899,0,3
19900,52,14
19901,0,3
19902,144,18
19903,154,19
19904,0,3
19905,160,19
19906,152,21
19907,0,3
19908,0,3
19909,0,3
19910,0,3
19911,0,3
19912,0,3
19913,208,24
19914,313,39
19915,122,23
19916,0,3
19917,143,20
19918,163,23
19919,200,31
19920,177,26
19921,204,30
19922,133,21
19923,378,39
19924,274,31
19925,334,40
19926,0,3
19927,0,3
19928,177,23
19929,232,28
19930,283,35
19931,269,37
19932,0,3
19933,0,3
19934,268,34
19935,205,29
19936,124,21
19937,140,22
19938,211,25
19939,0,3
19940,275,36
19941,355,32
19942,0,3
19943,276,29
19944,208,26
19945,197,26
19946,0,3
19947,0,3
19948,193,29
19949,177,29
19950,266,29
19951,0,3
19952,229,30
19953,190,25
19954,149,19
19955,0,3
19956,1,3
19957,147,24
19958,145,23
19959,0,3
19960,245,27
19961,0,3
19962,150,22
19963,0,3
19964,0,3
19965,75,14
19966,240,30
19967,221,32
19968,396,19
19969,152,18
19970,106,15
19971,0,3
19972,232,29
19973,224,31
19974,262,32
19975,0,3
19976,0,3
19977,226,22
19978,0,3
19979,209,21
19980,185,27
19981,182,26
19982,189,26
19983,0,3
19984,220,33
19985,498,30
19986,0,3
19987,0,3
19988,143,24
19989,0,3
19990,223,31
19991,235,26
19992,228,30
19993,0,3
19994,316,32
19995,135,18
19996,0,3
19997,201,23
19998,0,3
19999,0,3
20000,255,28
20001,339,40
20002,254,33
20003,0,3
20004,1,3
20005,0,3
20006,181,22
20007,0,3
20008,90,16
20009,0,3
20010,210,29
20011,308,36
20012,0,3
20013,0,3
20014,219,29
20015,199,22
20016,0,3
20017,0,3
20018,136,21
20019,221,26
20020,125,12
20021,239,34
20022,170,23
20023,0,3
20024,225,34
20025,0,3
20026,0,3
20027,50,8
20028,69,16
20029,305,40
20030,90,16
20031,136,18
20032,179,30
20033,292,14
20034,0,3
20035,225,27
20036,170,22
20037,106,19
20038,0,3
20039,267,29
20040,0,3
20041,0,3
20042,0,3
20043,252,31
20044,141,19
20045,164,27
20046,285,30
20047,215,28
20048,205,31
20049,0,3
20050,0,3
20051,286,34
20052,0,3
20053,162,25
20054,242,29
20055,145,22
20056,274,32
20057,0,3
20058,188,20
20059,286,37
20060,0,3
20061,187,25
20062,121,18
20063,179,22
20064,333,35
20065,239,34
20066,214,24
20067,97,12
20068,130,18
20069,0,3
20070,251,33
20071,0,3
20072,175,20
20073,0,3
20074,0,3
20075,0,3
20076,249,30
20077,119,16
20078,219,24
20079,0,3
20080,0,3
20081,61,12
20082,263,31
20083,0,3
20084,88,14
20085,287,36
20086,0,3
20087,0,3
20088,0,3
20089,180,26
20090,0,3
20091,0,3
20092,0,3
20093,0,3
20094,0,3
20095,0,3
20096,66,13
20097,133,18
20098,206,33
20099,140,14
20100,252,33
20101,0,3
20102,0,3
20103,148,25
20104,0,3
20105,214,24
20106,0,3
20107,1,3
20108,287,44
20109,360,43
20110,238,27
20111,0,3
20112,187,28
20113,83,14
20114,0,3
20115,138,25
20116,0,3
20117,0,3
20118,0,3
20119,206,28
20120,116,19
20121,0,3
20122,205,27
20123,0,3
20124,148,20
20125,0,3
20126,377,43
20127,202,27
20128,0,3
20129,0,3
20130,157,21
20131,235,34
20132,0,3
20133,182,29
20134,147,26
20135,0,3
20136,127,17
20137,0,3
20138,0,3
20139,297,32
20140,257,28
20141,195,20
20142,203,31
20143,302,29
20144,110,19
20145,128,18
20146,0,3
20147,0,3
20148,274,37
20149,0,3
20150,187,32
20151,233,27
20152,326,35
20153,0,3
20154,0,3
20155,0,3
20156,224,27
20157,224,26
20158,0,3
20159,199,29
20160,0,3
20161,70,14
20162,282,36
20163,198,28
20164,92,17
20165,248,31
20166,144,20
20167,123,20
20168,281,39
20169,97,19
20170,0,3
20171,137,16
20172,338,43
20173,231,30
20174,223,27
20175,0,3
20176,293,32
20177,197,24
20178,193,28
20179,0,3
20180,195,32
20181,235,33
20182,188,21
20183,204,33
20184,157,22
20185,193,26
20186,0,3
20187,147,22
20188,279,31
20189,358,42
20190,0,3
20191,223,28
20192,180,23
20193,265,32
20194,0,3
20195,241,35
20196,247,32
20197,167,26
20198,268,33
20199,0,3
20200,0,3
20201,125,19
20202,210,25
20203,352,44
20204,171,21
20205,249,32
20206,194,29
20207,269,31
20208,309,36
20209,221,30
20210,0,3
20211,0,3
20212,0,3
20213,0,3
20214,374,47
20215,218,23
20216,394,38
20217,0,3
20218,193,26
20219,92,11
20220,200,30
20221,0,3
20222,270,26
20223,230,37
20224,137,19
20225,332,42
20226,196,29
20227,0,3
20228,0,3
20229,0,3
20230,0,3
20231,192,25
20232,0,3
20233,222,27
20234,240,27
20235,168,20
20236,219,33
20237,106,14
20238,0,3
20239,260,36
20240,276,37
20241,167,21
20242,218,29
20243,165,23
20244,127,22
20245,0,3
20246,149,21
20247,233,34
20248,186,24
20249,0,3
20250,218,29
20251,0,3
20252,258,34
20253,143,21
20254,0,3
20255,77,14
20256,0,3
20257,93,16
20258,166,23
20259,0,3
20260,0,3
20261,313,23
20262,257,36
20263,148,18
20264,0,3
20265,0,3
20266,172,26
20267,183,26
20268,269,33
20269,216,24
20270,193,30
20271,249,34
20272,281,40
20273,212,29
20274,293,33
20275,354,39
20276,0,3
20277,0,3
20278,300,33
20279,286,33
20280,220,26
20281,256,23
20282,0,3
20283,91,12
20284,90,14
20285,0,3
20286,0,3
20287,0,3
20288,42,7
20289,0,3
20290,226,30
20291,0,3
20292,0,3
20293,233,30
20294,245,30
20295,0,3
20296,199,25
20297,128,24
20298,197,23
20299,210,24
20300,0,3
20301,540,30
20302,234,32
20303,0,3
20304,0,3
20305,0,3
20306,131,21
20307,194,21
20308,0,3
20309,238,31
20310,70,16
20311,0,3
20312,1,3
20313,0,3
20314,259,30
20315,0,3
20316,0,3
20317,27,7
20318,292,30
20319,291,30
20320,0,3
20321,243,29
20322,342,32
20323,98,21
20324,159,21
20325,0,3
20326,0,3
20327,0,3
20328,970,36
20329,186,22
20330,286,33
20331,0,3
20332,229,35
20333,251,34
20334,0,3
20335,241,28
20336,219,22
20337,0,3
20338,174,27
20339,0,3
20340,176,30
20341,0,3
20342,311,32
20343,196,27
20344,221,35
20345,0,3
20346,0,3
20347,120,18
20348,215,30
20349,190,22
20350,0,3
20351,0,3
20352,153,19
20353,0,3
20354,0,3
20355,257,30
20356,0,3
20357,132,18
20358,99,17
20359,189,25
20360,234,27
20361,173,27
20362,242,27
20363,0,3
20364,163,22
20365,188,28
20366,208,24
20367,0,3
20368,103,18
20369,245,37
20370,212,30
20371,213,30
20372,0,3
20373,278,31
20374,187,25
20375,0,3
20376,315,32
20377,267,31
20378,0,3
20379,251,33
20380,0,3
20381,0,3
20382,180,23
20383,232,32
20384,244,27
20385,0,3
20386,201,32
20387,23,5
20388,207,33
20389,240,30
20390,0,3
20391,291,37
20392,47,12
20393,119,13
20394,0,3
20395,864,29
20396,176,27
20397,196,31
20398,0,3
20399,256,32
20400,145,25
20401,193,22
20402,0,3
20403,227,25
20404,167,18
20405,0,3
20406,0,3
20407,0,3
20408,97,11
20409,0,3
20410,265,31
20411,164,26
20412,282,34
20413,459,30
20414,364,34
20415,0,3
20416,0,3
20417,0,3
20418,0,3
20419,94,15
20420,201,25
20421,173,25
20422,0,3
20423,0,3
20424,141,27
20425,0,3
20426,276,35
20427,0,3
20428,264,28
20429,150,22
20430,869,23
20431,0,3
20432,229,28
20433,167,25
20434,84,16
20435,0,3
20436,180,26
20437,0,3
20438,237,21
20439,239,28
20440,260,31
20441,231,30
20442,291,35
20443,0,3
20444,247,38
20445,166,25
20446,204,26
20447,0,3
20448,205,26
20449,0,3
20450,0,3
20451,213,23
20452,212,29
20453,142,17
20454,212,24
20455,182,26
20456,394,28
20457,230,35
20458,179,28
20459,206,29
20460,0,3
20461,163,21
20462,0,3
20463,75,12
20464,202,26
20465,118,19
20466,193,26
20467,190,27
20468,0,3
20469,728,26
20470,0,3
20471,0,3
20472,218,29
20473,214,23
20474,176,21
20475,257,24
20476,0,3
20477,567,26
20478,0,3
20479,127,18
20480,304,37
20481,202,27
20482,266,32
20483,0,3
20484,175,19
20485,0,3
20486,0,3
20487,0,3
20488,204,23
20489,300,40
20490,136,17
20491,0,3
20492,164,22
20493,248,23
20494,221,34
20495,196,25
20496,72,14
20497,0,3
20498,160,23
20499,259,32
20500,0,3
20501,331,39
20502,431,24
20503,263,36
20504,0,3
20505,125,23
20506,250,33
20507,203,29
20508,241,35
20509,291,31
20510,0,3
20511,206,29
20512,0,3
20513,194,29
20514,0,3
20515,121,18
20516,216,30
20517,0,3
20518,0,3
20519,200,11
20520,154,22
20521,212,30
20522,67,13
20523,247,31
20524,141,19
20525,218,32
20526,0,3
20527,0,3
20528,118,18
20529,643,18
20530,0,3
20531,116,19
20532,203,27
20533,0,3
20534,263,31
20535,0,3
20536,293,28
20537,224,28
20538,0,3
20539,0,3
20540,237,31
20541,252,41
20542,205,23
20543,0,3
20544,182,29
20545,194,35
20546,140,20
20547,223,29
20548,0,3
20549,194,26
20550,154,24
20551,307,36
20552,156,19
20553,225,31
20554,252,34
20555,237,39
20556,209,25
20557,263,34
20558,0,3
20559,224,24
20560,209,22
20561,306,35
20562,240,31
20563,290,41
20564,247,32
20565,0,3
20566,92,16
20567,220,31
20568,0,3
20569,354,34
20570,0,3
20571,335,41
20572,0,3
20573,0,3
20574,0,3
20575,135,21
20576,182,22
20577,310,29
20578,235,27
20579,334,39
20580,192,30
20581,216,26
20582,164,21
20583,303,31
20584,108,18
20585,0,3
20586,264,34
20587,0,3
20588,0,3
20589,308,32
20590,147,22
20591,0,3
20592,313,41
20593,0,3
20594,173,25
20595,152,26
20596,0,3
20597,285,37
20598,137,22
20599,234,27
20600,303,29
20601,0,3
20602,270,30
20603,115,17
20604,218,32
20605,0,3
20606,165,21
20607,0,3
20608,73,12
20609,199,24
20610,167,27
20611,0,3
20612,150,20
20613,107,17
20614,76,13
20615,180,25
20616,106,19
20617,296,38
20618,0,3
20619,182,21
20620,0,3
20621,225,31
20622,190,27
20623,0,3
20624,0,3
20625,126,19
20626,0,3
20627,346,39
20628,284,36
20629,246,31
20630,271,32
20631,0,3
20632,0,3
20633,320,36
20634,200,33
20635,181,29
20636,320,38
20637,230,30
20638,157,23
20639,537,24
20640,0,3
20641,217,27
20642,191,25
20643,249,30
20644,13,5
20645,344,38
20646,235,27
20647,0,3
20648,334,50
20649,172,22
20650,273,32
20651,166,21
20652,210,30
20653,242,35
20654,189,28
20655,203,34
20656,347,37
20657,280,28
20658,0,3
20659,124,21
20660,185,21
20661,163,24
20662,0,3
20663,82,14
20664,193,26
20665,242,38
20666,0,3
20667,0,3
20668,155,17
20669,343,43
20670,0,3
20671,447,24
20672,112,18
20673,235,29
20674,184,26
20675,179,22
20676,272,29
20677,228,28
20678,0,3
20679,160,25
20680,222,29
20681,241,32
20682,267,34
20683,0,3
20684,280,37
20685,201,29
20686,111,17
20687,129,16
20688,237,25
20689,234,30
20690,430,31
20691,0,3
20692,102,16
20693,0,3
20694,154,13
20695,0,3
20696,0,3
20697,263,32
20698,861,28
20699,191,24
20700,183,24
20701,164,21
20702,0,3
20703,0,3
20704,290,36
20705,0,3
20706,0,3
20707,1,3
20708,258,32
20709,0,3
20710,0,3
20711,0,3
20712,202,32
20713,0,3
20714,159,18
20715,353,35
20716,28,6
20717,180,27
20718,0,3
20719,115,13
20720,133,18
20721,100,16
20722,310,24
20723,0,3
20724,0,3
20725,135,17
20726,173,29
20727,232,29
20728,73,14
20729,0,3
20730,292,32
20731,429,42
20732,243,27
20733,243,21
20734,304,33
20735,229,35
20736,158,24
20737,0,3
20738,186,26
20739,169,25
20740,268,33
20741,257,28
20742,0,3
20743,0,3
20744,0,3
20745,246,29
20746,0,3
20747,298,25
20748,267,34
20749,0,3
20750,0,3
20751,195,23
20752,0,3
20753,183,26
20754,158,19
20755,0,3
20756,358,36
20757,224,30
20758,0,3
20759,0,3
20760,0,3
20761,214,27
20762,0,3
20763,112,18
20764,240,29
20765,138,20
20766,227,33
20767,0,3
20768,0,3
20769,0,3
20770,0,3
20771,223,31
20772,0,3
20773,0,3
20774,70,10
20775,194,23
20776,116,20
20777,250,32
20778,0,3
20779,164,26
20780,0,3
20781,203,34
20782,0,3
20783,0,3
20784,259,32
20785,100,14
20786,189,35
20787,203,29
20788,189,25
20789,0,3
20790,114,15
20791,260,33
20792,0,3
20793,161,26
20794,153,21
20795,178,23
20796,137,17
20797,177,28
20798,115,11
20799,0,3
20800,0,3
20801,0,3
20802,232,28
20803,215,30
20804,272,35
20805,242,27
20806,0,3
20807,0,3
20808,0,3
20809,167,26
20810,298,13
20811,0,3
20812,181,24
20813,324,45
20814,326,30
20815,249,27
20816,0,3
20817,138,23
20818,258,33
20819,193,24
20820,187,23
20821,230,30
20822,141,23
20823,0,3
20824,160,26
20825,169,24
20826,318,33
20827,0,3
20828,127,21
20829,0,3
20830,259,29
20831,0,3
20832,164,19
20833,116,18
20834,243,27
20835,0,3
20836,257,31
20837,167,24
20838,251,40
20839,0,3
20840,240,32
20841,161,25
20842,167,22
20843,283,35
20844,0,3
20845,0,3
20846,114,16
20847,270,29
20848,244,26
20849,303,34
20850,150,21
20851,0,3
20852,209,31
20853,0,3
20854,205,28
20855,0,3
20856,138,19
20857,0,3
20858,481,55
20859,0,3
20860,0,3
20861,220,30
20862,0,3
20863,0,3
20864,0,3
20865,188,25
20866,0,3
20867,296,33
20868,187,24
20869,140,17
20870,0,3
20871,144,22
20872,0,3
20873,427,44
20874,0,3
20875,177,23
20876,115,14
20877,245,29
20878,16,4
20879,0,3
20880,95,16
20881,0,3
20882,152,25
20883,96,14
20884,0,3
20885,0,3
20886,250,25
20887,325,41
20888,218,28
20889,241,30
20890,219,30
20891,146,21
20892,0,3
20893,264,34
20894,0,3
20895,0,3
20896,0,3
20897,0,3
20898,181,23
20899,281,33
20900,0,3
20901,166,27
20902,199,23
20903,113,14
20904,40,7
20905,0,3
20906,263,33
20907,324,46
20908,159,27
20909,0,3
20910,180,25
20911,126,20
20912,146,20
20913,256,29
20914,124,20
20915,212,21
20916,0,3
20917,203,24
20918,218,31
20919,370,34
20920,194,25
20921,0,3
20922,122,21
20923,239,32
20924,0,3
20925,656,27
20926,0,3
20927,214,29
20928,239,33
20929,278,33
20930,136,16
20931,0,3
20932,167,22
20933,345,30
20934,189,28
20935,153,27
20936,228,32
20937,0,3
20938,43,10
20939,0,3
20940,156,17
20941,197,24
20942,134,19
20943,0,3
20944,307,37
20945,239,30
20946,109,14
20947,227,21
20948,247,31
20949,271,38
20950,169,20
20951,106,18
20952,236,30
20953,107,19
20954,203,28
20955,0,3
20956,224,29
20957,85,15
20958,11,5
20959,276,36
20960,194,25
20961,0,3
20962,0,3
20963,243,28
20964,275,30
20965,335,38
20966,0,3
20967,226,34
20968,232,34
20969,139,22
20970,201,29
20971,245,34
20972,0,3
20973,161,24
20974,297,39
20975,0,3
20976,0,3
20977,93,17
20978,291,36
20979,0,3
20980,0,3
20981,251,31
20982,309,40
20983,0,3
20984,0,3
20985,0,3
20986,0,3
20987,495,25
20988,126,20
20989,174,31
20990,0,3
20991,214,31
20992,0,3
20993,310,36
20994,165,20
20995,191,25
20996,192,31
20997,430,29
20998,0,3
20999,0,3
21000,202,18
21001,190,22
21002,266,28
21003,0,3
21004,168,22
21005,201,28
21006,222,28
21007,337,40
21008,0,3
21009,0,3
21010,247,34
21011,218,31
21012,0,3
21013,173,25
21014,352,34
21015,287,30
21016,0,3
21017,255,32
21018,172,22
21019,306,36
21020,195,26
21021,230,29
21022,203,26
21023,0,3
21024,343,25
21025,0,3
21026,270,32
21027,174,26
21028,151,25
21029,332,37
21030,252,37
21031,0,3
21032,170,23
21033,0,3
21034,190,26
21035,0,3
21036,0,3
21037,117,26
21038,107,18
21039,190,23
21040,0,3
21041,236,31
21042,0,3
21043,238,32
21044,0,3
21045,401,32
21046,217,27
21047,325,36
21048,0,3
21049,0,3
21050,0,3
21051,0,3
21052,231,30
21053,158,31
21054,187,23
21055,100,15
21056,234,27
21057,311,38
21058,358,41
21059,0,3
21060,372,27
21061,0,3
21062,195,23
21063,274,37
21064,250,36
21065,257,31
21066,117,18
21067,245,33
21068,87,15
21069,209,31
21070,0,3
21071,199,27
21072,221,26
21073,0,3
21074,0,3
21075,110,17
21076,342,36
21077,205,32
21078,83,15
21079,588,26
21080,0,3
21081,0,3
21082,227,29
21083,0,3
21084,278,32
21085,0,3
21086,261,35
21087,150,22
21088,163,23
21089,0,3
21090,0,3
21091,0,3
21092,292,29
21093,0,3
21094,0,3
21095,212,30
21096,0,3
21097,738,28
21098,532,41
21099,281,38
21100,198,22
21101,0,3
21102,371,36
21103,227,25
21104,330,22
21105,372,25
21106,247,34
21107,0,3
21108,222,25
21109,0,3
21110,236,31
21111,0,3
21112,257,26
21113,198,28
21114,0,3
21115,147,17
21116,156,23
21117,240,23
21118,0,3
21119,0,3
21120,188,30
21121,121,17
21122,0,3
21123,199,26
21124,265,38
21125,123,22
21126,289,30
21127,0,3
21128,107,16
21129,0,3
21130,0,3
21131,0,3
21132,0,3
21133,0,3
21134,214,24
21135,284,31
21136,204,25
21137,131,20
21138,260,36
21139,170,27
21140,170,26
21141,0,3
21142,284,30
21143,0,3
21144,0,3
21145,186,24
21146,0,3
21147,195,21
21148,174,26
21149,48,11
21150,0,3
21151,0,3
21152,165,19
21153,248,30
21154,171,28
21155,208,26
21156,115,22
21157,227,27
21158,0,3
21159,201,24
21160,119,19
21161,177,27
21162,189,27
21163,289,35
21164,214,27
21165,259,35
21166,59,9
21167,0,3
21168,288,32
21169,98,17
21170,259,30
21171,0,3
21172,105,14
21173,241,35
21174,353,37
21175,208,27
21176,330,47
21177,204,27
21178,0,3
21179,340,37
21180,289,38
21181,0,3
21182,211,27
21183,268,31
21184,128,18
21185,0,3
21186,110,19
21187,607,39
21188,170,23
21189,0,3
21190,114,14
21191,250,32
21192,0,3
21193,228,29
21194,327,29
21195,200,33
21196,203,23
21197,0,3
21198,0,3
21199,247,34
21200,456,28
21201,236,31
21202,0,3
21203,205,23
21204,324,38
21205,164,24
21206,0,3
21207,0,3
21208,219,29
21209,92,12
21210,0,3
21211,165,25
21212,273,28
21213,267,32
21214,108,17
21215,0,3
21216,214,25
21217,318,34
21218,328,32
21219,0,3
21220,256,29
21221,0,3
21222,161,23
21223,238,27
21224,0,3
21225,129,17
21226,293,42
21227,231,29
21228,194,26
21229,157,28
21230,253,31
21231,386,47
21232,0,3
21233,0,3
21234,269,25
21235,163,23
21236,0,3
21237,0,3
21238,207,24
21239,128,15
21240,0,3
21241,270,30
21242,478,18
21243,327,38
21244,0,3
21245,231,26
21246,298,37
21247,0,3
21248,0,3
21249,206,25
21250,258,22
21251,312,31
21252,0,3
21253,0,3
21254,159,20
21255,0,3
21256,0,3
21257,387,30
21258,0,3
21259,217,15
21260,244,31
21261,78,15
21262,0,3
21263,105,18
21264,240,27
21265,0,3
21266,0,3
21267,0,3
21268,0,3
21269,203,25
21270,162,24
21271,230,30
21272,0,3
21273,0,3
21274,158,25
21275,311,36
21276,199,28
21277,250,35
21278,188,28
21279,0,3
21280,0,3
21281,0,3
21282,0,3
21283,169,16
21284,182,23
21285,182,27
21286,1,3
21287,0,3
21288,308,37
21289,319,36
21290,109,14
21291,0,3
21292,0,3
21293,266,30
21294,0,3
21295,0,3
21296,184,25
21297,255,33
21298,0,3
21299,0,3
21300,271,27
21301,343,24
21302,0,3
21303,0,3
21304,209,26
21305,0,3
21306,183,25
21307,0,3
21308,522,22
21309,255,34
21310,197,26
21311,0,3
21312,333,35
21313,0,3
21314,215,25
21315,151,24
21316,136,23
21317,0,3
21318,250,31
21319,0,3
21320,329,44
21321,131,24
21322,154,25
21323,1,3
21324,251,32
21325,0,3
21326,0,3
21327,0,3
21328,308,47
21329,238,24
21330,0,3
21331,277,32
21332,95,12
21333,283,38
21334,0,3
21335,0,3
21336,209,28
21337,220,19
21338,0,3
21339,259,29
21340,222,32
21341,0,3
21342,164,24
21343,204,23
21344,696,29
21345,297,34
21346,72,11
21347,0,3
21348,0,3
21349,0,3
21350,0,3
21351,0,3
21352,0,3
21353,0,3
21354,228,35
21355,293,31
21356,135,19
21357,116,19
21358,392,28
21359,202,24
21360,182,26
21361,0,3
21362,173,22
21363,0,3
21364,291,30
21365,120,16
21366,0,3
21367,242,35
21368,239,25
21369,0,3
21370,170,25
21371,187,20
21372,199,30
21373,123,17
21374,159,28
21375,85,18
21376,0,3
21377,0,3
21378,0,3
21379,130,15
21380,149,23
21381,0,3
21382,0,3
21383,0,3
21384,0,3
21385,0,3
21386,259,25
21387,145,26
21388,163,29
21389,0,3
21390,268,39
21391,0,3
21392,252,30
21393,0,3
21394,272,36
21395,117,18
21396,284,38
21397,764,19
21398,0,3
21399,135,21
21400,0,3
21401,0,3
21402,150,16
21403,145,26
21404,0,3
21405,0,3
21406,0,3
21407,0,3
21408,231,27
21409,252,27
21410,349,30
21411,0,3
21412,0,3
21413,60,12
21414,212,26
21415,358,40
21416,91,15
21417,325,38
21418,236,32
21419,257,28
21420,305,35
21421,229,29
21422,478,30
21423,0,3
21424,282,39
21425,368,43
21426,233,27
21427,206,33
21428,46,10
21429,170,18
21430,222,28
21431,0,3
21432,497,31
21433,0,3
21434,0,3
21435,226,28
21436,0,3
21437,52,8
21438,0,3
21439,0,3
21440,0,3
21441,264,34
21442,0,3
21443,152,24
21444,247,40
21445,693,24
21446,229,32
21447,197,26
21448,253,32
21449,156,28
21450,476,39
21451,179,21
21452,0,3
21453,117,21
21454,108,17
21455,0,3
21456,0,3
21457,337,37
21458,252,27
21459,0,3
21460,367,42
21461,269,23
21462,0,3
21463,190,30
21464,162,24
21465,191,28
21466,0,3
21467,308,31
21468,167,29
21469,0,3
21470,0,3
21471,0,3
21472,158,20
21473,266,14
21474,178,28
21475,0,3
21476,80,13
21477,0,3
21478,118,18
21479,115,15
21480,167,25
21481,240,32
21482,0,3
21483,215,21
21484,0,3
21485,253,34
21486,143,20
21487,0,3
21488,0,3
21489,0,3
21490,220,23
21491,0,3
21492,58,14
21493,0,3
21494,170,20
21495,110,18
21496,166,24
21497,0,3
21498,0,3
21499,187,24
21500,0,3
21501,156,24
21502,0,3
21503,183,28
21504,0,3
21505,311,38
21506,0,3
21507,246,27
21508,309,35
21509,167,29
21510,101,17
21511,0,3
21512,188,28
21513,130,16
21514,0,3
21515,0,3
21516,0,3
21517,135,18
21518,0,3
21519,227,30
21520,0,3
21521,204,25
21522,177,25
21523,295,38
21524,190,25
21525,160,26
21526,236,35
21527,264,38
21528,0,3
21529,240,32
21530,0,3
21531,0,3
21532,166,24
21533,1,3
21534,0,3
21535,264,23
21536,213,26
21537,248,34
21538,0,3
21539,217,26
21540,214,20
21541,139,17
21542,0,3
21543,177,23
21544,1,3
21545,0,3
21546,0,3
21547,227,27
21548,209,29
21549,276,32
21550,299,20
21551,219,30
21552,0,3
21553,0,3
21554,312,31
21555,0,3
21556,0,3
21557,121,19
21558,384,40
21559,204,26
21560,0,3
21561,274,41
21562,0,3
21563,162,21
21564,337,38
21565,173,23
21566,287,42
21567,0,3
21568,166,23
21569,0,3
21570,0,3
21571,0,3
21572,247,31
21573,0,3
21574,283,35
21575,208,24
21576,0,3
21577,0,3
21578,0,3
21579,0,3
21580,106,13
21581,0,3
21582,203,22
21583,307,41
21584,191,28
21585,0,3
21586,0,3
21587,0,3
21588,144,21
21589,58,14
21590,173,25
21591,288,33
21592,0,3
21593,0,3
21594,132,19
21595,0,3
21596,0,3
21597,0,3
21598,434,29
21599,225,31
21600,163,25
21601,171,22
21602,226,28
21603,59,15
21604,218,25
21605,0,3
21606,183,30
21607,0,3
21608,224,35
21609,0,3
21610,0,3
21611,179,22
21612,0,3
21613,0,3
21614,0,3
21615,187,30
21616,245,31
21617,301,35
21618,237,31
21619,0,3
21620,0,3
21621,282,35
21622,224,30
21623,0,3
21624,174,25
21625,202,31
21626,198,26
21627,254,32
21628,0,3
21629,235,26
21630,167,24
21631,243,30
21632,194,25
21633,185,19
21634,128,18
21635,156,26
21636,0,3
21637,257,30
21638,0,3
21639,233,32
21640,248,33
21641,0,3
21642,0,3
21643,0,3
21644,0,3
21645,233,30
21646,0,3
21647,155,17
21648,174,27
21649,163,20
21650,208,29
21651,228,31
21652,0,3
21653,0,3
21654,0,3
21655,231,37
21656,0,3
21657,166,22
21658,125,16
21659,338,39
21660,0,3
21661,170,22
21662,0,3
21663,249,30
21664,87,22
21665,0,3
21666,0,3
21667,293,35
21668,85,15
21669,177,24
21670,245,32
21671,213,31
21672,724,24
21673,123,23
21674,94,16
21675,85,16
21676,165,25
21677,296,34
21678,245,31
21679,104,16
21680,0,3
21681,299,30
21682,398,14
21683,0,3
21684,341,36
21685,195,24
21686,104,19
21687,151,19
21688,268,30
21689,339,38
21690,278,33
21691,272,29
21692,219,32
21693,247,35
21694,121,23
21695,243,30
21696,0,3
21697,0,3
21698,0,3
21699,193,26
21700,194,28
21701,203,24
21702,0,3
21703,0,3
21704,382,31
21705,869,23
21706,177,26
21707,0,3
21708,0,3
21709,280,36
21710,199,24
21711,231,32
21712,128,18
21713,0,3
21714,150,18
21715,190,25
21716,0,3
21717,0,3
21718,0,3
21719,83,15
21720,163,25
21721,104,17
21722,0,3
21723,346,40
21724,305,24
21725,0,3
21726,342,32
21727,325,26
21728,262,34
21729,289,33
21730,0,3
21731,309,28
21732,0,3
21733,113,18
21734,270,31
21735,217,32
21736,142,23
21737,327,40
21738,119,23
21739,128,20
21740,0,3
21741,0,3
21742,237,33
21743,0,3
21744,0,3
21745,0,3
21746,309,32
21747,0,3
21748,205,24
21749,240,22
21750,0,3
21751,0,3
21752,0,3
21753,0,3
21754,217,30
21755,215,23
21756,0,3
21757,0,3
21758,365,40
21759,172,25
21760,0,3
21761,234,30
21762,0,3
21763,0,3
21764,0,3
21765,244,36
21766,133,20
21767,196,24
21768,0,3
21769,189,26
21770,186,23
21771,198,33
21772,223,31
21773,253,37
21774,0,3
21775,238,33
21776,202,32
21777,334,34
21778,0,3
21779,0,3
21780,154,21
21781,279,27
21782,0,3
21783,194,23
21784,92,17
21785,0,3
21786,0,3
21787,0,3
21788,302,32
21789,0,3
21790,0,3
21791,270,28
21792,0,3
21793,96,16
21794,0,3
21795,0,3
21796,0,3
21797,176,27
21798,177,21
21799,0,3
21800,202,31
21801,199,27
21802,259,38
21803,186,25
21804,0,3
21805,256,35
21806,0,3
21807,140,15
21808,227,24
21809,273,36
21810,175,24
21811,0,3
21812,149,20
21813,0,3
21814,77,12
21815,197,26
21816,207,30
21817,285,32
21818,0,3
21819,284,32
21820,234,30
21821,254,29
21822,0,3
21823,282,24
21824,0,3
21825,0,3
21826,0,3
21827,278,36
21828,0,3
21829,0,3
21830,179,20
21831,227,32
21832,125,21
21833,244,35
21834,0,3
21835,309,36
21836,139,26
21837,0,3
21838,0,3
21839,0,3
21840,306,36
21841,267,26
21842,0,3
21843,148,24
21844,0,3
21845,169,28
21846,117,16
21847,0,3
21848,207,26
21849,260,33
21850,29,6
21851,174,26
21852,264,33
21853,0,3
21854,0,3
21855,0,3
21856,0,3
21857,0,3
21858,178,20
21859,230,29
21860,0,3
21861,0,3
21862,0,3
21863,0,3
21864,215,28
21865,113,19
21866,241,35
21867,0,3
21868,192,28
21869,191,28
21870,155,20
21871,152,21
21872,0,3
21873,159,23
21874,0,3
21875,0,3
21876,307,41
21877,177,22
21878,161,23
21879,149,19
21880,188,20
21881,242,35
21882,275,33
21883,0,3
21884,0,3
21885,183,25
21886,183,24
21887,223,26
21888,324,35
21889,0,3
21890,0,3
21891,195,27
21892,305,33
21893,0,3
21894,0,3
21895,0,3
21896,223,28
21897,252,35
21898,568,31
21899,186,23
21900,155,22
21901,128,20
21902,182,23
21903,0,3
21904,0,3
21905,153,24
21906,302,34
21907,0,3
21908,0,3
21909,0,3
21910,0,3
21911,0,3
21912,189,28
21913,109,18
21914,89,15
21915,213,27
21916,344,44
21917,197,28
21918,254,35
21919,0,3
21920,0,3
21921,142,24
21922,212,24
21923,170,20
21924,137,24
21925,97,14
21926,295,34
21927,296,32
21928,0,3
21929,330,35
21930,0,3
21931,315,44
21932,0,3
21933,253,38
21934,0,3
21935,162,26
21936,0,3
21937,0,3
21938,0,3
21939,0,3
21940,216,29
21941,296,35
21942,129,17
21943,204,25
21944,279,34
21945,308,32
21946,0,3
21947,174,29
21948,0,3
21949,142,20
21950,311,25
21951,112,18
21952,290,34
21953,0,3
21954,353,38
21955,0,3
21956,263,31
21957,260,36
21958,128,21
21959,0,3
21960,0,3
21961,0,3
21962,233,24
21963,243,29
21964,115,18
21965,0,3
21966,465,33
21967,229,31
21968,0,3
21969,226,24
21970,0,3
21971,87,12
21972,210,29
21973,341,37
21974,166,29
21975,228,30
21976,100,16
21977,61,14
21978,0,3
21979,168,22
21980,0,3
21981,203,24
21982,0,3
21983,0,3
21984,318,35
21985,0,3
21986,183,27
21987,0,3
21988,0,3
21989,543,30
21990,202,28
21991,174,25
21992,90,11
21993,0,3
21994,219,30
21995,127,18
21996,0,3
21997,0,3
21998,218,32
21999,182,26
22000,201,28
22001,0,3
22002,372,24
22003,235,31
22004,235,30
22005,124,19
22006,109,21
22007,0,3
22008,276,34
22009,267,27
22010,155,23
22011,196,23
22012,266,33
22013,214,30
22014,114,19
22015,255,27
22016,0,3
22017,0,3
22018,262,34
22019,122,16
22020,219,26
22021,0,3
22022,201,33
22023,0,3
22024,0,3
22025,0,3
22026,177,22
22027,245,35
22028,0,3
22029,250,33
22030,0,3
22031,281,30
22032,309,27
22033,332,15
22034,206,26
22035,0,3
22036,0,3
22037,109,21
22038,319,16
22039,106,13
22040,0,3
22041,0,3
22042,383,35
22043,225,28
22044,0,3
22045,0,3
22046,298,28
22047,238,27
22048,193,29
22049,0,3
22050,230,27
22051,255,36
22052,0,3
22053,0,3
22054,0,3
22055,240,32
22056,226,31
22057,148,22
22058,0,3
22059,77,16
22060,225,29
22061,0,3
22062,0,3
22063,199,25
22064,309,39
22065,0,3
22066,149,22
22067,419,38
22068,0,3
22069,0,3
22070,75,13
22071,230,32
22072,0,3
22073,235,27
22074,213,13
22075,0,3
22076,195,20
22077,65,10
22078,336,38
22079,0,3
22080,256,18
22081,99,14
22082,0,3
22083,0,3
22084,188,19
22085,207,28
22086,200,30
22087,85,19
22088,0,3
22089,108,16
22090,0,3
22091,0,3
22092,263,31
22093,0,3
22094,199,27
22095,183,28
22096,178,22
22097,0,3
22098,0,3
22099,0,3
22100,0,3
22101,0,3
22102,115,16
22103,224,30
22104,253,35
22105,221,35
22106,167,21
22107,264,26
22108,332,23
22109,270,38
22110,277,33
22111,0,3
22112,0,3
22113,0,3
22114,0,3
22115,215,27
22116,188,21
22117,510,28
22118,1,3
22119,175,21
22120,205,28
22121,357,39
22122,0,3
22123,0,3
22124,179,21
22125,295,32
22126,0,3
22127,0,3
22128,121,20
22129,321,36
22130,224,26
22131,147,19
22132,151,28
22133,0,3
22134,95,15
22135,196,26
22136,0,3
22137,218,29
22138,259,37
22139,173,31
22140,0,3
22141,0,3
22142,167,22
22143,219,31
22144,297,25
22145,0,3
22146,119,14
22147,205,28
22148,983,17
22149,459,28
22150,0,3
22151,191,25
22152,0,3
22153,194,29
22154,105,15
22155,0,3
22156,0,3
22157,0,3
22158,85,7
22159,0,3
22160,349,33
22161,195,23
22162,268,30
22163,0,3
22164,0,3
22165,0,3
22166,144,18
22167,0,3
22168,252,43
22169,492,28
22170,0,3
22171,283,36
22172,152,22
22173,251,34
22174,0,3
22175,281,32
22176,0,3
22177,222,32
22178,0,3
22179,138,23
22180,223,35
22181,0,3
22182,214,27
22183,0,3
22184,0,3
22185,0,3
22186,234,25
22187,230,27
22188,131,24
22189,100,16
22190,0,3
22191,204,20
22192,185,27
22193,378,36
22194,250,26
22195,197,31
22196,125,24
22197,97,16
22198,246,32
22199,229,29
22200,314,30
22201,0,3
22202,253,32
22203,0,3
22204,120,17
22205,451,34
22206,90,16
22207,0,3
22208,146,20
22209,321,39
22210,256,38
22211,0,3
22212,0,3
22213,132,18
22214,313,30
22215,0,3
22216,0,3
22217,298,37
22218,195,24
22219,0,3
22220,0,3
22221,0,3
22222,213,22
22223,180,28
22224,0,3
22225,105,17
22226,204,25
22227,240,35
22228,458,19
22229,202,21
22230,0,3
22231,295,28
22232,263,38
22233,360,38
22234,0,3
22235,0,3
22236,117,15
22237,202,29
22238,0,3
22239,0,3
22240,262,31
22241,171,26
22242,108,12
22243,170,23
22244,0,3
22245,267,32
22246,283,36
22247,151,21
22248,0,3
22249,0,3
22250,235,36
22251,232,27
22252,274,34
22253,171,17
22254,118,17
22255,209,32
22256,0,3
22257,131,20
22258,0,3
22259,209,24
22260,189,27
22261,236,31
22262,0,3
22263,167,21
22264,204,28
22265,272,34
22266,0,3
22267,94,12
22268,180,27
22269,159,26
22270,92,18
22271,229,27
22272,132,21
22273,0,3
22274,335,36
22275,220,26
22276,0,3
22277,196,14
22278,233,33
22279,0,3
22280,293,37
22281,0,3
22282,383,42
22283,259,31
22284,283,32
22285,253,25
22286,274,24
22287,271,36
22288,0,3
22289,209,23
22290,356,43
22291,236,26
22292,408,43
22293,0,3
22294,208,20
22295,309,30
22296,246,29
22297,402,34
22298,0,3
22299,260,38
22300,376,39
22301,148,25
22302,0,3
22303,185,25
22304,220,27
22305,274,36
22306,235,37
22307,0,3
22308,264,28
22309,200,22
22310,155,27
22311,247,32
22312,299,32
22313,191,30
22314,252,30
22315,250,31
22316,490,30
22317,0,3
22318,133,23
22319,213,23
22320,0,3
22321,0,3
22322,81,13
22323,244,31
22324,143,18
22325,120,18
22326,496,24
22327,101,16
22328,253,34
22329,167,25
22330,0,3
22331,272,29
22332,249,38
22333,223,29
22334,219,23
22335,0,3
22336,215,29
22337,213,29
22338,108,12
22339,225,31
22340,0,3
22341,191,25
22342,0,3
22343,623,24
22344,296,29
22345,264,30
22346,222,29
22347,0,3
22348,108,17
22349,0,3
22350,113,15
22351,0,3
22352,0,3
22353,61,13
22354,231,17
22355,209,25
22356,225,23
22357,273,29
22358,0,3
22359,0,3
22360,270,33
22361,0,3
22362,160,20
22363,0,3
22364,0,3
22365,392,45
22366,0,3
22367,164,26
22368,334,45
22369,99,16
22370,0,3
22371,494,30
22372,0,3
22373,0,3
22374,127,22
22375,0,3
22376,0,3
22377,0,3
22378,346,33
22379,0,3
22380,128,23
22381,173,23
22382,178,19
22383,184,33
22384,258,28
22385,170,26
22386,0,3
22387,0,3
22388,0,3
22389,0,3
22390,240,35
22391,0,3
22392,167,22
22393,190,22
22394,130,16
22395,75,17
22396,307,41
22397,153,20
22398,167,18
22399,0,3
22400,185,22
22401,106,16
22402,0,3
22403,180,30
22404,215,24
22405,0,3
22406,163,24
22407,226,29
22408,0,3
22409,0,3
22410,0,3
22411,0,3
22412,118,15
22413,92,13
22414,188,27
22415,208,29
22416,187,28
22417,276,32
22418,229,27
22419,227,31
22420,0,3
22421,532,15
22422,347,37
22423,0,3
22424,204,30
22425,0,3
22426,337,35
22427,0,3
22428,39,13
22429,0,3
22430,224,28
22431,356,47
22432,202,31
22433,343,28
22434,242,32
22435,0,3
22436,0,3
22437,299,39
22438,128,20
22439,139,21
22440,153,17
22441,0,3
22442,229,25
22443,269,32
22444,210,25
22445,0,3
22446,102,20
22447,190,21
22448,256,35
22449,408,41
22450,154,21
22451,0,3
22452,233,32
22453,226,24
22454,165,24
22455,0,3
22456,0,3
22457,216,34
22458,184,28
22459,0,3
22460,202,29
22461,323,34
22462,106,15
22463,1,3
22464,0,3
22465,0,3
22466,266,31
22467,236,34
22468,263,32
22469,114,16
22470,115,19
22471,276,31
22472,0,3
22473,0,3
22474,99,18
22475,277,38
22476,0,3
22477,190,24
22478,0,3
22479,0,3
22480,0,3
22481,0,3
22482,273,30
22483,0,3
22484,225,33
22485,124,20
22486,247,26
22487,231,27
22488,0,3
22489,0,3
22490,0,3
22491,125,17
22492,389,35
22493,207,28
22494,363,29
22495,0,3
22496,198,34
22497,110,18
22498,148,22
22499,0,3
22500,0,3
22501,203,24
22502,225,31
22503,251,28
22504,0,3
22505,312,28
22506,151,22
22507,129,19
22508,344,38
22509,142,19
22510,149,19
22511,114,19
22512,0,3
22513,0,3
22514,151,27
22515,0,3
22516,0,3
22517,211,28
22518,134,21
22519,499,27
22520,0,3
22521,65,14
22522,247,29
22523,174,27
22524,0,3
22525,0,3
22526,363,44
22527,123,19
22528,0,3
22529,0,3
22530,186,24
22531,108,14
22532,235,28
22533,0,3
22534,151,21
22535,224,25
22536,1,3
22537,0,3
22538,0,3
22539,326,35
22540,0,3
22541,0,3
22542,291,33
22543,0,3
22544,272,37
22545,325,37
22546,464,30
22547,189,24
22548,306,37
22549,67,10
22550,259,30
22551,0,3
22552,220,29
22553,187,27
22554,0,3
22555,113,18
22556,196,27
22557,0,3
22558,0,3
22559,211,32
22560,180,23
22561,205,35
22562,166,26
22563,0,3
22564,200,27
22565,145,19
22566,249,34
22567,0,3
22568,249,40
22569,0,3
22570,254,34
22571,0,3
22572,219,23
22573,578,30
22574,0,3
22575,132,16
22576,278,31
22577,0,3
22578,97,19
22579,137,17
22580,0,3
22581,292,35
22582,224,27
22583,0,3
22584,0,3
22585,224,33
22586,227,33
22587,0,3
22588,0,3
22589,0,3
22590,0,3
22591,114,21
22592,0,3
22593,189,18
22594,0,3
22595,0,3
22596,209,31
22597,0,3
22598,0,3
22599,115,19
22600,250,32
22601,39,8
22602,0,3
22603,168,21
22604,136,24
22605,0,3
22606,0,3
22607,0,3
22608,0,3
22609,0,3
22610,89,15
22611,318,39
22612,240,34
22613,156,23
22614,0,3
22615,135,16
22616,0,3
22617,243,30
22618,149,21
22619,69,14
22620,250,31
22621,0,3
22622,209,26
22623,0,3
22624,0,3
22625,94,13
22626,254,32
22627,133,17
22628,128,17
22629,0,3
22630,0,3
22631,271,31
22632,250,32
22633,177,26
22634,159,22
22635,220,24
22636,0,3
22637,152,18
22638,0,3
22639,247,29
22640,195,28
22641,206,23
22642,162,20
22643,267,29
22644,519,33
22645,296,30
22646,0,3
22647,139,18
22648,185,31
22649,319,38
22650,648,21
22651,0,3
22652,0,3
22653,178,25
22654,0,3
22655,376,41
22656,211,28
22657,0,3
22658,310,32
22659,195,20
22660,170,19
22661,0,3
22662,0,3
22663,324,36
22664,0,3
22665,311,36
22666,218,30
22667,0,3
22668,0,3
22669,191,28
22670,0,3
22671,0,3
22672,197,22
22673,271,34
22674,213,30
22675,191,19
22676,0,3
22677,256,30
22678,0,3
22679,166,25
22680,0,3
22681,118,17
22682,189,22
22683,124,21
22684,258,32
22685,0,3
22686,228,30
22687,263,29
22688,197,30
22689,0,3
22690,191,28
22691,0,3
22692,212,18
22693,263,33
22694,286,35
22695,155,28
22696,0,3
22697,114,19
22698,304,37
22699,0,3
22700,535,30
22701,286,35
22702,0,3
22703,0,3
22704,196,26
22705,273,41
22706,212,23
22707,244,28
22708,0,3
22709,251,32
22710,0,3
22711,178,20
22712,171,34
22713,277,34
22714,1,3
22715,254,28
22716,0,3
22717,0,3
22718,0,3
22719,175,20
22720,0,3
22721,311,43
22722,207,29
22723,209,30
22724,0,3
22725,255,26
22726,274,34
22727,252,26
22728,0,3
22729,0,3
22730,252,18
22731,0,3
22732,212,29
22733,0,3
22734,0,3
22735,117,20
22736,295,27
22737,0,3
22738,0,3
22739,208,28
22740,125,20
22741,0,3
22742,187,24
22743,0,3
22744,0,3
22745,0,3
22746,162,23
22747,155,19
22748,249,28
22749,263,32
22750,0,3
22751,0,3
22752,0,3
22753,303,39
22754,247,34
22755,0,3
22756,0,3
22757,0,3
22758,183,25
22759,0,3
22760,171,25
22761,94,13
22762,0,3
22763,125,20
22764,160,22
22765,123,16
22766,0,3
22767,179,23
22768,156,26
22769,173,29
22770,230,35
22771,246,30
22772,142,19
22773,0,3
22774,246,36
22775,218,34
22776,0,3
22777,318,38
22778,215,25
22779,266,27
22780,149,24
22781,303,37
22782,303,34
22783,0,3
22784,164,19
22785,0,3
22786,0,3
22787,0,3
22788,119,19
22789,197,24
22790,0,3
22791,126,14
22792,182,18
22793,204,26
22794,32,7
22795,0,3
22796,193,24
22797,298,36
22798,0,3
22799,223,35
22800,0,3
22801,89,11
22802,0,3
22803,295,34
22804,131,17
22805,0,3
22806,724,36
22807,0,3
22808,0,3
22809,0,3
22810,197,22
22811,0,3
22812,0,3
22813,150,18
22814,403,31
22815,196,29
22816,260,31
22817,153,17
22818,243,30
22819,176,23
22820,0,3
22821,0,3
22822,926,42
22823,180,23
22824,186,20
22825,271,34
22826,261,38
22827,224,32
22828,0,3
22829,174,28
22830,0,3
22831,0,3
22832,298,39
22833,0,3
22834,236,31
22835,0,3
22836,184,24
22837,0,3
22838,169,22
22839,187,26
22840,157,18
22841,245,30
22842,222,30
22843,349,29
22844,218,30
22845,0,3
22846,110,16
22847,225,27
22848,0,3
22849,0,3
22850,300,20
22851,0,3
22852,119,20
22853,0,3
22854,0,3
22855,222,30
22856,324,29
22857,0,3
22858,0,3
22859,269,35
22860,99,19
22861,488,48
22862,0,3
22863,45,8
22864,289,38
22865,189,21
22866,313,41
22867,223,23
22868,810,38
22869,0,3
22870,0,3
22871,324,36
22872,100,18
22873,277,37
22874,569,33
22875,0,3
22876,294,31
22877,312,34
22878,0,3
22879,298,34
22880,273,42
22881,0,3
22882,193,17
22883,467,26
22884,306,39
22885,175,23
22886,311,27
22887,0,3
22888,127,17
22889,1,3
22890,165,22
22891,2,3
22892,94,14
22893,382,37
22894,187,30
22895,206,20
22896,0,3
22897,0,3
22898,0,3
22899,199,27
22900,0,3
22901,318,37
22902,0,3
22903,242,31
22904,0,3
22905,0,3
22906,64,12
22907,0,3
22908,145,15
22909,0,3
22910,0,3
22911,249,35
22912,130,17
22913,226,28
22914,0,3
22915,293,34
22916,203,30
22917,65,14
22918,0,3
22919,294,37
22920,104,14
22921,0,3
22922,152,20
22923,226,31
22924,287,32
22925,111,15
22926,0,3
22927,0,3
22928,191,25
22929,0,3
22930,0,3
22931,0,3
22932,265,36
22933,196,32
22934,291,36
22935,0,3
22936,205,26
22937,210,31
22938,268,25
22939,0,3
22940,0,3
22941,281,30
22942,132,17
22943,111,18
22944,140,27
22945,168,23
22946,0,3
22947,177,28
22948,275,36
22949,0,3
22950,605,39
22951,143,21
22952,0,3
22953,0,3
22954,247,30
22955,162,20
22956,0,3
22957,187,22
22958,0,3
22959,0,3
22960,0,3
22961,272,32
22962,166,20
22963,151,24
22964,394,34
22965,179,26
22966,0,3
22967,136,21
22968,0,3
22969,252,29
22970,0,3
22971,192,23
22972,0,3
22973,108,21
22974,153,19
22975,0,3
22976,233,32
22977,273,35
22978,241,26
22979,0,3
22980,190,26
22981,235,24
22982,0,3
22983,343,29
22984,150,23
22985,0,3
22986,0,3
22987,355,33
22988,309,32
22989,0,3
22990,0,3
22991,112,13
22992,0,3
22993,366,23
22994,148,21
22995,0,3
22996,188,25
22997,0,3
22998,0,3
22999,0,3
23000,236,31
23001,0,3
23002,0,3
23003,255,28
23004,142,23
23005,210,27
23006,0,3
23007,258,31
23008,0,3
23009,290,30
23010,157,21
23011,230,27
23012,737,30
23013,0,3
23014,0,3
23015,275,36
23016,112,19
23017,188,19
23018,0,3
23019,0,3
23020,0,3
23021,0,3
23022,206,26
23023,293,38
23024,138,25
23025,162,29
23026,189,23
23027,353,43
23028,220,32
23029,218,30
23030,547,42
23031,233,26
23032,712,33
23033,359,31
23034,0,3
23035,308,31
23036,211,18
23037,213,26
23038,0,3
23039,0,3
23040,274,32
23041,232,28
23042,0,3
23043,170,27
23044,175,21
23045,0,3
23046,282,27
23047,299,36
23048,294,24
23049,112,19
23050,0,3
23051,175,26
23052,169,19
23053,0,3
23054,0,3
23055,193,24
23056,0,3
23057,0,3
23058,256,34
23059,227,26
23060,0,3
23061,180,13
23062,0,3
23063,0,3
23064,340,32
23065,695,32
23066,172,24
23067,285,36
23068,185,29
23069,0,3
23070,215,27
23071,255,39
23072,275,42
23073,0,3
23074,0,3
23075,222,31
23076,0,3
23077,0,3
23078,0,3
23079,380,30
23080,0,3
23081,108,16
23082,0,3
23083,218,33
23084,0,3
23085,277,33
23086,167,16
23087,0,3
23088,151,20
23089,0,3
23090,300,36
23091,61,11
23092,141,20
23093,0,3
23094,538,28
23095,266,38
23096,118,17
23097,173,24
23098,0,3
23099,158,21
23100,335,37
23101,0,3
23102,0,3
23103,0,3
23104,0,3
23105,256,35
23106,0,3
23107,184,24
23108,250,34
23109,157,23
23110,254,33
23111,190,27
23112,211,24
23113,244,27
23114,194,29
23115,0,3
23116,1,3
23117,0,3
23118,459,30
23119,220,30
23120,249,30
23121,0,3
23122,0,3
23123,186,24
23124,0,3
23125,0,3
23126,258,32
23127,0,3
23128,234,33
23129,40,10
23130,0,3
23131,196,25
23132,224,36
23133,0,3
23134,238,37
23135,0,3
23136,0,3
23137,172,23
23138,228,28
23139,219,29
23140,149,25
23141,228,33
23142,197,29
23143,0,3
23144,210,30
23145,432,28
23146,0,3
23147,217,26
23148,149,24
23149,280,34
23150,278,25
23151,226,27
23152,0,3
23153,275,29
23154,106,16
23155,0,3
23156,0,3
23157,289,29
23158,223,28
23159,0,3
23160,0,3
23161,214,29
23162,0,3
23163,0,3
23164,201,27
23165,200,29
23166,0,3
23167,202,19
23168,297,31
23169,256,34
23170,275,28
23171,244,32
23172,0,3
23173,99,16
23174,0,3
23175,0,3
23176,262,35
23177,0,3
23178,235,27
23179,0,3
23180,0,3
23181,248,28
23182,0,3
23183,0,3
23184,254,39
23185,0,3
23186,217,25
23187,318,34
23188,196,27
23189,0,3
23190,0,3
23191,192,29
23192,0,3
23193,262,39
23194,0,3
23195,170,25
23196,153,21
23197,0,3
23198,242,29
23199,131,19
23200,243,32
23201,167,22
23202,128,20
23203,0,3
23204,200,30
23205,148,22
23206,261,33
23207,207,24
23208,316,39
23209,178,27
23210,305,38
23211,122,20
23212,128,20
23213,129,18
23214,155,18
23215,155,27
23216,272,33
23217,0,3
23218,402,30
23219,142,21
23220,0,3
23221,269,35
23222,568,27
23223,132,16
23224,369,40
23225,133,17
23226,188,19
23227,127,19
23228,193,20
23229,178,26
23230,157,26
23231,286,34
23232,83,14
23233,107,20
23234,231,33
23235,216,25
23236,584,18
23237,226,32
23238,302,37
23239,247,36
23240,320,42
23241,237,33
23242,272,36
23243,315,31
23244,255,28
23245,285,33
23246,271,39
23247,222,23
23248,0,3
23249,317,28
23250,147,23
23251,0,3
23252,265,37
23253,203,22
23254,307,36
23255,192,33
23256,0,3
23257,0,3
23258,605,33
23259,373,37
23260,0,3
23261,126,18
23262,191,26
23263,216,30
23264,0,3
23265,178,24
23266,0,3
23267,0,3
23268,164,23
23269,0,3
23270,230,37
23271,135,20
23272,186,23
23273,0,3
23274,0,3
23275,268,33
23276,0,3
23277,210,24
23278,289,32
23279,266,32
23280,289,38
23281,0,3
23282,193,23
23283,212,21
23284,137,21
23285,137,20
23286,0,3
23287,183,26
23288,242,31
23289,0,3
23290,215,30
23291,0,3
23292,224,30
23293,0,3
23294,207,29
23295,261,33
23296,138,16
23297,200,24
23298,0,3
23299,199,25
23300,201,32
23301,0,3
23302,279,37
23303,0,3
23304,181,19
23305,0,3
23306,253,27
23307,104,15
23308,187,24
23309,204,27
23310,0,3
23311,309,32
23312,161,24
23313,496,27
23314,401,36
23315,179,24
23316,199,27
23317,0,3
23318,0,3
23319,137,20
23320,227,26
23321,299,29
23322,0,3
23323,106,18
23324,0,3
23325,190,30
23326,300,34
23327,0,3
23328,0,3
23329,199,27
23330,0,3
23331,292,39
23332,137,20
23333,0,3
23334,221,28
23335,243,29
23336,0,3
23337,185,26
23338,210,29
23339,0,3
23340,313,31
23341,179,33
23342,0,3
23343,170,27
23344,716,25
23345,312,39
23346,141,25
23347,0,3
23348,116,19
23349,630,26
23350,222,30
23351,94,15
23352,314,23
23353,336,38
23354,261,32
23355,0,3
23356,252,25
23357,0,3
23358,98,17
23359,0,3
23360,0,3
23361,211,29
23362,260,21
23363,63,11
23364,0,3
23365,0,3
23366,321,34
23367,121,17
23368,258,26
23369,139,24
23370,0,3
23371,201,24
23372,0,3
23373,239,26
23374,188,21
23375,223,25
23376,0,3
23377,0,3
23378,185,24
23379,201,24
23380,201,29
23381,170,23
23382,219,31
23383,0,3
23384,264,32
23385,73,18
23386,123,21
23387,214,28
23388,145,22
23389,272,32
23390,194,24
23391,0,3
23392,0,3
23393,238,31
23394,168,25
23395,143,24
23396,198,25
23397,185,25
23398,139,19
23399,137,24
23400,364,42
23401,270,40
23402,0,3
23403,0,3
23404,215,34
23405,84,13
23406,0,3
23407,0,3
23408,172,23
23409,308,34
23410,238,33
23411,265,34
23412,0,3
23413,236,26
23414,95,18
23415,105,15
23416,0,3
23417,203,28
23418,134,20
23419,0,3
23420,0,3
23421,275,35
23422,122,17
23423,262,30
23424,0,3
23425,132,25
23426,231,24
23427,188,26
23428,285,37
23429,0,3
23430,0,3
23431,163,18
23432,0,3
23433,245,28
23434,0,3
23435,199,23
23436,0,3
23437,146,26
23438,0,3
23439,238,30
23440,140,19
23441,215,29
23442,140,29
23443,134,22
23444,164,23
23445,216,27
23446,0,3
23447,0,3
23448,0,3
23449,0,3
23450,182,26
23451,0,3
23452,197,26
23453,216,33
23454,0,3
23455,235,25
23456,0,3
23457,262,35
23458,260,34
23459,127,22
23460,223,30
23461,324,38
23462,190,25
23463,176,25
23464,0,3
23465,196,28
23466,210,20
23467,177,26
23468,0,3
23469,124,17
23470,263,38
23471,0,3
23472,116,17
23473,83,13
23474,290,43
23475,178,30
23476,0,3
23477,154,22
23478,135,18
23479,202,27
23480,107,16
23481,0,3
23482,0,3
23483,195,30
23484,225,31
23485,237,30
23486,241,32
23487,663,23
23488,0,3
23489,0,3
23490,361,42
23491,257,30
23492,263,33
23493,289,27
23494,215,25
23495,0,3
23496,0,3
23497,102,16
23498,164,21
23499,149,27
23500,0,3
23501,209,32
23502,212,27
23503,222,29
23504,166,21
23505,204,31
23506,262,21
23507,0,3
23508,231,29
23509,182,25
23510,0,3
23511,0,3
23512,175,19
23513,0,3
23514,323,31
23515,216,24
23516,300,37
23517,232,34
23518,254,35
23519,195,27
23520,279,34
23521,0,3
23522,0,3
23523,206,28
23524,152,24
23525,0,3
23526,187,27
23527,129,18
23528,0,3
23529,178,28
23530,0,3
23531,286,36
23532,108,19
23533,0,3
23534,0,3
23535,0,3
23536,0,3
23537,0,3
23538,0,3
23539,143,21
23540,218,27
23541,160,21
23542,162,20
23543,234,29
23544,0,3
23545,0,3
23546,315,34
23547,117,14
23548,0,3
23549,130,21
23550,0,3
23551,191,33
23552,233,26
23553,0,3
23554,0,3
23555,217,33
23556,237,29
23557,187,22
23558,160,28
23559,194,26
23560,189,21
23561,228,31
23562,299,28
23563,294,33
23564,225,33
23565,214,32
23566,194,29
23567,170,22
23568,311,38
23569,203,22
23570,180,27
23571,246,30
23572,1000,25
23573,76,14
23574,294,35
23575,316,40
23576,147,19
23577,197,23
23578,0,3
23579,175,25
23580,0,3
23581,238,29
23582,122,19
23583,165,23
23584,0,3
23585,147,23
23586,200,20
23587,206,27
23588,293,30
23589,154,20
23590,160,25
23591,184,24
23592,202,22
23593,0,3
23594,0,3
23595,0,3
23596,171,23
23597,0,3
23598,0,3
23599,0,3
23600,0,3
23601,0,3
23602,0,3
23603,140,22
23604,305,22
23605,0,3
23606,0,3
23607,137,24
23608,82,12
23609,140,20
23610,0,3
23611,0,3
23612,0,3
23613,0,3
23614,205,28
23615,252,27
23616,0,3
23617,197,34
23618,0,3
23619,281,38
23620,10,4
23621,107,18
23622,0,3
23623,171,25
23624,0,3
23625,197,31
23626,0,3
23627,298,37
23628,211,26
23629,181,25
23630,0,3
23631,183,19
23632,74,13
23633,265,30
23634,0,3
23635,255,30
23636,197,27
23637,0,3
23638,165,19
23639,236,30
23640,275,34
23641,0,3
23642,247,36
23643,0,3
23644,174,23
23645,0,3
23646,125,22
23647,0,3
23648,205,35
23649,198,26
23650,0,3
23651,0,3
23652,0,3
23653,0,3
23654,117,17
23655,296,38
23656,26,7
23657,227,29
23658,251,30
23659,139,24
23660,0,3
23661,199,23
23662,0,3
23663,161,22
23664,0,3
23665,199,20
23666,0,3
23667,132,21
23668,0,3
23669,278,38
23670,128,20
23671,256,25
23672,329,30
23673,242,25
23674,208,26
23675,215,27
23676,185,28
23677,0,3
23678,0,3
23679,0,3
23680,0,3
23681,0,3
23682,202,19
23683,94,15
23684,0,3
23685,241,19
23686,174,24
23687,0,3
23688,311,33
23689,179,26
23690,0,3
23691,0,3
23692,265,36
23693,189,29
23694,459,17
23695,156,25
23696,383,35
23697,336,37
23698,189,27
23699,309,37
23700,0,3
23701,202,22
23702,160,21
23703,0,3
23704,0,3
23705,57,10
23706,0,3
23707,347,34
23708,167,24
23709,187,29
23710,0,3
23711,0,3
23712,371,20
23713,201,27
23714,167,24
23715,143,23
23716,151,24
23717,0,3
23718,100,17
23719,0,3
23720,0,3
23721,252,38
23722,119,19
23723,263,32
23724,0,3
23725,178,21
23726,216,31
23727,127,19
23728,0,3
23729,217,25
23730,0,3
23731,236,23
23732,306,39
23733,156,22
23734,563,33
23735,285,34
23736,299,35
23737,172,26
23738,0,3
23739,0,3
23740,140,17
23741,132,20
23742,214,26
23743,116,25
23744,0,3
23745,218,32
23746,0,3
23747,323,36
23748,433,27
23749,195,26
23750,647,39
23751,0,3
23752,0,3
23753,241,31
23754,207,28
23755,157,27
23756,197,25
23757,0,3
23758,0,3
23759,0,3
23760,0,3
23761,0,3
23762,255,24
23763,0,3
23764,206,27
23765,0,3
23766,129,19
23767,0,3
23768,197,27
23769,143,21
23770,0,3
23771,116,19
23772,232,32
23773,243,30
23774,150,18
23775,308,34
23776,89,13
23777,275,25
23778,156,20
23779,178,24
23780,130,20
23781,225,30
23782,0,3
23783,63,10
23784,0,3
23785,305,34
23786,210,29
23787,384,26
23788,335,32
23789,0,3
23790,238,40
23791,189,27
23792,0,3
23793,0,3
23794,182,30
23795,118,17
23796,0,3
23797,0,3
23798,250,23
23799,0,3
23800,250,33
23801,284,37
23802,170,27
23803,0,3
23804,0,3
23805,0,3
23806,297,28
23807,0,3
23808,64,7
23809,0,3
23810,206,26
23811,0,3
23812,0,3
23813,225,34
23814,270,38
23815,148,20
23816,0,3
23817,0,3
23818,289,33
23819,177,22
23820,0,3
23821,0,3
23822,0,3
23823,151,27
23824,0,3
23825,184,30
23826,0,3
23827,326,38
23828,237,30
23829,0,3
23830,98,13
23831,0,3
23832,0,3
23833,193,24
23834,179,24
23835,160,20
23836,0,3
23837,301,37
23838,0,3
23839,0,3
23840,0,3
23841,228,27
23842,217,25
23843,0,3
23844,0,3
23845,0,3
23846,0,3
23847,126,24
23848,234,28
23849,222,31
23850,200,22
23851,0,3
23852,245,26
23853,0,3
23854,301,29
23855,387,29
23856,170,24
23857,0,3
23858,466,23
23859,86,14
23860,256,31
23861,248,33
23862,120,20
23863,136,23
23864,287,32
23865,0,3
23866,118,15
23867,0,3
23868,260,34
23869,69,14
23870,199,25
23871,246,26
23872,0,3
23873,205,27
23874,0,3
23875,0,3
23876,150,18
23877,225,28
23878,256,27
23879,149,22
23880,202,26
23881,0,3
23882,337,41
23883,119,17
23884,168,24
23885,288,35
23886,0,3
23887,0,3
23888,325,34
23889,0,3
23890,0,3
23891,1,3
23892,258,32
23893,0,3
23894,191,26
23895,231,22
23896,0,3
23897,100,17
23898,0,3
23899,0,3
23900,251,23
23901,235,25
23902,160,21
23903,328,21
23904,297,30
23905,150,28
23906,0,3
23907,137,28
23908,0,3
23909,238,36
23910,131,19
23911,0,3
23912,227,28
23913,212,27
23914,327,35
23915,0,3
23916,0,3
23917,157,22
23918,694,43
23919,0,3
23920,272,33
23921,0,3
23922,103,17
23923,0,3
23924,183,27
23925,128,18
23926,235,27
23927,203,28
23928,263,29
23929,0,3
23930,248,35
23931,235,28
23932,0,3
23933,0,3
23934,0,3
23935,264,35
23936,0,3
23937,0,3
23938,210,25
23939,143,21
23940,0,3
23941,0,3
23942,0,3
23943,237,25
23944,0,3
23945,0,3
23946,247,34
23947,247,34
23948,132,21
23949,283,31
23950,249,25
23951,413,37
23952,354,35
23953,0,3
23954,237,33
23955,187,31
23956,171,22
23957,0,3
23958,238,29
23959,224,24
23960,0,3
23961,130,17
23962,0,3
23963,142,22
23964,0,3
23965,324,36
23966,0,3
23967,169,27
23968,182,21
23969,0,3
23970,385,54
23971,140,20
23972,0,3
23973,0,3
23974,290,38
23975,0,3
23976,136,25
23977,161,22
23978,0,3
23979,134,22
23980,0,3
23981,214,27
23982,70,10
23983,0,3
23984,155,22
23985,172,22
23986,0,3
23987,146,23
23988,172,21
23989,264,31
23990,0,3
23991,0,3
23992,0,3
23993,0,3
23994,216,25
23995,0,3
23996,0,3
23997,157,20
23998,0,3
23999,178,19
24000,217,28
24001,143,14
24002,0,3
24003,198,27
24004,130,25
24005,0,3
24006,0,3
24007,0,3
24008,573,25
24009,120,17
24010,0,3
24011,102,13
24012,275,35
24013,122,19
24014,0,3
24015,52,15
24016,119,16
24017,0,3
24018,219,27
24019,356,40
24020,76,14
24021,283,36
24022,327,29
24023,0,3
24024,115,19
24025,497,20
24026,144,26
24027,105,18
24028,0,3
24029,310,40
24030,298,36
24031,0,3
24032,238,25
24033,102,16
24034,221,26
24035,241,32
24036,174,24
24037,0,3
24038,171,24
24039,198,29
24040,0,3
24041,0,3
24042,0,3
24043,0,3
24044,202,28
24045,202,23
24046,122,21
24047,0,3
24048,0,3
24049,282,36
24050,189,14
24051,197,23
24052,217,29
24053,321,42
24054,195,32
24055,0,3
24056,0,3
24057,264,27
24058,0,3
24059,0,3
24060,0,3
24061,0,3
24062,143,20
24063,155,26
24064,211,27
24065,0,3
24066,136,19
24067,174,27
24068,140,19
24069,0,3
24070,138,20
24071,253,30
24072,209,22
24073,130,20
24074,0,3
24075,0,3
24076,139,18
24077,125,24
24078,214,32
24079,163,25
24080,0,3
24081,0,3
24082,276,26
24083,0,3
24084,209,24
24085,0,3
24086,0,3
24087,0,3
24088,173,29
24089,0,3
24090,0,3
24091,254,30
24092,222,26
24093,235,27
24094,0,3
24095,199,25
24096,219,27
24097,231,33
24098,334,38
24099,138,23
24100,0,3
24101,0,3
24102,0,3
24103,251,36
24104,277,33
24105,0,3
24106,0,3
24107,0,3
24108,167,24
24109,259,31
24110,230,31
24111,195,27
24112,695,26
24113,74,13
24114,0,3
24115,0,3
24116,389,43
24117,140,20
24118,237,31
24119,0,3
24120,0,3
24121,192,31
24122,180,22
24123,716,23
24124,317,34
24125,177,28
24126,281,36
24127,199,18
24128,0,3
24129,0,3
24130,191,28
24131,0,3
24132,0,3
24133,0,3
24134,229,29
24135,0,3
24136,158,27
24137,220,32
24138,209,31
24139,202,28
24140,218,29
24141,0,3
24142,189,20
24143,167,26
24144,0,3
24145,190,27
24146,188,27
24147,201,30
24148,268,35
24149,0,3
24150,0,3
24151,216,26
24152,131,22
24153,196,27
24154,181,28
24155,0,3
24156,170,23
24157,196,24
24158,146,22
24159,191,29
24160,191,26
24161,0,3
24162,176,23
24163,234,31
24164,351,27
24165,212,28
24166,177,27
24167,110,18
24168,651,25
24169,131,17
24170,329,41
24171,0,3
24172,0,3
24173,219,33
24174,144,20
24175,0,3
24176,170,23
24177,151,25
24178,211,26
24179,0,3
24180,0,3
24181,158,23
24182,0,3
24183,274,35
24184,225,29
24185,0,3
24186,170,28
24187,0,3
24188,229,29
24189,0,3
24190,242,29
24191,0,3
24192,189,23
24193,0,3
24194,203,29
24195,0,3
24196,113,17
24197,569,22
24198,253,23
24199,0,3
24200,192,25
24201,189,24
24202,217,29
24203,0,3
24204,153,22
24205,0,3
24206,0,3
24207,173,22
24208,0,3
24209,268,35
24210,0,3
24211,0,3
24212,320,36
24213,0,3
24214,184,26
24215,0,3
24216,313,34
24217,201,24
24218,0,3
24219,0,3
24220,171,21
24221,92,12
24222,307,33
24223,0,3
24224,0,3
24225,148,19
24226,0,3
24227,352,44
24228,0,3
24229,0,3
24230,591,21
24231,0,3
24232,295,32
24233,216,27
24234,0,3
24235,253,31
24236,357,37
24237,0,3
24238,221,33
24239,293,37
24240,234,32
24241,237,31
24242,310,39
24243,0,3
24244,0,3
24245,162,22
24246,247,33
24247,197,22
24248,161,19
24249,206,24
24250,290,35
24251,0,3
24252,278,36
24253,0,3
24254,194,29
24255,402,19
24256,497,30
24257,0,3
24258,0,3
24259,184,25
24260,264,33
24261,216,27
24262,250,32
24263,201,16
24264,296,31
24265,0,3
24266,1,3
24267,283,32
24268,210,31
24269,0,3
24270,256,32
24271,333,32
24272,348,25
24273,312,43
24274,0,3
24275,0,3
24276,94,16
24277,0,3
24278,284,39
24279,146,21
24280,209,25
24281,493,31
24282,0,3
24283,199,29
24284,270,24
24285,255,28
24286,0,3
24287,183,29
24288,236,39
24289,131,16
24290,129,18
24291,208,24
24292,0,3
24293,198,31
24294,216,26
24295,0,3
24296,305,38
24297,0,3
24298,190,26
24299,311,39
24300,0,3
24301,151,21
24302,0,3
24303,264,36
24304,376,33
24305,406,30
24306,0,3
24307,0,3
24308,310,38
24309,241,29
24310,236,29
24311,371,19
24312,305,43
24313,165,25
24314,201,29
24315,289,29
24316,279,31
24317,212,29
24318,0,3
24319,0,3
24320,177,22
24321,398,33
24322,232,22
24323,342,36
24324,0,3
24325,210,29
24326,0,3
24327,231,26
24328,0,3
24329,199,31
24330,0,3
24331,0,3
24332,226,28
24333,165,27
24334,0,3
24335,183,31
24336,284,36
24337,0,3
24338,250,29
24339,0,3
24340,237,27
24341,249,28
24342,189,20
24343,0,3
24344,0,3
24345,268,24
24346,0,3
24347,584,33
24348,214,28
24349,225,27
24350,254,33
24351,0,3
24352,0,3
24353,198,25
24354,0,3
24355,0,3
24356,0,3
24357,200,26
24358,228,24
24359,135,20
24360,0,3
24361,205,38
24362,0,3
24363,172,25
24364,336,37
24365,268,32
24366,166,20
24367,174,26
24368,251,31
24369,194,25
24370,361,37
24371,300,37
24372,321,45
24373,0,3
24374,218,21
24375,139,19
24376,91,12
24377,0,3
24378,210,28
24379,0,3
24380,231,24
24381,241,30
24382,223,30
24383,0,3
24384,71,12
24385,344,38
24386,95,16
24387,194,26
24388,219,25
24389,154,22
24390,0,3
24391,191,25
24392,0,3
24393,259,34
24394,140,18
24395,241,23
24396,0,3
24397,60,13
24398,274,33
24399,0,3
24400,96,15
24401,214,28
24402,192,23
24403,191,25
24404,234,22
24405,225,28
24406,0,3
24407,146,20
24408,0,3
24409,0,3
24410,195,24
24411,283,29
24412,0,3
24413,0,3
24414,203,27
24415,252,36
24416,87,15
24417,0,3
24418,0,3
24419,114,19
24420,0,3
24421,0,3
24422,0,3
24423,0,3
24424,0,3
24425,212,32
24426,257,29
24427,0,3
24428,186,29
24429,234,31
24430,112,14
24431,162,22
24432,233,30
24433,283,33
24434,0,3
24435,219,29
24436,0,3
24437,247,36
24438,225,28
24439,209,30
24440,139,18
24441,276,34
24442,246,31
24443,0,3
24444,240,30
24445,359,17
24446,169,24
24447,254,27
24448,258,33
24449,0,3
24450,0,3
24451,100,14
24452,0,3
24453,155,22
24454,184,30
24455,83,17
24456,316,37
24457,0,3
24458,0,3
24459,0,3
24460,0,3
24461,266,27
24462,0,3
24463,190,28
24464,177,26
24465,238,39
24466,0,3
24467,0,3
24468,0,3
24469,178,23
24470,0,3
24471,0,3
24472,0,3
24473,0,3
24474,0,3
24475,0,3
24476,215,25
24477,273,32
24478,0,3
24479,0,3
24480,82,14
24481,896,36
24482,109,18
24483,140,17
24484,165,25
24485,139,24
24486,220,26
24487,286,31
24488,198,25
24489,0,3
24490,213,34
24491,0,3
24492,145,20
24493,0,3
24494,0,3
24495,174,25
24496,0,3
24497,129,20
24498,188,27
24499,204,24
24500,96,16
24501,183,30
24502,250,27
24503,186,23
24504,0,3
24505,191,31
24506,0,3
24507,292,42
24508,212,32
24509,0,3
24510,198,18
24511,96,13
24512,130,16
24513,0,3
24514,0,3
24515,174,25
24516,0,3
24517,219,27
24518,240,33
24519,234,24
24520,0,3
24521,0,3
24522,112,17
24523,282,36
24524,194,28
24525,300,36
24526,190,23
24527,138,20
24528,0,3
24529,214,32
24530,807,26
24531,0,3
24532,144,18
24533,258,24
24534,178,20
24535,232,23
24536,333,27
24537,0,3
24538,0,3
24539,241,29
24540,0,3
24541,416,42
24542,325,39
24543,0,3
24544,522,16
24545,0,3
24546,0,3
24547,237,22
24548,319,29
24549,254,32
24550,0,3
24551,0,3
24552,170,21
24553,130,23
24554,0,3
24555,183,20
24556,334,35
24557,171,23
24558,192,22
24559,108,17
24560,241,32
24561,255,35
24562,0,3
24563,214,26
24564,0,3
24565,0,3
24566,648,31
24567,0,3
24568,257,33
24569,0,3
24570,241,25
24571,0,3
24572,248,32
24573,330,41
24574,0,3
24575,244,36
24576,0,3
24577,0,3
24578,0,3
24579,239,24
24580,267,34
24581,383,45
24582,157,16
24583,0,3
24584,120,19
24585,0,3
24586,0,3
24587,0,3
24588,210,28
24589,162,24
24590,189,28
24591,0,3
24592,117,21
24593,202,27
24594,149,24
24595,0,3
24596,240,31
24597,208,29
24598,382,38
24599,0,3
24600,96,19
24601,0,3
24602,203,35
24603,0,3
24604,324,27
24605,228,24
24606,0,3
24607,159,21
24608,270,32
24609,274,32
24610,0,3
24611,0,3
24612,159,26
24613,283,38
24614,0,3
24615,176,26
24616,218,28
24617,176,23
24618,0,3
24619,180,23
24620,228,25
24621,261,26
24622,158,20
24623,617,31
24624,277,29
24625,224,30
24626,223,31
24627,209,29
24628,283,36
24629,398,38
24630,0,3
24631,0,3
24632,270,35
24633,286,33
24634,175,28
24635,162,26
24636,0,3
24637,0,3
24638,252,28
24639,199,26
24640,396,43
24641,133,21
24642,174,20
24643,172,28
24644,137,17
24645,161,18
24646,212,27
24647,0,3
24648,104,17
24649,0,3
24650,227,30
24651,0,3
24652,0,3
24653,0,3
24654,0,3
24655,218,29
24656,0,3
24657,288,42
24658,0,3
24659,0,3
24660,317,39
24661,158,23
24662,177,23
24663,0,3
24664,349,32
24665,223,26
24666,178,25
24667,209,30
24668,250,37
24669,0,3
24670,0,3
24671,0,3
24672,236,25
24673,183,31
24674,182,26
24675,126,21
24676,191,24
24677,0,3
24678,282,36
24679,235,25
24680,0,3
24681,321,37
24682,284,26
24683,0,3
24684,0,3
24685,172,25
24686,144,21
24687,286,29
24688,98,13
24689,230,28
24690,165,20
24691,0,3
24692,512,33
24693,0,3
24694,192,26
24695,0,3
24696,217,32
24697,204,26
24698,0,3
24699,280,31
24700,183,24
24701,114,16
24702,219,25
24703,341,33
24704,300,42
24705,143,21
24706,166,23
24707,0,3
24708,105,16
24709,209,28
24710,0,3
24711,125,25
24712,501,30
24713,97,18
24714,249,30
24715,299,37
24716,0,3
24717,362,45
24718,0,3
24719,0,3
24720,0,3
24721,266,35
24722,142,19
24723,109,19
24724,235,19
24725,146,24
24726,67,11
24727,210,28
24728,207,30
24729,170,26
24730,156,22
24731,264,38
24732,189,22
24733,0,3
24734,199,30
24735,182,26
24736,0,3
24737,0,3
24738,0,3
24739,181,24
24740,153,23
24741,0,3
24742,209,30
24743,0,3
24744,243,30
24745,0,3
24746,1000,13
24747,0,3
24748,63,11
24749,35,7
24750,0,3
24751,296,36
24752,0,3
24753,321,34
24754,214,27
24755,109,20
24756,129,18
24757,0,3
24758,0,3
24759,0,3
24760,0,3
24761,381,43
24762,121,15
24763,146,20
24764,180,24
24765,264,34
24766,229,30
24767,0,3
24768,123,17
24769,0,3
24770,70,12
24771,220,25
24772,266,34
24773,148,29
24774,497,36
24775,184,21
24776,0,3
24777,0,3
24778,112,22
24779,265,35
24780,196,27
24781,0,3
24782,353,39
24783,143,25
24784,144,16
24785,245,29
24786,0,3
24787,0,3
24788,176,27
24789,0,3
24790,0,3
24791,185,26
24792,130,19
24793,1,3
24794,226,30
24795,189,27
24796,237,37
24797,0,3
24798,0,3
24799,222,29
24800,193,15
24801,171,29
24802,163,28
24803,0,3
24804,267,29
24805,30,9
24806,117,19
24807,206,28
24808,253,35
24809,271,33
24810,0,3
24811,217,24
24812,166,22
24813,0,3
24814,0,3
24815,230,30
24816,198,27
24817,258,29
24818,0,3
24819,0,3
24820,275,32
24821,175,28
24822,0,3
24823,163,21
24824,0,3
24825,0,3
24826,0,3
24827,125,15
24828,218,26
24829,196,25
24830,32,6
24831,0,3
24832,286,35
24833,0,3
24834,0,3
24835,0,3
24836,158,25
24837,204,27
24838,294,43
24839,229,26
24840,132,19
24841,241,27
24842,200,26
24843,0,3
24844,0,3
24845,227,28
24846,0,3
24847,0,3
24848,0,3
24849,0,3
24850,132,14
24851,149,25
24852,233,30
24853,205,22
24854,241,27
24855,327,38
24856,180,29
24857,0,3
24858,0,3
24859,158,25
24860,260,26
24861,351,39
24862,512,25
24863,0,3
24864,188,27
24865,89,14
24866,260,11
24867,0,3
24868,0,3
24869,0,3
24870,184,25
24871,186,16
24872,196,23
24873,287,36
24874,229,30
24875,0,3
24876,228,33
24877,133,16
24878,232,27
24879,190,25
24880,205,31
24881,108,20
24882,413,29
24883,0,3
24884,368,45
24885,433,20
24886,180,20
24887,0,3
24888,309,32
24889,137,17
24890,182,25
24891,303,24
24892,156,27
24893,0,3
24894,0,3
24895,247,29
24896,0,3
24897,231,31
24898,0,3
24899,201,26
24900,0,3
24901,261,29
24902,205,27
24903,132,19
24904,223,27
24905,241,31
24906,164,24
24907,183,24
24908,240,27
24909,0,3
24910,0,3
24911,210,29
24912,169,26
24913,192,25
24914,0,3
24915,0,3
24916,0,3
24917,0,3
24918,203,26
24919,142,25
24920,185,21
24921,113,20
24922,0,3
24923,249,34
24924,278,31
24925,103,18
24926,226,29
24927,506,27
24928,150,22
24929,102,14
24930,231,30
24931,123,22
24932,205,27
24933,191,26
24934,205,31
24935,733,22
24936,183,22
24937,0,3
24938,265,33
24939,161,22
24940,0,3
24941,163,24
24942,199,25
24943,465,32
24944,202,29
24945,148,20
24946,229,26
24947,276,35
24948,235,26
24949,75,13
24950,294,42
24951,284,30
24952,0,3
24953,208,27
24954,261,37
24955,0,3
24956,0,3
24957,654,22
24958,0,3
24959,2,3
24960,288,25
24961,215,25
24962,160,26
24963,190,20
24964,212,22
24965,173,18
24966,208,28
24967,0,3
24968,0,3
24969,176,18
24970,0,3
24971,0,3
24972,129,21
24973,190,22
24974,0,3
24975,0,3
24976,0,3
24977,246,36
24978,206,24
24979,240,29
24980,239,31
24981,243,32
24982,238,31
24983,326,34
24984,201,23
24985,373,46
24986,169,21
24987,193,27
24988,237,23
24989,180,22
24990,210,26
24991,0,3
24992,236,30
24993,0,3
24994,0,3
24995,297,35
24996,0,3
24997,0,3
24998,0,3
24999,145,21
25000,193,22
25001,262,30
25002,0,3
25003,0,3
25004,0,3
25005,0,3
25006,0,3
25007,0,3
25008,253,26
25009,0,3
25010,0,3
25011,236,33
25012,215,30
25013,200,29
25014,235,28
25015,149,23
25016,199,26
25017,0,3
25018,285,33
25019,212,38
25020,255,31
25021,203,30
25022,187,28
25023,263,35
25024,0,3
25025,0,3
25026,124,15
25027,0,3
25028,144,22
25029,208,32
25030,187,28
25031,164,20
25032,219,25
25033,0,3
25034,253,31
25035,258,27
25036,0,3
25037,0,3
25038,252,28
25039,273,35
25040,0,3
25041,0,3
25042,260,33
25043,0,3
25044,171,21
25045,162,24
25046,201,23
25047,226,34
25048,140,20
25049,0,3
25050,209,30
25051,0,3
25052,201,26
25053,507,41
25054,159,19
25055,171,26
25056,0,3
25057,0,3
25058,0,3
25059,0,3
25060,222,27
25061,232,34
25062,0,3
25063,0,3
25064,423,26
25065,0,3
25066,209,35
25067,0,3
25068,112,13
25069,0,3
25070,119,21
25071,0,3
25072,209,25
25073,0,3
25074,133,17
25075,230,28
25076,0,3
25077,275,37
25078,0,3
25079,152,22
25080,210,25
25081,157,27
25082,1,3
25083,201,25
25084,320,38
25085,170,25
25086,0,3
25087,217,26
25088,187,22
25089,285,33
25090,297,32
25091,214,33
25092,0,3
25093,208,29
25094,223,27
25095,0,3
25096,141,21
25097,0,3
25098,0,3
25099,225,29
25100,0,3
25101,672,26
25102,161,21
25103,218,27
25104,342,33
25105,265,29
25106,219,34
25107,0,3
25108,0,3
25109,170,27
25110,795,27
25111,97,13
25112,240,32
25113,121,18
25114,239,30
25115,232,27
25116,269,32
25117,137,17
25118,0,3
25119,227,31
25120,0,3
25121,266,30
25122,199,23
25123,0,3
25124,195,30
25125,252,20
25126,0,3
25127,0,3
25128,328,38
25129,0,3
25130,126,19
25131,0,3
25132,272,37
25133,76,14
25134,0,3
25135,0,3
25136,225,28
25137,0,3
25138,350,44
25139,184,23
25140,0,3
25141,0,3
25142,0,3
25143,137,17
25144,262,35
25145,305,33
25146,323,33
25147,0,3
25148,0,3
25149,0,3
25150,190,26
25151,246,28
25152,312,32
25153,241,30
25154,200,27
25155,0,3
25156,187,23
25157,203,29
25158,0,3
25159,0,3
25160,308,33
25161,663,36
25162,229,27
25163,266,34
25164,0,3
25165,196,26
25166,175,23
25167,334,34
25168,381,30
25169,285,36
25170,261,30
25171,196,21
25172,198,23
25173,161,23
25174,145,19
25175,0,3
25176,167,20
25177,0,3
25178,0,3
25179,195,23
25180,0,3
25181,101,16
25182,370,46
25183,170,19
25184,288,29
25185,0,3
25186,379,42
25187,252,34
25188,151,22
25189,205,32
25190,193,23
25191,264,26
25192,143,13
25193,196,26
25194,0,3
25195,216,18
25196,335,44
25197,216,28
25198,0,3
25199,0,3
25200,239,29
25201,204,24
25202,148,21
25203,0,3
25204,0,3
25205,262,25
25206,191,28
25207,101,17
25208,0,3
25209,0,3
25210,231,28
25211,233,28
25212,0,3
25213,233,29
25214,168,21
25215,0,3
25216,0,3
25217,134,23
25218,0,3
25219,232,25
25220,184,25
25221,0,3
25222,0,3
25223,173,26
25224,240,32
25225,152,20
25226,212,22
25227,226,23
25228,0,3
25229,273,28
25230,353,37
25231,0,3
25232,255,30
25233,0,3
25234,114,13
25235,313,30
25236,0,3
25237,308,27
25238,229,31
25239,156,21
25240,0,3
25241,100,14
25242,239,33
25243,0,3
25244,191,25
25245,212,25
25246,0,3
25247,0,3
25248,185,28
25249,0,3
25250,174,20
25251,275,40
25252,246,35
25253,132,22
25254,0,3
25255,74,10
25256,0,3
25257,200,22
25258,0,3
25259,0,3
25260,625,14
25261,161,22
25262,0,3
25263,203,29
25264,263,33
25265,210,31
25266,99,17
25267,187,25
25268,222,34
25269,199,30
25270,149,22
25271,214,29
25272,0,3
25273,288,37
25274,0,3
25275,185,22
25276,175,20
25277,247,27
25278,0,3
25279,0,3
25280,222,30
25281,0,3
25282,200,29
25283,310,32
25284,0,3
25285,397,23
25286,175,24
25287,0,3
25288,0,3
25289,204,26
25290,0,3
25291,289,35
25292,342,34
25293,0,3
25294,514,23
25295,201,20
25296,0,3
25297,235,19
25298,193,25
25299,70,12
25300,219,28
25301,222,31
25302,0,3
25303,0,3
25304,156,16
25305,0,3
25306,132,20
25307,322,36
25308,187,29
25309,205,28
25310,253,35
25311,118,17
25312,178,23
25313,110,17
25314,127,21
25315,0,3
25316,135,20
25317,0,3
25318,0,3
25319,277,39
25320,138,20
25321,143,19
25322,215,30
25323,276,37
25324,342,29
25325,0,3
25326,131,21
25327,212,27
25328,344,26
25329,0,3
25330,289,33
25331,304,35
25332,179,24
25333,208,19
25334,180,25
25335,258,27
25336,0,3
25337,149,24
25338,307,37
25339,0,3
25340,0,3
25341,168,23
25342,0,3
25343,0,3
25344,234,29
25345,0,3
25346,73,15
25347,0,3
25348,0,3
25349,350,42
25350,273,31
25351,196,24
25352,0,3
25353,235,32
25354,209,26
25355,101,16
25356,114,21
25357,43,8
25358,0,3
25359,313,36
25360,0,3
25361,130,24
25362,0,3
25363,0,3
25364,0,3
25365,264,35
25366,0,3
25367,162,24
25368,0,3
25369,0,3
25370,0,3
25371,0,3
25372,0,3
25373,237,33
25374,262,36
25375,0,3
25376,276,32
25377,254,42
25378,0,3
25379,0,3
25380,287,36
25381,0,3
25382,109,17
25383,145,21
25384,307,38
25385,0,3
25386,244,33
25387,0,3
25388,592,48
25389,293,32
25390,0,3
25391,79,15
25392,271,27
25393,0,3
25394,123,22
25395,0,3
25396,0,3
25397,172,20
25398,0,3
25399,291,37
25400,239,29
25401,0,3
25402,37,7
25403,0,3
25404,0,3
25405,0,3
25406,174,27
25407,127,19
25408,137,24
25409,239,33
25410,192,24
25411,190,25
25412,29,10
25413,709,31
25414,240,35
25415,252,33
25416,197,25
25417,120,14
25418,0,3
25419,0,3
25420,0,3
25421,211,29
25422,0,3
25423,0,3
25424,222,28
25425,156,21
25426,199,27
25427,244,39
25428,0,3
25429,0,3
25430,194,30
25431,290,40
25432,144,21
25433,163,28
25434,0,3
25435,274,25
25436,0,3
25437,301,28
25438,167,24
25439,213,30
25440,227,27
25441,171,25
25442,0,3
25443,241,29
25444,0,3
25445,107,16
25446,87,16
25447,291,37
25448,0,3
25449,0,3
25450,235,31
25451,171,27
25452,312,37
25453,171,30
25454,0,3
25455,210,32
25456,0,3
25457,136,21
25458,153,23
25459,0,3
25460,0,3
25461,212,25
25462,0,3
25463,174,31
25464,142,21
25465,122,20
25466,157,23
25467,182,27
25468,0,3
25469,183,28
25470,245,35
25471,0,3
25472,226,30
25473,0,3
25474,418,27
25475,0,3
25476,0,3
25477,124,20
25478,511,25
25479,194,30
25480,0,3
25481,249,31
25482,149,22
25483,165,26
25484,144,18
25485,0,3
25486,0,3
25487,0,3
25488,0,3
25489,0,3
25490,0,3
25491,133,17
25492,208,27
25493,0,3
25494,0,3
25495,146,18
25496,271,30
25497,284,34
25498,0,3
25499,0,3
25500,0,3
25501,0,3
25502,0,3
25503,160,23
25504,202,30
25505,248,28
25506,0,3
25507,215,30
25508,0,3
25509,259,34
25510,178,20
25511,251,30
25512,170,23
25513,932,26
25514,0,3
25515,180,29
25516,340,33
25517,275,31
25518,380,21
25519,167,24
25520,0,3
25521,141,24
25522,133,19
25523,0,3
25524,0,3
25525,72,13
25526,152,23
25527,115,13
25528,270,33
25529,473,30
25530,794,44
25531,0,3
25532,0,3
25533,250,29
25534,276,32
25535,0,3
25536,248,27
25537,248,35
25538,159,22
25539,244,26
25540,166,25
25541,0,3
25542,269,33
25543,262,36
25544,0,3
25545,470,31
25546,0,3
25547,236,28
25548,0,3
25549,0,3
25550,164,20
25551,351,46
25552,259,31
25553,156,22
25554,172,21
25555,236,27
25556,0,3
25557,157,25
25558,0,3
25559,244,28
25560,237,28
25561,0,3
25562,138,21
25563,0,3
25564,0,3
25565,0,3
25566,0,3
25567,91,11
25568,292,33
25569,0,3
25570,0,3
25571,0,3
25572,351,45
25573,227,24
25574,268,34
25575,0,3
25576,441,28
25577,191,27
25578,122,19
25579,0,3
25580,198,28
25581,131,18
25582,148,20
25583,121,23
25584,113,19
25585,0,3
25586,1,3
25587,149,24
25588,188,27
25589,197,21
25590,114,24
25591,237,31
25592,231,30
25593,218,31
25594,0,3
25595,239,28
25596,0,3
25597,182,25
25598,0,3
25599,0,3
25600,119,19
25601,375,42
25602,194,23
25603,104,14
25604,224,28
25605,0,3
25606,0,3
25607,194,18
25608,0,3
25609,0,3
25610,275,36
25611,183,23
25612,0,3
25613,160,27
25614,0,3
25615,0,3
25616,305,27
25617,154,20
25618,169,26
25619,213,28
25620,208,32
25621,205,35
25622,261,29
25623,124,18
25624,0,3
25625,0,3
25626,235,33
25627,0,3
25628,241,22
25629,0,3
25630,107,19
25631,288,31
25632,234,26
25633,205,29
25634,0,3
25635,232,31
25636,189,25
25637,160,29
25638,0,3
25639,0,3
25640,0,3
25641,0,3
25642,0,3
25643,205,25
25644,272,30
25645,0,3
25646,240,26
25647,428,32
25648,0,3
25649,304,34
25650,312,36
25651,125,17
25652,0,3
25653,0,3
25654,345,39
25655,0,3
25656,0,3
25657,105,16
25658,102,13
25659,224,31
25660,0,3
25661,269,28
25662,113,17
25663,0,3
25664,0,3
25665,0,3
25666,270,37
25667,0,3
25668,0,3
25669,246,34
25670,155,26
25671,325,46
25672,0,3
25673,146,20
25674,190,26
25675,167,22
25676,215,27
25677,282,29
25678,242,30
25679,202,25
25680,0,3
25681,0,3
25682,182,22
25683,275,12
25684,233,15
25685,0,3
25686,0,3
25687,292,37
25688,93,12
25689,237,33
25690,295,35
25691,193,21
25692,0,3
25693,177,25
25694,225,30
25695,0,3
25696,79,12
25697,0,3
25698,202,22
25699,201,27
25700,0,3
25701,214,29
25702,0,3
25703,0,3
25704,237,32
25705,0,3
25706,202,22
25707,1,3
25708,372,38
25709,148,22
25710,190,27
25711,0,3
25712,155,24
25713,171,25
25714,0,3
25715,168,25
25716,0,3
25717,0,3
25718,0,3
25719,0,3
25720,162,21
25721,178,29
25722,188,24
25723,253,25
25724,211,32
25725,0,3
25726,293,31
25727,326,35
25728,0,3
25729,159,22
25730,271,28
25731,132,19
25732,0,3
25733,0,3
25734,295,34
25735,472,33
25736,0,3
25737,320,37
25738,0,3
25739,0,3
25740,283,38
25741,279,30
25742,0,3
25743,248,32
25744,149,21
25745,0,3
25746,187,27
25747,0,3
25748,0,3
25749,268,33
25750,118,15
25751,236,28
25752,0,3
25753,345,40
25754,159,16
25755,0,3
25756,0,3
25757,262,34
25758,0,3
25759,0,3
25760,250,29
25761,0,3
25762,0,3
25763,0,3
25764,0,3
25765,0,3
25766,0,3
25767,0,3
25768,477,38
25769,218,30
25770,320,39
25771,139,20
25772,126,20
25773,178,26
25774,172,23
25775,0,3
25776,130,19
25777,0,3
25778,0,3
25779,163,27
25780,204,24
25781,104,13
25782,0,3
25783,236,30
25784,0,3
25785,0,3
25786,0,3
25787,298,37
25788,194,24
25789,261,33
25790,202,30
25791,191,23
25792,0,3
25793,0,3
25794,199,28
25795,206,29
25796,0,3
25797,189,27
25798,249,33
25799,0,3
25800,158,22
25801,0,3
25802,260,40
25803,0,3
25804,121,18
25805,0,3
25806,126,21
25807,412,43
25808,236,32
25809,265,36
25810,0,3
25811,227,30
25812,0,3
25813,144,24
25814,0,3
25815,0,3
25816,0,3
25817,0,3
25818,0,3
25819,205,29
25820,270,27
25821,0,3
25822,139,19
25823,89,17
25824,0,3
25825,242,29
25826,0,3
25827,0,3
25828,255,30
25829,240,28
25830,0,3
25831,151,24
25832,0,3
25833,0,3
25834,0,3
25835,272,27
25836,270,38
25837,231,31
25838,0,3
25839,224,28
25840,125,18
25841,154,21
25842,209,30
25843,0,3
25844,296,24
25845,167,22
25846,219,31
25847,0,3
25848,115,18
25849,222,32
25850,174,23
25851,229,29
25852,0,3
25853,77,14
25854,0,3
25855,143,24
25856,181,26
25857,0,3
25858,0,3
25859,94,16
25860,224,27
25861,134,22
25862,259,34
25863,146,25
25864,0,3
25865,0,3
25866,0,3
25867,289,35
25868,0,3
25869,352,42
25870,242,31
25871,221,29
25872,234,32
25873,246,27
25874,0,3
25875,0,3
25876,184,29
25877,158,22
25878,121,17
25879,203,22
25880,0,3
25881,259,30
25882,164,23
25883,265,28
25884,0,3
25885,501,23
25886,337,36
25887,0,3
25888,197,22
25889,155,19
25890,169,21
25891,192,23
25892,0,3
25893,0,3
25894,264,29
25895,0,3
25896,284,42
25897,147,20
25898,0,3
25899,0,3
25900,0,3
25901,0,3
25902,0,3
25903,168,27
25904,109,22
25905,159,22
25906,0,3
25907,257,30
25908,144,21
25909,112,17
25910,313,34
25911,0,3
25912,0,3
25913,0,3
25914,0,3
25915,126,23
25916,207,27
25917,244,24
25918,133,20
25919,0,3
25920,108,18
25921,0,3
25922,0,3
25923,0,3
25924,148,27
25925,147,24
25926,0,3
25927,150,23
25928,115,18
25929,0,3
25930,308,38
25931,0,3
25932,153,19
25933,163,27
25934,201,25
25935,0,3
25936,0,3
25937,235,33
25938,219,32
25939,220,30
25940,0,3
25941,150,20
25942,216,32
25943,0,3
25944,197,21
25945,197,26
25946,0,3
25947,0,3
25948,318,41
25949,252,31
25950,229,31
25951,144,21
25952,0,3
25953,239,30
25954,0,3
25955,0,3
25956,0,3
25957,184,28
25958,237,33
25959,0,3
25960,213,26
25961,0,3
25962,0,3
25963,710,44
25964,0,3
25965,200,28
25966,149,29
25967,0,3
25968,187,29
25969,205,28
25970,147,17
25971,390,39
25972,0,3
25973,162,18
25974,220,30
25975,0,3
25976,197,30
25977,266,38
25978,173,20
25979,191,25
25980,134,22
25981,191,31
25982,347,41
25983,0,3
25984,232,34
25985,170,23
25986,94,15
25987,245,30
25988,0,3
25989,102,15
25990,0,3
25991,280,37
25992,0,3
25993,0,3
25994,205,25
25995,234,32
25996,286,33
25997,0,3
25998,951,30
25999,217,31
26000,0,3
26001,0,3
26002,0,3
26003,143,20
26004,0,3
26005,279,34
26006,0,3
26007,0,3
26008,350,22
26009,136,20
26010,204,25
26011,0,3
26012,230,29
26013,0,3
26014,254,33
26015,0,3
26016,268,33
26017,0,3
26018,242,29
26019,0,3
26020,180,22
26021,183,25
26022,181,22
26023,190,21
26024,89,11
26025,0,3
26026,321,42
26027,300,36
26028,76,17
26029,254,36
26030,0,3
26031,357,28
26032,0,3
26033,174,26
26034,195,25
26035,0,3
26036,108,15
26037,0,3
26038,372,35
26039,0,3
26040,0,3
26041,244,35
26042,89,14
26043,0,3
26044,312,39
26045,485,30
26046,244,32
26047,157,19
26048,0,3
26049,0,3
26050,0,3
26051,155,27
26052,303,34
26053,0,3
26054,269,40
26055,219,30
26056,270,30
26057,0,3
26058,0,3
26059,130,21
26060,195,26
26061,0,3
26062,328,34
26063,202,28
26064,197,33
26065,157,23
26066,0,3
26067,183,26
26068,228,28
26069,0,3
26070,117,14
26071,209,26
26072,103,12
26073,237,27
26074,0,3
26075,258,31
26076,139,17
26077,344,38
26078,0,3
26079,163,25
26080,144,22
26081,0,3
26082,365,42
26083,120,16
26084,140,22
26085,126,17
26086,0,3
26087,191,26
26088,142,16
26089,294,35
26090,0,3
26091,151,21
26092,0,3
26093,335,29
26094,205,28
26095,186,24
26096,165,23
26097,0,3
26098,0,3
26099,160,25
26100,226,24
26101,0,3
26102,182,20
26103,161,26
26104,234,23
26105,0,3
26106,198,30
26107,152,19
26108,0,3
26109,278,26
26110,0,3
26111,247,30
26112,147,22
26113,199,29
26114,231,27
26115,222,28
26116,105,20
26117,214,26
26118,248,36
26119,258,32
26120,437,22
26121,0,3
26122,250,38
26123,0,3
26124,152,19
26125,401,37
26126,144,23
26127,185,26
26128,265,34
26129,169,21
26130,0,3
26131,183,24
26132,0,3
26133,0,3
26134,0,3
26135,163,26
26136,0,3
26137,222,31
26138,106,16
26139,56,10
26140,117,20
26141,0,3
26142,212,31
26143,85,15
26144,174,30
26145,210,32
26146,105,15
26147,154,25
26148,0,3
26149,0,3
26150,53,13
26151,199,27
26152,0,3
26153,151,19
26154,0,3
26155,164,22
26156,170,21
26157,243,34
26158,0,3
26159,0,3
26160,163,24
26161,0,3
26162,266,33
26163,257,34
26164,0,3
26165,132,18
26166,0,3
26167,185,25
26168,166,21
26169,0,3
26170,175,29
26171,152,24
26172,312,41
26173,0,3
26174,0,3
26175,205,25
26176,0,3
26177,123,18
26178,207,27
26179,149,18
26180,278,33
26181,318,30
26182,214,26
26183,184,31
26184,232,27
26185,131,19
26186,0,3
26187,331,33
26188,380,44
26189,0,3
26190,259,34
26191,0,3
26192,153,24
26193,0,3
26194,0,3
26195,228,30
26196,293,34
26197,143,17
26198,118,19
26199,157,25
26200,107,19
26201,222,31
26202,209,24
26203,0,3
26204,454,24
26205,217,29
26206,145,19
26207,0,3
26208,250,30
26209,237,26
26210,222,35
26211,195,24
26212,194,22
26213,310,37
26214,271,30
26215,84,15
26216,0,3
26217,155,24
26218,183,27
26219,240,29
26220,257,26
26221,260,21
26222,0,3
26223,0,3
26224,0,3
26225,277,31
26226,207,29
26227,197,30
26228,0,3
26229,226,31
26230,166,24
26231,160,28
26232,284,26
26233,0,3
26234,239,37
26235,156,22
26236,130,15
26237,60,14
26238,0,3
26239,154,21
26240,163,27
26241,0,3
26242,0,3
26243,94,20
26244,0,3
26245,0,3
26246,174,20
26247,0,3
26248,470,33
26249,156,22
26250,258,37
26251,0,3
26252,302,42
26253,0,3
26254,0,3
26255,166,24
26256,0,3
26257,0,3
26258,0,3
26259,300,32
26260,0,3
26261,186,30
26262,204,24
26263,224,27
26264,170,28
26265,253,32
26266,189,26
26267,0,3
26268,0,3
26269,1,3
26270,166,24
26271,176,23
26272,213,29
26273,0,3
26274,176,29
26275,184,26
26276,0,3
26277,0,3
26278,256,26
26279,87,15
26280,0,3
26281,125,18
26282,0,3
26283,212,31
26284,201,25
26285,271,30
26286,282,30
26287,174,20
26288,0,3
26289,0,3
26290,352,43
26291,161,22
26292,293,34
26293,0,3
26294,0,3
26295,154,23
26296,0,3
26297,178,24
26298,169,20
26299,216,31
26300,297,33
26301,263,31
26302,226,27
26303,43,12
26304,254,36
26305,233,31
26306,267,38
26307,176,23
26308,293,36
26309,0,3
26310,159,23
26311,202,25
26312,0,3
26313,228,29
26314,119,20
26315,0,3
26316,169,21
26317,297,33
26318,0,3
26319,0,3
26320,0,3
26321,0,3
26322,287,29
26323,239,35
26324,0,3
26325,0,3
26326,0,3
26327,249,36
26328,221,32
26329,80,17
26330,231,32
26331,171,19
26332,134,15
26333,0,3
26334,0,3
26335,0,3
26336,1000,23
26337,0,3
26338,0,3
26339,435,23
26340,0,3
26341,207,31
26342,250,22
26343,292,32
26344,0,3
26345,178,20
26346,133,16
26347,274,35
26348,546,22
26349,333,25
26350,184,25
26351,328,38
26352,0,3
26353,0,3
26354,183,23
26355,209,21
26356,267,29
26357,0,3
26358,136,23
26359,0,3
26360,0,3
26361,162,24
26362,0,3
26363,200,27
26364,165,20
26365,0,3
26366,0,3
26367,124,17
26368,274,34
26369,212,28
26370,255,25
26371,263,30
26372,0,3
26373,213,31
26374,183,21
26375,0,3
26376,236,27
26377,306,37
26378,0,3
26379,198,25
26380,0,3
26381,222,9
26382,304,36
26383,257,25
26384,44,8
26385,0,3
26386,204,24
26387,0,3
26388,284,37
26389,0,3
26390,213,28
26391,132,18
26392,217,32
26393,150,21
26394,0,3
26395,384,33
26396,150,23
26397,274,32
26398,248,32
26399,336,39
26400,0,3
26401,256,31
26402,487,39
26403,0,3
26404,245,32
26405,0,3
26406,269,29
26407,0,3
26408,0,3
26409,0,3
26410,0,3
26411,244,30
26412,306,36
26413,0,3
26414,304,37
26415,0,3
26416,111,12
26417,182,23
26418,0,3
26419,0,3
26420,153,22
26421,183,25
26422,153,16
26423,210,31
26424,298,33
26425,0,3
26426,264,27
26427,0,3
26428,248,29
26429,240,28
26430,0,3
26431,0,3
26432,266,23
26433,0,3
26434,0,3
26435,206,26
26436,183,26
26437,627,21
26438,219,30
26439,144,26
26440,0,3
26441,198,23
26442,0,3
26443,0,3
26444,328,23
26445,183,27
26446,241,37
26447,660,34
26448,286,24
26449,180,25
26450,78,13
26451,208,31
26452,0,3
26453,144,24
26454,267,30
26455,0,3
26456,0,3
26457,0,3
26458,469,37
26459,0,3
26460,194,22
26461,321,34
26462,0,3
26463,245,28
26464,384,39
26465,238,31
26466,181,23
26467,0,3
26468,0,3
26469,174,23
26470,269,34
26471,214,27
26472,283,32
26473,0,3
26474,183,22
26475,0,3
26476,0,3
26477,0,3
26478,0,3
26479,204,28
26480,0,3
26481,255,30
26482,295,34
26483,0,3
26484,234,31
26485,211,28
26486,173,19
26487,138,17
26488,225,35
26489,196,21
26490,277,36
26491,355,40
26492,159,23
26493,228,25
26494,0,3
26495,152,26
26496,222,26
26497,246,34
26498,0,3
26499,226,39
26500,361,38
26501,211,23
26502,134,20
26503,0,3
26504,0,3
26505,173,26
26506,128,22
26507,0,3
26508,284,20
26509,255,26
26510,264,36
26511,0,3
26512,266,33
26513,0,3
26514,0,3
26515,0,3
26516,0,3
26517,175,24
26518,205,23
26519,0,3
26520,466,26
26521,125,17
26522,189,28
26523,0,3
26524,275,30
26525,164,14
26526,0,3
26527,0,3
26528,0,3
26529,0,3
26530,0,3
26531,237,29
26532,331,33
26533,181,27
26534,296,36
26535,0,3
26536,0,3
26537,260,29
26538,265,25
26539,174,16
26540,253,26
26541,243,35
26542,188,21
26543,0,3
26544,0,3
26545,0,3
26546,322,30
26547,0,3
26548,0,3
26549,98,15
26550,172,25
26551,234,27
26552,295,29
26553,0,3
26554,0,3
26555,240,27
26556,78,14
26557,0,3
26558,0,3
26559,0,3
26560,0,3
26561,245,31
26562,128,18
26563,0,3
26564,374,20
26565,314,35
26566,460,25
26567,112,18
26568,201,22
26569,261,35
26570,0,3
26571,135,25
26572,0,3
26573,0,3
26574,163,25
26575,0,3
26576,315,35
26577,140,19
26578,0,3
26579,602,38
26580,177,19
26581,189,22
26582,142,22
26583,0,3
26584,226,27
26585,0,3
26586,182,27
26587,270,27
26588,0,3
26589,230,25
26590,281,38
26591,151,16
26592,286,31
26593,162,25
26594,0,3
26595,0,3
26596,136,20
26597,0,3
26598,197,23
26599,169,26
26600,199,21
26601,0,3
26602,0,3
26603,247,32
26604,144,19
26605,0,3
26606,259,23
26607,106,20
26608,498,31
26609,221,27
26610,539,35
26611,180,19
26612,325,26
26613,271,29
26614,0,3
26615,151,16
26616,146,22
26617,167,20
26618,164,28
26619,138,18
26620,187,23
26621,121,21
26622,0,3
26623,0,3
26624,107,15
26625,173,20
26626,290,30
26627,0,3
26628,282,35
26629,216,33
26630,160,18
26631,162,20
26632,0,3
26633,249,26
26634,131,18
26635,194,25
26636,221,30
26637,0,3
26638,246,31
26639,93,15
26640,187,23
26641,160,23
26642,0,3
26643,258,33
26644,221,28
26645,0,3
26646,168,26
26647,820,25
26648,237,27
26649,192,23
26650,282,36
26651,199,20
26652,365,21
26653,0,3
26654,273,38
26655,0,3
26656,316,37
26657,185,27
26658,327,34
26659,157,26
26660,221,22
26661,207,27
26662,183,30
26663,161,21
26664,205,24
26665,0,3
26666,81,14
26667,134,17
26668,305,36
26669,153,15
26670,0,3
26671,0,3
26672,266,24
26673,177,27
26674,0,3
26675,174,28
26676,298,35
26677,153,19
26678,233,32
26679,119,19
26680,0,3
26681,0,3
26682,154,18
26683,271,31
26684,220,34
26685,210,28
26686,0,3
26687,212,29
26688,343,41
26689,166,25
26690,250,33
26691,0,3
26692,99,15
26693,0,3
26694,0,3
26695,203,26
26696,0,3
26697,0,3
26698,0,3
26699,250,31
26700,139,18
26701,0,3
26702,0,3
26703,174,25
26704,0,3
26705,204,32
26706,0,3
26707,168,24
26708,163,24
26709,0,3
26710,204,27
26711,0,3
26712,213,21
26713,246,23
26714,0,3
26715,0,3
26716,0,3
26717,0,3
26718,0,3
26719,0,3
26720,354,41
26721,0,3
26722,0,3
26723,0,3
26724,204,27
26725,0,3
26726,0,3
26727,197,24
26728,428,24
26729,0,3
26730,0,3
26731,319,27
26732,0,3
26733,206,32
26734,0,3
26735,230,36
26736,0,3
26737,0,3
26738,283,25
26739,0,3
26740,176,22
26741,300,23
26742,0,3
26743,472,28
26744,185,22
26745,209,31
26746,169,29
26747,468,29
26748,0,3
26749,212,24
26750,201,26
26751,243,26
26752,172,21
26753,251,31
26754,0,3
26755,251,34
26756,106,18
26757,181,17
26758,379,32
26759,228,33
26760,180,22
26761,320,43
26762,569,31
26763,0,3
26764,0,3
26765,313,17
26766,247,32
26767,235,32
26768,0,3
26769,221,23
26770,267,39
26771,0,3
26772,0,3
26773,216,30
26774,319,40
26775,229,30
26776,365,32
26777,0,3
26778,196,25
26779,184,21
26780,272,23
26781,124,19
26782,180,26
26783,157,25
26784,149,26
26785,448,18
26786,0,3
26787,0,3
26788,306,34
26789,0,3
26790,175,28
26791,262,27
26792,290,33
26793,192,26
26794,208,26
26795,123,24
26796,249,31
26797,0,3
26798,240,28
26799,252,26
26800,0,3
26801,296,40
26802,0,3
26803,174,27
26804,0,3
26805,0,3
26806,0,3
26807,230,34
26808,220,35
26809,192,27
26810,324,22
26811,257,22
26812,0,3
26813,271,9
26814,0,3
26815,234,30
26816,0,3
26817,0,3
26818,0,3
26819,0,3
26820,0,3
26821,0,3
26822,0,3
26823,141,22
26824,0,3
26825,224,29
26826,0,3
26827,172,26
26828,198,29
26829,139,21
26830,223,34
26831,0,3
26832,119,12
26833,242,32
26834,259,36
26835,0,3
26836,0,3
26837,204,28
26838,0,3
26839,319,32
26840,158,17
26841,241,25
26842,136,23
26843,358,45
26844,268,28
26845,285,33
26846,317,35
26847,0,3
26848,156,22
26849,0,3
26850,0,3
26851,0,3
26852,127,22
26853,173,28
26854,187,28
26855,208,24
26856,0,3
26857,395,25
26858,0,3
26859,140,18
26860,0,3
26861,76,13
26862,218,25
26863,135,21
26864,0,3
26865,0,3
26866,229,25
26867,0,3
26868,162,22
26869,0,3
26870,0,3
26871,193,30
26872,106,21
26873,251,26
26874,222,27
26875,240,26
26876,228,27
26877,0,3
26878,0,3
26879,190,21
26880,0,3
26881,387,43
26882,236,30
26883,153,24
26884,164,27
26885,554,18
26886,147,20
26887,186,21
26888,0,3
26889,186,20
26890,0,3
26891,293,26
26892,298,35
26893,276,29
26894,215,26
26895,0,3
26896,147,19
26897,0,3
26898,164,21
26899,237,32
26900,0,3
26901,0,3
26902,0,3
26903,220,26
26904,0,3
26905,194,22
26906,152,21
26907,226,28
26908,243,33
26909,206,25
26910,441,33
26911,381,40
26912,200,31
26913,0,3
26914,0,3
26915,125,25
26916,0,3
26917,243,29
26918,0,3
26919,305,33
26920,0,3
26921,197,22
26922,184,27
26923,341,30
26924,196,23
26925,443,30
26926,118,18
26927,300,39
26928,0,3
26929,310,32
26930,242,30
26931,0,3
26932,77,15
26933,96,13
26934,209,20
26935,0,3
26936,165,30
26937,0,3
26938,245,28
26939,251,25
26940,188,24
26941,273,41
26942,364,28
26943,244,32
26944,269,28
26945,0,3
26946,258,31
26947,386,44
26948,366,24
26949,0,3
26950,0,3
26951,142,18
26952,0,3
26953,0,3
26954,189,23
26955,416,35
26956,135,21
26957,116,21
26958,196,20
26959,166,22
26960,278,34
26961,189,24
26962,192,23
26963,314,37
26964,213,29
26965,196,22
26966,0,3
26967,0,3
26968,195,26
26969,449,26
26970,208,31
26971,0,3
26972,0,3
26973,334,31
26974,415,43
26975,0,3
26976,153,23
26977,0,3
26978,189,20
26979,0,3
26980,0,3
26981,244,24
26982,0,3
26983,244,33
26984,112,20
26985,0,3
26986,224,24
26987,0,3
26988,0,3
26989,218,30
26990,289,37
26991,160,20
26992,0,3
26993,0,3
26994,0,3
26995,254,33
26996,440,20
26997,232,31
26998,174,31
26999,246,32
27000,0,3
27001,0,3
27002,155,23
27003,201,24
27004,178,24
27005,380,29
27006,0,3
27007,180,24
27008,141,19
27009,0,3
27010,185,27
27011,295,36
27012,0,3
27013,139,18
27014,129,21
27015,317,34
27016,232,26
27017,0,3
27018,0,3
27019,138,20
27020,307,32
27021,154,20
27022,209,25
27023,139,20
27024,0,3
27025,191,27
27026,0,3
27027,0,3
27028,0,3
27029,120,15
27030,434,18
27031,0,3
27032,254,35
27033,221,32
27034,0,3
27035,190,21
27036,182,23
27037,0,3
27038,288,28
27039,145,20
27040,160,20
27041,238,31
27042,233,24
27043,177,25
27044,0,3
27045,0,3
27046,310,27
27047,134,19
27048,379,46
27049,0,3
27050,233,29
27051,0,3
27052,0,3
27053,240,28
27054,143,19
27055,0,3
27056,365,40
27057,325,35
27058,150,20
27059,99,14
27060,259,37
27061,167,28
27062,0,3
27063,0,3
27064,111,16
27065,155,23
27066,0,3
27067,273,32
27068,192,26
27069,179,18
27070,205,25
27071,203,32
27072,0,3
27073,118,14
27074,129,23
27075,192,24
27076,345,25
27077,0,3
27078,0,3
27079,244,34
27080,0,3
27081,178,25
27082,196,30
27083,0,3
27084,224,23
27085,210,29
27086,166,21
27087,0,3
27088,244,33
27089,179,21
27090,281,34
27091,0,3
27092,0,3
27093,313,28
27094,382,28
27095,265,37
27096,251,27
27097,234,24
27098,0,3
27099,201,27
27100,206,25
27101,0,3
27102,219,31
27103,287,32
27104,205,30
27105,229,25
27106,305,37
27107,0,3
27108,123,19
27109,207,22
27110,0,3
27111,328,38
27112,0,3
27113,0,3
27114,215,31
27115,196,23
27116,224,27
27117,192,27
27118,258,31
27119,0,3
27120,0,3
27121,218,30
27122,0,3
27123,378,35
27124,0,3
27125,0,3
27126,292,23
27127,0,3
27128,0,3
27129,193,18
27130,219,30
27131,0,3
27132,220,18
27133,228,26
27134,0,3
27135,0,3
27136,0,3
27137,152,19
27138,139,22
27139,229,29
27140,0,3
27141,285,34
27142,323,21
27143,192,19
27144,0,3
27145,176,26
27146,219,23
27147,0,3
27148,503,41
27149,0,3
27150,136,21
27151,150,20
27152,149,18
27153,226,29
27154,181,29
27155,136,18
27156,0,3
27157,0,3
27158,166,20
27159,254,33
27160,0,3
27161,244,26
27162,214,29
27163,0,3
27164,141,24
27165,0,3
27166,141,16
27167,107,17
27168,0,3
27169,399,39
27170,0,3
27171,211,29
27172,311,35
27173,0,3
27174,166,22
27175,373,36
27176,158,22
27177,231,25
27178,0,3
27179,179,25
27180,272,38
27181,91,18
27182,235,29
27183,486,41
27184,269,34
27185,0,3
27186,0,3
27187,162,21
27188,258,35
27189,172,28
27190,123,20
27191,269,30
27192,183,26
27193,209,32
27194,132,23
27195,309,35
27196,206,23
27197,0,3
27198,0,3
27199,0,3
27200,263,28
27201,178,31
27202,238,29
27203,221,29
27204,0,3
27205,0,3
27206,0,3
27207,0,3
27208,180,34
27209,126,19
27210,200,25
27211,0,3
27212,282,32
27213,197,27
27214,110,18
27215,0,3
27216,149,18
27217,225,27
27218,0,3
27219,0,3
27220,173,22
27221,235,22
27222,263,32
27223,0,3
27224,139,23
27225,193,26
27226,0,3
27227,199,26
27228,194,25
27229,0,3
27230,270,37
27231,0,3
27232,0,3
27233,263,28
27234,0,3
27235,72,15
27236,0,3
27237,258,30
27238,430,45
27239,190,20
27240,195,25
27241,206,22
27242,0,3
27243,494,21
27244,244,31
27245,75,13
27246,0,3
27247,144,23
27248,197,26
27249,0,3
27250,0,3
27251,0,3
27252,276,26
27253,0,3
27254,0,3
27255,0,3
27256,0,3
27257,354,20
27258,281,29
27259,0,3
27260,0,3
27261,0,3
27262,291,32
27263,0,3
27264,0,3
27265,404,16
27266,0,3
27267,233,27
27268,109,22
27269,210,30
27270,160,19
27271,0,3
27272,168,23
27273,185,26
27274,0,3
27275,301,42
27276,0,3
27277,220,28
27278,288,33
27279,160,23
27280,152,18
27281,226,20
27282,136,18
27283,219,32
27284,0,3
27285,0,3
27286,293,33
27287,0,3
27288,0,3
27289,0,3
27290,259,32
27291,166,20
27292,246,33
27293,0,3
27294,135,20
27295,0,3
27296,476,30
27297,1,3
27298,328,35
27299,210,31
27300,263,33
27301,0,3
27302,246,31
27303,0,3
27304,139,22
27305,161,21
27306,254,24
27307,92,12
27308,289,33
27309,340,35
27310,0,3
27311,494,52
27312,284,29
27313,27,11
27314,138,20
27315,0,3
27316,344,46
27317,0,3
27318,230,35
27319,207,21
27320,179,15
27321,0,3
27322,0,3
27323,230,31
27324,0,3
27325,405,33
27326,378,27
27327,0,3
27328,0,3
27329,263,36
27330,0,3
27331,152,24
27332,128,23
27333,131,20
27334,237,29
27335,0,3
27336,234,30
27337,0,3
27338,254,40
27339,522,20
27340,209,29
27341,176,27
27342,86,14
27343,276,22
27344,0,3
27345,0,3
27346,239,23
27347,0,3
27348,176,19
27349,187,23
27350,0,3
27351,264,33
27352,205,28
27353,337,38
27354,154,24
27355,161,24
27356,123,16
27357,125,19
27358,335,19
27359,0,3
27360,0,3
27361,256,32
27362,182,20
27363,377,37
27364,0,3
27365,227,33
27366,121,20
27367,254,29
27368,266,34
27369,275,30
27370,176,34
27371,312,40
27372,0,3
27373,0,3
27374,35,7
27375,0,3
27376,262,38
27377,117,15
27378,194,24
27379,205,24
27380,442,37
27381,0,3
27382,0,3
27383,306,27
27384,155,26
27385,196,27
27386,310,21
27387,212,25
27388,175,20
27389,162,24
27390,166,22
27391,163,22
27392,0,3
27393,0,3
27394,166,26
27395,0,3
27396,217,29
27397,0,3
27398,234,29
27399,0,3
27400,164,20
27401,166,26
27402,261,36
27403,0,3
27404,270,43
27405,137,20
27406,324,32
27407,364,26
27408,0,3
27409,0,3
27410,766,30
27411,103,18
27412,370,38
27413,204,28
27414,131,8
27415,0,3
27416,251,33
27417,0,3
27418,335,36
27419,231,35
27420,212,27
27421,0,3
27422,0,3
27423,225,33
27424,257,29
27425,257,28
27426,199,30
27427,0,3
27428,168,24
27429,213,28
27430,0,3
27431,130,16
27432,0,3
27433,0,3
27434,0,3
27435,173,25
27436,131,24
27437,445,21
27438,269,34
27439,208,37
27440,0,3
27441,0,3
27442,0,3
27443,300,19
27444,270,22
27445,0,3
27446,109,19
27447,0,3
27448,220,34
27449,0,3
27450,0,3
27451,234,17
27452,256,24
27453,0,3
27454,0,3
27455,0,3
27456,185,18
27457,0,3
27458,212,31
27459,0,3
27460,323,43
27461,43,9
27462,0,3
27463,0,3
27464,212,21
27465,229,29
27466,258,34
27467,245,25
27468,106,17
27469,310,37
27470,12,6
27471,0,3
27472,228,28
27473,0,3
27474,193,17
27475,477,31
27476,0,3
27477,295,21
27478,0,3
27479,227,27
27480,0,3
27481,1,3
27482,0,3
27483,0,3
27484,0,3
27485,114,22
27486,352,34
27487,0,3
27488,0,3
27489,121,17
27490,204,23
27491,66,8
27492,0,3
27493,0,3
27494,0,3
27495,352,42
27496,0,3
27497,0,3
27498,162,18
27499,439,30
27500,0,3
27501,0,3
27502,238,27
27503,266,27
27504,151,18
27505,282,27
27506,285,34
27507,208,20
27508,379,34
27509,0,3
27510,0,3
27511,0,3
27512,158,23
27513,144,22
27514,269,33
27515,240,34
27516,223,26
27517,0,3
27518,0,3
27519,207,17
27520,0,3
27521,0,3
27522,386,24
27523,241,31
27524,0,3
27525,0,3
27526,169,23
27527,0,3
27528,243,36
27529,0,3
27530,0,3
27531,0,3
27532,133,21
27533,0,3
27534,269,24
27535,137,16
27536,0,3
27537,234,29
27538,199,22
27539,241,30
27540,162,21
27541,1,3
27542,195,25
27543,200,28
27544,199,25
27545,0,3
27546,221,31
27547,0,3
27548,862,23
27549,141,21
27550,257,26
27551,208,28
27552,229,35
27553,21,8
27554,199,26
27555,285,34
27556,0,3
27557,151,17
27558,0,3
27559,109,12
27560,0,3
27561,0,3
27562,107,14
27563,260,40
27564,84,16
27565,0,3
27566,224,31
27567,0,3
27568,43,10
27569,0,3
27570,177,25
27571,144,24
27572,227,33
27573,204,22
27574,163,24
27575,391,25
27576,0,3
27577,0,3
27578,335,28
27579,291,31
27580,303,34
27581,0,3
27582,0,3
27583,0,3
27584,143,21
27585,0,3
27586,233,29
27587,281,31
27588,0,3
27589,198,23
27590,0,3
27591,124,22
27592,97,15
27593,213,26
27594,158,27
27595,0,3
27596,0,3
27597,0,3
27598,0,3
27599,154,20
27600,101,17
27601,227,23
27602,0,3
27603,96,17
27604,213,25
27605,273,35
27606,116,18
27607,44,11
27608,0,3
27609,0,3
27610,135,17
27611,193,23
27612,266,37
27613,201,21
27614,130,18
27615,253,35
27616,0,3
27617,116,16
27618,272,37
27619,166,19
27620,244,30
27621,203,22
27622,293,39
27623,179,26
27624,130,20
27625,0,3
27626,0,3
27627,348,37
27628,0,3
27629,469,24
27630,261,32
27631,256,33
27632,242,29
27633,296,41
27634,264,26
27635,0,3
27636,98,14
27637,0,3
27638,0,3
27639,129,21
27640,0,3
27641,0,3
27642,0,3
27643,312,40
27644,207,26
27645,307,38
27646,199,29
27647,0,3
27648,0,3
27649,218,27
27650,0,3
27651,0,3
27652,220,26
27653,0,3
27654,75,11
27655,204,30
27656,240,28
27657,0,3
27658,142,18
27659,0,3
27660,118,19
27661,172,20
27662,0,3
27663,116,19
27664,212,26
27665,183,25
27666,1000,34
27667,133,20
27668,237,22
27669,0,3
27670,110,23
27671,261,26
27672,0,3
27673,0,3
27674,258,31
27675,211,29
27676,180,29
27677,162,26
27678,180,22
27679,244,28
27680,237,35
27681,0,3
27682,217,30
27683,0,3
27684,229,28
27685,154,20
27686,0,3
27687,205,28
27688,132,19
27689,0,3
27690,304,37
27691,76,17
27692,130,16
27693,11,5
27694,314,31
27695,232,24
27696,192,19
27697,213,23
27698,0,3
27699,171,21
27700,0,3
27701,315,38
27702,0,3
27703,164,24
27704,0,3
27705,0,3
27706,0,3
27707,176,24
27708,0,3
27709,0,3
27710,0,3
27711,338,34
27712,0,3
27713,188,28
27714,125,21
27715,0,3
27716,334,22
27717,0,3
27718,205,25
27719,72,15
27720,232,26
27721,245,28
27722,226,30
27723,0,3
27724,157,25
27725,0,3
27726,90,16
27727,209,27
27728,136,21
27729,0,3
27730,244,28
27731,127,19
27732,314,38
27733,267,33
27734,0,3
27735,179,25
27736,135,22
27737,88,15
27738,366,28
27739,223,34
27740,0,3
27741,0,3
27742,0,3
27743,224,29
27744,179,34
27745,82,16
27746,0,3
27747,0,3
27748,0,3
27749,263,32
27750,256,27
27751,293,42
27752,255,25
27753,517,32
27754,0,3
27755,284,46
27756,0,3
27757,180,22
27758,197,25
27759,0,3
27760,0,3
27761,0,3
27762,0,3
27763,184,24
27764,0,3
27765,302,37
27766,0,3
27767,80,18
27768,0,3
27769,208,32
27770,0,3
27771,115,15
27772,0,3
27773,182,26
27774,221,26
27775,0,3
27776,121,15
27777,0,3
27778,167,21
27779,214,27
27780,0,3
27781,248,36
27782,190,24
27783,244,30
27784,0,3
27785,0,3
27786,296,34
27787,0,3
27788,347,40
27789,298,32
27790,246,33
27791,202,20
27792,154,24
27793,102,14
27794,257,27
27795,0,3
27796,195,26
27797,228,32
27798,183,24
27799,223,20
27800,0,3
27801,0,3
27802,114,14
27803,528,31
27804,184,23
27805,0,3
27806,157,20
27807,93,13
27808,0,3
27809,0,3
27810,253,40
27811,0,3
27812,0,3
27813,200,24
27814,197,29
27815,126,16
27816,142,20
27817,262,34
27818,221,33
27819,272,31
27820,310,42
27821,0,3
27822,0,3
27823,212,21
27824,160,28
27825,184,22
27826,202,13
27827,156,23
27828,240,29
27829,94,13
27830,0,3
27831,0,3
27832,193,21
27833,0,3
27834,221,31
27835,234,28
27836,231,27
27837,210,26
27838,281,30
27839,521,33
27840,0,3
27841,0,3
27842,227,37
27843,0,3
27844,150,24
27845,183,22
27846,167,26
27847,0,3
27848,116,17
27849,250,28
27850,219,33
27851,215,25
27852,0,3
27853,313,42
27854,212,26
27855,148,25
27856,0,3
27857,135,18
27858,331,30
27859,108,18
27860,135,21
27861,362,44
27862,342,33
27863,220,26
27864,267,29
27865,299,37
27866,253,34
27867,164,15
27868,159,27
27869,525,33
27870,0,3
27871,0,3
27872,203,31
27873,0,3
27874,124,17
27875,122,14
27876,217,30
27877,307,29
27878,117,22
27879,325,38
27880,0,3
27881,0,3
27882,0,3
27883,394,40
27884,0,3
27885,222,27
27886,336,38
27887,188,21
27888,0,3
27889,0,3
27890,0,3
27891,0,3
27892,187,30
27893,247,34
27894,149,19
27895,0,3
27896,0,3
27897,245,30
27898,217,31
27899,185,22
27900,201,29
27901,220,31
27902,195,25
27903,199,25
27904,189,26
27905,163,23
27906,0,3
27907,0,3
27908,0,3
27909,0,3
27910,0,3
27911,414,39
27912,0,3
27913,176,25
27914,85,16
27915,188,27
27916,226,30
27917,278,41
27918,149,24
27919,422,33
27920,0,3
27921,175,28
27922,153,23
27923,77,13
27924,0,3
27925,190,25
27926,197,21
27927,183,29
27928,290,28
27929,0,3
27930,0,3
27931,0,3
27932,399,25
27933,186,24
27934,0,3
27935,0,3
27936,0,3
27937,0,3
27938,235,33
27939,207,34
27940,0,3
27941,225,28
27942,0,3
27943,393,32
27944,278,31
27945,155,5
27946,185,23
27947,264,22
27948,189,31
27949,261,34
27950,0,3
27951,243,39
27952,173,25
27953,116,19
27954,190,24
27955,121,18
27956,224,32
27957,216,26
27958,289,38
27959,238,30
27960,0,3
27961,578,32
27962,205,31
27963,0,3
27964,285,36
27965,185,22
27966,104,15
27967,230,25
27968,0,3
27969,0,3
27970,418,26
27971,316,32
27972,0,3
27973,88,14
27974,100,14
27975,0,3
27976,0,3
27977,240,30
27978,0,3
27979,270,38
27980,197,27
27981,240,34
27982,143,21
27983,227,27
27984,237,29
27985,337,18
27986,0,3
27987,281,34
27988,259,30
27989,0,3
27990,0,3
27991,0,3
27992,262,32
27993,0,3
27994,236,29
27995,216,27
27996,247,29
27997,0,3
27998,300,35
27999,284,32
28000,278,33
28001,0,3
28002,221,28
28003,228,29
28004,404,23
28005,241,27
28006,0,3
28007,0,3
28008,0,3
28009,217,26
28010,171,24
28011,184,28
28012,175,27
28013,175,21
28014,32,8
28015,247,30
28016,0,3
28017,0,3
28018,200,20
28019,223,21
28020,0,3
28021,246,34
28022,0,3
28023,228,32
28024,0,3
28025,27,5
28026,191,16
28027,0,3
28028,0,3
28029,159,29
28030,0,3
28031,222,31
28032,0,3
28033,198,28
28034,147,18
28035,0,3
28036,0,3
28037,246,27
28038,0,3
28039,0,3
28040,260,37
28041,158,24
28042,0,3
28043,172,25
28044,215,35
28045,200,27
28046,0,3
28047,155,22
28048,544,23
28049,179,25
28050,0,3
28051,186,22
28052,476,40
28053,0,3
28054,217,24
28055,0,3
28056,0,3
28057,438,28
28058,0,3
28059,0,3
28060,278,33
28061,187,13
28062,135,19
28063,211,28
28064,164,19
28065,0,3
28066,0,3
28067,268,32
28068,847,30
28069,135,17
28070,241,30
28071,194,28
28072,74,14
28073,140,18
28074,150,22
28075,0,3
28076,259,31
28077,271,36
28078,0,3
28079,299,36
28080,0,3
28081,238,31
28082,0,3
28083,139,22
28084,70,15
28085,170,24
28086,197,23
28087,226,28
28088,176,26
28089,261,34
28090,148,19
28091,0,3
28092,187,27
28093,283,34
28094,106,18
28095,268,36
28096,362,44
28097,235,30
28098,187,26
28099,204,28
28100,208,24
28101,164,25
28102,145,23
28103,0,3
28104,0,3
28105,0,3
28106,231,27
28107,201,29
28108,87,15
28109,144,21
28110,199,25
28111,228,32
28112,234,19
28113,205,25
28114,0,3
28115,225,25
28116,150,23
28117,288,36
28118,0,3
28119,170,25
28120,199,27
28121,0,3
28122,218,32
28123,0,3
28124,164,25
28125,0,3
28126,208,24
28127,0,3
28128,0,3
28129,0,3
28130,0,3
28131,131,14
28132,0,3
28133,248,28
28134,0,3
28135,231,31
28136,0,3
28137,0,3
28138,0,3
28139,0,3
28140,244,30
28141,255,31
28142,72,11
28143,462,32
28144,235,28
28145,0,3
28146,0,3
28147,0,3
28148,110,18
28149,129,15
28150,0,3
28151,0,3
28152,110,21
28153,0,3
28154,0,3
28155,0,3
28156,178,28
28157,153,25
28158,214,26
28159,270,30
28160,187,33
28161,124,20
28162,0,3
28163,139,16
28164,0,3
28165,127,20
28166,248,33
28167,295,30
28168,0,3
28169,223,33
28170,951,17
28171,0,3
28172,121,16
28173,174,19
28174,456,29
28175,0,3
28176,0,3
28177,324,39
28178,117,18
28179,0,3
28180,97,20
28181,141,16
28182,274,34
28183,121,15
28184,281,32
28185,0,3
28186,143,16
28187,0,3
28188,181,20
28189,0,3
28190,0,3
28191,156,25
28192,219,30
28193,318,13
28194,0,3
28195,0,3
28196,153,27
28197,0,3
28198,0,3
28199,191,28
28200,0,3
28201,0,3
28202,173,32
28203,0,3
28204,0,3
28205,265,29
28206,249,31
28207,148,23
28208,124,17
28209,284,36
28210,0,3
28211,0,3
28212,0,3
28213,192,26
28214,0,3
28215,0,3
28216,142,22
28217,225,30
28218,115,17
28219,0,3
28220,65,13
28221,0,3
28222,0,3
28223,127,17
28224,175,26
28225,0,3
28226,237,31
28227,167,21
28228,246,32
28229,197,30
28230,0,3
28231,0,3
28232,0,3
28233,0,3
28234,0,3
28235,137,17
28236,213,29
28237,152,27
28238,197,25
28239,197,23
28240,190,23
28241,229,32
28242,241,29
28243,0,3
28244,233,25
28245,242,31
28246,0,3
28247,165,21
28248,172,26
28249,298,34
28250,203,23
28251,0,3
28252,228,30
28253,0,3
28254,207,28
28255,0,3
28256,110,16
28257,0,3
28258,236,22
28259,0,3
28260,0,3
28261,130,16
28262,167,22
28263,0,3
28264,233,22
28265,289,36
28266,0,3
28267,0,3
28268,0,3
28269,286,41
28270,0,3
28271,255,31
28272,260,32
28273,323,44
28274,304,36
28275,97,20
28276,191,31
28277,198,26
28278,281,38
28279,229,25
28280,0,3
28281,171,24
28282,193,27
28283,261,35
28284,154,23
28285,241,32
28286,32,8
28287,67,15
28288,267,31
28289,9,4
28290,221,30
28291,270,33
28292,169,27
28293,0,3
28294,214,27
28295,265,38
28296,302,33
28297,383,40
28298,96,13
28299,334,34
28300,238,35
28301,233,30
28302,130,18
28303,178,21
28304,155,20
28305,0,3
28306,197,34
28307,207,26
28308,60,11
28309,123,18
28310,241,28
28311,251,26
28312,198,31
28313,143,24
28314,0,3
28315,123,12
28316,0,3
28317,137,20
28318,168,18
28319,282,38
28320,158,25
28321,0,3
28322,0,3
28323,170,28
28324,193,27
28325,267,29
28326,0,3
28327,0,3
28328,294,36
28329,0,3
28330,157,26
28331,0,3
28332,135,19
28333,293,34
28334,0,3
28335,190,27
28336,189,24
28337,0,3
28338,0,3
28339,135,17
28340,191,28
28341,129,20
28342,0,3
28343,0,3
28344,0,3
28345,142,22
28346,275,37
28347,0,3
28348,0,3
28349,0,3
28350,0,3
28351,181,24
28352,0,3
28353,0,3
28354,223,29
28355,190,15
28356,209,26
28357,0,3
28358,0,3
28359,228,26
28360,142,20
28361,175,25
28362,238,37
28363,237,30
28364,253,32
28365,224,28
28366,0,3
28367,223,28
28368,117,17
28369,206,30
28370,0,3
28371,0,3
28372,171,26
28373,0,3
28374,0,3
28375,0,3
28376,230,27
28377,153,14
28378,235,31
28379,0,3
28380,225,31
28381,184,31
28382,0,3
28383,134,18
28384,71,13
28385,0,3
28386,249,33
28387,0,3
28388,304,38
28389,0,3
28390,126,19
28391,0,3
28392,0,3
28393,255,38
28394,264,30
28395,127,17
28396,167,15
28397,320,42
28398,240,31
28399,0,3
28400,81,15
28401,162,26
28402,182,24
28403,260,35
28404,0,3
28405,0,3
28406,144,28
28407,288,31
28408,15,5
28409,203,27
28410,313,43
28411,162,21
28412,213,27
28413,311,34
28414,286,32
28415,236,29
28416,0,3
28417,146,21
28418,0,3
28419,222,28
28420,168,26
28421,170,23
28422,0,3
28423,183,21
28424,267,33
28425,283,33
28426,240,35
28427,269,38
28428,235,21
28429,175,27
28430,0,3
28431,0,3
28432,274,33
28433,230,26
28434,0,3
28435,292,44
28436,102,20
28437,153,23
28438,0,3
28439,112,17
28440,233,29
28441,0,3
28442,0,3
28443,0,3
28444,0,3
28445,0,3
28446,0,3
28447,197,28
28448,0,3
28449,0,3
28450,232,25
28451,208,29
28452,0,3
28453,130,18
28454,115,20
28455,0,3
28456,0,3
28457,0,3
28458,0,3
28459,0,3
28460,0,3
28461,0,3
28462,178,26
28463,173,23
28464,201,28
28465,240,31
28466,241,28
28467,221,30
28468,0,3
28469,0,3
28470,177,23
28471,113,19
28472,305,38
28473,241,34
28474,229,30
28475,170,24
28476,0,3
28477,173,28
28478,370,39
28479,198,28
28480,0,3
28481,0,3
28482,152,27
28483,0,3
28484,0,3
28485,93,17
28486,0,3
28487,158,24
28488,88,15
28489,196,27
28490,0,3
28491,297,32
28492,0,3
28493,0,3
28494,0,3
28495,299,33
28496,239,29
28497,265,30
28498,0,3
28499,0,3
28500,0,3
28501,0,3
28502,410,30
28503,298,36
28504,324,39
28505,242,31
28506,255,31
28507,0,3
28508,203,28
28509,0,3
28510,0,3
28511,0,3
28512,0,3
28513,236,27
28514,230,29
28515,127,14
28516,240,33
28517,277,37
28518,0,3
28519,310,35
28520,203,28
28521,229,29
28522,152,23
28523,0,3
28524,0,3
28525,0,3
28526,280,33
28527,207,32
28528,0,3
28529,127,20
28530,212,29
28531,241,32
28532,0,3
28533,0,3
28534,0,3
28535,0,3
28536,191,23
28537,279,31
28538,62,11
28539,0,3
28540,0,3
28541,0,3
28542,161,27
28543,0,3
28544,160,23
28545,0,3
28546,310,41
28547,149,23
28548,184,28
28549,0,3
28550,234,36
28551,124,19
28552,0,3
28553,0,3
28554,0,3
28555,222,34
28556,184,20
28557,0,3
28558,249,37
28559,75,11
28560,0,3
28561,243,36
28562,224,30
28563,232,29
28564,0,3
28565,93,16
28566,177,27
28567,0,3
28568,266,31
28569,217,27
28570,163,22
28571,170,21
28572,110,22
28573,0,3
28574,255,32
28575,185,25
28576,154,26
28577,0,3
28578,0,3
28579,144,21
28580,147,19
28581,313,41
28582,0,3
28583,244,16
28584,133,18
28585,193,24
28586,205,28
28587,340,39
28588,0,3
28589,0,3
28590,127,14
28591,151,27
28592,333,39
28593,0,3
28594,191,26
28595,138,20
28596,282,31
28597,234,37
28598,338,43
28599,261,36
28600,120,19
28601,81,12
28602,244,40
28603,287,35
28604,0,3
28605,0,3
28606,144,20
28607,0,3
28608,0,3
28609,0,3
28610,0,3
28611,211,28
28612,0,3
28613,225,30
28614,0,3
28615,135,21
28616,138,22
28617,337,39
28618,216,24
28619,0,3
28620,0,3
28621,105,17
28622,240,35
28623,295,35
28624,202,24
28625,0,3
28626,176,26
28627,267,35
28628,355,39
28629,428,46
28630,0,3
28631,0,3
28632,229,38
28633,151,24
28634,212,34
28635,139,23
28636,221,35
28637,333,37
28638,137,19
28639,67,11
28640,166,26
28641,0,3
28642,0,3
28643,0,3
28644,0,3
28645,222,28
28646,0,3
28647,0,3
28648,238,28
28649,0,3
28650,179,31
28651,269,35
28652,0,3
28653,139,22
28654,33,9
28655,180,24
28656,0,3
28657,0,3
28658,0,3
28659,166,26
28660,0,3
28661,290,47
28662,0,3
28663,135,19
28664,118,17
28665,273,34
28666,35,9
28667,298,32
28668,191,27
28669,225,28
28670,0,3
28671,0,3
28672,262,33
28673,0,3
28674,0,3
28675,0,3
28676,112,18
28677,232,31
28678,233,30
28679,0,3
28680,221,38
28681,358,35
28682,111,18
28683,179,20
28684,270,33
28685,263,36
28686,118,17
28687,0,3
28688,206,28
28689,208,35
28690,145,21
28691,103,12
28692,306,37
28693,324,31
28694,117,16
28695,0,3
28696,0,3
28697,94,15
28698,0,3
28699,0,3
28700,176,30
28701,215,25
28702,175,24
28703,344,34
28704,90,20
28705,140,18
28706,0,3
28707,0,3
28708,398,44
28709,290,19
28710,0,3
28711,197,21
28712,0,3
28713,55,10
28714,202,33
28715,159,20
28716,281,29
28717,287,33
28718,0,3
28719,176,28
28720,0,3
28721,158,25
28722,175,21
28723,0,3
28724,232,31
28725,262,26
28726,0,3
28727,0,3
28728,241,36
28729,285,32
28730,137,21
28731,0,3
28732,0,3
28733,0,3
28734,220,32
28735,0,3
28736,0,3
28737,147,22
28738,0,3
28739,0,3
28740,0,3
28741,0,3
28742,239,31
28743,285,34
28744,113,25
28745,239,28
28746,202,28
28747,163,25
28748,179,24
28749,301,36
28750,99,19
28751,183,29
28752,0,3
28753,0,3
28754,0,3
28755,226,28
28756,0,3
28757,252,33
28758,201,27
28759,0,3
28760,252,30
28761,0,3
28762,262,32
28763,259,31
28764,204,32
28765,0,3
28766,126,20
28767,104,19
28768,144,23
28769,158,24
28770,0,3
28771,89,13
28772,186,31
28773,291,40
28774,329,38
28775,186,31
28776,186,29
28777,0,3
28778,223,31
28779,164,27
28780,170,25
28781,172,30
28782,0,3
28783,345,38
28784,22,7
28785,178,24
28786,200,32
28787,199,24
28788,279,33
28789,30,7
28790,179,33
28791,88,15
28792,197,27
28793,213,32
28794,221,25
28795,495,31
28796,234,35
28797,229,22
28798,199,28
28799,68,16
28800,0,3
28801,359,44
28802,84,11
28803,291,32
28804,145,22
28805,250,27
28806,235,26
28807,181,23
28808,0,3
28809,313,30
28810,0,3
28811,193,29
28812,0,3
28813,256,34
28814,0,3
28815,0,3
28816,187,26
28817,83,15
28818,0,3
28819,201,31
28820,228,25
28821,125,21
28822,307,35
28823,39,9
28824,306,39
28825,222,32
28826,0,3
28827,341,39
28828,0,3
28829,0,3
28830,0,3
28831,0,3
28832,324,36
28833,219,26
28834,0,3
28835,108,19
28836,130,18
28837,0,3
28838,0,3
28839,100,15
28840,0,3
28841,0,3
28842,0,3
28843,226,30
28844,0,3
28845,164,21
28846,314,39
28847,0,3
28848,200,26
28849,0,3
28850,152,20
28851,0,3
28852,223,29
28853,240,35
28854,0,3
28855,0,3
28856,226,23
28857,324,39
28858,244,31
28859,107,19
28860,0,3
28861,149,18
28862,207,33
28863,280,38
28864,289,33
28865,0,3
28866,0,3
28867,189,24
28868,0,3
28869,0,3
28870,0,3
28871,0,3
28872,210,25
28873,0,3
28874,0,3
28875,286,37
28876,140,17
28877,187,31
28878,46,9
28879,0,3
28880,135,12
28881,0,3
28882,159,21
28883,172,31
28884,0,3
28885,349,38
28886,0,3
28887,183,19
28888,135,24
28889,0,3
28890,136,23
28891,0,3
28892,163,25
28893,0,3
28894,171,20
28895,241,28
28896,143,20
28897,177,25
28898,210,29
28899,0,3
28900,196,31
28901,213,29
28902,198,26
28903,0,3
28904,202,30
28905,191,23
28906,0,3
28907,172,27
28908,0,3
28909,223,32
28910,0,3
28911,180,31
28912,174,24
28913,0,3
28914,167,19
28915,241,37
28916,277,36
28917,0,3
28918,0,3
28919,161,26
28920,241,32
28921,169,26
28922,217,24
28923,0,3
28924,0,3
28925,194,32
28926,280,34
28927,274,32
28928,0,3
28929,101,16
28930,0,3
28931,242,36
28932,189,20
28933,206,28
28934,193,28
28935,156,23
28936,205,25
28937,214,40
28938,0,3
28939,202,29
28940,0,3
28941,264,33
28942,262,34
28943,185,25
28944,0,3
28945,0,3
28946,152,25
28947,134,19
28948,0,3
28949,0,3
28950,0,3
28951,192,28
28952,0,3
28953,0,3
28954,146,23
28955,0,3
28956,107,15
28957,141,26
28958,227,26
28959,329,38
28960,275,38
28961,116,17
28962,0,3
28963,158,29
28964,157,20
28965,0,3
28966,0,3
28967,0,3
28968,0,3
28969,0,3
28970,0,3
28971,303,31
28972,0,3
28973,257,28
28974,68,12
28975,0,3
28976,53,12
28977,0,3
28978,158,25
28979,165,22
28980,0,3
28981,151,16
28982,138,20
28983,310,36
28984,0,3
28985,272,34
28986,169,34
28987,0,3
28988,107,17
28989,0,3
28990,133,18
28991,214,21
28992,141,21
28993,258,33
28994,195,33
28995,144,25
28996,0,3
28997,199,28
28998,287,39
28999,0,3
29000,354,36
29001,229,33
29002,0,3
29003,117,18
29004,180,26
29005,267,32
29006,0,3
29007,0,3
29008,292,40
29009,0,3
29010,288,36
29011,0,3
29012,0,3
29013,247,33
29014,161,25
29015,0,3
29016,210,30
29017,175,25
29018,217,32
29019,0,3
29020,295,37
29021,0,3
29022,0,3
29023,208,24
29024,206,27
29025,83,13
29026,346,35
29027,70,12
29028,132,20
29029,204,30
29030,0,3
29031,183,26
29032,187,26
29033,0,3
29034,186,24
29035,0,3
29036,195,28
29037,0,3
29038,166,26
29039,0,3
29040,186,17
29041,0,3
29042,0,3
29043,0,3
29044,0,3
29045,139,21
29046,194,29
29047,143,23
29048,0,3
29049,209,32
29050,166,23
29051,0,3
29052,180,26
29053,0,3
29054,0,3
29055,200,23
29056,0,3
29057,44,9
29058,98,15
29059,0,3
29060,289,28
29061,0,3
29062,153,20
29063,233,30
29064,0,3
29065,257,32
29066,0,3
29067,0,3
29068,0,3
29069,324,34
29070,0,3
29071,0,3
29072,268,35
29073,136,26
29074,242,27
29075,0,3
29076,0,3
29077,192,26
29078,270,37
29079,291,39
29080,242,38
29081,198,23
29082,0,3
29083,382,14
29084,0,3
29085,0,3
29086,187,23
29087,58,14
29088,163,20
29089,174,24
29090,300,35
29091,0,3
29092,218,31
29093,0,3
29094,178,22
29095,91,15
29096,0,3
29097,212,30
29098,126,17
29099,0,3
29100,155,20
29101,269,40
29102,0,3
29103,252,31
29104,163,31
29105,0,3
29106,0,3
29107,0,3
29108,0,3
29109,0,3
29110,246,33
29111,175,29
29112,182,21
29113,0,3
29114,0,3
29115,137,19
29116,154,21
29117,155,19
29118,0,3
29119,0,3
29120,270,38
29121,767,36
29122,221,22
29123,0,3
29124,146,23
29125,267,37
29126,0,3
29127,93,18
29128,390,34
29129,93,19
29130,0,3
29131,133,20
29132,308,18
29133,317,41
29134,0,3
29135,342,27
29136,119,17
29137,173,26
29138,0,3
29139,98,16
29140,232,30
29141,51,11
29142,269,34
29143,0,3
29144,195,24
29145,181,21
29146,99,14
29147,396,25
29148,263,32
29149,0,3
29150,241,30
29151,249,28
29152,234,27
29153,172,23
29154,164,18
29155,0,3
29156,192,26
29157,0,3
29158,192,25
29159,0,3
29160,0,3
29161,230,28
29162,225,27
29163,230,21
29164,194,29
29165,264,36
29166,0,3
29167,180,18
29168,210,28
29169,318,33
29170,116,25
29171,299,38
29172,251,34
29173,0,3
29174,143,19
29175,0,3
29176,0,3
29177,91,14
29178,190,24
29179,0,3
29180,0,3
29181,284,38
29182,218,23
29183,361,45
29184,277,29
29185,251,34
29186,0,3
29187,211,31
29188,193,26
29189,226,31
29190,193,21
29191,221,28
29192,87,15
29193,245,36
29194,256,31
29195,205,26
29196,0,3
29197,171,19
29198,191,28
29199,0,3
29200,415,21
29201,0,3
29202,0,3
29203,183,28
29204,329,38
29205,0,3
29206,0,3
29207,0,3
29208,176,28
29209,229,31
29210,98,15
29211,0,3
29212,135,20
29213,258,31
29214,222,31
29215,107,15
29216,0,3
29217,271,34
29218,86,19
29219,0,3
29220,236,29
29221,296,34
29222,156,19
29223,0,3
29224,243,30
29225,237,32
29226,188,27
29227,0,3
29228,0,3
29229,94,17
29230,244,33
29231,85,16
29232,326,40
29233,112,14
29234,0,3
29235,0,3
29236,107,12
29237,283,36
29238,221,32
29239,0,3
29240,0,3
29241,239,27
29242,155,22
29243,191,22
29244,0,3
29245,152,24
29246,0,3
29247,228,27
29248,0,3
29249,154,23
29250,0,3
29251,210,28
29252,0,3
29253,248,30
29254,197,22
29255,244,29
29256,212,28
29257,0,3
29258,0,3
29259,0,3
29260,212,31
29261,260,32
29262,0,3
29263,246,28
29264,0,3
29265,0,3
29266,108,17
29267,0,3
29268,236,22
29269,0,3
29270,0,3
29271,208,31
29272,0,3
29273,255,32
29274,0,3
29275,0,3
29276,303,41
29277,160,27
29278,259,31
29279,0,3
29280,257,32
29281,235,26
29282,146,27
29283,0,3
29284,287,33
29285,225,29
29286,0,3
29287,219,25
29288,200,22
29289,192,25
29290,185,26
29291,0,3
29292,0,3
29293,0,3
29294,139,23
29295,0,3
29296,258,38
29297,0,3
29298,193,24
29299,166,28
29300,237,33
29301,1,3
29302,177,26
29303,131,17
29304,221,28
29305,246,27
29306,252,32
29307,0,3
29308,168,19
29309,0,3
29310,351,35
29311,0,3
29312,0,3
29313,0,3
29314,228,28
29315,0,3
29316,0,3
29317,0,3
29318,145,20
29319,212,30
29320,247,34
29321,0,3
29322,280,29
29323,0,3
29324,0,3
29325,0,3
29326,179,28
29327,155,21
29328,158,23
29329,160,19
29330,130,17
29331,155,27
29332,195,28
29333,285,28
29334,158,20
29335,0,3
29336,133,19
29337,0,3
29338,70,16
29339,152,26
29340,219,27
29341,175,29
29342,0,3
29343,203,27
29344,258,32
29345,230,30
29346,0,3
29347,0,3
29348,519,37
29349,0,3
29350,127,20
29351,331,33
29352,101,16
29353,236,30
29354,189,30
29355,183,27
29356,0,3
29357,243,27
29358,0,3
29359,127,19
29360,0,3
29361,0,3
29362,0,3
29363,249,34
29364,196,28
29365,48,12
29366,262,34
29367,0,3
29368,0,3
29369,249,29
29370,152,28
29371,126,21
29372,0,3
29373,217,29
29374,0,3
29375,273,35
29376,135,20
29377,0,3
29378,103,19
29379,0,3
29380,141,16
29381,0,3
29382,266,27
29383,267,36
29384,223,28
29385,149,23
29386,232,33
29387,178,35
29388,274,33
29389,195,22
29390,213,29
29391,0,3
29392,204,24
29393,178,25
29394,387,40
29395,282,42
29396,0,3
29397,246,27
29398,0,3
29399,0,3
29400,279,38
29401,0,3
29402,133,15
29403,0,3
29404,61,13
29405,0,3
29406,231,27
29407,0,3
29408,120,17
29409,0,3
29410,0,3
29411,0,3
29412,0,3
29413,0,3
29414,215,32
29415,217,21
29416,186,27
29417,284,37
29418,280,38
29419,67,12
29420,0,3
29421,0,3
29422,0,3
29423,64,15
29424,0,3
29425,259,39
29426,0,3
29427,0,3
29428,0,3
29429,0,3
29430,225,33
29431,173,27
29432,0,3
29433,170,17
29434,0,3
29435,185,27
29436,302,36
29437,0,3
29438,309,39
29439,258,39
29440,0,3
29441,0,3
29442,281,35
29443,0,3
29444,0,3
29445,0,3
29446,237,25
29447,234,27
29448,252,38
29449,225,26
29450,297,38
29451,0,3
29452,0,3
29453,360,49
29454,0,3
29455,0,3
29456,199,21
29457,248,29
29458,206,28
29459,0,3
29460,154,24
29461,214,27
29462,300,36
29463,163,30
29464,281,30
29465,223,33
29466,184,26
29467,0,3
29468,199,27
29469,0,3
29470,0,3
29471,152,23
29472,257,35
29473,0,3
29474,0,3
29475,213,25
29476,0,3
29477,147,25
29478,225,30
29479,227,29
29480,0,3
29481,0,3
29482,177,21
29483,211,31
29484,200,28
29485,178,21
29486,0,3
29487,0,3
29488,205,29
29489,172,27
29490,111,14
29491,0,3
29492,0,3
29493,0,3
29494,0,3
29495,530,35
29496,0,3
29497,0,3
29498,202,30
29499,0,3
29500,188,25
29501,249,36
29502,200,30
29503,138,24
29504,202,23
29505,246,26
29506,263,32
29507,228,26
29508,0,3
29509,0,3
29510,325,15
29511,180,25
29512,211,26
29513,0,3
29514,0,3
29515,0,3
29516,203,25
29517,0,3
29518,0,3
29519,216,35
29520,128,22
29521,190,28
29522,215,28
29523,175,19
29524,345,36
29525,284,31
29526,167,24
29527,251,32
29528,0,3
29529,0,3
29530,211,28
29531,287,35
29532,241,32
29533,0,3
29534,388,40
29535,228,29
29536,225,28
29537,0,3
29538,246,20
29539,0,3
29540,0,3
29541,294,33
29542,206,28
29543,190,28
29544,0,3
29545,68,13
29546,152,20
29547,0,3
29548,287,46
29549,230,30
29550,300,32
29551,176,28
29552,190,28
29553,0,3
29554,148,21
29555,225,38
29556,218,28
29557,289,34
29558,82,17
29559,0,3
29560,184,25
29561,1000,27
29562,0,3
29563,176,23
29564,0,3
29565,259,27
29566,145,18
29567,0,3
29568,237,31
29569,0,3
29570,0,3
29571,0,3
29572,177,30
29573,0,3
29574,0,3
29575,165,23
29576,249,31
29577,298,34
29578,218,29
29579,126,15
29580,139,22
29581,167,20
29582,574,31
29583,0,3
29584,284,33
29585,161,17
29586,0,3
29587,192,26
29588,178,20
29589,131,16
29590,298,41
29591,0,3
29592,130,17
29593,221,33
29594,179,25
29595,0,3
29596,0,3
29597,118,21
29598,0,3
29599,205,26
29600,268,32
29601,198,23
29602,0,3
29603,0,3
29604,280,41
29605,210,27
29606,187,26
29607,0,3
29608,0,3
29609,296,33
29610,235,33
29611,0,3
29612,217,28
29613,222,29
29614,0,3
29615,0,3
29616,255,28
29617,130,20
29618,263,30
29619,0,3
29620,177,27
29621,327,31
29622,275,31
29623,0,3
29624,0,3
29625,159,22
29626,0,3
29627,0,3
29628,0,3
29629,0,3
29630,0,3
29631,174,23
29632,241,33
29633,134,22
29634,0,3
29635,127,22
29636,0,3
29637,119,20
29638,170,28
29639,0,3
29640,0,3
29641,0,3
29642,361,35
29643,172,27
29644,99,13
29645,255,30
29646,147,20
29647,0,3
29648,0,3
29649,141,22
29650,0,3
29651,0,3
29652,156,20
29653,164,22
29654,0,3
29655,264,28
29656,0,3
29657,238,34
29658,204,29
29659,238,32
29660,0,3
29661,142,21
29662,265,36
29663,0,3
29664,318,41
29665,166,23
29666,0,3
29667,0,3
29668,233,33
29669,183,18
29670,0,3
29671,263,35
29672,105,16
29673,164,22
29674,0,3
29675,267,28
29676,113,21
29677,106,15
29678,305,28
29679,148,22
29680,0,3
29681,0,3
29682,0,3
29683,0,3
29684,314,33
29685,0,3
29686,169,24
29687,131,22
29688,244,27
29689,0,3
29690,0,3
29691,184,25
29692,0,3
29693,0,3
29694,0,3
29695,83,13
29696,248,26
29697,272,36
29698,201,26
29699,0,3
29700,144,20
29701,0,3
29702,0,3
29703,0,3
29704,277,34
29705,114,18
29706,0,3
29707,181,26
29708,154,21
29709,124,17
29710,0,3
29711,1,3
29712,0,3
29713,253,29
29714,151,21
29715,211,24
29716,0,3
29717,278,31
29718,348,40
29719,0,3
29720,0,3
29721,141,19
29722,197,26
29723,0,3
29724,210,26
29725,341,25
29726,246,33
29727,0,3
29728,234,28
29729,159,19
29730,255,33
29731,213,30
29732,113,19
29733,0,3
29734,167,27
29735,218,27
29736,184,32
29737,390,33
29738,0,3
29739,163,23
29740,200,28
29741,241,28
29742,0,3
29743,0,3
29744,0,3
29745,240,25
29746,0,3
29747,253,32
29748,205,30
29749,195,29
29750,312,35
29751,183,26
29752,206,21
29753,142,20
29754,119,15
29755,0,3
29756,438,36
29757,0,3
29758,280,28
29759,146,18
29760,165,28
29761,250,32
29762,0,3
29763,106,14
29764,0,3
29765,216,30
29766,198,24
29767,0,3
29768,271,30
29769,134,22
29770,0,3
29771,0,3
29772,154,18
29773,221,23
29774,269,36
29775,0,3
29776,121,18
29777,218,24
29778,127,13
29779,0,3
29780,184,20
29781,0,3
29782,128,23
29783,138,23
29784,205,30
29785,346,32
29786,188,26
29787,0,3
29788,0,3
29789,119,17
29790,206,29
29791,0,3
29792,196,24
29793,181,23
29794,143,24
29795,187,23
29796,206,32
29797,0,3
29798,324,28
29799,200,30
29800,0,3
29801,193,25
29802,154,25
29803,158,22
29804,0,3
29805,0,3
29806,0,3
29807,374,23
29808,183,26
29809,128,22
29810,155,23
29811,257,34
29812,0,3
29813,211,29
29814,123,20
29815,0,3
29816,192,23
29817,177,22
29818,0,3
29819,0,3
29820,259,19
29821,0,3
29822,159,30
29823,111,21
29824,162,18
29825,334,38
29826,286,39
29827,0,3
29828,235,33
29829,0,3
29830,0,3
29831,142,21
29832,201,30
29833,0,3
29834,241,35
29835,198,20
29836,0,3
29837,184,23
29838,197,30
29839,339,35
29840,272,38
29841,0,3
29842,0,3
29843,0,3
29844,0,3
29845,156,22
29846,239,28
29847,238,31
29848,337,40
29849,92,15
29850,0,3
29851,279,33
29852,0,3
29853,303,29
29854,0,3
29855,0,3
29856,271,36
29857,214,28
29858,158,23
29859,0,3
29860,161,25
29861,134,17
29862,248,32
29863,233,27
29864,81,13
29865,275,35
29866,253,31
29867,0,3
29868,75,12
29869,189,26
29870,194,31
29871,232,29
29872,258,31
29873,0,3
29874,188,24
29875,0,3
29876,175,20
29877,206,35
29878,0,3
29879,202,31
29880,211,28
29881,330,40
29882,107,19
29883,158,22
29884,0,3
29885,204,30
29886,0,3
29887,0,3
29888,0,3
29889,0,3
29890,218,30
29891,124,20
29892,0,3
29893,160,23
29894,190,28
29895,0,3
29896,74,15
29897,129,20
29898,195,25
29899,196,29
29900,196,21
29901,0,3
29902,327,43
29903,296,33
29904,151,17
29905,104,17
29906,0,3
29907,306,40
29908,150,21
29909,167,26
29910,269,33
29911,320,43
29912,238,32
29913,0,3
29914,222,29
29915,238,33
29916,0,3
29917,0,3
29918,181,19
29919,381,44
29920,232,28
29921,0,3
29922,210,25
29923,0,3
29924,199,25
29925,0,3
29926,255,33
29927,153,23
29928,309,39
29929,0,3
29930,0,3
29931,225,28
29932,0,3
29933,0,3
29934,0,3
29935,114,17
29936,384,46
29937,0,3
29938,173,21
29939,291,41
29940,135,17
29941,142,17
29942,147,23
29943,134,21
29944,215,26
29945,0,3
29946,241,32
29947,154,23
29948,0,3
29949,0,3
29950,249,30
29951,0,3
29952,183,28
29953,239,32
29954,173,27
29955,100,18
29956,197,32
29957,187,25
29958,196,24
29959,155,21
29960,0,3
29961,163,18
29962,189,27
29963,180,26
29964,267,31
29965,0,3
29966,240,31
29967,170,25
29968,0,3
29969,240,36
29970,391,42
29971,161,19
29972,235,29
29973,0,3
29974,142,23
29975,306,36
29976,205,27
29977,193,24
29978,0,3
29979,248,32
29980,0,3
29981,158,27
29982,252,33
29983,268,31
29984,215,21
29985,0,3
29986,70,14
29987,251,26
29988,0,3
29989,0,3
29990,214,31
29991,82,11
29992,335,34
29993,202,31
29994,276,36
29995,315,35
29996,119,14
29997,189,29
29998,0,3
29999,71,17
30000,0,3
30001,170,22
30002,221,30
30003,0,3
30004,0,3
30005,174,24
30006,152,27
30007,0,3
30008,238,31
30009,238,33
30010,0,3
30011,255,28
30012,0,3
30013,183,28
30014,165,25
30015,225,33
30016,283,31
30017,192,24
30018,0,3
30019,217,35
30020,213,26
30021,159,20
30022,146,22
30023,190,34
30024,211,30
30025,199,18
30026,0,3
30027,134,23
30028,77,11
30029,196,29
30030,268,33
30031,0,3
30032,0,3
30033,248,26
30034,0,3
30035,143,22
30036,0,3
30037,0,3
30038,275,27
30039,203,29
30040,0,3
30041,95,14
30042,183,25
30043,0,3
30044,194,27
30045,0,3
30046,0,3
30047,145,18
30048,249,35
30049,0,3
30050,258,33
30051,152,21
30052,246,30
30053,198,22
30054,0,3
30055,360,43
30056,0,3
30057,265,33
30058,221,33
30059,0,3
30060,177,24
30061,213,35
30062,0,3
30063,221,29
30064,287,40
30065,0,3
30066,0,3
30067,0,3
30068,0,3
30069,167,21
30070,0,3
30071,0,3
30072,109,20
30073,110,20
30074,0,3
30075,168,24
30076,148,21
30077,195,24
30078,17,5
30079,93,19
30080,0,3
30081,277,30
30082,236,23
30083,275,32
30084,263,28
30085,165,24
30086,198,25
30087,0,3
30088,145,22
30089,219,28
30090,391,25
30091,190,26
30092,0,3
30093,0,3
30094,270,37
30095,264,34
30096,242,33
30097,0,3
30098,176,22
30099,0,3
30100,204,31
30101,0,3
30102,195,25
30103,0,3
30104,0,3
30105,203,29
30106,0,3
30107,254,31
30108,246,28
30109,0,3
30110,200,30
30111,269,31
30112,0,3
30113,0,3
30114,0,3
30115,236,30
30116,300,41
30117,0,3
30118,101,18
30119,344,41
30120,0,3
30121,0,3
30122,0,3
30123,232,36
30124,0,3
30125,52,12
30126,205,30
30127,177,23
30128,0,3
30129,257,36
30130,93,15
30131,129,17
30132,248,32
30133,117,20
30134,0,3
30135,0,3
30136,0,3
30137,235,31
30138,232,31
30139,229,35
30140,230,36
30141,227,28
30142,0,3
30143,154,26
30144,208,27
30145,182,30
30146,161,20
30147,0,3
30148,0,3
30149,302,42
30150,212,29
30151,190,29
30152,234,27
30153,0,3
30154,0,3
30155,146,22
30156,0,3
30157,147,16
30158,186,17
30159,193,30
30160,106,14
30161,153,25
30162,0,3
30163,196,29
30164,277,32
30165,200,27
30166,199,23
30167,217,28
30168,252,32
30169,254,25
30170,340,42
30171,313,44
30172,200,30
30173,223,24
30174,0,3
30175,0,3
30176,271,39
30177,0,3
30178,236,30
30179,176,20
30180,198,27
30181,124,23
30182,0,3
30183,238,33
30184,0,3
30185,49,10
30186,148,24
30187,200,22
30188,289,33
30189,0,3
30190,0,3
30191,278,30
30192,283,39
30193,272,30
30194,164,23
30195,202,29
30196,171,26
30197,0,3
30198,0,3
30199,214,24
30200,294,32
30201,225,28
30202,0,3
30203,0,3
30204,0,3
30205,415,30
30206,193,30
30207,162,23
30208,264,33
30209,330,40
30210,38,9
30211,158,23
30212,142,20
30213,242,32
30214,222,27
30215,129,23
30216,0,3
30217,173,24
30218,305,39
30219,220,33
30220,0,3
30221,273,37
30222,0,3
30223,143,19
30224,153,23
30225,124,21
30226,293,39
30227,188,25
30228,152,26
30229,0,3
30230,0,3
30231,0,3
30232,0,3
30233,210,27
30234,0,3
30235,20,6
30236,0,3
30237,208,26
30238,0,3
30239,0,3
30240,182,24
30241,76,17
30242,300,35
30243,122,22
30244,227,23
30245,224,26
30246,187,32
30247,251,29
30248,159,23
30249,0,3
30250,234,25
30251,0,3
30252,0,3
30253,173,21
30254,242,32
30255,280,36
30256,162,18
30257,0,3
30258,0,3
30259,336,34
30260,0,3
30261,84,13
30262,0,3
30263,82,16
30264,0,3
30265,217,35
30266,275,34
30267,0,3
30268,0,3
30269,209,26
30270,0,3
30271,0,3
30272,162,19
30273,140,16
30274,165,25
30275,0,3
30276,0,3
30277,181,22
30278,122,17
30279,0,3
30280,0,3
30281,129,17
30282,262,37
30283,163,21
30284,312,38
30285,0,3
30286,0,3
30287,0,3
30288,0,3
30289,0,3
30290,228,14
30291,221,27
30292,0,3
30293,0,3
30294,123,17
30295,356,40
30296,199,25
30297,0,3
30298,241,36
30299,257,33
30300,0,3
30301,0,3
30302,0,3
30303,0,3
30304,187,20
30305,146,18
30306,77,15
30307,142,18
30308,181,26
30309,175,22
30310,0,3
30311,0,3
30312,213,31
30313,272,29
30314,110,19
30315,285,34
30316,0,3
30317,0,3
30318,0,3
30319,0,3
30320,0,3
30321,211,38
30322,0,3
30323,0,3
30324,150,23
30325,149,21
30326,0,3
30327,0,3
30328,204,22
30329,0,3
30330,0,3
30331,0,3
30332,276,38
30333,208,24
30334,110,15
30335,0,3
30336,173,23
30337,227,28
30338,0,3
30339,165,20
30340,234,24
30341,0,3
30342,370,22
30343,0,3
30344,501,27
30345,109,16
30346,0,3
30347,175,23
30348,302,27
30349,218,24
30350,156,20
30351,0,3
30352,166,24
30353,252,37
30354,0,3
30355,0,3
30356,159,20
30357,0,3
30358,358,38
30359,0,3
30360,0,3
30361,200,24
30362,0,3
30363,259,23
30364,304,39
30365,71,12
30366,164,31
30367,227,32
30368,171,26
30369,245,20
30370,270,31
30371,0,3
30372,297,38
30373,230,26
30374,0,3
30375,0,3
30376,0,3
30377,127,19
30378,0,3
30379,0,3
30380,221,25
30381,242,32
30382,0,3
30383,210,26
30384,0,3
30385,192,24
30386,240,34
30387,276,28
30388,272,31
30389,174,26
30390,0,3
30391,261,33
30392,280,42
30393,0,3
30394,259,32
30395,100,18
30396,0,3
30397,176,23
30398,538,29
30399,0,3
30400,0,3
30401,193,28
30402,236,27
30403,126,5
30404,0,3
30405,0,3
30406,374,26
30407,0,3
30408,301,31
30409,0,3
30410,364,37
30411,173,20
30412,0,3
30413,211,30
30414,176,29
30415,184,23
30416,279,33
30417,223,30
30418,149,20
30419,161,21
30420,356,42
30421,0,3
30422,222,29
30423,0,3
30424,0,3
30425,99,15
30426,204,28
30427,0,3
30428,147,21
30429,129,25
30430,174,26
30431,0,3
30432,0,3
30433,325,43
30434,0,3
30435,195,25
30436,290,34
30437,338,40
30438,195,25
30439,0,3
30440,214,29
30441,62,11
30442,201,29
30443,0,3
30444,282,19
30445,212,28
30446,311,35
30447,202,27
30448,269,30
30449,108,21
30450,178,28
30451,0,3
30452,0,3
30453,180,24
30454,0,3
30455,230,28
30456,333,22
30457,0,3
30458,233,34
30459,220,26
30460,0,3
30461,221,35
30462,241,31
30463,143,18
30464,159,20
30465,0,3
30466,254,33
30467,0,3
30468,0,3
30469,119,23
30470,150,21
30471,0,3
30472,195,25
30473,305,37
30474,66,13
30475,156,26
30476,0,3
30477,0,3
30478,318,38
30479,201,30
30480,0,3
30481,241,33
30482,268,27
30483,0,3
30484,0,3
30485,0,3
30486,287,39
30487,171,21
30488,550,36
30489,239,32
30490,171,26
30491,147,22
30492,117,16
30493,210,31
30494,231,32
30495,166,27
30496,0,3
30497,0,3
30498,331,36
30499,0,3
30500,171,22
30501,0,3
30502,161,19
30503,188,28
30504,203,24
30505,0,3
30506,311,24
30507,0,3
30508,282,33
30509,0,3
30510,340,33
30511,151,20
30512,269,36
30513,79,14
30514,318,38
30515,265,35
30516,245,28
30517,0,3
30518,0,3
30519,170,24
30520,193,22
30521,85,14
30522,176,26
30523,224,31
30524,234,25
30525,0,3
30526,0,3
30527,276,33
30528,293,36
30529,0,3
30530,0,3
30531,174,28
30532,184,20
30533,268,33
30534,0,3
30535,0,3
30536,216,33
30537,0,3
30538,155,24
30539,304,33
30540,207,25
30541,173,27
30542,0,3
30543,0,3
30544,156,24
30545,479,32
30546,0,3
30547,0,3
30548,195,26
30549,102,15
30550,79,14
30551,253,36
30552,0,3
30553,0,3
30554,0,3
30555,203,31
30556,0,3
30557,373,43
30558,175,22
30559,208,26
30560,0,3
30561,224,33
30562,310,36
30563,1,3
30564,207,28
30565,281,25
30566,215,29
30567,314,33
30568,233,23
30569,394,29
30570,0,3
30571,235,29
30572,259,32
30573,133,16
30574,221,24
30575,206,29
30576,0,3
30577,0,3
30578,0,3
30579,217,30
30580,0,3
30581,0,3
30582,0,3
30583,0,3
30584,188,31
30585,0,3
30586,282,34
30587,295,33
30588,0,3
30589,190,28
30590,162,28
30591,148,23
30592,146,18
30593,192,24
30594,294,45
30595,163,22
30596,38,10
30597,155,18
30598,210,26
30599,294,31
30600,257,37
30601,0,3
30602,0,3
30603,261,28
30604,287,35
30605,0,3
30606,0,3
30607,0,3
30608,155,26
30609,200,29
30610,248,25
30611,305,35
30612,0,3
30613,0,3
30614,177,21
30615,177,26
30616,0,3
30617,0,3
30618,211,23
30619,0,3
30620,0,3
30621,261,38
30622,0,3
30623,121,21
30624,104,20
30625,296,32
30626,182,25
30627,0,3
30628,86,16
30629,0,3
30630,294,33
30631,0,3
30632,187,29
30633,0,3
30634,224,28
30635,0,3
30636,272,29
30637,0,3
30638,0,3
30639,0,3
30640,0,3
30641,141,21
30642,0,3
30643,344,40
30644,272,30
30645,221,33
30646,0,3
30647,103,16
30648,261,37
30649,242,32
30650,0,3
30651,75,13
30652,143,21
30653,0,3
30654,160,24
30655,226,26
30656,0,3
30657,220,26
30658,293,38
30659,0,3
30660,169,19
30661,217,26
30662,241,25
30663,181,24
30664,101,18
30665,0,3
30666,249,35
30667,182,23
30668,148,27
30669,289,34
30670,195,24
30671,0,3
30672,0,3
30673,170,24
30674,217,31
30675,0,3
30676,204,26
30677,268,35
30678,0,3
30679,190,32
30680,0,3
30681,260,33
30682,0,3
30683,146,21
30684,94,17
30685,160,22
30686,189,21
30687,140,18
30688,107,20
30689,258,36
30690,219,26
30691,0,3
30692,228,31
30693,192,23
30694,239,38
30695,159,26
30696,0,3
30697,0,3
30698,0,3
30699,276,37
30700,0,3
30701,261,31
30702,222,28
30703,0,3
30704,246,32
30705,116,20
30706,0,3
30707,248,25
30708,249,28
30709,148,18
30710,232,30
30711,0,3
30712,198,24
30713,0,3
30714,0,3
30715,167,25
30716,155,24
30717,222,28
30718,174,24
30719,237,31
30720,116,19
30721,230,30
30722,0,3
30723,221,29
30724,0,3
30725,214,28
30726,0,3
30727,0,3
30728,191,19
30729,167,20
30730,173,25
30731,218,22
30732,159,23
30733,44,8
30734,151,22
30735,198,24
30736,0,3
30737,0,3
30738,177,25
30739,205,32
30740,101,18
30741,176,28
30742,151,19
30743,0,3
30744,0,3
30745,207,29
30746,180,23
30747,93,14
30748,218,25
30749,245,33
30750,80,12
30751,250,36
30752,0,3
30753,191,28
30754,105,18
30755,182,22
30756,105,17
30757,85,13
30758,129,18
30759,282,38
30760,0,3
30761,0,3
30762,255,32
30763,0,3
30764,273,34
30765,74,17
30766,192,28
30767,0,3
30768,76,17
30769,185,29
30770,388,32
30771,0,3
30772,226,35
30773,0,3
30774,176,25
30775,196,32
30776,166,25
30777,0,3
30778,176,24
30779,0,3
30780,80,17
30781,162,24
30782,135,20
30783,0,3
30784,0,3
30785,124,20
30786,0,3
30787,0,3
30788,265,31
30789,0,3
30790,0,3
30791,210,24
30792,331,44
30793,0,3
30794,243,32
30795,227,20
30796,208,24
30797,226,32
30798,118,18
30799,0,3
30800,0,3
30801,169,24
30802,239,28
30803,204,27
30804,0,3
30805,166,20
30806,0,3
30807,318,38
30808,203,24
30809,89,10
30810,97,15
30811,0,3
30812,188,18
30813,103,21
30814,0,3
30815,251,33
30816,0,3
30817,208,24
30818,263,30
30819,76,9
30820,118,20
30821,148,17
30822,257,33
30823,143,24
30824,259,29
30825,0,3
30826,273,34
30827,0,3
30828,0,3
30829,0,3
30830,163,22
30831,0,3
30832,142,18
30833,141,27
30834,451,29
30835,0,3
30836,121,15
30837,0,3
30838,0,3
30839,353,40
30840,218,31
30841,0,3
30842,232,30
30843,0,3
30844,268,32
30845,302,34
30846,184,23
30847,257,29
30848,270,38
30849,127,25
30850,0,3
30851,177,30
30852,85,11
30853,255,39
30854,0,3
30855,197,29
30856,110,15
30857,0,3
30858,0,3
30859,265,34
30860,0,3
30861,89,15
30862,218,27
30863,0,3
30864,102,16
30865,0,3
30866,221,29
30867,0,3
30868,72,14
30869,245,31
30870,196,22
30871,202,27
30872,0,3
30873,0,3
30874,191,22
30875,178,23
30876,195,27
30877,0,3
30878,161,22
30879,0,3
30880,347,30
30881,207,24
30882,219,31
30883,0,3
30884,0,3
30885,141,18
30886,187,34
30887,0,3
30888,174,26
30889,0,3
30890,0,3
30891,174,30
30892,227,29
30893,237,28
30894,204,35
30895,255,27
30896,187,18
30897,0,3
30898,128,27
30899,193,31
30900,141,24
30901,76,13
30902,0,3
30903,0,3
30904,112,19
30905,239,26
30906,265,36
30907,0,3
30908,0,3
30909,222,29
30910,0,3
30911,0,3
30912,0,3
30913,158,23
30914,126,13
30915,0,3
30916,163,26
30917,231,31
30918,0,3
30919,0,3
30920,0,3
30921,127,15
30922,0,3
30923,202,24
30924,0,3
30925,185,36
30926,0,3
30927,0,3
30928,0,3
30929,724,28
30930,193,24
30931,0,3
30932,226,21
30933,0,3
30934,246,28
30935,270,27
30936,0,3
30937,256,28
30938,136,20
30939,0,3
30940,263,38
30941,0,3
30942,210,26
30943,88,12
30944,0,3
30945,267,35
30946,430,41
30947,0,3
30948,218,31
30949,268,25
30950,0,3
30951,0,3
30952,198,27
30953,171,21
30954,0,3
30955,181,24
30956,285,31
30957,0,3
30958,199,27
30959,368,35
30960,230,26
30961,367,21
30962,254,28
30963,0,3
30964,332,29
30965,0,3
30966,0,3
30967,0,3
30968,145,22
30969,0,3
30970,208,29
30971,0,3
30972,158,20
30973,0,3
30974,116,18
30975,0,3
30976,0,3
30977,0,3
30978,0,3
30979,219,25
30980,282,32
30981,309,28
30982,124,20
30983,0,3
30984,146,20
30985,0,3
30986,193,28
30987,192,34
30988,166,22
30989,278,32
30990,293,28
30991,341,31
30992,337,29
30993,0,3
30994,0,3
30995,180,26
30996,0,3
30997,193,25
30998,238,27
30999,0,3
31000,215,36
31001,0,3
31002,0,3
31003,0,3
31004,226,25
31005,0,3
31006,0,3
31007,0,3
31008,0,3
31009,532,30
31010,0,3
31011,0,3
31012,253,35
31013,270,35
31014,83,8
31015,246,25
31016,184,23
31017,272,32
31018,259,28
31019,0,3
31020,0,3
31021,0,3
31022,91,18
31023,0,3
31024,256,29
31025,0,3
31026,380,37
31027,228,27
31028,116,18
31029,158,23
31030,339,34
31031,0,3
31032,262,30
31033,0,3
31034,0,3
31035,389,35
31036,144,18
31037,244,34
31038,148,17
31039,171,21
31040,0,3
31041,0,3
31042,156,24
31043,0,3
31044,215,28
31045,0,3
31046,175,26
31047,0,3
31048,186,23
31049,144,25
31050,377,39
31051,160,22
31052,180,23
31053,133,21
31054,0,3
31055,0,3
31056,0,3
31057,253,28
31058,241,31
31059,0,3
31060,0,3
31061,249,31
31062,151,24
31063,336,34
31064,0,3
31065,165,20
31066,0,3
31067,0,3
31068,178,18
31069,93,12
31070,257,30
31071,173,18
31072,591,32
31073,283,35
31074,233,33
31075,194,20
31076,240,21
31077,276,34
31078,135,19
31079,115,16
31080,0,3
31081,154,26
31082,183,24
31083,0,3
31084,0,3
31085,242,31
31086,200,25
31087,169,23
31088,0,3
31089,173,22
31090,0,3
31091,112,14
31092,278,32
31093,0,3
31094,284,31
31095,0,3
31096,193,25
31097,200,23
31098,61,14
31099,0,3
31100,239,29
31101,136,19
31102,196,27
31103,177,27
31104,317,38
31105,0,3
31106,264,38
31107,0,3
31108,176,23
31109,158,26
31110,186,23
31111,118,15
31112,203,28
31113,0,3
31114,208,22
31115,0,3
31116,0,3
31117,0,3
31118,318,24
31119,220,26
31120,0,3
31121,0,3
31122,0,3
31123,233,31
31124,0,3
31125,0,3
31126,371,30
31127,180,25
31128,354,31
31129,200,25
31130,0,3
31131,271,38
31132,147,17
31133,0,3
31134,191,25
31135,176,20
31136,212,30
31137,165,26
31138,270,34
31139,0,3
31140,186,24
31141,153,25
31142,128,18
31143,0,3
31144,171,25
31145,288,35
31146,115,19
31147,0,3
31148,284,39
31149,104,15
31150,0,3
31151,238,31
31152,116,21
31153,93,17
31154,0,3
31155,260,35
31156,0,3
31157,0,3
31158,178,35
31159,0,3
31160,224,33
31161,205,28
31162,118,18
31163,196,27
31164,0,3
31165,263,22
31166,0,3
31167,0,3
31168,0,3
31169,137,19
31170,0,3
31171,388,21
31172,174,21
31173,0,3
31174,0,3
31175,205,25
31176,309,38
31177,215,24
31178,154,19
31179,296,36
31180,146,23
31181,0,3
31182,168,19
31183,230,29
31184,295,42
31185,575,37
31186,277,26
31187,112,16
31188,138,19
31189,143,19
31190,184,25
31191,191,3
31192,0,3
31193,149,21
31194,0,3
31195,147,19
31196,70,13
31197,168,21
31198,172,21
31199,192,25
31200,261,32
31201,0,3
31202,173,24
31203,0,3
31204,167,22
31205,255,15
31206,0,3
31207,206,28
31208,329,26
31209,236,37
31210,150,23
31211,134,21
31212,596,29
31213,273,35
31214,127,19
31215,0,3
31216,0,3
31217,216,28
31218,254,28
31219,0,3
31220,199,28
31221,0,3
31222,140,23
31223,0,3
31224,214,31
31225,265,22
31226,253,32
31227,0,3
31228,155,23
31229,0,3
31230,146,20
31231,219,29
31232,268,34
31233,225,26
31234,0,3
31235,206,27
31236,0,3
31237,0,3
31238,211,27
31239,0,3
31240,310,27
31241,0,3
31242,370,37
31243,0,3
31244,245,21
31245,0,3
31246,171,22
31247,140,18
31248,229,31
31249,153,22
31250,156,25
31251,81,14
31252,207,18
31253,0,3
31254,0,3
31255,172,25
31256,0,3
31257,211,24
31258,0,3
31259,227,30
31260,188,31
31261,266,39
31262,187,28
31263,0,3
31264,0,3
31265,397,42
31266,0,3
31267,159,21
31268,0,3
31269,0,3
31270,0,3
31271,0,3
31272,0,3
31273,457,31
31274,0,3
31275,233,27
31276,278,31
31277,0,3
31278,245,33
31279,0,3
31280,433,35
31281,0,3
31282,123,15
31283,198,23
31284,109,15
31285,246,28
31286,0,3
31287,0,3
31288,155,18
31289,0,3
31290,196,30
31291,142,20
31292,0,3
31293,287,36
31294,0,3
31295,119,17
31296,0,3
31297,0,3
31298,0,3
31299,0,3
31300,298,36
31301,161,20
31302,295,42
31303,222,27
31304,0,3
31305,146,26
31306,232,31
31307,0,3
31308,172,21
31309,276,32
31310,241,32
31311,487,22
31312,368,26
31313,203,23
31314,154,24
31315,226,35
31316,136,20
31317,198,25
31318,0,3
31319,0,3
31320,126,20
31321,192,28
31322,262,31
31323,279,30
31324,155,21
31325,0,3
31326,0,3
31327,195,27
31328,172,18
31329,209,28
31330,0,3
31331,0,3
31332,291,28
31333,0,3
31334,0,3
31335,0,3
31336,147,22
31337,142,23
31338,250,32
31339,508,17
31340,0,3
31341,261,25
31342,160,22
31343,0,3
31344,0,3
31345,0,3
31346,0,3
31347,0,3
31348,116,18
31349,223,34
31350,0,3
31351,246,31
31352,99,17
31353,212,34
31354,0,3
31355,195,30
31356,0,3
31357,0,3
31358,173,21
31359,0,3
31360,175,20
31361,192,29
31362,128,18
31363,306,41
31364,135,17
31365,0,3
31366,0,3
31367,0,3
31368,220,27
31369,154,24
31370,236,32
31371,164,23
31372,150,14
31373,174,26
31374,280,35
31375,333,28
31376,272,19
31377,181,20
31378,105,14
31379,127,17
31380,0,3
31381,249,25
31382,128,21
31383,0,3
31384,0,3
31385,0,3
31386,112,21
31387,0,3
31388,289,32
31389,178,25
31390,181,26
31391,88,16
31392,314,32
31393,0,3
31394,0,3
31395,247,29
31396,0,3
31397,98,19
31398,331,31
31399,0,3
31400,277,34
31401,437,38
31402,162,20
31403,183,28
31404,125,20
31405,0,3
31406,355,31
31407,1000,27
31408,0,3
31409,216,30
31410,0,3
31411,244,32
31412,0,3
31413,0,3
31414,0,3
31415,227,25
31416,190,27
31417,0,3
31418,0,3
31419,0,3
31420,0,3
31421,172,20
31422,0,3
31423,224,29
31424,143,17
31425,185,23
31426,136,20
31427,187,26
31428,0,3
31429,254,34
31430,230,27
31431,189,25
31432,272,33
31433,232,29
31434,0,3
31435,178,26
31436,281,30
31437,0,3
31438,162,21
31439,0,3
31440,0,3
31441,0,3
31442,0,3
31443,261,31
31444,195,26
31445,176,26
31446,215,30
31447,162,19
31448,208,29
31449,302,39
31450,226,33
31451,296,43
31452,187,24
31453,101,15
31454,230,36
31455,141,17
31456,120,20
31457,252,26
31458,196,23
31459,397,24
31460,0,3
31461,193,25
31462,0,3
31463,0,3
31464,0,3
31465,0,3
31466,232,30
31467,246,29
31468,263,29
31469,296,29
31470,0,3
31471,321,35
31472,171,25
31473,243,32
31474,221,29
31475,182,28
31476,249,20
31477,282,29
31478,111,19
31479,206,22
31480,0,3
31481,0,3
31482,212,26
31483,275,37
31484,0,3
31485,153,15
31486,157,28
31487,197,29
31488,220,30
31489,231,28
31490,56,15
31491,1000,23
31492,408,35
31493,300,33
31494,183,24
31495,246,33
31496,250,27
31497,168,23
31498,0,3
31499,221,25
31500,266,36
31501,209,23
31502,0,3
31503,0,3
31504,243,29
31505,186,25
31506,182,28
31507,0,3
31508,0,3
31509,113,13
31510,199,27
31511,0,3
31512,486,42
31513,251,12
31514,360,28
31515,456,36
31516,221,32
31517,0,3
31518,79,18
31519,308,17
31520,257,35
31521,0,3
31522,216,26
31523,326,28
31524,269,36
31525,0,3
31526,205,28
31527,0,3
31528,169,20
31529,221,29
31530,87,11
31531,0,3
31532,225,33
31533,0,3
31534,180,26
31535,241,23
31536,0,3
31537,195,31
31538,190,26
31539,161,27
31540,0,3
31541,0,3
31542,183,27
31543,250,30
31544,0,3
31545,346,24
31546,3,3
31547,241,27
31548,107,17
31549,0,3
31550,0,3
31551,124,18
31552,0,3
31553,0,3
31554,115,22
31555,224,29
31556,0,3
31557,0,3
31558,521,26
31559,260,25
31560,0,3
31561,195,29
31562,137,19
31563,0,3
31564,0,3
31565,0,3
31566,176,25
31567,273,31
31568,157,25
31569,0,3
31570,145,23
31571,316,32
31572,98,15
31573,132,15
31574,315,27
31575,240,21
31576,127,17
31577,244,31
31578,0,3
31579,215,25
31580,0,3
31581,271,28
31582,0,3
31583,228,32
31584,0,3
31585,182,25
31586,0,3
31587,161,21
31588,152,18
31589,379,36
31590,276,24
31591,227,26
31592,169,20
31593,0,3
31594,0,3
31595,0,3
31596,0,3
31597,313,28
31598,179,21
31599,0,3
31600,0,3
31601,305,38
31602,270,29
31603,200,33
31604,0,3
31605,211,7
31606,0,3
31607,201,20
31608,133,17
31609,0,3
31610,264,33
31611,0,3
31612,195,30
31613,0,3
31614,201,30
31615,193,24
31616,287,37
31617,0,3
31618,342,33
31619,95,15
31620,0,3
31621,378,40
31622,895,30
31623,198,21
31624,0,3
31625,266,23
31626,348,37
31627,229,27
31628,172,25
31629,129,19
31630,135,19
31631,101,15
31632,196,23
31633,188,21
31634,166,26
31635,60,11
31636,201,28
31637,184,21
31638,143,21
31639,339,29
31640,0,3
31641,265,24
31642,206,29
31643,208,28
31644,0,3
31645,0,3
31646,215,26
31647,0,3
31648,0,3
31649,0,3
31650,275,34
31651,54,11
31652,235,32
31653,0,3
31654,145,17
31655,0,3
31656,0,3
31657,193,19
31658,233,34
31659,178,22
31660,191,26
31661,148,24
31662,366,28
31663,97,14
31664,165,25
31665,269,34
31666,0,3
31667,121,15
31668,77,12
31669,329,22
31670,0,3
31671,230,35
31672,0,3
31673,178,25
31674,250,30
31675,0,3
31676,223,32
31677,212,27
31678,197,27
31679,57,12
31680,231,39
31681,0,3
31682,196,23
31683,135,15
31684,250,33
31685,0,3
31686,332,42
31687,0,3
31688,0,3
31689,323,33
31690,237,27
31691,111,15
31692,213,22
31693,0,3
31694,177,25
31695,0,3
31696,154,24
31697,225,32
31698,309,37
31699,0,3
31700,129,19
31701,0,3
31702,410,30
31703,91,18
31704,0,3
31705,413,44
31706,217,30
31707,58,12
31708,185,25
31709,0,3
31710,0,3
31711,237,33
31712,0,3
31713,0,3
31714,0,3
31715,241,28
31716,234,26
31717,240,29
31718,208,28
31719,0,3
31720,0,3
31721,164,22
31722,309,37
31723,167,29
31724,0,3
31725,0,3
31726,0,3
31727,195,26
31728,0,3
31729,181,30
31730,235,32
31731,186,26
31732,0,3
31733,80,17
31734,83,14
31735,185,23
31736,0,3
31737,0,3
31738,163,24
31739,181,25
31740,256,29
31741,190,26
31742,281,33
31743,233,31
31744,177,22
31745,189,26
31746,199,26
31747,170,21
31748,190,22
31749,0,3
31750,0,3
31751,126,19
31752,208,23
31753,0,3
31754,0,3
31755,0,3
31756,192,32
31757,0,3
31758,0,3
31759,166,23
31760,0,3
31761,177,24
31762,126,19
31763,0,3
31764,0,3
31765,0,3
31766,0,3
31767,0,3
31768,83,14
31769,0,3
31770,0,3
31771,0,3
31772,388,34
31773,133,25
31774,205,29
31775,0,3
31776,207,35
31777,205,24
31778,132,18
31779,294,34
31780,278,37
31781,0,3
31782,232,28
31783,165,27
31784,206,25
31785,242,30
31786,184,22
31787,0,3
31788,0,3
31789,99,17
31790,150,26
31791,0,3
31792,304,42
31793,0,3
31794,0,3
31795,145,20
31796,0,3
31797,0,3
31798,242,30
31799,175,27
31800,388,27
31801,122,26
31802,306,35
31803,165,19
31804,192,20
31805,158,19
31806,0,3
31807,116,16
31808,0,3
31809,0,3
31810,361,20
31811,173,29
31812,248,32
31813,174,24
31814,142,20
31815,0,3
31816,130,17
31817,198,23
31818,220,27
31819,0,3
31820,257,26
31821,328,39
31822,209,31
31823,60,13
31824,162,22
31825,209,26
31826,0,3
31827,168,22
31828,0,3
31829,263,34
31830,194,26
31831,195,23
31832,0,3
31833,189,28
31834,0,3
31835,178,22
31836,177,25
31837,0,3
31838,0,3
31839,0,3
31840,122,23
31841,203,29
31842,197,28
31843,0,3
31844,242,39
31845,213,32
31846,290,35
31847,313,35
31848,0,3
31849,271,41
31850,258,32
31851,240,33
31852,127,16
31853,202,23
31854,192,25
31855,146,22
31856,284,39
31857,303,41
31858,258,29
31859,93,16
31860,242,29
31861,0,3
31862,0,3
31863,259,33
31864,73,13
31865,135,17
31866,183,26
31867,0,3
31868,189,24
31869,0,3
31870,276,35
31871,148,22
31872,103,16
31873,227,30
31874,151,17
31875,137,18
31876,128,21
31877,157,14
31878,0,3
31879,0,3
31880,247,31
31881,0,3
31882,73,12
31883,306,38
31884,173,24
31885,208,27
31886,220,25
31887,69,13
31888,118,21
31889,264,28
31890,144,19
31891,341,43
31892,236,31
31893,0,3
31894,0,3
31895,0,3
31896,281,30
31897,234,26
31898,0,3
31899,290,30
31900,265,35
31901,0,3
31902,340,41
31903,0,3
31904,188,20
31905,205,29
31906,149,22
31907,300,33
31908,0,3
31909,0,3
31910,266,29
31911,360,36
31912,159,26
31913,265,33
31914,242,27
31915,0,3
31916,314,39
31917,185,21
31918,228,25
31919,0,3
31920,180,23
31921,253,31
31922,307,40
31923,256,34
31924,304,38
31925,263,36
31926,301,37
31927,224,33
31928,117,17
31929,208,26
31930,130,17
31931,152,21
31932,0,3
31933,112,18
31934,0,3
31935,246,28
31936,140,24
31937,0,3
31938,0,3
31939,0,3
31940,0,3
31941,93,12
31942,185,26
31943,255,34
31944,0,3
31945,170,23
31946,114,19
31947,215,26
31948,0,3
31949,0,3
31950,0,3
31951,220,24
31952,109,17
31953,0,3
31954,0,3
31955,204,25
31956,292,32
31957,211,27
31958,121,22
31959,241,35
31960,0,3
31961,281,34
31962,222,24
31963,200,27
31964,0,3
31965,105,18
31966,0,3
31967,112,19
31968,227,34
31969,185,25
31970,118,19
31971,0,3
31972,146,20
31973,0,3
31974,200,22
31975,151,26
31976,0,3
31977,0,3
31978,0,3
31979,256,30
31980,102,17
31981,81,15
31982,0,3
31983,226,29
31984,149,23
31985,185,27
31986,0,3
31987,270,38
31988,185,25
31989,0,3
31990,0,3
31991,163,26
31992,201,30
31993,250,33
31994,180,27
31995,357,37
31996,309,35
31997,145,16
31998,137,17
31999,150,21
32000,186,22
32001,177,29
32002,170,19
32003,394,38
32004,272,30
32005,0,3
32006,182,24
32007,123,22
32008,0,3
32009,0,3
32010,197,23
32011,271,33
32012,36,9
32013,234,26
32014,0,3
32015,28,7
32016,180,26
32017,0,3
32018,0,3
32019,0,3
32020,0,3
32021,118,21
32022,0,3
32023,267,30
32024,0,3
32025,0,3
32026,0,3
32027,0,3
32028,153,25
32029,235,33
32030,206,30
32031,379,34
32032,90,15
32033,0,3
32034,205,26
32035,224,32
32036,226,25
32037,242,26
32038,239,32
32039,304,39
32040,167,21
32041,173,24
32042,0,3
32043,211,26
32044,0,3
32045,244,32
32046,224,25
32047,0,3
32048,0,3
32049,248,33
32050,320,42
32051,245,22
32052,0,3
32053,213,23
32054,0,3
32055,183,31
32056,148,20
32057,337,43
32058,228,22
32059,184,30
32060,0,3
32061,214,26
32062,0,3
32063,153,24
32064,420,32
32065,0,3
32066,0,3
32067,208,27
32068,299,34
32069,147,27
32070,135,22
32071,264,37
32072,147,22
32073,314,28
32074,0,3
32075,155,18
32076,500,25
32077,288,39
32078,0,3
32079,0,3
32080,0,3
32081,0,3
32082,0,3
32083,333,44
32084,0,3
32085,0,3
32086,210,24
32087,187,25
32088,0,3
32089,0,3
32090,256,33
32091,476,34
32092,225,24
32093,0,3
32094,184,24
32095,320,38
32096,235,28
32097,221,30
32098,0,3
32099,0,3
32100,147,24
32101,0,3
32102,0,3
32103,255,30
32104,530,33
32105,157,15
32106,140,16
32107,513,40
32108,95,13
32109,202,22
32110,223,24
32111,117,20
32112,199,20
32113,177,23
32114,0,3
32115,220,28
32116,0,3
32117,142,20
32118,0,3
32119,0,3
32120,161,23
32121,111,24
32122,127,20
32123,0,3
32124,214,18
32125,0,3
32126,237,35
32127,138,24
32128,145,23
32129,0,3
32130,180,26
32131,217,28
32132,132,17
32133,0,3
32134,164,25
32135,205,23
32136,141,20
32137,0,3
32138,0,3
32139,575,38
32140,0,3
32141,0,3
32142,317,33
32143,264,25
32144,237,28
32145,498,20
32146,282,17
32147,0,3
32148,197,22
32149,211,30
32150,301,39
32151,136,16
32152,191,27
32153,187,24
32154,0,3
32155,179,29
32156,0,3
32157,109,16
32158,0,3
32159,268,40
32160,314,29
32161,0,3
32162,0,3
32163,232,33
32164,0,3
32165,0,3
32166,212,24
32167,0,3
32168,0,3
32169,141,19
32170,249,29
32171,273,29
32172,0,3
32173,270,32
32174,0,3
32175,610,33
32176,0,3
32177,245,22
32178,0,3
32179,363,30
32180,264,28
32181,293,33
32182,0,3
32183,247,27
32184,159,17
32185,0,3
32186,124,20
32187,200,28
32188,223,33
32189,277,39
32190,146,24
32191,452,39
32192,261,33
32193,0,3
32194,0,3
32195,243,26
32196,149,24
32197,298,35
32198,169,25
32199,226,27
32200,229,27
32201,142,15
32202,0,3
32203,0,3
32204,289,27
32205,138,23
32206,198,33
32207,225,33
32208,289,39
32209,39,8
32210,198,27
32211,0,3
32212,145,22
32213,391,29
32214,141,19
32215,571,4
32216,0,3
32217,196,28
32218,0,3
32219,0,3
32220,0,3
32221,0,3
32222,0,3
32223,0,3
32224,222,31
32225,0,3
32226,155,18
32227,278,23
32228,259,30
32229,139,20
32230,0,3
32231,0,3
32232,277,24
32233,108,16
32234,0,3
32235,203,28
32236,336,42
32237,160,25
32238,226,28
32239,0,3
32240,0,3
32241,153,21
32242,0,3
32243,0,3
32244,177,21
32245,479,26
32246,211,27
32247,0,3
32248,0,3
32249,303,31
32250,196,24
32251,151,28
32252,0,3
32253,322,25
32254,265,19
32255,220,31
32256,100,17
32257,0,3
32258,304,18
32259,195,24
32260,146,20
32261,0,3
32262,264,36
32263,0,3
32264,0,3
32265,0,3
32266,136,22
32267,98,17
32268,317,20
32269,237,20
32270,0,3
32271,0,3
32272,205,26
32273,0,3
32274,242,32
32275,313,25
32276,131,17
32277,440,40
32278,201,24
32279,0,3
32280,216,25
32281,264,24
32282,0,3
32283,468,29
32284,797,32
32285,272,28
32286,239,28
32287,165,23
32288,164,24
32289,186,19
32290,263,34
32291,235,31
32292,257,34
32293,0,3
32294,185,28
32295,133,24
32296,0,3
32297,251,27
32298,255,36
32299,0,3
32300,84,15
32301,0,3
32302,255,36
32303,219,30
32304,437,39
32305,0,3
32306,0,3
32307,317,14
32308,146,22
32309,283,34
32310,0,3
32311,0,3
32312,0,3
32313,311,40
32314,171,27
32315,0,3
32316,0,3
32317,327,35
32318,174,23
32319,0,3
32320,0,3
32321,131,21
32322,138,17
32323,0,3
32324,208,28
32325,291,38
32326,0,3
32327,0,3
32328,112,18
32329,0,3
32330,406,39
32331,0,3
32332,242,26
32333,0,3
32334,0,3
32335,329,42
32336,179,27
32337,235,28
32338,233,32
32339,275,37
32340,219,28
32341,322,34
32342,153,21
32343,276,35
32344,0,3
32345,239,36
32346,245,32
32347,218,29
32348,74,15
32349,0,3
32350,180,22
32351,253,29
32352,179,30
32353,276,35
32354,212,30
32355,0,3
32356,220,25
32357,0,3
32358,125,17
32359,232,32
32360,594,25
32361,240,31
32362,211,27
32363,445,30
32364,1000,8
32365,309,37
32366,214,20
32367,0,3
32368,223,26
32369,0,3
32370,0,3
32371,126,18
32372,0,3
32373,252,32
32374,196,27
32375,0,3
32376,136,11
32377,189,20
32378,323,26
32379,411,20
32380,0,3
32381,132,22
32382,0,3
32383,0,3
32384,0,3
32385,407,39
32386,360,29
32387,541,34
32388,0,3
32389,151,25
32390,0,3
32391,212,26
32392,243,27
32393,237,22
32394,0,3
32395,0,3
32396,85,11
32397,0,3
32398,286,36
32399,172,24
32400,238,29
32401,565,30
32402,220,29
32403,234,26
32404,150,23
32405,626,27
32406,209,27
32407,0,3
32408,203,24
32409,284,33
32410,228,22
32411,260,34
32412,176,20
32413,301,40
32414,236,27
32415,107,16
32416,231,25
32417,215,22
32418,231,28
32419,236,29
32420,245,32
32421,0,3
32422,249,33
32423,220,29
32424,280,36
32425,139,19
32426,260,35
32427,226,26
32428,236,36
32429,0,3
32430,0,3
32431,564,23
32432,0,3
32433,0,3
32434,0,3
32435,0,3
32436,0,3
32437,0,3
32438,287,35
32439,266,38
32440,0,3
32441,0,3
32442,293,29
32443,209,18
32444,307,38
32445,0,3
32446,204,26
32447,162,24
32448,297,32
32449,0,3
32450,0,3
32451,328,37
32452,0,3
32453,180,24
32454,168,24
32455,295,34
32456,0,3
32457,730,31
32458,295,39
32459,198,23
32460,192,19
32461,0,3
32462,108,19
32463,0,3
32464,266,25
32465,0,3
32466,0,3
32467,0,3
32468,128,18
32469,329,37
32470,261,41
32471,146,21
32472,275,34
32473,223,33
32474,0,3
32475,201,23
32476,0,3
32477,346,28
32478,221,27
32479,261,29
32480,265,36
32481,184,26
32482,142,22
32483,0,3
32484,0,3
32485,128,16
32486,303,38
32487,347,44
32488,0,3
32489,0,3
32490,195,30
32491,182,25
32492,334,32
32493,0,3
32494,0,3
32495,285,36
32496,177,20
32497,686,32
32498,318,30
32499,176,25
32500,186,26
32501,99,11
32502,274,36
32503,162,18
32504,202,31
32505,105,19
32506,0,3
32507,246,38
32508,0,3
32509,188,22
32510,181,25
32511,252,26
32512,0,3
32513,0,3
32514,184,22
32515,0,3
32516,0,3
32517,0,3
32518,205,29
32519,0,3
32520,0,3
32521,238,28
32522,424,37
32523,562,25
32524,526,40
32525,203,21
32526,0,3
32527,620,33
32528,0,3
32529,217,25
32530,185,24
32531,0,3
32532,173,22
32533,0,3
32534,0,3
32535,165,29
32536,0,3
32537,241,29
32538,225,26
32539,204,26
32540,0,3
32541,298,25
32542,0,3
32543,0,3
32544,88,14
32545,0,3
32546,205,23
32547,218,26
32548,0,3
32549,245,28
32550,186,23
32551,295,37
32552,0,3
32553,228,23
32554,317,36
32555,209,26
32556,187,29
32557,133,23
32558,304,30
32559,196,25
32560,164,23
32561,212,27
32562,253,22
32563,216,27
32564,295,27
32565,0,3
32566,133,18
32567,0,3
32568,0,3
32569,283,36
32570,201,25
32571,0,3
32572,235,26
32573,273,35
32574,161,21
32575,0,3
32576,281,33
32577,394,38
32578,0,3
32579,158,23
32580,218,28
32581,0,3
32582,204,29
32583,204,31
32584,293,34
32585,0,3
32586,264,34
32587,0,3
32588,262,30
32589,328,29
32590,137,18
32591,190,24
32592,513,28
32593,0,3
32594,173,26
32595,0,3
32596,232,26
32597,0,3
32598,246,28
32599,0,3
32600,312,36
32601,240,25
32602,0,3
32603,189,26
32604,205,25
32605,0,3
32606,0,3
32607,381,33
32608,75,14
32609,252,28
32610,263,29
32611,0,3
32612,0,3
32613,299,34
32614,86,13
32615,199,27
32616,272,26
32617,277,22
32618,282,29
32619,333,38
32620,203,27
32621,0,3
32622,180,21
32623,0,3
32624,130,21
32625,237,30
32626,331,24
32627,153,25
32628,301,35
32629,200,21
32630,234,27
32631,0,3
32632,222,29
32633,186,18
32634,0,3
32635,268,27
32636,0,3
32637,91,14
32638,227,31
32639,0,3
32640,196,27
32641,265,29
32642,342,43
32643,250,36
32644,195,25
32645,0,3
32646,189,23
32647,228,25
32648,199,28
32649,279,29
32650,232,28
32651,171,28
32652,159,24
32653,0,3
32654,256,32
32655,0,3
32656,70,12
32657,0,3
32658,108,19
32659,0,3
32660,209,22
32661,0,3
32662,0,3
32663,487,40
32664,168,26
32665,285,37
32666,0,3
32667,418,45
32668,0,3
32669,113,17
32670,0,3
32671,0,3
32672,142,23
32673,0,3
32674,358,34
32675,179,19
32676,142,18
32677,223,21
32678,0,3
32679,294,28
32680,0,3
32681,0,3
32682,183,29
32683,163,19
32684,182,25
32685,181,26
32686,0,3
32687,174,24
32688,0,3
32689,231,29
32690,276,27
32691,270,31
32692,0,3
32693,337,35
32694,186,24
32695,0,3
32696,0,3
32697,258,28
32698,257,35
32699,0,3
32700,162,26
32701,501,31
32702,264,28
32703,0,3
32704,208,32
32705,0,3
32706,294,34
32707,276,32
32708,194,26
32709,0,3
32710,192,26
32711,151,21
32712,166,18
32713,331,38
32714,0,3
32715,271,32
32716,276,32
32717,0,3
32718,0,3
32719,342,35
32720,288,39
32721,0,3
32722,202,27
32723,179,26
32724,154,26
32725,213,28
32726,338,45
32727,0,3
32728,221,24
32729,187,18
32730,244,37
32731,91,15
32732,0,3
32733,113,15
32734,0,3
32735,204,25
32736,252,34
32737,0,3
32738,0,3
32739,211,22
32740,0,3
32741,252,31
32742,242,28
32743,147,22
32744,206,27
32745,0,3
32746,263,32
32747,211,22
32748,0,3
32749,386,41
32750,0,3
32751,218,22
32752,0,3
32753,183,28
32754,115,19
32755,349,30
32756,0,3
32757,198,29
32758,126,19
32759,256,32
32760,0,3
32761,182,29
32762,0,3
32763,220,27
32764,300,34
32765,156,23
32766,233,33
32767,146,21
32768,0,3
32769,148,13
32770,0,3
32771,186,27
32772,0,3
32773,0,3
32774,194,30
32775,260,30
32776,0,3
32777,213,31
32778,0,3
32779,202,25
32780,105,15
32781,437,31
32782,0,3
32783,298,20
32784,0,3
32785,130,19
32786,0,3
32787,293,32
32788,187,29
32789,226,18
32790,0,3
32791,86,20
32792,100,20
32793,0,3
32794,0,3
32795,189,23
32796,230,29
32797,263,39
32798,0,3
32799,231,26
32800,152,23
32801,169,24
32802,228,29
32803,226,28
32804,157,20
32805,0,3
32806,305,36
32807,141,25
32808,0,3
32809,213,23
32810,326,34
32811,0,3
32812,146,15
32813,153,24
32814,192,22
32815,339,47
32816,226,16
32817,63,13
32818,0,3
32819,169,20
32820,248,31
32821,0,3
32822,220,24
32823,159,31
32824,215,33
32825,274,39
32826,0,3
32827,0,3
32828,232,33
32829,0,3
32830,109,16
32831,232,27
32832,0,3
32833,0,3
32834,185,30
32835,0,3
32836,0,3
32837,226,26
32838,0,3
32839,138,23
32840,132,17
32841,334,35
32842,221,35
32843,0,3
32844,149,26
32845,171,24
32846,540,26
32847,100,19
32848,269,28
32849,127,17
32850,468,46
32851,0,3
32852,427,39
32853,0,3
32854,0,3
32855,0,3
32856,271,31
32857,0,3
32858,275,35
32859,212,28
32860,274,42
32861,301,36
32862,227,25
32863,156,21
32864,204,33
32865,207,25
32866,260,27
32867,137,17
32868,130,21
32869,0,3
32870,177,19
32871,0,3
32872,179,25
32873,145,18
32874,202,27
32875,0,3
32876,219,22
32877,184,24
32878,262,32
32879,282,25
32880,0,3
32881,299,38
32882,0,3
32883,839,36
32884,0,3
32885,134,19
32886,175,25
32887,0,3
32888,173,24
32889,79,15
32890,357,29
32891,140,23
32892,338,37
32893,412,33
32894,0,3
32895,0,3
32896,219,31
32897,126,16
32898,188,21
32899,0,3
32900,2,3
32901,287,32
32902,107,17
32903,190,28
32904,0,3
32905,0,3
32906,190,25
32907,0,3
32908,136,19
32909,298,40
32910,227,25
32911,163,20
32912,212,25
32913,0,3
32914,156,21
32915,192,24
32916,234,30
32917,0,3
32918,107,15
32919,0,3
32920,179,23
32921,257,24
32922,163,16
32923,136,22
32924,0,3
32925,566,26
32926,183,30
32927,183,25
32928,0,3
32929,168,20
32930,0,3
32931,0,3
32932,0,3
32933,409,29
32934,0,3
32935,0,3
32936,0,3
32937,211,29
32938,190,32
32939,210,20
32940,130,21
32941,218,34
32942,0,3
32943,0,3
32944,137,16
32945,0,3
32946,0,3
32947,221,28
32948,172,26
32949,225,31
32950,0,3
32951,110,19
32952,342,40
32953,287,34
32954,219,28
32955,280,28
32956,106,16
32957,0,3
32958,0,3
32959,131,23
32960,195,28
32961,216,23
32962,221,26
32963,0,3
32964,105,19
32965,178,23
32966,212,27
32967,196,25
32968,0,3
32969,253,22
32970,212,24
32971,0,3
32972,197,29
32973,261,35
32974,175,19
32975,204,27
32976,182,26
32977,0,3
32978,259,34
32979,193,23
32980,122,20
32981,0,3
32982,0,3
32983,124,17
32984,136,23
32985,0,3
32986,477,33
32987,280,30
32988,0,3
32989,205,24
32990,0,3
32991,0,3
32992,0,3
32993,0,3
32994,332,35
32995,0,3
32996,125,16
32997,273,35
32998,186,27
32999,166,23
33000,0,3
33001,460,15
33002,0,3
33003,178,27
33004,102,16
33005,213,28
33006,0,3
33007,0,3
33008,534,37
33009,174,20
33010,206,32
33011,275,32
33012,0,3
33013,125,17
33014,118,20
33015,171,23
33016,222,33
33017,263,36
33018,0,3
33019,0,3
33020,0,3
33021,178,23
33022,0,3
33023,0,3
33024,0,3
33025,155,22
33026,125,17
33027,240,31
33028,181,22
33029,256,23
33030,271,30
33031,288,36
33032,0,3
33033,0,3
33034,0,3
33035,270,25
33036,291,28
33037,0,3
33038,226,27
33039,0,3
33040,0,3
33041,0,3
33042,127,17
33043,744,39
33044,403,35
33045,0,3
33046,179,26
33047,191,26
33048,161,24
33049,300,34
33050,0,3
33051,0,3
33052,258,31
33053,54,10
33054,0,3
33055,173,29
33056,89,18
33057,0,3
33058,0,3
33059,321,37
33060,0,3
33061,281,31
33062,202,31
33063,0,3
33064,122,18
33065,155,20
33066,638,32
33067,82,12
33068,0,3
33069,230,28
33070,156,25
33071,0,3
33072,264,34
33073,161,20
33074,0,3
33075,0,3
33076,277,30
33077,0,3
33078,0,3
33079,379,21
33080,254,23
33081,142,19
33082,297,38
33083,179,27
33084,196,24
33085,220,31
33086,245,28
33087,176,24
33088,302,35
33089,217,26
33090,0,3
33091,274,30
33092,199,26
33093,294,32
33094,603,22
33095,168,22
33096,0,3
33097,0,3
33098,0,3
33099,296,27
33100,107,11
33101,286,33
33102,339,39
33103,0,3
33104,191,24
33105,0,3
33106,0,3
33107,0,3
33108,177,23
33109,0,3
33110,0,3
33111,133,20
33112,167,15
33113,415,34
33114,0,3
33115,326,46
33116,228,34
33117,193,24
33118,351,30
33119,216,29
33120,118,21
33121,298,40
33122,116,16
33123,313,38
33124,311,36
33125,164,20
33126,260,22
33127,115,19
33128,0,3
33129,0,3
33130,0,3
33131,0,3
33132,190,30
33133,252,32
33134,299,20
33135,165,24
33136,224,29
33137,97,16
33138,262,34
33139,0,3
33140,0,3
33141,280,34
33142,171,25
33143,0,3
33144,247,25
33145,0,3
33146,0,3
33147,0,3
33148,229,36
33149,232,25
33150,177,26
33151,145,18
33152,315,44
33153,107,20
33154,181,27
33155,0,3
33156,0,3
33157,0,3
33158,195,23
33159,252,21
33160,163,21
33161,231,33
33162,0,3
33163,0,3
33164,258,28
33165,179,24
33166,156,21
33167,174,24
33168,277,29
33169,0,3
33170,274,26
33171,249,25
33172,103,16
33173,183,22
33174,0,3
33175,218,28
33176,0,3
33177,147,22
33178,0,3
33179,186,27
33180,0,3
33181,428,36
33182,59,11
33183,238,30
33184,237,30
33185,214,22
33186,0,3
33187,0,3
33188,0,3
33189,230,32
33190,0,3
33191,188,21
33192,116,17
33193,179,20
33194,0,3
33195,283,29
33196,158,18
33197,0,3
33198,0,3
33199,333,39
33200,0,3
33201,318,31
33202,163,16
33203,206,28
33204,0,3
33205,114,21
33206,813,27
33207,192,20
33208,135,20
33209,292,39
33210,153,21
33211,180,28
33212,0,3
33213,0,3
33214,0,3
33215,48,10
33216,0,3
33217,0,3
33218,0,3
33219,442,20
33220,0,3
33221,874,23
33222,207,24
33223,208,20
33224,139,12
33225,193,20
33226,271,27
33227,0,3
33228,136,18
33229,203,29
33230,178,25
33231,0,3
33232,208,26
33233,0,3
33234,0,3
33235,120,15
33236,278,28
33237,466,29
33238,217,30
33239,0,3
33240,184,29
33241,0,3
33242,0,3
33243,290,33
33244,0,3
33245,158,20
33246,333,38
33247,0,3
33248,262,32
33249,333,37
33250,0,3
33251,0,3
33252,0,3
33253,269,32
33254,0,3
33255,203,26
33256,1000,21
33257,0,3
33258,169,22
33259,170,25
33260,250,31
33261,274,30
33262,155,27
33263,0,3
33264,247,30
33265,194,30
33266,252,30
33267,246,28
33268,359,37
33269,158,21
33270,0,3
33271,257,33
33272,0,3
33273,233,27
33274,0,3
33275,170,23
33276,257,40
33277,0,3
33278,0,3
33279,194,26
33280,0,3
33281,221,36
33282,230,29
33283,0,3
33284,163,26
33285,235,30
33286,0,3
33287,244,32
33288,363,34
33289,208,29
33290,174,23
33291,164,22
33292,132,19
33293,0,3
33294,81,14
33295,0,3
33296,204,22
33297,128,18
33298,297,40
33299,0,3
33300,215,27
33301,0,3
33302,0,3
33303,204,25
33304,227,32
33305,0,3
33306,258,31
33307,195,27
33308,172,24
33309,0,3
33310,181,28
33311,183,21
33312,463,43
33313,91,16
33314,0,3
33315,177,22
33316,187,25
33317,255,27
33318,161,22
33319,196,27
33320,34,11
33321,247,26
33322,173,18
33323,191,28
33324,137,24
33325,143,22
33326,0,3
33327,0,3
33328,0,3
33329,304,42
33330,0,3
33331,207,26
33332,235,29
33333,0,3
33334,0,3
33335,246,30
33336,195,27
33337,210,24
33338,269,35
33339,0,3
33340,177,27
33341,96,17
33342,0,3
33343,170,20
33344,151,19
33345,0,3
33346,241,31
33347,0,3
33348,261,34
33349,0,3
33350,146,18
33351,0,3
33352,139,19
33353,0,3
33354,188,29
33355,0,3
33356,214,31
33357,201,22
33358,0,3
33359,115,18
33360,0,3
33361,232,32
33362,84,18
33363,160,22
33364,74,14
33365,244,37
33366,0,3
33367,209,26
33368,193,31
33369,338,33
33370,118,18
33371,0,3
33372,0,3
33373,309,33
33374,163,30
33375,0,3
33376,53,9
33377,159,20
33378,176,24
33379,163,22
33380,352,38
33381,94,13
33382,0,3
33383,0,3
33384,0,3
33385,185,22
33386,0,3
33387,0,3
33388,0,3
33389,134,25
33390,349,23
33391,242,31
33392,157,24
33393,206,24
33394,147,23
33395,218,28
33396,239,34
33397,0,3
33398,128,17
33399,204,23
33400,311,42
33401,122,17
33402,344,35
33403,0,3
33404,247,28
33405,237,33
33406,0,3
33407,0,3
33408,0,3
33409,205,24
33410,173,24
33411,0,3
33412,0,3
33413,177,23
33414,152,22
33415,308,29
33416,131,18
33417,115,20
33418,0,3
33419,0,3
33420,134,21
33421,324,20
33422,351,37
33423,258,29
33424,0,3
33425,0,3
33426,102,15
33427,223,30
33428,118,21
33429,225,31
33430,0,3
33431,0,3
33432,158,25
33433,269,34
33434,260,29
33435,167,25
33436,163,20
33437,214,31
33438,316,38
33439,259,39
33440,139,17
33441,0,3
33442,136,23
33443,233,31
33444,0,3
33445,556,25
33446,277,31
33447,0,3
33448,0,3
33449,0,3
33450,0,3
33451,0,3
33452,0,3
33453,163,19
33454,243,32
33455,0,3
33456,194,26
33457,239,25
33458,217,30
33459,0,3
33460,293,38
33461,0,3
33462,394,35
33463,0,3
33464,0,3
33465,0,3
33466,0,3
33467,0,3
33468,0,3
33469,213,31
33470,345,37
33471,267,27
33472,303,31
33473,209,29
33474,230,25
33475,277,15
33476,321,19
33477,0,3
33478,252,37
33479,0,3
33480,0,3
33481,385,38
33482,110,20
33483,307,32
33484,185,24
33485,0,3
33486,240,24
33487,213,23
33488,295,41
33489,0,3
33490,0,3
33491,150,20
33492,249,34
33493,230,27
33494,238,31
33495,0,3
33496,0,3
33497,167,21
33498,177,21
33499,250,33
33500,325,36
33501,0,3
33502,250,32
33503,336,32
33504,225,33
33505,252,27
33506,227,32
33507,0,3
33508,0,3
33509,0,3
33510,598,32
33511,199,27
33512,145,25
33513,0,3
33514,197,33
33515,0,3
33516,148,25
33517,156,22
33518,188,23
33519,215,24
33520,348,37
33521,261,31
33522,231,30
33523,0,3
33524,149,22
33525,0,3
33526,0,3
33527,0,3
33528,564,29
33529,0,3
33530,284,37
33531,0,3
33532,0,3
33533,125,19
33534,0,3
33535,0,3
33536,0,3
33537,0,3
33538,0,3
33539,276,31
33540,260,33
33541,115,16
33542,0,3
33543,225,27
33544,0,3
33545,178,26
33546,0,3
33547,198,28
33548,159,21
33549,411,15
33550,81,8
33551,0,3
33552,0,3
33553,0,3
33554,152,23
33555,196,25
33556,142,20
33557,0,3
33558,172,23
33559,0,3
33560,383,33
33561,0,3
33562,226,28
33563,241,29
33564,162,23
33565,285,37
33566,0,3
33567,284,35
33568,176,24
33569,194,30
33570,0,3
33571,0,3
33572,268,31
33573,0,3
33574,0,3
33575,0,3
33576,241,32
33577,0,3
33578,623,28
33579,0,3
33580,0,3
33581,250,32
33582,202,25
33583,228,32
33584,234,31
33585,217,28
33586,231,28
33587,112,19
33588,235,36
33589,233,36
33590,134,20
33591,164,24
33592,0,3
33593,0,3
33594,110,16
33595,0,3
33596,167,23
33597,376,47
33598,304,36
33599,242,38
33600,0,3
33601,150,24
33602,160,21
33603,112,21
33604,304,38
33605,245,35
33606,0,3
33607,0,3
33608,282,34
33609,151,25
33610,200,28
33611,246,31
33612,350,38
33613,0,3
33614,331,33
33615,0,3
33616,214,26
33617,222,30
33618,0,3
33619,197,22
33620,0,3
33621,204,24
33622,0,3
33623,0,3
33624,0,3
33625,325,41
33626,153,17
33627,0,3
33628,243,29
33629,248,29
33630,0,3
33631,327,30
33632,0,3
33633,0,3
33634,0,3
33635,227,26
33636,239,26
33637,123,15
33638,0,3
33639,193,29
33640,0,3
33641,0,3
33642,0,3
33643,295,36
33644,204,22
33645,155,21
33646,181,26
33647,0,3
33648,213,30
33649,0,3
33650,216,25
33651,0,3
33652,517,39
33653,0,3
33654,271,33
33655,319,36
33656,0,3
33657,85,16
33658,0,3
33659,0,3
33660,278,35
33661,207,24
33662,118,20
33663,268,32
33664,0,3
33665,174,26
33666,132,19
33667,142,19
33668,94,14
33669,0,3
33670,0,3
33671,178,24
33672,261,28
33673,274,29
33674,204,21
33675,0,3
33676,0,3
33677,0,3
33678,226,31
33679,0,3
33680,275,32
33681,0,3
33682,0,3
33683,264,34
33684,340,31
33685,238,31
33686,0,3
33687,139,16
33688,0,3
33689,0,3
33690,106,22
33691,0,3
33692,197,24
33693,257,38
33694,166,24
33695,192,24
33696,224,23
33697,248,29
33698,0,3
33699,226,32
33700,217,29
33701,0,3
33702,0,3
33703,332,41
33704,0,3
33705,331,34
33706,0,3
33707,0,3
33708,0,3
33709,0,3
33710,169,24
33711,0,3
33712,0,3
33713,0,3
33714,138,20
33715,111,17
33716,183,22
33717,153,17
33718,0,3
33719,220,26
33720,441,32
33721,309,36
33722,341,38
33723,249,35
33724,0,3
33725,0,3
33726,66,19
33727,245,25
33728,229,26
33729,337,37
33730,203,28
33731,0,3
33732,197,26
33733,0,3
33734,287,39
33735,344,41
33736,109,19
33737,0,3
33738,227,28
33739,236,32
33740,206,30
33741,272,33
33742,180,29
33743,221,27
33744,0,3
33745,276,16
33746,192,28
33747,0,3
33748,166,28
33749,192,23
33750,162,22
33751,309,32
33752,0,3
33753,0,3
33754,222,20
33755,0,3
33756,164,25
33757,0,3
33758,0,3
33759,0,3
33760,0,3
33761,192,31
33762,134,22
33763,79,17
33764,265,33
33765,0,3
33766,545,41
33767,250,22
33768,0,3
33769,203,25
33770,0,3
33771,247,30
33772,148,23
33773,0,3
33774,175,28
33775,163,24
33776,0,3
33777,219,23
33778,227,28
33779,128,20
33780,171,22
33781,0,3
33782,291,37
33783,0,3
33784,128,17
33785,0,3
33786,162,24
33787,0,3
33788,229,35
33789,0,3
33790,191,25
33791,0,3
33792,0,3
33793,324,34
33794,159,17
33795,106,17
33796,257,31
33797,112,16
33798,144,22
33799,429,34
33800,249,34
33801,0,3
33802,0,3
33803,270,32
33804,209,31
33805,0,3
33806,0,3
33807,506,22
33808,383,21
33809,180,31
33810,187,25
33811,0,3
33812,157,23
33813,0,3
33814,0,3
33815,210,32
33816,276,15
33817,0,3
33818,0,3
33819,149,17
33820,0,3
33821,274,40
33822,207,29
33823,0,3
33824,0,3
33825,244,32
33826,224,33
33827,0,3
33828,0,3
33829,0,3
33830,0,3
33831,290,33
33832,0,3
33833,299,28
33834,203,29
33835,137,20
33836,0,3
33837,137,20
33838,0,3
33839,296,28
33840,177,22
33841,0,3
33842,273,35
33843,0,3
33844,229,28
33845,0,3
33846,281,34
33847,196,25
33848,226,33
33849,319,40
33850,0,3
33851,205,22
33852,225,27
33853,169,22
33854,155,22
33855,0,3
33856,228,29
33857,183,27
33858,276,33
33859,217,30
33860,0,3
33861,218,28
33862,0,3
33863,84,18
33864,398,42
33865,492,28
33866,145,23
33867,173,21
33868,0,3
33869,0,3
33870,214,33
33871,350,38
33872,369,39
33873,192,27
33874,0,3
33875,0,3
33876,153,21
33877,274,37
33878,0,3
33879,0,3
33880,372,28
33881,170,18
33882,0,3
33883,308,38
33884,0,3
33885,0,3
33886,167,26
33887,260,35
33888,245,26
33889,185,26
33890,292,36
33891,0,3
33892,0,3
33893,0,3
33894,201,32
33895,0,3
33896,274,39
33897,65,15
33898,0,3
33899,153,24
33900,228,33
33901,0,3
33902,273,38
33903,326,32
33904,189,34
33905,149,19
33906,725,23
33907,167,25
33908,90,18
33909,266,32
33910,103,16
33911,250,37
33912,270,31
33913,277,32
33914,189,23
33915,187,26
33916,159,23
33917,203,26
33918,109,19
33919,94,14
33920,261,30
33921,0,3
33922,128,20
33923,0,3
33924,112,18
33925,254,33
33926,0,3
33927,239,26
33928,301,24
33929,433,21
33930,0,3
33931,0,3
33932,134,19
33933,243,21
33934,204,17
33935,0,3
33936,188,23
33937,0,3
33938,0,3
33939,0,3
33940,130,19
33941,151,23
33942,0,3
33943,233,32
33944,0,3
33945,203,32
33946,0,3
33947,215,30
33948,270,43
33949,0,3
33950,0,3
33951,159,22
33952,0,3
33953,159,21
33954,0,3
33955,527,27
33956,0,3
33957,237,32
33958,221,33
33959,0,3
33960,0,3
33961,0,3
33962,299,31
33963,0,3
33964,227,30
33965,0,3
33966,501,35
33967,153,26
33968,0,3
33969,212,27
33970,229,33
33971,0,3
33972,0,3
33973,0,3
33974,205,24
33975,228,27
33976,292,28
33977,0,3
33978,134,19
33979,262,31
33980,114,20
33981,0,3
33982,251,28
33983,208,28
33984,199,23
33985,0,3
33986,155,26
33987,0,3
33988,148,23
33989,194,34
33990,219,25
33991,596,34
33992,0,3
33993,218,27
33994,247,33
33995,159,18
33996,120,22
33997,368,17
33998,215,26
33999,163,22
34000,68,13
34001,0,3
34002,0,3
34003,0,3
34004,171,23
34005,274,33
34006,331,33
34007,394,28
34008,0,3
34009,0,3
34010,279,37
34011,0,3
34012,0,3
34013,0,3
34014,0,3
34015,313,37
34016,0,3
34017,0,3
34018,218,24
34019,0,3
34020,193,24
34021,0,3
34022,0,3
34023,372,30
34024,306,35
34025,247,32
34026,0,3
34027,162,27
34028,24,6
34029,322,29
34030,0,3
34031,261,30
34032,0,3
34033,0,3
34034,185,25
34035,0,3
34036,160,24
34037,0,3
34038,307,39
34039,0,3
34040,293,35
34041,194,34
34042,536,35
34043,0,3
34044,0,3
34045,174,24
34046,0,3
34047,0,3
34048,221,27
34049,0,3
34050,178,24
34051,0,3
34052,0,3
34053,229,31
34054,148,29
34055,19,7
34056,0,3
34057,317,38
34058,177,26
34059,0,3
34060,0,3
34061,0,3
34062,134,18
34063,0,3
34064,196,27
34065,0,3
34066,0,3
34067,227,32
34068,176,28
34069,295,36
34070,268,38
34071,0,3
34072,0,3
34073,0,3
34074,130,20
34075,282,33
34076,0,3
34077,235,28
34078,0,3
34079,179,24
34080,0,3
34081,88,15
34082,0,3
34083,0,3
34084,220,30
34085,296,35
34086,135,22
34087,234,33
34088,204,33
34089,299,33
34090,0,3
34091,217,27
34092,271,32
34093,0,3
34094,254,30
34095,270,41
34096,0,3
34097,154,24
34098,0,3
34099,151,26
34100,240,20
34101,104,16
34102,206,28
34103,212,25
34104,364,41
34105,180,23
34106,0,3
34107,140,22
34108,0,3
34109,252,30
34110,0,3
34111,322,41
34112,0,3
34113,130,16
34114,208,24
34115,218,28
34116,225,28
34117,0,3
34118,293,28
34119,0,3
34120,194,29
34121,237,32
34122,205,23
34123,284,32
34124,110,20
34125,241,28
34126,0,3
34127,0,3
34128,0,3
34129,0,3
34130,0,3
34131,167,24
34132,0,3
34133,323,35
34134,261,38
34135,295,37
34136,0,3
34137,0,3
34138,0,3
34139,149,23
34140,0,3
34141,224,32
34142,288,36
34143,142,18
34144,294,24
34145,257,28
34146,549,26
34147,0,3
34148,219,25
34149,298,30
34150,130,21
34151,0,3
34152,401,33
34153,218,30
34154,0,3
34155,0,3
34156,0,3
34157,0,3
34158,199,22
34159,0,3
34160,188,26
34161,228,28
34162,215,29
34163,252,34
34164,0,3
34165,188,29
34166,0,3
34167,0,3
34168,277,33
34169,174,23
34170,140,21
34171,480,25
34172,0,3
34173,0,3
34174,139,19
34175,204,31
34176,213,16
34177,281,34
34178,279,37
34179,195,28
34180,100,16
34181,68,10
34182,544,21
34183,0,3
34184,0,3
34185,0,3
34186,259,34
34187,293,38
34188,0,3
34189,205,22
34190,153,18
34191,164,15
34192,240,18
34193,0,3
34194,281,31
34195,157,25
34196,415,29
34197,0,3
34198,0,3
34199,0,3
34200,233,27
34201,176,19
34202,0,3
34203,0,3
34204,255,33
34205,298,26
34206,254,33
34207,194,20
34208,305,39
34209,0,3
34210,228,26
34211,0,3
34212,187,23
34213,246,36
34214,233,33
34215,170,25
34216,0,3
34217,0,3
34218,174,23
34219,0,3
34220,0,3
34221,0,3
34222,221,35
34223,0,3
34224,237,28
34225,234,28
34226,269,31
34227,149,18
34228,219,31
34229,115,23
34230,326,34
34231,181,26
34232,0,3
34233,301,35
34234,225,30
34235,44,5
34236,185,24
34237,0,3
34238,0,3
34239,189,15
34240,215,33
34241,301,27
34242,0,3
34243,263,34
34244,0,3
34245,0,3
34246,154,28
34247,0,3
34248,0,3
34249,543,30
34250,0,3
34251,262,33
34252,152,22
34253,0,3
34254,328,41
34255,307,33
34256,199,29
34257,128,15
34258,213,31
34259,223,30
34260,511,24
34261,0,3
34262,0,3
34263,140,24
34264,99,16
34265,241,26
34266,0,3
34267,278,28
34268,198,23
34269,0,3
34270,260,30
34271,362,35
34272,0,3
34273,0,3
34274,133,16
34275,0,3
34276,0,3
34277,284,29
34278,0,3
34279,0,3
34280,227,33
34281,0,3
34282,262,34
34283,571,20
34284,158,18
34285,0,3
34286,250,32
34287,0,3
34288,362,46
34289,341,44
34290,0,3
34291,176,22
34292,283,40
34293,0,3
34294,0,3
34295,0,3
34296,0,3
34297,213,29
34298,266,32
34299,0,3
34300,139,20
34301,145,23
34302,0,3
34303,260,32
34304,0,3
34305,0,3
34306,164,20
34307,169,19
34308,0,3
34309,231,35
34310,163,24
34311,229,28
34312,555,20
34313,0,3
34314,242,25
34315,268,32
34316,373,39
34317,132,23
34318,267,34
34319,87,14
34320,0,3
34321,0,3
34322,0,3
34323,283,34
34324,245,34
34325,0,3
34326,220,31
34327,111,18
34328,182,23
34329,162,22
34330,139,17
34331,0,3
34332,195,31
34333,0,3
34334,38,5
34335,249,29
34336,0,3
34337,227,27
34338,864,34
34339,0,3
34340,143,25
34341,0,3
34342,199,31
34343,266,30
34344,213,18
34345,0,3
34346,245,34
34347,165,20
34348,289,37
34349,166,23
34350,0,3
34351,178,24
34352,309,39
34353,203,25
34354,175,23
34355,100,21
34356,0,3
34357,0,3
34358,111,18
34359,0,3
34360,163,17
34361,0,3
34362,340,44
34363,194,29
34364,226,27
34365,0,3
34366,0,3
34367,294,30
34368,187,23
34369,154,22
34370,218,31
34371,367,23
34372,320,29
34373,372,37
34374,358,43
34375,151,25
34376,0,3
34377,0,3
34378,240,32
34379,0,3
34380,157,18
34381,258,29
34382,98,14
34383,308,34
34384,0,3
34385,179,32
34386,289,34
34387,197,33
34388,222,34
34389,191,20
34390,0,3
34391,0,3
34392,0,3
34393,0,3
34394,0,3
34395,237,30
34396,0,3
34397,0,3
34398,0,3
34399,230,27
34400,0,3
34401,0,3
34402,0,3
34403,318,40
34404,0,3
34405,0,3
34406,292,31
34407,127,23
34408,121,19
34409,173,25
34410,0,3
34411,126,21
34412,0,3
34413,159,22
34414,0,3
34415,0,3
34416,237,23
34417,284,37
34418,312,34
34419,210,30
34420,0,3
34421,1000,12
34422,0,3
34423,0,3
34424,285,38
34425,239,28
34426,317,35
34427,264,31
34428,222,22
34429,170,25
34430,222,26
34431,0,3
34432,0,3
34433,273,27
34434,357,36
34435,308,37
34436,0,3
34437,0,3
34438,323,42
34439,239,32
34440,350,36
34441,0,3
34442,226,33
34443,234,28
34444,0,3
34445,0,3
34446,0,3
34447,103,13
34448,222,23
34449,183,25
34450,279,36
34451,143,25
34452,254,33
34453,129,19
34454,170,22
34455,205,24
34456,372,35
34457,186,21
34458,203,31
34459,0,3
34460,327,32
34461,0,3
34462,361,15
34463,0,3
34464,0,3
34465,0,3
34466,197,30
34467,226,31
34468,525,29
34469,245,35
34470,0,3
34471,150,28
34472,0,3
34473,0,3
34474,321,44
34475,278,36
34476,0,3
34477,0,3
34478,289,35
34479,202,28
34480,0,3
34481,72,11
34482,0,3
34483,0,3
34484,196,19
34485,0,3
34486,243,32
34487,0,3
34488,159,26
34489,225,24
34490,0,3
34491,179,21
34492,79,13
34493,0,3
34494,390,50
34495,287,30
34496,185,27
34497,0,3
34498,243,24
34499,121,17
34500,322,40
34501,284,35
34502,0,3
34503,377,42
34504,247,28
34505,350,41
34506,131,19
34507,0,3
34508,0,3
34509,0,3
34510,376,39
34511,328,41
34512,0,3
34513,281,29
34514,133,17
34515,0,3
34516,0,3
34517,183,20
34518,282,35
34519,134,18
34520,0,3
34521,0,3
34522,225,28
34523,301,32
34524,0,3
34525,0,3
34526,285,38
34527,0,3
34528,160,24
34529,0,3
34530,369,33
34531,0,3
34532,235,31
34533,0,3
34534,0,3
34535,0,3
34536,0,3
34537,197,32
34538,240,34
34539,0,3
34540,363,39
34541,282,39
34542,314,35
34543,0,3
34544,202,25
34545,230,28
34546,206,24
34547,172,26
34548,349,33
34549,0,3
34550,0,3
34551,293,37
34552,361,35
34553,0,3
34554,0,3
34555,0,3
34556,236,33
34557,0,3
34558,0,3
34559,0,3
34560,589,21
34561,0,3
34562,0,3
34563,245,30
34564,109,15
34565,186,28
34566,148,23
34567,0,3
34568,0,3
34569,0,3
34570,0,3
34571,0,3
34572,288,34
34573,239,27
34574,166,18
34575,198,21
34576,223,30
34577,0,3
34578,0,3
34579,0,3
34580,117,19
34581,79,14
34582,0,3
34583,370,29
34584,132,16
34585,99,18
34586,168,24
34587,0,3
34588,206,25
34589,238,31
34590,138,17
34591,70,15
34592,0,3
34593,165,24
34594,265,30
34595,0,3
34596,394,42
34597,0,3
34598,208,26
34599,175,20
34600,110,16
34601,0,3
34602,0,3
34603,0,3
34604,184,22
34605,241,33
34606,186,25
34607,224,28
34608,225,34
34609,0,3
34610,258,30
34611,0,3
34612,108,15
34613,0,3
34614,122,21
34615,0,3
34616,0,3
34617,0,3
34618,0,3
34619,155,25
34620,0,3
34621,0,3
34622,0,3
34623,228,26
34624,0,3
34625,174,26
34626,0,3
34627,0,3
34628,259,31
34629,211,24
34630,520,23
34631,231,36
34632,0,3
34633,0,3
34634,219,32
34635,258,26
34636,0,3
34637,0,3
34638,279,34
34639,0,3
34640,806,25
34641,0,3
34642,0,3
34643,578,45
34644,0,3
34645,0,3
34646,25,6
34647,0,3
34648,0,3
34649,191,23
34650,323,27
34651,126,16
34652,184,23
34653,226,31
34654,0,3
34655,212,21
34656,541,35
34657,125,19
34658,223,28
34659,315,26
34660,185,22
34661,205,31
34662,0,3
34663,232,33
34664,0,3
34665,0,3
34666,205,23
34667,227,28
34668,0,3
34669,149,19
34670,287,37
34671,226,30
34672,0,3
34673,169,25
34674,243,32
34675,109,18
34676,176,25
34677,216,35
34678,150,31
34679,131,22
34680,277,34
34681,308,33
34682,252,26
34683,205,28
34684,230,27
34685,490,37
34686,174,20
34687,257,34
34688,295,24
34689,539,34
34690,0,3
34691,0,3
34692,382,25
34693,203,28
34694,0,3
34695,227,27
34696,0,3
34697,258,39
34698,0,3
34699,0,3
34700,0,3
34701,133,23
34702,144,25
34703,0,3
34704,0,3
34705,0,3
34706,155,22
34707,237,27
34708,0,3
34709,231,30
34710,190,21
34711,0,3
34712,817,41
34713,118,19
34714,333,31
34715,259,29
34716,293,28
34717,0,3
34718,253,27
34719,181,24
34720,234,26
34721,260,36
34722,0,3
34723,0,3
34724,204,27
34725,246,24
34726,213,20
34727,0,3
34728,205,30
34729,267,20
34730,239,30
34731,274,25
34732,0,3
34733,173,20
34734,244,31
34735,258,27
34736,214,23
34737,0,3
34738,229,26
34739,312,34
34740,0,3
34741,0,3
34742,232,27
34743,151,20
34744,228,30
34745,187,23
34746,267,36
34747,191,26
34748,146,18
34749,538,29
34750,76,14
34751,0,3
34752,0,3
34753,0,3
34754,194,32
34755,279,39
34756,284,39
34757,124,17
34758,0,3
34759,159,20
34760,173,25
34761,0,3
34762,280,35
34763,276,33
34764,290,36
34765,263,36
34766,243,27
34767,396,27
34768,145,18
34769,134,20
34770,163,22
34771,212,31
34772,238,28
34773,273,37
34774,192,21
34775,220,28
34776,0,3
34777,402,37
34778,153,21
34779,93,13
34780,641,31
34781,174,26
34782,163,22
34783,290,39
34784,0,3
34785,180,21
34786,165,25
34787,160,16
34788,200,25
34789,156,20
34790,315,33
34791,0,3
34792,157,23
34793,218,25
34794,0,3
34795,235,35
34796,354,32
34797,146,19
34798,0,3
34799,249,28
34800,267,28
34801,171,23
34802,113,23
34803,0,3
34804,174,24
34805,302,38
34806,272,29
34807,219,29
34808,168,21
34809,0,3
34810,496,22
34811,213,30
34812,0,3
34813,0,3
34814,0,3
34815,0,3
34816,0,3
34817,172,23
34818,0,3
34819,96,17
34820,224,32
34821,143,22
34822,0,3
34823,0,3
34824,181,28
34825,0,3
34826,245,34
34827,0,3
34828,281,28
34829,398,36
34830,220,39
34831,0,3
34832,214,33
34833,0,3
34834,136,17
34835,108,15
34836,0,3
34837,175,19
34838,284,35
34839,199,25
34840,290,31
34841,288,36
34842,238,28
34843,221,31
34844,142,24
34845,327,36
34846,207,31
34847,364,36
34848,177,26
34849,106,17
34850,291,32
34851,0,3
34852,301,24
34853,114,21
34854,347,36
34855,0,3
34856,264,36
34857,160,18
34858,0,3
34859,173,22
34860,0,3
34861,0,3
34862,122,15
34863,224,37
34864,199,28
34865,177,29
34866,0,3
34867,513,32
34868,140,18
34869,264,31
34870,0,3
34871,0,3
34872,0,3
34873,207,31
34874,290,34
34875,213,27
34876,239,28
34877,300,41
34878,173,26
34879,207,28
34880,252,26
34881,0,3
34882,125,23
34883,0,3
34884,0,3
34885,123,20
34886,266,35
34887,0,3
34888,0,3
34889,281,36
34890,172,20
34891,270,29
34892,137,20
34893,257,35
34894,255,35
34895,223,29
34896,292,36
34897,0,3
34898,269,25
34899,241,31
34900,0,3
34901,290,32
34902,0,3
34903,205,30
34904,223,33
34905,211,19
34906,237,29
34907,0,3
34908,145,23
34909,308,31
34910,283,33
34911,0,3
34912,176,25
34913,0,3
34914,0,3
34915,0,3
34916,142,21
34917,0,3
34918,210,28
34919,264,31
34920,0,3
34921,0,3
34922,234,29
34923,384,34
34924,209,28
34925,0,3
34926,0,3
34927,171,26
34928,233,27
34929,0,3
34930,0,3
34931,264,28
34932,0,3
34933,0,3
34934,268,29
34935,174,17
34936,259,25
34937,0,3
34938,139,20
34939,270,37
34940,0,3
34941,262,36
34942,126,18
34943,604,28
34944,0,3
34945,0,3
34946,277,30
34947,202,29
34948,0,3
34949,161,22
34950,328,34
34951,362,35
34952,0,3
34953,185,28
34954,0,3
34955,0,3
34956,214,33
34957,226,26
34958,226,28
34959,155,28
34960,192,25
34961,0,3
34962,0,3
34963,227,28
34964,158,20
34965,386,36
34966,231,30
34967,52,11
34968,114,17
34969,156,22
34970,135,22
34971,215,23
34972,388,37
34973,163,19
34974,0,3
34975,353,42
34976,229,29
34977,0,3
34978,219,25
34979,119,15
34980,0,3
34981,271,31
34982,452,32
34983,0,3
34984,0,3
34985,218,28
34986,272,33
34987,339,46
34988,0,3
34989,0,3
34990,0,3
34991,0,3
34992,36,9
34993,104,19
34994,0,3
34995,175,24
34996,224,25
34997,0,3
34998,340,39
34999,285,36
35000,0,3
35001,298,41
35002,277,27
35003,301,35
35004,251,34
35005,0,3
35006,283,36
35007,276,34
35008,199,30
35009,0,3
35010,102,19
35011,269,31
35012,0,3
35013,491,29
35014,329,31
35015,181,23
35016,0,3
35017,409,22
35018,0,3
35019,214,26
35020,208,32
35021,0,3
35022,159,20
35023,207,23
35024,0,3
35025,0,3
35026,251,28
35027,360,37
35028,0,3
35029,149,26
35030,0,3
35031,282,24
35032,252,35
35033,101,16
35034,201,27
35035,0,3
35036,0,3
35037,0,3
35038,160,25
35039,0,3
35040,181,28
35041,0,3
35042,237,32
35043,474,37
35044,173,20
35045,134,24
35046,236,30
35047,0,3
35048,0,3
35049,336,40
35050,150,17
35051,131,24
35052,262,29
35053,0,3
35054,233,26
35055,128,18
35056,195,26
35057,0,3
35058,218,27
35059,196,28
35060,0,3
35061,349,28
35062,324,38
35063,0,3
35064,0,3
35065,191,23
35066,166,25
35067,0,3
35068,346,34
35069,0,3
35070,185,30
35071,0,3
35072,0,3
35073,311,41
35074,0,3
35075,0,3
35076,318,37
35077,0,3
35078,0,3
35079,548,27
35080,93,15
35081,253,27
35082,312,29
35083,208,29
35084,264,33
35085,0,3
35086,194,25
35087,0,3
35088,169,19
35089,52,11
35090,0,3
35091,125,23
35092,176,23
35093,186,20
35094,293,35
35095,0,3
35096,270,24
35097,270,30
35098,0,3
35099,198,23
35100,191,19
35101,0,3
35102,139,21
35103,300,41
35104,207,29
35105,0,3
35106,312,30
35107,0,3
35108,196,26
35109,216,29
35110,192,23
35111,0,3
35112,0,3
35113,240,25
35114,269,30
35115,201,24
35116,144,20
35117,141,27
35118,174,26
35119,0,3
35120,299,27
35121,220,27
35122,0,3
35123,232,30
35124,225,28
35125,0,3
35126,312,26
35127,351,39
35128,228,30
35129,211,25
35130,371,36
35131,339,37
35132,233,27
35133,295,30
35134,0,3
35135,174,19
35136,249,28
35137,244,36
35138,218,28
35139,0,3
35140,219,31
35141,168,26
35142,362,31
35143,0,3
35144,328,13
35145,185,24
35146,0,3
35147,228,26
35148,102,15
35149,377,49
35150,0,3
35151,0,3
35152,0,3
35153,149,21
35154,376,30
35155,0,3
35156,0,3
35157,284,28
35158,229,33
35159,267,29
35160,222,28
35161,209,31
35162,158,23
35163,367,40
35164,126,22
35165,0,3
35166,256,28
35167,137,17
35168,222,29
35169,400,39
35170,0,3
35171,0,3
35172,224,26
35173,102,16
35174,152,21
35175,0,3
35176,68,18
35177,305,25
35178,0,3
35179,357,33
35180,223,20
35181,196,18
35182,0,3
35183,155,24
35184,215,31
35185,292,34
35186,200,19
35187,364,46
35188,288,28
35189,176,20
35190,211,26
35191,0,3
35192,0,3
35193,0,3
35194,0,3
35195,240,32
35196,0,3
35197,155,18
35198,0,3
35199,286,31
35200,249,30
35201,257,36
35202,0,3
35203,0,3
35204,0,3
35205,0,3
35206,260,32
35207,175,25
35208,0,3
35209,0,3
35210,151,20
35211,244,31
35212,0,3
35213,275,33
35214,109,18
35215,181,24
35216,136,24
35217,325,36
35218,0,3
35219,0,3
35220,357,35
35221,205,26
35222,0,3
35223,0,3
35224,217,30
35225,0,3
35226,217,27
35227,221,30
35228,407,18
35229,101,16
35230,323,38
35231,0,3
35232,251,26
35233,214,21
35234,185,24
35235,0,3
35236,0,3
35237,175,21
35238,213,17
35239,0,3
35240,0,3
35241,163,27
35242,0,3
35243,202,27
35244,430,18
35245,247,25
35246,288,33
35247,0,3
35248,237,36
35249,0,3
35250,235,26
35251,0,3
35252,207,27
35253,0,3
35254,0,3
35255,187,23
35256,0,3
35257,0,3
35258,169,27
35259,186,26
35260,0,3
35261,0,3
35262,0,3
35263,0,3
35264,0,3
35265,289,34
35266,220,25
35267,0,3
35268,0,3
35269,296,31
35270,450,39
35271,0,3
35272,0,3
35273,197,28
35274,367,30
35275,220,34
35276,0,3
35277,0,3
35278,151,20
35279,0,3
35280,229,24
35281,226,27
35282,122,18
35283,0,3
35284,183,25
35285,0,3
35286,0,3
35287,277,28
35288,0,3
35289,219,17
35290,154,21
35291,0,3
35292,922,38
35293,216,25
35294,131,21
35295,244,30
35296,0,3
35297,154,22
35298,190,26
35299,0,3
35300,553,28
35301,223,29
35302,0,3
35303,141,21
35304,0,3
35305,0,3
35306,238,28
35307,150,27
35308,0,3
35309,0,3
35310,0,3
35311,0,3
35312,32,9
35313,238,31
35314,0,3
35315,205,24
35316,0,3
35317,152,19
35318,0,3
35319,238,19
35320,0,3
35321,0,3
35322,265,34
35323,0,3
35324,193,24
35325,0,3
35326,386,23
35327,0,3
35328,284,29
35329,0,3
35330,0,3
35331,0,3
35332,207,26
35333,0,3
35334,0,3
35335,231,28
35336,144,20
35337,0,3
35338,211,25
35339,103,17
35340,220,22
35341,0,3
35342,235,24
35343,284,37
35344,430,30
35345,0,3
35346,0,3
35347,153,25
35348,0,3
35349,169,15
35350,0,3
35351,108,18
35352,264,20
35353,345,38
35354,202,23
35355,70,11
35356,85,17
35357,180,25
35358,197,34
35359,133,16
35360,241,32
35361,134,21
35362,146,18
35363,0,3
35364,0,3
35365,118,16
35366,0,3
35367,0,3
35368,356,22
35369,0,3
35370,341,34
35371,232,26
35372,0,3
35373,325,23
35374,296,35
35375,673,34
35376,190,25
35377,0,3
35378,122,17
35379,0,3
35380,0,3
35381,0,3
35382,224,30
35383,121,15
35384,0,3
35385,155,23
35386,192,21
35387,0,3
35388,275,33
35389,161,20
35390,0,3
35391,212,25
35392,112,22
35393,163,23
35394,134,15
35395,0,3
35396,235,34
35397,258,33
35398,0,3
35399,139,22
35400,261,33
35401,218,26
35402,215,26
35403,262,34
35404,0,3
35405,251,35
35406,0,3
35407,266,37
35408,269,29
35409,275,31
35410,237,28
35411,124,23
35412,152,18
35413,0,3
35414,0,3
35415,470,33
35416,0,3
35417,0,3
35418,0,3
35419,0,3
35420,0,3
35421,233,27
35422,0,3
35423,129,21
35424,120,19
35425,54,10
35426,0,3
35427,0,3
35428,124,20
35429,388,20
35430,0,3
35431,132,16
35432,170,27
35433,0,3
35434,397,32
35435,0,3
35436,217,27
35437,173,31
35438,176,17
35439,274,30
35440,31,10
35441,0,3
35442,201,29
35443,0,3
35444,459,27
35445,290,36
35446,258,33
35447,178,23
35448,175,27
35449,90,16
35450,331,38
35451,0,3
35452,177,19
35453,264,31
35454,373,39
35455,0,3
35456,263,31
35457,283,41
35458,382,47
35459,312,37
35460,150,27
35461,213,33
35462,0,3
35463,200,23
35464,206,24
35465,0,3
35466,281,32
35467,0,3
35468,250,35
35469,261,34
35470,227,29
35471,332,36
35472,275,36
35473,248,31
35474,0,3
35475,0,3
35476,210,23
35477,0,3
35478,472,40
35479,352,45
35480,0,3
35481,158,18
35482,211,26
35483,187,29
35484,189,26
35485,226,28
35486,168,25
35487,177,27
35488,109,14
35489,267,33
35490,339,32
35491,0,3
35492,0,3
35493,0,3
35494,148,19
35495,192,31
35496,204,29
35497,253,31
35498,0,3
35499,0,3
35500,0,3
35501,0,3
35502,0,3
35503,268,25
35504,0,3
35505,171,23
35506,0,3
35507,105,15
35508,0,3
35509,259,37
35510,178,28
35511,230,30
35512,0,3
35513,285,31
35514,0,3
35515,80,14
35516,0,3
35517,179,27
35518,231,33
35519,0,3
35520,154,22
35521,0,3
35522,0,3
35523,165,22
35524,0,3
35525,0,3
35526,204,22
35527,0,3
35528,282,29
35529,0,3
35530,151,23
35531,0,3
35532,0,3
35533,236,31
35534,216,22
35535,240,28
35536,429,20
35537,0,3
35538,193,29
35539,236,29
35540,0,3
35541,0,3
35542,0,3
35543,126,19
35544,207,28
35545,301,30
35546,253,25
35547,0,3
35548,0,3
35549,0,3
35550,190,28
35551,0,3
35552,194,25
35553,0,3
35554,270,32
35555,0,3
35556,0,3
35557,190,25
35558,0,3
35559,0,3
35560,67,13
35561,274,33
35562,217,29
35563,0,3
35564,0,3
35565,185,24
35566,0,3
35567,277,34
35568,213,22
35569,0,3
35570,0,3
35571,156,27
35572,0,3
35573,0,3
35574,221,33
35575,334,42
35576,261,40
35577,428,17
35578,0,3
35579,196,27
35580,238,29
35581,0,3
35582,232,28
35583,188,26
35584,0,3
35585,208,30
35586,217,26
35587,578,30
35588,206,27
35589,0,3
35590,219,29
35591,0,3
35592,254,33
35593,109,17
35594,219,24
35595,0,3
35596,191,25
35597,356,27
35598,194,25
35599,130,21
35600,187,25
35601,0,3
35602,285,32
35603,206,25
35604,0,3
35605,0,3
35606,0,3
35607,353,33
35608,64,10
35609,244,33
35610,222,31
35611,386,43
35612,431,27
35613,0,3
35614,0,3
35615,365,34
35616,225,30
35617,0,3
35618,556,44
35619,0,3
35620,223,27
35621,0,3
35622,0,3
35623,183,32
35624,0,3
35625,194,22
35626,294,24
35627,0,3
35628,463,17
35629,244,31
35630,0,3
35631,0,3
35632,164,26
35633,0,3
35634,125,21
35635,283,40
35636,317,25
35637,0,3
35638,282,39
35639,152,19
35640,293,36
35641,0,3
35642,0,3
35643,257,30
35644,187,30
35645,0,3
35646,212,21
35647,144,15
35648,169,24
35649,221,27
35650,279,36
35651,181,29
35652,55,11
35653,241,35
35654,0,3
35655,0,3
35656,131,23
35657,214,26
35658,166,19
35659,267,36
35660,125,19
35661,217,31
35662,194,25
35663,0,3
35664,169,22
35665,213,28
35666,186,26
35667,0,3
35668,223,34
35669,565,11
35670,149,22
35671,175,24
35672,161,21
35673,213,27
35674,259,26
35675,219,27
35676,0,3
35677,0,3
35678,0,3
35679,240,28
35680,95,21
35681,0,3
35682,0,3
35683,295,37
35684,0,3
35685,0,3
35686,155,23
35687,228,31
35688,0,3
35689,257,26
35690,205,23
35691,0,3
35692,0,3
35693,0,3
35694,246,38
35695,245,33
35696,324,31
35697,0,3
35698,262,35
35699,429,24
35700,415,30
35701,190,26
35702,903,36
35703,231,28
35704,0,3
35705,144,26
35706,281,34
35707,247,34
35708,210,23
35709,0,3
35710,260,23
35711,0,3
35712,164,22
35713,0,3
35714,214,26
35715,240,24
35716,148,22
35717,224,28
35718,472,26
35719,0,3
35720,169,26
35721,519,19
35722,129,21
35723,358,25
35724,0,3
35725,0,3
35726,240,34
35727,0,3
35728,0,3
35729,161,26
35730,0,3
35731,0,3
35732,245,36
35733,211,31
35734,231,29
35735,130,18
35736,193,28
35737,0,3
35738,0,3
35739,0,3
35740,244,33
35741,153,20
35742,187,23
35743,142,20
35744,0,3
35745,474,32
35746,0,3
35747,274,30
35748,153,23
35749,0,3
35750,0,3
35751,218,27
35752,308,30
35753,153,22
35754,242,29
35755,65,11
35756,0,3
35757,0,3
35758,165,22
35759,169,22
35760,207,25
35761,0,3
35762,154,19
35763,0,3
35764,259,28
35765,0,3
35766,0,3
35767,282,41
35768,152,19
35769,0,3
35770,0,3
35771,139,21
35772,0,3
35773,0,3
35774,210,21
35775,289,43
35776,209,26
35777,0,3
35778,0,3
35779,0,3
35780,192,23
35781,109,19
35782,157,20
35783,129,18
35784,0,3
35785,274,34
35786,187,22
35787,271,23
35788,201,23
35789,0,3
35790,0,3
35791,253,39
35792,0,3
35793,682,22
35794,283,35
35795,127,19
35796,179,25
35797,147,23
35798,0,3
35799,85,9
35800,215,22
35801,0,3
35802,130,20
35803,332,44
35804,251,31
35805,175,18
35806,264,27
35807,0,3
35808,0,3
35809,0,3
35810,247,29
35811,271,35
35812,265,36
35813,139,21
35814,204,26
35815,0,3
35816,234,30
35817,0,3
35818,271,33
35819,162,17
35820,147,17
35821,213,30
35822,0,3
35823,82,15
35824,0,3
35825,0,3
35826,0,3
35827,170,25
35828,0,3
35829,199,18
35830,0,3
35831,0,3
35832,324,37
35833,213,25
35834,186,24
35835,199,32
35836,170,29
35837,0,3
35838,268,24
35839,0,3
35840,212,29
35841,0,3
35842,155,23
35843,201,31
35844,0,3
35845,0,3
35846,217,33
35847,250,25
35848,374,44
35849,0,3
35850,232,31
35851,0,3
35852,185,27
35853,258,33
35854,735,24
35855,158,26
35856,0,3
35857,175,28
35858,109,16
35859,0,3
35860,204,30
35861,190,25
35862,0,3
35863,147,23
35864,326,35
35865,232,29
35866,269,25
35867,0,3
35868,206,29
35869,0,3
35870,85,17
35871,349,41
35872,0,3
35873,174,21
35874,267,36
35875,258,28
35876,220,27
35877,0,3
35878,235,30
35879,0,3
35880,0,3
35881,189,30
35882,169,25
35883,267,32
35884,369,39
35885,114,20
35886,271,31
35887,0,3
35888,297,33
35889,0,3
35890,174,29
35891,0,3
35892,0,3
35893,179,24
35894,0,3
35895,526,25
35896,0,3
35897,198,26
35898,319,42
35899,127,19
35900,621,22
35901,0,3
35902,122,20
35903,299,35
35904,110,17
35905,241,32
35906,228,23
35907,251,31
35908,315,39
35909,0,3
35910,200,26
35911,245,22
35912,0,3
35913,245,31
35914,212,29
35915,252,20
35916,594,31
35917,151,17
35918,216,21
35919,162,23
35920,291,30
35921,326,34
35922,194,17
35923,217,29
35924,0,3
35925,217,29
35926,193,22
35927,261,32
35928,507,32
35929,0,3
35930,0,3
35931,374,38
35932,173,27
35933,323,39
35934,0,3
35935,0,3
35936,363,48
35937,0,3
35938,90,16
35939,298,33
35940,448,41
35941,0,3
35942,132,15
35943,238,22
35944,0,3
35945,149,21
35946,0,3
35947,173,24
35948,0,3
35949,0,3
35950,0,3
35951,250,31
35952,383,42
35953,0,3
35954,0,3
35955,254,30
35956,432,41
35957,340,39
35958,0,3
35959,166,24
35960,0,3
35961,0,3
35962,219,29
35963,206,28
35964,0,3
35965,0,3
35966,332,36
35967,235,30
35968,0,3
35969,0,3
35970,410,32
35971,233,33
35972,403,46
35973,0,3
35974,198,27
35975,204,24
35976,0,3
35977,139,11
35978,231,29
35979,264,34
35980,224,26
35981,449,28
35982,341,39
35983,154,20
35984,0,3
35985,205,25
35986,309,35
35987,0,3
35988,156,21
35989,216,27
35990,187,24
35991,112,21
35992,126,15
35993,0,3
35994,0,3
35995,0,3
35996,148,20
35997,0,3
35998,258,33
35999,229,25
36000,222,32
36001,317,35
36002,295,25
36003,0,3
36004,192,25
36005,259,33
36006,319,28
36007,247,29
36008,165,22
36009,199,30
36010,155,19
36011,175,33
36012,294,29
36013,317,30
36014,305,38
36015,192,30
36016,98,19
36017,198,25
36018,250,28
36019,453,33
36020,0,3
36021,195,24
36022,0,3
36023,204,27
36024,261,34
36025,0,3
36026,215,29
36027,911,32
36028,0,3
36029,0,3
36030,283,32
36031,0,3
36032,321,23
36033,241,26
36034,129,22
36035,230,30
36036,0,3
36037,266,32
36038,0,3
36039,252,28
36040,264,28
36041,0,3
36042,164,27
36043,278,33
36044,0,3
36045,224,31
36046,331,38
36047,217,26
36048,186,30
36049,292,38
36050,0,3
36051,229,32
36052,0,3
36053,205,28
36054,0,3
36055,0,3
36056,0,3
36057,297,25
36058,338,42
36059,0,3
36060,0,3
36061,436,37
36062,244,31
36063,271,33
36064,258,28
36065,171,23
36066,0,3
36067,161,22
36068,192,27
36069,0,3
36070,171,21
36071,158,20
36072,180,26
36073,299,32
36074,154,26
36075,0,3
36076,49,12
36077,340,43
36078,205,26
36079,0,3
36080,239,32
36081,0,3
36082,238,35
36083,289,39
36084,297,39
36085,0,3
36086,248,29
36087,356,40
36088,259,35
36089,265,34
36090,192,28
36091,0,3
36092,252,32
36093,0,3
36094,0,3
36095,267,25
36096,0,3
36097,181,25
36098,288,41
36099,134,18
36100,0,3
36101,219,28
36102,0,3
36103,0,3
36104,233,29
36105,248,35
36106,202,26
36107,336,39
36108,176,19
36109,158,24
36110,218,26
36111,190,21
36112,0,3
36113,0,3
36114,238,33
36115,0,3
36116,72,15
36117,883,34
36118,219,26
36119,256,35
36120,92,15
36121,432,30
36122,0,3
36123,220,30
36124,243,36
36125,0,3
36126,287,34
36127,0,3
36128,238,29
36129,151,22
36130,0,3
36131,0,3
36132,0,3
36133,0,3
36134,229,26
36135,190,25
36136,0,3
36137,0,3
36138,249,31
36139,238,26
36140,242,28
36141,167,26
36142,95,17
36143,0,3
36144,267,38
36145,0,3
36146,305,39
36147,179,22
36148,804,36
36149,257,26
36150,189,29
36151,262,33
36152,0,3
36153,260,30
36154,0,3
36155,332,42
36156,68,14
36157,192,22
36158,285,35
36159,0,3
36160,0,3
36161,261,30
36162,0,3
36163,206,21
36164,216,33
36165,161,20
36166,151,19
36167,208,31
36168,162,18
36169,318,35
36170,305,40
36171,317,46
36172,279,36
36173,341,44
36174,170,25
36175,144,18
36176,109,17
36177,259,35
36178,180,24
36179,188,32
36180,279,20
36181,297,46
36182,0,3
36183,286,28
36184,298,37
36185,0,3
36186,0,3
36187,0,3
36188,0,3
36189,93,14
36190,0,3
36191,0,3
36192,0,3
36193,121,17
36194,160,22
36195,192,31
36196,0,3
36197,0,3
36198,543,31
36199,336,32
36200,0,3
36201,18,5
36202,0,3
36203,0,3
36204,143,23
36205,206,28
36206,0,3
36207,689,34
36208,0,3
36209,252,30
36210,182,10
36211,274,37
36212,0,3
36213,143,20
36214,163,27
36215,0,3
36216,192,25
36217,0,3
36218,250,32
36219,231,30
36220,89,14
36221,301,35
36222,0,3
36223,0,3
36224,0,3
36225,188,21
36226,140,16
36227,0,3
36228,0,3
36229,252,33
36230,375,26
36231,0,3
36232,176,25
36233,147,21
36234,231,28
36235,363,39
36236,341,22
36237,0,3
36238,278,32
36239,134,18
36240,361,23
36241,215,27
36242,294,45
36243,0,3
36244,219,28
36245,165,27
36246,0,3
36247,0,3
36248,156,21
36249,230,36
36250,310,36
36251,239,31
36252,0,3
36253,325,31
36254,0,3
36255,0,3
36256,0,3
36257,0,3
36258,171,18
36259,633,29
36260,241,32
36261,188,22
36262,0,3
36263,90,14
36264,0,3
36265,255,31
36266,194,26
36267,200,30
36268,0,3
36269,0,3
36270,0,3
36271,0,3
36272,181,27
36273,309,31
36274,0,3
36275,442,20
36276,0,3
36277,231,26
36278,0,3
36279,168,16
36280,0,3
36281,214,25
36282,286,26
36283,169,23
36284,443,40
36285,0,3
36286,195,31
36287,344,32
36288,284,36
36289,618,25
36290,0,3
36291,274,35
36292,0,3
36293,278,29
36294,177,26
36295,0,3
36296,201,35
36297,194,30
36298,292,34
36299,0,3
36300,298,34
36301,237,34
36302,178,24
36303,147,16
36304,0,3
36305,0,3
36306,231,30
36307,138,18
36308,0,3
36309,0,3
36310,256,29
36311,0,3
36312,296,44
36313,0,3
36314,138,20
36315,0,3
36316,0,3
36317,203,24
36318,0,3
36319,208,31
36320,0,3
36321,206,27
36322,0,3
36323,0,3
36324,0,3
36325,149,26
36326,122,20
36327,0,3
36328,246,31
36329,257,30
36330,0,3
36331,0,3
36332,81,14
36333,258,23
36334,0,3
36335,298,37
36336,153,25
36337,148,21
36338,224,29
36339,162,25
36340,237,28
36341,0,3
36342,256,30
36343,278,33
36344,248,28
36345,231,27
36346,0,3
36347,0,3
36348,276,32
36349,0,3
36350,216,30
36351,0,3
36352,0,3
36353,0,3
36354,0,3
36355,319,40
36356,658,40
36357,144,19
36358,0,3
36359,0,3
36360,0,3
36361,0,3
36362,0,3
36363,259,38
36364,260,32
36365,0,3
36366,0,3
36367,294,29
36368,0,3
36369,0,3
36370,224,31
36371,167,25
36372,185,23
36373,151,20
36374,305,33
36375,175,22
36376,0,3
36377,0,3
36378,265,23
36379,0,3
36380,252,33
36381,276,27
36382,195,26
36383,0,3
36384,331,36
36385,252,36
36386,0,3
36387,202,21
36388,247,27
36389,185,29
36390,0,3
36391,236,37
36392,0,3
36393,211,24
36394,0,3
36395,0,3
36396,180,23
36397,0,3
36398,155,20
36399,284,27
36400,0,3
36401,317,29
36402,0,3
36403,101,14
36404,175,25
36405,164,23
36406,235,33
36407,0,3
36408,78,10
36409,244,24
36410,0,3
36411,378,32
36412,0,3
36413,238,25
36414,161,17
36415,0,3
36416,138,20
36417,389,32
36418,395,44
36419,117,20
36420,0,3
36421,0,3
36422,0,3
36423,1,4
36424,0,3
36425,0,3
36426,226,24
36427,106,16
36428,0,3
36429,0,3
36430,236,22
36431,0,3
36432,0,3
36433,0,3
36434,0,3
36435,284,41
36436,226,21
36437,299,31
36438,260,31
36439,196,20
36440,174,25
36441,300,40
36442,0,3
36443,156,22
36444,0,3
36445,0,3
36446,347,38
36447,248,28
36448,202,30
36449,0,3
36450,242,33
36451,0,3
36452,217,23
36453,239,32
36454,159,19
36455,0,3
36456,249,41
36457,220,28
36458,271,44
36459,275,29
36460,476,32
36461,0,3
36462,298,27
36463,0,3
36464,204,27
36465,222,25
36466,166,22
36467,155,18
36468,0,3
36469,238,29
36470,0,3
36471,233,36
36472,243,30
36473,0,3
36474,0,3
36475,181,28
36476,171,19
36477,165,23
36478,127,20
36479,0,3
36480,185,17
36481,195,29
36482,0,3
36483,0,3
36484,224,28
36485,196,29
36486,250,30
36487,174,25
36488,165,25
36489,222,29
36490,366,44
36491,108,14
36492,440,30
36493,227,28
36494,246,27
36495,0,3
36496,0,3
36497,196,24
36498,225,37
36499,0,3
36500,0,3
36501,0,3
36502,0,3
36503,233,28
36504,0,3
36505,0,3
36506,0,3
36507,479,36
36508,347,31
36509,296,33
36510,0,3
36511,103,18
36512,335,44
36513,177,16
36514,257,29
36515,0,3
36516,157,19
36517,139,20
36518,286,31
36519,219,26
36520,0,3
36521,229,30
36522,272,29
36523,277,36
36524,0,3
36525,709,32
36526,0,3
36527,215,31
36528,181,25
36529,0,3
36530,331,39
36531,0,3
36532,267,34
36533,203,24
36534,269,31
36535,0,3
36536,211,28
36537,169,26
36538,177,23
36539,192,23
36540,0,3
36541,0,3
36542,38,4
36543,233,27
36544,0,3
36545,0,3
36546,239,30
36547,309,32
36548,164,28
36549,0,3
36550,292,32
36551,228,26
36552,261,29
36553,295,27
36554,132,16
36555,122,16
36556,0,3
36557,210,28
36558,174,20
36559,176,23
36560,185,23
36561,214,23
36562,225,33
36563,0,3
36564,314,35
36565,294,24
36566,297,36
36567,639,29
36568,239,30
36569,288,30
36570,268,26
36571,0,3
36572,287,34
36573,236,29
36574,198,29
36575,0,3
36576,243,33
36577,243,38
36578,0,3
36579,365,48
36580,0,3
36581,155,23
36582,0,3
36583,112,19
36584,0,3
36585,194,25
36586,0,3
36587,0,3
36588,256,23
36589,166,24
36590,332,42
36591,202,22
36592,485,46
36593,206,19
36594,226,24
36595,643,32
36596,214,32
36597,147,21
36598,186,18
36599,128,20
36600,0,3
36601,171,23
36602,0,3
36603,297,29
36604,285,38
36605,233,32
36606,218,23
36607,230,34
36608,306,41
36609,321,16
36610,236,34
36611,593,48
36612,274,30
36613,0,3
36614,0,3
36615,0,3
36616,0,3
36617,138,24
36618,294,36
36619,211,31
36620,0,3
36621,160,21
36622,0,3
36623,140,20
36624,247,33
36625,275,34
36626,0,3
36627,207,27
36628,277,34
36629,0,3
36630,134,17
36631,72,17
36632,0,3
36633,0,3
36634,188,23
36635,100,14
36636,735,35
36637,0,3
36638,143,20
36639,0,3
36640,131,24
36641,129,17
36642,314,29
36643,139,20
36644,209,29
36645,0,3
36646,405,34
36647,187,22
36648,301,32
36649,199,26
36650,0,3
36651,378,40
36652,139,20
36653,243,34
36654,401,40
36655,216,32
36656,243,33
36657,286,33
36658,0,3
36659,179,20
36660,0,3
36661,0,3
36662,277,26
36663,156,28
36664,0,3
36665,0,3
36666,234,27
36667,195,21
36668,0,3
36669,0,3
36670,158,22
36671,0,3
36672,0,3
36673,150,22
36674,283,30
36675,0,3
36676,460,32
36677,254,32
36678,298,31
36679,359,36
36680,0,3
36681,256,32
36682,257,35
36683,256,37
36684,180,25
36685,0,3
36686,300,32
36687,283,31
36688,266,33
36689,294,33
36690,316,30
36691,107,14
36692,159,19
36693,128,20
36694,204,25
36695,0,3
36696,192,22
36697,225,29
36698,291,31
36699,163,24
36700,312,42
36701,821,46
36702,130,21
36703,0,3
36704,146,21
36705,0,3
36706,0,3
36707,0,3
36708,286,31
36709,0,3
36710,193,24
36711,241,31
36712,201,24
36713,114,23
36714,187,27
36715,0,3
36716,250,28
36717,0,3
36718,0,3
36719,316,38
36720,0,3
36721,323,35
36722,439,37
36723,165,19
36724,0,3
36725,164,17
36726,0,3
36727,222,35
36728,340,36
36729,147,20
36730,165,22
36731,183,24
36732,141,24
36733,201,25
36734,248,34
36735,0,3
36736,271,36
36737,84,12
36738,0,3
36739,313,33
36740,0,3
36741,194,27
36742,311,34
36743,0,3
36744,181,27
36745,0,3
36746,215,24
36747,98,16
36748,0,3
36749,213,29
36750,281,40
36751,223,28
36752,311,29
36753,250,32
36754,0,3
36755,347,35
36756,0,3
36757,440,39
36758,124,18
36759,280,34
36760,0,3
36761,294,33
36762,250,24
36763,290,30
36764,176,29
36765,206,29
36766,0,3
36767,0,3
36768,0,3
36769,0,3
36770,245,21
36771,0,3
36772,220,27
36773,176,19
36774,207,21
36775,164,24
36776,0,3
36777,0,3
36778,268,33
36779,164,22
36780,0,3
36781,257,27
36782,189,22
36783,137,22
36784,268,33
36785,122,18
36786,0,3
36787,0,3
36788,259,28
36789,381,38
36790,0,3
36791,549,35
36792,146,24
36793,148,21
36794,0,3
36795,240,28
36796,0,3
36797,128,15
36798,187,23
36799,0,3
36800,0,3
36801,196,24
36802,254,39
36803,185,30
36804,0,3
36805,319,47
36806,0,3
36807,156,22
36808,0,3
36809,0,3
36810,0,3
36811,266,35
36812,0,3
36813,212,36
36814,320,33
36815,0,3
36816,148,21
36817,0,3
36818,0,3
36819,126,18
36820,457,22
36821,226,25
36822,214,27
36823,138,19
36824,197,32
36825,120,16
36826,0,3
36827,190,28
36828,179,26
36829,0,3
36830,121,17
36831,185,23
36832,0,3
36833,0,3
36834,0,3
36835,172,26
36836,246,30
36837,0,3
36838,159,17
36839,171,19
36840,289,33
36841,196,21
36842,243,36
36843,194,35
36844,183,32
36845,0,3
36846,0,3
36847,0,3
36848,0,3
36849,118,16
36850,122,19
36851,161,21
36852,273,32
36853,92,14
36854,0,3
36855,239,38
36856,0,3
36857,198,36
36858,351,36
36859,170,21
36860,0,3
36861,0,3
36862,238,29
36863,0,3
36864,146,21
36865,75,14
36866,277,36
36867,0,3
36868,205,27
36869,237,31
36870,183,27
36871,166,21
36872,0,3
36873,0,3
36874,249,30
36875,172,22
36876,271,39
36877,231,27
36878,201,24
36879,291,35
36880,222,29
36881,0,3
36882,0,3
36883,293,36
36884,152,22
36885,0,3
36886,141,22
36887,177,25
36888,101,19
36889,271,36
36890,0,3
36891,145,19
36892,0,3
36893,0,3
36894,0,3
36895,142,16
36896,0,3
36897,214,30
36898,0,3
36899,0,3
36900,0,3
36901,206,24
36902,316,45
36903,0,3
36904,192,28
36905,0,3
36906,0,3
36907,212,31
36908,388,40
36909,243,25
36910,175,28
36911,0,3
36912,257,26
36913,181,25
36914,0,3
36915,245,33
36916,0,3
36917,148,18
36918,106,22
36919,169,30
36920,265,40
36921,0,3
36922,0,3
36923,244,25
36924,0,3
36925,0,3
36926,184,21
36927,221,25
36928,175,25
36929,308,36
36930,265,32
36931,120,15
36932,0,3
36933,26,10
36934,257,34
36935,435,46
36936,0,3
36937,190,24
36938,0,3
36939,204,28
36940,56,10
36941,61,12
36942,0,3
36943,0,3
36944,222,23
36945,129,19
36946,245,28
36947,286,35
36948,357,38
36949,0,3
36950,0,3
36951,197,30
36952,0,3
36953,167,19
36954,298,30
36955,247,35
36956,151,23
36957,143,20
36958,0,3
36959,91,18
36960,0,3
36961,220,37
36962,306,37
36963,303,39
36964,175,24
36965,0,3
36966,175,29
36967,188,31
36968,0,3
36969,0,3
36970,141,17
36971,268,38
36972,308,34
36973,123,20
36974,0,3
36975,132,15
36976,0,3
36977,0,3
36978,142,15
36979,0,3
36980,236,24
36981,0,3
36982,0,3
36983,0,3
36984,186,27
36985,0,3
36986,99,13
36987,247,29
36988,168,25
36989,214,29
36990,166,24
36991,0,3
36992,319,45
36993,221,26
36994,0,3
36995,300,38
36996,390,45
36997,270,35
36998,0,3
36999,164,23
37000,345,39
37001,340,43
37002,221,31
37003,228,28
37004,146,20
37005,147,26
37006,348,38
37007,145,27
37008,189,28
37009,196,30
37010,393,46
37011,0,3
37012,171,28
37013,241,29
37014,0,3
37015,203,26
37016,0,3
37017,231,32
37018,257,29
37019,293,33
37020,149,20
37021,172,23
37022,0,3
37023,0,3
37024,208,33
37025,0,3
37026,289,37
37027,199,27
37028,0,3
37029,358,45
37030,570,16
37031,0,3
37032,464,39
37033,0,3
37034,0,3
37035,230,34
37036,0,3
37037,224,28
37038,0,3
37039,0,3
37040,497,44
37041,0,3
37042,261,30
37043,246,33
37044,183,23
37045,0,3
37046,0,3
37047,234,37
37048,0,3
37049,159,21
37050,310,33
37051,0,3
37052,0,3
37053,361,33
37054,323,35
37055,222,21
37056,0,3
37057,330,39
37058,289,35
37059,0,3
37060,105,15
37061,207,28
37062,0,3
37063,228,29
37064,183,29
37065,317,37
37066,112,20
37067,0,3
37068,123,17
37069,298,40
37070,91,21
37071,225,29
37072,0,3
37073,186,26
37074,98,19
37075,190,23
37076,257,33
37077,0,3
37078,207,26
37079,0,3
37080,186,27
37081,220,28
37082,121,17
37083,198,22
37084,0,3
37085,208,29
37086,0,3
37087,249,31
37088,261,35
37089,0,3
37090,125,16
37091,254,26
37092,0,3
37093,253,30
37094,199,29
37095,353,39
37096,172,24
37097,60,13
37098,209,31
37099,362,17
37100,312,37
37101,0,3
37102,178,21
37103,0,3
37104,356,41
37105,369,43
37106,0,3
37107,286,33
37108,0,3
37109,136,20
37110,194,24
37111,267,27
37112,469,40
37113,265,33
37114,149,18
37115,234,32
37116,305,36
37117,0,3
37118,193,30
37119,0,3
37120,400,33
37121,305,42
37122,0,3
37123,312,37
37124,297,30
37125,571,35
37126,246,25
37127,296,33
37128,282,39
37129,158,26
37130,107,15
37131,238,25
37132,191,28
37133,268,32
37134,0,3
37135,0,3
37136,0,3
37137,294,32
37138,219,27
37139,286,14
37140,418,26
37141,0,3
37142,407,45
37143,0,3
37144,0,3
37145,338,18
37146,272,23
37147,302,32
37148,277,21
37149,101,16
37150,289,34
37151,182,25
37152,118,18
37153,201,24
37154,0,3
37155,152,20
37156,230,29
37157,152,25
37158,0,3
37159,175,21
37160,0,3
37161,241,30
37162,239,26
37163,0,3
37164,0,3
37165,225,29
37166,0,3
37167,0,3
37168,0,3
37169,145,25
37170,206,30
37171,0,3
37172,0,3
37173,0,3
37174,88,16
37175,359,21
37176,151,18
37177,254,37
37178,339,47
37179,0,3
37180,189,24
37181,219,27
37182,0,3
37183,0,3
37184,309,37
37185,758,38
37186,0,3
37187,178,27
37188,171,21
37189,253,34
37190,204,28
37191,0,3
37192,256,20
37193,191,29
37194,159,22
37195,135,16
37196,139,24
37197,256,29
37198,336,34
37199,159,20
37200,289,36
37201,0,3
37202,154,17
37203,328,22
37204,340,31
37205,0,3
37206,222,32
37207,0,3
37208,0,3
37209,343,42
37210,0,3
37211,327,37
37212,192,26
37213,191,25
37214,163,20
37215,335,33
37216,0,3
37217,222,28
37218,0,3
37219,304,29
37220,176,26
37221,221,27
37222,229,32
37223,0,3
37224,131,21
37225,159,24
37226,222,30
37227,0,3
37228,248,25
37229,219,21
37230,103,16
37231,662,25
37232,0,3
37233,0,3
37234,220,28
37235,239,35
37236,0,3
37237,0,3
37238,315,37
37239,267,38
37240,211,26
37241,283,34
37242,137,21
37243,442,22
37244,0,3
37245,212,29
37246,0,3
37247,367,31
37248,241,34
37249,209,22
37250,178,27
37251,248,37
37252,0,3
37253,0,3
37254,0,3
37255,236,31
37256,319,32
37257,0,3
37258,260,29
37259,120,20
37260,0,3
37261,0,3
37262,0,3
37263,300,36
37264,0,3
37265,0,3
37266,0,3
37267,94,16
37268,0,3
37269,0,3
37270,0,3
37271,0,3
37272,153,24
37273,261,22
37274,191,27
37275,191,22
37276,100,14
37277,266,34
37278,0,3
37279,253,32
37280,0,3
37281,227,29
37282,0,3
37283,136,13
37284,0,3
37285,0,3
37286,0,3
37287,451,19
37288,0,3
37289,573,31
37290,231,23
37291,309,39
37292,0,3
37293,338,43
37294,0,3
37295,305,36
37296,523,35
37297,189,25
37298,106,16
37299,172,22
37300,217,28
37301,323,40
37302,175,25
37303,191,30
37304,256,34
37305,194,29
37306,0,3
37307,277,29
37308,158,31
37309,211,33
37310,248,29
37311,23,10
37312,0,3
37313,115,21
37314,323,34
37315,171,22
37316,287,37
37317,76,15
37318,137,25
37319,0,3
37320,220,33
37321,552,27
37322,0,3
37323,0,3
37324,187,24
37325,177,27
37326,0,3
37327,152,18
37328,0,3
37329,0,3
37330,0,3
37331,213,28
37332,0,3
37333,380,34
37334,0,3
37335,0,3
37336,0,3
37337,0,3
37338,0,3
37339,125,17
37340,329,17
37341,0,3
37342,241,22
37343,313,24
37344,234,35
37345,344,34
37346,146,23
37347,248,29
37348,183,20
37349,0,3
37350,161,25
37351,202,29
37352,0,3
37353,138,24
37354,0,3
37355,134,21
37356,0,3
37357,88,14
37358,194,22
37359,106,15
37360,0,3
37361,0,3
37362,317,33
37363,165,24
37364,240,23
37365,123,18
37366,119,22
37367,185,26
37368,0,3
37369,177,24
37370,279,31
37371,0,3
37372,214,27
37373,241,24
37374,237,33
37375,215,32
37376,0,3
37377,222,31
37378,142,20
37379,130,21
37380,231,35
37381,190,24
37382,65,10
37383,193,27
37384,0,3
37385,209,28
37386,0,3
37387,261,34
37388,153,23
37389,158,26
37390,497,30
37391,303,31
37392,0,3
37393,291,35
37394,261,33
37395,189,26
37396,0,3
37397,111,21
37398,232,30
37399,0,3
37400,213,27
37401,0,3
37402,171,22
37403,191,28
37404,225,29
37405,381,47
37406,225,30
37407,132,24
37408,214,28
37409,250,30
37410,254,31
37411,199,18
37412,335,30
37413,0,3
37414,295,31
37415,295,36
37416,0,3
37417,354,42
37418,232,28
37419,180,27
37420,235,30
37421,52,11
37422,301,36
37423,97,18
37424,285,38
37425,153,21
37426,0,3
37427,572,24
37428,0,3
37429,491,24
37430,235,32
37431,282,39
37432,256,32
37433,0,3
37434,293,38
37435,0,3
37436,0,3
37437,254,32
37438,0,3
37439,0,3
37440,169,18
37441,0,3
37442,0,3
37443,654,39
37444,270,35
37445,201,27
37446,0,3
37447,361,42
37448,0,3
37449,226,31
37450,0,3
37451,0,3
37452,172,26
37453,395,26
37454,245,34
37455,228,29
37456,220,31
37457,0,3
37458,0,3
37459,210,25
37460,0,3
37461,265,35
37462,0,3
37463,279,36
37464,0,3
37465,160,24
37466,276,32
37467,1000,28
37468,239,25
37469,265,29
37470,185,27
37471,271,12
37472,0,3
37473,238,33
37474,236,33
37475,341,27
37476,0,3
37477,211,23
37478,0,3
37479,0,3
37480,0,3
37481,310,34
37482,0,3
37483,0,3
37484,215,21
37485,0,3
37486,564,40
37487,184,13
37488,216,24
37489,0,3
37490,196,25
37491,0,3
37492,278,34
37493,0,3
37494,203,26
37495,251,27
37496,196,30
37497,0,3
37498,158,23
37499,0,3
37500,219,24
37501,376,42
37502,274,41
37503,0,3
37504,210,23
37505,542,25
37506,203,29
37507,194,23
37508,265,29
37509,188,24
37510,0,3
37511,0,3
37512,0,3
37513,122,20
37514,225,32
37515,0,3
37516,0,3
37517,228,26
37518,170,24
37519,0,3
37520,261,32
37521,107,17
37522,294,36
37523,186,24
37524,0,3
37525,0,3
37526,0,3
37527,230,16
37528,0,3
37529,0,3
37530,234,33
37531,0,3
37532,0,3
37533,203,26
37534,0,3
37535,0,3
37536,0,3
37537,298,35
37538,0,3
37539,0,3
37540,0,3
37541,0,3
37542,730,39
37543,199,27
37544,258,31
37545,98,16
37546,261,34
37547,329,29
37548,281,32
37549,425,29
37550,230,29
37551,255,25
37552,200,27
37553,140,17
37554,0,3
37555,0,3
37556,251,31
37557,401,43
37558,242,27
37559,0,3
37560,147,21
37561,0,3
37562,559,23
37563,228,22
37564,168,26
37565,0,3
37566,141,17
37567,0,3
37568,0,3
37569,0,3
37570,300,39
37571,0,3
37572,503,26
37573,248,30
37574,265,35
37575,0,3
37576,0,3
37577,0,3
37578,182,29
37579,162,18
37580,0,3
37581,110,18
37582,0,3
37583,0,3
37584,359,38
37585,0,3
37586,84,15
37587,0,3
37588,0,3
37589,0,3
37590,0,3
37591,0,3
37592,0,3
37593,289,40
37594,132,25
37595,199,27
37596,175,31
37597,133,16
37598,0,3
37599,0,3
37600,858,29
37601,0,3
37602,274,37
37603,0,3
37604,231,33
37605,167,19
37606,0,3
37607,285,31
37608,234,30
37609,0,3
37610,306,28
37611,381,46
37612,0,3
37613,326,36
37614,0,3
37615,228,27
37616,167,21
37617,0,3
37618,205,27
37619,208,31
37620,268,34
37621,245,34
37622,358,45
37623,209,25
37624,170,21
37625,235,23
37626,370,47
37627,153,24
37628,0,3
37629,0,3
37630,151,21
37631,345,31
37632,259,33
37633,0,3
37634,0,3
37635,0,3
37636,444,44
37637,0,3
37638,0,3
37639,308,35
37640,147,22
37641,48,10
37642,230,27
37643,238,27
37644,224,26
37645,220,30
37646,230,30
37647,227,34
37648,0,3
37649,0,3
37650,206,28
37651,470,33
37652,0,3
37653,0,3
37654,240,36
37655,89,16
37656,180,24
37657,156,25
37658,98,16
37659,354,41
37660,395,40
37661,282,33
37662,143,17
37663,242,33
37664,256,28
37665,215,27
37666,209,25
37667,0,3
37668,195,20
37669,0,3
37670,0,3
37671,269,28
37672,0,3
37673,156,24
37674,0,3
37675,138,21
37676,293,37
37677,0,3
37678,279,37
37679,179,23
37680,0,3
37681,213,23
37682,0,3
37683,0,3
37684,200,27
37685,0,3
37686,248,26
37687,178,24
37688,390,51
37689,0,3
37690,0,3
37691,120,18
37692,0,3
37693,199,24
37694,112,16
37695,0,3
37696,257,35
37697,207,27
37698,0,3
37699,0,3
37700,0,3
37701,181,26
37702,0,3
37703,0,3
37704,0,3
37705,205,30
37706,170,23
37707,285,36
37708,243,34
37709,207,26
37710,0,3
37711,0,3
37712,143,23
37713,180,26
37714,210,29
37715,289,31
37716,0,3
37717,0,3
37718,316,40
37719,331,37
37720,388,27
37721,285,37
37722,145,20
37723,0,3
37724,0,3
37725,0,3
37726,327,43
37727,268,34
37728,227,29
37729,0,3
37730,290,32
37731,209,31
37732,193,27
37733,300,33
37734,201,27
37735,0,3
37736,313,44
37737,3,3
37738,0,3
37739,105,19
37740,320,37
37741,0,3
37742,0,3
37743,241,30
37744,458,30
37745,274,31
37746,140,23
37747,0,3
37748,0,3
37749,221,24
37750,290,33
37751,350,40
37752,0,3
37753,218,31
37754,383,43
37755,0,3
37756,0,3
37757,316,32
37758,169,22
37759,0,3
37760,134,21
37761,160,21
37762,164,22
37763,442,34
37764,304,38
37765,0,3
37766,208,26
37767,207,18
37768,257,36
37769,241,26
37770,239,34
37771,108,14
37772,301,39
37773,332,41
37774,176,26
37775,282,37
37776,0,3
37777,0,3
37778,170,26
37779,283,33
37780,276,26
37781,0,3
37782,215,24
37783,252,26
37784,166,23
37785,0,3
37786,208,31
37787,198,27
37788,187,26
37789,877,35
37790,0,3
37791,194,28
37792,0,3
37793,153,20
37794,223,28
37795,179,25
37796,0,3
37797,0,3
37798,0,3
37799,240,28
37800,201,27
37801,0,3
37802,262,28
37803,0,3
37804,185,24
37805,0,3
37806,229,28
37807,208,28
37808,0,3
37809,0,3
37810,118,18
37811,0,3
37812,0,3
37813,0,3
37814,179,26
37815,249,34
37816,177,22
37817,421,35
37818,264,30
37819,0,3
37820,178,26
37821,224,26
37822,0,3
37823,184,18
37824,521,29
37825,186,20
37826,0,3
37827,293,37
37828,210,29
37829,0,3
37830,274,38
37831,0,3
37832,172,31
37833,0,3
37834,0,3
37835,154,26
37836,206,23
37837,268,37
37838,284,28
37839,822,28
37840,0,3
37841,218,35
37842,321,34
37843,0,3
37844,277,35
37845,217,31
37846,290,33
37847,192,27
37848,123,16
37849,241,33
37850,257,31
37851,232,27
37852,211,33
37853,579,19
37854,0,3
37855,0,3
37856,166,18
37857,295,32
37858,226,31
37859,246,28
37860,220,29
37861,264,32
37862,2,3
37863,187,25
37864,194,24
37865,239,26
37866,0,3
37867,0,3
37868,305,34
37869,0,3
37870,209,26
37871,0,3
37872,0,3
37873,343,35
37874,173,22
37875,0,3
37876,0,3
37877,193,30
37878,0,3
37879,180,26
37880,0,3
37881,184,22
37882,236,34
37883,0,3
37884,0,3
37885,248,37
37886,0,3
37887,235,32
37888,113,17
37889,0,3
37890,0,3
37891,172,29
37892,0,3
37893,154,23
37894,178,25
37895,197,25
37896,0,3
37897,0,3
37898,0,3
37899,117,21
37900,219,31
37901,184,25
37902,304,36
37903,0,3
37904,0,3
37905,0,3
37906,0,3
37907,0,3
37908,311,30
37909,90,14
37910,583,30
37911,259,33
37912,234,31
37913,0,3
37914,203,31
37915,180,26
37916,243,30
37917,0,3
37918,0,3
37919,112,15
37920,271,39
37921,188,25
37922,0,3
37923,0,3
37924,288,32
37925,0,3
37926,289,34
37927,0,3
37928,0,3
37929,234,30
37930,443,23
37931,0,3
37932,257,35
37933,143,17
37934,413,41
37935,0,3
37936,0,3
37937,0,3
37938,274,30
37939,0,3
37940,0,3
37941,216,30
37942,155,27
37943,311,40
37944,113,18
37945,0,3
37946,50,10
37947,219,27
37948,0,3
37949,0,3
37950,186,28
37951,0,3
37952,791,47
37953,0,3
37954,215,35
37955,171,20
37956,0,3
37957,0,3
37958,255,32
37959,313,40
37960,165,23
37961,297,32
37962,0,3
37963,251,30
37964,181,21
37965,260,35
37966,188,25
37967,0,3
37968,0,3
37969,179,34
37970,384,43
37971,0,3
37972,283,33
37973,235,30
37974,154,23
37975,201,28
37976,224,27
37977,177,26
37978,0,3
37979,0,3
37980,267,32
37981,0,3
37982,235,32
37983,150,15
37984,165,23
37985,315,39
37986,178,22
37987,102,18
37988,234,37
37989,149,22
37990,212,32
37991,256,32
37992,186,24
37993,233,30
37994,165,21
37995,211,32
37996,214,31
37997,0,3
37998,0,3
37999,162,22
38000,1000,29
38001,215,30
38002,292,35
38003,261,23
38004,0,3
38005,0,3
38006,148,21
38007,265,32
38008,0,3
38009,0,3
38010,102,21
38011,297,32
38012,200,27
38013,0,3
38014,206,30
38015,158,14
38016,244,32
38017,179,25
38018,166,26
38019,368,42
38020,261,34
38021,0,3
38022,285,37
38023,0,3
38024,0,3
38025,158,24
38026,0,3
38027,171,24
38028,204,25
38029,570,41
38030,156,24
38031,235,26
38032,0,3
38033,258,32
38034,251,29
38035,0,3
38036,0,3
38037,181,23
38038,0,3
38039,228,31
38040,0,3
38041,0,3
38042,0,3
38043,0,3
38044,125,22
38045,525,29
38046,264,33
38047,191,24
38048,0,3
38049,113,20
38050,187,22
38051,182,23
38052,107,23
38053,436,29
38054,232,32
38055,0,3
38056,353,25
38057,298,31
38058,0,3
38059,153,19
38060,0,3
38061,215,27
38062,0,3
38063,0,3
38064,0,3
38065,141,24
38066,0,3
38067,0,3
38068,0,3
38069,206,34
38070,0,3
38071,0,3
38072,0,3
38073,230,30
38074,0,3
38075,0,3
38076,136,22
38077,307,26
38078,0,3
38079,268,29
38080,219,35
38081,221,29
38082,0,3
38083,294,36
38084,213,28
38085,0,3
38086,279,33
38087,286,35
38088,169,19
38089,171,27
38090,179,21
38091,340,34
38092,50,11
38093,270,28
38094,168,23
38095,218,36
38096,0,3
38097,226,31
38098,0,3
38099,211,34
38100,129,19
38101,63,13
38102,0,3
38103,0,3
38104,275,28
38105,203,21
38106,175,21
38107,0,3
38108,202,24
38109,0,3
38110,315,41
38111,160,21
38112,0,3
38113,296,28
38114,297,35
38115,263,36
38116,0,3
38117,0,3
38118,0,3
38119,219,27
38120,230,32
38121,219,24
38122,0,3
38123,118,21
38124,223,25
38125,0,3
38126,377,19
38127,159,23
38128,0,3
38129,243,31
38130,0,3
38131,97,17
38132,168,23
38133,0,3
38134,347,25
38135,289,31
38136,82,15
38137,272,28
38138,213,30
38139,0,3
38140,200,28
38141,216,28
38142,244,29
38143,310,28
38144,0,3
38145,180,22
38146,285,33
38147,129,19
38148,247,25
38149,0,3
38150,339,36
38151,201,36
38152,0,3
38153,157,25
38154,201,23
38155,0,3
38156,0,3
38157,233,22
38158,0,3
38159,0,3
38160,182,24
38161,0,3
38162,266,35
38163,295,38
38164,156,21
38165,0,3
38166,189,30
38167,452,21
38168,793,25
38169,0,3
38170,298,23
38171,239,29
38172,0,3
38173,0,3
38174,274,37
38175,218,29
38176,368,42
38177,0,3
38178,159,23
38179,271,29
38180,204,27
38181,366,19
38182,303,25
38183,239,33
38184,171,22
38185,328,39
38186,197,22
38187,0,3
38188,319,27
38189,273,30
38190,0,3
38191,0,3
38192,0,3
38193,0,3
38194,126,21
38195,96,17
38196,0,3
38197,0,3
38198,266,31
38199,0,3
38200,232,32
38201,149,22
38202,0,3
38203,101,16
38204,168,21
38205,163,24
38206,0,3
38207,0,3
38208,142,23
38209,123,14
38210,0,3
38211,185,29
38212,0,3
38213,0,3
38214,452,33
38215,298,41
38216,0,3
38217,117,16
38218,272,36
38219,355,40
38220,0,3
38221,321,41
38222,168,22
38223,98,20
38224,283,38
38225,283,35
38226,113,16
38227,217,34
38228,0,3
38229,104,16
38230,166,16
38231,88,16
38232,160,21
38233,0,3
38234,0,3
38235,0,3
38236,0,3
38237,0,3
38238,0,3
38239,0,3
38240,0,3
38241,49,16
38242,169,24
38243,240,30
38244,206,28
38245,0,3
38246,0,3
38247,203,29
38248,169,22
38249,0,3
38250,166,25
38251,0,3
38252,226,27
38253,200,26
38254,0,3
38255,186,29
38256,210,28
38257,130,18
38258,286,28
38259,32,9
38260,1000,11
38261,274,31
38262,134,25
38263,175,23
38264,272,32
38265,283,26
38266,220,31
38267,0,3
38268,0,3
38269,0,3
38270,0,3
38271,222,30
38272,0,3
38273,280,35
38274,0,3
38275,300,38
38276,249,25
38277,359,24
38278,276,19
38279,212,30
38280,192,23
38281,136,16
38282,0,3
38283,323,35
38284,0,3
38285,234,28
38286,315,30
38287,0,3
38288,207,25
38289,173,26
38290,219,26
38291,125,17
38292,340,23
38293,250,33
38294,216,32
38295,186,20
38296,578,24
38297,147,23
38298,177,26
38299,420,25
38300,0,3
38301,442,26
38302,240,27
38303,144,22
38304,0,3
38305,242,31
38306,158,24
38307,251,36
38308,0,3
38309,0,3
38310,164,24
38311,0,3
38312,0,3
38313,156,22
38314,0,3
38315,246,26
38316,604,24
38317,278,39
38318,156,25
38319,244,28
38320,84,14
38321,350,36
38322,348,34
38323,0,3
38324,109,10
38325,196,28
38326,0,3
38327,0,3
38328,197,21
38329,577,31
38330,224,29
38331,215,17
38332,193,26
38333,251,18
38334,0,3
38335,0,3
38336,0,3
38337,244,23
38338,0,3
38339,190,22
38340,212,16
38341,0,3
38342,0,3
38343,0,3
38344,0,3
38345,300,33
38346,427,40
38347,0,3
38348,236,25
38349,0,3
38350,126,14
38351,292,32
38352,104,18
38353,236,32
38354,420,25
38355,0,3
38356,194,20
38357,252,28
38358,0,3
38359,254,34
38360,196,25
38361,459,27
38362,107,16
38363,0,3
38364,337,32
38365,487,24
38366,326,25
38367,156,25
38368,75,17
38369,270,33
38370,0,3
38371,0,3
38372,209,26
38373,0,3
38374,0,3
38375,196,24
38376,190,20
38377,0,3
38378,258,20
38379,0,3
38380,150,22
38381,205,28
38382,495,35
38383,208,29
38384,132,19
38385,0,3
38386,215,28
38387,233,29
38388,153,20
38389,160,19
38390,166,32
38391,0,3
38392,202,25
38393,0,3
38394,353,19
38395,223,29
38396,74,12
38397,303,30
38398,474,33
38399,175,21
38400,171,19
38401,151,25
38402,405,41
38403,268,17
38404,108,21
38405,136,20
38406,228,24
38407,0,3
38408,218,18
38409,195,17
38410,147,22
38411,248,24
38412,0,3
38413,0,3
38414,164,22
38415,199,28
38416,0,3
38417,281,36
38418,257,29
38419,169,20
38420,0,3
38421,0,3
38422,223,31
38423,380,21
38424,177,26
38425,284,38
38426,0,3
38427,119,18
38428,691,28
38429,435,19
38430,161,25
38431,187,32
38432,232,30
38433,243,26
38434,0,3
38435,344,30
38436,0,3
38437,214,31
38438,0,3
38439,204,28
38440,255,28
38441,0,3
38442,138,24
38443,411,19
38444,285,31
38445,161,21
38446,0,3
38447,212,23
38448,0,3
38449,206,22
38450,204,31
38451,0,3
38452,0,3
38453,202,30
38454,255,34
38455,167,20
38456,0,3
38457,0,3
38458,294,34
38459,259,25
38460,189,22
38461,153,16
38462,212,22
38463,184,26
38464,232,30
38465,194,25
38466,258,35
38467,147,18
38468,0,3
38469,0,3
38470,0,3
38471,0,3
38472,250,32
38473,223,29
38474,123,14
38475,315,40
38476,246,31
38477,287,23
38478,0,3
38479,144,22
38480,470,35
38481,279,24
38482,575,29
38483,0,3
38484,93,13
38485,0,3
38486,0,3
38487,225,32
38488,246,34
38489,256,29
38490,207,26
38491,0,3
38492,0,3
38493,0,3
38494,109,19
38495,0,3
38496,0,3
38497,164,20
38498,0,3
38499,0,3
38500,0,3
38501,207,20
38502,0,3
38503,180,28
38504,175,27
38505,162,25
38506,0,3
38507,0,3
38508,128,21
38509,89,12
38510,491,34
38511,509,33
38512,0,3
38513,310,47
38514,0,3
38515,0,3
38516,129,19
38517,0,3
38518,167,23
38519,191,31
38520,265,29
38521,228,33
38522,0,3
38523,265,27
38524,147,18
38525,227,25
38526,0,3
38527,229,35
38528,286,28
38529,249,18
38530,191,25
38531,219,30
38532,227,28
38533,0,3
38534,200,25
38535,182,21
38536,0,3
38537,359,26
38538,237,25
38539,101,9
38540,260,34
38541,156,15
38542,0,3
38543,0,3
38544,239,25
38545,0,3
38546,208,27
38547,0,3
38548,0,3
38549,311,26
38550,0,3
38551,205,27
38552,0,3
38553,174,28
38554,0,3
38555,182,25
38556,347,39
38557,0,3
38558,0,3
38559,0,3
38560,0,3
38561,166,26
38562,0,3
38563,360,40
38564,0,3
38565,0,3
38566,0,3
38567,185,24
38568,265,29
38569,229,32
38570,247,35
38571,155,29
38572,190,33
38573,340,42
38574,250,27
38575,293,35
38576,238,33
38577,284,29
38578,0,3
38579,189,31
38580,182,27
38581,0,3
38582,237,25
38583,0,3
38584,262,34
38585,0,3
38586,194,30
38587,0,3
38588,0,3
38589,0,3
38590,75,12
38591,209,32
38592,0,3
38593,0,3
38594,269,32
38595,448,8
38596,0,3
38597,0,3
38598,225,29
38599,0,3
38600,226,31
38601,237,30
38602,0,3
38603,73,12
38604,0,3
38605,173,17
38606,0,3
38607,0,3
38608,0,3
38609,203,29
38610,0,3
38611,0,3
38612,116,19
38613,0,3
38614,0,3
38615,129,17
38616,173,31
38617,0,3
38618,0,3
38619,271,32
38620,0,3
38621,218,28
38622,472,32
38623,183,25
38624,243,31
38625,212,28
38626,0,3
38627,0,3
38628,261,29
38629,0,3
38630,0,3
38631,626,32
38632,238,31
38633,114,23
38634,208,28
38635,220,31
38636,0,3
38637,324,39
38638,0,3
38639,107,19
38640,158,19
38641,0,3
38642,108,22
38643,179,17
38644,90,15
38645,0,3
38646,205,25
38647,193,28
38648,0,3
38649,175,25
38650,258,31
38651,171,27
38652,202,31
38653,178,16
38654,110,18
38655,171,22
38656,0,3
38657,0,3
38658,0,3
38659,233,29
38660,252,34
38661,0,3
38662,302,42
38663,362,43
38664,0,3
38665,0,3
38666,348,45
38667,217,24
38668,135,21
38669,841,35
38670,169,25
38671,317,36
38672,216,31
38673,262,29
38674,221,25
38675,301,38
38676,276,33
38677,0,3
38678,344,34
38679,291,33
38680,171,28
38681,0,3
38682,126,15
38683,109,17
38684,155,23
38685,323,40
38686,92,18
38687,173,23
38688,0,3
38689,112,17
38690,204,25
38691,0,3
38692,593,33
38693,100,20
38694,125,19
38695,214,26
38696,0,3
38697,228,32
38698,172,24
38699,0,3
38700,143,18
38701,0,3
38702,0,3
38703,187,28
38704,0,3
38705,154,22
38706,0,3
38707,0,3
38708,141,22
38709,280,31
38710,213,28
38711,105,19
38712,0,3
38713,220,27
38714,124,20
38715,206,28
38716,0,3
38717,0,3
38718,276,32
38719,260,32
38720,0,3
38721,307,31
38722,144,20
38723,224,33
38724,246,31
38725,257,33
38726,281,36
38727,0,3
38728,669,24
38729,189,25
38730,0,3
38731,115,19
38732,201,24
38733,216,28
38734,408,43
38735,0,3
38736,127,21
38737,235,28
38738,240,28
38739,0,3
38740,120,18
38741,204,25
38742,357,41
38743,483,19
38744,0,3
38745,207,27
38746,158,22
38747,259,35
38748,243,30
38749,0,3
38750,191,24
38751,221,22
38752,197,27
38753,97,17
38754,0,3
38755,172,24
38756,216,23
38757,191,25
38758,0,3
38759,0,3
38760,143,16
38761,518,22
38762,229,23
38763,211,23
38764,195,23
38765,179,18
38766,0,3
38767,0,3
38768,0,3
38769,0,3
38770,243,33
38771,182,22
38772,0,3
38773,0,3
38774,302,31
38775,141,20
38776,0,3
38777,182,26
38778,258,9
38779,206,28
38780,0,3
38781,165,20
38782,206,27
38783,207,24
38784,230,26
38785,167,29
38786,99,19
38787,0,3
38788,0,3
38789,0,3
38790,202,22
38791,0,3
38792,180,21
38793,172,26
38794,0,3
38795,0,3
38796,0,3
38797,0,3
38798,131,19
38799,137,23
38800,384,20
38801,0,3
38802,158,24
38803,122,22
38804,74,13
38805,419,24
38806,0,3
38807,96,16
38808,0,3
38809,0,3
38810,0,3
38811,137,24
38812,0,3
38813,193,19
38814,854,21
38815,340,37
38816,0,3
38817,241,30
38818,0,3
38819,240,24
38820,0,3
38821,0,3
38822,168,29
38823,0,3
38824,0,3
38825,353,23
38826,334,38
38827,0,3
38828,223,14
38829,153,20
38830,147,13
38831,311,37
38832,198,27
38833,0,3
38834,276,35
38835,65,13
38836,0,3
38837,0,3
38838,0,3
38839,156,24
38840,328,23
38841,218,34
38842,453,18
38843,138,19
38844,166,24
38845,0,3
38846,158,20
38847,336,33
38848,204,22
38849,141,24
38850,262,33
38851,220,31
38852,392,36
38853,250,36
38854,0,3
38855,0,3
38856,241,29
38857,0,3
38858,240,32
38859,74,13
38860,0,3
38861,0,3
38862,123,16
38863,0,3
38864,0,3
38865,169,26
38866,171,22
38867,292,31
38868,0,3
38869,271,22
38870,206,26
38871,0,3
38872,341,40
38873,312,29
38874,184,25
38875,291,33
38876,164,22
38877,297,33
38878,0,3
38879,248,30
38880,262,23
38881,181,27
38882,304,34
38883,121,23
38884,329,36
38885,0,3
38886,292,33
38887,0,3
38888,258,29
38889,0,3
38890,0,3
38891,565,34
38892,209,29
38893,131,18
38894,0,3
38895,264,29
38896,0,3
38897,686,25
38898,305,26
38899,416,14
38900,0,3
38901,219,30
38902,0,3
38903,294,32
38904,0,3
38905,0,3
38906,451,33
38907,169,23
38908,77,9
38909,298,40
38910,147,22
38911,0,3
38912,250,31
38913,0,3
38914,0,3
38915,0,3
38916,0,3
38917,146,17
38918,197,16
38919,343,24
38920,1000,6
38921,323,33
38922,110,17
38923,294,19
38924,285,35
38925,71,13
38926,0,3
38927,0,3
38928,105,16
38929,275,31
38930,115,18
38931,330,33
38932,0,3
38933,177,23
38934,192,25
38935,307,34
38936,209,26
38937,118,22
38938,224,27
38939,228,24
38940,208,28
38941,0,3
38942,190,24
38943,296,33
38944,151,21
38945,0,3
38946,0,3
38947,237,29
38948,203,22
38949,207,25
38950,136,21
38951,0,3
38952,143,24
38953,229,26
38954,184,24
38955,0,3
38956,136,19
38957,141,23
38958,0,3
38959,265,27
38960,109,21
38961,816,36
38962,0,3
38963,214,27
38964,198,25
38965,142,25
38966,0,3
38967,0,3
38968,68,13
38969,157,24
38970,0,3
38971,295,41
38972,222,29
38973,323,42
38974,247,23
38975,0,3
38976,81,14
38977,0,3
38978,138,20
38979,241,37
38980,250,30
38981,256,33
38982,0,3
38983,0,3
38984,304,37
38985,203,22
38986,279,35
38987,240,29
38988,0,3
38989,0,3
38990,0,3
38991,206,25
38992,263,36
38993,0,3
38994,187,26
38995,255,31
38996,183,24
38997,166,22
38998,118,18
38999,0,3
39000,258,31
39001,255,27
39002,0,3
39003,129,22
39004,302,35
39005,240,24
39006,212,26
39007,203,26
39008,216,30
39009,221,28
39010,334,26
39011,222,32
39012,0,3
39013,184,30
39014,0,3
39015,137,17
39016,207,26
39017,116,20
39018,130,20
39019,169,24
39020,100,17
39021,307,30
39022,207,26
39023,0,3
39024,0,3
39025,411,24
39026,229,30
39027,158,18
39028,0,3
39029,150,20
39030,0,3
39031,206,23
39032,344,35
39033,338,39
39034,0,3
39035,621,36
39036,0,3
39037,362,35
39038,340,20
39039,146,22
39040,189,22
39041,193,25
39042,743,23
39043,141,20
39044,187,27
39045,240,28
39046,0,3
39047,192,27
39048,261,26
39049,0,3
39050,326,18
39051,287,18
39052,0,3
39053,0,3
39054,229,29
39055,0,3
39056,198,25
39057,0,3
39058,0,3
39059,322,33
39060,227,28
39061,279,31
39062,206,28
39063,335,36
39064,291,35
39065,248,31
39066,188,23
39067,0,3
39068,236,23
39069,0,3
39070,153,24
39071,183,26
39072,0,3
39073,338,21
39074,184,24
39075,0,3
39076,109,15
39077,0,3
39078,0,3
39079,271,29
39080,276,34
39081,141,21
39082,617,33
39083,251,38
39084,83,13
39085,294,39
39086,151,27
39087,187,22
39088,245,29
39089,183,17
39090,241,25
39091,0,3
39092,180,22
39093,199,22
39094,0,3
39095,0,3
39096,0,3
39097,0,3
39098,0,3
39099,0,3
39100,255,37
39101,556,50
39102,600,25
39103,172,32
39104,216,27
39105,231,25
39106,327,27
39107,188,25
39108,135,19
39109,35,7
39110,177,24
39111,0,3
39112,225,26
39113,186,23
39114,0,3
39115,0,3
39116,158,17
39117,178,21
39118,224,29
39119,260,32
39120,241,32
39121,137,20
39122,0,3
39123,0,3
39124,0,3
39125,371,31
39126,0,3
39127,0,3
39128,313,38
39129,189,27
39130,118,20
39131,255,32
39132,147,25
39133,191,24
39134,296,29
39135,453,39
39136,0,3
39137,172,19
39138,0,3
39139,174,27
39140,88,15
39141,241,31
39142,308,40
39143,234,24
39144,0,3
39145,0,3
39146,159,26
39147,251,28
39148,0,3
39149,329,37
39150,0,3
39151,0,3
39152,325,35
39153,270,29
39154,256,26
39155,291,20
39156,363,44
39157,139,22
39158,488,35
39159,278,32
39160,0,3
39161,0,3
39162,177,21
39163,0,3
39164,0,3
39165,0,3
39166,258,33
39167,434,33
39168,213,28
39169,0,3
39170,0,3
39171,252,30
39172,0,3
39173,0,3
39174,0,3
39175,260,10
39176,132,20
39177,0,3
39178,0,3
39179,0,3
39180,228,31
39181,245,25
39182,0,3
39183,190,26
39184,294,42
39185,139,25
39186,0,3
39187,200,20
39188,170,18
39189,193,24
39190,252,28
39191,171,21
39192,203,26
39193,223,30
39194,184,28
39195,0,3
39196,225,27
39197,310,39
39198,0,3
39199,334,22
39200,0,3
39201,0,3
39202,325,37
39203,420,25
39204,140,19
39205,0,3
39206,188,24
39207,217,23
39208,217,32
39209,333,29
39210,0,3
39211,0,3
39212,245,22
39213,318,37
39214,204,23
39215,291,31
39216,0,3
39217,191,24
39218,0,3
39219,0,3
39220,222,30
39221,0,3
39222,336,41
39223,0,3
39224,0,3
39225,338,37
39226,0,3
39227,0,3
39228,0,3
39229,255,38
39230,270,33
39231,0,3
39232,291,34
39233,158,21
39234,142,13
39235,209,30
39236,385,43
39237,0,3
39238,233,26
39239,0,3
39240,0,3
39241,252,33
39242,0,3
39243,319,35
39244,169,24
39245,0,3
39246,98,14
39247,313,27
39248,228,30
39249,0,3
39250,264,35
39251,255,34
39252,415,17
39253,96,14
39254,273,33
39255,295,36
39256,212,26
39257,205,26
39258,206,26
39259,260,37
39260,0,3
39261,147,21
39262,404,39
39263,271,31
39264,175,25
39265,360,40
39266,0,3
39267,239,28
39268,203,29
39269,200,29
39270,0,3
39271,164,26
39272,0,3
39273,0,3
39274,228,31
39275,0,3
39276,0,3
39277,279,27
39278,242,31
39279,287,36
39280,214,30
39281,88,17
39282,280,31
39283,0,3
39284,149,20
39285,0,3
39286,233,37
39287,117,19
39288,0,3
39289,154,19
39290,392,22
39291,177,25
39292,254,30
39293,286,33
39294,0,3
39295,0,3
39296,0,3
39297,200,27
39298,320,38
39299,82,13
39300,288,25
39301,233,24
39302,255,35
39303,106,15
39304,0,3
39305,0,3
39306,255,34
39307,303,27
39308,0,3
39309,127,12
39310,0,3
39311,0,3
39312,146,21
39313,0,3
39314,134,16
39315,101,12
39316,79,12
39317,210,24
39318,173,19
39319,0,3
39320,0,3
39321,0,3
39322,0,3
39323,0,3
39324,0,3
39325,0,3
39326,0,3
39327,266,38
39328,260,34
39329,314,42
39330,474,34
39331,182,24
39332,244,32
39333,233,30
39334,0,3
39335,269,35
39336,179,27
39337,0,3
39338,0,3
39339,238,32
39340,431,32
39341,0,3
39342,391,45
39343,230,29
39344,375,37
39345,0,3
39346,182,29
39347,213,29
39348,0,3
39349,337,38
39350,259,35
39351,0,3
39352,249,33
39353,0,3
39354,101,13
39355,245,32
39356,0,3
39357,141,22
39358,287,22
39359,229,30
39360,286,27
39361,378,35
39362,111,16
39363,200,26
39364,179,22
39365,150,23
39366,216,31
39367,0,3
39368,0,3
39369,0,3
39370,0,3
39371,549,26
39372,0,3
39373,203,24
39374,0,3
39375,0,3
39376,202,25
39377,0,3
39378,120,18
39379,256,31
39380,0,3
39381,241,32
39382,294,38
39383,0,3
39384,0,3
39385,157,18
39386,261,37
39387,92,18
39388,214,22
39389,223,23
39390,135,23
39391,0,3
39392,0,3
39393,229,30
39394,0,3
39395,91,18
39396,174,25
39397,222,25
39398,216,22
39399,167,25
39400,368,29
39401,0,3
39402,0,3
39403,187,25
39404,0,3
39405,317,37
39406,98,18
39407,0,3
39408,193,24
39409,0,3
39410,0,3
39411,255,31
39412,0,3
39413,0,3
39414,240,32
39415,267,17
39416,199,25
39417,174,24
39418,173,23
39419,293,32
39420,0,3
39421,122,18
39422,0,3
39423,157,22
39424,0,3
39425,177,20
39426,356,43
39427,314,41
39428,226,30
39429,301,39
39430,74,15
39431,175,21
39432,88,17
39433,169,24
39434,211,23
39435,230,27
39436,0,3
39437,199,29
39438,0,3
39439,0,3
39440,271,38
39441,0,3
39442,0,3
39443,0,3
39444,173,27
39445,282,30
39446,116,16
39447,0,3
39448,254,30
39449,0,3
39450,0,3
39451,123,18
39452,157,24
39453,0,3
39454,243,32
39455,285,38
39456,0,3
39457,0,3
39458,0,3
39459,209,21
39460,279,32
39461,170,18
39462,283,35
39463,248,22
39464,292,35
39465,262,29
39466,0,3
39467,247,26
39468,214,33
39469,214,28
39470,0,3
39471,144,21
39472,0,3
39473,204,27
39474,245,25
39475,0,3
39476,0,3
39477,101,16
39478,0,3
39479,0,3
39480,0,3
39481,259,31
39482,0,3
39483,0,3
39484,241,32
39485,237,27
39486,468,24
39487,197,26
39488,0,3
39489,287,37
39490,238,25
39491,0,3
39492,121,23
39493,292,36
39494,63,12
39495,157,24
39496,189,20
39497,361,41
39498,0,3
39499,133,22
39500,0,3
39501,204,30
39502,0,3
39503,198,29
39504,147,21
39505,219,28
39506,0,3
39507,346,37
39508,226,26
39509,274,32
39510,103,17
39511,301,32
39512,60,11
39513,294,28
39514,232,27
39515,99,15
39516,351,36
39517,764,26
39518,0,3
39519,148,24
39520,171,20
39521,266,30
39522,0,3
39523,156,22
39524,277,24
39525,256,32
39526,76,16
39527,0,3
39528,0,3
39529,434,28
39530,314,39
39531,0,3
39532,186,22
39533,31,8
39534,110,18
39535,252,35
39536,142,22
39537,0,3
39538,225,34
39539,0,3
39540,251,28
39541,273,35
39542,0,3
39543,296,38
39544,0,3
39545,260,26
39546,0,3
39547,0,3
39548,251,30
39549,118,15
39550,126,20
39551,308,39
39552,108,19
39553,0,3
39554,274,28
39555,0,3
39556,212,28
39557,218,24
39558,274,25
39559,0,3
39560,0,3
39561,0,3
39562,526,20
39563,223,32
39564,180,26
39565,202,14
39566,257,21
39567,0,3
39568,0,3
39569,0,3
39570,0,3
39571,66,14
39572,224,29
39573,326,35
39574,347,26
39575,304,34
39576,0,3
39577,0,3
39578,0,3
39579,418,22
39580,0,3
39581,276,29
39582,161,26
39583,0,3
39584,207,27
39585,331,31
39586,0,3
39587,427,39
39588,311,30
39589,0,3
39590,0,3
39591,32,8
39592,196,21
39593,0,3
39594,0,3
39595,102,13
39596,267,33
39597,0,3
39598,286,37
39599,190,28
39600,0,3
39601,0,3
39602,73,15
39603,0,3
39604,240,36
39605,268,32
39606,244,25
39607,0,3
39608,851,29
39609,0,3
39610,253,34
39611,69,12
39612,173,26
39613,197,27
39614,218,31
39615,295,33
39616,332,46
39617,259,26
39618,218,24
39619,181,26
39620,165,12
39621,147,24
39622,203,20
39623,272,31
39624,94,20
39625,0,3
39626,0,3
39627,0,3
39628,204,27
39629,0,3
39630,247,33
39631,166,21
39632,0,3
39633,110,16
39634,225,27
39635,310,36
39636,272,34
39637,0,3
39638,113,19
39639,0,3
39640,0,3
39641,0,3
39642,302,35
39643,82,12
39644,283,35
39645,201,31
39646,134,18
39647,0,3
39648,210,22
39649,177,23
39650,0,3
39651,278,36
39652,0,3
39653,221,23
39654,131,19
39655,126,20
39656,0,3
39657,242,35
39658,0,3
39659,276,32
39660,198,28
39661,275,36
39662,186,33
39663,244,25
39664,213,33
39665,280,37
39666,243,35
39667,0,3
39668,0,3
39669,132,17
39670,258,30
39671,114,19
39672,0,3
39673,243,31
39674,0,3
39675,48,10
39676,137,23
39677,0,3
39678,0,3
39679,456,36
39680,168,21
39681,386,29
39682,0,3
39683,147,22
39684,139,22
39685,237,29
39686,309,38
39687,142,23
39688,205,24
39689,257,28
39690,266,33
39691,126,20
39692,0,3
39693,0,3
39694,0,3
39695,172,24
39696,441,42
39697,257,31
39698,0,3
39699,122,22
39700,72,17
39701,0,3
39702,207,32
39703,382,22
39704,220,32
39705,212,30
39706,272,39
39707,234,33
39708,226,28
39709,347,36
39710,0,3
39711,185,26
39712,0,3
39713,182,22
39714,163,19
39715,238,24
39716,208,25
39717,0,3
39718,367,34
39719,0,3
39720,97,15
39721,0,3
39722,264,33
39723,0,3
39724,262,28
39725,248,31
39726,0,3
39727,295,33
39728,278,38
39729,149,22
39730,0,3
39731,0,3
39732,0,3
39733,183,23
39734,167,22
39735,334,37
39736,472,29
39737,271,32
39738,255,28
39739,175,23
39740,126,18
39741,0,3
39742,0,3
39743,207,26
39744,305,38
39745,0,3
39746,140,20
39747,0,3
39748,0,3
39749,263,36
39750,0,3
39751,807,17
39752,0,3
39753,269,31
39754,150,23
39755,0,3
39756,239,36
39757,221,27
39758,0,3
39759,0,3
39760,0,3
39761,295,38
39762,23,6
39763,242,25
39764,165,23
39765,189,24
39766,0,3
39767,0,3
39768,248,29
39769,246,33
39770,0,3
39771,0,3
39772,269,35
39773,236,32
39774,0,3
39775,176,20
39776,93,16
39777,272,37
39778,0,3
39779,122,19
39780,228,26
39781,349,33
39782,0,3
39783,0,3
39784,226,25
39785,0,3
39786,131,16
39787,269,33
39788,135,20
39789,214,29
39790,0,3
39791,0,3
39792,159,18
39793,346,45
39794,174,19
39795,203,25
39796,140,19
39797,211,30
39798,304,35
39799,188,24
39800,0,3
39801,0,3
39802,0,3
39803,140,22
39804,0,3
39805,156,20
39806,160,30
39807,0,3
39808,241,31
39809,0,3
39810,336,37
39811,322,39
39812,0,3
39813,118,19
39814,103,19
39815,194,25
39816,241,34
39817,173,26
39818,267,32
39819,371,38
39820,349,43
39821,0,3
39822,149,17
39823,338,41
39824,0,3
39825,507,24
39826,184,31
39827,197,30
39828,292,39
39829,226,27
39830,153,22
39831,0,3
39832,0,3
39833,238,32
39834,241,35
39835,0,3
39836,0,3
39837,149,17
39838,286,35
39839,0,3
39840,0,3
39841,171,17
39842,113,18
39843,159,21
39844,154,23
39845,245,30
39846,160,18
39847,0,3
39848,237,36
39849,322,35
39850,160,22
39851,0,3
39852,0,3
39853,211,26
39854,0,3
39855,252,36
39856,0,3
39857,0,3
39858,292,36
39859,180,25
39860,244,28
39861,253,34
39862,97,14
39863,0,3
39864,329,44
39865,0,3
39866,224,34
39867,121,18
39868,163,24
39869,0,3
39870,0,3
39871,198,27
39872,323,37
39873,0,3
39874,0,3
39875,160,23
39876,0,3
39877,112,20
39878,230,25
39879,227,27
39880,0,3
39881,193,27
39882,225,32
39883,211,35
39884,231,28
39885,139,19
39886,157,23
39887,0,3
39888,269,40
39889,0,3
39890,0,3
39891,226,26
39892,348,39
39893,0,3
39894,146,17
39895,198,23
39896,316,33
39897,0,3
39898,0,3
39899,0,3
39900,297,29
39901,209,27
39902,0,3
39903,0,3
39904,150,22
39905,113,20
39906,0,3
39907,0,3
39908,0,3
39909,0,3
39910,0,3
39911,190,24
39912,0,3
39913,287,23
39914,169,25
39915,204,36
39916,218,26
39917,212,32
39918,0,3
39919,137,26
39920,0,3
39921,307,34
39922,326,40
39923,0,3
39924,214,32
39925,266,33
39926,179,28
39927,114,16
39928,271,37
39929,245,28
39930,185,32
39931,0,3
39932,0,3
39933,198,22
39934,210,37
39935,211,32
39936,0,3
39937,308,32
39938,679,44
39939,56,12
39940,272,34
39941,0,3
39942,0,3
39943,267,31
39944,0,3
39945,206,31
39946,74,14
39947,0,3
39948,0,3
39949,0,3
39950,318,35
39951,0,3
39952,159,27
39953,0,3
39954,211,27
39955,231,28
39956,140,22
39957,279,31
39958,0,3
39959,203,34
39960,0,3
39961,0,3
39962,0,3
39963,0,3
39964,211,29
39965,0,3
39966,160,21
39967,0,3
39968,0,3
39969,300,26
39970,0,3
39971,0,3
39972,164,25
39973,128,24
39974,0,3
39975,0,3
39976,0,3
39977,0,3
39978,781,29
39979,0,3
39980,242,28
39981,124,22
39982,0,3
39983,0,3
39984,197,31
39985,0,3
39986,202,23
39987,0,3
39988,130,26
39989,229,24
39990,289,34
39991,0,3
39992,0,3
39993,0,3
39994,202,26
39995,192,27
39996,208,30
39997,333,35
39998,0,3
39999,341,46
40000,62,11
40001,0,3
40002,555,33
40003,0,3
40004,0,3
40005,182,23
40006,212,30
40007,237,29
40008,171,22
40009,0,3
40010,303,39
40011,270,34
40012,167,24
40013,0,3
40014,309,32
40015,0,3
40016,216,32
40017,209,32
40018,0,3
40019,179,27
40020,0,3
40021,208,28
40022,160,21
40023,158,21
40024,231,15
40025,438,24
40026,288,40
40027,152,20
40028,0,3
40029,197,27
40030,101,16
40031,167,26
40032,181,26
40033,247,37
40034,155,21
40035,190,25
40036,0,3
40037,292,41
40038,0,3
40039,41,9
40040,292,33
40041,202,22
40042,222,21
40043,148,20
40044,0,3
40045,237,32
40046,0,3
40047,124,23
40048,337,44
40049,0,3
40050,235,30
40051,303,32
40052,266,25
40053,0,3
40054,0,3
40055,225,28
40056,0,3
40057,177,31
40058,0,3
40059,299,33
40060,340,23
40061,173,21
40062,118,19
40063,0,3
40064,0,3
40065,201,25
40066,95,17
40067,204,29
40068,0,3
40069,276,39
40070,0,3
40071,156,19
40072,260,34
40073,180,23
40074,205,26
40075,0,3
40076,0,3
40077,148,19
40078,0,3
40079,253,23
40080,465,30
40081,0,3
40082,98,17
40083,245,28
40084,204,28
40085,262,36
40086,440,34
40087,319,33
40088,90,17
40089,347,38
40090,216,23
40091,173,23
40092,282,32
40093,112,17
40094,286,31
40095,0,3
40096,0,3
40097,256,32
40098,0,3
40099,336,33
40100,188,25
40101,115,16
40102,0,3
40103,215,31
40104,0,3
40105,256,33
40106,287,32
40107,179,24
40108,154,21
40109,210,26
40110,0,3
40111,0,3
40112,265,29
40113,232,30
40114,183,26
40115,192,25
40116,202,27
40117,230,32
40118,537,25
40119,156,21
40120,247,31
40121,300,33
40122,189,26
40123,268,35
40124,243,26
40125,226,25
40126,192,25
40127,174,28
40128,177,25
40129,209,25
40130,0,3
40131,254,35
40132,173,26
40133,308,32
40134,0,3
40135,208,23
40136,245,36
40137,143,22
40138,302,32
40139,0,3
40140,0,3
40141,239,33
40142,288,30
40143,223,28
40144,0,3
40145,136,18
40146,347,42
40147,0,3
40148,294,27
40149,97,17
40150,0,3
40151,145,22
40152,419,33
40153,155,25
40154,246,27
40155,0,3
40156,185,23
40157,107,17
40158,179,23
40159,203,24
40160,0,3
40161,0,3
40162,0,3
40163,204,27
40164,205,23
40165,372,43
40166,236,29
40167,238,32
40168,143,16
40169,150,23
40170,0,3
40171,130,25
40172,0,3
40173,248,32
40174,210,28
40175,260,31
40176,225,30
40177,0,3
40178,233,24
40179,0,3
40180,248,24
40181,249,34
40182,332,37
40183,741,30
40184,192,29
40185,589,29
40186,285,31
40187,0,3
40188,316,37
40189,169,19
40190,0,3
40191,193,27
40192,148,16
40193,0,3
40194,203,25
40195,260,37
40196,0,3
40197,0,3
40198,0,3
40199,140,18
40200,268,35
40201,0,3
40202,0,3
40203,235,32
40204,252,28
40205,189,26
40206,176,23
40207,0,3
40208,271,34
40209,170,24
40210,0,3
40211,178,27
40212,58,10
40213,172,24
40214,176,29
40215,303,33
40216,105,18
40217,355,43
40218,70,13
40219,0,3
40220,0,3
40221,259,31
40222,136,22
40223,226,28
40224,0,3
40225,0,3
40226,284,33
40227,219,24
40228,224,31
40229,251,31
40230,185,25
40231,0,3
40232,0,3
40233,201,26
40234,391,32
40235,159,26
40236,171,21
40237,314,39
40238,0,3
40239,0,3
40240,314,42
40241,225,26
40242,286,30
40243,0,3
40244,175,25
40245,264,32
40246,0,3
40247,0,3
40248,0,3
40249,183,27
40250,247,29
40251,277,33
40252,0,3
40253,0,3
40254,309,39
40255,0,3
40256,181,24
40257,325,39
40258,194,23
40259,0,3
40260,107,14
40261,402,45
40262,224,26
40263,217,22
40264,85,14
40265,182,18
40266,115,15
40267,308,32
40268,297,39
40269,118,23
40270,0,3
40271,139,22
40272,154,21
40273,321,43
40274,0,3
40275,169,26
40276,0,3
40277,366,27
40278,0,3
40279,169,24
40280,0,3
40281,0,3
40282,298,32
40283,161,19
40284,0,3
40285,0,3
40286,175,20
40287,0,3
40288,158,25
40289,0,3
40290,141,21
40291,218,23
40292,0,3
40293,0,3
40294,0,3
40295,100,16
40296,189,24
40297,170,21
40298,262,32
40299,0,3
40300,235,28
40301,107,13
40302,0,3
40303,212,24
40304,138,20
40305,244,36
40306,215,32
40307,0,3
40308,226,28
40309,0,3
40310,231,36
40311,57,10
40312,0,3
40313,227,27
40314,0,3
40315,0,3
40316,0,3
40317,0,3
40318,0,3
40319,294,29
40320,199,24
40321,323,41
40322,176,22
40323,133,19
40324,45,9
40325,163,26
40326,214,27
40327,0,3
40328,198,29
40329,116,20
40330,226,32
40331,0,3
40332,0,3
40333,0,3
40334,261,32
40335,0,3
40336,100,20
40337,297,38
40338,190,26
40339,0,3
40340,142,22
40341,191,29
40342,340,36
40343,0,3
40344,75,14
40345,217,27
40346,184,23
40347,57,13
40348,138,22
40349,236,30
40350,180,23
40351,211,29
40352,0,3
40353,0,3
40354,288,37
40355,354,47
40356,270,35
40357,0,3
40358,0,3
40359,173,28
40360,103,14
40361,0,3
40362,549,28
40363,0,3
40364,346,37
40365,115,16
40366,342,24
40367,421,31
40368,0,3
40369,253,32
40370,141,22
40371,0,3
40372,29,6
40373,0,3
40374,180,21
40375,0,3
40376,332,18
40377,0,3
40378,0,3
40379,339,42
40380,181,28
40381,207,25
40382,315,32
40383,133,21
40384,203,32
40385,0,3
40386,375,31
40387,153,24
40388,227,29
40389,250,33
40390,170,21
40391,108,13
40392,0,3
40393,0,3
40394,457,33
40395,138,22
40396,60,13
40397,155,24
40398,0,3
40399,248,34
40400,0,3
40401,174,26
40402,0,3
40403,818,27
40404,293,34
40405,260,37
40406,271,33
40407,0,3
40408,200,26
40409,0,3
40410,298,30
40411,0,3
40412,176,25
40413,0,3
40414,255,25
40415,0,3
40416,205,23
40417,0,3
40418,91,17
40419,0,3
40420,230,20
40421,82,15
40422,206,29
40423,202,21
40424,0,3
40425,123,17
40426,212,18
40427,248,25
40428,298,27
40429,359,43
40430,100,15
40431,213,33
40432,0,3
40433,0,3
40434,0,3
40435,321,20
40436,219,24
40437,164,22
40438,0,3
40439,234,30
40440,185,21
40441,485,30
40442,483,15
40443,0,3
40444,150,25
40445,0,3
40446,0,3
40447,324,35
40448,248,36
40449,262,21
40450,197,28
40451,0,3
40452,244,37
40453,0,3
40454,0,3
40455,132,26
40456,0,3
40457,102,12
40458,160,24
40459,0,3
40460,83,19
40461,207,26
40462,168,21
40463,0,3
40464,0,3
40465,0,3
40466,0,3
40467,262,33
40468,0,3
40469,302,38
40470,217,24
40471,252,22
40472,188,20
40473,0,3
40474,293,31
40475,242,26
40476,0,3
40477,0,3
40478,303,30
40479,303,41
40480,0,3
40481,409,41
40482,251,32
40483,0,3
40484,210,26
40485,0,3
40486,0,3
40487,326,29
40488,151,18
40489,0,3
40490,76,13
40491,0,3
40492,316,29
40493,205,26
40494,0,3
40495,270,25
40496,0,3
40497,126,19
40498,0,3
40499,0,3
40500,209,32
40501,0,3
40502,67,14
40503,0,3
40504,317,17
40505,0,3
40506,187,23
40507,211,25
40508,0,3
40509,228,22
40510,323,36
40511,0,3
40512,164,18
40513,335,39
40514,203,29
40515,0,3
40516,148,18
40517,227,31
40518,158,26
40519,0,3
40520,0,3
40521,0,3
40522,0,3
40523,281,36
40524,0,3
40525,226,30
40526,253,19
40527,0,3
40528,192,30
40529,90,15
40530,0,3
40531,235,29
40532,131,19
40533,122,19
40534,182,24
40535,989,30
40536,253,26
40537,210,25
40538,0,3
40539,0,3
40540,179,23
40541,123,15
40542,0,3
40543,128,27
40544,274,26
40545,0,3
40546,0,3
40547,86,16
40548,183,28
40549,154,21
40550,207,24
40551,312,23
40552,223,34
40553,0,3
40554,0,3
40555,0,3
40556,205,30
40557,395,39
40558,305,37
40559,264,34
40560,236,28
40561,233,33
40562,0,3
40563,143,20
40564,0,3
40565,192,21
40566,0,3
40567,0,3
40568,229,33
40569,245,25
40570,326,24
40571,0,3
40572,216,26
40573,189,27
40574,178,21
40575,197,26
40576,151,16
40577,0,3
40578,605,42
40579,411,37
40580,0,3
40581,108,19
40582,169,25
40583,0,3
40584,0,3
40585,0,3
40586,0,3
40587,333,29
40588,303,31
40589,245,32
40590,0,3
40591,228,26
40592,158,29
40593,163,17
40594,0,3
40595,0,3
40596,203,23
40597,184,25
40598,0,3
40599,0,3
40600,0,3
40601,307,33
40602,0,3
40603,149,21
40604,0,3
40605,328,19
40606,286,33
40607,0,3
40608,0,3
40609,207,27
40610,0,3
40611,255,29
40612,246,29
40613,333,45
40614,0,3
40615,230,29
40616,290,39
40617,303,13
40618,302,17
40619,0,3
40620,0,3
40621,201,22
40622,223,25
40623,282,25
40624,0,3
40625,0,3
40626,290,36
40627,0,3
40628,0,3
40629,273,36
40630,178,22
40631,295,37
40632,0,3
40633,0,3
40634,284,28
40635,52,13
40636,0,3
40637,0,3
40638,368,38
40639,250,28
40640,500,37
40641,0,3
40642,0,3
40643,176,25
40644,0,3
40645,157,26
40646,161,21
40647,298,34
40648,0,3
40649,0,3
40650,306,34
40651,0,3
40652,0,3
40653,178,19
40654,237,27
40655,202,26
40656,223,30
40657,226,30
40658,340,22
40659,121,22
40660,185,23
40661,0,3
40662,178,22
40663,186,29
40664,171,18
40665,0,3
40666,209,20
40667,234,28
40668,0,3
40669,316,37
40670,190,24
40671,0,3
40672,407,38
40673,0,3
40674,0,3
40675,0,3
40676,0,3
40677,367,36
40678,364,29
40679,0,3
40680,194,23
40681,225,27
40682,0,3
40683,196,27
40684,0,3
40685,347,26
40686,257,29
40687,134,15
40688,154,21
40689,92,14
40690,308,36
40691,0,3
40692,250,28
40693,215,22
40694,322,39
40695,185,19
40696,0,3
40697,293,37
40698,261,33
40699,0,3
40700,0,3
40701,130,17
40702,160,20
40703,224,25
40704,215,23
40705,268,30
40706,0,3
40707,128,20
40708,281,30
40709,160,21
40710,163,27
40711,105,19
40712,0,3
40713,0,3
40714,168,25
40715,254,31
40716,0,3
40717,0,3
40718,157,24
40719,231,28
40720,108,19
40721,326,31
40722,161,25
40723,160,23
40724,300,36
40725,177,27
40726,365,25
40727,173,26
40728,0,3
40729,283,23
40730,419,42
40731,284,28
40732,0,3
40733,0,3
40734,0,3
40735,145,19
40736,0,3
40737,228,24
40738,0,3
40739,215,31
40740,156,16
40741,0,3
40742,0,3
40743,277,32
40744,0,3
40745,369,26
40746,214,28
40747,228,26
40748,212,30
40749,0,3
40750,150,21
40751,196,25
40752,341,38
40753,252,37
40754,362,38
40755,295,32
40756,265,30
40757,376,25
40758,295,27
40759,260,28
40760,127,21
40761,47,11
40762,610,19
40763,0,3
40764,194,28
40765,300,33
40766,363,31
40767,252,26
40768,350,24
40769,0,3
40770,0,3
40771,295,29
40772,225,37
40773,0,3
40774,286,32
40775,163,24
40776,0,3
40777,194,26
40778,204,23
40779,190,21
40780,0,3
40781,208,32
40782,151,16
40783,296,34
40784,500,27
40785,637,34
40786,223,28
40787,0,3
40788,172,19
40789,146,19
40790,0,3
40791,0,3
40792,264,36
40793,0,3
40794,0,3
40795,0,3
40796,0,3
40797,161,20
40798,172,22
40799,0,3
40800,144,18
40801,184,24
40802,200,26
40803,178,26
40804,0,3
40805,0,3
40806,0,3
40807,224,24
40808,0,3
40809,171,19
40810,0,3
40811,0,3
40812,369,29
40813,162,20
40814,508,22
40815,0,3
40816,241,31
40817,0,3
40818,255,29
40819,154,19
40820,112,21
40821,0,3
40822,0,3
40823,71,11
40824,0,3
40825,188,25
40826,273,36
40827,0,3
40828,162,19
40829,0,3
40830,0,3
40831,416,27
40832,154,18
40833,0,3
40834,0,3
40835,192,21
40836,326,35
40837,0,3
40838,291,27
40839,249,35
40840,0,3
40841,0,3
40842,0,3
40843,292,38
40844,0,3
40845,157,21
40846,324,31
40847,289,35
40848,259,32
40849,263,30
40850,181,15
40851,0,3
40852,140,19
40853,336,43
40854,291,33
40855,257,39
40856,0,3
40857,149,16
40858,225,25
40859,0,3
40860,175,21
40861,154,26
40862,203,24
40863,231,34
40864,0,3
40865,0,3
40866,250,28
40867,0,3
40868,202,25
40869,214,28
40870,196,32
40871,218,27
40872,387,43
40873,0,3
40874,0,3
40875,303,38
40876,202,24
40877,0,3
40878,261,36
40879,290,32
40880,0,3
40881,215,28
40882,0,3
40883,216,25
40884,356,35
40885,252,36
40886,0,3
40887,227,25
40888,218,30
40889,450,32
40890,216,32
40891,0,3
40892,0,3
40893,0,3
40894,140,23
40895,258,27
40896,0,3
40897,0,3
40898,282,33
40899,151,18
40900,50,12
40901,251,33
40902,0,3
40903,18,5
40904,242,27
40905,0,3
40906,288,39
40907,297,45
40908,157,21
40909,269,35
40910,0,3
40911,0,3
40912,261,33
40913,0,3
40914,284,35
40915,0,3
40916,0,3
40917,297,36
40918,0,3
40919,251,32
40920,256,26
40921,192,30
40922,285,34
40923,213,36
40924,300,30
40925,0,3
40926,251,36
40927,166,24
40928,278,39
40929,170,18
40930,0,3
40931,188,22
40932,284,32
40933,0,3
40934,313,35
40935,152,23
40936,218,30
40937,0,3
40938,0,3
40939,0,3
40940,0,3
40941,213,29
40942,418,21
40943,167,24
40944,465,29
40945,0,3
40946,416,31
40947,274,43
40948,378,45
40949,0,3
40950,150,17
40951,159,22
40952,0,3
40953,0,3
40954,0,3
40955,181,22
40956,125,18
40957,0,3
40958,0,3
40959,314,30
40960,0,3
40961,321,29
40962,148,24
40963,0,3
40964,0,3
40965,0,3
40966,0,3
40967,327,38
40968,312,36
40969,207,21
40970,173,23
40971,190,23
40972,235,26
40973,97,18
40974,0,3
40975,0,3
40976,187,24
40977,153,26
40978,251,32
40979,231,27
40980,0,3
40981,87,15
40982,0,3
40983,0,3
40984,0,3
40985,295,34
40986,129,21
40987,276,33
40988,0,3
40989,314,36
40990,0,3
40991,196,22
40992,116,15
40993,233,32
40994,143,6
40995,178,28
40996,0,3
40997,254,28
40998,0,3
40999,163,20
41000,120,15
41001,323,33
41002,0,3
41003,241,32
41004,224,32
41005,0,3
41006,64,15
41007,246,27
41008,0,3
41009,157,24
41010,0,3
41011,166,22
41012,0,3
41013,274,31
41014,0,3
41015,157,23
41016,179,26
41017,212,29
41018,307,37
41019,231,29
41020,266,35
41021,173,21
41022,294,29
41023,0,3
41024,321,42
41025,236,28
41026,0,3
41027,186,19
41028,0,3
41029,0,3
41030,159,22
41031,138,19
41032,0,3
41033,170,24
41034,112,19
41035,180,29
41036,0,3
41037,268,30
41038,0,3
41039,380,44
41040,216,28
41041,275,30
41042,0,3
41043,141,19
41044,208,26
41045,427,29
41046,0,3
41047,169,20
41048,244,32
41049,0,3
41050,313,42
41051,0,3
41052,98,12
41053,162,24
41054,347,34
41055,163,26
41056,146,27
41057,0,3
41058,0,3
41059,232,26
41060,0,3
41061,194,30
41062,0,3
41063,199,28
41064,248,35
41065,0,3
41066,488,23
41067,224,27
41068,218,29
41069,137,19
41070,176,19
41071,243,30
41072,0,3
41073,214,27
41074,488,45
41075,225,24
41076,583,21
41077,151,23
41078,269,29
41079,0,3
41080,203,25
41081,313,41
41082,178,27
41083,162,25
41084,148,26
41085,192,26
41086,205,28
41087,178,24
41088,256,29
41089,0,3
41090,561,41
41091,230,29
41092,195,28
41093,0,3
41094,277,34
41095,300,36
41096,264,16
41097,387,23
41098,244,32
41099,296,38
41100,204,28
41101,0,3
41102,0,3
41103,284,34
41104,112,25
41105,66,18
41106,0,3
41107,96,18
41108,272,31
41109,321,20
41110,251,35
41111,251,31
41112,0,3
41113,192,21
41114,146,18
41115,135,18
41116,0,3
41117,265,37
41118,268,28
41119,308,34
41120,0,3
41121,197,25
41122,277,34
41123,0,3
41124,0,3
41125,249,34
41126,156,20
41127,92,16
41128,0,3
41129,177,19
41130,84,14
41131,295,33
41132,0,3
41133,205,31
41134,0,3
41135,311,37
41136,153,23
41137,270,36
41138,186,26
41139,0,3
41140,0,3
41141,196,19
41142,95,12
41143,351,36
41144,298,30
41145,0,3
41146,349,40
41147,0,3
41148,0,3
41149,85,14
41150,345,40
41151,195,30
41152,267,31
41153,204,30
41154,0,3
41155,222,30
41156,0,3
41157,0,3
41158,0,3
41159,0,3
41160,0,3
41161,0,3
41162,0,3
41163,213,32
41164,265,32
41165,225,26
41166,365,36
41167,0,3
41168,700,23
41169,425,25
41170,0,3
41171,250,27
41172,114,19
41173,0,3
41174,343,47
41175,0,3
41176,414,38
41177,0,3
41178,0,3
41179,205,29
41180,0,3
41181,293,37
41182,235,29
41183,0,3
41184,0,3
41185,312,33
41186,254,28
41187,0,3
41188,0,3
41189,241,28
41190,330,39
41191,210,31
41192,245,33
41193,199,27
41194,283,34
41195,233,27
41196,351,46
41197,222,27
41198,212,27
41199,0,3
41200,0,3
41201,0,3
41202,0,3
41203,314,31
41204,213,28
41205,0,3
41206,174,27
41207,0,3
41208,139,21
41209,325,31
41210,162,25
41211,229,25
41212,196,24
41213,0,3
41214,0,3
41215,267,31
41216,136,21
41217,198,25
41218,0,3
41219,129,22
41220,398,36
41221,329,35
41222,191,21
41223,0,3
41224,49,11
41225,192,19
41226,0,3
41227,0,3
41228,232,29
41229,0,3
41230,156,19
41231,0,3
41232,0,3
41233,163,27
41234,298,37
41235,292,39
41236,163,26
41237,87,17
41238,245,35
41239,145,22
41240,251,35
41241,170,21
41242,261,34
41243,232,31
41244,1000,5
41245,0,3
41246,0,3
41247,0,3
41248,0,3
41249,166,27
41250,0,3
41251,162,20
41252,402,26
41253,0,3
41254,0,3
41255,166,18
41256,361,35
41257,324,35
41258,239,26
41259,864,33
41260,141,20
41261,276,30
41262,161,21
41263,0,3
41264,271,36
41265,225,23
41266,341,32
41267,0,3
41268,331,27
41269,0,3
41270,285,31
41271,0,3
41272,308,41
41273,204,25
41274,581,16
41275,0,3
41276,228,22
41277,298,24
41278,162,26
41279,106,18
41280,239,29
41281,202,18
41282,306,28
41283,313,38
41284,0,3
41285,203,23
41286,217,30
41287,274,36
41288,284,31
41289,0,3
41290,223,23
41291,193,25
41292,442,37
41293,0,3
41294,0,3
41295,260,34
41296,201,33
41297,0,3
41298,0,3
41299,0,3
41300,244,37
41301,196,24
41302,0,3
41303,251,30
41304,282,31
41305,298,38
41306,176,27
41307,137,20
41308,0,3
41309,0,3
41310,229,25
41311,150,19
41312,441,39
41313,154,16
41314,1000,14
41315,155,21
41316,0,3
41317,0,3
41318,0,3
41319,318,38
41320,237,28
41321,0,3
41322,0,3
41323,0,3
41324,458,30
41325,146,23
41326,0,3
41327,0,3
41328,222,26
41329,0,3
41330,0,3
41331,177,22
41332,265,24
41333,308,33
41334,252,31
41335,162,21
41336,0,3
41337,131,20
41338,0,3
41339,230,33
41340,299,32
41341,201,29
41342,220,32
41343,243,32
41344,246,34
41345,0,3
41346,512,18
41347,0,3
41348,317,42
41349,127,12
41350,465,41
41351,199,22
41352,380,47
41353,0,3
41354,275,33
41355,232,32
41356,0,3
41357,228,21
41358,187,22
41359,177,25
41360,191,25
41361,0,3
41362,167,23
41363,154,22
41364,404,27
41365,0,3
41366,0,3
41367,101,16
41368,0,3
41369,388,36
41370,0,3
41371,387,43
41372,294,35
41373,222,30
41374,135,17
41375,0,3
41376,0,3
41377,0,3
41378,0,3
41379,198,26
41380,0,3
41381,215,29
41382,234,32
41383,192,24
41384,193,33
41385,231,28
41386,217,27
41387,354,37
41388,422,21
41389,245,24
41390,0,3
41391,0,3
41392,0,3
41393,169,23
41394,267,32
41395,0,3
41396,225,26
41397,296,34
41398,0,3
41399,240,30
41400,139,21
41401,178,23
41402,201,27
41403,0,3
41404,240,24
41405,214,25
41406,0,3
41407,0,3
41408,522,36
41409,255,23
41410,0,3
41411,0,3
41412,0,3
41413,266,34
41414,215,33
41415,0,3
41416,230,25
41417,0,3
41418,207,29
41419,322,34
41420,0,3
41421,0,3
41422,209,22
41423,0,3
41424,0,3
41425,176,22
41426,115,14
41427,144,20
41428,0,3
41429,0,3
41430,264,30
41431,274,27
41432,0,3
41433,206,24
41434,146,17
41435,255,37
41436,0,3
41437,0,3
41438,0,3
41439,0,3
41440,0,3
41441,100,16
41442,149,19
41443,156,24
41444,205,26
41445,0,3
41446,0,3
41447,173,20
41448,168,24
41449,0,3
41450,140,16
41451,160,26
41452,214,27
41453,227,28
41454,110,19
41455,0,3
41456,271,39
41457,204,29
41458,198,25
41459,0,3
41460,0,3
41461,198,24
41462,0,3
41463,196,30
41464,0,3
41465,0,3
41466,0,3
41467,161,23
41468,0,3
41469,236,30
41470,0,3
41471,185,28
41472,137,20
41473,0,3
41474,195,22
41475,211,30
41476,193,27
41477,274,34
41478,317,34
41479,443,30
41480,0,3
41481,192,25
41482,0,3
41483,277,29
41484,271,34
41485,0,3
41486,0,3
41487,0,3
41488,104,19
41489,0,3
41490,279,39
41491,0,3
41492,144,25
41493,231,33
41494,311,34
41495,0,3
41496,291,35
41497,185,20
41498,191,25
41499,338,38
41500,307,37
41501,185,24
41502,0,3
41503,0,3
41504,148,17
41505,0,3
41506,0,3
41507,86,14
41508,0,3
41509,0,3
41510,221,32
41511,0,3
41512,0,3
41513,243,30
41514,0,3
41515,0,3
41516,0,3
41517,363,44
41518,227,30
41519,0,3
41520,0,3
41521,0,3
41522,361,40
41523,154,22
41524,99,13
41525,0,3
41526,0,3
41527,194,28
41528,0,3
41529,257,32
41530,143,20
41531,124,21
41532,0,3
41533,0,3
41534,0,3
41535,230,33
41536,328,34
41537,303,42
41538,222,32
41539,0,3
41540,361,42
41541,0,3
41542,156,24
41543,222,24
41544,0,3
41545,158,20
41546,0,3
41547,359,30
41548,163,20
41549,39,7
41550,0,3
41551,148,19
41552,122,18
41553,0,3
41554,121,14
41555,0,3
41556,0,3
41557,249,30
41558,182,29
41559,221,30
41560,0,3
41561,0,3
41562,0,3
41563,0,3
41564,222,25
41565,305,31
41566,268,35
41567,686,33
41568,186,27
41569,0,3
41570,242,29
41571,284,36
41572,413,33
41573,78,13
41574,134,21
41575,246,32
41576,195,23
41577,197,23
41578,254,28
41579,0,3
41580,238,33
41581,284,36
41582,0,3
41583,255,29
41584,209,22
41585,242,30
41586,214,25
41587,0,3
41588,0,3
41589,268,35
41590,268,38
41591,128,18
41592,223,28
41593,278,42
41594,222,31
41595,0,3
41596,203,23
41597,0,3
41598,188,24
41599,265,35
41600,281,39
41601,121,17
41602,156,28
41603,237,31
41604,207,26
41605,224,21
41606,293,34
41607,0,3
41608,0,3
41609,304,33
41610,226,26
41611,220,29
41612,284,34
41613,207,26
41614,180,24
41615,243,25
41616,0,3
41617,211,25
41618,194,23
41619,137,20
41620,325,33
41621,0,3
41622,349,40
41623,256,32
41624,154,18
41625,154,23
41626,201,27
41627,170,18
41628,250,37
41629,161,24
41630,0,3
41631,267,28
41632,0,3
41633,0,3
41634,1000,23
41635,355,39
41636,163,26
41637,236,33
41638,531,32
41639,297,37
41640,248,29
41641,211,24
41642,0,3
41643,260,37
41644,309,36
41645,0,3
41646,0,3
41647,0,3
41648,0,3
41649,179,20
41650,296,32
41651,266,34
41652,0,3
41653,215,20
41654,0,3
41655,0,3
41656,0,3
41657,172,23
41658,202,26
41659,665,24
41660,0,3
41661,135,19
41662,0,3
41663,0,3
41664,291,34
41665,0,3
41666,368,37
41667,0,3
41668,0,3
41669,306,33
41670,855,24
41671,181,27
41672,556,29
41673,252,33
41674,203,27
41675,153,23
41676,231,29
41677,289,16
41678,245,25
41679,0,3
41680,115,23
41681,125,16
41682,0,3
41683,211,27
41684,147,25
41685,0,3
41686,309,36
41687,105,16
41688,257,28
41689,167,24
41690,147,16
41691,0,3
41692,442,43
41693,0,3
41694,318,35
41695,0,3
41696,345,36
41697,238,26
41698,207,19
41699,185,22
41700,0,3
41701,203,18
41702,172,24
41703,127,18
41704,0,3
41705,247,32
41706,0,3
41707,213,25
41708,92,17
41709,143,24
41710,204,18
41711,0,3
41712,0,3
41713,0,3
41714,146,21
41715,0,3
41716,302,28
41717,0,3
41718,327,38
41719,0,3
41720,0,3
41721,378,41
41722,301,37
41723,109,20
41724,238,25
41725,199,25
41726,182,19
41727,287,37
41728,0,3
41729,213,31
41730,267,15
41731,0,3
41732,190,26
41733,302,28
41734,146,20
41735,0,3
41736,238,26
41737,528,40
41738,527,35
41739,0,3
41740,191,24
41741,347,26
41742,192,24
41743,157,24
41744,418,35
41745,0,3
41746,0,3
41747,324,17
41748,176,24
41749,312,33
41750,305,30
41751,179,24
41752,292,35
41753,284,28
41754,272,24
41755,0,3
41756,292,28
41757,208,28
41758,0,3
41759,246,23
41760,111,17
41761,217,32
41762,123,15
41763,206,26
41764,0,3
41765,246,28
41766,196,26
41767,175,29
41768,263,32
41769,569,30
41770,0,3
41771,0,3
41772,0,3
41773,212,35
41774,91,13
41775,194,18
41776,242,28
41777,132,18
41778,220,34
41779,231,21
41780,0,3
41781,0,3
41782,164,23
41783,0,3
41784,570,33
41785,135,20
41786,289,34
41787,251,29
41788,293,30
41789,243,25
41790,288,38
41791,271,31
41792,0,3
41793,316,25
41794,382,32
41795,293,37
41796,453,28
41797,313,38
41798,221,28
41799,190,24
41800,206,31
41801,0,3
41802,280,36
41803,243,30
41804,0,3
41805,150,24
41806,0,3
41807,0,3
41808,196,20
41809,0,3
41810,159,24
41811,588,27
41812,0,3
41813,0,3
41814,167,27
41815,225,29
41816,0,3
41817,252,30
41818,201,25
41819,0,3
41820,0,3
41821,471,35
41822,155,23
41823,108,15
41824,341,41
41825,0,3
41826,0,3
41827,207,26
41828,1,4
41829,0,3
41830,0,3
41831,196,22
41832,334,37
41833,163,21
41834,0,3
41835,427,38
41836,156,23
41837,243,28
41838,406,18
41839,174,20
41840,157,24
41841,452,39
41842,288,30
41843,0,3
41844,273,30
41845,230,26
41846,106,21
41847,269,20
41848,0,3
41849,264,29
41850,161,23
41851,76,14
41852,0,3
41853,0,3
41854,0,3
41855,185,27
41856,332,33
41857,254,35
41858,285,34
41859,226,34
41860,264,28
41861,0,3
41862,210,32
41863,182,27
41864,159,21
41865,0,3
41866,292,28
41867,112,17
41868,68,13
41869,0,3
41870,220,27
41871,202,24
41872,164,23
41873,0,3
41874,0,3
41875,169,25
41876,0,3
41877,0,3
41878,400,25
41879,0,3
41880,194,34
41881,305,32
41882,266,30
41883,106,18
41884,249,29
41885,123,17
41886,0,3
41887,242,33
41888,258,25
41889,132,18
41890,212,26
41891,0,3
41892,0,3
41893,408,40
41894,318,34
41895,149,23
41896,331,37
41897,754,24
41898,0,3
41899,0,3
41900,273,27
41901,258,33
41902,0,3
41903,211,31
41904,0,3
41905,0,3
41906,191,21
41907,0,3
41908,0,3
41909,206,8
41910,0,3
41911,262,30
41912,153,27
41913,0,3
41914,170,22
41915,0,3
41916,0,3
41917,0,3
41918,221,31
41919,615,32
41920,198,30
41921,235,33
41922,0,3
41923,180,22
41924,171,22
41925,308,41
41926,306,35
41927,195,28
41928,0,3
41929,235,27
41930,0,3
41931,162,26
41932,245,34
41933,305,37
41934,173,23
41935,282,31
41936,113,18
41937,57,15
41938,0,3
41939,136,19
41940,0,3
41941,0,3
41942,139,20
41943,0,3
41944,0,3
41945,0,3
41946,227,34
41947,213,27
41948,210,28
41949,0,3
41950,365,36
41951,0,3
41952,313,37
41953,323,33
41954,0,3
41955,184,19
41956,212,29
41957,0,3
41958,344,33
41959,185,24
41960,166,24
41961,0,3
41962,231,29
41963,0,3
41964,0,3
41965,0,3
41966,0,3
41967,273,27
41968,173,22
41969,279,30
41970,175,29
41971,145,22
41972,204,27
41973,209,35
41974,324,25
41975,205,30
41976,316,40
41977,162,22
41978,228,36
41979,0,3
41980,249,34
41981,207,24
41982,0,3
41983,194,26
41984,234,26
41985,233,29
41986,193,27
41987,0,3
41988,0,3
41989,0,3
41990,0,3
41991,181,24
41992,276,34
41993,0,3
41994,191,29
41995,0,3
41996,0,3
41997,0,3
41998,0,3
41999,168,19
42000,292,34
42001,164,22
42002,290,39
42003,0,3
42004,215,30
42005,0,3
42006,258,34
42007,298,32
42008,179,30
42009,294,31
42010,199,26
42011,183,21
42012,0,3
42013,136,20
42014,553,22
42015,509,31
42016,0,3
42017,234,29
42018,180,24
42019,161,18
42020,198,26
42021,0,3
42022,268,33
42023,181,23
42024,149,22
42025,291,37
42026,0,3
42027,274,22
42028,0,3
42029,220,32
42030,0,3
42031,263,30
42032,286,39
42033,215,26
42034,167,21
42035,141,25
42036,0,3
42037,0,3
42038,0,3
42039,213,28
42040,232,29
42041,96,18
42042,277,29
42043,219,31
42044,0,3
42045,0,3
42046,0,3
42047,295,38
42048,108,15
42049,320,42
42050,106,15
42051,131,17
42052,187,25
42053,225,30
42054,94,18
42055,0,3
42056,358,47
42057,0,3
42058,238,30
42059,211,32
42060,249,31
42061,242,30
42062,241,28
42063,0,3
42064,118,15
42065,220,32
42066,0,3
42067,0,3
42068,188,26
42069,0,3
42070,0,3
42071,220,26
42072,620,35
42073,279,29
42074,190,23
42075,137,20
42076,188,25
42077,0,3
42078,0,3
42079,0,3
42080,0,3
42081,0,3
42082,0,3
42083,0,3
42084,0,3
42085,187,28
42086,294,41
42087,0,3
42088,211,22
42089,236,28
42090,143,19
42091,226,26
42092,0,3
42093,202,22
42094,0,3
42095,136,19
42096,311,37
42097,161,21
42098,90,15
42099,351,42
42100,119,25
42101,332,44
42102,169,20
42103,154,22
42104,182,24
42105,179,26
42106,231,30
42107,161,23
42108,217,26
42109,0,3
42110,275,33
42111,84,14
42112,0,3
42113,166,27
42114,368,46
42115,202,30
42116,0,3
42117,0,3
42118,0,3
42119,0,3
42120,200,22
42121,244,31
42122,241,34
42123,142,19
42124,290,35
42125,0,3
42126,242,34
42127,0,3
42128,266,34
42129,262,29
42130,0,3
42131,269,30
42132,0,3
42133,0,3
42134,276,32
42135,0,3
42136,239,35
42137,0,3
42138,0,3
42139,0,3
42140,0,3
42141,297,38
42142,111,20
42143,195,25
42144,169,25
42145,0,3
42146,286,30
42147,180,27
42148,406,39
42149,0,3
42150,124,19
42151,0,3
42152,153,21
42153,0,3
42154,0,3
42155,300,38
42156,369,22
42157,199,25
42158,273,34
42159,212,27
42160,132,21
42161,0,3
42162,0,3
42163,0,3
42164,282,30
42165,206,27
42166,0,3
42167,160,28
42168,221,31
42169,209,32
42170,341,33
42171,0,3
42172,196,32
42173,134,21
42174,225,34
42175,183,28
42176,0,3
42177,224,29
42178,229,24
42179,0,3
42180,306,28
42181,0,3
42182,381,43
42183,0,3
42184,213,26
42185,122,16
42186,0,3
42187,0,3
42188,346,33
42189,164,22
42190,0,3
42191,0,3
42192,80,14
42193,0,3
42194,0,3
42195,277,33
42196,140,21
42197,0,3
42198,0,3
42199,261,29
42200,212,33
42201,181,24
42202,111,17
42203,0,3
42204,0,3
42205,201,27
42206,245,29
42207,0,3
42208,2,4
42209,0,3
42210,290,35
42211,296,42
42212,0,3
42213,215,26
42214,0,3
42215,0,3
42216,0,3
42217,376,16
42218,215,30
42219,264,39
42220,187,25
42221,0,3
42222,241,29
42223,0,3
42224,210,22
42225,224,28
42226,0,3
42227,0,3
42228,0,3
42229,344,39
42230,0,3
42231,0,3
42232,200,17
42233,178,17
42234,237,27
42235,0,3
42236,376,26
42237,406,39
42238,0,3
42239,0,3
42240,181,28
42241,280,36
42242,269,30
42243,153,23
42244,0,3
42245,171,28
42246,757,28
42247,412,34
42248,262,32
42249,0,3
42250,0,3
42251,0,3
42252,0,3
42253,201,32
42254,0,3
42255,261,31
42256,333,27
42257,395,28
42258,236,33
42259,126,18
42260,309,34
42261,0,3
42262,0,3
42263,192,26
42264,0,3
42265,0,3
42266,1,4
42267,0,3
42268,0,3
42269,0,3
42270,0,3
42271,0,3
42272,289,32
42273,235,28
42274,0,3
42275,150,26
42276,194,31
42277,0,3
42278,0,3
42279,259,32
42280,221,28
42281,0,3
42282,0,3
42283,322,40
42284,149,24
42285,0,3
42286,0,3
42287,130,22
42288,0,3
42289,88,14
42290,214,27
42291,301,33
42292,266,34
42293,157,22
42294,0,3
42295,172,22
42296,0,3
42297,0,3
42298,146,21
42299,0,3
42300,0,3
42301,0,3
42302,131,22
42303,277,41
42304,165,24
42305,223,30
42306,165,25
42307,0,3
42308,182,26
42309,118,19
42310,98,13
42311,292,41
42312,0,3
42313,0,3
42314,291,32
42315,177,20
42316,0,3
42317,0,3
42318,0,3
42319,0,3
42320,306,35
42321,238,28
42322,0,3
42323,371,43
42324,225,34
42325,133,20
42326,169,19
42327,0,3
42328,0,3
42329,188,23
42330,125,15
42331,0,3
42332,315,33
42333,355,40
42334,211,30
42335,0,3
42336,260,31
42337,218,27
42338,0,3
42339,174,20
42340,0,3
42341,283,21
42342,0,3
42343,0,3
42344,0,3
42345,171,24
42346,0,3
42347,0,3
42348,203,28
42349,0,3
42350,410,23
42351,213,30
42352,254,32
42353,297,30
42354,319,21
42355,202,24
42356,143,23
42357,123,22
42358,228,34
42359,0,3
42360,248,34
42361,166,20
42362,490,39
42363,190,28
42364,0,3
42365,291,37
42366,277,30
42367,196,24
42368,184,26
42369,314,34
42370,191,20
42371,0,3
42372,0,3
42373,133,21
42374,108,16
42375,0,3
42376,220,29
42377,0,3
42378,473,22
42379,0,3
42380,0,3
42381,214,30
42382,0,3
42383,251,31
42384,0,3
42385,0,3
42386,187,23
42387,290,38
42388,156,24
42389,0,3
42390,174,22
42391,262,41
42392,214,29
42393,164,26
42394,67,12
42395,260,28
42396,253,36
42397,0,3
42398,0,3
42399,0,3
42400,255,30
42401,0,3
42402,0,3
42403,0,3
42404,251,32
42405,268,32
42406,144,24
42407,0,3
42408,140,19
42409,0,3
42410,251,38
42411,195,19
42412,120,22
42413,0,3
42414,1000,13
42415,0,3
42416,91,16
42417,355,22
42418,170,18
42419,0,3
42420,314,29
42421,151,21
42422,0,3
42423,300,28
42424,257,34
42425,217,30
42426,167,26
42427,249,33
42428,0,3
42429,0,3
42430,0,3
42431,122,22
42432,159,24
42433,203,28
42434,226,29
42435,224,32
42436,0,3
42437,399,17
42438,185,30
42439,0,3
42440,0,3
42441,241,33
42442,256,32
42443,320,39
42444,0,3
42445,538,30
42446,231,31
42447,388,36
42448,0,3
42449,0,3
42450,188,20
42451,181,22
42452,0,3
42453,359,43
42454,0,3
42455,0,3
42456,102,12
42457,178,22
42458,137,18
42459,143,21
42460,153,26
42461,76,10
42462,0,3
42463,0,3
42464,257,32
42465,160,24
42466,355,44
42467,0,3
42468,381,27
42469,0,3
42470,90,12
42471,0,3
42472,0,3
42473,0,3
42474,0,3
42475,392,33
42476,0,3
42477,0,3
42478,102,14
42479,0,3
42480,227,30
42481,207,22
42482,224,30
42483,183,29
42484,219,25
42485,226,23
42486,253,35
42487,210,29
42488,0,3
42489,188,30
42490,0,3
42491,0,3
42492,0,3
42493,224,28
42494,0,3
42495,331,26
42496,230,24
42497,227,24
42498,109,18
42499,0,3
42500,154,18
42501,0,3
42502,128,19
42503,227,30
42504,0,3
42505,168,20
42506,656,31
42507,0,3
42508,365,44
42509,371,30
42510,336,33
42511,248,30
42512,0,3
42513,179,21
42514,178,22
42515,240,34
42516,0,3
42517,145,22
42518,0,3
42519,0,3
42520,233,28
42521,199,23
42522,190,28
42523,0,3
42524,312,35
42525,0,3
42526,163,29
42527,112,16
42528,0,3
42529,210,25
42530,261,29
42531,0,3
42532,161,24
42533,0,3
42534,0,3
42535,0,3
42536,207,31
42537,225,25
42538,243,36
42539,217,31
42540,273,37
42541,270,29
42542,0,3
42543,311,37
42544,233,24
42545,205,30
42546,166,23
42547,0,3
42548,296,37
42549,301,40
42550,0,3
42551,0,3
42552,0,3
42553,0,3
42554,296,38
42555,0,3
42556,153,20
42557,180,20
42558,298,34
42559,259,23
42560,161,18
42561,163,21
42562,246,27
42563,167,20
42564,0,3
42565,180,26
42566,225,29
42567,344,28
42568,0,3
42569,164,17
42570,0,3
42571,195,24
42572,190,20
42573,214,30
42574,281,35
42575,265,36
42576,380,36
42577,243,25
42578,180,26
42579,389,34
42580,108,23
42581,157,21
42582,0,3
42583,257,34
42584,306,30
42585,229,28
42586,131,20
42587,0,3
42588,150,21
42589,174,21
42590,247,26
42591,0,3
42592,217,34
42593,313,36
42594,421,40
42595,226,31
42596,351,43
42597,0,3
42598,724,39
42599,0,3
42600,0,3
42601,164,25
42602,0,3
42603,76,16
42604,189,23
42605,201,27
42606,89,8
42607,0,3
42608,0,3
42609,394,20
42610,153,20
42611,406,34
42612,0,3
42613,204,33
42614,0,3
42615,237,23
42616,264,35
42617,218,29
42618,325,40
42619,262,30
42620,254,32
42621,152,18
42622,236,33
42623,180,27
42624,0,3
42625,210,26
42626,151,24
42627,217,24
42628,211,28
42629,0,3
42630,230,33
42631,0,3
42632,0,3
42633,188,23
42634,149,23
42635,0,3
42636,0,3
42637,272,33
42638,0,3
42639,254,36
42640,259,30
42641,0,3
42642,135,24
42643,184,26
42644,0,3
42645,278,36
42646,254,31
42647,219,28
42648,195,27
42649,0,3
42650,269,17
42651,309,40
42652,0,3
42653,0,3
42654,0,3
42655,0,3
42656,165,24
42657,177,29
42658,147,19
42659,0,3
42660,127,16
42661,0,3
42662,252,31
42663,212,26
42664,223,25
42665,246,20
42666,129,25
42667,319,35
42668,188,29
42669,186,22
42670,0,3
42671,150,28
42672,252,33
42673,0,3
42674,0,3
42675,0,3
42676,0,3
42677,192,22
42678,200,21
42679,343,38
42680,0,3
42681,0,3
42682,0,3
42683,0,3
42684,285,31
42685,190,24
42686,337,43
42687,0,3
42688,0,3
42689,0,3
42690,155,18
42691,340,34
42692,246,31
42693,179,25
42694,268,36
42695,264,38
42696,167,25
42697,0,3
42698,261,33
42699,98,14
42700,285,37
42701,334,35
42702,110,16
42703,194,24
42704,0,3
42705,300,27
42706,0,3
42707,0,3
42708,0,3
42709,197,25
42710,211,30
42711,227,29
42712,0,3
42713,0,3
42714,214,22
42715,171,27
42716,188,24
42717,0,3
42718,0,3
42719,0,3
42720,0,3
42721,305,32
42722,0,3
42723,206,26
42724,248,31
42725,143,21
42726,0,3
42727,0,3
42728,286,34
42729,218,29
42730,271,32
42731,218,36
42732,207,19
42733,111,17
42734,0,3
42735,0,3
42736,0,3
42737,252,32
42738,73,11
42739,0,3
42740,101,20
42741,347,35
42742,0,3
42743,123,18
42744,0,3
42745,281,32
42746,274,32
42747,185,26
42748,0,3
42749,234,29
42750,206,24
42751,245,29
42752,0,3
42753,236,28
42754,248,35
42755,20,7
42756,172,25
42757,134,20
42758,61,11
42759,235,28
42760,0,3
42761,195,27
42762,0,3
42763,148,19
42764,275,32
42765,0,3
42766,324,29
42767,0,3
42768,0,3
42769,297,32
42770,159,24
42771,252,32
42772,0,3
42773,0,3
42774,151,24
42775,160,21
42776,0,3
42777,70,10
42778,143,20
42779,0,3
42780,183,24
42781,0,3
42782,268,30
42783,235,23
42784,142,21
42785,194,27
42786,190,19
42787,0,3
42788,77,15
42789,148,23
42790,0,3
42791,318,40
42792,0,3
42793,231,25
42794,0,3
42795,0,3
42796,0,3
42797,0,3
42798,0,3
42799,163,17
42800,0,3
42801,155,21
42802,236,31
42803,207,25
42804,161,18
42805,280,32
42806,154,25
42807,0,3
42808,477,21
42809,0,3
42810,0,3
42811,124,19
42812,436,39
42813,0,3
42814,264,34
42815,0,3
42816,0,3
42817,270,29
42818,0,3
42819,219,27
42820,0,3
42821,199,24
42822,256,35
42823,119,17
42824,0,3
42825,359,18
42826,138,16
42827,153,23
42828,0,3
42829,227,28
42830,0,3
42831,228,30
42832,0,3
42833,215,26
42834,208,33
42835,0,3
42836,317,38
42837,0,3
42838,424,23
42839,241,26
42840,0,3
42841,0,3
42842,157,21
42843,0,3
42844,0,3
42845,89,16
42846,332,38
42847,0,3
42848,107,13
42849,357,43
42850,226,27
42851,318,40
42852,252,35
42853,0,3
42854,0,3
42855,235,32
42856,179,25
42857,235,31
42858,276,33
42859,0,3
42860,222,23
42861,175,23
42862,173,21
42863,178,23
42864,0,3
42865,309,33
42866,114,16
42867,187,28
42868,271,29
42869,222,31
42870,218,28
42871,294,38
42872,121,16
42873,284,37
42874,196,29
42875,246,37
42876,0,3
42877,295,39
42878,0,3
42879,352,30
42880,225,28
42881,182,21
42882,256,25
42883,465,25
42884,162,32
42885,255,29
42886,0,3
42887,241,36
42888,325,41
42889,0,3
42890,0,3
42891,0,3
42892,74,12
42893,0,3
42894,269,28
42895,312,42
42896,0,3
42897,283,36
42898,0,3
42899,0,3
42900,220,29
42901,0,3
42902,240,24
42903,0,3
42904,189,31
42905,0,3
42906,132,21
42907,332,26
42908,0,3
42909,0,3
42910,66,11
42911,168,22
42912,821,34
42913,157,27
42914,224,32
42915,321,32
42916,158,22
42917,0,3
42918,306,37
42919,0,3
42920,178,24
42921,0,3
42922,0,3
42923,0,3
42924,251,32
42925,0,3
42926,0,3
42927,145,20
42928,217,28
42929,296,36
42930,263,36
42931,0,3
42932,0,3
42933,0,3
42934,283,31
42935,390,28
42936,97,16
42937,343,42
42938,0,3
42939,153,25
42940,0,3
42941,0,3
42942,0,3
42943,0,3
42944,363,41
42945,258,34
42946,213,27
42947,119,19
42948,0,3
42949,0,3
42950,193,30
42951,149,16
42952,125,21
42953,0,3
42954,281,36
42955,0,3
42956,0,3
42957,0,3
42958,0,3
42959,0,3
42960,263,31
42961,0,3
42962,0,3
42963,241,28
42964,194,27
42965,892,29
42966,244,31
42967,200,33
42968,394,32
42969,290,30
42970,256,37
42971,0,3
42972,258,31
42973,151,22
42974,159,23
42975,155,19
42976,0,3
42977,97,14
42978,0,3
42979,207,25
42980,530,39
42981,159,19
42982,0,3
42983,148,24
42984,189,23
42985,0,3
42986,142,21
42987,0,3
42988,211,23
42989,0,3
42990,147,17
42991,333,25
42992,0,3
42993,0,3
42994,491,15
42995,189,27
42996,0,3
42997,262,32
42998,0,3
42999,0,3
43000,260,32
43001,418,31
43002,0,3
43003,326,37
43004,0,3
43005,137,24
43006,0,3
43007,192,34
43008,148,16
43009,0,3
43010,362,37
43011,225,29
43012,0,3
43013,0,3
43014,214,31
43015,243,31
43016,741,30
43017,132,18
43018,312,38
43019,252,25
43020,0,3
43021,0,3
43022,0,3
43023,0,3
43024,313,34
43025,0,3
43026,300,40
43027,311,40
43028,136,20
43029,347,17
43030,0,3
43031,105,17
43032,208,26
43033,229,32
43034,150,22
43035,0,3
43036,221,18
43037,148,18
43038,93,18
43039,183,24
43040,275,24
43041,219,30
43042,261,29
43043,233,31
43044,168,22
43045,129,17
43046,326,39
43047,154,21
43048,0,3
43049,331,35
43050,260,30
43051,210,36
43052,181,26
43053,276,35
43054,0,3
43055,177,23
43056,220,33
43057,0,3
43058,0,3
43059,175,25
43060,141,20
43061,0,3
43062,0,3
43063,0,3
43064,0,3
43065,144,18
43066,0,3
43067,0,3
43068,245,24
43069,229,24
43070,85,14
43071,0,3
43072,329,38
43073,263,36
43074,313,36
43075,229,26
43076,187,30
43077,235,31
43078,0,3
43079,0,3
43080,0,3
43081,199,28
43082,282,36
43083,278,37
43084,0,3
43085,181,21
43086,0,3
43087,199,22
43088,210,29
43089,285,33
43090,293,33
43091,129,19
43092,0,3
43093,169,25
43094,219,30
43095,172,23
43096,246,29
43097,283,39
43098,0,3
43099,0,3
43100,0,3
43101,0,3
43102,224,27
43103,1000,3
43104,410,43
43105,0,3
43106,350,30
43107,199,30
43108,295,24
43109,0,3
43110,252,28
43111,244,33
43112,0,3
43113,319,32
43114,142,22
43115,272,30
43116,255,32
43117,129,18
43118,311,37
43119,156,24
43120,0,3
43121,256,28
43122,0,3
43123,194,27
43124,238,38
43125,232,28
43126,231,34
43127,0,3
43128,0,3
43129,285,31
43130,211,34
43131,0,3
43132,142,19
43133,0,3
43134,160,20
43135,179,31
43136,0,3
43137,27,8
43138,0,3
43139,0,3
43140,541,33
43141,344,21
43142,188,22
43143,0,3
43144,0,3
43145,127,21
43146,0,3
43147,198,31
43148,0,3
43149,75,15
43150,0,3
43151,0,3
43152,0,3
43153,342,36
43154,243,23
43155,0,3
43156,256,33
43157,178,10
43158,0,3
43159,123,17
43160,198,27
43161,0,3
43162,310,35
43163,157,18
43164,245,28
43165,259,36
43166,283,19
43167,244,29
43168,389,29
43169,0,3
43170,0,3
43171,215,27
43172,0,3
43173,0,3
43174,228,16
43175,272,35
43176,0,3
43177,0,3
43178,158,23
43179,253,25
43180,0,3
43181,0,3
43182,178,18
43183,0,3
43184,473,21
43185,266,26
43186,0,3
43187,126,22
43188,0,3
43189,149,22
43190,409,31
43191,0,3
43192,269,31
43193,185,26
43194,242,26
43195,0,3
43196,0,3
43197,212,25
43198,227,28
43199,158,22
43200,115,22
43201,116,16
43202,0,3
43203,0,3
43204,0,3
43205,0,3
43206,0,3
43207,139,19
43208,0,3
43209,129,18
43210,270,34
43211,0,3
43212,203,33
43213,533,31
43214,170,21
43215,210,27
43216,0,3
43217,0,3
43218,327,37
43219,135,24
43220,92,14
43221,180,30
43222,223,31
43223,0,3
43224,174,23
43225,355,35
43226,0,3
43227,0,3
43228,173,24
43229,216,26
43230,346,30
43231,0,3
43232,251,28
43233,0,3
43234,139,19
43235,230,31
43236,0,3
43237,0,3
43238,109,16
43239,100,14
43240,471,33
43241,0,3
43242,0,3
43243,0,3
43244,229,28
43245,332,47
43246,0,3
43247,195,32
43248,0,3
43249,180,23
43250,217,29
43251,118,17
43252,217,22
43253,196,22
43254,0,3
43255,278,28
43256,253,34
43257,197,19
43258,149,23
43259,155,19
43260,0,3
43261,248,31
43262,223,29
43263,207,27
43264,0,3
43265,0,3
43266,372,41
43267,0,3
43268,282,33
43269,262,28
43270,316,41
43271,143,21
43272,188,25
43273,172,20
43274,180,21
43275,182,28
43276,188,23
43277,0,3
43278,0,3
43279,218,32
43280,245,24
43281,0,3
43282,0,3
43283,118,22
43284,146,20
43285,212,29
43286,289,26
43287,0,3
43288,129,16
43289,48,13
43290,217,32
43291,124,20
43292,201,22
43293,0,3
43294,226,23
43295,202,34
43296,240,30
43297,149,20
43298,200,29
43299,0,3
43300,201,28
43301,382,33
43302,116,19
43303,321,39
43304,468,22
43305,266,30
43306,210,27
43307,0,3
43308,149,26
43309,0,3
43310,0,3
43311,0,3
43312,278,35
43313,0,3
43314,286,33
43315,148,18
43316,224,23
43317,0,3
43318,187,21
43319,444,25
43320,0,3
43321,0,3
43322,188,18
43323,201,25
43324,0,3
43325,284,35
43326,0,3
43327,339,39
43328,267,34
43329,0,3
43330,0,3
43331,0,3
43332,153,22
43333,222,26
43334,191,24
43335,281,35
43336,0,3
43337,0,3
43338,180,28
43339,176,24
43340,0,3
43341,0,3
43342,192,27
43343,266,32
43344,0,3
43345,196,23
43346,123,21
43347,86,17
43348,0,3
43349,288,34
43350,193,23
43351,431,50
43352,158,22
43353,320,37
43354,281,28
43355,134,19
43356,221,26
43357,0,3
43358,0,3
43359,140,25
43360,239,29
43361,0,3
43362,0,3
43363,221,30
43364,0,3
43365,0,3
43366,0,3
43367,201,22
43368,0,3
43369,387,25
43370,0,3
43371,188,24
43372,299,36
43373,199,29
43374,0,3
43375,0,3
43376,0,3
43377,0,3
43378,209,30
43379,84,15
43380,145,23
43381,454,29
43382,212,25
43383,238,31
43384,0,3
43385,0,3
43386,0,3
43387,0,3
43388,0,3
43389,351,34
43390,239,24
43391,161,19
43392,0,3
43393,231,25
43394,73,16
43395,314,36
43396,0,3
43397,198,30
43398,205,27
43399,346,30
43400,1000,6
43401,0,3
43402,159,22
43403,221,35
43404,324,36
43405,207,30
43406,110,17
43407,182,23
43408,169,17
43409,300,36
43410,0,3
43411,0,3
43412,402,26
43413,134,22
43414,864,31
43415,200,26
43416,281,40
43417,0,3
43418,245,30
43419,162,22
43420,330,29
43421,276,43
43422,258,30
43423,0,3
43424,155,16
43425,0,3
43426,191,22
43427,224,23
43428,211,24
43429,432,44
43430,0,3
43431,260,24
43432,0,3
43433,120,11
43434,0,3
43435,190,23
43436,294,35
43437,268,37
43438,279,34
43439,187,25
43440,309,34
43441,337,36
43442,141,18
43443,0,3
43444,165,24
43445,802,16
43446,250,29
43447,0,3
43448,0,3
43449,293,35
43450,389,36
43451,0,3
43452,166,24
43453,299,36
43454,370,36
43455,145,22
43456,334,39
43457,422,37
43458,221,27
43459,101,16
43460,268,31
43461,0,3
43462,279,28
43463,181,25
43464,0,3
43465,273,35
43466,215,25
43467,200,29
43468,165,26
43469,230,23
43470,214,31
43471,0,3
43472,196,23
43473,0,3
43474,0,3
43475,0,3
43476,0,3
43477,0,3
43478,0,3
43479,191,28
43480,0,3
43481,0,3
43482,217,29
43483,154,18
43484,0,3
43485,127,18
43486,172,21
43487,0,3
43488,406,35
43489,0,3
43490,193,25
43491,0,3
43492,308,37
43493,0,3
43494,0,3
43495,222,28
43496,0,3
43497,215,34
43498,0,3
43499,0,3
43500,0,3
43501,223,25
43502,279,33
43503,146,20
43504,182,26
43505,278,33
43506,0,3
43507,201,28
43508,0,3
43509,0,3
43510,0,3
43511,289,35
43512,104,18
43513,257,23
43514,102,16
43515,0,3
43516,211,26
43517,168,24
43518,185,26
43519,160,16
43520,185,25
43521,0,3
43522,193,27
43523,235,35
43524,622,28
43525,224,25
43526,0,3
43527,0,3
43528,0,3
43529,0,3
43530,0,3
43531,0,3
43532,426,25
43533,304,35
43534,508,20
43535,313,27
43536,225,21
43537,184,35
43538,133,20
43539,179,23
43540,0,3
43541,374,39
43542,176,26
43543,315,35
43544,150,26
43545,164,18
43546,137,18
43547,302,40
43548,209,27
43549,240,30
43550,221,25
43551,173,27
43552,149,24
43553,162,23
43554,294,32
43555,0,3
43556,160,21
43557,293,34
43558,101,18
43559,0,3
43560,0,3
43561,317,24
43562,191,19
43563,142,22
43564,0,3
43565,0,3
43566,0,3
43567,327,36
43568,203,28
43569,173,25
43570,827,23
43571,0,3
43572,324,39
43573,211,30
43574,0,3
43575,0,3
43576,224,27
43577,0,3
43578,0,3
43579,205,27
43580,236,28
43581,196,25
43582,249,34
43583,223,27
43584,223,36
43585,117,17
43586,0,3
43587,176,25
43588,0,3
43589,270,31
43590,0,3
43591,135,19
43592,0,3
43593,360,38
43594,93,16
43595,0,3
43596,148,20
43597,238,26
43598,181,24
43599,299,30
43600,0,3
43601,290,35
43602,0,3
43603,0,3
43604,136,19
43605,173,22
43606,27,6
43607,216,27
43608,167,18
43609,0,3
43610,335,22
43611,149,23
43612,115,19
43613,131,20
43614,205,24
43615,0,3
43616,237,24
43617,0,3
43618,198,28
43619,189,25
43620,0,3
43621,0,3
43622,214,30
43623,0,3
43624,109,15
43625,190,25
43626,189,29
43627,226,36
43628,216,23
43629,126,21
43630,123,18
43631,333,38
43632,193,23
43633,263,22
43634,238,28
43635,370,31
43636,262,30
43637,258,34
43638,0,3
43639,0,3
43640,198,24
43641,199,28
43642,236,31
43643,0,3
43644,0,3
43645,150,21
43646,222,16
43647,229,27
43648,0,3
43649,179,20
43650,0,3
43651,157,25
43652,0,3
43653,451,19
43654,102,14
43655,0,3
43656,310,42
43657,0,3
43658,224,27
43659,0,3
43660,0,3
43661,0,3
43662,174,24
43663,276,35
43664,121,19
43665,174,21
43666,222,26
43667,235,29
43668,70,13
43669,268,32
43670,279,30
43671,179,24
43672,0,3
43673,190,25
43674,0,3
43675,143,24
43676,0,3
43677,227,26
43678,327,33
43679,0,3
43680,237,26
43681,0,3
43682,0,3
43683,0,3
43684,0,3
43685,367,44
43686,275,35
43687,388,44
43688,0,3
43689,231,27
43690,0,3
43691,289,33
43692,228,29
43693,271,31
43694,437,36
43695,125,15
43696,263,28
43697,0,3
43698,0,3
43699,253,28
43700,207,21
43701,0,3
43702,164,19
43703,138,19
43704,233,29
43705,45,12
43706,204,26
43707,178,27
43708,476,28
43709,177,25
43710,0,3
43711,177,26
43712,0,3
43713,246,29
43714,190,26
43715,377,33
43716,176,22
43717,229,24
43718,93,14
43719,0,3
43720,0,3
43721,0,3
43722,216,28
43723,411,43
43724,0,3
43725,170,25
43726,168,22
43727,105,18
43728,0,3
43729,0,3
43730,216,24
43731,200,24
43732,168,21
43733,218,28
43734,313,35
43735,226,22
43736,261,33
43737,140,19
43738,0,3
43739,0,3
43740,0,3
43741,160,24
43742,156,20
43743,225,24
43744,0,3
43745,0,3
43746,289,32
43747,191,30
43748,198,24
43749,0,3
43750,258,32
43751,144,17
43752,162,23
43753,208,30
43754,0,3
43755,0,3
43756,160,20
43757,240,30
43758,0,3
43759,376,33
43760,254,34
43761,0,3
43762,226,31
43763,291,39
43764,167,18
43765,170,22
43766,162,17
43767,226,30
43768,244,33
43769,0,3
43770,0,3
43771,0,3
43772,294,38
43773,0,3
43774,129,14
43775,125,20
43776,271,29
43777,0,3
43778,159,24
43779,218,28
43780,148,27
43781,102,22
43782,932,25
43783,0,3
43784,205,24
43785,187,21
43786,0,3
43787,149,27
43788,235,31
43789,146,21
43790,0,3
43791,231,29
43792,0,3
43793,277,38
43794,149,20
43795,158,23
43796,291,34
43797,329,19
43798,90,14
43799,281,35
43800,186,29
43801,0,3
43802,195,24
43803,0,3
43804,14,5
43805,119,17
43806,280,32
43807,0,3
43808,242,31
43809,219,30
43810,0,3
43811,264,33
43812,0,3
43813,197,30
43814,186,22
43815,173,22
43816,94,14
43817,239,24
43818,0,3
43819,0,3
43820,0,3
43821,0,3
43822,222,31
43823,155,23
43824,0,3
43825,259,35
43826,119,20
43827,0,3
43828,204,29
43829,277,35
43830,0,3
43831,119,16
43832,0,3
43833,0,3
43834,166,23
43835,200,24
43836,0,3
43837,361,50
43838,137,19
43839,0,3
43840,225,31
43841,0,3
43842,0,3
43843,866,32
43844,228,35
43845,100,15
43846,127,18
43847,0,3
43848,284,33
43849,0,3
43850,277,33
43851,247,32
43852,0,3
43853,421,35
43854,188,23
43855,222,30
43856,189,22
43857,200,19
43858,0,3
43859,0,3
43860,219,26
43861,0,3
43862,237,25
43863,214,26
43864,144,18
43865,208,25
43866,104,16
43867,0,3
43868,246,29
43869,289,39
43870,141,25
43871,0,3
43872,260,32
43873,0,3
43874,269,40
43875,258,36
43876,0,3
43877,261,29
43878,294,21
43879,0,3
43880,276,31
43881,238,35
43882,156,24
43883,0,3
43884,152,22
43885,320,45
43886,0,3
43887,213,28
43888,0,3
43889,252,34
43890,193,25
43891,164,25
43892,0,3
43893,131,21
43894,0,3
43895,177,26
43896,192,29
43897,0,3
43898,0,3
43899,537,34
43900,0,3
43901,350,43
43902,281,30
43903,317,31
43904,187,23
43905,207,37
43906,238,25
43907,211,24
43908,0,3
43909,253,29
43910,0,3
43911,218,30
43912,211,25
43913,150,20
43914,126,18
43915,201,28
43916,256,34
43917,0,3
43918,0,3
43919,303,25
43920,236,27
43921,0,3
43922,212,26
43923,155,21
43924,279,34
43925,150,21
43926,0,3
43927,92,14
43928,0,3
43929,0,3
43930,219,24
43931,0,3
43932,106,18
43933,0,3
43934,0,3
43935,164,24
43936,0,3
43937,0,3
43938,279,36
43939,0,3
43940,218,27
43941,245,21
43942,239,30
43943,198,25
43944,157,23
43945,171,25
43946,44,9
43947,615,21
43948,0,3
43949,0,3
43950,210,31
43951,180,23
43952,163,24
43953,241,32
43954,251,31
43955,333,35
43956,216,27
43957,275,39
43958,259,33
43959,0,3
43960,294,35
43961,0,3
43962,50,8
43963,205,27
43964,0,3
43965,0,3
43966,0,3
43967,0,3
43968,287,27
43969,0,3
43970,0,3
43971,240,31
43972,264,32
43973,242,25
43974,181,21
43975,153,19
43976,0,3
43977,227,37
43978,206,25
43979,249,32
43980,166,21
43981,0,3
43982,276,32
43983,209,26
43984,0,3
43985,0,3
43986,138,23
43987,557,33
43988,182,20
43989,259,27
43990,181,25
43991,475,35
43992,217,29
43993,200,30
43994,117,21
43995,0,3
43996,223,24
43997,232,26
43998,0,3
43999,346,41
44000,0,3
44001,0,3
44002,278,30
44003,130,16
44004,318,36
44005,0,3
44006,186,25
44007,0,3
44008,0,3
44009,311,36
44010,136,18
44011,326,36
44012,272,35
44013,184,27
44014,0,3
44015,209,30
44016,293,34
44017,269,28
44018,123,20
44019,200,28
44020,113,16
44021,259,31
44022,0,3
44023,128,23
44024,169,26
44025,167,25
44026,127,26
44027,0,3
44028,155,25
44029,0,3
44030,0,3
44031,0,3
44032,0,3
44033,215,23
44034,106,16
44035,271,29
44036,93,13
44037,0,3
44038,186,21
44039,290,38
44040,0,3
44041,212,29
44042,0,3
44043,221,32
44044,214,27
44045,367,39
44046,202,25
44047,0,3
44048,0,3
44049,0,3
44050,68,13
44051,163,33
44052,158,26
44053,166,24
44054,0,3
44055,237,30
44056,243,36
44057,118,20
44058,0,3
44059,295,33
44060,137,19
44061,184,27
44062,0,3
44063,0,3
44064,87,15
44065,213,23
44066,0,3
44067,110,20
44068,216,27
44069,0,3
44070,614,24
44071,202,25
44072,0,3
44073,0,3
44074,186,31
44075,0,3
44076,64,9
44077,291,37
44078,197,26
44079,0,3
44080,0,3
44081,126,20
44082,0,3
44083,0,3
44084,245,31
44085,99,16
44086,89,13
44087,153,22
44088,168,22
44089,191,31
44090,101,20
44091,0,3
44092,0,3
44093,181,27
44094,99,16
44095,201,26
44096,326,28
44097,0,3
44098,207,26
44099,0,3
44100,145,22
44101,371,43
44102,284,33
44103,0,3
44104,0,3
44105,339,33
44106,0,3
44107,262,32
44108,310,25
44109,264,27
44110,0,3
44111,244,31
44112,224,29
44113,236,26
44114,0,3
44115,266,29
44116,0,3
44117,280,34
44118,203,25
44119,376,22
44120,0,3
44121,0,3
44122,345,22
44123,277,30
44124,155,24
44125,343,38
44126,227,28
44127,249,29
44128,182,17
44129,140,28
44130,250,29
44131,280,34
44132,157,21
44133,183,18
44134,315,33
44135,0,3
44136,176,25
44137,340,43
44138,135,15
44139,130,19
44140,0,3
44141,171,26
44142,202,28
44143,305,41
44144,0,3
44145,252,29
44146,263,33
44147,0,3
44148,269,21
44149,0,3
44150,339,35
44151,110,15
44152,205,31
44153,260,39
44154,202,24
44155,239,25
44156,186,21
44157,287,35
44158,0,3
44159,257,27
44160,305,18
44161,0,3
44162,0,3
44163,0,3
44164,0,3
44165,137,21
44166,242,30
44167,0,3
44168,243,31
44169,0,3
44170,0,3
44171,209,26
44172,257,38
44173,0,3
44174,0,3
44175,0,3
44176,740,39
44177,356,23
44178,0,3
44179,205,22
44180,0,3
44181,147,23
44182,316,35
44183,251,32
44184,0,3
44185,184,24
44186,203,26
44187,0,3
44188,0,3
44189,230,33
44190,150,19
44191,114,18
44192,0,3
44193,241,35
44194,147,16
44195,236,32
44196,197,27
44197,214,27
44198,0,3
44199,161,26
44200,0,3
44201,0,3
44202,183,23
44203,0,3
44204,161,19
44205,130,19
44206,161,22
44207,148,20
44208,380,15
44209,308,25
44210,0,3
44211,206,30
44212,0,3
44213,0,3
44214,0,3
44215,234,25
44216,236,24
44217,256,28
44218,140,20
44219,388,33
44220,59,11
44221,334,31
44222,213,28
44223,0,3
44224,0,3
44225,261,32
44226,150,22
44227,0,3
44228,76,14
44229,186,22
44230,0,3
44231,229,30
44232,192,26
44233,147,19
44234,187,21
44235,243,26
44236,63,10
44237,306,37
44238,214,28
44239,299,37
44240,0,3
44241,189,27
44242,351,41
44243,0,3
44244,0,3
44245,149,20
44246,165,20
44247,225,30
44248,240,25
44249,0,3
44250,177,22
44251,0,3
44252,0,3
44253,0,3
44254,0,3
44255,0,3
44256,177,21
44257,282,33
44258,0,3
44259,181,26
44260,171,28
44261,806,28
44262,0,3
44263,0,3
44264,194,27
44265,236,29
44266,0,3
44267,0,3
44268,186,24
44269,169,25
44270,139,17
44271,0,3
44272,466,29
44273,96,15
44274,257,32
44275,226,28
44276,193,20
44277,491,35
44278,151,20
44279,0,3
44280,1000,20
44281,388,45
44282,221,32
44283,185,24
44284,234,20
44285,140,18
44286,271,42
44287,270,35
44288,145,20
44289,105,17
44290,0,3
44291,283,32
44292,0,3
44293,210,25
44294,101,18
44295,0,3
44296,323,39
44297,92,15
44298,262,30
44299,220,24
44300,0,3
44301,328,33
44302,400,32
44303,0,3
44304,0,3
44305,284,28
44306,254,27
44307,178,18
44308,0,3
44309,238,24
44310,0,3
44311,151,18
44312,0,3
44313,405,33
44314,0,3
44315,99,16
44316,265,29
44317,0,3
44318,229,34
44319,117,17
44320,93,19
44321,0,3
44322,254,27
44323,0,3
44324,254,34
44325,183,24
44326,101,14
44327,0,3
44328,133,26
44329,0,3
44330,122,22
44331,171,25
44332,200,27
44333,0,3
44334,669,23
44335,171,25
44336,0,3
44337,195,33
44338,151,25
44339,342,42
44340,233,29
44341,0,3
44342,302,41
44343,317,27
44344,258,33
44345,0,3
44346,212,30
44347,0,3
44348,264,32
44349,141,24
44350,0,3
44351,0,3
44352,0,3
44353,312,36
44354,300,25
44355,0,3
44356,204,24
44357,0,3
44358,359,29
44359,222,31
44360,0,3
44361,86,17
44362,244,32
44363,151,18
44364,203,29
44365,0,3
44366,346,36
44367,0,3
44368,359,43
44369,0,3
44370,340,40
44371,283,41
44372,120,21
44373,0,3
44374,167,17
44375,144,23
44376,229,32
44377,221,25
44378,143,23
44379,228,27
44380,183,23
44381,0,3
44382,150,29
44383,250,33
44384,309,42
44385,195,24
44386,171,20
44387,0,3
44388,128,17
44389,0,3
44390,0,3
44391,167,19
44392,0,3
44393,0,3
44394,231,32
44395,129,18
44396,0,3
44397,184,24
44398,253,22
44399,231,29
44400,278,32
44401,0,3
44402,124,17
44403,218,29
44404,278,39
44405,0,3
44406,242,29
44407,148,20
44408,210,29
44409,0,3
44410,226,27
44411,0,3
44412,0,3
44413,0,3
44414,0,3
44415,219,28
44416,293,41
44417,0,3
44418,257,32
44419,69,13
44420,0,3
44421,175,23
44422,0,3
44423,0,3
44424,0,3
44425,340,34
44426,172,23
44427,236,28
44428,222,25
44429,0,3
44430,220,31
44431,69,12
44432,0,3
44433,42,9
44434,241,31
44435,277,29
44436,0,3
44437,0,3
44438,147,18
44439,293,32
44440,189,21
44441,173,31
44442,222,29
44443,159,25
44444,191,27
44445,130,18
44446,125,18
44447,0,3
44448,0,3
44449,316,35
44450,0,3
44451,241,29
44452,151,21
44453,176,23
44454,202,23
44455,264,28
44456,0,3
44457,160,23
44458,310,38
44459,0,3
44460,0,3
44461,341,38
44462,22,6
44463,0,3
44464,0,3
44465,0,3
44466,137,27
44467,0,3
44468,109,16
44469,169,24
44470,172,21
44471,139,24
44472,663,28
44473,186,24
44474,115,16
44475,264,31
44476,206,30
44477,229,29
44478,0,3
44479,0,3
44480,328,31
44481,234,31
44482,0,3
44483,0,3
44484,110,17
44485,323,41
44486,0,3
44487,199,11
44488,148,22
44489,233,38
44490,254,24
44491,101,18
44492,0,3
44493,0,3
44494,226,25
44495,0,3
44496,235,27
44497,0,3
44498,0,3
44499,0,3
44500,0,3
44501,0,3
44502,225,33
44503,64,15
44504,314,32
44505,0,3
44506,0,3
44507,318,32
44508,0,3
44509,248,26
44510,371,46
44511,0,3
44512,185,23
44513,874,31
44514,0,3
44515,119,22
44516,236,28
44517,201,27
44518,258,31
44519,0,3
44520,0,3
44521,315,36
44522,0,3
44523,223,27
44524,147,13
44525,0,3
44526,306,36
44527,0,3
44528,0,3
44529,0,3
44530,599,30
44531,255,33
44532,209,23
44533,222,31
44534,190,17
44535,0,3
44536,181,25
44537,255,36
44538,230,34
44539,267,31
44540,0,3
44541,0,3
44542,196,24
44543,203,30
44544,0,3
44545,298,36
44546,0,3
44547,284,31
44548,114,19
44549,0,3
44550,246,39
44551,204,24
44552,223,31
44553,233,31
44554,263,34
44555,292,30
44556,134,17
44557,198,20
44558,0,3
44559,256,30
44560,237,31
44561,0,3
44562,313,30
44563,272,26
44564,196,30
44565,308,35
44566,0,3
44567,191,21
44568,239,28
44569,0,3
44570,222,32
44571,136,26
44572,167,21
44573,97,11
44574,0,3
44575,232,29
44576,277,34
44577,141,25
44578,0,3
44579,283,38
44580,170,21
44581,0,3
44582,215,26
44583,170,21
44584,0,3
44585,0,3
44586,193,23
44587,52,14
44588,214,25
44589,211,29
44590,87,14
44591,0,3
44592,177,23
44593,0,3
44594,234,26
44595,180,22
44596,299,24
44597,0,3
44598,366,26
44599,217,33
44600,0,3
44601,217,28
44602,0,3
44603,0,3
44604,299,32
44605,0,3
44606,295,31
44607,0,3
44608,237,36
44609,178,27
44610,105,20
44611,320,31
44612,176,25
44613,210,26
44614,0,3
44615,0,3
44616,0,3
44617,157,25
44618,0,3
44619,201,28
44620,239,28
44621,0,3
44622,0,3
44623,0,3
44624,0,3
44625,0,3
44626,0,3
44627,89,16
44628,236,31
44629,208,24
44630,0,3
44631,223,30
44632,225,29
44633,245,31
44634,170,22
44635,199,21
44636,225,28
44637,176,24
44638,0,3
44639,319,35
44640,144,18
44641,233,27
44642,221,28
44643,0,3
44644,0,3
44645,359,34
44646,244,28
44647,0,3
44648,0,3
44649,196,27
44650,0,3
44651,163,22
44652,330,39
44653,266,40
44654,153,18
44655,269,31
44656,0,3
44657,154,19
44658,0,3
44659,189,24
44660,0,3
44661,150,15
44662,174,26
44663,142,20
44664,0,3
44665,0,3
44666,86,17
44667,247,30
44668,0,3
44669,102,19
44670,135,18
44671,0,3
44672,94,15
44673,275,35
44674,359,34
44675,248,31
44676,241,27
44677,0,3
44678,242,32
44679,76,11
44680,129,18
44681,0,3
44682,0,3
44683,0,3
44684,229,28
44685,147,20
44686,183,24
44687,0,3
44688,0,3
44689,0,3
44690,150,19
44691,0,3
44692,138,19
44693,218,24
44694,0,3
44695,0,3
44696,64,13
44697,244,36
44698,148,19
44699,312,42
44700,0,3
44701,0,3
44702,280,25
44703,176,24
44704,0,3
44705,231,35
44706,206,33
44707,0,3
44708,0,3
44709,199,24
44710,0,3
44711,0,3
44712,211,34
44713,183,25
44714,0,3
44715,0,3
44716,136,22
44717,0,3
44718,0,3
44719,291,33
44720,0,3
44721,0,3
44722,287,29
44723,0,3
44724,131,18
44725,0,3
44726,249,30
44727,154,23
44728,0,3
44729,0,3
44730,0,3
44731,227,23
44732,261,33
44733,311,34
44734,230,25
44735,187,29
44736,232,30
44737,0,3
44738,307,26
44739,81,13
44740,308,30
44741,0,3
44742,205,27
44743,253,37
44744,0,3
44745,317,36
44746,0,3
44747,178,28
44748,311,38
44749,179,22
44750,222,26
44751,0,3
44752,203,32
44753,0,3
44754,0,3
44755,261,33
44756,193,20
44757,114,13
44758,0,3
44759,228,27
44760,241,27
44761,192,27
44762,0,3
44763,215,27
44764,185,27
44765,0,3
44766,263,30
44767,0,3
44768,186,25
44769,394,42
44770,127,19
44771,138,16
44772,163,22
44773,175,28
44774,169,21
44775,248,32
44776,0,3
44777,120,17
44778,271,36
44779,209,26
44780,0,3
44781,239,27
44782,277,34
44783,0,3
44784,297,36
44785,282,33
44786,0,3
44787,299,28
44788,0,3
44789,194,16
44790,255,34
44791,266,32
44792,294,38
44793,280,33
44794,0,3
44795,0,3
44796,385,38
44797,173,26
44798,0,3
44799,0,3
44800,119,17
44801,580,38
44802,261,40
44803,255,32
44804,0,3
44805,155,23
44806,239,31
44807,263,28
44808,0,3
44809,173,22
44810,0,3
44811,204,25
44812,0,3
44813,212,27
44814,0,3
44815,172,22
44816,291,39
44817,224,29
44818,0,3
44819,289,32
44820,230,26
44821,193,19
44822,207,25
44823,0,3
44824,177,25
44825,192,30
44826,231,30
44827,0,3
44828,216,26
44829,0,3
44830,95,16
44831,328,38
44832,0,3
44833,0,3
44834,226,31
44835,0,3
44836,0,3
44837,751,31
44838,0,3
44839,175,24
44840,0,3
44841,291,30
44842,222,28
44843,0,3
44844,232,30
44845,179,26
44846,0,3
44847,0,3
44848,0,3
44849,335,33
44850,0,3
44851,170,19
44852,212,23
44853,0,3
44854,72,18
44855,183,32
44856,0,3
44857,0,3
44858,175,25
44859,0,3
44860,161,28
44861,266,32
44862,0,3
44863,0,3
44864,0,3
44865,0,3
44866,386,36
44867,222,26
44868,203,22
44869,0,3
44870,299,33
44871,124,20
44872,0,3
44873,0,3
44874,280,34
44875,176,22
44876,222,28
44877,190,26
44878,220,26
44879,0,3
44880,301,25
44881,231,30
44882,165,24
44883,212,28
44884,233,30
44885,230,22
44886,286,31
44887,157,22
44888,164,18
44889,331,32
44890,284,38
44891,0,3
44892,0,3
44893,0,3
44894,0,3
44895,155,28
44896,0,3
44897,0,3
44898,0,3
44899,240,24
44900,0,3
44901,402,26
44902,0,3
44903,228,25
44904,226,32
44905,0,3
44906,241,32
44907,0,3
44908,288,33
44909,0,3
44910,281,40
44911,89,17
44912,239,36
44913,0,3
44914,52,12
44915,198,26
44916,0,3
44917,264,31
44918,312,36
44919,127,14
44920,0,3
44921,407,29
44922,188,28
44923,250,31
44924,0,3
44925,0,3
44926,259,29
44927,516,23
44928,648,40
44929,0,3
44930,164,15
44931,0,3
44932,288,39
44933,130,16
44934,0,3
44935,174,24
44936,233,28
44937,190,19
44938,217,30
44939,0,3
44940,227,31
44941,175,22
44942,217,27
44943,0,3
44944,222,26
44945,0,3
44946,0,3
44947,310,40
44948,0,3
44949,182,26
44950,201,20
44951,0,3
44952,233,24
44953,334,41
44954,181,26
44955,250,29
44956,108,13
44957,0,3
44958,173,23
44959,84,16
44960,218,34
44961,168,29
44962,299,32
44963,0,3
44964,229,26
44965,0,3
44966,0,3
44967,263,33
44968,464,39
44969,235,29
44970,206,23
44971,0,3
44972,221,32
44973,401,47
44974,286,35
44975,165,22
44976,172,26
44977,0,3
44978,0,3
44979,313,35
44980,158,23
44981,122,18
44982,0,3
44983,151,23
44984,177,21
44985,236,32
44986,0,3
44987,206,30
44988,243,23
44989,113,19
44990,389,27
44991,238,24
44992,257,32
44993,180,22
44994,118,18
44995,0,3
44996,0,3
44997,201,26
44998,279,30
44999,290,35
45000,0,3
45001,334,35
45002,248,33
45003,172,30
45004,61,14
45005,199,25
45006,226,31
45007,132,16
45008,0,3
45009,183,25
45010,237,26
45011,91,14
45012,0,3
45013,128,16
45014,0,3
45015,0,3
45016,158,20
45017,197,27
45018,144,25
45019,0,3
45020,0,3
45021,463,34
45022,120,20
45023,0,3
45024,238,24
45025,157,28
45026,251,23
45027,0,3
45028,0,3
45029,175,25
45030,0,3
45031,0,3
45032,0,3
45033,171,24
45034,0,3
45035,136,21
45036,0,3
45037,0,3
45038,0,3
45039,0,3
45040,132,22
45041,546,29
45042,0,3
45043,264,32
45044,225,32
45045,0,3
45046,380,40
45047,153,25
45048,164,27
45049,0,3
45050,248,32
45051,106,16
45052,194,28
45053,150,23
45054,612,24
45055,362,34
45056,179,21
45057,221,31
45058,164,24
45059,328,34
45060,171,19
45061,0,3
45062,0,3
45063,172,28
45064,259,36
45065,0,3
45066,261,34
45067,0,3
45068,233,16
45069,242,30
45070,241,26
45071,0,3
45072,158,26
45073,0,3
45074,237,24
45075,0,3
45076,0,3
45077,0,3
45078,0,3
45079,194,29
45080,246,27
45081,272,24
45082,255,24
45083,0,3
45084,177,23
45085,255,35
45086,126,22
45087,149,19
45088,255,28
45089,153,23
45090,209,26
45091,201,25
45092,0,3
45093,277,37
45094,201,32
45095,444,29
45096,210,25
45097,211,32
45098,205,25
45099,0,3
45100,95,12
45101,165,24
45102,261,34
45103,198,30
45104,348,21
45105,141,19
45106,0,3
45107,266,33
45108,199,26
45109,98,17
45110,138,23
45111,148,23
45112,306,35
45113,0,3
45114,233,28
45115,181,21
45116,0,3
45117,164,23
45118,196,30
45119,174,31
45120,0,3
45121,0,3
45122,220,29
45123,0,3
45124,235,27
45125,0,3
45126,0,3
45127,0,3
45128,0,3
45129,113,19
45130,0,3
45131,0,3
45132,0,3
45133,102,18
45134,110,15
45135,0,3
45136,270,24
45137,0,3
45138,103,16
45139,0,3
45140,329,38
45141,199,26
45142,0,3
45143,461,20
45144,0,3
45145,179,19
45146,0,3
45147,0,3
45148,244,34
45149,224,28
45150,0,3
45151,197,24
45152,0,3
45153,0,3
45154,0,3
45155,153,21
45156,0,3
45157,0,3
45158,0,3
45159,319,28
45160,205,20
45161,421,22
45162,205,30
45163,0,3
45164,0,3
45165,229,30
45166,0,3
45167,184,20
45168,313,41
45169,176,26
45170,148,21
45171,156,19
45172,0,3
45173,0,3
45174,0,3
45175,163,19
45176,0,3
45177,234,33
45178,302,34
45179,0,3
45180,234,26
45181,0,3
45182,188,24
45183,0,3
45184,280,30
45185,170,26
45186,121,23
45187,199,24
45188,0,3
45189,0,3
45190,240,25
45191,288,36
45192,250,31
45193,211,14
45194,263,25
45195,0,3
45196,240,37
45197,158,16
45198,0,3
45199,322,38
45200,0,3
45201,173,21
45202,0,3
45203,0,3
45204,0,3
45205,243,29
45206,0,3
45207,0,3
45208,228,27
45209,228,32
45210,229,28
45211,207,26
45212,0,3
45213,215,28
45214,142,22
45215,635,33
45216,0,3
45217,0,3
45218,0,3
45219,176,23
45220,487,34
45221,241,26
45222,244,30
45223,0,3
45224,168,18
45225,389,22
45226,158,20
45227,88,16
45228,0,3
45229,191,25
45230,277,20
45231,0,3
45232,0,3
45233,331,39
45234,171,16
45235,0,3
45236,229,22
45237,0,3
45238,0,3
45239,0,3
45240,107,16
45241,145,23
45242,290,30
45243,358,31
45244,0,3
45245,294,30
45246,312,32
45247,192,27
45248,0,3
45249,181,22
45250,142,20
45251,0,3
45252,151,31
45253,238,30
45254,263,30
45255,0,3
45256,264,35
45257,177,24
45258,0,3
45259,269,32
45260,201,27
45261,0,3
45262,199,20
45263,169,24
45264,175,22
45265,261,30
45266,0,3
45267,290,29
45268,0,3
45269,0,3
45270,186,21
45271,203,29
45272,0,3
45273,0,3
45274,356,40
45275,220,23
45276,205,28
45277,0,3
45278,232,31
45279,0,3
45280,208,30
45281,227,27
45282,0,3
45283,239,18
45284,0,3
45285,194,20
45286,298,36
45287,139,18
45288,140,20
45289,105,23
45290,290,33
45291,167,23
45292,177,28
45293,0,3
45294,0,3
45295,239,30
45296,215,30
45297,152,23
45298,0,3
45299,161,22
45300,254,28
45301,0,3
45302,0,3
45303,79,14
45304,134,19
45305,181,21
45306,0,3
45307,176,22
45308,237,33
45309,193,31
45310,0,3
45311,0,3
45312,0,3
45313,0,3
45314,221,26
45315,207,26
45316,171,26
45317,0,3
45318,0,3
45319,195,26
45320,184,24
45321,0,3
45322,291,34
45323,218,24
45324,261,30
45325,0,3
45326,0,3
45327,0,3
45328,107,16
45329,268,31
45330,303,30
45331,167,28
45332,164,22
45333,211,27
45334,210,31
45335,224,29
45336,211,26
45337,254,42
45338,329,36
45339,0,3
45340,203,26
45341,0,3
45342,207,30
45343,322,39
45344,348,41
45345,215,27
45346,165,27
45347,303,32
45348,257,35
45349,284,26
45350,265,38
45351,0,3
45352,139,20
45353,0,3
45354,110,19
45355,151,20
45356,0,3
45357,1000,4
45358,0,3
45359,139,17
45360,0,3
45361,0,3
45362,281,38
45363,191,24
45364,240,27
45365,0,3
45366,221,29
45367,209,29
45368,0,3
45369,109,16
45370,221,24
45371,193,21
45372,285,21
45373,0,3
45374,221,28
45375,158,25
45376,0,3
45377,0,3
45378,143,20
45379,0,3
45380,142,22
45381,137,18
45382,192,21
45383,0,3
45384,272,41
45385,169,25
45386,366,31
45387,365,38
45388,229,32
45389,0,3
45390,0,3
45391,0,3
45392,0,3
45393,333,33
45394,174,23
45395,0,3
45396,331,22
45397,0,3
45398,0,3
45399,252,27
45400,0,3
45401,0,3
45402,0,3
45403,0,3
45404,178,27
45405,188,26
45406,127,19
45407,0,3
45408,0,3
45409,222,28
45410,217,22
45411,260,39
45412,163,18
45413,0,3
45414,0,3
45415,256,30
45416,322,43
45417,0,3
45418,187,23
45419,151,22
45420,351,32
45421,223,38
45422,229,29
45423,0,3
45424,307,39
45425,0,3
45426,273,31
45427,0,3
45428,262,37
45429,164,21
45430,255,32
45431,209,28
45432,140,16
45433,219,29
45434,222,31
45435,311,28
45436,0,3
45437,251,28
45438,0,3
45439,0,3
45440,179,25
45441,0,3
45442,157,19
45443,0,3
45444,93,16
45445,153,18
45446,258,29
45447,295,28
45448,176,16
45449,0,3
45450,237,30
45451,0,3
45452,420,32
45453,172,24
45454,155,20
45455,0,3
45456,202,29
45457,0,3
45458,302,37
45459,288,33
45460,78,11
45461,259,33
45462,259,33
45463,245,32
45464,0,3
45465,232,28
45466,202,26
45467,237,32
45468,248,36
45469,0,3
45470,142,16
45471,0,3
45472,213,26
45473,174,27
45474,195,28
45475,234,30
45476,223,32
45477,0,3
45478,0,3
45479,231,30
45480,0,3
45481,0,3
45482,147,22
45483,234,26
45484,233,35
45485,106,18
45486,152,19
45487,144,20
45488,0,3
45489,0,3
45490,119,22
45491,275,41
45492,120,18
45493,278,30
45494,144,25
45495,53,11
45496,178,27
45497,175,24
45498,0,3
45499,247,25
45500,328,35
45501,0,3
45502,0,3
45503,152,19
45504,249,32
45505,211,30
45506,0,3
45507,240,29
45508,150,23
45509,0,3
45510,239,29
45511,168,26
45512,59,13
45513,0,3
45514,283,34
45515,0,3
45516,309,34
45517,0,3
45518,69,14
45519,251,37
45520,228,28
45521,119,18
45522,0,3
45523,0,3
45524,287,38
45525,0,3
45526,217,30
45527,205,24
45528,193,25
45529,183,26
45530,162,17
45531,286,33
45532,0,3
45533,0,3
45534,0,3
45535,208,31
45536,497,26
45537,213,27
45538,0,3
45539,131,20
45540,0,3
45541,217,25
45542,125,15
45543,0,3
45544,186,24
45545,0,3
45546,445,26
45547,152,25
45548,216,31
45549,131,22
45550,0,3
45551,104,22
45552,0,3
45553,212,24
45554,0,3
45555,0,3
45556,0,3
45557,253,26
45558,125,16
45559,0,3
45560,174,19
45561,269,37
45562,122,18
45563,205,25
45564,0,3
45565,0,3
45566,391,48
45567,308,37
45568,276,33
45569,0,3
45570,0,3
45571,291,39
45572,313,42
45573,0,3
45574,270,36
45575,0,3
45576,104,17
45577,230,24
45578,0,3
45579,0,3
45580,190,22
45581,158,23
45582,351,35
45583,209,30
45584,195,25
45585,319,24
45586,201,26
45587,324,35
45588,204,26
45589,230,30
45590,179,23
45591,0,3
45592,175,21
45593,0,3
45594,0,3
45595,324,33
45596,273,36
45597,292,23
45598,154,20
45599,166,23
45600,0,3
45601,0,3
45602,177,19
45603,313,36
45604,0,3
45605,266,36
45606,159,21
45607,140,22
45608,0,3
45609,243,36
45610,0,3
45611,233,26
45612,0,3
45613,0,3
45614,247,23
45615,232,29
45616,0,3
45617,204,22
45618,0,3
45619,547,30
45620,194,27
45621,0,3
45622,254,26
45623,329,35
45624,178,26
45625,0,3
45626,142,19
45627,193,23
45628,288,32
45629,188,30
45630,246,31
45631,0,3
45632,125,16
45633,231,36
45634,314,41
45635,218,22
45636,169,24
45637,172,17
45638,0,3
45639,0,3
45640,260,30
45641,149,18
45642,0,3
45643,0,3
45644,228,30
45645,157,26
45646,389,26
45647,0,3
45648,0,3
45649,282,32
45650,0,3
45651,0,3
45652,206,25
45653,0,3
45654,0,3
45655,0,3
45656,0,3
45657,186,26
45658,0,3
45659,61,13
45660,103,17
45661,170,19
45662,0,3
45663,233,28
45664,0,3
45665,184,28
45666,212,30
45667,0,3
45668,192,26
45669,141,20
45670,334,28
45671,0,3
45672,337,37
45673,221,28
45674,124,18
45675,0,3
45676,49,11
45677,251,28
45678,0,3
45679,113,17
45680,213,25
45681,318,35
45682,270,33
45683,145,20
45684,140,25
45685,146,23
45686,233,30
45687,166,24
45688,308,45
45689,241,31
45690,142,16
45691,172,27
45692,242,25
45693,223,36
45694,0,3
45695,142,23
45696,0,3
45697,0,3
45698,169,24
45699,17,6
45700,98,16
45701,189,24
45702,338,36
45703,193,23
45704,202,25
45705,140,25
45706,252,34
45707,235,34
45708,154,19
45709,253,36
45710,0,3
45711,242,27
45712,169,21
45713,194,30
45714,262,30
45715,178,23
45716,0,3
45717,206,29
45718,252,34
45719,0,3
45720,197,20
45721,203,21
45722,237,25
45723,243,35
45724,158,24
45725,222,31
45726,0,3
45727,100,17
45728,0,3
45729,0,3
45730,140,20
45731,0,3
45732,160,24
45733,256,27
45734,0,3
45735,594,31
45736,323,30
45737,170,24
45738,0,3
45739,0,3
45740,271,31
45741,138,18
45742,0,3
45743,199,22
45744,252,33
45745,179,29
45746,103,18
45747,328,42
45748,0,3
45749,549,36
45750,309,33
45751,234,32
45752,199,28
45753,0,3
45754,273,27
45755,173,23
45756,391,42
45757,60,15
45758,274,31
45759,173,25
45760,193,27
45761,197,22
45762,280,33
45763,0,3
45764,177,21
45765,0,3
45766,341,31
45767,183,24
45768,161,28
45769,156,21
45770,0,3
45771,181,28
45772,271,31
45773,0,3
45774,280,32
45775,178,27
45776,128,17
45777,127,18
45778,233,31
45779,0,3
45780,242,32
45781,197,29
45782,174,27
45783,141,22
45784,161,26
45785,256,35
45786,0,3
45787,205,35
45788,0,3
45789,224,27
45790,0,3
45791,0,3
45792,219,30
45793,0,3
45794,292,36
45795,204,26
45796,180,27
45797,257,30
45798,0,3
45799,240,29
45800,0,3
45801,263,30
45802,256,33
45803,210,25
45804,0,3
45805,172,21
45806,127,19
45807,228,30
45808,0,3
45809,244,35
45810,177,26
45811,217,32
45812,0,3
45813,0,3
45814,179,24
45815,335,41
45816,184,20
45817,135,25
45818,311,31
45819,58,11
45820,326,38
45821,194,27
45822,0,3
45823,218,24
45824,0,3
45825,0,3
45826,415,38
45827,0,3
45828,0,3
45829,226,25
45830,0,3
45831,209,33
45832,112,17
45833,0,3
45834,254,21
45835,132,22
45836,0,3
45837,460,14
45838,258,28
45839,0,3
45840,237,25
45841,0,3
45842,254,31
45843,302,27
45844,0,3
45845,239,24
45846,275,35
45847,110,15
45848,216,26
45849,0,3
45850,209,23
45851,0,3
45852,0,3
45853,151,21
45854,355,43
45855,257,30
45856,0,3
45857,238,27
45858,250,34
45859,0,3
45860,147,26
45861,290,33
45862,167,24
45863,113,19
45864,118,16
45865,169,22
45866,272,34
45867,277,38
45868,163,22
45869,306,32
45870,242,27
45871,65,12
45872,247,32
45873,178,24
45874,100,16
45875,213,28
45876,0,3
45877,147,23
45878,0,3
45879,266,33
45880,360,44
45881,218,23
45882,254,31
45883,212,32
45884,0,3
45885,0,3
45886,288,33
45887,0,3
45888,0,3
45889,230,26
45890,361,37
45891,0,3
45892,0,3
45893,151,29
45894,795,28
45895,182,27
45896,272,27
45897,0,3
45898,181,21
45899,0,3
45900,271,40
45901,440,36
45902,0,3
45903,201,28
45904,268,28
45905,287,28
45906,0,3
45907,145,20
45908,285,34
45909,0,3
45910,93,16
45911,0,3
45912,316,32
45913,253,32
45914,229,35
45915,149,16
45916,239,39
45917,122,18
45918,313,37
45919,185,32
45920,277,29
45921,192,25
45922,0,3
45923,196,24
45924,116,20
45925,361,24
45926,0,3
45927,0,3
45928,203,30
45929,0,3
45930,0,3
45931,225,27
45932,198,30
45933,246,31
45934,155,24
45935,175,25
45936,323,28
45937,223,28
45938,155,19
45939,0,3
45940,223,25
45941,195,24
45942,0,3
45943,0,3
45944,157,22
45945,347,45
45946,212,20
45947,233,34
45948,160,29
45949,179,24
45950,0,3
45951,93,17
45952,174,23
45953,222,24
45954,294,31
45955,0,3
45956,0,3
45957,0,3
45958,151,20
45959,129,21
45960,0,3
45961,274,30
45962,403,38
45963,0,3
45964,159,25
45965,0,3
45966,0,3
45967,122,19
45968,290,34
45969,492,18
45970,179,24
45971,274,34
45972,0,3
45973,362,39
45974,205,22
45975,160,24
45976,194,28
45977,271,28
45978,219,28
45979,255,27
45980,123,17
45981,323,37
45982,210,29
45983,262,24
45984,125,22
45985,0,3
45986,332,34
45987,156,26
45988,0,3
45989,276,36
45990,0,3
45991,283,31
45992,327,32
45993,241,29
45994,591,22
45995,0,3
45996,0,3
45997,0,3
45998,242,34
45999,0,3
46000,0,3
46001,155,26
46002,0,3
46003,370,29
46004,0,3
46005,0,3
46006,0,3
46007,215,28
46008,67,17
46009,208,27
46010,327,35
46011,178,26
46012,235,20
46013,208,31
46014,260,35
46015,176,24
46016,260,32
46017,0,3
46018,188,29
46019,0,3
46020,0,3
46021,0,3
46022,0,3
46023,397,38
46024,181,22
46025,0,3
46026,128,17
46027,99,14
46028,74,14
46029,172,28
46030,0,3
46031,148,20
46032,233,32
46033,245,21
46034,0,3
46035,161,24
46036,0,3
46037,210,31
46038,219,25
46039,347,40
46040,163,28
46041,221,23
46042,0,3
46043,398,39
46044,196,25
46045,0,3
46046,244,32
46047,0,3
46048,0,3
46049,298,25
46050,181,20
46051,225,28
46052,0,3
46053,0,3
46054,85,12
46055,0,3
46056,267,28
46057,276,28
46058,233,30
46059,169,21
46060,0,3
46061,216,33
46062,425,22
46063,216,24
46064,375,39
46065,0,3
46066,206,26
46067,193,30
46068,586,40
46069,180,27
46070,0,3
46071,196,24
46072,151,22
46073,0,3
46074,168,23
46075,0,3
46076,232,29
46077,426,30
46078,192,22
46079,110,18
46080,143,17
46081,196,20
46082,243,34
46083,200,24
46084,143,22
46085,189,27
46086,223,27
46087,190,27
46088,131,24
46089,221,29
46090,0,3
46091,0,3
46092,243,35
46093,333,40
46094,0,3
46095,0,3
46096,217,31
46097,0,3
46098,0,3
46099,202,25
46100,251,33
46101,311,16
46102,172,23
46103,0,3
46104,0,3
46105,224,26
46106,161,21
46107,0,3
46108,0,3
46109,0,3
46110,568,26
46111,0,3
46112,84,16
46113,223,42
46114,343,32
46115,195,31
46116,0,3
46117,775,25
46118,0,3
46119,0,3
46120,0,3
46121,0,3
46122,0,3
46123,0,3
46124,335,42
46125,119,21
46126,0,3
46127,0,3
46128,239,33
46129,0,3
46130,0,3
46131,236,33
46132,0,3
46133,221,34
46134,313,36
46135,278,37
46136,249,26
46137,279,32
46138,0,3
46139,210,20
46140,0,3
46141,250,32
46142,140,18
46143,164,27
46144,0,3
46145,0,3
46146,0,3
46147,0,3
46148,189,25
46149,228,24
46150,0,3
46151,192,28
46152,0,3
46153,0,3
46154,225,27
46155,139,23
46156,155,23
46157,0,3
46158,288,35
46159,0,3
46160,142,20
46161,304,28
46162,363,26
46163,0,3
46164,0,3
46165,0,3
46166,247,31
46167,164,25
46168,290,37
46169,159,20
46170,0,3
46171,0,3
46172,126,22
46173,227,31
46174,228,28
46175,0,3
46176,221,29
46177,214,27
46178,188,25
46179,0,3
46180,210,31
46181,219,32
46182,0,3
46183,0,3
46184,0,3
46185,250,35
46186,0,3
46187,165,25
46188,0,3
46189,215,34
46190,341,40
46191,187,22
46192,244,32
46193,163,25
46194,162,22
46195,239,30
46196,262,33
46197,335,37
46198,0,3
46199,237,25
46200,62,15
46201,0,3
46202,164,28
46203,214,33
46204,175,23
46205,295,32
46206,399,38
46207,0,3
46208,0,3
46209,0,3
46210,367,38
46211,176,23
46212,199,26
46213,169,24
46214,135,18
46215,66,15
46216,156,18
46217,0,3
46218,330,38
46219,306,41
46220,169,20
46221,0,3
46222,214,31
46223,114,17
46224,191,26
46225,339,40
46226,0,3
46227,133,20
46228,106,18
46229,182,25
46230,168,28
46231,0,3
46232,0,3
46233,0,3
46234,214,24
46235,0,3
46236,0,3
46237,0,3
46238,0,3
46239,152,22
46240,92,15
46241,226,30
46242,246,31
46243,0,3
46244,0,3
46245,215,30
46246,0,3
46247,200,26
46248,256,24
46249,281,29
46250,0,3
46251,0,3
46252,318,44
46253,169,20
46254,111,13
46255,194,25
46256,273,33
46257,332,23
46258,0,3
46259,178,21
46260,0,3
46261,215,23
46262,135,23
46263,303,38
46264,259,30
46265,236,32
46266,204,27
46267,208,36
46268,301,33
46269,0,3
46270,0,3
46271,296,31
46272,221,24
46273,0,3
46274,0,3
46275,264,30
46276,179,29
46277,0,3
46278,200,27
46279,281,33
46280,217,19
46281,0,3
46282,143,27
46283,131,21
46284,392,30
46285,0,3
46286,177,25
46287,182,28
46288,188,27
46289,0,3
46290,109,13
46291,0,3
46292,0,3
46293,266,26
46294,114,18
46295,204,29
46296,0,3
46297,120,21
46298,0,3
46299,0,3
46300,0,3
46301,200,28
46302,48,10
46303,0,3
46304,263,32
46305,285,40
46306,296,36
46307,181,29
46308,200,29
46309,230,32
46310,150,26
46311,146,22
46312,180,23
46313,0,3
46314,0,3
46315,247,27
46316,233,25
46317,146,22
46318,0,3
46319,0,3
46320,0,3
46321,381,40
46322,0,3
46323,0,3
46324,0,3
46325,120,20
46326,176,19
46327,245,32
46328,0,3
46329,0,3
46330,0,3
46331,0,3
46332,156,26
46333,0,3
46334,206,21
46335,129,24
46336,203,27
46337,302,31
46338,175,25
46339,146,20
46340,212,29
46341,203,29
46342,288,35
46343,0,3
46344,0,3
46345,0,3
46346,0,3
46347,186,27
46348,175,19
46349,0,3
46350,230,23
46351,0,3
46352,0,3
46353,151,25
46354,304,31
46355,161,29
46356,141,22
46357,327,16
46358,90,19
46359,240,28
46360,213,26
46361,0,3
46362,130,19
46363,0,3
46364,133,21
46365,0,3
46366,138,24
46367,153,22
46368,231,32
46369,295,32
46370,87,18
46371,254,26
46372,227,32
46373,0,3
46374,0,3
46375,0,3
46376,0,3
46377,0,3
46378,0,3
46379,240,28
46380,104,19
46381,185,18
46382,273,31
46383,146,21
46384,189,18
46385,0,3
46386,78,15
46387,267,34
46388,138,22
46389,150,24
46390,0,3
46391,0,3
46392,299,28
46393,0,3
46394,216,22
46395,271,30
46396,162,30
46397,267,33
46398,0,3
46399,299,34
46400,162,22
46401,57,11
46402,159,23
46403,281,37
46404,233,30
46405,292,29
46406,0,3
46407,202,20
46408,259,27
46409,61,14
46410,0,3
46411,157,20
46412,174,27
46413,0,3
46414,300,35
46415,0,3
46416,47,11
46417,334,40
46418,146,17
46419,102,18
46420,221,25
46421,207,26
46422,136,23
46423,0,3
46424,0,3
46425,0,3
46426,263,31
46427,169,28
46428,331,38
46429,188,26
46430,242,32
46431,310,36
46432,248,30
46433,356,41
46434,0,3
46435,179,21
46436,166,25
46437,0,3
46438,184,29
46439,0,3
46440,0,3
46441,184,31
46442,0,3
46443,242,24
46444,133,21
46445,204,37
46446,0,3
46447,0,3
46448,163,21
46449,234,30
46450,0,3
46451,210,30
46452,55,14
46453,0,3
46454,224,24
46455,0,3
46456,318,34
46457,399,25
46458,0,3
46459,0,3
46460,258,29
46461,0,3
46462,205,22
46463,0,3
46464,175,20
46465,237,32
46466,0,3
46467,255,32
46468,119,26
46469,199,26
46470,136,24
46471,160,21
46472,0,3
46473,282,31
46474,0,3
46475,281,37
46476,190,32
46477,0,3
46478,270,35
46479,178,22
46480,134,17
46481,451,29
46482,271,37
46483,0,3
46484,282,22
46485,0,3
46486,220,23
46487,172,24
46488,151,22
46489,159,22
46490,0,3
46491,0,3
46492,220,28
46493,0,3
46494,161,21
46495,209,29
46496,223,26
46497,0,3
46498,173,23
46499,189,27
46500,164,21
46501,0,3
46502,0,3
46503,210,25
46504,0,3
46505,318,41
46506,133,22
46507,347,32
46508,202,26
46509,129,17
46510,236,32
46511,222,29
46512,318,42
46513,0,3
46514,173,27
46515,0,3
46516,0,3
46517,0,3
46518,0,3
46519,152,27
46520,0,3
46521,0,3
46522,95,15
46523,101,18
46524,108,18
46525,85,13
46526,211,30
46527,0,3
46528,0,3
46529,0,3
46530,0,3
46531,190,28
46532,236,35
46533,134,16
46534,0,3
46535,0,3
46536,168,21
46537,128,20
46538,178,24
46539,155,25
46540,119,16
46541,220,29
46542,103,17
46543,160,29
46544,113,18
46545,199,26
46546,160,25
46547,0,3
46548,185,28
46549,360,39
46550,180,24
46551,0,3
46552,199,26
46553,152,25
46554,120,20
46555,0,3
46556,86,15
46557,146,19
46558,183,27
46559,229,27
46560,229,28
46561,0,3
46562,281,36
46563,0,3
46564,278,39
46565,248,26
46566,213,32
46567,218,28
46568,266,33
46569,0,3
46570,0,3
46571,206,26
46572,0,3
46573,138,15
46574,176,22
46575,185,28
46576,287,25
46577,237,34
46578,0,3
46579,256,30
46580,0,3
46581,622,21
46582,0,3
46583,0,3
46584,0,3
46585,90,18
46586,0,3
46587,262,34
46588,0,3
46589,0,3
46590,0,3
46591,0,3
46592,0,3
46593,235,31
46594,244,24
46595,194,23
46596,225,30
46597,0,3
46598,132,20
46599,245,27
46600,95,15
46601,0,3
46602,0,3
46603,618,38
46604,0,3
46605,248,34
46606,267,32
46607,136,20
46608,119,15
46609,210,28
46610,0,3
46611,0,3
46612,0,3
46613,0,3
46614,0,3
46615,148,23
46616,192,25
46617,0,3
46618,79,14
46619,0,3
46620,0,3
46621,0,3
46622,197,23
46623,239,34
46624,120,14
46625,155,24
46626,254,26
46627,0,3
46628,193,29
46629,103,14
46630,231,33
46631,119,19
46632,410,20
46633,0,3
46634,34,8
46635,306,39
46636,272,37
46637,222,31
46638,0,3
46639,0,3
46640,268,32
46641,365,47
46642,212,24
46643,191,34
46644,195,26
46645,0,3
46646,253,33
46647,219,33
46648,203,28
46649,0,3
46650,132,26
46651,145,23
46652,0,3
46653,193,24
46654,300,37
46655,121,17
46656,202,29
46657,332,39
46658,1,4
46659,0,3
46660,0,3
46661,0,3
46662,137,17
46663,0,3
46664,132,18
46665,184,19
46666,280,27
46667,0,3
46668,0,3
46669,0,3
46670,169,18
46671,176,27
46672,0,3
46673,217,28
46674,411,16
46675,319,38
46676,0,3
46677,270,44
46678,156,19
46679,190,28
46680,269,38
46681,90,14
46682,0,3
46683,0,3
46684,201,31
46685,174,26
46686,212,38
46687,0,3
46688,0,3
46689,160,26
46690,205,29
46691,0,3
46692,404,26
46693,1000,28
46694,202,26
46695,0,3
46696,202,31
46697,0,3
46698,0,3
46699,171,26
46700,189,27
46701,169,20
46702,163,23
46703,235,30
46704,149,15
46705,153,20
46706,183,23
46707,210,25
46708,0,3
46709,0,3
46710,242,31
46711,178,28
46712,266,30
46713,0,3
46714,277,31
46715,0,3
46716,200,29
46717,283,38
46718,240,25
46719,235,29
46720,0,3
46721,0,3
46722,247,30
46723,149,22
46724,327,39
46725,146,20
46726,126,19
46727,153,22
46728,0,3
46729,259,34
46730,0,3
46731,297,34
46732,164,21
46733,0,3
46734,0,3
46735,0,3
46736,0,3
46737,178,28
46738,0,3
46739,0,3
46740,0,3
46741,188,30
46742,0,3
46743,375,36
46744,194,29
46745,268,29
46746,161,26
46747,0,3
46748,150,20
46749,152,26
46750,245,28
46751,252,30
46752,192,25
46753,267,34
46754,244,28
46755,180,25
46756,0,3
46757,266,35
46758,206,31
46759,211,25
46760,0,3
46761,0,3
46762,217,25
46763,0,3
46764,205,31
46765,402,34
46766,0,3
46767,0,3
46768,0,3
46769,0,3
46770,180,24
46771,113,18
46772,0,3
46773,0,3
46774,173,21
46775,0,3
46776,0,3
46777,0,3
46778,0,3
46779,0,3
46780,156,19
46781,0,3
46782,220,25
46783,174,24
46784,297,35
46785,0,3
46786,191,26
46787,0,3
46788,0,3
46789,290,41
46790,180,25
46791,120,16
46792,271,30
46793,187,24
46794,257,30
46795,220,29
46796,297,32
46797,0,3
46798,169,25
46799,187,27
46800,0,3
46801,0,3
46802,152,22
46803,75,15
46804,152,23
46805,0,3
46806,255,30
46807,0,3
46808,355,39
46809,0,3
46810,0,3
46811,249,35
46812,291,38
46813,0,3
46814,0,3
46815,238,33
46816,225,25
46817,99,17
46818,152,20
46819,0,3
46820,427,28
46821,160,26
46822,0,3
46823,216,23
46824,0,3
46825,0,3
46826,252,29
46827,231,32
46828,209,29
46829,144,21
46830,203,27
46831,0,3
46832,96,17
46833,251,32
46834,203,27
46835,99,19
46836,0,3
46837,266,30
46838,0,3
46839,125,18
46840,0,3
46841,0,3
46842,915,34
46843,251,27
46844,160,21
46845,104,18
46846,188,30
46847,122,17
46848,217,31
46849,86,17
46850,183,23
46851,0,3
46852,153,17
46853,247,29
46854,157,22
46855,0,3
46856,150,21
46857,234,26
46858,0,3
46859,0,3
46860,284,29
46861,172,25
46862,109,22
46863,143,26
46864,241,37
46865,0,3
46866,0,3
46867,0,3
46868,170,17
46869,205,27
46870,237,30
46871,163,29
46872,0,3
46873,165,22
46874,127,16
46875,328,31
46876,0,3
46877,125,23
46878,211,24
46879,0,3
46880,283,35
46881,153,24
46882,165,24
46883,0,3
46884,0,3
46885,0,3
46886,0,3
46887,144,19
46888,89,17
46889,166,25
46890,203,28
46891,172,25
46892,167,22
46893,187,30
46894,211,27
46895,168,23
46896,236,27
46897,183,22
46898,0,3
46899,280,38
46900,0,3
46901,0,3
46902,179,20
46903,163,23
46904,183,27
46905,145,21
46906,0,3
46907,225,30
46908,346,40
46909,0,3
46910,160,24
46911,243,27
46912,0,3
46913,0,3
46914,250,38
46915,220,29
46916,0,3
46917,0,3
46918,0,3
46919,181,27
46920,0,3
46921,0,3
46922,0,3
46923,0,3
46924,365,36
46925,256,28
46926,0,3
46927,0,3
46928,165,22
46929,258,35
46930,226,31
46931,231,34
46932,76,11
46933,176,20
46934,0,3
46935,278,38
46936,0,3
46937,275,34
46938,280,41
46939,0,3
46940,150,16
46941,0,3
46942,0,3
46943,202,29
46944,223,30
46945,165,19
46946,229,27
46947,258,30
46948,138,18
46949,235,35
46950,174,26
46951,216,30
46952,100,16
46953,137,19
46954,156,21
46955,214,32
46956,0,3
46957,0,3
46958,222,30
46959,275,32
46960,164,28
46961,0,3
46962,249,29
46963,199,25
46964,0,3
46965,286,36
46966,221,25
46967,0,3
46968,218,31
46969,200,30
46970,0,3
46971,151,21
46972,189,26
46973,0,3
46974,281,32
46975,286,35
46976,134,16
46977,185,26
46978,199,27
46979,0,3
46980,0,3
46981,146,23
46982,237,30
46983,0,3
46984,228,37
46985,0,3
46986,241,23
46987,161,24
46988,229,22
46989,215,28
46990,128,25
46991,71,13
46992,223,28
46993,0,3
46994,324,40
46995,293,43
46996,0,3
46997,151,20
46998,0,3
46999,0,3
47000,0,3
47001,0,3
47002,227,29
47003,0,3
47004,0,3
47005,218,26
47006,220,30
47007,392,26
47008,97,12
47009,221,32
47010,159,27
47011,0,3
47012,0,3
47013,306,37
47014,0,3
47015,154,19
47016,313,41
47017,188,32
47018,0,3
47019,173,29
47020,0,3
47021,116,19
47022,0,3
47023,0,3
47024,153,20
47025,0,3
47026,172,24
47027,237,23
47028,304,32
47029,0,3
47030,102,16
47031,0,3
47032,165,28
47033,102,16
47034,0,3
47035,219,32
47036,258,30
47037,256,33
47038,232,28
47039,312,35
47040,264,33
47041,214,30
47042,0,3
47043,143,21
47044,0,3
47045,103,18
47046,0,3
47047,112,17
47048,231,34
47049,177,18
47050,158,26
47051,0,3
47052,0,3
47053,375,18
47054,0,3
47055,0,3
47056,250,31
47057,0,3
47058,283,35
47059,192,31
47060,233,33
47061,135,25
47062,268,31
47063,182,28
47064,0,3
47065,222,30
47066,122,19
47067,102,15
47068,183,24
47069,251,27
47070,0,3
47071,208,29
47072,0,3
47073,292,42
47074,0,3
47075,637,17
47076,122,20
47077,0,3
47078,258,31
47079,0,3
47080,269,36
47081,192,20
47082,225,27
47083,0,3
47084,329,34
47085,133,21
47086,111,21
47087,0,3
47088,163,26
47089,212,28
47090,220,25
47091,154,27
47092,207,25
47093,221,28
47094,175,25
47095,284,31
47096,0,3
47097,0,3
47098,315,39
47099,237,30
47100,370,33
47101,0,3
47102,182,32
47103,289,40
47104,258,36
47105,0,3
47106,470,30
47107,294,31
47108,142,25
47109,294,39
47110,241,17
47111,121,21
47112,335,36
47113,226,25
47114,0,3
47115,138,23
47116,0,3
47117,266,34
47118,0,3
47119,306,33
47120,0,3
47121,140,23
47122,0,3
47123,182,27
47124,257,29
47125,122,20
47126,250,27
47127,198,24
47128,0,3
47129,183,26
47130,254,26
47131,156,28
47132,251,32
47133,242,29
47134,0,3
47135,0,3
47136,0,3
47137,246,29
47138,0,3
47139,216,30
47140,147,21
47141,0,3
47142,215,29
47143,352,39
47144,201,28
47145,147,21
47146,0,3
47147,311,31
47148,229,27
47149,286,37
47150,0,3
47151,163,20
47152,494,27
47153,0,3
47154,271,29
47155,0,3
47156,0,3
47157,233,26
47158,116,21
47159,0,3
47160,0,3
47161,292,35
47162,0,3
47163,114,17
47164,109,24
47165,0,3
47166,110,16
47167,105,17
47168,184,29
47169,0,3
47170,141,20
47171,0,3
47172,204,30
47173,444,32
47174,196,22
47175,357,47
47176,262,23
47177,187,22
47178,134,18
47179,426,31
47180,264,34
47181,0,3
47182,0,3
47183,159,24
47184,0,3
47185,0,3
47186,0,3
47187,241,28
47188,146,22
47189,208,32
47190,0,3
47191,0,3
47192,272,28
47193,0,3
47194,0,3
47195,190,25
47196,0,3
47197,228,27
47198,0,3
47199,550,24
47200,119,21
47201,0,3
47202,235,32
47203,194,25
47204,189,28
47205,225,30
47206,0,3
47207,0,3
47208,0,3
47209,294,36
47210,0,3
47211,0,3
47212,165,21
47213,229,33
47214,0,3
47215,281,32
47216,582,36
47217,161,20
47218,0,3
47219,0,3
47220,114,14
47221,200,19
47222,0,3
47223,0,3
47224,463,24
47225,0,3
47226,0,3
47227,228,28
47228,318,31
47229,0,3
47230,263,35
47231,0,3
47232,242,33
47233,190,30
47234,0,3
47235,0,3
47236,0,3
47237,352,37
47238,171,23
47239,394,25
47240,394,23
47241,0,3
47242,138,19
47243,317,38
47244,210,21
47245,0,3
47246,253,37
47247,0,3
47248,135,22
47249,186,25
47250,202,22
47251,143,27
47252,156,23
47253,0,3
47254,211,30
47255,171,22
47256,492,25
47257,0,3
47258,290,37
47259,310,34
47260,238,34
47261,189,21
47262,252,31
47263,70,17
47264,219,29
47265,0,3
47266,0,3
47267,304,37
47268,154,22
47269,146,20
47270,0,3
47271,0,3
47272,0,3
47273,0,3
47274,309,41
47275,248,33
47276,0,3
47277,305,36
47278,557,25
47279,0,3
47280,177,20
47281,0,3
47282,0,3
47283,150,22
47284,0,3
47285,151,21
47286,150,16
47287,0,3
47288,189,25
47289,181,28
47290,0,3
47291,245,34
47292,312,38
47293,307,31
47294,328,38
47295,0,3
47296,144,14
47297,0,3
47298,147,17
47299,242,33
47300,194,25
47301,183,26
47302,161,25
47303,189,23
47304,307,34
47305,323,39
47306,372,18
47307,0,3
47308,117,18
47309,212,30
47310,139,27
47311,0,3
47312,302,32
47313,248,28
47314,374,38
47315,0,3
47316,191,22
47317,0,3
47318,0,3
47319,0,3
47320,948,23
47321,0,3
47322,144,21
47323,198,29
47324,0,3
47325,260,31
47326,252,31
47327,0,3
47328,261,30
47329,258,21
47330,0,3
47331,268,33
47332,0,3
47333,198,19
47334,320,26
47335,207,27
47336,428,41
47337,205,27
47338,0,3
47339,248,29
47340,197,25
47341,243,30
47342,0,3
47343,246,31
47344,157,22
47345,186,27
47346,342,43
47347,266,34
47348,159,29
47349,107,16
47350,289,38
47351,285,32
47352,228,21
47353,188,24
47354,144,18
47355,164,23
47356,271,31
47357,66,13
47358,0,3
47359,0,3
47360,211,19
47361,207,30
47362,182,21
47363,0,3
47364,0,3
47365,187,28
47366,319,35
47367,581,32
47368,0,3
47369,0,3
47370,314,41
47371,241,28
47372,0,3
47373,0,3
47374,0,3
47375,0,3
47376,265,25
47377,225,32
47378,338,26
47379,174,25
47380,0,3
47381,218,25
47382,194,29
47383,255,33
47384,197,22
47385,255,41
47386,0,3
47387,243,31
47388,210,25
47389,0,3
47390,300,35
47391,238,26
47392,0,3
47393,262,31
47394,152,25
47395,148,20
47396,208,32
47397,0,3
47398,279,37
47399,263,30
47400,148,25
47401,0,3
47402,262,35
47403,322,26
47404,0,3
47405,0,3
47406,247,33
47407,0,3
47408,0,3
47409,0,3
47410,0,3
47411,0,3
47412,0,3
47413,0,3
47414,201,24
47415,182,19
47416,0,3
47417,304,35
47418,0,3
47419,117,12
47420,0,3
47421,125,21
47422,229,30
47423,132,23
47424,137,22
47425,0,3
47426,193,22
47427,403,37
47428,139,18
47429,0,3
47430,204,27
47431,146,21
47432,166,25
47433,226,26
47434,219,27
47435,0,3
47436,0,3
47437,680,32
47438,0,3
47439,154,21
47440,262,36
47441,0,3
47442,105,14
47443,0,3
47444,0,3
47445,198,22
47446,88,13
47447,145,19
47448,519,22
47449,0,3
47450,174,26
47451,325,38
47452,256,28
47453,200,31
47454,332,30
47455,599,18
47456,0,3
47457,220,24
47458,0,3
47459,455,43
47460,301,34
47461,0,3
47462,0,3
47463,0,3
47464,0,3
47465,196,26
47466,202,25
47467,206,31
47468,241,26
47469,251,30
47470,0,3
47471,206,27
47472,108,15
47473,267,31
47474,0,3
47475,0,3
47476,143,24
47477,123,16
47478,0,3
47479,0,3
47480,310,35
47481,528,30
47482,0,3
47483,0,3
47484,250,26
47485,191,27
47486,0,3
47487,0,3
47488,0,3
47489,166,17
47490,130,18
47491,0,3
47492,0,3
47493,182,26
47494,367,36
47495,232,30
47496,213,27
47497,0,3
47498,232,32
47499,99,14
47500,220,25
47501,0,3
47502,251,36
47503,173,17
47504,353,36
47505,0,3
47506,0,3
47507,297,31
47508,55,13
47509,0,3
47510,60,13
47511,114,15
47512,0,3
47513,338,42
47514,296,34
47515,176,16
47516,0,3
47517,299,37
47518,0,3
47519,218,26
47520,108,15
47521,0,3
47522,0,3
47523,0,3
47524,262,31
47525,0,3
47526,121,18
47527,0,3
47528,0,3
47529,173,23
47530,218,25
47531,211,30
47532,0,3
47533,0,3
47534,0,3
47535,241,32
47536,0,3
47537,0,3
47538,180,26
47539,0,3
47540,472,34
47541,217,26
47542,0,3
47543,154,18
47544,253,29
47545,137,26
47546,88,13
47547,0,3
47548,317,33
47549,148,23
47550,196,20
47551,0,3
47552,257,30
47553,148,20
47554,443,28
47555,207,25
47556,238,34
47557,122,21
47558,0,3
47559,171,26
47560,0,3
47561,157,22
47562,772,17
47563,278,30
47564,0,3
47565,285,34
47566,0,3
47567,0,3
47568,242,28
47569,182,25
47570,190,26
47571,172,26
47572,0,3
47573,285,36
47574,227,24
47575,269,31
47576,351,33
47577,290,32
47578,149,27
47579,0,3
47580,0,3
47581,271,30
47582,322,38
47583,203,26
47584,0,3
47585,256,34
47586,0,3
47587,0,3
47588,0,3
47589,174,19
47590,166,22
47591,228,33
47592,195,25
47593,0,3
47594,190,19
47595,0,3
47596,87,15
47597,0,3
47598,119,20
47599,0,3
47600,0,3
47601,0,3
47602,0,3
47603,0,3
47604,355,36
47605,356,32
47606,94,16
47607,174,27
47608,210,31
47609,379,34
47610,142,26
47611,279,34
47612,0,3
47613,251,34
47614,0,3
47615,0,3
47616,191,27
47617,68,11
47618,221,26
47619,272,36
47620,0,3
47621,274,38
47622,0,3
47623,273,26
47624,252,32
47625,430,30
47626,175,22
47627,575,16
47628,192,27
47629,215,31
47630,161,18
47631,0,3
47632,145,19
47633,131,18
47634,0,3
47635,128,16
47636,161,25
47637,395,44
47638,0,3
47639,210,26
47640,362,35
47641,317,32
47642,204,25
47643,348,35
47644,174,15
47645,139,16
47646,0,3
47647,0,3
47648,231,29
47649,0,3
47650,236,29
47651,0,3
47652,137,22
47653,0,3
47654,75,14
47655,461,28
47656,0,3
47657,330,23
47658,263,25
47659,226,30
47660,205,24
47661,263,36
47662,339,36
47663,0,3
47664,226,32
47665,0,3
47666,111,21
47667,280,33
47668,244,30
47669,236,35
47670,180,22
47671,235,29
47672,172,25
47673,0,3
47674,321,36
47675,0,3
47676,233,28
47677,0,3
47678,99,14
47679,228,25
47680,202,24
47681,126,17
47682,147,23
47683,162,24
47684,0,3
47685,0,3
47686,281,30
47687,157,20
47688,309,37
47689,188,25
47690,253,28
47691,0,3
47692,257,31
47693,147,19
47694,405,35
47695,258,27
47696,155,17
47697,0,3
47698,134,19
47699,295,29
47700,0,3
47701,0,3
47702,0,3
47703,227,30
47704,0,3
47705,228,23
47706,289,33
47707,271,28
47708,352,33
47709,190,31
47710,184,22
47711,0,3
47712,0,3
47713,158,24
47714,238,27
47715,161,19
47716,157,21
47717,238,31
47718,0,3
47719,224,28
47720,70,14
47721,0,3
47722,353,31
47723,131,18
47724,575,32
47725,227,30
47726,0,3
47727,224,25
47728,148,23
47729,0,3
47730,206,32
47731,248,27
47732,193,23
47733,0,3
47734,210,27
47735,208,26
47736,10,6
47737,0,3
47738,0,3
47739,123,19
47740,0,3
47741,220,15
47742,156,22
47743,307,36
47744,204,33
47745,0,3
47746,210,23
47747,130,19
47748,0,3
47749,358,24
47750,268,22
47751,264,26
47752,201,33
47753,0,3
47754,0,3
47755,204,26
47756,127,22
47757,0,3
47758,157,25
47759,0,3
47760,0,3
47761,259,32
47762,178,27
47763,185,24
47764,140,21
47765,0,3
47766,0,3
47767,89,13
47768,0,3
47769,231,27
47770,0,3
47771,0,3
47772,0,3
47773,112,16
47774,180,22
47775,0,3
47776,0,3
47777,0,3
47778,176,22
47779,260,38
47780,0,3
47781,276,36
47782,191,25
47783,0,3
47784,160,21
47785,212,29
47786,319,35
47787,0,3
47788,117,18
47789,164,23
47790,652,32
47791,194,28
47792,187,24
47793,0,3
47794,196,21
47795,280,36
47796,464,40
47797,0,3
47798,0,3
47799,0,3
47800,0,3
47801,225,29
47802,237,20
47803,0,3
47804,0,3
47805,251,27
47806,0,3
47807,166,20
47808,225,24
47809,0,3
47810,135,16
47811,273,35
47812,184,28
47813,285,37
47814,0,3
47815,203,27
47816,186,23
47817,0,3
47818,0,3
47819,295,30
47820,0,3
47821,298,34
47822,259,31
47823,193,21
47824,253,37
47825,168,20
47826,0,3
47827,0,3
47828,0,3
47829,0,3
47830,0,3
47831,129,23
47832,200,21
47833,354,34
47834,474,28
47835,127,20
47836,229,36
47837,160,24
47838,202,29
47839,186,25
47840,287,34
47841,214,25
47842,0,3
47843,241,34
47844,203,27
47845,295,25
47846,212,33
47847,187,25
47848,0,3
47849,184,23
47850,135,19
47851,118,12
47852,0,3
47853,351,36
47854,275,38
47855,116,21
47856,270,27
47857,0,3
47858,135,23
47859,170,21
47860,100,15
47861,0,3
47862,132,17
47863,349,20
47864,0,3
47865,158,21
47866,0,3
47867,384,32
47868,128,19
47869,193,25
47870,247,31
47871,228,26
47872,0,3
47873,154,21
47874,0,3
47875,0,3
47876,228,30
47877,177,28
47878,0,3
47879,355,36
47880,177,25
47881,206,29
47882,184,30
47883,0,3
47884,0,3
47885,214,25
47886,193,29
47887,0,3
47888,274,18
47889,0,3
47890,109,21
47891,0,3
47892,0,3
47893,216,23
47894,88,16
47895,393,48
47896,0,3
47897,286,28
47898,0,3
47899,0,3
47900,0,3
47901,0,3
47902,0,3
47903,284,35
47904,0,3
47905,0,3
47906,128,16
47907,0,3
47908,0,3
47909,247,36
47910,204,25
47911,0,3
47912,186,26
47913,196,33
47914,0,3
47915,0,3
47916,180,23
47917,260,36
47918,231,32
47919,174,26
47920,110,18
47921,249,31
47922,130,21
47923,0,3
47924,290,35
47925,0,3
47926,0,3
47927,0,3
47928,0,3
47929,204,33
47930,0,3
47931,332,48
47932,206,25
47933,186,24
47934,162,20
47935,186,23
47936,172,20
47937,0,3
47938,231,29
47939,0,3
47940,0,3
47941,243,27
47942,478,22
47943,168,23
47944,225,28
47945,185,24
47946,294,33
47947,137,19
47948,113,19
47949,142,20
47950,118,18
47951,299,15
47952,0,3
47953,270,28
47954,287,35
47955,313,32
47956,261,25
47957,239,30
47958,0,3
47959,0,3
47960,301,40
47961,146,23
47962,0,3
47963,536,35
47964,180,24
47965,291,32
47966,0,3
47967,237,31
47968,299,32
47969,337,38
47970,0,3
47971,152,20
47972,113,19
47973,167,24
47974,307,32
47975,0,3
47976,0,3
47977,193,28
47978,163,20
47979,201,27
47980,0,3
47981,361,44
47982,231,24
47983,570,27
47984,223,22
47985,210,35
47986,213,24
47987,352,38
47988,836,26
47989,303,33
47990,126,20
47991,0,3
47992,445,41
47993,0,3
47994,150,22
47995,231,25
47996,140,23
47997,0,3
47998,208,27
47999,0,3
48000,0,3
48001,233,27
48002,200,25
48003,180,27
48004,168,22
48005,183,22
48006,0,3
48007,128,18
48008,0,3
48009,178,26
48010,0,3
48011,0,3
48012,242,29
48013,0,3
48014,0,3
48015,0,3
48016,132,22
48017,226,33
48018,310,37
48019,0,3
48020,244,26
48021,0,3
48022,0,3
48023,0,3
48024,267,35
48025,0,3
48026,119,16
48027,192,26
48028,233,24
48029,203,26
48030,310,32
48031,0,3
48032,0,3
48033,0,3
48034,0,3
48035,564,32
48036,101,13
48037,228,21
48038,163,26
48039,248,34
48040,0,3
48041,191,27
48042,312,40
48043,0,3
48044,233,30
48045,109,17
48046,235,28
48047,0,3
48048,148,25
48049,258,26
48050,191,28
48051,179,22
48052,0,3
48053,0,3
48054,111,18
48055,206,29
48056,163,24
48057,0,3
48058,266,32
48059,227,21
48060,163,19
48061,140,24
48062,147,17
48063,0,3
48064,211,26
48065,272,36
48066,223,27
48067,0,3
48068,198,35
48069,0,3
48070,279,41
48071,0,3
48072,0,3
48073,231,31
48074,311,38
48075,0,3
48076,111,20
48077,293,34
48078,228,30
48079,220,30
48080,0,3
48081,150,19
48082,165,25
48083,190,27
48084,0,3
48085,0,3
48086,392,39
48087,158,30
48088,0,3
48089,143,22
48090,0,3
48091,0,3
48092,321,32
48093,205,25
48094,0,3
48095,0,3
48096,222,25
48097,293,33
48098,154,21
48099,0,3
48100,137,20
48101,240,26
48102,0,3
48103,116,19
48104,0,3
48105,300,36
48106,199,32
48107,205,27
48108,127,22
48109,172,29
48110,0,3
48111,229,22
48112,177,24
48113,188,28
48114,0,3
48115,159,23
48116,203,26
48117,203,27
48118,223,27
48119,200,25
48120,195,24
48121,0,3
48122,178,19
48123,0,3
48124,315,36
48125,0,3
48126,0,3
48127,0,3
48128,0,3
48129,0,3
48130,0,3
48131,396,41
48132,183,30
48133,165,25
48134,145,19
48135,0,3
48136,0,3
48137,144,19
48138,0,3
48139,212,26
48140,0,3
48141,0,3
48142,190,26
48143,140,21
48144,17,6
48145,267,30
48146,0,3
48147,167,26
48148,350,40
48149,147,22
48150,207,28
48151,0,3
48152,0,3
48153,261,24
48154,171,22
48155,257,42
48156,199,29
48157,0,3
48158,132,19
48159,101,14
48160,0,3
48161,246,31
48162,0,3
48163,227,26
48164,274,31
48165,317,39
48166,242,28
48167,213,27
48168,198,25
48169,0,3
48170,180,27
48171,0,3
48172,223,34
48173,240,32
48174,243,25
48175,0,3
48176,206,28
48177,119,19
48178,220,26
48179,0,3
48180,115,16
48181,320,41
48182,127,18
48183,138,20
48184,209,26
48185,216,24
48186,232,22
48187,321,38
48188,258,30
48189,300,39
48190,0,3
48191,164,19
48192,330,35
48193,192,26
48194,213,30
48195,0,3
48196,166,26
48197,0,3
48198,328,28
48199,0,3
48200,0,3
48201,0,3
48202,308,32
48203,249,29
48204,183,28
48205,212,35
48206,244,35
48207,239,27
48208,0,3
48209,233,34
48210,0,3
48211,155,24
48212,311,36
48213,188,28
48214,139,22
48215,157,24
48216,158,23
48217,314,35
48218,255,33
48219,133,15
48220,203,33
48221,0,3
48222,129,26
48223,145,22
48224,270,35
48225,0,3
48226,135,18
48227,0,3
48228,251,31
48229,199,26
48230,274,32
48231,0,3
48232,264,34
48233,175,20
48234,219,27
48235,0,3
48236,0,3
48237,0,3
48238,219,24
48239,319,20
48240,0,3
48241,342,35
48242,246,28
48243,333,37
48244,0,3
48245,246,29
48246,313,34
48247,274,31
48248,111,22
48249,144,22
48250,0,3
48251,0,3
48252,18,5
48253,260,32
48254,220,34
48255,205,29
48256,82,15
48257,362,42
48258,179,30
48259,137,18
48260,170,26
48261,150,22
48262,227,31
48263,237,29
48264,109,19
48265,308,41
48266,0,3
48267,0,3
48268,332,36
48269,195,27
48270,374,36
48271,222,33
48272,146,15
48273,0,3
48274,197,29
48275,0,3
48276,260,39
48277,463,26
48278,210,28
48279,190,24
48280,204,29
48281,186,24
48282,0,3
48283,0,3
48284,269,32
48285,236,27
48286,0,3
48287,225,29
48288,0,3
48289,237,28
48290,184,22
48291,159,23
48292,339,36
48293,0,3
48294,303,37
48295,167,17
48296,304,35
48297,0,3
48298,0,3
48299,0,3
48300,323,44
48301,182,23
48302,243,34
48303,284,28
48304,0,3
48305,0,3
48306,273,35
48307,236,34
48308,203,25
48309,0,3
48310,227,23
48311,0,3
48312,0,3
48313,383,30
48314,163,20
48315,0,3
48316,248,29
48317,0,3
48318,0,3
48319,271,38
48320,0,3
48321,0,3
48322,147,20
48323,215,26
48324,207,24
48325,92,13
48326,194,23
48327,184,29
48328,257,35
48329,243,22
48330,232,28
48331,287,35
48332,561,26
48333,358,30
48334,256,24
48335,0,3
48336,416,28
48337,219,27
48338,0,3
48339,297,31
48340,209,32
48341,183,21
48342,200,27
48343,304,27
48344,88,14
48345,229,28
48346,0,3
48347,0,3
48348,200,24
48349,151,22
48350,0,3
48351,262,32
48352,281,19
48353,292,34
48354,250,30
48355,257,33
48356,210,26
48357,0,3
48358,189,34
48359,235,34
48360,0,3
48361,278,47
48362,276,30
48363,85,13
48364,428,18
48365,319,24
48366,0,3
48367,289,35
48368,0,3
48369,334,17
48370,0,3
48371,221,27
48372,436,41
48373,0,3
48374,267,30
48375,96,15
48376,196,28
48377,220,25
48378,0,3
48379,302,27
48380,254,32
48381,236,36
48382,438,39
48383,290,27
48384,135,22
48385,0,3
48386,245,28
48387,246,34
48388,0,3
48389,0,3
48390,0,3
48391,420,44
48392,195,25
48393,110,20
48394,0,3
48395,0,3
48396,0,3
48397,292,26
48398,231,32
48399,209,21
48400,827,25
48401,220,22
48402,294,32
48403,213,28
48404,240,33
48405,0,3
48406,0,3
48407,307,25
48408,0,3
48409,251,28
48410,213,29
48411,241,30
48412,0,3
48413,355,40
48414,248,32
48415,0,3
48416,237,28
48417,142,26
48418,0,3
48419,246,34
48420,212,30
48421,290,42
48422,0,3
48423,371,31
48424,189,29
48425,218,29
48426,236,30
48427,0,3
48428,0,3
48429,184,24
48430,166,27
48431,170,26
48432,274,31
48433,271,34
48434,339,31
48435,313,34
48436,265,38
48437,240,26
48438,278,33
48439,322,37
48440,0,3
48441,221,28
48442,0,3
48443,0,3
48444,0,3
48445,148,17
48446,0,3
48447,0,3
48448,0,3
48449,195,31
48450,0,3
48451,164,21
48452,1000,15
48453,136,20
48454,137,18
48455,189,23
48456,276,33
48457,0,3
48458,309,43
48459,178,28
48460,161,24
48461,0,3
48462,228,34
48463,180,29
48464,0,3
48465,227,30
48466,0,3
48467,282,31
48468,144,25
48469,0,3
48470,0,3
48471,244,34
48472,0,3
48473,213,31
48474,36,10
48475,0,3
48476,0,3
48477,0,3
48478,301,31
48479,153,25
48480,274,25
48481,190,23
48482,0,3
48483,0,3
48484,288,26
48485,0,3
48486,0,3
48487,0,3
48488,0,3
48489,0,3
48490,383,25
48491,0,3
48492,213,29
48493,188,24
48494,179,25
48495,158,23
48496,0,3
48497,0,3
48498,0,3
48499,0,3
48500,126,20
48501,203,27
48502,209,29
48503,0,3
48504,199,26
48505,245,28
48506,135,21
48507,0,3
48508,0,3
48509,211,31
48510,137,21
48511,96,15
48512,0,3
48513,291,42
48514,0,3
48515,232,29
48516,0,3
48517,0,3
48518,218,28
48519,0,3
48520,286,38
48521,0,3
48522,316,37
48523,150,24
48524,106,14
48525,0,3
48526,0,3
48527,103,17
48528,123,21
48529,207,25
48530,0,3
48531,219,24
48532,0,3
48533,188,24
48534,180,26
48535,277,38
48536,0,3
48537,262,32
48538,0,3
48539,216,27
48540,239,27
48541,142,21
48542,236,33
48543,346,39
48544,336,45
48545,223,30
48546,402,40
48547,0,3
48548,100,18
48549,0,3
48550,355,45
48551,142,17
48552,0,3
48553,0,3
48554,0,3
48555,0,3
48556,0,3
48557,426,37
48558,0,3
48559,408,26
48560,220,30
48561,310,29
48562,247,34
48563,365,32
48564,232,30
48565,213,21
48566,0,3
48567,251,36
48568,248,36
48569,0,3
48570,0,3
48571,304,25
48572,0,3
48573,0,3
48574,202,30
48575,0,3
48576,0,3
48577,172,26
48578,191,27
48579,240,27
48580,327,44
48581,0,3
48582,284,30
48583,0,3
48584,176,23
48585,164,19
48586,0,3
48587,0,3
48588,254,27
48589,0,3
48590,0,3
48591,136,19
48592,382,24
48593,146,18
48594,0,3
48595,254,33
48596,116,18
48597,332,32
48598,0,3
48599,0,3
48600,145,21
48601,174,22
48602,235,36
48603,0,3
48604,0,3
48605,292,35
48606,194,21
48607,118,18
48608,281,33
48609,160,20
48610,0,3
48611,0,3
48612,125,20
48613,155,24
48614,0,3
48615,153,25
48616,334,33
48617,0,3
48618,0,3
48619,131,17
48620,103,16
48621,288,28
48622,318,39
48623,316,21
48624,177,22
48625,164,22
48626,894,22
48627,0,3
48628,275,33
48629,206,21
48630,148,18
48631,235,28
48632,153,20
48633,529,24
48634,0,3
48635,151,21
48636,315,38
48637,221,21
48638,134,22
48639,228,28
48640,344,43
48641,0,3
48642,139,20
48643,418,40
48644,0,3
48645,233,30
48646,152,20
48647,289,32
48648,144,20
48649,165,26
48650,256,35
48651,191,24
48652,376,37
48653,113,16
48654,0,3
48655,194,22
48656,115,14
48657,210,31
48658,322,32
48659,209,28
48660,0,3
48661,182,20
48662,70,14
48663,164,25
48664,0,3
48665,0,3
48666,265,30
48667,242,29
48668,0,3
48669,314,31
48670,146,19
48671,0,3
48672,168,26
48673,0,3
48674,175,20
48675,0,3
48676,396,40
48677,146,20
48678,0,3
48679,0,3
48680,241,34
48681,307,29
48682,276,29
48683,153,16
48684,0,3
48685,211,29
48686,419,42
48687,0,3
48688,0,3
48689,147,17
48690,309,35
48691,382,30
48692,142,17
48693,0,3
48694,141,20
48695,91,16
48696,156,23
48697,209,29
48698,0,3
48699,257,31
48700,0,3
48701,290,34
48702,292,39
48703,0,3
48704,0,3
48705,201,27
48706,0,3
48707,0,3
48708,208,24
48709,153,26
48710,116,18
48711,0,3
48712,479,21
48713,383,43
48714,0,3
48715,145,24
48716,151,19
48717,0,3
48718,0,3
48719,175,23
48720,174,19
48721,139,21
48722,251,37
48723,352,37
48724,181,26
48725,0,3
48726,121,20
48727,0,3
48728,0,3
48729,215,29
48730,111,18
48731,178,21
48732,301,30
48733,223,28
48734,0,3
48735,235,26
48736,329,36
48737,171,22
48738,0,3
48739,132,22
48740,216,31
48741,164,20
48742,265,30
48743,216,27
48744,338,36
48745,0,3
48746,202,22
48747,431,46
48748,0,3
48749,348,39
48750,192,30
48751,271,32
48752,0,3
48753,0,3
48754,65,10
48755,0,3
48756,0,3
48757,195,20
48758,0,3
48759,274,26
48760,230,32
48761,341,35
48762,237,29
48763,0,3
48764,124,23
48765,250,31
48766,74,14
48767,196,32
48768,320,33
48769,187,25
48770,236,29
48771,327,40
48772,200,26
48773,0,3
48774,0,3
48775,168,17
48776,360,38
48777,0,3
48778,0,3
48779,0,3
48780,0,3
48781,0,3
48782,240,32
48783,153,29
48784,334,29
48785,0,3
48786,0,3
48787,179,24
48788,0,3
48789,0,3
48790,0,3
48791,0,3
48792,0,3
48793,0,3
48794,223,31
48795,0,3
48796,0,3
48797,207,34
48798,0,3
48799,278,33
48800,0,3
48801,0,3
48802,0,3
48803,162,28
48804,178,22
48805,161,24
48806,0,3
48807,180,25
48808,0,3
48809,0,3
48810,0,3
48811,297,33
48812,355,41
48813,114,21
48814,210,31
48815,0,3
48816,118,17
48817,197,26
48818,547,33
48819,174,25
48820,240,30
48821,239,26
48822,0,3
48823,368,35
48824,152,21
48825,309,33
48826,140,15
48827,0,3
48828,234,30
48829,167,28
48830,151,20
48831,0,3
48832,205,25
48833,161,22
48834,396,23
48835,158,21
48836,396,34
48837,278,36
48838,97,17
48839,0,3
48840,249,33
48841,190,23
48842,192,29
48843,326,38
48844,0,3
48845,247,28
48846,0,3
48847,330,34
48848,0,3
48849,0,3
48850,0,3
48851,146,26
48852,202,30
48853,289,37
48854,0,3
48855,154,23
48856,0,3
48857,0,3
48858,0,3
48859,220,28
48860,59,10
48861,120,14
48862,0,3
48863,213,24
48864,224,27
48865,0,3
48866,173,20
48867,247,28
48868,0,3
48869,138,21
48870,305,34
48871,264,32
48872,0,3
48873,245,34
48874,0,3
48875,144,23
48876,177,25
48877,0,3
48878,213,27
48879,165,22
48880,156,19
48881,0,3
48882,0,3
48883,276,34
48884,0,3
48885,230,27
48886,225,27
48887,185,24
48888,121,24
48889,0,3
48890,227,28
48891,314,19
48892,100,19
48893,255,27
48894,730,25
48895,215,19
48896,120,18
48897,303,32
48898,256,28
48899,242,37
48900,214,28
48901,0,3
48902,367,37
48903,122,23
48904,73,15
48905,0,3
48906,289,35
48907,215,33
48908,298,35
48909,252,31
48910,198,26
48911,126,19
48912,0,3
48913,246,36
48914,0,3
48915,0,3
48916,0,3
48917,0,3
48918,202,21
48919,536,29
48920,587,27
48921,0,3
48922,0,3
48923,0,3
48924,0,3
48925,0,3
48926,229,30
48927,338,36
48928,158,20
48929,196,25
48930,234,34
48931,216,26
48932,0,3
48933,256,23
48934,107,14
48935,0,3
48936,248,27
48937,0,3
48938,0,3
48939,294,21
48940,189,27
48941,145,20
48942,139,26
48943,263,33
48944,0,3
48945,245,29
48946,206,36
48947,252,22
48948,0,3
48949,241,28
48950,301,36
48951,218,26
48952,293,26
48953,0,3
48954,319,36
48955,0,3
48956,173,25
48957,209,25
48958,0,3
48959,175,16
48960,268,32
48961,218,29
48962,264,32
48963,289,31
48964,281,38
48965,0,3
48966,115,20
48967,312,33
48968,0,3
48969,0,3
48970,72,13
48971,0,3
48972,273,34
48973,204,25
48974,0,3
48975,235,37
48976,0,3
48977,0,3
48978,205,32
48979,0,3
48980,301,34
48981,306,36
48982,459,24
48983,0,3
48984,244,26
48985,190,27
48986,198,25
48987,145,17
48988,294,30
48989,0,3
48990,0,3
48991,0,3
48992,290,34
48993,291,39
48994,178,22
48995,231,29
48996,231,30
48997,625,33
48998,0,3
48999,140,18
49000,0,3
49001,227,27
49002,194,29
49003,243,37
49004,0,3
49005,218,32
49006,296,36
49007,206,30
49008,159,24
49009,243,31
49010,155,24
49011,286,36
49012,184,30
49013,226,31
49014,311,38
49015,0,3
49016,166,17
49017,207,27
49018,0,3
49019,178,26
49020,0,3
49021,187,23
49022,166,23
49023,255,28
49024,0,3
49025,0,3
49026,225,28
49027,0,3
49028,247,37
49029,297,30
49030,95,17
49031,212,25
49032,0,3
49033,198,21
49034,233,31
49035,191,23
49036,165,21
49037,167,23
49038,0,3
49039,360,22
49040,231,34
49041,0,3
49042,0,3
49043,230,30
49044,156,23
49045,0,3
49046,296,35
49047,0,3
49048,217,28
49049,0,3
49050,0,3
49051,308,40
49052,213,27
49053,729,38
49054,172,23
49055,0,3
49056,132,21
49057,327,30
49058,0,3
49059,141,21
49060,297,35
49061,183,21
49062,246,28
49063,194,30
49064,251,25
49065,134,20
49066,217,29
49067,447,33
49068,0,3
49069,206,29
49070,213,20
49071,98,18
49072,0,3
49073,132,20
49074,323,38
49075,247,28
49076,149,23
49077,253,31
49078,74,11
49079,0,3
49080,101,18
49081,146,21
49082,0,3
49083,163,19
49084,0,3
49085,278,34
49086,210,28
49087,0,3
49088,202,26
49089,230,32
49090,0,3
49091,178,20
49092,0,3
49093,0,3
49094,173,24
49095,576,30
49096,0,3
49097,0,3
49098,365,20
49099,330,42
49100,173,21
49101,131,23
49102,0,3
49103,0,3
49104,208,32
49105,143,19
49106,180,27
49107,275,29
49108,277,35
49109,204,35
49110,186,21
49111,0,3
49112,213,32
49113,219,32
49114,0,3
49115,196,26
49116,151,21
49117,105,20
49118,245,32
49119,150,20
49120,0,3
49121,0,3
49122,247,25
49123,0,3
49124,173,24
49125,285,30
49126,220,28
49127,251,33
49128,216,29
49129,0,3
49130,0,3
49131,216,34
49132,229,34
49133,0,3
49134,0,3
49135,208,32
49136,278,37
49137,44,10
49138,239,28
49139,0,3
49140,0,3
49141,157,24
49142,193,23
49143,245,28
49144,0,3
49145,0,3
49146,217,26
49147,331,24
49148,78,13
49149,254,32
49150,258,35
49151,299,38
49152,424,36
49153,300,32
49154,248,19
49155,443,35
49156,124,18
49157,0,3
49158,352,41
49159,292,37
49160,0,3
49161,0,3
49162,0,3
49163,124,18
49164,184,27
49165,280,38
49166,278,33
49167,0,3
49168,239,34
49169,214,28
49170,219,27
49171,239,28
49172,306,33
49173,0,3
49174,0,3
49175,141,22
49176,319,34
49177,365,39
49178,209,33
49179,0,3
49180,0,3
49181,0,3
49182,186,24
49183,0,3
49184,0,3
49185,215,37
49186,102,19
49187,0,3
49188,0,3
49189,233,24
49190,210,28
49191,143,21
49192,214,25
49193,116,17
49194,260,37
49195,154,26
49196,0,3
49197,256,30
49198,246,32
49199,0,3
49200,236,36
49201,448,45
49202,0,3
49203,303,35
49204,143,27
49205,0,3
49206,122,20
49207,161,23
49208,160,20
49209,179,27
49210,148,24
49211,191,28
49212,0,3
49213,231,28
49214,0,3
49215,373,45
49216,0,3
49217,0,3
49218,205,23
49219,0,3
49220,207,30
49221,95,20
49222,218,30
49223,0,3
49224,226,33
49225,240,34
49226,248,31
49227,185,21
49228,362,29
49229,398,52
49230,126,16
49231,0,3
49232,161,20
49233,0,3
49234,297,34
49235,141,20
49236,244,35
49237,238,33
49238,0,3
49239,147,20
49240,0,3
49241,240,29
49242,0,3
49243,455,26
49244,0,3
49245,0,3
49246,120,16
49247,268,32
49248,235,32
49249,0,3
49250,270,35
49251,208,22
49252,185,22
49253,249,30
49254,70,16
49255,159,26
49256,0,3
49257,0,3
49258,0,3
49259,245,32
49260,175,24
49261,316,41
49262,102,15
49263,0,3
49264,0,3
49265,0,3
49266,238,29
49267,235,26
49268,192,25
49269,87,13
49270,283,33
49271,414,24
49272,168,24
49273,232,23
49274,232,24
49275,205,22
49276,136,20
49277,202,30
49278,0,3
49279,0,3
49280,0,3
49281,114,19
49282,350,38
49283,0,3
49284,0,3
49285,240,25
49286,0,3
49287,161,27
49288,0,3
49289,317,38
49290,0,3
49291,346,27
49292,200,30
49293,0,3
49294,0,3
49295,244,32
49296,146,20
49297,0,3
49298,38,9
49299,0,3
49300,245,31
49301,0,3
49302,0,3
49303,192,21
49304,0,3
49305,173,26
49306,0,3
49307,0,3
49308,0,3
49309,134,20
49310,218,24
49311,154,22
49312,0,3
49313,300,30
49314,0,3
49315,216,29
49316,205,24
49317,325,38
49318,300,28
49319,148,26
49320,0,3
49321,144,23
49322,223,28
49323,317,40
49324,222,26
49325,133,20
49326,164,18
49327,302,38
49328,218,28
49329,177,21
49330,0,3
49331,258,40
49332,0,3
49333,209,28
49334,0,3
49335,258,32
49336,0,3
49337,0,3
49338,319,40
49339,183,30
49340,360,39
49341,277,31
49342,305,22
49343,203,28
49344,241,26
49345,0,3
49346,0,3
49347,23,8
49348,257,33
49349,270,28
49350,295,40
49351,0,3
49352,109,16
49353,278,34
49354,74,14
49355,342,30
49356,296,31
49357,271,24
49358,0,3
49359,88,19
49360,0,3
49361,256,32
49362,190,32
49363,0,3
49364,248,34
49365,206,25
49366,0,3
49367,210,23
49368,265,30
49369,0,3
49370,0,3
49371,120,17
49372,0,3
49373,204,25
49374,330,35
49375,188,28
49376,0,3
49377,257,32
49378,420,30
49379,262,32
49380,188,22
49381,241,34
49382,0,3
49383,338,39
49384,176,28
49385,0,3
49386,317,23
49387,0,3
49388,910,37
49389,196,18
49390,284,30
49391,116,19
49392,0,3
49393,0,3
49394,333,26
49395,0,3
49396,0,3
49397,225,27
49398,0,3
49399,0,3
49400,330,41
49401,0,3
49402,208,22
49403,189,26
49404,0,3
49405,200,25
49406,0,3
49407,224,27
49408,0,3
49409,180,24
49410,323,31
49411,248,30
49412,153,20
49413,0,3
49414,239,29
49415,122,18
49416,340,17
49417,207,23
49418,0,3
49419,144,20
49420,0,3
49421,140,21
49422,0,3
49423,0,3
49424,168,18
49425,0,3
49426,152,17
49427,0,3
49428,336,30
49429,241,28
49430,171,23
49431,0,3
49432,0,3
49433,0,3
49434,81,17
49435,0,3
49436,0,3
49437,0,3
49438,203,25
49439,0,3
49440,0,3
49441,0,3
49442,0,3
49443,0,3
49444,0,3
49445,154,25
49446,0,3
49447,283,35
49448,199,23
49449,195,28
49450,353,44
49451,0,3
49452,343,42
49453,0,3
49454,125,20
49455,211,26
49456,293,18
49457,266,33
49458,0,3
49459,106,18
49460,117,20
49461,298,27
49462,216,24
49463,650,26
49464,215,24
49465,0,3
49466,0,3
49467,136,18
49468,234,30
49469,249,29
49470,299,23
49471,0,3
49472,0,3
49473,232,30
49474,283,31
49475,114,22
49476,0,3
49477,0,3
49478,426,20
49479,399,27
49480,284,31
49481,111,17
49482,0,3
49483,145,20
49484,0,3
49485,293,24
49486,370,30
49487,288,25
49488,166,15
49489,372,40
49490,230,31
49491,417,32
49492,0,3
49493,188,23
49494,372,36
49495,266,27
49496,0,3
49497,0,3
49498,386,30
49499,149,15
49500,0,3
49501,264,34
49502,418,35
49503,0,3
49504,211,18
49505,0,3
49506,220,17
49507,291,30
49508,258,27
49509,0,3
49510,190,28
49511,230,31
49512,159,17
49513,218,22
49514,0,3
49515,238,30
49516,0,3
49517,175,21
49518,227,20
49519,317,39
49520,175,23
49521,161,20
49522,290,38
49523,308,34
49524,196,25
49525,0,3
49526,0,3
49527,269,36
49528,319,32
49529,314,43
49530,165,22
49531,129,23
49532,0,3
49533,283,36
49534,309,43
49535,238,31
49536,163,20
49537,0,3
49538,326,40
49539,239,23
49540,203,26
49541,161,29
49542,340,39
49543,0,3
49544,0,3
49545,0,3
49546,0,3
49547,228,27
49548,0,3
49549,220,30
49550,0,3
49551,262,35
49552,174,24
49553,225,31
49554,0,3
49555,0,3
49556,303,36
49557,178,22
49558,0,3
49559,288,36
49560,0,3
49561,333,38
49562,113,15
49563,380,40
49564,323,32
49565,136,21
49566,309,42
49567,512,20
49568,0,3
49569,158,26
49570,330,39
49571,0,3
49572,0,3
49573,0,3
49574,137,21
49575,0,3
49576,0,3
49577,120,15
49578,111,17
49579,271,29
49580,285,34
49581,275,28
49582,107,15
49583,153,21
49584,230,31
49585,0,3
49586,272,31
49587,156,20
49588,0,3
49589,156,21
49590,0,3
49591,240,29
49592,234,31
49593,363,28
49594,0,3
49595,0,3
49596,0,3
49597,241,35
49598,226,30
49599,274,31
49600,63,14
49601,0,3
49602,270,36
49603,142,22
49604,178,23
49605,289,40
49606,169,25
49607,0,3
49608,116,24
49609,0,3
49610,0,3
49611,183,19
49612,204,22
49613,233,27
49614,229,28
49615,203,26
49616,0,3
49617,190,25
49618,299,37
49619,251,37
49620,258,31
49621,170,24
49622,153,21
49623,201,27
49624,222,24
49625,217,19
49626,0,3
49627,119,23
49628,0,3
49629,0,3
49630,199,27
49631,265,29
49632,118,17
49633,206,22
49634,0,3
49635,134,19
49636,136,19
49637,0,3
49638,0,3
49639,136,22
49640,125,21
49641,0,3
49642,329,37
49643,507,36
49644,256,29
49645,0,3
49646,0,3
49647,204,21
49648,278,39
49649,0,3
49650,252,28
49651,0,3
49652,165,31
49653,0,3
49654,267,39
49655,241,40
49656,217,19
49657,172,22
49658,0,3
49659,201,24
49660,0,3
49661,176,23
49662,0,3
49663,107,12
49664,90,11
49665,263,37
49666,0,3
49667,165,20
49668,217,29
49669,256,29
49670,231,28
49671,222,31
49672,315,32
49673,294,37
49674,0,3
49675,147,26
49676,270,34
49677,244,31
49678,0,3
49679,114,15
49680,215,27
49681,0,3
49682,0,3
49683,0,3
49684,0,3
49685,256,37
49686,361,41
49687,252,31
49688,0,3
49689,237,27
49690,80,16
49691,0,3
49692,350,41
49693,374,35
49694,0,3
49695,0,3
49696,295,33
49697,285,37
49698,235,27
49699,297,47
49700,0,3
49701,155,23
49702,241,37
49703,226,29
49704,255,31
49705,373,34
49706,204,29
49707,0,3
49708,112,18
49709,316,37
49710,0,3
49711,247,35
49712,0,3
49713,175,23
49714,0,3
49715,0,3
49716,162,24
49717,240,31
49718,241,27
49719,164,25
49720,0,3
49721,892,24
49722,0,3
49723,304,31
49724,0,3
49725,141,18
49726,0,3
49727,147,18
49728,0,3
49729,0,3
49730,275,32
49731,0,3
49732,326,32
49733,0,3
49734,260,34
49735,217,32
49736,358,50
49737,198,19
49738,234,31
49739,114,15
49740,209,22
49741,255,27
49742,214,26
49743,165,22
49744,252,31
49745,125,18
49746,238,29
49747,131,20
49748,0,3
49749,307,36
49750,173,20
49751,0,3
49752,205,27
49753,626,28
49754,117,16
49755,237,28
49756,80,16
49757,249,32
49758,0,3
49759,0,3
49760,184,28
49761,0,3
49762,172,26
49763,228,30
49764,105,18
49765,395,42
49766,437,35
49767,97,14
49768,186,24
49769,221,30
49770,223,27
49771,0,3
49772,0,3
49773,199,24
49774,422,31
49775,0,3
49776,303,32
49777,171,24
49778,0,3
49779,247,31
49780,0,3
49781,0,3
49782,187,26
49783,152,18
49784,197,22
49785,0,3
49786,336,28
49787,180,25
49788,171,22
49789,0,3
49790,308,25
49791,0,3
49792,0,3
49793,261,34
49794,0,3
49795,194,24
49796,0,3
49797,205,27
49798,119,20
49799,0,3
49800,191,26
49801,0,3
49802,206,25
49803,301,37
49804,0,3
49805,159,27
49806,223,29
49807,142,20
49808,278,33
49809,0,3
49810,0,3
49811,246,32
49812,177,26
49813,250,34
49814,298,34
49815,0,3
49816,0,3
49817,0,3
49818,200,27
49819,303,39
49820,305,41
49821,0,3
49822,82,16
49823,0,3
49824,73,11
49825,231,25
49826,165,21
49827,0,3
49828,82,15
49829,192,28
49830,0,3
49831,0,3
49832,213,29
49833,198,27
49834,0,3
49835,0,3
49836,255,35
49837,179,27
49838,196,25
49839,233,29
49840,0,3
49841,109,14
49842,201,24
49843,0,3
49844,0,3
49845,331,37
49846,0,3
49847,0,3
49848,0,3
49849,0,3
49850,274,33
49851,0,3
49852,218,29
49853,291,37
49854,287,34
49855,0,3
49856,235,26
49857,137,31
49858,111,12
49859,150,18
49860,232,30
49861,270,31
49862,173,27
49863,314,42
49864,387,40
49865,161,22
49866,236,36
49867,144,15
49868,344,35
49869,0,3
49870,158,24
49871,265,32
49872,108,17
49873,0,3
49874,159,19
49875,0,3
49876,0,3
49877,227,32
49878,187,17
49879,146,24
49880,0,3
49881,187,29
49882,0,3
49883,200,24
49884,0,3
49885,0,3
49886,345,31
49887,108,16
49888,0,3
49889,308,20
49890,0,3
49891,303,33
49892,776,19
49893,0,3
49894,0,3
49895,166,24
49896,0,3
49897,0,3
49898,150,15
49899,294,31
49900,229,30
49901,213,23
49902,287,37
49903,223,29
49904,372,31
49905,305,38
49906,0,3
49907,169,23
49908,157,20
49909,295,40
49910,240,31
49911,217,22
49912,0,3
49913,0,3
49914,0,3
49915,223,38
49916,257,25
49917,176,22
49918,0,3
49919,101,14
49920,223,34
49921,207,28
49922,0,3
49923,0,3
49924,269,29
49925,273,34
49926,0,3
49927,104,19
49928,273,32
49929,0,3
49930,0,3
49931,107,16
49932,224,34
49933,312,40
49934,219,30
49935,180,23
49936,292,35
49937,182,23
49938,0,3
49939,223,27
49940,0,3
49941,216,30
49942,0,3
49943,175,26
49944,277,29
49945,0,3
49946,204,22
49947,0,3
49948,216,34
49949,663,37
49950,183,32
49951,243,36
49952,0,3
49953,159,23
49954,0,3
49955,371,20
49956,144,24
49957,169,22
49958,0,3
49959,0,3
49960,121,20
49961,207,25
49962,249,36
49963,0,3
49964,156,23
49965,0,3
49966,0,3
49967,0,3
49968,0,3
49969,0,3
49970,265,32
49971,0,3
49972,0,3
49973,0,3
49974,403,23
49975,237,28
49976,278,34
49977,0,3
49978,0,3
49979,239,34
49980,103,19
49981,211,34
49982,206,29
49983,0,3
49984,0,3
49985,130,19
49986,452,30
49987,323,31
49988,284,39
49989,0,3
49990,91,17
49991,0,3
49992,187,24
49993,145,16
49994,211,29
49995,135,22
49996,0,3
49997,220,31
49998,254,28
49999,322,39
