attempt,turns,length
0,5,4
1,0,3
2,0,3
3,0,3
4,0,3
5,1,3
6,0,3
7,0,3
8,1,3
9,5,3
10,4,3
11,1,3
12,4,3
13,0,3
14,4,2
15,1,3
16,0,3
17,2,3
18,0,3
19,13,2
20,0,3
21,1,3
22,5,3
23,3,3
24,3,3
25,1,3
26,0,3
27,7,4
28,0,3
29,3,4
30,6,3
31,3,3
32,0,3
33,0,3
34,1,3
35,0,3
36,1,3
37,4,3
38,4,3
39,0,3
40,4,3
41,0,3
42,2,3
43,22,5
44,7,3
45,1,3
46,3,3
47,1,3
48,4,3
49,1,3
50,0,3
51,2,3
52,2,3
53,1,3
54,2,3
55,0,3
56,0,3
57,0,3
58,0,3
59,0,3
60,2,3
61,1,3
62,0,3
63,1,3
64,1,3
65,2,3
66,8,3
67,2,3
68,4,3
69,2,3
70,1,3
71,0,3
72,1,3
73,0,3
74,3,3
75,0,3
76,3,3
77,1,3
78,1,3
79,2,4
80,0,3
81,5,3
82,0,3
83,4,3
84,5,3
85,0,3
86,1,3
87,4,3
88,3,3
89,0,3
90,12,3
91,0,3
92,2,3
93,3,3
94,2,3
95,1,3
96,1,3
97,2,3
98,0,3
99,0,3
100,1,3
101,4,3
102,0,3
103,1,3
104,8,3
105,1,3
106,0,3
107,1,3
108,5,3
109,0,3
110,0,3
111,1,3
112,0,3
113,0,3
114,0,3
115,0,3
116,0,3
117,1,3
118,3,3
119,0,3
120,2,3
121,1,3
122,2,3
123,0,3
124,0,3
125,5,3
126,1,3
127,4,3
128,0,3
129,0,3
130,0,3
131,9,4
132,1,3
133,3,3
134,3,3
135,1,3
136,0,3
137,2,3
138,2,3
139,1,3
140,0,3
141,0,3
142,0,3
143,3,3
144,0,3
145,3,3
146,3,3
147,1,3
148,2,3
149,5,3
150,2,3
151,3,3
152,4,3
153,0,3
154,1,3
155,3,3
156,0,3
157,4,3
158,3,2
159,1,3
160,3,3
161,3,3
162,2,3
163,3,3
164,1,3
165,5,3
166,1,3
167,0,3
168,0,3
169,2,3
170,1,3
171,1,3
172,4,3
173,1,3
174,6,3
175,5,3
176,1,3
177,3,3
178,11,3
179,3,3
180,2,3
181,3,3
182,0,3
183,2,3
184,5,3
185,13,2
186,1,4
187,4,3
188,1,3
189,0,3
190,3,3
191,0,3
192,4,3
193,0,3
194,5,3
195,3,4
196,0,3
197,0,3
198,0,3
199,1,4
200,2,3
201,8,3
202,4,3
203,4,3
204,7,3
205,4,3
206,5,3
207,1,3
208,11,2
209,1,3
210,2,3
211,0,3
212,0,3
213,1,3
214,0,3
215,4,3
216,2,3
217,1,3
218,1,3
219,7,3
220,2,3
221,2,3
222,0,3
223,1,3
224,0,3
225,0,3
226,2,3
227,3,3
228,2,3
229,2,3
230,0,3
231,3,3
232,2,3
233,3,3
234,1,3
235,1,3
236,0,3
237,1,3
238,1,3
239,1,3
240,1,3
241,3,3
242,7,3
243,1,3
244,0,3
245,0,3
246,0,3
247,2,3
248,4,3
249,2,3
250,0,3
251,1,3
252,6,4
253,0,3
254,4,3
255,2,3
256,0,3
257,2,3
258,0,3
259,3,3
260,0,3
261,2,3
262,0,3
263,1,3
264,2,3
265,2,3
266,0,3
267,0,3
268,2,3
269,3,3
270,6,5
271,0,3
272,1,3
273,3,3
274,0,3
275,1,3
276,4,3
277,2,3
278,0,3
279,5,3
280,1,3
281,3,3
282,0,3
283,0,3
284,6,3
285,7,4
286,1,3
287,1,3
288,3,3
289,2,3
290,1,3
291,1,3
292,7,3
293,1,3
294,1,3
295,12,4
296,5,3
297,0,3
298,1,3
299,0,3
300,1,3
301,0,3
302,1,3
303,4,3
304,2,3
305,2,3
306,2,3
307,0,3
308,3,3
309,1,3
310,0,3
311,2,3
312,1,3
313,6,3
314,2,3
315,0,3
316,0,3
317,0,3
318,2,4
319,2,3
320,2,3
321,4,4
322,2,3
323,6,2
324,1,3
325,7,3
326,3,3
327,0,3
328,1,3
329,1,3
330,1,3
331,0,3
332,2,3
333,0,3
334,3,3
335,0,3
336,2,3
337,0,3
338,2,3
339,1,3
340,2,3
341,3,3
342,0,3
343,3,3
344,4,3
345,3,3
346,0,3
347,1,3
348,2,3
349,0,3
350,0,3
351,0,3
352,0,3
353,0,3
354,4,3
355,2,3
356,5,3
357,4,3
358,4,3
359,0,3
360,5,2
361,2,3
362,0,3
363,2,3
364,2,3
365,0,3
366,4,3
367,2,3
368,3,3
369,0,3
370,1,3
371,1,3
372,0,3
373,3,3
374,1,3
375,0,3
376,0,3
377,4,3
378,6,5
379,1,3
380,0,3
381,1,3
382,1,3
383,0,3
384,3,3
385,2,3
386,0,3
387,0,3
388,0,3
389,0,3
390,0,3
391,0,3
392,11,4
393,3,3
394,0,3
395,0,3
396,1,3
397,7,3
398,1,3
399,3,3
400,3,3
401,1,3
402,8,3
403,2,3
404,2,3
405,0,3
406,4,3
407,5,3
408,1,3
409,8,3
410,0,3
411,3,3
412,1,3
413,2,3
414,1,3
415,4,3
416,0,3
417,2,3
418,1,3
419,8,3
420,2,3
421,5,4
422,0,3
423,3,3
424,10,3
425,0,3
426,0,3
427,2,3
428,3,3
429,0,3
430,0,3
431,0,3
432,1,3
433,3,3
434,1,4
435,0,3
436,1,3
437,1,3
438,2,3
439,11,3
440,1,3
441,0,3
442,2,3
443,0,3
444,0,3
445,1,3
446,0,3
447,2,3
448,7,3
449,4,3
450,0,3
451,7,3
452,2,3
453,2,3
454,0,3
455,1,3
456,0,3
457,9,3
458,1,3
459,1,3
460,3,3
461,11,3
462,0,3
463,1,3
464,2,3
465,1,3
466,0,3
467,2,3
468,1,3
469,13,3
470,1,3
471,5,4
472,2,3
473,0,3
474,2,3
475,1,3
476,0,3
477,0,3
478,3,3
479,0,3
480,6,3
481,0,3
482,1,3
483,3,3
484,0,3
485,0,3
486,0,3
487,0,3
488,6,3
489,1,3
490,2,3
491,1,3
492,0,3
493,1,3
494,3,3
495,0,3
496,7,2
497,0,3
498,1,3
499,4,3
500,2,3
501,4,3
502,5,3
503,1,3
504,0,3
505,0,3
506,0,3
507,0,3
508,0,3
509,3,3
510,0,3
511,2,3
512,3,4
513,0,3
514,1,3
515,2,3
516,0,3
517,3,3
518,0,3
519,10,3
520,2,3
521,2,3
522,9,3
523,1,3
524,2,3
525,3,3
526,0,3
527,0,3
528,0,3
529,6,2
530,7,4
531,2,3
532,1,3
533,0,3
534,1,3
535,4,3
536,1,3
537,0,3
538,0,3
539,5,4
540,1,3
541,0,3
542,0,3
543,1,3
544,1,3
545,2,3
546,14,4
547,1,3
548,0,3
549,7,2
550,2,3
551,1,3
552,1,3
553,3,3
554,4,2
555,0,3
556,8,3
557,9,2
558,0,3
559,5,3
560,0,3
561,4,3
562,0,3
563,0,3
564,0,3
565,6,3
566,1,3
567,4,3
568,0,3
569,9,3
570,0,3
571,0,3
572,4,4
573,0,3
574,1,2
575,0,3
576,3,3
577,6,3
578,0,3
579,1,3
580,8,2
581,0,3
582,0,3
583,3,3
584,0,3
585,1,3
586,0,3
587,1,3
588,1,3
589,1,3
590,5,3
591,0,3
592,3,3
593,2,3
594,0,3
595,0,3
596,0,3
597,3,3
598,1,3
599,0,3
600,1,3
601,1,3
602,7,4
603,0,3
604,0,3
605,0,3
606,0,3
607,5,3
608,0,3
609,1,3
610,0,3
611,0,3
612,3,3
613,0,3
614,3,3
615,0,3
616,4,3
617,5,3
618,3,3
619,0,3
620,0,3
621,9,4
622,0,3
623,0,3
624,1,3
625,1,3
626,6,3
627,0,3
628,2,2
629,1,3
630,0,3
631,2,3
632,4,3
633,5,3
634,1,4
635,4,3
636,8,3
637,0,3
638,0,3
639,2,3
640,1,4
641,0,3
642,0,3
643,0,3
644,4,3
645,0,3
646,3,3
647,0,3
648,0,3
649,10,3
650,0,3
651,0,3
652,4,3
653,1,3
654,3,3
655,11,3
656,0,3
657,0,3
658,2,3
659,0,3
660,3,3
661,2,3
662,4,3
663,10,3
664,6,3
665,0,3
666,0,3
667,0,3
668,5,3
669,3,3
670,0,3
671,1,3
672,4,3
673,0,3
674,1,3
675,3,3
676,0,3
677,1,3
678,3,3
679,0,3
680,8,4
681,1,3
682,0,3
683,5,3
684,4,3
685,0,3
686,6,3
687,0,3
688,1,3
689,0,3
690,7,3
691,2,4
692,3,3
693,2,3
694,2,3
695,1,3
696,3,3
697,3,3
698,1,3
699,1,3
700,5,3
701,3,3
702,0,3
703,0,3
704,2,4
705,6,3
706,5,3
707,6,3
708,2,3
709,3,3
710,2,3
711,17,2
712,6,3
713,4,3
714,7,3
715,5,3
716,1,3
717,0,3
718,5,3
719,3,3
720,0,3
721,0,3
722,0,3
723,0,3
724,1,3
725,4,3
726,9,3
727,1,3
728,22,3
729,5,4
730,0,3
731,4,3
732,0,3
733,1,3
734,4,3
735,5,3
736,0,3
737,5,3
738,0,3
739,3,3
740,0,3
741,1,3
742,1,3
743,2,3
744,1,3
745,2,3
746,0,3
747,1,3
748,4,3
749,0,3
750,4,3
751,0,3
752,5,3
753,1,3
754,4,3
755,0,3
756,1,3
757,2,3
758,2,3
759,3,3
760,1,3
761,0,3
762,1,3
763,0,3
764,2,3
765,1,3
766,0,3
767,0,3
768,3,3
769,3,3
770,1,3
771,2,3
772,0,3
773,2,3
774,0,3
775,3,3
776,0,3
777,4,3
778,10,3
779,4,3
780,4,3
781,0,3
782,0,3
783,1,3
784,1,4
785,3,3
786,0,3
787,0,3
788,1,3
789,1,3
790,1,2
791,2,3
792,3,3
793,1,3
794,4,3
795,4,3
796,4,3
797,0,3
798,5,3
799,10,3
800,2,3
801,1,3
802,1,3
803,10,4
804,2,3
805,1,3
806,3,3
807,2,3
808,3,3
809,3,3
810,4,3
811,0,3
812,1,3
813,1,3
814,0,3
815,0,3
816,0,3
817,0,3
818,3,3
819,6,3
820,2,3
821,5,3
822,2,3
823,3,4
824,0,3
825,2,3
826,0,3
827,1,3
828,2,4
829,0,3
830,1,3
831,0,3
832,0,3
833,0,3
834,2,3
835,6,4
836,0,3
837,0,3
838,1,3
839,0,3
840,0,3
841,1,3
842,0,3
843,1,3
844,2,3
845,0,3
846,0,3
847,0,3
848,0,3
849,1,3
850,0,3
851,2,3
852,0,3
853,5,3
854,3,3
855,0,3
856,2,3
857,2,3
858,3,3
859,1,3
860,3,3
861,0,3
862,5,3
863,3,3
864,0,3
865,1,3
866,9,3
867,1,3
868,2,3
869,1,3
870,1,3
871,0,3
872,1,3
873,1,3
874,0,3
875,3,3
876,13,3
877,2,3
878,1,2
879,14,3
880,0,3
881,0,3
882,3,3
883,3,3
884,0,3
885,3,3
886,9,4
887,10,3
888,0,3
889,0,3
890,0,3
891,0,3
892,0,3
893,2,3
894,0,3
895,3,3
896,1,3
897,5,3
898,1,3
899,7,3
900,5,3
901,4,4
902,2,3
903,2,3
904,0,3
905,5,3
906,3,3
907,2,3
908,0,3
909,5,3
910,1,3
911,2,3
912,4,3
913,0,3
914,5,3
915,2,3
916,1,3
917,0,3
918,1,3
919,6,3
920,4,3
921,3,3
922,6,4
923,1,3
924,3,3
925,1,3
926,1,3
927,3,3
928,2,3
929,2,3
930,1,3
931,3,4
932,0,3
933,0,3
934,3,3
935,1,3
936,2,3
937,1,3
938,0,3
939,0,3
940,4,3
941,1,3
942,0,3
943,2,3
944,5,3
945,1,3
946,0,3
947,0,3
948,0,3
949,4,3
950,3,3
951,0,3
952,2,3
953,15,2
954,5,3
955,0,3
956,0,3
957,1,3
958,14,3
959,0,3
960,6,3
961,1,3
962,12,3
963,2,3
964,6,3
965,2,3
966,2,3
967,2,3
968,15,3
969,1,3
970,3,3
971,2,3
972,0,3
973,0,3
974,0,3
975,0,3
976,0,3
977,1,3
978,6,3
979,2,3
980,5,3
981,0,3
982,0,3
983,1,4
984,0,3
985,2,3
986,2,3
987,15,3
988,3,3
989,4,3
990,0,3
991,0,3
992,9,3
993,0,3
994,9,3
995,2,3
996,0,3
997,0,3
998,0,3
999,9,3
1000,4,3
1001,0,3
1002,0,3
1003,1,3
1004,4,3
1005,0,3
1006,1,3
1007,0,3
1008,2,3
1009,1,3
1010,1,3
1011,0,3
1012,0,3
1013,1,3
1014,17,3
1015,3,3
1016,15,3
1017,3,3
1018,5,3
1019,1,3
1020,0,3
1021,3,3
1022,0,3
1023,0,3
1024,0,3
1025,0,3
1026,0,3
1027,4,3
1028,0,3
1029,0,3
1030,0,3
1031,1,3
1032,0,3
1033,4,3
1034,0,3
1035,0,3
1036,0,3
1037,0,3
1038,0,3
1039,0,3
1040,6,3
1041,0,3
1042,1,3
1043,2,3
1044,3,3
1045,1,3
1046,2,3
1047,2,3
1048,0,3
1049,1,3
1050,1,3
1051,1,3
1052,8,4
1053,0,3
1054,2,3
1055,6,4
1056,0,3
1057,6,3
1058,6,3
1059,0,3
1060,1,3
1061,0,3
1062,1,3
1063,0,3
1064,1,3
1065,6,3
1066,3,3
1067,5,3
1068,0,3
1069,0,3
1070,0,3
1071,0,3
1072,0,3
1073,2,3
1074,0,3
1075,4,3
1076,0,3
1077,0,3
1078,3,2
1079,13,3
1080,0,3
1081,0,3
1082,2,3
1083,7,4
1084,3,3
1085,1,3
1086,0,3
1087,0,3
1088,1,3
1089,7,3
1090,8,3
1091,0,3
1092,5,3
1093,1,3
1094,0,3
1095,5,3
1096,2,3
1097,2,4
1098,10,2
1099,0,3
1100,2,3
1101,1,3
1102,1,3
1103,1,3
1104,1,3
1105,3,3
1106,0,3
1107,10,3
1108,0,3
1109,0,3
1110,0,3
1111,0,3
1112,2,3
1113,2,3
1114,0,3
1115,0,3
1116,1,3
1117,7,3
1118,0,3
1119,2,3
1120,11,3
1121,0,3
1122,3,3
1123,2,3
1124,2,3
1125,4,3
1126,2,3
1127,0,3
1128,0,3
1129,5,3
1130,0,3
1131,0,3
1132,0,3
1133,1,3
1134,15,3
1135,0,3
1136,1,3
1137,1,3
1138,6,2
1139,2,3
1140,1,3
1141,5,3
1142,0,3
1143,2,3
1144,0,3
1145,4,3
1146,0,3
1147,0,3
1148,6,3
1149,5,4
1150,0,3
1151,8,3
1152,2,3
1153,0,3
1154,2,3
1155,2,3
1156,0,3
1157,0,3
1158,4,3
1159,1,3
1160,4,3
1161,2,3
1162,2,4
1163,6,3
1164,1,3
1165,0,3
1166,2,3
1167,0,3
1168,0,3
1169,0,3
1170,4,3
1171,3,3
1172,2,3
1173,3,3
1174,12,4
1175,0,3
1176,0,3
1177,0,3
1178,2,3
1179,5,3
1180,0,3
1181,9,4
1182,1,3
1183,1,3
1184,0,3
1185,4,3
1186,0,3
1187,20,3
1188,0,3
1189,13,3
1190,0,3
1191,4,3
1192,0,3
1193,1,3
1194,2,4
1195,0,3
1196,2,3
1197,0,3
1198,5,3
1199,1,3
1200,0,3
1201,1,3
1202,0,3
1203,2,3
1204,1,3
1205,0,3
1206,0,3
1207,10,2
1208,1,3
1209,1,3
1210,4,3
1211,2,4
1212,6,3
1213,0,3
1214,0,3
1215,0,3
1216,11,4
1217,0,3
1218,1,3
1219,0,3
1220,1,3
1221,6,3
1222,0,3
1223,8,3
1224,0,3
1225,2,3
1226,0,3
1227,8,3
1228,0,3
1229,6,3
1230,0,3
1231,0,3
1232,12,3
1233,1,3
1234,2,2
1235,0,3
1236,2,3
1237,1,3
1238,5,3
1239,0,3
1240,0,3
1241,0,3
1242,3,3
1243,1,3
1244,1,3
1245,36,3
1246,1,3
1247,3,3
1248,1,3
1249,0,3
1250,8,3
1251,0,3
1252,1,3
1253,4,3
1254,2,3
1255,1,3
1256,0,3
1257,5,4
1258,2,3
1259,5,2
1260,1,3
1261,0,3
1262,0,3
1263,1,3
1264,2,3
1265,28,3
1266,4,3
1267,4,3
1268,7,4
1269,0,3
1270,2,3
1271,1,3
1272,3,3
1273,7,3
1274,1,3
1275,1,3
1276,4,3
1277,0,3
1278,9,3
1279,16,3
1280,20,3
1281,0,3
1282,0,3
1283,0,3
1284,0,3
1285,0,3
1286,0,3
1287,3,3
1288,2,3
1289,0,3
1290,2,3
1291,7,3
1292,3,3
1293,0,3
1294,10,3
1295,0,3
1296,0,3
1297,7,3
1298,0,3
1299,0,3
1300,1,3
1301,13,4
1302,15,3
1303,2,3
1304,0,3
1305,0,3
1306,0,3
1307,3,3
1308,1,3
1309,1,3
1310,1,3
1311,9,3
1312,0,3
1313,4,3
1314,3,3
1315,1,3
1316,4,3
1317,0,3
1318,6,4
1319,0,3
1320,0,3
1321,0,3
1322,1,3
1323,0,3
1324,0,3
1325,0,3
1326,0,3
1327,0,3
1328,2,3
1329,5,3
1330,3,3
1331,14,3
1332,1,3
1333,1,3
1334,1,3
1335,1,3
1336,2,3
1337,0,3
1338,0,3
1339,0,3
1340,0,3
1341,8,3
1342,4,3
1343,0,3
1344,3,4
1345,0,3
1346,0,3
1347,3,3
1348,0,3
1349,2,3
1350,0,3
1351,3,3
1352,8,3
1353,2,3
1354,2,3
1355,0,3
1356,5,3
1357,0,3
1358,1,3
1359,0,3
1360,9,3
1361,4,3
1362,8,3
1363,1,3
1364,0,3
1365,0,3
1366,9,3
1367,0,3
1368,1,3
1369,0,3
1370,0,3
1371,1,3
1372,0,3
1373,3,3
1374,0,3
1375,15,3
1376,1,3
1377,0,3
1378,0,3
1379,2,3
1380,0,3
1381,2,3
1382,5,3
1383,1,3
1384,9,3
1385,0,3
1386,1,3
1387,3,3
1388,0,3
1389,4,3
1390,0,3
1391,0,3
1392,2,4
1393,6,4
1394,1,3
1395,5,4
1396,4,3
1397,2,3
1398,2,3
1399,0,3
1400,0,3
1401,1,3
1402,4,3
1403,4,3
1404,2,3
1405,3,3
1406,6,3
1407,1,3
1408,10,3
1409,1,3
1410,0,3
1411,4,3
1412,4,3
1413,14,3
1414,2,3
1415,0,3
1416,1,3
1417,0,3
1418,3,3
1419,0,3
1420,1,3
1421,9,5
1422,5,4
1423,0,3
1424,10,3
1425,4,4
1426,12,3
1427,0,3
1428,0,3
1429,4,3
1430,2,3
1431,2,4
1432,16,3
1433,0,3
1434,0,3
1435,0,3
1436,3,3
1437,10,3
1438,4,3
1439,0,3
1440,3,3
1441,0,3
1442,8,4
1443,1,3
1444,0,3
1445,0,3
1446,2,3
1447,5,3
1448,0,3
1449,4,3
1450,0,3
1451,1,3
1452,0,3
1453,6,3
1454,3,3
1455,6,3
1456,1,3
1457,0,3
1458,0,3
1459,0,3
1460,0,3
1461,2,4
1462,0,3
1463,23,3
1464,8,3
1465,0,3
1466,1,2
1467,8,3
1468,0,3
1469,0,3
1470,3,3
1471,2,3
1472,9,3
1473,0,3
1474,3,3
1475,15,3
1476,13,3
1477,1,3
1478,1,3
1479,1,3
1480,0,3
1481,1,3
1482,1,3
1483,0,3
1484,1,3
1485,0,3
1486,0,3
1487,3,3
1488,4,3
1489,10,3
1490,1,3
1491,0,3
1492,0,3
1493,0,3
1494,2,3
1495,1,3
1496,1,3
1497,1,3
1498,3,3
1499,15,3
1500,1,3
1501,2,3
1502,0,3
1503,2,3
1504,1,3
1505,1,3
1506,0,3
1507,0,3
1508,1,3
1509,12,3
1510,0,3
1511,14,3
1512,1,3
1513,1,3
1514,1,3
1515,4,3
1516,1,3
1517,0,3
1518,1,3
1519,0,3
1520,30,3
1521,3,3
1522,0,3
1523,0,3
1524,0,3
1525,20,2
1526,0,3
1527,0,3
1528,0,3
1529,15,3
1530,1,3
1531,4,3
1532,0,3
1533,2,4
1534,0,3
1535,0,3
1536,0,3
1537,7,3
1538,5,3
1539,1,3
1540,2,3
1541,0,3
1542,1,3
1543,1,3
1544,0,3
1545,0,3
1546,5,3
1547,4,3
1548,8,3
1549,2,3
1550,1,3
1551,2,3
1552,1,3
1553,6,3
1554,14,3
1555,0,3
1556,0,3
1557,2,3
1558,0,3
1559,2,3
1560,8,3
1561,2,4
1562,0,3
1563,0,3
1564,4,3
1565,0,3
1566,4,3
1567,2,3
1568,0,3
1569,9,3
1570,0,3
1571,1,3
1572,8,2
1573,8,3
1574,43,2
1575,5,3
1576,6,3
1577,3,3
1578,5,3
1579,0,3
1580,7,3
1581,7,3
1582,0,3
1583,4,3
1584,1,3
1585,0,3
1586,0,3
1587,0,3
1588,0,3
1589,0,3
1590,3,4
1591,2,3
1592,0,3
1593,1,3
1594,0,3
1595,4,3
1596,0,3
1597,0,3
1598,1,3
1599,2,3
1600,15,3
1601,0,3
1602,5,3
1603,13,4
1604,0,3
1605,6,3
1606,0,3
1607,0,3
1608,14,3
1609,0,3
1610,0,3
1611,0,3
1612,0,3
1613,0,3
1614,0,3
1615,9,4
1616,2,3
1617,0,3
1618,3,4
1619,0,3
1620,4,3
1621,2,3
1622,2,3
1623,0,3
1624,0,3
1625,0,3
1626,0,3
1627,5,3
1628,1,3
1629,0,3
1630,0,3
1631,0,3
1632,1,3
1633,12,4
1634,6,3
1635,4,3
1636,2,3
1637,0,3
1638,0,3
1639,0,3
1640,1,3
1641,1,3
1642,0,3
1643,4,3
1644,0,3
1645,8,3
1646,0,3
1647,0,3
1648,0,3
1649,2,3
1650,4,3
1651,0,3
1652,1,3
1653,1,3
1654,4,3
1655,2,3
1656,6,3
1657,10,3
1658,15,3
1659,23,3
1660,2,3
1661,3,3
1662,4,3
1663,43,3
1664,2,3
1665,2,3
1666,0,3
1667,0,3
1668,1,3
1669,15,3
1670,21,4
1671,7,3
1672,9,3
1673,2,3
1674,0,3
1675,4,3
1676,6,3
1677,3,3
1678,1,3
1679,2,4
1680,6,3
1681,9,4
1682,6,3
1683,0,3
1684,29,3
1685,0,3
1686,2,3
1687,2,3
1688,7,3
1689,0,3
1690,8,4
1691,1,3
1692,2,3
1693,3,3
1694,10,3
1695,9,3
1696,0,3
1697,2,3
1698,2,4
1699,0,3
1700,2,3
1701,1,3
1702,2,3
1703,5,3
1704,2,3
1705,8,3
1706,0,3
1707,4,3
1708,4,3
1709,8,3
1710,0,3
1711,5,3
1712,5,3
1713,0,3
1714,0,3
1715,3,3
1716,1,3
1717,0,3
1718,1,3
1719,3,3
1720,1,3
1721,4,3
1722,1,3
1723,14,3
1724,1,3
1725,0,3
1726,2,3
1727,0,3
1728,0,3
1729,1,3
1730,20,3
1731,0,3
1732,0,3
1733,4,4
1734,6,3
1735,11,3
1736,10,3
1737,1,3
1738,1,3
1739,9,3
1740,1,3
1741,8,4
1742,0,3
1743,6,3
1744,0,3
1745,11,4
1746,0,3
1747,0,3
1748,14,3
1749,0,3
1750,2,3
1751,28,4
1752,1,3
1753,1,3
1754,0,3
1755,2,3
1756,0,3
1757,1,3
1758,1,3
1759,1,3
1760,0,3
1761,9,3
1762,1,3
1763,13,3
1764,0,3
1765,25,3
1766,0,3
1767,0,3
1768,0,3
1769,3,4
1770,0,3
1771,0,3
1772,15,3
1773,9,3
1774,11,3
1775,4,3
1776,1,3
1777,3,3
1778,12,4
1779,3,3
1780,1,3
1781,0,3
1782,2,3
1783,1,3
1784,0,3
1785,14,3
1786,2,3
1787,1,3
1788,0,3
1789,3,3
1790,0,3
1791,0,3
1792,12,3
1793,0,3
1794,9,3
1795,0,3
1796,3,3
1797,2,3
1798,1,4
1799,0,3
1800,0,3
1801,1,3
1802,0,3
1803,3,3
1804,4,3
1805,0,3
1806,2,3
1807,0,3
1808,0,3
1809,3,3
1810,4,4
1811,2,4
1812,1,4
1813,36,3
1814,2,3
1815,13,3
1816,0,3
1817,0,3
1818,7,3
1819,8,3
1820,3,3
1821,7,3
1822,3,3
1823,0,3
1824,20,3
1825,2,3
1826,7,3
1827,0,3
1828,1,3
1829,0,3
1830,0,3
1831,0,3
1832,7,3
1833,0,3
1834,0,3
1835,4,3
1836,0,3
1837,1,3
1838,8,3
1839,5,3
1840,13,3
1841,2,4
1842,0,3
1843,1,3
1844,2,3
1845,2,3
1846,2,3
1847,0,3
1848,0,3
1849,4,3
1850,0,3
1851,9,3
1852,0,3
1853,5,3
1854,3,3
1855,3,3
1856,2,3
1857,1,3
1858,0,3
1859,1,3
1860,0,3
1861,16,3
1862,2,3
1863,0,3
1864,4,3
1865,18,4
1866,3,3
1867,15,3
1868,3,3
1869,1,3
1870,0,3
1871,0,3
1872,0,3
1873,0,3
1874,0,3
1875,2,3
1876,0,3
1877,2,3
1878,0,3
1879,0,3
1880,2,3
1881,0,3
1882,1,3
1883,4,3
1884,24,4
1885,0,3
1886,1,3
1887,0,3
1888,18,4
1889,1,3
1890,3,3
1891,1,3
1892,1,3
1893,8,3
1894,2,3
1895,4,3
1896,20,4
1897,0,3
1898,6,3
1899,4,3
1900,1,3
1901,1,3
1902,0,3
1903,9,3
1904,0,3
1905,17,3
1906,0,3
1907,3,3
1908,13,3
1909,3,3
1910,0,3
1911,1,3
1912,2,3
1913,2,3
1914,1,3
1915,4,3
1916,0,3
1917,11,3
1918,1,3
1919,0,3
1920,4,3
1921,1,3
1922,0,3
1923,26,3
1924,2,3
1925,0,3
1926,0,3
1927,2,3
1928,1,3
1929,4,3
1930,0,3
1931,28,2
1932,3,3
1933,7,3
1934,5,3
1935,0,3
1936,1,3
1937,3,3
1938,1,3
1939,2,3
1940,14,4
1941,0,3
1942,4,4
1943,0,3
1944,0,3
1945,0,3
1946,1,3
1947,0,3
1948,1,3
1949,3,3
1950,20,3
1951,4,3
1952,9,4
1953,4,3
1954,0,3
1955,0,3
1956,3,3
1957,19,3
1958,0,3
1959,0,3
1960,0,3
1961,0,3
1962,7,3
1963,3,3
1964,15,4
1965,6,3
1966,2,3
1967,0,3
1968,0,3
1969,1,3
1970,3,3
1971,9,3
1972,26,3
1973,0,3
1974,0,3
1975,2,3
1976,0,3
1977,6,3
1978,5,3
1979,13,3
1980,1,3
1981,0,3
1982,1,3
1983,0,3
1984,0,3
1985,1,3
1986,0,3
1987,0,3
1988,3,3
1989,3,3
1990,1,3
1991,20,3
1992,0,3
1993,3,3
1994,2,3
1995,0,3
1996,0,3
1997,0,3
1998,3,3
1999,0,3
2000,22,2
2001,12,3
2002,2,3
2003,2,3
2004,2,4
2005,1,2
2006,0,3
2007,4,4
2008,0,3
2009,0,3
2010,0,3
2011,0,3
2012,6,3
2013,5,4
2014,1,3
2015,4,3
2016,0,3
2017,24,3
2018,2,3
2019,10,3
2020,0,3
2021,33,3
2022,1,3
2023,1,3
2024,4,3
2025,2,4
2026,1,3
2027,0,3
2028,7,4
2029,46,3
2030,0,3
2031,1,3
2032,0,3
2033,11,3
2034,1,3
2035,6,3
2036,1,3
2037,1,3
2038,3,3
2039,9,3
2040,0,3
2041,4,3
2042,0,3
2043,1,3
2044,3,3
2045,0,3
2046,0,3
2047,8,4
2048,1,3
2049,0,3
2050,0,3
2051,1,3
2052,3,3
2053,1,3
2054,1,3
2055,1,3
2056,1,3
2057,1,2
2058,2,3
2059,0,3
2060,4,3
2061,2,3
2062,2,3
2063,0,3
2064,0,3
2065,0,3
2066,1,3
2067,0,3
2068,0,3
2069,1,3
2070,7,4
2071,6,3
2072,2,3
2073,4,3
2074,2,3
2075,0,3
2076,7,4
2077,0,3
2078,2,3
2079,0,3
2080,5,3
2081,0,3
2082,3,3
2083,0,3
2084,7,3
2085,8,3
2086,2,3
2087,0,3
2088,0,3
2089,40,3
2090,3,3
2091,1,3
2092,20,3
2093,3,3
2094,1,4
2095,3,3
2096,0,3
2097,0,3
2098,0,3
2099,0,3
2100,0,3
2101,0,3
2102,7,3
2103,0,3
2104,2,3
2105,0,3
2106,0,3
2107,0,3
2108,0,3
2109,2,3
2110,0,3
2111,3,4
2112,1,3
2113,0,3
2114,0,3
2115,5,3
2116,8,3
2117,2,3
2118,0,3
2119,0,3
2120,4,3
2121,49,2
2122,8,3
2123,0,3
2124,0,3
2125,16,4
2126,7,3
2127,0,3
2128,0,3
2129,0,3
2130,27,3
2131,12,4
2132,0,3
2133,0,3
2134,5,5
2135,4,3
2136,24,2
2137,0,3
2138,1,3
2139,2,3
2140,10,3
2141,0,3
2142,2,3
2143,0,3
2144,5,4
2145,1,3
2146,2,3
2147,0,3
2148,2,3
2149,11,3
2150,0,3
2151,0,3
2152,1,3
2153,0,3
2154,30,5
2155,0,3
2156,1,3
2157,0,3
2158,13,2
2159,2,3
2160,0,3
2161,9,3
2162,4,3
2163,0,3
2164,1,3
2165,0,3
2166,1,3
2167,0,3
2168,6,3
2169,11,3
2170,0,3
2171,9,3
2172,0,3
2173,13,4
2174,0,3
2175,19,3
2176,0,3
2177,1,3
2178,2,3
2179,3,3
2180,0,3
2181,4,3
2182,2,3
2183,0,3
2184,0,3
2185,20,3
2186,3,4
2187,1,3
2188,2,3
2189,5,4
2190,17,4
2191,3,3
2192,5,4
2193,2,3
2194,0,3
2195,4,3
2196,0,3
2197,3,3
2198,9,3
2199,0,3
2200,4,3
2201,0,3
2202,2,3
2203,14,3
2204,0,3
2205,16,4
2206,3,3
2207,1,3
2208,0,3
2209,0,3
2210,26,5
2211,1,3
2212,0,3
2213,11,3
2214,4,3
2215,4,3
2216,3,3
2217,36,3
2218,6,3
2219,4,4
2220,3,3
2221,0,3
2222,2,3
2223,11,4
2224,19,4
2225,0,3
2226,0,3
2227,0,3
2228,1,3
2229,11,3
2230,2,3
2231,1,3
2232,48,2
2233,11,3
2234,1,3
2235,1,3
2236,10,3
2237,3,3
2238,0,3
2239,0,3
2240,5,2
2241,2,3
2242,2,4
2243,1,3
2244,7,3
2245,1,4
2246,0,3
2247,17,3
2248,27,3
2249,0,3
2250,22,4
2251,0,3
2252,45,3
2253,1,2
2254,2,2
2255,27,4
2256,7,3
2257,18,4
2258,11,4
2259,11,3
2260,5,3
2261,0,3
2262,10,3
2263,2,3
2264,4,3
2265,0,3
2266,0,3
2267,0,3
2268,3,3
2269,5,3
2270,3,3
2271,34,3
2272,0,3
2273,0,3
2274,1,3
2275,0,3
2276,3,3
2277,1,3
2278,2,3
2279,3,3
2280,12,3
2281,0,3
2282,16,3
2283,3,3
2284,1,3
2285,1,3
2286,1,3
2287,25,3
2288,1,3
2289,0,3
2290,0,3
2291,0,3
2292,0,3
2293,0,3
2294,0,3
2295,0,3
2296,0,3
2297,2,3
2298,26,3
2299,0,3
2300,1,3
2301,49,1
2302,7,3
2303,26,3
2304,1,3
2305,4,3
2306,12,3
2307,0,3
2308,3,3
2309,0,3
2310,2,3
2311,4,4
2312,3,3
2313,8,3
2314,0,3
2315,30,3
2316,2,3
2317,4,4
2318,15,3
2319,0,3
2320,10,4
2321,3,3
2322,0,3
2323,0,3
2324,4,2
2325,5,3
2326,3,3
2327,1,3
2328,2,3
2329,4,3
2330,2,3
2331,0,3
2332,0,3
2333,0,3
2334,1,3
2335,0,3
2336,1,3
2337,4,3
2338,0,3
2339,1,3
2340,1,3
2341,1,3
2342,9,3
2343,0,3
2344,2,4
2345,4,3
2346,2,3
2347,0,3
2348,0,3
2349,6,3
2350,0,3
2351,2,3
2352,4,3
2353,10,3
2354,0,3
2355,1,3
2356,0,3
2357,0,3
2358,5,4
2359,3,4
2360,0,3
2361,0,3
2362,25,3
2363,11,2
2364,47,3
2365,3,3
2366,2,3
2367,0,3
2368,14,3
2369,1,3
2370,18,3
2371,17,3
2372,0,3
2373,5,3
2374,2,4
2375,8,3
2376,0,3
2377,0,3
2378,0,3
2379,12,3
2380,18,4
2381,0,3
2382,12,3
2383,0,3
2384,0,3
2385,1,3
2386,8,3
2387,7,3
2388,4,3
2389,0,3
2390,8,3
2391,0,3
2392,13,3
2393,0,3
2394,0,3
2395,1,3
2396,1,3
2397,1,3
2398,0,3
2399,14,2
2400,0,3
2401,0,3
2402,11,3
2403,11,3
2404,0,3
2405,6,3
2406,1,3
2407,8,3
2408,2,3
2409,1,3
2410,5,4
2411,0,3
2412,2,3
2413,5,3
2414,8,3
2415,3,3
2416,5,3
2417,0,3
2418,0,3
2419,5,3
2420,0,3
2421,0,3
2422,4,3
2423,0,3
2424,3,3
2425,5,3
2426,0,3
2427,0,3
2428,45,3
2429,1,4
2430,2,4
2431,3,3
2432,3,3
2433,0,3
2434,11,3
2435,26,3
2436,0,3
2437,8,3
2438,1,3
2439,1,3
2440,2,3
2441,1,3
2442,19,3
2443,1,3
2444,0,3
2445,7,3
2446,6,4
2447,3,3
2448,0,3
2449,3,3
2450,3,3
2451,0,3
2452,6,3
2453,13,4
2454,4,3
2455,2,3
2456,1,2
2457,1,3
2458,23,3
2459,2,3
2460,6,3
2461,0,3
2462,3,3
2463,5,3
2464,0,3
2465,2,3
2466,6,3
2467,3,3
2468,3,3
2469,7,3
2470,3,3
2471,0,3
2472,1,3
2473,9,3
2474,0,3
2475,1,3
2476,0,3
2477,5,3
2478,0,3
2479,7,3
2480,32,2
2481,23,3
2482,1,3
2483,0,3
2484,2,3
2485,4,3
2486,18,6
2487,0,3
2488,14,4
2489,0,3
2490,1,3
2491,0,3
2492,1,3
2493,0,3
2494,2,3
2495,1,3
2496,0,3
2497,0,3
2498,0,3
2499,2,3
2500,2,3
2501,0,3
2502,0,3
2503,0,3
2504,0,3
2505,0,3
2506,3,3
2507,2,3
2508,6,3
2509,5,3
2510,11,3
2511,0,3
2512,10,4
2513,0,3
2514,2,3
2515,4,3
2516,1,3
2517,1,3
2518,0,3
2519,0,3
2520,2,3
2521,9,3
2522,20,3
2523,4,3
2524,14,3
2525,1,3
2526,0,3
2527,0,3
2528,0,3
2529,9,4
2530,0,3
2531,6,3
2532,3,3
2533,6,4
2534,0,3
2535,20,5
2536,0,3
2537,3,4
2538,0,3
2539,2,3
2540,1,3
2541,0,3
2542,3,3
2543,3,3
2544,5,3
2545,0,3
2546,0,3
2547,0,3
2548,7,3
2549,0,3
2550,27,2
2551,7,3
2552,2,3
2553,3,3
2554,0,3
2555,0,3
2556,12,3
2557,2,3
2558,0,3
2559,1,3
2560,0,3
2561,10,3
2562,0,3
2563,6,3
2564,2,3
2565,1,3
2566,0,3
2567,2,3
2568,15,3
2569,6,3
2570,26,6
2571,3,3
2572,0,3
2573,13,3
2574,5,3
2575,3,3
2576,0,3
2577,3,3
2578,0,3
2579,2,3
2580,2,3
2581,12,3
2582,0,3
2583,0,3
2584,0,3
2585,0,3
2586,4,3
2587,3,4
2588,0,3
2589,0,3
2590,11,3
2591,0,3
2592,14,4
2593,0,3
2594,11,4
2595,1,3
2596,29,3
2597,1,3
2598,0,3
2599,1,3
2600,1,3
2601,2,3
2602,15,3
2603,4,4
2604,4,3
2605,0,3
2606,6,3
2607,1,3
2608,3,3
2609,8,3
2610,16,3
2611,0,3
2612,12,3
2613,0,3
2614,5,3
2615,3,3
2616,0,3
2617,10,3
2618,13,5
2619,6,3
2620,0,3
2621,4,3
2622,2,3
2623,1,3
2624,0,3
2625,25,3
2626,0,3
2627,0,3
2628,4,3
2629,24,4
2630,1,3
2631,0,3
2632,7,3
2633,0,3
2634,31,2
2635,4,3
2636,0,3
2637,5,4
2638,1,3
2639,0,3
2640,1,3
2641,5,3
2642,2,3
2643,0,3
2644,8,3
2645,0,3
2646,0,3
2647,2,3
2648,2,3
2649,1,3
2650,2,3
2651,0,3
2652,0,3
2653,0,3
2654,2,3
2655,0,3
2656,0,3
2657,19,3
2658,0,3
2659,16,4
2660,0,3
2661,0,3
2662,2,3
2663,0,3
2664,1,3
2665,1,3
2666,8,3
2667,5,3
2668,2,3
2669,3,3
2670,0,3
2671,1,3
2672,1,3
2673,0,3
2674,0,3
2675,15,3
2676,6,4
2677,0,3
2678,3,3
2679,1,3
2680,26,2
2681,11,4
2682,8,3
2683,2,3
2684,10,3
2685,1,3
2686,22,3
2687,1,3
2688,36,3
2689,1,3
2690,1,3
2691,35,2
2692,13,3
2693,1,3
2694,23,3
2695,8,2
2696,2,3
2697,3,3
2698,0,3
2699,1,3
2700,17,3
2701,16,5
2702,21,3
2703,4,3
2704,9,4
2705,0,3
2706,0,3
2707,5,3
2708,4,3
2709,0,3
2710,5,3
2711,18,4
2712,0,3
2713,0,3
2714,0,3
2715,0,3
2716,1,3
2717,25,2
2718,0,3
2719,30,3
2720,2,3
2721,7,3
2722,4,3
2723,0,3
2724,95,3
2725,0,3
2726,0,3
2727,0,3
2728,0,3
2729,15,3
2730,1,3
2731,1,3
2732,23,4
2733,6,3
2734,0,3
2735,6,3
2736,13,5
2737,3,3
2738,0,3
2739,0,3
2740,0,3
2741,16,3
2742,0,3
2743,0,3
2744,0,3
2745,0,3
2746,1,3
2747,0,3
2748,4,4
2749,4,3
2750,0,3
2751,0,3
2752,6,3
2753,3,3
2754,1,3
2755,0,3
2756,2,3
2757,0,3
2758,1,4
2759,1,3
2760,2,3
2761,0,3
2762,2,3
2763,0,3
2764,2,3
2765,4,3
2766,12,3
2767,1,3
2768,0,3
2769,1,3
2770,0,3
2771,0,3
2772,22,4
2773,12,3
2774,0,3
2775,5,3
2776,0,3
2777,3,3
2778,13,4
2779,2,3
2780,0,3
2781,2,3
2782,0,3
2783,1,3
2784,3,3
2785,0,3
2786,11,4
2787,6,3
2788,0,3
2789,5,3
2790,2,3
2791,0,3
2792,3,3
2793,12,3
2794,0,3
2795,1,3
2796,3,3
2797,1,3
2798,2,3
2799,11,3
2800,5,3
2801,7,3
2802,1,3
2803,1,3
2804,0,3
2805,18,3
2806,0,3
2807,17,3
2808,16,4
2809,3,3
2810,5,5
2811,8,3
2812,8,3
2813,2,3
2814,0,3
2815,1,3
2816,0,3
2817,0,3
2818,0,3
2819,0,3
2820,0,3
2821,0,3
2822,0,3
2823,9,3
2824,1,3
2825,0,3
2826,6,4
2827,31,2
2828,2,3
2829,15,5
2830,1,3
2831,10,3
2832,1,3
2833,0,3
2834,2,3
2835,0,3
2836,2,3
2837,20,3
2838,0,3
2839,2,3
2840,0,3
2841,13,3
2842,2,3
2843,1,3
2844,0,3
2845,7,4
2846,0,3
2847,8,3
2848,0,3
2849,0,3
2850,3,3
2851,5,3
2852,0,3
2853,3,3
2854,0,3
2855,0,3
2856,3,3
2857,10,3
2858,2,3
2859,0,3
2860,34,3
2861,1,3
2862,0,3
2863,22,3
2864,2,3
2865,1,3
2866,0,3
2867,2,4
2868,8,3
2869,0,3
2870,1,3
2871,6,3
2872,5,3
2873,7,3
2874,0,3
2875,14,3
2876,36,3
2877,0,3
2878,3,3
2879,3,3
2880,0,3
2881,0,3
2882,1,3
2883,0,3
2884,0,3
2885,0,3
2886,0,3
2887,0,3
2888,7,3
2889,1,3
2890,5,3
2891,10,3
2892,8,3
2893,0,3
2894,1,3
2895,0,3
2896,0,3
2897,0,3
2898,0,3
2899,0,3
2900,1,3
2901,12,3
2902,0,3
2903,0,3
2904,2,3
2905,2,3
2906,0,3
2907,53,3
2908,0,3
2909,2,3
2910,1,3
2911,9,4
2912,4,3
2913,2,3
2914,0,3
2915,0,3
2916,9,3
2917,21,4
2918,0,3
2919,1,3
2920,3,3
2921,1,3
2922,18,4
2923,0,3
2924,3,3
2925,0,3
2926,0,3
2927,34,4
2928,2,3
2929,33,3
2930,12,5
2931,12,3
2932,5,3
2933,0,3
2934,22,3
2935,0,3
2936,7,3
2937,6,3
2938,0,3
2939,0,3
2940,0,3
2941,1,3
2942,11,3
2943,2,3
2944,17,4
2945,5,3
2946,4,3
2947,0,3
2948,0,3
2949,3,4
2950,16,3
2951,0,3
2952,1,3
2953,0,3
2954,4,3
2955,8,4
2956,0,3
2957,27,3
2958,0,3
2959,0,3
2960,7,3
2961,0,3
2962,1,3
2963,10,3
2964,45,3
2965,1,3
2966,22,4
2967,0,3
2968,1,3
2969,3,3
2970,11,3
2971,13,3
2972,8,3
2973,0,3
2974,2,3
2975,0,3
2976,1,2
2977,6,4
2978,6,4
2979,5,3
2980,4,3
2981,13,3
2982,0,3
2983,2,3
2984,2,4
2985,3,3
2986,0,3
2987,0,3
2988,8,3
2989,6,3
2990,0,3
2991,6,3
2992,4,4
2993,7,4
2994,1,3
2995,20,3
2996,0,3
2997,0,3
2998,0,3
2999,9,3
3000,0,3
3001,2,3
3002,9,4
3003,9,3
3004,5,3
3005,0,3
3006,1,3
3007,5,3
3008,4,3
3009,20,3
3010,4,3
3011,3,3
3012,1,3
3013,0,3
3014,0,3
3015,1,3
3016,2,3
3017,0,3
3018,4,3
3019,7,3
3020,0,3
3021,0,3
3022,5,3
3023,5,2
3024,5,3
3025,7,3
3026,1,3
3027,0,3
3028,12,4
3029,0,3
3030,2,3
3031,2,3
3032,15,4
3033,0,3
3034,0,3
3035,19,3
3036,12,3
3037,0,3
3038,24,4
3039,4,3
3040,2,3
3041,1,3
3042,0,3
3043,0,3
3044,0,3
3045,0,3
3046,7,3
3047,1,3
3048,0,3
3049,1,3
3050,0,3
3051,4,3
3052,0,3
3053,2,3
3054,4,3
3055,2,3
3056,10,3
3057,8,3
3058,6,3
3059,0,3
3060,0,3
3061,2,3
3062,17,3
3063,0,3
3064,2,3
3065,37,3
3066,0,3
3067,12,3
3068,4,3
3069,1,3
3070,4,3
3071,0,3
3072,11,2
3073,0,3
3074,2,3
3075,2,3
3076,7,4
3077,0,3
3078,4,3
3079,0,3
3080,4,3
3081,0,3
3082,0,3
3083,1,3
3084,1,3
3085,16,3
3086,1,3
3087,12,3
3088,0,3
3089,5,3
3090,6,4
3091,0,3
3092,2,4
3093,66,2
3094,5,2
3095,0,3
3096,0,3
3097,0,3
3098,3,4
3099,1,3
3100,0,3
3101,1,3
3102,31,2
3103,0,3
3104,0,3
3105,6,3
3106,5,3
3107,1,3
3108,0,3
3109,6,3
3110,0,3
3111,0,3
3112,0,3
3113,1,3
3114,7,3
3115,11,3
3116,0,3
3117,1,3
3118,0,3
3119,27,2
3120,20,3
3121,24,3
3122,20,3
3123,0,3
3124,1,3
3125,1,3
3126,0,3
3127,0,3
3128,1,3
3129,12,4
3130,0,3
3131,0,3
3132,1,3
3133,0,3
3134,2,3
3135,0,3
3136,12,3
3137,15,3
3138,0,3
3139,0,3
3140,6,3
3141,13,3
3142,2,3
3143,2,4
3144,9,3
3145,12,3
3146,0,3
3147,3,3
3148,0,3
3149,4,3
3150,13,3
3151,2,3
3152,30,1
3153,1,3
3154,12,3
3155,20,3
3156,7,3
3157,0,3
3158,3,3
3159,5,3
3160,24,3
3161,0,3
3162,22,3
3163,8,4
3164,0,3
3165,0,3
3166,2,3
3167,0,3
3168,2,3
3169,1,3
3170,2,3
3171,0,3
3172,0,3
3173,0,3
3174,0,3
3175,0,3
3176,0,3
3177,6,4
3178,15,4
3179,0,3
3180,0,3
3181,1,3
3182,14,4
3183,0,3
3184,0,3
3185,2,3
3186,4,4
3187,0,3
3188,0,3
3189,7,3
3190,8,3
3191,0,3
3192,0,3
3193,13,3
3194,3,3
3195,0,3
3196,27,3
3197,1,3
3198,1,3
3199,5,3
3200,21,4
3201,0,3
3202,8,3
3203,3,3
3204,1,3
3205,3,3
3206,0,3
3207,0,3
3208,12,4
3209,2,3
3210,9,3
3211,5,3
3212,1,3
3213,0,3
3214,1,3
3215,0,3
3216,5,3
3217,0,3
3218,0,3
3219,15,4
3220,6,3
3221,7,3
3222,49,3
3223,12,3
3224,0,3
3225,11,3
3226,4,3
3227,6,4
3228,1,3
3229,12,4
3230,4,3
3231,0,3
3232,17,2
3233,2,3
3234,15,3
3235,0,3
3236,27,3
3237,1,4
3238,5,3
3239,0,3
3240,0,3
3241,3,3
3242,6,3
3243,5,3
3244,6,3
3245,0,3
3246,6,3
3247,6,3
3248,15,3
3249,0,3
3250,2,3
3251,22,3
3252,0,3
3253,2,3
3254,0,3
3255,5,2
3256,1,3
3257,1,3
3258,13,4
3259,0,3
3260,0,3
3261,0,3
3262,3,3
3263,0,3
3264,1,3
3265,9,2
3266,21,4
3267,27,4
3268,16,3
3269,1,3
3270,0,3
3271,1,3
3272,5,3
3273,25,3
3274,8,3
3275,0,3
3276,9,3
3277,7,3
3278,0,3
3279,1,3
3280,7,3
3281,1,3
3282,0,3
3283,2,3
3284,0,3
3285,0,3
3286,3,3
3287,18,4
3288,0,3
3289,0,3
3290,14,3
3291,0,3
3292,1,3
3293,0,3
3294,2,3
3295,21,4
3296,0,3
3297,2,4
3298,0,3
3299,0,3
3300,37,4
3301,0,3
3302,6,3
3303,0,3
3304,10,4
3305,0,3
3306,1,3
3307,0,3
3308,1,3
3309,1,3
3310,0,3
3311,0,3
3312,0,3
3313,9,3
3314,3,3
3315,1,3
3316,5,3
3317,6,3
3318,0,3
3319,1,3
3320,4,2
3321,5,3
3322,0,3
3323,0,3
3324,0,3
3325,6,3
3326,7,5
3327,12,3
3328,0,3
3329,3,3
3330,5,4
3331,1,3
3332,0,3
3333,0,3
3334,0,3
3335,0,3
3336,0,3
3337,10,6
3338,2,3
3339,4,3
3340,5,3
3341,1,3
3342,5,3
3343,11,3
3344,0,3
3345,0,3
3346,13,3
3347,15,3
3348,16,3
3349,0,3
3350,4,3
3351,0,3
3352,3,3
3353,0,3
3354,14,3
3355,11,4
3356,2,3
3357,4,3
3358,0,3
3359,0,3
3360,1,3
3361,0,3
3362,6,3
3363,1,3
3364,40,3
3365,20,4
3366,1,3
3367,6,4
3368,9,4
3369,0,3
3370,0,3
3371,1,3
3372,1,3
3373,0,3
3374,3,3
3375,0,3
3376,4,3
3377,3,3
3378,0,3
3379,2,3
3380,16,3
3381,0,3
3382,0,3
3383,6,4
3384,8,3
3385,1,3
3386,12,3
3387,2,3
3388,1,3
3389,0,3
3390,29,3
3391,3,3
3392,2,3
3393,1,3
3394,2,3
3395,0,3
3396,0,3
3397,0,3
3398,16,2
3399,0,3
3400,0,3
3401,0,3
3402,0,3
3403,15,4
3404,1,3
3405,2,3
3406,7,3
3407,8,3
3408,5,3
3409,1,3
3410,20,4
3411,10,3
3412,3,3
3413,0,3
3414,10,3
3415,7,4
3416,1,3
3417,2,3
3418,0,3
3419,11,4
3420,2,3
3421,24,3
3422,0,3
3423,1,3
3424,0,3
3425,13,3
3426,10,5
3427,1,3
3428,0,3
3429,0,3
3430,7,3
3431,0,3
3432,2,3
3433,24,3
3434,1,3
3435,0,3
3436,0,3
3437,1,3
3438,44,3
3439,0,3
3440,2,3
3441,2,2
3442,14,3
3443,0,3
3444,0,3
3445,14,3
3446,5,4
3447,1,3
3448,0,3
3449,3,3
3450,2,3
3451,1,3
3452,21,2
3453,6,3
3454,0,3
3455,0,3
3456,18,3
3457,3,3
3458,1,3
3459,1,3
3460,0,3
3461,0,3
3462,15,2
3463,6,4
3464,1,3
3465,0,3
3466,0,3
3467,21,3
3468,5,4
3469,7,3
3470,0,3
3471,0,3
3472,1,3
3473,27,4
3474,4,3
3475,0,3
3476,0,3
3477,2,3
3478,0,3
3479,0,3
3480,23,2
3481,8,3
3482,9,4
3483,0,3
3484,1,2
3485,7,3
3486,0,3
3487,0,3
3488,1,3
3489,0,3
3490,16,2
3491,0,3
3492,0,3
3493,9,4
3494,1,3
3495,25,5
3496,2,3
3497,0,3
3498,16,4
3499,1,3
3500,2,3
3501,1,3
3502,1,3
3503,1,4
3504,0,3
3505,1,3
3506,3,3
3507,2,3
3508,1,4
3509,0,3
3510,0,3
3511,0,3
3512,0,3
3513,11,3
3514,0,3
3515,0,3
3516,0,3
3517,0,3
3518,7,3
3519,0,3
3520,0,3
3521,1,3
3522,0,3
3523,5,3
3524,10,4
3525,0,3
3526,8,3
3527,1,3
3528,2,3
3529,16,4
3530,0,3
3531,0,3
3532,1,3
3533,6,3
3534,19,3
3535,9,3
3536,0,3
3537,1,3
3538,1,3
3539,0,3
3540,8,4
3541,19,3
3542,0,3
3543,0,3
3544,26,3
3545,0,3
3546,18,3
3547,6,3
3548,14,2
3549,0,3
3550,0,3
3551,5,4
3552,12,3
3553,0,3
3554,9,3
3555,9,4
3556,0,3
3557,3,3
3558,1,3
3559,0,3
3560,0,3
3561,0,3
3562,24,4
3563,0,3
3564,1,3
3565,0,3
3566,0,3
3567,2,3
3568,0,3
3569,1,4
3570,18,3
3571,9,4
3572,41,2
3573,0,3
3574,24,3
3575,3,3
3576,0,3
3577,0,3
3578,13,4
3579,0,3
3580,33,3
3581,0,3
3582,0,3
3583,2,3
3584,0,3
3585,2,3
3586,2,3
3587,0,3
3588,12,3
3589,33,3
3590,0,3
3591,22,5
3592,0,3
3593,0,3
3594,2,3
3595,0,3
3596,0,3
3597,11,3
3598,0,3
3599,0,3
3600,0,3
3601,0,3
3602,0,3
3603,0,3
3604,10,3
3605,0,3
3606,18,3
3607,0,3
3608,5,4
3609,0,3
3610,6,3
3611,0,3
3612,7,3
3613,46,3
3614,0,3
3615,14,3
3616,11,2
3617,1,3
3618,1,3
3619,9,3
3620,1,3
3621,0,3
3622,1,3
3623,5,3
3624,3,3
3625,0,3
3626,0,3
3627,2,3
3628,0,3
3629,0,3
3630,13,4
3631,27,2
3632,22,3
3633,0,3
3634,5,3
3635,1,3
3636,1,3
3637,2,3
3638,2,3
3639,3,3
3640,0,3
3641,3,3
3642,3,4
3643,0,3
3644,0,3
3645,0,3
3646,8,3
3647,0,3
3648,3,3
3649,0,3
3650,5,4
3651,0,3
3652,4,3
3653,5,2
3654,0,3
3655,9,2
3656,18,3
3657,0,3
3658,5,3
3659,23,3
3660,0,3
3661,5,4
3662,3,3
3663,17,6
3664,25,3
3665,0,3
3666,3,3
3667,14,3
3668,7,4
3669,0,3
3670,0,3
3671,4,3
3672,18,4
3673,26,4
3674,0,3
3675,2,3
3676,0,3
3677,1,3
3678,11,3
3679,0,3
3680,2,3
3681,1,3
3682,0,3
3683,2,3
3684,1,3
3685,0,3
3686,3,3
3687,0,3
3688,1,3
3689,0,3
3690,8,2
3691,2,3
3692,0,3
3693,0,3
3694,1,3
3695,0,3
3696,4,3
3697,6,3
3698,1,3
3699,0,3
3700,0,3
3701,5,3
3702,0,3
3703,1,3
3704,0,3
3705,0,3
3706,1,3
3707,13,3
3708,3,3
3709,0,3
3710,1,3
3711,1,4
3712,21,3
3713,1,3
3714,0,3
3715,4,3
3716,0,3
3717,0,3
3718,0,3
3719,8,4
3720,0,3
3721,0,3
3722,1,3
3723,0,3
3724,0,3
3725,0,3
3726,4,2
3727,0,3
3728,11,4
3729,0,3
3730,14,5
3731,13,3
3732,1,3
3733,16,3
3734,15,5
3735,28,3
3736,1,3
3737,14,3
3738,5,3
3739,24,4
3740,0,3
3741,4,3
3742,18,4
3743,1,3
3744,0,3
3745,0,3
3746,7,4
3747,0,3
3748,0,3
3749,4,3
3750,14,3
3751,1,3
3752,0,3
3753,1,3
3754,7,3
3755,4,3
3756,8,4
3757,1,3
3758,17,5
3759,15,3
3760,0,3
3761,17,3
3762,16,3
3763,0,3
3764,9,4
3765,0,3
3766,0,3
3767,0,3
3768,1,3
3769,3,3
3770,9,3
3771,4,3
3772,2,3
3773,1,3
3774,0,3
3775,0,3
3776,2,3
3777,31,3
3778,1,3
3779,2,3
3780,2,3
3781,1,3
3782,0,3
3783,1,3
3784,1,3
3785,2,3
3786,16,4
3787,2,4
3788,4,3
3789,1,3
3790,1,3
3791,0,3
3792,0,3
3793,3,4
3794,0,3
3795,0,3
3796,0,3
3797,0,3
3798,1,3
3799,4,2
3800,0,3
3801,0,3
3802,2,3
3803,32,3
3804,5,2
3805,2,3
3806,0,3
3807,4,3
3808,0,3
3809,9,2
3810,7,3
3811,0,3
3812,2,3
3813,23,3
3814,0,3
3815,3,3
3816,41,3
3817,0,3
3818,0,3
3819,4,3
3820,2,3
3821,0,3
3822,19,3
3823,5,3
3824,14,3
3825,0,3
3826,0,3
3827,5,4
3828,0,3
3829,3,3
3830,0,3
3831,2,3
3832,5,3
3833,1,3
3834,1,3
3835,7,3
3836,1,3
3837,6,4
3838,0,3
3839,30,4
3840,4,3
3841,8,3
3842,3,3
3843,0,3
3844,2,3
3845,2,3
3846,0,3
3847,0,3
3848,11,3
3849,0,3
3850,1,3
3851,22,3
3852,0,3
3853,1,3
3854,15,3
3855,6,4
3856,2,3
3857,0,3
3858,0,3
3859,0,3
3860,0,3
3861,1,3
3862,1,3
3863,0,3
3864,0,3
3865,1,3
3866,1,3
3867,0,3
3868,11,3
3869,0,3
3870,30,3
3871,14,4
3872,0,3
3873,7,3
3874,3,3
3875,0,3
3876,0,3
3877,9,3
3878,6,3
3879,1,3
3880,0,3
3881,0,3
3882,3,4
3883,2,3
3884,0,3
3885,0,3
3886,0,3
3887,1,3
3888,0,3
3889,0,3
3890,6,4
3891,9,4
3892,0,3
3893,2,3
3894,0,3
3895,0,3
3896,5,3
3897,4,3
3898,0,3
3899,0,3
3900,7,5
3901,63,4
3902,2,3
3903,10,3
3904,41,2
3905,0,3
3906,3,2
3907,0,3
3908,20,3
3909,1,3
3910,0,3
3911,0,3
3912,2,3
3913,8,2
3914,11,4
3915,0,3
3916,0,3
3917,0,3
3918,1,3
3919,21,3
3920,18,3
3921,0,3
3922,19,5
3923,1,3
3924,0,3
3925,0,3
3926,0,3
3927,0,3
3928,1,3
3929,0,3
3930,0,3
3931,0,3
3932,4,3
3933,0,3
3934,6,4
3935,5,3
3936,5,3
3937,24,3
3938,28,3
3939,0,3
3940,0,3
3941,0,3
3942,10,3
3943,0,3
3944,0,3
3945,15,3
3946,14,3
3947,0,3
3948,0,3
3949,1,3
3950,16,3
3951,11,4
3952,1,3
3953,1,3
3954,0,3
3955,3,3
3956,8,3
3957,1,3
3958,1,3
3959,1,3
3960,0,3
3961,0,3
3962,0,3
3963,4,3
3964,13,3
3965,0,3
3966,0,3
3967,3,3
3968,3,3
3969,0,3
3970,0,3
3971,4,4
3972,2,3
3973,4,3
3974,1,4
3975,4,3
3976,3,3
3977,1,3
3978,0,3
3979,0,3
3980,0,3
3981,0,3
3982,0,3
3983,1,3
3984,4,3
3985,4,3
3986,11,3
3987,1,3
3988,17,4
3989,0,3
3990,5,3
3991,17,3
3992,0,3
3993,8,3
3994,14,3
3995,5,3
3996,3,3
3997,0,3
3998,6,2
3999,30,2
4000,36,3
4001,18,4
4002,5,3
4003,0,3
4004,0,3
4005,0,3
4006,7,5
4007,1,3
4008,0,3
4009,26,3
4010,2,3
4011,20,5
4012,0,3
4013,15,4
4014,2,3
4015,4,4
4016,14,4
4017,1,3
4018,7,3
4019,9,3
4020,8,3
4021,0,3
4022,18,4
4023,0,3
4024,0,3
4025,0,3
4026,6,3
4027,1,3
4028,15,4
4029,1,3
4030,6,3
4031,5,3
4032,6,3
4033,0,3
4034,0,3
4035,8,2
4036,12,4
4037,0,3
4038,0,3
4039,1,3
4040,24,3
4041,4,3
4042,5,4
4043,24,3
4044,0,3
4045,1,3
4046,8,5
4047,9,5
4048,56,3
4049,22,4
4050,3,3
4051,3,3
4052,0,3
4053,10,3
4054,0,3
4055,0,3
4056,20,4
4057,3,4
4058,1,3
4059,0,3
4060,0,3
4061,0,3
4062,29,3
4063,9,3
4064,19,3
4065,0,3
4066,5,3
4067,18,3
4068,25,3
4069,2,3
4070,14,3
4071,1,3
4072,10,3
4073,2,3
4074,0,3
4075,20,3
4076,0,3
4077,10,3
4078,54,4
4079,0,3
4080,0,3
4081,13,4
4082,8,3
4083,0,3
4084,0,3
4085,0,3
4086,0,3
4087,0,3
4088,0,3
4089,0,3
4090,0,3
4091,1,3
4092,12,3
4093,46,3
4094,2,4
4095,0,3
4096,1,3
4097,0,3
4098,4,4
4099,0,3
4100,0,3
4101,0,3
4102,0,3
4103,19,2
4104,47,3
4105,4,3
4106,0,3
4107,6,3
4108,0,3
4109,8,3
4110,4,4
4111,1,3
4112,12,2
4113,0,3
4114,0,3
4115,1,3
4116,39,3
4117,3,3
4118,21,4
4119,2,3
4120,2,2
4121,14,3
4122,21,3
4123,2,4
4124,1,3
4125,6,3
4126,12,5
4127,0,3
4128,5,3
4129,0,3
4130,0,3
4131,16,4
4132,2,3
4133,11,5
4134,29,2
4135,15,3
4136,15,3
4137,0,3
4138,5,4
4139,0,3
4140,0,3
4141,15,4
4142,0,3
4143,11,3
4144,0,3
4145,0,3
4146,0,3
4147,1,3
4148,2,3
4149,0,3
4150,7,3
4151,0,3
4152,0,3
4153,0,3
4154,1,3
4155,2,3
4156,7,4
4157,0,3
4158,13,3
4159,13,3
4160,7,4
4161,0,3
4162,1,3
4163,8,2
4164,0,3
4165,1,3
4166,16,4
4167,11,2
4168,29,4
4169,16,3
4170,0,3
4171,0,3
4172,0,3
4173,1,4
4174,3,4
4175,9,4
4176,0,3
4177,7,4
4178,0,3
4179,4,4
4180,13,3
4181,0,3
4182,14,3
4183,25,3
4184,1,3
4185,0,3
4186,0,3
4187,4,3
4188,0,3
4189,8,3
4190,1,3
4191,5,3
4192,1,3
4193,3,3
4194,11,4
4195,15,4
4196,10,3
4197,2,3
4198,9,4
4199,1,3
4200,3,3
4201,0,3
4202,4,3
4203,0,3
4204,18,5
4205,21,3
4206,7,3
4207,3,3
4208,3,3
4209,1,4
4210,0,3
4211,43,6
4212,5,3
4213,6,4
4214,21,3
4215,14,3
4216,11,3
4217,26,2
4218,16,3
4219,0,3
4220,1,3
4221,2,3
4222,10,3
4223,0,3
4224,0,3
4225,1,3
4226,8,4
4227,0,3
4228,11,4
4229,3,4
4230,1,3
4231,2,3
4232,2,3
4233,0,3
4234,0,3
4235,5,4
4236,0,3
4237,0,3
4238,2,3
4239,7,3
4240,0,3
4241,1,3
4242,0,3
4243,0,3
4244,6,4
4245,7,3
4246,2,3
4247,0,3
4248,4,3
4249,11,3
4250,0,3
4251,8,2
4252,6,3
4253,0,3
4254,1,3
4255,2,3
4256,9,4
4257,7,4
4258,1,4
4259,0,3
4260,7,3
4261,46,4
4262,0,3
4263,0,3
4264,1,3
4265,3,3
4266,42,3
4267,9,4
4268,1,3
4269,2,3
4270,0,3
4271,0,3
4272,7,3
4273,1,3
4274,0,3
4275,11,4
4276,0,3
4277,1,3
4278,0,3
4279,12,3
4280,0,3
4281,0,3
4282,30,4
4283,0,3
4284,4,3
4285,4,4
4286,0,3
4287,0,3
4288,4,3
4289,0,3
4290,0,3
4291,0,3
4292,1,3
4293,1,3
4294,0,3
4295,4,3
4296,0,3
4297,6,3
4298,0,3
4299,1,3
4300,13,3
4301,2,3
4302,0,3
4303,0,3
4304,1,3
4305,33,4
4306,1,3
4307,1,3
4308,6,3
4309,3,3
4310,0,3
4311,5,3
4312,0,3
4313,1,3
4314,9,3
4315,14,3
4316,20,2
4317,8,3
4318,1,3
4319,5,4
4320,0,3
4321,0,3
4322,11,3
4323,0,3
4324,27,5
4325,1,3
4326,35,4
4327,3,4
4328,15,3
4329,0,3
4330,17,3
4331,1,3
4332,0,3
4333,11,4
4334,0,3
4335,0,3
4336,53,4
4337,0,3
4338,1,3
4339,24,3
4340,0,3
4341,0,3
4342,8,3
4343,0,3
4344,24,2
4345,0,3
4346,3,3
4347,2,3
4348,15,3
4349,13,3
4350,1,4
4351,0,3
4352,3,3
4353,0,3
4354,0,3
4355,6,3
4356,28,3
4357,4,3
4358,16,3
4359,8,3
4360,0,3
4361,10,4
4362,0,3
4363,0,3
4364,0,3
4365,15,3
4366,16,4
4367,2,3
4368,0,3
4369,1,3
4370,3,3
4371,0,3
4372,2,3
4373,0,3
4374,0,3
4375,2,3
4376,10,3
4377,3,3
4378,0,3
4379,8,3
4380,0,3
4381,0,3
4382,11,3
4383,4,4
4384,1,3
4385,23,3
4386,0,3
4387,0,3
4388,0,3
4389,10,3
4390,0,3
4391,22,6
4392,1,3
4393,1,3
4394,5,4
4395,8,3
4396,0,3
4397,10,4
4398,3,3
4399,20,3
4400,34,3
4401,0,3
4402,15,3
4403,0,3
4404,2,3
4405,0,3
4406,0,3
4407,0,3
4408,13,5
4409,0,3
4410,1,3
4411,0,3
4412,22,3
4413,1,3
4414,0,3
4415,0,3
4416,0,3
4417,0,3
4418,0,3
4419,28,1
4420,6,3
4421,7,3
4422,3,3
4423,14,4
4424,12,4
4425,0,3
4426,4,3
4427,1,3
4428,2,4
4429,13,4
4430,1,3
4431,10,6
4432,26,3
4433,2,4
4434,25,4
4435,2,3
4436,0,3
4437,1,3
4438,13,3
4439,1,3
4440,1,3
4441,1,3
4442,1,3
4443,23,2
4444,2,3
4445,0,3
4446,5,3
4447,0,3
4448,1,3
4449,4,3
4450,8,4
4451,7,3
4452,8,4
4453,0,3
4454,1,3
4455,2,3
4456,3,3
4457,1,3
4458,16,4
4459,1,3
4460,28,2
4461,2,3
4462,1,3
4463,0,3
4464,0,3
4465,10,4
4466,0,3
4467,0,3
4468,1,3
4469,0,3
4470,0,3
4471,26,5
4472,7,3
4473,10,4
4474,0,3
4475,0,3
4476,1,3
4477,1,3
4478,15,4
4479,2,3
4480,6,3
4481,16,4
4482,0,3
4483,0,3
4484,0,3
4485,1,3
4486,0,3
4487,18,4
4488,9,3
4489,21,3
4490,6,3
4491,4,3
4492,0,3
4493,0,3
4494,15,3
4495,0,3
4496,10,4
4497,4,3
4498,19,3
4499,1,3
4500,9,3
4501,0,3
4502,0,3
4503,0,3
4504,15,3
4505,4,3
4506,5,4
4507,12,4
4508,1,3
4509,0,3
4510,25,2
4511,0,3
4512,0,3
4513,43,4
4514,9,3
4515,0,3
4516,22,3
4517,0,3
4518,10,4
4519,6,3
4520,7,3
4521,21,5
4522,22,3
4523,8,4
4524,7,4
4525,0,3
4526,3,3
4527,9,3
4528,1,3
4529,0,3
4530,12,4
4531,5,3
4532,0,3
4533,11,4
4534,9,3
4535,0,3
4536,9,4
4537,21,4
4538,0,3
4539,0,3
4540,45,3
4541,1,3
4542,1,3
4543,7,3
4544,0,3
4545,0,3
4546,6,3
4547,1,3
4548,0,3
4549,23,2
4550,7,3
4551,0,3
4552,23,3
4553,10,3
4554,16,3
4555,1,3
4556,14,4
4557,19,3
4558,0,3
4559,2,3
4560,15,4
4561,1,3
4562,4,4
4563,2,4
4564,0,3
4565,16,3
4566,0,3
4567,1,3
4568,1,3
4569,0,3
4570,4,2
4571,18,4
4572,14,4
4573,1,3
4574,7,4
4575,0,3
4576,14,4
4577,0,3
4578,22,4
4579,6,3
4580,10,3
4581,4,3
4582,0,3
4583,8,5
4584,1,3
4585,3,3
4586,7,4
4587,11,3
4588,0,3
4589,0,3
4590,2,3
4591,0,3
4592,11,4
4593,0,3
4594,10,3
4595,0,3
4596,0,3
4597,0,3
4598,0,3
4599,0,3
4600,0,3
4601,0,3
4602,8,3
4603,15,3
4604,4,3
4605,0,3
4606,1,3
4607,24,3
4608,7,3
4609,0,3
4610,0,3
4611,0,3
4612,0,3
4613,6,4
4614,64,3
4615,2,3
4616,0,3
4617,0,3
4618,12,4
4619,1,4
4620,0,3
4621,13,4
4622,5,3
4623,0,3
4624,5,3
4625,1,3
4626,4,3
4627,14,3
4628,2,3
4629,15,3
4630,6,3
4631,11,3
4632,0,3
4633,7,3
4634,0,3
4635,4,3
4636,9,4
4637,0,3
4638,2,3
4639,0,3
4640,0,3
4641,0,3
4642,0,3
4643,11,3
4644,4,4
4645,23,3
4646,4,3
4647,0,3
4648,55,1
4649,6,4
4650,1,3
4651,4,3
4652,0,3
4653,1,3
4654,3,4
4655,0,3
4656,0,3
4657,53,3
4658,19,3
4659,30,4
4660,0,3
4661,0,3
4662,0,3
4663,2,3
4664,0,3
4665,2,3
4666,23,3
4667,0,3
4668,0,3
4669,0,3
4670,0,3
4671,7,3
4672,0,3
4673,0,3
4674,39,4
4675,3,3
4676,38,3
4677,8,3
4678,1,3
4679,7,4
4680,0,3
4681,9,3
4682,15,4
4683,0,3
4684,69,2
4685,0,3
4686,1,3
4687,0,3
4688,0,3
4689,2,3
4690,0,3
4691,12,3
4692,0,3
4693,7,4
4694,0,3
4695,10,4
4696,6,3
4697,2,3
4698,0,3
4699,4,3
4700,0,3
4701,29,4
4702,9,4
4703,11,4
4704,2,3
4705,0,3
4706,3,4
4707,10,3
4708,2,3
4709,3,3
4710,0,3
4711,9,3
4712,0,3
4713,5,3
4714,26,5
4715,4,4
4716,0,3
4717,8,3
4718,4,3
4719,16,3
4720,6,3
4721,14,4
4722,8,4
4723,0,3
4724,28,4
4725,1,3
4726,2,3
4727,25,4
4728,0,3
4729,10,3
4730,11,4
4731,0,3
4732,0,3
4733,2,3
4734,5,3
4735,0,3
4736,3,3
4737,4,3
4738,0,3
4739,0,3
4740,11,3
4741,0,3
4742,46,2
4743,1,3
4744,17,4
4745,4,3
4746,20,4
4747,6,3
4748,3,3
4749,19,3
4750,2,3
4751,8,3
4752,0,3
4753,0,3
4754,0,3
4755,16,3
4756,21,5
4757,4,3
4758,1,3
4759,0,3
4760,7,3
4761,19,3
4762,25,3
4763,4,3
4764,9,4
4765,0,3
4766,9,4
4767,11,3
4768,0,3
4769,5,3
4770,3,3
4771,3,3
4772,0,3
4773,0,3
4774,21,3
4775,0,3
4776,1,3
4777,11,3
4778,0,3
4779,0,3
4780,6,4
4781,5,3
4782,3,4
4783,0,3
4784,0,3
4785,0,3
4786,3,4
4787,0,3
4788,1,3
4789,12,3
4790,6,3
4791,2,3
4792,0,3
4793,7,3
4794,0,3
4795,12,4
4796,4,3
4797,2,3
4798,0,3
4799,5,3
4800,2,3
4801,5,3
4802,5,5
4803,11,3
4804,7,3
4805,9,3
4806,0,3
4807,0,3
4808,2,3
4809,3,3
4810,20,3
4811,20,3
4812,0,3
4813,14,3
4814,13,3
4815,0,3
4816,0,3
4817,7,3
4818,9,6
4819,19,2
4820,6,3
4821,1,3
4822,0,3
4823,1,3
4824,4,3
4825,0,3
4826,22,3
4827,1,3
4828,1,3
4829,34,3
4830,5,3
4831,0,3
4832,0,3
4833,2,3
4834,0,3
4835,12,4
4836,0,3
4837,0,3
4838,12,3
4839,3,4
4840,0,3
4841,18,3
4842,0,3
4843,10,4
4844,0,3
4845,1,3
4846,1,3
4847,2,3
4848,0,3
4849,2,4
4850,0,3
4851,3,3
4852,0,3
4853,26,3
4854,9,3
4855,0,3
4856,0,3
4857,4,3
4858,4,3
4859,1,3
4860,0,3
4861,0,3
4862,0,3
4863,0,3
4864,0,3
4865,0,3
4866,0,3
4867,14,2
4868,0,3
4869,6,3
4870,0,3
4871,5,3
4872,0,3
4873,0,3
4874,0,3
4875,0,3
4876,0,3
4877,3,3
4878,1,3
4879,1,3
4880,0,3
4881,1,3
4882,0,3
4883,0,3
4884,20,3
4885,0,3
4886,4,3
4887,7,3
4888,0,3
4889,11,4
4890,12,2
4891,0,3
4892,14,3
4893,0,3
4894,0,3
4895,7,4
4896,0,3
4897,13,3
4898,28,5
4899,1,4
4900,0,3
4901,0,3
4902,9,3
4903,2,3
4904,12,3
4905,0,3
4906,17,4
4907,31,4
4908,1,3
4909,0,3
4910,3,3
4911,1,3
4912,17,3
4913,1,3
4914,0,3
4915,2,4
4916,0,3
4917,25,3
4918,30,5
4919,13,4
4920,0,3
4921,0,3
4922,0,3
4923,6,2
4924,14,4
4925,18,3
4926,0,3
4927,15,5
4928,0,3
4929,0,3
4930,7,3
4931,8,3
4932,2,3
4933,0,3
4934,3,3
4935,0,3
4936,0,3
4937,0,3
4938,0,3
4939,18,3
4940,6,4
4941,35,3
4942,6,3
4943,25,4
4944,0,3
4945,1,3
4946,15,3
4947,0,3
4948,22,2
4949,9,3
4950,16,3
4951,1,3
4952,19,3
4953,14,3
4954,1,3
4955,1,3
4956,13,3
4957,8,4
4958,12,4
4959,0,3
4960,29,3
4961,12,4
4962,1,3
4963,1,3
4964,13,3
4965,6,3
4966,1,3
4967,11,3
4968,16,3
4969,0,3
4970,7,3
4971,0,3
4972,0,3
4973,1,3
4974,6,3
4975,18,3
4976,13,3
4977,6,3
4978,0,3
4979,2,3
4980,2,3
4981,4,3
4982,0,3
4983,0,3
4984,14,4
4985,0,3
4986,2,3
4987,2,3
4988,6,3
4989,10,3
4990,1,3
4991,4,3
4992,14,3
4993,22,3
4994,4,3
4995,1,3
4996,19,5
4997,0,3
4998,9,3
4999,12,3
5000,0,3
5001,4,4
5002,0,3
5003,10,3
5004,4,4
5005,51,3
5006,0,3
5007,0,3
5008,4,3
5009,0,3
5010,0,3
5011,21,4
5012,11,3
5013,1,3
5014,12,4
5015,10,3
5016,0,3
5017,7,3
5018,1,3
5019,6,3
5020,28,4
5021,3,3
5022,0,3
5023,11,3
5024,12,2
5025,7,3
5026,0,3
5027,0,3
5028,32,4
5029,7,3
5030,1,3
5031,15,3
5032,0,3
5033,2,3
5034,22,3
5035,2,3
5036,12,3
5037,3,3
5038,2,3
5039,0,3
5040,1,3
5041,0,3
5042,3,3
5043,6,4
5044,4,3
5045,2,3
5046,0,3
5047,2,4
5048,2,3
5049,4,3
5050,19,3
5051,25,3
5052,24,4
5053,4,3
5054,0,3
5055,3,4
5056,0,3
5057,1,3
5058,8,3
5059,15,3
5060,0,3
5061,1,3
5062,2,3
5063,0,3
5064,9,3
5065,25,3
5066,1,3
5067,2,3
5068,0,3
5069,10,3
5070,4,3
5071,8,3
5072,10,5
5073,4,4
5074,1,3
5075,11,4
5076,4,3
5077,0,3
5078,14,4
5079,0,3
5080,2,3
5081,14,3
5082,23,3
5083,5,4
5084,15,4
5085,16,4
5086,0,3
5087,0,3
5088,15,4
5089,0,3
5090,7,4
5091,13,4
5092,1,3
5093,11,4
5094,1,3
5095,15,4
5096,0,3
5097,0,3
5098,9,3
5099,2,3
5100,2,3
5101,0,3
5102,25,6
5103,2,3
5104,0,3
5105,36,4
5106,0,3
5107,8,2
5108,0,3
5109,0,3
5110,1,3
5111,13,4
5112,9,4
5113,22,3
5114,0,3
5115,14,3
5116,12,4
5117,0,3
5118,4,3
5119,5,3
5120,1,3
5121,24,3
5122,0,3
5123,20,4
5124,15,3
5125,2,3
5126,43,4
5127,0,3
5128,0,3
5129,0,3
5130,2,3
5131,7,3
5132,36,5
5133,0,3
5134,0,3
5135,0,3
5136,0,3
5137,0,3
5138,0,3
5139,0,3
5140,0,3
5141,5,3
5142,0,3
5143,1,3
5144,10,4
5145,6,3
5146,0,3
5147,0,3
5148,15,5
5149,0,3
5150,0,3
5151,1,3
5152,0,3
5153,10,4
5154,4,4
5155,0,3
5156,0,3
5157,0,3
5158,1,3
5159,0,3
5160,1,3
5161,15,3
5162,12,4
5163,19,6
5164,3,3
5165,2,3
5166,26,2
5167,2,3
5168,1,3
5169,1,3
5170,5,3
5171,0,3
5172,0,3
5173,10,3
5174,0,3
5175,5,3
5176,1,3
5177,5,3
5178,5,3
5179,0,3
5180,0,3
5181,0,3
5182,5,4
5183,14,3
5184,0,3
5185,7,3
5186,6,3
5187,16,2
5188,0,3
5189,6,4
5190,0,3
5191,0,3
5192,5,4
5193,6,4
5194,0,3
5195,1,3
5196,0,3
5197,0,3
5198,26,3
5199,9,3
5200,0,3
5201,3,3
5202,1,3
5203,0,3
5204,0,3
5205,5,3
5206,9,2
5207,10,3
5208,2,3
5209,8,4
5210,19,4
5211,14,3
5212,25,3
5213,1,3
5214,0,3
5215,0,3
5216,2,3
5217,57,5
5218,1,3
5219,6,3
5220,0,3
5221,17,2
5222,5,4
5223,0,3
5224,18,3
5225,2,3
5226,9,3
5227,0,3
5228,22,4
5229,3,3
5230,1,3
5231,0,3
5232,0,3
5233,0,3
5234,4,3
5235,2,3
5236,14,3
5237,3,3
5238,0,3
5239,1,3
5240,56,4
5241,0,3
5242,0,3
5243,0,3
5244,28,4
5245,5,3
5246,0,3
5247,0,3
5248,4,3
5249,2,3
5250,0,3
5251,5,3
5252,15,4
5253,8,3
5254,0,3
5255,0,3
5256,0,3
5257,17,4
5258,4,4
5259,4,3
5260,0,3
5261,1,3
5262,1,3
5263,13,4
5264,1,3
5265,0,3
5266,11,4
5267,0,3
5268,2,3
5269,66,2
5270,1,3
5271,0,3
5272,0,3
5273,21,4
5274,1,3
5275,10,4
5276,2,3
5277,14,5
5278,1,3
5279,0,3
5280,54,4
5281,1,3
5282,0,3
5283,0,3
5284,6,3
5285,8,3
5286,18,3
5287,3,3
5288,11,4
5289,0,3
5290,9,3
5291,5,3
5292,3,3
5293,11,3
5294,10,1
5295,0,3
5296,0,3
5297,0,3
5298,6,3
5299,6,3
5300,11,3
5301,6,4
5302,0,3
5303,1,3
5304,2,4
5305,2,3
5306,40,4
5307,5,2
5308,2,3
5309,12,4
5310,8,3
5311,7,3
5312,7,4
5313,11,3
5314,0,3
5315,4,3
5316,20,4
5317,0,3
5318,15,3
5319,1,3
5320,7,4
5321,12,3
5322,0,3
5323,18,5
5324,0,3
5325,0,3
5326,1,3
5327,0,3
5328,10,3
5329,6,3
5330,3,3
5331,0,3
5332,0,3
5333,0,3
5334,12,3
5335,18,5
5336,13,5
5337,3,2
5338,0,3
5339,28,3
5340,0,3
5341,0,3
5342,5,3
5343,18,3
5344,8,3
5345,0,3
5346,32,3
5347,6,3
5348,9,4
5349,20,4
5350,39,3
5351,11,4
5352,12,4
5353,1,3
5354,0,3
5355,14,3
5356,16,1
5357,0,3
5358,15,2
5359,1,3
5360,3,4
5361,6,3
5362,2,3
5363,9,3
5364,0,3
5365,0,3
5366,7,5
5367,1,3
5368,0,3
5369,0,3
5370,38,4
5371,11,3
5372,1,3
5373,19,4
5374,24,4
5375,1,3
5376,0,3
5377,24,3
5378,0,3
5379,0,3
5380,0,3
5381,0,3
5382,0,3
5383,0,3
5384,3,3
5385,0,3
5386,8,3
5387,23,3
5388,1,3
5389,0,3
5390,10,3
5391,3,3
5392,2,3
5393,0,3
5394,0,3
5395,3,3
5396,26,3
5397,4,3
5398,6,4
5399,0,3
5400,10,3
5401,2,4
5402,0,3
5403,1,4
5404,9,3
5405,17,4
5406,1,3
5407,1,3
5408,0,3
5409,1,3
5410,1,3
5411,10,3
5412,0,3
5413,4,4
5414,0,3
5415,4,3
5416,9,5
5417,16,4
5418,15,3
5419,1,3
5420,0,3
5421,8,3
5422,12,3
5423,0,3
5424,0,3
5425,11,3
5426,3,3
5427,1,3
5428,0,3
5429,21,3
5430,12,4
5431,1,4
5432,6,3
5433,6,3
5434,0,3
5435,0,3
5436,0,3
5437,1,3
5438,12,3
5439,0,3
5440,2,3
5441,0,3
5442,8,3
5443,68,3
5444,2,3
5445,33,3
5446,0,3
5447,0,3
5448,0,3
5449,30,3
5450,16,5
5451,28,4
5452,0,3
5453,1,3
5454,0,3
5455,0,3
5456,6,2
5457,10,3
5458,0,3
5459,15,3
5460,0,3
5461,1,3
5462,0,3
5463,20,3
5464,15,2
5465,6,3
5466,0,3
5467,0,3
5468,7,3
5469,6,3
5470,0,3
5471,0,3
5472,4,3
5473,0,3
5474,5,3
5475,0,3
5476,12,3
5477,5,3
5478,1,3
5479,10,4
5480,0,3
5481,1,3
5482,12,2
5483,4,3
5484,0,3
5485,0,3
5486,10,3
5487,0,3
5488,1,3
5489,11,4
5490,14,3
5491,0,3
5492,0,3
5493,0,3
5494,33,3
5495,13,5
5496,0,3
5497,1,3
5498,0,3
5499,0,3
5500,3,3
5501,0,3
5502,1,3
5503,0,3
5504,0,3
5505,0,3
5506,18,3
5507,31,3
5508,0,3
5509,3,4
5510,0,3
5511,6,3
5512,4,2
5513,4,3
5514,20,3
5515,26,3
5516,6,3
5517,1,3
5518,1,4
5519,18,3
5520,34,4
5521,13,4
5522,0,3
5523,8,2
5524,0,3
5525,47,3
5526,1,3
5527,0,3
5528,6,4
5529,14,2
5530,0,3
5531,0,3
5532,1,3
5533,33,3
5534,0,3
5535,34,4
5536,33,3
5537,13,3
5538,14,4
5539,1,3
5540,2,3
5541,4,5
5542,0,3
5543,0,3
5544,3,3
5545,4,3
5546,4,3
5547,0,3
5548,0,3
5549,1,3
5550,0,3
5551,1,3
5552,4,4
5553,3,3
5554,9,4
5555,0,3
5556,0,3
5557,0,3
5558,0,3
5559,28,4
5560,0,3
5561,0,3
5562,11,5
5563,6,3
5564,6,3
5565,2,4
5566,2,3
5567,14,4
5568,0,3
5569,2,4
5570,8,3
5571,1,3
5572,9,3
5573,1,3
5574,2,3
5575,0,3
5576,1,3
5577,0,3
5578,11,3
5579,48,6
5580,13,3
5581,26,6
5582,0,3
5583,5,3
5584,1,3
5585,40,3
5586,12,3
5587,2,3
5588,1,3
5589,0,3
5590,0,3
5591,3,3
5592,4,3
5593,8,3
5594,4,3
5595,8,3
5596,0,3
5597,2,3
5598,0,3
5599,0,3
5600,3,3
5601,7,3
5602,17,4
5603,0,3
5604,1,3
5605,3,3
5606,3,3
5607,4,3
5608,21,4
5609,0,3
5610,0,3
5611,12,3
5612,9,4
5613,1,3
5614,0,3
5615,6,3
5616,0,3
5617,32,6
5618,0,3
5619,23,6
5620,13,4
5621,13,3
5622,0,3
5623,1,4
5624,22,3
5625,0,3
5626,0,3
5627,18,4
5628,0,3
5629,0,3
5630,1,3
5631,24,5
5632,0,3
5633,9,3
5634,16,5
5635,0,3
5636,7,4
5637,1,3
5638,32,3
5639,28,5
5640,1,3
5641,6,3
5642,0,3
5643,42,3
5644,2,3
5645,34,5
5646,7,3
5647,0,3
5648,19,3
5649,1,3
5650,9,3
5651,0,3
5652,4,3
5653,7,3
5654,4,3
5655,0,3
5656,8,3
5657,0,3
5658,12,3
5659,10,4
5660,3,3
5661,0,3
5662,12,3
5663,21,3
5664,13,3
5665,14,2
5666,11,3
5667,0,3
5668,1,3
5669,0,3
5670,0,3
5671,4,4
5672,0,3
5673,0,3
5674,17,4
5675,0,3
5676,0,3
5677,0,3
5678,11,2
5679,3,3
5680,2,3
5681,18,3
5682,0,3
5683,0,3
5684,0,3
5685,2,2
5686,1,3
5687,14,4
5688,0,3
5689,5,3
5690,10,3
5691,5,2
5692,3,3
5693,0,3
5694,1,3
5695,9,4
5696,0,3
5697,98,2
5698,0,3
5699,5,3
5700,0,3
5701,0,3
5702,1,3
5703,10,3
5704,0,3
5705,3,3
5706,1,3
5707,0,3
5708,0,3
5709,11,3
5710,2,3
5711,0,3
5712,12,4
5713,2,3
5714,3,3
5715,1,3
5716,49,3
5717,13,3
5718,1,3
5719,2,3
5720,50,5
5721,0,3
5722,1,3
5723,0,3
5724,26,4
5725,0,3
5726,0,3
5727,10,4
5728,0,3
5729,0,3
5730,0,3
5731,9,3
5732,3,4
5733,2,3
5734,1,3
5735,5,4
5736,4,3
5737,30,4
5738,7,3
5739,12,4
5740,3,3
5741,0,3
5742,0,3
5743,9,4
5744,0,3
5745,19,4
5746,0,3
5747,29,4
5748,102,3
5749,5,3
5750,0,3
5751,13,4
5752,11,3
5753,0,3
5754,1,3
5755,6,3
5756,42,4
5757,8,4
5758,24,3
5759,1,3
5760,0,3
5761,1,3
5762,0,3
5763,4,3
5764,21,4
5765,19,4
5766,0,3
5767,1,3
5768,0,3
5769,2,3
5770,1,3
5771,30,5
5772,6,5
5773,0,3
5774,0,3
5775,9,2
5776,3,2
5777,0,3
5778,0,3
5779,0,3
5780,0,3
5781,1,3
5782,21,3
5783,0,3
5784,0,3
5785,0,3
5786,3,3
5787,25,5
5788,0,3
5789,0,3
5790,0,3
5791,0,3
5792,17,4
5793,8,3
5794,14,5
5795,3,4
5796,11,4
5797,12,4
5798,8,4
5799,22,4
5800,0,3
5801,0,3
5802,1,3
5803,13,4
5804,6,3
5805,16,4
5806,0,3
5807,0,3
5808,19,6
5809,0,3
5810,0,3
5811,0,3
5812,12,3
5813,0,3
5814,24,3
5815,1,3
5816,5,3
5817,3,3
5818,0,3
5819,1,3
5820,20,5
5821,0,3
5822,0,3
5823,21,3
5824,16,3
5825,0,3
5826,0,3
5827,10,3
5828,1,3
5829,41,5
5830,28,3
5831,2,3
5832,3,3
5833,0,3
5834,25,4
5835,0,3
5836,1,3
5837,2,3
5838,1,3
5839,0,3
5840,0,3
5841,0,3
5842,35,3
5843,1,3
5844,0,3
5845,5,3
5846,0,3
5847,20,5
5848,0,3
5849,9,4
5850,9,3
5851,0,3
5852,7,4
5853,0,3
5854,8,2
5855,0,3
5856,4,3
5857,16,4
5858,2,3
5859,5,3
5860,9,4
5861,1,3
5862,7,3
5863,0,3
5864,1,3
5865,0,3
5866,27,6
5867,2,3
5868,10,4
5869,0,3
5870,1,3
5871,0,3
5872,8,3
5873,1,3
5874,8,4
5875,0,3
5876,11,3
5877,0,3
5878,0,3
5879,0,3
5880,9,4
5881,6,4
5882,1,3
5883,2,4
5884,5,3
5885,4,4
5886,2,3
5887,0,3
5888,13,4
5889,8,4
5890,23,3
5891,3,3
5892,5,3
5893,17,3
5894,5,3
5895,0,3
5896,9,4
5897,20,3
5898,1,3
5899,5,3
5900,1,3
5901,1,3
5902,16,4
5903,6,4
5904,9,3
5905,0,3
5906,14,5
5907,1,3
5908,13,3
5909,13,4
5910,10,3
5911,6,3
5912,2,3
5913,11,3
5914,0,3
5915,0,3
5916,0,3
5917,45,3
5918,0,3
5919,2,2
5920,32,2
5921,1,3
5922,23,4
5923,21,5
5924,2,3
5925,25,3
5926,1,3
5927,0,3
5928,2,3
5929,2,3
5930,3,4
5931,8,3
5932,5,3
5933,0,3
5934,1,3
5935,0,3
5936,15,3
5937,4,3
5938,0,3
5939,2,3
5940,0,3
5941,16,4
5942,1,3
5943,0,3
5944,5,3
5945,4,3
5946,0,3
5947,4,3
5948,0,3
5949,5,4
5950,0,3
5951,0,3
5952,16,5
5953,0,3
5954,1,3
5955,0,3
5956,0,3
5957,0,3
5958,0,3
5959,0,3
5960,0,3
5961,20,4
5962,0,3
5963,1,3
5964,1,3
5965,6,4
5966,1,3
5967,2,3
5968,0,3
5969,15,4
5970,11,3
5971,0,3
5972,4,3
5973,0,3
5974,1,3
5975,2,3
5976,4,3
5977,8,3
5978,0,3
5979,2,3
5980,1,3
5981,16,3
5982,6,3
5983,0,3
5984,15,3
5985,3,3
5986,4,3
5987,3,3
5988,0,3
5989,9,4
5990,0,3
5991,11,4
5992,0,3
5993,0,3
5994,13,2
5995,6,3
5996,0,3
5997,4,3
5998,7,2
5999,6,3
6000,18,5
6001,0,3
6002,10,4
6003,13,5
6004,0,3
6005,4,3
6006,27,5
6007,3,3
6008,1,3
6009,18,3
6010,10,5
6011,9,4
6012,9,4
6013,66,3
6014,14,4
6015,15,5
6016,0,3
6017,20,4
6018,19,3
6019,22,4
6020,0,3
6021,3,2
6022,8,3
6023,5,3
6024,12,5
6025,0,3
6026,9,3
6027,1,3
6028,34,4
6029,5,3
6030,3,3
6031,3,4
6032,6,3
6033,4,3
6034,6,3
6035,0,3
6036,0,3
6037,0,3
6038,0,3
6039,0,3
6040,4,3
6041,2,3
6042,2,3
6043,0,3
6044,22,5
6045,0,3
6046,12,4
6047,23,4
6048,10,4
6049,7,3
6050,0,3
6051,7,3
6052,1,4
6053,0,3
6054,7,3
6055,1,3
6056,2,3
6057,1,3
6058,0,3
6059,0,3
6060,4,3
6061,0,3
6062,0,3
6063,5,3
6064,5,4
6065,0,3
6066,1,3
6067,0,3
6068,7,3
6069,6,4
6070,1,3
6071,14,3
6072,8,4
6073,0,3
6074,20,3
6075,0,3
6076,17,3
6077,4,3
6078,4,3
6079,0,3
6080,0,3
6081,0,3
6082,1,3
6083,15,3
6084,0,3
6085,0,3
6086,0,3
6087,1,3
6088,0,3
6089,0,3
6090,6,4
6091,0,3
6092,0,3
6093,0,3
6094,8,3
6095,1,3
6096,0,3
6097,15,4
6098,0,3
6099,3,3
6100,26,2
6101,7,3
6102,26,4
6103,25,5
6104,13,4
6105,0,3
6106,1,3
6107,1,3
6108,0,3
6109,9,3
6110,14,3
6111,29,5
6112,22,3
6113,1,4
6114,1,3
6115,0,3
6116,8,4
6117,3,3
6118,2,3
6119,31,5
6120,0,3
6121,0,3
6122,22,3
6123,9,4
6124,3,3
6125,16,3
6126,20,3
6127,9,4
6128,0,3
6129,3,3
6130,13,3
6131,0,3
6132,0,3
6133,4,4
6134,7,3
6135,10,3
6136,13,4
6137,0,3
6138,12,3
6139,45,5
6140,17,3
6141,0,3
6142,7,4
6143,0,3
6144,0,3
6145,1,4
6146,1,3
6147,0,3
6148,1,3
6149,0,3
6150,25,3
6151,0,3
6152,3,3
6153,9,3
6154,33,3
6155,4,3
6156,7,3
6157,28,3
6158,0,3
6159,1,3
6160,0,3
6161,0,3
6162,0,3
6163,7,3
6164,12,2
6165,0,3
6166,9,4
6167,0,3
6168,17,4
6169,0,3
6170,9,3
6171,2,3
6172,30,3
6173,22,3
6174,21,4
6175,9,5
6176,5,3
6177,0,3
6178,18,3
6179,0,3
6180,0,3
6181,9,4
6182,30,3
6183,9,3
6184,0,3
6185,1,3
6186,0,3
6187,0,3
6188,0,3
6189,7,3
6190,0,3
6191,9,3
6192,7,4
6193,0,3
6194,0,3
6195,1,3
6196,19,5
6197,0,3
6198,0,3
6199,4,3
6200,0,3
6201,3,3
6202,8,4
6203,0,3
6204,0,3
6205,0,3
6206,10,3
6207,11,4
6208,11,4
6209,2,3
6210,2,3
6211,2,3
6212,0,3
6213,6,4
6214,13,4
6215,7,2
6216,9,3
6217,0,3
6218,13,3
6219,27,4
6220,3,3
6221,0,3
6222,0,3
6223,1,3
6224,20,3
6225,2,3
6226,13,3
6227,0,3
6228,1,3
6229,4,3
6230,0,3
6231,4,3
6232,7,2
6233,15,3
6234,2,3
6235,1,3
6236,2,3
6237,12,3
6238,10,3
6239,0,3
6240,8,4
6241,14,4
6242,4,3
6243,31,5
6244,1,3
6245,0,3
6246,20,3
6247,0,3
6248,0,3
6249,0,3
6250,14,5
6251,1,3
6252,0,3
6253,0,3
6254,19,3
6255,17,4
6256,1,3
6257,0,3
6258,25,5
6259,5,3
6260,0,3
6261,12,4
6262,18,3
6263,0,3
6264,40,4
6265,23,3
6266,29,4
6267,0,3
6268,0,3
6269,1,3
6270,1,3
6271,0,3
6272,0,3
6273,8,3
6274,1,3
6275,5,4
6276,1,3
6277,19,3
6278,4,3
6279,0,3
6280,10,4
6281,38,4
6282,3,3
6283,6,4
6284,11,4
6285,5,3
6286,1,3
6287,0,3
6288,2,3
6289,19,3
6290,1,3
6291,0,3
6292,0,3
6293,13,3
6294,0,3
6295,3,3
6296,27,2
6297,0,3
6298,0,3
6299,10,5
6300,15,2
6301,0,3
6302,43,3
6303,8,3
6304,4,3
6305,0,3
6306,6,3
6307,0,3
6308,35,4
6309,4,3
6310,0,3
6311,4,3
6312,0,3
6313,0,3
6314,0,3
6315,1,3
6316,1,2
6317,0,3
6318,0,3
6319,1,3
6320,1,4
6321,9,3
6322,6,3
6323,15,4
6324,0,3
6325,0,3
6326,0,3
6327,25,3
6328,0,3
6329,0,3
6330,32,3
6331,12,3
6332,7,3
6333,0,3
6334,2,3
6335,9,3
6336,4,3
6337,0,3
6338,0,3
6339,18,3
6340,21,3
6341,20,3
6342,18,4
6343,7,3
6344,0,3
6345,0,3
6346,16,3
6347,0,3
6348,0,3
6349,5,3
6350,20,3
6351,4,3
6352,10,5
6353,0,3
6354,40,3
6355,5,3
6356,3,3
6357,6,3
6358,22,3
6359,15,4
6360,0,3
6361,1,3
6362,0,3
6363,1,3
6364,0,3
6365,8,4
6366,10,4
6367,0,3
6368,16,4
6369,0,3
6370,2,4
6371,29,4
6372,0,3
6373,2,3
6374,4,3
6375,16,3
6376,11,3
6377,0,3
6378,0,3
6379,6,4
6380,0,3
6381,0,3
6382,14,3
6383,8,5
6384,1,3
6385,0,3
6386,1,3
6387,21,5
6388,5,4
6389,12,3
6390,5,4
6391,0,3
6392,2,3
6393,6,3
6394,0,3
6395,18,3
6396,0,3
6397,0,3
6398,3,3
6399,20,4
6400,12,3
6401,1,3
6402,16,3
6403,4,4
6404,0,3
6405,0,3
6406,7,3
6407,0,3
6408,10,2
6409,0,3
6410,0,3
6411,0,3
6412,12,3
6413,0,3
6414,0,3
6415,11,3
6416,0,3
6417,16,4
6418,11,4
6419,0,3
6420,0,3
6421,0,3
6422,0,3
6423,9,3
6424,5,3
6425,0,3
6426,1,3
6427,0,3
6428,39,3
6429,0,3
6430,0,3
6431,0,3
6432,17,3
6433,1,3
6434,0,3
6435,8,3
6436,0,3
6437,0,3
6438,13,4
6439,1,3
6440,23,3
6441,0,3
6442,3,4
6443,2,3
6444,4,4
6445,1,4
6446,0,3
6447,0,3
6448,2,3
6449,13,5
6450,1,3
6451,5,3
6452,0,3
6453,12,3
6454,5,3
6455,16,4
6456,0,3
6457,0,3
6458,0,3
6459,0,3
6460,17,4
6461,0,3
6462,8,3
6463,13,3
6464,0,3
6465,30,3
6466,0,3
6467,1,3
6468,9,3
6469,1,3
6470,7,3
6471,1,3
6472,0,3
6473,0,3
6474,0,3
6475,0,3
6476,0,3
6477,31,5
6478,9,4
6479,7,4
6480,0,3
6481,31,3
6482,28,3
6483,0,3
6484,38,4
6485,2,3
6486,0,3
6487,9,5
6488,0,3
6489,3,3
6490,6,4
6491,51,3
6492,5,3
6493,1,3
6494,1,3
6495,10,2
6496,11,3
6497,1,3
6498,0,3
6499,0,3
6500,0,3
6501,0,3
6502,5,3
6503,12,3
6504,5,3
6505,10,4
6506,15,4
6507,0,3
6508,21,5
6509,0,3
6510,0,3
6511,17,5
6512,0,3
6513,0,3
6514,0,3
6515,4,3
6516,8,3
6517,26,4
6518,12,4
6519,6,3
6520,14,5
6521,24,5
6522,1,3
6523,0,3
6524,8,4
6525,2,3
6526,29,5
6527,0,3
6528,1,3
6529,7,3
6530,0,3
6531,1,3
6532,20,3
6533,0,3
6534,0,3
6535,11,3
6536,0,3
6537,16,3
6538,3,3
6539,19,4
6540,0,3
6541,0,3
6542,0,3
6543,7,4
6544,0,3
6545,6,3
6546,3,4
6547,0,3
6548,4,4
6549,0,3
6550,0,3
6551,4,3
6552,29,4
6553,12,3
6554,0,3
6555,9,5
6556,2,3
6557,5,3
6558,0,3
6559,0,3
6560,5,3
6561,0,3
6562,13,3
6563,0,3
6564,18,4
6565,0,3
6566,19,4
6567,0,3
6568,1,3
6569,15,3
6570,0,3
6571,5,3
6572,0,3
6573,10,3
6574,22,3
6575,1,3
6576,1,3
6577,0,3
6578,0,3
6579,0,3
6580,3,3
6581,0,3
6582,3,3
6583,2,3
6584,11,3
6585,21,4
6586,3,4
6587,0,3
6588,22,4
6589,13,3
6590,8,4
6591,23,3
6592,9,4
6593,22,4
6594,8,3
6595,1,3
6596,0,3
6597,0,3
6598,5,4
6599,18,5
6600,0,3
6601,0,3
6602,7,3
6603,22,4
6604,1,3
6605,3,3
6606,0,3
6607,0,3
6608,35,2
6609,5,4
6610,0,3
6611,17,4
6612,5,3
6613,2,3
6614,2,3
6615,0,3
6616,0,3
6617,11,4
6618,0,3
6619,27,3
6620,29,3
6621,33,3
6622,0,3
6623,32,4
6624,10,3
6625,0,3
6626,0,3
6627,4,3
6628,24,3
6629,0,3
6630,19,4
6631,3,4
6632,16,5
6633,30,5
6634,2,3
6635,0,3
6636,4,3
6637,0,3
6638,0,3
6639,2,3
6640,4,4
6641,0,3
6642,2,3
6643,16,5
6644,22,3
6645,3,3
6646,14,3
6647,0,3
6648,12,3
6649,0,3
6650,3,3
6651,11,3
6652,0,3
6653,6,3
6654,17,3
6655,8,2
6656,0,3
6657,3,3
6658,0,3
6659,7,4
6660,0,3
6661,13,4
6662,15,3
6663,2,3
6664,38,2
6665,0,3
6666,1,3
6667,3,3
6668,6,3
6669,11,4
6670,25,4
6671,5,3
6672,1,3
6673,3,3
6674,0,3
6675,13,3
6676,31,3
6677,0,3
6678,3,3
6679,0,3
6680,17,4
6681,0,3
6682,17,4
6683,3,3
6684,10,4
6685,7,4
6686,0,3
6687,16,5
6688,0,3
6689,1,3
6690,0,3
6691,0,3
6692,0,3
6693,0,3
6694,16,3
6695,9,3
6696,2,3
6697,30,4
6698,6,3
6699,19,3
6700,0,3
6701,14,5
6702,1,3
6703,0,3
6704,2,3
6705,0,3
6706,0,3
6707,0,3
6708,17,4
6709,0,3
6710,0,3
6711,0,3
6712,11,4
6713,12,4
6714,6,4
6715,14,4
6716,32,5
6717,1,3
6718,12,3
6719,0,3
6720,14,4
6721,14,3
6722,0,3
6723,3,3
6724,0,3
6725,28,3
6726,16,5
6727,11,3
6728,18,4
6729,4,4
6730,2,3
6731,0,3
6732,1,3
6733,2,3
6734,1,3
6735,5,3
6736,1,3
6737,15,5
6738,8,4
6739,6,5
6740,15,4
6741,0,3
6742,9,3
6743,3,3
6744,0,3
6745,10,3
6746,7,3
6747,45,4
6748,6,3
6749,10,5
6750,5,5
6751,0,3
6752,0,3
6753,0,3
6754,0,3
6755,1,3
6756,1,3
6757,18,3
6758,11,5
6759,7,4
6760,6,3
6761,1,3
6762,0,3
6763,15,4
6764,8,4
6765,12,5
6766,0,3
6767,37,5
6768,1,3
6769,0,3
6770,0,3
6771,20,5
6772,0,3
6773,0,3
6774,15,4
6775,0,3
6776,0,3
6777,6,3
6778,39,4
6779,11,3
6780,0,3
6781,6,3
6782,1,3
6783,9,3
6784,1,3
6785,76,4
6786,9,3
6787,1,3
6788,0,3
6789,0,3
6790,5,3
6791,0,3
6792,1,3
6793,7,4
6794,0,3
6795,18,4
6796,1,3
6797,1,3
6798,0,3
6799,7,4
6800,0,3
6801,0,3
6802,0,3
6803,0,3
6804,0,3
6805,8,3
6806,28,6
6807,12,3
6808,0,3
6809,0,3
6810,0,3
6811,0,3
6812,2,3
6813,1,3
6814,1,3
6815,1,3
6816,0,3
6817,10,3
6818,19,5
6819,1,3
6820,1,3
6821,25,5
6822,0,3
6823,8,3
6824,4,2
6825,0,3
6826,1,3
6827,10,4
6828,3,3
6829,0,3
6830,25,6
6831,2,3
6832,7,3
6833,1,3
6834,0,3
6835,7,4
6836,16,3
6837,1,3
6838,9,3
6839,18,4
6840,11,4
6841,1,3
6842,0,3
6843,9,4
6844,13,4
6845,0,3
6846,5,3
6847,18,2
6848,21,4
6849,6,3
6850,11,3
6851,14,2
6852,18,4
6853,12,3
6854,0,3
6855,0,3
6856,2,3
6857,3,4
6858,10,3
6859,0,3
6860,14,3
6861,0,3
6862,6,4
6863,2,3
6864,0,3
6865,12,4
6866,0,3
6867,13,3
6868,11,3
6869,0,3
6870,7,3
6871,0,3
6872,12,4
6873,0,3
6874,2,3
6875,0,3
6876,12,3
6877,26,4
6878,0,3
6879,6,3
6880,0,3
6881,0,3
6882,6,4
6883,1,3
6884,0,3
6885,0,3
6886,0,3
6887,6,3
6888,9,3
6889,0,3
6890,5,3
6891,1,4
6892,8,4
6893,22,4
6894,0,3
6895,28,4
6896,35,2
6897,0,3
6898,0,3
6899,18,3
6900,0,3
6901,23,3
6902,0,3
6903,1,3
6904,6,4
6905,11,4
6906,0,3
6907,2,3
6908,2,3
6909,4,3
6910,7,3
6911,9,4
6912,1,3
6913,0,3
6914,4,3
6915,0,3
6916,7,3
6917,1,3
6918,0,3
6919,0,3
6920,0,3
6921,19,3
6922,2,4
6923,1,3
6924,0,3
6925,1,3
6926,11,4
6927,10,3
6928,1,3
6929,0,3
6930,30,3
6931,0,3
6932,2,3
6933,11,4
6934,7,4
6935,29,3
6936,0,3
6937,0,3
6938,0,3
6939,10,4
6940,0,3
6941,1,3
6942,27,5
6943,21,3
6944,0,3
6945,0,3
6946,2,3
6947,0,3
6948,1,3
6949,31,3
6950,21,3
6951,11,4
6952,0,3
6953,0,3
6954,0,3
6955,7,3
6956,0,3
6957,0,3
6958,2,3
6959,6,4
6960,12,3
6961,0,3
6962,1,3
6963,13,3
6964,9,3
6965,0,3
6966,33,3
6967,0,3
6968,0,3
6969,3,3
6970,22,4
6971,1,3
6972,0,3
6973,0,3
6974,0,3
6975,0,3
6976,0,3
6977,10,4
6978,1,3
6979,0,3
6980,0,3
6981,2,3
6982,12,4
6983,10,4
6984,16,3
6985,0,3
6986,0,3
6987,3,3
6988,0,3
6989,1,3
6990,23,4
6991,3,4
6992,1,3
6993,0,3
6994,11,4
6995,0,3
6996,8,4
6997,1,3
6998,34,3
6999,1,3
7000,0,3
7001,19,5
7002,0,3
7003,1,3
7004,7,5
7005,0,3
7006,17,2
7007,1,3
7008,1,4
7009,0,3
7010,0,3
7011,9,4
7012,0,3
7013,0,3
7014,19,4
7015,0,3
7016,9,4
7017,8,3
7018,0,3
7019,7,3
7020,14,3
7021,4,4
7022,0,3
7023,6,3
7024,0,3
7025,20,5
7026,0,3
7027,0,3
7028,0,3
7029,14,4
7030,23,3
7031,8,3
7032,0,3
7033,1,3
7034,0,3
7035,4,3
7036,0,3
7037,23,4
7038,32,2
7039,0,3
7040,0,3
7041,4,3
7042,0,3
7043,16,5
7044,14,5
7045,16,5
7046,5,3
7047,10,2
7048,14,4
7049,0,3
7050,14,4
7051,0,3
7052,15,4
7053,6,3
7054,21,4
7055,17,3
7056,0,3
7057,13,3
7058,0,3
7059,2,4
7060,0,3
7061,0,3
7062,1,3
7063,24,3
7064,1,3
7065,0,3
7066,4,3
7067,0,3
7068,6,3
7069,6,3
7070,1,3
7071,0,3
7072,1,3
7073,3,4
7074,3,3
7075,2,3
7076,0,3
7077,41,3
7078,15,3
7079,1,3
7080,0,3
7081,26,3
7082,3,3
7083,0,3
7084,0,3
7085,12,5
7086,13,2
7087,1,3
7088,2,3
7089,13,3
7090,33,4
7091,8,4
7092,6,4
7093,18,4
7094,13,4
7095,4,3
7096,7,3
7097,4,3
7098,12,3
7099,19,4
7100,0,3
7101,0,3
7102,0,3
7103,5,4
7104,3,3
7105,11,2
7106,19,3
7107,0,3
7108,44,5
7109,4,3
7110,0,3
7111,0,3
7112,0,3
7113,4,3
7114,0,3
7115,1,3
7116,0,3
7117,7,4
7118,0,3
7119,2,3
7120,9,3
7121,1,3
7122,17,4
7123,0,3
7124,0,3
7125,0,3
7126,1,3
7127,10,3
7128,1,3
7129,3,4
7130,1,3
7131,9,3
7132,1,3
7133,0,3
7134,12,3
7135,2,3
7136,0,3
7137,54,3
7138,0,3
7139,5,4
7140,12,3
7141,0,3
7142,0,3
7143,5,3
7144,7,4
7145,5,3
7146,0,3
7147,4,3
7148,0,3
7149,8,3
7150,1,3
7151,1,3
7152,14,4
7153,0,3
7154,2,3
7155,2,3
7156,0,3
7157,5,2
7158,1,3
7159,0,3
7160,0,3
7161,0,3
7162,10,3
7163,7,4
7164,0,3
7165,3,3
7166,2,2
7167,21,4
7168,0,3
7169,0,3
7170,0,3
7171,20,5
7172,38,4
7173,10,3
7174,0,3
7175,34,3
7176,2,3
7177,1,3
7178,9,3
7179,22,4
7180,1,3
7181,5,4
7182,4,4
7183,0,3
7184,0,3
7185,12,6
7186,1,3
7187,2,3
7188,1,3
7189,2,3
7190,0,3
7191,14,3
7192,0,3
7193,2,3
7194,2,3
7195,0,3
7196,4,4
7197,7,4
7198,20,3
7199,6,4
7200,0,3
7201,2,3
7202,1,3
7203,23,4
7204,28,4
7205,0,3
7206,5,3
7207,0,3
7208,12,4
7209,0,3
7210,3,3
7211,1,3
7212,4,3
7213,2,3
7214,0,3
7215,9,4
7216,0,3
7217,0,3
7218,0,3
7219,2,3
7220,0,3
7221,2,3
7222,0,3
7223,5,4
7224,0,3
7225,5,3
7226,2,3
7227,7,3
7228,0,3
7229,0,3
7230,1,3
7231,0,3
7232,0,3
7233,14,3
7234,22,4
7235,1,3
7236,4,3
7237,0,3
7238,14,3
7239,0,3
7240,0,3
7241,0,3
7242,3,3
7243,17,3
7244,0,3
7245,22,3
7246,39,4
7247,0,3
7248,0,3
7249,1,3
7250,23,3
7251,1,3
7252,6,4
7253,0,3
7254,13,3
7255,4,3
7256,0,3
7257,32,4
7258,0,3
7259,3,4
7260,4,3
7261,0,3
7262,8,4
7263,1,3
7264,10,3
7265,0,3
7266,10,3
7267,17,3
7268,1,3
7269,0,3
7270,3,4
7271,0,3
7272,29,4
7273,1,3
7274,18,4
7275,0,3
7276,14,4
7277,1,3
7278,9,3
7279,1,3
7280,0,3
7281,1,3
7282,5,3
7283,0,3
7284,2,3
7285,3,3
7286,1,3
7287,0,3
7288,27,4
7289,0,3
7290,8,3
7291,4,3
7292,7,4
7293,0,3
7294,5,3
7295,10,4
7296,6,4
7297,14,4
7298,10,3
7299,0,3
7300,6,3
7301,61,3
7302,0,3
7303,12,3
7304,32,6
7305,13,3
7306,11,3
7307,0,3
7308,20,2
7309,8,3
7310,52,7
7311,0,3
7312,0,3
7313,48,6
7314,13,3
7315,0,3
7316,14,4
7317,0,3
7318,12,4
7319,0,3
7320,0,3
7321,0,3
7322,0,3
7323,0,3
7324,0,3
7325,1,3
7326,0,3
7327,4,4
7328,0,3
7329,5,3
7330,14,4
7331,13,4
7332,10,4
7333,6,4
7334,0,3
7335,0,3
7336,0,3
7337,1,3
7338,0,3
7339,22,3
7340,11,3
7341,4,3
7342,1,3
7343,9,3
7344,0,3
7345,2,3
7346,0,3
7347,0,3
7348,7,3
7349,5,5
7350,0,3
7351,7,3
7352,11,6
7353,0,3
7354,0,3
7355,0,3
7356,0,3
7357,1,3
7358,0,3
7359,0,3
7360,17,4
7361,14,4
7362,7,3
7363,0,3
7364,20,5
7365,3,3
7366,6,3
7367,10,4
7368,22,4
7369,9,3
7370,15,5
7371,5,4
7372,1,3
7373,10,4
7374,0,3
7375,26,3
7376,13,3
7377,4,3
7378,25,4
7379,0,3
7380,0,3
7381,5,3
7382,2,3
7383,18,4
7384,0,3
7385,3,3
7386,0,3
7387,5,3
7388,1,3
7389,4,3
7390,1,3
7391,2,3
7392,0,3
7393,10,3
7394,0,3
7395,0,3
7396,7,3
7397,17,6
7398,0,3
7399,2,3
7400,2,3
7401,0,3
7402,13,4
7403,19,5
7404,10,3
7405,41,4
7406,11,4
7407,1,3
7408,0,3
7409,2,3
7410,5,3
7411,0,3
7412,28,4
7413,0,3
7414,1,3
7415,0,3
7416,24,4
7417,14,4
7418,0,3
7419,5,3
7420,0,3
7421,0,3
7422,6,2
7423,0,3
7424,0,3
7425,10,2
7426,0,3
7427,2,3
7428,12,5
7429,15,3
7430,9,3
7431,2,3
7432,7,3
7433,19,3
7434,0,3
7435,0,3
7436,1,3
7437,0,3
7438,1,3
7439,8,5
7440,1,3
7441,12,4
7442,21,4
7443,0,3
7444,0,3
7445,13,3
7446,1,3
7447,9,4
7448,0,3
7449,13,3
7450,0,3
7451,20,4
7452,0,3
7453,2,3
7454,13,4
7455,14,4
7456,0,3
7457,1,3
7458,14,5
7459,0,3
7460,15,4
7461,5,4
7462,0,3
7463,19,5
7464,2,3
7465,10,3
7466,0,3
7467,11,5
7468,4,3
7469,12,4
7470,0,3
7471,0,3
7472,0,3
7473,3,4
7474,0,3
7475,24,5
7476,0,3
7477,27,3
7478,0,3
7479,0,3
7480,0,3
7481,20,3
7482,15,3
7483,0,3
7484,0,3
7485,0,3
7486,0,3
7487,7,3
7488,4,4
7489,15,4
7490,2,3
7491,0,3
7492,1,3
7493,0,3
7494,2,3
7495,2,3
7496,0,3
7497,2,3
7498,0,3
7499,23,3
7500,2,3
7501,9,4
7502,8,3
7503,0,3
7504,0,3
7505,0,3
7506,8,4
7507,13,4
7508,9,3
7509,4,4
7510,5,3
7511,0,3
7512,0,3
7513,1,3
7514,8,3
7515,0,3
7516,0,3
7517,42,3
7518,0,3
7519,10,4
7520,18,5
7521,18,5
7522,6,3
7523,1,3
7524,3,3
7525,6,3
7526,1,3
7527,0,3
7528,0,3
7529,9,3
7530,1,3
7531,0,3
7532,0,3
7533,2,3
7534,13,4
7535,9,3
7536,17,4
7537,19,3
7538,1,3
7539,2,3
7540,18,3
7541,15,3
7542,1,3
7543,0,3
7544,1,3
7545,4,3
7546,20,3
7547,11,3
7548,0,3
7549,0,3
7550,10,3
7551,7,3
7552,4,4
7553,12,4
7554,0,3
7555,22,2
7556,0,3
7557,0,3
7558,6,3
7559,11,2
7560,17,4
7561,20,4
7562,5,3
7563,3,3
7564,23,5
7565,0,3
7566,7,4
7567,15,3
7568,19,4
7569,1,3
7570,12,3
7571,22,5
7572,0,3
7573,26,3
7574,0,3
7575,19,4
7576,0,3
7577,0,3
7578,0,3
7579,25,3
7580,1,3
7581,11,3
7582,1,3
7583,0,3
7584,0,3
7585,1,3
7586,1,3
7587,22,3
7588,1,3
7589,9,4
7590,0,3
7591,2,3
7592,11,3
7593,0,3
7594,47,2
7595,1,4
7596,8,4
7597,0,3
7598,20,3
7599,0,3
7600,9,4
7601,21,4
7602,11,4
7603,1,3
7604,5,3
7605,14,3
7606,3,3
7607,18,3
7608,11,3
7609,9,4
7610,6,3
7611,0,3
7612,12,3
7613,7,4
7614,13,3
7615,1,3
7616,0,3
7617,0,3
7618,5,3
7619,4,3
7620,0,3
7621,0,3
7622,19,5
7623,4,4
7624,4,4
7625,10,4
7626,0,3
7627,0,3
7628,3,2
7629,14,5
7630,0,3
7631,0,3
7632,0,3
7633,0,3
7634,82,5
7635,7,4
7636,0,3
7637,5,3
7638,3,4
7639,1,3
7640,0,3
7641,0,3
7642,0,3
7643,16,5
7644,3,3
7645,1,3
7646,0,3
7647,91,4
7648,0,3
7649,26,5
7650,0,3
7651,0,3
7652,6,4
7653,15,4
7654,6,4
7655,0,3
7656,1,3
7657,10,4
7658,0,3
7659,0,3
7660,18,4
7661,33,5
7662,7,4
7663,0,3
7664,0,3
7665,0,3
7666,38,4
7667,9,4
7668,0,3
7669,19,5
7670,1,3
7671,0,3
7672,0,3
7673,0,3
7674,21,5
7675,7,3
7676,27,5
7677,0,3
7678,0,3
7679,0,3
7680,0,3
7681,0,3
7682,10,3
7683,0,3
7684,0,3
7685,0,3
7686,46,3
7687,0,3
7688,3,3
7689,0,3
7690,48,5
7691,6,3
7692,0,3
7693,0,3
7694,0,3
7695,6,5
7696,21,5
7697,29,3
7698,0,3
7699,0,3
7700,0,3
7701,0,3
7702,0,3
7703,0,3
7704,0,3
7705,4,3
7706,52,4
7707,3,3
7708,0,3
7709,12,4
7710,9,4
7711,6,3
7712,6,3
7713,0,3
7714,22,4
7715,16,5
7716,1,3
7717,0,3
7718,7,4
7719,0,3
7720,1,3
7721,13,4
7722,0,3
7723,10,4
7724,10,4
7725,2,3
7726,0,3
7727,0,3
7728,0,3
7729,5,3
7730,23,4
7731,5,4
7732,0,3
7733,4,3
7734,0,3
7735,3,3
7736,0,3
7737,5,3
7738,0,3
7739,6,3
7740,13,4
7741,0,3
7742,6,4
7743,2,3
7744,7,4
7745,1,3
7746,0,3
7747,3,3
7748,0,3
7749,0,3
7750,0,3
7751,0,3
7752,0,3
7753,11,4
7754,22,4
7755,14,2
7756,0,3
7757,26,4
7758,0,3
7759,3,3
7760,0,3
7761,14,4
7762,0,3
7763,27,5
7764,0,3
7765,0,3
7766,12,4
7767,7,5
7768,1,3
7769,6,4
7770,10,4
7771,33,4
7772,7,3
7773,17,3
7774,7,3
7775,9,3
7776,26,2
7777,8,3
7778,7,4
7779,0,3
7780,0,3
7781,1,3
7782,24,4
7783,5,3
7784,0,3
7785,28,3
7786,4,4
7787,0,3
7788,0,3
7789,9,3
7790,10,3
7791,0,3
7792,12,3
7793,8,3
7794,7,4
7795,0,3
7796,0,3
7797,0,3
7798,0,3
7799,0,3
7800,0,3
7801,9,4
7802,6,3
7803,0,3
7804,4,3
7805,22,4
7806,0,3
7807,34,4
7808,38,5
7809,10,3
7810,14,3
7811,0,3
7812,29,5
7813,55,3
7814,6,3
7815,15,4
7816,95,4
7817,0,3
7818,12,3
7819,12,4
7820,0,3
7821,0,3
7822,3,3
7823,30,4
7824,0,3
7825,15,3
7826,11,3
7827,1,3
7828,0,3
7829,10,4
7830,17,4
7831,10,4
7832,22,3
7833,60,2
7834,13,3
7835,24,4
7836,0,3
7837,10,5
7838,0,3
7839,5,5
7840,0,3
7841,0,3
7842,27,4
7843,8,3
7844,0,3
7845,6,4
7846,1,3
7847,0,3
7848,9,3
7849,29,4
7850,0,3
7851,1,3
7852,9,3
7853,0,3
7854,0,3
7855,7,3
7856,7,3
7857,5,4
7858,3,4
7859,5,3
7860,6,3
7861,19,3
7862,12,3
7863,0,3
7864,0,3
7865,6,4
7866,14,3
7867,7,4
7868,25,4
7869,0,3
7870,28,3
7871,0,3
7872,10,3
7873,6,4
7874,1,3
7875,1,2
7876,0,3
7877,17,3
7878,0,3
7879,9,3
7880,0,3
7881,5,3
7882,0,3
7883,4,3
7884,1,3
7885,3,3
7886,10,3
7887,81,2
7888,11,3
7889,11,3
7890,10,4
7891,5,3
7892,0,3
7893,0,3
7894,0,3
7895,9,4
7896,0,3
7897,4,3
7898,16,3
7899,0,3
7900,19,5
7901,23,3
7902,0,3
7903,0,3
7904,6,3
7905,39,3
7906,7,3
7907,1,3
7908,0,3
7909,16,3
7910,0,3
7911,0,3
7912,19,3
7913,1,3
7914,7,3
7915,2,3
7916,0,3
7917,0,3
7918,0,3
7919,15,4
7920,0,3
7921,6,3
7922,17,3
7923,13,3
7924,7,3
7925,0,3
7926,0,3
7927,0,3
7928,0,3
7929,3,3
7930,10,3
7931,9,3
7932,3,2
7933,0,3
7934,1,3
7935,16,3
7936,9,3
7937,0,3
7938,0,3
7939,11,3
7940,0,3
7941,4,3
7942,1,3
7943,18,3
7944,0,3
7945,2,3
7946,0,3
7947,4,3
7948,0,3
7949,0,3
7950,0,3
7951,19,4
7952,5,3
7953,0,3
7954,7,3
7955,13,4
7956,0,3
7957,0,3
7958,0,3
7959,25,6
7960,6,3
7961,11,3
7962,1,3
7963,0,3
7964,24,3
7965,7,3
7966,0,3
7967,15,4
7968,0,3
7969,0,3
7970,0,3
7971,3,3
7972,1,3
7973,10,4
7974,5,3
7975,1,3
7976,2,3
7977,1,3
7978,2,3
7979,12,3
7980,22,4
7981,9,3
7982,0,3
7983,0,3
7984,0,3
7985,21,3
7986,0,3
7987,2,3
7988,33,3
7989,0,3
7990,0,3
7991,31,4
7992,3,3
7993,10,4
7994,12,3
7995,1,3
7996,10,3
7997,0,3
7998,8,3
7999,0,3
8000,1,3
8001,8,3
8002,0,3
8003,7,4
8004,0,3
8005,11,4
8006,0,3
8007,0,3
8008,22,4
8009,0,3
8010,0,3
8011,48,4
8012,15,5
8013,0,3
8014,0,3
8015,20,3
8016,4,4
8017,5,4
8018,3,3
8019,5,3
8020,4,3
8021,0,3
8022,2,3
8023,0,3
8024,21,4
8025,0,3
8026,0,3
8027,0,3
8028,0,3
8029,0,3
8030,0,3
8031,0,3
8032,16,3
8033,26,3
8034,61,5
8035,0,3
8036,57,4
8037,6,3
8038,12,4
8039,29,4
8040,0,3
8041,15,3
8042,0,3
8043,0,3
8044,0,3
8045,6,3
8046,15,3
8047,2,3
8048,13,3
8049,1,3
8050,30,3
8051,0,3
8052,0,3
8053,0,3
8054,17,4
8055,1,3
8056,0,3
8057,9,3
8058,4,3
8059,2,3
8060,17,4
8061,2,3
8062,10,3
8063,1,3
8064,27,4
8065,0,3
8066,0,3
8067,0,3
8068,1,3
8069,0,3
8070,0,3
8071,4,3
8072,1,3
8073,0,3
8074,1,3
8075,8,3
8076,20,3
8077,0,3
8078,28,3
8079,0,3
8080,4,3
8081,0,3
8082,0,3
8083,2,3
8084,5,3
8085,0,3
8086,15,3
8087,24,3
8088,0,3
8089,10,3
8090,8,3
8091,0,3
8092,4,3
8093,0,3
8094,8,3
8095,2,3
8096,13,3
8097,21,5
8098,1,3
8099,5,3
8100,12,4
8101,23,3
8102,1,3
8103,4,3
8104,5,3
8105,14,4
8106,6,3
8107,0,3
8108,10,4
8109,9,3
8110,1,3
8111,10,3
8112,0,3
8113,0,3
8114,0,3
8115,0,3
8116,30,6
8117,3,3
8118,75,4
8119,8,3
8120,0,3
8121,14,4
8122,0,3
8123,16,5
8124,3,3
8125,0,3
8126,9,3
8127,0,3
8128,0,3
8129,1,3
8130,0,3
8131,1,3
8132,6,3
8133,8,4
8134,5,3
8135,4,3
8136,7,3
8137,27,4
8138,0,3
8139,23,4
8140,41,5
8141,9,5
8142,0,3
8143,4,4
8144,0,3
8145,10,3
8146,0,3
8147,2,3
8148,32,8
8149,0,3
8150,0,3
8151,10,3
8152,11,4
8153,0,3
8154,1,3
8155,0,3
8156,1,3
8157,0,3
8158,5,2
8159,0,3
8160,6,4
8161,3,3
8162,8,4
8163,3,3
8164,1,3
8165,12,4
8166,7,3
8167,0,3
8168,7,4
8169,36,3
8170,28,2
8171,0,3
8172,0,3
8173,4,3
8174,37,4
8175,0,3
8176,26,5
8177,3,3
8178,26,3
8179,0,3
8180,2,4
8181,0,3
8182,26,6
8183,16,4
8184,3,3
8185,0,3
8186,4,3
8187,3,3
8188,0,3
8189,0,3
8190,0,3
8191,8,3
8192,0,3
8193,0,3
8194,12,3
8195,0,3
8196,52,4
8197,1,3
8198,18,4
8199,12,3
8200,13,4
8201,2,3
8202,21,6
8203,0,3
8204,0,3
8205,10,3
8206,27,3
8207,2,3
8208,9,4
8209,13,4
8210,4,3
8211,11,5
8212,4,3
8213,0,3
8214,3,3
8215,0,3
8216,1,3
8217,3,3
8218,9,3
8219,5,4
8220,27,5
8221,0,3
8222,17,3
8223,0,3
8224,0,3
8225,6,4
8226,0,3
8227,21,4
8228,31,5
8229,22,2
8230,0,3
8231,0,3
8232,0,3
8233,4,3
8234,7,4
8235,0,3
8236,0,3
8237,0,3
8238,0,3
8239,3,3
8240,3,3
8241,4,3
8242,34,3
8243,0,3
8244,5,3
8245,0,3
8246,1,3
8247,0,3
8248,6,3
8249,0,3
8250,0,3
8251,14,4
8252,8,3
8253,35,4
8254,0,3
8255,0,3
8256,5,3
8257,0,3
8258,0,3
8259,2,3
8260,18,6
8261,1,3
8262,2,3
8263,21,3
8264,0,3
8265,6,4
8266,8,2
8267,30,8
8268,1,3
8269,50,1
8270,13,4
8271,1,3
8272,6,4
8273,0,3
8274,7,3
8275,21,4
8276,8,3
8277,24,4
8278,18,4
8279,0,3
8280,6,4
8281,1,3
8282,0,3
8283,4,3
8284,11,3
8285,1,3
8286,0,3
8287,0,3
8288,0,3
8289,14,4
8290,6,4
8291,12,3
8292,3,3
8293,5,3
8294,6,3
8295,10,5
8296,0,3
8297,37,3
8298,2,3
8299,7,4
8300,17,4
8301,23,4
8302,21,3
8303,7,3
8304,7,3
8305,9,4
8306,0,3
8307,0,3
8308,7,4
8309,3,4
8310,0,3
8311,29,4
8312,13,3
8313,81,4
8314,0,3
8315,25,3
8316,3,3
8317,0,3
8318,0,3
8319,0,3
8320,56,3
8321,12,3
8322,8,4
8323,7,4
8324,2,3
8325,7,3
8326,15,4
8327,13,4
8328,1,3
8329,3,3
8330,39,3
8331,2,3
8332,3,3
8333,0,3
8334,4,4
8335,11,3
8336,0,3
8337,5,3
8338,31,5
8339,1,3
8340,0,3
8341,0,3
8342,1,3
8343,3,2
8344,0,3
8345,13,4
8346,2,3
8347,97,3
8348,0,3
8349,14,4
8350,0,3
8351,18,3
8352,3,3
8353,37,4
8354,0,3
8355,14,4
8356,5,3
8357,24,4
8358,9,4
8359,0,3
8360,27,4
8361,1,2
8362,13,4
8363,13,4
8364,0,3
8365,5,3
8366,24,3
8367,1,3
8368,0,3
8369,0,3
8370,14,3
8371,5,3
8372,11,3
8373,7,3
8374,11,3
8375,6,4
8376,0,3
8377,9,4
8378,24,5
8379,0,3
8380,0,3
8381,0,3
8382,4,3
8383,24,5
8384,0,3
8385,0,3
8386,15,3
8387,1,3
8388,24,4
8389,0,3
8390,3,3
8391,47,6
8392,13,4
8393,0,3
8394,10,5
8395,7,4
8396,5,4
8397,19,3
8398,0,3
8399,9,2
8400,8,4
8401,0,3
8402,10,2
8403,0,3
8404,10,4
8405,0,3
8406,6,3
8407,3,3
8408,0,3
8409,10,2
8410,0,3
8411,6,3
8412,25,5
8413,0,3
8414,7,2
8415,8,4
8416,5,3
8417,18,4
8418,46,2
8419,2,3
8420,17,4
8421,19,4
8422,10,4
8423,0,3
8424,24,5
8425,2,3
8426,29,4
8427,0,3
8428,1,3
8429,6,3
8430,11,2
8431,0,3
8432,0,3
8433,5,4
8434,0,3
8435,1,3
8436,1,3
8437,2,3
8438,1,3
8439,5,2
8440,0,3
8441,13,4
8442,14,4
8443,9,3
8444,0,3
8445,1,3
8446,16,3
8447,1,3
8448,25,6
8449,58,3
8450,14,3
8451,0,3
8452,0,3
8453,0,3
8454,12,3
8455,33,4
8456,2,3
8457,66,2
8458,0,3
8459,0,3
8460,18,3
8461,0,3
8462,8,3
8463,8,4
8464,8,4
8465,0,3
8466,7,3
8467,0,3
8468,2,3
8469,1,3
8470,9,3
8471,0,3
8472,23,1
8473,3,4
8474,9,3
8475,10,4
8476,8,3
8477,0,3
8478,0,3
8479,0,3
8480,16,3
8481,0,3
8482,54,5
8483,1,3
8484,13,3
8485,19,5
8486,2,3
8487,0,3
8488,0,3
8489,0,3
8490,14,3
8491,7,4
8492,36,4
8493,11,3
8494,0,3
8495,0,3
8496,4,3
8497,0,3
8498,0,3
8499,2,3
8500,0,3
8501,6,3
8502,0,3
8503,25,7
8504,6,4
8505,0,3
8506,11,4
8507,0,3
8508,0,3
8509,26,3
8510,3,4
8511,10,4
8512,0,3
8513,7,3
8514,32,4
8515,25,4
8516,0,3
8517,7,3
8518,11,3
8519,31,4
8520,0,3
8521,8,4
8522,11,2
8523,12,3
8524,0,3
8525,11,4
8526,0,3
8527,22,5
8528,0,3
8529,6,3
8530,2,3
8531,39,6
8532,25,3
8533,1,3
8534,4,4
8535,15,4
8536,0,3
8537,5,3
8538,9,3
8539,7,3
8540,18,3
8541,17,3
8542,25,6
8543,0,3
8544,8,5
8545,2,3
8546,14,4
8547,9,4
8548,14,3
8549,13,5
8550,13,4
8551,0,3
8552,18,4
8553,0,3
8554,2,3
8555,25,4
8556,8,4
8557,21,3
8558,23,4
8559,3,3
8560,1,3
8561,1,3
8562,6,3
8563,1,3
8564,0,3
8565,47,4
8566,1,3
8567,1,3
8568,13,3
8569,1,3
8570,0,3
8571,1,3
8572,15,4
8573,4,3
8574,8,4
8575,1,3
8576,0,3
8577,0,3
8578,12,3
8579,25,3
8580,10,3
8581,0,3
8582,7,3
8583,2,3
8584,0,3
8585,5,3
8586,1,3
8587,0,3
8588,11,4
8589,0,3
8590,0,3
8591,0,3
8592,3,3
8593,1,3
8594,2,3
8595,0,3
8596,18,3
8597,15,4
8598,28,5
8599,5,3
8600,23,3
8601,13,4
8602,0,3
8603,10,3
8604,5,3
8605,1,3
8606,9,3
8607,0,3
8608,20,4
8609,8,3
8610,18,5
8611,0,3
8612,4,3
8613,1,3
8614,15,4
8615,8,3
8616,2,3
8617,8,2
8618,3,3
8619,9,3
8620,5,3
8621,1,3
8622,21,4
8623,6,3
8624,18,3
8625,11,4
8626,6,3
8627,0,3
8628,0,3
8629,12,4
8630,15,4
8631,0,3
8632,5,4
8633,0,3
8634,45,4
8635,0,3
8636,18,5
8637,12,4
8638,17,4
8639,13,4
8640,27,3
8641,2,3
8642,22,5
8643,40,5
8644,4,4
8645,8,3
8646,0,3
8647,3,3
8648,18,6
8649,6,3
8650,2,3
8651,25,5
8652,6,3
8653,0,3
8654,3,3
8655,2,3
8656,31,2
8657,22,4
8658,0,3
8659,14,5
8660,9,4
8661,5,4
8662,22,6
8663,0,3
8664,1,3
8665,25,4
8666,0,3
8667,5,3
8668,51,4
8669,0,3
8670,2,4
8671,23,3
8672,2,3
8673,5,3
8674,14,5
8675,9,3
8676,0,3
8677,13,3
8678,0,3
8679,2,3
8680,10,4
8681,1,3
8682,11,4
8683,9,3
8684,4,3
8685,7,4
8686,4,2
8687,32,5
8688,14,4
8689,1,3
8690,0,3
8691,0,3
8692,3,3
8693,0,3
8694,9,3
8695,11,2
8696,8,3
8697,0,3
8698,12,4
8699,8,3
8700,40,3
8701,0,3
8702,22,4
8703,0,3
8704,28,3
8705,0,3
8706,0,3
8707,0,3
8708,0,3
8709,18,3
8710,0,3
8711,0,3
8712,17,5
8713,1,3
8714,0,3
8715,1,3
8716,0,3
8717,0,3
8718,0,3
8719,7,3
8720,10,4
8721,2,3
8722,22,4
8723,0,3
8724,2,3
8725,23,4
8726,4,3
8727,0,3
8728,22,5
8729,7,4
8730,0,3
8731,14,3
8732,3,3
8733,7,3
8734,0,3
8735,29,4
8736,3,3
8737,18,5
8738,0,3
8739,1,3
8740,24,4
8741,0,3
8742,10,3
8743,0,3
8744,0,3
8745,9,3
8746,0,3
8747,17,4
8748,8,3
8749,0,3
8750,6,3
8751,10,3
8752,14,4
8753,2,3
8754,23,2
8755,6,4
8756,0,3
8757,0,3
8758,4,3
8759,4,4
8760,15,5
8761,0,3
8762,3,3
8763,4,3
8764,11,4
8765,0,3
8766,3,4
8767,0,3
8768,0,3
8769,10,4
8770,10,2
8771,10,4
8772,23,6
8773,0,3
8774,0,3
8775,12,3
8776,12,4
8777,21,4
8778,0,3
8779,4,3
8780,6,3
8781,8,3
8782,14,3
8783,0,3
8784,1,3
8785,9,3
8786,20,4
8787,18,6
8788,0,3
8789,8,3
8790,17,4
8791,26,3
8792,0,3
8793,0,3
8794,14,3
8795,1,3
8796,0,3
8797,4,3
8798,2,3
8799,0,3
8800,28,4
8801,8,4
8802,0,3
8803,15,3
8804,4,3
8805,6,3
8806,8,4
8807,2,3
8808,0,3
8809,0,3
8810,0,3
8811,16,3
8812,0,3
8813,4,3
8814,7,4
8815,26,3
8816,0,3
8817,17,5
8818,7,3
8819,22,3
8820,0,3
8821,17,3
8822,0,3
8823,9,3
8824,26,4
8825,4,3
8826,1,3
8827,18,4
8828,2,3
8829,7,3
8830,0,3
8831,0,3
8832,4,3
8833,0,3
8834,1,3
8835,0,3
8836,3,3
8837,1,3
8838,0,3
8839,0,3
8840,28,4
8841,2,3
8842,24,5
8843,7,3
8844,2,3
8845,12,3
8846,0,3
8847,0,3
8848,5,4
8849,0,3
8850,0,3
8851,0,3
8852,0,3
8853,22,4
8854,0,3
8855,9,3
8856,22,5
8857,17,4
8858,0,3
8859,0,3
8860,0,3
8861,0,3
8862,42,4
8863,8,3
8864,4,4
8865,9,3
8866,0,3
8867,27,4
8868,10,5
8869,25,3
8870,19,4
8871,0,3
8872,0,3
8873,0,3
8874,16,4
8875,22,5
8876,8,4
8877,9,5
8878,0,3
8879,0,3
8880,33,3
8881,0,3
8882,5,3
8883,0,3
8884,0,3
8885,24,3
8886,26,6
8887,0,3
8888,7,3
8889,0,3
8890,38,5
8891,0,3
8892,29,3
8893,14,3
8894,30,3
8895,0,3
8896,0,3
8897,5,4
8898,7,3
8899,0,3
8900,0,3
8901,5,3
8902,18,4
8903,0,3
8904,7,4
8905,16,3
8906,0,3
8907,24,3
8908,3,3
8909,0,3
8910,6,4
8911,0,3
8912,23,6
8913,7,3
8914,12,4
8915,14,4
8916,0,3
8917,0,3
8918,0,3
8919,28,4
8920,0,3
8921,41,5
8922,0,3
8923,2,3
8924,0,3
8925,0,3
8926,15,3
8927,0,3
8928,2,4
8929,0,3
8930,1,3
8931,0,3
8932,0,3
8933,16,3
8934,0,3
8935,3,3
8936,0,3
8937,30,3
8938,15,5
8939,0,3
8940,6,4
8941,16,4
8942,18,3
8943,0,3
8944,26,4
8945,15,5
8946,0,3
8947,0,3
8948,1,3
8949,46,4
8950,1,3
8951,0,3
8952,18,6
8953,1,3
8954,9,5
8955,3,3
8956,0,3
8957,14,4
8958,2,3
8959,0,3
8960,0,3
8961,3,3
8962,0,3
8963,0,3
8964,8,3
8965,0,3
8966,27,4
8967,11,3
8968,1,3
8969,47,5
8970,11,4
8971,0,3
8972,0,3
8973,26,6
8974,0,3
8975,0,3
8976,2,3
8977,0,3
8978,0,3
8979,0,3
8980,1,3
8981,0,3
8982,12,3
8983,5,3
8984,0,3
8985,1,3
8986,10,5
8987,1,3
8988,0,3
8989,0,3
8990,18,3
8991,18,4
8992,14,3
8993,18,4
8994,0,3
8995,0,3
8996,0,3
8997,7,3
8998,1,3
8999,0,3
9000,9,4
9001,8,4
9002,0,3
9003,1,3
9004,2,3
9005,22,4
9006,15,4
9007,0,3
9008,6,4
9009,20,5
9010,0,3
9011,7,4
9012,18,4
9013,19,3
9014,12,3
9015,52,4
9016,0,3
9017,9,3
9018,12,5
9019,7,4
9020,0,3
9021,0,3
9022,0,3
9023,22,3
9024,21,5
9025,0,3
9026,1,3
9027,0,3
9028,2,3
9029,10,4
9030,9,4
9031,12,4
9032,16,4
9033,0,3
9034,0,3
9035,0,3
9036,0,3
9037,28,5
9038,14,4
9039,18,4
9040,26,4
9041,0,3
9042,13,4
9043,25,5
9044,15,5
9045,33,3
9046,20,4
9047,28,4
9048,0,3
9049,4,3
9050,4,3
9051,19,4
9052,1,3
9053,0,3
9054,0,3
9055,13,4
9056,8,3
9057,4,3
9058,3,3
9059,0,3
9060,2,3
9061,13,3
9062,14,3
9063,13,2
9064,0,3
9065,28,3
9066,11,4
9067,11,3
9068,21,2
9069,0,3
9070,21,6
9071,0,3
9072,0,3
9073,2,3
9074,17,3
9075,0,3
9076,16,5
9077,1,3
9078,9,4
9079,9,3
9080,1,3
9081,1,3
9082,14,4
9083,0,3
9084,0,3
9085,2,3
9086,21,3
9087,0,3
9088,12,3
9089,18,4
9090,0,3
9091,22,3
9092,6,3
9093,6,3
9094,0,3
9095,1,3
9096,53,7
9097,0,3
9098,2,3
9099,13,4
9100,10,3
9101,3,3
9102,31,4
9103,3,3
9104,0,3
9105,2,4
9106,0,3
9107,0,3
9108,0,3
9109,4,4
9110,1,3
9111,2,3
9112,0,3
9113,16,4
9114,23,4
9115,13,3
9116,0,3
9117,0,3
9118,6,3
9119,3,4
9120,10,5
9121,20,4
9122,0,3
9123,0,3
9124,8,3
9125,0,3
9126,25,3
9127,16,3
9128,0,3
9129,19,4
9130,0,3
9131,7,4
9132,10,4
9133,4,3
9134,12,3
9135,0,3
9136,0,3
9137,1,3
9138,0,3
9139,12,4
9140,0,3
9141,0,3
9142,0,3
9143,0,3
9144,3,3
9145,46,7
9146,0,3
9147,0,3
9148,0,3
9149,12,3
9150,5,4
9151,5,3
9152,3,3
9153,13,4
9154,54,4
9155,14,5
9156,5,3
9157,0,3
9158,0,3
9159,12,5
9160,0,3
9161,0,3
9162,0,3
9163,21,3
9164,0,3
9165,15,3
9166,2,3
9167,15,4
9168,34,4
9169,5,3
9170,7,3
9171,0,3
9172,73,3
9173,28,5
9174,58,2
9175,0,3
9176,0,3
9177,1,3
9178,4,4
9179,10,4
9180,18,4
9181,1,3
9182,0,3
9183,0,3
9184,8,4
9185,12,5
9186,0,3
9187,6,3
9188,2,3
9189,28,2
9190,18,4
9191,20,4
9192,1,3
9193,7,3
9194,1,3
9195,23,2
9196,2,3
9197,1,3
9198,16,5
9199,0,3
9200,8,3
9201,0,3
9202,19,5
9203,25,6
9204,6,4
9205,16,6
9206,21,6
9207,0,3
9208,0,3
9209,0,3
9210,0,3
9211,2,3
9212,71,5
9213,3,3
9214,26,6
9215,10,4
9216,0,3
9217,0,3
9218,25,4
9219,3,3
9220,0,3
9221,9,3
9222,35,3
9223,8,4
9224,3,4
9225,0,3
9226,1,4
9227,7,4
9228,28,4
9229,17,3
9230,10,4
9231,0,3
9232,5,4
9233,0,3
9234,25,3
9235,0,3
9236,0,3
9237,23,4
9238,0,3
9239,12,3
9240,8,4
9241,10,4
9242,3,3
9243,0,3
9244,0,3
9245,9,4
9246,7,4
9247,12,4
9248,8,3
9249,23,3
9250,35,2
9251,25,4
9252,0,3
9253,0,3
9254,8,4
9255,0,3
9256,0,3
9257,25,4
9258,5,3
9259,33,5
9260,17,4
9261,1,3
9262,0,3
9263,0,3
9264,0,3
9265,0,3
9266,0,3
9267,13,4
9268,0,3
9269,0,3
9270,46,3
9271,2,3
9272,5,3
9273,0,3
9274,0,3
9275,33,4
9276,55,5
9277,10,4
9278,35,7
9279,10,3
9280,29,6
9281,6,3
9282,27,4
9283,0,3
9284,8,5
9285,10,5
9286,0,3
9287,0,3
9288,2,3
9289,5,3
9290,0,3
9291,0,3
9292,25,5
9293,32,4
9294,18,2
9295,0,3
9296,1,3
9297,1,3
9298,21,5
9299,34,6
9300,0,3
9301,26,5
9302,12,4
9303,24,2
9304,14,3
9305,11,3
9306,0,3
9307,1,3
9308,0,3
9309,15,4
9310,17,5
9311,0,3
9312,2,3
9313,1,3
9314,5,3
9315,11,5
9316,11,5
9317,6,6
9318,14,4
9319,1,3
9320,0,3
9321,0,3
9322,0,3
9323,9,3
9324,14,6
9325,5,4
9326,0,3
9327,5,4
9328,0,3
9329,0,3
9330,0,3
9331,12,4
9332,0,3
9333,1,3
9334,0,3
9335,13,5
9336,0,3
9337,0,3
9338,0,3
9339,5,3
9340,15,4
9341,5,4
9342,1,3
9343,39,4
9344,7,4
9345,6,4
9346,8,4
9347,0,3
9348,1,3
9349,42,3
9350,19,4
9351,39,4
9352,12,3
9353,28,4
9354,0,3
9355,0,3
9356,0,3
9357,0,3
9358,2,3
9359,0,3
9360,1,3
9361,47,5
9362,15,7
9363,9,3
9364,0,3
9365,4,3
9366,24,5
9367,14,3
9368,0,3
9369,1,3
9370,3,3
9371,2,3
9372,35,6
9373,6,4
9374,7,3
9375,1,3
9376,13,4
9377,16,4
9378,9,3
9379,15,3
9380,4,3
9381,6,3
9382,23,3
9383,35,4
9384,1,3
9385,19,3
9386,3,3
9387,13,6
9388,13,3
9389,7,3
9390,0,3
9391,6,4
9392,3,3
9393,0,3
9394,23,6
9395,2,3
9396,13,3
9397,6,3
9398,26,4
9399,2,3
9400,0,3
9401,0,3
9402,18,5
9403,24,5
9404,20,4
9405,2,3
9406,42,3
9407,9,3
9408,10,4
9409,0,3
9410,24,7
9411,0,3
9412,54,5
9413,1,3
9414,66,4
9415,20,3
9416,0,3
9417,7,5
9418,4,4
9419,0,3
9420,0,3
9421,19,3
9422,3,4
9423,9,3
9424,0,3
9425,0,3
9426,0,3
9427,13,5
9428,6,4
9429,0,3
9430,11,5
9431,0,3
9432,0,3
9433,1,3
9434,0,3
9435,14,3
9436,11,4
9437,5,3
9438,1,3
9439,0,3
9440,22,3
9441,10,4
9442,2,3
9443,13,3
9444,0,3
9445,0,3
9446,19,4
9447,0,3
9448,5,3
9449,16,5
9450,0,3
9451,11,4
9452,45,5
9453,22,5
9454,21,3
9455,14,3
9456,0,3
9457,0,3
9458,17,4
9459,0,3
9460,0,3
9461,0,3
9462,1,3
9463,0,3
9464,0,3
9465,0,3
9466,23,5
9467,0,3
9468,0,3
9469,20,5
9470,3,3
9471,1,3
9472,33,4
9473,14,5
9474,20,6
9475,0,3
9476,8,5
9477,6,4
9478,0,3
9479,1,3
9480,2,3
9481,0,3
9482,5,4
9483,0,3
9484,8,3
9485,0,3
9486,8,3
9487,2,3
9488,0,3
9489,10,3
9490,1,3
9491,1,3
9492,13,3
9493,6,3
9494,5,3
9495,0,3
9496,2,3
9497,0,3
9498,2,3
9499,0,3
9500,0,3
9501,49,4
9502,0,3
9503,13,5
9504,2,3
9505,18,6
9506,15,3
9507,15,4
9508,3,3
9509,0,3
9510,0,3
9511,0,3
9512,70,6
9513,0,3
9514,6,3
9515,0,3
9516,2,4
9517,0,3
9518,7,3
9519,6,3
9520,0,3
9521,19,4
9522,1,3
9523,29,4
9524,1,3
9525,2,4
9526,41,4
9527,27,5
9528,0,3
9529,25,3
9530,0,3
9531,0,3
9532,22,4
9533,5,3
9534,0,3
9535,0,3
9536,4,4
9537,8,3
9538,21,5
9539,3,4
9540,3,3
9541,35,5
9542,4,3
9543,3,3
9544,1,3
9545,7,3
9546,0,3
9547,45,4
9548,1,3
9549,0,3
9550,0,3
9551,1,3
9552,1,3
9553,13,4
9554,0,3
9555,0,3
9556,9,3
9557,26,6
9558,0,3
9559,16,3
9560,0,3
9561,26,5
9562,8,4
9563,0,3
9564,5,3
9565,0,3
9566,0,3
9567,0,3
9568,6,4
9569,0,3
9570,0,3
9571,0,3
9572,12,3
9573,25,5
9574,0,3
9575,10,3
9576,19,4
9577,0,3
9578,3,3
9579,0,3
9580,31,3
9581,1,3
9582,5,3
9583,9,3
9584,0,3
9585,26,4
9586,0,3
9587,8,4
9588,0,3
9589,0,3
9590,0,3
9591,10,6
9592,1,3
9593,30,3
9594,0,3
9595,1,3
9596,11,3
9597,8,3
9598,7,3
9599,6,2
9600,14,5
9601,64,4
9602,0,3
9603,0,3
9604,16,4
9605,2,3
9606,0,3
9607,22,3
9608,11,4
9609,0,3
9610,0,3
9611,3,4
9612,15,3
9613,11,4
9614,0,3
9615,2,3
9616,20,5
9617,0,3
9618,11,4
9619,0,3
9620,2,3
9621,12,4
9622,0,3
9623,47,3
9624,12,4
9625,0,3
9626,1,3
9627,17,6
9628,8,3
9629,1,3
9630,11,5
9631,29,6
9632,23,5
9633,12,4
9634,10,4
9635,22,7
9636,0,3
9637,0,3
9638,7,6
9639,22,4
9640,10,2
9641,41,4
9642,13,3
9643,18,3
9644,31,7
9645,0,3
9646,0,3
9647,16,6
9648,4,3
9649,0,3
9650,5,4
9651,0,3
9652,1,3
9653,1,3
9654,22,6
9655,19,5
9656,32,2
9657,0,3
9658,10,5
9659,0,3
9660,21,1
9661,68,2
9662,0,3
9663,2,3
9664,0,3
9665,8,3
9666,0,3
9667,19,3
9668,7,3
9669,1,4
9670,0,3
9671,5,3
9672,0,3
9673,0,3
9674,0,3
9675,0,3
9676,1,3
9677,1,3
9678,0,3
9679,28,5
9680,0,3
9681,11,3
9682,8,4
9683,0,3
9684,0,3
9685,0,3
9686,0,3
9687,19,3
9688,0,3
9689,10,3
9690,16,4
9691,2,3
9692,0,3
9693,0,3
9694,0,3
9695,0,3
9696,0,3
9697,4,3
9698,2,4
9699,4,4
9700,0,3
9701,3,3
9702,0,3
9703,1,3
9704,1,3
9705,15,4
9706,7,4
9707,14,6
9708,14,4
9709,26,8
9710,0,3
9711,8,4
9712,11,4
9713,3,4
9714,1,3
9715,42,6
9716,3,3
9717,0,3
9718,0,3
9719,38,4
9720,13,4
9721,18,5
9722,0,3
9723,5,4
9724,0,3
9725,3,3
9726,26,5
9727,0,3
9728,3,3
9729,0,3
9730,0,3
9731,37,6
9732,17,5
9733,9,5
9734,4,3
9735,12,4
9736,7,3
9737,1,3
9738,20,5
9739,10,3
9740,0,3
9741,19,4
9742,6,4
9743,0,3
9744,1,3
9745,2,3
9746,0,3
9747,17,4
9748,0,3
9749,9,4
9750,1,3
9751,0,3
9752,9,4
9753,0,3
9754,15,3
9755,1,3
9756,9,4
9757,7,4
9758,57,5
9759,3,3
9760,12,3
9761,9,4
9762,12,4
9763,6,3
9764,8,4
9765,1,3
9766,10,5
9767,0,3
9768,27,3
9769,19,3
9770,3,3
9771,7,3
9772,1,3
9773,0,3
9774,39,2
9775,0,3
9776,0,3
9777,0,3
9778,0,3
9779,0,3
9780,25,5
9781,1,3
9782,0,3
9783,0,3
9784,18,3
9785,118,3
9786,0,3
9787,1,3
9788,3,3
9789,3,3
9790,37,3
9791,33,6
9792,31,3
9793,7,3
9794,5,3
9795,0,3
9796,5,3
9797,1,3
9798,0,3
9799,20,3
9800,71,5
9801,0,3
9802,0,3
9803,27,7
9804,14,5
9805,3,4
9806,0,3
9807,1,3
9808,38,4
9809,3,3
9810,6,3
9811,2,3
9812,4,4
9813,1,3
9814,21,4
9815,14,5
9816,15,5
9817,2,3
9818,19,6
9819,22,4
9820,21,3
9821,11,3
9822,11,3
9823,19,5
9824,20,3
9825,8,3
9826,14,3
9827,0,3
9828,5,3
9829,12,6
9830,6,3
9831,0,3
9832,34,6
9833,35,5
9834,30,5
9835,14,5
9836,0,3
9837,0,3
9838,32,3
9839,27,2
9840,3,3
9841,1,3
9842,0,3
9843,17,3
9844,38,8
9845,0,3
9846,0,3
9847,0,3
9848,23,5
9849,17,6
9850,26,3
9851,5,4
9852,0,3
9853,3,3
9854,4,3
9855,2,3
9856,4,3
9857,0,3
9858,10,3
9859,1,3
9860,15,4
9861,0,3
9862,3,3
9863,14,6
9864,0,3
9865,14,3
9866,24,5
9867,20,3
9868,0,3
9869,3,3
9870,5,3
9871,15,3
9872,0,3
9873,0,3
9874,0,3
9875,3,3
9876,3,3
9877,0,3
9878,12,4
9879,0,3
9880,1,3
9881,15,3
9882,4,3
9883,20,4
9884,0,3
9885,0,3
9886,13,4
9887,3,3
9888,5,4
9889,1,3
9890,4,3
9891,1,3
9892,18,4
9893,10,4
9894,26,4
9895,10,3
9896,0,3
9897,5,4
9898,1,3
9899,41,5
9900,9,3
9901,8,4
9902,0,3
9903,1,3
9904,0,3
9905,0,3
9906,6,3
9907,1,3
9908,0,3
9909,32,5
9910,22,3
9911,4,3
9912,16,3
9913,10,3
9914,0,3
9915,0,3
9916,29,4
9917,0,3
9918,0,3
9919,14,3
9920,27,3
9921,4,3
9922,2,3
9923,2,3
9924,0,3
9925,0,3
9926,11,3
9927,0,3
9928,0,3
9929,2,3
9930,8,3
9931,21,5
9932,0,3
9933,7,4
9934,0,3
9935,21,4
9936,0,3
9937,11,4
9938,10,2
9939,12,5
9940,10,3
9941,16,4
9942,5,3
9943,7,3
9944,38,4
9945,44,3
9946,8,4
9947,13,4
9948,0,3
9949,3,3
9950,0,3
9951,14,4
9952,11,3
9953,0,3
9954,0,3
9955,0,3
9956,3,3
9957,7,3
9958,0,3
9959,53,4
9960,9,5
9961,2,3
9962,0,3
9963,24,5
9964,6,3
9965,0,3
9966,6,3
9967,0,3
9968,22,6
9969,0,3
9970,56,8
9971,0,3
9972,24,4
9973,1,3
9974,13,4
9975,31,4
9976,8,2
9977,2,4
9978,36,6
9979,10,4
9980,7,5
9981,1,3
9982,15,4
9983,4,3
9984,32,4
9985,0,3
9986,0,3
9987,2,3
9988,9,3
9989,6,3
9990,0,3
9991,0,3
9992,4,3
9993,1,3
9994,0,3
9995,3,3
9996,10,3
9997,43,6
9998,3,3
9999,14,4
10000,0,3
10001,0,3
10002,0,3
10003,0,3
10004,3,3
10005,3,3
10006,39,4
10007,12,1
10008,1,3
10009,10,3
10010,0,3
10011,5,3
10012,0,3
10013,3,3
10014,0,3
10015,12,4
10016,1,3
10017,0,3
10018,4,3
10019,0,3
10020,27,1
10021,51,5
10022,1,3
10023,6,3
10024,15,4
10025,0,3
10026,0,3
10027,24,4
10028,4,3
10029,20,3
10030,6,4
10031,10,4
10032,5,3
10033,3,4
10034,7,4
10035,22,6
10036,17,5
10037,11,5
10038,0,3
10039,10,3
10040,5,3
10041,26,6
10042,25,5
10043,0,3
10044,0,3
10045,11,4
10046,18,5
10047,0,3
10048,0,3
10049,5,3
10050,0,3
10051,12,5
10052,13,5
10053,28,5
10054,35,4
10055,3,3
10056,0,3
10057,0,3
10058,2,3
10059,0,3
10060,11,3
10061,27,3
10062,0,3
10063,1,3
10064,7,4
10065,29,3
10066,1,3
10067,0,3
10068,6,3
10069,6,3
10070,5,3
10071,0,3
10072,12,3
10073,23,8
10074,0,3
10075,2,3
10076,20,5
10077,3,3
10078,0,3
10079,6,3
10080,1,3
10081,0,3
10082,0,3
10083,0,3
10084,2,3
10085,51,7
10086,0,3
10087,22,4
10088,13,4
10089,56,6
10090,0,3
10091,1,3
10092,8,4
10093,10,3
10094,9,3
10095,1,3
10096,18,3
10097,30,3
10098,0,3
10099,10,4
10100,0,3
10101,0,3
10102,0,3
10103,0,3
10104,0,3
10105,0,3
10106,15,5
10107,6,3
10108,6,3
10109,3,3
10110,0,3
10111,3,4
10112,0,3
10113,17,4
10114,38,4
10115,5,3
10116,0,3
10117,0,3
10118,25,3
10119,0,3
10120,0,3
10121,14,5
10122,9,3
10123,10,4
10124,0,3
10125,2,3
10126,19,5
10127,25,4
10128,0,3
10129,0,3
10130,0,3
10131,2,4
10132,0,3
10133,0,3
10134,46,5
10135,6,4
10136,0,3
10137,10,5
10138,2,3
10139,9,3
10140,21,5
10141,0,3
10142,41,7
10143,9,3
10144,0,3
10145,2,4
10146,4,3
10147,31,4
10148,0,3
10149,0,3
10150,0,3
10151,1,3
10152,22,5
10153,0,3
10154,24,5
10155,30,5
10156,0,3
10157,6,4
10158,6,3
10159,0,3
10160,0,3
10161,0,3
10162,2,3
10163,0,3
10164,7,3
10165,15,4
10166,8,3
10167,8,4
10168,6,3
10169,0,3
10170,0,3
10171,0,3
10172,8,5
10173,7,3
10174,17,6
10175,1,3
10176,0,3
10177,0,3
10178,29,5
10179,38,3
10180,1,3
10181,0,3
10182,3,3
10183,0,3
10184,44,5
10185,0,3
10186,17,4
10187,9,3
10188,6,4
10189,1,3
10190,0,3
10191,46,4
10192,0,3
10193,0,3
10194,1,3
10195,0,3
10196,0,3
10197,0,3
10198,0,3
10199,1,3
10200,0,3
10201,12,3
10202,0,3
10203,23,5
10204,0,3
10205,0,3
10206,0,3
10207,1,3
10208,0,3
10209,0,3
10210,0,3
10211,0,3
10212,0,3
10213,0,3
10214,0,3
10215,0,3
10216,60,3
10217,6,2
10218,10,3
10219,10,3
10220,5,3
10221,18,4
10222,0,3
10223,0,3
10224,0,3
10225,2,3
10226,8,4
10227,6,3
10228,1,3
10229,0,3
10230,0,3
10231,1,3
10232,0,3
10233,0,3
10234,0,3
10235,27,4
10236,0,3
10237,19,3
10238,2,3
10239,0,3
10240,9,2
10241,57,4
10242,20,4
10243,12,3
10244,22,3
10245,2,3
10246,9,4
10247,1,3
10248,15,5
10249,22,3
10250,0,3
10251,17,3
10252,11,4
10253,26,4
10254,17,6
10255,0,3
10256,0,3
10257,0,3
10258,0,3
10259,8,3
10260,0,3
10261,19,4
10262,10,4
10263,0,3
10264,30,4
10265,0,3
10266,0,3
10267,3,3
10268,3,3
10269,0,3
10270,13,3
10271,1,3
10272,0,3
10273,0,3
10274,18,5
10275,0,3
10276,19,3
10277,42,7
10278,0,3
10279,30,4
10280,5,3
10281,4,3
10282,0,3
10283,24,3
10284,7,3
10285,30,5
10286,30,4
10287,0,3
10288,25,3
10289,0,3
10290,0,3
10291,1,3
10292,4,3
10293,1,3
10294,2,3
10295,0,3
10296,15,4
10297,0,3
10298,17,4
10299,0,3
10300,4,3
10301,2,3
10302,12,3
10303,28,4
10304,129,4
10305,7,3
10306,0,3
10307,7,4
10308,4,4
10309,3,4
10310,0,3
10311,0,3
10312,0,3
10313,16,5
10314,0,3
10315,4,3
10316,0,3
10317,1,3
10318,0,3
10319,11,3
10320,0,3
10321,29,4
10322,13,3
10323,0,3
10324,4,4
10325,0,3
10326,0,3
10327,14,4
10328,11,4
10329,0,3
10330,6,3
10331,16,5
10332,4,4
10333,45,4
10334,0,3
10335,0,3
10336,0,3
10337,25,7
10338,21,4
10339,0,3
10340,0,3
10341,6,4
10342,2,3
10343,16,5
10344,21,4
10345,0,3
10346,19,4
10347,9,3
10348,1,3
10349,0,3
10350,1,3
10351,8,4
10352,1,3
10353,2,3
10354,17,4
10355,14,4
10356,1,3
10357,0,3
10358,29,3
10359,4,3
10360,4,3
10361,0,3
10362,6,4
10363,32,6
10364,22,5
10365,12,4
10366,0,3
10367,0,3
10368,2,3
10369,3,3
10370,13,4
10371,0,3
10372,6,5
10373,12,3
10374,12,4
10375,5,3
10376,20,3
10377,16,3
10378,2,3
10379,0,3
10380,4,3
10381,0,3
10382,4,4
10383,0,3
10384,2,3
10385,24,6
10386,14,3
10387,3,3
10388,27,7
10389,27,6
10390,25,4
10391,15,3
10392,6,5
10393,37,4
10394,22,3
10395,7,3
10396,8,3
10397,12,4
10398,0,3
10399,4,3
10400,0,3
10401,17,3
10402,5,4
10403,8,4
10404,14,4
10405,26,4
10406,0,3
10407,5,3
10408,0,3
10409,1,3
10410,0,3
10411,33,7
10412,14,5
10413,7,3
10414,4,3
10415,9,4
10416,3,3
10417,48,3
10418,4,3
10419,31,5
10420,30,4
10421,37,6
10422,0,3
10423,1,3
10424,6,4
10425,15,4
10426,17,4
10427,15,3
10428,11,4
10429,0,3
10430,1,3
10431,17,4
10432,0,3
10433,0,3
10434,7,3
10435,7,2
10436,0,3
10437,46,6
10438,57,6
10439,26,4
10440,0,3
10441,17,3
10442,0,3
10443,7,3
10444,0,3
10445,0,3
10446,4,3
10447,24,3
10448,24,7
10449,10,5
10450,15,4
10451,7,3
10452,33,3
10453,0,3
10454,0,3
10455,25,5
10456,14,6
10457,24,4
10458,14,3
10459,5,3
10460,2,3
10461,16,5
10462,0,3
10463,48,2
10464,0,3
10465,6,4
10466,4,3
10467,0,3
10468,10,4
10469,3,3
10470,0,3
10471,21,4
10472,2,3
10473,0,3
10474,0,3
10475,4,4
10476,0,3
10477,13,4
10478,15,4
10479,0,3
10480,25,5
10481,0,3
10482,14,5
10483,0,3
10484,0,3
10485,0,3
10486,0,3
10487,0,3
10488,7,3
10489,19,3
10490,0,3
10491,0,3
10492,4,4
10493,5,3
10494,0,3
10495,0,3
10496,58,4
10497,0,3
10498,0,3
10499,0,3
10500,1,3
10501,0,3
10502,1,3
10503,0,3
10504,0,3
10505,5,3
10506,18,3
10507,6,4
10508,14,3
10509,3,4
10510,2,3
10511,0,3
10512,26,7
10513,5,3
10514,0,3
10515,0,3
10516,28,4
10517,9,3
10518,6,3
10519,13,6
10520,0,3
10521,0,3
10522,0,3
10523,15,3
10524,4,3
10525,6,3
10526,0,3
10527,0,3
10528,4,3
10529,11,3
10530,13,5
10531,11,3
10532,5,3
10533,20,6
10534,1,3
10535,12,4
10536,0,3
10537,0,3
10538,14,4
10539,5,3
10540,53,3
10541,37,4
10542,23,5
10543,19,4
10544,9,4
10545,2,3
10546,14,3
10547,18,4
10548,2,3
10549,5,3
10550,25,4
10551,0,3
10552,12,3
10553,10,4
10554,0,3
10555,0,3
10556,0,3
10557,23,4
10558,5,3
10559,39,4
10560,1,3
10561,0,3
10562,2,3
10563,11,5
10564,3,4
10565,0,3
10566,40,6
10567,1,3
10568,8,2
10569,15,5
10570,0,3
10571,20,7
10572,20,5
10573,26,4
10574,0,3
10575,8,3
10576,1,3
10577,0,3
10578,0,3
10579,22,4
10580,32,9
10581,18,7
10582,0,3
10583,25,4
10584,13,3
10585,0,3
10586,56,6
10587,12,2
10588,11,5
10589,0,3
10590,17,4
10591,139,5
10592,4,3
10593,1,3
10594,23,5
10595,15,3
10596,2,3
10597,76,4
10598,1,3
10599,0,3
10600,0,3
10601,0,3
10602,0,3
10603,0,3
10604,0,3
10605,0,3
10606,0,3
10607,10,5
10608,19,4
10609,15,3
10610,6,3
10611,5,3
10612,2,3
10613,0,3
10614,0,3
10615,19,3
10616,0,3
10617,0,3
10618,24,3
10619,4,3
10620,8,3
10621,6,4
10622,4,3
10623,0,3
10624,6,3
10625,10,4
10626,0,3
10627,0,3
10628,28,6
10629,15,4
10630,0,3
10631,15,6
10632,11,3
10633,4,3
10634,4,4
10635,0,3
10636,0,3
10637,0,3
10638,33,5
10639,0,3
10640,11,3
10641,14,3
10642,55,4
10643,64,4
10644,48,5
10645,22,5
10646,17,5
10647,4,3
10648,33,6
10649,43,4
10650,0,3
10651,11,4
10652,0,3
10653,7,4
10654,9,3
10655,13,5
10656,28,3
10657,10,2
10658,34,5
10659,27,4
10660,3,3
10661,13,4
10662,0,3
10663,26,4
10664,9,3
10665,9,3
10666,0,3
10667,38,4
10668,3,3
10669,0,3
10670,13,4
10671,1,3
10672,23,3
10673,28,5
10674,0,3
10675,38,5
10676,0,3
10677,23,3
10678,24,5
10679,18,4
10680,0,3
10681,6,4
10682,0,3
10683,7,3
10684,15,4
10685,26,4
10686,1,3
10687,5,3
10688,9,3
10689,11,3
10690,10,4
10691,10,5
10692,36,7
10693,0,3
10694,10,3
10695,0,3
10696,7,3
10697,0,3
10698,4,3
10699,0,3
10700,3,3
10701,51,3
10702,0,3
10703,11,4
10704,0,3
10705,24,3
10706,10,3
10707,20,4
10708,27,6
10709,3,3
10710,14,5
10711,4,3
10712,0,3
10713,4,4
10714,23,5
10715,0,3
10716,0,3
10717,9,4
10718,41,4
10719,0,3
10720,0,3
10721,13,4
10722,16,3
10723,19,4
10724,25,5
10725,11,3
10726,2,3
10727,15,6
10728,22,4
10729,10,3
10730,0,3
10731,13,3
10732,0,3
10733,6,3
10734,43,7
10735,6,3
10736,32,4
10737,49,5
10738,23,4
10739,0,3
10740,0,3
10741,0,3
10742,19,3
10743,21,5
10744,0,3
10745,20,3
10746,0,3
10747,1,3
10748,2,3
10749,12,3
10750,23,3
10751,1,3
10752,0,3
10753,0,3
10754,0,3
10755,17,4
10756,11,4
10757,5,3
10758,0,3
10759,21,4
10760,0,3
10761,2,3
10762,25,8
10763,8,3
10764,2,3
10765,11,5
10766,0,3
10767,0,3
10768,0,3
10769,0,3
10770,23,3
10771,19,5
10772,1,3
10773,0,3
10774,38,4
10775,0,3
10776,11,4
10777,16,3
10778,0,3
10779,4,3
10780,7,3
10781,0,3
10782,16,4
10783,1,3
10784,33,3
10785,0,3
10786,5,4
10787,17,4
10788,0,3
10789,0,3
10790,25,5
10791,8,3
10792,12,4
10793,11,3
10794,39,6
10795,0,3
10796,2,3
10797,0,3
10798,0,3
10799,24,5
10800,0,3
10801,1,3
10802,4,2
10803,18,3
10804,12,5
10805,1,3
10806,8,4
10807,9,4
10808,35,3
10809,20,3
10810,5,3
10811,8,4
10812,0,3
10813,4,3
10814,9,5
10815,3,3
10816,74,7
10817,0,3
10818,0,3
10819,42,6
10820,32,4
10821,18,4
10822,35,5
10823,0,3
10824,1,3
10825,0,3
10826,0,3
10827,0,3
10828,34,4
10829,11,3
10830,14,4
10831,0,3
10832,39,2
10833,0,3
10834,26,6
10835,0,3
10836,0,3
10837,0,3
10838,40,5
10839,2,3
10840,0,3
10841,28,6
10842,9,3
10843,0,3
10844,1,3
10845,1,3
10846,10,4
10847,0,3
10848,0,3
10849,1,3
10850,8,3
10851,0,3
10852,16,5
10853,8,4
10854,23,4
10855,0,3
10856,6,4
10857,7,3
10858,25,4
10859,56,3
10860,0,3
10861,36,4
10862,1,3
10863,0,3
10864,0,3
10865,19,4
10866,10,3
10867,11,3
10868,8,3
10869,0,3
10870,4,3
10871,0,3
10872,18,4
10873,0,3
10874,0,3
10875,17,4
10876,49,6
10877,8,3
10878,0,3
10879,20,4
10880,0,3
10881,3,3
10882,8,3
10883,26,6
10884,1,3
10885,27,5
10886,0,3
10887,0,3
10888,33,3
10889,0,3
10890,22,4
10891,10,3
10892,0,3
10893,0,3
10894,21,4
10895,46,3
10896,12,3
10897,11,4
10898,0,3
10899,9,4
10900,25,4
10901,0,3
10902,0,3
10903,18,5
10904,0,3
10905,0,3
10906,0,3
10907,2,3
10908,14,3
10909,0,3
10910,9,3
10911,11,3
10912,0,3
10913,4,3
10914,0,3
10915,11,3
10916,4,4
10917,46,4
10918,9,3
10919,28,3
10920,0,3
10921,28,3
10922,8,4
10923,11,5
10924,7,3
10925,0,3
10926,0,3
10927,7,4
10928,23,5
10929,1,3
10930,0,3
10931,35,5
10932,14,5
10933,2,3
10934,21,3
10935,8,4
10936,1,3
10937,0,3
10938,1,4
10939,28,4
10940,1,3
10941,0,3
10942,46,6
10943,0,3
10944,1,3
10945,9,3
10946,20,3
10947,0,3
10948,0,3
10949,9,3
10950,0,3
10951,9,4
10952,1,3
10953,0,3
10954,1,3
10955,0,3
10956,7,3
10957,33,4
10958,0,3
10959,9,3
10960,0,3
10961,7,5
10962,17,4
10963,0,3
10964,35,5
10965,22,4
10966,0,3
10967,19,3
10968,0,3
10969,1,3
10970,25,3
10971,8,5
10972,43,5
10973,28,4
10974,8,5
10975,27,4
10976,13,4
10977,22,5
10978,0,3
10979,0,3
10980,1,3
10981,10,4
10982,0,3
10983,0,3
10984,0,3
10985,0,3
10986,0,3
10987,0,3
10988,1,3
10989,3,3
10990,0,3
10991,23,3
10992,1,3
10993,4,3
10994,0,3
10995,13,4
10996,0,3
10997,3,3
10998,8,5
10999,20,3
11000,18,5
11001,0,3
11002,5,5
11003,0,3
11004,0,3
11005,11,4
11006,1,3
11007,7,3
11008,5,3
11009,0,3
11010,0,3
11011,51,4
11012,10,4
11013,0,3
11014,1,3
11015,23,6
11016,0,3
11017,17,3
11018,0,3
11019,0,3
11020,0,3
11021,16,6
11022,0,3
11023,7,3
11024,57,6
11025,0,3
11026,2,3
11027,1,3
11028,17,7
11029,27,5
11030,1,2
11031,0,3
11032,3,3
11033,28,3
11034,13,4
11035,0,3
11036,3,3
11037,11,4
11038,21,3
11039,12,5
11040,18,3
11041,0,3
11042,9,4
11043,0,3
11044,0,3
11045,0,3
11046,52,4
11047,0,3
11048,0,3
11049,3,3
11050,0,3
11051,0,3
11052,39,3
11053,4,3
11054,24,3
11055,0,3
11056,14,3
11057,5,3
11058,0,3
11059,11,5
11060,14,4
11061,0,3
11062,1,3
11063,14,3
11064,14,3
11065,13,3
11066,5,3
11067,0,3
11068,9,3
11069,10,5
11070,0,3
11071,14,5
11072,0,3
11073,2,4
11074,0,3
11075,56,6
11076,1,3
11077,59,3
11078,16,4
11079,0,3
11080,0,3
11081,5,3
11082,0,3
11083,37,6
11084,4,3
11085,0,3
11086,9,3
11087,0,3
11088,42,4
11089,20,5
11090,0,3
11091,17,5
11092,0,3
11093,16,4
11094,0,3
11095,9,5
11096,0,3
11097,8,4
11098,0,3
11099,0,3
11100,0,3
11101,8,3
11102,0,3
11103,0,3
11104,19,3
11105,3,3
11106,0,3
11107,8,3
11108,0,3
11109,0,3
11110,0,3
11111,21,5
11112,7,4
11113,9,3
11114,0,3
11115,8,3
11116,0,3
11117,31,4
11118,1,3
11119,20,5
11120,18,6
11121,3,3
11122,0,3
11123,49,5
11124,17,6
11125,4,3
11126,71,9
11127,8,5
11128,0,3
11129,23,5
11130,0,3
11131,0,3
11132,31,6
11133,0,3
11134,0,3
11135,0,3
11136,1,3
11137,0,3
11138,0,3
11139,9,3
11140,6,4
11141,19,5
11142,1,3
11143,0,3
11144,6,3
11145,1,4
11146,25,5
11147,49,5
11148,1,3
11149,13,4
11150,9,3
11151,9,5
11152,1,3
11153,0,3
11154,14,2
11155,30,6
11156,0,3
11157,11,5
11158,37,5
11159,0,3
11160,31,5
11161,0,3
11162,0,3
11163,5,4
11164,16,3
11165,15,3
11166,1,3
11167,0,3
11168,24,5
11169,0,3
11170,4,4
11171,0,3
11172,0,3
11173,1,3
11174,4,4
11175,1,3
11176,8,3
11177,1,3
11178,15,5
11179,0,3
11180,19,6
11181,0,3
11182,11,4
11183,4,3
11184,0,3
11185,0,3
11186,0,3
11187,11,4
11188,51,6
11189,0,3
11190,0,3
11191,0,3
11192,0,3
11193,35,4
11194,46,5
11195,30,5
11196,5,3
11197,0,3
11198,0,3
11199,0,3
11200,4,3
11201,1,3
11202,0,3
11203,0,3
11204,0,3
11205,1,3
11206,10,4
11207,0,3
11208,0,3
11209,0,3
11210,2,3
11211,0,3
11212,0,3
11213,0,3
11214,18,2
11215,0,3
11216,0,3
11217,7,3
11218,0,3
11219,0,3
11220,12,4
11221,0,3
11222,44,5
11223,8,4
11224,0,3
11225,0,3
11226,9,3
11227,3,3
11228,0,3
11229,0,3
11230,0,3
11231,12,4
11232,25,8
11233,9,5
11234,13,4
11235,6,4
11236,12,4
11237,0,3
11238,9,3
11239,24,4
11240,169,3
11241,17,5
11242,0,3
11243,26,6
11244,0,3
11245,10,3
11246,0,3
11247,30,3
11248,0,3
11249,0,3
11250,0,3
11251,1,3
11252,38,5
11253,0,3
11254,30,5
11255,15,4
11256,17,3
11257,0,3
11258,0,3
11259,0,3
11260,0,3
11261,0,3
11262,6,3
11263,2,3
11264,29,3
11265,0,3
11266,1,3
11267,5,5
11268,0,3
11269,31,5
11270,26,6
11271,30,5
11272,25,7
11273,12,3
11274,24,5
11275,21,5
11276,12,4
11277,23,6
11278,0,3
11279,0,3
11280,0,3
11281,0,3
11282,0,3
11283,48,4
11284,6,3
11285,1,3
11286,19,5
11287,0,3
11288,36,5
11289,27,4
11290,6,4
11291,8,4
11292,19,5
11293,2,3
11294,7,3
11295,0,3
11296,1,3
11297,9,3
11298,1,3
11299,18,6
11300,23,6
11301,26,5
11302,15,5
11303,1,4
11304,0,3
11305,3,3
11306,36,7
11307,30,5
11308,67,5
11309,24,6
11310,3,3
11311,0,3
11312,34,2
11313,0,3
11314,0,3
11315,6,3
11316,0,3
11317,27,6
11318,9,3
11319,12,5
11320,1,3
11321,8,2
11322,1,3
11323,15,4
11324,21,3
11325,35,3
11326,2,3
11327,0,3
11328,0,3
11329,19,4
11330,0,3
11331,0,3
11332,23,5
11333,57,6
11334,1,3
11335,17,4
11336,3,3
11337,0,3
11338,0,3
11339,0,3
11340,0,3
11341,0,3
11342,2,3
11343,0,3
11344,27,4
11345,3,3
11346,16,4
11347,15,3
11348,24,6
11349,44,3
11350,44,6
11351,1,3
11352,80,7
11353,4,3
11354,31,6
11355,0,3
11356,0,3
11357,0,3
11358,23,2
11359,0,3
11360,0,3
11361,0,3
11362,0,3
11363,0,3
11364,12,6
11365,0,3
11366,2,3
11367,0,3
11368,26,5
11369,3,3
11370,20,4
11371,0,3
11372,0,3
11373,0,3
11374,31,4
11375,5,3
11376,4,3
11377,0,3
11378,14,5
11379,0,3
11380,60,3
11381,0,3
11382,13,5
11383,0,3
11384,0,3
11385,12,3
11386,0,3
11387,0,3
11388,0,3
11389,25,6
11390,45,4
11391,5,4
11392,1,3
11393,5,4
11394,1,3
11395,81,6
11396,0,3
11397,8,4
11398,17,5
11399,0,3
11400,0,3
11401,2,3
11402,0,3
11403,4,3
11404,9,4
11405,3,4
11406,31,6
11407,4,3
11408,0,3
11409,9,3
11410,3,3
11411,20,5
11412,0,3
11413,43,4
11414,5,3
11415,8,4
11416,13,4
11417,19,4
11418,43,5
11419,15,5
11420,0,3
11421,0,3
11422,5,3
11423,71,3
11424,13,3
11425,3,3
11426,0,3
11427,32,3
11428,0,3
11429,0,3
11430,0,3
11431,27,5
11432,0,3
11433,0,3
11434,17,3
11435,34,4
11436,57,4
11437,6,4
11438,1,3
11439,24,5
11440,20,4
11441,15,3
11442,11,4
11443,0,3
11444,2,4
11445,17,3
11446,22,3
11447,32,3
11448,0,3
11449,7,3
11450,0,3
11451,4,3
11452,10,4
11453,0,3
11454,0,3
11455,1,3
11456,0,3
11457,28,5
11458,28,4
11459,20,4
11460,9,4
11461,76,5
11462,4,3
11463,36,5
11464,48,4
11465,0,3
11466,0,3
11467,0,3
11468,5,3
11469,7,3
11470,80,2
11471,0,3
11472,0,3
11473,0,3
11474,0,3
11475,31,8
11476,25,4
11477,0,3
11478,1,3
11479,0,3
11480,4,3
11481,12,5
11482,0,3
11483,33,3
11484,0,3
11485,25,6
11486,3,3
11487,15,4
11488,0,3
11489,0,3
11490,0,3
11491,6,4
11492,72,4
11493,0,3
11494,0,3
11495,3,3
11496,7,3
11497,18,4
11498,11,2
11499,0,3
11500,9,3
11501,0,3
11502,5,3
11503,6,3
11504,9,3
11505,0,3
11506,16,4
11507,24,5
11508,0,3
11509,43,4
11510,1,3
11511,1,3
11512,43,4
11513,0,3
11514,0,3
11515,21,3
11516,12,3
11517,22,5
11518,1,3
11519,3,3
11520,63,7
11521,29,7
11522,15,4
11523,17,4
11524,46,4
11525,0,3
11526,0,3
11527,0,3
11528,49,5
11529,0,3
11530,19,3
11531,1,3
11532,13,4
11533,13,3
11534,13,2
11535,0,3
11536,51,4
11537,1,3
11538,1,3
11539,60,5
11540,10,3
11541,41,5
11542,0,3
11543,0,3
11544,32,6
11545,0,3
11546,17,3
11547,0,3
11548,6,4
11549,50,5
11550,0,3
11551,27,4
11552,0,3
11553,13,4
11554,7,3
11555,52,3
11556,29,4
11557,14,4
11558,0,3
11559,4,3
11560,20,5
11561,12,3
11562,35,6
11563,0,3
11564,0,3
11565,7,4
11566,20,5
11567,87,4
11568,18,4
11569,12,3
11570,0,3
11571,1,3
11572,20,6
11573,21,7
11574,12,3
11575,5,3
11576,6,4
11577,0,3
11578,40,6
11579,0,3
11580,0,3
11581,47,5
11582,51,4
11583,0,3
11584,33,4
11585,36,6
11586,6,3
11587,0,3
11588,0,3
11589,2,3
11590,0,3
11591,42,4
11592,0,3
11593,0,3
11594,27,4
11595,11,5
11596,7,3
11597,0,3
11598,0,3
11599,33,6
11600,5,3
11601,11,2
11602,8,4
11603,17,4
11604,0,3
11605,35,7
11606,0,3
11607,10,3
11608,10,3
11609,0,3
11610,0,3
11611,0,3
11612,16,4
11613,0,3
11614,27,5
11615,19,6
11616,0,3
11617,20,5
11618,0,3
11619,13,4
11620,1,3
11621,0,3
11622,0,3
11623,12,5
11624,24,7
11625,5,4
11626,3,3
11627,14,3
11628,0,3
11629,2,3
11630,14,4
11631,5,3
11632,18,4
11633,1,3
11634,24,3
11635,7,4
11636,0,3
11637,0,3
11638,18,5
11639,0,3
11640,9,3
11641,0,3
11642,13,5
11643,0,3
11644,1,3
11645,11,3
11646,0,3
11647,7,3
11648,11,4
11649,16,4
11650,4,3
11651,7,5
11652,0,3
11653,17,4
11654,3,3
11655,1,3
11656,0,3
11657,62,4
11658,1,3
11659,6,3
11660,36,3
11661,0,3
11662,31,8
11663,9,4
11664,4,3
11665,12,6
11666,0,3
11667,34,5
11668,20,8
11669,0,3
11670,0,3
11671,1,3
11672,12,5
11673,8,4
11674,7,3
11675,17,6
11676,5,3
11677,1,3
11678,62,7
11679,0,3
11680,23,4
11681,3,4
11682,1,3
11683,10,4
11684,1,3
11685,0,3
11686,0,3
11687,4,3
11688,0,3
11689,0,3
11690,5,3
11691,20,4
11692,14,2
11693,4,3
11694,3,3
11695,13,4
11696,1,3
11697,37,5
11698,21,4
11699,2,3
11700,2,3
11701,22,3
11702,7,3
11703,0,3
11704,9,4
11705,0,3
11706,1,3
11707,0,3
11708,0,3
11709,0,3
11710,0,3
11711,0,3
11712,0,3
11713,3,3
11714,0,3
11715,0,3
11716,0,3
11717,7,4
11718,7,4
11719,0,3
11720,1,3
11721,5,3
11722,0,3
11723,5,4
11724,21,5
11725,13,4
11726,0,3
11727,22,4
11728,3,3
11729,7,4
11730,19,6
11731,0,3
11732,3,4
11733,7,3
11734,7,4
11735,0,3
11736,33,4
11737,0,3
11738,6,4
11739,0,3
11740,0,3
11741,0,3
11742,3,4
11743,0,3
11744,16,4
11745,5,4
11746,3,3
11747,26,4
11748,8,4
11749,5,3
11750,19,4
11751,11,4
11752,28,6
11753,0,3
11754,15,3
11755,12,4
11756,11,5
11757,43,7
11758,11,4
11759,5,2
11760,4,3
11761,0,3
11762,14,5
11763,0,3
11764,0,3
11765,24,4
11766,13,5
11767,0,3
11768,18,5
11769,27,3
11770,42,1
11771,17,5
11772,19,4
11773,12,3
11774,0,3
11775,32,8
11776,33,6
11777,12,4
11778,14,3
11779,24,6
11780,35,5
11781,31,4
11782,0,3
11783,0,3
11784,0,3
11785,2,3
11786,4,3
11787,47,7
11788,12,3
11789,39,7
11790,0,3
11791,23,4
11792,0,3
11793,0,3
11794,3,3
11795,8,3
11796,2,3
11797,35,3
11798,0,3
11799,40,6
11800,20,3
11801,0,3
11802,29,6
11803,26,3
11804,9,4
11805,11,4
11806,3,4
11807,6,3
11808,16,3
11809,4,3
11810,0,3
11811,25,3
11812,41,7
11813,0,3
11814,0,3
11815,4,3
11816,81,6
11817,1,3
11818,1,3
11819,0,3
11820,0,3
11821,5,4
11822,5,3
11823,26,5
11824,35,3
11825,0,3
11826,52,4
11827,39,5
11828,32,4
11829,15,5
11830,46,4
11831,6,4
11832,10,5
11833,1,3
11834,16,4
11835,0,3
11836,19,5
11837,1,3
11838,26,3
11839,21,6
11840,40,5
11841,11,4
11842,27,8
11843,0,3
11844,2,3
11845,0,3
11846,6,3
11847,0,3
11848,3,3
11849,0,3
11850,9,5
11851,0,3
11852,7,3
11853,0,3
11854,0,3
11855,39,5
11856,16,5
11857,26,5
11858,23,3
11859,0,3
11860,25,5
11861,1,4
11862,0,3
11863,20,4
11864,4,3
11865,0,3
11866,15,3
11867,0,3
11868,29,6
11869,2,3
11870,0,3
11871,23,7
11872,0,3
11873,0,3
11874,0,3
11875,14,6
11876,1,3
11877,25,4
11878,3,3
11879,4,3
11880,0,3
11881,28,5
11882,1,3
11883,16,3
11884,75,3
11885,3,3
11886,0,3
11887,10,4
11888,10,3
11889,2,4
11890,54,5
11891,7,3
11892,24,5
11893,18,6
11894,0,3
11895,9,4
11896,0,3
11897,0,3
11898,0,3
11899,0,3
11900,19,4
11901,2,3
11902,0,3
11903,9,5
11904,22,4
11905,0,3
11906,9,4
11907,0,3
11908,18,3
11909,19,3
11910,0,3
11911,19,4
11912,2,3
11913,0,3
11914,1,4
11915,17,4
11916,0,3
11917,13,4
11918,0,3
11919,14,4
11920,0,3
11921,10,4
11922,19,3
11923,3,4
11924,8,3
11925,0,3
11926,2,3
11927,7,4
11928,1,3
11929,2,3
11930,0,3
11931,9,3
11932,29,12
11933,0,3
11934,1,3
11935,7,5
11936,0,3
11937,41,7
11938,58,4
11939,34,5
11940,3,3
11941,0,3
11942,20,1
11943,23,6
11944,0,3
11945,7,4
11946,20,4
11947,0,3
11948,33,7
11949,0,3
11950,0,3
11951,21,5
11952,47,5
11953,0,3
11954,15,5
11955,1,3
11956,0,3
11957,0,3
11958,0,3
11959,11,4
11960,2,3
11961,6,3
11962,11,2
11963,5,3
11964,0,3
11965,13,4
11966,0,3
11967,62,4
11968,0,3
11969,0,3
11970,11,5
11971,26,3
11972,62,4
11973,0,3
11974,11,4
11975,0,3
11976,0,3
11977,1,3
11978,0,3
11979,0,3
11980,24,6
11981,12,5
11982,52,3
11983,40,2
11984,1,3
11985,2,3
11986,27,6
11987,10,3
11988,28,5
11989,35,3
11990,37,3
11991,0,3
11992,0,3
11993,7,3
11994,27,4
11995,68,3
11996,9,4
11997,14,3
11998,2,3
11999,0,3
12000,39,3
12001,8,3
12002,3,3
12003,0,3
12004,0,3
12005,19,4
12006,6,4
12007,0,3
12008,17,4
12009,0,3
12010,29,5
12011,0,3
12012,19,3
12013,0,3
12014,0,3
12015,3,3
12016,35,2
12017,33,5
12018,16,5
12019,4,3
12020,45,5
12021,1,3
12022,0,3
12023,20,4
12024,0,3
12025,36,5
12026,4,3
12027,45,5
12028,3,3
12029,0,3
12030,0,3
12031,109,10
12032,25,2
12033,0,3
12034,9,3
12035,1,3
12036,23,5
12037,13,4
12038,0,3
12039,18,4
12040,44,4
12041,3,3
12042,26,5
12043,0,3
12044,0,3
12045,10,4
12046,0,3
12047,67,5
12048,0,3
12049,0,3
12050,15,5
12051,19,4
12052,12,4
12053,1,3
12054,0,3
12055,2,3
12056,16,4
12057,25,6
12058,0,3
12059,18,5
12060,7,4
12061,24,6
12062,97,5
12063,18,5
12064,1,3
12065,8,5
12066,0,3
12067,7,3
12068,2,3
12069,25,6
12070,8,2
12071,11,3
12072,15,2
12073,0,3
12074,5,3
12075,4,3
12076,14,4
12077,0,3
12078,13,3
12079,79,4
12080,0,3
12081,12,3
12082,9,4
12083,19,4
12084,6,3
12085,0,3
12086,36,5
12087,5,3
12088,0,3
12089,9,3
12090,39,7
12091,0,3
12092,14,3
12093,39,7
12094,0,3
12095,31,5
12096,3,3
12097,23,4
12098,26,5
12099,5,3
12100,7,4
12101,12,2
12102,19,6
12103,0,3
12104,11,4
12105,0,3
12106,9,3
12107,17,4
12108,8,3
12109,0,3
12110,13,3
12111,31,4
12112,12,4
12113,0,3
12114,0,3
12115,5,3
12116,35,5
12117,36,3
12118,5,3
12119,25,3
12120,12,6
12121,0,3
12122,3,3
12123,3,3
12124,5,4
12125,46,6
12126,19,7
12127,0,3
12128,0,3
12129,0,3
12130,0,3
12131,0,3
12132,0,3
12133,0,3
12134,0,3
12135,37,3
12136,38,5
12137,1,3
12138,0,3
12139,0,3
12140,0,3
12141,0,3
12142,7,3
12143,22,3
12144,7,4
12145,23,4
12146,0,3
12147,12,4
12148,13,3
12149,1,3
12150,7,3
12151,9,4
12152,15,3
12153,33,4
12154,0,3
12155,0,3
12156,4,3
12157,42,6
12158,14,3
12159,63,5
12160,0,3
12161,0,3
12162,4,3
12163,36,7
12164,18,3
12165,0,3
12166,0,3
12167,7,3
12168,29,6
12169,2,4
12170,0,3
12171,16,4
12172,12,4
12173,25,5
12174,0,3
12175,18,6
12176,21,4
12177,0,3
12178,0,3
12179,0,3
12180,0,3
12181,37,5
12182,32,5
12183,40,4
12184,21,5
12185,0,3
12186,41,8
12187,38,5
12188,35,6
12189,12,5
12190,0,3
12191,0,3
12192,0,3
12193,15,5
12194,8,5
12195,15,4
12196,30,7
12197,6,3
12198,16,4
12199,12,4
12200,11,4
12201,1,3
12202,13,4
12203,0,3
12204,0,3
12205,26,7
12206,10,3
12207,1,3
12208,12,3
12209,98,7
12210,29,4
12211,0,3
12212,20,4
12213,11,4
12214,27,3
12215,3,2
12216,0,3
12217,27,6
12218,14,4
12219,3,3
12220,10,3
12221,30,5
12222,13,4
12223,0,3
12224,1,3
12225,0,3
12226,17,3
12227,0,3
12228,0,3
12229,0,3
12230,28,5
12231,0,3
12232,0,3
12233,2,3
12234,4,3
12235,0,3
12236,11,5
12237,0,3
12238,31,5
12239,21,5
12240,0,3
12241,0,3
12242,0,3
12243,0,3
12244,31,8
12245,14,3
12246,22,4
12247,30,7
12248,50,4
12249,24,3
12250,3,3
12251,56,13
12252,0,3
12253,0,3
12254,0,3
12255,1,3
12256,0,3
12257,8,3
12258,10,3
12259,37,5
12260,0,3
12261,0,3
12262,5,4
12263,3,3
12264,9,4
12265,0,3
12266,4,3
12267,3,3
12268,6,5
12269,0,3
12270,0,3
12271,0,3
12272,3,3
12273,10,4
12274,0,3
12275,28,6
12276,26,4
12277,4,3
12278,32,3
12279,8,3
12280,0,3
12281,0,3
12282,15,4
12283,0,3
12284,0,3
12285,19,4
12286,33,4
12287,1,3
12288,34,5
12289,0,3
12290,46,4
12291,0,3
12292,2,3
12293,27,5
12294,9,3
12295,11,5
12296,19,7
12297,36,5
12298,12,4
12299,24,3
12300,4,4
12301,0,3
12302,18,4
12303,0,3
12304,0,3
12305,22,4
12306,0,3
12307,0,3
12308,56,4
12309,40,7
12310,28,6
12311,1,3
12312,6,3
12313,23,3
12314,2,4
12315,13,3
12316,1,3
12317,7,5
12318,49,6
12319,5,3
12320,0,3
12321,21,4
12322,21,4
12323,0,3
12324,4,4
12325,0,3
12326,14,4
12327,30,6
12328,32,7
12329,15,5
12330,0,3
12331,12,3
12332,9,3
12333,17,5
12334,0,3
12335,0,3
12336,30,3
12337,0,3
12338,0,3
12339,28,5
12340,1,3
12341,3,3
12342,46,7
12343,11,1
12344,4,3
12345,17,4
12346,0,3
12347,5,3
12348,3,3
12349,1,3
12350,3,3
12351,0,3
12352,35,5
12353,41,5
12354,13,2
12355,20,5
12356,16,4
12357,11,4
12358,16,5
12359,10,3
12360,0,3
12361,0,3
12362,0,3
12363,15,4
12364,1,3
12365,0,3
12366,0,3
12367,0,3
12368,1,3
12369,1,3
12370,0,3
12371,1,3
12372,3,3
12373,0,3
12374,6,3
12375,1,3
12376,3,3
12377,0,3
12378,0,3
12379,52,6
12380,0,3
12381,5,3
12382,14,5
12383,10,6
12384,21,6
12385,14,5
12386,9,4
12387,7,3
12388,0,3
12389,0,3
12390,5,4
12391,3,3
12392,29,5
12393,7,4
12394,0,3
12395,15,5
12396,0,3
12397,42,6
12398,36,5
12399,8,3
12400,0,3
12401,8,4
12402,4,3
12403,6,4
12404,0,3
12405,8,3
12406,33,5
12407,0,3
12408,23,5
12409,19,4
12410,20,4
12411,0,3
12412,25,5
12413,0,3
12414,12,4
12415,11,5
12416,38,3
12417,34,6
12418,3,4
12419,18,2
12420,22,3
12421,21,4
12422,4,3
12423,12,5
12424,0,3
12425,48,5
12426,14,4
12427,7,4
12428,69,6
12429,0,3
12430,18,5
12431,8,4
12432,12,4
12433,8,3
12434,46,7
12435,16,4
12436,3,3
12437,0,3
12438,37,6
12439,0,3
12440,1,3
12441,0,3
12442,0,3
12443,7,4
12444,36,6
12445,1,3
12446,42,5
12447,56,6
12448,4,4
12449,89,7
12450,5,4
12451,0,3
12452,0,3
12453,0,3
12454,0,3
12455,0,3
12456,5,3
12457,19,2
12458,4,3
12459,13,5
12460,9,6
12461,0,3
12462,0,3
12463,37,4
12464,0,3
12465,5,4
12466,0,3
12467,0,3
12468,19,4
12469,0,3
12470,24,5
12471,34,5
12472,0,3
12473,0,3
12474,4,3
12475,13,4
12476,41,7
12477,8,4
12478,17,4
12479,0,3
12480,46,5
12481,0,3
12482,8,5
12483,0,3
12484,0,3
12485,0,3
12486,13,4
12487,25,4
12488,0,3
12489,16,3
12490,0,3
12491,17,4
12492,0,3
12493,0,3
12494,10,4
12495,1,3
12496,18,5
12497,0,3
12498,0,3
12499,14,3
12500,0,3
12501,28,4
12502,3,3
12503,8,3
12504,0,3
12505,7,3
12506,23,5
12507,2,3
12508,10,4
12509,19,4
12510,0,3
12511,2,3
12512,0,3
12513,0,3
12514,26,5
12515,4,3
12516,27,4
12517,27,4
12518,2,3
12519,0,3
12520,0,3
12521,17,5
12522,0,3
12523,2,3
12524,9,5
12525,21,4
12526,11,3
12527,0,3
12528,5,4
12529,29,4
12530,25,7
12531,0,3
12532,16,5
12533,8,3
12534,6,4
12535,0,3
12536,0,3
12537,41,5
12538,1,3
12539,0,3
12540,16,3
12541,0,3
12542,0,3
12543,14,3
12544,26,6
12545,26,5
12546,13,3
12547,1,3
12548,0,3
12549,29,3
12550,0,3
12551,0,3
12552,0,3
12553,0,3
12554,1,3
12555,8,4
12556,13,4
12557,19,4
12558,16,3
12559,0,3
12560,1,3
12561,2,3
12562,0,3
12563,0,3
12564,2,3
12565,6,4
12566,0,3
12567,10,4
12568,29,6
12569,11,4
12570,0,3
12571,5,3
12572,10,4
12573,14,3
12574,31,6
12575,0,3
12576,0,3
12577,7,3
12578,7,5
12579,0,3
12580,7,3
12581,2,3
12582,70,4
12583,0,3
12584,3,3
12585,6,3
12586,14,4
12587,34,5
12588,0,3
12589,0,3
12590,0,3
12591,4,3
12592,7,4
12593,49,8
12594,2,3
12595,9,3
12596,1,3
12597,1,3
12598,1,3
12599,49,4
12600,6,4
12601,92,4
12602,1,3
12603,28,6
12604,0,3
12605,0,3
12606,32,3
12607,3,5
12608,0,3
12609,5,3
12610,16,4
12611,8,3
12612,2,3
12613,0,3
12614,0,3
12615,30,7
12616,0,3
12617,0,3
12618,7,4
12619,0,3
12620,0,3
12621,21,4
12622,0,3
12623,7,3
12624,3,3
12625,6,3
12626,0,3
12627,27,6
12628,0,3
12629,11,3
12630,0,3
12631,4,3
12632,7,4
12633,9,2
12634,0,3
12635,25,6
12636,16,3
12637,11,5
12638,0,3
12639,0,3
12640,16,3
12641,42,10
12642,50,6
12643,9,3
12644,16,5
12645,5,3
12646,26,7
12647,0,3
12648,16,3
12649,7,3
12650,0,3
12651,9,3
12652,17,5
12653,0,3
12654,50,5
12655,20,3
12656,23,4
12657,17,6
12658,22,5
12659,3,3
12660,0,3
12661,33,6
12662,16,4
12663,17,4
12664,43,4
12665,0,3
12666,17,3
12667,0,3
12668,4,3
12669,43,8
12670,73,5
12671,10,5
12672,96,3
12673,0,3
12674,6,4
12675,0,3
12676,0,3
12677,0,3
12678,0,3
12679,4,4
12680,1,3
12681,3,4
12682,39,4
12683,28,5
12684,32,5
12685,20,5
12686,0,3
12687,0,3
12688,0,3
12689,1,3
12690,0,3
12691,1,3
12692,0,3
12693,0,3
12694,13,5
12695,13,3
12696,0,3
12697,15,6
12698,0,3
12699,34,5
12700,0,3
12701,42,6
12702,0,3
12703,0,3
12704,20,3
12705,49,6
12706,0,3
12707,35,5
12708,0,3
12709,0,3
12710,0,3
12711,0,3
12712,13,5
12713,0,3
12714,4,3
12715,1,3
12716,27,4
12717,2,3
12718,6,4
12719,43,3
12720,0,3
12721,0,3
12722,0,3
12723,13,4
12724,0,3
12725,0,3
12726,0,3
12727,38,4
12728,21,4
12729,6,4
12730,2,3
12731,0,3
12732,0,3
12733,7,4
12734,38,6
12735,2,4
12736,16,2
12737,19,6
12738,14,3
12739,25,4
12740,59,3
12741,6,3
12742,0,3
12743,13,4
12744,62,5
12745,0,3
12746,0,3
12747,0,3
12748,1,3
12749,34,5
12750,0,3
12751,11,2
12752,1,3
12753,15,5
12754,2,3
12755,5,5
12756,5,2
12757,0,3
12758,28,6
12759,18,6
12760,29,3
12761,15,4
12762,1,3
12763,11,4
12764,23,5
12765,0,3
12766,35,5
12767,0,3
12768,28,4
12769,0,3
12770,0,3
12771,0,3
12772,12,3
12773,12,5
12774,15,4
12775,0,3
12776,15,3
12777,37,6
12778,19,3
12779,5,3
12780,0,3
12781,3,3
12782,1,3
12783,20,4
12784,0,3
12785,11,5
12786,0,3
12787,0,3
12788,19,4
12789,12,4
12790,0,3
12791,1,3
12792,0,3
12793,20,4
12794,0,3
12795,0,3
12796,0,3
12797,39,5
12798,28,4
12799,55,7
12800,7,4
12801,14,4
12802,48,7
12803,34,5
12804,19,5
12805,0,3
12806,11,5
12807,10,3
12808,24,3
12809,15,3
12810,23,3
12811,2,3
12812,0,3
12813,19,3
12814,0,3
12815,100,5
12816,47,4
12817,0,3
12818,0,3
12819,0,3
12820,14,5
12821,0,3
12822,0,3
12823,48,6
12824,20,4
12825,14,6
12826,38,5
12827,29,5
12828,20,5
12829,16,4
12830,1,3
12831,0,3
12832,0,3
12833,0,3
12834,35,4
12835,25,6
12836,8,3
12837,0,3
12838,0,3
12839,22,4
12840,3,3
12841,0,3
12842,25,5
12843,13,4
12844,0,3
12845,70,8
12846,1,3
12847,0,3
12848,30,6
12849,21,2
12850,68,4
12851,22,5
12852,56,7
12853,21,4
12854,16,4
12855,0,3
12856,0,3
12857,0,3
12858,14,5
12859,16,5
12860,0,3
12861,5,3
12862,27,3
12863,33,4
12864,29,4
12865,0,3
12866,12,5
12867,32,4
12868,0,3
12869,65,4
12870,0,3
12871,6,3
12872,1,3
12873,12,3
12874,1,3
12875,44,3
12876,9,4
12877,119,5
12878,0,3
12879,25,5
12880,0,3
12881,0,3
12882,3,4
12883,7,3
12884,39,6
12885,0,3
12886,21,5
12887,0,3
12888,1,3
12889,19,4
12890,23,5
12891,0,3
12892,6,5
12893,0,3
12894,0,3
12895,0,3
12896,0,3
12897,0,3
12898,12,4
12899,13,3
12900,0,3
12901,0,3
12902,28,6
12903,5,3
12904,0,3
12905,0,3
12906,0,3
12907,0,3
12908,0,3
12909,11,5
12910,38,5
12911,5,3
12912,3,3
12913,0,3
12914,18,4
12915,20,4
12916,49,6
12917,1,3
12918,2,3
12919,0,3
12920,40,6
12921,0,3
12922,0,3
12923,27,7
12924,0,3
12925,0,3
12926,13,3
12927,0,3
12928,24,5
12929,7,4
12930,6,3
12931,11,4
12932,4,3
12933,63,10
12934,1,3
12935,0,3
12936,10,4
12937,0,3
12938,0,3
12939,26,7
12940,4,3
12941,0,3
12942,22,5
12943,39,5
12944,0,3
12945,0,3
12946,37,5
12947,9,4
12948,11,4
12949,0,3
12950,36,6
12951,0,3
12952,1,3
12953,27,5
12954,0,3
12955,14,6
12956,0,3
12957,9,3
12958,19,6
12959,0,3
12960,6,5
12961,3,3
12962,1,3
12963,13,4
12964,0,3
12965,7,3
12966,0,3
12967,0,3
12968,0,3
12969,10,4
12970,48,4
12971,9,4
12972,21,4
12973,22,4
12974,0,3
12975,11,4
12976,5,3
12977,0,3
12978,60,7
12979,28,5
12980,26,4
12981,0,3
12982,67,5
12983,0,3
12984,0,3
12985,0,3
12986,23,4
12987,44,7
12988,0,3
12989,0,3
12990,24,5
12991,0,3
12992,16,6
12993,0,3
12994,0,3
12995,25,4
12996,18,5
12997,2,3
12998,5,3
12999,14,6
13000,5,4
13001,31,5
13002,5,4
13003,30,5
13004,10,4
13005,0,3
13006,0,3
13007,0,3
13008,0,3
13009,24,3
13010,17,4
13011,24,4
13012,0,3
13013,15,3
13014,14,5
13015,16,3
13016,29,4
13017,15,4
13018,17,3
13019,0,3
13020,17,4
13021,12,5
13022,61,8
13023,14,6
13024,0,3
13025,0,3
13026,0,3
13027,1,3
13028,9,4
13029,21,6
13030,0,3
13031,0,3
13032,0,3
13033,0,3
13034,15,2
13035,0,3
13036,51,5
13037,34,8
13038,0,3
13039,0,3
13040,15,4
13041,29,6
13042,0,3
13043,8,4
13044,20,4
13045,0,3
13046,0,3
13047,0,3
13048,1,3
13049,15,5
13050,0,3
13051,43,6
13052,39,5
13053,19,3
13054,7,5
13055,0,3
13056,0,3
13057,52,6
13058,0,3
13059,22,6
13060,0,3
13061,12,4
13062,8,4
13063,0,3
13064,12,3
13065,0,3
13066,31,5
13067,12,4
13068,32,3
13069,20,5
13070,1,3
13071,0,3
13072,0,3
13073,15,3
13074,0,3
13075,13,4
13076,23,7
13077,8,3
13078,11,3
13079,0,3
13080,27,5
13081,28,6
13082,0,3
13083,0,3
13084,18,3
13085,2,3
13086,24,5
13087,16,2
13088,22,6
13089,1,3
13090,0,3
13091,0,3
13092,0,3
13093,35,7
13094,9,4
13095,0,3
13096,0,3
13097,0,3
13098,0,3
13099,19,5
13100,0,3
13101,0,3
13102,20,3
13103,18,5
13104,18,5
13105,1,3
13106,0,3
13107,20,3
13108,0,3
13109,12,4
13110,8,4
13111,0,3
13112,45,5
13113,0,3
13114,36,3
13115,0,3
13116,15,4
13117,16,5
13118,0,3
13119,0,3
13120,62,6
13121,1,3
13122,0,3
13123,0,3
13124,39,4
13125,8,3
13126,2,3
13127,14,4
13128,3,4
13129,3,3
13130,2,3
13131,0,3
13132,12,4
13133,43,3
13134,0,3
13135,1,3
13136,31,7
13137,35,6
13138,27,4
13139,5,3
13140,14,4
13141,18,6
13142,43,5
13143,0,3
13144,0,3
13145,1,3
13146,0,3
13147,26,5
13148,20,5
13149,44,6
13150,10,3
13151,52,7
13152,18,3
13153,7,4
13154,0,3
13155,1,3
13156,0,3
13157,0,3
13158,11,4
13159,28,6
13160,0,3
13161,2,3
13162,9,3
13163,0,3
13164,28,5
13165,0,3
13166,8,4
13167,3,3
13168,9,4
13169,2,3
13170,0,3
13171,46,4
13172,1,3
13173,13,4
13174,48,5
13175,43,5
13176,0,3
13177,4,3
13178,12,4
13179,19,5
13180,0,3
13181,46,5
13182,16,3
13183,19,3
13184,7,3
13185,17,4
13186,0,3
13187,15,3
13188,0,3
13189,0,3
13190,0,3
13191,2,3
13192,0,3
13193,0,3
13194,0,3
13195,7,3
13196,13,4
13197,20,6
13198,3,4
13199,0,3
13200,56,5
13201,2,3
13202,0,3
13203,0,3
13204,0,3
13205,0,3
13206,6,3
13207,21,7
13208,1,3
13209,10,3
13210,48,8
13211,1,3
13212,0,3
13213,55,6
13214,0,3
13215,0,3
13216,41,7
13217,24,5
13218,0,3
13219,11,3
13220,14,4
13221,10,4
13222,0,3
13223,0,3
13224,0,3
13225,14,5
13226,31,5
13227,88,3
13228,1,3
13229,20,5
13230,24,3
13231,33,5
13232,12,5
13233,10,3
13234,27,5
13235,7,3
13236,43,6
13237,1,3
13238,0,3
13239,23,5
13240,0,3
13241,36,5
13242,19,4
13243,84,5
13244,27,5
13245,20,4
13246,65,5
13247,27,5
13248,11,4
13249,29,6
13250,23,5
13251,22,5
13252,2,3
13253,67,3
13254,18,3
13255,19,4
13256,0,3
13257,38,2
13258,12,3
13259,24,4
13260,12,4
13261,0,3
13262,16,3
13263,21,4
13264,0,3
13265,0,3
13266,8,3
13267,0,3
13268,25,4
13269,0,3
13270,15,4
13271,0,3
13272,0,3
13273,0,3
13274,10,5
13275,0,3
13276,0,3
13277,0,3
13278,31,4
13279,0,3
13280,9,5
13281,4,3
13282,0,3
13283,26,5
13284,0,3
13285,0,3
13286,16,5
13287,0,3
13288,10,3
13289,2,3
13290,39,5
13291,24,7
13292,5,3
13293,11,3
13294,13,4
13295,0,3
13296,0,3
13297,21,4
13298,44,5
13299,1,3
13300,11,5
13301,4,3
13302,0,3
13303,34,6
13304,12,3
13305,0,3
13306,6,4
13307,0,3
13308,25,5
13309,14,3
13310,26,5
13311,0,3
13312,0,3
13313,4,3
13314,28,6
13315,20,4
13316,16,5
13317,28,3
13318,19,4
13319,126,5
13320,24,3
13321,44,7
13322,0,3
13323,29,6
13324,44,4
13325,0,3
13326,41,3
13327,0,3
13328,26,4
13329,0,3
13330,4,3
13331,2,3
13332,47,5
13333,0,3
13334,9,3
13335,5,3
13336,12,3
13337,79,5
13338,0,3
13339,0,3
13340,23,6
13341,17,3
13342,0,3
13343,0,3
13344,0,3
13345,0,3
13346,0,3
13347,18,5
13348,34,4
13349,1,3
13350,15,3
13351,17,3
13352,2,3
13353,0,3
13354,0,3
13355,0,3
13356,1,3
13357,18,6
13358,2,3
13359,0,3
13360,0,3
13361,41,4
13362,30,7
13363,0,3
13364,48,5
13365,34,3
13366,90,5
13367,0,3
13368,0,3
13369,16,5
13370,0,3
13371,0,3
13372,0,3
13373,22,5
13374,0,3
13375,1,3
13376,0,3
13377,26,3
13378,27,5
13379,0,3
13380,0,3
13381,66,5
13382,5,3
13383,1,3
13384,18,6
13385,0,3
13386,0,3
13387,60,5
13388,15,3
13389,23,3
13390,0,3
13391,8,4
13392,8,3
13393,0,3
13394,0,3
13395,20,6
13396,6,3
13397,0,3
13398,0,3
13399,0,3
13400,0,3
13401,0,3
13402,23,4
13403,0,3
13404,23,6
13405,3,3
13406,13,4
13407,1,3
13408,0,3
13409,12,5
13410,0,3
13411,0,3
13412,0,3
13413,20,3
13414,6,3
13415,3,3
13416,42,6
13417,44,8
13418,14,3
13419,4,3
13420,0,3
13421,0,3
13422,35,6
13423,0,3
13424,12,4
13425,25,8
13426,6,3
13427,34,4
13428,22,5
13429,7,4
13430,28,4
13431,0,3
13432,1,3
13433,0,3
13434,4,3
13435,0,3
13436,1,3
13437,25,4
13438,0,3
13439,44,5
13440,37,7
13441,31,5
13442,0,3
13443,8,4
13444,3,3
13445,0,3
13446,22,6
13447,37,7
13448,57,6
13449,0,3
13450,22,5
13451,3,3
13452,49,5
13453,4,3
13454,5,4
13455,22,5
13456,66,4
13457,0,3
13458,0,3
13459,0,3
13460,0,3
13461,2,3
13462,10,4
13463,0,3
13464,0,3
13465,23,6
13466,0,3
13467,1,3
13468,32,5
13469,0,3
13470,22,5
13471,0,3
13472,5,3
13473,0,3
13474,0,3
13475,0,3
13476,0,3
13477,0,3
13478,7,5
13479,0,3
13480,1,3
13481,15,4
13482,0,3
13483,1,3
13484,71,5
13485,0,3
13486,4,3
13487,3,3
13488,71,7
13489,0,3
13490,71,6
13491,19,3
13492,21,3
13493,0,3
13494,20,3
13495,9,3
13496,12,4
13497,59,5
13498,3,3
13499,0,3
13500,0,3
13501,0,3
13502,8,4
13503,0,3
13504,12,5
13505,0,3
13506,0,3
13507,10,3
13508,0,3
13509,0,3
13510,2,3
13511,5,3
13512,8,3
13513,7,3
13514,0,3
13515,45,6
13516,49,6
13517,25,6
13518,11,5
13519,55,8
13520,0,3
13521,1,3
13522,0,3
13523,55,3
13524,42,7
13525,25,3
13526,0,3
13527,0,3
13528,6,5
13529,12,5
13530,5,3
13531,22,6
13532,2,3
13533,0,3
13534,33,4
13535,0,3
13536,5,5
13537,0,3
13538,12,4
13539,7,3
13540,2,3
13541,0,3
13542,20,5
13543,4,3
13544,0,3
13545,3,3
13546,59,6
13547,8,4
13548,21,5
13549,0,3
13550,0,3
13551,6,5
13552,9,5
13553,28,5
13554,0,3
13555,7,3
13556,3,3
13557,19,5
13558,10,4
13559,0,3
13560,0,3
13561,4,3
13562,7,4
13563,8,4
13564,25,3
13565,39,6
13566,45,8
13567,4,4
13568,23,5
13569,0,3
13570,10,5
13571,6,4
13572,16,4
13573,32,7
13574,0,3
13575,18,6
13576,62,8
13577,16,5
13578,0,3
13579,0,3
13580,0,3
13581,4,3
13582,5,4
13583,0,3
13584,0,3
13585,0,3
13586,41,3
13587,0,3
13588,0,3
13589,0,3
13590,2,3
13591,17,5
13592,175,7
13593,5,3
13594,0,3
13595,0,3
13596,21,5
13597,0,3
13598,16,5
13599,3,3
13600,0,3
13601,19,4
13602,14,3
13603,35,6
13604,23,5
13605,14,4
13606,0,3
13607,0,3
13608,34,6
13609,6,3
13610,20,4
13611,23,6
13612,7,4
13613,27,5
13614,1,3
13615,0,3
13616,102,4
13617,1,3
13618,48,3
13619,27,6
13620,4,4
13621,0,3
13622,16,5
13623,0,3
13624,44,4
13625,5,4
13626,0,3
13627,14,3
13628,13,6
13629,2,3
13630,21,3
13631,0,3
13632,18,6
13633,10,4
13634,0,3
13635,0,3
13636,0,3
13637,8,4
13638,27,5
13639,31,5
13640,0,3
13641,0,3
13642,9,4
13643,0,3
13644,0,3
13645,66,6
13646,7,5
13647,1,3
13648,0,3
13649,18,3
13650,48,5
13651,12,3
13652,39,9
13653,0,3
13654,0,3
13655,0,3
13656,13,4
13657,52,8
13658,1,3
13659,21,6
13660,19,4
13661,21,5
13662,18,6
13663,0,3
13664,0,3
13665,18,4
13666,24,3
13667,0,3
13668,0,3
13669,0,3
13670,51,7
13671,0,3
13672,0,3
13673,13,3
13674,13,4
13675,32,6
13676,0,3
13677,36,5
13678,0,3
13679,24,6
13680,8,5
13681,45,10
13682,22,3
13683,0,3
13684,0,3
13685,0,3
13686,0,3
13687,16,5
13688,27,4
13689,22,6
13690,2,3
13691,0,3
13692,1,3
13693,0,3
13694,0,3
13695,0,3
13696,11,6
13697,0,3
13698,1,3
13699,0,3
13700,22,7
13701,1,3
13702,2,3
13703,18,6
13704,13,4
13705,29,5
13706,3,3
13707,3,3
13708,0,3
13709,0,3
13710,9,4
13711,27,5
13712,49,5
13713,74,5
13714,53,8
13715,0,3
13716,0,3
13717,0,3
13718,8,3
13719,13,3
13720,21,5
13721,0,3
13722,8,3
13723,0,3
13724,0,3
13725,52,4
13726,16,5
13727,23,3
13728,1,3
13729,22,7
13730,6,3
13731,0,3
13732,45,3
13733,0,3
13734,0,3
13735,0,3
13736,22,7
13737,25,5
13738,25,6
13739,7,5
13740,17,6
13741,0,3
13742,0,3
13743,0,3
13744,6,3
13745,0,3
13746,0,3
13747,0,3
13748,2,4
13749,7,4
13750,3,2
13751,1,3
13752,27,3
13753,52,3
13754,0,3
13755,87,5
13756,0,3
13757,48,3
13758,0,3
13759,26,5
13760,22,4
13761,33,3
13762,0,3
13763,0,3
13764,0,3
13765,0,3
13766,1,3
13767,3,3
13768,19,5
13769,1,3
13770,2,3
13771,43,5
13772,0,3
13773,18,6
13774,1,3
13775,0,3
13776,3,3
13777,0,3
13778,0,3
13779,0,3
13780,28,5
13781,29,5
13782,0,3
13783,21,4
13784,0,3
13785,26,7
13786,12,4
13787,25,4
13788,0,3
13789,13,4
13790,0,3
13791,23,4
13792,27,5
13793,11,4
13794,0,3
13795,0,3
13796,15,5
13797,0,3
13798,0,3
13799,3,3
13800,2,2
13801,0,3
13802,46,5
13803,26,5
13804,57,6
13805,32,4
13806,19,5
13807,15,4
13808,7,3
13809,29,6
13810,0,3
13811,0,3
13812,0,3
13813,0,3
13814,20,5
13815,1,3
13816,0,3
13817,14,4
13818,16,5
13819,11,5
13820,74,5
13821,27,5
13822,15,4
13823,2,3
13824,0,3
13825,8,4
13826,0,3
13827,0,3
13828,0,3
13829,0,3
13830,4,3
13831,13,5
13832,0,3
13833,0,3
13834,0,3
13835,42,5
13836,0,3
13837,5,3
13838,11,4
13839,0,3
13840,0,3
13841,11,3
13842,0,3
13843,40,5
13844,1,3
13845,0,3
13846,11,3
13847,2,4
13848,41,7
13849,55,6
13850,2,3
13851,54,5
13852,38,6
13853,22,5
13854,19,3
13855,0,3
13856,10,6
13857,27,6
13858,0,3
13859,50,4
13860,0,3
13861,23,6
13862,0,3
13863,6,3
13864,0,3
13865,3,3
13866,15,4
13867,19,5
13868,34,7
13869,0,3
13870,0,3
13871,0,3
13872,27,2
13873,11,4
13874,0,3
13875,27,6
13876,14,3
13877,15,3
13878,21,4
13879,43,9
13880,0,3
13881,0,3
13882,23,5
13883,0,3
13884,0,3
13885,9,3
13886,0,3
13887,0,3
13888,16,5
13889,0,3
13890,4,3
13891,7,3
13892,21,6
13893,0,3
13894,7,3
13895,22,6
13896,39,5
13897,0,3
13898,0,3
13899,0,3
13900,0,3
13901,0,3
13902,0,3
13903,0,3
13904,41,4
13905,0,3
13906,0,3
13907,24,5
13908,51,6
13909,0,3
13910,0,3
13911,0,3
13912,6,3
13913,0,3
13914,11,5
13915,1,3
13916,0,3
13917,4,3
13918,0,3
13919,0,3
13920,0,3
13921,0,3
13922,19,4
13923,0,3
13924,12,4
13925,0,3
13926,9,3
13927,23,8
13928,17,3
13929,3,3
13930,19,3
13931,40,5
13932,29,5
13933,35,5
13934,26,6
13935,23,5
13936,10,4
13937,0,3
13938,0,3
13939,0,3
13940,26,5
13941,73,5
13942,0,3
13943,0,3
13944,0,3
13945,14,5
13946,0,3
13947,0,3
13948,12,3
13949,20,6
13950,9,3
13951,0,3
13952,15,4
13953,13,6
13954,1,3
13955,15,5
13956,14,3
13957,0,3
13958,0,3
13959,62,7
13960,0,3
13961,0,3
13962,19,5
13963,1,3
13964,12,3
13965,0,3
13966,39,5
13967,0,3
13968,18,4
13969,13,4
13970,0,3
13971,25,7
13972,6,3
13973,2,4
13974,0,3
13975,0,3
13976,30,5
13977,0,3
13978,0,3
13979,46,6
13980,10,4
13981,0,3
13982,2,3
13983,1,3
13984,50,7
13985,0,3
13986,0,3
13987,0,3
13988,19,3
13989,23,4
13990,5,4
13991,0,3
13992,3,3
13993,0,3
13994,0,3
13995,17,3
13996,0,3
13997,0,3
13998,0,3
13999,14,5
14000,9,3
14001,9,4
14002,31,5
14003,9,4
14004,14,3
14005,13,4
14006,8,4
14007,0,3
14008,42,4
14009,0,3
14010,26,6
14011,0,3
14012,1,3
14013,4,4
14014,25,5
14015,0,3
14016,8,4
14017,25,2
14018,5,3
14019,37,5
14020,70,10
14021,5,3
14022,34,5
14023,16,6
14024,25,5
14025,44,6
14026,27,6
14027,0,3
14028,20,5
14029,3,3
14030,16,5
14031,8,3
14032,45,5
14033,14,4
14034,12,4
14035,0,3
14036,11,4
14037,0,3
14038,18,6
14039,9,4
14040,54,7
14041,0,3
14042,19,5
14043,6,3
14044,7,3
14045,1,3
14046,0,3
14047,42,6
14048,7,5
14049,1,3
14050,0,3
14051,0,3
14052,0,3
14053,16,6
14054,48,9
14055,0,3
14056,21,4
14057,0,3
14058,38,7
14059,0,3
14060,3,4
14061,0,3
14062,32,5
14063,0,3
14064,4,3
14065,50,4
14066,31,6
14067,1,3
14068,0,3
14069,39,5
14070,26,5
14071,20,4
14072,0,3
14073,2,3
14074,3,3
14075,2,3
14076,47,6
14077,33,7
14078,0,3
14079,25,3
14080,0,3
14081,9,5
14082,12,4
14083,61,3
14084,0,3
14085,26,6
14086,0,3
14087,0,3
14088,1,3
14089,0,3
14090,1,3
14091,4,3
14092,20,4
14093,30,5
14094,22,7
14095,2,3
14096,11,3
14097,0,3
14098,0,3
14099,0,3
14100,7,4
14101,22,6
14102,56,6
14103,19,5
14104,6,4
14105,43,1
14106,56,5
14107,2,3
14108,0,3
14109,0,3
14110,21,5
14111,37,4
14112,46,4
14113,0,3
14114,2,4
14115,0,3
14116,0,3
14117,0,3
14118,17,5
14119,7,4
14120,0,3
14121,13,3
14122,24,7
14123,0,3
14124,0,3
14125,0,3
14126,0,3
14127,5,3
14128,14,3
14129,4,3
14130,14,4
14131,43,7
14132,0,3
14133,68,7
14134,14,3
14135,2,3
14136,0,3
14137,0,3
14138,17,3
14139,0,3
14140,88,7
14141,0,3
14142,20,6
14143,0,3
14144,19,6
14145,3,3
14146,14,5
14147,10,3
14148,10,4
14149,39,6
14150,0,3
14151,9,3
14152,0,3
14153,3,3
14154,48,6
14155,0,3
14156,0,3
14157,0,3
14158,5,3
14159,0,3
14160,8,5
14161,39,5
14162,32,4
14163,0,3
14164,51,6
14165,0,3
14166,1,3
14167,22,4
14168,0,3
14169,24,7
14170,20,4
14171,57,9
14172,0,3
14173,17,5
14174,2,3
14175,0,3
14176,4,3
14177,1,3
14178,11,4
14179,25,4
14180,6,5
14181,0,3
14182,0,3
14183,6,4
14184,21,7
14185,0,3
14186,0,3
14187,0,3
14188,12,4
14189,0,3
14190,34,5
14191,45,5
14192,17,5
14193,17,4
14194,5,3
14195,64,5
14196,37,5
14197,22,4
14198,9,5
14199,3,3
14200,0,3
14201,0,3
14202,41,5
14203,36,6
14204,2,3
14205,58,8
14206,22,4
14207,0,3
14208,59,5
14209,0,3
14210,0,3
14211,30,6
14212,13,4
14213,0,3
14214,0,3
14215,24,5
14216,0,3
14217,25,8
14218,15,3
14219,23,5
14220,0,3
14221,0,3
14222,0,3
14223,1,3
14224,40,5
14225,19,5
14226,0,3
14227,32,5
14228,4,3
14229,20,4
14230,17,5
14231,41,5
14232,0,3
14233,0,3
14234,1,3
14235,0,3
14236,0,3
14237,39,3
14238,14,3
14239,55,6
14240,47,6
14241,49,9
14242,0,3
14243,71,3
14244,0,3
14245,0,3
14246,0,3
14247,0,3
14248,5,3
14249,0,3
14250,6,5
14251,41,4
14252,0,3
14253,0,3
14254,0,3
14255,0,3
14256,4,3
14257,0,3
14258,0,3
14259,0,3
14260,23,5
14261,0,3
14262,15,4
14263,0,3
14264,20,5
14265,33,5
14266,2,3
14267,23,3
14268,10,4
14269,0,3
14270,61,7
14271,1,3
14272,59,3
14273,0,3
14274,6,3
14275,0,3
14276,15,4
14277,11,5
14278,4,4
14279,43,7
14280,19,5
14281,3,4
14282,4,3
14283,65,4
14284,3,4
14285,0,3
14286,14,5
14287,0,3
14288,0,3
14289,9,3
14290,0,3
14291,6,4
14292,0,3
14293,22,4
14294,3,4
14295,7,4
14296,7,4
14297,0,3
14298,0,3
14299,53,7
14300,0,3
14301,0,3
14302,58,8
14303,3,4
14304,25,6
14305,19,5
14306,0,3
14307,43,7
14308,30,3
14309,30,4
14310,36,8
14311,0,3
14312,0,3
14313,52,8
14314,46,7
14315,28,5
14316,4,3
14317,0,3
14318,29,4
14319,57,7
14320,0,3
14321,9,5
14322,17,5
14323,17,4
14324,27,7
14325,0,3
14326,22,5
14327,0,3
14328,13,4
14329,43,6
14330,5,4
14331,42,5
14332,0,3
14333,8,3
14334,71,9
14335,20,5
14336,26,5
14337,18,4
14338,28,6
14339,7,4
14340,20,6
14341,22,5
14342,15,4
14343,22,3
14344,12,4
14345,7,3
14346,0,3
14347,29,2
14348,32,7
14349,31,5
14350,33,6
14351,3,3
14352,20,3
14353,2,3
14354,24,5
14355,0,3
14356,0,3
14357,28,4
14358,0,3
14359,50,5
14360,36,7
14361,0,3
14362,10,4
14363,1,3
14364,0,3
14365,51,4
14366,0,3
14367,8,4
14368,15,4
14369,2,4
14370,15,5
14371,0,3
14372,0,3
14373,0,3
14374,22,7
14375,56,4
14376,11,4
14377,0,3
14378,0,3
14379,0,3
14380,54,6
14381,0,3
14382,3,3
14383,35,6
14384,41,6
14385,44,6
14386,27,4
14387,0,3
14388,0,3
14389,16,5
14390,1,4
14391,9,4
14392,0,3
14393,0,3
14394,9,4
14395,24,4
14396,52,9
14397,8,4
14398,0,3
14399,0,3
14400,13,5
14401,10,4
14402,13,3
14403,0,3
14404,0,3
14405,4,3
14406,0,3
14407,29,3
14408,2,3
14409,28,4
14410,0,3
14411,27,3
14412,1,3
14413,0,3
14414,10,5
14415,0,3
14416,22,4
14417,0,3
14418,10,3
14419,0,3
14420,1,3
14421,15,5
14422,0,3
14423,5,3
14424,0,3
14425,32,5
14426,11,4
14427,0,3
14428,1,4
14429,9,3
14430,28,3
14431,59,7
14432,0,3
14433,3,3
14434,0,3
14435,4,4
14436,10,3
14437,0,3
14438,69,6
14439,0,3
14440,3,3
14441,1,3
14442,12,3
14443,67,7
14444,15,4
14445,0,3
14446,2,3
14447,32,6
14448,0,3
14449,9,4
14450,0,3
14451,20,4
14452,5,3
14453,0,3
14454,0,3
14455,71,7
14456,18,5
14457,0,3
14458,21,5
14459,0,3
14460,116,5
14461,40,5
14462,0,3
14463,0,3
14464,26,3
14465,8,4
14466,33,4
14467,32,6
14468,0,3
14469,0,3
14470,0,3
14471,0,3
14472,15,5
14473,5,3
14474,0,3
14475,25,3
14476,26,2
14477,49,5
14478,0,3
14479,7,3
14480,1,3
14481,27,7
14482,0,3
14483,0,3
14484,0,3
14485,9,4
14486,62,7
14487,0,3
14488,38,5
14489,1,3
14490,2,4
14491,0,3
14492,0,3
14493,0,3
14494,10,4
14495,11,5
14496,7,3
14497,10,3
14498,3,3
14499,0,3
14500,0,3
14501,8,5
14502,48,7
14503,0,3
14504,5,3
14505,0,3
14506,39,4
14507,10,3
14508,0,3
14509,14,3
14510,20,5
14511,16,3
14512,45,8
14513,1,3
14514,0,3
14515,0,3
14516,1,3
14517,1,3
14518,0,3
14519,7,3
14520,5,3
14521,23,4
14522,13,4
14523,11,4
14524,12,6
14525,26,5
14526,0,3
14527,42,5
14528,28,5
14529,13,4
14530,0,3
14531,35,5
14532,41,7
14533,0,3
14534,10,4
14535,1,3
14536,44,5
14537,0,3
14538,35,5
14539,54,5
14540,26,6
14541,0,3
14542,17,4
14543,23,5
14544,3,3
14545,0,3
14546,7,3
14547,0,3
14548,0,3
14549,28,4
14550,6,3
14551,35,1
14552,9,3
14553,35,5
14554,23,8
14555,11,3
14556,6,3
14557,11,4
14558,42,5
14559,0,3
14560,0,3
14561,34,5
14562,45,9
14563,0,3
14564,19,7
14565,47,6
14566,0,3
14567,3,3
14568,12,4
14569,19,3
14570,0,3
14571,0,3
14572,16,7
14573,0,3
14574,44,3
14575,45,6
14576,35,4
14577,5,2
14578,7,3
14579,0,3
14580,41,4
14581,21,4
14582,0,3
14583,0,3
14584,26,7
14585,9,3
14586,17,3
14587,37,6
14588,0,3
14589,38,5
14590,0,3
14591,45,6
14592,0,3
14593,20,4
14594,0,3
14595,0,3
14596,22,6
14597,9,4
14598,41,8
14599,0,3
14600,0,3
14601,124,7
14602,15,4
14603,16,4
14604,59,9
14605,43,4
14606,8,4
14607,0,3
14608,1,3
14609,0,3
14610,30,4
14611,20,3
14612,0,3
14613,0,3
14614,0,3
14615,61,3
14616,9,4
14617,42,5
14618,0,3
14619,0,3
14620,0,3
14621,0,3
14622,21,5
14623,17,6
14624,0,3
14625,46,5
14626,0,3
14627,20,5
14628,39,3
14629,10,3
14630,16,5
14631,10,4
14632,0,3
14633,0,3
14634,11,4
14635,0,3
14636,0,3
14637,14,4
14638,17,6
14639,22,5
14640,0,3
14641,13,3
14642,27,4
14643,5,3
14644,9,4
14645,58,4
14646,1,3
14647,0,3
14648,5,4
14649,13,4
14650,0,3
14651,0,3
14652,0,3
14653,114,3
14654,24,3
14655,0,3
14656,1,3
14657,80,3
14658,0,3
14659,52,4
14660,0,3
14661,0,3
14662,12,3
14663,28,5
14664,0,3
14665,7,3
14666,0,3
14667,14,4
14668,48,3
14669,77,3
14670,23,4
14671,0,3
14672,0,3
14673,0,3
14674,0,3
14675,0,3
14676,22,5
14677,1,3
14678,3,3
14679,2,3
14680,0,3
14681,80,6
14682,0,3
14683,25,4
14684,3,3
14685,7,5
14686,0,3
14687,0,3
14688,0,3
14689,22,5
14690,9,4
14691,31,4
14692,0,3
14693,42,6
14694,0,3
14695,17,5
14696,0,3
14697,0,3
14698,29,3
14699,0,3
14700,27,7
14701,38,4
14702,50,5
14703,27,4
14704,5,3
14705,0,3
14706,0,3
14707,0,3
14708,0,3
14709,0,3
14710,98,3
14711,30,6
14712,0,3
14713,14,3
14714,0,3
14715,0,3
14716,7,4
14717,2,3
14718,26,6
14719,31,6
14720,13,3
14721,17,5
14722,14,4
14723,41,7
14724,35,5
14725,7,5
14726,54,6
14727,52,9
14728,0,3
14729,1,3
14730,19,4
14731,81,7
14732,0,3
14733,8,4
14734,0,3
14735,9,4
14736,0,3
14737,31,4
14738,0,3
14739,47,5
14740,12,5
14741,0,3
14742,10,4
14743,14,4
14744,9,4
14745,5,4
14746,1,3
14747,21,5
14748,0,3
14749,0,3
14750,11,3
14751,3,3
14752,9,4
14753,33,6
14754,0,3
14755,15,7
14756,29,3
14757,119,7
14758,2,3
14759,20,6
14760,34,4
14761,0,3
14762,4,3
14763,0,3
14764,20,2
14765,1,3
14766,0,3
14767,0,3
14768,17,5
14769,16,3
14770,0,3
14771,17,4
14772,31,5
14773,58,5
14774,0,3
14775,0,3
14776,0,3
14777,4,3
14778,22,5
14779,0,3
14780,45,5
14781,4,3
14782,13,4
14783,24,4
14784,0,3
14785,0,3
14786,0,3
14787,0,3
14788,19,4
14789,0,3
14790,0,3
14791,15,4
14792,0,3
14793,0,3
14794,0,3
14795,11,3
14796,11,3
14797,27,4
14798,0,3
14799,0,3
14800,26,5
14801,16,5
14802,20,7
14803,47,9
14804,3,3
14805,0,3
14806,21,7
14807,0,3
14808,55,7
14809,12,3
14810,0,3
14811,0,3
14812,17,3
14813,1,3
14814,40,5
14815,25,7
14816,43,4
14817,0,3
14818,0,3
14819,0,3
14820,44,3
14821,27,7
14822,0,3
14823,0,3
14824,1,3
14825,12,4
14826,59,4
14827,34,5
14828,29,4
14829,0,3
14830,11,4
14831,0,3
14832,41,4
14833,30,5
14834,0,3
14835,0,3
14836,28,5
14837,0,3
14838,5,2
14839,21,6
14840,43,10
14841,70,5
14842,3,3
14843,12,4
14844,1,3
14845,3,3
14846,10,5
14847,0,3
14848,38,5
14849,0,3
14850,0,3
14851,57,8
14852,5,4
14853,0,3
14854,53,6
14855,25,7
14856,0,3
14857,7,3
14858,0,3
14859,2,3
14860,6,4
14861,0,3
14862,0,3
14863,0,3
14864,0,3
14865,0,3
14866,10,3
14867,6,3
14868,18,4
14869,16,4
14870,28,4
14871,0,3
14872,0,3
14873,22,6
14874,0,3
14875,6,4
14876,4,3
14877,22,4
14878,32,3
14879,39,4
14880,16,7
14881,19,4
14882,18,6
14883,0,3
14884,0,3
14885,6,4
14886,0,3
14887,4,3
14888,46,8
14889,0,3
14890,9,3
14891,107,5
14892,47,6
14893,54,7
14894,46,6
14895,35,4
14896,30,8
14897,0,3
14898,69,8
14899,4,3
14900,1,3
14901,19,4
14902,16,4
14903,5,3
14904,5,3
14905,28,6
14906,21,4
14907,33,6
14908,5,3
14909,8,3
14910,0,3
14911,0,3
14912,1,3
14913,0,3
14914,0,3
14915,19,5
14916,5,3
14917,0,3
14918,0,3
14919,0,3
14920,0,3
14921,0,3
14922,49,7
14923,14,6
14924,0,3
14925,25,7
14926,39,6
14927,5,3
14928,43,5
14929,9,4
14930,0,3
14931,9,3
14932,0,3
14933,3,3
14934,0,3
14935,0,3
14936,7,4
14937,38,5
14938,0,3
14939,27,6
14940,11,6
14941,7,4
14942,0,3
14943,0,3
14944,0,3
14945,28,7
14946,40,5
14947,34,5
14948,0,3
14949,7,4
14950,0,3
14951,24,4
14952,30,5
14953,24,7
14954,0,3
14955,0,3
14956,26,6
14957,44,6
14958,0,3
14959,0,3
14960,0,3
14961,10,3
14962,7,3
14963,3,3
14964,16,5
14965,2,3
14966,0,3
14967,0,3
14968,30,6
14969,0,3
14970,32,7
14971,19,4
14972,1,3
14973,15,4
14974,30,4
14975,21,2
14976,0,3
14977,0,3
14978,2,3
14979,0,3
14980,0,3
14981,0,3
14982,59,5
14983,35,7
14984,0,3
14985,0,3
14986,13,2
14987,0,3
14988,21,5
14989,48,4
14990,17,4
14991,29,7
14992,1,3
14993,11,4
14994,0,3
14995,28,3
14996,50,6
14997,33,4
14998,22,6
14999,0,3
15000,8,4
15001,30,5
15002,0,3
15003,3,3
15004,33,6
15005,0,3
15006,0,3
15007,15,3
15008,0,3
15009,18,6
15010,0,3
15011,20,6
15012,16,5
15013,33,7
15014,0,3
15015,12,3
15016,15,3
15017,18,6
15018,18,4
15019,31,3
15020,58,4
15021,22,4
15022,0,3
15023,20,5
15024,0,3
15025,0,3
15026,0,3
15027,0,3
15028,6,4
15029,0,3
15030,0,3
15031,14,4
15032,20,7
15033,0,3
15034,23,5
15035,9,6
15036,0,3
15037,17,6
15038,14,5
15039,28,3
15040,4,4
15041,4,3
15042,1,3
15043,33,5
15044,0,3
15045,16,5
15046,3,3
15047,3,3
15048,0,3
15049,12,5
15050,23,7
15051,33,5
15052,2,3
15053,0,3
15054,13,3
15055,27,6
15056,37,7
15057,0,3
15058,20,7
15059,17,6
15060,0,3
15061,0,3
15062,33,3
15063,22,6
15064,32,7
15065,0,3
15066,0,3
15067,5,3
15068,22,4
15069,12,4
15070,0,3
15071,0,3
15072,22,5
15073,8,5
15074,5,3
15075,62,5
15076,0,3
15077,41,9
15078,1,3
15079,7,3
15080,29,4
15081,0,3
15082,0,3
15083,1,4
15084,7,3
15085,0,3
15086,1,3
15087,6,3
15088,0,3
15089,30,6
15090,17,3
15091,20,4
15092,15,5
15093,8,3
15094,46,6
15095,1,3
15096,0,3
15097,55,5
15098,20,4
15099,18,5
15100,0,3
15101,28,5
15102,0,3
15103,0,3
15104,39,7
15105,7,4
15106,59,10
15107,22,6
15108,41,3
15109,35,4
15110,1,3
15111,28,4
15112,3,4
15113,2,3
15114,36,3
15115,27,4
15116,0,3
15117,0,3
15118,0,3
15119,0,3
15120,15,5
15121,0,3
15122,4,4
15123,48,6
15124,21,5
15125,0,3
15126,33,4
15127,11,5
15128,34,7
15129,56,11
15130,36,7
15131,14,4
15132,3,4
15133,0,3
15134,3,3
15135,41,6
15136,13,2
15137,0,3
15138,36,6
15139,59,9
15140,0,3
15141,27,4
15142,0,3
15143,0,3
15144,4,3
15145,57,9
15146,0,3
15147,0,3
15148,0,3
15149,0,3
15150,0,3
15151,27,4
15152,0,3
15153,20,6
15154,26,7
15155,10,5
15156,7,5
15157,1,4
15158,39,4
15159,8,5
15160,2,3
15161,0,3
15162,0,3
15163,0,3
15164,43,7
15165,0,3
15166,40,6
15167,33,6
15168,0,3
15169,22,4
15170,32,6
15171,4,3
15172,0,3
15173,5,4
15174,22,6
15175,7,4
15176,5,4
15177,13,5
15178,4,4
15179,59,3
15180,11,4
15181,78,9
15182,4,3
15183,2,3
15184,2,3
15185,8,4
15186,20,5
15187,32,5
15188,0,3
15189,2,3
15190,1,3
15191,7,4
15192,1,3
15193,47,3
15194,45,8
15195,10,3
15196,0,3
15197,18,4
15198,35,6
15199,49,9
15200,7,4
15201,11,3
15202,32,5
15203,46,5
15204,16,4
15205,3,4
15206,0,3
15207,10,4
15208,4,3
15209,14,4
15210,0,3
15211,24,4
15212,20,6
15213,27,5
15214,0,3
15215,24,6
15216,14,4
15217,20,2
15218,31,6
15219,4,3
15220,7,5
15221,30,4
15222,41,6
15223,15,6
15224,86,7
15225,5,3
15226,31,5
15227,42,9
15228,23,3
15229,0,3
15230,7,4
15231,2,3
15232,0,3
15233,36,5
15234,35,7
15235,0,3
15236,21,5
15237,7,5
15238,0,3
15239,9,4
15240,80,8
15241,0,3
15242,0,3
15243,20,6
15244,37,7
15245,3,3
15246,0,3
15247,0,3
15248,0,3
15249,32,5
15250,0,3
15251,25,5
15252,0,3
15253,57,2
15254,31,5
15255,51,7
15256,34,7
15257,52,8
15258,1,3
15259,0,3
15260,1,3
15261,8,4
15262,29,7
15263,5,3
15264,25,4
15265,20,5
15266,85,4
15267,20,5
15268,55,3
15269,8,4
15270,1,3
15271,35,6
15272,0,3
15273,1,3
15274,23,7
15275,31,6
15276,0,3
15277,0,3
15278,8,4
15279,0,3
15280,0,3
15281,0,3
15282,10,3
15283,0,3
15284,46,6
15285,0,3
15286,16,3
15287,10,3
15288,25,4
15289,0,3
15290,5,1
15291,6,3
15292,0,3
15293,25,6
15294,0,3
15295,0,3
15296,8,4
15297,14,3
15298,0,3
15299,0,3
15300,0,3
15301,0,3
15302,1,3
15303,1,3
15304,54,5
15305,3,3
15306,58,6
15307,0,3
15308,22,6
15309,13,4
15310,21,5
15311,15,4
15312,8,3
15313,14,3
15314,12,3
15315,7,3
15316,0,3
15317,0,3
15318,110,7
15319,6,5
15320,0,3
15321,4,3
15322,10,5
15323,0,3
15324,2,3
15325,7,5
15326,0,3
15327,27,7
15328,13,5
15329,15,2
15330,0,3
15331,0,3
15332,30,8
15333,3,3
15334,9,4
15335,13,6
15336,63,8
15337,5,3
15338,20,5
15339,17,8
15340,50,4
15341,48,7
15342,0,3
15343,11,3
15344,0,3
15345,0,3
15346,0,3
15347,0,3
15348,101,2
15349,30,5
15350,0,3
15351,0,3
15352,15,6
15353,0,3
15354,0,3
15355,30,8
15356,0,3
15357,0,3
15358,1,3
15359,0,3
15360,0,3
15361,43,3
15362,0,3
15363,106,8
15364,0,3
15365,17,5
15366,13,4
15367,31,7
15368,13,5
15369,0,3
15370,4,3
15371,0,3
15372,15,3
15373,12,2
15374,0,3
15375,1,3
15376,4,3
15377,45,6
15378,0,3
15379,22,4
15380,0,3
15381,24,5
15382,2,3
15383,0,3
15384,0,3
15385,12,3
15386,18,5
15387,4,3
15388,41,7
15389,0,3
15390,51,7
15391,0,3
15392,0,3
15393,26,8
15394,40,7
15395,0,3
15396,29,4
15397,42,6
15398,70,5
15399,0,3
15400,0,3
15401,18,3
15402,52,7
15403,53,9
15404,9,4
15405,37,6
15406,0,3
15407,2,3
15408,19,6
15409,14,5
15410,7,4
15411,0,3
15412,7,3
15413,25,5
15414,0,3
15415,13,5
15416,0,3
15417,0,3
15418,10,5
15419,21,5
15420,0,3
15421,16,5
15422,28,5
15423,0,3
15424,24,5
15425,0,3
15426,17,6
15427,0,3
15428,15,3
15429,4,4
15430,12,4
15431,16,5
15432,1,3
15433,12,4
15434,0,3
15435,10,4
15436,0,3
15437,11,4
15438,20,5
15439,0,3
15440,5,4
15441,0,3
15442,0,3
15443,0,3
15444,48,3
15445,7,3
15446,37,4
15447,0,3
15448,63,6
15449,47,5
15450,12,5
15451,0,3
15452,54,4
15453,16,5
15454,21,4
15455,27,4
15456,8,3
15457,0,3
15458,26,3
15459,0,3
15460,22,4
15461,0,3
15462,12,5
15463,28,5
15464,1,3
15465,0,3
15466,26,6
15467,0,3
15468,2,3
15469,43,6
15470,0,3
15471,16,4
15472,1,3
15473,0,3
15474,1,3
15475,0,3
15476,0,3
15477,21,4
15478,2,3
15479,37,5
15480,0,3
15481,0,3
15482,29,4
15483,0,3
15484,44,5
15485,0,3
15486,11,5
15487,0,3
15488,3,4
15489,43,8
15490,13,5
15491,10,4
15492,15,5
15493,0,3
15494,34,6
15495,5,2
15496,18,6
15497,14,4
15498,0,3
15499,1,3
15500,1,3
15501,13,3
15502,0,3
15503,13,5
15504,40,5
15505,0,3
15506,10,5
15507,21,7
15508,32,7
15509,20,4
15510,47,4
15511,0,3
15512,13,4
15513,2,3
15514,33,5
15515,0,3
15516,87,5
15517,12,4
15518,0,3
15519,1,3
15520,26,6
15521,17,4
15522,0,3
15523,22,6
15524,54,5
15525,8,3
15526,61,7
15527,6,4
15528,17,4
15529,26,6
15530,0,3
15531,0,3
15532,20,6
15533,0,3
15534,0,3
15535,0,3
15536,10,4
15537,26,5
15538,52,8
15539,0,3
15540,29,3
15541,23,4
15542,0,3
15543,25,6
15544,13,4
15545,0,3
15546,26,5
15547,17,4
15548,7,5
15549,0,3
15550,16,5
15551,0,3
15552,0,3
15553,0,3
15554,13,4
15555,15,6
15556,0,3
15557,0,3
15558,0,3
15559,1,3
15560,0,3
15561,0,3
15562,0,3
15563,0,3
15564,4,4
15565,0,3
15566,6,4
15567,19,4
15568,1,3
15569,0,3
15570,32,5
15571,1,3
15572,67,10
15573,11,3
15574,43,6
15575,3,5
15576,0,3
15577,47,12
15578,20,3
15579,38,6
15580,0,3
15581,0,3
15582,0,3
15583,31,5
15584,30,6
15585,4,3
15586,20,6
15587,23,5
15588,0,3
15589,0,3
15590,8,5
15591,6,3
15592,31,3
15593,6,3
15594,16,3
15595,11,3
15596,0,3
15597,0,3
15598,11,4
15599,18,6
15600,0,3
15601,25,7
15602,0,3
15603,15,4
15604,21,4
15605,0,3
15606,23,5
15607,0,3
15608,0,3
15609,0,3
15610,0,3
15611,2,3
15612,0,3
15613,49,9
15614,5,4
15615,66,8
15616,0,3
15617,0,3
15618,76,10
15619,15,7
15620,0,3
15621,69,10
15622,7,4
15623,26,8
15624,3,3
15625,6,3
15626,0,3
15627,0,3
15628,20,2
15629,31,5
15630,36,4
15631,5,5
15632,3,3
15633,0,3
15634,23,8
15635,0,3
15636,0,3
15637,45,7
15638,0,3
15639,0,3
15640,0,3
15641,43,8
15642,23,4
15643,0,3
15644,54,7
15645,15,5
15646,4,4
15647,2,3
15648,31,5
15649,3,3
15650,6,4
15651,0,3
15652,28,7
15653,18,3
15654,15,7
15655,0,3
15656,2,3
15657,0,3
15658,0,3
15659,0,3
15660,48,6
15661,37,5
15662,6,3
15663,10,4
15664,16,4
15665,37,4
15666,21,3
15667,0,3
15668,0,3
15669,0,3
15670,70,7
15671,37,4
15672,0,3
15673,2,3
15674,1,3
15675,12,3
15676,11,3
15677,0,3
15678,42,4
15679,22,6
15680,2,3
15681,0,3
15682,35,7
15683,0,3
15684,3,3
15685,68,8
15686,41,6
15687,3,4
15688,1,3
15689,0,3
15690,19,6
15691,0,3
15692,15,4
15693,34,5
15694,0,3
15695,25,4
15696,0,3
15697,31,6
15698,6,4
15699,51,5
15700,0,3
15701,0,3
15702,17,6
15703,0,3
15704,0,3
15705,14,5
15706,0,3
15707,0,3
15708,16,5
15709,0,3
15710,0,3
15711,42,8
15712,10,5
15713,38,9
15714,13,5
15715,52,10
15716,21,6
15717,0,3
15718,25,6
15719,5,3
15720,28,5
15721,2,3
15722,1,3
15723,0,3
15724,0,3
15725,30,5
15726,23,5
15727,45,7
15728,36,5
15729,0,3
15730,34,5
15731,2,3
15732,0,3
15733,19,5
15734,13,4
15735,0,3
15736,17,6
15737,5,4
15738,49,6
15739,4,4
15740,53,5
15741,0,3
15742,66,5
15743,0,3
15744,0,3
15745,2,3
15746,34,5
15747,0,3
15748,0,3
15749,21,7
15750,0,3
15751,0,3
15752,0,3
15753,31,5
15754,33,5
15755,0,3
15756,24,6
15757,64,5
15758,39,5
15759,72,7
15760,8,3
15761,0,3
15762,44,6
15763,0,3
15764,0,3
15765,0,3
15766,49,4
15767,26,5
15768,13,4
15769,29,6
15770,52,6
15771,12,4
15772,1,3
15773,30,7
15774,13,4
15775,15,5
15776,0,3
15777,0,3
15778,0,3
15779,0,3
15780,0,3
15781,27,7
15782,30,5
15783,0,3
15784,25,6
15785,0,3
15786,0,3
15787,28,5
15788,29,4
15789,13,5
15790,22,7
15791,43,7
15792,19,3
15793,7,5
15794,0,3
15795,43,5
15796,9,3
15797,0,3
15798,40,9
15799,27,3
15800,22,5
15801,0,3
15802,0,3
15803,56,7
15804,0,3
15805,18,3
15806,35,4
15807,17,4
15808,10,4
15809,0,3
15810,3,3
15811,0,3
15812,0,3
15813,10,6
15814,0,3
15815,40,6
15816,20,6
15817,0,3
15818,0,3
15819,24,6
15820,0,3
15821,56,7
15822,21,4
15823,53,8
15824,36,4
15825,0,3
15826,0,3
15827,0,3
15828,48,8
15829,0,3
15830,13,4
15831,22,5
15832,17,3
15833,21,5
15834,45,7
15835,21,4
15836,10,3
15837,48,7
15838,4,3
15839,24,4
15840,16,5
15841,0,3
15842,12,4
15843,0,3
15844,0,3
15845,0,3
15846,0,3
15847,10,4
15848,62,5
15849,4,3
15850,9,5
15851,7,3
15852,0,3
15853,42,3
15854,60,7
15855,16,6
15856,6,3
15857,38,6
15858,6,3
15859,10,3
15860,10,4
15861,0,3
15862,63,6
15863,46,8
15864,37,5
15865,46,9
15866,0,3
15867,4,3
15868,0,3
15869,0,3
15870,9,3
15871,32,4
15872,0,3
15873,7,3
15874,77,3
15875,17,5
15876,0,3
15877,12,4
15878,38,8
15879,0,3
15880,38,6
15881,6,3
15882,0,3
15883,11,3
15884,0,3
15885,7,3
15886,27,7
15887,0,3
15888,22,6
15889,2,3
15890,8,4
15891,17,6
15892,26,5
15893,0,3
15894,0,3
15895,13,5
15896,21,4
15897,11,5
15898,28,6
15899,2,4
15900,0,3
15901,0,3
15902,26,5
15903,20,5
15904,12,4
15905,48,7
15906,19,4
15907,42,7
15908,0,3
15909,0,3
15910,3,3
15911,0,3
15912,23,3
15913,0,3
15914,0,3
15915,23,5
15916,0,3
15917,0,3
15918,248,9
15919,29,6
15920,0,3
15921,18,4
15922,59,7
15923,0,3
15924,4,3
15925,37,6
15926,104,3
15927,29,4
15928,22,4
15929,0,3
15930,3,3
15931,13,4
15932,0,3
15933,0,3
15934,10,4
15935,38,6
15936,0,3
15937,38,8
15938,0,3
15939,1,3
15940,0,3
15941,9,3
15942,5,4
15943,0,3
15944,64,7
15945,30,6
15946,35,3
15947,30,4
15948,56,7
15949,35,6
15950,0,3
15951,66,3
15952,6,4
15953,8,3
15954,45,5
15955,39,6
15956,7,4
15957,55,8
15958,6,3
15959,0,3
15960,43,9
15961,0,3
15962,0,3
15963,11,3
15964,28,5
15965,0,3
15966,42,7
15967,0,3
15968,0,3
15969,0,3
15970,0,3
15971,0,3
15972,0,3
15973,51,7
15974,16,4
15975,0,3
15976,1,3
15977,0,3
15978,23,5
15979,1,3
15980,14,5
15981,40,8
15982,13,2
15983,52,7
15984,1,3
15985,52,6
15986,12,4
15987,0,3
15988,5,3
15989,11,3
15990,56,4
15991,0,3
15992,18,5
15993,3,3
15994,1,3
15995,25,6
15996,28,5
15997,0,3
15998,13,4
15999,6,3
16000,0,3
16001,18,4
16002,9,3
16003,4,5
16004,2,3
16005,8,5
16006,7,3
16007,14,3
16008,20,4
16009,22,4
16010,22,5
16011,15,4
16012,0,3
16013,36,4
16014,0,3
16015,59,9
16016,0,3
16017,23,7
16018,37,6
16019,22,8
16020,0,3
16021,33,5
16022,0,3
16023,28,6
16024,58,4
16025,15,6
16026,22,4
16027,13,5
16028,37,5
16029,13,5
16030,0,3
16031,29,6
16032,58,8
16033,0,3
16034,9,5
16035,0,3
16036,0,3
16037,15,5
16038,29,7
16039,28,5
16040,11,4
16041,29,3
16042,56,10
16043,31,6
16044,1,3
16045,26,7
16046,9,4
16047,37,4
16048,0,3
16049,71,8
16050,8,4
16051,15,5
16052,4,3
16053,0,3
16054,0,3
16055,0,3
16056,0,3
16057,43,9
16058,0,3
16059,0,3
16060,0,3
16061,3,4
16062,0,3
16063,18,7
16064,0,3
16065,0,3
16066,67,7
16067,2,3
16068,0,3
16069,51,7
16070,0,3
16071,0,3
16072,0,3
16073,2,3
16074,43,5
16075,4,3
16076,53,6
16077,0,3
16078,24,5
16079,7,4
16080,29,6
16081,28,7
16082,0,3
16083,39,5
16084,67,9
16085,0,3
16086,78,10
16087,62,8
16088,49,7
16089,51,6
16090,0,3
16091,36,6
16092,0,3
16093,0,3
16094,0,3
16095,28,6
16096,5,4
16097,15,5
16098,5,4
16099,0,3
16100,64,9
16101,0,3
16102,4,3
16103,37,6
16104,22,6
16105,35,5
16106,39,7
16107,0,3
16108,36,4
16109,63,10
16110,0,3
16111,9,4
16112,45,6
16113,2,3
16114,0,3
16115,0,3
16116,5,3
16117,32,5
16118,24,3
16119,15,7
16120,14,4
16121,1,3
16122,0,3
16123,0,3
16124,0,3
16125,0,3
16126,29,4
16127,44,6
16128,30,6
16129,9,4
16130,0,3
16131,0,3
16132,0,3
16133,42,8
16134,57,7
16135,90,4
16136,0,3
16137,33,7
16138,12,4
16139,25,7
16140,4,3
16141,71,8
16142,0,3
16143,70,6
16144,9,3
16145,4,4
16146,12,4
16147,30,8
16148,26,3
16149,4,3
16150,0,3
16151,13,6
16152,29,5
16153,0,3
16154,9,3
16155,39,4
16156,28,4
16157,53,4
16158,18,5
16159,40,7
16160,0,3
16161,0,3
16162,0,3
16163,8,3
16164,2,3
16165,0,3
16166,0,3
16167,0,3
16168,23,7
16169,0,3
16170,0,3
16171,45,6
16172,0,3
16173,32,5
16174,0,3
16175,0,3
16176,83,6
16177,44,8
16178,30,6
16179,23,5
16180,10,4
16181,8,4
16182,29,6
16183,0,3
16184,0,3
16185,0,3
16186,0,3
16187,0,3
16188,139,5
16189,0,3
16190,0,3
16191,32,5
16192,0,3
16193,49,7
16194,3,4
16195,11,4
16196,5,3
16197,51,11
16198,0,3
16199,13,4
16200,2,3
16201,0,3
16202,14,4
16203,0,3
16204,1,3
16205,0,3
16206,29,7
16207,20,6
16208,21,9
16209,8,3
16210,37,5
16211,0,3
16212,15,5
16213,27,4
16214,0,3
16215,0,3
16216,6,5
16217,29,7
16218,0,3
16219,30,7
16220,1,2
16221,12,3
16222,0,3
16223,0,3
16224,47,4
16225,2,3
16226,0,3
16227,35,9
16228,69,9
16229,0,3
16230,31,3
16231,3,4
16232,0,3
16233,0,3
16234,33,7
16235,102,5
16236,44,5
16237,32,7
16238,42,7
16239,0,3
16240,13,3
16241,0,3
16242,23,7
16243,58,6
16244,49,6
16245,1,3
16246,17,5
16247,2,4
16248,3,4
16249,0,3
16250,0,3
16251,0,3
16252,34,6
16253,29,3
16254,0,3
16255,14,6
16256,12,4
16257,42,6
16258,0,3
16259,17,4
16260,0,3
16261,16,4
16262,36,6
16263,10,3
16264,24,5
16265,30,4
16266,18,5
16267,0,3
16268,0,3
16269,0,3
16270,0,3
16271,13,4
16272,1,3
16273,2,3
16274,104,6
16275,41,6
16276,0,3
16277,7,5
16278,27,6
16279,0,3
16280,98,6
16281,0,3
16282,1,3
16283,35,5
16284,0,3
16285,18,5
16286,35,6
16287,20,7
16288,0,3
16289,70,5
16290,23,7
16291,23,5
16292,23,5
16293,0,3
16294,0,3
16295,14,5
16296,0,3
16297,74,7
16298,19,7
16299,7,3
16300,29,7
16301,30,6
16302,71,9
16303,0,3
16304,0,3
16305,36,7
16306,49,6
16307,29,7
16308,0,3
16309,15,4
16310,46,7
16311,3,4
16312,33,6
16313,34,8
16314,0,3
16315,5,3
16316,16,5
16317,33,6
16318,20,4
16319,0,3
16320,1,3
16321,0,3
16322,48,8
16323,0,3
16324,42,6
16325,0,3
16326,0,3
16327,47,8
16328,142,5
16329,34,4
16330,6,3
16331,8,4
16332,35,6
16333,0,3
16334,37,6
16335,10,4
16336,12,5
16337,10,5
16338,34,7
16339,29,5
16340,11,3
16341,40,6
16342,0,3
16343,10,4
16344,19,6
16345,13,3
16346,9,5
16347,94,9
16348,59,8
16349,27,4
16350,40,5
16351,8,5
16352,33,7
16353,10,4
16354,0,3
16355,20,7
16356,30,7
16357,7,4
16358,27,5
16359,1,3
16360,35,7
16361,15,4
16362,0,3
16363,0,3
16364,8,3
16365,0,3
16366,21,7
16367,0,3
16368,37,8
16369,69,11
16370,0,3
16371,21,5
16372,39,5
16373,24,4
16374,16,5
16375,16,5
16376,62,5
16377,0,3
16378,0,3
16379,0,3
16380,6,3
16381,57,6
16382,0,3
16383,35,8
16384,38,7
16385,31,8
16386,11,3
16387,29,7
16388,30,6
16389,15,3
16390,0,3
16391,0,3
16392,11,4
16393,35,10
16394,26,5
16395,0,3
16396,63,9
16397,0,3
16398,24,4
16399,27,5
16400,7,4
16401,11,5
16402,31,5
16403,0,3
16404,6,4
16405,59,7
16406,0,3
16407,0,3
16408,0,3
16409,0,3
16410,31,4
16411,0,3
16412,0,3
16413,0,3
16414,0,3
16415,18,6
16416,17,6
16417,6,4
16418,0,3
16419,0,3
16420,0,3
16421,0,3
16422,0,3
16423,0,3
16424,4,3
16425,37,7
16426,0,3
16427,17,4
16428,38,8
16429,64,7
16430,0,3
16431,20,5
16432,0,3
16433,0,3
16434,0,3
16435,32,3
16436,0,3
16437,45,5
16438,0,3
16439,34,7
16440,0,3
16441,0,3
16442,1,3
16443,25,4
16444,74,6
16445,50,6
16446,0,3
16447,219,6
16448,9,4
16449,0,3
16450,4,3
16451,0,3
16452,6,3
16453,1,3
16454,0,3
16455,0,3
16456,0,3
16457,0,3
16458,14,3
16459,0,3
16460,0,3
16461,56,7
16462,0,3
16463,23,3
16464,0,3
16465,0,3
16466,0,3
16467,4,3
16468,0,3
16469,0,3
16470,17,6
16471,0,3
16472,2,4
16473,0,3
16474,55,5
16475,0,3
16476,22,5
16477,0,3
16478,9,4
16479,0,3
16480,0,3
16481,53,6
16482,54,6
16483,13,4
16484,22,7
16485,0,3
16486,0,3
16487,22,4
16488,0,3
16489,28,5
16490,82,8
16491,18,5
16492,20,6
16493,35,4
16494,36,6
16495,0,3
16496,0,3
16497,31,6
16498,0,3
16499,6,3
16500,0,3
16501,0,3
16502,0,3
16503,44,7
16504,36,7
16505,56,8
16506,35,7
16507,84,7
16508,6,4
16509,44,9
16510,18,4
16511,0,3
16512,65,8
16513,1,3
16514,40,7
16515,9,6
16516,31,5
16517,60,7
16518,32,5
16519,0,3
16520,0,3
16521,0,3
16522,0,3
16523,52,4
16524,67,6
16525,18,5
16526,39,7
16527,23,5
16528,18,3
16529,34,8
16530,14,5
16531,2,3
16532,38,5
16533,20,4
16534,0,3
16535,26,4
16536,0,3
16537,0,3
16538,64,9
16539,21,6
16540,41,7
16541,0,3
16542,0,3
16543,2,3
16544,0,3
16545,0,3
16546,0,3
16547,0,3
16548,0,3
16549,53,8
16550,0,3
16551,0,3
16552,0,3
16553,0,3
16554,0,3
16555,18,5
16556,25,7
16557,70,8
16558,27,5
16559,17,4
16560,16,4
16561,44,7
16562,21,4
16563,27,6
16564,0,3
16565,55,9
16566,0,3
16567,19,4
16568,48,8
16569,12,5
16570,0,3
16571,0,3
16572,15,5
16573,22,5
16574,0,3
16575,0,3
16576,25,7
16577,0,3
16578,19,4
16579,27,7
16580,4,4
16581,0,3
16582,2,3
16583,80,9
16584,13,3
16585,0,3
16586,0,3
16587,0,3
16588,35,4
16589,9,5
16590,59,7
16591,20,5
16592,37,10
16593,12,5
16594,0,3
16595,0,3
16596,46,6
16597,11,3
16598,0,3
16599,0,3
16600,54,7
16601,26,6
16602,39,7
16603,19,6
16604,1,3
16605,21,4
16606,0,3
16607,5,3
16608,7,3
16609,0,3
16610,0,3
16611,5,3
16612,0,3
16613,146,5
16614,34,6
16615,7,3
16616,20,3
16617,28,4
16618,6,4
16619,23,3
16620,31,5
16621,0,3
16622,0,3
16623,0,3
16624,10,5
16625,0,3
16626,22,6
16627,0,3
16628,0,3
16629,1,3
16630,0,3
16631,20,4
16632,15,5
16633,18,6
16634,58,7
16635,5,4
16636,0,3
16637,21,5
16638,21,5
16639,0,3
16640,0,3
16641,6,3
16642,29,5
16643,24,5
16644,24,5
16645,17,5
16646,0,3
16647,44,5
16648,8,3
16649,22,5
16650,0,3
16651,27,7
16652,39,6
16653,38,7
16654,0,3
16655,10,3
16656,0,3
16657,17,2
16658,6,3
16659,0,3
16660,0,3
16661,0,3
16662,54,7
16663,11,4
16664,16,4
16665,0,3
16666,21,5
16667,36,6
16668,0,3
16669,21,5
16670,10,3
16671,0,3
16672,0,3
16673,0,3
16674,0,3
16675,57,5
16676,0,3
16677,32,6
16678,0,3
16679,0,3
16680,3,3
16681,42,7
16682,21,3
16683,61,7
16684,17,4
16685,14,5
16686,0,3
16687,0,3
16688,29,6
16689,44,7
16690,25,5
16691,5,3
16692,0,3
16693,0,3
16694,12,3
16695,33,7
16696,40,8
16697,0,3
16698,0,3
16699,13,3
16700,10,5
16701,48,7
16702,0,3
16703,6,4
16704,15,2
16705,100,8
16706,0,3
16707,44,8
16708,0,3
16709,17,4
16710,18,4
16711,27,5
16712,6,3
16713,30,4
16714,0,3
16715,1,3
16716,0,3
16717,2,3
16718,35,6
16719,7,3
16720,66,10
16721,0,3
16722,30,9
16723,0,3
16724,54,8
16725,3,3
16726,19,6
16727,53,6
16728,27,6
16729,0,3
16730,16,6
16731,50,6
16732,42,7
16733,32,7
16734,22,6
16735,37,7
16736,22,6
16737,53,7
16738,0,3
16739,0,3
16740,0,3
16741,0,3
16742,3,3
16743,19,4
16744,0,3
16745,17,3
16746,5,3
16747,5,3
16748,13,3
16749,79,6
16750,51,6
16751,78,9
16752,42,8
16753,18,4
16754,68,8
16755,0,3
16756,24,5
16757,12,4
16758,0,3
16759,0,3
16760,17,6
16761,42,8
16762,6,4
16763,0,3
16764,30,6
16765,36,5
16766,23,4
16767,32,5
16768,0,3
16769,0,3
16770,9,3
16771,73,6
16772,1,3
16773,13,4
16774,0,3
16775,19,5
16776,38,6
16777,0,3
16778,0,3
16779,0,3
16780,102,7
16781,31,6
16782,3,3
16783,45,8
16784,0,3
16785,4,4
16786,0,3
16787,36,8
16788,26,7
16789,18,4
16790,0,3
16791,20,5
16792,24,5
16793,0,3
16794,0,3
16795,19,5
16796,2,3
16797,0,3
16798,6,3
16799,0,3
16800,4,4
16801,0,3
16802,14,5
16803,17,4
16804,28,6
16805,37,4
16806,0,3
16807,69,6
16808,0,3
16809,1,3
16810,44,8
16811,0,3
16812,0,3
16813,0,3
16814,0,3
16815,67,10
16816,0,3
16817,8,4
16818,0,3
16819,0,3
16820,37,7
16821,40,6
16822,38,5
16823,35,3
16824,39,9
16825,0,3
16826,0,3
16827,18,4
16828,0,3
16829,35,4
16830,5,4
16831,5,3
16832,32,6
16833,20,7
16834,31,8
16835,4,3
16836,36,7
16837,41,7
16838,33,7
16839,16,6
16840,0,3
16841,41,4
16842,19,5
16843,0,3
16844,24,4
16845,30,7
16846,0,3
16847,53,9
16848,63,8
16849,14,4
16850,32,8
16851,11,4
16852,31,5
16853,17,5
16854,0,3
16855,32,7
16856,40,7
16857,7,4
16858,76,10
16859,0,3
16860,4,3
16861,38,8
16862,21,6
16863,0,3
16864,30,6
16865,0,3
16866,42,8
16867,0,3
16868,14,3
16869,4,4
16870,26,7
16871,10,4
16872,12,6
16873,0,3
16874,0,3
16875,0,3
16876,48,7
16877,139,11
16878,0,3
16879,0,3
16880,3,3
16881,35,5
16882,14,5
16883,13,5
16884,46,5
16885,41,8
16886,1,4
16887,38,6
16888,0,3
16889,12,5
16890,71,8
16891,0,3
16892,0,3
16893,11,4
16894,9,4
16895,23,5
16896,49,9
16897,8,4
16898,46,5
16899,9,4
16900,8,3
16901,19,4
16902,27,8
16903,19,5
16904,52,5
16905,49,5
16906,7,5
16907,0,3
16908,49,8
16909,29,6
16910,0,3
16911,0,3
16912,2,3
16913,0,3
16914,0,3
16915,34,3
16916,28,6
16917,4,3
16918,0,3
16919,14,5
16920,4,3
16921,11,4
16922,0,3
16923,0,3
16924,16,6
16925,32,5
16926,88,11
16927,17,4
16928,28,6
16929,37,5
16930,1,3
16931,0,3
16932,0,3
16933,43,10
16934,20,5
16935,0,3
16936,0,3
16937,54,7
16938,64,6
16939,3,3
16940,0,3
16941,0,3
16942,16,6
16943,10,3
16944,0,3
16945,0,3
16946,17,6
16947,9,4
16948,0,3
16949,0,3
16950,0,3
16951,7,4
16952,19,4
16953,20,6
16954,5,4
16955,65,9
16956,48,7
16957,30,6
16958,78,8
16959,41,7
16960,48,5
16961,0,3
16962,21,5
16963,45,8
16964,0,3
16965,0,3
16966,71,6
16967,38,4
16968,0,3
16969,67,8
16970,26,5
16971,0,3
16972,0,3
16973,0,3
16974,18,4
16975,8,4
16976,64,9
16977,61,8
16978,15,4
16979,26,6
16980,36,6
16981,51,8
16982,0,3
16983,20,6
16984,8,3
16985,0,3
16986,0,3
16987,26,3
16988,31,6
16989,0,3
16990,13,3
16991,7,4
16992,0,3
16993,71,7
16994,0,3
16995,3,3
16996,27,5
16997,0,3
16998,13,4
16999,47,8
17000,37,8
17001,44,7
17002,69,9
17003,25,7
17004,16,4
17005,15,4
17006,11,4
17007,36,7
17008,13,3
17009,0,3
17010,0,3
17011,21,5
17012,0,3
17013,0,3
17014,2,4
17015,19,7
17016,32,5
17017,16,5
17018,0,3
17019,0,3
17020,0,3
17021,0,3
17022,0,3
17023,12,4
17024,14,6
17025,0,3
17026,0,3
17027,21,6
17028,7,3
17029,48,7
17030,0,3
17031,33,5
17032,0,3
17033,0,3
17034,0,3
17035,8,3
17036,0,3
17037,2,3
17038,0,3
17039,0,3
17040,51,6
17041,0,3
17042,0,3
17043,12,3
17044,0,3
17045,36,6
17046,29,8
17047,0,3
17048,14,6
17049,23,6
17050,7,3
17051,94,7
17052,32,6
17053,0,3
17054,11,4
17055,62,7
17056,0,3
17057,12,4
17058,26,5
17059,0,3
17060,27,4
17061,17,6
17062,16,5
17063,0,3
17064,0,3
17065,0,3
17066,0,3
17067,0,3
17068,0,3
17069,4,3
17070,0,3
17071,2,3
17072,0,3
17073,17,7
17074,5,4
17075,49,6
17076,0,3
17077,0,3
17078,0,3
17079,0,3
17080,0,3
17081,0,3
17082,53,9
17083,18,4
17084,26,6
17085,0,3
17086,0,3
17087,85,7
17088,24,4
17089,23,3
17090,0,3
17091,70,11
17092,1,3
17093,13,4
17094,1,3
17095,23,4
17096,20,7
17097,52,5
17098,47,8
17099,24,6
17100,29,5
17101,0,3
17102,0,3
17103,35,6
17104,0,3
17105,0,3
17106,10,5
17107,99,13
17108,59,10
17109,0,3
17110,52,9
17111,6,3
17112,22,4
17113,36,6
17114,4,3
17115,0,3
17116,0,3
17117,58,8
17118,25,4
17119,8,4
17120,2,3
17121,7,4
17122,66,10
17123,19,5
17124,80,7
17125,15,4
17126,0,3
17127,23,3
17128,33,7
17129,0,3
17130,68,8
17131,0,3
17132,12,4
17133,40,8
17134,43,7
17135,7,4
17136,17,5
17137,38,6
17138,0,3
17139,6,3
17140,0,3
17141,19,6
17142,35,5
17143,1,3
17144,0,3
17145,0,3
17146,73,8
17147,51,8
17148,12,5
17149,17,4
17150,0,3
17151,0,3
17152,0,3
17153,0,3
17154,0,3
17155,0,3
17156,9,3
17157,1,3
17158,15,6
17159,17,4
17160,2,3
17161,0,3
17162,0,3
17163,0,3
17164,7,3
17165,18,4
17166,1,3
17167,54,5
17168,0,3
17169,0,3
17170,14,4
17171,0,3
17172,0,3
17173,16,5
17174,17,4
17175,17,4
17176,0,3
17177,45,5
17178,4,3
17179,36,6
17180,0,3
17181,0,3
17182,0,3
17183,0,3
17184,40,5
17185,43,4
17186,37,6
17187,11,4
17188,18,3
17189,0,3
17190,47,7
17191,45,10
17192,2,3
17193,10,5
17194,0,3
17195,1,3
17196,70,10
17197,1,3
17198,49,11
17199,44,7
17200,0,3
17201,39,7
17202,8,4
17203,0,3
17204,4,3
17205,0,3
17206,0,3
17207,1,3
17208,47,7
17209,24,4
17210,30,8
17211,0,3
17212,20,7
17213,0,3
17214,27,5
17215,0,3
17216,0,3
17217,42,7
17218,44,8
17219,0,3
17220,15,4
17221,1,3
17222,16,5
17223,10,3
17224,0,3
17225,13,3
17226,15,4
17227,22,4
17228,0,3
17229,30,5
17230,0,3
17231,0,3
17232,0,3
17233,10,3
17234,25,5
17235,24,3
17236,0,3
17237,0,3
17238,4,4
17239,39,5
17240,47,5
17241,17,3
17242,0,3
17243,0,3
17244,0,3
17245,9,3
17246,112,13
17247,65,7
17248,6,3
17249,1,3
17250,18,7
17251,68,8
17252,0,3
17253,0,3
17254,44,11
17255,43,4
17256,0,3
17257,6,4
17258,40,7
17259,0,3
17260,33,4
17261,0,3
17262,0,3
17263,40,7
17264,18,5
17265,141,5
17266,0,3
17267,62,8
17268,36,4
17269,1,3
17270,0,3
17271,8,4
17272,0,3
17273,47,8
17274,17,3
17275,3,3
17276,0,3
17277,66,4
17278,0,3
17279,44,10
17280,37,9
17281,11,4
17282,43,6
17283,4,3
17284,53,7
17285,4,3
17286,56,10
17287,7,3
17288,0,3
17289,3,3
17290,59,6
17291,36,5
17292,49,7
17293,87,5
17294,33,5
17295,15,3
17296,0,3
17297,11,4
17298,25,4
17299,25,3
17300,4,3
17301,65,9
17302,26,3
17303,0,3
17304,18,5
17305,0,3
17306,0,3
17307,0,3
17308,8,4
17309,0,3
17310,6,4
17311,0,3
17312,23,6
17313,13,4
17314,5,3
17315,53,8
17316,0,3
17317,3,3
17318,0,3
17319,0,3
17320,25,4
17321,0,3
17322,1,3
17323,78,8
17324,34,5
17325,22,6
17326,20,5
17327,0,3
17328,3,3
17329,0,3
17330,15,3
17331,34,4
17332,16,6
17333,33,6
17334,44,5
17335,0,3
17336,46,7
17337,0,3
17338,0,3
17339,2,3
17340,21,4
17341,76,9
17342,0,3
17343,8,3
17344,0,3
17345,0,3
17346,50,7
17347,0,3
17348,80,9
17349,8,3
17350,25,5
17351,10,5
17352,52,7
17353,0,3
17354,75,7
17355,44,7
17356,0,3
17357,74,7
17358,33,8
17359,0,3
17360,32,7
17361,0,3
17362,71,8
17363,0,3
17364,11,3
17365,67,8
17366,11,6
17367,0,3
17368,13,3
17369,5,4
17370,3,3
17371,0,3
17372,37,6
17373,0,3
17374,0,3
17375,61,8
17376,15,6
17377,20,5
17378,33,6
17379,12,2
17380,33,5
17381,42,7
17382,25,5
17383,0,3
17384,33,6
17385,0,3
17386,0,3
17387,12,5
17388,0,3
17389,27,5
17390,0,3
17391,0,3
17392,36,8
17393,0,3
17394,6,6
17395,1,3
17396,0,3
17397,0,3
17398,26,6
17399,0,3
17400,27,6
17401,22,3
17402,49,5
17403,26,6
17404,0,3
17405,0,3
17406,31,7
17407,0,3
17408,1,3
17409,0,3
17410,45,7
17411,12,5
17412,8,3
17413,2,3
17414,23,7
17415,44,6
17416,54,9
17417,11,2
17418,0,3
17419,32,5
17420,11,4
17421,13,6
17422,33,7
17423,24,5
17424,10,4
17425,3,3
17426,3,2
17427,61,4
17428,0,3
17429,0,3
17430,31,5
17431,27,7
17432,0,3
17433,8,4
17434,6,3
17435,22,5
17436,19,6
17437,0,3
17438,48,10
17439,0,3
17440,32,6
17441,14,5
17442,0,3
17443,1,3
17444,6,3
17445,8,3
17446,3,3
17447,39,6
17448,56,9
17449,30,6
17450,0,3
17451,16,6
17452,7,4
17453,16,4
17454,29,5
17455,0,3
17456,15,5
17457,1,3
17458,12,5
17459,33,6
17460,19,4
17461,29,7
17462,19,5
17463,21,5
17464,0,3
17465,12,6
17466,0,3
17467,25,7
17468,0,3
17469,10,3
17470,21,6
17471,12,4
17472,0,3
17473,72,8
17474,0,3
17475,0,3
17476,0,3
17477,17,4
17478,0,3
17479,42,5
17480,48,6
17481,0,3
17482,2,3
17483,24,5
17484,6,3
17485,0,3
17486,30,9
17487,0,3
17488,0,3
17489,42,8
17490,0,3
17491,23,3
17492,3,3
17493,0,3
17494,12,5
17495,0,3
17496,39,6
17497,0,3
17498,0,3
17499,0,3
17500,19,3
17501,12,5
17502,0,3
17503,30,6
17504,37,9
17505,7,6
17506,0,3
17507,0,3
17508,0,3
17509,6,3
17510,22,6
17511,0,3
17512,0,3
17513,0,3
17514,29,6
17515,40,7
17516,35,9
17517,9,4
17518,19,5
17519,0,3
17520,26,5
17521,0,3
17522,56,10
17523,17,6
17524,16,3
17525,15,5
17526,13,4
17527,0,3
17528,16,6
17529,0,3
17530,0,3
17531,0,3
17532,34,7
17533,11,3
17534,15,5
17535,50,7
17536,47,7
17537,66,6
17538,42,5
17539,11,4
17540,9,4
17541,39,5
17542,16,6
17543,1,3
17544,0,3
17545,3,3
17546,38,9
17547,15,4
17548,3,4
17549,25,5
17550,0,3
17551,3,3
17552,0,3
17553,41,7
17554,32,6
17555,22,4
17556,11,4
17557,0,3
17558,58,8
17559,32,5
17560,11,4
17561,18,4
17562,64,8
17563,11,3
17564,50,9
17565,21,5
17566,0,3
17567,1,3
17568,17,7
17569,2,3
17570,16,7
17571,9,5
17572,0,3
17573,0,3
17574,21,6
17575,0,3
17576,10,3
17577,66,5
17578,33,7
17579,10,4
17580,20,5
17581,34,6
17582,18,4
17583,14,3
17584,0,3
17585,66,11
17586,38,7
17587,0,3
17588,50,1
17589,14,3
17590,0,3
17591,45,8
17592,28,7
17593,0,3
17594,18,5
17595,12,4
17596,5,3
17597,0,3
17598,20,5
17599,0,3
17600,1,3
17601,19,5
17602,24,5
17603,14,5
17604,23,5
17605,119,8
17606,0,3
17607,2,4
17608,0,3
17609,30,7
17610,1,3
17611,36,8
17612,2,3
17613,32,9
17614,21,5
17615,0,3
17616,1,3
17617,25,7
17618,89,3
17619,0,3
17620,113,8
17621,0,3
17622,6,3
17623,0,3
17624,0,3
17625,0,3
17626,43,4
17627,39,7
17628,0,3
17629,40,8
17630,40,8
17631,0,3
17632,0,3
17633,16,4
17634,0,3
17635,1,3
17636,34,5
17637,45,7
17638,4,3
17639,36,6
17640,0,3
17641,12,5
17642,0,3
17643,0,3
17644,34,8
17645,22,4
17646,45,7
17647,21,5
17648,7,3
17649,24,2
17650,14,4
17651,0,3
17652,0,3
17653,16,4
17654,30,5
17655,0,3
17656,11,5
17657,0,3
17658,34,7
17659,0,3
17660,29,6
17661,0,3
17662,48,6
17663,14,7
17664,26,6
17665,23,6
17666,0,3
17667,13,3
17668,34,7
17669,0,3
17670,0,3
17671,19,4
17672,0,3
17673,68,9
17674,1,3
17675,1,3
17676,0,3
17677,211,6
17678,50,7
17679,6,3
17680,0,3
17681,0,3
17682,3,3
17683,1,3
17684,0,3
17685,40,9
17686,16,5
17687,0,3
17688,1,3
17689,31,6
17690,0,3
17691,11,5
17692,0,3
17693,20,4
17694,64,7
17695,0,3
17696,44,7
17697,0,3
17698,26,3
17699,0,3
17700,0,3
17701,26,5
17702,0,3
17703,0,3
17704,0,3
17705,41,6
17706,57,7
17707,23,4
17708,74,10
17709,0,3
17710,0,3
17711,20,5
17712,1,3
17713,0,3
17714,16,6
17715,0,3
17716,35,8
17717,0,3
17718,0,3
17719,31,7
17720,0,3
17721,0,3
17722,22,5
17723,3,3
17724,83,5
17725,4,3
17726,0,3
17727,0,3
17728,39,9
17729,0,3
17730,69,9
17731,29,6
17732,34,9
17733,0,3
17734,1,3
17735,36,5
17736,0,3
17737,0,3
17738,0,3
17739,9,3
17740,0,3
17741,40,5
17742,9,5
17743,43,8
17744,0,3
17745,27,7
17746,41,6
17747,0,3
17748,11,3
17749,27,5
17750,0,3
17751,0,3
17752,23,5
17753,0,3
17754,48,3
17755,33,6
17756,65,6
17757,0,3
17758,59,7
17759,42,7
17760,18,7
17761,0,3
17762,18,5
17763,0,3
17764,20,4
17765,7,5
17766,0,3
17767,40,7
17768,0,3
17769,21,5
17770,6,3
17771,115,7
17772,1,3
17773,0,3
17774,28,4
17775,0,3
17776,0,3
17777,13,5
17778,0,3
17779,0,3
17780,18,3
17781,0,3
17782,64,8
17783,39,6
17784,26,5
17785,0,3
17786,7,4
17787,0,3
17788,40,8
17789,13,4
17790,12,5
17791,37,7
17792,0,3
17793,10,6
17794,54,8
17795,78,7
17796,22,6
17797,7,4
17798,21,5
17799,0,3
17800,0,3
17801,0,3
17802,0,3
17803,0,3
17804,0,3
17805,16,5
17806,1,3
17807,67,6
17808,30,6
17809,0,3
17810,9,4
17811,0,3
17812,12,6
17813,52,10
17814,46,8
17815,23,6
17816,21,7
17817,42,4
17818,0,3
17819,6,4
17820,58,9
17821,9,3
17822,23,6
17823,0,3
17824,0,3
17825,23,5
17826,11,3
17827,0,3
17828,10,5
17829,0,3
17830,0,3
17831,0,3
17832,15,3
17833,0,3
17834,0,3
17835,13,6
17836,0,3
17837,0,3
17838,16,5
17839,0,3
17840,20,7
17841,0,3
17842,31,7
17843,0,3
17844,0,3
17845,0,3
17846,53,9
17847,0,3
17848,16,4
17849,88,6
17850,85,7
17851,50,6
17852,26,7
17853,23,5
17854,1,3
17855,1,3
17856,0,3
17857,15,4
17858,16,5
17859,0,3
17860,31,8
17861,41,6
17862,0,3
17863,32,8
17864,26,6
17865,0,3
17866,14,4
17867,0,3
17868,53,4
17869,0,3
17870,83,10
17871,0,3
17872,0,3
17873,15,5
17874,0,3
17875,63,9
17876,17,4
17877,59,7
17878,18,4
17879,25,7
17880,60,8
17881,0,3
17882,18,4
17883,0,3
17884,108,10
17885,128,9
17886,22,4
17887,12,4
17888,20,3
17889,9,4
17890,27,7
17891,0,3
17892,66,13
17893,63,7
17894,0,3
17895,0,3
17896,0,3
17897,46,6
17898,0,3
17899,16,5
17900,0,3
17901,9,3
17902,33,5
17903,41,5
17904,16,4
17905,13,4
17906,3,4
17907,0,3
17908,0,3
17909,0,3
17910,7,4
17911,27,6
17912,28,5
17913,7,3
17914,30,5
17915,44,6
17916,0,3
17917,29,7
17918,0,3
17919,0,3
17920,9,4
17921,0,3
17922,39,6
17923,0,3
17924,41,9
17925,0,3
17926,0,3
17927,74,8
17928,17,4
17929,23,5
17930,0,3
17931,67,7
17932,0,3
17933,0,3
17934,6,3
17935,47,5
17936,0,3
17937,0,3
17938,25,5
17939,21,6
17940,0,3
17941,21,4
17942,0,3
17943,44,8
17944,74,7
17945,69,9
17946,0,3
17947,0,3
17948,42,8
17949,48,7
17950,0,3
17951,0,3
17952,58,9
17953,0,3
17954,60,6
17955,4,3
17956,0,3
17957,0,3
17958,4,4
17959,0,3
17960,0,3
17961,50,5
17962,0,3
17963,3,3
17964,0,3
17965,19,4
17966,20,5
17967,0,3
17968,0,3
17969,106,7
17970,0,3
17971,59,8
17972,0,3
17973,22,7
17974,51,4
17975,1,3
17976,0,3
17977,66,9
17978,10,4
17979,0,3
17980,0,3
17981,26,4
17982,26,5
17983,4,3
17984,0,3
17985,0,3
17986,26,5
17987,0,3
17988,23,5
17989,2,3
17990,0,3
17991,33,7
17992,51,10
17993,32,5
17994,0,3
17995,0,3
17996,23,6
17997,0,3
17998,0,3
17999,16,4
18000,39,7
18001,80,5
18002,0,3
18003,70,7
18004,2,3
18005,45,7
18006,18,6
18007,42,6
18008,90,8
18009,0,3
18010,0,3
18011,42,4
18012,51,6
18013,48,6
18014,51,4
18015,0,3
18016,19,5
18017,23,4
18018,0,3
18019,11,4
18020,0,3
18021,0,3
18022,11,4
18023,15,4
18024,29,7
18025,36,5
18026,0,3
18027,0,3
18028,0,3
18029,0,3
18030,0,3
18031,19,7
18032,47,7
18033,9,5
18034,25,4
18035,53,8
18036,0,3
18037,74,8
18038,36,8
18039,32,7
18040,20,7
18041,0,3
18042,22,5
18043,0,3
18044,19,8
18045,38,7
18046,12,5
18047,0,3
18048,0,3
18049,105,7
18050,43,7
18051,0,3
18052,0,3
18053,17,4
18054,45,5
18055,32,7
18056,33,7
18057,31,4
18058,0,3
18059,15,5
18060,54,6
18061,0,3
18062,9,3
18063,3,4
18064,69,6
18065,10,4
18066,0,3
18067,43,6
18068,19,5
18069,59,8
18070,0,3
18071,0,3
18072,79,4
18073,0,3
18074,43,9
18075,0,3
18076,0,3
18077,30,8
18078,13,4
18079,63,9
18080,35,6
18081,0,3
18082,54,6
18083,13,4
18084,0,3
18085,9,3
18086,27,6
18087,69,9
18088,0,3
18089,24,5
18090,34,7
18091,0,3
18092,0,3
18093,26,3
18094,31,7
18095,48,6
18096,0,3
18097,8,3
18098,37,9
18099,69,7
18100,0,3
18101,0,3
18102,0,3
18103,17,5
18104,69,11
18105,52,5
18106,13,4
18107,0,3
18108,0,3
18109,28,4
18110,0,3
18111,33,8
18112,1,3
18113,29,5
18114,6,4
18115,22,7
18116,0,3
18117,23,3
18118,8,3
18119,31,6
18120,0,3
18121,0,3
18122,69,10
18123,50,6
18124,59,9
18125,0,3
18126,4,4
18127,1,3
18128,0,3
18129,0,3
18130,0,3
18131,43,5
18132,69,8
18133,50,9
18134,27,7
18135,1,3
18136,26,8
18137,3,4
18138,30,6
18139,41,7
18140,30,7
18141,59,6
18142,66,8
18143,45,8
18144,0,3
18145,59,7
18146,0,3
18147,31,5
18148,0,3
18149,32,6
18150,0,3
18151,0,3
18152,0,3
18153,8,3
18154,12,5
18155,58,8
18156,4,3
18157,14,4
18158,0,3
18159,24,5
18160,0,3
18161,0,3
18162,0,3
18163,39,4
18164,26,8
18165,0,3
18166,0,3
18167,0,3
18168,10,5
18169,22,6
18170,62,3
18171,62,9
18172,13,4
18173,6,4
18174,0,3
18175,19,5
18176,23,4
18177,19,5
18178,0,3
18179,8,3
18180,9,6
18181,50,9
18182,30,5
18183,108,8
18184,0,3
18185,0,3
18186,0,3
18187,19,6
18188,15,6
18189,0,3
18190,1,3
18191,0,3
18192,42,8
18193,0,3
18194,12,5
18195,1,3
18196,98,11
18197,15,6
18198,5,3
18199,10,5
18200,0,3
18201,51,11
18202,0,3
18203,21,5
18204,32,6
18205,1,3
18206,103,13
18207,143,8
18208,24,5
18209,62,10
18210,36,8
18211,25,7
18212,25,5
18213,0,3
18214,0,3
18215,2,3
18216,0,3
18217,0,3
18218,14,4
18219,55,7
18220,0,3
18221,68,7
18222,39,4
18223,0,3
18224,36,8
18225,0,3
18226,0,3
18227,0,3
18228,0,3
18229,0,3
18230,48,8
18231,0,3
18232,0,3
18233,14,6
18234,49,8
18235,52,9
18236,27,5
18237,0,3
18238,0,3
18239,33,7
18240,0,3
18241,30,5
18242,0,3
18243,17,4
18244,60,8
18245,0,3
18246,32,5
18247,50,9
18248,48,7
18249,0,3
18250,45,8
18251,36,6
18252,48,4
18253,13,4
18254,15,5
18255,76,5
18256,17,4
18257,4,3
18258,30,6
18259,0,3
18260,36,7
18261,27,8
18262,0,3
18263,13,4
18264,0,3
18265,0,3
18266,8,4
18267,44,5
18268,17,5
18269,25,5
18270,12,4
18271,17,6
18272,64,3
18273,15,6
18274,0,3
18275,37,8
18276,0,3
18277,0,3
18278,27,6
18279,28,7
18280,0,3
18281,0,3
18282,4,3
18283,35,6
18284,22,6
18285,75,7
18286,0,3
18287,21,8
18288,41,8
18289,58,7
18290,0,3
18291,29,3
18292,55,7
18293,20,6
18294,13,6
18295,46,6
18296,0,3
18297,0,3
18298,21,3
18299,10,4
18300,3,3
18301,0,3
18302,3,3
18303,16,5
18304,0,3
18305,0,3
18306,40,6
18307,68,8
18308,69,9
18309,29,5
18310,33,4
18311,24,4
18312,0,3
18313,18,6
18314,21,7
18315,23,5
18316,0,3
18317,0,3
18318,0,3
18319,79,5
18320,0,3
18321,27,6
18322,0,3
18323,1,3
18324,0,3
18325,0,3
18326,11,4
18327,0,3
18328,26,7
18329,0,3
18330,21,5
18331,13,3
18332,86,6
18333,20,4
18334,9,4
18335,0,3
18336,22,4
18337,84,8
18338,0,3
18339,21,4
18340,35,5
18341,0,3
18342,50,7
18343,22,4
18344,45,3
18345,26,6
18346,3,3
18347,12,5
18348,31,6
18349,33,7
18350,43,6
18351,0,3
18352,0,3
18353,0,3
18354,0,3
18355,7,3
18356,0,3
18357,3,3
18358,26,5
18359,4,3
18360,48,12
18361,17,6
18362,12,4
18363,19,4
18364,55,8
18365,30,7
18366,136,12
18367,1,3
18368,61,2
18369,33,6
18370,20,5
18371,0,3
18372,106,9
18373,6,3
18374,26,3
18375,16,5
18376,0,3
18377,0,3
18378,0,3
18379,0,3
18380,0,3
18381,45,6
18382,23,5
18383,0,3
18384,41,8
18385,30,7
18386,27,4
18387,0,3
18388,3,3
18389,24,4
18390,82,9
18391,0,3
18392,21,5
18393,13,4
18394,60,6
18395,13,6
18396,19,5
18397,35,8
18398,0,3
18399,1,3
18400,0,3
18401,66,8
18402,69,8
18403,0,3
18404,49,7
18405,15,4
18406,72,7
18407,0,3
18408,41,7
18409,0,3
18410,0,3
18411,12,5
18412,40,8
18413,0,3
18414,32,7
18415,11,2
18416,16,4
18417,19,6
18418,23,3
18419,0,3
18420,0,3
18421,45,8
18422,0,3
18423,0,3
18424,0,3
18425,1,3
18426,0,3
18427,15,4
18428,8,4
18429,17,3
18430,0,3
18431,0,3
18432,61,6
18433,75,9
18434,49,5
18435,65,5
18436,17,5
18437,34,6
18438,43,7
18439,0,3
18440,0,3
18441,13,5
18442,63,10
18443,0,3
18444,1,3
18445,0,3
18446,0,3
18447,9,5
18448,7,3
18449,19,3
18450,19,5
18451,0,3
18452,0,3
18453,20,6
18454,8,6
18455,27,8
18456,44,7
18457,0,3
18458,2,3
18459,0,3
18460,0,3
18461,1,3
18462,16,6
18463,0,3
18464,16,4
18465,35,7
18466,33,5
18467,110,13
18468,56,3
18469,34,9
18470,2,4
18471,0,3
18472,68,4
18473,8,4
18474,0,3
18475,0,3
18476,62,6
18477,22,5
18478,11,4
18479,0,3
18480,28,5
18481,0,3
18482,0,3
18483,47,8
18484,0,3
18485,36,6
18486,67,8
18487,0,3
18488,0,3
18489,11,4
18490,14,4
18491,53,9
18492,20,4
18493,0,3
18494,39,7
18495,0,3
18496,0,3
18497,0,3
18498,55,9
18499,44,7
18500,0,3
18501,5,3
18502,12,4
18503,0,3
18504,2,3
18505,38,7
18506,18,4
18507,7,5
18508,58,10
18509,76,9
18510,58,4
18511,9,6
18512,18,7
18513,0,3
18514,5,3
18515,25,6
18516,38,5
18517,37,6
18518,87,8
18519,21,4
18520,33,5
18521,1,3
18522,0,3
18523,4,4
18524,0,3
18525,96,12
18526,0,3
18527,11,4
18528,0,3
18529,1,3
18530,30,6
18531,37,4
18532,0,3
18533,35,8
18534,6,4
18535,0,3
18536,33,5
18537,0,3
18538,0,3
18539,0,3
18540,14,6
18541,41,6
18542,0,3
18543,0,3
18544,15,5
18545,40,8
18546,56,8
18547,0,3
18548,45,7
18549,56,10
18550,53,8
18551,76,8
18552,7,4
18553,5,3
18554,0,3
18555,0,3
18556,83,7
18557,0,3
18558,65,8
18559,42,7
18560,52,8
18561,0,3
18562,0,3
18563,43,6
18564,56,7
18565,34,5
18566,0,3
18567,0,3
18568,35,5
18569,0,3
18570,21,6
18571,0,3
18572,0,3
18573,20,3
18574,58,8
18575,57,8
18576,0,3
18577,32,5
18578,13,6
18579,107,12
18580,25,7
18581,0,3
18582,51,8
18583,61,8
18584,24,5
18585,0,3
18586,0,3
18587,7,2
18588,84,8
18589,29,6
18590,32,8
18591,0,3
18592,0,3
18593,3,3
18594,84,12
18595,7,3
18596,0,3
18597,33,6
18598,29,8
18599,19,3
18600,0,3
18601,7,4
18602,27,5
18603,50,6
18604,0,3
18605,0,3
18606,0,3
18607,72,10
18608,47,8
18609,28,7
18610,0,3
18611,0,3
18612,0,3
18613,34,5
18614,26,6
18615,28,3
18616,79,10
18617,0,3
18618,42,8
18619,27,5
18620,0,3
18621,29,7
18622,38,8
18623,0,3
18624,7,3
18625,88,11
18626,16,5
18627,0,3
18628,37,7
18629,36,5
18630,38,9
18631,0,3
18632,0,3
18633,65,9
18634,43,6
18635,2,3
18636,0,3
18637,0,3
18638,36,3
18639,0,3
18640,0,3
18641,9,3
18642,6,4
18643,4,3
18644,0,3
18645,30,7
18646,50,7
18647,0,3
18648,0,3
18649,0,3
18650,23,6
18651,0,3
18652,35,5
18653,60,5
18654,0,3
18655,0,3
18656,11,3
18657,24,10
18658,67,8
18659,0,3
18660,1,3
18661,0,3
18662,9,4
18663,8,4
18664,54,8
18665,0,3
18666,9,3
18667,0,3
18668,2,3
18669,0,3
18670,0,3
18671,59,11
18672,0,3
18673,83,6
18674,38,7
18675,0,3
18676,3,3
18677,5,3
18678,0,3
18679,5,3
18680,30,5
18681,0,3
18682,7,3
18683,31,6
18684,8,3
18685,30,5
18686,0,3
18687,33,8
18688,54,8
18689,24,7
18690,0,3
18691,10,3
18692,76,9
18693,100,7
18694,18,6
18695,20,6
18696,5,3
18697,0,3
18698,66,8
18699,4,3
18700,0,3
18701,0,3
18702,33,8
18703,0,3
18704,60,9
18705,0,3
18706,0,3
18707,6,3
18708,0,3
18709,0,3
18710,8,4
18711,1,3
18712,93,7
18713,14,5
18714,61,7
18715,46,4
18716,0,3
18717,17,5
18718,31,10
18719,0,3
18720,0,3
18721,0,3
18722,48,4
18723,28,6
18724,9,4
18725,17,5
18726,0,3
18727,0,3
18728,86,8
18729,24,5
18730,0,3
18731,0,3
18732,5,3
18733,0,3
18734,18,5
18735,0,3
18736,41,10
18737,38,7
18738,21,5
18739,0,3
18740,26,6
18741,51,6
18742,5,3
18743,34,6
18744,42,9
18745,3,3
18746,0,3
18747,0,3
18748,16,5
18749,0,3
18750,43,8
18751,22,4
18752,50,5
18753,26,7
18754,17,4
18755,0,3
18756,52,4
18757,21,5
18758,0,3
18759,0,3
18760,57,7
18761,0,3
18762,20,4
18763,2,3
18764,0,3
18765,67,7
18766,0,3
18767,0,3
18768,7,4
18769,0,3
18770,0,3
18771,44,9
18772,60,7
18773,0,3
18774,0,3
18775,4,3
18776,43,8
18777,43,5
18778,0,3
18779,10,4
18780,35,7
18781,0,3
18782,59,5
18783,97,8
18784,38,9
18785,41,9
18786,48,6
18787,0,3
18788,0,3
18789,13,3
18790,13,4
18791,13,4
18792,0,3
18793,78,9
18794,23,8
18795,0,3
18796,41,7
18797,40,7
18798,59,10
18799,6,3
18800,0,3
18801,15,5
18802,0,3
18803,1,3
18804,0,3
18805,0,3
18806,68,9
18807,0,3
18808,0,3
18809,64,5
18810,0,3
18811,25,6
18812,94,13
18813,0,3
18814,0,3
18815,74,7
18816,45,9
18817,9,5
18818,38,9
18819,41,5
18820,0,3
18821,58,6
18822,25,5
18823,0,3
18824,31,6
18825,51,8
18826,32,11
18827,7,2
18828,43,6
18829,54,6
18830,37,5
18831,11,5
18832,17,5
18833,28,4
18834,41,6
18835,50,8
18836,36,7
18837,16,4
18838,8,4
18839,21,5
18840,0,3
18841,1,3
18842,11,4
18843,0,3
18844,26,7
18845,15,3
18846,43,8
18847,25,8
18848,40,7
18849,21,6
18850,23,7
18851,16,4
18852,22,4
18853,0,3
18854,38,6
18855,0,3
18856,22,4
18857,95,9
18858,23,5
18859,0,3
18860,60,10
18861,5,4
18862,0,3
18863,104,6
18864,1,3
18865,59,7
18866,49,8
18867,0,3
18868,23,6
18869,0,3
18870,38,6
18871,0,3
18872,29,6
18873,28,7
18874,49,9
18875,0,3
18876,20,6
18877,106,9
18878,8,3
18879,17,5
18880,80,7
18881,38,7
18882,44,7
18883,37,8
18884,6,4
18885,64,6
18886,25,7
18887,0,3
18888,24,6
18889,0,3
18890,0,3
18891,0,3
18892,28,6
18893,3,3
18894,9,5
18895,0,3
18896,9,3
18897,0,3
18898,8,3
18899,56,8
18900,34,5
18901,43,8
18902,6,4
18903,0,3
18904,1,3
18905,4,3
18906,1,3
18907,18,5
18908,0,3
18909,43,4
18910,30,6
18911,32,6
18912,0,3
18913,27,8
18914,41,4
18915,632,3
18916,0,3
18917,10,5
18918,1,3
18919,83,4
18920,0,3
18921,65,8
18922,0,3
18923,89,6
18924,31,5
18925,21,7
18926,13,4
18927,24,7
18928,43,6
18929,9,4
18930,0,3
18931,0,3
18932,28,6
18933,27,5
18934,29,7
18935,0,3
18936,0,3
18937,0,3
18938,0,3
18939,0,3
18940,0,3
18941,36,8
18942,0,3
18943,0,3
18944,98,11
18945,12,3
18946,0,3
18947,0,3
18948,83,9
18949,2,3
18950,0,3
18951,0,3
18952,24,6
18953,27,5
18954,28,7
18955,0,3
18956,44,9
18957,0,3
18958,122,5
18959,21,4
18960,0,3
18961,0,3
18962,0,3
18963,11,4
18964,107,9
18965,56,7
18966,40,8
18967,0,3
18968,15,5
18969,0,3
18970,0,3
18971,52,8
18972,9,5
18973,60,10
18974,27,6
18975,0,3
18976,161,4
18977,0,3
18978,37,6
18979,7,4
18980,7,3
18981,1,3
18982,1,3
18983,69,9
18984,46,7
18985,26,5
18986,74,6
18987,0,3
18988,21,6
18989,3,3
18990,0,3
18991,15,6
18992,13,5
18993,0,3
18994,11,6
18995,0,3
18996,60,8
18997,43,7
18998,0,3
18999,43,5
19000,0,3
19001,63,7
19002,9,5
19003,0,3
19004,97,11
19005,0,3
19006,43,10
19007,21,5
19008,14,4
19009,46,7
19010,0,3
19011,14,5
19012,12,5
19013,46,10
19014,0,3
19015,16,6
19016,0,3
19017,0,3
19018,52,6
19019,0,3
19020,18,4
19021,0,3
19022,78,11
19023,83,11
19024,35,5
19025,30,5
19026,0,3
19027,0,3
19028,9,3
19029,6,3
19030,2,3
19031,0,3
19032,46,9
19033,12,4
19034,0,3
19035,72,10
19036,3,3
19037,13,7
19038,54,5
19039,0,3
19040,0,3
19041,0,3
19042,80,10
19043,0,3
19044,65,9
19045,24,8
19046,381,6
19047,32,6
19048,15,4
19049,0,3
19050,38,3
19051,44,7
19052,0,3
19053,8,3
19054,0,3
19055,47,8
19056,42,8
19057,7,5
19058,35,6
19059,8,4
19060,0,3
19061,0,3
19062,0,3
19063,47,9
19064,13,4
19065,0,3
19066,78,10
19067,49,10
19068,23,5
19069,48,7
19070,3,3
19071,0,3
19072,67,7
19073,3,3
19074,0,3
19075,32,5
19076,22,4
19077,12,4
19078,0,3
19079,0,3
19080,0,3
19081,41,6
19082,28,5
19083,0,3
19084,18,5
19085,49,7
19086,0,3
19087,0,3
19088,0,3
19089,73,9
19090,130,4
19091,36,9
19092,23,6
19093,60,8
19094,0,3
19095,0,3
19096,0,3
19097,25,4
19098,27,6
19099,5,3
19100,20,5
19101,50,8
19102,60,7
19103,57,5
19104,25,7
19105,0,3
19106,52,8
19107,0,3
19108,2,3
19109,17,5
19110,49,8
19111,28,6
19112,70,10
19113,0,3
19114,0,3
19115,22,5
19116,29,7
19117,0,3
19118,0,3
19119,0,3
19120,10,5
19121,0,3
19122,3,3
19123,26,6
19124,26,5
19125,17,5
19126,0,3
19127,71,12
19128,37,4
19129,27,7
19130,90,9
19131,57,11
19132,14,5
19133,87,6
19134,55,8
19135,0,3
19136,0,3
19137,17,5
19138,0,3
19139,64,9
19140,0,3
19141,18,4
19142,28,7
19143,65,7
19144,26,5
19145,49,5
19146,32,4
19147,0,3
19148,2,3
19149,19,5
19150,21,7
19151,41,7
19152,31,4
19153,20,4
19154,0,3
19155,33,5
19156,48,4
19157,24,6
19158,32,5
19159,0,3
19160,2,3
19161,49,9
19162,60,10
19163,0,3
19164,12,4
19165,0,3
19166,2,3
19167,39,6
19168,54,12
19169,42,11
19170,40,8
19171,86,9
19172,21,5
19173,48,6
19174,0,3
19175,0,3
19176,0,3
19177,86,11
19178,81,9
19179,120,7
19180,29,8
19181,18,4
19182,8,3
19183,0,3
19184,2,3
19185,24,7
19186,0,3
19187,3,3
19188,9,5
19189,50,5
19190,0,3
19191,56,7
19192,67,9
19193,14,6
19194,0,3
19195,5,3
19196,0,3
19197,0,3
19198,0,3
19199,17,4
19200,0,3
19201,43,9
19202,59,7
19203,26,5
19204,21,5
19205,0,3
19206,9,3
19207,1,3
19208,13,5
19209,74,7
19210,0,3
19211,52,8
19212,19,6
19213,17,5
19214,0,3
19215,40,4
19216,51,9
19217,0,3
19218,52,8
19219,0,3
19220,0,3
19221,36,5
19222,0,3
19223,0,3
19224,51,7
19225,0,3
19226,60,4
19227,0,3
19228,36,7
19229,23,5
19230,2,3
19231,417,3
19232,18,5
19233,5,4
19234,47,8
19235,68,6
19236,0,3
19237,33,5
19238,98,8
19239,56,9
19240,46,8
19241,31,4
19242,75,10
19243,4,3
19244,55,5
19245,0,3
19246,24,5
19247,0,3
19248,0,3
19249,80,8
19250,63,7
19251,0,3
19252,28,7
19253,0,3
19254,7,4
19255,0,3
19256,0,3
19257,31,5
19258,1,3
19259,9,4
19260,32,7
19261,0,3
19262,40,10
19263,5,3
19264,181,3
19265,0,3
19266,42,7
19267,72,8
19268,53,6
19269,0,3
19270,8,3
19271,0,3
19272,29,5
19273,0,3
19274,50,7
19275,54,8
19276,21,6
19277,0,3
19278,29,7
19279,31,7
19280,56,10
19281,0,3
19282,56,4
19283,3,4
19284,26,5
19285,0,3
19286,36,8
19287,0,3
19288,0,3
19289,1,3
19290,0,3
19291,0,3
19292,21,5
19293,21,8
19294,3,3
19295,69,7
19296,53,6
19297,69,8
19298,35,7
19299,3,3
19300,0,3
19301,16,4
19302,46,9
19303,0,3
19304,53,7
19305,0,3
19306,94,8
19307,77,9
19308,50,7
19309,36,4
19310,17,5
19311,1,3
19312,2,3
19313,0,3
19314,13,3
19315,17,6
19316,90,9
19317,32,3
19318,0,3
19319,39,11
19320,59,4
19321,28,5
19322,38,5
19323,11,3
19324,0,3
19325,11,5
19326,39,8
19327,61,10
19328,0,3
19329,0,3
19330,0,3
19331,0,3
19332,0,3
19333,0,3
19334,110,11
19335,0,3
19336,22,4
19337,33,5
19338,28,7
19339,60,13
19340,0,3
19341,37,8
19342,0,3
19343,0,3
19344,19,3
19345,0,3
19346,0,3
19347,0,3
19348,17,5
19349,22,4
19350,61,8
19351,93,9
19352,0,3
19353,52,9
19354,18,5
19355,0,3
19356,0,3
19357,0,3
19358,0,3
19359,0,3
19360,8,3
19361,35,8
19362,26,5
19363,46,6
19364,34,7
19365,2,3
19366,28,6
19367,17,5
19368,0,3
19369,410,5
19370,0,3
19371,13,4
19372,0,3
19373,0,3
19374,9,3
19375,0,3
19376,36,8
19377,32,6
19378,0,3
19379,0,3
19380,1,3
19381,12,6
19382,199,5
19383,0,3
19384,136,6
19385,35,7
19386,58,4
19387,57,6
19388,52,7
19389,60,8
19390,0,3
19391,0,3
19392,0,3
19393,47,4
19394,28,5
19395,0,3
19396,1,3
19397,8,4
19398,16,4
19399,1,3
19400,0,3
19401,0,3
19402,0,3
19403,23,7
19404,21,3
19405,0,3
19406,30,7
19407,5,3
19408,1,3
19409,22,6
19410,0,3
19411,0,3
19412,58,8
19413,22,5
19414,81,6
19415,5,3
19416,24,4
19417,63,5
19418,66,10
19419,0,3
19420,71,8
19421,22,3
19422,0,3
19423,0,3
19424,0,3
19425,4,3
19426,31,7
19427,0,3
19428,0,3
19429,0,3
19430,2,3
19431,37,9
19432,0,3
19433,5,3
19434,0,3
19435,0,3
19436,28,5
19437,3,3
19438,0,3
19439,44,9
19440,58,10
19441,51,5
19442,0,3
19443,0,3
19444,0,3
19445,58,10
19446,60,8
19447,0,3
19448,0,3
19449,59,7
19450,0,3
19451,67,9
19452,50,9
19453,0,3
19454,45,4
19455,0,3
19456,0,3
19457,70,9
19458,0,3
19459,0,3
19460,53,7
19461,9,3
19462,7,4
19463,0,3
19464,48,8
19465,0,3
19466,5,3
19467,28,5
19468,22,4
19469,12,5
19470,0,3
19471,0,3
19472,21,5
19473,0,3
19474,63,8
19475,69,10
19476,9,3
19477,80,8
19478,92,7
19479,0,3
19480,19,6
19481,0,3
19482,2,3
19483,0,3
19484,69,10
19485,44,10
19486,51,4
19487,60,8
19488,0,3
19489,9,4
19490,37,6
19491,0,3
19492,42,6
19493,0,3
19494,0,3
19495,6,4
19496,48,12
19497,7,3
19498,0,3
19499,34,6
19500,28,7
19501,32,4
19502,65,6
19503,0,3
19504,37,7
19505,34,6
19506,0,3
19507,78,10
19508,0,3
19509,16,3
19510,0,3
19511,5,3
19512,24,4
19513,13,3
19514,18,5
19515,21,4
19516,0,3
19517,24,5
19518,0,3
19519,18,6
19520,30,5
19521,131,5
19522,9,4
19523,9,3
19524,0,3
19525,50,8
19526,59,10
19527,0,3
19528,46,9
19529,82,9
19530,10,4
19531,18,5
19532,0,3
19533,0,3
19534,0,3
19535,5,4
19536,113,8
19537,0,3
19538,48,7
19539,27,6
19540,54,7
19541,1,3
19542,47,6
19543,0,3
19544,0,3
19545,0,3
19546,41,5
19547,0,3
19548,0,3
19549,21,5
19550,42,8
19551,0,3
19552,4,4
19553,0,3
19554,0,3
19555,0,3
19556,26,7
19557,3,3
19558,0,3
19559,35,6
19560,115,6
19561,66,9
19562,0,3
19563,0,3
19564,0,3
19565,20,4
19566,15,5
19567,21,7
19568,15,5
19569,197,3
19570,35,6
19571,27,6
19572,49,4
19573,21,5
19574,0,3
19575,0,3
19576,31,7
19577,0,3
19578,96,10
19579,12,3
19580,38,6
19581,0,3
19582,24,7
19583,0,3
19584,7,4
19585,0,3
19586,14,4
19587,25,5
19588,0,3
19589,18,5
19590,93,12
19591,82,9
19592,0,3
19593,96,7
19594,2,3
19595,31,4
19596,63,8
19597,0,3
19598,85,10
19599,0,3
19600,0,3
19601,18,4
19602,0,3
19603,4,3
19604,36,6
19605,22,6
19606,0,3
19607,0,3
19608,7,3
19609,77,10
19610,0,3
19611,0,3
19612,23,6
19613,0,3
19614,0,3
19615,0,3
19616,0,3
19617,0,3
19618,0,3
19619,87,7
19620,19,2
19621,74,6
19622,23,5
19623,115,10
19624,40,9
19625,11,4
19626,14,5
19627,31,8
19628,98,12
19629,0,3
19630,23,7
19631,27,5
19632,18,6
19633,47,5
19634,22,7
19635,0,3
19636,0,3
19637,13,4
19638,0,3
19639,53,6
19640,52,9
19641,0,3
19642,63,10
19643,0,3
19644,51,9
19645,3,3
19646,7,4
19647,0,3
19648,45,5
19649,4,4
19650,0,3
19651,35,7
19652,0,3
19653,0,3
19654,50,10
19655,0,3
19656,2,3
19657,33,6
19658,40,9
19659,22,5
19660,21,6
19661,0,3
19662,32,6
19663,23,8
19664,0,3
19665,13,6
19666,48,6
19667,0,3
19668,52,8
19669,0,3
19670,110,9
19671,0,3
19672,0,3
19673,31,5
19674,0,3
19675,0,3
19676,26,4
19677,11,4
19678,11,3
19679,74,10
19680,0,3
19681,2,3
19682,15,4
19683,9,3
19684,61,5
19685,12,5
19686,0,3
19687,51,8
19688,0,3
19689,0,3
19690,0,3
19691,70,9
19692,35,6
19693,0,3
19694,0,3
19695,6,2
19696,34,7
19697,58,11
19698,27,4
19699,0,3
19700,38,7
19701,21,5
19702,48,7
19703,21,9
19704,0,3
19705,0,3
19706,0,3
19707,15,5
19708,37,7
19709,0,3
19710,29,7
19711,0,3
19712,21,6
19713,5,3
19714,54,6
19715,26,5
19716,4,4
19717,70,10
19718,0,3
19719,12,4
19720,12,4
19721,55,6
19722,4,3
19723,2,3
19724,0,3
19725,0,3
19726,0,3
19727,25,6
19728,82,7
19729,14,4
19730,13,5
19731,9,3
19732,0,3
19733,40,8
19734,44,8
19735,48,10
19736,19,5
19737,0,3
19738,115,9
19739,0,3
19740,0,3
19741,0,3
19742,71,9
19743,0,3
19744,65,11
19745,138,9
19746,25,5
19747,31,6
19748,47,4
19749,8,4
19750,0,3
19751,33,6
19752,0,3
19753,0,3
19754,37,8
19755,0,3
19756,0,3
19757,6,4
19758,67,9
19759,50,8
19760,0,3
19761,25,5
19762,56,5
19763,71,12
19764,0,3
19765,69,8
19766,0,3
19767,18,6
19768,14,5
19769,36,7
19770,56,8
19771,0,3
19772,22,7
19773,16,5
19774,57,8
19775,10,5
19776,0,3
19777,1,3
19778,11,5
19779,51,6
19780,1,3
19781,64,7
19782,33,7
19783,32,7
19784,32,6
19785,4,3
19786,49,6
19787,25,5
19788,50,10
19789,44,6
19790,18,5
19791,33,6
19792,0,3
19793,0,3
19794,0,3
19795,0,3
19796,10,6
19797,0,3
19798,28,5
19799,0,3
19800,32,6
19801,0,3
19802,0,3
19803,51,6
19804,0,3
19805,220,4
19806,0,3
19807,45,9
19808,2,3
19809,0,3
19810,135,14
19811,73,14
19812,0,3
19813,34,6
19814,9,3
19815,12,5
19816,18,5
19817,37,4
19818,20,6
19819,100,8
19820,0,3
19821,74,10
19822,44,6
19823,16,7
19824,0,3
19825,0,3
19826,28,5
19827,54,5
19828,52,9
19829,10,3
19830,128,10
19831,9,4
19832,0,3
19833,0,3
19834,0,3
19835,18,6
19836,43,3
19837,0,3
19838,2,3
19839,0,3
19840,47,8
19841,51,8
19842,3,3
19843,150,8
19844,0,3
19845,20,7
19846,11,3
19847,17,6
19848,56,8
19849,0,3
19850,0,3
19851,66,11
19852,64,10
19853,28,7
19854,0,3
19855,0,3
19856,0,3
19857,29,6
19858,26,6
19859,0,3
19860,32,7
19861,34,4
19862,0,3
19863,31,7
19864,28,6
19865,78,12
19866,29,5
19867,86,8
19868,99,5
19869,7,4
19870,48,8
19871,0,3
19872,19,5
19873,0,3
19874,0,3
19875,35,10
19876,0,3
19877,0,3
19878,38,6
19879,80,8
19880,24,5
19881,0,3
19882,29,6
19883,59,9
19884,39,5
19885,12,4
19886,33,6
19887,0,3
19888,10,4
19889,6,3
19890,11,5
19891,0,3
19892,0,3
19893,1,3
19894,50,6
19895,0,3
19896,0,3
19897,0,3
19898,29,5
19899,0,3
19900,0,3
19901,337,8
19902,39,7
19903,25,7
19904,0,3
19905,0,3
19906,38,5
19907,14,4
19908,36,6
19909,60,7
19910,40,8
19911,24,4
19912,0,3
19913,29,9
19914,0,3
19915,0,3
19916,29,9
19917,0,3
19918,102,8
19919,0,3
19920,0,3
19921,95,5
19922,10,3
19923,0,3
19924,46,5
19925,48,11
19926,0,3
19927,101,9
19928,17,4
19929,0,3
19930,2,3
19931,0,3
19932,20,4
19933,6,4
19934,28,5
19935,80,4
19936,35,7
19937,60,4
19938,5,3
19939,16,5
19940,0,3
19941,20,5
19942,0,3
19943,14,3
19944,45,9
19945,0,3
19946,45,12
19947,0,3
19948,0,3
19949,39,6
19950,37,8
19951,0,3
19952,12,3
19953,22,5
19954,68,9
19955,0,3
19956,46,10
19957,16,4
19958,0,3
19959,5,4
19960,20,5
19961,61,7
19962,0,3
19963,0,3
19964,32,6
19965,22,5
19966,54,7
19967,62,7
19968,0,3
19969,87,4
19970,6,4
19971,0,3
19972,39,6
19973,0,3
19974,14,4
19975,27,5
19976,57,9
19977,39,9
19978,17,6
19979,23,4
19980,0,3
19981,10,4
19982,68,7
19983,26,7
19984,0,3
19985,0,3
19986,70,8
19987,48,6
19988,0,3
19989,16,6
19990,26,8
19991,30,6
19992,17,6
19993,46,9
19994,9,4
19995,3,3
19996,0,3
19997,62,9
19998,0,3
19999,65,7
20000,40,5
20001,22,6
20002,5,4
20003,30,7
20004,39,6
20005,0,3
20006,13,4
20007,19,4
20008,3,4
20009,0,3
20010,10,4
20011,18,6
20012,0,3
20013,3,3
20014,0,3
20015,8,4
20016,63,9
20017,13,8
20018,10,4
20019,12,4
20020,22,5
20021,5,4
20022,3,4
20023,23,3
20024,54,8
20025,38,7
20026,0,3
20027,34,10
20028,4,4
20029,49,8
20030,18,4
20031,46,8
20032,11,3
20033,46,9
20034,39,10
20035,45,8
20036,76,5
20037,29,5
20038,20,6
20039,61,6
20040,22,4
20041,120,11
20042,0,3
20043,64,7
20044,0,3
20045,0,3
20046,28,6
20047,0,3
20048,63,9
20049,10,4
20050,90,9
20051,0,3
20052,19,6
20053,33,10
20054,16,4
20055,26,7
20056,44,7
20057,0,3
20058,34,8
20059,9,4
20060,18,6
20061,51,6
20062,0,3
20063,51,11
20064,13,3
20065,0,3
20066,0,3
20067,51,8
20068,61,9
20069,22,5
20070,0,3
20071,48,10
20072,2,3
20073,39,5
20074,49,7
20075,34,5
20076,0,3
20077,50,7
20078,53,12
20079,67,9
20080,45,8
20081,0,3
20082,30,6
20083,35,8
20084,40,8
20085,11,4
20086,55,8
20087,47,9
20088,0,3
20089,68,9
20090,1,2
20091,23,7
20092,59,3
20093,22,8
20094,0,3
20095,0,3
20096,35,6
20097,0,3
20098,0,3
20099,0,3
20100,0,3
20101,49,7
20102,0,3
20103,0,3
20104,0,3
20105,0,3
20106,50,11
20107,0,3
20108,0,3
20109,0,3
20110,0,3
20111,48,7
20112,0,3
20113,0,3
20114,14,4
20115,103,13
20116,20,5
20117,0,3
20118,38,7
20119,7,3
20120,66,6
20121,69,15
20122,9,5
20123,1,3
20124,0,3
20125,28,7
20126,6,3
20127,24,3
20128,23,6
20129,0,3
20130,37,8
20131,23,5
20132,0,3
20133,1,3
20134,19,7
20135,71,5
20136,47,8
20137,0,3
20138,0,3
20139,76,2
20140,15,3
20141,66,9
20142,68,10
20143,0,3
20144,0,3
20145,0,3
20146,36,7
20147,67,7
20148,12,6
20149,0,3
20150,20,4
20151,0,3
20152,21,6
20153,0,3
20154,24,7
20155,5,4
20156,58,9
20157,41,6
20158,0,3
20159,47,8
20160,0,3
20161,0,3
20162,0,3
20163,13,3
20164,70,10
20165,0,3
20166,12,6
20167,0,3
20168,30,6
20169,28,3
20170,0,3
20171,11,5
20172,66,10
20173,125,8
20174,5,3
20175,56,7
20176,44,11
20177,4,3
20178,0,3
20179,19,5
20180,0,3
20181,37,9
20182,0,3
20183,31,7
20184,22,6
20185,38,8
20186,0,3
20187,45,7
20188,58,7
20189,56,5
20190,22,4
20191,133,7
20192,27,7
20193,0,3
20194,0,3
20195,91,8
20196,131,8
20197,0,3
20198,0,3
20199,93,12
20200,0,3
20201,187,8
20202,0,3
20203,77,9
20204,0,3
20205,17,8
20206,23,4
20207,44,5
20208,71,11
20209,19,6
20210,0,3
20211,50,8
20212,16,4
20213,23,6
20214,0,3
20215,15,4
20216,0,3
20217,28,5
20218,0,3
20219,94,9
20220,64,10
20221,16,5
20222,11,5
20223,19,7
20224,0,3
20225,16,8
20226,34,8
20227,16,6
20228,93,8
20229,10,3
20230,11,4
20231,205,7
20232,0,3
20233,0,3
20234,20,6
20235,10,4
20236,25,5
20237,40,9
20238,30,7
20239,11,5
20240,32,7
20241,26,7
20242,74,7
20243,0,3
20244,117,9
20245,30,5
20246,43,7
20247,29,6
20248,17,6
20249,0,3
20250,0,3
20251,44,5
20252,62,8
20253,0,3
20254,11,4
20255,16,4
20256,116,12
20257,0,3
20258,5,3
20259,0,3
20260,0,3
20261,0,3
20262,17,5
20263,3,4
20264,20,5
20265,0,3
20266,34,6
20267,0,3
20268,28,5
20269,36,5
20270,42,7
20271,90,6
20272,0,3
20273,0,3
20274,28,7
20275,0,3
20276,27,4
20277,5,4
20278,42,7
20279,66,7
20280,71,10
20281,74,8
20282,10,3
20283,38,9
20284,25,7
20285,0,3
20286,0,3
20287,64,4
20288,82,10
20289,18,4
20290,0,3
20291,55,8
20292,29,7
20293,37,8
20294,65,9
20295,38,8
20296,0,3
20297,0,3
20298,30,6
20299,61,7
20300,0,3
20301,27,6
20302,34,7
20303,54,6
20304,16,5
20305,0,3
20306,67,12
20307,0,3
20308,8,3
20309,1,3
20310,0,3
20311,0,3
20312,0,3
20313,44,10
20314,41,9
20315,46,6
20316,15,6
20317,0,3
20318,72,10
20319,0,3
20320,72,11
20321,9,4
20322,85,11
20323,0,3
20324,36,7
20325,35,7
20326,0,3
20327,26,3
20328,58,8
20329,0,3
20330,18,7
20331,0,3
20332,31,7
20333,0,3
20334,40,6
20335,41,6
20336,0,3
20337,24,6
20338,26,7
20339,0,3
20340,12,3
20341,31,3
20342,0,3
20343,53,8
20344,20,4
20345,40,8
20346,16,5
20347,8,3
20348,0,3
20349,90,5
20350,0,3
20351,20,7
20352,69,7
20353,48,5
20354,11,4
20355,22,6
20356,38,4
20357,0,3
20358,43,6
20359,60,8
20360,32,6
20361,0,3
20362,0,3
20363,49,6
20364,26,6
20365,68,9
20366,8,4
20367,0,3
20368,0,3
20369,75,10
20370,0,3
20371,34,6
20372,0,3
20373,68,5
20374,101,10
20375,9,5
20376,63,7
20377,16,5
20378,31,8
20379,19,6
20380,0,3
20381,35,7
20382,0,3
20383,0,3
20384,0,3
20385,62,10
20386,0,3
20387,0,3
20388,0,3
20389,16,5
20390,49,7
20391,13,3
20392,32,4
20393,0,3
20394,14,2
20395,0,3
20396,5,4
20397,37,8
20398,20,5
20399,50,9
20400,0,3
20401,43,9
20402,12,4
20403,27,5
20404,0,3
20405,11,4
20406,9,4
20407,32,7
20408,109,12
20409,59,9
20410,39,6
20411,2,3
20412,0,3
20413,24,5
20414,108,10
20415,0,3
20416,62,7
20417,23,6
20418,0,3
20419,12,4
20420,0,3
20421,0,3
20422,0,3
20423,0,3
20424,12,4
20425,3,3
20426,13,3
20427,0,3
20428,4,3
20429,0,3
20430,10,4
20431,0,3
20432,0,3
20433,54,8
20434,47,8
20435,7,4
20436,0,3
20437,31,5
20438,20,5
20439,69,7
20440,52,8
20441,0,3
20442,61,7
20443,51,9
20444,32,7
20445,0,3
20446,94,13
20447,0,3
20448,70,12
20449,0,3
20450,28,5
20451,0,3
20452,76,10
20453,26,5
20454,13,4
20455,27,7
20456,35,6
20457,81,7
20458,7,3
20459,112,10
20460,0,3
20461,1,3
20462,0,3
20463,37,4
20464,4,3
20465,69,10
20466,0,3
20467,0,3
20468,0,3
20469,27,7
20470,0,3
20471,0,3
20472,0,3
20473,22,7
20474,0,3
20475,92,10
20476,66,8
20477,74,6
20478,23,5
20479,0,3
20480,0,3
20481,0,3
20482,21,6
20483,43,9
20484,50,7
20485,0,3
20486,30,7
20487,14,6
20488,0,3
20489,0,3
20490,4,3
20491,0,3
20492,7,3
20493,0,3
20494,51,8
20495,56,9
20496,13,5
20497,31,6
20498,0,3
20499,28,7
20500,67,10
20501,0,3
20502,28,8
20503,91,11
20504,0,3
20505,11,5
20506,26,6
20507,48,6
20508,18,3
20509,41,9
20510,0,3
20511,0,3
20512,78,3
20513,21,5
20514,97,11
20515,25,6
20516,97,8
20517,10,4
20518,0,3
20519,25,6
20520,24,4
20521,0,3
20522,16,4
20523,0,3
20524,0,3
20525,24,6
20526,53,9
20527,57,5
20528,16,7
20529,11,3
20530,20,4
20531,12,5
20532,70,12
20533,5,3
20534,15,4
20535,0,3
20536,46,7
20537,0,3
20538,123,10
20539,86,8
20540,26,4
20541,0,3
20542,0,3
20543,0,3
20544,86,8
20545,30,7
20546,1,3
20547,129,10
20548,0,3
20549,66,10
20550,2,3
20551,67,10
20552,2,3
20553,0,3
20554,35,7
20555,49,8
20556,0,3
20557,5,4
20558,2,3
20559,0,3
20560,56,8
20561,16,5
20562,12,4
20563,0,3
20564,46,7
20565,72,5
20566,22,4
20567,99,9
20568,156,7
20569,0,3
20570,0,3
20571,0,3
20572,35,7
20573,31,7
20574,56,3
20575,52,10
20576,23,4
20577,8,3
20578,45,5
20579,11,6
20580,21,6
20581,107,14
20582,0,3
20583,71,7
20584,28,7
20585,27,6
20586,0,3
20587,24,7
20588,25,6
20589,42,7
20590,63,12
20591,0,3
20592,2,3
20593,16,6
20594,28,6
20595,0,3
20596,94,10
20597,0,3
20598,0,3
20599,14,3
20600,53,10
20601,29,5
20602,54,8
20603,0,3
20604,6,4
20605,33,5
20606,0,3
20607,34,8
20608,5,5
20609,0,3
20610,58,9
20611,0,3
20612,93,12
20613,0,3
20614,0,3
20615,0,3
20616,22,5
20617,63,10
20618,7,3
20619,0,3
20620,0,3
20621,31,6
20622,95,7
20623,32,7
20624,0,3
20625,70,7
20626,13,3
20627,23,6
20628,15,7
20629,0,3
20630,53,12
20631,61,9
20632,19,5
20633,0,3
20634,0,3
20635,27,7
20636,28,4
20637,0,3
20638,63,7
20639,0,3
20640,38,9
20641,0,3
20642,44,6
20643,22,5
20644,36,6
20645,0,3
20646,59,9
20647,0,3
20648,53,6
20649,33,8
20650,42,8
20651,0,3
20652,0,3
20653,31,4
20654,20,6
20655,53,9
20656,41,6
20657,55,3
20658,10,4
20659,70,8
20660,2,3
20661,0,3
20662,34,7
20663,0,3
20664,0,3
20665,65,10
20666,45,3
20667,30,5
20668,21,6
20669,24,5
20670,0,3
20671,0,3
20672,3,4
20673,92,11
20674,70,10
20675,0,3
20676,56,9
20677,8,4
20678,0,3
20679,0,3
20680,44,8
20681,5,4
20682,23,6
20683,0,3
20684,34,7
20685,87,13
20686,0,3
20687,27,6
20688,0,3
20689,0,3
20690,26,7
20691,0,3
20692,0,3
20693,0,3
20694,0,3
20695,25,9
20696,40,6
20697,0,3
20698,59,9
20699,11,5
20700,7,3
20701,53,3
20702,36,8
20703,0,3
20704,0,3
20705,0,3
20706,0,3
20707,21,5
20708,18,5
20709,3,3
20710,8,4
20711,27,7
20712,17,3
20713,0,3
20714,24,4
20715,0,3
20716,0,3
20717,31,5
20718,18,6
20719,33,4
20720,0,3
20721,17,4
20722,76,10
20723,44,7
20724,0,3
20725,48,9
20726,23,7
20727,36,7
20728,30,9
20729,64,4
20730,0,3
20731,43,8
20732,6,4
20733,56,9
20734,0,3
20735,75,10
20736,0,3
20737,58,6
20738,49,7
20739,134,10
20740,25,7
20741,12,5
20742,2,3
20743,19,6
20744,37,5
20745,6,3
20746,38,5
20747,102,11
20748,17,5
20749,0,3
20750,0,3
20751,19,6
20752,14,4
20753,2,3
20754,7,3
20755,38,7
20756,45,10
20757,3,4
20758,19,5
20759,0,3
20760,13,3
20761,0,3
20762,28,7
20763,0,3
20764,0,3
20765,51,5
20766,1,3
20767,22,4
20768,43,8
20769,0,3
20770,0,3
20771,0,3
20772,0,3
20773,42,10
20774,24,6
20775,0,3
20776,73,7
20777,44,7
20778,17,5
20779,27,7
20780,23,7
20781,5,3
20782,10,4
20783,6,4
20784,32,7
20785,51,5
20786,50,9
20787,23,7
20788,25,4
20789,0,3
20790,0,3
20791,24,5
20792,0,3
20793,5,3
20794,0,3
20795,63,14
20796,92,12
20797,0,3
20798,0,3
20799,17,5
20800,90,13
20801,12,5
20802,43,5
20803,0,3
20804,29,7
20805,0,3
20806,0,3
20807,19,4
20808,26,8
20809,0,3
20810,0,3
20811,12,4
20812,45,4
20813,30,8
20814,29,6
20815,0,3
20816,0,3
20817,59,7
20818,65,7
20819,33,5
20820,23,3
20821,22,5
20822,32,6
20823,0,3
20824,0,3
20825,0,3
20826,45,8
20827,3,3
20828,42,6
20829,0,3
20830,4,3
20831,0,3
20832,0,3
20833,23,4
20834,38,6
20835,0,3
20836,0,3
20837,32,5
20838,72,12
20839,17,5
20840,95,12
20841,0,3
20842,68,11
20843,8,3
20844,60,8
20845,7,3
20846,10,4
20847,0,3
20848,0,3
20849,0,3
20850,19,6
20851,51,6
20852,0,3
20853,0,3
20854,34,8
20855,0,3
20856,41,6
20857,0,3
20858,0,3
20859,22,4
20860,7,4
20861,0,3
20862,45,6
20863,10,4
20864,0,3
20865,43,7
20866,98,9
20867,0,3
20868,128,10
20869,0,3
20870,78,9
20871,29,4
20872,48,9
20873,0,3
20874,4,3
20875,0,3
20876,72,8
20877,27,5
20878,5,3
20879,11,4
20880,78,8
20881,61,5
20882,18,5
20883,0,3
20884,0,3
20885,0,3
20886,0,3
20887,0,3
20888,30,6
20889,28,5
20890,50,10
20891,53,8
20892,47,9
20893,22,4
20894,0,3
20895,2,3
20896,0,3
20897,0,3
20898,43,9
20899,36,4
20900,0,3
20901,68,9
20902,24,4
20903,46,11
20904,32,6
20905,67,12
20906,64,8
20907,35,6
20908,13,5
20909,0,3
20910,43,7
20911,62,10
20912,92,7
20913,19,7
20914,0,3
20915,25,4
20916,87,10
20917,24,8
20918,14,3
20919,0,3
20920,0,3
20921,35,8
20922,0,3
20923,0,3
20924,0,3
20925,0,3
20926,51,9
20927,0,3
20928,0,3
20929,40,7
20930,0,3
20931,27,6
20932,36,4
20933,10,3
20934,19,7
20935,65,10
20936,86,9
20937,245,7
20938,0,3
20939,0,3
20940,45,7
20941,0,3
20942,21,6
20943,0,3
20944,19,7
20945,30,6
20946,10,3
20947,24,6
20948,74,10
20949,28,8
20950,33,6
20951,18,6
20952,0,3
20953,36,7
20954,37,6
20955,0,3
20956,0,3
20957,8,4
20958,109,13
20959,0,3
20960,26,9
20961,4,4
20962,41,6
20963,0,3
20964,69,10
20965,0,3
20966,0,3
20967,0,3
20968,0,3
20969,0,3
20970,21,5
20971,0,3
20972,2,3
20973,11,4
20974,0,3
20975,23,7
20976,25,7
20977,10,4
20978,14,4
20979,3,3
20980,8,3
20981,70,12
20982,46,5
20983,70,11
20984,0,3
20985,33,8
20986,0,3
20987,26,5
20988,3,3
20989,0,3
20990,28,5
20991,51,9
20992,16,5
20993,0,3
20994,0,3
20995,45,7
20996,0,3
20997,0,3
20998,39,6
20999,1,3
21000,0,3
21001,1000,3
21002,67,9
21003,15,7
21004,0,3
21005,38,7
21006,0,3
21007,0,3
21008,25,4
21009,0,3
21010,11,5
21011,56,8
21012,0,3
21013,4,3
21014,43,7
21015,53,8
21016,16,7
21017,5,3
21018,69,7
21019,21,5
21020,35,5
21021,2,3
21022,0,3
21023,85,12
21024,29,6
21025,0,3
21026,48,8
21027,0,3
21028,0,3
21029,7,3
21030,46,9
21031,0,3
21032,25,7
21033,5,3
21034,0,3
21035,45,8
21036,0,3
21037,0,3
21038,41,7
21039,47,4
21040,0,3
21041,66,8
21042,20,3
21043,43,6
21044,31,6
21045,42,7
21046,10,6
21047,0,3
21048,0,3
21049,7,3
21050,17,5
21051,39,10
21052,4,3
21053,0,3
21054,44,8
21055,60,8
21056,0,3
21057,61,8
21058,35,6
21059,0,3
21060,0,3
21061,0,3
21062,10,4
21063,13,7
21064,54,9
21065,0,3
21066,0,3
21067,23,7
21068,76,8
21069,50,9
21070,0,3
21071,44,7
21072,0,3
21073,24,5
21074,0,3
21075,0,3
21076,0,3
21077,30,9
21078,0,3
21079,0,3
21080,15,2
21081,58,10
21082,94,10
21083,48,9
21084,0,3
21085,14,4
21086,0,3
21087,7,3
21088,0,3
21089,0,3
21090,22,6
21091,30,7
21092,24,6
21093,42,7
21094,67,7
21095,34,8
21096,0,3
21097,14,5
21098,0,3
21099,0,3
21100,7,3
21101,6,4
21102,56,4
21103,0,3
21104,24,4
21105,2,3
21106,17,4
21107,0,3
21108,43,7
21109,101,10
21110,47,8
21111,0,3
21112,60,8
21113,0,3
21114,143,7
21115,61,12
21116,58,8
21117,31,6
21118,13,4
21119,20,6
21120,0,3
21121,0,3
21122,0,3
21123,0,3
21124,0,3
21125,36,9
21126,12,5
21127,50,9
21128,93,13
21129,14,4
21130,0,3
21131,49,8
21132,0,3
21133,23,6
21134,53,10
21135,21,5
21136,18,6
21137,115,6
21138,16,4
21139,56,9
21140,0,3
21141,0,3
21142,54,12
21143,0,3
21144,25,6
21145,0,3
21146,0,3
21147,14,5
21148,0,3
21149,13,4
21150,9,3
21151,40,8
21152,0,3
21153,6,3
21154,27,5
21155,0,3
21156,0,3
21157,48,7
21158,0,3
21159,14,7
21160,26,7
21161,30,6
21162,0,3
21163,25,7
21164,34,7
21165,65,6
21166,22,4
21167,47,6
21168,21,7
21169,0,3
21170,137,12
21171,20,8
21172,0,3
21173,31,8
21174,6,3
21175,74,4
21176,0,3
21177,29,7
21178,0,3
21179,0,3
21180,28,5
21181,9,4
21182,6,4
21183,0,3
21184,0,3
21185,23,6
21186,23,6
21187,0,3
21188,0,3
21189,0,3
21190,63,6
21191,27,5
21192,102,12
21193,51,8
21194,0,3
21195,45,8
21196,0,3
21197,36,7
21198,12,4
21199,0,3
21200,14,4
21201,0,3
21202,18,5
21203,34,8
21204,0,3
21205,0,3
21206,32,3
21207,19,6
21208,134,14
21209,37,8
21210,37,8
21211,19,5
21212,0,3
21213,86,12
21214,180,4
21215,0,3
21216,0,3
21217,44,10
21218,0,3
21219,15,6
21220,23,4
21221,0,3
21222,0,3
21223,48,8
21224,17,5
21225,0,3
21226,0,3
21227,0,3
21228,0,3
21229,0,3
21230,0,3
21231,0,3
21232,36,9
21233,5,3
21234,117,8
21235,57,9
21236,0,3
21237,26,5
21238,14,4
21239,0,3
21240,0,3
21241,0,3
21242,20,5
21243,11,5
21244,0,3
21245,0,3
21246,21,6
21247,7,5
21248,69,9
21249,42,8
21250,34,7
21251,0,3
21252,108,8
21253,0,3
21254,26,8
21255,13,5
21256,51,7
21257,61,6
21258,0,3
21259,0,3
21260,0,3
21261,0,3
21262,56,6
21263,89,4
21264,0,3
21265,34,7
21266,37,8
21267,1,3
21268,85,12
21269,16,4
21270,90,13
21271,0,3
21272,22,6
21273,51,10
21274,23,5
21275,94,11
21276,1,3
21277,44,8
21278,82,9
21279,0,3
21280,39,7
21281,66,4
21282,43,8
21283,39,9
21284,46,9
21285,0,3
21286,0,3
21287,0,3
21288,11,4
21289,7,4
21290,34,5
21291,52,11
21292,1,3
21293,10,5
21294,0,3
21295,10,3
21296,0,3
21297,0,3
21298,9,6
21299,0,3
21300,0,3
21301,0,3
21302,27,6
21303,41,6
21304,34,7
21305,0,3
21306,0,3
21307,15,4
21308,0,3
21309,10,4
21310,38,6
21311,77,8
21312,51,7
21313,49,9
21314,0,3
21315,47,7
21316,0,3
21317,27,5
21318,243,8
21319,0,3
21320,106,3
21321,59,6
21322,6,2
21323,49,5
21324,67,8
21325,15,4
21326,59,5
21327,0,3
21328,0,3
21329,37,2
21330,0,3
21331,32,6
21332,23,5
21333,0,3
21334,18,5
21335,25,5
21336,65,9
21337,0,3
21338,332,8
21339,0,3
21340,30,8
21341,0,3
21342,0,3
21343,21,3
21344,0,3
21345,42,7
21346,0,3
21347,3,3
21348,72,14
21349,41,4
21350,40,10
21351,19,4
21352,0,3
21353,18,6
21354,0,3
21355,0,3
21356,63,10
21357,3,4
21358,0,3
21359,22,7
21360,74,7
21361,13,5
21362,83,12
21363,0,3
21364,0,3
21365,84,5
21366,4,3
21367,41,8
21368,63,10
21369,3,3
21370,3,3
21371,35,8
21372,15,5
21373,54,10
21374,0,3
21375,20,4
21376,63,9
21377,41,8
21378,58,11
21379,64,7
21380,146,8
21381,0,3
21382,0,3
21383,40,6
21384,52,4
21385,65,9
21386,40,5
21387,17,6
21388,9,5
21389,0,3
21390,0,3
21391,40,7
21392,8,4
21393,0,3
21394,2,3
21395,0,3
21396,20,5
21397,0,3
21398,0,3
21399,2,3
21400,31,5
21401,90,11
21402,24,5
21403,0,3
21404,18,6
21405,82,10
21406,12,5
21407,0,3
21408,42,7
21409,24,6
21410,33,4
21411,0,3
21412,109,8
21413,8,5
21414,0,3
21415,0,3
21416,47,8
21417,60,8
21418,0,3
21419,57,8
21420,31,7
21421,32,5
21422,8,3
21423,0,3
21424,10,3
21425,46,9
21426,0,3
21427,62,9
21428,4,4
21429,42,6
21430,163,7
21431,54,5
21432,48,8
21433,0,3
21434,0,3
21435,0,3
21436,177,7
21437,61,9
21438,0,3
21439,55,8
21440,9,4
21441,17,3
21442,61,9
21443,37,6
21444,0,3
21445,0,3
21446,2,3
21447,2,3
21448,0,3
21449,19,5
21450,27,5
21451,0,3
21452,20,4
21453,0,3
21454,0,3
21455,62,8
21456,0,3
21457,39,7
21458,1,3
21459,34,8
21460,8,5
21461,79,8
21462,0,3
21463,100,12
21464,7,6
21465,17,5
21466,18,4
21467,33,5
21468,18,4
21469,45,7
21470,0,3
21471,0,3
21472,0,3
21473,0,3
21474,11,5
21475,9,4
21476,1,3
21477,29,6
21478,1,3
21479,41,7
21480,17,6
21481,16,4
21482,38,9
21483,89,8
21484,28,5
21485,0,3
21486,74,9
21487,0,3
21488,0,3
21489,95,10
21490,0,3
21491,27,4
21492,67,8
21493,44,7
21494,73,8
21495,0,3
21496,21,4
21497,0,3
21498,0,3
21499,81,9
21500,0,3
21501,340,4
21502,26,7
21503,10,3
21504,96,13
21505,60,7
21506,8,4
21507,32,4
21508,80,10
21509,0,3
21510,0,3
21511,0,3
21512,0,3
21513,105,10
21514,48,8
21515,0,3
21516,34,3
21517,80,13
21518,0,3
21519,29,3
21520,0,3
21521,31,8
21522,53,8
21523,52,10
21524,0,3
21525,0,3
21526,58,7
21527,0,3
21528,62,7
21529,14,6
21530,35,8
21531,51,6
21532,18,5
21533,27,5
21534,0,3
21535,13,7
21536,44,8
21537,35,8
21538,0,3
21539,53,5
21540,82,7
21541,67,11
21542,0,3
21543,0,3
21544,79,9
21545,19,5
21546,1,3
21547,21,5
21548,96,8
21549,20,7
21550,59,8
21551,0,3
21552,0,3
21553,43,8
21554,58,8
21555,62,3
21556,76,7
21557,25,5
21558,39,9
21559,56,9
21560,41,8
21561,47,6
21562,4,3
21563,0,3
21564,31,8
21565,69,9
21566,0,3
21567,28,6
21568,0,3
21569,0,3
21570,2,3
21571,55,6
21572,0,3
21573,39,9
21574,3,3
21575,0,3
21576,15,4
21577,35,6
21578,0,3
21579,16,5
21580,52,9
21581,26,8
21582,20,5
21583,4,3
21584,28,8
21585,0,3
21586,0,3
21587,0,3
21588,0,3
21589,17,4
21590,0,3
21591,0,3
21592,0,3
21593,0,3
21594,0,3
21595,0,3
21596,0,3
21597,89,9
21598,21,4
21599,0,3
21600,0,3
21601,0,3
21602,0,3
21603,66,9
21604,76,9
21605,38,8
21606,45,6
21607,0,3
21608,48,6
21609,37,6
21610,0,3
21611,15,2
21612,16,5
21613,0,3
21614,41,6
21615,0,3
21616,44,6
21617,129,11
21618,138,6
21619,43,8
21620,0,3
21621,57,9
21622,105,8
21623,2,3
21624,34,7
21625,38,6
21626,0,3
21627,72,11
21628,21,7
21629,16,5
21630,57,8
21631,40,7
21632,31,6
21633,67,10
21634,0,3
21635,30,7
21636,0,3
21637,0,3
21638,133,9
21639,0,3
21640,26,5
21641,28,5
21642,11,4
21643,0,3
21644,5,3
21645,0,3
21646,40,9
21647,28,5
21648,87,5
21649,47,8
21650,0,3
21651,0,3
21652,99,9
21653,46,9
21654,0,3
21655,0,3
21656,71,7
21657,0,3
21658,36,6
21659,0,3
21660,109,9
21661,36,7
21662,22,5
21663,48,13
21664,30,6
21665,46,7
21666,14,5
21667,57,10
21668,57,9
21669,81,8
21670,50,8
21671,31,6
21672,49,7
21673,6,3
21674,0,3
21675,114,7
21676,18,4
21677,0,3
21678,70,9
21679,3,3
21680,38,6
21681,0,3
21682,0,3
21683,18,5
21684,0,3
21685,0,3
21686,0,3
21687,0,3
21688,0,3
21689,0,3
21690,45,7
21691,0,3
21692,0,3
21693,63,8
21694,0,3
21695,13,4
21696,0,3
21697,0,3
21698,32,7
21699,97,7
21700,15,6
21701,23,5
21702,5,3
21703,71,13
21704,69,11
21705,0,3
21706,0,3
21707,0,3
21708,80,7
21709,0,3
21710,0,3
21711,0,3
21712,0,3
21713,0,3
21714,20,5
21715,65,7
21716,20,6
21717,33,6
21718,47,6
21719,104,9
21720,35,6
21721,39,7
21722,0,3
21723,27,5
21724,35,4
21725,0,3
21726,85,9
21727,0,3
21728,14,4
21729,20,6
21730,1,3
21731,7,3
21732,0,3
21733,0,3
21734,59,9
21735,0,3
21736,37,10
21737,64,8
21738,7,3
21739,33,8
21740,1,3
21741,4,3
21742,20,6
21743,0,3
21744,36,8
21745,0,3
21746,38,8
21747,71,10
21748,0,3
21749,0,3
21750,41,5
21751,60,14
21752,43,10
21753,0,3
21754,25,6
21755,0,3
21756,0,3
21757,14,4
21758,60,12
21759,12,5
21760,0,3
21761,0,3
21762,20,7
21763,23,6
21764,26,6
21765,0,3
21766,56,8
21767,0,3
21768,0,3
21769,29,5
21770,0,3
21771,36,6
21772,50,9
21773,16,3
21774,10,4
21775,4,3
21776,17,3
21777,15,5
21778,20,5
21779,47,8
21780,21,6
21781,24,6
21782,10,3
21783,63,11
21784,123,6
21785,0,3
21786,0,3
21787,149,11
21788,38,5
21789,0,3
21790,105,12
21791,2,3
21792,36,5
21793,98,12
21794,40,5
21795,0,3
21796,0,3
21797,43,8
21798,0,3
21799,43,8
21800,7,3
21801,10,4
21802,0,3
21803,53,9
21804,38,7
21805,0,3
21806,0,3
21807,0,3
21808,97,8
21809,33,5
21810,38,7
21811,32,6
21812,0,3
21813,25,5
21814,0,3
21815,0,3
21816,0,3
21817,0,3
21818,29,6
21819,19,5
21820,0,3
21821,0,3
21822,0,3
21823,21,7
21824,24,6
21825,76,13
21826,44,7
21827,0,3
21828,45,8
21829,0,3
21830,73,11
21831,0,3
21832,0,3
21833,0,3
21834,43,8
21835,0,3
21836,0,3
21837,114,14
21838,33,6
21839,43,5
21840,0,3
21841,0,3
21842,15,5
21843,10,6
21844,47,6
21845,66,6
21846,52,7
21847,13,4
21848,27,7
21849,50,6
21850,11,3
21851,38,7
21852,0,3
21853,0,3
21854,4,3
21855,13,4
21856,48,9
21857,0,3
21858,94,10
21859,57,7
21860,43,5
21861,0,3
21862,0,3
21863,3,3
21864,0,3
21865,7,4
21866,112,12
21867,0,3
21868,0,3
21869,54,7
21870,25,6
21871,0,3
21872,0,3
21873,22,5
21874,16,6
21875,95,12
21876,0,3
21877,0,3
21878,58,9
21879,35,6
21880,32,5
21881,0,3
21882,75,10
21883,92,11
21884,0,3
21885,57,7
21886,34,8
21887,22,4
21888,4,3
21889,0,3
21890,34,7
21891,8,4
21892,0,3
21893,0,3
21894,0,3
21895,25,4
21896,36,8
21897,62,7
21898,4,4
21899,20,6
21900,87,9
21901,54,3
21902,0,3
21903,0,3
21904,0,3
21905,0,3
21906,0,3
21907,0,3
21908,0,3
21909,43,4
21910,0,3
21911,0,3
21912,0,3
21913,0,3
21914,0,3
21915,61,11
21916,53,5
21917,49,7
21918,60,8
21919,85,12
21920,62,10
21921,37,3
21922,0,3
21923,0,3
21924,8,6
21925,27,7
21926,96,11
21927,18,5
21928,18,5
21929,0,3
21930,0,3
21931,36,8
21932,5,4
21933,33,6
21934,1,3
21935,0,3
21936,0,3
21937,87,10
21938,0,3
21939,0,3
21940,251,11
21941,1,3
21942,17,6
21943,0,3
21944,43,5
21945,49,10
21946,1,3
21947,0,3
21948,0,3
21949,52,8
21950,4,3
21951,0,3
21952,36,6
21953,0,3
21954,0,3
21955,56,9
21956,41,7
21957,57,8
21958,11,4
21959,0,3
21960,0,3
21961,94,8
21962,0,3
21963,0,3
21964,7,4
21965,1,3
21966,0,3
21967,34,7
21968,41,6
21969,0,3
21970,41,7
21971,1,3
21972,44,7
21973,76,9
21974,56,5
21975,115,9
21976,119,13
21977,0,3
21978,25,8
21979,0,3
21980,39,9
21981,51,8
21982,107,10
21983,0,3
21984,0,3
21985,2,3
21986,0,3
21987,91,10
21988,91,5
21989,0,3
21990,0,3
21991,26,6
21992,19,4
21993,55,6
21994,0,3
21995,2,3
21996,32,5
21997,0,3
21998,32,5
21999,13,5
22000,0,3
22001,0,3
22002,7,4
22003,39,7
22004,163,5
22005,0,3
22006,79,7
22007,5,4
22008,10,6
22009,0,3
22010,41,6
22011,0,3
22012,0,3
22013,5,5
22014,48,8
22015,0,3
22016,62,10
22017,0,3
22018,75,8
22019,3,3
22020,40,10
22021,0,3
22022,0,3
22023,28,5
22024,48,9
22025,0,3
22026,30,7
22027,0,3
22028,23,5
22029,32,6
22030,73,11
22031,25,6
22032,37,6
22033,0,3
22034,77,8
22035,0,3
22036,0,3
22037,57,10
22038,55,8
22039,75,8
22040,53,7
22041,60,10
22042,0,3
22043,18,6
22044,0,3
22045,53,8
22046,31,9
22047,0,3
22048,31,6
22049,40,9
22050,69,8
22051,31,8
22052,55,8
22053,61,8
22054,5,3
22055,0,3
22056,51,7
22057,38,7
22058,23,5
22059,40,8
22060,99,7
22061,2,3
22062,4,3
22063,33,7
22064,0,3
22065,74,8
22066,58,7
22067,35,12
22068,0,3
22069,19,6
22070,0,3
22071,36,9
22072,27,6
22073,103,5
22074,73,7
22075,19,5
22076,0,3
22077,37,9
22078,0,3
22079,25,6
22080,75,9
22081,41,8
22082,87,13
22083,0,3
22084,39,5
22085,20,7
22086,42,7
22087,0,3
22088,27,4
22089,36,7
22090,23,8
22091,30,7
22092,0,3
22093,23,5
22094,47,7
22095,9,5
22096,0,3
22097,72,12
22098,87,11
22099,49,7
22100,17,5
22101,0,3
22102,43,9
22103,90,13
22104,5,3
22105,6,3
22106,47,9
22107,67,11
22108,102,11
22109,0,3
22110,51,9
22111,62,7
22112,49,7
22113,41,6
22114,0,3
22115,76,10
22116,30,7
22117,0,3
22118,18,4
22119,0,3
22120,34,7
22121,0,3
22122,28,7
22123,0,3
22124,0,3
22125,3,5
22126,4,3
22127,46,6
22128,0,3
22129,25,5
22130,4,4
22131,27,5
22132,38,9
22133,87,9
22134,9,3
22135,0,3
22136,23,4
22137,0,3
22138,0,3
22139,46,8
22140,21,4
22141,0,3
22142,52,3
22143,31,9
22144,59,9
22145,49,8
22146,79,10
22147,33,7
22148,29,6
22149,44,8
22150,64,7
22151,0,3
22152,0,3
22153,22,5
22154,0,3
22155,97,9
22156,61,8
22157,0,3
22158,0,3
22159,0,3
22160,35,7
22161,0,3
22162,61,9
22163,0,3
22164,110,11
22165,0,3
22166,37,5
22167,34,5
22168,46,9
22169,0,3
22170,81,9
22171,17,6
22172,0,3
22173,0,3
22174,0,3
22175,0,3
22176,104,13
22177,0,3
22178,14,4
22179,0,3
22180,7,3
22181,39,8
22182,0,3
22183,55,6
22184,63,7
22185,146,13
22186,0,3
22187,21,5
22188,45,10
22189,0,3
22190,32,9
22191,52,8
22192,1,3
22193,0,3
22194,21,5
22195,12,4
22196,0,3
22197,41,7
22198,0,3
22199,67,9
22200,14,5
22201,0,3
22202,68,9
22203,8,4
22204,42,8
22205,0,3
22206,0,3
22207,0,3
22208,76,10
22209,74,12
22210,0,3
22211,118,10
22212,18,6
22213,16,2
22214,0,3
22215,41,6
22216,0,3
22217,0,3
22218,0,3
22219,56,7
22220,53,9
22221,34,6
22222,35,7
22223,0,3
22224,0,3
22225,33,9
22226,30,9
22227,0,3
22228,0,3
22229,44,7
22230,0,3
22231,0,3
22232,34,4
22233,105,12
22234,6,3
22235,32,5
22236,95,6
22237,250,6
22238,17,6
22239,17,4
22240,71,12
22241,73,10
22242,114,11
22243,83,7
22244,0,3
22245,54,4
22246,26,6
22247,59,7
22248,34,9
22249,0,3
22250,67,9
22251,88,11
22252,31,6
22253,50,7
22254,10,3
22255,77,11
22256,25,5
22257,17,8
22258,10,4
22259,0,3
22260,66,14
22261,65,8
22262,0,3
22263,37,6
22264,52,11
22265,0,3
22266,64,7
22267,14,3
22268,0,3
22269,1,3
22270,0,3
22271,31,6
22272,9,5
22273,13,4
22274,51,8
22275,14,4
22276,0,3
22277,99,3
22278,101,10
22279,0,3
22280,0,3
22281,48,8
22282,18,4
22283,13,6
22284,0,3
22285,9,4
22286,77,8
22287,29,5
22288,0,3
22289,38,8
22290,8,3
22291,44,6
22292,0,3
22293,0,3
22294,34,5
22295,0,3
22296,42,6
22297,4,3
22298,86,11
22299,39,6
22300,14,5
22301,0,3
22302,0,3
22303,0,3
22304,20,4
22305,105,13
22306,67,8
22307,39,11
22308,57,9
22309,7,3
22310,0,3
22311,36,5
22312,62,6
22313,0,3
22314,142,10
22315,50,8
22316,12,5
22317,0,3
22318,5,4
22319,0,3
22320,0,3
22321,11,5
22322,0,3
22323,0,3
22324,30,7
22325,14,4
22326,28,8
22327,32,7
22328,0,3
22329,34,9
22330,0,3
22331,35,4
22332,0,3
22333,4,3
22334,0,3
22335,31,5
22336,0,3
22337,19,3
22338,5,4
22339,0,3
22340,4,4
22341,27,8
22342,3,3
22343,17,4
22344,0,3
22345,14,6
22346,52,8
22347,54,8
22348,10,4
22349,19,4
22350,19,5
22351,37,3
22352,10,4
22353,76,9
22354,53,7
22355,73,10
22356,10,3
22357,1,3
22358,63,10
22359,39,6
22360,0,3
22361,0,3
22362,0,3
22363,44,6
22364,0,3
22365,92,7
22366,29,6
22367,23,3
22368,0,3
22369,57,10
22370,0,3
22371,0,3
22372,9,3
22373,0,3
22374,43,7
22375,10,4
22376,27,9
22377,72,10
22378,18,5
22379,43,8
22380,64,8
22381,58,7
22382,61,9
22383,16,5
22384,0,3
22385,96,13
22386,21,6
22387,20,3
22388,16,6
22389,46,5
22390,0,3
22391,8,3
22392,42,8
22393,41,8
22394,0,3
22395,21,6
22396,0,3
22397,51,9
22398,35,5
22399,21,8
22400,45,10
22401,112,12
22402,0,3
22403,84,7
22404,50,6
22405,0,3
22406,88,8
22407,130,13
22408,19,4
22409,0,3
22410,12,5
22411,0,3
22412,89,7
22413,92,13
22414,23,6
22415,48,3
22416,57,7
22417,52,5
22418,17,3
22419,61,12
22420,0,3
22421,28,5
22422,0,3
22423,0,3
22424,136,4
22425,79,9
22426,0,3
22427,112,12
22428,10,3
22429,0,3
22430,86,7
22431,67,10
22432,42,6
22433,30,10
22434,38,6
22435,0,3
22436,0,3
22437,33,3
22438,56,8
22439,77,9
22440,1,3
22441,2,3
22442,0,3
22443,32,7
22444,42,5
22445,13,5
22446,1,3
22447,0,3
22448,27,6
22449,28,7
22450,0,3
22451,0,3
22452,53,7
22453,73,9
22454,0,3
22455,0,3
22456,32,6
22457,8,4
22458,0,3
22459,10,5
22460,121,10
22461,0,3
22462,2,3
22463,0,3
22464,81,9
22465,22,7
22466,39,7
22467,9,4
22468,28,8
22469,0,3
22470,26,5
22471,0,3
22472,0,3
22473,32,9
22474,21,3
22475,0,3
22476,0,3
22477,81,13
22478,87,11
22479,10,4
22480,241,7
22481,120,7
22482,71,8
22483,0,3
22484,0,3
22485,84,5
22486,49,6
22487,0,3
22488,4,3
22489,19,6
22490,0,3
22491,0,3
22492,114,12
22493,0,3
22494,223,11
22495,61,8
22496,0,3
22497,78,11
22498,27,5
22499,27,5
22500,62,8
22501,47,9
22502,0,3
22503,0,3
22504,0,3
22505,0,3
22506,95,10
22507,0,3
22508,72,8
22509,0,3
22510,65,11
22511,20,4
22512,61,8
22513,21,3
22514,21,4
22515,0,3
22516,13,4
22517,25,6
22518,15,4
22519,0,3
22520,23,5
22521,26,6
22522,55,8
22523,22,6
22524,96,11
22525,16,4
22526,0,3
22527,0,3
22528,125,9
22529,0,3
22530,60,8
22531,23,7
22532,38,8
22533,77,12
22534,26,4
22535,26,5
22536,41,3
22537,31,4
22538,19,5
22539,1,3
22540,52,7
22541,0,3
22542,0,3
22543,71,10
22544,117,9
22545,109,10
22546,71,8
22547,3,3
22548,43,8
22549,34,4
22550,70,10
22551,0,3
22552,52,7
22553,0,3
22554,8,4
22555,2,3
22556,17,4
22557,28,8
22558,49,7
22559,59,12
22560,0,3
22561,45,9
22562,40,8
22563,43,7
22564,102,14
22565,62,11
22566,56,10
22567,229,12
22568,0,3
22569,7,3
22570,34,9
22571,27,6
22572,91,11
22573,88,8
22574,0,3
22575,30,5
22576,0,3
22577,43,4
22578,41,9
22579,46,11
22580,8,3
22581,31,8
22582,25,5
22583,0,3
22584,85,7
22585,0,3
22586,0,3
22587,23,4
22588,45,6
22589,0,3
22590,0,3
22591,35,6
22592,0,3
22593,23,5
22594,53,7
22595,56,10
22596,0,3
22597,30,6
22598,0,3
22599,27,8
22600,0,3
22601,34,6
22602,0,3
22603,112,10
22604,5,3
22605,103,8
22606,1,3
22607,48,8
22608,0,3
22609,36,6
22610,110,11
22611,15,5
22612,0,3
22613,39,8
22614,47,10
22615,21,4
22616,20,7
22617,5,3
22618,0,3
22619,0,3
22620,0,3
22621,26,5
22622,53,7
22623,34,8
22624,47,8
22625,0,3
22626,93,9
22627,0,3
22628,114,12
22629,0,3
22630,6,3
22631,0,3
22632,2,3
22633,88,9
22634,70,9
22635,0,3
22636,49,7
22637,0,3
22638,38,7
22639,43,5
22640,67,13
22641,35,3
22642,33,8
22643,48,9
22644,0,3
22645,36,6
22646,165,11
22647,321,10
22648,0,3
22649,0,3
22650,3,3
22651,0,3
22652,152,6
22653,26,7
22654,5,3
22655,24,6
22656,0,3
22657,23,4
22658,114,16
22659,1,3
22660,13,5
22661,36,7
22662,0,3
22663,67,11
22664,0,3
22665,0,3
22666,10,4
22667,37,8
22668,3,3
22669,38,7
22670,4,3
22671,11,2
22672,43,5
22673,72,7
22674,0,3
22675,0,3
22676,0,3
22677,32,7
22678,27,7
22679,57,8
22680,44,7
22681,90,10
22682,24,5
22683,9,5
22684,60,7
22685,49,5
22686,0,3
22687,0,3
22688,0,3
22689,0,3
22690,4,3
22691,61,11
22692,24,7
22693,0,3
22694,0,3
22695,0,3
22696,104,11
22697,0,3
22698,6,4
22699,37,8
22700,21,6
22701,5,3
22702,0,3
22703,31,4
22704,68,10
22705,68,9
22706,55,10
22707,0,3
22708,0,3
22709,0,3
22710,0,3
22711,0,3
22712,73,11
22713,87,9
22714,64,8
22715,0,3
22716,76,14
22717,0,3
22718,62,10
22719,36,7
22720,0,3
22721,40,7
22722,29,4
22723,0,3
22724,0,3
22725,148,10
22726,81,7
22727,0,3
22728,0,3
22729,0,3
22730,12,5
22731,0,3
22732,3,3
22733,0,3
22734,15,3
22735,7,3
22736,75,12
22737,64,9
22738,40,5
22739,55,5
22740,0,3
22741,38,6
22742,29,7
22743,99,8
22744,0,3
22745,11,5
22746,26,10
22747,25,7
22748,0,3
22749,65,10
22750,49,6
22751,48,9
22752,0,3
22753,63,9
22754,15,5
22755,50,8
22756,0,3
22757,60,9
22758,4,3
22759,0,3
22760,0,3
22761,79,13
22762,36,6
22763,0,3
22764,100,8
22765,75,8
22766,45,9
22767,9,5
22768,28,7
22769,0,3
22770,0,3
22771,61,10
22772,18,3
22773,0,3
22774,10,4
22775,0,3
22776,69,10
22777,0,3
22778,23,6
22779,0,3
22780,28,6
22781,2,3
22782,0,3
22783,0,3
22784,10,3
22785,0,3
22786,45,6
22787,53,8
22788,28,5
22789,0,3
22790,26,6
22791,0,3
22792,0,3
22793,98,11
22794,0,3
22795,0,3
22796,88,11
22797,0,3
22798,40,7
22799,35,8
22800,0,3
22801,140,10
22802,49,9
22803,38,10
22804,0,3
22805,30,6
22806,0,3
22807,0,3
22808,3,3
22809,37,6
22810,0,3
22811,0,3
22812,7,3
22813,15,7
22814,16,5
22815,62,9
22816,73,10
22817,0,3
22818,20,4
22819,102,11
22820,36,7
22821,14,4
22822,0,3
22823,0,3
22824,0,3
22825,81,10
22826,95,11
22827,0,3
22828,60,10
22829,67,9
22830,33,4
22831,57,9
22832,0,3
22833,0,3
22834,0,3
22835,27,6
22836,26,5
22837,0,3
22838,124,5
22839,23,5
22840,2,3
22841,0,3
22842,39,8
22843,12,4
22844,10,5
22845,40,7
22846,0,3
22847,63,8
22848,0,3
22849,0,3
22850,26,8
22851,0,3
22852,0,3
22853,41,7
22854,26,6
22855,20,6
22856,0,3
22857,37,8
22858,25,4
22859,9,4
22860,31,6
22861,0,3
22862,51,10
22863,40,6
22864,0,3
22865,33,8
22866,33,6
22867,37,5
22868,0,3
22869,30,8
22870,27,7
22871,25,6
22872,0,3
22873,14,4
22874,54,10
22875,84,6
22876,26,6
22877,20,5
22878,0,3
22879,0,3
22880,13,4
22881,0,3
22882,38,6
22883,0,3
22884,36,4
22885,2,3
22886,50,9
22887,0,3
22888,0,3
22889,0,3
22890,83,13
22891,15,5
22892,56,10
22893,35,6
22894,33,8
22895,36,6
22896,66,12
22897,46,7
22898,1,3
22899,0,3
22900,0,3
22901,73,10
22902,37,7
22903,0,3
22904,0,3
22905,23,7
22906,60,8
22907,0,3
22908,1,3
22909,0,3
22910,69,8
22911,0,3
22912,16,5
22913,0,3
22914,0,3
22915,54,8
22916,0,3
22917,103,10
22918,0,3
22919,0,3
22920,21,6
22921,54,6
22922,10,5
22923,72,8
22924,0,3
22925,33,8
22926,0,3
22927,0,3
22928,0,3
22929,48,8
22930,60,8
22931,47,6
22932,46,9
22933,73,10
22934,0,3
22935,0,3
22936,32,5
22937,26,3
22938,24,5
22939,3,3
22940,4,4
22941,34,8
22942,64,13
22943,40,5
22944,23,7
22945,95,14
22946,0,3
22947,0,3
22948,0,3
22949,0,3
22950,78,9
22951,19,7
22952,3,3
22953,58,8
22954,140,17
22955,0,3
22956,9,5
22957,37,6
22958,0,3
22959,16,5
22960,48,9
22961,1,3
22962,0,3
22963,62,9
22964,4,4
22965,49,3
22966,89,13
22967,73,8
22968,6,4
22969,20,4
22970,0,3
22971,0,3
22972,44,5
22973,0,3
22974,3,3
22975,39,4
22976,0,3
22977,35,6
22978,2,3
22979,44,10
22980,70,7
22981,75,11
22982,0,3
22983,39,9
22984,0,3
22985,0,3
22986,0,3
22987,0,3
22988,23,5
22989,71,9
22990,40,5
22991,76,15
22992,56,10
22993,70,12
22994,40,5
22995,108,11
22996,73,10
22997,29,9
22998,18,6
22999,23,5
23000,34,5
23001,0,3
23002,17,5
23003,0,3
23004,21,7
23005,9,4
23006,0,3
23007,59,9
23008,0,3
23009,0,3
23010,0,3
23011,16,4
23012,0,3
23013,55,9
23014,47,9
23015,68,9
23016,0,3
23017,110,13
23018,0,3
23019,88,9
23020,159,11
23021,19,4
23022,0,3
23023,0,3
23024,41,4
23025,103,8
23026,8,4
23027,24,6
23028,0,3
23029,73,12
23030,45,9
23031,60,9
23032,14,3
23033,54,8
23034,0,3
23035,0,3
23036,0,3
23037,0,3
23038,47,9
23039,53,9
23040,36,8
23041,29,8
23042,4,4
23043,11,4
23044,46,9
23045,0,3
23046,2,3
23047,35,6
23048,99,15
23049,67,9
23050,58,9
23051,66,7
23052,77,6
23053,57,7
23054,74,10
23055,13,4
23056,0,3
23057,51,8
23058,0,3
23059,90,14
23060,0,3
23061,0,3
23062,64,9
23063,37,8
23064,26,5
23065,69,8
23066,22,6
23067,0,3
23068,73,7
23069,63,5
23070,6,3
23071,97,4
23072,0,3
23073,115,13
23074,0,3
23075,70,8
23076,101,8
23077,32,5
23078,71,8
23079,101,13
23080,35,7
23081,24,7
23082,14,4
23083,37,8
23084,0,3
23085,7,4
23086,53,6
23087,42,8
23088,97,13
23089,0,3
23090,0,3
23091,28,8
23092,60,7
23093,89,12
23094,33,6
23095,26,7
23096,0,3
23097,111,10
23098,0,3
23099,54,8
23100,4,3
23101,40,7
23102,0,3
23103,85,11
23104,17,3
23105,46,6
23106,108,13
23107,56,10
23108,101,16
23109,27,6
23110,70,8
23111,69,13
23112,40,6
23113,17,5
23114,1,3
23115,15,4
23116,0,3
23117,0,3
23118,70,8
23119,0,3
23120,2,3
23121,0,3
23122,77,6
23123,94,11
23124,43,8
23125,0,3
23126,22,8
23127,39,5
23128,15,5
23129,0,3
23130,61,10
23131,0,3
23132,70,9
23133,5,3
23134,0,3
23135,64,9
23136,0,3
23137,48,8
23138,36,7
23139,24,5
23140,5,3
23141,96,13
23142,79,11
23143,0,3
23144,0,3
23145,64,14
23146,0,3
23147,0,3
23148,15,5
23149,18,6
23150,22,6
23151,78,10
23152,34,10
23153,0,3
23154,0,3
23155,0,3
23156,8,4
23157,0,3
23158,3,4
23159,0,3
23160,28,5
23161,70,6
23162,95,4
23163,40,5
23164,52,8
23165,67,9
23166,0,3
23167,0,3
23168,71,12
23169,16,6
23170,91,7
23171,0,3
23172,26,5
23173,3,3
23174,0,3
23175,16,5
23176,64,10
23177,0,3
23178,21,5
23179,53,8
23180,18,5
23181,0,3
23182,0,3
23183,22,6
23184,80,17
23185,16,4
23186,0,3
23187,53,7
23188,31,9
23189,49,10
23190,0,3
23191,0,3
23192,80,8
23193,0,3
23194,31,6
23195,39,9
23196,0,3
23197,0,3
23198,0,3
23199,0,3
23200,4,4
23201,0,3
23202,0,3
23203,74,11
23204,53,7
23205,0,3
23206,38,6
23207,47,9
23208,31,6
23209,0,3
23210,72,11
23211,86,8
23212,0,3
23213,47,8
23214,1,3
23215,0,3
23216,3,3
23217,0,3
23218,0,3
23219,6,4
23220,43,10
23221,100,9
23222,72,9
23223,0,3
23224,80,8
23225,34,9
23226,0,3
23227,92,14
23228,86,12
23229,31,7
23230,76,11
23231,60,8
23232,0,3
23233,0,3
23234,0,3
23235,0,3
23236,41,11
23237,18,6
23238,66,11
23239,23,7
23240,0,3
23241,0,3
23242,0,3
23243,54,7
23244,26,4
23245,93,16
23246,26,5
23247,0,3
23248,11,3
23249,54,7
23250,37,7
23251,41,8
23252,31,7
23253,0,3
23254,88,11
23255,0,3
23256,26,4
23257,46,6
23258,0,3
23259,58,5
23260,32,6
23261,45,5
23262,59,6
23263,4,3
23264,50,10
23265,0,3
23266,0,3
23267,0,3
23268,57,9
23269,0,3
23270,38,7
23271,24,7
23272,56,8
23273,11,4
23274,0,3
23275,166,9
23276,0,3
23277,0,3
23278,78,13
23279,91,11
23280,0,3
23281,22,4
23282,0,3
23283,0,3
23284,55,8
23285,14,5
23286,83,2
23287,36,6
23288,0,3
23289,0,3
23290,21,4
23291,24,7
23292,12,5
23293,50,7
23294,87,10
23295,65,7
23296,51,8
23297,24,5
23298,89,4
23299,38,9
23300,0,3
23301,0,3
23302,55,9
23303,52,6
23304,40,8
23305,0,3
23306,73,9
23307,62,10
23308,0,3
23309,72,6
23310,12,5
23311,60,12
23312,24,7
23313,91,9
23314,46,9
23315,0,3
23316,0,3
23317,0,3
23318,58,10
23319,0,3
23320,100,9
23321,79,8
23322,30,7
23323,17,7
23324,27,7
23325,63,10
23326,24,6
23327,225,9
23328,54,9
23329,16,6
23330,0,3
23331,0,3
23332,54,8
23333,18,6
23334,143,14
23335,42,9
23336,0,3
23337,95,12
23338,64,8
23339,51,9
23340,15,4
23341,0,3
23342,20,4
23343,76,6
23344,40,7
23345,4,3
23346,9,4
23347,0,3
23348,74,4
23349,29,5
23350,41,7
23351,0,3
23352,0,3
23353,0,3
23354,0,3
23355,54,6
23356,64,8
23357,43,6
23358,69,5
23359,0,3
23360,35,8
23361,38,8
23362,4,3
23363,0,3
23364,70,9
23365,29,5
23366,0,3
23367,0,3
23368,64,13
23369,0,3
23370,0,3
23371,0,3
23372,0,3
23373,144,6
23374,0,3
23375,0,3
23376,0,3
23377,33,6
23378,0,3
23379,28,9
23380,45,8
23381,0,3
23382,0,3
23383,27,7
23384,0,3
23385,45,10
23386,0,3
23387,0,3
23388,39,9
23389,53,9
23390,0,3
23391,48,8
23392,114,11
23393,0,3
23394,90,14
23395,99,14
23396,0,3
23397,0,3
23398,0,3
23399,51,7
23400,0,3
23401,1,3
23402,31,8
23403,102,9
23404,0,3
23405,71,10
23406,34,4
23407,0,3
23408,24,8
23409,0,3
23410,110,13
23411,63,10
23412,0,3
23413,42,7
23414,0,3
23415,51,9
23416,0,3
23417,95,12
23418,0,3
23419,94,8
23420,0,3
23421,15,3
23422,0,3
23423,30,4
23424,43,9
23425,0,3
23426,0,3
23427,37,8
23428,51,7
23429,53,8
23430,77,8
23431,20,6
23432,0,3
23433,43,7
23434,0,3
23435,43,6
23436,52,7
23437,27,4
23438,21,6
23439,30,6
23440,104,8
23441,0,3
23442,73,11
23443,60,7
23444,25,5
23445,0,3
23446,11,4
23447,58,9
23448,160,9
23449,176,1
23450,43,5
23451,45,8
23452,13,4
23453,93,7
23454,36,8
23455,44,7
23456,30,7
23457,87,12
23458,0,3
23459,30,5
23460,29,6
23461,10,3
23462,7,4
23463,31,6
23464,107,11
23465,48,7
23466,20,6
23467,0,3
23468,49,9
23469,45,8
23470,0,3
23471,56,8
23472,82,12
23473,0,3
23474,0,3
23475,9,3
23476,2,3
23477,0,3
23478,0,3
23479,0,3
23480,43,9
23481,0,3
23482,0,3
23483,38,6
23484,24,5
23485,0,3
23486,67,10
23487,0,3
23488,42,7
23489,0,3
23490,0,3
23491,49,6
23492,16,6
23493,12,4
23494,59,8
23495,0,3
23496,24,9
23497,154,7
23498,20,9
23499,0,3
23500,141,12
23501,84,16
23502,27,7
23503,0,3
23504,0,3
23505,43,7
23506,73,10
23507,58,8
23508,0,3
23509,35,6
23510,12,5
23511,53,8
23512,13,6
23513,27,8
23514,198,4
23515,92,10
23516,50,9
23517,0,3
23518,0,3
23519,144,10
23520,26,5
23521,42,7
23522,12,4
23523,60,4
23524,32,8
23525,9,3
23526,0,3
23527,65,10
23528,0,3
23529,0,3
23530,21,5
23531,68,8
23532,7,4
23533,0,3
23534,10,3
23535,34,7
23536,97,11
23537,28,7
23538,29,6
23539,68,7
23540,0,3
23541,21,6
23542,15,4
23543,9,4
23544,0,3
23545,77,6
23546,8,4
23547,41,8
23548,0,3
23549,39,9
23550,71,12
23551,48,8
23552,35,7
23553,32,5
23554,129,5
23555,30,7
23556,7,4
23557,0,3
23558,79,12
23559,26,7
23560,26,6
23561,29,6
23562,43,7
23563,0,3
23564,88,8
23565,99,9
23566,0,3
23567,46,7
23568,81,10
23569,0,3
23570,0,3
23571,30,7
23572,28,7
23573,0,3
23574,0,3
23575,23,7
23576,0,3
23577,0,3
23578,15,5
23579,0,3
23580,60,9
23581,97,10
23582,0,3
23583,0,3
23584,0,3
23585,0,3
23586,1,3
23587,0,3
23588,52,10
23589,0,3
23590,0,3
23591,0,3
23592,66,9
23593,30,5
23594,41,8
23595,234,8
23596,51,10
23597,0,3
23598,48,9
23599,45,7
23600,0,3
23601,14,6
23602,75,11
23603,63,9
23604,0,3
23605,0,3
23606,63,7
23607,0,3
23608,41,9
23609,53,6
23610,38,7
23611,17,4
23612,112,6
23613,14,5
23614,105,13
23615,13,5
23616,0,3
23617,5,4
23618,54,9
23619,0,3
23620,0,3
23621,11,5
23622,99,12
23623,0,3
23624,1,3
23625,0,3
23626,107,14
23627,56,10
23628,0,3
23629,31,5
23630,42,7
23631,0,3
23632,0,3
23633,0,3
23634,50,8
23635,0,3
23636,44,6
23637,88,8
23638,84,10
23639,0,3
23640,58,9
23641,33,6
23642,0,3
23643,65,8
23644,0,3
23645,3,3
23646,41,8
23647,43,9
23648,77,14
23649,22,6
23650,69,10
23651,139,9
23652,10,4
23653,34,7
23654,56,5
23655,0,3
23656,0,3
23657,10,3
23658,80,7
23659,78,12
23660,0,3
23661,94,8
23662,29,9
23663,33,7
23664,0,3
23665,23,8
23666,86,15
23667,0,3
23668,52,8
23669,38,7
23670,94,7
23671,53,10
23672,0,3
23673,53,9
23674,60,10
23675,25,4
23676,0,3
23677,24,7
23678,0,3
23679,61,10
23680,0,3
23681,0,3
23682,81,6
23683,48,7
23684,4,3
23685,0,3
23686,33,6
23687,57,9
23688,1,3
23689,0,3
23690,27,9
23691,6,5
23692,51,10
23693,68,11
23694,0,3
23695,0,3
23696,0,3
23697,101,10
23698,94,9
23699,0,3
23700,4,3
23701,8,4
23702,0,3
23703,57,11
23704,46,10
23705,0,3
23706,57,10
23707,0,3
23708,0,3
23709,23,7
23710,16,4
23711,28,5
23712,0,3
23713,65,9
23714,51,5
23715,2,3
23716,42,8
23717,33,4
23718,15,4
23719,21,6
23720,31,8
23721,71,9
23722,0,3
23723,83,11
23724,40,5
23725,35,9
23726,0,3
23727,14,5
23728,0,3
23729,2,3
23730,0,3
23731,75,8
23732,0,3
23733,0,3
23734,0,3
23735,74,11
23736,85,11
23737,3,3
23738,0,3
23739,8,4
23740,55,15
23741,42,6
23742,51,10
23743,34,8
23744,101,10
23745,0,3
23746,26,7
23747,0,3
23748,78,11
23749,0,3
23750,43,7
23751,0,3
23752,12,5
23753,94,9
23754,30,8
23755,32,6
23756,44,8
23757,18,5
23758,31,4
23759,72,12
23760,68,9
23761,68,11
23762,83,11
23763,17,4
23764,0,3
23765,0,3
23766,90,14
23767,0,3
23768,84,10
23769,0,3
23770,121,7
23771,0,3
23772,50,10
23773,23,5
23774,0,3
23775,0,3
23776,137,12
23777,75,8
23778,0,3
23779,0,3
23780,0,3
23781,0,3
23782,0,3
23783,51,6
23784,0,3
23785,38,8
23786,0,3
23787,114,6
23788,9,4
23789,3,3
23790,9,5
23791,0,3
23792,71,13
23793,17,6
23794,36,8
23795,26,5
23796,15,3
23797,0,3
23798,0,3
23799,0,3
23800,0,3
23801,95,5
23802,27,4
23803,41,9
23804,0,3
23805,30,4
23806,0,3
23807,77,9
23808,83,11
23809,19,4
23810,12,4
23811,46,13
23812,0,3
23813,55,7
23814,48,8
23815,37,8
23816,0,3
23817,27,9
23818,35,8
23819,18,5
23820,0,3
23821,54,9
23822,78,10
23823,79,15
23824,22,7
23825,0,3
23826,11,5
23827,30,5
23828,43,9
23829,20,6
23830,0,3
23831,0,3
23832,0,3
23833,0,3
23834,97,18
23835,46,7
23836,0,3
23837,48,6
23838,58,11
23839,0,3
23840,72,11
23841,0,3
23842,0,3
23843,0,3
23844,99,8
23845,9,4
23846,5,4
23847,76,12
23848,16,4
23849,0,3
23850,103,12
23851,0,3
23852,22,6
23853,29,10
23854,65,9
23855,55,6
23856,0,3
23857,0,3
23858,18,4
23859,23,6
23860,30,5
23861,42,6
23862,13,4
23863,0,3
23864,0,3
23865,77,11
23866,0,3
23867,0,3
23868,0,3
23869,0,3
23870,0,3
23871,0,3
23872,49,7
23873,78,6
23874,72,9
23875,51,10
23876,0,3
23877,27,6
23878,74,9
23879,0,3
23880,66,9
23881,13,4
23882,5,3
23883,0,3
23884,33,5
23885,0,3
23886,32,7
23887,0,3
23888,0,3
23889,51,10
23890,0,3
23891,12,4
23892,7,3
23893,2,3
23894,0,3
23895,243,3
23896,0,3
23897,0,3
23898,75,12
23899,19,3
23900,68,6
23901,54,9
23902,57,8
23903,0,3
23904,198,4
23905,83,11
23906,104,10
23907,6,3
23908,0,3
23909,48,8
23910,61,7
23911,67,12
23912,0,3
23913,77,14
23914,64,9
23915,66,10
23916,0,3
23917,49,7
23918,260,7
23919,0,3
23920,0,3
23921,90,11
23922,0,3
23923,0,3
23924,81,12
23925,0,3
23926,0,3
23927,0,3
23928,115,7
23929,0,3
23930,127,12
23931,39,8
23932,73,12
23933,183,5
23934,34,5
23935,0,3
23936,0,3
23937,92,10
23938,35,9
23939,0,3
23940,12,6
23941,83,10
23942,0,3
23943,0,3
23944,0,3
23945,37,8
23946,113,10
23947,40,9
23948,41,8
23949,13,5
23950,17,3
23951,0,3
23952,23,6
23953,8,4
23954,61,9
23955,114,11
23956,20,6
23957,15,5
23958,0,3
23959,79,6
23960,61,9
23961,0,3
23962,0,3
23963,37,8
23964,42,10
23965,38,5
23966,22,7
23967,99,8
23968,0,3
23969,0,3
23970,20,5
23971,47,9
23972,93,10
23973,19,4
23974,17,6
23975,0,3
23976,0,3
23977,3,4
23978,0,3
23979,0,3
23980,0,3
23981,17,8
23982,48,7
23983,0,3
23984,27,4
23985,3,3
23986,0,3
23987,27,5
23988,0,3
23989,25,9
23990,69,9
23991,0,3
23992,20,5
23993,60,10
23994,0,3
23995,2,3
23996,110,15
23997,0,3
23998,57,7
23999,22,7
24000,35,8
24001,28,6
24002,0,3
24003,0,3
24004,0,3
24005,53,6
24006,46,6
24007,0,3
24008,0,3
24009,5,3
24010,158,8
24011,58,5
24012,30,6
24013,42,9
24014,0,3
24015,0,3
24016,39,5
24017,0,3
24018,0,3
24019,4,3
24020,103,9
24021,45,6
24022,67,11
24023,87,11
24024,73,8
24025,0,3
24026,0,3
24027,22,4
24028,60,8
24029,194,8
24030,70,8
24031,34,6
24032,49,10
24033,21,5
24034,0,3
24035,0,3
24036,138,6
24037,38,8
24038,85,12
24039,81,10
24040,0,3
24041,79,11
24042,82,10
24043,58,9
24044,98,3
24045,0,3
24046,0,3
24047,0,3
24048,52,6
24049,44,8
24050,66,11
24051,94,11
24052,0,3
24053,30,5
24054,67,5
24055,0,3
24056,0,3
24057,4,3
24058,0,3
24059,2,3
24060,58,11
24061,65,6
24062,0,3
24063,0,3
24064,0,3
24065,71,8
24066,0,3
24067,79,12
24068,73,10
24069,0,3
24070,0,3
24071,0,3
24072,33,6
24073,45,6
24074,93,15
24075,53,8
24076,0,3
24077,28,8
24078,0,3
24079,9,4
24080,58,8
24081,0,3
24082,31,8
24083,84,14
24084,0,3
24085,15,4
24086,37,5
24087,0,3
24088,0,3
24089,70,3
24090,0,3
24091,64,11
24092,0,3
24093,0,3
24094,0,3
24095,0,3
24096,94,10
24097,0,3
24098,0,3
24099,59,7
24100,0,3
24101,0,3
24102,73,8
24103,0,3
24104,26,4
24105,0,3
24106,16,5
24107,0,3
24108,0,3
24109,23,7
24110,0,3
24111,77,7
24112,59,12
24113,105,9
24114,28,7
24115,58,10
24116,34,7
24117,32,9
24118,30,9
24119,64,11
24120,106,10
24121,71,11
24122,30,7
24123,3,3
24124,0,3
24125,84,9
24126,36,13
24127,0,3
24128,82,9
24129,40,6
24130,0,3
24131,0,3
24132,42,7
24133,0,3
24134,49,6
24135,0,3
24136,48,9
24137,47,8
24138,0,3
24139,61,14
24140,0,3
24141,92,9
24142,0,3
24143,33,8
24144,0,3
24145,105,11
24146,0,3
24147,117,16
24148,45,6
24149,67,10
24150,25,7
24151,0,3
24152,69,9
24153,0,3
24154,31,5
24155,36,6
24156,22,7
24157,85,7
24158,0,3
24159,30,7
24160,89,12
24161,21,5
24162,26,8
24163,12,4
24164,26,6
24165,20,5
24166,70,9
24167,0,3
24168,121,9
24169,0,3
24170,0,3
24171,0,3
24172,0,3
24173,42,9
24174,52,8
24175,5,3
24176,37,8
24177,150,13
24178,0,3
24179,34,7
24180,88,12
24181,93,8
24182,99,11
24183,116,8
24184,8,3
24185,0,3
24186,0,3
24187,87,16
24188,0,3
24189,67,9
24190,0,3
24191,21,6
24192,0,3
24193,59,13
24194,65,9
24195,0,3
24196,0,3
24197,30,9
24198,0,3
24199,106,10
24200,16,5
24201,38,6
24202,61,10
24203,37,9
24204,9,6
24205,0,3
24206,19,5
24207,0,3
24208,51,7
24209,25,7
24210,102,12
24211,76,7
24212,0,3
24213,0,3
24214,0,3
24215,0,3
24216,52,13
24217,0,3
24218,34,8
24219,90,14
24220,0,3
24221,0,3
24222,0,3
24223,106,11
24224,109,7
24225,60,5
24226,0,3
24227,18,6
24228,0,3
24229,0,3
24230,85,8
24231,0,3
24232,40,6
24233,38,6
24234,90,10
24235,41,6
24236,25,6
24237,31,9
24238,159,8
24239,23,5
24240,0,3
24241,101,8
24242,91,17
24243,86,12
24244,10,4
24245,0,3
24246,74,12
24247,51,9
24248,0,3
24249,10,5
24250,0,3
24251,106,8
24252,0,3
24253,22,8
24254,32,6
24255,15,3
24256,11,5
24257,97,13
24258,5,3
24259,59,8
24260,173,7
24261,6,5
24262,18,7
24263,3,3
24264,50,6
24265,41,8
24266,52,9
24267,0,3
24268,0,3
24269,0,3
24270,83,10
24271,18,3
24272,13,6
24273,27,5
24274,0,3
24275,28,9
24276,0,3
24277,41,8
24278,17,6
24279,110,9
24280,4,3
24281,66,8
24282,56,12
24283,6,4
24284,38,8
24285,82,10
24286,34,4
24287,0,3
24288,0,3
24289,40,6
24290,56,8
24291,0,3
24292,0,3
24293,62,8
24294,69,10
24295,13,5
24296,0,3
24297,1,3
24298,0,3
24299,44,9
24300,1,3
24301,64,9
24302,12,3
24303,0,3
24304,58,8
24305,0,3
24306,6,3
24307,269,4
24308,0,3
24309,24,7
24310,56,8
24311,0,3
24312,0,3
24313,3,3
24314,17,5
24315,29,8
24316,0,3
24317,0,3
24318,0,3
24319,0,3
24320,6,3
24321,0,3
24322,58,7
24323,0,3
24324,8,4
24325,0,3
24326,21,5
24327,42,10
24328,54,10
24329,63,8
24330,0,3
24331,0,3
24332,27,3
24333,36,7
24334,0,3
24335,0,3
24336,0,3
24337,0,3
24338,0,3
24339,0,3
24340,51,7
24341,18,4
24342,167,11
24343,16,4
24344,5,3
24345,127,9
24346,57,9
24347,0,3
24348,0,3
24349,29,5
24350,0,3
24351,85,15
24352,45,11
24353,11,3
24354,0,3
24355,82,10
24356,0,3
24357,0,3
24358,56,6
24359,0,3
24360,22,5
24361,55,12
24362,0,3
24363,41,7
24364,3,3
24365,75,9
24366,32,7
24367,29,6
24368,71,8
24369,55,9
24370,110,13
24371,74,7
24372,0,3
24373,48,12
24374,81,10
24375,89,11
24376,0,3
24377,70,12
24378,52,10
24379,0,3
24380,30,5
24381,23,5
24382,34,8
24383,0,3
24384,22,5
24385,55,8
24386,2,3
24387,16,5
24388,66,8
24389,0,3
24390,49,10
24391,48,9
24392,0,3
24393,0,3
24394,143,13
24395,48,8
24396,4,3
24397,7,4
24398,0,3
24399,44,7
24400,35,8
24401,8,5
24402,0,3
24403,75,9
24404,28,6
24405,3,3
24406,0,3
24407,55,10
24408,0,3
24409,0,3
24410,43,9
24411,17,3
24412,0,3
24413,83,8
24414,43,6
24415,35,3
24416,36,5
24417,0,3
24418,0,3
24419,4,3
24420,48,9
24421,0,3
24422,0,3
24423,9,5
24424,44,10
24425,1,3
24426,56,8
24427,62,10
24428,43,9
24429,118,10
24430,47,10
24431,29,4
24432,0,3
24433,54,10
24434,0,3
24435,45,11
24436,125,12
24437,45,6
24438,0,3
24439,76,8
24440,28,6
24441,0,3
24442,31,8
24443,5,3
24444,0,3
24445,3,4
24446,70,11
24447,89,11
24448,1,3
24449,6,3
24450,0,3
24451,47,8
24452,215,7
24453,57,9
24454,59,9
24455,1,3
24456,0,3
24457,13,6
24458,61,8
24459,35,7
24460,28,7
24461,99,11
24462,0,3
24463,0,3
24464,5,5
24465,0,3
24466,29,6
24467,81,13
24468,80,8
24469,0,3
24470,49,10
24471,0,3
24472,97,15
24473,46,9
24474,98,11
24475,0,3
24476,14,4
24477,59,8
24478,76,11
24479,52,10
24480,0,3
24481,49,8
24482,0,3
24483,0,3
24484,0,3
24485,44,9
24486,0,3
24487,46,7
24488,0,3
24489,11,6
24490,0,3
24491,76,12
24492,0,3
24493,0,3
24494,0,3
24495,0,3
24496,59,6
24497,17,4
24498,49,8
24499,0,3
24500,0,3
24501,0,3
24502,60,8
24503,78,9
24504,6,3
24505,97,12
24506,76,9
24507,61,9
24508,0,3
24509,0,3
24510,49,4
24511,38,5
24512,0,3
24513,97,11
24514,92,13
24515,10,5
24516,52,7
24517,0,3
24518,58,9
24519,98,11
24520,2,3
24521,57,9
24522,3,3
24523,98,19
24524,0,3
24525,0,3
24526,0,3
24527,78,10
24528,30,8
24529,0,3
24530,8,4
24531,32,8
24532,44,12
24533,84,8
24534,0,3
24535,6,3
24536,11,4
24537,35,7
24538,18,5
24539,69,14
24540,98,10
24541,6,3
24542,54,11
24543,0,3
24544,0,3
24545,138,7
24546,51,3
24547,0,3
24548,0,3
24549,32,7
24550,37,11
24551,0,3
24552,14,4
24553,0,3
24554,46,9
24555,0,3
24556,0,3
24557,0,3
24558,0,3
24559,46,11
24560,91,11
24561,0,3
24562,0,3
24563,40,4
24564,29,6
24565,50,9
24566,65,11
24567,0,3
24568,0,3
24569,40,10
24570,206,7
24571,31,8
24572,0,3
24573,73,6
24574,0,3
24575,19,4
24576,59,8
24577,1,3
24578,5,3
24579,0,3
24580,0,3
24581,4,3
24582,51,9
24583,53,7
24584,44,8
24585,43,10
24586,0,3
24587,0,3
24588,0,3
24589,75,8
24590,0,3
24591,0,3
24592,11,4
24593,0,3
24594,26,5
24595,38,4
24596,97,4
24597,72,10
24598,31,8
24599,2,4
24600,0,3
24601,66,12
24602,0,3
24603,9,4
24604,0,3
24605,0,3
24606,22,4
24607,16,6
24608,0,3
24609,39,8
24610,0,3
24611,8,3
24612,26,6
24613,43,6
24614,0,3
24615,38,3
24616,142,14
24617,87,10
24618,10,5
24619,40,8
24620,43,8
24621,69,11
24622,0,3
24623,42,7
24624,44,9
24625,16,6
24626,148,13
24627,27,7
24628,39,3
24629,0,3
24630,11,4
24631,26,8
24632,0,3
24633,18,7
24634,107,12
24635,0,3
24636,49,7
24637,0,3
24638,50,6
24639,0,3
24640,48,6
24641,0,3
24642,11,5
24643,0,3
24644,35,5
24645,0,3
24646,89,15
24647,36,8
24648,44,9
24649,0,3
24650,0,3
24651,13,7
24652,38,6
24653,0,3
24654,0,3
24655,48,7
24656,8,3
24657,112,9
24658,93,10
24659,0,3
24660,107,13
24661,146,13
24662,69,8
24663,32,7
24664,0,3
24665,0,3
24666,42,6
24667,89,9
24668,0,3
24669,71,8
24670,48,11
24671,0,3
24672,34,7
24673,0,3
24674,28,8
24675,116,15
24676,12,5
24677,0,3
24678,42,4
24679,29,9
24680,14,3
24681,17,6
24682,0,3
24683,0,3
24684,40,6
24685,5,3
24686,12,4
24687,0,3
24688,59,10
24689,0,3
24690,0,3
24691,50,10
24692,32,8
24693,0,3
24694,0,3
24695,97,9
24696,44,9
24697,212,10
24698,0,3
24699,67,10
24700,28,7
24701,0,3
24702,58,7
24703,0,3
24704,47,7
24705,0,3
24706,0,3
24707,39,9
24708,51,8
24709,0,3
24710,25,5
24711,11,5
24712,25,6
24713,8,4
24714,0,3
24715,14,7
24716,92,12
24717,0,3
24718,71,7
24719,10,4
24720,0,3
24721,0,3
24722,4,3
24723,0,3
24724,0,3
24725,99,16
24726,69,10
24727,0,3
24728,0,3
24729,0,3
24730,1,3
24731,91,11
24732,21,5
24733,132,11
24734,0,3
24735,0,3
24736,37,5
24737,0,3
24738,137,7
24739,121,12
24740,85,8
24741,0,3
24742,32,9
24743,0,3
24744,140,10
24745,0,3
24746,78,9
24747,0,3
24748,50,11
24749,51,8
24750,79,10
24751,120,11
24752,26,4
24753,84,13
24754,105,5
24755,92,12
24756,68,8
24757,51,11
24758,0,3
24759,4,3
24760,0,3
24761,81,10
24762,2,3
24763,93,12
24764,0,3
24765,0,3
24766,19,6
24767,40,6
24768,0,3
24769,70,8
24770,47,9
24771,0,3
24772,32,6
24773,204,12
24774,0,3
24775,55,9
24776,0,3
24777,56,11
24778,68,10
24779,124,11
24780,60,10
24781,64,10
24782,39,8
24783,18,6
24784,47,8
24785,127,10
24786,23,8
24787,0,3
24788,59,10
24789,75,12
24790,67,8
24791,44,9
24792,24,5
24793,0,3
24794,27,7
24795,72,11
24796,141,13
24797,79,11
24798,0,3
24799,1,3
24800,130,12
24801,0,3
24802,32,6
24803,46,11
24804,50,8
24805,50,10
24806,0,3
24807,0,3
24808,64,10
24809,0,3
24810,41,8
24811,17,5
24812,77,8
24813,0,3
24814,0,3
24815,98,13
24816,18,5
24817,0,3
24818,0,3
24819,168,12
24820,36,8
24821,0,3
24822,0,3
24823,0,3
24824,114,12
24825,0,3
24826,78,10
24827,11,6
24828,0,3
24829,78,16
24830,83,9
24831,129,9
24832,0,3
24833,89,10
24834,0,3
24835,33,8
24836,74,10
24837,46,8
24838,48,9
24839,44,6
24840,4,3
24841,35,7
24842,36,9
24843,0,3
24844,59,10
24845,140,14
24846,0,3
24847,67,11
24848,0,3
24849,0,3
24850,1,3
24851,5,3
24852,0,3
24853,61,8
24854,38,6
24855,53,7
24856,0,3
24857,51,5
24858,0,3
24859,0,3
24860,26,5
24861,119,10
24862,75,9
24863,65,10
24864,101,10
24865,0,3
24866,44,8
24867,0,3
24868,44,8
24869,34,7
24870,0,3
24871,12,5
24872,68,8
24873,61,7
24874,0,3
24875,60,11
24876,0,3
24877,27,5
24878,43,5
24879,0,3
24880,0,3
24881,7,4
24882,0,3
24883,71,10
24884,107,13
24885,6,3
24886,24,9
24887,0,3
24888,96,11
24889,80,9
24890,47,10
24891,0,3
24892,58,8
24893,18,4
24894,71,12
24895,0,3
24896,0,3
24897,22,4
24898,0,3
24899,1,3
24900,0,3
24901,52,9
24902,0,3
24903,0,3
24904,93,13
24905,45,6
24906,33,7
24907,26,5
24908,55,10
24909,49,9
24910,88,10
24911,0,3
24912,4,3
24913,0,3
24914,90,9
24915,55,11
24916,0,3
24917,0,3
24918,78,13
24919,29,6
24920,3,3
24921,0,3
24922,69,8
24923,0,3
24924,0,3
24925,0,3
24926,89,9
24927,75,9
24928,53,9
24929,70,9
24930,88,11
24931,33,6
24932,89,11
24933,0,3
24934,15,7
24935,45,6
24936,0,3
24937,2,3
24938,99,17
24939,103,12
24940,28,5
24941,0,3
24942,0,3
24943,0,3
24944,84,14
24945,0,3
24946,66,10
24947,0,3
24948,27,9
24949,60,12
24950,58,11
24951,35,6
24952,17,6
24953,7,3
24954,19,5
24955,66,7
24956,58,10
24957,0,3
24958,44,9
24959,0,3
24960,56,9
24961,49,8
24962,0,3
24963,22,5
24964,193,9
24965,0,3
24966,35,10
24967,0,3
24968,33,9
24969,48,9
24970,0,3
24971,16,7
24972,67,11
24973,43,5
24974,88,9
24975,98,13
24976,10,5
24977,79,11
24978,46,10
24979,23,4
24980,85,15
24981,0,3
24982,0,3
24983,0,3
24984,36,8
24985,14,4
24986,0,3
24987,60,9
24988,946,7
24989,0,3
24990,0,3
24991,38,10
24992,42,8
24993,1,3
24994,69,12
24995,0,3
24996,0,3
24997,0,3
24998,33,6
24999,2,3
25000,0,3
25001,27,7
25002,0,3
25003,98,11
25004,14,6
25005,0,3
25006,96,11
25007,0,3
25008,0,3
25009,0,3
25010,0,3
25011,90,13
25012,61,7
25013,66,10
25014,90,15
25015,118,5
25016,0,3
25017,8,3
25018,53,7
25019,67,7
25020,47,5
25021,50,8
25022,52,10
25023,64,15
25024,23,6
25025,0,3
25026,0,3
25027,82,9
25028,98,7
25029,4,4
25030,26,5
25031,25,5
25032,0,3
25033,0,3
25034,34,6
25035,19,7
25036,0,3
25037,0,3
25038,0,3
25039,5,4
25040,62,10
25041,0,3
25042,11,4
25043,21,6
25044,4,3
25045,0,3
25046,11,4
25047,0,3
25048,3,3
25049,82,9
25050,21,6
25051,10,5
25052,39,7
25053,0,3
25054,0,3
25055,59,9
25056,0,3
25057,93,12
25058,16,6
25059,32,6
25060,39,5
25061,0,3
25062,0,3
25063,69,12
25064,22,6
25065,39,4
25066,6,3
25067,69,6
25068,0,3
25069,0,3
25070,98,16
25071,121,8
25072,24,7
25073,0,3
25074,38,8
25075,72,6
25076,118,14
25077,116,8
25078,0,3
25079,37,7
25080,20,6
25081,18,8
25082,58,10
25083,34,7
25084,15,5
25085,0,3
25086,0,3
25087,80,15
25088,12,4
25089,64,8
25090,32,5
25091,58,5
25092,9,4
25093,0,3
25094,53,8
25095,65,10
25096,0,3
25097,60,9
25098,34,5
25099,15,5
25100,15,4
25101,0,3
25102,62,9
25103,85,8
25104,25,5
25105,29,5
25106,0,3
25107,36,6
25108,0,3
25109,0,3
25110,0,3
25111,0,3
25112,15,4
25113,39,9
25114,36,7
25115,100,12
25116,0,3
25117,83,9
25118,0,3
25119,15,5
25120,0,3
25121,22,9
25122,63,11
25123,0,3
25124,68,8
25125,0,3
25126,44,8
25127,0,3
25128,0,3
25129,87,12
25130,0,3
25131,0,3
25132,0,3
25133,40,5
25134,0,3
25135,113,11
25136,21,6
25137,130,16
25138,3,3
25139,58,10
25140,0,3
25141,0,3
25142,0,3
25143,0,3
25144,28,6
25145,42,8
25146,49,8
25147,0,3
25148,33,7
25149,0,3
25150,45,8
25151,217,7
25152,46,8
25153,43,4
25154,0,3
25155,52,9
25156,22,5
25157,106,14
25158,31,6
25159,59,8
25160,0,3
25161,0,3
25162,0,3
25163,1,3
25164,40,9
25165,0,3
25166,44,9
25167,0,3
25168,29,8
25169,62,13
25170,52,8
25171,0,3
25172,93,11
25173,60,9
25174,0,3
25175,73,10
25176,42,5
25177,17,4
25178,47,7
25179,13,4
25180,0,3
25181,0,3
25182,23,6
25183,101,11
25184,0,3
25185,0,3
25186,33,6
25187,48,11
25188,66,10
25189,0,3
25190,52,6
25191,0,3
25192,7,4
25193,90,14
25194,0,3
25195,274,5
25196,19,6
25197,77,10
25198,32,8
25199,86,12
25200,77,10
25201,76,10
25202,45,12
25203,33,5
25204,20,5
25205,17,5
25206,0,3
25207,0,3
25208,85,14
25209,36,9
25210,37,6
25211,65,9
25212,38,6
25213,0,3
25214,83,9
25215,0,3
25216,49,8
25217,0,3
25218,0,3
25219,41,6
25220,0,3
25221,53,11
25222,89,9
25223,0,3
25224,0,3
25225,0,3
25226,35,5
25227,0,3
25228,77,14
25229,37,8
25230,0,3
25231,31,6
25232,110,10
25233,42,7
25234,0,3
25235,53,10
25236,64,8
25237,49,8
25238,53,6
25239,8,3
25240,81,10
25241,0,3
25242,112,8
25243,60,12
25244,58,9
25245,16,5
25246,103,14
25247,44,9
25248,34,7
25249,0,3
25250,0,3
25251,622,11
25252,0,3
25253,127,11
25254,54,10
25255,40,7
25256,62,10
25257,58,7
25258,9,3
25259,37,7
25260,0,3
25261,26,5
25262,44,7
25263,0,3
25264,0,3
25265,108,11
25266,2,3
25267,0,3
25268,0,3
25269,0,3
25270,0,3
25271,99,11
25272,67,12
25273,0,3
25274,0,3
25275,0,3
25276,87,10
25277,80,12
25278,90,8
25279,0,3
25280,0,3
25281,46,5
25282,0,3
25283,0,3
25284,139,9
25285,0,3
25286,13,4
25287,0,3
25288,40,8
25289,0,3
25290,25,5
25291,26,7
25292,34,6
25293,0,3
25294,70,9
25295,0,3
25296,12,4
25297,43,6
25298,0,3
25299,0,3
25300,2,3
25301,87,9
25302,0,3
25303,17,8
25304,20,6
25305,27,7
25306,29,5
25307,45,3
25308,40,7
25309,176,12
25310,142,16
25311,0,3
25312,5,4
25313,38,8
25314,13,3
25315,30,2
25316,66,9
25317,36,7
25318,0,3
25319,0,3
25320,50,9
25321,31,8
25322,23,5
25323,3,3
25324,53,9
25325,0,3
25326,2,2
25327,70,12
25328,0,3
25329,81,10
25330,10,3
25331,0,3
25332,36,8
25333,60,12
25334,9,3
25335,42,10
25336,13,5
25337,26,5
25338,0,3
25339,67,10
25340,0,3
25341,57,6
25342,26,7
25343,54,10
25344,0,3
25345,27,6
25346,108,13
25347,89,6
25348,0,3
25349,32,7
25350,23,5
25351,2,4
25352,0,3
25353,32,7
25354,58,11
25355,0,3
25356,77,9
25357,0,3
25358,35,9
25359,102,13
25360,91,12
25361,42,7
25362,18,4
25363,20,5
25364,40,9
25365,15,5
25366,38,8
25367,0,3
25368,71,10
25369,0,3
25370,0,3
25371,14,5
25372,0,3
25373,21,7
25374,24,7
25375,52,8
25376,141,14
25377,82,13
25378,24,6
25379,41,9
25380,94,14
25381,91,4
25382,0,3
25383,0,3
25384,82,10
25385,64,7
25386,30,7
25387,34,6
25388,11,3
25389,0,3
25390,95,16
25391,0,3
25392,33,7
25393,0,3
25394,56,8
25395,26,7
25396,47,9
25397,67,9
25398,0,3
25399,49,9
25400,53,10
25401,42,7
25402,94,11
25403,4,4
25404,68,11
25405,73,12
25406,60,9
25407,0,3
25408,0,3
25409,9,5
25410,16,4
25411,53,11
25412,44,6
25413,0,3
25414,0,3
25415,60,10
25416,37,6
25417,0,3
25418,12,4
25419,23,6
25420,0,3
25421,12,5
25422,40,8
25423,1,3
25424,21,4
25425,0,3
25426,67,10
25427,32,8
25428,55,9
25429,0,3
25430,0,3
25431,0,3
25432,0,3
25433,43,9
25434,93,8
25435,0,3
25436,64,11
25437,13,4
25438,0,3
25439,0,3
25440,81,10
25441,105,13
25442,0,3
25443,93,10
25444,47,5
25445,0,3
25446,32,7
25447,59,11
25448,15,4
25449,53,8
25450,77,11
25451,32,4
25452,39,8
25453,0,3
25454,0,3
25455,85,11
25456,13,4
25457,104,11
25458,0,3
25459,63,8
25460,89,11
25461,100,12
25462,38,7
25463,26,5
25464,46,8
25465,68,9
25466,2,3
25467,21,7
25468,59,9
25469,0,3
25470,0,3
25471,0,3
25472,63,13
25473,26,8
25474,0,3
25475,36,7
25476,0,3
25477,29,7
25478,23,5
25479,53,12
25480,0,3
25481,13,6
25482,0,3
25483,99,16
25484,0,3
25485,0,3
25486,0,3
25487,76,9
25488,0,3
25489,9,4
25490,0,3
25491,0,3
25492,0,3
25493,0,3
25494,26,8
25495,0,3
25496,18,5
25497,123,12
25498,97,10
25499,0,3
25500,0,3
25501,0,3
25502,16,5
25503,22,5
25504,21,7
25505,22,6
25506,51,9
25507,0,3
25508,4,5
25509,47,9
25510,0,3
25511,59,7
25512,41,8
25513,0,3
25514,35,8
25515,0,3
25516,31,9
25517,95,12
25518,33,5
25519,77,12
25520,0,3
25521,61,8
25522,50,11
25523,0,3
25524,34,10
25525,59,9
25526,32,5
25527,34,8
25528,0,3
25529,0,3
25530,63,10
25531,50,9
25532,26,5
25533,51,11
25534,0,3
25535,0,3
25536,44,9
25537,80,10
25538,16,3
25539,61,8
25540,78,10
25541,63,9
25542,60,6
25543,0,3
25544,10,4
25545,0,3
25546,22,5
25547,0,3
25548,50,11
25549,70,13
25550,6,4
25551,16,4
25552,45,5
25553,0,3
25554,39,3
25555,0,3
25556,0,3
25557,76,12
25558,0,3
25559,114,16
25560,106,13
25561,0,3
25562,94,12
25563,100,9
25564,71,10
25565,11,4
25566,27,6
25567,0,3
25568,0,3
25569,0,3
25570,66,10
25571,0,3
25572,0,3
25573,120,12
25574,0,3
25575,118,14
25576,0,3
25577,48,10
25578,85,7
25579,69,10
25580,0,3
25581,40,7
25582,19,5
25583,35,5
25584,26,5
25585,77,9
25586,38,6
25587,91,14
25588,133,14
25589,63,8
25590,0,3
25591,17,5
25592,44,7
25593,0,3
25594,0,3
25595,53,7
25596,0,3
25597,0,3
25598,60,10
25599,19,6
25600,60,9
25601,0,3
25602,0,3
25603,27,6
25604,29,7
25605,41,9
25606,0,3
25607,93,9
25608,0,3
25609,0,3
25610,0,3
25611,0,3
25612,62,9
25613,64,12
25614,36,5
25615,42,10
25616,39,8
25617,71,12
25618,74,15
25619,0,3
25620,0,3
25621,0,3
25622,1,3
25623,6,4
25624,15,5
25625,0,3
25626,106,10
25627,61,6
25628,0,3
25629,57,8
25630,0,3
25631,0,3
25632,3,3
25633,69,11
25634,33,8
25635,0,3
25636,59,13
25637,20,5
25638,75,9
25639,74,12
25640,55,6
25641,28,5
25642,242,13
25643,38,7
25644,0,3
25645,60,12
25646,0,3
25647,53,9
25648,33,8
25649,0,3
25650,70,11
25651,0,3
25652,31,6
25653,76,12
25654,0,3
25655,0,3
25656,0,3
25657,22,5
25658,0,3
25659,90,9
25660,32,6
25661,0,3
25662,20,5
25663,58,9
25664,0,3
25665,0,3
25666,79,13
25667,26,4
25668,7,4
25669,65,10
25670,5,4
25671,96,9
25672,56,7
25673,28,7
25674,18,5
25675,30,6
25676,0,3
25677,0,3
25678,116,11
25679,0,3
25680,11,4
25681,0,3
25682,14,5
25683,44,6
25684,0,3
25685,9,4
25686,91,13
25687,19,4
25688,30,5
25689,31,6
25690,60,10
25691,0,3
25692,0,3
25693,72,12
25694,26,6
25695,55,7
25696,58,13
25697,0,3
25698,35,5
25699,59,11
25700,45,5
25701,114,13
25702,0,3
25703,19,6
25704,115,12
25705,113,9
25706,43,3
25707,96,14
25708,64,12
25709,0,3
25710,0,3
25711,0,3
25712,32,5
25713,78,11
25714,79,12
25715,39,7
25716,0,3
25717,0,3
25718,76,10
25719,126,11
25720,47,8
25721,64,10
25722,0,3
25723,0,3
25724,0,3
25725,72,11
25726,0,3
25727,43,11
25728,60,8
25729,59,11
25730,87,7
25731,69,9
25732,0,3
25733,69,12
25734,81,12
25735,66,10
25736,11,3
25737,66,8
25738,80,12
25739,155,10
25740,0,3
25741,74,12
25742,16,3
25743,0,3
25744,59,10
25745,35,8
25746,11,4
25747,83,10
25748,0,3
25749,29,5
25750,71,10
25751,0,3
25752,53,7
25753,46,9
25754,33,7
25755,0,3
25756,53,11
25757,96,18
25758,0,3
25759,37,6
25760,0,3
25761,0,3
25762,0,3
25763,0,3
25764,0,3
25765,71,10
25766,55,10
25767,43,10
25768,71,11
25769,0,3
25770,67,12
25771,50,10
25772,40,9
25773,0,3
25774,0,3
25775,0,3
25776,96,11
25777,24,4
25778,53,8
25779,0,3
25780,33,7
25781,58,10
25782,56,9
25783,0,3
25784,59,10
25785,0,3
25786,55,7
25787,85,9
25788,0,3
25789,0,3
25790,25,5
25791,80,12
25792,0,3
25793,48,7
25794,12,4
25795,34,6
25796,2,3
25797,0,3
25798,39,9
25799,46,8
25800,0,3
25801,0,3
25802,69,11
25803,93,8
25804,0,3
25805,82,11
25806,48,10
25807,73,8
25808,20,7
25809,78,13
25810,20,4
25811,91,11
25812,47,9
25813,35,9
25814,0,3
25815,63,11
25816,67,11
25817,41,6
25818,2,3
25819,0,3
25820,0,3
25821,21,5
25822,0,3
25823,54,8
25824,34,8
25825,42,4
25826,5,4
25827,0,3
25828,50,8
25829,38,8
25830,5,3
25831,35,8
25832,0,3
25833,127,14
25834,0,3
25835,68,10
25836,51,10
25837,64,12
25838,0,3
25839,0,3
25840,185,11
25841,0,3
25842,59,9
25843,7,4
25844,81,7
25845,0,3
25846,0,3
25847,22,5
25848,14,5
25849,0,3
25850,6,3
25851,77,11
25852,49,8
25853,0,3
25854,65,8
25855,56,12
25856,71,7
25857,169,16
25858,0,3
25859,73,8
25860,42,7
25861,0,3
25862,90,12
25863,55,9
25864,120,10
25865,0,3
25866,0,3
25867,0,3
25868,0,3
25869,22,8
25870,0,3
25871,63,9
25872,134,14
25873,0,3
25874,0,3
25875,127,18
25876,0,3
25877,42,8
25878,0,3
25879,0,3
25880,0,3
25881,92,10
25882,0,3
25883,24,6
25884,0,3
25885,14,5
25886,0,3
25887,97,12
25888,73,7
25889,0,3
25890,111,16
25891,47,11
25892,51,9
25893,84,8
25894,11,4
25895,36,9
25896,34,6
25897,30,6
25898,21,5
25899,56,5
25900,36,7
25901,37,9
25902,0,3
25903,43,5
25904,50,9
25905,46,8
25906,0,3
25907,52,8
25908,23,4
25909,0,3
25910,113,15
25911,3,4
25912,102,11
25913,0,3
25914,16,7
25915,18,5
25916,0,3
25917,0,3
25918,0,3
25919,0,3
25920,105,11
25921,50,12
25922,61,10
25923,68,14
25924,0,3
25925,44,5
25926,40,8
25927,65,10
25928,72,10
25929,0,3
25930,51,8
25931,120,14
25932,19,4
25933,57,9
25934,107,12
25935,0,3
25936,97,11
25937,0,3
25938,68,11
25939,60,8
25940,34,8
25941,0,3
25942,0,3
25943,62,7
25944,74,13
25945,69,9
25946,64,12
25947,56,6
25948,33,9
25949,36,9
25950,30,5
25951,48,7
25952,38,7
25953,0,3
25954,47,8
25955,21,6
25956,0,3
25957,49,8
25958,0,3
25959,0,3
25960,64,8
25961,81,10
25962,0,3
25963,0,3
25964,19,6
25965,0,3
25966,0,3
25967,0,3
25968,59,9
25969,27,7
25970,0,3
25971,2,3
25972,1,3
25973,0,3
25974,0,3
25975,0,3
25976,55,9
25977,0,3
25978,0,3
25979,0,3
25980,24,6
25981,0,3
25982,131,12
25983,0,3
25984,0,3
25985,55,9
25986,0,3
25987,13,5
25988,0,3
25989,74,9
25990,0,3
25991,28,7
25992,0,3
25993,53,9
25994,42,8
25995,92,16
25996,61,8
25997,0,3
25998,16,5
25999,0,3
26000,46,7
26001,6,3
26002,0,3
26003,0,3
26004,82,11
26005,126,11
26006,64,14
26007,76,13
26008,62,8
26009,0,3
26010,33,9
26011,0,3
26012,6,3
26013,20,6
26014,0,3
26015,71,12
26016,27,6
26017,18,6
26018,79,7
26019,56,8
26020,33,6
26021,0,3
26022,8,4
26023,35,6
26024,0,3
26025,80,12
26026,0,3
26027,0,3
26028,65,8
26029,47,8
26030,0,3
26031,84,11
26032,0,3
26033,0,3
26034,45,8
26035,21,5
26036,42,8
26037,0,3
26038,83,9
26039,0,3
26040,0,3
26041,44,7
26042,73,10
26043,84,14
26044,36,7
26045,98,13
26046,85,9
26047,7,3
26048,12,5
26049,12,4
26050,88,12
26051,67,9
26052,77,13
26053,0,3
26054,19,6
26055,0,3
26056,64,10
26057,0,3
26058,66,10
26059,37,8
26060,0,3
26061,0,3
26062,45,9
26063,39,7
26064,39,9
26065,103,10
26066,36,8
26067,5,3
26068,24,7
26069,0,3
26070,56,12
26071,105,13
26072,31,7
26073,11,7
26074,14,7
26075,72,12
26076,53,10
26077,74,8
26078,99,9
26079,0,3
26080,0,3
26081,120,14
26082,0,3
26083,0,3
26084,0,3
26085,17,4
26086,93,12
26087,0,3
26088,1,3
26089,40,11
26090,0,3
26091,135,5
26092,55,9
26093,92,11
26094,0,3
26095,0,3
26096,45,10
26097,16,4
26098,0,3
26099,65,11
26100,76,11
26101,61,9
26102,56,9
26103,0,3
26104,78,13
26105,0,3
26106,2,3
26107,0,3
26108,60,9
26109,137,9
26110,50,10
26111,21,5
26112,0,3
26113,375,15
26114,0,3
26115,42,6
26116,0,3
26117,0,3
26118,93,11
26119,155,16
26120,5,4
26121,66,12
26122,0,3
26123,0,3
26124,41,8
26125,0,3
26126,0,3
26127,132,8
26128,9,3
26129,57,8
26130,0,3
26131,74,2
26132,82,13
26133,0,3
26134,0,3
26135,40,9
26136,66,11
26137,0,3
26138,4,3
26139,55,9
26140,0,3
26141,0,3
26142,132,13
26143,51,9
26144,22,6
26145,29,6
26146,14,6
26147,32,3
26148,65,11
26149,30,3
26150,5,5
26151,0,3
26152,0,3
26153,0,3
26154,43,8
26155,17,6
26156,67,9
26157,91,13
26158,0,3
26159,0,3
26160,24,6
26161,0,3
26162,63,11
26163,50,10
26164,85,6
26165,76,11
26166,48,10
26167,13,3
26168,55,13
26169,36,9
26170,64,11
26171,6,3
26172,85,12
26173,0,3
26174,42,6
26175,0,3
26176,0,3
26177,19,6
26178,0,3
26179,45,7
26180,38,8
26181,0,3
26182,0,3
26183,53,10
26184,28,7
26185,32,7
26186,74,11
26187,17,5
26188,64,7
26189,49,13
26190,47,10
26191,30,8
26192,57,6
26193,162,15
26194,22,7
26195,17,6
26196,24,5
26197,0,3
26198,62,9
26199,2,3
26200,0,3
26201,0,3
26202,42,8
26203,51,8
26204,2,3
26205,26,7
26206,54,10
26207,135,14
26208,9,3
26209,58,11
26210,104,14
26211,71,9
26212,55,9
26213,0,3
26214,151,12
26215,69,8
26216,122,15
26217,71,11
26218,0,3
26219,69,7
26220,82,13
26221,98,11
26222,38,6
26223,12,4
26224,82,6
26225,0,3
26226,60,9
26227,74,11
26228,0,3
26229,0,3
26230,78,12
26231,0,3
26232,0,3
26233,0,3
26234,16,5
26235,32,6
26236,85,13
26237,0,3
26238,42,6
26239,69,14
26240,45,9
26241,83,14
26242,63,10
26243,62,9
26244,0,3
26245,57,7
26246,0,3
26247,0,3
26248,3,3
26249,82,12
26250,46,8
26251,0,3
26252,48,8
26253,21,5
26254,0,3
26255,264,6
26256,0,3
26257,52,7
26258,71,9
26259,0,3
26260,46,6
26261,95,12
26262,127,12
26263,0,3
26264,107,14
26265,71,10
26266,65,11
26267,161,9
26268,115,8
26269,0,3
26270,80,12
26271,0,3
26272,0,3
26273,6,3
26274,61,7
26275,51,11
26276,39,8
26277,13,4
26278,82,12
26279,0,3
26280,31,8
26281,55,8
26282,101,13
26283,61,12
26284,34,5
26285,26,8
26286,0,3
26287,0,3
26288,74,11
26289,60,6
26290,0,3
26291,0,3
26292,74,13
26293,9,3
26294,0,3
26295,0,3
26296,16,5
26297,0,3
26298,26,7
26299,47,9
26300,0,3
26301,0,3
26302,42,9
26303,9,4
26304,49,10
26305,15,5
26306,78,14
26307,108,14
26308,62,8
26309,97,10
26310,0,3
26311,0,3
26312,0,3
26313,0,3
26314,103,12
26315,0,3
26316,32,5
26317,0,3
26318,0,3
26319,37,7
26320,114,12
26321,7,4
26322,49,10
26323,0,3
26324,37,7
26325,0,3
26326,33,4
26327,0,3
26328,105,12
26329,15,4
26330,78,10
26331,0,3
26332,122,13
26333,44,9
26334,57,13
26335,0,3
26336,0,3
26337,0,3
26338,40,9
26339,0,3
26340,39,9
26341,103,11
26342,36,8
26343,147,15
26344,0,3
26345,98,17
26346,0,3
26347,0,3
26348,0,3
26349,80,13
26350,12,4
26351,0,3
26352,112,9
26353,57,11
26354,26,6
26355,76,15
26356,40,9
26357,62,11
26358,10,5
26359,0,3
26360,0,3
26361,10,4
26362,27,6
26363,35,6
26364,105,9
26365,159,12
26366,174,11
26367,0,3
26368,0,3
26369,0,3
26370,57,10
26371,57,11
26372,12,6
26373,0,3
26374,94,10
26375,26,6
26376,47,6
26377,0,3
26378,0,3
26379,0,3
26380,51,11
26381,36,7
26382,0,3
26383,0,3
26384,57,12
26385,56,9
26386,0,3
26387,0,3
26388,46,7
26389,56,9
26390,32,6
26391,0,3
26392,138,13
26393,8,4
26394,0,3
26395,0,3
26396,137,14
26397,42,7
26398,14,4
26399,117,12
26400,0,3
26401,0,3
26402,0,3
26403,54,8
26404,48,10
26405,0,3
26406,34,4
26407,0,3
26408,18,4
26409,0,3
26410,67,7
26411,0,3
26412,96,8
26413,3,3
26414,45,6
26415,0,3
26416,51,11
26417,7,3
26418,12,4
26419,0,3
26420,0,3
26421,30,6
26422,28,4
26423,44,8
26424,15,7
26425,50,7
26426,0,3
26427,0,3
26428,0,3
26429,165,13
26430,36,9
26431,0,3
26432,0,3
26433,0,3
26434,101,15
26435,121,12
26436,44,8
26437,81,9
26438,37,8
26439,13,6
26440,46,8
26441,114,18
26442,18,6
26443,0,3
26444,0,3
26445,88,14
26446,47,8
26447,0,3
26448,0,3
26449,82,9
26450,118,13
26451,53,11
26452,16,6
26453,67,12
26454,0,3
26455,52,9
26456,0,3
26457,46,10
26458,131,12
26459,62,11
26460,160,10
26461,46,11
26462,39,8
26463,55,14
26464,37,8
26465,88,11
26466,0,3
26467,0,3
26468,0,3
26469,0,3
26470,0,3
26471,71,9
26472,0,3
26473,32,7
26474,94,12
26475,192,15
26476,45,5
26477,99,17
26478,25,6
26479,28,6
26480,88,9
26481,0,3
26482,0,3
26483,53,8
26484,0,3
26485,40,8
26486,98,16
26487,107,11
26488,24,6
26489,30,12
26490,0,3
26491,46,11
26492,60,13
26493,78,11
26494,61,10
26495,0,3
26496,1,3
26497,0,3
26498,123,11
26499,106,14
26500,0,3
26501,144,15
26502,68,9
26503,7,3
26504,0,3
26505,76,10
26506,75,11
26507,0,3
26508,5,3
26509,27,5
26510,36,8
26511,52,7
26512,0,3
26513,41,11
26514,36,7
26515,64,9
26516,0,3
26517,61,7
26518,16,4
26519,0,3
26520,0,3
26521,0,3
26522,88,12
26523,0,3
26524,131,13
26525,91,12
26526,138,14
26527,144,13
26528,0,3
26529,69,7
26530,7,3
26531,0,3
26532,61,11
26533,51,7
26534,0,3
26535,0,3
26536,66,10
26537,0,3
26538,0,3
26539,0,3
26540,76,11
26541,31,8
26542,0,3
26543,56,9
26544,23,9
26545,50,11
26546,0,3
26547,0,3
26548,0,3
26549,38,7
26550,0,3
26551,0,3
26552,0,3
26553,62,9
26554,73,9
26555,169,5
26556,50,9
26557,0,3
26558,0,3
26559,17,5
26560,110,14
26561,0,3
26562,0,3
26563,107,7
26564,18,5
26565,0,3
26566,36,6
26567,68,12
26568,0,3
26569,85,11
26570,0,3
26571,41,8
26572,9,4
26573,0,3
26574,84,13
26575,0,3
26576,60,8
26577,113,8
26578,0,3
26579,32,7
26580,0,3
26581,116,19
26582,56,6
26583,39,6
26584,67,9
26585,0,3
26586,0,3
26587,39,7
26588,8,4
26589,63,13
26590,140,14
26591,34,8
26592,0,3
26593,0,3
26594,73,11
26595,39,7
26596,87,14
26597,2,3
26598,54,7
26599,13,6
26600,0,3
26601,101,10
26602,68,11
26603,17,5
26604,0,3
26605,30,8
26606,19,8
26607,0,3
26608,0,3
26609,0,3
26610,57,6
26611,19,4
26612,63,7
26613,0,3
26614,0,3
26615,0,3
26616,0,3
26617,67,8
26618,106,12
26619,24,5
26620,33,6
26621,0,3
26622,153,9
26623,0,3
26624,0,3
26625,30,5
26626,0,3
26627,29,5
26628,74,10
26629,128,10
26630,63,10
26631,32,6
26632,0,3
26633,52,9
26634,62,13
26635,113,14
26636,3,3
26637,151,17
26638,42,8
26639,55,8
26640,0,3
26641,0,3
26642,107,13
26643,60,9
26644,81,11
26645,0,3
26646,0,3
26647,60,12
26648,26,7
26649,57,7
26650,0,3
26651,77,11
26652,64,12
26653,149,13
26654,122,11
26655,0,3
26656,219,6
26657,48,9
26658,88,9
26659,38,9
26660,95,13
26661,111,11
26662,50,14
26663,0,3
26664,3,3
26665,61,11
26666,71,14
26667,80,12
26668,68,8
26669,15,4
26670,0,3
26671,0,3
26672,1,3
26673,8,3
26674,90,13
26675,53,6
26676,0,3
26677,0,3
26678,0,3
26679,78,13
26680,0,3
26681,0,3
26682,58,8
26683,1,3
26684,0,3
26685,23,5
26686,30,8
26687,22,7
26688,166,17
26689,62,7
26690,0,3
26691,0,3
26692,128,15
26693,0,3
26694,0,3
26695,0,3
26696,40,8
26697,53,4
26698,0,3
26699,0,3
26700,0,3
26701,134,18
26702,2,4
26703,0,3
26704,0,3
26705,76,10
26706,108,16
26707,86,6
26708,50,7
26709,53,10
26710,150,12
26711,48,10
26712,24,6
26713,73,14
26714,0,3
26715,33,6
26716,24,8
26717,9,3
26718,85,8
26719,20,6
26720,103,13
26721,113,12
26722,27,6
26723,36,5
26724,0,3
26725,74,10
26726,28,8
26727,69,11
26728,23,6
26729,0,3
26730,28,5
26731,35,7
26732,0,3
26733,18,5
26734,20,5
26735,0,3
26736,0,3
26737,0,3
26738,7,3
26739,0,3
26740,0,3
26741,0,3
26742,0,3
26743,86,15
26744,0,3
26745,0,3
26746,131,10
26747,49,9
26748,57,13
26749,7,3
26750,0,3
26751,0,3
26752,69,10
26753,90,14
26754,54,9
26755,54,10
26756,0,3
26757,1,3
26758,45,11
26759,136,17
26760,0,3
26761,103,12
26762,0,3
26763,34,7
26764,15,4
26765,0,3
26766,75,11
26767,24,8
26768,101,16
26769,130,16
26770,2,4
26771,21,7
26772,76,9
26773,36,7
26774,0,3
26775,17,4
26776,0,3
26777,0,3
26778,34,6
26779,91,9
26780,0,3
26781,66,9
26782,0,3
26783,0,3
26784,0,3
26785,3,4
26786,24,7
26787,0,3
26788,0,3
26789,53,9
26790,49,8
26791,0,3
26792,82,11
26793,0,3
26794,27,5
26795,63,9
26796,20,5
26797,0,3
26798,0,3
26799,0,3
26800,18,6
26801,0,3
26802,2,3
26803,0,3
26804,92,11
26805,3,2
26806,0,3
26807,36,6
26808,0,3
26809,0,3
26810,14,5
26811,29,6
26812,24,6
26813,24,7
26814,83,13
26815,48,5
26816,38,7
26817,20,7
26818,50,12
26819,0,3
26820,43,11
26821,142,19
26822,54,8
26823,41,8
26824,20,5
26825,0,3
26826,0,3
26827,0,3
26828,0,3
26829,105,20
26830,0,3
26831,0,3
26832,0,3
26833,0,3
26834,58,10
26835,33,9
26836,0,3
26837,0,3
26838,9,4
26839,124,3
26840,28,5
26841,69,10
26842,0,3
26843,0,3
26844,0,3
26845,0,3
26846,9,3
26847,0,3
26848,65,11
26849,0,3
26850,0,3
26851,25,6
26852,50,11
26853,74,10
26854,44,7
26855,53,9
26856,0,3
26857,44,6
26858,88,6
26859,116,13
26860,0,3
26861,40,6
26862,47,9
26863,16,4
26864,9,5
26865,74,7
26866,2,3
26867,111,17
26868,117,11
26869,83,10
26870,22,5
26871,0,3
26872,20,4
26873,0,3
26874,77,14
26875,4,3
26876,74,10
26877,331,9
26878,52,9
26879,110,8
26880,20,6
26881,53,7
26882,42,9
26883,0,3
26884,0,3
26885,0,3
26886,14,6
26887,0,3
26888,0,3
26889,0,3
26890,33,6
26891,60,10
26892,0,3
26893,43,9
26894,74,10
26895,115,14
26896,92,12
26897,0,3
26898,63,9
26899,0,3
26900,0,3
26901,0,3
26902,0,3
26903,109,12
26904,0,3
26905,184,4
26906,41,6
26907,73,8
26908,0,3
26909,7,3
26910,102,11
26911,0,3
26912,0,3
26913,86,13
26914,56,8
26915,33,6
26916,0,3
26917,106,15
26918,128,10
26919,36,7
26920,61,10
26921,0,3
26922,68,7
26923,0,3
26924,0,3
26925,59,8
26926,34,9
26927,0,3
26928,0,3
26929,72,9
26930,57,11
26931,11,6
26932,55,12
26933,0,3
26934,0,3
26935,0,3
26936,72,13
26937,69,11
26938,118,14
26939,0,3
26940,0,3
26941,35,6
26942,0,3
26943,0,3
26944,122,13
26945,71,11
26946,0,3
26947,127,17
26948,0,3
26949,9,5
26950,0,3
26951,28,8
26952,49,9
26953,123,13
26954,0,3
26955,0,3
26956,76,10
26957,40,8
26958,0,3
26959,0,3
26960,17,5
26961,0,3
26962,0,3
26963,0,3
26964,35,8
26965,0,3
26966,0,3
26967,0,3
26968,15,4
26969,0,3
26970,0,3
26971,89,11
26972,0,3
26973,71,12
26974,0,3
26975,51,8
26976,70,10
26977,74,12
26978,59,6
26979,0,3
26980,0,3
26981,15,6
26982,72,11
26983,0,3
26984,87,12
26985,51,11
26986,2,3
26987,0,3
26988,81,10
26989,0,3
26990,87,16
26991,48,8
26992,96,8
26993,0,3
26994,21,6
26995,0,3
26996,0,3
26997,0,3
26998,35,8
26999,66,11
27000,13,5
27001,12,5
27002,13,5
27003,59,12
27004,58,9
27005,131,15
27006,0,3
27007,0,3
27008,17,4
27009,93,5
27010,120,13
27011,0,3
27012,36,10
27013,79,12
27014,89,15
27015,20,5
27016,119,13
27017,64,10
27018,0,3
27019,22,5
27020,34,7
27021,0,3
27022,0,3
27023,97,9
27024,33,4
27025,126,11
27026,10,5
27027,0,3
27028,76,13
27029,66,7
27030,157,10
27031,0,3
27032,0,3
27033,95,10
27034,0,3
27035,79,10
27036,24,6
27037,90,12
27038,34,7
27039,41,7
27040,0,3
27041,50,8
27042,0,3
27043,0,3
27044,29,7
27045,75,13
27046,4,3
27047,54,10
27048,0,3
27049,6,4
27050,0,3
27051,0,3
27052,41,9
27053,73,13
27054,43,8
27055,122,12
27056,77,10
27057,137,10
27058,77,13
27059,142,12
27060,30,6
27061,47,11
27062,0,3
27063,62,10
27064,71,9
27065,0,3
27066,0,3
27067,119,14
27068,43,6
27069,1,3
27070,0,3
27071,18,5
27072,0,3
27073,0,3
27074,73,11
27075,42,8
27076,33,9
27077,15,3
27078,84,10
27079,39,11
27080,0,3
27081,112,12
27082,125,11
27083,0,3
27084,71,10
27085,60,5
27086,0,3
27087,0,3
27088,24,10
27089,38,7
27090,0,3
27091,0,3
27092,5,3
27093,86,13
27094,0,3
27095,0,3
27096,28,6
27097,0,3
27098,18,6
27099,0,3
27100,0,3
27101,49,8
27102,115,11
27103,18,4
27104,828,8
27105,1,3
27106,251,12
27107,26,8
27108,0,3
27109,83,11
27110,0,3
27111,0,3
27112,38,8
27113,32,7
27114,56,9
27115,52,12
27116,165,9
27117,39,8
27118,0,3
27119,50,8
27120,0,3
27121,12,4
27122,0,3
27123,96,4
27124,0,3
27125,0,3
27126,0,3
27127,0,3
27128,135,13
27129,100,12
27130,84,9
27131,67,12
27132,0,3
27133,64,9
27134,45,8
27135,69,12
27136,60,10
27137,0,3
27138,0,3
27139,0,3
27140,62,9
27141,78,9
27142,55,9
27143,0,3
27144,1,3
27145,44,7
27146,44,8
27147,0,3
27148,93,13
27149,35,9
27150,0,3
27151,0,3
27152,44,9
27153,409,9
27154,0,3
27155,113,11
27156,0,3
27157,0,3
27158,0,3
27159,0,3
27160,90,9
27161,0,3
27162,122,10
27163,0,3
27164,0,3
27165,0,3
27166,41,8
27167,0,3
27168,45,10
27169,20,7
27170,0,3
27171,87,9
27172,0,3
27173,25,7
27174,30,5
27175,35,6
27176,2,3
27177,1,3
27178,26,9
27179,25,7
27180,0,3
27181,0,3
27182,43,6
27183,59,7
27184,0,3
27185,0,3
27186,86,10
27187,0,3
27188,0,3
27189,168,12
27190,38,5
27191,58,11
27192,50,8
27193,39,5
27194,44,7
27195,177,17
27196,192,16
27197,0,3
27198,113,11
27199,19,7
27200,0,3
27201,66,11
27202,22,7
27203,45,7
27204,0,3
27205,36,5
27206,39,10
27207,0,3
27208,70,11
27209,48,10
27210,83,10
27211,63,9
27212,69,10
27213,21,6
27214,99,11
27215,37,7
27216,155,14
27217,33,6
27218,101,12
27219,19,5
27220,0,3
27221,0,3
27222,0,3
27223,172,15
27224,0,3
27225,25,6
27226,3,3
27227,0,3
27228,8,3
27229,296,8
27230,0,3
27231,164,8
27232,74,8
27233,0,3
27234,19,6
27235,110,11
27236,0,3
27237,40,9
27238,0,3
27239,41,9
27240,45,7
27241,0,3
27242,0,3
27243,40,8
27244,0,3
27245,65,12
27246,51,8
27247,107,14
27248,0,3
27249,0,3
27250,108,14
27251,27,5
27252,0,3
27253,102,5
27254,36,7
27255,18,7
27256,130,16
27257,0,3
27258,36,7
27259,96,12
27260,77,7
27261,152,18
27262,74,7
27263,16,4
27264,0,3
27265,91,12
27266,0,3
27267,52,11
27268,39,9
27269,0,3
27270,64,11
27271,33,6
27272,0,3
27273,0,3
27274,84,14
27275,10,3
27276,0,3
27277,0,3
27278,0,3
27279,43,8
27280,44,11
27281,44,10
27282,115,13
27283,0,3
27284,29,6
27285,202,7
27286,112,10
27287,0,3
27288,0,3
27289,56,12
27290,0,3
27291,0,3
27292,0,3
27293,47,6
27294,111,15
27295,0,3
27296,76,8
27297,307,8
27298,41,8
27299,0,3
27300,60,12
27301,129,13
27302,39,7
27303,172,10
27304,0,3
27305,98,12
27306,46,9
27307,0,3
27308,0,3
27309,70,10
27310,109,14
27311,18,4
27312,2,3
27313,181,15
27314,33,7
27315,0,3
27316,0,3
27317,0,3
27318,0,3
27319,0,3
27320,0,3
27321,62,10
27322,66,8
27323,0,3
27324,71,10
27325,51,10
27326,103,10
27327,0,3
27328,21,6
27329,24,4
27330,21,4
27331,68,9
27332,89,9
27333,40,6
27334,143,14
27335,73,12
27336,33,9
27337,0,3
27338,75,11
27339,0,3
27340,48,7
27341,39,8
27342,0,3
27343,68,10
27344,100,13
27345,27,7
27346,0,3
27347,72,12
27348,0,3
27349,26,7
27350,101,12
27351,113,14
27352,0,3
27353,100,13
27354,62,9
27355,63,5
27356,0,3
27357,0,3
27358,0,3
27359,439,12
27360,0,3
27361,59,10
27362,82,11
27363,1,3
27364,83,13
27365,73,11
27366,0,3
27367,71,13
27368,11,3
27369,0,3
27370,185,15
27371,0,3
27372,100,14
27373,136,16
27374,23,7
27375,32,4
27376,18,4
27377,8,5
27378,0,3
27379,102,13
27380,0,3
27381,54,8
27382,2,3
27383,0,3
27384,0,3
27385,0,3
27386,0,3
27387,0,3
27388,4,3
27389,26,5
27390,0,3
27391,48,10
27392,0,3
27393,76,5
27394,34,8
27395,0,3
27396,0,3
27397,43,7
27398,142,13
27399,43,10
27400,100,13
27401,7,3
27402,0,3
27403,0,3
27404,141,15
27405,0,3
27406,78,12
27407,150,15
27408,28,6
27409,41,10
27410,97,10
27411,86,12
27412,0,3
27413,28,7
27414,0,3
27415,0,3
27416,34,9
27417,0,3
27418,0,3
27419,32,8
27420,0,3
27421,0,3
27422,27,6
27423,0,3
27424,0,3
27425,47,6
27426,0,3
27427,20,6
27428,0,3
27429,57,9
27430,0,3
27431,43,9
27432,76,10
27433,0,3
27434,47,9
27435,38,8
27436,32,10
27437,17,4
27438,0,3
27439,77,11
27440,0,3
27441,0,3
27442,0,3
27443,74,10
27444,150,17
27445,44,8
27446,0,3
27447,60,9
27448,58,9
27449,32,7
27450,0,3
27451,0,3
27452,4,3
27453,0,3
27454,59,11
27455,0,3
27456,61,10
27457,20,5
27458,35,10
27459,0,3
27460,0,3
27461,19,7
27462,56,7
27463,26,5
27464,0,3
27465,61,10
27466,96,14
27467,0,3
27468,68,11
27469,40,9
27470,0,3
27471,0,3
27472,40,5
27473,13,5
27474,117,9
27475,72,9
27476,99,10
27477,0,3
27478,0,3
27479,0,3
27480,63,11
27481,72,9
27482,51,10
27483,0,3
27484,89,12
27485,0,3
27486,0,3
27487,0,3
27488,276,12
27489,134,19
27490,23,5
27491,75,12
27492,0,3
27493,0,3
27494,70,10
27495,61,11
27496,23,6
27497,87,9
27498,0,3
27499,82,8
27500,7,4
27501,135,15
27502,11,4
27503,68,11
27504,13,4
27505,19,6
27506,34,6
27507,125,16
27508,62,8
27509,43,4
27510,0,3
27511,0,3
27512,25,6
27513,18,3
27514,69,12
27515,0,3
27516,100,18
27517,44,7
27518,0,3
27519,129,18
27520,62,9
27521,49,13
27522,36,7
27523,11,4
27524,81,12
27525,53,11
27526,102,11
27527,45,8
27528,94,14
27529,0,3
27530,0,3
27531,1,3
27532,23,5
27533,62,11
27534,0,3
27535,118,19
27536,100,11
27537,188,10
27538,100,13
27539,0,3
27540,77,10
27541,0,3
27542,50,9
27543,110,12
27544,57,10
27545,54,8
27546,136,14
27547,44,6
27548,0,3
27549,0,3
27550,187,12
27551,52,10
27552,68,10
27553,31,6
27554,109,15
27555,24,7
27556,45,10
27557,62,9
27558,65,8
27559,90,13
27560,0,3
27561,9,4
27562,49,8
27563,0,3
27564,0,3
27565,19,5
27566,0,3
27567,0,3
27568,0,3
27569,30,6
27570,0,3
27571,32,8
27572,107,11
27573,74,12
27574,0,3
27575,18,5
27576,9,5
27577,103,12
27578,0,3
27579,80,9
27580,93,12
27581,0,3
27582,40,5
27583,0,3
27584,124,13
27585,113,11
27586,0,3
27587,29,6
27588,99,13
27589,4,3
27590,2,3
27591,83,13
27592,70,12
27593,46,7
27594,61,8
27595,65,11
27596,97,13
27597,123,13
27598,9,5
27599,0,3
27600,111,16
27601,34,7
27602,0,3
27603,27,6
27604,0,3
27605,0,3
27606,31,7
27607,60,10
27608,39,5
27609,89,9
27610,79,11
27611,20,6
27612,46,7
27613,0,3
27614,85,12
27615,47,8
27616,0,3
27617,112,11
27618,0,3
27619,33,9
27620,0,3
27621,0,3
27622,0,3
27623,0,3
27624,0,3
27625,0,3
27626,0,3
27627,17,5
27628,36,8
27629,31,5
27630,0,3
27631,60,11
27632,15,5
27633,0,3
27634,94,11
27635,34,7
27636,103,10
27637,116,12
27638,0,3
27639,0,3
27640,0,3
27641,90,12
27642,79,12
27643,71,7
27644,15,4
27645,44,8
27646,0,3
27647,5,3
27648,0,3
27649,0,3
27650,36,9
27651,0,3
27652,0,3
27653,0,3
27654,19,4
27655,40,11
27656,52,8
27657,68,11
27658,32,4
27659,47,7
27660,41,8
27661,52,11
27662,70,7
27663,113,11
27664,59,10
27665,109,20
27666,72,9
27667,65,6
27668,57,8
27669,23,5
27670,0,3
27671,45,11
27672,104,14
27673,0,3
27674,75,14
27675,0,3
27676,0,3
27677,0,3
27678,58,12
27679,21,6
27680,0,3
27681,42,10
27682,0,3
27683,46,10
27684,207,13
27685,126,16
27686,92,11
27687,1,3
27688,88,14
27689,43,8
27690,0,3
27691,30,6
27692,0,3
27693,0,3
27694,0,3
27695,0,3
27696,48,6
27697,31,9
27698,40,4
27699,9,3
27700,76,9
27701,0,3
27702,58,12
27703,38,10
27704,75,9
27705,0,3
27706,112,13
27707,66,9
27708,56,10
27709,0,3
27710,0,3
27711,0,3
27712,94,15
27713,52,10
27714,14,5
27715,0,3
27716,57,8
27717,74,14
27718,0,3
27719,0,3
27720,144,17
27721,61,9
27722,0,3
27723,0,3
27724,0,3
27725,0,3
27726,72,10
27727,0,3
27728,0,3
27729,8,4
27730,0,3
27731,431,10
27732,100,8
27733,93,7
27734,61,11
27735,0,3
27736,107,17
27737,0,3
27738,2,3
27739,14,6
27740,0,3
27741,0,3
27742,0,3
27743,0,3
27744,106,12
27745,0,3
27746,18,5
27747,6,4
27748,0,3
27749,70,11
27750,61,9
27751,20,5
27752,0,3
27753,0,3
27754,81,9
27755,30,5
27756,0,3
27757,69,13
27758,55,10
27759,56,7
27760,45,7
27761,0,3
27762,65,11
27763,71,13
27764,10,6
27765,0,3
27766,7,4
27767,0,3
27768,0,3
27769,96,10
27770,37,7
27771,0,3
27772,0,3
27773,50,9
27774,70,8
27775,92,13
27776,0,3
27777,0,3
27778,0,3
27779,0,3
27780,87,12
27781,0,3
27782,0,3
27783,0,3
27784,0,3
27785,93,13
27786,79,12
27787,80,11
27788,0,3
27789,0,3
27790,69,9
27791,70,9
27792,80,13
27793,121,16
27794,0,3
27795,46,10
27796,0,3
27797,0,3
27798,0,3
27799,0,3
27800,0,3
27801,0,3
27802,0,3
27803,0,3
27804,0,3
27805,0,3
27806,66,12
27807,21,8
27808,38,8
27809,0,3
27810,0,3
27811,6,3
27812,118,10
27813,0,3
27814,3,3
27815,0,3
27816,99,9
27817,0,3
27818,62,16
27819,78,11
27820,93,10
27821,84,14
27822,0,3
27823,14,6
27824,0,3
27825,469,11
27826,63,10
27827,39,7
27828,14,5
27829,41,5
27830,0,3
27831,0,3
27832,0,3
27833,60,11
27834,16,4
27835,129,13
27836,79,13
27837,160,16
27838,5,3
27839,0,3
27840,67,11
27841,0,3
27842,0,3
27843,98,7
27844,11,4
27845,0,3
27846,0,3
27847,78,9
27848,98,15
27849,0,3
27850,74,9
27851,12,4
27852,81,12
27853,124,14
27854,6,3
27855,0,3
27856,11,6
27857,0,3
27858,92,14
27859,64,12
27860,0,3
27861,2,3
27862,30,5
27863,0,3
27864,20,5
27865,87,11
27866,0,3
27867,66,9
27868,50,7
27869,0,3
27870,45,6
27871,20,6
27872,12,5
27873,0,3
27874,113,10
27875,0,3
27876,51,9
27877,0,3
27878,0,3
27879,129,13
27880,56,11
27881,0,3
27882,128,16
27883,0,3
27884,0,3
27885,0,3
27886,0,3
27887,0,3
27888,81,13
27889,0,3
27890,0,3
27891,0,3
27892,40,10
27893,61,9
27894,65,7
27895,50,4
27896,66,11
27897,0,3
27898,0,3
27899,81,11
27900,221,16
27901,51,5
27902,103,11
27903,0,3
27904,8,5
27905,73,10
27906,101,12
27907,11,5
27908,41,8
27909,0,3
27910,28,7
27911,69,9
27912,52,9
27913,58,10
27914,0,3
27915,0,3
27916,80,8
27917,51,11
27918,0,3
27919,33,8
27920,43,7
27921,0,3
27922,0,3
27923,0,3
27924,78,11
27925,78,13
27926,0,3
27927,85,8
27928,38,6
27929,22,5
27930,21,4
27931,80,11
27932,0,3
27933,149,15
27934,55,11
27935,41,8
27936,69,12
27937,56,9
27938,34,3
27939,0,3
27940,39,5
27941,60,10
27942,0,3
27943,0,3
27944,0,3
27945,0,3
27946,7,5
27947,40,5
27948,20,5
27949,0,3
27950,0,3
27951,0,3
27952,40,8
27953,59,12
27954,60,10
27955,0,3
27956,104,7
27957,0,3
27958,0,3
27959,0,3
27960,69,13
27961,99,14
27962,72,8
27963,30,6
27964,29,8
27965,0,3
27966,0,3
27967,0,3
27968,0,3
27969,28,7
27970,2,4
27971,0,3
27972,24,8
27973,74,9
27974,0,3
27975,116,11
27976,134,15
27977,3,3
27978,0,3
27979,53,9
27980,0,3
27981,74,14
27982,54,10
27983,0,3
27984,64,9
27985,39,8
27986,37,8
27987,21,4
27988,38,8
27989,138,15
27990,28,5
27991,0,3
27992,33,8
27993,61,11
27994,148,10
27995,114,17
27996,0,3
27997,101,11
27998,0,3
27999,32,7
28000,0,3
28001,100,11
28002,0,3
28003,46,8
28004,512,12
28005,32,7
28006,0,3
28007,0,3
28008,68,14
28009,54,8
28010,100,14
28011,0,3
28012,83,13
28013,0,3
28014,104,10
28015,0,3
28016,41,9
28017,75,10
28018,148,16
28019,5,4
28020,0,3
28021,65,5
28022,23,6
28023,13,5
28024,101,15
28025,54,7
28026,0,3
28027,0,3
28028,0,3
28029,165,8
28030,249,8
28031,0,3
28032,45,7
28033,99,13
28034,0,3
28035,0,3
28036,59,8
28037,0,3
28038,0,3
28039,102,12
28040,0,3
28041,16,5
28042,0,3
28043,49,8
28044,0,3
28045,63,11
28046,0,3
28047,109,13
28048,77,11
28049,96,12
28050,17,6
28051,0,3
28052,0,3
28053,39,8
28054,14,4
28055,69,12
28056,76,10
28057,91,12
28058,77,11
28059,134,11
28060,0,3
28061,22,5
28062,45,10
28063,13,4
28064,0,3
28065,72,11
28066,135,14
28067,0,3
28068,124,11
28069,0,3
28070,0,3
28071,0,3
28072,0,3
28073,21,7
28074,146,12
28075,77,10
28076,34,7
28077,0,3
28078,68,11
28079,183,16
28080,0,3
28081,0,3
28082,23,7
28083,62,6
28084,105,14
28085,72,14
28086,0,3
28087,0,3
28088,32,9
28089,0,3
28090,95,14
28091,0,3
28092,92,10
28093,88,12
28094,0,3
28095,0,3
28096,0,3
28097,2,3
28098,0,3
28099,0,3
28100,27,10
28101,0,3
28102,103,15
28103,62,12
28104,68,8
28105,53,8
28106,0,3
28107,32,7
28108,0,3
28109,72,12
28110,80,12
28111,0,3
28112,0,3
28113,65,12
28114,61,10
28115,0,3
28116,109,12
28117,132,9
28118,57,12
28119,0,3
28120,0,3
28121,0,3
28122,114,14
28123,0,3
28124,0,3
28125,0,3
28126,60,11
28127,61,10
28128,51,12
28129,0,3
28130,35,7
28131,51,11
28132,95,12
28133,69,10
28134,0,3
28135,67,11
28136,0,3
28137,0,3
28138,55,10
28139,60,10
28140,66,12
28141,29,5
28142,0,3
28143,0,3
28144,12,5
28145,43,7
28146,0,3
28147,83,11
28148,39,8
28149,0,3
28150,45,9
28151,58,10
28152,0,3
28153,35,7
28154,37,8
28155,95,8
28156,58,11
28157,92,12
28158,125,17
28159,0,3
28160,63,7
28161,47,8
28162,109,10
28163,1,3
28164,0,3
28165,17,6
28166,0,3
28167,0,3
28168,0,3
28169,0,3
28170,0,3
28171,0,3
28172,56,8
28173,41,11
28174,130,9
28175,50,8
28176,64,13
28177,141,15
28178,0,3
28179,75,11
28180,0,3
28181,87,12
28182,0,3
28183,87,11
28184,324,10
28185,66,13
28186,0,3
28187,123,16
28188,0,3
28189,25,5
28190,0,3
28191,3,4
28192,63,8
28193,0,3
28194,175,15
28195,109,12
28196,113,15
28197,76,10
28198,0,3
28199,47,12
28200,285,6
28201,108,15
28202,0,3
28203,0,3
28204,66,11
28205,16,4
28206,0,3
28207,0,3
28208,0,3
28209,111,10
28210,0,3
28211,49,10
28212,11,5
28213,0,3
28214,0,3
28215,62,10
28216,0,3
28217,0,3
28218,0,3
28219,32,6
28220,121,11
28221,126,6
28222,91,12
28223,19,3
28224,0,3
28225,39,10
28226,0,3
28227,0,3
28228,15,4
28229,0,3
28230,0,3
28231,92,12
28232,61,13
28233,71,10
28234,0,3
28235,0,3
28236,0,3
28237,0,3
28238,0,3
28239,35,5
28240,111,13
28241,41,6
28242,0,3
28243,42,8
28244,0,3
28245,0,3
28246,86,13
28247,34,8
28248,43,10
28249,98,15
28250,14,3
28251,43,8
28252,104,12
28253,0,3
28254,68,10
28255,0,3
28256,50,6
28257,115,16
28258,69,11
28259,82,12
28260,0,3
28261,60,12
28262,12,4
28263,0,3
28264,85,13
28265,169,17
28266,44,6
28267,0,3
28268,99,11
28269,61,13
28270,129,17
28271,94,12
28272,119,17
28273,31,8
28274,66,14
28275,0,3
28276,1,3
28277,69,10
28278,44,5
28279,63,11
28280,78,10
28281,124,17
28282,17,5
28283,1,3
28284,27,5
28285,0,3
28286,37,8
28287,0,3
28288,89,14
28289,60,6
28290,0,3
28291,101,11
28292,31,6
28293,84,14
28294,0,3
28295,21,5
28296,135,15
28297,25,5
28298,82,13
28299,0,3
28300,27,7
28301,85,10
28302,60,13
28303,0,3
28304,0,3
28305,0,3
28306,28,7
28307,193,16
28308,49,12
28309,97,10
28310,3,3
28311,0,3
28312,0,3
28313,0,3
28314,0,3
28315,0,3
28316,0,3
28317,0,3
28318,0,3
28319,173,8
28320,67,12
28321,49,10
28322,73,12
28323,22,6
28324,66,12
28325,86,12
28326,99,8
28327,82,8
28328,40,10
28329,31,9
28330,0,3
28331,171,7
28332,0,3
28333,0,3
28334,40,5
28335,117,17
28336,5,3
28337,1,3
28338,91,9
28339,0,3
28340,53,7
28341,0,3
28342,83,11
28343,131,9
28344,0,3
28345,95,8
28346,23,5
28347,77,12
28348,0,3
28349,43,9
28350,64,8
28351,75,11
28352,0,3
28353,120,15
28354,71,9
28355,78,12
28356,122,18
28357,133,3
28358,0,3
28359,0,3
28360,0,3
28361,64,11
28362,65,11
28363,71,12
28364,53,6
28365,0,3
28366,0,3
28367,0,3
28368,0,3
28369,8,3
28370,56,9
28371,48,6
28372,0,3
28373,0,3
28374,0,3
28375,0,3
28376,0,3
28377,0,3
28378,20,5
28379,0,3
28380,54,13
28381,27,7
28382,0,3
28383,140,13
28384,47,7
28385,39,7
28386,0,3
28387,154,16
28388,66,5
28389,72,11
28390,0,3
28391,69,12
28392,112,11
28393,117,13
28394,0,3
28395,70,11
28396,94,13
28397,29,8
28398,0,3
28399,27,6
28400,121,12
28401,47,8
28402,0,3
28403,55,13
28404,21,5
28405,88,13
28406,67,11
28407,78,10
28408,0,3
28409,0,3
28410,158,14
28411,0,3
28412,48,7
28413,0,3
28414,0,3
28415,71,8
28416,12,5
28417,21,7
28418,53,9
28419,0,3
28420,0,3
28421,74,9
28422,26,4
28423,58,11
28424,112,9
28425,69,10
28426,0,3
28427,150,14
28428,0,3
28429,0,3
28430,116,10
28431,87,16
28432,0,3
28433,29,8
28434,59,11
28435,54,7
28436,52,11
28437,0,3
28438,111,15
28439,0,3
28440,59,11
28441,31,7
28442,15,6
28443,88,12
28444,51,7
28445,0,3
28446,53,14
28447,32,9
28448,0,3
28449,59,13
28450,0,3
28451,98,11
28452,0,3
28453,0,3
28454,0,3
28455,47,9
28456,0,3
28457,0,3
28458,27,5
28459,90,14
28460,32,6
28461,51,10
28462,0,3
28463,43,10
28464,0,3
28465,0,3
28466,66,11
28467,72,10
28468,51,10
28469,4,3
28470,0,3
28471,133,14
28472,0,3
28473,78,11
28474,56,11
28475,0,3
28476,19,5
28477,0,3
28478,41,10
28479,1,3
28480,71,7
28481,29,7
28482,0,3
28483,30,5
28484,0,3
28485,61,8
28486,146,17
28487,16,5
28488,0,3
28489,69,10
28490,0,3
28491,28,8
28492,0,3
28493,58,8
28494,2,3
28495,112,18
28496,85,14
28497,6,3
28498,0,3
28499,0,3
28500,9,4
28501,160,14
28502,0,3
28503,27,7
28504,0,3
28505,49,9
28506,33,8
28507,25,6
28508,45,7
28509,93,11
28510,117,14
28511,0,3
28512,58,10
28513,37,8
28514,0,3
28515,80,8
28516,0,3
28517,42,7
28518,0,3
28519,39,7
28520,2,3
28521,0,3
28522,0,3
28523,90,12
28524,42,10
28525,0,3
28526,0,3
28527,0,3
28528,4,3
28529,100,14
28530,103,12
28531,0,3
28532,0,3
28533,0,3
28534,160,16
28535,64,8
28536,0,3
28537,0,3
28538,0,3
28539,45,11
28540,0,3
28541,0,3
28542,50,9
28543,49,7
28544,157,12
28545,63,8
28546,105,13
28547,82,10
28548,0,3
28549,11,4
28550,250,10
28551,52,12
28552,0,3
28553,104,12
28554,0,3
28555,76,9
28556,0,3
28557,0,3
28558,31,4
28559,35,8
28560,0,3
28561,74,8
28562,68,12
28563,6,3
28564,63,9
28565,113,16
28566,23,4
28567,0,3
28568,0,3
28569,0,3
28570,0,3
28571,0,3
28572,0,3
28573,41,11
28574,128,14
28575,42,8
28576,83,13
28577,24,4
28578,0,3
28579,0,3
28580,94,11
28581,0,3
28582,69,9
28583,0,3
28584,31,7
28585,51,8
28586,0,3
28587,38,8
28588,0,3
28589,92,13
28590,0,3
28591,81,5
28592,0,3
28593,67,9
28594,110,18
28595,98,12
28596,98,8
28597,104,14
28598,0,3
28599,0,3
28600,74,11
28601,42,4
28602,49,11
28603,0,3
28604,51,8
28605,132,15
28606,25,7
28607,0,3
28608,0,3
28609,79,12
28610,0,3
28611,96,12
28612,25,4
28613,62,12
28614,2,3
28615,93,10
28616,78,11
28617,0,3
28618,3,3
28619,0,3
28620,0,3
28621,0,3
28622,33,7
28623,134,16
28624,63,7
28625,64,7
28626,0,3
28627,0,3
28628,0,3
28629,45,6
28630,42,6
28631,65,10
28632,0,3
28633,82,12
28634,0,3
28635,128,14
28636,0,3
28637,0,3
28638,85,13
28639,31,10
28640,0,3
28641,96,13
28642,0,3
28643,0,3
28644,58,6
28645,0,3
28646,0,3
28647,46,8
28648,2,3
28649,104,14
28650,121,12
28651,0,3
28652,0,3
28653,21,4
28654,70,7
28655,42,7
28656,59,11
28657,46,9
28658,39,7
28659,47,9
28660,0,3
28661,750,4
28662,100,11
28663,0,3
28664,58,7
28665,71,8
28666,31,5
28667,50,10
28668,52,11
28669,14,4
28670,127,16
28671,0,3
28672,70,11
28673,162,9
28674,15,4
28675,0,3
28676,0,3
28677,53,10
28678,0,3
28679,50,10
28680,40,11
28681,27,8
28682,0,3
28683,79,14
28684,41,7
28685,0,3
28686,72,11
28687,68,11
28688,76,11
28689,111,15
28690,828,10
28691,82,12
28692,166,14
28693,0,3
28694,0,3
28695,41,7
28696,31,9
28697,0,3
28698,77,11
28699,0,3
28700,98,15
28701,41,7
28702,141,12
28703,37,7
28704,0,3
28705,0,3
28706,0,3
28707,7,4
28708,63,11
28709,34,8
28710,0,3
28711,40,8
28712,53,6
28713,0,3
28714,28,6
28715,160,7
28716,40,7
28717,76,12
28718,100,13
28719,0,3
28720,22,6
28721,82,10
28722,24,5
28723,0,3
28724,107,14
28725,76,10
28726,208,14
28727,0,3
28728,56,10
28729,0,3
28730,14,5
28731,58,11
28732,43,7
28733,64,13
28734,0,3
28735,0,3
28736,42,8
28737,0,3
28738,112,15
28739,0,3
28740,738,4
28741,88,11
28742,77,12
28743,66,10
28744,0,3
28745,0,3
28746,64,12
28747,67,6
28748,0,3
28749,69,13
28750,0,3
28751,511,5
28752,0,3
28753,229,15
28754,0,3
28755,25,8
28756,4,3
28757,0,3
28758,70,10
28759,20,5
28760,30,6
28761,0,3
28762,115,13
28763,63,12
28764,0,3
28765,92,11
28766,83,10
28767,73,10
28768,80,12
28769,0,3
28770,71,13
28771,0,3
28772,0,3
28773,110,12
28774,24,2
28775,0,3
28776,89,8
28777,86,11
28778,70,10
28779,0,3
28780,2,3
28781,124,14
28782,53,11
28783,110,14
28784,239,14
28785,3,3
28786,60,8
28787,0,3
28788,0,3
28789,75,9
28790,0,3
28791,183,15
28792,2,3
28793,45,8
28794,29,9
28795,0,3
28796,163,13
28797,0,3
28798,26,6
28799,60,9
28800,34,5
28801,47,9
28802,52,10
28803,0,3
28804,44,8
28805,83,10
28806,0,3
28807,106,12
28808,51,8
28809,7,3
28810,122,15
28811,10,4
28812,24,5
28813,70,9
28814,0,3
28815,122,9
28816,52,9
28817,0,3
28818,47,5
28819,91,13
28820,0,3
28821,3,3
28822,33,7
28823,0,3
28824,0,3
28825,144,14
28826,99,13
28827,0,3
28828,0,3
28829,0,3
28830,0,3
28831,0,3
28832,81,11
28833,67,4
28834,21,6
28835,41,7
28836,87,12
28837,0,3
28838,110,12
28839,56,7
28840,52,7
28841,0,3
28842,160,16
28843,0,3
28844,0,3
28845,49,7
28846,4,3
28847,0,3
28848,0,3
28849,96,11
28850,168,14
28851,18,5
28852,22,6
28853,32,7
28854,51,7
28855,0,3
28856,0,3
28857,84,12
28858,0,3
28859,0,3
28860,48,13
28861,116,18
28862,52,11
28863,0,3
28864,0,3
28865,54,8
28866,99,13
28867,0,3
28868,2,3
28869,61,11
28870,73,12
28871,39,11
28872,78,11
28873,0,3
28874,84,13
28875,56,7
28876,54,8
28877,32,7
28878,23,6
28879,39,11
28880,16,6
28881,15,8
28882,124,12
28883,49,6
28884,0,3
28885,90,8
28886,52,10
28887,42,7
28888,55,9
28889,40,8
28890,0,3
28891,95,13
28892,0,3
28893,34,9
28894,0,3
28895,117,16
28896,44,8
28897,0,3
28898,56,12
28899,34,7
28900,0,3
28901,24,6
28902,38,8
28903,21,6
28904,72,10
28905,0,3
28906,2,3
28907,0,3
28908,140,16
28909,32,6
28910,88,12
28911,0,3
28912,1,3
28913,58,9
28914,77,11
28915,0,3
28916,0,3
28917,0,3
28918,63,12
28919,42,9
28920,97,14
28921,3,3
28922,104,16
28923,25,7
28924,7,4
28925,107,15
28926,129,14
28927,0,3
28928,120,13
28929,0,3
28930,51,10
28931,45,9
28932,30,9
28933,0,3
28934,44,8
28935,0,3
28936,0,3
28937,42,6
28938,0,3
28939,23,6
28940,48,10
28941,51,8
28942,0,3
28943,0,3
28944,70,8
28945,120,15
28946,0,3
28947,0,3
28948,12,3
28949,0,3
28950,48,7
28951,0,3
28952,0,3
28953,0,3
28954,0,3
28955,100,5
28956,76,6
28957,47,8
28958,0,3
28959,74,12
28960,0,3
28961,0,3
28962,106,11
28963,12,5
28964,53,8
28965,70,11
28966,33,8
28967,22,5
28968,285,13
28969,65,11
28970,94,14
28971,112,14
28972,80,7
28973,0,3
28974,0,3
28975,117,19
28976,0,3
28977,69,10
28978,31,8
28979,0,3
28980,234,3
28981,37,9
28982,25,6
28983,0,3
28984,0,3
28985,58,11
28986,68,9
28987,33,8
28988,59,10
28989,99,13
28990,0,3
28991,28,7
28992,105,8
28993,14,5
28994,0,3
28995,41,8
28996,14,5
28997,117,13
28998,0,3
28999,65,10
29000,61,7
29001,88,14
29002,78,12
29003,0,3
29004,101,14
29005,124,5
29006,0,3
29007,35,10
29008,62,10
29009,0,3
29010,69,9
29011,0,3
29012,110,13
29013,0,3
29014,0,3
29015,9,5
29016,68,9
29017,74,8
29018,7,2
29019,0,3
29020,82,12
29021,0,3
29022,59,7
29023,42,8
29024,21,5
29025,2,3
29026,0,3
29027,46,10
29028,0,3
29029,32,5
29030,79,13
29031,37,6
29032,95,15
29033,98,11
29034,67,11
29035,60,11
29036,14,5
29037,73,7
29038,51,11
29039,0,3
29040,0,3
29041,52,10
29042,0,3
29043,7,3
29044,0,3
29045,105,12
29046,68,11
29047,38,9
29048,63,9
29049,108,11
29050,0,3
29051,221,20
29052,67,9
29053,0,3
29054,0,3
29055,0,3
29056,149,12
29057,100,12
29058,38,8
29059,33,6
29060,32,6
29061,86,8
29062,42,8
29063,0,3
29064,93,11
29065,0,3
29066,51,7
29067,303,17
29068,0,3
29069,91,11
29070,0,3
29071,59,7
29072,0,3
29073,75,11
29074,0,3
29075,0,3
29076,94,13
29077,74,11
29078,7,3
29079,33,8
29080,205,12
29081,20,6
29082,42,7
29083,20,5
29084,54,12
29085,49,8
29086,0,3
29087,88,16
29088,74,9
29089,81,10
29090,63,11
29091,10,4
29092,31,4
29093,87,10
29094,0,3
29095,0,3
29096,17,8
29097,14,4
29098,0,3
29099,91,12
29100,0,3
29101,0,3
29102,34,8
29103,98,17
29104,43,8
29105,0,3
29106,60,7
29107,80,11
29108,56,7
29109,0,3
29110,0,3
29111,21,10
29112,88,14
29113,0,3
29114,5,4
29115,0,3
29116,42,7
29117,117,10
29118,0,3
29119,0,3
29120,56,6
29121,161,15
29122,0,3
29123,114,14
29124,74,9
29125,29,8
29126,38,8
29127,0,3
29128,71,11
29129,0,3
29130,126,18
29131,0,3
29132,55,11
29133,101,13
29134,0,3
29135,0,3
29136,111,18
29137,125,12
29138,0,3
29139,0,3
29140,19,6
29141,1,3
29142,40,8
29143,35,5
29144,0,3
29145,538,9
29146,7,5
29147,135,10
29148,115,11
29149,63,7
29150,0,3
29151,148,14
29152,60,11
29153,0,3
29154,0,3
29155,104,17
29156,1,3
29157,115,11
29158,52,9
29159,0,3
29160,41,7
29161,100,14
29162,128,15
29163,91,12
29164,0,3
29165,8,4
29166,0,3
29167,0,3
29168,153,20
29169,0,3
29170,57,10
29171,0,3
29172,0,3
29173,41,10
29174,81,12
29175,0,3
29176,0,3
29177,32,5
29178,0,3
29179,79,12
29180,55,9
29181,55,9
29182,0,3
29183,0,3
29184,91,12
29185,0,3
29186,19,3
29187,85,13
29188,61,9
29189,57,11
29190,1,3
29191,203,19
29192,0,3
29193,75,6
29194,2,3
29195,25,4
29196,0,3
29197,107,10
29198,0,3
29199,37,10
29200,30,5
29201,0,3
29202,0,3
29203,0,3
29204,0,3
29205,129,13
29206,77,11
29207,0,3
29208,132,13
29209,143,14
29210,0,3
29211,0,3
29212,0,3
29213,43,7
29214,0,3
29215,61,9
29216,0,3
29217,0,3
29218,45,8
29219,48,7
29220,0,3
29221,0,3
29222,0,3
29223,49,10
29224,107,12
29225,0,3
29226,105,14
29227,171,12
29228,0,3
29229,33,6
29230,43,9
29231,0,3
29232,39,7
29233,59,9
29234,0,3
29235,0,3
29236,105,12
29237,75,9
29238,188,12
29239,38,7
29240,0,3
29241,57,12
29242,38,9
29243,53,8
29244,0,3
29245,14,4
29246,353,10
29247,0,3
29248,91,13
29249,0,3
29250,0,3
29251,0,3
29252,20,6
29253,17,4
29254,61,10
29255,0,3
29256,49,11
29257,253,4
29258,112,15
29259,0,3
29260,34,6
29261,57,11
29262,154,18
29263,50,7
29264,45,6
29265,75,10
29266,37,7
29267,96,16
29268,4,3
29269,32,9
29270,69,9
29271,0,3
29272,0,3
29273,153,13
29274,86,18
29275,71,11
29276,47,7
29277,31,7
29278,0,3
29279,0,3
29280,0,3
29281,11,4
29282,98,11
29283,0,3
29284,20,4
29285,2,4
29286,32,5
29287,59,7
29288,0,3
29289,0,3
29290,0,3
29291,14,3
29292,72,14
29293,0,3
29294,0,3
29295,98,13
29296,0,3
29297,0,3
29298,0,3
29299,43,8
29300,47,8
29301,129,13
29302,0,3
29303,50,11
29304,0,3
29305,0,3
29306,97,18
29307,62,12
29308,42,9
29309,0,3
29310,8,4
29311,0,3
29312,85,14
29313,72,10
29314,0,3
29315,0,3
29316,70,9
29317,124,17
29318,109,13
29319,57,10
29320,0,3
29321,76,8
29322,74,11
29323,0,3
29324,58,8
29325,0,3
29326,53,7
29327,0,3
29328,0,3
29329,0,3
29330,47,10
29331,103,10
29332,55,10
29333,8,6
29334,51,10
29335,125,16
29336,0,3
29337,40,7
29338,0,3
29339,92,16
29340,0,3
29341,84,15
29342,0,3
29343,73,9
29344,15,3
29345,0,3
29346,90,13
29347,65,8
29348,121,13
29349,0,3
29350,12,5
29351,63,10
29352,0,3
29353,0,3
29354,0,3
29355,4,3
29356,0,3
29357,103,14
29358,0,3
29359,62,9
29360,0,3
29361,0,3
29362,0,3
29363,116,14
29364,90,9
29365,69,12
29366,74,11
29367,10,4
29368,31,7
29369,5,4
29370,0,3
29371,0,3
29372,26,6
29373,3,3
29374,0,3
29375,17,6
29376,0,3
29377,56,6
29378,15,4
29379,56,9
29380,26,6
29381,421,3
29382,32,8
29383,0,3
29384,52,11
29385,0,3
29386,83,12
29387,92,12
29388,66,12
29389,0,3
29390,97,11
29391,70,7
29392,0,3
29393,0,3
29394,100,13
29395,70,9
29396,83,10
29397,68,10
29398,78,11
29399,85,10
29400,34,6
29401,61,7
29402,48,4
29403,80,5
29404,0,3
29405,0,3
29406,0,3
29407,13,4
29408,61,10
29409,41,7
29410,0,3
29411,35,7
29412,0,3
29413,395,5
29414,28,7
29415,79,13
29416,46,10
29417,94,11
29418,109,9
29419,0,3
29420,0,3
29421,0,3
29422,0,3
29423,0,3
29424,0,3
29425,19,6
29426,0,3
29427,39,8
29428,13,4
29429,60,11
29430,92,12
29431,0,3
29432,86,11
29433,85,12
29434,0,3
29435,67,10
29436,0,3
29437,133,14
29438,0,3
29439,0,3
29440,0,3
29441,35,6
29442,95,12
29443,80,8
29444,0,3
29445,0,3
29446,53,11
29447,16,4
29448,35,6
29449,0,3
29450,77,12
29451,0,3
29452,128,20
29453,7,4
29454,0,3
29455,0,3
29456,62,10
29457,0,3
29458,45,9
29459,0,3
29460,63,11
29461,100,12
29462,0,3
29463,0,3
29464,47,5
29465,0,3
29466,55,11
29467,116,16
29468,65,8
29469,85,13
29470,0,3
29471,107,10
29472,108,12
29473,0,3
29474,26,6
29475,0,3
29476,0,3
29477,35,6
29478,48,11
29479,0,3
29480,0,3
29481,31,6
29482,0,3
29483,88,11
29484,116,10
29485,54,7
29486,135,18
29487,15,5
29488,16,5
29489,0,3
29490,77,9
29491,0,3
29492,102,11
29493,58,9
29494,0,3
29495,0,3
29496,0,3
29497,0,3
29498,67,11
29499,72,11
29500,0,3
29501,113,10
29502,69,10
29503,77,12
29504,47,9
29505,0,3
29506,0,3
29507,68,12
29508,43,8
29509,37,8
29510,0,3
29511,0,3
29512,0,3
29513,0,3
29514,0,3
29515,105,14
29516,0,3
29517,0,3
29518,41,6
29519,59,8
29520,26,7
29521,0,3
29522,87,8
29523,115,15
29524,0,3
29525,61,9
29526,0,3
29527,79,10
29528,0,3
29529,59,9
29530,137,12
29531,79,14
29532,0,3
29533,61,11
29534,0,3
29535,180,17
29536,101,10
29537,137,9
29538,100,14
29539,77,12
29540,89,12
29541,3,3
29542,0,3
29543,195,16
29544,0,3
29545,8,3
29546,0,3
29547,56,11
29548,40,6
29549,120,14
29550,69,10
29551,30,4
29552,91,13
29553,0,3
29554,26,6
29555,0,3
29556,33,7
29557,0,3
29558,0,3
29559,1,3
29560,29,8
29561,0,3
29562,24,7
29563,73,11
29564,3,3
29565,165,14
29566,72,15
29567,113,13
29568,233,13
29569,96,15
29570,94,12
29571,0,3
29572,57,8
29573,0,3
29574,2,3
29575,0,3
29576,106,13
29577,100,16
29578,0,3
29579,0,3
29580,0,3
29581,51,9
29582,4,3
29583,0,3
29584,79,12
29585,111,11
29586,102,14
29587,0,3
29588,107,12
29589,63,10
29590,0,3
29591,113,13
29592,0,3
29593,52,10
29594,27,6
29595,0,3
29596,23,4
29597,0,3
29598,0,3
29599,70,14
29600,0,3
29601,56,10
29602,39,7
29603,95,12
29604,0,3
29605,0,3
29606,41,11
29607,150,16
29608,104,14
29609,0,3
29610,165,18
29611,104,15
29612,0,3
29613,0,3
29614,52,6
29615,176,15
29616,64,13
29617,0,3
29618,0,3
29619,0,3
29620,43,8
29621,110,13
29622,66,10
29623,13,5
29624,68,6
29625,0,3
29626,0,3
29627,63,10
29628,95,9
29629,0,3
29630,148,7
29631,53,7
29632,0,3
29633,58,10
29634,0,3
29635,79,7
29636,43,7
29637,0,3
29638,54,9
29639,41,9
29640,71,9
29641,0,3
29642,64,9
29643,159,12
29644,83,8
29645,0,3
29646,0,3
29647,0,3
29648,104,14
29649,108,16
29650,36,8
29651,27,8
29652,0,3
29653,77,15
29654,103,13
29655,103,12
29656,39,4
29657,0,3
29658,0,3
29659,89,10
29660,0,3
29661,0,3
29662,98,10
29663,0,3
29664,65,7
29665,34,8
29666,27,5
29667,38,6
29668,130,19
29669,0,3
29670,48,9
29671,31,8
29672,0,3
29673,0,3
29674,38,7
29675,0,3
29676,0,3
29677,18,6
29678,97,12
29679,1,3
29680,0,3
29681,0,3
29682,0,3
29683,0,3
29684,63,10
29685,0,3
29686,27,4
29687,0,3
29688,88,14
29689,0,3
29690,0,3
29691,59,10
29692,0,3
29693,266,20
29694,0,3
29695,94,14
29696,126,11
29697,0,3
29698,3,3
29699,71,10
29700,0,3
29701,81,12
29702,61,10
29703,50,10
29704,0,3
29705,110,18
29706,2,3
29707,0,3
29708,0,3
29709,234,11
29710,0,3
29711,320,13
29712,104,14
29713,8,3
29714,102,14
29715,45,9
29716,69,11
29717,1,3
29718,0,3
29719,0,3
29720,63,9
29721,10,5
29722,0,3
29723,90,9
29724,0,3
29725,33,7
29726,46,8
29727,19,5
29728,0,3
29729,72,9
29730,139,15
29731,0,3
29732,0,3
29733,0,3
29734,84,7
29735,140,22
29736,127,15
29737,110,13
29738,5,4
29739,0,3
29740,33,5
29741,44,7
29742,0,3
29743,22,6
29744,0,3
29745,45,12
29746,30,7
29747,45,6
29748,0,3
29749,154,17
29750,117,15
29751,100,12
29752,49,13
29753,18,5
29754,51,8
29755,0,3
29756,0,3
29757,0,3
29758,0,3
29759,0,3
29760,69,7
29761,66,7
29762,0,3
29763,0,3
29764,0,3
29765,0,3
29766,26,7
29767,97,15
29768,0,3
29769,0,3
29770,4,3
29771,58,12
29772,25,10
29773,0,3
29774,0,3
29775,0,3
29776,58,11
29777,74,11
29778,12,4
29779,0,3
29780,68,11
29781,0,3
29782,50,8
29783,120,18
29784,89,11
29785,107,10
29786,0,3
29787,0,3
29788,71,9
29789,0,3
29790,0,3
29791,153,14
29792,168,12
29793,64,11
29794,93,15
29795,0,3
29796,78,12
29797,20,6
29798,0,3
29799,9,5
29800,53,12
29801,87,15
29802,45,8
29803,0,3
29804,43,9
29805,103,15
29806,24,6
29807,29,6
29808,0,3
29809,42,7
29810,54,9
29811,154,12
29812,35,9
29813,47,9
29814,79,3
29815,88,12
29816,146,12
29817,0,3
29818,64,8
29819,92,11
29820,30,8
29821,0,3
29822,133,16
29823,95,13
29824,0,3
29825,57,10
29826,0,3
29827,140,15
29828,46,10
29829,0,3
29830,0,3
29831,0,3
29832,66,12
29833,17,5
29834,0,3
29835,39,8
29836,0,3
29837,103,12
29838,0,3
29839,0,3
29840,1,3
29841,77,7
29842,0,3
29843,4,3
29844,99,15
29845,0,3
29846,93,16
29847,97,14
29848,116,13
29849,97,18
29850,0,3
29851,0,3
29852,122,14
29853,74,11
29854,38,7
29855,36,7
29856,0,3
29857,102,12
29858,0,3
29859,17,4
29860,81,12
29861,97,14
29862,61,6
29863,92,12
29864,0,3
29865,37,7
29866,0,3
29867,138,16
29868,91,15
29869,31,6
29870,130,11
29871,0,3
29872,114,19
29873,89,12
29874,27,9
29875,69,11
29876,34,7
29877,0,3
29878,88,14
29879,0,3
29880,0,3
29881,80,11
29882,44,8
29883,74,10
29884,60,10
29885,136,17
29886,112,5
29887,100,16
29888,100,14
29889,99,15
29890,72,4
29891,0,3
29892,139,17
29893,54,8
29894,44,9
29895,39,10
29896,0,3
29897,18,5
29898,118,14
29899,158,14
29900,0,3
29901,0,3
29902,63,10
29903,83,11
29904,96,12
29905,24,6
29906,48,6
29907,85,13
29908,87,10
29909,0,3
29910,85,11
29911,10,4
29912,119,12
29913,0,3
29914,0,3
29915,65,8
29916,54,8
29917,39,4
29918,78,12
29919,0,3
29920,82,11
29921,25,4
29922,36,10
29923,54,10
29924,82,12
29925,62,10
29926,0,3
29927,22,5
29928,48,9
29929,193,9
29930,107,14
29931,182,11
29932,533,4
29933,0,3
29934,107,11
29935,303,8
29936,0,3
29937,37,8
29938,58,10
29939,0,3
29940,0,3
29941,13,5
29942,0,3
29943,30,8
29944,5,3
29945,118,11
29946,0,3
29947,0,3
29948,107,15
29949,61,12
29950,79,10
29951,80,10
29952,77,11
29953,70,12
29954,77,7
29955,0,3
29956,205,17
29957,0,3
29958,79,12
29959,22,5
29960,0,3
29961,290,6
29962,29,6
29963,146,8
29964,98,14
29965,73,14
29966,149,19
29967,0,3
29968,51,9
29969,0,3
29970,0,3
29971,0,3
29972,55,13
29973,176,10
29974,51,10
29975,68,12
29976,0,3
29977,0,3
29978,13,5
29979,20,5
29980,0,3
29981,167,18
29982,87,12
29983,48,9
29984,0,3
29985,102,4
29986,62,8
29987,0,3
29988,0,3
29989,99,9
29990,79,15
29991,0,3
29992,101,13
29993,26,8
29994,0,3
29995,123,13
29996,12,4
29997,160,14
29998,0,3
29999,5,3
30000,72,8
30001,100,13
30002,0,3
30003,103,7
30004,76,13
30005,66,10
30006,4,3
30007,0,3
30008,94,13
30009,83,10
30010,0,3
30011,17,6
30012,1,3
30013,0,3
30014,42,9
30015,106,14
30016,114,9
30017,18,6
30018,0,3
30019,85,15
30020,63,10
30021,0,3
30022,0,3
30023,0,3
30024,13,4
30025,65,11
30026,0,3
30027,85,9
30028,14,4
30029,83,10
30030,0,3
30031,49,8
30032,0,3
30033,46,10
30034,0,3
30035,241,9
30036,30,7
30037,33,7
30038,99,15
30039,74,13
30040,61,12
30041,0,3
30042,0,3
30043,99,16
30044,124,12
30045,100,10
30046,35,7
30047,68,8
30048,41,7
30049,46,9
30050,30,7
30051,73,10
30052,0,3
30053,0,3
30054,83,10
30055,0,3
30056,40,6
30057,36,6
30058,119,7
30059,0,3
30060,0,3
30061,65,13
30062,91,12
30063,12,4
30064,7,3
30065,0,3
30066,35,7
30067,21,6
30068,0,3
30069,1,3
30070,60,10
30071,0,3
30072,117,19
30073,108,12
30074,51,9
30075,16,4
30076,1,3
30077,19,8
30078,0,3
30079,0,3
30080,0,3
30081,17,7
30082,130,14
30083,138,12
30084,61,10
30085,65,11
30086,65,6
30087,105,13
30088,64,9
30089,49,9
30090,118,15
30091,0,3
30092,0,3
30093,0,3
30094,0,3
30095,0,3
30096,5,4
30097,11,6
30098,126,19
30099,84,10
30100,39,7
30101,0,3
30102,0,3
30103,0,3
30104,35,8
30105,34,7
30106,57,7
30107,44,6
30108,26,7
30109,171,13
30110,142,21
30111,24,9
30112,85,11
30113,31,7
30114,53,8
30115,86,10
30116,108,11
30117,91,15
30118,0,3
30119,0,3
30120,0,3
30121,36,7
30122,473,9
30123,175,18
30124,41,10
30125,46,10
30126,59,8
30127,45,12
30128,48,8
30129,23,7
30130,0,3
30131,0,3
30132,87,15
30133,0,3
30134,62,11
30135,89,10
30136,0,3
30137,0,3
30138,75,11
30139,0,3
30140,15,4
30141,2,3
30142,84,13
30143,9,3
30144,0,3
30145,45,9
30146,234,10
30147,0,3
30148,21,5
30149,0,3
30150,85,10
30151,79,12
30152,110,13
30153,0,3
30154,46,9
30155,0,3
30156,0,3
30157,83,9
30158,58,10
30159,50,11
30160,0,3
30161,0,3
30162,0,3
30163,0,3
30164,49,12
30165,99,8
30166,0,3
30167,21,5
30168,158,12
30169,83,14
30170,71,13
30171,36,5
30172,79,11
30173,107,10
30174,0,3
30175,0,3
30176,146,10
30177,0,3
30178,0,3
30179,50,8
30180,34,6
30181,0,3
30182,87,14
30183,0,3
30184,58,14
30185,0,3
30186,66,8
30187,39,6
30188,0,3
30189,74,12
30190,30,8
30191,341,4
30192,0,3
30193,11,4
30194,0,3
30195,140,14
30196,0,3
30197,0,3
30198,93,11
30199,35,7
30200,81,11
30201,41,7
30202,7,3
30203,0,3
30204,0,3
30205,0,3
30206,0,3
30207,62,9
30208,99,10
30209,0,3
30210,132,15
30211,0,3
30212,0,3
30213,0,3
30214,0,3
30215,95,11
30216,102,11
30217,61,11
30218,22,5
30219,62,12
30220,77,10
30221,78,12
30222,0,3
30223,48,8
30224,86,11
30225,0,3
30226,0,3
30227,0,3
30228,2,3
30229,83,13
30230,31,7
30231,46,9
30232,0,3
30233,0,3
30234,23,6
30235,118,12
30236,37,10
30237,28,6
30238,87,9
30239,0,3
30240,0,3
30241,91,16
30242,99,15
30243,25,9
30244,0,3
30245,0,3
30246,61,11
30247,0,3
30248,123,13
30249,0,3
30250,48,7
30251,71,13
30252,52,8
30253,53,12
30254,10,4
30255,0,3
30256,94,14
30257,135,16
30258,90,11
30259,53,10
30260,123,12
30261,0,3
30262,0,3
30263,0,3
30264,71,10
30265,0,3
30266,80,13
30267,108,13
30268,103,14
30269,125,15
30270,9,4
30271,89,8
30272,77,10
30273,0,3
30274,139,9
30275,88,11
30276,174,13
30277,0,3
30278,131,13
30279,24,9
30280,41,8
30281,73,15
30282,139,19
30283,0,3
30284,57,9
30285,84,11
30286,69,12
30287,86,12
30288,0,3
30289,67,9
30290,112,14
30291,76,8
30292,0,3
30293,82,10
30294,3,3
30295,58,10
30296,23,7
30297,0,3
30298,64,9
30299,117,15
30300,38,11
30301,0,3
30302,21,7
30303,103,9
30304,0,3
30305,0,3
30306,0,3
30307,77,12
30308,124,11
30309,14,4
30310,117,7
30311,111,13
30312,134,13
30313,42,8
30314,79,9
30315,199,12
30316,19,4
30317,0,3
30318,9,4
30319,0,3
30320,0,3
30321,430,5
30322,194,11
30323,35,8
30324,0,3
30325,0,3
30326,0,3
30327,0,3
30328,0,3
30329,58,7
30330,0,3
30331,0,3
30332,23,7
30333,0,3
30334,0,3
30335,0,3
30336,0,3
30337,181,15
30338,79,8
30339,0,3
30340,0,3
30341,0,3
30342,48,5
30343,102,13
30344,223,6
30345,294,16
30346,48,10
30347,0,3
30348,38,6
30349,132,19
30350,81,14
30351,72,11
30352,122,9
30353,21,6
30354,0,3
30355,58,10
30356,45,8
30357,23,7
30358,0,3
30359,51,9
30360,81,14
30361,187,18
30362,224,13
30363,75,11
30364,42,9
30365,0,3
30366,85,12
30367,0,3
30368,84,14
30369,0,3
30370,90,10
30371,121,15
30372,4,3
30373,71,5
30374,106,14
30375,76,11
30376,0,3
30377,36,8
30378,101,12
30379,0,3
30380,0,3
30381,112,18
30382,0,3
30383,0,3
30384,0,3
30385,99,14
30386,0,3
30387,135,13
30388,150,19
30389,117,18
30390,42,6
30391,367,17
30392,61,6
30393,86,13
30394,22,6
30395,198,16
30396,89,13
30397,0,3
30398,89,12
30399,56,12
30400,0,3
30401,0,3
30402,66,15
30403,57,10
30404,191,15
30405,0,3
30406,1,3
30407,0,3
30408,0,3
30409,0,3
30410,0,3
30411,89,11
30412,62,9
30413,0,3
30414,40,7
30415,0,3
30416,62,8
30417,73,13
30418,28,8
30419,208,16
30420,94,12
30421,91,12
30422,75,10
30423,80,12
30424,0,3
30425,1,3
30426,0,3
30427,0,3
30428,109,11
30429,2,3
30430,60,12
30431,0,3
30432,58,11
30433,116,15
30434,85,9
30435,57,11
30436,0,3
30437,0,3
30438,116,15
30439,50,10
30440,10,4
30441,74,15
30442,37,8
30443,0,3
30444,91,14
30445,0,3
30446,69,9
30447,159,13
30448,0,3
30449,4,4
30450,0,3
30451,0,3
30452,0,3
30453,18,6
30454,4,4
30455,0,3
30456,67,11
30457,0,3
30458,0,3
30459,0,3
30460,0,3
30461,78,10
30462,0,3
30463,111,17
30464,74,10
30465,46,9
30466,12,5
30467,0,3
30468,67,8
30469,2,3
30470,120,12
30471,0,3
30472,48,8
30473,1,3
30474,46,5
30475,3,4
30476,0,3
30477,55,10
30478,82,7
30479,0,3
30480,0,3
30481,3,3
30482,0,3
30483,57,9
30484,114,16
30485,0,3
30486,0,3
30487,0,3
30488,11,5
30489,36,7
30490,46,10
30491,183,12
30492,0,3
30493,0,3
30494,50,11
30495,84,8
30496,0,3
30497,0,3
30498,344,9
30499,131,12
30500,0,3
30501,81,14
30502,53,12
30503,178,6
30504,42,7
30505,0,3
30506,0,3
30507,32,5
30508,3,4
30509,142,18
30510,0,3
30511,19,6
30512,19,6
30513,142,15
30514,9,3
30515,60,11
30516,17,7
30517,110,13
30518,78,12
30519,0,3
30520,0,3
30521,329,12
30522,0,3
30523,1,3
30524,0,3
30525,4,3
30526,0,3
30527,0,3
30528,47,8
30529,76,14
30530,81,13
30531,82,12
30532,91,9
30533,0,3
30534,80,9
30535,99,7
30536,0,3
30537,47,9
30538,0,3
30539,0,3
30540,0,3
30541,98,13
30542,113,15
30543,4,4
30544,0,3
30545,103,12
30546,151,14
30547,18,4
30548,101,13
30549,31,6
30550,99,8
30551,55,11
30552,55,6
30553,36,7
30554,71,10
30555,46,9
30556,202,20
30557,0,3
30558,0,3
30559,0,3
30560,0,3
30561,71,14
30562,0,3
30563,0,3
30564,68,12
30565,81,9
30566,77,4
30567,140,14
30568,75,10
30569,101,9
30570,41,6
30571,85,12
30572,51,8
30573,65,9
30574,0,3
30575,143,15
30576,82,13
30577,0,3
30578,118,13
30579,0,3
30580,0,3
30581,37,9
30582,80,11
30583,0,3
30584,95,11
30585,0,3
30586,86,11
30587,0,3
30588,85,12
30589,121,14
30590,0,3
30591,129,18
30592,196,18
30593,15,5
30594,0,3
30595,197,21
30596,25,8
30597,100,18
30598,59,12
30599,0,3
30600,5,3
30601,0,3
30602,74,9
30603,57,12
30604,0,3
30605,0,3
30606,77,11
30607,64,9
30608,82,12
30609,0,3
30610,0,3
30611,0,3
30612,238,27
30613,84,11
30614,0,3
30615,17,6
30616,185,15
30617,30,7
30618,70,12
30619,87,12
30620,76,13
30621,0,3
30622,106,16
30623,0,3
30624,150,15
30625,0,3
30626,58,13
30627,67,14
30628,84,15
30629,28,6
30630,227,13
30631,58,10
30632,32,6
30633,0,3
30634,202,20
30635,63,9
30636,0,3
30637,20,6
30638,157,19
30639,0,3
30640,0,3
30641,97,11
30642,0,3
30643,72,12
30644,0,3
30645,0,3
30646,108,12
30647,0,3
30648,183,16
30649,62,10
30650,74,10
30651,109,13
30652,0,3
30653,0,3
30654,129,18
30655,140,19
30656,56,12
30657,70,10
30658,181,15
30659,54,13
30660,16,4
30661,63,11
30662,0,3
30663,27,8
30664,46,6
30665,102,12
30666,117,14
30667,0,3
30668,90,10
30669,0,3
30670,61,10
30671,0,3
30672,16,6
30673,23,6
30674,0,3
30675,76,11
30676,0,3
30677,100,13
30678,49,5
30679,0,3
30680,115,13
30681,41,9
30682,120,13
30683,0,3
30684,87,13
30685,0,3
30686,0,3
30687,90,13
30688,80,11
30689,0,3
30690,27,8
30691,0,3
30692,39,7
30693,90,12
30694,0,3
30695,0,3
30696,0,3
30697,132,18
30698,35,10
30699,173,18
30700,0,3
30701,51,8
30702,0,3
30703,29,5
30704,68,13
30705,274,12
30706,34,8
30707,0,3
30708,109,13
30709,74,11
30710,107,12
30711,0,3
30712,63,14
30713,125,17
30714,155,21
30715,94,11
30716,128,16
30717,22,6
30718,97,13
30719,0,3
30720,0,3
30721,63,9
30722,11,3
30723,22,4
30724,0,3
30725,63,12
30726,47,7
30727,52,8
30728,0,3
30729,0,3
30730,80,11
30731,1,3
30732,26,4
30733,0,3
30734,69,13
30735,30,7
30736,59,11
30737,27,4
30738,51,10
30739,38,7
30740,55,7
30741,96,14
30742,172,15
30743,1,3
30744,0,3
30745,121,12
30746,100,10
30747,0,3
30748,0,3
30749,47,10
30750,0,3
30751,0,3
30752,0,3
30753,94,17
30754,172,20
30755,29,5
30756,446,17
30757,26,9
30758,0,3
30759,75,13
30760,87,15
30761,58,9
30762,82,12
30763,0,3
30764,0,3
30765,142,13
30766,63,11
30767,15,6
30768,0,3
30769,57,11
30770,21,6
30771,133,12
30772,60,8
30773,10,3
30774,0,3
30775,135,12
30776,8,4
30777,0,3
30778,40,7
30779,58,11
30780,0,3
30781,57,10
30782,0,3
30783,67,11
30784,0,3
30785,0,3
30786,0,3
30787,86,9
30788,56,10
30789,14,6
30790,70,11
30791,0,3
30792,109,5
30793,56,8
30794,5,3
30795,102,14
30796,85,14
30797,0,3
30798,122,14
30799,140,14
30800,74,10
30801,24,5
30802,0,3
30803,53,14
30804,0,3
30805,110,17
30806,0,3
30807,61,12
30808,48,8
30809,100,11
30810,113,14
30811,109,14
30812,0,3
30813,62,9
30814,153,20
30815,0,3
30816,90,11
30817,68,14
30818,55,8
30819,0,3
30820,181,23
30821,0,3
30822,129,14
30823,0,3
30824,55,11
30825,62,9
30826,0,3
30827,0,3
30828,61,11
30829,92,11
30830,0,3
30831,37,7
30832,54,6
30833,119,14
30834,0,3
30835,72,10
30836,0,3
30837,68,12
30838,0,3
30839,58,11
30840,142,4
30841,55,8
30842,0,3
30843,74,13
30844,59,10
30845,16,5
30846,0,3
30847,0,3
30848,40,4
30849,18,6
30850,28,8
30851,31,7
30852,251,9
30853,0,3
30854,15,3
30855,39,8
30856,7,4
30857,31,8
30858,127,17
30859,70,12
30860,0,3
30861,0,3
30862,0,3
30863,0,3
30864,0,3
30865,25,8
30866,0,3
30867,61,12
30868,51,11
30869,0,3
30870,24,5
30871,71,11
30872,93,12
30873,70,8
30874,0,3
30875,58,11
30876,0,3
30877,140,18
30878,0,3
30879,34,7
30880,0,3
30881,0,3
30882,43,8
30883,0,3
30884,0,3
30885,106,10
30886,104,15
30887,96,7
30888,62,9
30889,162,19
30890,0,3
30891,121,13
30892,87,11
30893,22,6
30894,20,5
30895,88,11
30896,10,5
30897,133,15
30898,18,6
30899,89,10
30900,137,13
30901,0,3
30902,0,3
30903,54,10
30904,0,3
30905,38,10
30906,0,3
30907,97,16
30908,0,3
30909,0,3
30910,32,9
30911,152,13
30912,0,3
30913,134,11
30914,49,4
30915,99,10
30916,0,3
30917,94,10
30918,0,3
30919,59,10
30920,61,11
30921,74,12
30922,0,3
30923,133,17
30924,0,3
30925,22,5
30926,149,19
30927,153,11
30928,0,3
30929,51,12
30930,167,16
30931,70,10
30932,52,11
30933,0,3
30934,0,3
30935,2,4
30936,86,11
30937,91,12
30938,137,16
30939,60,9
30940,21,6
30941,0,3
30942,11,4
30943,65,9
30944,82,12
30945,104,11
30946,67,10
30947,72,11
30948,0,3
30949,6,3
30950,84,11
30951,0,3
30952,68,12
30953,0,3
30954,0,3
30955,110,15
30956,0,3
30957,0,3
30958,21,6
30959,13,6
30960,1,3
30961,137,14
30962,0,3
30963,177,11
30964,0,3
30965,70,9
30966,102,10
30967,0,3
30968,100,15
30969,125,12
30970,11,4
30971,45,6
30972,680,9
30973,0,3
30974,78,11
30975,130,17
30976,52,11
30977,148,16
30978,74,13
30979,0,3
30980,66,10
30981,91,10
30982,69,11
30983,60,14
30984,74,15
30985,0,3
30986,0,3
30987,90,11
30988,0,3
30989,95,15
30990,39,8
30991,0,3
30992,12,5
30993,0,3
30994,29,7
30995,0,3
30996,58,12
30997,0,3
30998,101,12
30999,0,3
31000,81,13
31001,0,3
31002,65,11
31003,41,5
31004,0,3
31005,0,3
31006,72,14
31007,65,11
31008,87,12
31009,135,17
31010,59,9
31011,0,3
31012,5,3
31013,102,15
31014,0,3
31015,0,3
31016,138,19
31017,112,15
31018,0,3
31019,156,12
31020,58,12
31021,0,3
31022,71,12
31023,0,3
31024,106,15
31025,169,22
31026,60,10
31027,0,3
31028,0,3
31029,96,11
31030,103,14
31031,0,3
31032,0,3
31033,0,3
31034,0,3
31035,49,10
31036,72,13
31037,0,3
31038,0,3
31039,101,14
31040,87,12
31041,0,3
31042,0,3
31043,92,10
31044,157,10
31045,20,5
31046,0,3
31047,0,3
31048,11,3
31049,42,9
31050,0,3
31051,0,3
31052,78,11
31053,0,3
31054,0,3
31055,117,16
31056,165,17
31057,0,3
31058,52,12
31059,62,9
31060,42,8
31061,81,12
31062,0,3
31063,82,7
31064,81,12
31065,24,6
31066,0,3
31067,30,7
31068,0,3
31069,64,12
31070,80,10
31071,0,3
31072,0,3
31073,147,11
31074,0,3
31075,0,3
31076,421,12
31077,37,5
31078,54,11
31079,19,5
31080,0,3
31081,0,3
31082,66,9
31083,0,3
31084,61,9
31085,118,14
31086,112,20
31087,0,3
31088,0,3
31089,42,10
31090,79,12
31091,77,11
31092,146,7
31093,37,10
31094,0,3
31095,52,10
31096,0,3
31097,125,15
31098,0,3
31099,0,3
31100,34,8
31101,45,9
31102,114,15
31103,0,3
31104,100,11
31105,89,13
31106,0,3
31107,133,20
31108,0,3
31109,0,3
31110,63,12
31111,0,3
31112,0,3
31113,0,3
31114,93,12
31115,0,3
31116,0,3
31117,164,17
31118,64,8
31119,226,13
31120,0,3
31121,54,8
31122,43,9
31123,0,3
31124,0,3
31125,67,9
31126,0,3
31127,72,14
31128,79,12
31129,0,3
31130,55,7
31131,58,9
31132,0,3
31133,34,9
31134,45,11
31135,81,9
31136,0,3
31137,44,8
31138,98,11
31139,77,9
31140,0,3
31141,6,3
31142,0,3
31143,133,17
31144,222,12
31145,0,3
31146,100,12
31147,0,3
31148,97,12
31149,131,14
31150,0,3
31151,0,3
31152,45,8
31153,0,3
31154,145,17
31155,0,3
31156,46,9
31157,50,9
31158,0,3
31159,50,8
31160,0,3
31161,83,14
31162,37,11
31163,0,3
31164,62,12
31165,55,12
31166,36,8
31167,85,9
31168,65,8
31169,0,3
31170,91,15
31171,71,13
31172,0,3
31173,24,6
31174,75,16
31175,75,9
31176,195,9
31177,27,8
31178,79,11
31179,127,16
31180,62,9
31181,50,10
31182,86,12
31183,0,3
31184,26,8
31185,98,14
31186,117,15
31187,82,13
31188,71,8
31189,2,3
31190,80,11
31191,56,11
31192,0,3
31193,106,16
31194,87,8
31195,70,10
31196,71,14
31197,0,3
31198,93,15
31199,105,13
31200,0,3
31201,0,3
31202,68,10
31203,25,5
31204,89,11
31205,0,3
31206,0,3
31207,0,3
31208,46,9
31209,29,7
31210,76,10
31211,98,13
31212,28,7
31213,39,6
31214,62,9
31215,0,3
31216,121,16
31217,0,3
31218,37,8
31219,76,14
31220,314,10
31221,78,10
31222,269,4
31223,37,8
31224,0,3
31225,0,3
31226,157,13
31227,0,3
31228,0,3
31229,0,3
31230,64,11
31231,5,4
31232,76,13
31233,171,18
31234,0,3
31235,134,13
31236,96,13
31237,72,9
31238,0,3
31239,0,3
31240,0,3
31241,0,3
31242,394,16
31243,0,3
31244,0,3
31245,791,13
31246,74,13
31247,178,17
31248,44,10
31249,73,11
31250,0,3
31251,73,11
31252,17,5
31253,0,3
31254,0,3
31255,908,6
31256,36,9
31257,160,14
31258,55,8
31259,161,16
31260,114,16
31261,0,3
31262,18,5
31263,0,3
31264,36,5
31265,0,3
31266,90,15
31267,0,3
31268,0,3
31269,157,17
31270,0,3
31271,22,7
31272,0,3
31273,100,11
31274,25,6
31275,137,16
31276,0,3
31277,59,8
31278,0,3
31279,61,12
31280,0,3
31281,0,3
31282,0,3
31283,11,3
31284,59,9
31285,127,9
31286,332,6
31287,64,11
31288,180,18
31289,104,19
31290,0,3
31291,0,3
31292,0,3
31293,0,3
31294,117,12
31295,4,3
31296,84,11
31297,105,13
31298,0,3
31299,62,14
31300,58,8
31301,82,11
31302,26,7
31303,0,3
31304,0,3
31305,74,12
31306,45,8
31307,88,12
31308,60,12
31309,164,17
31310,97,14
31311,0,3
31312,0,3
31313,23,5
31314,0,3
31315,0,3
31316,90,14
31317,172,14
31318,59,8
31319,0,3
31320,61,12
31321,190,18
31322,102,11
31323,26,6
31324,111,18
31325,41,8
31326,103,10
31327,49,9
31328,0,3
31329,0,3
31330,18,6
31331,0,3
31332,0,3
31333,91,11
31334,79,9
31335,2,3
31336,134,14
31337,117,11
31338,26,6
31339,0,3
31340,124,12
31341,43,8
31342,104,12
31343,29,5
31344,88,15
31345,100,10
31346,13,4
31347,35,8
31348,0,3
31349,41,9
31350,75,10
31351,149,16
31352,46,9
31353,4,3
31354,87,14
31355,89,11
31356,0,3
31357,45,9
31358,0,3
31359,72,16
31360,76,10
31361,72,14
31362,1,3
31363,0,3
31364,62,9
31365,0,3
31366,0,3
31367,0,3
31368,94,15
31369,58,11
31370,90,8
31371,33,10
31372,176,19
31373,119,10
31374,0,3
31375,0,3
31376,98,11
31377,18,6
31378,73,10
31379,66,12
31380,13,4
31381,162,16
31382,45,10
31383,42,10
31384,59,10
31385,0,3
31386,53,9
31387,0,3
31388,0,3
31389,82,14
31390,37,8
31391,0,3
31392,1,3
31393,40,5
31394,0,3
31395,368,10
31396,228,13
31397,0,3
31398,94,11
31399,70,9
31400,28,5
31401,98,13
31402,0,3
31403,0,3
31404,122,14
31405,70,10
31406,119,21
31407,15,4
31408,0,3
31409,0,3
31410,22,6
31411,238,5
31412,140,17
31413,133,16
31414,160,15
31415,0,3
31416,0,3
31417,9,4
31418,40,7
31419,84,11
31420,72,9
31421,22,6
31422,0,3
31423,58,8
31424,88,12
31425,68,11
31426,0,3
31427,109,8
31428,53,11
31429,0,3
31430,93,13
31431,27,5
31432,0,3
31433,336,15
31434,25,7
31435,10,3
31436,62,6
31437,57,13
31438,76,8
31439,0,3
31440,0,3
31441,58,11
31442,82,11
31443,17,5
31444,0,3
31445,0,3
31446,81,6
31447,47,9
31448,41,10
31449,112,16
31450,33,7
31451,0,3
31452,97,14
31453,107,14
31454,91,10
31455,41,8
31456,151,15
31457,87,13
31458,0,3
31459,83,12
31460,367,5
31461,65,12
31462,0,3
31463,0,3
31464,70,9
31465,117,11
31466,0,3
31467,85,15
31468,0,3
31469,0,3
31470,33,9
31471,44,7
31472,84,14
31473,39,9
31474,132,13
31475,62,10
31476,0,3
31477,328,13
31478,95,17
31479,195,10
31480,25,4
31481,68,9
31482,0,3
31483,141,11
31484,0,3
31485,54,9
31486,0,3
31487,0,3
31488,114,14
31489,189,12
31490,77,11
31491,95,12
31492,0,3
31493,100,12
31494,58,10
31495,0,3
31496,38,8
31497,39,10
31498,70,8
31499,0,3
31500,0,3
31501,60,11
31502,80,11
31503,89,12
31504,71,11
31505,53,7
31506,102,13
31507,56,10
31508,0,3
31509,0,3
31510,0,3
31511,159,13
31512,125,15
31513,0,3
31514,96,15
31515,0,3
31516,0,3
31517,96,15
31518,15,6
31519,63,10
31520,86,12
31521,1,3
31522,136,15
31523,72,11
31524,0,3
31525,0,3
31526,0,3
31527,0,3
31528,0,3
31529,78,15
31530,144,16
31531,129,18
31532,129,16
31533,95,10
31534,405,18
31535,0,3
31536,0,3
31537,162,15
31538,34,6
31539,18,5
31540,24,5
31541,0,3
31542,0,3
31543,17,5
31544,40,8
31545,0,3
31546,72,15
31547,52,7
31548,101,11
31549,163,13
31550,68,11
31551,71,10
31552,51,8
31553,24,3
31554,0,3
31555,75,11
31556,32,7
31557,37,6
31558,0,3
31559,50,7
31560,0,3
31561,74,14
31562,52,9
31563,105,10
31564,0,3
31565,0,3
31566,2,3
31567,63,8
31568,103,14
31569,85,11
31570,34,9
31571,146,17
31572,75,13
31573,55,11
31574,111,10
31575,88,8
31576,32,6
31577,0,3
31578,126,11
31579,0,3
31580,11,5
31581,61,10
31582,0,3
31583,79,11
31584,0,3
31585,78,11
31586,93,12
31587,155,11
31588,0,3
31589,0,3
31590,0,3
31591,278,16
31592,45,8
31593,81,11
31594,32,8
31595,103,14
31596,0,3
31597,51,8
31598,0,3
31599,367,8
31600,79,11
31601,121,14
31602,112,16
31603,125,3
31604,110,13
31605,0,3
31606,0,3
31607,108,14
31608,53,9
31609,3,3
31610,69,11
31611,67,13
31612,0,3
31613,75,14
31614,68,10
31615,25,7
31616,67,10
31617,78,14
31618,62,10
31619,21,5
31620,0,3
31621,62,8
31622,160,17
31623,0,3
31624,343,7
31625,107,13
31626,0,3
31627,247,9
31628,0,3
31629,0,3
31630,102,9
31631,0,3
31632,0,3
31633,46,9
31634,167,15
31635,0,3
31636,5,5
31637,40,7
31638,130,17
31639,21,4
31640,95,12
31641,11,5
31642,134,13
31643,99,14
31644,119,15
31645,155,11
31646,35,8
31647,86,14
31648,129,14
31649,84,14
31650,97,11
31651,0,3
31652,197,6
31653,62,8
31654,0,3
31655,96,13
31656,130,18
31657,0,3
31658,101,16
31659,0,3
31660,64,10
31661,25,5
31662,91,12
31663,0,3
31664,38,7
31665,66,8
31666,27,4
31667,18,5
31668,155,17
31669,41,5
31670,66,8
31671,125,15
31672,19,6
31673,0,3
31674,140,16
31675,78,13
31676,0,3
31677,0,3
31678,0,3
31679,0,3
31680,89,12
31681,143,16
31682,51,9
31683,0,3
31684,99,14
31685,162,17
31686,30,7
31687,0,3
31688,55,9
31689,101,11
31690,0,3
31691,63,9
31692,149,18
31693,55,8
31694,0,3
31695,70,12
31696,0,3
31697,0,3
31698,0,3
31699,15,6
31700,319,10
31701,0,3
31702,0,3
31703,0,3
31704,92,15
31705,139,20
31706,0,3
31707,0,3
31708,0,3
31709,0,3
31710,53,8
31711,98,10
31712,0,3
31713,46,8
31714,0,3
31715,27,8
31716,175,12
31717,88,11
31718,2,3
31719,93,10
31720,47,9
31721,67,14
31722,36,6
31723,11,4
31724,60,10
31725,0,3
31726,103,17
31727,53,11
31728,108,14
31729,101,14
31730,61,11
31731,84,12
31732,44,9
31733,0,3
31734,66,14
31735,97,11
31736,105,16
31737,162,16
31738,549,14
31739,0,3
31740,174,17
31741,20,6
31742,0,3
31743,0,3
31744,0,3
31745,0,3
31746,26,5
31747,0,3
31748,37,6
31749,56,12
31750,78,12
31751,2,3
31752,0,3
31753,0,3
31754,129,14
31755,72,16
31756,163,15
31757,0,3
31758,0,3
31759,90,12
31760,198,14
31761,35,7
31762,0,3
31763,0,3
31764,0,3
31765,54,10
31766,99,9
31767,98,9
31768,0,3
31769,117,13
31770,0,3
31771,68,6
31772,79,11
31773,109,14
31774,117,11
31775,25,6
31776,8,3
31777,0,3
31778,48,9
31779,89,16
31780,64,10
31781,84,13
31782,2,3
31783,75,13
31784,0,3
31785,0,3
31786,24,5
31787,0,3
31788,77,5
31789,0,3
31790,0,3
31791,0,3
31792,119,3
31793,0,3
31794,68,11
31795,91,11
31796,75,14
31797,0,3
31798,40,8
31799,35,5
31800,25,6
31801,176,10
31802,0,3
31803,0,3
31804,101,14
31805,52,10
31806,0,3
31807,74,12
31808,0,3
31809,125,11
31810,90,12
31811,0,3
31812,85,13
31813,31,6
31814,0,3
31815,77,8
31816,159,20
31817,65,11
31818,50,7
31819,12,5
31820,4,4
31821,53,8
31822,0,3
31823,49,8
31824,56,9
31825,0,3
31826,141,14
31827,105,15
31828,85,17
31829,76,9
31830,0,3
31831,26,7
31832,1,3
31833,1,3
31834,73,13
31835,0,3
31836,67,9
31837,0,3
31838,102,14
31839,51,9
31840,0,3
31841,101,11
31842,189,22
31843,0,3
31844,34,10
31845,88,13
31846,0,3
31847,0,3
31848,0,3
31849,95,14
31850,41,8
31851,104,14
31852,75,12
31853,0,3
31854,68,13
31855,0,3
31856,228,5
31857,126,7
31858,0,3
31859,0,3
31860,14,4
31861,0,3
31862,61,4
31863,0,3
31864,16,6
31865,0,3
31866,4,3
31867,0,3
31868,403,15
31869,53,14
31870,0,3
31871,38,7
31872,71,11
31873,0,3
31874,0,3
31875,85,15
31876,0,3
31877,67,12
31878,229,11
31879,0,3
31880,1,3
31881,154,15
31882,0,3
31883,78,12
31884,18,7
31885,0,3
31886,127,12
31887,74,12
31888,28,7
31889,0,3
31890,0,3
31891,478,11
31892,220,10
31893,0,3
31894,81,12
31895,60,7
31896,50,9
31897,33,7
31898,79,13
31899,0,3
31900,63,12
31901,0,3
31902,66,14
31903,111,9
31904,81,11
31905,0,3
31906,84,12
31907,0,3
31908,97,10
31909,0,3
31910,0,3
31911,85,18
31912,108,14
31913,0,3
31914,0,3
31915,122,14
31916,509,7
31917,24,6
31918,0,3
31919,0,3
31920,38,8
31921,0,3
31922,0,3
31923,77,13
31924,64,10
31925,0,3
31926,16,6
31927,0,3
31928,0,3
31929,107,13
31930,81,12
31931,31,8
31932,48,11
31933,0,3
31934,100,9
31935,55,10
31936,0,3
31937,0,3
31938,8,3
31939,0,3
31940,84,10
31941,146,12
31942,164,9
31943,60,9
31944,0,3
31945,127,18
31946,61,12
31947,96,10
31948,0,3
31949,0,3
31950,139,13
31951,0,3
31952,89,7
31953,139,15
31954,38,11
31955,104,16
31956,0,3
31957,114,17
31958,132,13
31959,122,14
31960,34,8
31961,69,15
31962,83,15
31963,0,3
31964,111,11
31965,117,10
31966,34,3
31967,296,9
31968,17,7
31969,95,11
31970,0,3
31971,0,3
31972,52,6
31973,15,5
31974,90,13
31975,0,3
31976,0,3
31977,0,3
31978,0,3
31979,2,4
31980,36,7
31981,0,3
31982,0,3
31983,0,3
31984,215,10
31985,22,6
31986,160,13
31987,94,13
31988,133,16
31989,0,3
31990,0,3
31991,0,3
31992,121,15
31993,0,3
31994,112,15
31995,0,3
31996,0,3
31997,48,12
31998,51,11
31999,32,7
32000,34,4
32001,118,14
32002,68,9
32003,66,12
32004,0,3
32005,17,6
32006,49,10
32007,41,8
32008,87,8
32009,68,13
32010,16,3
32011,0,3
32012,48,9
32013,73,13
32014,61,9
32015,0,3
32016,0,3
32017,121,14
32018,133,12
32019,40,9
32020,0,3
32021,35,8
32022,138,14
32023,90,11
32024,0,3
32025,126,16
32026,153,16
32027,154,13
32028,66,10
32029,64,10
32030,95,15
32031,2,3
32032,0,3
32033,0,3
32034,90,14
32035,40,7
32036,112,12
32037,83,14
32038,23,5
32039,0,3
32040,100,11
32041,167,9
32042,28,6
32043,35,6
32044,0,3
32045,41,9
32046,111,15
32047,96,14
32048,0,3
32049,281,6
32050,215,19
32051,43,9
32052,0,3
32053,73,6
32054,37,11
32055,0,3
32056,0,3
32057,0,3
32058,62,11
32059,0,3
32060,125,13
32061,0,3
32062,0,3
32063,20,7
32064,0,3
32065,134,14
32066,111,17
32067,0,3
32068,63,12
32069,45,7
32070,165,12
32071,0,3
32072,0,3
32073,105,15
32074,55,11
32075,31,5
32076,0,3
32077,89,14
32078,0,3
32079,24,5
32080,0,3
32081,0,3
32082,1,3
32083,0,3
32084,14,4
32085,0,3
32086,95,13
32087,0,3
32088,108,15
32089,128,14
32090,73,6
32091,147,7
32092,16,4
32093,101,7
32094,62,8
32095,36,6
32096,0,3
32097,0,3
32098,49,11
32099,6,3
32100,0,3
32101,46,7
32102,105,19
32103,0,3
32104,46,7
32105,83,9
32106,62,9
32107,75,10
32108,0,3
32109,207,22
32110,12,5
32111,186,17
32112,63,11
32113,132,17
32114,99,16
32115,126,13
32116,134,17
32117,103,13
32118,106,14
32119,147,14
32120,128,4
32121,0,3
32122,45,9
32123,47,11
32124,0,3
32125,118,16
32126,92,11
32127,92,14
32128,0,3
32129,180,8
32130,30,6
32131,22,6
32132,0,3
32133,113,11
32134,145,13
32135,106,12
32136,83,13
32137,29,6
32138,0,3
32139,44,10
32140,303,15
32141,49,8
32142,0,3
32143,124,18
32144,0,3
32145,46,11
32146,0,3
32147,276,20
32148,81,13
32149,0,3
32150,332,8
32151,70,10
32152,153,11
32153,0,3
32154,46,8
32155,0,3
32156,99,13
32157,0,3
32158,68,13
32159,0,3
32160,92,13
32161,80,12
32162,22,8
32163,0,3
32164,0,3
32165,61,10
32166,0,3
32167,0,3
32168,0,3
32169,1000,3
32170,83,12
32171,133,17
32172,75,11
32173,0,3
32174,0,3
32175,0,3
32176,100,17
32177,56,14
32178,94,11
32179,47,12
32180,72,3
32181,33,7
32182,41,8
32183,122,13
32184,0,3
32185,0,3
32186,112,14
32187,53,10
32188,85,10
32189,119,16
32190,20,6
32191,0,3
32192,135,15
32193,110,15
32194,32,5
32195,0,3
32196,27,6
32197,119,17
32198,0,3
32199,0,3
32200,0,3
32201,37,11
32202,0,3
32203,0,3
32204,0,3
32205,56,9
32206,100,9
32207,62,13
32208,0,3
32209,0,3
32210,53,8
32211,0,3
32212,0,3
32213,78,15
32214,46,11
32215,100,11
32216,0,3
32217,0,3
32218,0,3
32219,0,3
32220,85,12
32221,87,12
32222,106,13
32223,0,3
32224,0,3
32225,65,10
32226,0,3
32227,54,11
32228,124,13
32229,65,11
32230,0,3
32231,270,13
32232,89,12
32233,0,3
32234,72,13
32235,0,3
32236,89,14
32237,0,3
32238,150,13
32239,8,3
32240,0,3
32241,61,8
32242,135,20
32243,60,8
32244,0,3
32245,62,10
32246,73,9
32247,51,8
32248,27,4
32249,0,3
32250,316,12
32251,123,9
32252,207,11
32253,0,3
32254,101,16
32255,0,3
32256,25,8
32257,7,4
32258,117,14
32259,76,6
32260,23,7
32261,47,8
32262,22,5
32263,54,9
32264,70,12
32265,52,11
32266,0,3
32267,321,8
32268,0,3
32269,22,6
32270,68,8
32271,0,3
32272,204,10
32273,53,8
32274,108,14
32275,20,5
32276,17,4
32277,51,7
32278,117,15
32279,65,12
32280,113,16
32281,0,3
32282,0,3
32283,168,18
32284,6,3
32285,0,3
32286,39,9
32287,84,12
32288,93,13
32289,26,5
32290,6,3
32291,92,12
32292,67,10
32293,28,10
32294,79,12
32295,193,19
32296,98,11
32297,211,15
32298,11,6
32299,72,11
32300,91,14
32301,0,3
32302,40,9
32303,0,3
32304,0,3
32305,82,10
32306,59,9
32307,77,10
32308,223,17
32309,0,3
32310,129,13
32311,68,11
32312,0,3
32313,110,12
32314,100,9
32315,75,10
32316,0,3
32317,0,3
32318,106,9
32319,0,3
32320,92,16
32321,109,19
32322,139,18
32323,0,3
32324,108,11
32325,179,13
32326,176,10
32327,66,15
32328,116,12
32329,19,5
32330,58,7
32331,0,3
32332,56,11
32333,15,5
32334,0,3
32335,153,17
32336,34,7
32337,72,12
32338,0,3
32339,0,3
32340,53,11
32341,80,8
32342,1,3
32343,94,12
32344,28,6
32345,73,13
32346,120,9
32347,0,3
32348,109,11
32349,0,3
32350,249,16
32351,130,15
32352,112,12
32353,87,13
32354,0,3
32355,47,11
32356,0,3
32357,0,3
32358,0,3
32359,0,3
32360,71,9
32361,0,3
32362,74,10
32363,0,3
32364,0,3
32365,0,3
32366,46,9
32367,20,6
32368,30,6
32369,475,11
32370,0,3
32371,79,11
32372,122,12
32373,56,9
32374,56,11
32375,0,3
32376,54,12
32377,0,3
32378,57,8
32379,34,6
32380,49,12
32381,88,14
32382,267,11
32383,45,11
32384,0,3
32385,141,16
32386,0,3
32387,0,3
32388,45,7
32389,62,10
32390,30,7
32391,129,13
32392,0,3
32393,11,4
32394,35,7
32395,0,3
32396,33,6
32397,9,5
32398,150,18
32399,128,14
32400,64,7
32401,132,11
32402,99,12
32403,20,5
32404,158,20
32405,0,3
32406,113,16
32407,0,3
32408,140,21
32409,89,12
32410,58,10
32411,0,3
32412,113,20
32413,90,15
32414,0,3
32415,0,3
32416,39,7
32417,1,3
32418,56,14
32419,0,3
32420,73,13
32421,101,12
32422,78,8
32423,0,3
32424,330,23
32425,0,3
32426,28,5
32427,0,3
32428,97,10
32429,0,3
32430,0,3
32431,297,13
32432,112,16
32433,0,3
32434,0,3
32435,117,11
32436,101,13
32437,53,10
32438,18,6
32439,0,3
32440,0,3
32441,47,11
32442,158,12
32443,20,5
32444,23,6
32445,54,10
32446,0,3
32447,0,3
32448,0,3
32449,0,3
32450,44,9
32451,48,8
32452,112,11
32453,42,6
32454,71,13
32455,1000,5
32456,0,3
32457,28,6
32458,39,9
32459,129,18
32460,18,7
32461,70,15
32462,47,10
32463,0,3
32464,62,9
32465,0,3
32466,41,9
32467,0,3
32468,0,3
32469,40,9
32470,25,7
32471,87,14
32472,51,11
32473,64,13
32474,133,9
32475,0,3
32476,0,3
32477,30,8
32478,129,16
32479,89,12
32480,0,3
32481,0,3
32482,162,16
32483,0,3
32484,111,13
32485,0,3
32486,102,9
32487,0,3
32488,0,3
32489,0,3
32490,59,10
32491,0,3
32492,0,3
32493,75,10
32494,120,16
32495,103,11
32496,39,9
32497,0,3
32498,47,10
32499,0,3
32500,0,3
32501,172,16
32502,62,14
32503,66,9
32504,210,13
32505,83,13
32506,0,3
32507,301,13
32508,248,15
32509,44,7
32510,0,3
32511,0,3
32512,0,3
32513,0,3
32514,0,3
32515,0,3
32516,53,9
32517,0,3
32518,150,16
32519,0,3
32520,0,3
32521,58,8
32522,0,3
32523,166,16
32524,91,14
32525,29,6
32526,0,3
32527,100,14
32528,81,11
32529,60,11
32530,98,8
32531,1,3
32532,378,6
32533,39,7
32534,83,12
32535,41,9
32536,0,3
32537,61,10
32538,17,4
32539,28,6
32540,56,7
32541,64,9
32542,142,21
32543,2,3
32544,0,3
32545,95,14
32546,44,11
32547,0,3
32548,81,14
32549,0,3
32550,109,16
32551,43,10
32552,26,8
32553,86,12
32554,0,3
32555,2,3
32556,88,11
32557,144,14
32558,0,3
32559,293,18
32560,14,5
32561,70,9
32562,64,12
32563,52,9
32564,137,15
32565,0,3
32566,58,10
32567,23,6
32568,3,3
32569,0,3
32570,7,4
32571,66,14
32572,0,3
32573,74,9
32574,36,7
32575,189,20
32576,79,10
32577,106,15
32578,0,3
32579,57,13
32580,26,7
32581,0,3
32582,110,10
32583,27,7
32584,0,3
32585,0,3
32586,29,6
32587,131,16
32588,0,3
32589,48,8
32590,41,7
32591,0,3
32592,0,3
32593,62,10
32594,104,14
32595,98,12
32596,89,9
32597,47,10
32598,0,3
32599,80,18
32600,93,15
32601,23,7
32602,0,3
32603,40,8
32604,60,13
32605,139,18
32606,100,12
32607,169,13
32608,0,3
32609,0,3
32610,20,5
32611,5,4
32612,5,4
32613,49,14
32614,116,11
32615,26,6
32616,0,3
32617,43,6
32618,0,3
32619,0,3
32620,33,9
32621,62,12
32622,0,3
32623,139,15
32624,0,3
32625,90,14
32626,146,17
32627,56,9
32628,112,15
32629,0,3
32630,139,17
32631,0,3
32632,0,3
32633,99,12
32634,175,18
32635,155,14
32636,0,3
32637,136,14
32638,98,14
32639,68,14
32640,40,9
32641,0,3
32642,0,3
32643,0,3
32644,62,9
32645,49,6
32646,1,3
32647,0,3
32648,28,7
32649,0,3
32650,126,16
32651,130,13
32652,164,14
32653,0,3
32654,0,3
32655,0,3
32656,43,8
32657,4,3
32658,165,7
32659,104,14
32660,0,3
32661,91,15
32662,111,13
32663,104,16
32664,0,3
32665,0,3
32666,48,7
32667,0,3
32668,15,7
32669,15,5
32670,111,20
32671,103,14
32672,26,7
32673,0,3
32674,69,6
32675,75,11
32676,0,3
32677,20,5
32678,65,13
32679,141,18
32680,0,3
32681,0,3
32682,61,9
32683,0,3
32684,101,11
32685,0,3
32686,21,4
32687,0,3
32688,0,3
32689,71,9
32690,170,14
32691,0,3
32692,40,8
32693,4,3
32694,0,3
32695,0,3
32696,0,3
32697,310,6
32698,1,3
32699,167,10
32700,74,8
32701,0,3
32702,27,7
32703,0,3
32704,120,15
32705,116,14
32706,100,15
32707,6,4
32708,54,10
32709,136,14
32710,0,3
32711,206,11
32712,75,12
32713,0,3
32714,0,3
32715,87,13
32716,0,3
32717,0,3
32718,3,3
32719,26,6
32720,187,18
32721,0,3
32722,64,11
32723,0,3
32724,74,13
32725,139,16
32726,46,10
32727,0,3
32728,0,3
32729,23,4
32730,1,3
32731,69,11
32732,68,12
32733,56,10
32734,72,10
32735,32,7
32736,37,5
32737,45,8
32738,19,4
32739,15,5
32740,90,7
32741,0,3
32742,0,3
32743,155,20
32744,88,13
32745,37,5
32746,135,15
32747,43,8
32748,0,3
32749,35,7
32750,0,3
32751,148,17
32752,0,3
32753,0,3
32754,41,6
32755,0,3
32756,53,12
32757,77,12
32758,76,10
32759,119,16
32760,101,13
32761,98,13
32762,135,17
32763,95,14
32764,80,14
32765,97,11
32766,0,3
32767,92,12
32768,0,3
32769,0,3
32770,113,12
32771,0,3
32772,62,10
32773,39,10
32774,0,3
32775,0,3
32776,0,3
32777,0,3
32778,154,20
32779,64,8
32780,0,3
32781,36,8
32782,0,3
32783,84,12
32784,31,6
32785,70,9
32786,145,17
32787,66,10
32788,170,20
32789,57,8
32790,0,3
32791,110,15
32792,0,3
32793,0,3
32794,0,3
32795,88,11
32796,57,12
32797,53,8
32798,0,3
32799,0,3
32800,71,12
32801,0,3
32802,103,16
32803,0,3
32804,82,12
32805,136,19
32806,44,9
32807,0,3
32808,77,10
32809,93,14
32810,0,3
32811,0,3
32812,0,3
32813,102,9
32814,10,4
32815,103,15
32816,152,22
32817,106,13
32818,71,8
32819,0,3
32820,0,3
32821,127,18
32822,0,3
32823,86,14
32824,0,3
32825,77,12
32826,0,3
32827,105,19
32828,74,9
32829,65,10
32830,44,12
32831,0,3
32832,107,13
32833,126,14
32834,0,3
32835,116,10
32836,143,15
32837,96,13
32838,0,3
32839,72,9
32840,0,3
32841,0,3
32842,434,4
32843,120,15
32844,0,3
32845,31,5
32846,94,17
32847,0,3
32848,144,13
32849,124,15
32850,48,9
32851,109,18
32852,0,3
32853,0,3
32854,47,7
32855,94,13
32856,44,7
32857,171,16
32858,1,3
32859,76,11
32860,0,3
32861,118,15
32862,223,19
32863,86,16
32864,105,12
32865,82,14
32866,0,3
32867,60,11
32868,107,12
32869,83,13
32870,0,3
32871,0,3
32872,144,16
32873,0,3
32874,120,17
32875,141,15
32876,84,12
32877,0,3
32878,0,3
32879,44,9
32880,0,3
32881,0,3
32882,101,12
32883,123,13
32884,0,3
32885,52,10
32886,75,14
32887,26,6
32888,95,13
32889,0,3
32890,21,6
32891,5,4
32892,65,11
32893,45,11
32894,14,5
32895,0,3
32896,40,8
32897,54,7
32898,130,17
32899,30,6
32900,22,6
32901,0,3
32902,84,14
32903,5,4
32904,94,8
32905,39,6
32906,65,12
32907,0,3
32908,120,5
32909,225,14
32910,40,9
32911,79,5
32912,40,7
32913,393,4
32914,70,15
32915,73,14
32916,0,3
32917,65,9
32918,0,3
32919,15,4
32920,0,3
32921,102,14
32922,129,15
32923,0,3
32924,103,15
32925,227,20
32926,80,13
32927,152,17
32928,5,4
32929,153,10
32930,118,15
32931,0,3
32932,0,3
32933,114,14
32934,14,3
32935,0,3
32936,0,3
32937,56,12
32938,0,3
32939,0,3
32940,57,8
32941,94,14
32942,108,14
32943,0,3
32944,140,18
32945,0,3
32946,0,3
32947,92,12
32948,0,3
32949,0,3
32950,0,3
32951,39,9
32952,144,19
32953,100,12
32954,0,3
32955,78,11
32956,0,3
32957,0,3
32958,65,12
32959,0,3
32960,75,12
32961,0,3
32962,149,22
32963,3,3
32964,189,17
32965,241,15
32966,51,13
32967,0,3
32968,25,5
32969,21,5
32970,69,12
32971,175,14
32972,417,10
32973,0,3
32974,154,22
32975,0,3
32976,0,3
32977,70,13
32978,106,11
32979,77,13
32980,47,10
32981,0,3
32982,127,16
32983,0,3
32984,136,9
32985,250,18
32986,196,14
32987,125,14
32988,27,5
32989,195,12
32990,63,10
32991,43,9
32992,30,5
32993,145,17
32994,26,7
32995,195,12
32996,65,12
32997,0,3
32998,142,15
32999,0,3
33000,124,14
33001,87,11
33002,238,28
33003,0,3
33004,105,13
33005,0,3
33006,0,3
33007,84,11
33008,0,3
33009,0,3
33010,0,3
33011,0,3
33012,0,3
33013,94,10
33014,152,14
33015,99,14
33016,46,9
33017,115,10
33018,37,13
33019,53,10
33020,0,3
33021,61,9
33022,116,14
33023,340,3
33024,197,17
33025,268,5
33026,81,10
33027,0,3
33028,351,6
33029,0,3
33030,16,5
33031,204,10
33032,323,12
33033,44,8
33034,67,10
33035,0,3
33036,0,3
33037,22,5
33038,83,13
33039,0,3
33040,41,11
33041,118,19
33042,22,5
33043,2,3
33044,333,21
33045,41,6
33046,38,8
33047,43,9
33048,0,3
33049,0,3
33050,96,16
33051,77,11
33052,82,12
33053,78,16
33054,80,12
33055,93,13
33056,75,13
33057,108,13
33058,0,3
33059,0,3
33060,186,9
33061,39,9
33062,27,5
33063,124,14
33064,0,3
33065,0,3
33066,0,3
33067,64,10
33068,108,15
33069,68,12
33070,0,3
33071,212,16
33072,101,16
33073,70,18
33074,66,7
33075,197,18
33076,0,3
33077,136,16
33078,0,3
33079,0,3
33080,129,15
33081,0,3
33082,130,16
33083,89,15
33084,89,12
33085,137,18
33086,18,6
33087,32,8
33088,0,3
33089,120,14
33090,40,7
33091,0,3
33092,0,3
33093,64,9
33094,79,18
33095,111,14
33096,0,3
33097,55,11
33098,0,3
33099,0,3
33100,30,7
33101,523,11
33102,170,13
33103,67,11
33104,0,3
33105,36,11
33106,9,4
33107,137,13
33108,29,4
33109,50,10
33110,169,14
33111,141,15
33112,0,3
33113,59,8
33114,0,3
33115,4,3
33116,0,3
33117,0,3
33118,0,3
33119,0,3
33120,0,3
33121,64,11
33122,42,6
33123,91,15
33124,164,18
33125,0,3
33126,83,17
33127,44,5
33128,0,3
33129,0,3
33130,0,3
33131,0,3
33132,0,3
33133,0,3
33134,166,22
33135,60,12
33136,155,17
33137,148,15
33138,25,6
33139,42,9
33140,87,8
33141,140,21
33142,0,3
33143,39,7
33144,0,3
33145,68,10
33146,169,15
33147,6,5
33148,0,3
33149,0,3
33150,79,12
33151,142,10
33152,0,3
33153,153,21
33154,0,3
33155,169,19
33156,39,6
33157,0,3
33158,361,14
33159,17,6
33160,0,3
33161,44,9
33162,0,3
33163,0,3
33164,64,9
33165,101,13
33166,106,12
33167,0,3
33168,64,10
33169,0,3
33170,0,3
33171,14,5
33172,124,20
33173,116,18
33174,106,15
33175,0,3
33176,54,9
33177,136,14
33178,0,3
33179,185,19
33180,0,3
33181,129,15
33182,0,3
33183,162,20
33184,111,23
33185,111,9
33186,38,6
33187,0,3
33188,6,5
33189,69,8
33190,0,3
33191,42,4
33192,3,4
33193,0,3
33194,2,3
33195,34,6
33196,0,3
33197,146,15
33198,126,17
33199,0,3
33200,0,3
33201,94,11
33202,35,5
33203,77,11
33204,0,3
33205,70,12
33206,80,14
33207,121,14
33208,97,15
33209,0,3
33210,60,10
33211,0,3
33212,0,3
33213,0,3
33214,166,21
33215,57,7
33216,0,3
33217,48,13
33218,0,3
33219,61,9
33220,0,3
33221,0,3
33222,55,9
33223,0,3
33224,0,3
33225,0,3
33226,94,16
33227,0,3
33228,264,14
33229,112,18
33230,72,11
33231,0,3
33232,8,5
33233,55,12
33234,63,9
33235,83,15
33236,0,3
33237,76,10
33238,42,7
33239,0,3
33240,79,13
33241,0,3
33242,97,16
33243,41,10
33244,0,3
33245,0,3
33246,93,18
33247,0,3
33248,105,15
33249,69,13
33250,28,6
33251,0,3
33252,115,14
33253,144,15
33254,1000,10
33255,0,3
33256,18,4
33257,92,13
33258,111,15
33259,165,17
33260,102,17
33261,119,15
33262,0,3
33263,0,3
33264,110,11
33265,211,8
33266,82,12
33267,65,12
33268,0,3
33269,101,15
33270,51,9
33271,39,9
33272,114,18
33273,171,21
33274,64,7
33275,87,14
33276,0,3
33277,212,24
33278,0,3
33279,103,11
33280,162,11
33281,0,3
33282,120,22
33283,110,12
33284,0,3
33285,47,11
33286,0,3
33287,0,3
33288,0,3
33289,0,3
33290,0,3
33291,58,12
33292,0,3
33293,0,3
33294,55,12
33295,55,11
33296,351,14
33297,0,3
33298,34,7
33299,0,3
33300,55,7
33301,65,9
33302,0,3
33303,0,3
33304,0,3
33305,0,3
33306,120,14
33307,403,22
33308,61,9
33309,0,3
33310,199,19
33311,95,15
33312,0,3
33313,0,3
33314,0,3
33315,112,11
33316,58,11
33317,38,7
33318,85,13
33319,61,11
33320,0,3
33321,0,3
33322,43,7
33323,127,12
33324,28,6
33325,140,19
33326,105,16
33327,9,4
33328,113,14
33329,0,3
33330,97,10
33331,0,3
33332,0,3
33333,0,3
33334,162,17
33335,115,10
33336,108,15
33337,40,10
33338,253,9
33339,93,15
33340,0,3
33341,83,12
33342,158,21
33343,105,12
33344,0,3
33345,0,3
33346,0,3
33347,77,13
33348,171,17
33349,0,3
33350,90,13
33351,134,15
33352,0,3
33353,165,15
33354,0,3
33355,90,12
33356,0,3
33357,102,12
33358,91,14
33359,15,4
33360,32,8
33361,1,3
33362,0,3
33363,193,23
33364,124,10
33365,0,3
33366,22,8
33367,0,3
33368,0,3
33369,0,3
33370,0,3
33371,3,3
33372,0,3
33373,86,12
33374,83,12
33375,68,11
33376,0,3
33377,44,9
33378,75,15
33379,114,14
33380,0,3
33381,0,3
33382,358,15
33383,127,15
33384,67,5
33385,66,10
33386,34,6
33387,96,11
33388,64,11
33389,89,11
33390,0,3
33391,0,3
33392,65,11
33393,0,3
33394,16,5
33395,0,3
33396,0,3
33397,3,4
33398,91,16
33399,0,3
33400,33,8
33401,0,3
33402,0,3
33403,121,15
33404,0,3
33405,0,3
33406,51,9
33407,90,12
33408,0,3
33409,51,8
33410,71,13
33411,0,3
33412,96,12
33413,113,12
33414,101,16
33415,82,11
33416,0,3
33417,0,3
33418,151,19
33419,113,13
33420,135,12
33421,0,3
33422,50,13
33423,68,13
33424,108,15
33425,32,8
33426,201,20
33427,151,22
33428,0,3
33429,138,14
33430,38,8
33431,78,13
33432,0,3
33433,0,3
33434,0,3
33435,189,18
33436,0,3
33437,0,3
33438,0,3
33439,0,3
33440,11,7
33441,88,11
33442,32,6
33443,68,8
33444,124,17
33445,78,10
33446,215,16
33447,123,17
33448,92,15
33449,165,15
33450,63,13
33451,99,14
33452,86,14
33453,0,3
33454,74,15
33455,90,3
33456,0,3
33457,97,14
33458,29,8
33459,0,3
33460,0,3
33461,0,3
33462,48,10
33463,0,3
33464,173,15
33465,689,12
33466,0,3
33467,48,6
33468,0,3
33469,0,3
33470,0,3
33471,27,3
33472,0,3
33473,0,3
33474,85,11
33475,12,3
33476,111,6
33477,0,3
33478,0,3
33479,168,13
33480,23,6
33481,47,8
33482,217,11
33483,74,12
33484,74,13
33485,34,5
33486,0,3
33487,33,10
33488,8,3
33489,0,3
33490,137,12
33491,0,3
33492,152,16
33493,30,6
33494,148,15
33495,108,11
33496,0,3
33497,93,12
33498,86,10
33499,68,13
33500,48,8
33501,138,17
33502,0,3
33503,123,15
33504,172,18
33505,3,4
33506,0,3
33507,120,16
33508,0,3
33509,143,16
33510,210,16
33511,0,3
33512,0,3
33513,90,11
33514,122,17
33515,526,10
33516,32,10
33517,0,3
33518,0,3
33519,141,19
33520,0,3
33521,75,11
33522,145,13
33523,0,3
33524,116,16
33525,170,14
33526,90,16
33527,0,3
33528,131,14
33529,0,3
33530,23,5
33531,143,13
33532,0,3
33533,125,16
33534,91,13
33535,0,3
33536,80,12
33537,170,12
33538,0,3
33539,86,8
33540,0,3
33541,0,3
33542,6,3
33543,73,11
33544,0,3
33545,0,3
33546,0,3
33547,72,13
33548,0,3
33549,0,3
33550,133,16
33551,159,16
33552,40,7
33553,1,3
33554,110,19
33555,16,6
33556,0,3
33557,33,5
33558,94,15
33559,97,7
33560,38,6
33561,135,15
33562,0,3
33563,58,9
33564,26,6
33565,0,3
33566,2,3
33567,108,12
33568,146,15
33569,133,16
33570,7,3
33571,0,3
33572,70,11
33573,0,3
33574,199,18
33575,21,7
33576,7,4
33577,0,3
33578,77,11
33579,83,12
33580,98,12
33581,160,8
33582,0,3
33583,0,3
33584,65,10
33585,47,8
33586,0,3
33587,101,12
33588,0,3
33589,103,12
33590,0,3
33591,34,6
33592,99,13
33593,53,12
33594,0,3
33595,110,12
33596,104,11
33597,52,8
33598,0,3
33599,0,3
33600,70,11
33601,0,3
33602,102,15
33603,50,11
33604,0,3
33605,61,12
33606,92,16
33607,0,3
33608,0,3
33609,39,7
33610,8,4
33611,214,21
33612,76,10
33613,0,3
33614,44,9
33615,102,14
33616,512,5
33617,66,9
33618,0,3
33619,31,8
33620,48,11
33621,43,4
33622,40,8
33623,69,12
33624,0,3
33625,64,7
33626,122,16
33627,121,13
33628,31,5
33629,0,3
33630,96,14
33631,175,22
33632,2,3
33633,1,3
33634,0,3
33635,16,3
33636,175,16
33637,77,8
33638,0,3
33639,75,10
33640,74,14
33641,41,12
33642,62,11
33643,35,8
33644,96,12
33645,58,10
33646,30,7
33647,176,22
33648,0,3
33649,0,3
33650,0,3
33651,182,16
33652,27,5
33653,103,14
33654,0,3
33655,274,22
33656,72,10
33657,0,3
33658,0,3
33659,0,3
33660,84,12
33661,259,13
33662,0,3
33663,18,3
33664,0,3
33665,102,19
33666,0,3
33667,0,3
33668,0,3
33669,88,10
33670,132,14
33671,229,24
33672,53,9
33673,211,19
33674,22,5
33675,0,3
33676,5,3
33677,10,5
33678,0,3
33679,0,3
33680,0,3
33681,129,12
33682,132,14
33683,166,17
33684,22,7
33685,30,8
33686,74,16
33687,0,3
33688,109,13
33689,50,10
33690,0,3
33691,0,3
33692,0,3
33693,0,3
33694,115,15
33695,0,3
33696,0,3
33697,0,3
33698,0,3
33699,90,13
33700,51,8
33701,17,6
33702,134,15
33703,0,3
33704,52,6
33705,0,3
33706,196,17
33707,0,3
33708,74,13
33709,135,16
33710,0,3
33711,0,3
33712,190,18
33713,25,7
33714,86,12
33715,370,11
33716,71,9
33717,75,13
33718,108,14
33719,49,10
33720,0,3
33721,19,6
33722,92,12
33723,0,3
33724,0,3
33725,17,6
33726,202,19
33727,160,16
33728,30,8
33729,38,8
33730,0,3
33731,38,9
33732,0,3
33733,62,15
33734,0,3
33735,0,3
33736,79,13
33737,185,8
33738,0,3
33739,111,13
33740,0,3
33741,0,3
33742,0,3
33743,31,8
33744,0,3
33745,0,3
33746,59,9
33747,0,3
33748,0,3
33749,7,4
33750,116,5
33751,0,3
33752,30,6
33753,74,12
33754,0,3
33755,127,16
33756,90,12
33757,0,3
33758,123,15
33759,4,3
33760,52,10
33761,38,7
33762,69,8
33763,131,14
33764,0,3
33765,0,3
33766,116,14
33767,134,14
33768,0,3
33769,120,18
33770,32,5
33771,0,3
33772,151,19
33773,95,9
33774,89,11
33775,6,3
33776,61,8
33777,29,7
33778,99,8
33779,0,3
33780,73,4
33781,75,6
33782,0,3
33783,168,13
33784,71,12
33785,102,14
33786,97,13
33787,87,12
33788,36,11
33789,0,3
33790,106,13
33791,78,12
33792,0,3
33793,71,9
33794,121,7
33795,0,3
33796,0,3
33797,0,3
33798,89,14
33799,184,15
33800,103,13
33801,45,10
33802,205,23
33803,0,3
33804,99,11
33805,5,4
33806,0,3
33807,238,16
33808,0,3
33809,57,12
33810,0,3
33811,0,3
33812,85,14
33813,63,10
33814,24,7
33815,150,12
33816,14,4
33817,0,3
33818,106,7
33819,150,16
33820,29,6
33821,6,3
33822,78,10
33823,161,16
33824,0,3
33825,184,20
33826,104,9
33827,0,3
33828,47,7
33829,31,8
33830,49,9
33831,26,8
33832,0,3
33833,0,3
33834,87,13
33835,91,12
33836,0,3
33837,0,3
33838,193,20
33839,187,16
33840,0,3
33841,0,3
33842,74,14
33843,113,14
33844,131,18
33845,73,11
33846,0,3
33847,0,3
33848,98,10
33849,64,9
33850,0,3
33851,35,6
33852,47,10
33853,70,11
33854,100,14
33855,0,3
33856,147,14
33857,226,18
33858,0,3
33859,0,3
33860,26,5
33861,78,13
33862,151,21
33863,152,18
33864,141,19
33865,0,3
33866,0,3
33867,0,3
33868,110,16
33869,0,3
33870,108,16
33871,171,21
33872,0,3
33873,114,13
33874,29,5
33875,11,5
33876,0,3
33877,131,16
33878,0,3
33879,32,7
33880,52,10
33881,68,10
33882,0,3
33883,72,13
33884,0,3
33885,174,5
33886,0,3
33887,0,3
33888,152,17
33889,46,8
33890,69,13
33891,0,3
33892,159,20
33893,227,18
33894,0,3
33895,144,8
33896,174,18
33897,194,10
33898,67,8
33899,40,8
33900,52,10
33901,111,8
33902,7,4
33903,0,3
33904,0,3
33905,93,14
33906,130,17
33907,70,10
33908,57,15
33909,104,10
33910,0,3
33911,0,3
33912,27,6
33913,279,18
33914,24,8
33915,22,6
33916,0,3
33917,233,13
33918,0,3
33919,135,18
33920,85,16
33921,176,12
33922,0,3
33923,0,3
33924,84,8
33925,68,11
33926,99,13
33927,11,4
33928,218,19
33929,165,19
33930,107,17
33931,16,3
33932,0,3
33933,261,14
33934,95,12
33935,85,11
33936,0,3
33937,36,5
33938,87,9
33939,54,8
33940,0,3
33941,0,3
33942,0,3
33943,0,3
33944,167,14
33945,0,3
33946,0,3
33947,0,3
33948,0,3
33949,0,3
33950,0,3
33951,73,12
33952,0,3
33953,0,3
33954,19,5
33955,56,9
33956,0,3
33957,0,3
33958,0,3
33959,99,13
33960,0,3
33961,0,3
33962,104,18
33963,72,8
33964,116,15
33965,0,3
33966,58,12
33967,644,11
33968,0,3
33969,0,3
33970,9,4
33971,0,3
33972,70,15
33973,0,3
33974,0,3
33975,0,3
33976,32,5
33977,64,15
33978,42,10
33979,168,10
33980,81,15
33981,86,11
33982,137,16
33983,47,7
33984,103,16
33985,130,17
33986,25,7
33987,0,3
33988,0,3
33989,119,19
33990,92,10
33991,0,3
33992,131,19
33993,114,15
33994,207,12
33995,113,16
33996,112,12
33997,0,3
33998,124,13
33999,0,3
34000,29,9
34001,270,13
34002,61,14
34003,0,3
34004,122,18
34005,133,15
34006,106,16
34007,138,17
34008,0,3
34009,0,3
34010,0,3
34011,0,3
34012,181,19
34013,139,17
34014,160,20
34015,0,3
34016,66,12
34017,66,7
34018,53,9
34019,12,4
34020,42,10
34021,63,10
34022,0,3
34023,0,3
34024,0,3
34025,76,12
34026,0,3
34027,0,3
34028,90,13
34029,0,3
34030,0,3
34031,81,12
34032,0,3
34033,74,9
34034,0,3
34035,50,9
34036,48,9
34037,55,11
34038,49,6
34039,0,3
34040,0,3
34041,0,3
34042,84,15
34043,193,22
34044,11,4
34045,0,3
34046,188,19
34047,20,3
34048,72,15
34049,0,3
34050,136,13
34051,164,16
34052,0,3
34053,90,11
34054,0,3
34055,27,6
34056,114,18
34057,73,12
34058,0,3
34059,47,9
34060,140,9
34061,65,11
34062,0,3
34063,75,10
34064,0,3
34065,0,3
34066,0,3
34067,53,3
34068,0,3
34069,89,13
34070,104,13
34071,53,8
34072,0,3
34073,0,3
34074,0,3
34075,145,14
34076,85,14
34077,0,3
34078,0,3
34079,141,6
34080,3,3
34081,62,12
34082,52,9
34083,402,12
34084,91,13
34085,158,17
34086,0,3
34087,132,16
34088,0,3
34089,97,15
34090,0,3
34091,116,14
34092,41,8
34093,0,3
34094,0,3
34095,63,11
34096,81,8
34097,76,10
34098,164,25
34099,43,9
34100,5,3
34101,78,10
34102,62,11
34103,95,14
34104,142,18
34105,50,12
34106,0,3
34107,0,3
34108,145,20
34109,128,11
34110,100,10
34111,267,11
34112,0,3
34113,39,7
34114,37,12
34115,62,7
34116,42,8
34117,131,14
34118,109,12
34119,64,9
34120,0,3
34121,138,19
34122,0,3
34123,65,13
34124,126,14
34125,0,3
34126,0,3
34127,127,22
34128,49,10
34129,0,3
34130,68,14
34131,0,3
34132,0,3
34133,292,29
34134,119,17
34135,48,10
34136,226,21
34137,60,11
34138,76,11
34139,0,3
34140,141,14
34141,30,6
34142,0,3
34143,143,16
34144,0,3
34145,52,7
34146,13,5
34147,250,14
34148,78,14
34149,89,11
34150,72,13
34151,23,6
34152,177,20
34153,129,12
34154,0,3
34155,160,18
34156,62,12
34157,159,9
34158,67,8
34159,163,20
34160,83,12
34161,72,13
34162,137,17
34163,99,15
34164,107,16
34165,174,15
34166,137,18
34167,0,3
34168,0,3
34169,72,15
34170,220,17
34171,151,20
34172,72,12
34173,119,18
34174,0,3
34175,97,9
34176,0,3
34177,0,3
34178,128,15
34179,0,3
34180,161,20
34181,13,5
34182,0,3
34183,45,10
34184,47,8
34185,100,15
34186,0,3
34187,54,8
34188,35,6
34189,0,3
34190,86,19
34191,78,13
34192,22,7
34193,185,18
34194,46,9
34195,0,3
34196,190,12
34197,176,16
34198,129,19
34199,85,11
34200,70,9
34201,221,19
34202,131,20
34203,0,3
34204,111,14
34205,0,3
34206,0,3
34207,0,3
34208,161,22
34209,0,3
34210,87,10
34211,213,24
34212,73,13
34213,95,12
34214,166,18
34215,0,3
34216,0,3
34217,57,11
34218,352,14
34219,97,13
34220,50,8
34221,102,20
34222,96,12
34223,62,12
34224,0,3
34225,165,19
34226,39,7
34227,213,22
34228,0,3
34229,0,3
34230,67,9
34231,67,8
34232,190,23
34233,121,15
34234,166,17
34235,0,3
34236,0,3
34237,0,3
34238,43,7
34239,12,5
34240,0,3
34241,99,13
34242,0,3
34243,0,3
34244,106,13
34245,111,10
34246,98,14
34247,0,3
34248,179,20
34249,226,13
34250,0,3
34251,131,14
34252,74,12
34253,0,3
34254,206,22
34255,113,18
34256,151,19
34257,147,18
34258,172,18
34259,0,3
34260,94,12
34261,195,20
34262,32,7
34263,20,9
34264,0,3
34265,62,8
34266,200,10
34267,26,8
34268,103,12
34269,43,9
34270,64,13
34271,0,3
34272,0,3
34273,88,11
34274,0,3
34275,0,3
34276,0,3
34277,0,3
34278,234,24
34279,0,3
34280,88,10
34281,132,20
34282,137,18
34283,0,3
34284,61,9
34285,104,14
34286,21,5
34287,35,8
34288,67,15
34289,91,10
34290,0,3
34291,1000,3
34292,137,5
34293,179,19
34294,38,10
34295,0,3
34296,0,3
34297,67,9
34298,0,3
34299,54,12
34300,59,5
34301,61,10
34302,53,9
34303,0,3
34304,0,3
34305,18,6
34306,520,9
34307,184,12
34308,112,17
34309,79,13
34310,83,14
34311,0,3
34312,13,6
34313,41,7
34314,0,3
34315,0,3
34316,0,3
34317,0,3
34318,103,14
34319,0,3
34320,164,17
34321,121,13
34322,24,9
34323,0,3
34324,904,17
34325,0,3
34326,0,3
34327,13,7
34328,0,3
34329,0,3
34330,0,3
34331,88,15
34332,46,8
34333,173,17
34334,0,3
34335,205,10
34336,66,17
34337,209,14
34338,98,14
34339,0,3
34340,0,3
34341,0,3
34342,0,3
34343,80,15
34344,0,3
34345,503,11
34346,196,9
34347,0,3
34348,72,12
34349,87,12
34350,0,3
34351,0,3
34352,38,10
34353,0,3
34354,63,10
34355,78,14
34356,46,7
34357,0,3
34358,101,11
34359,0,3
34360,0,3
34361,15,6
34362,206,23
34363,381,5
34364,140,11
34365,78,12
34366,0,3
34367,280,13
34368,77,14
34369,0,3
34370,0,3
34371,0,3
34372,131,13
34373,0,3
34374,178,15
34375,412,10
34376,104,17
34377,0,3
34378,0,3
34379,87,12
34380,95,10
34381,114,14
34382,91,13
34383,140,15
34384,0,3
34385,1000,2
34386,43,7
34387,95,12
34388,32,7
34389,0,3
34390,30,6
34391,109,12
34392,95,15
34393,78,11
34394,70,13
34395,0,3
34396,1,3
34397,141,17
34398,0,3
34399,108,12
34400,69,9
34401,136,17
34402,169,10
34403,28,6
34404,116,12
34405,123,14
34406,0,3
34407,0,3
34408,0,3
34409,83,13
34410,131,14
34411,0,3
34412,93,11
34413,104,12
34414,204,19
34415,0,3
34416,28,7
34417,150,16
34418,33,9
34419,182,20
34420,173,20
34421,0,3
34422,13,5
34423,130,16
34424,168,6
34425,126,14
34426,0,3
34427,111,16
34428,0,3
34429,0,3
34430,81,14
34431,62,6
34432,140,17
34433,99,11
34434,94,13
34435,0,3
34436,0,3
34437,47,10
34438,2,3
34439,62,9
34440,151,18
34441,140,16
34442,168,21
34443,100,14
34444,30,9
34445,0,3
34446,0,3
34447,221,22
34448,0,3
34449,108,5
34450,0,3
34451,140,19
34452,0,3
34453,141,16
34454,152,13
34455,109,13
34456,0,3
34457,0,3
34458,0,3
34459,51,9
34460,44,8
34461,10,4
34462,94,7
34463,0,3
34464,0,3
34465,0,3
34466,68,10
34467,49,12
34468,124,22
34469,0,3
34470,0,3
34471,143,19
34472,0,3
34473,116,17
34474,23,6
34475,48,11
34476,92,16
34477,33,6
34478,93,11
34479,139,16
34480,59,11
34481,0,3
34482,0,3
34483,169,18
34484,0,3
34485,0,3
34486,0,3
34487,90,15
34488,37,7
34489,0,3
34490,113,15
34491,52,9
34492,38,9
34493,130,13
34494,17,4
34495,102,12
34496,0,3
34497,54,11
34498,202,23
34499,115,17
34500,103,16
34501,0,3
34502,62,11
34503,49,10
34504,0,3
34505,140,17
34506,107,12
34507,79,13
34508,677,12
34509,65,9
34510,0,3
34511,47,7
34512,73,9
34513,0,3
34514,87,13
34515,0,3
34516,0,3
34517,49,10
34518,0,3
34519,225,5
34520,35,6
34521,0,3
34522,0,3
34523,0,3
34524,39,9
34525,93,17
34526,0,3
34527,59,8
34528,130,15
34529,0,3
34530,0,3
34531,486,10
34532,5,5
34533,0,3
34534,11,4
34535,0,3
34536,154,10
34537,141,20
34538,42,11
34539,89,11
34540,0,3
34541,0,3
34542,158,16
34543,42,10
34544,43,7
34545,0,3
34546,135,20
34547,0,3
34548,106,13
34549,58,7
34550,12,4
34551,175,14
34552,444,14
34553,154,18
34554,38,8
34555,108,12
34556,43,7
34557,120,16
34558,222,7
34559,0,3
34560,141,14
34561,67,10
34562,105,13
34563,0,3
34564,106,13
34565,49,10
34566,101,17
34567,75,10
34568,0,3
34569,0,3
34570,63,10
34571,42,7
34572,29,7
34573,28,8
34574,0,3
34575,0,3
34576,0,3
34577,34,6
34578,0,3
34579,0,3
34580,0,3
34581,46,10
34582,74,11
34583,9,4
34584,92,14
34585,94,14
34586,143,19
34587,710,9
34588,78,12
34589,103,10
34590,20,5
34591,152,18
34592,0,3
34593,38,10
34594,135,13
34595,72,10
34596,63,10
34597,0,3
34598,0,3
34599,0,3
34600,0,3
34601,0,3
34602,0,3
34603,0,3
34604,0,3
34605,56,14
34606,61,10
34607,125,14
34608,0,3
34609,66,15
34610,150,13
34611,123,12
34612,0,3
34613,0,3
34614,45,7
34615,172,16
34616,0,3
34617,0,3
34618,0,3
34619,116,15
34620,27,5
34621,0,3
34622,118,16
34623,61,11
34624,0,3
34625,77,12
34626,98,12
34627,0,3
34628,104,16
34629,156,16
34630,0,3
34631,39,7
34632,0,3
34633,77,13
34634,72,11
34635,105,14
34636,162,18
34637,112,12
34638,0,3
34639,73,14
34640,0,3
34641,0,3
34642,68,11
34643,134,12
34644,0,3
34645,112,16
34646,0,3
34647,0,3
34648,116,17
34649,32,10
34650,112,9
34651,0,3
34652,134,15
34653,136,13
34654,0,3
34655,0,3
34656,127,17
34657,0,3
34658,73,8
34659,164,19
34660,0,3
34661,21,6
34662,199,22
34663,87,15
34664,49,9
34665,36,8
34666,97,13
34667,0,3
34668,74,12
34669,177,15
34670,94,13
34671,0,3
34672,0,3
34673,56,7
34674,0,3
34675,0,3
34676,60,12
34677,71,11
34678,0,3
34679,95,12
34680,163,18
34681,0,3
34682,28,5
34683,40,7
34684,0,3
34685,93,7
34686,47,7
34687,0,3
34688,0,3
34689,0,3
34690,78,16
34691,120,9
34692,0,3
34693,0,3
34694,45,7
34695,0,3
34696,0,3
34697,0,3
34698,0,3
34699,0,3
34700,294,14
34701,114,15
34702,103,15
34703,87,5
34704,36,6
34705,33,4
34706,108,14
34707,0,3
34708,0,3
34709,0,3
34710,22,6
34711,0,3
34712,2,3
34713,0,3
34714,57,7
34715,31,10
34716,871,2
34717,0,3
34718,143,18
34719,242,12
34720,28,7
34721,51,10
34722,121,17
34723,0,3
34724,77,12
34725,90,14
34726,99,17
34727,58,11
34728,0,3
34729,341,21
34730,14,6
34731,0,3
34732,105,15
34733,34,7
34734,145,19
34735,59,12
34736,298,11
34737,0,3
34738,47,9
34739,0,3
34740,67,9
34741,4,4
34742,0,3
34743,194,24
34744,87,15
34745,0,3
34746,0,3
34747,0,3
34748,12,5
34749,84,16
34750,0,3
34751,45,8
34752,23,5
34753,64,10
34754,40,10
34755,42,4
34756,41,9
34757,95,14
34758,148,13
34759,0,3
34760,0,3
34761,0,3
34762,80,12
34763,150,21
34764,56,11
34765,0,3
34766,0,3
34767,393,20
34768,112,15
34769,136,18
34770,213,20
34771,108,13
34772,0,3
34773,0,3
34774,0,3
34775,81,14
34776,0,3
34777,87,15
34778,3,4
34779,0,3
34780,329,13
34781,81,12
34782,81,14
34783,27,5
34784,164,9
34785,157,19
34786,0,3
34787,34,7
34788,83,12
34789,138,16
34790,0,3
34791,0,3
34792,79,11
34793,263,13
34794,0,3
34795,0,3
34796,72,9
34797,14,4
34798,156,10
34799,0,3
34800,68,8
34801,126,9
34802,0,3
34803,79,14
34804,0,3
34805,124,19
34806,0,3
34807,66,17
34808,127,16
34809,0,3
34810,0,3
34811,0,3
34812,42,6
34813,0,3
34814,0,3
34815,121,14
34816,99,13
34817,48,8
34818,96,10
34819,0,3
34820,28,5
34821,24,6
34822,45,5
34823,0,3
34824,0,3
34825,98,14
34826,66,14
34827,0,3
34828,53,9
34829,0,3
34830,128,19
34831,12,3
34832,323,8
34833,173,19
34834,69,13
34835,56,9
34836,102,18
34837,166,20
34838,0,3
34839,72,10
34840,0,3
34841,54,11
34842,110,17
34843,0,3
34844,0,3
34845,61,8
34846,74,12
34847,124,16
34848,40,6
34849,0,3
34850,93,9
34851,0,3
34852,46,11
34853,1,3
34854,0,3
34855,55,7
34856,85,14
34857,0,3
34858,148,18
34859,0,3
34860,111,13
34861,95,12
34862,0,3
34863,0,3
34864,48,7
34865,66,14
34866,120,20
34867,0,3
34868,2,4
34869,58,11
34870,0,3
34871,0,3
34872,0,3
34873,0,3
34874,0,3
34875,3,3
34876,114,12
34877,66,13
34878,0,3
34879,119,18
34880,147,15
34881,0,3
34882,83,10
34883,52,12
34884,44,9
34885,44,8
34886,0,3
34887,123,16
34888,0,3
34889,136,17
34890,54,7
34891,0,3
34892,83,14
34893,0,3
34894,0,3
34895,348,13
34896,109,16
34897,147,17
34898,0,3
34899,13,3
34900,386,17
34901,103,15
34902,41,12
34903,82,12
34904,69,10
34905,7,3
34906,0,3
34907,0,3
34908,132,15
34909,48,10
34910,71,12
34911,152,16
34912,0,3
34913,0,3
34914,130,14
34915,76,11
34916,0,3
34917,0,3
34918,0,3
34919,23,6
34920,0,3
34921,101,16
34922,0,3
34923,0,3
34924,9,4
34925,305,22
34926,168,21
34927,20,3
34928,35,7
34929,104,12
34930,37,8
34931,0,3
34932,0,3
34933,32,7
34934,24,6
34935,142,12
34936,144,18
34937,78,12
34938,61,7
34939,51,7
34940,0,3
34941,0,3
34942,0,3
34943,101,14
34944,0,3
34945,0,3
34946,162,19
34947,125,19
34948,144,18
34949,293,11
34950,102,15
34951,10,4
34952,175,25
34953,84,13
34954,0,3
34955,75,12
34956,22,7
34957,0,3
34958,0,3
34959,0,3
34960,45,9
34961,66,13
34962,44,8
34963,86,14
34964,23,6
34965,112,12
34966,40,11
34967,154,21
34968,0,3
34969,59,12
34970,0,3
34971,25,4
34972,60,7
34973,44,10
34974,135,14
34975,95,13
34976,0,3
34977,113,15
34978,30,10
34979,174,24
34980,0,3
34981,93,13
34982,84,13
34983,42,8
34984,135,17
34985,194,20
34986,50,4
34987,298,15
34988,0,3
34989,248,16
34990,0,3
34991,38,10
34992,76,8
34993,114,18
34994,115,19
34995,157,25
34996,1,3
34997,142,19
34998,185,21
34999,0,3
35000,41,8
35001,0,3
35002,0,3
35003,38,7
35004,87,16
35005,0,3
35006,0,3
35007,40,8
35008,0,3
35009,0,3
35010,115,21
35011,109,11
35012,82,10
35013,465,5
35014,56,10
35015,0,3
35016,167,20
35017,73,10
35018,63,13
35019,0,3
35020,0,3
35021,0,3
35022,76,13
35023,0,3
35024,0,3
35025,0,3
35026,0,3
35027,128,16
35028,0,3
35029,0,3
35030,0,3
35031,16,5
35032,84,14
35033,18,4
35034,40,8
35035,39,6
35036,161,18
35037,0,3
35038,45,9
35039,186,18
35040,0,3
35041,0,3
35042,0,3
35043,644,7
35044,0,3
35045,58,12
35046,89,15
35047,40,5
35048,111,13
35049,129,14
35050,106,14
35051,0,3
35052,0,3
35053,49,12
35054,0,3
35055,1,3
35056,16,3
35057,205,21
35058,46,10
35059,78,10
35060,0,3
35061,90,16
35062,43,9
35063,2,3
35064,0,3
35065,16,6
35066,59,7
35067,24,6
35068,0,3
35069,102,13
35070,151,18
35071,103,16
35072,46,9
35073,0,3
35074,8,4
35075,85,14
35076,100,15
35077,115,12
35078,0,3
35079,35,11
35080,53,9
35081,0,3
35082,147,16
35083,57,12
35084,256,14
35085,237,22
35086,134,17
35087,146,16
35088,150,16
35089,84,12
35090,111,18
35091,23,7
35092,0,3
35093,11,3
35094,0,3
35095,149,16
35096,288,15
35097,0,3
35098,114,14
35099,0,3
35100,1,3
35101,104,11
35102,0,3
35103,188,15
35104,0,3
35105,202,21
35106,106,15
35107,49,3
35108,130,18
35109,0,3
35110,0,3
35111,0,3
35112,119,14
35113,30,6
35114,97,14
35115,133,22
35116,0,3
35117,99,11
35118,0,3
35119,0,3
35120,0,3
35121,126,15
35122,81,9
35123,57,10
35124,121,17
35125,87,13
35126,0,3
35127,87,18
35128,103,15
35129,76,18
35130,124,13
35131,31,7
35132,0,3
35133,0,3
35134,0,3
35135,2,3
35136,0,3
35137,0,3
35138,85,13
35139,195,21
35140,93,16
35141,0,3
35142,85,13
35143,43,7
35144,33,8
35145,0,3
35146,0,3
35147,0,3
35148,0,3
35149,0,3
35150,76,9
35151,141,18
35152,1,3
35153,104,18
35154,81,10
35155,74,13
35156,55,9
35157,145,16
35158,1,3
35159,152,16
35160,0,3
35161,10,3
35162,76,10
35163,0,3
35164,0,3
35165,0,3
35166,112,15
35167,122,16
35168,56,13
35169,186,18
35170,57,8
35171,78,12
35172,46,8
35173,101,13
35174,67,11
35175,0,3
35176,0,3
35177,0,3
35178,90,10
35179,88,11
35180,118,21
35181,196,15
35182,80,10
35183,0,3
35184,68,11
35185,0,3
35186,85,13
35187,98,18
35188,83,14
35189,110,18
35190,145,18
35191,64,12
35192,87,14
35193,0,3
35194,285,14
35195,0,3
35196,0,3
35197,42,9
35198,0,3
35199,61,11
35200,64,14
35201,83,13
35202,73,11
35203,505,15
35204,19,8
35205,117,13
35206,49,10
35207,83,15
35208,93,11
35209,26,5
35210,0,3
35211,102,15
35212,164,17
35213,71,15
35214,0,3
35215,0,3
35216,0,3
35217,70,15
35218,120,15
35219,20,4
35220,0,3
35221,121,15
35222,58,11
35223,115,16
35224,12,5
35225,0,3
35226,50,8
35227,125,15
35228,78,10
35229,0,3
35230,179,19
35231,10,4
35232,466,13
35233,0,3
35234,94,13
35235,32,3
35236,0,3
35237,92,14
35238,0,3
35239,56,8
35240,436,19
35241,0,3
35242,0,3
35243,123,16
35244,93,13
35245,0,3
35246,106,16
35247,0,3
35248,197,24
35249,0,3
35250,0,3
35251,71,12
35252,0,3
35253,0,3
35254,88,16
35255,0,3
35256,57,11
35257,13,4
35258,99,15
35259,109,11
35260,128,13
35261,67,12
35262,111,13
35263,100,12
35264,53,11
35265,116,16
35266,114,17
35267,0,3
35268,92,13
35269,49,10
35270,0,3
35271,0,3
35272,134,17
35273,0,3
35274,118,17
35275,150,18
35276,147,22
35277,55,11
35278,0,3
35279,65,10
35280,0,3
35281,0,3
35282,0,3
35283,130,20
35284,145,14
35285,123,20
35286,0,3
35287,42,6
35288,192,22
35289,0,3
35290,0,3
35291,0,3
35292,29,7
35293,77,12
35294,92,12
35295,41,11
35296,95,12
35297,0,3
35298,0,3
35299,87,12
35300,60,12
35301,124,17
35302,0,3
35303,0,3
35304,80,9
35305,0,3
35306,36,7
35307,137,6
35308,0,3
35309,170,21
35310,0,3
35311,35,8
35312,114,13
35313,41,10
35314,46,9
35315,0,3
35316,94,15
35317,203,15
35318,0,3
35319,0,3
35320,0,3
35321,32,9
35322,0,3
35323,0,3
35324,155,23
35325,0,3
35326,99,16
35327,105,16
35328,93,15
35329,45,8
35330,54,8
35331,116,17
35332,21,5
35333,45,8
35334,164,15
35335,126,16
35336,95,15
35337,0,3
35338,0,3
35339,0,3
35340,0,3
35341,439,11
35342,69,10
35343,181,21
35344,76,10
35345,67,11
35346,0,3
35347,78,13
35348,117,15
35349,0,3
35350,173,20
35351,0,3
35352,0,3
35353,0,3
35354,75,10
35355,0,3
35356,0,3
35357,161,19
35358,116,15
35359,381,11
35360,0,3
35361,0,3
35362,104,11
35363,91,12
35364,192,24
35365,66,9
35366,277,24
35367,0,3
35368,0,3
35369,75,10
35370,0,3
35371,148,19
35372,56,13
35373,0,3
35374,0,3
35375,0,3
35376,71,9
35377,0,3
35378,82,13
35379,0,3
35380,136,21
35381,0,3
35382,0,3
35383,0,3
35384,29,6
35385,153,13
35386,32,7
35387,170,20
35388,0,3
35389,0,3
35390,0,3
35391,32,4
35392,0,3
35393,202,14
35394,14,6
35395,0,3
35396,139,15
35397,0,3
35398,0,3
35399,172,21
35400,173,17
35401,105,15
35402,138,18
35403,74,8
35404,31,7
35405,35,8
35406,0,3
35407,92,12
35408,68,10
35409,131,11
35410,171,14
35411,34,7
35412,225,17
35413,29,10
35414,143,15
35415,201,22
35416,139,14
35417,0,3
35418,62,10
35419,58,9
35420,0,3
35421,69,7
35422,89,10
35423,46,9
35424,0,3
35425,109,13
35426,73,11
35427,199,19
35428,0,3
35429,0,3
35430,113,11
35431,0,3
35432,99,13
35433,116,17
35434,0,3
35435,59,12
35436,142,16
35437,44,6
35438,143,19
35439,89,12
35440,0,3
35441,48,10
35442,171,10
35443,185,21
35444,0,3
35445,0,3
35446,73,13
35447,0,3
35448,4,3
35449,116,18
35450,0,3
35451,0,3
35452,82,14
35453,65,11
35454,113,14
35455,147,17
35456,221,20
35457,0,3
35458,31,8
35459,103,4
35460,0,3
35461,86,12
35462,46,8
35463,0,3
35464,0,3
35465,0,3
35466,0,3
35467,52,10
35468,104,16
35469,0,3
35470,119,16
35471,0,3
35472,0,3
35473,92,14
35474,0,3
35475,0,3
35476,92,12
35477,37,6
35478,0,3
35479,55,7
35480,0,3
35481,543,13
35482,337,12
35483,0,3
35484,30,8
35485,124,12
35486,69,10
35487,0,3
35488,125,16
35489,38,8
35490,0,3
35491,0,3
35492,150,15
35493,0,3
35494,0,3
35495,0,3
35496,4,4
35497,126,16
35498,39,12
35499,0,3
35500,76,10
35501,60,10
35502,0,3
35503,126,10
35504,84,13
35505,0,3
35506,79,13
35507,87,13
35508,127,12
35509,0,3
35510,109,20
35511,0,3
35512,142,18
35513,0,3
35514,115,11
35515,0,3
35516,0,3
35517,0,3
35518,84,16
35519,96,18
35520,145,15
35521,136,13
35522,259,19
35523,106,13
35524,81,10
35525,51,10
35526,0,3
35527,273,17
35528,0,3
35529,139,18
35530,75,11
35531,69,12
35532,965,13
35533,131,22
35534,133,12
35535,74,14
35536,91,13
35537,71,13
35538,0,3
35539,34,8
35540,126,15
35541,0,3
35542,47,11
35543,0,3
35544,0,3
35545,67,12
35546,101,15
35547,92,10
35548,155,16
35549,130,17
35550,0,3
35551,90,18
35552,0,3
35553,0,3
35554,63,10
35555,107,15
35556,447,11
35557,65,10
35558,124,17
35559,0,3
35560,79,14
35561,0,3
35562,0,3
35563,210,14
35564,32,7
35565,0,3
35566,0,3
35567,15,5
35568,78,10
35569,0,3
35570,27,7
35571,102,17
35572,11,3
35573,36,8
35574,28,7
35575,77,14
35576,93,5
35577,73,11
35578,198,20
35579,62,14
35580,0,3
35581,181,20
35582,20,8
35583,75,12
35584,140,14
35585,126,28
35586,0,3
35587,96,16
35588,112,12
35589,3,3
35590,0,3
35591,154,18
35592,151,17
35593,0,3
35594,11,4
35595,136,20
35596,128,23
35597,38,7
35598,0,3
35599,0,3
35600,0,3
35601,95,15
35602,72,8
35603,170,18
35604,133,15
35605,0,3
35606,0,3
35607,0,3
35608,0,3
35609,0,3
35610,0,3
35611,171,14
35612,0,3
35613,119,15
35614,100,12
35615,65,10
35616,35,8
35617,159,18
35618,94,16
35619,109,17
35620,47,9
35621,0,3
35622,0,3
35623,172,18
35624,12,5
35625,0,3
35626,29,5
35627,86,12
35628,0,3
35629,102,14
35630,144,17
35631,49,7
35632,0,3
35633,112,14
35634,91,13
35635,133,15
35636,158,19
35637,11,6
35638,51,13
35639,111,18
35640,191,17
35641,0,3
35642,0,3
35643,109,18
35644,90,15
35645,0,3
35646,0,3
35647,198,22
35648,112,17
35649,0,3
35650,111,17
35651,96,6
35652,805,15
35653,98,12
35654,135,14
35655,94,12
35656,0,3
35657,176,24
35658,43,8
35659,103,15
35660,108,5
35661,259,25
35662,173,12
35663,66,13
35664,274,17
35665,18,6
35666,0,3
35667,77,11
35668,160,19
35669,57,11
35670,104,15
35671,0,3
35672,300,12
35673,0,3
35674,82,9
35675,140,12
35676,93,13
35677,126,13
35678,191,20
35679,178,25
35680,188,17
35681,0,3
35682,133,20
35683,0,3
35684,0,3
35685,4,3
35686,0,3
35687,115,16
35688,0,3
35689,0,3
35690,0,3
35691,123,18
35692,56,8
35693,102,17
35694,91,14
35695,16,5
35696,5,4
35697,0,3
35698,0,3
35699,0,3
35700,151,18
35701,0,3
35702,77,9
35703,131,11
35704,0,3
35705,48,7
35706,0,3
35707,0,3
35708,870,13
35709,209,21
35710,126,15
35711,0,3
35712,0,3
35713,152,21
35714,108,14
35715,0,3
35716,0,3
35717,246,10
35718,222,28
35719,261,12
35720,65,14
35721,9,5
35722,65,8
35723,130,15
35724,73,8
35725,151,20
35726,0,3
35727,28,5
35728,0,3
35729,0,3
35730,126,19
35731,0,3
35732,143,15
35733,116,19
35734,0,3
35735,0,3
35736,134,18
35737,0,3
35738,0,3
35739,0,3
35740,0,3
35741,89,15
35742,91,6
35743,122,15
35744,0,3
35745,0,3
35746,114,14
35747,28,7
35748,0,3
35749,51,10
35750,121,18
35751,167,18
35752,17,5
35753,0,3
35754,39,8
35755,94,14
35756,109,13
35757,89,14
35758,27,7
35759,41,7
35760,0,3
35761,76,19
35762,322,18
35763,47,9
35764,100,14
35765,145,22
35766,84,14
35767,172,24
35768,151,16
35769,0,3
35770,42,9
35771,0,3
35772,165,17
35773,0,3
35774,69,9
35775,128,21
35776,114,12
35777,0,3
35778,34,9
35779,0,3
35780,173,12
35781,0,3
35782,28,7
35783,88,13
35784,40,8
35785,0,3
35786,48,8
35787,168,21
35788,147,21
35789,56,8
35790,0,3
35791,71,10
35792,151,15
35793,0,3
35794,0,3
35795,133,13
35796,0,3
35797,113,17
35798,172,21
35799,48,12
35800,0,3
35801,163,14
35802,268,28
35803,0,3
35804,94,14
35805,90,12
35806,51,9
35807,0,3
35808,133,18
35809,72,11
35810,97,13
35811,0,3
35812,121,17
35813,26,6
35814,92,11
35815,128,20
35816,576,5
35817,23,5
35818,0,3
35819,38,11
35820,63,10
35821,128,12
35822,96,15
35823,107,13
35824,0,3
35825,49,7
35826,95,14
35827,0,3
35828,110,14
35829,15,4
35830,0,3
35831,147,21
35832,53,8
35833,7,4
35834,90,14
35835,0,3
35836,0,3
35837,0,3
35838,0,3
35839,112,16
35840,0,3
35841,34,6
35842,4,3
35843,249,22
35844,0,3
35845,164,18
35846,0,3
35847,9,3
35848,184,18
35849,2,3
35850,149,21
35851,33,9
35852,588,11
35853,288,8
35854,70,10
35855,0,3
35856,0,3
35857,0,3
35858,108,16
35859,0,3
35860,75,15
35861,0,3
35862,81,16
35863,80,16
35864,19,6
35865,0,3
35866,169,15
35867,108,15
35868,0,3
35869,0,3
35870,0,3
35871,114,13
35872,74,12
35873,0,3
35874,0,3
35875,0,3
35876,46,7
35877,212,11
35878,0,3
35879,117,14
35880,48,10
35881,0,3
35882,0,3
35883,141,21
35884,76,17
35885,19,5
35886,72,10
35887,57,9
35888,0,3
35889,0,3
35890,43,10
35891,0,3
35892,273,15
35893,75,10
35894,128,18
35895,184,18
35896,42,9
35897,0,3
35898,100,16
35899,23,6
35900,7,4
35901,0,3
35902,230,16
35903,132,19
35904,110,12
35905,0,3
35906,86,4
35907,111,13
35908,2,3
35909,0,3
35910,337,4
35911,108,14
35912,0,3
35913,0,3
35914,111,14
35915,81,15
35916,0,3
35917,0,3
35918,85,14
35919,0,3
35920,30,6
35921,85,12
35922,0,3
35923,0,3
35924,256,17
35925,441,5
35926,0,3
35927,62,11
35928,0,3
35929,0,3
35930,11,5
35931,96,11
35932,115,16
35933,0,3
35934,23,7
35935,256,12
35936,120,18
35937,0,3
35938,137,18
35939,0,3
35940,68,12
35941,56,11
35942,0,3
35943,116,18
35944,0,3
35945,0,3
35946,0,3
35947,100,15
35948,0,3
35949,0,3
35950,72,11
35951,41,8
35952,119,14
35953,52,8
35954,0,3
35955,126,18
35956,105,13
35957,0,3
35958,0,3
35959,130,16
35960,0,3
35961,126,16
35962,68,13
35963,70,10
35964,140,13
35965,116,12
35966,80,11
35967,228,19
35968,33,10
35969,192,12
35970,0,3
35971,56,9
35972,89,15
35973,0,3
35974,142,17
35975,542,15
35976,0,3
35977,113,16
35978,106,13
35979,185,19
35980,320,13
35981,0,3
35982,225,11
35983,42,11
35984,0,3
35985,0,3
35986,0,3
35987,143,18
35988,88,14
35989,0,3
35990,0,3
35991,98,15
35992,0,3
35993,81,11
35994,168,17
35995,0,3
35996,97,14
35997,31,6
35998,23,6
35999,0,3
36000,0,3
36001,0,3
36002,82,14
36003,488,6
36004,0,3
36005,803,14
36006,83,13
36007,90,15
36008,0,3
36009,165,15
36010,0,3
36011,2,3
36012,35,7
36013,92,16
36014,122,18
36015,0,3
36016,49,9
36017,0,3
36018,0,3
36019,0,3
36020,170,13
36021,0,3
36022,0,3
36023,0,3
36024,0,3
36025,0,3
36026,0,3
36027,0,3
36028,0,3
36029,79,14
36030,0,3
36031,6,3
36032,142,11
36033,0,3
36034,0,3
36035,0,3
36036,237,17
36037,159,12
36038,0,3
36039,118,13
36040,54,9
36041,67,13
36042,0,3
36043,218,22
36044,105,14
36045,73,13
36046,20,7
36047,96,13
36048,125,14
36049,0,3
36050,0,3
36051,0,3
36052,0,3
36053,59,11
36054,16,5
36055,0,3
36056,0,3
36057,0,3
36058,336,9
36059,91,12
36060,36,10
36061,18,5
36062,0,3
36063,0,3
36064,39,7
36065,0,3
36066,139,21
36067,109,15
36068,120,18
36069,0,3
36070,35,9
36071,0,3
36072,0,3
36073,21,6
36074,0,3
36075,95,13
36076,0,3
36077,75,13
36078,4,5
36079,0,3
36080,313,15
36081,55,6
36082,169,20
36083,962,17
36084,0,3
36085,0,3
36086,70,11
36087,162,14
36088,60,11
36089,141,18
36090,146,18
36091,241,17
36092,313,14
36093,82,14
36094,0,3
36095,158,19
36096,0,3
36097,0,3
36098,131,14
36099,0,3
36100,0,3
36101,0,3
36102,119,15
36103,19,7
36104,122,18
36105,74,8
36106,38,8
36107,0,3
36108,0,3
36109,0,3
36110,54,11
36111,59,13
36112,9,4
36113,103,15
36114,120,14
36115,109,20
36116,0,3
36117,147,6
36118,211,18
36119,62,9
36120,0,3
36121,35,7
36122,102,11
36123,17,6
36124,44,7
36125,0,3
36126,1,3
36127,57,9
36128,0,3
36129,110,11
36130,0,3
36131,61,11
36132,0,3
36133,130,16
36134,161,16
36135,415,14
36136,206,23
36137,72,10
36138,155,10
36139,46,9
36140,86,14
36141,87,13
36142,0,3
36143,112,13
36144,0,3
36145,109,15
36146,101,18
36147,83,9
36148,129,16
36149,66,8
36150,0,3
36151,130,18
36152,100,17
36153,73,10
36154,83,13
36155,68,9
36156,43,10
36157,0,3
36158,50,11
36159,0,3
36160,85,12
36161,0,3
36162,0,3
36163,59,9
36164,130,17
36165,187,21
36166,61,10
36167,75,10
36168,133,15
36169,0,3
36170,0,3
36171,0,3
36172,0,3
36173,0,3
36174,44,9
36175,94,15
36176,0,3
36177,21,7
36178,127,23
36179,161,14
36180,57,13
36181,186,17
36182,0,3
36183,0,3
36184,58,10
36185,0,3
36186,60,5
36187,87,17
36188,55,6
36189,110,16
36190,0,3
36191,165,23
36192,540,14
36193,110,17
36194,0,3
36195,0,3
36196,0,3
36197,182,19
36198,86,13
36199,371,8
36200,106,14
36201,27,6
36202,0,3
36203,67,14
36204,91,16
36205,171,16
36206,713,8
36207,104,14
36208,67,11
36209,0,3
36210,0,3
36211,0,3
36212,252,17
36213,0,3
36214,112,14
36215,0,3
36216,125,19
36217,108,13
36218,0,3
36219,0,3
36220,0,3
36221,0,3
36222,79,14
36223,115,17
36224,87,12
36225,0,3
36226,0,3
36227,82,12
36228,0,3
36229,148,18
36230,86,14
36231,87,9
36232,147,19
36233,173,21
36234,71,10
36235,106,11
36236,150,20
36237,77,10
36238,56,9
36239,44,8
36240,28,6
36241,0,3
36242,0,3
36243,0,3
36244,106,13
36245,0,3
36246,3,3
36247,232,9
36248,26,7
36249,0,3
36250,154,18
36251,0,3
36252,0,3
36253,0,3
36254,0,3
36255,135,17
36256,143,15
36257,113,18
36258,140,18
36259,0,3
36260,110,14
36261,0,3
36262,79,13
36263,0,3
36264,0,3
36265,68,10
36266,0,3
36267,88,12
36268,9,4
36269,87,12
36270,105,15
36271,0,3
36272,220,9
36273,61,9
36274,32,8
36275,0,3
36276,33,7
36277,111,13
36278,55,11
36279,0,3
36280,78,11
36281,0,3
36282,0,3
36283,136,15
36284,52,10
36285,0,3
36286,0,3
36287,77,12
36288,78,11
36289,0,3
36290,0,3
36291,73,15
36292,78,10
36293,0,3
36294,92,10
36295,152,18
36296,0,3
36297,0,3
36298,153,14
36299,28,6
36300,0,3
36301,102,12
36302,86,10
36303,107,15
36304,0,3
36305,162,21
36306,120,13
36307,0,3
36308,403,12
36309,331,15
36310,0,3
36311,102,19
36312,0,3
36313,391,16
36314,92,13
36315,47,9
36316,0,3
36317,0,3
36318,178,11
36319,0,3
36320,36,6
36321,10,4
36322,0,3
36323,164,17
36324,0,3
36325,160,19
36326,101,11
36327,0,3
36328,95,15
36329,151,20
36330,110,14
36331,77,13
36332,93,3
36333,94,12
36334,59,12
36335,143,20
36336,87,14
36337,0,3
36338,0,3
36339,0,3
36340,79,13
36341,42,8
36342,180,12
36343,68,12
36344,0,3
36345,76,11
36346,95,12
36347,74,14
36348,31,7
36349,68,10
36350,98,11
36351,25,7
36352,54,11
36353,0,3
36354,96,15
36355,0,3
36356,195,21
36357,67,9
36358,0,3
36359,34,8
36360,127,18
36361,106,13
36362,208,23
36363,132,14
36364,277,21
36365,0,3
36366,0,3
36367,0,3
36368,95,12
36369,111,17
36370,125,15
36371,0,3
36372,46,7
36373,0,3
36374,121,17
36375,171,19
36376,0,3
36377,0,3
36378,177,23
36379,88,14
36380,12,4
36381,109,13
36382,103,14
36383,0,3
36384,0,3
36385,18,6
36386,0,3
36387,93,12
36388,67,8
36389,59,9
36390,0,3
36391,47,10
36392,189,19
36393,94,14
36394,0,3
36395,376,7
36396,44,8
36397,267,28
36398,0,3
36399,0,3
36400,63,12
36401,0,3
36402,119,16
36403,0,3
36404,191,17
36405,96,11
36406,0,3
36407,0,3
36408,105,17
36409,0,3
36410,0,3
36411,0,3
36412,0,3
36413,54,11
36414,46,11
36415,120,19
36416,202,19
36417,89,12
36418,70,12
36419,161,22
36420,0,3
36421,38,7
36422,74,9
36423,0,3
36424,0,3
36425,85,15
36426,105,14
36427,92,11
36428,175,17
36429,0,3
36430,108,19
36431,0,3
36432,0,3
36433,132,17
36434,0,3
36435,0,3
36436,0,3
36437,160,17
36438,121,20
36439,57,8
36440,27,8
36441,0,3
36442,0,3
36443,190,21
36444,0,3
36445,0,3
36446,0,3
36447,106,14
36448,8,4
36449,0,3
36450,126,18
36451,0,3
36452,327,16
36453,0,3
36454,107,16
36455,72,15
36456,0,3
36457,0,3
36458,185,6
36459,0,3
36460,123,24
36461,0,3
36462,0,3
36463,0,3
36464,113,18
36465,127,21
36466,127,15
36467,92,16
36468,92,15
36469,0,3
36470,75,13
36471,39,9
36472,0,3
36473,0,3
36474,0,3
36475,41,8
36476,0,3
36477,170,15
36478,0,3
36479,56,10
36480,0,3
36481,0,3
36482,0,3
36483,108,14
36484,139,14
36485,134,16
36486,555,16
36487,168,21
36488,0,3
36489,0,3
36490,83,8
36491,76,14
36492,104,15
36493,66,13
36494,0,3
36495,222,28
36496,273,12
36497,0,3
36498,171,25
36499,91,15
36500,141,11
36501,67,12
36502,36,9
36503,71,11
36504,14,5
36505,0,3
36506,0,3
36507,128,16
36508,32,8
36509,240,12
36510,172,19
36511,0,3
36512,120,16
36513,0,3
36514,0,3
36515,0,3
36516,124,15
36517,0,3
36518,122,13
36519,0,3
36520,148,17
36521,0,3
36522,149,16
36523,45,8
36524,44,12
36525,124,13
36526,109,17
36527,130,20
36528,0,3
36529,35,7
36530,26,6
36531,0,3
36532,95,12
36533,249,9
36534,0,3
36535,115,18
36536,0,3
36537,110,14
36538,10,4
36539,121,16
36540,44,8
36541,0,3
36542,68,8
36543,0,3
36544,0,3
36545,86,15
36546,147,15
36547,196,19
36548,167,21
36549,0,3
36550,32,7
36551,167,18
36552,0,3
36553,0,3
36554,31,8
36555,198,5
36556,0,3
36557,93,13
36558,364,12
36559,2,3
36560,423,11
36561,0,3
36562,76,12
36563,155,20
36564,0,3
36565,0,3
36566,0,3
36567,207,14
36568,38,8
36569,70,10
36570,150,17
36571,209,25
36572,0,3
36573,122,12
36574,132,15
36575,215,12
36576,0,3
36577,116,15
36578,258,19
36579,59,12
36580,0,3
36581,346,17
36582,11,6
36583,42,9
36584,395,14
36585,45,8
36586,302,15
36587,153,20
36588,162,13
36589,99,15
36590,0,3
36591,0,3
36592,62,9
36593,0,3
36594,36,8
36595,0,3
36596,89,15
36597,0,3
36598,53,9
36599,175,19
36600,123,19
36601,0,3
36602,80,12
36603,65,12
36604,115,18
36605,0,3
36606,0,3
36607,34,6
36608,0,3
36609,0,3
36610,0,3
36611,144,18
36612,0,3
36613,0,3
36614,0,3
36615,135,17
36616,0,3
36617,131,18
36618,0,3
36619,0,3
36620,0,3
36621,0,3
36622,81,12
36623,82,14
36624,58,9
36625,47,3
36626,145,20
36627,46,8
36628,0,3
36629,56,13
36630,97,18
36631,0,3
36632,253,35
36633,63,7
36634,77,12
36635,0,3
36636,145,19
36637,232,10
36638,0,3
36639,0,3
36640,20,6
36641,0,3
36642,0,3
36643,130,16
36644,98,20
36645,0,3
36646,52,9
36647,186,14
36648,142,19
36649,115,15
36650,75,11
36651,349,25
36652,0,3
36653,0,3
36654,0,3
36655,80,10
36656,131,16
36657,12,2
36658,0,3
36659,16,5
36660,115,15
36661,0,3
36662,10,3
36663,121,15
36664,4,3
36665,129,13
36666,0,3
36667,0,3
36668,0,3
36669,319,13
36670,0,3
36671,70,12
36672,50,9
36673,35,10
36674,0,3
36675,0,3
36676,0,3
36677,145,19
36678,0,3
36679,0,3
36680,581,20
36681,126,12
36682,108,12
36683,0,3
36684,0,3
36685,0,3
36686,135,14
36687,43,12
36688,0,3
36689,0,3
36690,99,15
36691,88,14
36692,182,8
36693,297,10
36694,70,14
36695,78,12
36696,0,3
36697,61,10
36698,72,12
36699,14,5
36700,0,3
36701,0,3
36702,503,21
36703,0,3
36704,131,15
36705,0,3
36706,0,3
36707,64,8
36708,0,3
36709,77,12
36710,0,3
36711,0,3
36712,128,13
36713,0,3
36714,183,19
36715,26,7
36716,39,11
36717,337,19
36718,0,3
36719,73,8
36720,81,11
36721,122,15
36722,0,3
36723,169,21
36724,0,3
36725,34,10
36726,124,19
36727,0,3
36728,74,15
36729,20,5
36730,344,23
36731,179,23
36732,69,12
36733,41,8
36734,110,16
36735,39,8
36736,0,3
36737,129,20
36738,0,3
36739,166,19
36740,0,3
36741,49,9
36742,128,17
36743,0,3
36744,114,12
36745,106,16
36746,0,3
36747,0,3
36748,114,13
36749,110,15
36750,0,3
36751,86,14
36752,0,3
36753,84,14
36754,0,3
36755,58,8
36756,12,4
36757,99,13
36758,69,12
36759,110,12
36760,111,15
36761,58,10
36762,139,23
36763,71,11
36764,72,9
36765,166,18
36766,85,16
36767,0,3
36768,0,3
36769,131,15
36770,69,13
36771,143,16
36772,0,3
36773,0,3
36774,140,15
36775,130,16
36776,155,24
36777,97,13
36778,339,12
36779,182,20
36780,179,16
36781,0,3
36782,0,3
36783,0,3
36784,2,3
36785,0,3
36786,0,3
36787,0,3
36788,0,3
36789,0,3
36790,69,11
36791,0,3
36792,425,12
36793,0,3
36794,0,3
36795,0,3
36796,0,3
36797,0,3
36798,3,3
36799,76,13
36800,0,3
36801,104,14
36802,91,15
36803,77,13
36804,0,3
36805,0,3
36806,22,8
36807,0,3
36808,83,11
36809,0,3
36810,112,19
36811,0,3
36812,22,6
36813,79,12
36814,47,7
36815,91,9
36816,189,14
36817,170,23
36818,64,9
36819,188,18
36820,108,13
36821,0,3
36822,0,3
36823,250,14
36824,65,11
36825,95,16
36826,89,13
36827,64,10
36828,75,13
36829,40,9
36830,72,11
36831,16,4
36832,140,16
36833,353,15
36834,0,3
36835,28,7
36836,0,3
36837,19,5
36838,0,3
36839,114,14
36840,0,3
36841,75,13
36842,57,11
36843,165,21
36844,51,8
36845,0,3
36846,76,10
36847,169,15
36848,88,16
36849,97,14
36850,91,12
36851,0,3
36852,87,10
36853,0,3
36854,0,3
36855,124,20
36856,118,18
36857,124,13
36858,59,9
36859,170,26
36860,0,3
36861,66,11
36862,216,21
36863,101,13
36864,54,11
36865,101,16
36866,65,11
36867,0,3
36868,232,24
36869,0,3
36870,99,10
36871,234,17
36872,0,3
36873,0,3
36874,0,3
36875,0,3
36876,79,8
36877,75,9
36878,0,3
36879,89,14
36880,81,12
36881,78,11
36882,0,3
36883,79,11
36884,0,3
36885,0,3
36886,0,3
36887,70,9
36888,166,18
36889,77,10
36890,110,15
36891,0,3
36892,0,3
36893,69,12
36894,204,26
36895,277,13
36896,132,16
36897,0,3
36898,0,3
36899,115,14
36900,0,3
36901,0,3
36902,122,11
36903,119,17
36904,112,12
36905,19,5
36906,0,3
36907,56,12
36908,148,22
36909,0,3
36910,19,5
36911,0,3
36912,0,3
36913,0,3
36914,37,7
36915,76,13
36916,100,12
36917,0,3
36918,0,3
36919,0,3
36920,255,23
36921,105,14
36922,83,14
36923,0,3
36924,0,3
36925,0,3
36926,0,3
36927,55,13
36928,42,10
36929,0,3
36930,124,13
36931,85,13
36932,16,5
36933,0,3
36934,0,3
36935,73,14
36936,58,11
36937,102,14
36938,15,4
36939,0,3
36940,0,3
36941,64,14
36942,0,3
36943,9,4
36944,0,3
36945,102,12
36946,0,3
36947,0,3
36948,118,13
36949,0,3
36950,0,3
36951,97,17
36952,70,13
36953,1000,6
36954,113,14
36955,46,9
36956,0,3
36957,0,3
36958,106,14
36959,117,17
36960,165,15
36961,93,9
36962,0,3
36963,230,25
36964,0,3
36965,0,3
36966,0,3
36967,137,20
36968,0,3
36969,0,3
36970,0,3
36971,0,3
36972,73,15
36973,49,9
36974,0,3
36975,0,3
36976,27,6
36977,128,12
36978,135,17
36979,93,13
36980,0,3
36981,56,10
36982,0,3
36983,0,3
36984,0,3
36985,15,5
36986,150,20
36987,89,16
36988,0,3
36989,24,4
36990,102,15
36991,81,13
36992,157,21
36993,129,18
36994,103,17
36995,0,3
36996,0,3
36997,64,12
36998,0,3
36999,41,10
37000,75,10
37001,292,17
37002,0,3
37003,71,10
37004,0,3
37005,80,14
37006,97,14
37007,332,20
37008,61,9
37009,99,12
37010,145,14
37011,71,10
37012,91,11
37013,170,15
37014,35,10
37015,197,19
37016,212,20
37017,0,3
37018,0,3
37019,98,15
37020,228,13
37021,182,21
37022,0,3
37023,0,3
37024,37,8
37025,0,3
37026,0,3
37027,64,12
37028,166,18
37029,0,3
37030,0,3
37031,78,10
37032,26,7
37033,250,26
37034,162,21
37035,102,15
37036,1000,3
37037,79,15
37038,72,14
37039,99,10
37040,96,15
37041,130,14
37042,21,7
37043,173,20
37044,199,21
37045,0,3
37046,95,14
37047,187,19
37048,146,18
37049,99,15
37050,0,3
37051,132,14
37052,0,3
37053,0,3
37054,111,11
37055,69,8
37056,58,9
37057,17,3
37058,148,17
37059,50,9
37060,0,3
37061,0,3
37062,0,3
37063,119,16
37064,0,3
37065,0,3
37066,31,5
37067,0,3
37068,51,13
37069,0,3
37070,0,3
37071,150,14
37072,0,3
37073,0,3
37074,82,14
37075,23,6
37076,75,11
37077,59,8
37078,103,12
37079,257,22
37080,81,11
37081,132,13
37082,0,3
37083,0,3
37084,117,14
37085,0,3
37086,136,20
37087,60,12
37088,0,3
37089,43,7
37090,153,20
37091,0,3
37092,211,18
37093,5,5
37094,0,3
37095,151,13
37096,0,3
37097,180,15
37098,76,16
37099,0,3
37100,34,8
37101,91,12
37102,0,3
37103,77,12
37104,74,13
37105,97,12
37106,138,13
37107,61,10
37108,0,3
37109,1,3
37110,0,3
37111,0,3
37112,405,10
37113,0,3
37114,155,16
37115,66,10
37116,81,11
37117,0,3
37118,0,3
37119,85,13
37120,11,3
37121,0,3
37122,140,18
37123,45,8
37124,138,11
37125,40,9
37126,261,21
37127,0,3
37128,13,5
37129,90,16
37130,0,3
37131,0,3
37132,0,3
37133,0,3
37134,0,3
37135,168,19
37136,12,5
37137,115,16
37138,0,3
37139,0,3
37140,240,9
37141,3,3
37142,149,20
37143,166,23
37144,0,3
37145,82,10
37146,0,3
37147,0,3
37148,0,3
37149,7,3
37150,160,17
37151,0,3
37152,146,17
37153,0,3
37154,139,16
37155,0,3
37156,62,9
37157,0,3
37158,94,19
37159,66,12
37160,108,15
37161,30,8
37162,0,3
37163,25,7
37164,74,12
37165,145,16
37166,615,19
37167,0,3
37168,123,13
37169,59,11
37170,0,3
37171,76,10
37172,187,15
37173,23,5
37174,0,3
37175,0,3
37176,88,16
37177,40,4
37178,0,3
37179,59,6
37180,0,3
37181,0,3
37182,85,8
37183,114,20
37184,67,9
37185,79,12
37186,0,3
37187,99,14
37188,3,3
37189,575,16
37190,0,3
37191,0,3
37192,0,3
37193,185,20
37194,124,20
37195,149,20
37196,0,3
37197,102,13
37198,87,14
37199,72,10
37200,27,5
37201,0,3
37202,0,3
37203,128,16
37204,67,9
37205,0,3
37206,154,15
37207,67,9
37208,127,14
37209,130,18
37210,0,3
37211,0,3
37212,114,17
37213,0,3
37214,176,15
37215,76,12
37216,78,14
37217,131,19
37218,125,16
37219,79,12
37220,127,17
37221,0,3
37222,0,3
37223,49,10
37224,0,3
37225,139,15
37226,0,3
37227,75,11
37228,221,20
37229,27,8
37230,157,18
37231,102,12
37232,126,15
37233,0,3
37234,0,3
37235,194,13
37236,141,22
37237,108,14
37238,34,9
37239,122,21
37240,9,5
37241,0,3
37242,86,14
37243,0,3
37244,111,16
37245,88,10
37246,373,9
37247,0,3
37248,0,3
37249,135,12
37250,104,14
37251,0,3
37252,30,6
37253,115,21
37254,59,14
37255,0,3
37256,72,10
37257,88,14
37258,151,18
37259,0,3
37260,46,9
37261,0,3
37262,0,3
37263,38,8
37264,32,8
37265,0,3
37266,242,12
37267,0,3
37268,299,16
37269,93,15
37270,0,3
37271,91,14
37272,21,5
37273,132,13
37274,207,20
37275,0,3
37276,152,18
37277,216,3
37278,112,10
37279,204,21
37280,3,4
37281,73,9
37282,12,5
37283,0,3
37284,0,3
37285,157,20
37286,0,3
37287,0,3
37288,0,3
37289,64,14
37290,122,16
37291,0,3
37292,0,3
37293,2,3
37294,0,3
37295,91,15
37296,226,20
37297,103,19
37298,0,3
37299,194,18
37300,137,17
37301,0,3
37302,65,9
37303,63,13
37304,0,3
37305,767,14
37306,151,21
37307,0,3
37308,133,16
37309,73,14
37310,80,16
37311,156,14
37312,110,11
37313,168,16
37314,2,3
37315,0,3
37316,153,15
37317,0,3
37318,178,16
37319,0,3
37320,162,17
37321,196,15
37322,0,3
37323,4,3
37324,215,13
37325,185,10
37326,78,13
37327,125,20
37328,398,6
37329,139,15
37330,78,14
37331,0,3
37332,109,14
37333,0,3
37334,44,11
37335,90,15
37336,137,13
37337,63,12
37338,0,3
37339,165,24
37340,0,3
37341,60,13
37342,0,3
37343,0,3
37344,85,14
37345,108,11
37346,176,20
37347,50,10
37348,0,3
37349,107,18
37350,76,5
37351,14,5
37352,0,3
37353,105,14
37354,0,3
37355,88,13
37356,108,13
37357,150,12
37358,0,3
37359,120,14
37360,102,13
37361,122,18
37362,0,3
37363,0,3
37364,163,15
37365,115,12
37366,155,18
37367,27,6
37368,184,21
37369,141,17
37370,270,19
37371,59,8
37372,0,3
37373,0,3
37374,187,20
37375,106,17
37376,13,4
37377,95,16
37378,686,20
37379,0,3
37380,86,9
37381,165,18
37382,0,3
37383,0,3
37384,0,3
37385,0,3
37386,107,18
37387,50,8
37388,72,12
37389,123,12
37390,80,7
37391,101,8
37392,110,13
37393,107,13
37394,74,11
37395,168,19
37396,115,17
37397,0,3
37398,81,13
37399,103,19
37400,88,17
37401,17,7
37402,0,3
37403,112,14
37404,0,3
37405,164,17
37406,29,6
37407,150,20
37408,44,9
37409,59,10
37410,173,9
37411,96,12
37412,40,6
37413,202,18
37414,0,3
37415,110,19
37416,137,12
37417,100,14
37418,0,3
37419,109,14
37420,0,3
37421,106,14
37422,142,21
37423,0,3
37424,6,3
37425,0,3
37426,0,3
37427,165,19
37428,112,19
37429,0,3
37430,122,16
37431,0,3
37432,0,3
37433,80,11
37434,150,20
37435,106,10
37436,108,14
37437,42,11
37438,61,14
37439,0,3
37440,0,3
37441,41,5
37442,86,11
37443,0,3
37444,52,9
37445,188,20
37446,183,10
37447,177,22
37448,107,14
37449,212,9
37450,0,3
37451,81,13
37452,103,21
37453,86,15
37454,14,6
37455,0,3
37456,142,13
37457,22,6
37458,0,3
37459,150,18
37460,22,6
37461,132,16
37462,17,6
37463,334,26
37464,156,15
37465,0,3
37466,104,13
37467,157,19
37468,228,19
37469,57,14
37470,0,3
37471,125,19
37472,52,7
37473,100,12
37474,0,3
37475,0,3
37476,86,14
37477,126,17
37478,146,19
37479,121,17
37480,0,3
37481,47,9
37482,90,13
37483,100,11
37484,93,16
37485,122,19
37486,115,14
37487,59,9
37488,0,3
37489,0,3
37490,16,3
37491,139,20
37492,0,3
37493,0,3
37494,265,26
37495,0,3
37496,183,25
37497,144,16
37498,0,3
37499,0,3
37500,78,13
37501,73,14
37502,0,3
37503,0,3
37504,83,12
37505,36,4
37506,0,3
37507,174,21
37508,8,4
37509,67,12
37510,34,9
37511,96,12
37512,52,8
37513,0,3
37514,107,14
37515,140,19
37516,0,3
37517,64,9
37518,49,9
37519,43,9
37520,0,3
37521,0,3
37522,140,20
37523,40,5
37524,0,3
37525,126,18
37526,111,16
37527,0,3
37528,0,3
37529,0,3
37530,0,3
37531,45,7
37532,80,12
37533,70,13
37534,59,12
37535,0,3
37536,0,3
37537,104,14
37538,0,3
37539,100,15
37540,21,4
37541,0,3
37542,128,15
37543,57,6
37544,854,20
37545,0,3
37546,170,19
37547,154,13
37548,189,26
37549,212,8
37550,0,3
37551,117,19
37552,78,12
37553,20,6
37554,117,9
37555,458,14
37556,0,3
37557,354,19
37558,0,3
37559,29,5
37560,0,3
37561,112,13
37562,64,11
37563,0,3
37564,159,13
37565,151,23
37566,0,3
37567,0,3
37568,0,3
37569,100,15
37570,181,20
37571,102,11
37572,99,15
37573,170,18
37574,0,3
37575,111,15
37576,0,3
37577,0,3
37578,0,3
37579,47,10
37580,0,3
37581,47,9
37582,0,3
37583,0,3
37584,18,6
37585,484,12
37586,118,14
37587,0,3
37588,129,18
37589,0,3
37590,0,3
37591,138,16
37592,101,16
37593,0,3
37594,64,9
37595,82,13
37596,245,31
37597,57,9
37598,114,14
37599,0,3
37600,148,18
37601,46,8
37602,191,21
37603,131,18
37604,108,16
37605,25,7
37606,39,11
37607,47,12
37608,0,3
37609,0,3
37610,199,16
37611,0,3
37612,7,5
37613,11,5
37614,0,3
37615,71,11
37616,0,3
37617,0,3
37618,0,3
37619,0,3
37620,52,9
37621,0,3
37622,194,12
37623,461,7
37624,178,20
37625,576,17
37626,169,18
37627,120,13
37628,0,3
37629,27,5
37630,1,3
37631,55,9
37632,76,13
37633,72,10
37634,0,3
37635,74,13
37636,61,9
37637,386,18
37638,63,10
37639,113,16
37640,56,8
37641,82,14
37642,105,19
37643,79,15
37644,225,27
37645,0,3
37646,38,8
37647,78,10
37648,311,18
37649,75,13
37650,78,12
37651,0,3
37652,132,15
37653,99,14
37654,143,15
37655,0,3
37656,0,3
37657,123,19
37658,105,15
37659,229,15
37660,87,16
37661,0,3
37662,132,18
37663,143,16
37664,0,3
37665,94,13
37666,0,3
37667,119,15
37668,148,18
37669,153,21
37670,167,15
37671,0,3
37672,0,3
37673,0,3
37674,91,14
37675,85,9
37676,118,17
37677,0,3
37678,49,8
37679,103,16
37680,87,14
37681,0,3
37682,0,3
37683,47,7
37684,0,3
37685,0,3
37686,0,3
37687,118,19
37688,0,3
37689,135,23
37690,0,3
37691,229,22
37692,63,9
37693,98,14
37694,168,25
37695,154,14
37696,86,7
37697,170,18
37698,163,18
37699,402,5
37700,156,16
37701,0,3
37702,71,16
37703,120,19
37704,99,16
37705,0,3
37706,28,7
37707,152,17
37708,0,3
37709,26,6
37710,148,21
37711,201,20
37712,21,4
37713,0,3
37714,111,10
37715,47,10
37716,141,22
37717,46,7
37718,0,3
37719,182,21
37720,0,3
37721,0,3
37722,0,3
37723,138,16
37724,0,3
37725,20,5
37726,111,14
37727,701,9
37728,79,16
37729,0,3
37730,148,19
37731,47,8
37732,0,3
37733,49,9
37734,97,14
37735,0,3
37736,0,3
37737,0,3
37738,0,3
37739,69,10
37740,159,22
37741,80,15
37742,51,12
37743,127,16
37744,0,3
37745,142,13
37746,0,3
37747,75,14
37748,0,3
37749,142,21
37750,111,13
37751,0,3
37752,0,3
37753,157,26
37754,107,14
37755,130,15
37756,102,15
37757,96,18
37758,0,3
37759,84,13
37760,1000,3
37761,0,3
37762,141,21
37763,26,6
37764,228,27
37765,106,12
37766,148,18
37767,0,3
37768,212,19
37769,83,15
37770,0,3
37771,0,3
37772,0,3
37773,135,18
37774,41,9
37775,229,20
37776,53,8
37777,66,9
37778,30,7
37779,130,15
37780,133,15
37781,132,17
37782,357,18
37783,232,24
37784,82,11
37785,343,7
37786,92,12
37787,211,19
37788,132,21
37789,66,12
37790,0,3
37791,109,13
37792,0,3
37793,135,19
37794,0,3
37795,314,17
37796,16,6
37797,178,21
37798,231,18
37799,0,3
37800,110,14
37801,37,5
37802,0,3
37803,132,16
37804,134,18
37805,0,3
37806,85,14
37807,0,3
37808,0,3
37809,0,3
37810,101,16
37811,70,12
37812,0,3
37813,46,6
37814,268,30
37815,0,3
37816,81,15
37817,122,17
37818,149,17
37819,0,3
37820,115,15
37821,67,11
37822,174,22
37823,0,3
37824,81,11
37825,203,23
37826,100,15
37827,19,6
37828,91,14
37829,0,3
37830,113,20
37831,13,5
37832,51,8
37833,31,7
37834,0,3
37835,87,9
37836,190,20
37837,260,14
37838,0,3
37839,157,22
37840,27,8
37841,0,3
37842,147,14
37843,117,14
37844,212,26
37845,0,3
37846,126,15
37847,70,13
37848,0,3
37849,252,19
37850,187,19
37851,83,10
37852,0,3
37853,251,13
37854,97,13
37855,167,16
37856,107,8
37857,0,3
37858,71,12
37859,3,3
37860,127,20
37861,172,19
37862,0,3
37863,173,17
37864,108,12
37865,75,11
37866,368,18
37867,0,3
37868,0,3
37869,108,15
37870,0,3
37871,107,17
37872,130,18
37873,0,3
37874,0,3
37875,99,14
37876,69,13
37877,81,12
37878,152,10
37879,134,13
37880,12,4
37881,0,3
37882,0,3
37883,0,3
37884,169,16
37885,0,3
37886,149,17
37887,0,3
37888,57,10
37889,0,3
37890,0,3
37891,0,3
37892,114,17
37893,0,3
37894,0,3
37895,69,13
37896,0,3
37897,112,14
37898,191,12
37899,137,20
37900,0,3
37901,52,12
37902,90,12
37903,169,21
37904,98,16
37905,24,7
37906,0,3
37907,121,16
37908,112,15
37909,0,3
37910,92,9
37911,0,3
37912,0,3
37913,95,18
37914,139,20
37915,164,21
37916,0,3
37917,0,3
37918,0,3
37919,0,3
37920,226,20
37921,0,3
37922,0,3
37923,0,3
37924,64,12
37925,83,10
37926,0,3
37927,32,10
37928,124,21
37929,0,3
37930,0,3
37931,0,3
37932,119,17
37933,0,3
37934,146,22
37935,0,3
37936,32,9
37937,100,12
37938,0,3
37939,0,3
37940,46,10
37941,0,3
37942,181,19
37943,203,23
37944,86,19
37945,0,3
37946,76,10
37947,113,15
37948,105,17
37949,77,11
37950,0,3
37951,144,19
37952,225,22
37953,128,16
37954,0,3
37955,3,3
37956,0,3
37957,96,17
37958,2,3
37959,151,14
37960,185,23
37961,0,3
37962,51,9
37963,116,16
37964,0,3
37965,108,16
37966,373,14
37967,3,3
37968,36,11
37969,120,17
37970,0,3
37971,134,16
37972,0,3
37973,111,14
37974,89,15
37975,187,15
37976,103,13
37977,0,3
37978,0,3
37979,170,16
37980,13,7
37981,90,16
37982,0,3
37983,226,22
37984,150,18
37985,116,16
37986,86,13
37987,0,3
37988,147,20
37989,0,3
37990,134,16
37991,0,3
37992,55,9
37993,26,6
37994,92,13
37995,0,3
37996,0,3
37997,0,3
37998,0,3
37999,42,7
38000,136,17
38001,143,19
38002,107,15
38003,74,8
38004,46,10
38005,92,14
38006,223,11
38007,196,18
38008,0,3
38009,67,10
38010,0,3
38011,64,10
38012,123,18
38013,0,3
38014,58,9
38015,100,15
38016,0,3
38017,153,18
38018,69,10
38019,53,11
38020,0,3
38021,0,3
38022,0,3
38023,0,3
38024,22,7
38025,0,3
38026,0,3
38027,137,12
38028,0,3
38029,415,11
38030,53,10
38031,0,3
38032,75,12
38033,73,12
38034,179,19
38035,49,12
38036,119,15
38037,214,22
38038,0,3
38039,0,3
38040,84,17
38041,0,3
38042,0,3
38043,184,22
38044,101,13
38045,0,3
38046,0,3
38047,0,3
38048,164,17
38049,191,22
38050,118,13
38051,0,3
38052,117,13
38053,245,25
38054,0,3
38055,60,11
38056,164,19
38057,0,3
38058,0,3
38059,0,3
38060,0,3
38061,86,18
38062,0,3
38063,195,18
38064,0,3
38065,498,16
38066,0,3
38067,0,3
38068,74,8
38069,0,3
38070,0,3
38071,135,24
38072,175,20
38073,65,14
38074,73,14
38075,0,3
38076,90,13
38077,41,8
38078,0,3
38079,0,3
38080,0,3
38081,0,3
38082,87,12
38083,0,3
38084,108,17
38085,209,22
38086,174,22
38087,31,5
38088,182,19
38089,86,9
38090,135,17
38091,101,12
38092,154,18
38093,119,16
38094,618,17
38095,154,13
38096,162,16
38097,131,17
38098,170,21
38099,44,8
38100,0,3
38101,94,17
38102,118,8
38103,0,3
38104,0,3
38105,163,18
38106,138,18
38107,135,18
38108,0,3
38109,133,20
38110,406,16
38111,97,15
38112,0,3
38113,117,16
38114,165,9
38115,0,3
38116,57,11
38117,0,3
38118,111,19
38119,0,3
38120,101,14
38121,146,15
38122,0,3
38123,120,13
38124,0,3
38125,109,15
38126,55,10
38127,546,16
38128,0,3
38129,0,3
38130,207,10
38131,31,5
38132,315,21
38133,179,27
38134,0,3
38135,0,3
38136,137,13
38137,0,3
38138,128,14
38139,0,3
38140,124,20
38141,0,3
38142,0,3
38143,0,3
38144,251,23
38145,24,11
38146,114,14
38147,0,3
38148,36,6
38149,137,16
38150,156,17
38151,0,3
38152,0,3
38153,0,3
38154,128,20
38155,41,7
38156,140,17
38157,115,18
38158,0,3
38159,0,3
38160,0,3
38161,0,3
38162,0,3
38163,4,4
38164,0,3
38165,70,12
38166,0,3
38167,0,3
38168,175,18
38169,207,24
38170,80,11
38171,121,10
38172,65,12
38173,185,24
38174,89,12
38175,65,10
38176,28,7
38177,152,21
38178,31,7
38179,137,20
38180,21,4
38181,20,5
38182,126,16
38183,110,16
38184,0,3
38185,186,19
38186,70,11
38187,0,3
38188,95,15
38189,148,13
38190,0,3
38191,130,14
38192,0,3
38193,34,9
38194,0,3
38195,211,22
38196,149,18
38197,123,16
38198,34,8
38199,193,20
38200,186,22
38201,0,3
38202,0,3
38203,70,14
38204,0,3
38205,151,15
38206,219,18
38207,111,17
38208,0,3
38209,0,3
38210,192,19
38211,43,9
38212,294,15
38213,0,3
38214,37,12
38215,0,3
38216,96,17
38217,139,18
38218,204,23
38219,48,8
38220,0,3
38221,0,3
38222,0,3
38223,35,5
38224,108,15
38225,93,13
38226,0,3
38227,0,3
38228,68,12
38229,1000,3
38230,52,8
38231,167,25
38232,0,3
38233,58,8
38234,80,10
38235,246,16
38236,122,17
38237,103,19
38238,72,7
38239,119,18
38240,404,13
38241,1,3
38242,92,11
38243,62,10
38244,207,16
38245,0,3
38246,29,5
38247,36,9
38248,144,15
38249,88,11
38250,0,3
38251,0,3
38252,154,22
38253,0,3
38254,0,3
38255,328,21
38256,161,17
38257,339,21
38258,144,12
38259,58,10
38260,104,11
38261,114,14
38262,135,21
38263,127,18
38264,96,12
38265,0,3
38266,250,24
38267,0,3
38268,105,16
38269,362,14
38270,179,21
38271,88,13
38272,123,14
38273,125,15
38274,110,11
38275,56,8
38276,70,9
38277,34,9
38278,155,18
38279,6,4
38280,208,28
38281,0,3
38282,34,9
38283,0,3
38284,43,9
38285,148,17
38286,68,12
38287,116,15
38288,0,3
38289,125,17
38290,0,3
38291,136,18
38292,0,3
38293,0,3
38294,0,3
38295,0,3
38296,136,18
38297,24,7
38298,0,3
38299,118,21
38300,88,14
38301,0,3
38302,0,3
38303,87,11
38304,91,14
38305,43,8
38306,60,12
38307,95,14
38308,232,8
38309,53,9
38310,99,12
38311,261,16
38312,0,3
38313,188,16
38314,0,3
38315,0,3
38316,100,13
38317,91,14
38318,0,3
38319,0,3
38320,0,3
38321,74,14
38322,0,3
38323,0,3
38324,97,16
38325,0,3
38326,55,10
38327,379,19
38328,0,3
38329,0,3
38330,5,3
38331,18,6
38332,119,15
38333,0,3
38334,0,3
38335,0,3
38336,0,3
38337,106,12
38338,0,3
38339,23,8
38340,541,21
38341,81,15
38342,143,18
38343,86,16
38344,102,19
38345,112,15
38346,172,21
38347,0,3
38348,33,8
38349,0,3
38350,0,3
38351,0,3
38352,62,9
38353,16,5
38354,124,18
38355,0,3
38356,5,3
38357,221,19
38358,44,10
38359,19,4
38360,157,23
38361,62,5
38362,117,17
38363,72,8
38364,317,25
38365,0,3
38366,44,11
38367,0,3
38368,100,11
38369,139,18
38370,0,3
38371,96,14
38372,151,21
38373,69,10
38374,104,14
38375,162,18
38376,94,16
38377,0,3
38378,59,10
38379,28,7
38380,54,12
38381,126,17
38382,103,14
38383,141,19
38384,0,3
38385,114,19
38386,103,14
38387,100,12
38388,107,12
38389,40,10
38390,117,15
38391,195,19
38392,116,14
38393,163,20
38394,0,3
38395,180,24
38396,151,17
38397,0,3
38398,108,16
38399,0,3
38400,0,3
38401,160,20
38402,148,16
38403,83,11
38404,124,13
38405,0,3
38406,0,3
38407,165,22
38408,85,14
38409,64,10
38410,0,3
38411,93,15
38412,52,10
38413,3,3
38414,158,18
38415,164,13
38416,113,15
38417,0,3
38418,0,3
38419,0,3
38420,68,6
38421,0,3
38422,103,14
38423,192,7
38424,71,10
38425,71,12
38426,90,15
38427,110,10
38428,45,9
38429,111,17
38430,99,13
38431,129,25
38432,575,16
38433,0,3
38434,0,3
38435,0,3
38436,72,9
38437,113,14
38438,123,14
38439,103,14
38440,102,14
38441,188,17
38442,0,3
38443,0,3
38444,94,17
38445,138,17
38446,0,3
38447,0,3
38448,132,19
38449,55,12
38450,0,3
38451,74,16
38452,0,3
38453,0,3
38454,35,7
38455,0,3
38456,135,18
38457,74,14
38458,0,3
38459,384,22
38460,13,4
38461,0,3
38462,93,16
38463,0,3
38464,133,14
38465,149,15
38466,0,3
38467,113,14
38468,0,3
38469,161,17
38470,177,14
38471,0,3
38472,158,23
38473,143,17
38474,0,3
38475,806,14
38476,157,21
38477,176,10
38478,164,25
38479,118,18
38480,127,17
38481,0,3
38482,170,17
38483,166,23
38484,329,13
38485,103,14
38486,41,9
38487,102,15
38488,86,11
38489,0,3
38490,0,3
38491,66,8
38492,121,17
38493,121,15
38494,0,3
38495,636,15
38496,0,3
38497,0,3
38498,42,6
38499,0,3
38500,0,3
38501,93,20
38502,42,9
38503,69,9
38504,0,3
38505,68,10
38506,119,19
38507,77,11
38508,144,17
38509,0,3
38510,0,3
38511,99,12
38512,140,15
38513,0,3
38514,24,4
38515,51,10
38516,0,3
38517,66,13
38518,54,13
38519,126,16
38520,121,15
38521,70,8
38522,82,15
38523,0,3
38524,0,3
38525,0,3
38526,0,3
38527,97,15
38528,0,3
38529,203,18
38530,0,3
38531,35,9
38532,0,3
38533,37,10
38534,83,11
38535,0,3
38536,276,20
38537,18,8
38538,0,3
38539,23,5
38540,182,13
38541,136,18
38542,67,10
38543,190,21
38544,46,8
38545,0,3
38546,0,3
38547,113,15
38548,86,12
38549,50,6
38550,91,10
38551,112,15
38552,66,9
38553,0,3
38554,71,11
38555,0,3
38556,197,26
38557,0,3
38558,228,28
38559,0,3
38560,0,3
38561,0,3
38562,0,3
38563,0,3
38564,0,3
38565,0,3
38566,119,17
38567,0,3
38568,0,3
38569,0,3
38570,49,10
38571,0,3
38572,986,20
38573,5,3
38574,0,3
38575,94,13
38576,16,5
38577,135,17
38578,20,6
38579,0,3
38580,159,21
38581,0,3
38582,124,19
38583,0,3
38584,49,10
38585,0,3
38586,114,23
38587,131,18
38588,0,3
38589,212,18
38590,64,6
38591,0,3
38592,91,8
38593,165,17
38594,111,17
38595,113,13
38596,138,15
38597,0,3
38598,0,3
38599,212,11
38600,210,19
38601,0,3
38602,181,23
38603,0,3
38604,145,15
38605,88,13
38606,590,16
38607,0,3
38608,217,21
38609,177,19
38610,160,17
38611,90,11
38612,1,3
38613,1000,6
38614,108,19
38615,126,15
38616,0,3
38617,69,11
38618,107,16
38619,0,3
38620,130,19
38621,155,18
38622,114,20
38623,0,3
38624,103,19
38625,86,10
38626,0,3
38627,0,3
38628,101,15
38629,0,3
38630,118,15
38631,182,19
38632,174,20
38633,113,16
38634,38,10
38635,0,3
38636,73,13
38637,78,15
38638,461,7
38639,0,3
38640,0,3
38641,164,8
38642,0,3
38643,0,3
38644,175,20
38645,3,3
38646,72,10
38647,78,11
38648,0,3
38649,0,3
38650,259,20
38651,0,3
38652,76,14
38653,104,17
38654,49,10
38655,0,3
38656,152,19
38657,72,13
38658,56,10
38659,0,3
38660,106,19
38661,246,20
38662,329,15
38663,0,3
38664,261,14
38665,104,17
38666,150,22
38667,0,3
38668,71,16
38669,435,14
38670,159,16
38671,12,5
38672,55,8
38673,0,3
38674,66,15
38675,0,3
38676,58,10
38677,94,17
38678,103,12
38679,0,3
38680,175,19
38681,216,18
38682,194,25
38683,59,9
38684,141,11
38685,52,10
38686,137,17
38687,76,14
38688,79,14
38689,150,5
38690,172,22
38691,74,11
38692,0,3
38693,136,17
38694,0,3
38695,74,13
38696,98,16
38697,0,3
38698,0,3
38699,0,3
38700,111,14
38701,123,19
38702,0,3
38703,194,22
38704,58,12
38705,0,3
38706,110,15
38707,170,21
38708,226,23
38709,0,3
38710,80,9
38711,191,22
38712,101,11
38713,73,13
38714,0,3
38715,0,3
38716,140,21
38717,69,13
38718,67,14
38719,0,3
38720,0,3
38721,0,3
38722,2,3
38723,232,8
38724,340,19
38725,143,16
38726,93,17
38727,123,17
38728,0,3
38729,102,24
38730,0,3
38731,0,3
38732,210,21
38733,156,20
38734,127,19
38735,101,18
38736,128,11
38737,154,19
38738,0,3
38739,77,12
38740,141,18
38741,97,13
38742,120,17
38743,212,25
38744,0,3
38745,100,15
38746,46,5
38747,0,3
38748,0,3
38749,0,3
38750,385,16
38751,213,17
38752,4,4
38753,144,19
38754,40,8
38755,73,14
38756,0,3
38757,0,3
38758,348,17
38759,224,23
38760,109,19
38761,0,3
38762,145,19
38763,108,15
38764,18,7
38765,88,15
38766,0,3
38767,203,24
38768,14,5
38769,0,3
38770,0,3
38771,149,21
38772,120,10
38773,35,7
38774,0,3
38775,130,18
38776,0,3
38777,0,3
38778,0,3
38779,134,23
38780,170,23
38781,0,3
38782,108,13
38783,246,23
38784,0,3
38785,0,3
38786,0,3
38787,914,21
38788,0,3
38789,110,18
38790,40,6
38791,87,13
38792,0,3
38793,77,14
38794,58,11
38795,157,16
38796,0,3
38797,232,34
38798,78,19
38799,110,16
38800,0,3
38801,112,14
38802,133,14
38803,69,12
38804,74,10
38805,0,3
38806,0,3
38807,0,3
38808,128,21
38809,0,3
38810,239,26
38811,970,8
38812,0,3
38813,217,20
38814,0,3
38815,105,12
38816,126,19
38817,0,3
38818,0,3
38819,0,3
38820,32,7
38821,92,14
38822,0,3
38823,156,15
38824,152,25
38825,38,7
38826,0,3
38827,78,11
38828,0,3
38829,0,3
38830,309,21
38831,69,10
38832,124,16
38833,0,3
38834,0,3
38835,36,6
38836,122,15
38837,0,3
38838,0,3
38839,0,3
38840,52,8
38841,0,3
38842,0,3
38843,68,10
38844,0,3
38845,46,7
38846,0,3
38847,0,3
38848,0,3
38849,17,5
38850,0,3
38851,84,16
38852,141,11
38853,109,16
38854,53,9
38855,153,22
38856,129,13
38857,0,3
38858,0,3
38859,124,20
38860,116,12
38861,54,10
38862,51,10
38863,170,20
38864,236,29
38865,150,20
38866,0,3
38867,0,3
38868,263,18
38869,135,17
38870,72,8
38871,101,15
38872,0,3
38873,110,15
38874,76,12
38875,172,18
38876,80,8
38877,117,17
38878,73,10
38879,7,3
38880,112,13
38881,69,10
38882,127,18
38883,2,3
38884,148,21
38885,1000,4
38886,0,3
38887,0,3
38888,0,3
38889,49,6
38890,0,3
38891,0,3
38892,112,13
38893,0,3
38894,17,5
38895,89,15
38896,226,19
38897,31,6
38898,0,3
38899,95,14
38900,0,3
38901,114,17
38902,0,3
38903,35,7
38904,137,18
38905,145,11
38906,0,3
38907,0,3
38908,104,9
38909,0,3
38910,185,23
38911,172,24
38912,0,3
38913,134,16
38914,0,3
38915,85,13
38916,73,16
38917,206,17
38918,82,14
38919,0,3
38920,53,6
38921,90,14
38922,97,11
38923,0,3
38924,169,21
38925,0,3
38926,0,3
38927,0,3
38928,139,20
38929,0,3
38930,0,3
38931,130,16
38932,0,3
38933,85,14
38934,47,8
38935,0,3
38936,114,16
38937,30,6
38938,188,20
38939,0,3
38940,0,3
38941,108,13
38942,0,3
38943,68,8
38944,188,19
38945,0,3
38946,0,3
38947,210,18
38948,185,14
38949,0,3
38950,0,3
38951,165,14
38952,104,10
38953,169,21
38954,113,21
38955,0,3
38956,0,3
38957,0,3
38958,0,3
38959,145,18
38960,202,21
38961,98,15
38962,87,11
38963,80,13
38964,195,19
38965,49,12
38966,0,3
38967,99,12
38968,201,17
38969,54,13
38970,143,18
38971,256,22
38972,48,8
38973,103,17
38974,0,3
38975,0,3
38976,21,7
38977,63,13
38978,82,10
38979,163,19
38980,0,3
38981,112,15
38982,42,8
38983,289,35
38984,0,3
38985,53,11
38986,193,22
38987,85,13
38988,83,13
38989,98,13
38990,395,8
38991,742,23
38992,93,14
38993,174,18
38994,14,6
38995,145,20
38996,102,15
38997,201,21
38998,146,15
38999,0,3
39000,119,20
39001,39,6
39002,188,22
39003,500,9
39004,158,20
39005,0,3
39006,0,3
39007,1000,5
39008,136,18
39009,0,3
39010,0,3
39011,0,3
39012,0,3
39013,141,21
39014,50,9
39015,170,23
39016,0,3
39017,0,3
39018,38,8
39019,140,17
39020,188,19
39021,100,15
39022,0,3
39023,0,3
39024,0,3
39025,243,19
39026,0,3
39027,2,3
39028,91,14
39029,0,3
39030,38,8
39031,64,11
39032,208,21
39033,1,3
39034,155,19
39035,0,3
39036,0,3
39037,0,3
39038,146,22
39039,0,3
39040,233,11
39041,124,21
39042,0,3
39043,159,8
39044,103,15
39045,30,7
39046,25,8
39047,77,12
39048,56,9
39049,0,3
39050,0,3
39051,0,3
39052,0,3
39053,0,3
39054,113,20
39055,82,11
39056,123,18
39057,30,5
39058,54,8
39059,92,13
39060,65,12
39061,151,16
39062,0,3
39063,184,24
39064,83,13
39065,193,18
39066,0,3
39067,120,15
39068,128,20
39069,88,14
39070,162,20
39071,0,3
39072,177,24
39073,26,6
39074,62,10
39075,42,8
39076,67,11
39077,0,3
39078,182,25
39079,37,6
39080,23,6
39081,0,3
39082,0,3
39083,87,12
39084,48,8
39085,0,3
39086,0,3
39087,0,3
39088,162,22
39089,104,17
39090,203,27
39091,35,6
39092,32,5
39093,82,16
39094,93,11
39095,0,3
39096,13,6
39097,0,3
39098,21,4
39099,82,11
39100,73,10
39101,0,3
39102,496,17
39103,119,15
39104,127,16
39105,0,3
39106,0,3
39107,0,3
39108,0,3
39109,131,15
39110,131,14
39111,0,3
39112,112,13
39113,0,3
39114,0,3
39115,112,14
39116,58,13
39117,108,14
39118,0,3
39119,94,14
39120,0,3
39121,80,14
39122,0,3
39123,18,6
39124,0,3
39125,0,3
39126,0,3
39127,83,14
39128,60,14
39129,0,3
39130,712,10
39131,0,3
39132,106,18
39133,127,20
39134,146,17
39135,59,10
39136,171,25
39137,108,10
39138,0,3
39139,73,6
39140,40,8
39141,82,15
39142,0,3
39143,72,11
39144,53,10
39145,116,17
39146,0,3
39147,145,16
39148,0,3
39149,147,21
39150,0,3
39151,224,17
39152,0,3
39153,0,3
39154,71,11
39155,101,18
39156,0,3
39157,59,11
39158,0,3
39159,90,13
39160,0,3
39161,121,11
39162,136,17
39163,175,11
39164,0,3
39165,132,15
39166,0,3
39167,45,7
39168,0,3
39169,20,8
39170,153,24
39171,94,13
39172,55,10
39173,81,14
39174,0,3
39175,62,7
39176,0,3
39177,122,19
39178,243,21
39179,123,18
39180,466,26
39181,128,15
39182,0,3
39183,0,3
39184,0,3
39185,0,3
39186,31,7
39187,36,7
39188,184,17
39189,214,22
39190,0,3
39191,115,16
39192,0,3
39193,233,26
39194,168,19
39195,94,14
39196,141,19
39197,110,14
39198,0,3
39199,112,19
39200,44,6
39201,6,4
39202,11,5
39203,29,5
39204,27,4
39205,0,3
39206,143,21
39207,78,9
39208,98,14
39209,191,22
39210,0,3
39211,0,3
39212,169,22
39213,0,3
39214,61,13
39215,0,3
39216,0,3
39217,141,16
39218,0,3
39219,0,3
39220,132,19
39221,139,15
39222,316,22
39223,165,17
39224,84,16
39225,167,15
39226,136,15
39227,0,3
39228,0,3
39229,0,3
39230,28,7
39231,0,3
39232,148,18
39233,177,25
39234,0,3
39235,105,12
39236,145,20
39237,63,10
39238,0,3
39239,150,17
39240,231,27
39241,84,13
39242,103,13
39243,0,3
39244,88,13
39245,192,23
39246,0,3
39247,34,9
39248,150,17
39249,143,17
39250,0,3
39251,89,15
39252,58,10
39253,29,6
39254,0,3
39255,228,25
39256,134,17
39257,0,3
39258,3,3
39259,0,3
39260,144,20
39261,120,18
39262,79,16
39263,12,6
39264,171,23
39265,0,3
39266,65,9
39267,0,3
39268,0,3
39269,140,18
39270,0,3
39271,0,3
39272,55,9
39273,224,16
39274,79,13
39275,233,10
39276,112,11
39277,343,20
39278,46,7
39279,94,11
39280,0,3
39281,0,3
39282,150,16
39283,39,9
39284,43,9
39285,0,3
39286,0,3
39287,0,3
39288,151,19
39289,186,20
39290,0,3
39291,121,17
39292,114,13
39293,88,7
39294,0,3
39295,0,3
39296,0,3
39297,83,9
39298,217,28
39299,0,3
39300,0,3
39301,0,3
39302,0,3
39303,0,3
39304,270,23
39305,71,12
39306,6,4
39307,110,13
39308,224,19
39309,20,7
39310,107,18
39311,0,3
39312,0,3
39313,40,11
39314,0,3
39315,169,20
39316,61,11
39317,65,10
39318,124,20
39319,0,3
39320,0,3
39321,0,3
39322,0,3
39323,0,3
39324,80,14
39325,78,10
39326,0,3
39327,0,3
39328,322,20
39329,92,8
39330,100,14
39331,270,32
39332,0,3
39333,132,15
39334,206,22
39335,0,3
39336,88,11
39337,130,12
39338,97,14
39339,33,9
39340,0,3
39341,48,12
39342,80,15
39343,78,13
39344,55,12
39345,0,3
39346,124,15
39347,12,5
39348,181,18
39349,0,3
39350,0,3
39351,130,23
39352,163,21
39353,189,17
39354,191,24
39355,63,11
39356,219,24
39357,51,8
39358,165,21
39359,93,15
39360,64,11
39361,89,14
39362,159,18
39363,0,3
39364,0,3
39365,139,13
39366,0,3
39367,74,11
39368,0,3
39369,0,3
39370,200,17
39371,0,3
39372,155,21
39373,117,15
39374,0,3
39375,178,19
39376,104,13
39377,59,10
39378,155,22
39379,171,16
39380,0,3
39381,221,29
39382,324,11
39383,101,14
39384,93,14
39385,32,7
39386,0,3
39387,0,3
39388,228,20
39389,83,13
39390,95,15
39391,136,11
39392,120,18
39393,43,7
39394,42,10
39395,0,3
39396,25,6
39397,61,10
39398,97,14
39399,188,27
39400,134,19
39401,0,3
39402,115,15
39403,116,14
39404,0,3
39405,153,22
39406,147,17
39407,0,3
39408,156,19
39409,0,3
39410,42,5
39411,0,3
39412,45,11
39413,0,3
39414,60,10
39415,0,3
39416,0,3
39417,114,14
39418,0,3
39419,53,9
39420,0,3
39421,106,16
39422,114,15
39423,0,3
39424,32,11
39425,120,12
39426,0,3
39427,20,5
39428,68,12
39429,0,3
39430,179,16
39431,49,12
39432,105,17
39433,0,3
39434,93,17
39435,98,18
39436,0,3
39437,94,13
39438,158,24
39439,147,20
39440,149,18
39441,97,19
39442,0,3
39443,113,12
39444,0,3
39445,130,16
39446,2,3
39447,0,3
39448,103,15
39449,0,3
39450,679,15
39451,0,3
39452,75,14
39453,136,17
39454,127,14
39455,78,13
39456,0,3
39457,46,9
39458,91,13
39459,0,3
39460,0,3
39461,421,12
39462,18,5
39463,74,10
39464,0,3
39465,0,3
39466,0,3
39467,333,20
39468,129,16
39469,0,3
39470,139,18
39471,71,11
39472,0,3
39473,146,20
39474,78,15
39475,194,30
39476,0,3
39477,93,14
39478,0,3
39479,114,13
39480,61,7
39481,0,3
39482,212,19
39483,0,3
39484,419,22
39485,17,5
39486,115,19
39487,107,15
39488,133,18
39489,107,17
39490,0,3
39491,194,19
39492,238,24
39493,0,3
39494,41,9
39495,120,13
39496,76,10
39497,282,23
39498,187,20
39499,0,3
39500,89,13
39501,0,3
39502,0,3
39503,0,3
39504,95,15
39505,48,7
39506,0,3
39507,82,14
39508,0,3
39509,112,15
39510,181,20
39511,70,10
39512,172,19
39513,0,3
39514,94,17
39515,0,3
39516,0,3
39517,0,3
39518,101,13
39519,0,3
39520,42,6
39521,0,3
39522,92,14
39523,162,28
39524,38,9
39525,171,15
39526,0,3
39527,155,20
39528,147,18
39529,0,3
39530,74,13
39531,122,18
39532,0,3
39533,116,18
39534,0,3
39535,156,13
39536,8,4
39537,120,16
39538,0,3
39539,0,3
39540,147,20
39541,0,3
39542,371,28
39543,116,16
39544,0,3
39545,57,10
39546,0,3
39547,0,3
39548,96,14
39549,0,3
39550,11,5
39551,46,10
39552,88,15
39553,129,17
39554,101,13
39555,130,13
39556,0,3
39557,147,16
39558,0,3
39559,177,23
39560,0,3
39561,55,12
39562,0,3
39563,108,17
39564,135,19
39565,0,3
39566,0,3
39567,110,12
39568,159,18
39569,0,3
39570,93,11
39571,170,21
39572,0,3
39573,0,3
39574,54,10
39575,101,15
39576,31,9
39577,0,3
39578,40,5
39579,0,3
39580,0,3
39581,63,8
39582,0,3
39583,0,3
39584,127,14
39585,120,21
39586,100,18
39587,81,16
39588,138,21
39589,557,9
39590,154,16
39591,197,20
39592,37,9
39593,100,11
39594,60,10
39595,141,16
39596,0,3
39597,47,11
39598,229,30
39599,56,10
39600,0,3
39601,137,21
39602,0,3
39603,0,3
39604,424,21
39605,238,9
39606,0,3
39607,117,12
39608,240,27
39609,0,3
39610,100,13
39611,111,10
39612,46,7
39613,86,12
39614,120,14
39615,152,17
39616,212,28
39617,135,17
39618,190,19
39619,0,3
39620,110,14
39621,0,3
39622,147,11
39623,85,10
39624,5,3
39625,98,12
39626,0,3
39627,90,16
39628,34,6
39629,15,4
39630,0,3
39631,177,23
39632,140,17
39633,488,7
39634,0,3
39635,102,13
39636,107,17
39637,56,9
39638,100,14
39639,470,9
39640,0,3
39641,134,19
39642,143,19
39643,26,7
39644,0,3
39645,0,3
39646,86,14
39647,0,3
39648,122,15
39649,0,3
39650,0,3
39651,0,3
39652,0,3
39653,1000,4
39654,186,21
39655,0,3
39656,0,3
39657,82,11
39658,89,12
39659,132,22
39660,0,3
39661,275,27
39662,0,3
39663,248,26
39664,224,23
39665,0,3
39666,98,17
39667,0,3
39668,77,15
39669,91,13
39670,15,4
39671,148,22
39672,0,3
39673,100,18
39674,0,3
39675,86,16
39676,132,10
39677,176,18
39678,0,3
39679,131,21
39680,194,18
39681,0,3
39682,426,22
39683,0,3
39684,67,13
39685,96,13
39686,53,9
39687,84,13
39688,0,3
39689,84,14
39690,154,19
39691,0,3
39692,14,4
39693,168,20
39694,145,15
39695,124,19
39696,13,5
39697,0,3
39698,191,7
39699,64,15
39700,146,22
39701,160,20
39702,187,20
39703,120,21
39704,0,3
39705,179,18
39706,45,11
39707,187,19
39708,107,14
39709,70,12
39710,77,14
39711,38,7
39712,5,4
39713,102,13
39714,130,15
39715,0,3
39716,86,15
39717,160,18
39718,147,21
39719,157,18
39720,184,25
39721,102,16
39722,154,19
39723,0,3
39724,325,24
39725,103,17
39726,215,15
39727,0,3
39728,0,3
39729,105,18
39730,92,14
39731,0,3
39732,65,11
39733,47,4
39734,0,3
39735,0,3
39736,97,15
39737,184,21
39738,108,11
39739,0,3
39740,106,16
39741,64,10
39742,88,10
39743,95,12
39744,111,16
39745,71,12
39746,0,3
39747,119,22
39748,0,3
39749,1,3
39750,96,17
39751,129,20
39752,88,16
39753,264,17
39754,82,18
39755,210,20
39756,214,26
39757,0,3
39758,57,11
39759,199,23
39760,48,7
39761,205,22
39762,0,3
39763,0,3
39764,0,3
39765,55,11
39766,85,14
39767,128,17
39768,154,15
39769,157,23
39770,129,18
39771,45,9
39772,44,9
39773,0,3
39774,88,16
39775,0,3
39776,144,20
39777,95,12
39778,102,13
39779,0,3
39780,113,17
39781,0,3
39782,163,19
39783,137,16
39784,123,18
39785,84,11
39786,61,11
39787,0,3
39788,137,20
39789,0,3
39790,152,16
39791,0,3
39792,156,14
39793,153,16
39794,0,3
39795,0,3
39796,182,27
39797,174,18
39798,175,21
39799,239,20
39800,0,3
39801,0,3
39802,185,18
39803,154,20
39804,54,10
39805,0,3
39806,165,23
39807,0,3
39808,47,9
39809,237,29
39810,43,7
39811,151,11
39812,137,18
39813,116,18
39814,155,20
39815,27,8
39816,0,3
39817,0,3
39818,146,21
39819,0,3
39820,158,20
39821,122,16
39822,82,12
39823,163,22
39824,0,3
39825,0,3
39826,150,17
39827,674,20
39828,56,8
39829,932,22
39830,0,3
39831,0,3
39832,134,17
39833,0,3
39834,145,14
39835,26,6
39836,51,10
39837,218,26
39838,0,3
39839,0,3
39840,0,3
39841,47,11
39842,0,3
39843,0,3
39844,0,3
39845,71,10
39846,650,12
39847,885,4
39848,73,12
39849,88,16
39850,261,29
39851,116,13
39852,15,4
39853,0,3
39854,389,22
39855,164,20
39856,111,14
39857,0,3
39858,0,3
39859,200,24
39860,55,9
39861,52,10
39862,79,12
39863,106,7
39864,101,13
39865,86,13
39866,159,17
39867,116,16
39868,115,20
39869,41,9
39870,0,3
39871,0,3
39872,0,3
39873,206,9
39874,401,12
39875,0,3
39876,0,3
39877,0,3
39878,56,12
39879,158,13
39880,113,15
39881,0,3
39882,68,12
39883,108,19
39884,194,20
39885,0,3
39886,117,14
39887,97,12
39888,0,3
39889,680,8
39890,0,3
39891,189,19
39892,14,5
39893,14,5
39894,0,3
39895,96,14
39896,478,15
39897,129,17
39898,17,5
39899,67,10
39900,0,3
39901,196,18
39902,0,3
39903,164,22
39904,0,3
39905,53,8
39906,184,19
39907,164,22
39908,0,3
39909,89,15
39910,80,13
39911,55,9
39912,289,8
39913,205,22
39914,50,11
39915,0,3
39916,134,12
39917,96,15
39918,0,3
39919,1,3
39920,0,3
39921,0,3
39922,360,13
39923,79,15
39924,31,6
39925,102,13
39926,690,18
39927,315,11
39928,0,3
39929,0,3
39930,91,12
39931,43,9
39932,132,13
39933,0,3
39934,226,17
39935,88,11
39936,174,22
39937,0,3
39938,0,3
39939,167,23
39940,228,13
39941,0,3
39942,99,9
39943,0,3
39944,124,19
39945,148,23
39946,105,15
39947,72,11
39948,186,24
39949,0,3
39950,225,19
39951,0,3
39952,17,5
39953,0,3
39954,0,3
39955,0,3
39956,0,3
39957,194,26
39958,0,3
39959,62,12
39960,47,9
39961,0,3
39962,0,3
39963,0,3
39964,0,3
39965,0,3
39966,0,3
39967,0,3
39968,393,17
39969,0,3
39970,156,22
39971,132,23
39972,91,16
39973,0,3
39974,0,3
39975,79,19
39976,25,5
39977,55,11
39978,47,4
39979,71,12
39980,93,14
39981,0,3
39982,42,8
39983,149,20
39984,0,3
39985,110,18
39986,127,19
39987,11,4
39988,0,3
39989,164,18
39990,127,15
39991,0,3
39992,0,3
39993,0,3
39994,0,3
39995,0,3
39996,145,17
39997,188,17
39998,0,3
39999,0,3
40000,92,17
40001,1000,9
40002,0,3
40003,0,3
40004,27,5
40005,0,3
40006,0,3
40007,64,13
40008,0,3
40009,57,12
40010,0,3
40011,273,12
40012,126,16
40013,0,3
40014,0,3
40015,136,24
40016,0,3
40017,114,13
40018,0,3
40019,53,9
40020,0,3
40021,116,15
40022,59,8
40023,0,3
40024,572,10
40025,124,19
40026,0,3
40027,29,5
40028,0,3
40029,0,3
40030,0,3
40031,299,17
40032,2,3
40033,0,3
40034,153,15
40035,158,25
40036,6,3
40037,57,7
40038,190,7
40039,72,14
40040,92,16
40041,104,9
40042,0,3
40043,0,3
40044,0,3
40045,156,22
40046,0,3
40047,50,9
40048,155,18
40049,297,26
40050,59,8
40051,278,18
40052,0,3
40053,0,3
40054,173,16
40055,115,16
40056,34,7
40057,96,14
40058,65,8
40059,119,15
40060,172,16
40061,0,3
40062,91,13
40063,85,14
40064,243,25
40065,142,19
40066,215,18
40067,0,3
40068,0,3
40069,0,3
40070,171,24
40071,59,9
40072,0,3
40073,302,31
40074,0,3
40075,96,13
40076,167,22
40077,0,3
40078,147,21
40079,183,11
40080,124,13
40081,52,5
40082,79,12
40083,96,18
40084,32,5
40085,25,5
40086,64,11
40087,0,3
40088,130,21
40089,0,3
40090,53,9
40091,123,16
40092,646,18
40093,0,3
40094,36,6
40095,0,3
40096,155,22
40097,56,12
40098,47,9
40099,85,15
40100,86,9
40101,61,13
40102,0,3
40103,206,20
40104,71,14
40105,111,14
40106,14,4
40107,578,24
40108,103,13
40109,88,18
40110,0,3
40111,17,4
40112,0,3
40113,0,3
40114,0,3
40115,89,11
40116,146,17
40117,0,3
40118,0,3
40119,0,3
40120,119,13
40121,55,12
40122,0,3
40123,153,19
40124,0,3
40125,119,20
40126,26,7
40127,0,3
40128,184,21
40129,0,3
40130,0,3
40131,0,3
40132,170,21
40133,112,12
40134,0,3
40135,0,3
40136,91,13
40137,0,3
40138,204,20
40139,31,6
40140,0,3
40141,128,17
40142,56,9
40143,86,14
40144,0,3
40145,30,8
40146,6,4
40147,158,19
40148,289,13
40149,0,3
40150,126,18
40151,0,3
40152,79,15
40153,0,3
40154,0,3
40155,0,3
40156,152,19
40157,200,22
40158,0,3
40159,0,3
40160,0,3
40161,109,15
40162,0,3
40163,0,3
40164,72,11
40165,100,10
40166,181,19
40167,104,12
40168,144,20
40169,0,3
40170,84,11
40171,0,3
40172,133,19
40173,137,19
40174,0,3
40175,0,3
40176,0,3
40177,0,3
40178,0,3
40179,111,23
40180,68,7
40181,86,14
40182,89,12
40183,336,7
40184,94,16
40185,130,19
40186,16,7
40187,61,11
40188,76,13
40189,144,17
40190,120,13
40191,93,15
40192,0,3
40193,52,10
40194,0,3
40195,151,20
40196,0,3
40197,163,21
40198,140,14
40199,152,16
40200,0,3
40201,128,19
40202,197,16
40203,244,14
40204,124,16
40205,0,3
40206,7,3
40207,0,3
40208,0,3
40209,0,3
40210,0,3
40211,0,3
40212,0,3
40213,321,16
40214,18,6
40215,204,21
40216,0,3
40217,71,10
40218,0,3
40219,162,21
40220,0,3
40221,0,3
40222,60,7
40223,137,17
40224,0,3
40225,91,17
40226,113,14
40227,0,3
40228,82,10
40229,104,18
40230,0,3
40231,0,3
40232,157,17
40233,73,13
40234,37,8
40235,271,20
40236,28,9
40237,110,12
40238,33,7
40239,0,3
40240,0,3
40241,186,19
40242,55,8
40243,75,13
40244,129,20
40245,50,12
40246,107,17
40247,258,27
40248,135,21
40249,0,3
40250,0,3
40251,0,3
40252,127,19
40253,0,3
40254,59,9
40255,176,21
40256,100,17
40257,0,3
40258,108,16
40259,0,3
40260,213,28
40261,0,3
40262,0,3
40263,121,10
40264,0,3
40265,0,3
40266,0,3
40267,195,22
40268,287,27
40269,0,3
40270,0,3
40271,1,2
40272,90,10
40273,217,15
40274,122,18
40275,169,16
40276,44,12
40277,0,3
40278,0,3
40279,0,3
40280,46,8
40281,134,10
40282,2,4
40283,0,3
40284,129,19
40285,29,7
40286,0,3
40287,193,23
40288,189,26
40289,128,17
40290,189,19
40291,0,3
40292,0,3
40293,167,15
40294,96,13
40295,331,7
40296,36,7
40297,50,11
40298,152,15
40299,194,19
40300,0,3
40301,173,18
40302,85,14
40303,182,25
40304,0,3
40305,209,20
40306,162,20
40307,0,3
40308,5,3
40309,92,17
40310,0,3
40311,0,3
40312,0,3
40313,98,16
40314,0,3
40315,0,3
40316,0,3
40317,0,3
40318,99,12
40319,25,4
40320,0,3
40321,0,3
40322,63,11
40323,78,15
40324,0,3
40325,120,18
40326,159,17
40327,85,13
40328,128,21
40329,72,14
40330,476,11
40331,0,3
40332,49,9
40333,0,3
40334,0,3
40335,79,11
40336,177,19
40337,0,3
40338,88,12
40339,225,27
40340,141,21
40341,15,4
40342,42,11
40343,0,3
40344,0,3
40345,123,18
40346,120,19
40347,110,13
40348,84,10
40349,129,21
40350,198,27
40351,170,19
40352,155,17
40353,0,3
40354,146,25
40355,0,3
40356,203,5
40357,0,3
40358,0,3
40359,226,28
40360,100,10
40361,0,3
40362,166,24
40363,331,21
40364,167,20
40365,0,3
40366,0,3
40367,116,14
40368,171,22
40369,119,18
40370,71,11
40371,478,28
40372,148,18
40373,0,3
40374,0,3
40375,0,3
40376,73,10
40377,200,24
40378,0,3
40379,751,17
40380,113,21
40381,0,3
40382,752,19
40383,0,3
40384,0,3
40385,0,3
40386,0,3
40387,204,19
40388,75,10
40389,24,6
40390,85,14
40391,124,14
40392,122,19
40393,125,18
40394,115,13
40395,0,3
40396,112,18
40397,0,3
40398,140,20
40399,105,14
40400,29,7
40401,190,22
40402,0,3
40403,54,10
40404,0,3
40405,44,7
40406,238,21
40407,0,3
40408,0,3
40409,0,3
40410,18,6
40411,3,4
40412,114,15
40413,0,3
40414,0,3
40415,142,16
40416,0,3
40417,23,5
40418,108,19
40419,71,13
40420,115,15
40421,0,3
40422,199,25
40423,154,22
40424,81,12
40425,73,10
40426,149,16
40427,88,14
40428,0,3
40429,136,19
40430,0,3
40431,64,12
40432,0,3
40433,0,3
40434,0,3
40435,0,3
40436,91,14
40437,0,3
40438,25,5
40439,0,3
40440,130,14
40441,0,3
40442,144,20
40443,0,3
40444,0,3
40445,90,13
40446,191,12
40447,0,3
40448,151,21
40449,0,3
40450,0,3
40451,0,3
40452,97,13
40453,104,13
40454,0,3
40455,520,6
40456,240,27
40457,0,3
40458,0,3
40459,163,19
40460,0,3
40461,60,8
40462,0,3
40463,0,3
40464,0,3
40465,202,25
40466,157,20
40467,124,22
40468,0,3
40469,169,15
40470,101,16
40471,0,3
40472,193,20
40473,82,15
40474,144,18
40475,0,3
40476,64,11
40477,0,3
40478,140,19
40479,0,3
40480,61,10
40481,114,11
40482,0,3
40483,127,19
40484,206,23
40485,107,16
40486,0,3
40487,0,3
40488,0,3
40489,0,3
40490,70,7
40491,0,3
40492,0,3
40493,129,16
40494,0,3
40495,138,20
40496,0,3
40497,114,14
40498,437,15
40499,273,25
40500,122,19
40501,152,20
40502,113,16
40503,213,23
40504,147,21
40505,115,13
40506,75,11
40507,0,3
40508,13,4
40509,0,3
40510,40,6
40511,74,11
40512,187,24
40513,160,21
40514,0,3
40515,0,3
40516,180,26
40517,0,3
40518,99,16
40519,82,10
40520,175,22
40521,0,3
40522,202,21
40523,37,6
40524,92,14
40525,63,10
40526,0,3
40527,122,17
40528,86,16
40529,69,10
40530,0,3
40531,180,16
40532,39,6
40533,0,3
40534,183,20
40535,0,3
40536,163,17
40537,45,9
40538,0,3
40539,190,17
40540,76,12
40541,90,10
40542,158,20
40543,144,19
40544,0,3
40545,67,11
40546,0,3
40547,147,24
40548,0,3
40549,54,11
40550,0,3
40551,0,3
40552,66,11
40553,0,3
40554,175,21
40555,193,16
40556,178,21
40557,447,7
40558,127,17
40559,169,23
40560,0,3
40561,173,23
40562,35,7
40563,123,15
40564,90,14
40565,0,3
40566,106,14
40567,0,3
40568,127,15
40569,0,3
40570,56,11
40571,0,3
40572,0,3
40573,142,17
40574,0,3
40575,54,10
40576,0,3
40577,157,16
40578,166,19
40579,345,25
40580,0,3
40581,137,23
40582,184,20
40583,131,17
40584,0,3
40585,177,20
40586,151,19
40587,116,16
40588,136,14
40589,0,3
40590,85,11
40591,0,3
40592,96,16
40593,0,3
40594,0,3
40595,93,12
40596,0,3
40597,0,3
40598,133,19
40599,0,3
40600,170,25
40601,84,17
40602,0,3
40603,276,31
40604,0,3
40605,229,22
40606,52,9
40607,153,20
40608,224,24
40609,97,11
40610,126,15
40611,433,13
40612,9,3
40613,0,3
40614,0,3
40615,24,3
40616,0,3
40617,39,5
40618,121,22
40619,110,20
40620,251,24
40621,92,12
40622,98,17
40623,119,16
40624,226,30
40625,162,22
40626,99,17
40627,0,3
40628,123,22
40629,139,17
40630,0,3
40631,77,15
40632,87,15
40633,86,12
40634,112,19
40635,0,3
40636,0,3
40637,0,3
40638,150,17
40639,74,8
40640,0,3
40641,0,3
40642,118,24
40643,0,3
40644,186,24
40645,116,11
40646,0,3
40647,0,3
40648,0,3
40649,0,3
40650,0,3
40651,50,11
40652,126,15
40653,245,25
40654,0,3
40655,0,3
40656,139,20
40657,146,18
40658,107,13
40659,91,14
40660,99,13
40661,138,20
40662,0,3
40663,0,3
40664,0,3
40665,97,17
40666,192,21
40667,0,3
40668,0,3
40669,0,3
40670,116,16
40671,80,11
40672,193,18
40673,14,4
40674,139,20
40675,0,3
40676,0,3
40677,272,27
40678,0,3
40679,169,24
40680,0,3
40681,154,14
40682,26,6
40683,155,24
40684,123,17
40685,61,14
40686,0,3
40687,98,15
40688,0,3
40689,0,3
40690,82,12
40691,164,20
40692,0,3
40693,167,18
40694,0,3
40695,117,3
40696,147,24
40697,178,21
40698,0,3
40699,0,3
40700,0,3
40701,0,3
40702,182,24
40703,144,19
40704,167,20
40705,119,14
40706,0,3
40707,76,11
40708,0,3
40709,0,3
40710,130,19
40711,167,19
40712,66,11
40713,0,3
40714,69,13
40715,63,9
40716,143,19
40717,182,26
40718,0,3
40719,111,16
40720,105,13
40721,168,18
40722,0,3
40723,0,3
40724,0,3
40725,148,21
40726,96,15
40727,64,10
40728,119,14
40729,0,3
40730,141,14
40731,0,3
40732,52,9
40733,37,7
40734,125,14
40735,108,18
40736,0,3
40737,0,3
40738,0,3
40739,0,3
40740,166,22
40741,69,16
40742,0,3
40743,68,10
40744,53,10
40745,0,3
40746,0,3
40747,106,13
40748,117,22
40749,212,21
40750,133,17
40751,102,19
40752,143,23
40753,131,17
40754,0,3
40755,147,18
40756,0,3
40757,7,4
40758,131,16
40759,92,15
40760,0,3
40761,71,14
40762,0,3
40763,101,18
40764,0,3
40765,0,3
40766,0,3
40767,227,27
40768,0,3
40769,69,15
40770,227,30
40771,0,3
40772,173,22
40773,79,15
40774,113,15
40775,170,21
40776,85,14
40777,0,3
40778,0,3
40779,0,3
40780,0,3
40781,0,3
40782,111,13
40783,222,21
40784,133,18
40785,0,3
40786,88,19
40787,114,18
40788,0,3
40789,14,6
40790,0,3
40791,61,9
40792,106,16
40793,0,3
40794,94,15
40795,0,3
40796,0,3
40797,0,3
40798,127,18
40799,199,21
40800,0,3
40801,113,19
40802,164,11
40803,106,16
40804,0,3
40805,0,3
40806,109,18
40807,159,18
40808,0,3
40809,0,3
40810,143,16
40811,8,3
40812,71,9
40813,0,3
40814,164,24
40815,40,10
40816,67,9
40817,103,15
40818,121,16
40819,98,11
40820,0,3
40821,186,22
40822,86,13
40823,232,19
40824,196,15
40825,0,3
40826,50,10
40827,108,15
40828,0,3
40829,0,3
40830,140,18
40831,98,9
40832,0,3
40833,0,3
40834,182,26
40835,175,17
40836,0,3
40837,132,19
40838,52,12
40839,86,16
40840,62,7
40841,0,3
40842,0,3
40843,0,3
40844,100,18
40845,155,19
40846,53,8
40847,0,3
40848,115,18
40849,52,9
40850,0,3
40851,186,19
40852,1000,5
40853,102,20
40854,0,3
40855,152,15
40856,32,6
40857,0,3
40858,0,3
40859,208,27
40860,137,20
40861,0,3
40862,147,23
40863,0,3
40864,163,20
40865,136,19
40866,0,3
40867,143,21
40868,0,3
40869,142,19
40870,0,3
40871,135,17
40872,178,21
40873,69,14
40874,53,12
40875,1,3
40876,113,11
40877,157,17
40878,108,17
40879,0,3
40880,207,19
40881,0,3
40882,113,16
40883,168,19
40884,50,8
40885,130,21
40886,217,8
40887,166,22
40888,0,3
40889,0,3
40890,0,3
40891,17,5
40892,67,9
40893,0,3
40894,111,11
40895,152,17
40896,0,3
40897,0,3
40898,117,19
40899,117,15
40900,16,5
40901,134,18
40902,5,3
40903,404,19
40904,168,19
40905,419,5
40906,0,3
40907,88,16
40908,0,3
40909,195,14
40910,191,18
40911,0,3
40912,97,15
40913,123,21
40914,200,14
40915,0,3
40916,78,13
40917,0,3
40918,72,10
40919,679,22
40920,20,7
40921,83,12
40922,143,18
40923,136,13
40924,276,19
40925,119,15
40926,0,3
40927,100,13
40928,83,12
40929,0,3
40930,0,3
40931,251,15
40932,131,16
40933,128,22
40934,87,12
40935,0,3
40936,0,3
40937,162,19
40938,98,18
40939,118,16
40940,196,25
40941,95,14
40942,0,3
40943,0,3
40944,100,14
40945,0,3
40946,98,14
40947,135,22
40948,40,11
40949,1000,7
40950,136,17
40951,0,3
40952,204,19
40953,114,19
40954,0,3
40955,5,4
40956,0,3
40957,165,19
40958,508,17
40959,74,11
40960,111,12
40961,27,5
40962,0,3
40963,0,3
40964,153,24
40965,61,13
40966,0,3
40967,183,23
40968,46,8
40969,616,19
40970,0,3
40971,0,3
40972,232,26
40973,94,11
40974,0,3
40975,0,3
40976,130,18
40977,72,15
40978,120,16
40979,0,3
40980,151,22
40981,0,3
40982,121,17
40983,142,13
40984,0,3
40985,127,16
40986,163,20
40987,0,3
40988,42,7
40989,0,3
40990,203,22
40991,130,17
40992,0,3
40993,135,21
40994,127,17
40995,0,3
40996,92,12
40997,196,22
40998,135,19
40999,137,19
41000,169,21
41001,187,20
41002,175,20
41003,0,3
41004,0,3
41005,42,8
41006,12,4
41007,869,15
41008,0,3
41009,0,3
41010,0,3
41011,44,10
41012,0,3
41013,0,3
41014,133,19
41015,136,18
41016,145,23
41017,111,18
41018,72,12
41019,93,18
41020,111,18
41021,508,15
41022,131,17
41023,120,18
41024,80,10
41025,87,13
41026,0,3
41027,324,16
41028,210,25
41029,171,18
41030,0,3
41031,0,3
41032,0,3
41033,0,3
41034,88,11
41035,0,3
41036,0,3
41037,135,19
41038,184,25
41039,34,5
41040,491,12
41041,137,19
41042,87,12
41043,1,3
41044,0,3
41045,0,3
41046,0,3
41047,30,6
41048,142,19
41049,67,10
41050,121,19
41051,94,14
41052,60,4
41053,182,24
41054,2,3
41055,43,10
41056,421,19
41057,92,9
41058,0,3
41059,102,14
41060,224,22
41061,129,16
41062,80,10
41063,76,10
41064,102,16
41065,0,3
41066,141,16
41067,0,3
41068,33,9
41069,92,12
41070,219,16
41071,156,22
41072,161,22
41073,0,3
41074,0,3
41075,165,24
41076,0,3
41077,96,11
41078,188,22
41079,149,11
41080,109,15
41081,188,15
41082,0,3
41083,0,3
41084,58,11
41085,165,24
41086,125,16
41087,178,20
41088,129,15
41089,0,3
41090,176,18
41091,148,21
41092,0,3
41093,0,3
41094,0,3
41095,176,19
41096,171,19
41097,0,3
41098,5,3
41099,105,15
41100,279,12
41101,266,29
41102,0,3
41103,124,18
41104,116,18
41105,0,3
41106,0,3
41107,100,17
41108,0,3
41109,75,12
41110,84,11
41111,0,3
41112,0,3
41113,0,3
41114,30,8
41115,0,3
41116,0,3
41117,341,17
41118,0,3
41119,0,3
41120,0,3
41121,21,5
41122,0,3
41123,222,33
41124,163,19
41125,45,9
41126,118,16
41127,0,3
41128,0,3
41129,0,3
41130,0,3
41131,0,3
41132,160,17
41133,153,19
41134,158,23
41135,0,3
41136,165,20
41137,0,3
41138,204,22
41139,131,24
41140,105,15
41141,193,20
41142,187,21
41143,0,3
41144,86,17
41145,0,3
41146,90,12
41147,199,24
41148,649,13
41149,73,12
41150,0,3
41151,65,9
41152,136,18
41153,107,13
41154,94,15
41155,133,15
41156,118,16
41157,0,3
41158,123,14
41159,116,13
41160,121,16
41161,67,9
41162,100,15
41163,0,3
41164,102,17
41165,93,13
41166,164,25
41167,108,16
41168,102,15
41169,84,17
41170,0,3
41171,0,3
41172,189,25
41173,31,10
41174,0,3
41175,115,17
41176,0,3
41177,144,16
41178,0,3
41179,0,3
41180,84,14
41181,141,18
41182,114,17
41183,33,8
41184,54,11
41185,161,19
41186,64,14
41187,135,14
41188,33,7
41189,127,15
41190,153,17
41191,326,11
41192,121,17
41193,130,17
41194,122,15
41195,151,21
41196,166,22
41197,162,18
41198,164,18
41199,1,4
41200,97,13
41201,159,20
41202,77,12
41203,0,3
41204,43,6
41205,0,3
41206,0,3
41207,151,15
41208,84,12
41209,0,3
41210,0,3
41211,0,3
41212,98,12
41213,143,18
41214,0,3
41215,197,26
41216,161,18
41217,66,10
41218,0,3
41219,134,19
41220,109,15
41221,137,22
41222,0,3
41223,105,15
41224,0,3
41225,205,22
41226,0,3
41227,84,13
41228,61,8
41229,95,15
41230,100,13
41231,0,3
41232,914,6
41233,54,8
41234,197,21
41235,176,23
41236,0,3
41237,56,7
41238,0,3
41239,0,3
41240,9,5
41241,78,11
41242,108,15
41243,0,3
41244,0,3
41245,170,16
41246,367,20
41247,0,3
41248,130,17
41249,0,3
41250,132,15
41251,87,12
41252,0,3
41253,161,17
41254,0,3
41255,4,3
41256,0,3
41257,197,24
41258,133,18
41259,0,3
41260,525,14
41261,536,16
41262,0,3
41263,0,3
41264,84,11
41265,0,3
41266,153,18
41267,169,19
41268,52,7
41269,69,12
41270,44,9
41271,0,3
41272,110,19
41273,58,8
41274,0,3
41275,47,9
41276,194,15
41277,0,3
41278,353,4
41279,81,14
41280,121,13
41281,150,11
41282,115,15
41283,0,3
41284,0,3
41285,165,21
41286,80,14
41287,12,4
41288,0,3
41289,59,8
41290,205,27
41291,69,15
41292,110,18
41293,0,3
41294,0,3
41295,0,3
41296,140,18
41297,0,3
41298,11,4
41299,19,7
41300,156,17
41301,0,3
41302,40,11
41303,0,3
41304,0,3
41305,0,3
41306,58,10
41307,0,3
41308,551,10
41309,183,19
41310,109,14
41311,0,3
41312,204,16
41313,0,3
41314,147,17
41315,179,21
41316,215,23
41317,82,10
41318,0,3
41319,99,12
41320,220,27
41321,0,3
41322,0,3
41323,0,3
41324,91,14
41325,0,3
41326,0,3
41327,0,3
41328,0,3
41329,93,17
41330,158,24
41331,179,20
41332,0,3
41333,67,8
41334,62,13
41335,109,12
41336,39,8
41337,132,19
41338,0,3
41339,147,18
41340,0,3
41341,4,3
41342,0,3
41343,374,25
41344,0,3
41345,543,16
41346,0,3
41347,191,19
41348,0,3
41349,203,23
41350,184,19
41351,144,17
41352,81,13
41353,97,13
41354,0,3
41355,0,3
41356,220,20
41357,92,11
41358,0,3
41359,243,31
41360,0,3
41361,152,13
41362,0,3
41363,0,3
41364,212,23
41365,105,11
41366,0,3
41367,121,15
41368,0,3
41369,169,20
41370,173,27
41371,0,3
41372,0,3
41373,150,19
41374,198,22
41375,92,12
41376,0,3
41377,93,14
41378,120,18
41379,136,13
41380,0,3
41381,0,3
41382,64,9
41383,81,11
41384,32,7
41385,141,23
41386,144,21
41387,198,20
41388,0,3
41389,182,20
41390,0,3
41391,108,17
41392,23,8
41393,22,8
41394,95,17
41395,77,13
41396,0,3
41397,93,14
41398,81,13
41399,144,20
41400,187,21
41401,118,22
41402,186,21
41403,0,3
41404,0,3
41405,79,10
41406,204,23
41407,348,17
41408,0,3
41409,0,3
41410,143,21
41411,53,13
41412,0,3
41413,94,14
41414,94,15
41415,0,3
41416,140,19
41417,0,3
41418,74,12
41419,0,3
41420,90,17
41421,148,16
41422,0,3
41423,23,7
41424,0,3
41425,162,19
41426,0,3
41427,52,10
41428,156,18
41429,203,27
41430,0,3
41431,44,10
41432,154,22
41433,0,3
41434,156,13
41435,0,3
41436,97,17
41437,0,3
41438,176,21
41439,50,8
41440,83,17
41441,121,16
41442,0,3
41443,323,21
41444,121,17
41445,0,3
41446,70,10
41447,138,17
41448,115,16
41449,146,21
41450,44,11
41451,134,15
41452,134,16
41453,50,10
41454,132,18
41455,0,3
41456,0,3
41457,72,12
41458,0,3
41459,140,18
41460,173,20
41461,143,13
41462,145,19
41463,0,3
41464,222,21
41465,115,19
41466,432,23
41467,551,22
41468,0,3
41469,0,3
41470,63,11
41471,0,3
41472,0,3
41473,0,3
41474,125,21
41475,219,30
41476,160,23
41477,107,14
41478,52,10
41479,123,20
41480,124,17
41481,140,17
41482,129,18
41483,79,15
41484,69,8
41485,33,6
41486,211,24
41487,180,23
41488,122,12
41489,79,12
41490,136,20
41491,0,3
41492,69,13
41493,107,15
41494,59,9
41495,0,3
41496,127,19
41497,120,20
41498,141,17
41499,157,15
41500,149,15
41501,157,21
41502,0,3
41503,0,3
41504,149,16
41505,14,5
41506,189,23
41507,0,3
41508,175,22
41509,0,3
41510,141,17
41511,0,3
41512,129,18
41513,0,3
41514,0,3
41515,699,23
41516,121,15
41517,38,8
41518,0,3
41519,139,19
41520,165,21
41521,0,3
41522,43,10
41523,0,3
41524,0,3
41525,0,3
41526,205,22
41527,109,14
41528,0,3
41529,53,11
41530,176,17
41531,184,27
41532,31,5
41533,149,17
41534,99,14
41535,173,22
41536,129,16
41537,126,20
41538,94,13
41539,109,19
41540,189,21
41541,231,12
41542,123,14
41543,0,3
41544,0,3
41545,136,19
41546,152,21
41547,0,3
41548,78,16
41549,75,12
41550,0,3
41551,0,3
41552,103,13
41553,0,3
41554,119,17
41555,108,14
41556,195,25
41557,82,13
41558,61,7
41559,0,3
41560,0,3
41561,0,3
41562,26,8
41563,0,3
41564,0,3
41565,127,18
41566,23,6
41567,158,19
41568,79,15
41569,0,3
41570,160,19
41571,0,3
41572,0,3
41573,388,17
41574,167,20
41575,134,17
41576,0,3
41577,0,3
41578,80,12
41579,0,3
41580,0,3
41581,115,13
41582,175,25
41583,0,3
41584,133,24
41585,152,20
41586,183,19
41587,146,18
41588,108,11
41589,52,6
41590,110,18
41591,164,19
41592,169,23
41593,530,20
41594,0,3
41595,0,3
41596,0,3
41597,0,3
41598,0,3
41599,183,22
41600,184,22
41601,0,3
41602,145,22
41603,118,19
41604,70,12
41605,108,14
41606,117,21
41607,81,12
41608,196,15
41609,0,3
41610,0,3
41611,113,15
41612,0,3
41613,65,14
41614,0,3
41615,170,18
41616,108,17
41617,0,3
41618,82,15
41619,0,3
41620,202,22
41621,0,3
41622,171,17
41623,88,13
41624,81,11
41625,144,24
41626,142,20
41627,92,17
41628,204,22
41629,201,21
41630,0,3
41631,174,22
41632,0,3
41633,0,3
41634,0,3
41635,0,3
41636,177,20
41637,101,17
41638,159,23
41639,0,3
41640,0,3
41641,47,8
41642,0,3
41643,97,13
41644,106,16
41645,91,13
41646,0,3
41647,0,3
41648,147,19
41649,0,3
41650,170,18
41651,0,3
41652,0,3
41653,0,3
41654,0,3
41655,0,3
41656,0,3
41657,89,12
41658,113,17
41659,438,14
41660,215,13
41661,91,12
41662,0,3
41663,52,8
41664,1,3
41665,118,15
41666,0,3
41667,107,17
41668,0,3
41669,96,18
41670,98,13
41671,146,17
41672,0,3
41673,134,15
41674,181,19
41675,24,5
41676,138,16
41677,0,3
41678,0,3
41679,161,13
41680,120,16
41681,199,25
41682,0,3
41683,177,22
41684,131,11
41685,203,23
41686,116,15
41687,0,3
41688,119,19
41689,178,24
41690,64,14
41691,0,3
41692,189,17
41693,185,23
41694,156,19
41695,0,3
41696,0,3
41697,0,3
41698,0,3
41699,0,3
41700,187,23
41701,0,3
41702,0,3
41703,172,20
41704,232,25
41705,0,3
41706,0,3
41707,107,15
41708,140,17
41709,0,3
41710,36,6
41711,0,3
41712,125,14
41713,0,3
41714,0,3
41715,61,8
41716,232,24
41717,130,20
41718,164,20
41719,0,3
41720,0,3
41721,0,3
41722,0,3
41723,182,16
41724,126,21
41725,109,12
41726,0,3
41727,48,10
41728,0,3
41729,120,17
41730,0,3
41731,237,25
41732,178,16
41733,70,13
41734,30,6
41735,143,19
41736,205,26
41737,0,3
41738,126,15
41739,88,13
41740,156,22
41741,196,22
41742,180,15
41743,0,3
41744,168,19
41745,0,3
41746,81,11
41747,0,3
41748,0,3
41749,112,21
41750,157,21
41751,38,7
41752,0,3
41753,178,19
41754,0,3
41755,62,14
41756,0,3
41757,179,21
41758,257,27
41759,64,12
41760,133,22
41761,130,16
41762,0,3
41763,53,9
41764,0,3
41765,557,21
41766,145,18
41767,0,3
41768,0,3
41769,51,8
41770,148,17
41771,101,17
41772,166,21
41773,126,16
41774,0,3
41775,45,7
41776,99,14
41777,0,3
41778,166,19
41779,60,9
41780,0,3
41781,207,17
41782,0,3
41783,275,27
41784,0,3
41785,43,8
41786,81,13
41787,1000,6
41788,187,22
41789,0,3
41790,209,5
41791,76,13
41792,178,21
41793,72,13
41794,28,8
41795,77,13
41796,174,23
41797,168,26
41798,67,12
41799,35,6
41800,133,18
41801,140,21
41802,79,11
41803,0,3
41804,0,3
41805,122,17
41806,0,3
41807,140,20
41808,154,22
41809,262,27
41810,210,22
41811,0,3
41812,0,3
41813,34,7
41814,96,17
41815,6,3
41816,0,3
41817,0,3
41818,170,22
41819,0,3
41820,138,16
41821,140,19
41822,111,14
41823,99,20
41824,63,10
41825,83,9
41826,0,3
41827,64,8
41828,111,18
41829,181,28
41830,0,3
41831,0,3
41832,0,3
41833,81,14
41834,91,16
41835,218,27
41836,101,13
41837,3,3
41838,189,20
41839,0,3
41840,85,11
41841,87,17
41842,85,12
41843,38,7
41844,157,24
41845,0,3
41846,135,22
41847,184,18
41848,0,3
41849,41,10
41850,134,14
41851,133,20
41852,418,6
41853,175,19
41854,107,15
41855,0,3
41856,72,15
41857,45,8
41858,125,18
41859,158,17
41860,140,16
41861,159,22
41862,0,3
41863,0,3
41864,0,3
41865,146,18
41866,168,17
41867,131,18
41868,0,3
41869,0,3
41870,62,10
41871,80,14
41872,104,16
41873,0,3
41874,875,12
41875,606,25
41876,121,16
41877,7,3
41878,151,18
41879,106,15
41880,36,7
41881,0,3
41882,120,16
41883,0,3
41884,205,24
41885,0,3
41886,579,26
41887,159,18
41888,0,3
41889,66,12
41890,113,16
41891,126,18
41892,152,22
41893,124,17
41894,0,3
41895,36,10
41896,0,3
41897,51,9
41898,299,17
41899,0,3
41900,195,23
41901,224,24
41902,90,13
41903,0,3
41904,267,33
41905,0,3
41906,0,3
41907,45,10
41908,111,15
41909,0,3
41910,198,27
41911,0,3
41912,189,15
41913,172,17
41914,54,10
41915,186,17
41916,74,15
41917,132,20
41918,207,21
41919,158,21
41920,78,13
41921,0,3
41922,549,11
41923,71,14
41924,44,10
41925,155,17
41926,115,14
41927,0,3
41928,139,17
41929,0,3
41930,125,15
41931,0,3
41932,87,20
41933,83,16
41934,0,3
41935,0,3
41936,0,3
41937,0,3
41938,66,12
41939,151,12
41940,0,3
41941,0,3
41942,127,18
41943,99,17
41944,372,22
41945,0,3
41946,0,3
41947,128,20
41948,0,3
41949,180,20
41950,382,15
41951,91,12
41952,0,3
41953,128,16
41954,0,3
41955,42,8
41956,96,18
41957,187,23
41958,0,3
41959,0,3
41960,0,3
41961,0,3
41962,818,6
41963,105,17
41964,0,3
41965,149,14
41966,80,12
41967,102,17
41968,66,12
41969,205,20
41970,129,17
41971,245,19
41972,0,3
41973,0,3
41974,0,3
41975,104,15
41976,67,14
41977,0,3
41978,391,20
41979,0,3
41980,135,16
41981,115,14
41982,0,3
41983,194,20
41984,174,16
41985,197,19
41986,92,11
41987,0,3
41988,186,23
41989,0,3
41990,189,21
41991,108,14
41992,0,3
41993,0,3
41994,0,3
41995,106,15
41996,198,21
41997,227,25
41998,0,3
41999,0,3
42000,0,3
42001,0,3
42002,63,13
42003,0,3
42004,110,16
42005,229,25
42006,205,22
42007,148,16
42008,101,20
42009,0,3
42010,136,19
42011,37,6
42012,53,10
42013,161,21
42014,0,3
42015,0,3
42016,0,3
42017,99,13
42018,0,3
42019,0,3
42020,150,23
42021,0,3
42022,105,16
42023,269,30
42024,145,20
42025,156,19
42026,122,16
42027,84,16
42028,0,3
42029,0,3
42030,213,20
42031,107,12
42032,0,3
42033,0,3
42034,139,17
42035,116,13
42036,182,18
42037,0,3
42038,154,16
42039,0,3
42040,0,3
42041,142,18
42042,0,3
42043,146,21
42044,117,14
42045,0,3
42046,74,8
42047,23,6
42048,0,3
42049,108,15
42050,0,3
42051,568,16
42052,0,3
42053,0,3
42054,364,18
42055,0,3
42056,88,15
42057,88,14
42058,112,21
42059,257,14
42060,170,17
42061,174,22
42062,154,22
42063,0,3
42064,73,12
42065,89,13
42066,0,3
42067,186,23
42068,195,22
42069,0,3
42070,0,3
42071,135,15
42072,43,8
42073,161,15
42074,54,12
42075,0,3
42076,117,20
42077,96,16
42078,160,20
42079,0,3
42080,190,20
42081,115,16
42082,0,3
42083,0,3
42084,224,23
42085,76,9
42086,186,24
42087,130,14
42088,0,3
42089,0,3
42090,119,16
42091,47,9
42092,105,17
42093,52,12
42094,31,7
42095,178,26
42096,183,18
42097,65,11
42098,100,15
42099,0,3
42100,520,16
42101,161,19
42102,164,19
42103,106,13
42104,188,23
42105,339,21
42106,0,3
42107,0,3
42108,47,8
42109,195,15
42110,0,3
42111,211,22
42112,495,10
42113,159,23
42114,0,3
42115,0,3
42116,143,10
42117,0,3
42118,146,25
42119,0,3
42120,214,21
42121,103,14
42122,0,3
42123,0,3
42124,106,16
42125,0,3
42126,0,3
42127,669,18
42128,214,26
42129,219,23
42130,0,3
42131,0,3
42132,53,9
42133,161,14
42134,189,29
42135,81,11
42136,0,3
42137,0,3
42138,1,3
42139,91,11
42140,154,18
42141,3,4
42142,0,3
42143,272,31
42144,0,3
42145,0,3
42146,76,10
42147,561,10
42148,131,20
42149,119,14
42150,204,27
42151,0,3
42152,98,9
42153,0,3
42154,121,16
42155,60,9
42156,113,14
42157,190,20
42158,204,19
42159,0,3
42160,178,14
42161,97,13
42162,0,3
42163,0,3
42164,76,13
42165,85,14
42166,173,20
42167,62,11
42168,0,3
42169,131,16
42170,122,18
42171,193,21
42172,230,21
42173,0,3
42174,0,3
42175,0,3
42176,87,14
42177,23,6
42178,0,3
42179,106,20
42180,0,3
42181,126,16
42182,0,3
42183,228,33
42184,103,13
42185,208,21
42186,88,13
42187,0,3
42188,0,3
42189,0,3
42190,94,11
42191,189,26
42192,0,3
42193,143,15
42194,578,12
42195,83,14
42196,0,3
42197,0,3
42198,0,3
42199,179,19
42200,0,3
42201,259,32
42202,0,3
42203,0,3
42204,0,3
42205,93,14
42206,87,16
42207,0,3
42208,185,20
42209,353,16
42210,0,3
42211,0,3
42212,163,21
42213,133,17
42214,0,3
42215,30,7
42216,73,16
42217,1,3
42218,0,3
42219,236,18
42220,0,3
42221,0,3
42222,0,3
42223,0,3
42224,472,10
42225,0,3
42226,129,19
42227,0,3
42228,0,3
42229,119,20
42230,30,6
42231,0,3
42232,123,15
42233,241,28
42234,0,3
42235,251,27
42236,0,3
42237,0,3
42238,0,3
42239,38,11
42240,130,10
42241,0,3
42242,0,3
42243,548,20
42244,0,3
42245,0,3
42246,79,11
42247,92,17
42248,0,3
42249,214,22
42250,0,3
42251,0,3
42252,0,3
42253,0,3
42254,0,3
42255,109,16
42256,155,18
42257,0,3
42258,0,3
42259,0,3
42260,232,19
42261,107,13
42262,21,6
42263,59,12
42264,0,3
42265,115,17
42266,196,18
42267,201,27
42268,122,18
42269,70,10
42270,0,3
42271,190,21
42272,0,3
42273,181,18
42274,0,3
42275,108,16
42276,116,14
42277,79,12
42278,215,28
42279,0,3
42280,0,3
42281,0,3
42282,0,3
42283,2,3
42284,55,12
42285,0,3
42286,0,3
42287,2,3
42288,1000,15
42289,132,18
42290,0,3
42291,0,3
42292,133,15
42293,0,3
42294,233,15
42295,341,20
42296,126,17
42297,130,14
42298,139,15
42299,204,23
42300,0,3
42301,101,13
42302,163,20
42303,0,3
42304,132,17
42305,137,18
42306,109,18
42307,0,3
42308,252,33
42309,0,3
42310,0,3
42311,0,3
42312,40,6
42313,0,3
42314,143,21
42315,0,3
42316,0,3
42317,84,15
42318,178,21
42319,105,15
42320,142,22
42321,118,14
42322,0,3
42323,0,3
42324,146,17
42325,138,14
42326,205,19
42327,7,3
42328,166,18
42329,142,18
42330,0,3
42331,978,25
42332,0,3
42333,154,21
42334,26,5
42335,79,13
42336,0,3
42337,229,21
42338,50,12
42339,0,3
42340,174,18
42341,134,18
42342,0,3
42343,95,9
42344,0,3
42345,207,26
42346,0,3
42347,100,15
42348,181,21
42349,0,3
42350,0,3
42351,164,21
42352,87,16
42353,152,20
42354,0,3
42355,135,19
42356,130,12
42357,57,14
42358,0,3
42359,156,17
42360,787,22
42361,62,9
42362,69,16
42363,0,3
42364,0,3
42365,0,3
42366,0,3
42367,173,21
42368,138,19
42369,148,19
42370,88,13
42371,203,22
42372,203,22
42373,0,3
42374,121,19
42375,180,24
42376,999,19
42377,172,19
42378,159,16
42379,0,3
42380,73,10
42381,123,16
42382,0,3
42383,274,23
42384,35,7
42385,0,3
42386,0,3
42387,106,14
42388,30,5
42389,0,3
42390,0,3
42391,154,20
42392,71,10
42393,0,3
42394,84,13
42395,64,10
42396,0,3
42397,0,3
42398,0,3
42399,139,25
42400,290,28
42401,67,14
42402,37,7
42403,42,5
42404,51,9
42405,188,23
42406,149,18
42407,0,3
42408,76,10
42409,319,16
42410,214,27
42411,0,3
42412,0,3
42413,0,3
42414,0,3
42415,0,3
42416,178,21
42417,111,13
42418,0,3
42419,179,19
42420,187,23
42421,0,3
42422,510,20
42423,0,3
42424,147,22
42425,0,3
42426,0,3
42427,189,24
42428,85,13
42429,210,25
42430,0,3
42431,0,3
42432,136,16
42433,59,10
42434,156,23
42435,200,27
42436,145,18
42437,141,22
42438,110,16
42439,202,27
42440,196,21
42441,0,3
42442,57,13
42443,163,20
42444,40,7
42445,139,22
42446,135,19
42447,0,3
42448,160,19
42449,0,3
42450,197,22
42451,0,3
42452,29,7
42453,146,24
42454,0,3
42455,0,3
42456,175,22
42457,0,3
42458,0,3
42459,208,32
42460,0,3
42461,0,3
42462,474,22
42463,0,3
42464,139,15
42465,33,7
42466,146,19
42467,0,3
42468,0,3
42469,103,19
42470,0,3
42471,63,13
42472,102,13
42473,153,23
42474,139,23
42475,52,10
42476,0,3
42477,91,16
42478,90,11
42479,177,22
42480,0,3
42481,228,27
42482,0,3
42483,144,19
42484,148,21
42485,163,19
42486,0,3
42487,0,3
42488,0,3
42489,88,20
42490,167,18
42491,139,19
42492,0,3
42493,1000,10
42494,147,17
42495,148,18
42496,0,3
42497,0,3
42498,170,19
42499,0,3
42500,169,24
42501,0,3
42502,0,3
42503,205,26
42504,182,25
42505,83,10
42506,166,17
42507,100,16
42508,140,19
42509,0,3
42510,71,10
42511,0,3
42512,0,3
42513,0,3
42514,293,20
42515,111,15
42516,224,27
42517,0,3
42518,0,3
42519,273,26
42520,0,3
42521,270,30
42522,0,3
42523,0,3
42524,68,11
42525,0,3
42526,0,3
42527,179,19
42528,92,16
42529,91,11
42530,83,11
42531,125,22
42532,33,7
42533,0,3
42534,115,12
42535,130,24
42536,34,7
42537,0,3
42538,147,19
42539,98,14
42540,0,3
42541,51,9
42542,220,25
42543,110,13
42544,67,11
42545,71,11
42546,0,3
42547,73,10
42548,127,16
42549,132,17
42550,207,27
42551,198,24
42552,75,17
42553,0,3
42554,0,3
42555,215,22
42556,0,3
42557,321,28
42558,0,3
42559,79,9
42560,0,3
42561,0,3
42562,36,5
42563,3,3
42564,144,17
42565,131,19
42566,0,3
42567,0,3
42568,0,3
42569,76,11
42570,0,3
42571,0,3
42572,386,21
42573,127,18
42574,0,3
42575,46,9
42576,0,3
42577,74,8
42578,436,13
42579,159,25
42580,0,3
42581,148,23
42582,0,3
42583,77,13
42584,104,12
42585,185,24
42586,202,23
42587,39,10
42588,188,18
42589,15,6
42590,0,3
42591,23,5
42592,195,23
42593,129,17
42594,0,3
42595,0,3
42596,48,7
42597,111,12
42598,0,3
42599,126,15
42600,75,12
42601,137,23
42602,120,16
42603,0,3
42604,102,14
42605,0,3
42606,144,19
42607,47,13
42608,210,22
42609,55,9
42610,138,18
42611,128,18
42612,169,23
42613,107,14
42614,85,10
42615,77,12
42616,160,19
42617,134,15
42618,156,21
42619,0,3
42620,93,13
42621,0,3
42622,0,3
42623,215,22
42624,108,13
42625,235,8
42626,0,3
42627,0,3
42628,162,18
42629,227,23
42630,0,3
42631,0,3
42632,129,16
42633,0,3
42634,0,3
42635,51,11
42636,165,18
42637,1,3
42638,26,7
42639,0,3
42640,175,21
42641,0,3
42642,703,13
42643,0,3
42644,131,15
42645,111,14
42646,163,23
42647,97,10
42648,0,3
42649,0,3
42650,216,25
42651,0,3
42652,115,15
42653,60,12
42654,118,19
42655,126,17
42656,57,11
42657,27,7
42658,0,3
42659,88,11
42660,0,3
42661,0,3
42662,119,21
42663,0,3
42664,0,3
42665,0,3
42666,151,23
42667,105,15
42668,0,3
42669,129,21
42670,40,10
42671,125,15
42672,0,3
42673,174,27
42674,212,19
42675,72,13
42676,178,22
42677,172,20
42678,54,10
42679,0,3
42680,176,23
42681,0,3
42682,196,22
42683,187,23
42684,0,3
42685,151,21
42686,70,11
42687,290,26
42688,112,16
42689,144,18
42690,96,10
42691,185,19
42692,79,10
42693,150,20
42694,165,20
42695,225,21
42696,102,13
42697,0,3
42698,187,23
42699,0,3
42700,0,3
42701,0,3
42702,0,3
42703,124,15
42704,0,3
42705,0,3
42706,0,3
42707,0,3
42708,131,13
42709,0,3
42710,153,19
42711,159,20
42712,58,9
42713,0,3
42714,179,25
42715,58,11
42716,104,15
42717,0,3
42718,0,3
42719,176,25
42720,58,6
42721,39,8
42722,208,32
42723,534,18
42724,129,17
42725,187,25
42726,297,36
42727,0,3
42728,0,3
42729,0,3
42730,52,10
42731,68,10
42732,0,3
42733,175,21
42734,106,16
42735,0,3
42736,0,3
42737,158,19
42738,154,21
42739,118,13
42740,108,15
42741,178,21
42742,101,13
42743,0,3
42744,0,3
42745,87,12
42746,0,3
42747,111,19
42748,136,16
42749,0,3
42750,0,3
42751,0,3
42752,20,4
42753,0,3
42754,0,3
42755,113,16
42756,70,14
42757,0,3
42758,10,3
42759,161,21
42760,93,12
42761,0,3
42762,133,18
42763,177,23
42764,139,19
42765,91,15
42766,174,22
42767,0,3
42768,109,22
42769,46,12
42770,128,20
42771,115,15
42772,0,3
42773,0,3
42774,0,3
42775,97,17
42776,133,21
42777,0,3
42778,117,15
42779,231,26
42780,0,3
42781,395,26
42782,0,3
42783,135,20
42784,203,27
42785,117,20
42786,70,9
42787,0,3
42788,192,26
42789,485,22
42790,0,3
42791,0,3
42792,21,5
42793,0,3
42794,0,3
42795,0,3
42796,179,25
42797,180,21
42798,725,24
42799,0,3
42800,141,24
42801,291,19
42802,0,3
42803,0,3
42804,81,16
42805,151,22
42806,110,15
42807,143,18
42808,0,3
42809,184,18
42810,0,3
42811,177,18
42812,0,3
42813,88,10
42814,0,3
42815,93,12
42816,215,31
42817,119,15
42818,61,10
42819,163,23
42820,103,17
42821,194,23
42822,100,11
42823,133,19
42824,95,14
42825,155,17
42826,167,22
42827,128,20
42828,210,24
42829,74,11
42830,0,3
42831,0,3
42832,173,28
42833,97,22
42834,0,3
42835,50,11
42836,151,22
42837,119,17
42838,0,3
42839,0,3
42840,0,3
42841,0,3
42842,129,12
42843,107,18
42844,0,3
42845,0,3
42846,204,26
42847,100,12
42848,112,13
42849,186,29
42850,0,3
42851,0,3
42852,0,3
42853,0,3
42854,113,17
42855,0,3
42856,178,20
42857,0,3
42858,219,23
42859,0,3
42860,169,20
42861,0,3
42862,0,3
42863,0,3
42864,0,3
42865,0,3
42866,0,3
42867,88,10
42868,0,3
42869,35,7
42870,0,3
42871,220,24
42872,0,3
42873,0,3
42874,0,3
42875,0,3
42876,245,25
42877,142,16
42878,157,19
42879,0,3
42880,0,3
42881,153,22
42882,58,10
42883,156,21
42884,156,21
42885,151,17
42886,0,3
42887,0,3
42888,71,13
42889,195,26
42890,35,8
42891,144,11
42892,0,3
42893,0,3
42894,0,3
42895,0,3
42896,131,23
42897,0,3
42898,162,20
42899,117,14
42900,167,19
42901,108,16
42902,143,19
42903,76,12
42904,187,25
42905,133,21
42906,0,3
42907,213,35
42908,65,12
42909,0,3
42910,0,3
42911,0,3
42912,85,11
42913,36,7
42914,0,3
42915,72,12
42916,0,3
42917,0,3
42918,81,17
42919,73,11
42920,0,3
42921,0,3
42922,149,19
42923,127,21
42924,92,15
42925,46,9
42926,144,17
42927,67,8
42928,168,25
42929,0,3
42930,102,16
42931,66,12
42932,0,3
42933,85,16
42934,0,3
42935,66,11
42936,174,21
42937,103,16
42938,139,21
42939,352,10
42940,41,13
42941,186,23
42942,195,20
42943,0,3
42944,98,16
42945,0,3
42946,0,3
42947,205,24
42948,30,9
42949,480,21
42950,50,11
42951,0,3
42952,260,21
42953,96,17
42954,126,19
42955,9,5
42956,0,3
42957,0,3
42958,509,12
42959,217,19
42960,6,4
42961,0,3
42962,197,27
42963,344,18
42964,0,3
42965,0,3
42966,158,16
42967,18,6
42968,0,3
42969,23,8
42970,0,3
42971,145,18
42972,22,5
42973,74,14
42974,164,27
42975,136,18
42976,185,22
42977,0,3
42978,168,22
42979,0,3
42980,0,3
42981,0,3
42982,0,3
42983,0,3
42984,165,26
42985,192,20
42986,87,15
42987,14,4
42988,96,12
42989,229,22
42990,0,3
42991,0,3
42992,3,3
42993,77,13
42994,0,3
42995,0,3
42996,139,18
42997,90,11
42998,0,3
42999,0,3
43000,174,23
43001,162,20
43002,0,3
43003,225,26
43004,145,17
43005,88,11
43006,94,17
43007,0,3
43008,147,16
43009,0,3
43010,147,20
43011,22,6
43012,0,3
43013,209,28
43014,0,3
43015,102,16
43016,116,15
43017,0,3
43018,2,3
43019,62,14
43020,0,3
43021,220,32
43022,206,31
43023,52,10
43024,0,3
43025,0,3
43026,149,19
43027,0,3
43028,46,12
43029,0,3
43030,188,23
43031,0,3
43032,0,3
43033,293,13
43034,428,20
43035,0,3
43036,0,3
43037,177,26
43038,60,7
43039,0,3
43040,148,18
43041,241,27
43042,102,17
43043,0,3
43044,166,18
43045,171,17
43046,109,18
43047,0,3
43048,192,23
43049,0,3
43050,88,15
43051,0,3
43052,194,28
43053,0,3
43054,0,3
43055,167,22
43056,149,19
43057,267,27
43058,142,19
43059,29,5
43060,86,9
43061,0,3
43062,0,3
43063,86,11
43064,16,5
43065,74,14
43066,0,3
43067,78,15
43068,177,21
43069,185,20
43070,275,24
43071,0,3
43072,173,20
43073,107,15
43074,171,20
43075,0,3
43076,0,3
43077,0,3
43078,270,26
43079,76,8
43080,76,14
43081,127,17
43082,99,13
43083,106,14
43084,0,3
43085,0,3
43086,0,3
43087,0,3
43088,22,5
43089,0,3
43090,133,12
43091,115,19
43092,0,3
43093,0,3
43094,460,18
43095,29,9
43096,86,12
43097,0,3
43098,0,3
43099,142,18
43100,179,24
43101,105,12
43102,137,19
43103,0,3
43104,81,13
43105,94,17
43106,142,18
43107,91,18
43108,711,17
43109,106,12
43110,0,3
43111,158,21
43112,101,16
43113,0,3
43114,162,23
43115,452,21
43116,210,23
43117,127,18
43118,115,17
43119,129,11
43120,0,3
43121,278,28
43122,0,3
43123,0,3
43124,118,18
43125,0,3
43126,138,17
43127,0,3
43128,2,3
43129,173,20
43130,0,3
43131,91,14
43132,137,18
43133,183,21
43134,68,11
43135,175,23
43136,952,27
43137,170,23
43138,145,20
43139,0,3
43140,159,24
43141,0,3
43142,0,3
43143,154,14
43144,0,3
43145,143,19
43146,74,12
43147,14,4
43148,0,3
43149,128,16
43150,0,3
43151,60,9
43152,180,18
43153,93,12
43154,0,3
43155,88,15
43156,0,3
43157,0,3
43158,0,3
43159,139,22
43160,141,18
43161,0,3
43162,154,25
43163,184,16
43164,0,3
43165,0,3
43166,0,3
43167,24,6
43168,79,14
43169,0,3
43170,269,23
43171,0,3
43172,75,14
43173,0,3
43174,0,3
43175,0,3
43176,220,28
43177,103,13
43178,28,6
43179,68,11
43180,134,21
43181,166,23
43182,86,15
43183,0,3
43184,100,16
43185,0,3
43186,143,21
43187,0,3
43188,268,25
43189,0,3
43190,259,24
43191,46,10
43192,31,8
43193,57,8
43194,163,20
43195,114,14
43196,0,3
43197,0,3
43198,166,23
43199,0,3
43200,0,3
43201,111,18
43202,0,3
43203,78,12
43204,0,3
43205,0,3
43206,0,3
43207,118,16
43208,208,28
43209,94,12
43210,160,29
43211,0,3
43212,137,20
43213,0,3
43214,13,4
43215,212,21
43216,149,14
43217,0,3
43218,272,16
43219,0,3
43220,0,3
43221,113,12
43222,129,19
43223,97,15
43224,121,15
43225,171,23
43226,0,3
43227,188,21
43228,81,15
43229,214,25
43230,120,18
43231,0,3
43232,72,8
43233,140,16
43234,96,14
43235,0,3
43236,0,3
43237,0,3
43238,0,3
43239,124,16
43240,235,24
43241,0,3
43242,0,3
43243,163,20
43244,0,3
43245,65,10
43246,52,9
43247,0,3
43248,0,3
43249,0,3
43250,37,7
43251,0,3
43252,146,20
43253,0,3
43254,134,16
43255,93,14
43256,135,21
43257,74,14
43258,236,20
43259,47,10
43260,123,16
43261,258,17
43262,73,11
43263,101,16
43264,0,3
43265,113,11
43266,53,10
43267,229,23
43268,0,3
43269,81,11
43270,84,13
43271,138,19
43272,0,3
43273,15,5
43274,242,23
43275,0,3
43276,136,18
43277,0,3
43278,0,3
43279,239,30
43280,0,3
43281,164,15
43282,0,3
43283,0,3
43284,159,22
43285,54,10
43286,130,16
43287,0,3
43288,152,19
43289,0,3
43290,115,20
43291,0,3
43292,49,9
43293,0,3
43294,93,16
43295,72,11
43296,92,12
43297,158,22
43298,21,5
43299,91,14
43300,0,3
43301,0,3
43302,155,19
43303,0,3
43304,59,12
43305,158,21
43306,123,16
43307,35,8
43308,0,3
43309,0,3
43310,0,3
43311,60,10
43312,0,3
43313,182,21
43314,159,17
43315,39,7
43316,153,17
43317,0,3
43318,117,17
43319,529,12
43320,0,3
43321,0,3
43322,196,22
43323,0,3
43324,84,14
43325,0,3
43326,112,13
43327,144,22
43328,157,19
43329,0,3
43330,186,27
43331,141,17
43332,101,8
43333,0,3
43334,0,3
43335,0,3
43336,156,17
43337,67,12
43338,19,4
43339,37,10
43340,0,3
43341,0,3
43342,0,3
43343,36,8
43344,201,24
43345,48,9
43346,28,10
43347,233,18
43348,0,3
43349,0,3
43350,0,3
43351,0,3
43352,0,3
43353,92,17
43354,0,3
43355,0,3
43356,0,3
43357,52,10
43358,0,3
43359,0,3
43360,80,12
43361,0,3
43362,119,16
43363,218,24
43364,114,18
43365,121,19
43366,0,3
43367,164,20
43368,0,3
43369,88,14
43370,0,3
43371,141,27
43372,216,26
43373,78,8
43374,105,14
43375,96,14
43376,68,12
43377,178,25
43378,733,15
43379,97,11
43380,0,3
43381,210,21
43382,0,3
43383,0,3
43384,312,4
43385,0,3
43386,0,3
43387,190,28
43388,18,6
43389,172,22
43390,85,15
43391,0,3
43392,195,25
43393,234,23
43394,134,16
43395,82,16
43396,178,15
43397,161,23
43398,112,12
43399,0,3
43400,255,23
43401,179,17
43402,275,21
43403,103,16
43404,40,10
43405,72,12
43406,0,3
43407,105,14
43408,95,16
43409,126,23
43410,0,3
43411,124,20
43412,0,3
43413,119,13
43414,108,15
43415,225,26
43416,94,13
43417,169,17
43418,174,25
43419,0,3
43420,159,23
43421,0,3
43422,0,3
43423,0,3
43424,0,3
43425,206,26
43426,33,9
43427,176,24
43428,0,3
43429,135,19
43430,122,13
43431,83,12
43432,0,3
43433,0,3
43434,77,16
43435,0,3
43436,143,21
43437,0,3
43438,165,19
43439,0,3
43440,33,8
43441,28,6
43442,70,14
43443,105,17
43444,147,18
43445,0,3
43446,164,17
43447,0,3
43448,202,11
43449,122,15
43450,136,14
43451,126,14
43452,57,11
43453,131,19
43454,156,21
43455,119,17
43456,0,3
43457,96,18
43458,106,20
43459,0,3
43460,184,23
43461,78,8
43462,0,3
43463,86,12
43464,10,5
43465,127,18
43466,15,7
43467,75,15
43468,157,21
43469,156,17
43470,173,20
43471,576,11
43472,40,10
43473,189,19
43474,96,11
43475,0,3
43476,228,25
43477,125,18
43478,148,21
43479,109,20
43480,114,13
43481,241,19
43482,94,16
43483,0,3
43484,124,24
43485,0,3
43486,2,3
43487,0,3
43488,0,3
43489,88,14
43490,127,18
43491,99,13
43492,0,3
43493,1000,8
43494,172,26
43495,261,27
43496,0,3
43497,245,23
43498,87,12
43499,0,3
43500,159,21
43501,0,3
43502,143,19
43503,0,3
43504,0,3
43505,168,22
43506,0,3
43507,0,3
43508,126,13
43509,310,37
43510,0,3
43511,0,3
43512,140,16
43513,141,16
43514,0,3
43515,113,19
43516,150,17
43517,0,3
43518,220,24
43519,103,19
43520,0,3
43521,0,3
43522,0,3
43523,171,20
43524,81,14
43525,161,23
43526,0,3
43527,129,21
43528,97,15
43529,42,9
43530,180,24
43531,0,3
43532,0,3
43533,0,3
43534,191,30
43535,105,23
43536,195,22
43537,117,15
43538,0,3
43539,200,25
43540,77,14
43541,0,3
43542,127,19
43543,0,3
43544,102,14
43545,202,25
43546,0,3
43547,86,11
43548,0,3
43549,136,19
43550,127,20
43551,73,11
43552,0,3
43553,0,3
43554,16,6
43555,286,16
43556,0,3
43557,0,3
43558,0,3
43559,106,6
43560,0,3
43561,80,10
43562,167,24
43563,0,3
43564,177,21
43565,172,20
43566,817,20
43567,0,3
43568,309,35
43569,0,3
43570,100,15
43571,214,22
43572,0,3
43573,66,9
43574,108,12
43575,0,3
43576,169,22
43577,265,22
43578,30,4
43579,0,3
43580,220,22
43581,0,3
43582,0,3
43583,0,3
43584,146,19
43585,0,3
43586,55,10
43587,0,3
43588,106,13
43589,0,3
43590,0,3
43591,0,3
43592,105,21
43593,175,18
43594,189,11
43595,162,28
43596,68,13
43597,168,21
43598,0,3
43599,124,17
43600,120,16
43601,53,8
43602,0,3
43603,100,16
43604,0,3
43605,0,3
43606,1000,3
43607,0,3
43608,67,16
43609,110,17
43610,129,21
43611,175,18
43612,135,18
43613,112,14
43614,188,23
43615,186,18
43616,0,3
43617,197,22
43618,0,3
43619,73,14
43620,248,24
43621,0,3
43622,177,21
43623,100,19
43624,117,17
43625,129,17
43626,86,17
43627,40,9
43628,153,19
43629,28,8
43630,88,15
43631,172,8
43632,181,26
43633,104,16
43634,174,20
43635,216,24
43636,204,23
43637,529,13
43638,0,3
43639,0,3
43640,0,3
43641,1,3
43642,0,3
43643,58,7
43644,0,3
43645,162,16
43646,109,14
43647,52,8
43648,0,3
43649,0,3
43650,0,3
43651,61,9
43652,151,24
43653,91,14
43654,0,3
43655,0,3
43656,3,3
43657,0,3
43658,0,3
43659,117,20
43660,0,3
43661,187,21
43662,232,24
43663,73,14
43664,129,18
43665,0,3
43666,0,3
43667,112,16
43668,67,15
43669,110,14
43670,0,3
43671,0,3
43672,165,20
43673,130,18
43674,77,11
43675,0,3
43676,0,3
43677,112,16
43678,173,18
43679,220,30
43680,90,14
43681,0,3
43682,82,11
43683,0,3
43684,28,7
43685,0,3
43686,153,24
43687,0,3
43688,43,11
43689,165,22
43690,128,20
43691,186,21
43692,215,28
43693,0,3
43694,0,3
43695,0,3
43696,0,3
43697,0,3
43698,0,3
43699,713,21
43700,0,3
43701,208,28
43702,0,3
43703,0,3
43704,0,3
43705,0,3
43706,820,21
43707,221,12
43708,108,18
43709,153,15
43710,170,24
43711,0,3
43712,0,3
43713,0,3
43714,141,20
43715,49,9
43716,180,18
43717,41,11
43718,142,22
43719,0,3
43720,236,28
43721,0,3
43722,178,26
43723,103,17
43724,157,21
43725,117,16
43726,0,3
43727,24,6
43728,155,17
43729,92,15
43730,0,3
43731,0,3
43732,0,3
43733,268,22
43734,0,3
43735,0,3
43736,0,3
43737,142,21
43738,84,14
43739,74,11
43740,0,3
43741,71,11
43742,89,17
43743,127,20
43744,0,3
43745,0,3
43746,0,3
43747,0,3
43748,0,3
43749,198,26
43750,0,3
43751,104,11
43752,306,23
43753,185,21
43754,168,16
43755,88,13
43756,71,16
43757,189,21
43758,153,21
43759,71,13
43760,0,3
43761,117,14
43762,72,13
43763,42,8
43764,168,22
43765,211,23
43766,0,3
43767,0,3
43768,0,3
43769,184,16
43770,159,19
43771,0,3
43772,11,5
43773,0,3
43774,126,19
43775,262,29
43776,40,9
43777,0,3
43778,0,3
43779,45,7
43780,0,3
43781,137,20
43782,0,3
43783,187,25
43784,0,3
43785,0,3
43786,0,3
43787,160,20
43788,0,3
43789,151,21
43790,160,22
43791,153,21
43792,86,14
43793,141,23
43794,91,11
43795,172,25
43796,225,25
43797,412,22
43798,3,3
43799,0,3
43800,174,16
43801,0,3
43802,118,19
43803,0,3
43804,177,18
43805,180,23
43806,124,20
43807,200,20
43808,243,30
43809,161,19
43810,0,3
43811,0,3
43812,187,21
43813,0,3
43814,65,11
43815,0,3
43816,190,22
43817,1,3
43818,152,20
43819,0,3
43820,153,21
43821,174,21
43822,668,10
43823,0,3
43824,150,21
43825,0,3
43826,104,13
43827,102,11
43828,0,3
43829,183,13
43830,453,17
43831,131,12
43832,0,3
43833,50,7
43834,91,12
43835,0,3
43836,95,14
43837,30,7
43838,119,20
43839,0,3
43840,126,18
43841,0,3
43842,97,15
43843,0,3
43844,0,3
43845,52,10
43846,0,3
43847,0,3
43848,155,18
43849,0,3
43850,144,21
43851,423,24
43852,109,18
43853,0,3
43854,211,22
43855,164,22
43856,138,14
43857,0,3
43858,124,17
43859,0,3
43860,0,3
43861,96,16
43862,0,3
43863,57,12
43864,0,3
43865,83,12
43866,241,28
43867,0,3
43868,10,4
43869,0,3
43870,167,19
43871,172,23
43872,189,24
43873,0,3
43874,133,24
43875,0,3
43876,0,3
43877,0,3
43878,173,24
43879,146,4
43880,56,13
43881,87,14
43882,0,3
43883,0,3
43884,0,3
43885,109,15
43886,145,20
43887,7,3
43888,122,17
43889,101,14
43890,0,3
43891,0,3
43892,195,31
43893,186,25
43894,91,13
43895,0,3
43896,0,3
43897,86,12
43898,198,20
43899,209,23
43900,151,22
43901,162,21
43902,186,11
43903,317,29
43904,2,3
43905,0,3
43906,0,3
43907,359,26
43908,0,3
43909,0,3
43910,14,5
43911,215,25
43912,85,15
43913,199,26
43914,257,27
43915,117,18
43916,99,17
43917,82,11
43918,0,3
43919,0,3
43920,99,13
43921,167,22
43922,148,22
43923,0,3
43924,0,3
43925,0,3
43926,0,3
43927,100,14
43928,175,23
43929,187,24
43930,126,15
43931,0,3
43932,0,3
43933,130,19
43934,24,8
43935,128,13
43936,131,18
43937,169,19
43938,102,14
43939,61,14
43940,0,3
43941,98,15
43942,0,3
43943,0,3
43944,131,18
43945,97,14
43946,266,26
43947,0,3
43948,59,9
43949,149,18
43950,186,24
43951,0,3
43952,128,16
43953,257,32
43954,0,3
43955,163,23
43956,93,13
43957,0,3
43958,94,15
43959,0,3
43960,229,23
43961,0,3
43962,79,11
43963,29,7
43964,175,23
43965,0,3
43966,22,5
43967,0,3
43968,183,20
43969,91,13
43970,0,3
43971,0,3
43972,0,3
43973,0,3
43974,246,25
43975,0,3
43976,0,3
43977,84,17
43978,0,3
43979,161,23
43980,132,11
43981,345,17
43982,0,3
43983,48,10
43984,207,24
43985,647,23
43986,0,3
43987,260,18
43988,67,13
43989,0,3
43990,167,22
43991,111,13
43992,109,16
43993,0,3
43994,136,21
43995,121,17
43996,0,3
43997,0,3
43998,0,3
43999,27,9
44000,0,3
44001,0,3
44002,74,15
44003,130,22
44004,0,3
44005,64,11
44006,207,22
44007,173,17
44008,240,32
44009,0,3
44010,212,18
44011,0,3
44012,0,3
44013,131,18
44014,144,11
44015,0,3
44016,20,5
44017,104,16
44018,0,3
44019,0,3
44020,0,3
44021,49,9
44022,272,32
44023,159,20
44024,117,16
44025,0,3
44026,0,3
44027,195,24
44028,69,14
44029,0,3
44030,91,11
44031,155,12
44032,5,4
44033,119,14
44034,124,16
44035,201,20
44036,128,19
44037,17,5
44038,0,3
44039,127,18
44040,0,3
44041,156,20
44042,0,3
44043,0,3
44044,0,3
44045,0,3
44046,108,13
44047,0,3
44048,78,11
44049,148,21
44050,99,14
44051,214,22
44052,101,11
44053,0,3
44054,0,3
44055,0,3
44056,160,22
44057,0,3
44058,0,3
44059,0,3
44060,0,3
44061,133,20
44062,197,25
44063,139,16
44064,267,29
44065,89,14
44066,11,4
44067,42,7
44068,0,3
44069,0,3
44070,0,3
44071,123,17
44072,160,21
44073,477,20
44074,0,3
44075,0,3
44076,0,3
44077,164,26
44078,0,3
44079,168,23
44080,0,3
44081,0,3
44082,72,14
44083,163,23
44084,0,3
44085,164,20
44086,173,21
44087,188,22
44088,0,3
44089,218,21
44090,201,22
44091,138,17
44092,179,18
44093,216,28
44094,0,3
44095,0,3
44096,125,15
44097,0,3
44098,33,9
44099,0,3
44100,0,3
44101,34,8
44102,444,23
44103,301,15
44104,781,9
44105,0,3
44106,0,3
44107,84,10
44108,22,7
44109,198,22
44110,0,3
44111,0,3
44112,139,20
44113,92,16
44114,75,11
44115,52,11
44116,125,19
44117,152,19
44118,202,23
44119,0,3
44120,0,3
44121,0,3
44122,54,11
44123,162,20
44124,0,3
44125,0,3
44126,0,3
44127,133,17
44128,162,23
44129,160,22
44130,29,6
44131,0,3
44132,166,24
44133,155,21
44134,125,20
44135,145,20
44136,0,3
44137,159,21
44138,83,10
44139,298,20
44140,20,5
44141,0,3
44142,0,3
44143,0,3
44144,86,18
44145,98,15
44146,0,3
44147,0,3
44148,0,3
44149,69,10
44150,213,23
44151,3,3
44152,42,9
44153,184,23
44154,114,19
44155,554,34
44156,1000,6
44157,60,15
44158,506,11
44159,233,28
44160,64,8
44161,169,25
44162,0,3
44163,84,11
44164,290,30
44165,365,15
44166,256,32
44167,83,14
44168,135,20
44169,696,26
44170,153,19
44171,238,29
44172,124,24
44173,70,15
44174,201,23
44175,0,3
44176,143,22
44177,236,27
44178,220,32
44179,0,3
44180,0,3
44181,253,26
44182,86,12
44183,0,3
44184,149,22
44185,299,18
44186,217,22
44187,257,7
44188,168,26
44189,231,22
44190,194,26
44191,58,6
44192,185,22
44193,82,14
44194,139,19
44195,0,3
44196,137,16
44197,44,9
44198,77,11
44199,338,37
44200,0,3
44201,0,3
44202,46,11
44203,188,20
44204,178,26
44205,0,3
44206,39,8
44207,144,27
44208,0,3
44209,0,3
44210,131,18
44211,0,3
44212,169,23
44213,142,19
44214,145,18
44215,142,24
44216,544,23
44217,0,3
44218,170,24
44219,200,25
44220,0,3
44221,250,26
44222,75,9
44223,0,3
44224,0,3
44225,0,3
44226,245,18
44227,0,3
44228,0,3
44229,0,3
44230,50,6
44231,213,26
44232,116,20
44233,90,15
44234,136,21
44235,0,3
44236,0,3
44237,117,8
44238,0,3
44239,159,19
44240,0,3
44241,367,8
44242,145,16
44243,54,12
44244,5,3
44245,0,3
44246,0,3
44247,174,23
44248,77,12
44249,51,8
44250,150,22
44251,73,10
44252,105,15
44253,0,3
44254,0,3
44255,87,14
44256,0,3
44257,213,25
44258,0,3
44259,191,19
44260,0,3
44261,0,3
44262,0,3
44263,168,24
44264,85,12
44265,527,16
44266,0,3
44267,161,24
44268,235,21
44269,193,30
44270,0,3
44271,252,7
44272,238,25
44273,254,29
44274,42,8
44275,583,12
44276,184,23
44277,268,26
44278,211,24
44279,183,24
44280,137,17
44281,0,3
44282,241,25
44283,0,3
44284,76,14
44285,110,14
44286,85,13
44287,0,3
44288,0,3
44289,0,3
44290,34,7
44291,121,16
44292,193,21
44293,126,14
44294,0,3
44295,269,26
44296,236,29
44297,7,3
44298,0,3
44299,0,3
44300,196,22
44301,394,14
44302,0,3
44303,0,3
44304,173,8
44305,0,3
44306,161,23
44307,437,19
44308,72,15
44309,0,3
44310,878,22
44311,187,17
44312,192,19
44313,63,12
44314,555,22
44315,115,17
44316,169,18
44317,0,3
44318,143,21
44319,153,15
44320,193,23
44321,158,21
44322,95,13
44323,152,16
44324,0,3
44325,166,22
44326,145,22
44327,0,3
44328,130,23
44329,0,3
44330,755,15
44331,43,5
44332,0,3
44333,90,17
44334,107,18
44335,234,28
44336,137,18
44337,165,11
44338,135,19
44339,148,20
44340,339,34
44341,277,29
44342,134,25
44343,120,19
44344,0,3
44345,119,20
44346,270,30
44347,119,18
44348,181,24
44349,0,3
44350,397,18
44351,59,9
44352,190,24
44353,149,11
44354,61,8
44355,0,3
44356,0,3
44357,0,3
44358,8,5
44359,167,22
44360,188,18
44361,200,9
44362,96,14
44363,0,3
44364,146,14
44365,0,3
44366,0,3
44367,101,15
44368,188,24
44369,0,3
44370,0,3
44371,63,10
44372,0,3
44373,45,8
44374,0,3
44375,210,23
44376,484,26
44377,166,26
44378,0,3
44379,0,3
44380,167,22
44381,116,16
44382,0,3
44383,146,20
44384,95,17
44385,0,3
44386,0,3
44387,173,18
44388,223,25
44389,0,3
44390,105,15
44391,136,20
44392,161,25
44393,0,3
44394,86,12
44395,222,26
44396,86,13
44397,66,13
44398,149,16
44399,141,15
44400,0,3
44401,170,26
44402,111,15
44403,188,16
44404,0,3
44405,0,3
44406,0,3
44407,153,25
44408,240,29
44409,185,24
44410,260,25
44411,61,8
44412,0,3
44413,137,20
44414,193,22
44415,275,25
44416,140,21
44417,160,19
44418,266,28
44419,560,19
44420,197,12
44421,144,20
44422,169,24
44423,0,3
44424,159,22
44425,136,21
44426,0,3
44427,151,22
44428,88,13
44429,338,22
44430,201,24
44431,0,3
44432,206,23
44433,303,22
44434,96,14
44435,0,3
44436,152,24
44437,240,27
44438,159,23
44439,114,11
44440,0,3
44441,276,28
44442,0,3
44443,0,3
44444,146,20
44445,46,8
44446,166,18
44447,201,33
44448,545,21
44449,24,6
44450,122,18
44451,165,15
44452,0,3
44453,180,29
44454,207,24
44455,185,20
44456,11,3
44457,0,3
44458,111,16
44459,0,3
44460,176,18
44461,58,10
44462,236,20
44463,0,3
44464,123,17
44465,187,21
44466,141,19
44467,0,3
44468,115,17
44469,187,18
44470,57,10
44471,0,3
44472,137,18
44473,0,3
44474,161,24
44475,0,3
44476,0,3
44477,113,21
44478,0,3
44479,0,3
44480,122,19
44481,208,23
44482,84,14
44483,130,14
44484,111,13
44485,222,26
44486,143,23
44487,41,7
44488,195,22
44489,0,3
44490,957,16
44491,153,16
44492,0,3
44493,117,17
44494,211,30
44495,0,3
44496,0,3
44497,272,27
44498,0,3
44499,0,3
44500,149,18
44501,280,33
44502,0,3
44503,250,30
44504,0,3
44505,36,6
44506,159,20
44507,0,3
44508,0,3
44509,610,20
44510,210,20
44511,190,26
44512,209,26
44513,113,13
44514,143,18
44515,0,3
44516,161,24
44517,235,24
44518,0,3
44519,0,3
44520,2,3
44521,210,30
44522,206,22
44523,225,24
44524,0,3
44525,194,23
44526,31,9
44527,53,9
44528,115,15
44529,115,21
44530,106,14
44531,42,8
44532,149,20
44533,0,3
44534,70,11
44535,257,15
44536,0,3
44537,241,29
44538,200,26
44539,0,3
44540,129,18
44541,192,21
44542,0,3
44543,0,3
44544,100,15
44545,77,11
44546,1,3
44547,111,13
44548,148,16
44549,35,8
44550,0,3
44551,245,26
44552,203,26
44553,109,17
44554,235,21
44555,108,20
44556,28,6
44557,147,23
44558,0,3
44559,0,3
44560,71,15
44561,0,3
44562,0,3
44563,59,12
44564,0,3
44565,137,19
44566,199,23
44567,350,23
44568,167,22
44569,147,17
44570,150,20
44571,220,28
44572,0,3
44573,214,23
44574,75,12
44575,221,25
44576,153,23
44577,0,3
44578,232,25
44579,727,21
44580,213,25
44581,151,18
44582,217,28
44583,60,11
44584,89,16
44585,0,3
44586,0,3
44587,0,3
44588,205,22
44589,173,20
44590,0,3
44591,0,3
44592,0,3
44593,208,23
44594,325,16
44595,63,10
44596,171,19
44597,0,3
44598,117,18
44599,177,20
44600,0,3
44601,99,14
44602,173,21
44603,48,13
44604,0,3
44605,0,3
44606,64,11
44607,257,24
44608,52,11
44609,191,24
44610,230,24
44611,0,3
44612,0,3
44613,75,9
44614,0,3
44615,0,3
44616,193,19
44617,193,26
44618,0,3
44619,0,3
44620,119,19
44621,215,26
44622,149,23
44623,212,27
44624,348,21
44625,50,10
44626,130,24
44627,241,27
44628,177,22
44629,42,4
44630,120,20
44631,154,18
44632,0,3
44633,103,14
44634,0,3
44635,0,3
44636,0,3
44637,139,14
44638,129,18
44639,152,18
44640,173,24
44641,0,3
44642,74,13
44643,106,14
44644,0,3
44645,271,32
44646,0,3
44647,128,18
44648,184,23
44649,0,3
44650,0,3
44651,209,18
44652,0,3
44653,0,3
44654,3,4
44655,275,16
44656,125,14
44657,160,21
44658,163,20
44659,124,17
44660,115,18
44661,0,3
44662,77,10
44663,0,3
44664,129,7
44665,0,3
44666,127,22
44667,153,12
44668,0,3
44669,231,31
44670,0,3
44671,170,18
44672,18,5
44673,135,22
44674,0,3
44675,179,21
44676,84,14
44677,0,3
44678,259,29
44679,159,22
44680,263,29
44681,136,15
44682,147,19
44683,857,22
44684,127,17
44685,0,3
44686,364,14
44687,0,3
44688,152,20
44689,663,21
44690,96,13
44691,0,3
44692,169,21
44693,15,3
44694,169,21
44695,152,18
44696,170,18
44697,0,3
44698,341,19
44699,401,11
44700,325,24
44701,4,3
44702,193,26
44703,0,3
44704,169,24
44705,66,9
44706,240,25
44707,36,9
44708,151,17
44709,0,3
44710,36,11
44711,80,12
44712,0,3
44713,0,3
44714,0,3
44715,46,7
44716,0,3
44717,86,12
44718,0,3
44719,201,19
44720,102,10
44721,0,3
44722,47,10
44723,7,4
44724,87,16
44725,165,20
44726,0,3
44727,90,11
44728,220,25
44729,0,3
44730,601,17
44731,134,14
44732,219,29
44733,82,12
44734,405,17
44735,0,3
44736,153,22
44737,111,18
44738,149,18
44739,264,15
44740,0,3
44741,0,3
44742,0,3
44743,212,27
44744,97,20
44745,182,24
44746,169,15
44747,0,3
44748,0,3
44749,0,3
44750,221,28
44751,114,16
44752,0,3
44753,163,21
44754,122,17
44755,205,24
44756,157,22
44757,112,15
44758,198,17
44759,104,14
44760,295,30
44761,194,27
44762,0,3
44763,94,10
44764,0,3
44765,69,9
44766,167,22
44767,30,9
44768,83,12
44769,158,20
44770,235,26
44771,162,25
44772,381,9
44773,143,18
44774,0,3
44775,99,15
44776,71,11
44777,0,3
44778,0,3
44779,140,19
44780,0,3
44781,189,27
44782,152,20
44783,0,3
44784,132,17
44785,0,3
44786,478,32
44787,112,16
44788,33,7
44789,0,3
44790,0,3
44791,106,13
44792,201,23
44793,92,12
44794,0,3
44795,120,16
44796,161,18
44797,136,21
44798,0,3
44799,232,27
44800,80,13
44801,0,3
44802,79,10
44803,0,3
44804,101,15
44805,0,3
44806,0,3
44807,0,3
44808,90,16
44809,0,3
44810,36,8
44811,43,9
44812,103,16
44813,169,21
44814,0,3
44815,55,7
44816,94,13
44817,174,25
44818,129,16
44819,196,25
44820,0,3
44821,0,3
44822,88,15
44823,0,3
44824,28,5
44825,0,3
44826,244,25
44827,234,23
44828,0,3
44829,73,8
44830,225,24
44831,663,16
44832,234,22
44833,0,3
44834,0,3
44835,48,11
44836,0,3
44837,1000,9
44838,0,3
44839,99,18
44840,312,22
44841,97,13
44842,0,3
44843,142,22
44844,182,16
44845,543,21
44846,0,3
44847,66,12
44848,0,3
44849,0,3
44850,150,17
44851,0,3
44852,246,28
44853,94,14
44854,28,6
44855,0,3
44856,0,3
44857,184,27
44858,194,27
44859,243,26
44860,0,3
44861,37,10
44862,0,3
44863,295,21
44864,106,16
44865,14,5
44866,479,17
44867,209,21
44868,161,19
44869,101,13
44870,163,24
44871,0,3
44872,199,23
44873,0,3
44874,148,24
44875,144,22
44876,0,3
44877,135,18
44878,105,19
44879,241,25
44880,184,25
44881,127,18
44882,0,3
44883,0,3
44884,110,16
44885,0,3
44886,0,3
44887,0,3
44888,233,28
44889,102,16
44890,220,22
44891,155,16
44892,28,6
44893,148,18
44894,246,24
44895,102,15
44896,186,22
44897,133,19
44898,129,16
44899,0,3
44900,124,17
44901,132,14
44902,114,14
44903,0,3
44904,0,3
44905,162,20
44906,85,16
44907,0,3
44908,55,9
44909,329,28
44910,0,3
44911,0,3
44912,167,18
44913,0,3
44914,140,14
44915,239,19
44916,0,3
44917,139,20
44918,0,3
44919,99,12
44920,261,16
44921,0,3
44922,51,8
44923,261,23
44924,0,3
44925,0,3
44926,159,23
44927,0,3
44928,74,7
44929,80,12
44930,187,21
44931,473,18
44932,123,17
44933,64,10
44934,0,3
44935,219,22
44936,0,3
44937,142,19
44938,0,3
44939,156,18
44940,89,12
44941,0,3
44942,110,15
44943,175,22
44944,101,14
44945,178,26
44946,0,3
44947,152,16
44948,0,3
44949,134,19
44950,157,20
44951,0,3
44952,97,15
44953,46,9
44954,0,3
44955,91,15
44956,0,3
44957,147,25
44958,218,31
44959,296,26
44960,0,3
44961,175,25
44962,8,3
44963,0,3
44964,0,3
44965,325,31
44966,0,3
44967,0,3
44968,0,3
44969,190,25
44970,220,20
44971,150,16
44972,79,10
44973,0,3
44974,40,8
44975,88,16
44976,153,18
44977,74,8
44978,241,28
44979,69,9
44980,208,27
44981,0,3
44982,21,4
44983,79,16
44984,50,8
44985,186,22
44986,433,17
44987,145,22
44988,88,11
44989,177,17
44990,0,3
44991,145,22
44992,164,19
44993,135,17
44994,185,20
44995,192,23
44996,262,30
44997,0,3
44998,0,3
44999,229,27
45000,0,3
45001,176,21
45002,194,19
45003,184,24
45004,144,17
45005,316,22
45006,129,18
45007,134,19
45008,208,17
45009,136,20
45010,116,16
45011,106,16
45012,170,19
45013,0,3
45014,130,12
45015,84,11
45016,0,3
45017,210,21
45018,204,28
45019,148,19
45020,0,3
45021,207,29
45022,162,23
45023,0,3
45024,0,3
45025,0,3
45026,0,3
45027,80,11
45028,111,19
45029,0,3
45030,0,3
45031,96,17
45032,195,24
45033,0,3
45034,165,27
45035,0,3
45036,111,14
45037,0,3
45038,0,3
45039,31,6
45040,135,13
45041,70,14
45042,172,17
45043,23,6
45044,0,3
45045,106,16
45046,301,25
45047,108,15
45048,105,17
45049,0,3
45050,32,7
45051,0,3
45052,124,20
45053,169,25
45054,0,3
45055,232,25
45056,112,17
45057,0,3
45058,0,3
45059,130,14
45060,0,3
45061,0,3
45062,213,21
45063,109,15
45064,0,3
45065,181,22
45066,39,6
45067,0,3
45068,480,14
45069,142,17
45070,257,32
45071,0,3
45072,0,3
45073,193,31
45074,0,3
45075,36,6
45076,0,3
45077,177,24
45078,0,3
45079,91,13
45080,23,6
45081,0,3
45082,158,18
45083,0,3
45084,104,15
45085,325,24
45086,190,16
45087,192,22
45088,106,12
45089,71,12
45090,116,12
45091,0,3
45092,208,30
45093,971,24
45094,163,19
45095,189,21
45096,157,21
45097,140,19
45098,102,15
45099,170,21
45100,0,3
45101,54,9
45102,0,3
45103,0,3
45104,0,3
45105,159,20
45106,149,21
45107,186,25
45108,23,5
45109,126,21
45110,49,9
45111,294,32
45112,179,23
45113,152,19
45114,176,19
45115,178,25
45116,0,3
45117,0,3
45118,0,3
45119,237,22
45120,62,9
45121,207,25
45122,0,3
45123,222,19
45124,0,3
45125,199,19
45126,223,22
45127,0,3
45128,0,3
45129,140,18
45130,0,3
45131,0,3
45132,159,23
45133,213,26
45134,265,24
45135,309,30
45136,0,3
45137,65,15
45138,95,15
45139,0,3
45140,104,16
45141,0,3
45142,126,12
45143,305,31
45144,137,18
45145,101,15
45146,138,20
45147,114,16
45148,80,15
45149,0,3
45150,23,5
45151,66,9
45152,196,22
45153,84,12
45154,150,17
45155,155,20
45156,488,26
45157,167,22
45158,119,17
45159,0,3
45160,203,27
45161,65,15
45162,0,3
45163,0,3
45164,0,3
45165,167,20
45166,88,17
45167,146,21
45168,0,3
45169,0,3
45170,0,3
45171,0,3
45172,0,3
45173,234,22
45174,0,3
45175,0,3
45176,127,21
45177,107,19
45178,0,3
45179,71,11
45180,44,8
45181,0,3
45182,82,10
45183,111,15
45184,146,24
45185,0,3
45186,0,3
45187,202,21
45188,0,3
45189,45,9
45190,157,22
45191,95,16
45192,0,3
45193,187,25
45194,0,3
45195,180,30
45196,0,3
45197,124,19
45198,220,25
45199,119,19
45200,0,3
45201,222,27
45202,79,14
45203,281,30
45204,149,18
45205,175,24
45206,184,22
45207,30,5
45208,0,3
45209,195,19
45210,27,6
45211,3,3
45212,141,21
45213,0,3
45214,0,3
45215,88,12
45216,74,17
45217,104,15
45218,166,25
45219,102,18
45220,0,3
45221,0,3
45222,136,20
45223,96,13
45224,0,3
45225,0,3
45226,251,29
45227,147,16
45228,15,5
45229,58,10
45230,85,15
45231,260,23
45232,175,23
45233,256,22
45234,140,17
45235,130,18
45236,0,3
45237,147,17
45238,263,28
45239,312,11
45240,108,17
45241,167,17
45242,225,20
45243,151,19
45244,0,3
45245,0,3
45246,254,34
45247,181,24
45248,85,11
45249,85,15
45250,0,3
45251,170,22
45252,25,6
45253,97,13
45254,256,31
45255,465,29
45256,0,3
45257,179,19
45258,157,20
45259,0,3
45260,0,3
45261,0,3
45262,163,25
45263,182,22
45264,0,3
45265,1000,3
45266,156,18
45267,0,3
45268,153,19
45269,0,3
45270,0,3
45271,180,27
45272,300,24
45273,2,3
45274,242,28
45275,151,18
45276,0,3
45277,189,23
45278,0,3
45279,0,3
45280,165,26
45281,161,22
45282,156,15
45283,0,3
45284,130,19
45285,0,3
45286,0,3
45287,152,18
45288,0,3
45289,190,24
45290,225,24
45291,137,15
45292,88,17
45293,248,33
45294,0,3
45295,133,19
45296,158,21
45297,263,30
45298,0,3
45299,208,26
45300,211,27
45301,88,15
45302,0,3
45303,205,26
45304,0,3
45305,189,22
45306,132,12
45307,172,19
45308,150,23
45309,0,3
45310,2,3
45311,0,3
45312,0,3
45313,149,17
45314,190,22
45315,111,16
45316,137,19
45317,0,3
45318,317,31
45319,280,26
45320,236,32
45321,103,17
45322,144,16
45323,96,12
45324,0,3
45325,0,3
45326,0,3
45327,131,20
45328,250,28
45329,149,16
45330,164,21
45331,182,25
45332,275,34
45333,89,14
45334,0,3
45335,0,3
45336,0,3
45337,445,13
45338,290,30
45339,195,20
45340,509,17
45341,20,4
45342,0,3
45343,198,23
45344,277,23
45345,96,11
45346,0,3
45347,0,3
45348,193,24
45349,181,25
45350,0,3
45351,168,22
45352,268,24
45353,46,8
45354,74,13
45355,303,27
45356,0,3
45357,0,3
45358,0,3
45359,205,19
45360,285,10
45361,293,28
45362,0,3
45363,0,3
45364,121,18
45365,0,3
45366,179,24
45367,206,27
45368,279,30
45369,131,18
45370,0,3
45371,90,9
45372,148,23
45373,175,22
45374,0,3
45375,74,8
45376,0,3
45377,152,14
45378,115,18
45379,0,3
45380,166,25
45381,175,4
45382,94,14
45383,0,3
45384,0,3
45385,0,3
45386,199,22
45387,0,3
45388,0,3
45389,293,24
45390,0,3
45391,0,3
45392,70,11
45393,114,10
45394,88,15
45395,0,3
45396,0,3
45397,76,16
45398,31,6
45399,0,3
45400,200,26
45401,243,27
45402,161,23
45403,207,24
45404,207,26
45405,0,3
45406,0,3
45407,67,12
45408,85,13
45409,0,3
45410,179,23
45411,53,9
45412,101,18
45413,0,3
45414,0,3
45415,226,28
45416,88,16
45417,118,16
45418,0,3
45419,91,13
45420,1000,10
45421,162,18
45422,0,3
45423,166,22
45424,147,24
45425,64,10
45426,58,10
45427,0,3
45428,214,23
45429,0,3
45430,116,18
45431,192,26
45432,192,20
45433,312,28
45434,123,17
45435,0,3
45436,0,3
45437,0,3
45438,0,3
45439,0,3
45440,116,16
45441,0,3
45442,0,3
45443,0,3
45444,156,19
45445,127,18
45446,136,21
45447,130,20
45448,162,22
45449,198,19
45450,197,22
45451,185,20
45452,0,3
45453,0,3
45454,0,3
45455,293,31
45456,292,16
45457,152,20
45458,166,19
45459,133,18
45460,27,6
45461,94,16
45462,0,3
45463,4,4
45464,0,3
45465,763,19
45466,54,10
45467,195,26
45468,0,3
45469,0,3
45470,0,3
45471,0,3
45472,204,22
45473,0,3
45474,195,28
45475,108,19
45476,189,26
45477,0,3
45478,118,18
45479,0,3
45480,270,26
45481,0,3
45482,76,11
45483,62,10
45484,0,3
45485,82,15
45486,131,21
45487,207,24
45488,238,25
45489,0,3
45490,0,3
45491,0,3
45492,192,30
45493,665,22
45494,73,11
45495,68,8
45496,0,3
45497,0,3
45498,128,16
45499,0,3
45500,227,33
45501,200,30
45502,1000,9
45503,35,6
45504,4,4
45505,279,30
45506,144,21
45507,0,3
45508,0,3
45509,107,17
45510,0,3
45511,0,3
45512,0,3
45513,0,3
45514,145,17
45515,205,10
45516,106,19
45517,176,21
45518,184,20
45519,112,18
45520,249,26
45521,0,3
45522,240,30
45523,168,18
45524,166,20
45525,0,3
45526,48,10
45527,28,8
45528,0,3
45529,89,9
45530,129,19
45531,104,14
45532,137,28
45533,10,4
45534,0,3
45535,0,3
45536,37,8
45537,212,26
45538,131,16
45539,165,24
45540,0,3
45541,0,3
45542,120,18
45543,191,20
45544,0,3
45545,112,18
45546,0,3
45547,0,3
45548,0,3
45549,0,3
45550,142,19
45551,103,18
45552,0,3
45553,0,3
45554,143,21
45555,135,20
45556,287,20
45557,48,6
45558,59,11
45559,0,3
45560,0,3
45561,0,3
45562,4,4
45563,308,35
45564,0,3
45565,89,14
45566,0,3
45567,108,17
45568,0,3
45569,47,9
45570,0,3
45571,149,16
45572,171,29
45573,0,3
45574,188,29
45575,189,24
45576,125,17
45577,36,8
45578,184,19
45579,0,3
45580,117,21
45581,253,27
45582,101,14
45583,85,13
45584,176,20
45585,125,17
45586,22,6
45587,104,14
45588,191,21
45589,0,3
45590,0,3
45591,0,3
45592,184,23
45593,154,18
45594,0,3
45595,133,22
45596,209,24
45597,0,3
45598,210,25
45599,27,5
45600,0,3
45601,186,20
45602,0,3
45603,166,26
45604,98,5
45605,0,3
45606,0,3
45607,0,3
45608,0,3
45609,109,18
45610,778,23
45611,17,5
45612,0,3
45613,188,23
45614,173,19
45615,0,3
45616,0,3
45617,0,3
45618,189,30
45619,193,20
45620,0,3
45621,150,20
45622,0,3
45623,0,3
45624,0,3
45625,11,7
45626,0,3
45627,79,13
45628,0,3
45629,210,24
45630,116,23
45631,0,3
45632,176,23
45633,119,17
45634,45,7
45635,0,3
45636,145,20
45637,207,25
45638,97,16
45639,114,15
45640,0,3
45641,68,13
45642,253,30
45643,155,19
45644,138,19
45645,262,37
45646,0,3
45647,0,3
45648,0,3
45649,10,4
45650,227,28
45651,188,15
45652,147,21
45653,0,3
45654,0,3
45655,0,3
45656,0,3
45657,110,14
45658,0,3
45659,58,12
45660,146,16
45661,59,10
45662,12,5
45663,0,3
45664,370,18
45665,25,8
45666,214,20
45667,190,20
45668,0,3
45669,219,31
45670,29,7
45671,0,3
45672,0,3
45673,118,17
45674,72,12
45675,0,3
45676,141,17
45677,162,22
45678,115,14
45679,0,3
45680,144,19
45681,0,3
45682,234,27
45683,0,3
45684,79,13
45685,0,3
45686,152,17
45687,0,3
45688,0,3
45689,197,26
45690,0,3
45691,194,24
45692,103,12
45693,0,3
45694,0,3
45695,56,12
45696,0,3
45697,0,3
45698,253,24
45699,0,3
45700,190,21
45701,33,4
45702,191,19
45703,110,18
45704,173,17
45705,0,3
45706,103,20
45707,0,3
45708,99,12
45709,129,18
45710,0,3
45711,0,3
45712,0,3
45713,511,17
45714,297,31
45715,0,3
45716,85,14
45717,94,8
45718,0,3
45719,232,22
45720,19,5
45721,218,28
45722,0,3
45723,649,24
45724,35,6
45725,131,15
45726,0,3
45727,143,17
45728,0,3
45729,53,10
45730,70,12
45731,0,3
45732,105,14
45733,126,15
45734,134,21
45735,109,17
45736,142,20
45737,0,3
45738,2,3
45739,40,8
45740,88,13
45741,146,19
45742,184,21
45743,0,3
45744,0,3
45745,0,3
45746,191,20
45747,0,3
45748,182,20
45749,254,23
45750,0,3
45751,92,17
45752,94,11
45753,0,3
45754,170,17
45755,0,3
45756,135,20
45757,40,11
45758,0,3
45759,0,3
45760,47,7
45761,113,15
45762,169,19
45763,209,25
45764,29,9
45765,143,22
45766,0,3
45767,122,18
45768,188,27
45769,0,3
45770,0,3
45771,204,24
45772,85,18
45773,138,21
45774,234,27
45775,88,13
45776,52,11
45777,0,3
45778,0,3
45779,78,12
45780,0,3
45781,89,14
45782,9,6
45783,0,3
45784,126,22
45785,120,19
45786,156,15
45787,253,21
45788,0,3
45789,0,3
45790,631,20
45791,0,3
45792,187,22
45793,0,3
45794,0,3
45795,0,3
45796,0,3
45797,0,3
45798,352,10
45799,103,17
45800,183,20
45801,241,24
45802,116,21
45803,0,3
45804,234,24
45805,0,3
45806,68,12
45807,0,3
45808,283,29
45809,220,27
45810,199,23
45811,0,3
45812,139,16
45813,1,3
45814,127,15
45815,108,15
45816,0,3
45817,0,3
45818,0,3
45819,679,13
45820,199,23
45821,214,27
45822,188,18
45823,176,22
45824,89,14
45825,0,3
45826,146,21
45827,172,21
45828,0,3
45829,151,18
45830,55,11
45831,208,23
45832,0,3
45833,97,13
45834,104,15
45835,61,13
45836,0,3
45837,304,34
45838,95,15
45839,155,18
45840,214,25
45841,0,3
45842,0,3
45843,217,30
45844,0,3
45845,0,3
45846,555,23
45847,157,24
45848,167,21
45849,246,27
45850,273,23
45851,127,21
45852,0,3
45853,59,10
45854,198,21
45855,215,27
45856,705,18
45857,123,25
45858,268,12
45859,0,3
45860,223,27
45861,0,3
45862,110,17
45863,0,3
45864,0,3
45865,57,11
45866,0,3
45867,38,8
45868,0,3
45869,0,3
45870,182,17
45871,74,15
45872,136,23
45873,153,21
45874,0,3
45875,148,3
45876,139,21
45877,167,22
45878,134,21
45879,166,20
45880,176,19
45881,0,3
45882,0,3
45883,0,3
45884,0,3
45885,201,18
45886,0,3
45887,331,19
45888,264,12
45889,117,15
45890,93,14
45891,0,3
45892,80,13
45893,499,10
45894,0,3
45895,139,17
45896,76,11
45897,0,3
45898,0,3
45899,225,28
45900,0,3
45901,263,29
45902,223,30
45903,205,30
45904,0,3
45905,0,3
45906,318,17
45907,204,23
45908,0,3
45909,161,19
45910,0,3
45911,0,3
45912,207,24
45913,62,8
45914,210,21
45915,0,3
45916,427,18
45917,203,23
45918,77,9
45919,0,3
45920,0,3
45921,104,15
45922,172,23
45923,0,3
45924,110,15
45925,70,12
45926,0,3
45927,180,23
45928,154,20
45929,132,21
45930,116,17
45931,76,17
45932,180,23
45933,0,3
45934,0,3
45935,93,13
45936,214,26
45937,206,27
45938,152,17
45939,147,22
45940,130,13
45941,125,17
45942,178,23
45943,72,12
45944,0,3
45945,55,10
45946,200,20
45947,0,3
45948,94,14
45949,231,26
45950,0,3
45951,11,4
45952,0,3
45953,248,21
45954,0,3
45955,178,24
45956,0,3
45957,182,24
45958,168,22
45959,58,13
45960,0,3
45961,0,3
45962,126,21
45963,0,3
45964,259,26
45965,125,23
45966,0,3
45967,88,11
45968,0,3
45969,160,18
45970,0,3
45971,0,3
45972,160,23
45973,176,20
45974,123,15
45975,6,3
45976,1,3
45977,138,17
45978,164,20
45979,106,19
45980,0,3
45981,288,6
45982,0,3
45983,0,3
45984,66,11
45985,121,15
45986,0,3
45987,47,5
45988,0,3
45989,76,10
45990,226,24
45991,146,20
45992,83,16
45993,254,22
45994,168,25
45995,0,3
45996,120,19
45997,0,3
45998,0,3
45999,163,21
46000,67,9
46001,146,16
46002,0,3
46003,171,18
46004,184,25
46005,0,3
46006,0,3
46007,0,3
46008,0,3
46009,0,3
46010,0,3
46011,0,3
46012,813,11
46013,137,16
46014,238,31
46015,136,21
46016,93,17
46017,0,3
46018,0,3
46019,93,15
46020,0,3
46021,237,27
46022,229,20
46023,518,24
46024,0,3
46025,0,3
46026,0,3
46027,228,27
46028,196,19
46029,104,12
46030,0,3
46031,159,20
46032,43,10
46033,45,9
46034,228,28
46035,157,19
46036,181,19
46037,202,25
46038,0,3
46039,13,7
46040,0,3
46041,165,18
46042,0,3
46043,0,3
46044,97,15
46045,237,18
46046,0,3
46047,0,3
46048,0,3
46049,0,3
46050,177,22
46051,281,23
46052,550,19
46053,86,15
46054,217,17
46055,163,22
46056,0,3
46057,160,22
46058,0,3
46059,150,19
46060,0,3
46061,0,3
46062,1000,15
46063,188,21
46064,110,16
46065,0,3
46066,197,24
46067,0,3
46068,0,3
46069,158,20
46070,0,3
46071,0,3
46072,91,16
46073,224,22
46074,606,10
46075,0,3
46076,119,18
46077,0,3
46078,1,3
46079,112,14
46080,63,12
46081,136,22
46082,179,21
46083,154,27
46084,22,4
46085,173,23
46086,127,16
46087,0,3
46088,111,17
46089,0,3
46090,120,19
46091,0,3
46092,0,3
46093,85,8
46094,18,7
46095,193,30
46096,155,17
46097,0,3
46098,223,22
46099,324,20
46100,372,25
46101,282,32
46102,100,13
46103,0,3
46104,127,23
46105,113,15
46106,175,21
46107,0,3
46108,197,27
46109,0,3
46110,122,17
46111,0,3
46112,88,13
46113,282,41
46114,179,15
46115,116,14
46116,0,3
46117,0,3
46118,0,3
46119,143,13
46120,208,26
46121,237,29
46122,171,22
46123,0,3
46124,121,23
46125,93,16
46126,0,3
46127,0,3
46128,0,3
46129,101,15
46130,0,3
46131,0,3
46132,0,3
46133,136,16
46134,0,3
46135,0,3
46136,0,3
46137,0,3
46138,0,3
46139,114,18
46140,51,8
46141,0,3
46142,0,3
46143,0,3
46144,189,20
46145,240,29
46146,122,20
46147,0,3
46148,243,26
46149,161,23
46150,221,28
46151,152,24
46152,27,7
46153,42,10
46154,0,3
46155,115,20
46156,199,26
46157,0,3
46158,0,3
46159,0,3
46160,253,28
46161,172,20
46162,95,18
46163,0,3
46164,208,24
46165,0,3
46166,127,18
46167,0,3
46168,151,20
46169,321,32
46170,161,22
46171,94,11
46172,0,3
46173,211,24
46174,123,18
46175,0,3
46176,0,3
46177,224,20
46178,0,3
46179,0,3
46180,80,16
46181,220,26
46182,0,3
46183,208,21
46184,56,7
46185,244,27
46186,40,8
46187,182,22
46188,0,3
46189,0,3
46190,0,3
46191,175,21
46192,91,14
46193,0,3
46194,175,24
46195,74,12
46196,0,3
46197,111,18
46198,192,24
46199,0,3
46200,167,18
46201,0,3
46202,127,17
46203,194,22
46204,0,3
46205,227,21
46206,121,12
46207,125,18
46208,179,26
46209,0,3
46210,233,28
46211,0,3
46212,0,3
46213,98,11
46214,95,17
46215,0,3
46216,44,8
46217,495,12
46218,0,3
46219,0,3
46220,0,3
46221,124,19
46222,45,11
46223,23,6
46224,0,3
46225,74,14
46226,140,23
46227,817,8
46228,172,22
46229,133,24
46230,97,14
46231,414,24
46232,0,3
46233,192,19
46234,101,11
46235,209,24
46236,49,10
46237,108,16
46238,320,30
46239,215,24
46240,0,3
46241,0,3
46242,162,20
46243,70,9
46244,0,3
46245,0,3
46246,0,3
46247,999,13
46248,0,3
46249,164,23
46250,111,15
46251,149,16
46252,0,3
46253,0,3
46254,0,3
46255,0,3
46256,0,3
46257,277,20
46258,0,3
46259,0,3
46260,0,3
46261,0,3
46262,0,3
46263,0,3
46264,207,26
46265,131,15
46266,0,3
46267,0,3
46268,0,3
46269,197,28
46270,207,37
46271,0,3
46272,152,22
46273,199,25
46274,0,3
46275,139,18
46276,88,12
46277,150,16
46278,0,3
46279,0,3
46280,0,3
46281,377,13
46282,200,20
46283,0,3
46284,151,21
46285,173,25
46286,77,14
46287,71,14
46288,88,13
46289,113,18
46290,135,21
46291,0,3
46292,96,15
46293,118,13
46294,136,20
46295,0,3
46296,185,22
46297,106,16
46298,109,17
46299,431,33
46300,0,3
46301,0,3
46302,0,3
46303,154,19
46304,47,8
46305,106,18
46306,0,3
46307,70,12
46308,0,3
46309,0,3
46310,105,13
46311,130,18
46312,81,12
46313,122,16
46314,116,18
46315,245,27
46316,0,3
46317,262,16
46318,244,28
46319,149,19
46320,230,25
46321,0,3
46322,0,3
46323,0,3
46324,232,23
46325,272,37
46326,136,18
46327,82,13
46328,134,21
46329,262,25
46330,219,25
46331,162,14
46332,385,21
46333,220,26
46334,0,3
46335,222,19
46336,0,3
46337,0,3
46338,252,25
46339,192,20
46340,236,31
46341,56,10
46342,153,16
46343,128,20
46344,92,15
46345,158,19
46346,175,19
46347,254,19
46348,0,3
46349,0,3
46350,0,3
46351,118,17
46352,64,12
46353,195,29
46354,0,3
46355,0,3
46356,0,3
46357,217,25
46358,73,12
46359,0,3
46360,212,29
46361,0,3
46362,0,3
46363,830,22
46364,28,4
46365,0,3
46366,0,3
46367,0,3
46368,0,3
46369,0,3
46370,1000,11
46371,0,3
46372,77,10
46373,126,18
46374,0,3
46375,139,15
46376,0,3
46377,0,3
46378,295,35
46379,117,23
46380,11,4
46381,64,13
46382,174,24
46383,71,12
46384,0,3
46385,163,15
46386,178,17
46387,268,29
46388,0,3
46389,117,18
46390,142,22
46391,0,3
46392,147,24
46393,0,3
46394,167,21
46395,188,23
46396,0,3
46397,158,23
46398,0,3
46399,283,36
46400,163,17
46401,299,34
46402,133,17
46403,197,25
46404,0,3
46405,167,22
46406,215,26
46407,201,27
46408,0,3
46409,66,12
46410,140,15
46411,115,18
46412,0,3
46413,0,3
46414,145,20
46415,155,26
46416,0,3
46417,0,3
46418,234,16
46419,198,24
46420,0,3
46421,0,3
46422,108,18
46423,0,3
46424,73,12
46425,119,16
46426,0,3
46427,206,17
46428,0,3
46429,188,21
46430,160,18
46431,171,19
46432,149,24
46433,219,26
46434,0,3
46435,226,34
46436,157,10
46437,0,3
46438,540,25
46439,0,3
46440,0,3
46441,0,3
46442,229,24
46443,225,32
46444,163,23
46445,202,37
46446,277,23
46447,176,24
46448,66,12
46449,46,6
46450,171,22
46451,200,25
46452,232,33
46453,530,19
46454,117,19
46455,198,20
46456,651,25
46457,0,3
46458,94,18
46459,98,10
46460,0,3
46461,371,34
46462,289,29
46463,232,30
46464,36,7
46465,0,3
46466,0,3
46467,0,3
46468,0,3
46469,96,12
46470,0,3
46471,0,3
46472,216,28
46473,0,3
46474,156,20
46475,0,3
46476,81,13
46477,221,22
46478,0,3
46479,159,19
46480,156,18
46481,78,16
46482,0,3
46483,218,25
46484,160,21
46485,0,3
46486,183,25
46487,120,14
46488,27,6
46489,111,17
46490,71,11
46491,32,10
46492,158,17
46493,173,24
46494,0,3
46495,147,21
46496,0,3
46497,0,3
46498,139,16
46499,11,4
46500,68,14
46501,0,3
46502,140,17
46503,0,3
46504,0,3
46505,35,6
46506,175,21
46507,250,25
46508,113,16
46509,434,29
46510,118,19
46511,0,3
46512,85,13
46513,271,28
46514,0,3
46515,165,20
46516,155,22
46517,77,17
46518,0,3
46519,191,26
46520,0,3
46521,100,13
46522,198,27
46523,32,6
46524,165,25
46525,104,19
46526,0,3
46527,1000,7
46528,71,11
46529,0,3
46530,25,6
46531,0,3
46532,0,3
46533,98,18
46534,73,9
46535,152,20
46536,0,3
46537,184,24
46538,189,28
46539,205,24
46540,107,16
46541,138,19
46542,112,14
46543,150,26
46544,0,3
46545,71,15
46546,111,16
46547,208,21
46548,0,3
46549,91,13
46550,115,14
46551,167,24
46552,0,3
46553,88,16
46554,144,19
46555,496,29
46556,92,19
46557,0,3
46558,0,3
46559,143,18
46560,0,3
46561,154,23
46562,874,29
46563,0,3
46564,136,20
46565,0,3
46566,127,15
46567,0,3
46568,0,3
46569,399,14
46570,75,11
46571,195,24
46572,0,3
46573,182,24
46574,0,3
46575,223,26
46576,123,17
46577,189,20
46578,252,32
46579,118,16
46580,111,17
46581,0,3
46582,66,11
46583,232,28
46584,0,3
46585,187,17
46586,0,3
46587,169,23
46588,45,7
46589,312,30
46590,0,3
46591,237,28
46592,18,4
46593,135,18
46594,18,4
46595,142,21
46596,320,35
46597,241,23
46598,211,24
46599,158,27
46600,161,24
46601,116,19
46602,290,36
46603,0,3
46604,133,23
46605,100,16
46606,222,19
46607,0,3
46608,188,26
46609,241,22
46610,95,14
46611,146,15
46612,0,3
46613,213,19
46614,0,3
46615,173,27
46616,0,3
46617,220,20
46618,212,22
46619,0,3
46620,10,5
46621,230,26
46622,200,23
46623,0,3
46624,66,12
46625,225,29
46626,67,11
46627,0,3
46628,66,11
46629,160,18
46630,127,20
46631,79,17
46632,135,19
46633,0,3
46634,0,3
46635,0,3
46636,138,17
46637,220,27
46638,27,7
46639,83,9
46640,107,21
46641,0,3
46642,74,12
46643,9,3
46644,187,22
46645,75,13
46646,0,3
46647,144,16
46648,268,24
46649,169,23
46650,0,3
46651,0,3
46652,0,3
46653,197,22
46654,142,23
46655,254,31
46656,74,11
46657,124,18
46658,5,3
46659,117,21
46660,423,16
46661,92,12
46662,88,12
46663,33,9
46664,0,3
46665,0,3
46666,0,3
46667,124,14
46668,181,19
46669,135,20
46670,98,18
46671,0,3
46672,0,3
46673,8,3
46674,120,17
46675,140,19
46676,68,7
46677,117,16
46678,51,8
46679,141,21
46680,0,3
46681,128,19
46682,0,3
46683,101,17
46684,70,12
46685,125,13
46686,0,3
46687,0,3
46688,0,3
46689,270,26
46690,0,3
46691,189,28
46692,0,3
46693,0,3
46694,238,24
46695,0,3
46696,243,18
46697,196,26
46698,0,3
46699,168,29
46700,0,3
46701,0,3
46702,0,3
46703,142,25
46704,163,20
46705,200,28
46706,119,19
46707,62,10
46708,156,28
46709,0,3
46710,160,21
46711,197,18
46712,0,3
46713,43,7
46714,154,22
46715,146,23
46716,187,17
46717,108,17
46718,0,3
46719,0,3
46720,65,9
46721,134,23
46722,0,3
46723,139,24
46724,942,23
46725,185,24
46726,146,21
46727,64,13
46728,200,19
46729,0,3
46730,110,15
46731,251,27
46732,186,25
46733,93,13
46734,0,3
46735,56,11
46736,0,3
46737,211,20
46738,0,3
46739,118,15
46740,167,19
46741,163,22
46742,0,3
46743,43,8
46744,186,22
46745,179,26
46746,0,3
46747,151,20
46748,234,29
46749,178,16
46750,0,3
46751,113,15
46752,224,26
46753,121,18
46754,0,3
46755,147,23
46756,59,15
46757,117,18
46758,210,26
46759,119,21
46760,218,29
46761,196,23
46762,0,3
46763,238,25
46764,0,3
46765,112,16
46766,103,12
46767,108,19
46768,0,3
46769,218,29
46770,0,3
46771,244,29
46772,121,16
46773,0,3
46774,0,3
46775,290,26
46776,0,3
46777,0,3
46778,157,22
46779,0,3
46780,90,14
46781,204,22
46782,0,3
46783,226,29
46784,0,3
46785,0,3
46786,0,3
46787,0,3
46788,0,3
46789,0,3
46790,133,25
46791,0,3
46792,0,3
46793,382,23
46794,89,15
46795,274,34
46796,144,21
46797,129,22
46798,208,28
46799,0,3
46800,111,18
46801,114,14
46802,188,25
46803,0,3
46804,249,27
46805,0,3
46806,0,3
46807,0,3
46808,163,18
46809,0,3
46810,76,15
46811,103,16
46812,226,23
46813,0,3
46814,0,3
46815,127,19
46816,0,3
46817,68,14
46818,106,17
46819,0,3
46820,219,21
46821,0,3
46822,174,18
46823,98,13
46824,0,3
46825,186,23
46826,151,15
46827,111,15
46828,0,3
46829,239,28
46830,114,21
46831,159,22
46832,174,24
46833,97,16
46834,133,19
46835,114,17
46836,80,12
46837,176,21
46838,201,19
46839,0,3
46840,0,3
46841,189,18
46842,171,19
46843,0,3
46844,0,3
46845,214,27
46846,0,3
46847,76,15
46848,0,3
46849,0,3
46850,285,25
46851,0,3
46852,0,3
46853,0,3
46854,0,3
46855,143,21
46856,0,3
46857,136,16
46858,225,29
46859,91,14
46860,202,23
46861,0,3
46862,15,6
46863,317,5
46864,112,14
46865,132,16
46866,144,19
46867,0,3
46868,112,18
46869,0,3
46870,217,20
46871,230,27
46872,193,19
46873,71,11
46874,210,21
46875,137,23
46876,0,3
46877,0,3
46878,0,3
46879,194,26
46880,289,31
46881,0,3
46882,0,3
46883,197,21
46884,13,7
46885,0,3
46886,0,3
46887,0,3
46888,0,3
46889,0,3
46890,190,22
46891,0,3
46892,46,9
46893,83,13
46894,0,3
46895,0,3
46896,0,3
46897,114,18
46898,0,3
46899,29,6
46900,83,11
46901,0,3
46902,124,19
46903,0,3
46904,212,20
46905,221,24
46906,118,16
46907,57,11
46908,0,3
46909,0,3
46910,194,24
46911,157,18
46912,0,3
46913,202,24
46914,0,3
46915,356,27
46916,274,34
46917,0,3
46918,103,13
46919,0,3
46920,0,3
46921,197,25
46922,116,19
46923,0,3
46924,145,18
46925,150,23
46926,72,12
46927,81,9
46928,232,29
46929,104,15
46930,193,22
46931,84,11
46932,0,3
46933,265,25
46934,114,17
46935,247,25
46936,141,19
46937,290,32
46938,182,18
46939,167,20
46940,127,21
46941,0,3
46942,0,3
46943,80,12
46944,285,30
46945,128,20
46946,75,14
46947,0,3
46948,118,18
46949,171,20
46950,143,21
46951,0,3
46952,0,3
46953,0,3
46954,0,3
46955,307,31
46956,111,15
46957,159,19
46958,0,3
46959,0,3
46960,0,3
46961,0,3
46962,0,3
46963,221,26
46964,0,3
46965,132,21
46966,216,22
46967,0,3
46968,0,3
46969,112,16
46970,75,14
46971,0,3
46972,257,26
46973,0,3
46974,124,18
46975,165,21
46976,200,27
46977,175,16
46978,199,29
46979,130,20
46980,227,30
46981,147,17
46982,132,17
46983,107,20
46984,183,19
46985,133,19
46986,0,3
46987,0,3
46988,0,3
46989,0,3
46990,0,3
46991,36,6
46992,173,16
46993,27,6
46994,208,26
46995,149,17
46996,171,19
46997,0,3
46998,33,7
46999,0,3
47000,0,3
47001,0,3
47002,199,23
47003,170,21
47004,69,12
47005,205,22
47006,229,29
47007,122,18
47008,212,31
47009,172,22
47010,124,16
47011,0,3
47012,173,24
47013,177,22
47014,191,20
47015,137,18
47016,128,19
47017,325,24
47018,103,14
47019,0,3
47020,54,9
47021,147,17
47022,218,31
47023,151,20
47024,107,18
47025,28,4
47026,215,27
47027,0,3
47028,140,21
47029,249,24
47030,51,10
47031,200,30
47032,48,11
47033,0,3
47034,0,3
47035,0,3
47036,0,3
47037,141,12
47038,221,28
47039,0,3
47040,51,8
47041,89,14
47042,95,11
47043,0,3
47044,103,14
47045,0,3
47046,51,13
47047,103,15
47048,190,17
47049,129,17
47050,118,17
47051,32,8
47052,90,14
47053,12,5
47054,120,13
47055,0,3
47056,0,3
47057,228,24
47058,345,33
47059,244,21
47060,146,18
47061,175,20
47062,207,23
47063,96,14
47064,153,18
47065,0,3
47066,63,11
47067,99,16
47068,236,22
47069,159,20
47070,215,19
47071,205,23
47072,162,24
47073,0,3
47074,90,17
47075,0,3
47076,191,24
47077,207,23
47078,0,3
47079,67,10
47080,0,3
47081,117,15
47082,140,21
47083,120,17
47084,220,23
47085,263,32
47086,0,3
47087,52,10
47088,131,16
47089,89,15
47090,0,3
47091,157,19
47092,285,29
47093,247,26
47094,126,19
47095,120,18
47096,143,17
47097,170,24
47098,117,24
47099,202,24
47100,114,22
47101,0,3
47102,0,3
47103,137,19
47104,190,21
47105,105,14
47106,126,17
47107,0,3
47108,0,3
47109,0,3
47110,151,19
47111,115,16
47112,225,30
47113,195,22
47114,3,3
47115,216,22
47116,93,20
47117,0,3
47118,276,30
47119,148,22
47120,141,17
47121,78,14
47122,0,3
47123,0,3
47124,157,19
47125,129,15
47126,81,20
47127,241,27
47128,137,14
47129,0,3
47130,261,20
47131,0,3
47132,119,12
47133,0,3
47134,156,16
47135,0,3
47136,189,23
47137,0,3
47138,0,3
47139,162,23
47140,0,3
47141,196,20
47142,15,5
47143,0,3
47144,0,3
47145,0,3
47146,130,18
47147,140,22
47148,143,19
47149,79,14
47150,206,26
47151,156,22
47152,0,3
47153,0,3
47154,0,3
47155,198,23
47156,197,26
47157,103,17
47158,70,14
47159,37,12
47160,0,3
47161,0,3
47162,281,36
47163,223,28
47164,0,3
47165,115,17
47166,118,12
47167,0,3
47168,93,17
47169,101,15
47170,1000,5
47171,65,10
47172,338,13
47173,54,12
47174,82,12
47175,122,17
47176,0,3
47177,234,27
47178,0,3
47179,157,23
47180,122,21
47181,0,3
47182,132,15
47183,224,29
47184,144,24
47185,0,3
47186,47,11
47187,0,3
47188,144,18
47189,21,5
47190,0,3
47191,90,16
47192,137,18
47193,0,3
47194,171,21
47195,219,20
47196,0,3
47197,0,3
47198,128,19
47199,316,33
47200,0,3
47201,210,29
47202,200,22
47203,0,3
47204,258,31
47205,116,9
47206,66,12
47207,283,25
47208,278,23
47209,140,19
47210,139,21
47211,297,29
47212,180,18
47213,201,20
47214,0,3
47215,75,14
47216,202,29
47217,73,12
47218,82,12
47219,245,25
47220,168,22
47221,307,21
47222,63,10
47223,221,26
47224,219,23
47225,175,19
47226,203,25
47227,146,15
47228,74,12
47229,253,25
47230,0,3
47231,130,17
47232,0,3
47233,0,3
47234,165,24
47235,238,33
47236,0,3
47237,171,22
47238,119,13
47239,20,7
47240,193,21
47241,354,21
47242,0,3
47243,232,24
47244,22,6
47245,0,3
47246,142,21
47247,72,9
47248,151,18
47249,0,3
47250,197,22
47251,0,3
47252,153,20
47253,196,31
47254,230,24
47255,0,3
47256,212,27
47257,212,22
47258,150,24
47259,116,16
47260,0,3
47261,0,3
47262,206,21
47263,0,3
47264,253,25
47265,171,20
47266,0,3
47267,192,23
47268,55,11
47269,74,7
47270,50,11
47271,298,34
47272,153,19
47273,225,21
47274,138,16
47275,112,15
47276,0,3
47277,108,14
47278,224,23
47279,128,18
47280,0,3
47281,112,20
47282,208,25
47283,179,25
47284,0,3
47285,135,19
47286,0,3
47287,137,20
47288,0,3
47289,100,16
47290,247,27
47291,0,3
47292,0,3
47293,170,21
47294,101,15
47295,0,3
47296,0,3
47297,195,27
47298,156,22
47299,264,30
47300,95,15
47301,50,11
47302,0,3
47303,154,27
47304,0,3
47305,0,3
47306,0,3
47307,215,26
47308,0,3
47309,173,24
47310,56,9
47311,0,3
47312,167,20
47313,134,22
47314,161,24
47315,0,3
47316,88,11
47317,74,11
47318,0,3
47319,198,25
47320,7,3
47321,0,3
47322,0,3
47323,133,14
47324,276,30
47325,201,22
47326,119,21
47327,0,3
47328,167,26
47329,0,3
47330,159,20
47331,0,3
47332,0,3
47333,215,27
47334,0,3
47335,192,21
47336,207,26
47337,0,3
47338,152,22
47339,0,3
47340,0,3
47341,157,18
47342,0,3
47343,62,11
47344,0,3
47345,154,20
47346,233,25
47347,198,22
47348,0,3
47349,372,18
47350,0,3
47351,112,18
47352,230,24
47353,5,3
47354,184,20
47355,0,3
47356,0,3
47357,0,3
47358,195,20
47359,212,25
47360,191,27
47361,26,6
47362,218,24
47363,0,3
47364,140,23
47365,75,10
47366,52,9
47367,118,15
47368,125,18
47369,187,21
47370,126,17
47371,212,29
47372,182,28
47373,154,16
47374,0,3
47375,260,26
47376,0,3
47377,99,16
47378,92,15
47379,0,3
47380,67,12
47381,222,23
47382,8,4
47383,0,3
47384,0,3
47385,170,28
47386,0,3
47387,0,3
47388,0,3
47389,0,3
47390,0,3
47391,111,20
47392,137,20
47393,0,3
47394,100,16
47395,220,29
47396,0,3
47397,0,3
47398,315,30
47399,0,3
47400,300,33
47401,0,3
47402,151,21
47403,0,3
47404,0,3
47405,0,3
47406,222,23
47407,860,27
47408,193,31
47409,0,3
47410,307,27
47411,278,32
47412,83,14
47413,197,23
47414,0,3
47415,0,3
47416,0,3
47417,0,3
47418,214,25
47419,0,3
47420,263,30
47421,1000,5
47422,0,3
47423,143,16
47424,162,21
47425,37,7
47426,96,12
47427,0,3
47428,0,3
47429,41,9
47430,224,26
47431,0,3
47432,0,3
47433,209,23
47434,137,18
47435,0,3
47436,0,3
47437,158,19
47438,180,26
47439,258,28
47440,0,3
47441,0,3
47442,197,26
47443,133,16
47444,163,22
47445,0,3
47446,0,3
47447,81,11
47448,0,3
47449,0,3
47450,0,3
47451,183,28
47452,185,22
47453,0,3
47454,0,3
47455,213,23
47456,237,25
47457,89,15
47458,103,17
47459,0,3
47460,210,30
47461,0,3
47462,66,11
47463,132,20
47464,159,23
47465,129,24
47466,187,25
47467,115,16
47468,169,21
47469,0,3
47470,0,3
47471,231,31
47472,638,31
47473,242,28
47474,106,17
47475,126,22
47476,0,3
47477,185,18
47478,180,24
47479,87,12
47480,180,21
47481,0,3
47482,0,3
47483,239,24
47484,199,27
47485,57,13
47486,86,12
47487,80,13
47488,0,3
47489,144,21
47490,0,3
47491,51,10
47492,208,28
47493,0,3
47494,134,21
47495,57,10
47496,146,16
47497,53,12
47498,130,15
47499,0,3
47500,178,21
47501,144,22
47502,55,10
47503,105,19
47504,0,3
47505,0,3
47506,319,33
47507,193,21
47508,268,28
47509,162,23
47510,16,4
47511,125,18
47512,66,9
47513,147,23
47514,0,3
47515,0,3
47516,221,29
47517,0,3
47518,227,28
47519,151,21
47520,55,11
47521,149,20
47522,0,3
47523,74,13
47524,0,3
47525,141,14
47526,0,3
47527,133,14
47528,0,3
47529,0,3
47530,230,11
47531,0,3
47532,0,3
47533,167,21
47534,221,33
47535,0,3
47536,0,3
47537,111,14
47538,112,18
47539,160,17
47540,0,3
47541,0,3
47542,175,26
47543,155,26
47544,0,3
47545,0,3
47546,107,15
47547,265,24
47548,0,3
47549,170,25
47550,0,3
47551,0,3
47552,0,3
47553,258,25
47554,167,19
47555,161,22
47556,111,17
47557,0,3
47558,55,11
47559,0,3
47560,142,20
47561,111,17
47562,234,32
47563,0,3
47564,242,31
47565,0,3
47566,201,24
47567,0,3
47568,73,12
47569,83,13
47570,0,3
47571,301,20
47572,0,3
47573,90,16
47574,112,20
47575,39,6
47576,114,17
47577,153,18
47578,0,3
47579,0,3
47580,187,24
47581,0,3
47582,0,3
47583,0,3
47584,0,3
47585,0,3
47586,184,18
47587,0,3
47588,0,3
47589,0,3
47590,0,3
47591,92,18
47592,159,19
47593,0,3
47594,134,21
47595,0,3
47596,141,24
47597,173,21
47598,232,32
47599,0,3
47600,170,24
47601,0,3
47602,280,30
47603,0,3
47604,0,3
47605,82,17
47606,181,20
47607,229,27
47608,116,21
47609,0,3
47610,0,3
47611,84,12
47612,185,26
47613,139,17
47614,219,29
47615,0,3
47616,27,8
47617,121,17
47618,154,22
47619,0,3
47620,0,3
47621,149,25
47622,0,3
47623,0,3
47624,0,3
47625,0,3
47626,0,3
47627,197,24
47628,220,26
47629,317,32
47630,248,28
47631,118,15
47632,140,17
47633,56,14
47634,128,17
47635,207,24
47636,0,3
47637,0,3
47638,899,14
47639,181,22
47640,0,3
47641,188,19
47642,14,5
47643,174,20
47644,221,28
47645,0,3
47646,0,3
47647,273,31
47648,43,10
47649,63,11
47650,0,3
47651,193,26
47652,13,5
47653,215,26
47654,179,22
47655,72,13
47656,0,3
47657,595,21
47658,338,36
47659,174,29
47660,169,17
47661,0,3
47662,114,21
47663,224,25
47664,0,3
47665,9,5
47666,139,13
47667,173,23
47668,170,23
47669,115,17
47670,124,19
47671,1000,5
47672,238,32
47673,0,3
47674,148,20
47675,0,3
47676,130,17
47677,0,3
47678,147,17
47679,223,25
47680,0,3
47681,0,3
47682,129,19
47683,50,7
47684,299,17
47685,596,26
47686,50,10
47687,177,22
47688,0,3
47689,276,29
47690,157,27
47691,0,3
47692,72,9
47693,0,3
47694,90,11
47695,33,7
47696,133,16
47697,185,24
47698,1000,10
47699,166,19
47700,0,3
47701,490,20
47702,283,29
47703,0,3
47704,0,3
47705,259,29
47706,0,3
47707,207,27
47708,253,25
47709,61,8
47710,0,3
47711,163,25
47712,86,11
47713,195,22
47714,0,3
47715,0,3
47716,0,3
47717,0,3
47718,104,16
47719,95,11
47720,229,27
47721,96,17
47722,204,21
47723,355,23
47724,170,17
47725,570,24
47726,511,19
47727,142,16
47728,142,22
47729,0,3
47730,177,24
47731,159,22
47732,321,30
47733,0,3
47734,219,23
47735,0,3
47736,3,2
47737,154,19
47738,0,3
47739,168,23
47740,131,20
47741,112,17
47742,101,13
47743,158,23
47744,281,35
47745,40,9
47746,139,15
47747,175,23
47748,146,20
47749,730,12
47750,186,13
47751,0,3
47752,135,20
47753,72,15
47754,128,18
47755,183,17
47756,0,3
47757,30,8
47758,0,3
47759,53,10
47760,122,16
47761,170,20
47762,144,15
47763,174,18
47764,187,25
47765,85,14
47766,51,10
47767,112,17
47768,0,3
47769,0,3
47770,943,17
47771,388,35
47772,0,3
47773,63,9
47774,0,3
47775,0,3
47776,219,31
47777,0,3
47778,155,23
47779,69,11
47780,0,3
47781,157,19
47782,189,17
47783,0,3
47784,188,28
47785,106,18
47786,37,7
47787,64,12
47788,131,23
47789,0,3
47790,97,16
47791,78,12
47792,138,14
47793,0,3
47794,208,23
47795,163,19
47796,91,16
47797,0,3
47798,0,3
47799,0,3
47800,0,3
47801,76,13
47802,0,3
47803,0,3
47804,137,21
47805,0,3
47806,0,3
47807,0,3
47808,0,3
47809,120,17
47810,255,26
47811,92,13
47812,0,3
47813,0,3
47814,244,37
47815,181,28
47816,72,12
47817,126,19
47818,197,26
47819,199,29
47820,209,23
47821,330,33
47822,101,16
47823,0,3
47824,150,23
47825,184,25
47826,0,3
47827,503,25
47828,128,18
47829,0,3
47830,0,3
47831,177,22
47832,90,14
47833,105,20
47834,128,22
47835,0,3
47836,178,23
47837,0,3
47838,0,3
47839,203,29
47840,0,3
47841,0,3
47842,195,20
47843,113,13
47844,0,3
47845,0,3
47846,644,18
47847,94,11
47848,88,15
47849,246,27
47850,89,14
47851,119,17
47852,100,17
47853,59,12
47854,53,13
47855,135,20
47856,90,16
47857,1,3
47858,131,18
47859,130,14
47860,0,3
47861,177,23
47862,46,9
47863,112,17
47864,190,24
47865,0,3
47866,0,3
47867,162,30
47868,0,3
47869,0,3
47870,0,3
47871,0,3
47872,239,24
47873,144,19
47874,0,3
47875,215,26
47876,136,20
47877,328,17
47878,193,21
47879,157,23
47880,0,3
47881,177,27
47882,0,3
47883,156,19
47884,0,3
47885,0,3
47886,0,3
47887,92,14
47888,134,16
47889,71,11
47890,111,19
47891,0,3
47892,0,3
47893,0,3
47894,104,16
47895,195,25
47896,0,3
47897,1000,10
47898,197,23
47899,123,17
47900,2,3
47901,250,33
47902,146,26
47903,182,22
47904,156,18
47905,52,12
47906,0,3
47907,141,19
47908,161,20
47909,139,17
47910,382,26
47911,0,3
47912,0,3
47913,226,26
47914,165,17
47915,162,24
47916,224,21
47917,67,11
47918,672,20
47919,164,23
47920,158,20
47921,0,3
47922,0,3
47923,267,29
47924,154,20
47925,0,3
47926,0,3
47927,62,13
47928,254,29
47929,115,18
47930,0,3
47931,261,24
47932,170,23
47933,115,17
47934,101,17
47935,130,20
47936,59,12
47937,0,3
47938,202,26
47939,0,3
47940,0,3
47941,0,3
47942,0,3
47943,0,3
47944,0,3
47945,161,23
47946,130,24
47947,132,21
47948,202,23
47949,0,3
47950,83,14
47951,139,19
47952,98,13
47953,0,3
47954,0,3
47955,220,27
47956,123,16
47957,198,29
47958,0,3
47959,0,3
47960,26,4
47961,0,3
47962,160,16
47963,65,10
47964,0,3
47965,167,21
47966,0,3
47967,161,21
47968,193,25
47969,0,3
47970,0,3
47971,172,21
47972,915,19
47973,132,19
47974,104,16
47975,0,3
47976,152,21
47977,0,3
47978,0,3
47979,134,22
47980,223,23
47981,141,17
47982,128,22
47983,154,25
47984,91,15
47985,0,3
47986,233,25
47987,96,14
47988,0,3
47989,125,20
47990,0,3
47991,180,25
47992,0,3
47993,205,24
47994,0,3
47995,0,3
47996,0,3
47997,302,30
47998,49,8
47999,197,30
48000,139,15
48001,142,19
48002,0,3
48003,18,7
48004,0,3
48005,90,15
48006,246,31
48007,0,3
48008,102,19
48009,179,26
48010,121,16
48011,152,25
48012,0,3
48013,0,3
48014,0,3
48015,157,21
48016,0,3
48017,0,3
48018,0,3
48019,0,3
48020,175,19
48021,0,3
48022,97,12
48023,103,14
48024,0,3
48025,52,10
48026,0,3
48027,0,3
48028,196,23
48029,274,38
48030,0,3
48031,115,21
48032,84,15
48033,162,20
48034,0,3
48035,100,18
48036,132,20
48037,0,3
48038,0,3
48039,0,3
48040,141,15
48041,0,3
48042,222,28
48043,284,25
48044,144,20
48045,187,28
48046,0,3
48047,183,29
48048,0,3
48049,154,22
48050,0,3
48051,79,11
48052,0,3
48053,259,28
48054,0,3
48055,166,21
48056,0,3
48057,0,3
48058,209,29
48059,34,7
48060,0,3
48061,0,3
48062,188,15
48063,243,27
48064,0,3
48065,0,3
48066,0,3
48067,0,3
48068,174,20
48069,61,14
48070,137,19
48071,0,3
48072,346,22
48073,95,20
48074,233,30
48075,224,20
48076,0,3
48077,0,3
48078,0,3
48079,127,19
48080,0,3
48081,219,28
48082,0,3
48083,178,20
48084,161,10
48085,0,3
48086,131,18
48087,0,3
48088,138,17
48089,0,3
48090,0,3
48091,110,15
48092,190,22
48093,144,18
48094,83,14
48095,0,3
48096,0,3
48097,133,17
48098,222,26
48099,0,3
48100,73,11
48101,149,21
48102,86,12
48103,133,17
48104,0,3
48105,0,3
48106,0,3
48107,209,26
48108,0,3
48109,702,15
48110,225,28
48111,0,3
48112,45,7
48113,97,14
48114,196,20
48115,0,3
48116,0,3
48117,0,3
48118,196,20
48119,117,17
48120,0,3
48121,146,20
48122,0,3
48123,0,3
48124,92,18
48125,131,17
48126,0,3
48127,486,13
48128,54,8
48129,0,3
48130,0,3
48131,127,21
48132,166,24
48133,0,3
48134,0,3
48135,119,22
48136,230,24
48137,115,19
48138,0,3
48139,193,21
48140,190,26
48141,170,23
48142,148,23
48143,0,3
48144,132,20
48145,138,17
48146,0,3
48147,0,3
48148,0,3
48149,147,22
48150,147,21
48151,166,20
48152,154,20
48153,0,3
48154,0,3
48155,177,19
48156,162,20
48157,0,3
48158,188,25
48159,0,3
48160,10,4
48161,85,13
48162,101,11
48163,91,14
48164,131,17
48165,145,18
48166,0,3
48167,57,12
48168,109,17
48169,0,3
48170,168,18
48171,189,22
48172,170,21
48173,0,3
48174,0,3
48175,0,3
48176,159,23
48177,29,10
48178,49,8
48179,230,28
48180,162,20
48181,233,30
48182,15,5
48183,65,13
48184,47,7
48185,167,17
48186,174,20
48187,268,25
48188,0,3
48189,2,3
48190,88,14
48191,222,27
48192,169,25
48193,158,20
48194,0,3
48195,0,3
48196,107,14
48197,0,3
48198,140,24
48199,215,26
48200,0,3
48201,110,16
48202,0,3
48203,94,12
48204,136,15
48205,206,23
48206,0,3
48207,121,17
48208,0,3
48209,595,15
48210,157,17
48211,0,3
48212,85,18
48213,0,3
48214,114,17
48215,162,21
48216,124,14
48217,198,24
48218,0,3
48219,37,8
48220,32,8
48221,135,17
48222,0,3
48223,47,6
48224,301,30
48225,173,24
48226,82,16
48227,0,3
48228,214,25
48229,0,3
48230,1000,30
48231,155,16
48232,0,3
48233,97,11
48234,120,17
48235,0,3
48236,0,3
48237,0,3
48238,0,3
48239,138,24
48240,153,15
48241,347,27
48242,184,25
48243,71,12
48244,91,17
48245,0,3
48246,174,22
48247,87,12
48248,0,3
48249,0,3
48250,405,28
48251,130,20
48252,0,3
48253,0,3
48254,0,3
48255,0,3
48256,101,15
48257,0,3
48258,0,3
48259,0,3
48260,0,3
48261,226,23
48262,151,18
48263,0,3
48264,0,3
48265,212,30
48266,99,15
48267,177,20
48268,271,34
48269,274,31
48270,231,25
48271,55,11
48272,0,3
48273,0,3
48274,0,3
48275,198,33
48276,188,27
48277,0,3
48278,0,3
48279,172,19
48280,0,3
48281,0,3
48282,143,16
48283,0,3
48284,0,3
48285,0,3
48286,0,3
48287,0,3
48288,89,15
48289,0,3
48290,134,20
48291,0,3
48292,126,14
48293,0,3
48294,0,3
48295,173,24
48296,197,27
48297,71,11
48298,117,20
48299,0,3
48300,0,3
48301,114,19
48302,0,3
48303,112,20
48304,263,31
48305,0,3
48306,0,3
48307,109,14
48308,192,19
48309,0,3
48310,75,12
48311,0,3
48312,0,3
48313,177,20
48314,187,24
48315,69,10
48316,0,3
48317,0,3
48318,0,3
48319,0,3
48320,7,4
48321,184,20
48322,0,3
48323,0,3
48324,205,25
48325,73,12
48326,228,31
48327,0,3
48328,135,17
48329,0,3
48330,131,12
48331,0,3
48332,0,3
48333,212,29
48334,186,28
48335,0,3
48336,81,13
48337,0,3
48338,0,3
48339,161,21
48340,0,3
48341,0,3
48342,158,17
48343,154,17
48344,264,26
48345,160,22
48346,22,5
48347,129,19
48348,150,16
48349,164,20
48350,0,3
48351,0,3
48352,229,28
48353,163,22
48354,0,3
48355,91,15
48356,0,3
48357,157,21
48358,0,3
48359,303,36
48360,322,36
48361,140,20
48362,141,23
48363,0,3
48364,194,22
48365,0,3
48366,0,3
48367,147,22
48368,4,4
48369,0,3
48370,0,3
48371,168,18
48372,0,3
48373,148,17
48374,198,22
48375,184,19
48376,541,31
48377,215,26
48378,151,22
48379,0,3
48380,84,14
48381,1000,4
48382,163,19
48383,180,20
48384,139,19
48385,62,15
48386,550,26
48387,391,34
48388,183,23
48389,0,3
48390,111,18
48391,104,16
48392,84,10
48393,186,22
48394,250,26
48395,76,9
48396,199,23
48397,0,3
48398,0,3
48399,173,23
48400,144,25
48401,0,3
48402,150,22
48403,153,21
48404,129,16
48405,210,27
48406,44,10
48407,157,22
48408,66,11
48409,209,29
48410,243,30
48411,0,3
48412,0,3
48413,0,3
48414,111,20
48415,156,19
48416,0,3
48417,107,12
48418,144,17
48419,0,3
48420,0,3
48421,0,3
48422,119,14
48423,227,22
48424,180,16
48425,135,17
48426,188,23
48427,98,14
48428,143,18
48429,83,9
48430,125,13
48431,136,20
48432,0,3
48433,113,19
48434,207,24
48435,96,16
48436,0,3
48437,75,12
48438,111,23
48439,851,13
48440,175,17
48441,78,13
48442,64,11
48443,0,3
48444,210,27
48445,199,29
48446,90,13
48447,73,13
48448,220,15
48449,176,21
48450,168,17
48451,171,22
48452,10,7
48453,182,25
48454,205,21
48455,198,26
48456,169,21
48457,180,26
48458,145,20
48459,0,3
48460,0,3
48461,121,21
48462,0,3
48463,0,3
48464,238,29
48465,1000,5
48466,85,15
48467,0,3
48468,177,23
48469,162,25
48470,0,3
48471,0,3
48472,192,20
48473,0,3
48474,203,24
48475,135,20
48476,0,3
48477,170,23
48478,117,14
48479,142,25
48480,0,3
48481,0,3
48482,73,9
48483,174,23
48484,163,19
48485,138,23
48486,0,3
48487,0,3
48488,136,16
48489,0,3
48490,201,25
48491,77,12
48492,888,27
48493,0,3
48494,183,21
48495,478,23
48496,0,3
48497,135,19
48498,167,20
48499,0,3
48500,0,3
48501,147,24
48502,162,27
48503,84,11
48504,0,3
48505,997,26
48506,171,23
48507,150,18
48508,242,20
48509,132,19
48510,691,16
48511,39,9
48512,192,18
48513,85,18
48514,196,23
48515,149,22
48516,0,3
48517,263,28
48518,0,3
48519,251,14
48520,0,3
48521,184,21
48522,0,3
48523,215,26
48524,162,17
48525,501,17
48526,0,3
48527,420,20
48528,125,22
48529,109,17
48530,0,3
48531,0,3
48532,202,25
48533,0,3
48534,281,33
48535,209,29
48536,1000,4
48537,132,27
48538,119,16
48539,294,30
48540,0,3
48541,189,18
48542,367,26
48543,0,3
48544,62,15
48545,159,25
48546,323,23
48547,154,14
48548,264,31
48549,0,3
48550,0,3
48551,55,11
48552,203,19
48553,162,23
48554,165,17
48555,75,12
48556,0,3
48557,180,20
48558,54,13
48559,198,26
48560,0,3
48561,0,3
48562,114,20
48563,229,27
48564,0,3
48565,157,14
48566,262,30
48567,138,21
48568,0,3
48569,140,20
48570,0,3
48571,0,3
48572,77,16
48573,0,3
48574,0,3
48575,253,29
48576,92,10
48577,210,26
48578,165,22
48579,0,3
48580,0,3
48581,177,19
48582,0,3
48583,0,3
48584,0,3
48585,175,29
48586,0,3
48587,91,15
48588,513,14
48589,0,3
48590,137,20
48591,0,3
48592,229,27
48593,148,18
48594,0,3
48595,0,3
48596,146,22
48597,165,23
48598,213,23
48599,335,15
48600,0,3
48601,235,29
48602,246,32
48603,0,3
48604,141,14
48605,0,3
48606,140,24
48607,117,17
48608,142,23
48609,135,21
48610,19,6
48611,166,24
48612,174,23
48613,134,16
48614,108,22
48615,177,22
48616,0,3
48617,205,23
48618,0,3
48619,134,18
48620,0,3
48621,159,18
48622,5,4
48623,0,3
48624,0,3
48625,0,3
48626,0,3
48627,164,19
48628,0,3
48629,188,28
48630,92,14
48631,0,3
48632,136,20
48633,208,27
48634,165,20
48635,119,17
48636,0,3
48637,0,3
48638,132,17
48639,164,25
48640,0,3
48641,165,20
48642,157,23
48643,146,17
48644,638,25
48645,101,12
48646,137,19
48647,177,25
48648,425,20
48649,0,3
48650,95,14
48651,101,17
48652,1000,4
48653,0,3
48654,0,3
48655,252,23
48656,209,25
48657,142,23
48658,478,18
48659,0,3
48660,125,17
48661,184,21
48662,0,3
48663,190,24
48664,230,25
48665,159,19
48666,777,17
48667,175,19
48668,186,19
48669,134,18
48670,0,3
48671,0,3
48672,0,3
48673,407,17
48674,224,25
48675,148,18
48676,0,3
48677,0,3
48678,0,3
48679,289,25
48680,159,21
48681,224,26
48682,0,3
48683,43,10
48684,209,25
48685,0,3
48686,194,28
48687,0,3
48688,231,27
48689,0,3
48690,0,3
48691,0,3
48692,94,15
48693,270,11
48694,126,12
48695,681,20
48696,194,23
48697,0,3
48698,249,14
48699,0,3
48700,0,3
48701,297,21
48702,142,23
48703,0,3
48704,39,6
48705,257,26
48706,256,24
48707,0,3
48708,64,10
48709,0,3
48710,0,3
48711,308,33
48712,0,3
48713,0,3
48714,0,3
48715,0,3
48716,0,3
48717,0,3
48718,291,17
48719,0,3
48720,258,32
48721,0,3
48722,0,3
48723,0,3
48724,0,3
48725,266,35
48726,146,20
48727,136,16
48728,196,22
48729,80,16
48730,106,14
48731,131,21
48732,0,3
48733,0,3
48734,224,25
48735,175,21
48736,151,18
48737,141,18
48738,0,3
48739,97,12
48740,186,25
48741,91,13
48742,0,3
48743,88,16
48744,129,16
48745,0,3
48746,264,27
48747,210,27
48748,224,25
48749,254,25
48750,0,3
48751,2,3
48752,180,25
48753,120,16
48754,237,11
48755,243,25
48756,0,3
48757,0,3
48758,0,3
48759,37,6
48760,207,20
48761,151,19
48762,192,17
48763,176,20
48764,0,3
48765,165,17
48766,38,8
48767,243,32
48768,0,3
48769,0,3
48770,0,3
48771,331,29
48772,99,13
48773,124,18
48774,150,18
48775,132,19
48776,220,25
48777,0,3
48778,0,3
48779,136,16
48780,0,3
48781,140,22
48782,174,23
48783,0,3
48784,213,29
48785,189,26
48786,96,15
48787,0,3
48788,0,3
48789,0,3
48790,0,3
48791,0,3
48792,180,27
48793,206,28
48794,234,19
48795,244,30
48796,94,15
48797,0,3
48798,0,3
48799,113,10
48800,171,21
48801,156,16
48802,656,28
48803,114,20
48804,0,3
48805,40,7
48806,103,17
48807,0,3
48808,0,3
48809,0,3
48810,197,29
48811,88,12
48812,698,17
48813,163,16
48814,214,31
48815,0,3
48816,0,3
48817,0,3
48818,97,10
48819,168,20
48820,190,22
48821,0,3
48822,159,20
48823,60,14
48824,0,3
48825,327,37
48826,205,30
48827,137,23
48828,162,23
48829,217,29
48830,0,3
48831,210,24
48832,584,15
48833,121,20
48834,118,10
48835,129,22
48836,163,24
48837,191,24
48838,161,22
48839,121,18
48840,0,3
48841,150,20
48842,0,3
48843,151,18
48844,0,3
48845,98,18
48846,63,16
48847,105,16
48848,111,17
48849,63,14
48850,0,3
48851,0,3
48852,0,3
48853,0,3
48854,70,11
48855,95,13
48856,79,14
48857,152,19
48858,222,27
48859,192,26
48860,0,3
48861,0,3
48862,301,24
48863,0,3
48864,0,3
48865,0,3
48866,91,17
48867,0,3
48868,49,8
48869,143,18
48870,89,10
48871,0,3
48872,0,3
48873,0,3
48874,63,10
48875,237,32
48876,17,4
48877,171,24
48878,157,20
48879,185,28
48880,184,21
48881,0,3
48882,81,16
48883,177,25
48884,0,3
48885,0,3
48886,0,3
48887,100,18
48888,169,20
48889,138,22
48890,0,3
48891,133,17
48892,148,22
48893,113,16
48894,171,26
48895,0,3
48896,84,12
48897,192,27
48898,153,22
48899,221,29
48900,0,3
48901,144,25
48902,13,4
48903,281,33
48904,0,3
48905,0,3
48906,42,9
48907,0,3
48908,346,20
48909,0,3
48910,0,3
48911,181,21
48912,88,13
48913,44,8
48914,0,3
48915,0,3
48916,0,3
48917,186,20
48918,242,22
48919,229,22
48920,0,3
48921,146,20
48922,8,5
48923,216,23
48924,130,21
48925,247,30
48926,0,3
48927,0,3
48928,0,3
48929,80,17
48930,133,17
48931,135,14
48932,230,33
48933,128,16
48934,145,23
48935,0,3
48936,226,29
48937,0,3
48938,155,21
48939,0,3
48940,0,3
48941,0,3
48942,0,3
48943,0,3
48944,0,3
48945,186,24
48946,98,13
48947,0,3
48948,118,21
48949,0,3
48950,231,28
48951,0,3
48952,0,3
48953,155,21
48954,155,12
48955,190,24
48956,0,3
48957,194,24
48958,0,3
48959,183,24
48960,108,15
48961,123,17
48962,0,3
48963,130,20
48964,138,20
48965,0,3
48966,0,3
48967,0,3
48968,242,19
48969,133,22
48970,203,24
48971,925,21
48972,148,20
48973,0,3
48974,0,3
48975,186,26
48976,164,24
48977,154,24
48978,0,3
48979,93,13
48980,0,3
48981,0,3
48982,0,3
48983,0,3
48984,179,20
48985,252,28
48986,156,22
48987,0,3
48988,187,21
48989,173,19
48990,0,3
48991,0,3
48992,286,34
48993,126,15
48994,439,13
48995,0,3
48996,0,3
48997,172,20
48998,85,14
48999,474,32
49000,0,3
49001,101,14
49002,263,29
49003,143,22
49004,0,3
49005,98,12
49006,217,25
49007,0,3
49008,0,3
49009,162,22
49010,247,30
49011,289,26
49012,0,3
49013,0,3
49014,0,3
49015,78,16
49016,118,16
49017,197,6
49018,157,20
49019,0,3
49020,201,22
49021,0,3
49022,21,5
49023,0,3
49024,200,27
49025,98,14
49026,0,3
49027,0,3
49028,142,19
49029,165,21
49030,0,3
49031,231,28
49032,0,3
49033,217,30
49034,144,17
49035,241,27
49036,0,3
49037,232,27
49038,0,3
49039,60,12
49040,122,24
49041,164,16
49042,99,15
49043,508,21
49044,0,3
49045,0,3
49046,0,3
49047,146,18
49048,78,14
49049,149,23
49050,190,23
49051,281,30
49052,235,33
49053,0,3
49054,135,17
49055,95,14
49056,0,3
49057,196,18
49058,160,23
49059,329,5
49060,191,20
49061,0,3
49062,198,24
49063,0,3
49064,155,21
49065,0,3
49066,0,3
49067,93,16
49068,0,3
49069,142,26
49070,92,10
49071,136,20
49072,206,24
49073,163,19
49074,114,20
49075,0,3
49076,0,3
49077,172,28
49078,745,34
49079,329,30
49080,0,3
49081,82,10
49082,0,3
49083,62,9
49084,0,3
49085,142,19
49086,195,24
49087,68,12
49088,0,3
49089,123,19
49090,54,12
49091,295,33
49092,0,3
49093,105,22
49094,0,3
49095,157,18
49096,187,26
49097,166,21
49098,0,3
49099,0,3
49100,164,22
49101,0,3
49102,0,3
49103,0,3
49104,0,3
49105,182,24
49106,142,19
49107,238,21
49108,0,3
49109,0,3
49110,92,14
49111,0,3
49112,224,34
49113,316,12
49114,187,27
49115,201,26
49116,0,3
49117,146,20
49118,0,3
49119,0,3
49120,146,17
49121,705,20
49122,194,19
49123,0,3
49124,139,15
49125,112,16
49126,85,12
49127,0,3
49128,227,25
49129,0,3
49130,0,3
49131,0,3
49132,91,15
49133,0,3
49134,0,3
49135,0,3
49136,168,24
49137,162,30
49138,153,20
49139,0,3
49140,0,3
49141,145,19
49142,120,15
49143,215,30
49144,166,20
49145,0,3
49146,121,13
49147,0,3
49148,0,3
49149,160,24
49150,126,15
49151,122,14
49152,4,3
49153,108,15
49154,141,15
49155,0,3
49156,102,11
49157,42,8
49158,232,31
49159,162,21
49160,193,25
49161,190,22
49162,151,17
49163,38,7
49164,265,30
49165,21,4
49166,188,20
49167,0,3
49168,184,26
49169,128,16
49170,0,3
49171,619,33
49172,241,24
49173,0,3
49174,0,3
49175,51,11
49176,180,21
49177,6,3
49178,149,21
49179,145,19
49180,0,3
49181,10,4
49182,0,3
49183,106,17
49184,0,3
49185,133,20
49186,0,3
49187,235,21
49188,0,3
49189,180,22
49190,166,22
49191,91,15
49192,0,3
49193,0,3
49194,0,3
49195,349,29
49196,285,21
49197,218,26
49198,77,13
49199,127,19
49200,178,24
49201,0,3
49202,143,18
49203,0,3
49204,201,20
49205,109,16
49206,281,14
49207,33,6
49208,172,21
49209,30,5
49210,0,3
49211,239,26
49212,172,25
49213,110,17
49214,0,3
49215,0,3
49216,151,18
49217,212,30
49218,82,12
49219,0,3
49220,212,29
49221,0,3
49222,132,18
49223,0,3
49224,276,31
49225,335,20
49226,150,20
49227,155,19
49228,216,32
49229,197,26
49230,161,20
49231,129,14
49232,1000,5
49233,332,28
49234,0,3
49235,64,9
49236,0,3
49237,166,20
49238,56,9
49239,0,3
49240,0,3
49241,73,13
49242,0,3
49243,0,3
49244,0,3
49245,144,18
49246,146,26
49247,328,20
49248,153,25
49249,178,22
49250,129,20
49251,109,16
49252,0,3
49253,0,3
49254,171,23
49255,96,19
49256,210,30
49257,125,17
49258,925,18
49259,155,22
49260,0,3
49261,32,6
49262,105,16
49263,36,7
49264,69,14
49265,0,3
49266,167,22
49267,221,20
49268,111,15
49269,109,16
49270,186,25
49271,218,25
49272,100,8
49273,0,3
49274,166,22
49275,0,3
49276,119,17
49277,0,3
49278,57,11
49279,0,3
49280,171,23
49281,0,3
49282,308,23
49283,177,25
49284,196,23
49285,209,23
49286,0,3
49287,231,20
49288,235,17
49289,184,20
49290,0,3
49291,0,3
49292,132,20
49293,0,3
49294,211,28
49295,86,14
49296,0,3
49297,0,3
49298,161,22
49299,134,16
49300,112,21
49301,81,15
49302,0,3
49303,0,3
49304,172,23
49305,0,3
49306,92,13
49307,201,24
49308,0,3
49309,158,18
49310,0,3
49311,180,21
49312,73,9
49313,119,16
49314,439,29
49315,0,3
49316,48,8
49317,219,19
49318,68,11
49319,280,30
49320,163,23
49321,242,30
49322,0,3
49323,0,3
49324,101,16
49325,0,3
49326,216,26
49327,137,16
49328,79,13
49329,219,28
49330,64,13
49331,19,5
49332,75,17
49333,0,3
49334,0,3
49335,141,21
49336,0,3
49337,0,3
49338,149,17
49339,0,3
49340,131,17
49341,0,3
49342,288,32
49343,141,19
49344,219,24
49345,112,21
49346,23,7
49347,526,12
49348,137,16
49349,110,17
49350,532,18
49351,183,27
49352,122,21
49353,205,23
49354,203,24
49355,175,23
49356,0,3
49357,0,3
49358,630,10
49359,78,14
49360,0,3
49361,83,12
49362,225,22
49363,0,3
49364,61,12
49365,86,12
49366,256,24
49367,130,13
49368,170,27
49369,188,17
49370,276,28
49371,0,3
49372,119,19
49373,163,20
49374,0,3
49375,0,3
49376,178,12
49377,0,3
49378,0,3
49379,0,3
49380,132,17
49381,0,3
49382,0,3
49383,78,13
49384,202,26
49385,0,3
49386,0,3
49387,181,22
49388,0,3
49389,0,3
49390,191,22
49391,279,28
49392,0,3
49393,187,19
49394,171,20
49395,0,3
49396,213,23
49397,105,14
49398,0,3
49399,58,9
49400,569,23
49401,47,12
49402,90,13
49403,209,26
49404,172,24
49405,0,3
49406,119,20
49407,225,23
49408,0,3
49409,1000,6
49410,112,18
49411,185,26
49412,0,3
49413,75,14
49414,134,17
49415,109,13
49416,101,14
49417,0,3
49418,183,20
49419,250,12
49420,184,20
49421,46,10
49422,107,13
49423,0,3
49424,0,3
49425,0,3
49426,137,19
49427,0,3
49428,185,22
49429,0,3
49430,0,3
49431,166,22
49432,159,22
49433,187,21
49434,0,3
49435,146,16
49436,155,18
49437,204,27
49438,258,28
49439,0,3
49440,0,3
49441,165,24
49442,172,16
49443,0,3
49444,152,21
49445,135,18
49446,0,3
49447,174,12
49448,0,3
49449,0,3
49450,162,18
49451,211,25
49452,79,10
49453,0,3
49454,0,3
49455,199,22
49456,68,11
49457,0,3
49458,177,21
49459,759,23
49460,541,25
49461,125,18
49462,0,3
49463,175,18
49464,84,13
49465,218,28
49466,248,30
49467,132,20
49468,0,3
49469,81,9
49470,146,22
49471,0,3
49472,0,3
49473,0,3
49474,174,20
49475,125,19
49476,0,3
49477,0,3
49478,114,18
49479,52,12
49480,124,20
49481,69,10
49482,173,19
49483,260,28
49484,245,28
49485,0,3
49486,234,27
49487,456,27
49488,0,3
49489,0,3
49490,257,33
49491,157,20
49492,174,23
49493,57,11
49494,159,22
49495,154,18
49496,0,3
49497,197,27
49498,38,8
49499,0,3
49500,0,3
49501,191,26
49502,152,21
49503,0,3
49504,0,3
49505,289,29
49506,82,12
49507,0,3
49508,99,16
49509,0,3
49510,0,3
49511,0,3
49512,121,22
49513,0,3
49514,0,3
49515,75,15
49516,96,13
49517,222,26
49518,0,3
49519,0,3
49520,0,3
49521,73,12
49522,287,30
49523,98,13
49524,0,3
49525,69,9
49526,0,3
49527,252,28
49528,198,19
49529,49,9
49530,0,3
49531,86,13
49532,173,23
49533,188,21
49534,216,30
49535,79,15
49536,0,3
49537,136,19
49538,0,3
49539,0,3
49540,0,3
49541,306,31
49542,0,3
49543,103,15
49544,289,30
49545,0,3
49546,196,18
49547,145,16
49548,0,3
49549,245,26
49550,143,17
49551,198,26
49552,53,9
49553,108,15
49554,102,15
49555,186,23
49556,0,3
49557,176,23
49558,0,3
49559,86,15
49560,0,3
49561,167,22
49562,206,23
49563,153,21
49564,104,18
49565,0,3
49566,183,21
49567,121,19
49568,222,24
49569,74,10
49570,280,31
49571,24,6
49572,0,3
49573,0,3
49574,225,22
49575,264,19
49576,0,3
49577,0,3
49578,28,7
49579,0,3
49580,0,3
49581,146,18
49582,199,21
49583,385,27
49584,174,23
49585,154,22
49586,113,14
49587,1000,20
49588,0,3
49589,0,3
49590,0,3
49591,96,13
49592,148,23
49593,122,20
49594,192,25
49595,129,20
49596,0,3
49597,200,19
49598,0,3
49599,179,25
49600,234,34
49601,461,22
49602,297,37
49603,0,3
49604,141,20
49605,0,3
49606,207,24
49607,102,16
49608,152,20
49609,198,25
49610,167,17
49611,0,3
49612,287,31
49613,286,30
49614,241,32
49615,378,15
49616,77,12
49617,252,27
49618,115,18
49619,0,3
49620,627,13
49621,0,3
49622,129,15
49623,113,18
49624,199,26
49625,0,3
49626,256,35
49627,188,26
49628,144,21
49629,134,16
49630,0,3
49631,185,26
49632,114,22
49633,181,21
49634,0,3
49635,126,16
49636,127,20
49637,102,12
49638,83,9
49639,176,24
49640,520,18
49641,0,3
49642,200,26
49643,189,26
49644,122,16
49645,272,30
49646,130,14
49647,702,12
49648,0,3
49649,52,11
49650,130,19
49651,102,21
49652,121,16
49653,165,18
49654,109,19
49655,0,3
49656,535,22
49657,547,21
49658,177,26
49659,162,24
49660,34,6
49661,0,3
49662,113,18
49663,72,15
49664,0,3
49665,130,20
49666,97,16
49667,305,36
49668,0,3
49669,96,11
49670,211,20
49671,132,17
49672,148,19
49673,113,4
49674,0,3
49675,0,3
49676,227,26
49677,190,23
49678,139,22
49679,0,3
49680,197,28
49681,108,17
49682,828,15
49683,225,30
49684,232,26
49685,158,19
49686,69,13
49687,171,24
49688,274,27
49689,223,24
49690,244,35
49691,0,3
49692,343,33
49693,133,18
49694,193,27
49695,131,22
49696,220,26
49697,102,14
49698,0,3
49699,0,3
49700,150,22
49701,0,3
49702,0,3
49703,140,19
49704,211,24
49705,224,32
49706,0,3
49707,178,19
49708,0,3
49709,179,25
49710,83,15
49711,156,21
49712,209,31
49713,258,31
49714,0,3
49715,0,3
49716,0,3
49717,246,27
49718,0,3
49719,192,31
49720,632,29
49721,103,15
49722,246,34
49723,0,3
49724,0,3
49725,34,7
49726,145,17
49727,137,19
49728,176,26
49729,91,16
49730,0,3
49731,118,16
49732,0,3
49733,160,20
49734,0,3
49735,93,16
49736,503,6
49737,0,3
49738,152,19
49739,0,3
49740,206,21
49741,215,33
49742,0,3
49743,0,3
49744,230,29
49745,0,3
49746,0,3
49747,175,29
49748,263,27
49749,0,3
49750,0,3
49751,112,12
49752,160,19
49753,263,31
49754,194,22
49755,303,22
49756,158,20
49757,117,16
49758,24,4
49759,788,20
49760,188,21
49761,0,3
49762,35,6
49763,0,3
49764,178,21
49765,175,21
49766,130,19
49767,121,20
49768,236,25
49769,0,3
49770,132,20
49771,0,3
49772,730,15
49773,133,18
49774,150,21
49775,0,3
49776,0,3
49777,180,22
49778,0,3
49779,223,27
49780,102,17
49781,198,30
49782,69,15
49783,0,3
49784,0,3
49785,0,3
49786,131,20
49787,144,16
49788,0,3
49789,254,33
49790,37,9
49791,74,11
49792,158,24
49793,0,3
49794,85,14
49795,70,11
49796,262,26
49797,497,5
49798,0,3
49799,82,12
49800,167,26
49801,0,3
49802,133,20
49803,0,3
49804,86,14
49805,0,3
49806,55,12
49807,0,3
49808,0,3
49809,179,19
49810,197,21
49811,209,28
49812,291,30
49813,187,29
49814,77,12
49815,179,22
49816,93,15
49817,0,3
49818,229,25
49819,117,17
49820,0,3
49821,0,3
49822,183,22
49823,0,3
49824,190,22
49825,0,3
49826,0,3
49827,175,28
49828,214,27
49829,278,27
49830,0,3
49831,204,22
49832,62,11
49833,273,27
49834,0,3
49835,56,10
49836,0,3
49837,89,15
49838,215,29
49839,0,3
49840,205,26
49841,0,3
49842,112,16
49843,215,22
49844,120,15
49845,0,3
49846,212,28
49847,146,22
49848,224,26
49849,0,3
49850,21,7
49851,0,3
49852,0,3
49853,93,18
49854,131,24
49855,203,24
49856,0,3
49857,150,18
49858,241,25
49859,174,21
49860,167,17
49861,0,3
49862,90,16
49863,92,17
49864,0,3
49865,175,19
49866,197,22
49867,287,27
49868,159,25
49869,59,10
49870,0,3
49871,106,20
49872,197,23
49873,194,26
49874,75,11
49875,0,3
49876,213,32
49877,228,23
49878,175,19
49879,118,14
49880,0,3
49881,203,25
49882,0,3
49883,0,3
49884,0,3
49885,119,14
49886,0,3
49887,0,3
49888,0,3
49889,59,8
49890,212,21
49891,0,3
49892,0,3
49893,8,4
49894,155,23
49895,205,26
49896,235,27
49897,179,26
49898,193,25
49899,85,14
49900,84,14
49901,0,3
49902,0,3
49903,131,18
49904,0,3
49905,0,3
49906,188,22
49907,171,26
49908,190,23
49909,117,14
49910,190,32
49911,154,17
49912,70,11
49913,267,21
49914,101,15
49915,0,3
49916,86,15
49917,148,20
49918,0,3
49919,0,3
49920,141,18
49921,76,15
49922,0,3
49923,161,25
49924,0,3
49925,172,21
49926,0,3
49927,0,3
49928,85,16
49929,50,10
49930,180,19
49931,0,3
49932,223,24
49933,0,3
49934,0,3
49935,153,17
49936,0,3
49937,174,21
49938,0,3
49939,152,19
49940,0,3
49941,0,3
49942,0,3
49943,133,17
49944,0,3
49945,200,19
49946,264,34
49947,121,15
49948,142,23
49949,177,24
49950,0,3
49951,0,3
49952,0,3
49953,186,22
49954,0,3
49955,0,3
49956,131,17
49957,144,20
49958,246,33
49959,216,28
49960,171,26
49961,122,20
49962,270,28
49963,190,25
49964,227,27
49965,0,3
49966,219,22
49967,0,3
49968,0,3
49969,0,3
49970,115,15
49971,110,15
49972,0,3
49973,0,3
49974,68,13
49975,245,31
49976,144,18
49977,0,3
49978,0,3
49979,192,22
49980,0,3
49981,0,3
49982,47,12
49983,161,17
49984,259,34
49985,239,28
49986,121,21
49987,108,13
49988,17,5
49989,0,3
49990,124,16
49991,0,3
49992,69,13
49993,202,29
49994,0,3
49995,65,11
49996,0,3
49997,147,23
49998,220,26
49999,67,10
