attempt,turns,length
0,1,3
1,0,3
2,3,3
3,7,3
4,0,3
5,3,3
6,0,3
7,0,3
8,5,3
9,2,3
10,0,3
11,5,4
12,0,3
13,2,3
14,5,3
15,1,3
16,0,3
17,3,3
18,2,3
19,0,3
20,5,3
21,0,3
22,2,3
23,1,3
24,0,3
25,2,3
26,0,3
27,8,3
28,3,3
29,5,3
30,2,3
31,0,3
32,0,3
33,2,4
34,3,3
35,2,3
36,0,3
37,3,3
38,2,3
39,3,3
40,0,3
41,0,3
42,5,3
43,0,3
44,1,3
45,0,3
46,3,3
47,0,3
48,2,3
49,0,3
50,0,3
51,2,3
52,0,3
53,1,3
54,0,3
55,0,3
56,0,3
57,3,3
58,6,3
59,0,3
60,0,3
61,2,3
62,0,3
63,1,3
64,9,3
65,1,3
66,0,3
67,4,3
68,10,3
69,0,3
70,0,3
71,11,3
72,2,3
73,2,4
74,0,3
75,1,3
76,0,3
77,8,4
78,9,3
79,1,3
80,0,3
81,0,3
82,1,3
83,1,3
84,1,3
85,1,3
86,5,2
87,1,3
88,3,3
89,1,3
90,2,3
91,4,3
92,2,3
93,0,3
94,4,3
95,3,3
96,4,3
97,0,3
98,7,3
99,0,3
100,5,3
101,0,3
102,2,3
103,2,3
104,6,3
105,1,3
106,1,3
107,6,4
108,1,3
109,0,3
110,3,3
111,5,3
112,1,3
113,4,3
114,1,3
115,3,3
116,4,3
117,0,3
118,1,3
119,2,3
120,1,3
121,1,3
122,4,3
123,4,3
124,0,3
125,0,3
126,1,3
127,2,3
128,0,3
129,1,3
130,0,3
131,0,3
132,3,3
133,1,3
134,2,3
135,3,3
136,0,3
137,2,3
138,1,3
139,0,3
140,0,3
141,0,3
142,2,3
143,2,3
144,0,3
145,0,3
146,1,3
147,0,3
148,6,3
149,0,3
150,0,3
151,0,3
152,0,3
153,1,3
154,0,3
155,1,3
156,6,3
157,0,3
158,2,3
159,8,3
160,0,3
161,1,3
162,2,3
163,5,3
164,0,3
165,24,3
166,1,2
167,3,3
168,1,3
169,0,3
170,4,3
171,0,3
172,2,3
173,0,3
174,2,3
175,3,3
176,1,3
177,0,3
178,6,3
179,2,3
180,0,3
181,0,3
182,4,4
183,3,3
184,2,3
185,4,3
186,1,3
187,6,2
188,5,3
189,0,3
190,3,3
191,1,2
192,5,3
193,0,3
194,2,3
195,0,3
196,15,3
197,1,3
198,4,4
199,1,3
200,3,3
201,2,3
202,5,3
203,6,3
204,0,3
205,0,3
206,1,3
207,0,3
208,0,3
209,1,4
210,2,3
211,4,3
212,0,3
213,0,3
214,2,3
215,5,4
216,1,3
217,1,3
218,3,3
219,6,3
220,1,3
221,0,3
222,2,3
223,3,3
224,4,2
225,0,3
226,2,3
227,0,3
228,2,3
229,0,3
230,2,3
231,0,3
232,2,3
233,0,3
234,8,3
235,7,3
236,0,3
237,0,3
238,3,3
239,2,3
240,3,3
241,3,3
242,0,3
243,1,3
244,1,3
245,7,3
246,0,3
247,0,3
248,0,3
249,7,3
250,1,3
251,2,3
252,0,3
253,1,3
254,7,3
255,2,3
256,3,3
257,0,3
258,1,3
259,0,3
260,2,4
261,0,3
262,1,3
263,4,3
264,3,3
265,4,3
266,2,3
267,2,3
268,0,3
269,3,3
270,1,3
271,1,3
272,0,3
273,0,3
274,1,3
275,3,3
276,2,3
277,0,3
278,0,3
279,4,3
280,6,3
281,6,4
282,0,3
283,0,3
284,0,3
285,2,3
286,5,3
287,3,3
288,0,3
289,0,3
290,8,4
291,0,3
292,0,3
293,1,3
294,6,3
295,0,3
296,4,3
297,0,3
298,0,3
299,0,3
300,4,3
301,1,3
302,0,3
303,1,3
304,0,3
305,0,3
306,2,3
307,0,3
308,2,3
309,14,3
310,1,3
311,0,3
312,0,3
313,1,3
314,2,4
315,1,3
316,1,3
317,3,3
318,2,3
319,0,3
320,1,3
321,1,3
322,1,3
323,8,3
324,0,3
325,0,3
326,2,3
327,0,3
328,5,3
329,0,3
330,6,3
331,6,3
332,1,3
333,7,3
334,0,3
335,0,3
336,3,4
337,3,3
338,4,3
339,3,3
340,0,3
341,0,3
342,0,3
343,5,3
344,1,4
345,0,3
346,1,3
347,0,3
348,0,3
349,3,3
350,3,3
351,1,3
352,1,3
353,5,3
354,0,3
355,1,3
356,3,3
357,3,3
358,0,3
359,9,3
360,0,3
361,1,3
362,0,3
363,3,3
364,0,3
365,3,3
366,9,3
367,2,3
368,0,3
369,12,3
370,5,4
371,5,3
372,3,3
373,1,3
374,0,3
375,0,3
376,1,3
377,1,3
378,3,3
379,0,3
380,2,3
381,0,3
382,2,3
383,0,3
384,0,3
385,1,3
386,5,3
387,8,3
388,1,3
389,7,3
390,5,3
391,1,3
392,2,3
393,2,3
394,0,3
395,0,3
396,4,2
397,6,3
398,4,3
399,0,3
400,4,3
401,0,3
402,0,3
403,2,3
404,6,3
405,5,3
406,0,3
407,8,2
408,0,3
409,2,3
410,0,3
411,0,3
412,1,3
413,0,3
414,0,3
415,0,3
416,4,3
417,0,3
418,0,3
419,1,3
420,4,3
421,0,3
422,2,3
423,8,3
424,0,3
425,7,3
426,0,3
427,1,3
428,3,3
429,2,3
430,2,3
431,0,3
432,1,3
433,1,3
434,0,3
435,3,3
436,2,4
437,2,3
438,3,3
439,0,3
440,0,3
441,0,3
442,0,3
443,0,3
444,1,3
445,6,3
446,1,3
447,2,3
448,0,3
449,2,4
450,17,3
451,0,3
452,0,3
453,0,3
454,0,3
455,1,3
456,0,3
457,4,3
458,2,3
459,0,3
460,0,3
461,0,3
462,5,4
463,0,3
464,3,3
465,1,3
466,0,3
467,2,3
468,5,3
469,1,3
470,1,3
471,3,3
472,0,3
473,6,3
474,6,3
475,1,3
476,3,3
477,6,3
478,4,3
479,0,3
480,2,3
481,0,3
482,2,3
483,5,3
484,2,3
485,2,3
486,0,3
487,0,3
488,2,3
489,0,3
490,0,3
491,2,3
492,2,3
493,1,3
494,10,3
495,2,3
496,4,3
497,1,3
498,1,3
499,0,3
500,0,3
501,1,3
502,2,3
503,3,3
504,14,2
505,2,3
506,0,3
507,2,3
508,6,3
509,1,3
510,0,3
511,5,3
512,4,3
513,2,3
514,0,3
515,2,3
516,1,3
517,0,3
518,0,3
519,2,3
520,1,3
521,0,3
522,1,3
523,0,3
524,3,3
525,0,3
526,3,3
527,6,2
528,4,3
529,0,3
530,1,3
531,0,3
532,1,3
533,4,3
534,6,3
535,1,3
536,0,3
537,5,4
538,6,3
539,9,3
540,1,3
541,2,3
542,2,3
543,6,3
544,2,3
545,2,3
546,6,3
547,0,3
548,0,3
549,0,3
550,1,3
551,1,3
552,0,3
553,0,3
554,6,3
555,1,2
556,5,3
557,7,3
558,2,3
559,0,3
560,1,3
561,1,3
562,2,3
563,0,3
564,2,3
565,0,3
566,1,3
567,1,3
568,2,3
569,0,3
570,0,3
571,0,3
572,0,3
573,0,3
574,0,3
575,1,3
576,0,3
577,3,3
578,0,3
579,4,3
580,0,3
581,1,3
582,0,3
583,0,3
584,2,3
585,0,3
586,2,3
587,0,3
588,0,3
589,0,3
590,2,3
591,1,3
592,0,3
593,1,3
594,6,3
595,4,3
596,0,3
597,2,3
598,2,3
599,7,3
600,0,3
601,2,3
602,3,3
603,0,3
604,10,3
605,6,2
606,0,3
607,0,3
608,1,3
609,2,3
610,2,3
611,0,3
612,5,4
613,4,3
614,2,4
615,0,3
616,1,3
617,0,3
618,1,3
619,1,3
620,2,3
621,4,3
622,4,3
623,0,3
624,0,3
625,0,3
626,3,3
627,0,3
628,1,3
629,2,3
630,6,3
631,0,3
632,2,3
633,4,3
634,3,3
635,2,3
636,2,3
637,1,3
638,2,3
639,5,3
640,2,3
641,0,3
642,0,3
643,1,3
644,2,3
645,2,3
646,0,3
647,5,3
648,11,3
649,1,3
650,0,3
651,3,3
652,4,4
653,3,3
654,0,3
655,3,3
656,0,3
657,0,3
658,0,3
659,0,3
660,1,3
661,4,3
662,1,3
663,1,3
664,2,3
665,0,3
666,4,3
667,1,3
668,1,2
669,1,3
670,0,3
671,3,3
672,0,3
673,0,3
674,3,3
675,1,3
676,0,3
677,1,3
678,6,3
679,0,3
680,0,3
681,0,3
682,0,3
683,4,3
684,3,3
685,0,3
686,0,3
687,0,3
688,0,3
689,0,3
690,1,3
691,2,3
692,1,3
693,3,3
694,0,3
695,1,3
696,3,3
697,0,3
698,0,3
699,0,3
700,0,3
701,3,3
702,0,3
703,0,3
704,1,3
705,7,4
706,4,3
707,2,3
708,1,3
709,1,3
710,0,3
711,3,3
712,2,2
713,0,3
714,1,3
715,2,3
716,0,3
717,2,3
718,3,4
719,1,3
720,0,3
721,5,3
722,8,3
723,5,3
724,1,3
725,3,3
726,2,3
727,0,3
728,4,3
729,4,3
730,3,3
731,14,3
732,1,3
733,3,3
734,4,3
735,5,3
736,1,3
737,2,3
738,0,3
739,1,3
740,1,3
741,8,3
742,0,3
743,3,3
744,3,3
745,2,3
746,1,3
747,2,3
748,3,3
749,19,3
750,1,3
751,0,3
752,4,3
753,0,3
754,2,3
755,7,2
756,1,3
757,3,4
758,1,3
759,0,3
760,0,3
761,9,3
762,4,3
763,0,3
764,1,3
765,1,3
766,1,3
767,4,3
768,16,3
769,2,3
770,1,3
771,0,3
772,6,3
773,0,3
774,0,3
775,1,3
776,0,3
777,5,3
778,2,3
779,0,3
780,0,3
781,0,3
782,0,3
783,0,3
784,0,3
785,1,3
786,7,3
787,3,3
788,4,3
789,9,3
790,2,3
791,0,3
792,0,3
793,0,3
794,0,3
795,9,3
796,5,3
797,1,3
798,0,3
799,5,3
800,0,3
801,5,3
802,4,3
803,6,3
804,3,3
805,1,3
806,8,3
807,1,4
808,9,3
809,2,3
810,7,3
811,1,3
812,5,3
813,1,3
814,1,3
815,2,3
816,2,3
817,3,3
818,9,3
819,4,3
820,1,3
821,0,3
822,1,3
823,9,3
824,1,3
825,6,3
826,2,4
827,3,3
828,0,3
829,2,3
830,0,3
831,0,3
832,2,3
833,4,4
834,1,3
835,4,3
836,6,3
837,19,5
838,0,3
839,3,3
840,1,3
841,1,3
842,2,3
843,3,3
844,0,3
845,2,3
846,0,3
847,7,2
848,1,3
849,2,3
850,0,3
851,2,3
852,0,3
853,5,3
854,13,3
855,0,3
856,0,3
857,0,3
858,1,3
859,4,3
860,0,3
861,1,3
862,0,3
863,5,3
864,3,3
865,3,3
866,2,3
867,1,3
868,12,4
869,0,3
870,0,3
871,2,3
872,4,3
873,21,3
874,1,3
875,1,3
876,0,3
877,1,3
878,0,3
879,1,3
880,0,3
881,0,3
882,1,3
883,1,3
884,0,3
885,6,3
886,2,3
887,0,3
888,3,3
889,4,3
890,3,3
891,0,3
892,6,3
893,0,3
894,2,3
895,0,3
896,3,3
897,0,3
898,0,3
899,6,3
900,4,3
901,0,3
902,4,3
903,0,3
904,3,3
905,4,3
906,0,3
907,2,3
908,1,3
909,0,3
910,3,3
911,1,3
912,0,3
913,2,3
914,2,2
915,0,3
916,1,3
917,1,3
918,0,3
919,8,3
920,0,3
921,3,3
922,3,3
923,2,3
924,4,3
925,0,3
926,23,3
927,0,3
928,1,3
929,4,2
930,1,3
931,1,3
932,0,3
933,0,3
934,4,3
935,4,3
936,3,3
937,2,3
938,0,3
939,1,3
940,1,3
941,0,3
942,4,3
943,1,3
944,3,3
945,1,3
946,9,3
947,22,3
948,0,3
949,0,3
950,0,3
951,1,3
952,0,3
953,4,3
954,3,3
955,0,3
956,2,3
957,4,3
958,3,3
959,5,3
960,0,3
961,0,3
962,5,3
963,6,4
964,8,3
965,0,3
966,2,3
967,0,3
968,0,3
969,3,3
970,12,3
971,6,3
972,0,3
973,0,3
974,4,3
975,1,3
976,1,3
977,1,3
978,1,3
979,0,3
980,3,3
981,0,3
982,2,3
983,5,3
984,10,3
985,0,3
986,0,3
987,3,3
988,9,2
989,0,3
990,0,3
991,2,3
992,3,3
993,59,2
994,2,3
995,7,3
996,10,3
997,0,3
998,1,3
999,0,3
1000,2,3
1001,3,2
1002,5,3
1003,10,3
1004,0,3
1005,6,3
1006,0,3
1007,1,3
1008,0,3
1009,0,3
1010,0,3
1011,0,3
1012,1,3
1013,0,3
1014,1,3
1015,0,3
1016,1,3
1017,1,3
1018,7,3
1019,0,3
1020,1,3
1021,0,3
1022,4,3
1023,3,3
1024,3,3
1025,1,3
1026,0,3
1027,0,3
1028,0,3
1029,0,3
1030,0,3
1031,2,3
1032,1,3
1033,0,3
1034,2,3
1035,3,3
1036,3,3
1037,4,4
1038,0,3
1039,5,3
1040,2,3
1041,3,3
1042,0,3
1043,1,3
1044,1,3
1045,3,3
1046,0,3
1047,2,3
1048,1,3
1049,0,3
1050,2,3
1051,1,3
1052,0,3
1053,3,3
1054,1,3
1055,3,3
1056,1,3
1057,5,4
1058,0,3
1059,2,3
1060,3,3
1061,2,4
1062,0,3
1063,0,3
1064,0,3
1065,0,3
1066,3,3
1067,1,3
1068,0,3
1069,2,3
1070,2,3
1071,0,3
1072,1,3
1073,1,3
1074,0,3
1075,1,3
1076,3,3
1077,1,3
1078,1,3
1079,0,3
1080,3,3
1081,6,3
1082,0,3
1083,2,3
1084,0,3
1085,0,3
1086,1,3
1087,3,3
1088,0,3
1089,0,3
1090,3,3
1091,1,3
1092,0,3
1093,0,3
1094,3,3
1095,4,3
1096,0,3
1097,0,3
1098,2,3
1099,1,3
1100,5,3
1101,1,3
1102,0,3
1103,0,3
1104,3,3
1105,0,3
1106,9,3
1107,4,3
1108,9,4
1109,9,4
1110,1,3
1111,1,3
1112,0,3
1113,0,3
1114,0,3
1115,0,3
1116,0,3
1117,2,3
1118,3,3
1119,2,3
1120,2,3
1121,7,3
1122,6,3
1123,8,3
1124,2,3
1125,1,3
1126,2,4
1127,10,4
1128,1,3
1129,15,3
1130,0,3
1131,2,3
1132,11,3
1133,2,3
1134,0,3
1135,6,3
1136,7,3
1137,1,3
1138,0,3
1139,6,3
1140,1,3
1141,2,3
1142,1,3
1143,1,3
1144,3,3
1145,3,3
1146,1,3
1147,0,3
1148,2,3
1149,4,3
1150,4,5
1151,0,3
1152,0,3
1153,3,3
1154,0,3
1155,0,3
1156,0,3
1157,0,3
1158,0,3
1159,10,3
1160,1,3
1161,0,3
1162,0,3
1163,0,3
1164,8,3
1165,7,3
1166,0,3
1167,3,3
1168,1,3
1169,8,3
1170,5,3
1171,6,3
1172,0,3
1173,0,3
1174,21,4
1175,0,3
1176,1,3
1177,0,3
1178,0,3
1179,0,3
1180,0,3
1181,3,3
1182,0,3
1183,4,3
1184,0,3
1185,0,3
1186,0,3
1187,0,3
1188,4,3
1189,0,3
1190,8,4
1191,1,3
1192,0,3
1193,0,3
1194,3,2
1195,2,3
1196,0,3
1197,1,3
1198,3,2
1199,5,3
1200,1,3
1201,5,3
1202,0,3
1203,20,4
1204,1,3
1205,3,3
1206,0,3
1207,0,3
1208,4,3
1209,0,3
1210,1,3
1211,3,3
1212,3,3
1213,1,3
1214,0,3
1215,4,3
1216,0,3
1217,4,3
1218,2,3
1219,5,2
1220,2,3
1221,1,3
1222,9,3
1223,0,3
1224,3,3
1225,10,3
1226,0,3
1227,2,3
1228,1,3
1229,0,3
1230,3,3
1231,4,3
1232,11,3
1233,0,3
1234,1,3
1235,3,3
1236,2,3
1237,1,3
1238,0,3
1239,1,3
1240,15,3
1241,0,3
1242,5,3
1243,0,3
1244,4,3
1245,0,3
1246,0,3
1247,2,3
1248,10,3
1249,2,3
1250,1,3
1251,0,3
1252,25,2
1253,3,3
1254,0,3
1255,1,3
1256,0,3
1257,0,3
1258,2,3
1259,1,3
1260,0,3
1261,1,3
1262,0,3
1263,2,4
1264,4,3
1265,3,3
1266,5,3
1267,1,3
1268,9,3
1269,4,3
1270,2,3
1271,0,3
1272,0,3
1273,0,3
1274,5,4
1275,1,3
1276,0,3
1277,0,3
1278,7,4
1279,0,3
1280,3,3
1281,3,3
1282,3,3
1283,0,3
1284,4,3
1285,0,3
1286,3,3
1287,0,3
1288,0,3
1289,0,3
1290,0,3
1291,0,3
1292,4,3
1293,1,3
1294,5,3
1295,2,3
1296,0,3
1297,1,3
1298,12,4
1299,2,3
1300,5,3
1301,8,3
1302,1,3
1303,6,3
1304,0,3
1305,11,3
1306,4,3
1307,0,3
1308,1,3
1309,22,3
1310,8,3
1311,0,3
1312,4,3
1313,4,3
1314,0,3
1315,0,3
1316,1,3
1317,1,3
1318,0,3
1319,0,3
1320,0,3
1321,0,3
1322,0,3
1323,0,3
1324,1,3
1325,0,3
1326,0,3
1327,1,3
1328,11,3
1329,0,3
1330,1,3
1331,0,3
1332,8,3
1333,0,3
1334,0,3
1335,0,3
1336,3,3
1337,1,3
1338,11,3
1339,2,3
1340,0,3
1341,8,2
1342,1,3
1343,2,3
1344,1,3
1345,3,3
1346,3,3
1347,2,3
1348,11,3
1349,0,3
1350,0,3
1351,0,3
1352,9,4
1353,2,3
1354,0,3
1355,1,3
1356,0,3
1357,0,3
1358,4,3
1359,13,3
1360,6,3
1361,1,3
1362,13,2
1363,0,3
1364,3,3
1365,0,3
1366,2,3
1367,6,3
1368,1,3
1369,1,3
1370,5,4
1371,0,3
1372,0,3
1373,2,3
1374,0,3
1375,0,3
1376,1,3
1377,0,3
1378,1,3
1379,0,3
1380,0,3
1381,14,3
1382,2,3
1383,1,3
1384,6,3
1385,0,3
1386,0,3
1387,0,3
1388,8,4
1389,0,3
1390,0,3
1391,7,3
1392,0,3
1393,2,3
1394,0,3
1395,1,3
1396,2,3
1397,5,3
1398,0,3
1399,3,3
1400,8,4
1401,2,3
1402,22,2
1403,2,3
1404,0,3
1405,0,3
1406,3,3
1407,3,3
1408,0,3
1409,0,3
1410,2,3
1411,0,3
1412,1,3
1413,2,3
1414,2,3
1415,0,3
1416,0,3
1417,2,3
1418,0,3
1419,4,3
1420,3,3
1421,27,3
1422,2,4
1423,2,3
1424,0,3
1425,0,3
1426,5,2
1427,0,3
1428,17,2
1429,1,3
1430,20,4
1431,0,3
1432,0,3
1433,0,3
1434,3,3
1435,1,3
1436,2,3
1437,2,3
1438,0,3
1439,1,3
1440,0,3
1441,2,3
1442,11,3
1443,1,3
1444,2,4
1445,2,3
1446,4,3
1447,2,3
1448,0,3
1449,4,3
1450,12,2
1451,6,4
1452,0,3
1453,1,4
1454,0,3
1455,27,2
1456,3,3
1457,9,2
1458,0,3
1459,2,3
1460,4,4
1461,8,3
1462,0,3
1463,0,3
1464,0,3
1465,6,3
1466,0,3
1467,0,3
1468,0,3
1469,0,3
1470,5,3
1471,0,3
1472,0,3
1473,0,3
1474,3,3
1475,6,3
1476,2,3
1477,0,3
1478,2,3
1479,0,3
1480,0,3
1481,6,3
1482,21,3
1483,2,2
1484,3,3
1485,0,3
1486,0,3
1487,1,3
1488,0,3
1489,0,3
1490,5,3
1491,0,3
1492,7,3
1493,3,3
1494,3,3
1495,0,3
1496,1,3
1497,1,3
1498,10,3
1499,6,3
1500,1,3
1501,0,3
1502,1,3
1503,0,3
1504,1,3
1505,11,3
1506,0,3
1507,3,3
1508,1,3
1509,1,3
1510,4,3
1511,25,3
1512,0,3
1513,0,3
1514,0,3
1515,6,3
1516,1,3
1517,4,3
1518,0,3
1519,0,3
1520,0,3
1521,3,3
1522,0,3
1523,8,3
1524,0,3
1525,1,3
1526,6,2
1527,4,3
1528,5,3
1529,1,3
1530,2,3
1531,0,3
1532,0,3
1533,8,3
1534,1,3
1535,2,3
1536,2,3
1537,10,3
1538,0,3
1539,2,3
1540,4,3
1541,7,4
1542,14,4
1543,1,3
1544,8,3
1545,1,3
1546,3,3
1547,0,3
1548,6,3
1549,2,3
1550,0,3
1551,0,3
1552,7,3
1553,0,3
1554,0,3
1555,1,3
1556,1,3
1557,5,3
1558,0,3
1559,0,3
1560,0,3
1561,3,3
1562,2,3
1563,8,3
1564,3,3
1565,0,3
1566,0,3
1567,2,3
1568,0,3
1569,2,3
1570,2,3
1571,31,3
1572,8,3
1573,0,3
1574,1,3
1575,0,3
1576,0,3
1577,1,3
1578,12,3
1579,2,3
1580,6,3
1581,5,2
1582,5,4
1583,3,3
1584,15,2
1585,0,3
1586,0,3
1587,1,3
1588,2,3
1589,7,3
1590,2,3
1591,1,3
1592,0,3
1593,0,3
1594,9,3
1595,0,3
1596,0,3
1597,0,3
1598,6,3
1599,11,3
1600,5,3
1601,1,3
1602,1,3
1603,1,3
1604,0,3
1605,3,3
1606,5,3
1607,0,3
1608,0,3
1609,9,3
1610,3,3
1611,5,3
1612,4,3
1613,3,4
1614,1,3
1615,2,3
1616,0,3
1617,2,3
1618,0,3
1619,5,3
1620,0,3
1621,11,3
1622,34,3
1623,2,3
1624,10,2
1625,6,3
1626,0,3
1627,2,3
1628,0,3
1629,16,3
1630,12,3
1631,0,3
1632,8,3
1633,0,3
1634,1,3
1635,0,3
1636,4,3
1637,1,3
1638,0,3
1639,3,3
1640,1,3
1641,0,3
1642,6,3
1643,1,3
1644,0,3
1645,16,5
1646,3,3
1647,0,3
1648,0,3
1649,2,3
1650,0,3
1651,3,3
1652,1,3
1653,8,3
1654,0,3
1655,0,3
1656,0,3
1657,5,3
1658,5,3
1659,9,4
1660,2,3
1661,0,3
1662,0,3
1663,4,4
1664,0,3
1665,4,3
1666,2,3
1667,0,3
1668,2,3
1669,0,3
1670,2,3
1671,2,3
1672,0,3
1673,1,3
1674,7,3
1675,5,4
1676,1,3
1677,7,3
1678,0,3
1679,2,3
1680,1,3
1681,20,3
1682,10,3
1683,0,3
1684,4,3
1685,4,3
1686,1,3
1687,1,3
1688,5,4
1689,0,3
1690,1,3
1691,1,3
1692,1,3
1693,3,3
1694,1,3
1695,20,3
1696,0,3
1697,1,3
1698,0,3
1699,23,3
1700,7,3
1701,7,3
1702,0,3
1703,0,3
1704,11,3
1705,0,3
1706,10,3
1707,4,3
1708,4,3
1709,9,3
1710,0,3
1711,0,3
1712,15,2
1713,0,3
1714,4,3
1715,4,2
1716,11,2
1717,0,3
1718,2,3
1719,10,3
1720,45,3
1721,1,3
1722,1,3
1723,0,3
1724,0,3
1725,27,4
1726,0,3
1727,0,3
1728,0,3
1729,2,3
1730,2,3
1731,0,3
1732,4,3
1733,9,3
1734,1,3
1735,32,3
1736,2,3
1737,3,3
1738,0,3
1739,5,4
1740,2,3
1741,1,3
1742,0,3
1743,2,3
1744,21,3
1745,0,3
1746,0,3
1747,5,3
1748,0,3
1749,0,3
1750,0,3
1751,0,3
1752,2,3
1753,9,3
1754,0,3
1755,1,3
1756,7,3
1757,0,3
1758,17,3
1759,10,3
1760,1,3
1761,1,3
1762,0,3
1763,1,3
1764,1,3
1765,16,4
1766,0,3
1767,0,3
1768,4,3
1769,0,3
1770,6,3
1771,2,3
1772,1,3
1773,14,2
1774,0,3
1775,0,3
1776,17,3
1777,1,3
1778,2,3
1779,5,3
1780,0,3
1781,7,3
1782,0,3
1783,34,3
1784,0,3
1785,29,3
1786,0,3
1787,9,3
1788,1,3
1789,15,4
1790,1,3
1791,0,3
1792,14,3
1793,15,3
1794,0,3
1795,1,3
1796,1,3
1797,0,3
1798,0,3
1799,1,3
1800,19,3
1801,1,3
1802,11,3
1803,0,3
1804,2,3
1805,1,3
1806,1,3
1807,1,3
1808,0,3
1809,2,3
1810,12,2
1811,3,3
1812,37,3
1813,4,3
1814,0,3
1815,2,4
1816,1,3
1817,6,3
1818,0,3
1819,15,4
1820,0,3
1821,0,3
1822,9,3
1823,4,3
1824,0,3
1825,1,2
1826,5,3
1827,0,3
1828,3,3
1829,12,3
1830,0,3
1831,0,3
1832,2,4
1833,8,3
1834,0,3
1835,0,3
1836,8,3
1837,23,3
1838,2,3
1839,1,3
1840,3,3
1841,0,3
1842,3,3
1843,25,3
1844,3,3
1845,1,3
1846,1,3
1847,0,3
1848,1,3
1849,0,3
1850,3,2
1851,1,3
1852,6,4
1853,24,3
1854,1,3
1855,9,4
1856,0,3
1857,3,3
1858,0,3
1859,23,4
1860,3,3
1861,0,3
1862,1,3
1863,12,5
1864,4,3
1865,4,3
1866,0,3
1867,19,4
1868,0,3
1869,7,2
1870,0,3
1871,1,3
1872,11,2
1873,26,4
1874,1,3
1875,0,3
1876,0,3
1877,0,3
1878,0,3
1879,0,3
1880,13,3
1881,10,3
1882,3,3
1883,1,3
1884,0,3
1885,1,3
1886,1,3
1887,0,3
1888,0,3
1889,0,3
1890,0,3
1891,0,3
1892,9,3
1893,1,3
1894,2,3
1895,1,3
1896,1,4
1897,1,3
1898,0,3
1899,3,3
1900,20,4
1901,8,3
1902,2,3
1903,0,3
1904,0,3
1905,1,3
1906,1,3
1907,1,3
1908,2,3
1909,2,3
1910,0,3
1911,4,3
1912,1,3
1913,1,3
1914,13,2
1915,0,3
1916,2,3
1917,17,6
1918,12,3
1919,1,3
1920,1,3
1921,0,3
1922,0,3
1923,0,3
1924,1,3
1925,0,3
1926,0,3
1927,1,3
1928,2,3
1929,2,3
1930,0,3
1931,0,3
1932,12,4
1933,2,3
1934,6,3
1935,0,3
1936,15,3
1937,0,3
1938,4,3
1939,9,3
1940,41,1
1941,5,3
1942,3,3
1943,5,3
1944,2,3
1945,9,3
1946,0,3
1947,4,3
1948,5,2
1949,1,3
1950,0,3
1951,6,3
1952,1,3
1953,0,3
1954,0,3
1955,26,3
1956,0,3
1957,2,3
1958,1,3
1959,4,3
1960,0,3
1961,2,3
1962,21,4
1963,0,3
1964,35,3
1965,7,3
1966,0,3
1967,8,3
1968,0,3
1969,5,3
1970,3,3
1971,15,3
1972,0,3
1973,13,4
1974,7,3
1975,0,3
1976,2,3
1977,2,3
1978,0,3
1979,3,3
1980,1,3
1981,0,3
1982,0,3
1983,9,3
1984,2,2
1985,22,5
1986,2,3
1987,8,3
1988,0,3
1989,0,3
1990,0,3
1991,38,3
1992,22,3
1993,1,3
1994,19,3
1995,0,3
1996,0,3
1997,2,3
1998,35,3
1999,2,3
2000,2,3
2001,1,3
2002,6,4
2003,12,2
2004,0,3
2005,8,2
2006,6,3
2007,0,3
2008,3,3
2009,45,3
2010,15,3
2011,4,3
2012,1,3
2013,4,3
2014,1,3
2015,14,3
2016,7,3
2017,11,4
2018,2,3
2019,2,3
2020,20,3
2021,8,3
2022,0,3
2023,0,3
2024,2,3
2025,5,3
2026,0,3
2027,0,3
2028,0,3
2029,0,3
2030,14,3
2031,0,3
2032,0,3
2033,1,3
2034,5,3
2035,19,4
2036,0,3
2037,22,3
2038,0,3
2039,19,2
2040,0,3
2041,2,3
2042,16,3
2043,10,3
2044,0,3
2045,15,3
2046,0,3
2047,9,3
2048,7,3
2049,3,3
2050,0,3
2051,0,3
2052,0,3
2053,16,3
2054,28,3
2055,0,3
2056,6,3
2057,1,3
2058,0,3
2059,0,3
2060,2,3
2061,11,4
2062,3,3
2063,0,3
2064,0,3
2065,2,3
2066,0,3
2067,3,3
2068,0,3
2069,13,4
2070,0,3
2071,26,3
2072,1,3
2073,3,3
2074,5,3
2075,4,3
2076,0,3
2077,1,3
2078,0,3
2079,1,2
2080,0,3
2081,0,3
2082,1,3
2083,0,3
2084,1,3
2085,0,3
2086,0,3
2087,4,3
2088,0,3
2089,6,3
2090,2,3
2091,4,3
2092,3,3
2093,0,3
2094,5,3
2095,6,3
2096,9,3
2097,1,3
2098,0,3
2099,1,3
2100,10,3
2101,0,3
2102,2,3
2103,2,3
2104,8,3
2105,0,3
2106,0,3
2107,5,3
2108,1,3
2109,0,3
2110,0,3
2111,2,3
2112,2,3
2113,0,3
2114,0,3
2115,25,3
2116,0,3
2117,0,3
2118,8,3
2119,0,3
2120,0,3
2121,5,3
2122,0,3
2123,1,3
2124,21,3
2125,0,3
2126,6,3
2127,6,3
2128,1,3
2129,0,3
2130,3,3
2131,3,3
2132,21,3
2133,0,3
2134,7,3
2135,2,3
2136,2,3
2137,1,3
2138,0,3
2139,4,4
2140,1,4
2141,3,3
2142,1,4
2143,0,3
2144,13,3
2145,0,3
2146,4,3
2147,3,3
2148,0,3
2149,5,3
2150,0,3
2151,12,3
2152,0,3
2153,7,3
2154,5,3
2155,35,3
2156,0,3
2157,2,3
2158,3,3
2159,0,3
2160,0,3
2161,4,3
2162,0,3
2163,0,3
2164,9,3
2165,4,4
2166,27,3
2167,2,3
2168,2,3
2169,4,3
2170,0,3
2171,1,3
2172,2,3
2173,7,3
2174,3,2
2175,15,3
2176,0,3
2177,0,3
2178,3,3
2179,0,3
2180,0,3
2181,51,3
2182,0,3
2183,5,3
2184,0,3
2185,33,2
2186,6,3
2187,0,3
2188,0,3
2189,18,3
2190,6,3
2191,3,3
2192,1,3
2193,5,3
2194,0,3
2195,0,3
2196,3,3
2197,0,3
2198,0,3
2199,0,3
2200,2,3
2201,0,3
2202,10,3
2203,6,3
2204,15,3
2205,10,4
2206,0,3
2207,0,3
2208,0,3
2209,0,3
2210,1,3
2211,3,4
2212,0,3
2213,1,3
2214,1,3
2215,1,3
2216,4,4
2217,3,3
2218,14,5
2219,0,3
2220,1,3
2221,19,3
2222,15,3
2223,6,3
2224,9,3
2225,6,3
2226,5,3
2227,1,3
2228,29,3
2229,0,3
2230,3,3
2231,0,3
2232,3,3
2233,5,3
2234,1,3
2235,2,3
2236,16,3
2237,7,3
2238,0,3
2239,5,3
2240,2,3
2241,10,4
2242,1,3
2243,15,3
2244,0,3
2245,1,3
2246,1,3
2247,1,3
2248,0,3
2249,7,3
2250,3,4
2251,1,3
2252,1,3
2253,0,3
2254,1,3
2255,7,3
2256,1,3
2257,0,3
2258,0,3
2259,10,3
2260,0,3
2261,4,4
2262,0,3
2263,0,3
2264,9,3
2265,8,3
2266,0,3
2267,49,2
2268,2,3
2269,0,3
2270,0,3
2271,16,3
2272,1,3
2273,0,3
2274,1,3
2275,0,3
2276,5,3
2277,0,3
2278,1,3
2279,31,3
2280,0,3
2281,0,3
2282,5,4
2283,2,3
2284,0,3
2285,13,4
2286,2,3
2287,2,3
2288,3,4
2289,12,4
2290,4,3
2291,0,3
2292,11,3
2293,1,3
2294,1,3
2295,2,3
2296,0,3
2297,1,3
2298,1,3
2299,6,3
2300,0,3
2301,0,3
2302,1,3
2303,22,3
2304,1,3
2305,1,3
2306,0,3
2307,0,3
2308,0,3
2309,9,3
2310,0,3
2311,4,3
2312,1,3
2313,4,3
2314,6,4
2315,5,3
2316,4,3
2317,1,3
2318,0,3
2319,0,3
2320,1,3
2321,1,3
2322,0,3
2323,2,3
2324,2,3
2325,3,3
2326,0,3
2327,10,3
2328,0,3
2329,10,3
2330,1,3
2331,0,3
2332,0,3
2333,6,3
2334,2,3
2335,1,3
2336,2,3
2337,1,3
2338,9,3
2339,0,3
2340,2,3
2341,0,3
2342,1,3
2343,0,3
2344,0,3
2345,2,3
2346,4,3
2347,0,3
2348,8,3
2349,1,3
2350,5,3
2351,3,3
2352,1,3
2353,10,3
2354,0,3
2355,3,3
2356,2,3
2357,0,3
2358,0,3
2359,1,3
2360,0,3
2361,4,3
2362,3,3
2363,1,3
2364,1,3
2365,0,3
2366,0,3
2367,2,3
2368,19,3
2369,2,3
2370,0,3
2371,14,3
2372,0,3
2373,0,3
2374,1,3
2375,0,3
2376,0,3
2377,1,3
2378,1,3
2379,2,3
2380,1,3
2381,1,3
2382,0,3
2383,0,3
2384,0,3
2385,0,3
2386,6,3
2387,0,3
2388,2,3
2389,20,3
2390,0,3
2391,4,3
2392,1,3
2393,6,3
2394,2,3
2395,7,3
2396,1,3
2397,0,3
2398,0,3
2399,14,2
2400,1,3
2401,2,3
2402,11,3
2403,37,3
2404,0,3
2405,1,3
2406,1,3
2407,27,4
2408,0,3
2409,0,3
2410,14,3
2411,2,3
2412,0,3
2413,9,3
2414,8,3
2415,1,3
2416,0,3
2417,3,3
2418,3,3
2419,1,3
2420,0,3
2421,1,3
2422,0,3
2423,0,3
2424,15,3
2425,1,3
2426,1,3
2427,13,3
2428,1,3
2429,5,3
2430,0,3
2431,2,3
2432,0,3
2433,3,3
2434,1,3
2435,0,3
2436,0,3
2437,1,3
2438,12,3
2439,11,3
2440,20,3
2441,1,3
2442,15,3
2443,8,2
2444,2,3
2445,0,3
2446,24,3
2447,0,3
2448,0,3
2449,2,3
2450,25,4
2451,5,3
2452,0,3
2453,8,3
2454,11,3
2455,6,3
2456,8,4
2457,0,3
2458,4,3
2459,5,3
2460,4,3
2461,0,3
2462,0,3
2463,7,4
2464,0,3
2465,19,3
2466,0,3
2467,0,3
2468,1,3
2469,2,3
2470,1,3
2471,0,3
2472,0,3
2473,3,3
2474,2,3
2475,10,3
2476,0,3
2477,16,4
2478,5,3
2479,1,3
2480,24,3
2481,0,3
2482,12,3
2483,0,3
2484,2,3
2485,0,3
2486,1,3
2487,17,3
2488,0,3
2489,1,3
2490,0,3
2491,0,3
2492,2,3
2493,0,3
2494,0,3
2495,4,3
2496,16,3
2497,0,3
2498,0,3
2499,0,3
2500,1,3
2501,0,3
2502,0,3
2503,0,3
2504,4,3
2505,26,2
2506,4,3
2507,10,3
2508,2,3
2509,1,3
2510,2,3
2511,11,3
2512,1,3
2513,1,3
2514,1,3
2515,2,3
2516,6,3
2517,1,3
2518,0,3
2519,0,3
2520,1,3
2521,1,3
2522,0,3
2523,0,3
2524,6,3
2525,0,3
2526,17,2
2527,18,3
2528,13,4
2529,0,3
2530,0,3
2531,4,3
2532,4,3
2533,0,3
2534,2,3
2535,11,3
2536,0,3
2537,0,3
2538,9,3
2539,1,3
2540,2,3
2541,0,3
2542,6,3
2543,12,3
2544,6,3
2545,0,3
2546,1,3
2547,1,3
2548,1,3
2549,2,3
2550,0,3
2551,0,3
2552,11,4
2553,0,3
2554,0,3
2555,19,2
2556,22,3
2557,17,4
2558,0,3
2559,2,3
2560,15,2
2561,10,4
2562,20,3
2563,1,3
2564,2,3
2565,0,3
2566,1,3
2567,1,3
2568,0,3
2569,0,3
2570,0,3
2571,16,4
2572,1,3
2573,0,3
2574,22,3
2575,1,3
2576,2,3
2577,0,3
2578,1,3
2579,0,3
2580,0,3
2581,0,3
2582,0,3
2583,3,2
2584,0,3
2585,6,3
2586,4,3
2587,10,4
2588,7,3
2589,3,3
2590,9,3
2591,4,3
2592,3,3
2593,0,3
2594,0,3
2595,0,3
2596,10,2
2597,3,3
2598,39,3
2599,0,3
2600,1,3
2601,1,3
2602,4,3
2603,12,4
2604,34,4
2605,0,3
2606,0,3
2607,1,3
2608,5,3
2609,7,3
2610,11,3
2611,3,3
2612,1,3
2613,0,3
2614,4,3
2615,16,3
2616,1,3
2617,0,3
2618,0,3
2619,44,3
2620,12,3
2621,0,3
2622,7,3
2623,7,3
2624,0,3
2625,7,2
2626,0,3
2627,11,3
2628,2,3
2629,1,3
2630,0,3
2631,6,4
2632,4,3
2633,5,3
2634,0,3
2635,3,3
2636,13,3
2637,2,3
2638,0,3
2639,1,3
2640,0,3
2641,0,3
2642,2,3
2643,0,3
2644,1,3
2645,14,3
2646,0,3
2647,0,3
2648,2,3
2649,9,3
2650,0,3
2651,5,3
2652,7,3
2653,0,3
2654,2,3
2655,0,3
2656,0,3
2657,4,3
2658,10,3
2659,2,3
2660,4,3
2661,1,3
2662,1,3
2663,0,3
2664,5,3
2665,0,3
2666,42,4
2667,0,3
2668,1,3
2669,1,3
2670,0,3
2671,6,4
2672,0,3
2673,0,3
2674,0,3
2675,18,4
2676,3,3
2677,4,3
2678,35,3
2679,1,4
2680,0,3
2681,3,3
2682,3,3
2683,0,3
2684,0,3
2685,0,3
2686,3,3
2687,26,3
2688,19,4
2689,0,3
2690,11,3
2691,3,3
2692,0,3
2693,7,3
2694,23,4
2695,3,3
2696,0,3
2697,1,3
2698,0,3
2699,3,3
2700,3,3
2701,0,3
2702,0,3
2703,10,3
2704,4,5
2705,0,3
2706,0,3
2707,8,4
2708,26,4
2709,0,3
2710,18,4
2711,1,3
2712,15,3
2713,0,3
2714,20,3
2715,0,3
2716,0,3
2717,0,3
2718,0,3
2719,6,3
2720,0,3
2721,1,3
2722,0,3
2723,0,3
2724,3,3
2725,5,3
2726,0,3
2727,0,3
2728,0,3
2729,4,3
2730,10,3
2731,10,3
2732,0,3
2733,0,3
2734,0,3
2735,0,3
2736,3,3
2737,20,3
2738,0,3
2739,0,3
2740,0,3
2741,2,3
2742,19,3
2743,0,3
2744,1,3
2745,1,3
2746,0,3
2747,1,3
2748,0,3
2749,29,3
2750,2,3
2751,0,3
2752,7,3
2753,12,3
2754,2,3
2755,0,3
2756,11,4
2757,15,3
2758,2,3
2759,1,3
2760,4,3
2761,7,3
2762,10,3
2763,10,4
2764,1,3
2765,5,3
2766,16,3
2767,0,3
2768,9,3
2769,0,3
2770,7,3
2771,0,3
2772,0,3
2773,3,3
2774,6,3
2775,25,4
2776,22,3
2777,10,3
2778,0,3
2779,1,3
2780,1,3
2781,0,3
2782,10,4
2783,9,3
2784,3,3
2785,0,3
2786,0,3
2787,8,3
2788,0,3
2789,6,3
2790,42,3
2791,2,3
2792,13,3
2793,0,3
2794,2,3
2795,0,3
2796,4,3
2797,1,3
2798,2,3
2799,7,4
2800,0,3
2801,0,3
2802,1,3
2803,0,3
2804,0,3
2805,0,3
2806,1,3
2807,0,3
2808,19,3
2809,3,3
2810,54,2
2811,4,3
2812,5,3
2813,0,3
2814,0,3
2815,0,3
2816,12,3
2817,2,3
2818,9,4
2819,0,3
2820,0,3
2821,9,3
2822,20,3
2823,15,3
2824,4,3
2825,0,3
2826,2,3
2827,3,3
2828,0,3
2829,0,3
2830,4,3
2831,0,3
2832,0,3
2833,9,4
2834,1,3
2835,1,4
2836,9,3
2837,0,3
2838,0,3
2839,1,3
2840,0,3
2841,0,3
2842,12,3
2843,4,3
2844,0,3
2845,0,3
2846,0,3
2847,2,3
2848,1,3
2849,0,3
2850,13,5
2851,0,3
2852,0,3
2853,1,3
2854,7,3
2855,1,3
2856,0,3
2857,2,4
2858,1,3
2859,10,3
2860,0,3
2861,0,3
2862,1,3
2863,0,3
2864,0,3
2865,11,5
2866,0,3
2867,1,3
2868,0,3
2869,3,4
2870,4,3
2871,3,3
2872,15,3
2873,0,3
2874,5,4
2875,0,3
2876,14,3
2877,7,3
2878,8,3
2879,8,4
2880,14,4
2881,13,4
2882,9,4
2883,0,3
2884,0,3
2885,22,3
2886,26,3
2887,28,4
2888,0,3
2889,8,3
2890,0,3
2891,3,3
2892,2,3
2893,10,3
2894,0,3
2895,0,3
2896,0,3
2897,10,4
2898,0,3
2899,0,3
2900,6,3
2901,26,3
2902,4,3
2903,7,3
2904,0,3
2905,27,5
2906,0,3
2907,9,3
2908,7,3
2909,0,3
2910,0,3
2911,0,3
2912,0,3
2913,0,3
2914,10,4
2915,10,4
2916,0,3
2917,0,3
2918,6,3
2919,2,4
2920,7,4
2921,0,3
2922,6,3
2923,1,3
2924,0,3
2925,36,3
2926,0,3
2927,12,3
2928,0,3
2929,2,3
2930,0,3
2931,2,3
2932,0,3
2933,4,3
2934,0,3
2935,8,3
2936,0,3
2937,0,3
2938,8,4
2939,16,3
2940,11,3
2941,1,3
2942,1,3
2943,1,3
2944,15,3
2945,2,3
2946,0,3
2947,6,3
2948,48,3
2949,3,3
2950,35,3
2951,37,4
2952,9,3
2953,18,2
2954,21,4
2955,17,3
2956,0,3
2957,0,3
2958,19,4
2959,4,4
2960,0,3
2961,2,3
2962,4,3
2963,0,3
2964,9,3
2965,29,4
2966,32,4
2967,1,3
2968,0,3
2969,5,3
2970,8,4
2971,3,3
2972,0,3
2973,20,3
2974,0,3
2975,0,3
2976,5,4
2977,17,3
2978,0,3
2979,6,3
2980,0,3
2981,0,3
2982,13,1
2983,6,3
2984,7,5
2985,4,3
2986,5,3
2987,4,3
2988,0,3
2989,0,3
2990,13,3
2991,24,4
2992,6,3
2993,1,3
2994,33,5
2995,0,3
2996,0,3
2997,0,3
2998,0,3
2999,12,3
3000,5,3
3001,1,4
3002,4,3
3003,0,3
3004,7,4
3005,43,4
3006,17,3
3007,2,3
3008,0,3
3009,32,3
3010,0,3
3011,2,3
3012,6,4
3013,0,3
3014,1,3
3015,0,3
3016,7,3
3017,0,3
3018,3,3
3019,34,3
3020,33,4
3021,13,4
3022,7,3
3023,3,3
3024,1,3
3025,0,3
3026,4,3
3027,0,3
3028,0,3
3029,0,3
3030,1,3
3031,0,3
3032,0,3
3033,30,3
3034,3,3
3035,3,3
3036,1,3
3037,2,3
3038,2,3
3039,1,3
3040,3,3
3041,0,3
3042,2,3
3043,1,3
3044,9,3
3045,0,3
3046,2,3
3047,0,3
3048,6,3
3049,0,3
3050,1,3
3051,12,3
3052,12,3
3053,11,3
3054,15,4
3055,3,3
3056,7,3
3057,2,3
3058,0,3
3059,0,3
3060,1,3
3061,1,3
3062,1,3
3063,7,3
3064,0,3
3065,0,3
3066,0,3
3067,0,3
3068,24,5
3069,0,3
3070,2,3
3071,1,3
3072,5,3
3073,0,3
3074,0,3
3075,1,3
3076,2,3
3077,12,3
3078,2,3
3079,5,3
3080,5,4
3081,5,3
3082,9,3
3083,14,4
3084,15,4
3085,0,3
3086,1,3
3087,6,4
3088,0,3
3089,8,5
3090,0,3
3091,0,3
3092,7,3
3093,3,4
3094,3,2
3095,3,3
3096,0,3
3097,30,3
3098,4,4
3099,1,3
3100,23,4
3101,0,3
3102,1,3
3103,4,4
3104,0,3
3105,0,3
3106,2,4
3107,1,3
3108,11,4
3109,22,3
3110,0,3
3111,11,4
3112,1,3
3113,9,3
3114,0,3
3115,0,3
3116,1,3
3117,2,3
3118,0,3
3119,6,4
3120,0,3
3121,0,3
3122,0,3
3123,4,2
3124,0,3
3125,8,4
3126,0,3
3127,1,3
3128,8,3
3129,0,3
3130,0,3
3131,0,3
3132,4,3
3133,1,3
3134,0,3
3135,15,3
3136,1,3
3137,1,3
3138,0,3
3139,6,3
3140,0,3
3141,1,3
3142,0,3
3143,14,3
3144,0,3
3145,0,3
3146,5,4
3147,5,3
3148,8,3
3149,18,3
3150,7,3
3151,8,3
3152,0,3
3153,24,3
3154,18,3
3155,10,3
3156,8,4
3157,13,3
3158,1,3
3159,13,3
3160,0,3
3161,6,3
3162,8,4
3163,8,3
3164,1,3
3165,0,3
3166,2,4
3167,1,3
3168,9,3
3169,0,3
3170,6,3
3171,6,4
3172,6,3
3173,12,3
3174,4,4
3175,0,3
3176,8,3
3177,26,3
3178,1,3
3179,0,3
3180,2,3
3181,5,3
3182,30,3
3183,0,3
3184,0,3
3185,0,3
3186,0,3
3187,0,3
3188,4,3
3189,0,3
3190,0,3
3191,22,3
3192,1,3
3193,0,3
3194,0,3
3195,0,3
3196,8,3
3197,0,3
3198,0,3
3199,0,3
3200,10,4
3201,0,3
3202,8,3
3203,5,3
3204,4,3
3205,7,4
3206,16,4
3207,36,5
3208,0,3
3209,17,4
3210,0,3
3211,40,3
3212,3,3
3213,0,3
3214,8,3
3215,3,3
3216,19,4
3217,0,3
3218,39,2
3219,6,3
3220,1,3
3221,0,3
3222,9,3
3223,4,3
3224,0,3
3225,2,3
3226,14,4
3227,2,3
3228,1,3
3229,1,3
3230,2,3
3231,10,3
3232,2,3
3233,0,3
3234,18,3
3235,0,3
3236,11,3
3237,1,3
3238,5,3
3239,43,3
3240,6,3
3241,8,4
3242,0,3
3243,0,3
3244,23,3
3245,0,3
3246,9,3
3247,2,3
3248,5,3
3249,0,3
3250,10,4
3251,5,3
3252,0,3
3253,12,3
3254,1,3
3255,6,3
3256,5,3
3257,2,3
3258,5,3
3259,0,3
3260,6,4
3261,0,3
3262,31,4
3263,0,3
3264,0,3
3265,1,3
3266,1,2
3267,25,4
3268,0,3
3269,8,4
3270,15,3
3271,19,3
3272,0,3
3273,0,3
3274,0,3
3275,0,3
3276,17,3
3277,0,3
3278,6,3
3279,0,3
3280,5,3
3281,0,3
3282,2,3
3283,33,3
3284,37,3
3285,3,3
3286,14,3
3287,1,3
3288,0,3
3289,1,3
3290,2,3
3291,5,3
3292,0,3
3293,15,3
3294,2,3
3295,0,3
3296,0,3
3297,3,2
3298,5,4
3299,0,3
3300,1,3
3301,4,3
3302,23,4
3303,1,3
3304,0,3
3305,11,3
3306,36,3
3307,3,3
3308,0,3
3309,5,4
3310,0,3
3311,0,3
3312,0,3
3313,0,3
3314,1,3
3315,3,3
3316,0,3
3317,1,3
3318,19,5
3319,4,3
3320,3,3
3321,0,3
3322,0,3
3323,9,3
3324,0,3
3325,0,3
3326,16,3
3327,0,3
3328,1,3
3329,2,3
3330,1,3
3331,3,3
3332,2,3
3333,2,3
3334,5,3
3335,0,3
3336,0,3
3337,31,3
3338,0,3
3339,11,4
3340,11,4
3341,11,3
3342,0,3
3343,2,3
3344,0,3
3345,14,3
3346,14,2
3347,1,3
3348,0,3
3349,6,3
3350,1,3
3351,2,3
3352,0,3
3353,2,3
3354,13,3
3355,12,4
3356,12,3
3357,15,3
3358,2,3
3359,0,3
3360,1,3
3361,11,3
3362,0,3
3363,14,5
3364,20,3
3365,1,3
3366,0,3
3367,19,4
3368,1,3
3369,2,3
3370,23,3
3371,8,3
3372,0,3
3373,0,3
3374,0,3
3375,2,3
3376,3,3
3377,0,3
3378,2,3
3379,0,3
3380,1,3
3381,3,3
3382,0,3
3383,2,3
3384,0,3
3385,7,3
3386,2,3
3387,5,3
3388,0,3
3389,2,3
3390,0,3
3391,20,3
3392,2,3
3393,4,4
3394,3,3
3395,8,4
3396,1,3
3397,1,3
3398,18,4
3399,8,4
3400,10,3
3401,0,3
3402,0,3
3403,0,3
3404,0,3
3405,0,3
3406,0,3
3407,0,3
3408,6,3
3409,0,3
3410,0,3
3411,1,3
3412,4,3
3413,1,3
3414,0,3
3415,1,3
3416,25,3
3417,0,3
3418,3,4
3419,1,3
3420,7,3
3421,9,3
3422,7,3
3423,14,3
3424,9,3
3425,0,3
3426,2,3
3427,2,3
3428,1,3
3429,2,3
3430,2,3
3431,15,3
3432,1,3
3433,2,3
3434,14,4
3435,16,3
3436,1,3
3437,30,3
3438,3,3
3439,6,3
3440,23,3
3441,3,3
3442,6,4
3443,0,3
3444,4,3
3445,1,3
3446,13,4
3447,0,3
3448,0,3
3449,2,3
3450,0,3
3451,2,3
3452,1,3
3453,1,3
3454,0,3
3455,1,3
3456,1,3
3457,0,3
3458,0,3
3459,11,3
3460,0,3
3461,0,3
3462,0,3
3463,1,3
3464,0,3
3465,0,3
3466,10,4
3467,0,3
3468,0,3
3469,4,4
3470,5,3
3471,11,4
3472,0,3
3473,6,3
3474,0,3
3475,0,3
3476,3,3
3477,0,3
3478,3,3
3479,23,3
3480,0,3
3481,5,3
3482,1,3
3483,2,3
3484,2,3
3485,16,4
3486,0,3
3487,0,3
3488,0,3
3489,5,4
3490,0,3
3491,21,3
3492,19,5
3493,3,3
3494,4,3
3495,0,3
3496,5,3
3497,3,3
3498,0,3
3499,0,3
3500,4,2
3501,0,3
3502,4,4
3503,4,3
3504,1,3
3505,0,3
3506,28,5
3507,0,3
3508,13,3
3509,0,3
3510,1,3
3511,11,3
3512,0,3
3513,2,3
3514,0,3
3515,11,4
3516,14,4
3517,0,3
3518,0,3
3519,2,3
3520,6,3
3521,1,2
3522,0,3
3523,2,3
3524,0,3
3525,0,3
3526,0,3
3527,6,2
3528,1,3
3529,5,4
3530,1,3
3531,10,4
3532,2,3
3533,3,3
3534,8,3
3535,1,3
3536,6,3
3537,43,3
3538,0,3
3539,1,3
3540,5,4
3541,0,3
3542,16,3
3543,3,3
3544,41,2
3545,0,3
3546,24,3
3547,0,3
3548,0,3
3549,0,3
3550,1,3
3551,3,3
3552,1,3
3553,3,3
3554,0,3
3555,0,3
3556,1,3
3557,7,3
3558,0,3
3559,0,3
3560,4,4
3561,5,3
3562,2,3
3563,3,3
3564,0,3
3565,9,4
3566,0,3
3567,1,3
3568,3,3
3569,4,4
3570,13,3
3571,0,3
3572,10,4
3573,5,4
3574,1,3
3575,2,4
3576,1,3
3577,1,3
3578,0,3
3579,1,3
3580,4,3
3581,0,3
3582,32,4
3583,0,3
3584,0,3
3585,0,3
3586,8,4
3587,3,3
3588,1,3
3589,0,3
3590,2,3
3591,0,3
3592,1,3
3593,0,3
3594,1,3
3595,0,3
3596,0,3
3597,0,3
3598,1,3
3599,0,3
3600,5,3
3601,0,3
3602,15,3
3603,0,3
3604,1,3
3605,11,3
3606,9,5
3607,16,3
3608,1,3
3609,4,3
3610,11,3
3611,0,3
3612,4,4
3613,22,4
3614,19,3
3615,0,3
3616,4,3
3617,5,3
3618,2,3
3619,1,3
3620,0,3
3621,0,3
3622,3,4
3623,34,3
3624,9,3
3625,0,3
3626,3,3
3627,16,3
3628,16,4
3629,0,3
3630,2,4
3631,8,4
3632,1,3
3633,11,4
3634,14,3
3635,1,3
3636,4,3
3637,2,3
3638,0,3
3639,9,3
3640,5,3
3641,14,3
3642,0,3
3643,0,3
3644,0,3
3645,0,3
3646,4,3
3647,0,3
3648,1,3
3649,0,3
3650,2,3
3651,16,4
3652,1,3
3653,3,3
3654,16,4
3655,1,3
3656,1,3
3657,1,3
3658,14,3
3659,3,3
3660,1,3
3661,25,4
3662,0,3
3663,0,3
3664,2,3
3665,9,3
3666,1,3
3667,3,3
3668,9,3
3669,13,4
3670,0,3
3671,0,3
3672,3,3
3673,22,3
3674,4,3
3675,0,3
3676,0,3
3677,0,3
3678,0,3
3679,0,3
3680,8,3
3681,5,3
3682,1,3
3683,8,3
3684,1,3
3685,0,3
3686,19,4
3687,0,3
3688,3,3
3689,33,3
3690,0,3
3691,2,3
3692,0,3
3693,0,3
3694,2,3
3695,2,5
3696,1,3
3697,13,4
3698,1,3
3699,2,3
3700,0,3
3701,13,3
3702,2,3
3703,7,4
3704,0,3
3705,3,3
3706,0,3
3707,1,3
3708,0,3
3709,9,3
3710,1,3
3711,18,3
3712,0,3
3713,6,3
3714,1,3
3715,0,3
3716,3,3
3717,13,3
3718,1,3
3719,0,3
3720,17,4
3721,0,3
3722,0,3
3723,0,3
3724,4,3
3725,1,3
3726,0,3
3727,34,3
3728,10,3
3729,0,3
3730,3,3
3731,5,3
3732,11,4
3733,20,3
3734,1,3
3735,10,3
3736,0,3
3737,18,1
3738,2,3
3739,0,3
3740,1,3
3741,24,3
3742,2,3
3743,0,3
3744,0,3
3745,5,3
3746,16,3
3747,0,3
3748,0,3
3749,0,3
3750,0,3
3751,0,3
3752,0,3
3753,4,3
3754,25,3
3755,0,3
3756,1,3
3757,8,4
3758,11,4
3759,25,3
3760,0,3
3761,0,3
3762,6,3
3763,0,3
3764,0,3
3765,1,3
3766,7,3
3767,0,3
3768,0,3
3769,6,3
3770,0,3
3771,3,3
3772,0,3
3773,0,3
3774,19,3
3775,2,3
3776,0,3
3777,24,5
3778,17,4
3779,11,4
3780,2,3
3781,0,3
3782,14,4
3783,0,3
3784,0,3
3785,2,3
3786,10,3
3787,1,3
3788,0,3
3789,1,4
3790,0,3
3791,5,3
3792,6,4
3793,1,3
3794,1,3
3795,9,3
3796,0,3
3797,0,3
3798,0,3
3799,22,3
3800,0,3
3801,0,3
3802,0,3
3803,5,4
3804,1,3
3805,6,3
3806,3,3
3807,0,3
3808,4,3
3809,1,3
3810,0,3
3811,28,3
3812,2,3
3813,34,3
3814,1,3
3815,4,4
3816,1,3
3817,0,3
3818,4,3
3819,4,3
3820,3,3
3821,0,3
3822,0,3
3823,12,3
3824,0,3
3825,0,3
3826,5,3
3827,0,3
3828,12,3
3829,6,3
3830,0,3
3831,13,4
3832,33,3
3833,3,2
3834,2,3
3835,14,4
3836,4,3
3837,1,3
3838,0,3
3839,0,3
3840,1,3
3841,1,3
3842,0,3
3843,24,4
3844,2,3
3845,11,6
3846,1,2
3847,2,3
3848,1,3
3849,2,3
3850,5,3
3851,0,3
3852,0,3
3853,26,4
3854,16,4
3855,1,3
3856,0,3
3857,7,3
3858,4,3
3859,31,7
3860,7,3
3861,35,3
3862,5,3
3863,4,3
3864,3,4
3865,16,5
3866,14,4
3867,4,3
3868,6,3
3869,1,3
3870,0,3
3871,27,3
3872,5,4
3873,1,3
3874,0,3
3875,0,3
3876,0,3
3877,12,4
3878,27,4
3879,3,3
3880,6,4
3881,3,3
3882,0,3
3883,6,3
3884,1,3
3885,0,3
3886,1,3
3887,8,3
3888,0,3
3889,0,3
3890,0,3
3891,0,3
3892,6,3
3893,3,3
3894,0,3
3895,38,3
3896,1,3
3897,24,3
3898,4,3
3899,2,4
3900,0,3
3901,1,3
3902,0,3
3903,14,3
3904,10,3
3905,0,3
3906,4,4
3907,0,3
3908,2,3
3909,20,3
3910,20,3
3911,1,3
3912,5,3
3913,0,3
3914,1,4
3915,7,3
3916,0,3
3917,0,3
3918,0,3
3919,1,3
3920,0,3
3921,0,3
3922,0,3
3923,0,3
3924,0,3
3925,1,3
3926,0,3
3927,10,3
3928,0,3
3929,3,4
3930,0,3
3931,4,3
3932,0,3
3933,3,3
3934,0,3
3935,12,3
3936,1,3
3937,16,3
3938,0,3
3939,0,3
3940,12,3
3941,21,3
3942,7,3
3943,0,3
3944,0,3
3945,2,3
3946,4,3
3947,0,3
3948,0,3
3949,23,3
3950,0,3
3951,0,3
3952,23,5
3953,0,3
3954,6,5
3955,6,3
3956,3,3
3957,92,3
3958,16,3
3959,8,4
3960,0,3
3961,0,3
3962,2,3
3963,0,3
3964,26,3
3965,1,3
3966,0,3
3967,0,3
3968,14,3
3969,0,3
3970,25,3
3971,7,3
3972,6,3
3973,0,3
3974,0,3
3975,1,3
3976,0,3
3977,1,3
3978,0,3
3979,2,4
3980,3,3
3981,3,3
3982,2,3
3983,0,3
3984,14,4
3985,1,3
3986,38,3
3987,8,4
3988,8,4
3989,12,5
3990,10,3
3991,0,3
3992,9,4
3993,13,3
3994,2,3
3995,20,3
3996,0,3
3997,2,3
3998,2,3
3999,2,5
4000,0,3
4001,0,3
4002,4,3
4003,22,3
4004,6,3
4005,11,3
4006,0,3
4007,16,6
4008,9,3
4009,8,4
4010,0,3
4011,0,3
4012,0,3
4013,8,4
4014,0,3
4015,0,3
4016,11,5
4017,0,3
4018,18,3
4019,2,3
4020,1,3
4021,0,3
4022,17,3
4023,0,3
4024,16,3
4025,2,3
4026,0,3
4027,0,3
4028,13,4
4029,11,4
4030,0,3
4031,3,3
4032,0,3
4033,1,3
4034,0,3
4035,2,3
4036,2,3
4037,17,3
4038,10,3
4039,11,3
4040,0,3
4041,0,3
4042,28,4
4043,1,3
4044,0,3
4045,2,3
4046,0,3
4047,0,3
4048,6,3
4049,0,3
4050,56,3
4051,19,3
4052,5,3
4053,3,3
4054,2,3
4055,25,4
4056,17,3
4057,0,3
4058,4,3
4059,30,4
4060,1,3
4061,22,5
4062,5,4
4063,3,3
4064,8,3
4065,0,3
4066,0,3
4067,0,3
4068,1,3
4069,13,3
4070,17,4
4071,17,3
4072,0,3
4073,1,3
4074,27,3
4075,26,3
4076,0,3
4077,0,3
4078,24,3
4079,0,3
4080,20,3
4081,0,3
4082,2,3
4083,16,4
4084,2,3
4085,1,3
4086,0,3
4087,0,3
4088,0,3
4089,17,4
4090,3,4
4091,13,4
4092,4,4
4093,5,3
4094,6,4
4095,3,3
4096,3,3
4097,24,4
4098,8,3
4099,1,3
4100,3,3
4101,0,3
4102,6,3
4103,0,3
4104,0,3
4105,1,3
4106,0,3
4107,0,3
4108,0,3
4109,2,3
4110,0,3
4111,6,3
4112,0,3
4113,0,3
4114,0,3
4115,0,3
4116,0,3
4117,50,3
4118,25,3
4119,0,3
4120,9,2
4121,0,3
4122,1,3
4123,12,2
4124,0,3
4125,1,3
4126,0,3
4127,3,3
4128,9,4
4129,0,3
4130,44,3
4131,0,3
4132,3,4
4133,2,4
4134,0,3
4135,1,3
4136,0,3
4137,6,4
4138,21,2
4139,4,3
4140,17,3
4141,1,3
4142,0,3
4143,2,4
4144,3,3
4145,1,3
4146,9,3
4147,0,3
4148,5,3
4149,0,3
4150,0,3
4151,0,3
4152,3,3
4153,0,3
4154,9,3
4155,0,3
4156,6,3
4157,28,3
4158,4,3
4159,4,3
4160,8,3
4161,1,3
4162,5,3
4163,4,3
4164,22,5
4165,1,3
4166,8,3
4167,5,5
4168,9,2
4169,2,3
4170,12,4
4171,0,3
4172,0,3
4173,4,3
4174,2,3
4175,2,3
4176,9,3
4177,5,3
4178,20,5
4179,0,3
4180,4,5
4181,3,3
4182,1,3
4183,2,3
4184,31,3
4185,0,3
4186,0,3
4187,11,4
4188,1,3
4189,4,3
4190,0,3
4191,7,3
4192,13,3
4193,38,3
4194,12,3
4195,3,3
4196,0,3
4197,0,3
4198,6,3
4199,39,2
4200,0,3
4201,6,3
4202,35,3
4203,14,5
4204,9,3
4205,14,3
4206,2,3
4207,1,3
4208,2,3
4209,2,3
4210,4,3
4211,0,3
4212,0,3
4213,0,3
4214,0,3
4215,0,3
4216,16,4
4217,9,3
4218,0,3
4219,19,3
4220,0,3
4221,0,3
4222,32,3
4223,2,3
4224,14,2
4225,0,3
4226,1,3
4227,11,4
4228,10,3
4229,0,3
4230,1,3
4231,10,3
4232,27,3
4233,11,3
4234,8,3
4235,0,3
4236,5,3
4237,16,2
4238,23,2
4239,5,3
4240,20,3
4241,0,3
4242,4,3
4243,0,3
4244,1,3
4245,13,3
4246,0,3
4247,0,3
4248,25,3
4249,24,4
4250,17,4
4251,13,5
4252,0,3
4253,9,3
4254,23,4
4255,2,3
4256,0,3
4257,1,3
4258,18,3
4259,33,4
4260,0,3
4261,7,3
4262,0,3
4263,5,3
4264,13,4
4265,29,4
4266,3,3
4267,7,3
4268,2,3
4269,0,3
4270,3,3
4271,1,3
4272,19,4
4273,3,3
4274,0,3
4275,7,5
4276,5,3
4277,6,3
4278,0,3
4279,7,3
4280,11,4
4281,0,3
4282,0,3
4283,0,3
4284,23,5
4285,1,3
4286,19,5
4287,6,3
4288,1,3
4289,0,3
4290,2,3
4291,0,3
4292,0,3
4293,2,4
4294,8,3
4295,0,3
4296,0,3
4297,0,3
4298,69,5
4299,0,3
4300,0,3
4301,11,3
4302,0,3
4303,15,4
4304,0,3
4305,4,3
4306,8,4
4307,1,3
4308,11,3
4309,14,4
4310,0,3
4311,0,3
4312,0,3
4313,2,3
4314,0,3
4315,0,3
4316,0,3
4317,0,3
4318,27,4
4319,19,2
4320,6,3
4321,48,4
4322,10,4
4323,0,3
4324,0,3
4325,2,3
4326,0,3
4327,0,3
4328,0,3
4329,24,4
4330,0,3
4331,0,3
4332,5,4
4333,1,3
4334,11,3
4335,3,3
4336,0,3
4337,3,3
4338,2,3
4339,3,3
4340,9,3
4341,15,3
4342,1,3
4343,0,3
4344,0,3
4345,1,4
4346,2,4
4347,0,3
4348,10,3
4349,26,4
4350,0,3
4351,0,3
4352,2,3
4353,0,3
4354,15,3
4355,3,3
4356,7,2
4357,0,3
4358,27,4
4359,0,3
4360,10,3
4361,32,3
4362,3,3
4363,22,4
4364,0,3
4365,20,3
4366,0,3
4367,1,3
4368,6,3
4369,5,4
4370,0,3
4371,13,3
4372,11,3
4373,0,3
4374,0,3
4375,1,3
4376,0,3
4377,8,4
4378,2,3
4379,0,3
4380,7,2
4381,2,3
4382,0,3
4383,0,3
4384,0,3
4385,0,3
4386,0,3
4387,8,3
4388,2,4
4389,0,3
4390,0,3
4391,22,3
4392,8,4
4393,10,4
4394,1,3
4395,10,3
4396,0,3
4397,3,3
4398,11,3
4399,16,3
4400,4,3
4401,92,3
4402,27,3
4403,0,3
4404,0,3
4405,10,5
4406,5,5
4407,0,3
4408,5,3
4409,21,4
4410,38,3
4411,2,3
4412,0,3
4413,0,3
4414,3,3
4415,1,3
4416,0,3
4417,0,3
4418,1,3
4419,0,3
4420,0,3
4421,2,2
4422,0,3
4423,16,3
4424,9,2
4425,11,3
4426,13,3
4427,0,3
4428,10,3
4429,1,3
4430,0,3
4431,0,3
4432,1,3
4433,0,3
4434,1,3
4435,1,3
4436,5,3
4437,20,3
4438,7,4
4439,2,3
4440,26,3
4441,1,3
4442,2,3
4443,1,3
4444,18,5
4445,0,3
4446,0,3
4447,0,3
4448,2,4
4449,2,3
4450,7,3
4451,0,3
4452,8,3
4453,7,3
4454,5,3
4455,0,3
4456,0,3
4457,2,3
4458,1,3
4459,1,3
4460,24,3
4461,6,3
4462,0,3
4463,16,3
4464,6,3
4465,3,4
4466,3,3
4467,16,4
4468,2,4
4469,0,3
4470,12,3
4471,0,3
4472,0,3
4473,7,3
4474,4,4
4475,0,3
4476,4,3
4477,1,3
4478,0,3
4479,8,4
4480,25,2
4481,9,4
4482,2,3
4483,12,3
4484,0,3
4485,0,3
4486,14,4
4487,21,5
4488,4,3
4489,3,3
4490,2,4
4491,75,3
4492,72,3
4493,0,3
4494,2,3
4495,0,3
4496,1,3
4497,9,3
4498,0,3
4499,2,3
4500,6,3
4501,2,3
4502,0,3
4503,13,4
4504,3,3
4505,12,4
4506,22,3
4507,7,4
4508,0,3
4509,0,3
4510,0,3
4511,1,3
4512,0,3
4513,6,3
4514,19,3
4515,0,3
4516,0,3
4517,1,3
4518,20,3
4519,2,3
4520,2,3
4521,0,3
4522,3,3
4523,0,3
4524,2,3
4525,2,3
4526,1,3
4527,0,3
4528,20,4
4529,11,3
4530,3,4
4531,1,3
4532,1,3
4533,2,3
4534,0,3
4535,1,3
4536,1,3
4537,11,3
4538,3,4
4539,3,4
4540,19,3
4541,14,3
4542,32,4
4543,2,3
4544,3,3
4545,0,3
4546,10,4
4547,0,3
4548,0,3
4549,8,3
4550,0,3
4551,0,3
4552,0,3
4553,3,3
4554,18,2
4555,2,3
4556,3,3
4557,6,3
4558,6,3
4559,0,3
4560,0,3
4561,1,3
4562,10,3
4563,2,3
4564,0,3
4565,3,3
4566,0,3
4567,0,3
4568,0,3
4569,6,4
4570,1,3
4571,4,3
4572,0,3
4573,0,3
4574,21,3
4575,2,3
4576,13,3
4577,0,3
4578,0,3
4579,14,3
4580,1,3
4581,1,3
4582,5,3
4583,5,4
4584,0,3
4585,21,3
4586,0,3
4587,0,3
4588,13,3
4589,2,3
4590,0,3
4591,2,3
4592,0,3
4593,0,3
4594,0,3
4595,17,4
4596,12,3
4597,1,3
4598,32,4
4599,0,3
4600,9,3
4601,1,3
4602,33,3
4603,23,4
4604,9,3
4605,0,3
4606,32,3
4607,0,3
4608,4,3
4609,1,3
4610,3,4
4611,0,3
4612,1,3
4613,0,3
4614,7,3
4615,1,3
4616,7,3
4617,0,3
4618,5,3
4619,0,3
4620,12,3
4621,2,3
4622,1,3
4623,2,3
4624,0,3
4625,0,3
4626,5,4
4627,0,3
4628,13,4
4629,0,3
4630,0,3
4631,3,3
4632,34,2
4633,27,3
4634,8,3
4635,0,3
4636,1,3
4637,0,3
4638,21,5
4639,0,3
4640,10,4
4641,16,3
4642,0,3
4643,2,4
4644,2,3
4645,0,3
4646,30,3
4647,3,4
4648,7,3
4649,4,3
4650,7,4
4651,2,3
4652,11,3
4653,2,3
4654,6,3
4655,0,3
4656,2,3
4657,11,3
4658,0,3
4659,24,3
4660,0,3
4661,12,5
4662,0,3
4663,14,3
4664,0,3
4665,1,3
4666,1,3
4667,24,3
4668,0,3
4669,6,3
4670,0,3
4671,0,3
4672,5,4
4673,19,3
4674,0,3
4675,8,3
4676,8,2
4677,11,4
4678,1,3
4679,0,3
4680,5,3
4681,6,3
4682,12,4
4683,6,3
4684,15,3
4685,1,3
4686,1,3
4687,18,3
4688,0,3
4689,0,3
4690,1,2
4691,6,4
4692,1,3
4693,2,3
4694,0,3
4695,15,3
4696,8,3
4697,13,4
4698,1,3
4699,2,2
4700,47,2
4701,22,5
4702,0,3
4703,1,3
4704,0,3
4705,5,3
4706,12,3
4707,2,3
4708,3,4
4709,5,4
4710,1,3
4711,0,3
4712,0,3
4713,23,6
4714,12,3
4715,1,3
4716,1,2
4717,0,3
4718,0,3
4719,23,3
4720,0,3
4721,3,3
4722,0,3
4723,0,3
4724,0,3
4725,1,3
4726,8,3
4727,0,3
4728,1,3
4729,0,3
4730,5,3
4731,1,3
4732,4,4
4733,1,3
4734,0,3
4735,8,3
4736,0,3
4737,0,3
4738,1,3
4739,4,3
4740,8,4
4741,0,3
4742,2,3
4743,29,3
4744,5,5
4745,6,3
4746,6,4
4747,10,4
4748,11,4
4749,10,3
4750,0,3
4751,1,3
4752,1,3
4753,37,2
4754,0,3
4755,5,3
4756,3,3
4757,33,5
4758,1,3
4759,0,3
4760,2,3
4761,9,5
4762,24,3
4763,1,3
4764,0,3
4765,0,3
4766,3,3
4767,11,4
4768,0,3
4769,1,3
4770,0,3
4771,12,4
4772,13,5
4773,20,4
4774,2,4
4775,18,4
4776,0,3
4777,0,3
4778,6,4
4779,15,4
4780,5,3
4781,9,3
4782,0,3
4783,18,4
4784,3,3
4785,0,3
4786,19,3
4787,2,3
4788,0,3
4789,0,3
4790,11,3
4791,2,3
4792,1,3
4793,6,3
4794,0,3
4795,5,4
4796,0,3
4797,0,3
4798,17,4
4799,0,3
4800,1,3
4801,0,3
4802,1,3
4803,0,3
4804,7,4
4805,0,3
4806,0,3
4807,0,3
4808,5,3
4809,0,3
4810,1,3
4811,5,4
4812,1,3
4813,0,3
4814,6,3
4815,11,4
4816,12,3
4817,3,4
4818,2,2
4819,0,3
4820,5,3
4821,0,3
4822,0,3
4823,8,3
4824,6,4
4825,11,3
4826,1,3
4827,0,3
4828,0,3
4829,28,4
4830,5,3
4831,3,3
4832,6,3
4833,0,3
4834,10,5
4835,0,3
4836,0,3
4837,6,4
4838,1,3
4839,8,3
4840,1,3
4841,0,3
4842,32,5
4843,7,3
4844,0,3
4845,7,3
4846,0,3
4847,0,3
4848,0,3
4849,1,3
4850,0,3
4851,16,3
4852,6,3
4853,6,4
4854,8,4
4855,0,3
4856,14,4
4857,0,3
4858,2,3
4859,0,3
4860,61,3
4861,1,3
4862,0,3
4863,2,3
4864,4,3
4865,0,3
4866,20,5
4867,0,3
4868,8,3
4869,4,3
4870,12,3
4871,1,3
4872,1,4
4873,0,3
4874,1,3
4875,3,3
4876,0,3
4877,0,3
4878,3,3
4879,10,4
4880,4,3
4881,0,3
4882,0,3
4883,10,3
4884,8,4
4885,3,4
4886,1,3
4887,0,3
4888,6,3
4889,21,3
4890,12,4
4891,3,3
4892,1,3
4893,0,3
4894,0,3
4895,20,3
4896,2,4
4897,9,4
4898,16,3
4899,5,4
4900,0,3
4901,1,3
4902,16,3
4903,27,3
4904,11,3
4905,4,3
4906,1,3
4907,0,3
4908,0,3
4909,26,4
4910,7,3
4911,7,3
4912,1,3
4913,3,3
4914,6,3
4915,3,3
4916,10,4
4917,56,2
4918,0,3
4919,0,3
4920,5,3
4921,3,3
4922,3,3
4923,0,3
4924,0,3
4925,11,3
4926,3,3
4927,2,4
4928,0,3
4929,1,3
4930,1,3
4931,35,3
4932,5,3
4933,0,3
4934,3,3
4935,9,4
4936,2,3
4937,14,4
4938,7,4
4939,36,4
4940,5,3
4941,0,3
4942,0,3
4943,0,3
4944,0,3
4945,0,3
4946,0,3
4947,0,3
4948,44,3
4949,0,3
4950,8,3
4951,3,3
4952,1,2
4953,4,3
4954,0,3
4955,13,3
4956,14,3
4957,7,3
4958,39,3
4959,0,3
4960,2,3
4961,1,3
4962,13,3
4963,3,3
4964,0,3
4965,0,3
4966,24,3
4967,37,3
4968,1,3
4969,0,3
4970,0,3
4971,0,3
4972,1,3
4973,33,4
4974,1,3
4975,0,3
4976,0,3
4977,37,2
4978,8,4
4979,6,3
4980,0,3
4981,1,3
4982,1,3
4983,4,3
4984,1,3
4985,0,3
4986,0,3
4987,1,3
4988,0,3
4989,8,3
4990,2,3
4991,0,3
4992,0,3
4993,10,3
4994,8,4
4995,0,3
4996,0,3
4997,2,3
4998,5,3
4999,1,3
5000,4,3
5001,0,3
5002,4,3
5003,2,4
5004,5,3
5005,2,3
5006,0,3
5007,0,3
5008,0,3
5009,3,3
5010,17,3
5011,11,3
5012,11,4
5013,4,3
5014,52,4
5015,9,4
5016,1,3
5017,4,3
5018,6,3
5019,10,3
5020,1,3
5021,2,3
5022,0,3
5023,11,4
5024,0,3
5025,0,3
5026,1,3
5027,14,3
5028,21,3
5029,8,3
5030,0,3
5031,0,3
5032,0,3
5033,0,3
5034,5,3
5035,0,3
5036,1,3
5037,7,3
5038,1,3
5039,36,3
5040,0,3
5041,0,3
5042,7,3
5043,0,3
5044,6,3
5045,0,3
5046,0,3
5047,24,3
5048,0,3
5049,3,3
5050,8,4
5051,3,3
5052,9,4
5053,3,3
5054,9,3
5055,4,3
5056,4,3
5057,0,3
5058,0,3
5059,18,5
5060,14,3
5061,0,3
5062,0,3
5063,13,3
5064,3,3
5065,0,3
5066,1,3
5067,1,3
5068,0,3
5069,2,3
5070,4,3
5071,5,3
5072,11,3
5073,12,6
5074,0,3
5075,1,3
5076,48,3
5077,1,3
5078,0,3
5079,0,3
5080,0,3
5081,10,3
5082,19,3
5083,0,3
5084,4,3
5085,3,3
5086,5,3
5087,13,3
5088,8,3
5089,13,3
5090,11,4
5091,0,3
5092,0,3
5093,25,4
5094,6,3
5095,42,5
5096,4,3
5097,0,3
5098,1,3
5099,0,3
5100,0,3
5101,10,4
5102,0,3
5103,8,3
5104,1,3
5105,8,3
5106,0,3
5107,0,3
5108,13,3
5109,0,3
5110,2,3
5111,0,3
5112,0,3
5113,8,3
5114,2,3
5115,1,3
5116,11,3
5117,8,5
5118,2,3
5119,0,3
5120,7,4
5121,2,3
5122,0,3
5123,0,3
5124,13,4
5125,14,3
5126,1,3
5127,32,3
5128,5,4
5129,31,5
5130,1,3
5131,4,3
5132,1,3
5133,1,3
5134,10,4
5135,3,3
5136,10,2
5137,14,4
5138,19,3
5139,1,3
5140,11,3
5141,0,3
5142,7,3
5143,0,3
5144,1,3
5145,0,3
5146,0,3
5147,0,3
5148,0,3
5149,2,3
5150,0,3
5151,8,3
5152,0,3
5153,0,3
5154,10,3
5155,0,3
5156,1,3
5157,16,4
5158,7,4
5159,0,3
5160,4,3
5161,24,2
5162,0,3
5163,6,4
5164,2,3
5165,7,3
5166,8,3
5167,0,3
5168,0,3
5169,10,3
5170,0,3
5171,6,3
5172,5,5
5173,2,3
5174,2,3
5175,0,3
5176,2,3
5177,7,5
5178,4,3
5179,18,3
5180,1,3
5181,0,3
5182,14,3
5183,6,4
5184,0,3
5185,0,3
5186,1,3
5187,13,3
5188,0,3
5189,6,3
5190,0,3
5191,9,4
5192,9,4
5193,0,3
5194,0,3
5195,4,3
5196,6,3
5197,2,3
5198,0,3
5199,10,4
5200,0,3
5201,0,3
5202,12,3
5203,0,3
5204,4,3
5205,9,4
5206,23,4
5207,10,3
5208,8,3
5209,19,3
5210,0,3
5211,14,3
5212,8,3
5213,15,5
5214,14,3
5215,23,4
5216,0,3
5217,20,3
5218,0,3
5219,1,3
5220,0,3
5221,0,3
5222,2,3
5223,0,3
5224,88,2
5225,0,3
5226,3,4
5227,0,3
5228,11,4
5229,1,3
5230,1,3
5231,1,3
5232,0,3
5233,16,3
5234,2,3
5235,0,3
5236,0,3
5237,1,3
5238,6,3
5239,0,3
5240,6,3
5241,9,5
5242,12,3
5243,1,3
5244,4,3
5245,6,4
5246,7,3
5247,1,3
5248,5,3
5249,15,4
5250,9,4
5251,7,4
5252,11,4
5253,0,3
5254,4,4
5255,1,3
5256,4,3
5257,10,3
5258,0,3
5259,0,3
5260,2,3
5261,0,3
5262,0,3
5263,10,4
5264,0,3
5265,1,3
5266,5,4
5267,1,2
5268,0,3
5269,0,3
5270,0,3
5271,50,3
5272,0,3
5273,0,3
5274,2,3
5275,18,3
5276,21,4
5277,0,3
5278,1,3
5279,1,3
5280,0,3
5281,0,3
5282,3,4
5283,1,3
5284,1,3
5285,0,3
5286,14,3
5287,0,3
5288,22,5
5289,1,3
5290,0,3
5291,3,3
5292,2,3
5293,1,3
5294,10,3
5295,16,4
5296,2,3
5297,9,4
5298,1,3
5299,5,4
5300,0,3
5301,0,3
5302,0,3
5303,8,2
5304,1,3
5305,0,3
5306,2,3
5307,1,3
5308,0,3
5309,2,3
5310,0,3
5311,8,4
5312,3,3
5313,4,3
5314,0,3
5315,3,3
5316,20,4
5317,0,3
5318,2,3
5319,11,3
5320,3,3
5321,0,3
5322,9,4
5323,0,3
5324,0,3
5325,4,3
5326,37,4
5327,8,3
5328,7,4
5329,1,3
5330,6,3
5331,10,3
5332,7,4
5333,1,3
5334,0,3
5335,6,4
5336,9,3
5337,4,3
5338,0,3
5339,25,3
5340,0,3
5341,0,3
5342,0,3
5343,0,3
5344,55,4
5345,0,3
5346,15,5
5347,0,3
5348,1,3
5349,0,3
5350,2,3
5351,1,3
5352,25,3
5353,10,3
5354,0,3
5355,0,3
5356,0,3
5357,32,3
5358,12,4
5359,3,3
5360,0,3
5361,8,3
5362,0,3
5363,0,3
5364,18,2
5365,1,3
5366,0,3
5367,16,5
5368,0,3
5369,3,3
5370,6,3
5371,4,3
5372,13,3
5373,0,3
5374,21,4
5375,0,3
5376,0,3
5377,0,3
5378,1,3
5379,16,4
5380,10,3
5381,32,3
5382,9,3
5383,4,3
5384,14,3
5385,14,3
5386,3,3
5387,16,3
5388,27,3
5389,1,3
5390,10,4
5391,0,3
5392,0,3
5393,18,4
5394,11,3
5395,1,3
5396,0,3
5397,1,3
5398,2,3
5399,0,3
5400,0,3
5401,0,3
5402,2,3
5403,4,3
5404,1,3
5405,44,1
5406,2,3
5407,9,3
5408,2,3
5409,13,3
5410,10,3
5411,4,3
5412,0,3
5413,17,4
5414,7,5
5415,2,3
5416,2,3
5417,1,3
5418,14,3
5419,9,3
5420,13,4
5421,21,4
5422,0,3
5423,21,4
5424,0,3
5425,6,3
5426,5,3
5427,23,5
5428,12,4
5429,2,3
5430,1,3
5431,0,3
5432,0,3
5433,15,3
5434,1,3
5435,5,4
5436,20,3
5437,1,3
5438,3,3
5439,0,3
5440,8,3
5441,9,3
5442,0,3
5443,11,3
5444,0,3
5445,0,3
5446,4,3
5447,2,3
5448,9,4
5449,3,3
5450,13,3
5451,1,3
5452,12,5
5453,0,3
5454,0,3
5455,0,3
5456,14,3
5457,0,3
5458,0,3
5459,1,3
5460,1,4
5461,9,4
5462,0,3
5463,10,3
5464,0,3
5465,17,4
5466,0,3
5467,2,2
5468,1,3
5469,9,4
5470,24,5
5471,0,3
5472,0,3
5473,3,3
5474,20,3
5475,29,3
5476,30,3
5477,3,3
5478,3,3
5479,5,3
5480,4,3
5481,5,3
5482,5,3
5483,0,3
5484,1,3
5485,0,3
5486,0,3
5487,2,3
5488,2,3
5489,1,3
5490,1,3
5491,1,3
5492,9,3
5493,47,3
5494,5,4
5495,0,3
5496,11,3
5497,0,3
5498,3,4
5499,0,3
5500,5,4
5501,0,3
5502,0,3
5503,7,4
5504,21,4
5505,0,3
5506,0,3
5507,36,3
5508,0,3
5509,0,3
5510,0,3
5511,0,3
5512,0,3
5513,0,3
5514,16,3
5515,4,3
5516,0,3
5517,29,3
5518,12,2
5519,12,5
5520,1,3
5521,0,3
5522,2,3
5523,4,4
5524,4,3
5525,0,3
5526,2,3
5527,10,4
5528,0,3
5529,1,3
5530,6,3
5531,19,7
5532,27,3
5533,0,3
5534,0,3
5535,9,3
5536,9,4
5537,6,3
5538,2,3
5539,0,3
5540,11,4
5541,16,4
5542,1,3
5543,0,3
5544,0,3
5545,0,3
5546,0,3
5547,1,3
5548,15,4
5549,20,4
5550,1,3
5551,22,5
5552,20,5
5553,0,3
5554,20,3
5555,7,4
5556,10,3
5557,23,5
5558,0,3
5559,17,5
5560,0,3
5561,5,4
5562,0,3
5563,2,4
5564,0,3
5565,22,4
5566,10,3
5567,1,2
5568,0,3
5569,2,3
5570,15,4
5571,1,3
5572,0,3
5573,10,4
5574,2,3
5575,0,3
5576,15,3
5577,4,4
5578,0,3
5579,2,4
5580,0,3
5581,7,3
5582,0,3
5583,3,3
5584,0,3
5585,2,3
5586,36,3
5587,0,3
5588,0,3
5589,8,3
5590,0,3
5591,23,4
5592,2,3
5593,0,3
5594,14,3
5595,7,3
5596,3,3
5597,11,4
5598,0,3
5599,0,3
5600,24,3
5601,8,3
5602,1,3
5603,4,3
5604,0,3
5605,2,3
5606,0,3
5607,7,3
5608,0,3
5609,0,3
5610,0,3
5611,0,3
5612,26,5
5613,7,3
5614,2,3
5615,1,3
5616,0,3
5617,18,3
5618,0,3
5619,0,3
5620,7,3
5621,0,3
5622,0,3
5623,22,3
5624,15,3
5625,1,3
5626,0,3
5627,1,3
5628,11,3
5629,7,3
5630,0,3
5631,10,3
5632,2,3
5633,0,3
5634,3,3
5635,2,3
5636,5,3
5637,0,3
5638,23,3
5639,20,3
5640,1,3
5641,43,4
5642,9,3
5643,0,3
5644,1,3
5645,5,4
5646,7,3
5647,7,3
5648,0,3
5649,0,3
5650,0,3
5651,0,3
5652,16,6
5653,15,3
5654,16,5
5655,1,3
5656,15,3
5657,14,3
5658,1,2
5659,20,3
5660,40,3
5661,1,3
5662,14,4
5663,2,3
5664,15,2
5665,10,4
5666,1,3
5667,23,3
5668,9,4
5669,7,3
5670,0,3
5671,0,3
5672,0,3
5673,6,4
5674,0,3
5675,12,4
5676,11,4
5677,21,3
5678,7,3
5679,0,3
5680,15,4
5681,37,4
5682,17,3
5683,6,3
5684,0,3
5685,0,3
5686,0,3
5687,4,3
5688,4,3
5689,0,3
5690,22,3
5691,34,2
5692,0,3
5693,0,3
5694,7,4
5695,0,3
5696,0,3
5697,0,3
5698,14,3
5699,3,4
5700,1,3
5701,34,3
5702,11,3
5703,11,3
5704,0,3
5705,9,3
5706,8,4
5707,5,3
5708,1,4
5709,16,4
5710,2,3
5711,5,4
5712,0,3
5713,1,3
5714,18,3
5715,3,3
5716,0,3
5717,0,3
5718,1,3
5719,2,3
5720,11,4
5721,7,3
5722,0,3
5723,0,3
5724,0,3
5725,2,3
5726,25,3
5727,1,3
5728,0,3
5729,0,3
5730,0,3
5731,0,3
5732,0,3
5733,0,3
5734,0,3
5735,27,5
5736,0,3
5737,2,3
5738,4,3
5739,4,3
5740,11,4
5741,7,3
5742,0,3
5743,10,5
5744,0,3
5745,4,3
5746,6,3
5747,0,3
5748,22,3
5749,14,3
5750,2,3
5751,19,3
5752,21,3
5753,4,3
5754,1,3
5755,2,3
5756,13,2
5757,9,4
5758,0,3
5759,9,3
5760,0,3
5761,17,3
5762,27,4
5763,1,3
5764,5,3
5765,0,3
5766,26,3
5767,4,3
5768,27,6
5769,17,3
5770,13,3
5771,0,3
5772,26,3
5773,23,3
5774,1,3
5775,0,3
5776,0,3
5777,0,3
5778,2,3
5779,10,5
5780,0,3
5781,34,3
5782,0,3
5783,1,3
5784,7,4
5785,0,3
5786,0,3
5787,0,3
5788,2,3
5789,5,3
5790,1,3
5791,3,3
5792,0,3
5793,3,3
5794,16,2
5795,0,3
5796,0,3
5797,5,3
5798,0,3
5799,12,4
5800,12,3
5801,0,3
5802,1,3
5803,13,4
5804,0,3
5805,7,3
5806,0,3
5807,1,3
5808,0,3
5809,1,3
5810,4,4
5811,0,3
5812,0,3
5813,2,3
5814,3,3
5815,0,3
5816,14,3
5817,0,3
5818,12,4
5819,28,2
5820,5,3
5821,0,3
5822,0,3
5823,7,3
5824,5,4
5825,1,3
5826,0,3
5827,1,3
5828,0,3
5829,19,3
5830,3,4
5831,1,3
5832,3,3
5833,11,4
5834,0,3
5835,1,3
5836,10,3
5837,29,4
5838,1,3
5839,2,3
5840,28,5
5841,30,5
5842,0,3
5843,0,3
5844,0,3
5845,0,3
5846,8,3
5847,0,3
5848,1,3
5849,0,3
5850,2,3
5851,8,4
5852,4,2
5853,9,3
5854,6,3
5855,27,2
5856,14,3
5857,1,3
5858,11,3
5859,13,4
5860,0,3
5861,2,3
5862,9,3
5863,21,4
5864,22,4
5865,10,4
5866,2,3
5867,2,3
5868,0,3
5869,0,3
5870,0,3
5871,0,3
5872,1,3
5873,4,3
5874,25,3
5875,4,3
5876,9,4
5877,0,3
5878,0,3
5879,0,3
5880,0,3
5881,14,3
5882,0,3
5883,8,3
5884,0,3
5885,0,3
5886,59,3
5887,0,3
5888,0,3
5889,16,3
5890,9,3
5891,0,3
5892,0,3
5893,1,3
5894,0,3
5895,0,3
5896,1,3
5897,47,3
5898,16,3
5899,5,3
5900,0,3
5901,6,3
5902,1,3
5903,4,3
5904,11,4
5905,6,3
5906,4,3
5907,4,3
5908,6,3
5909,6,4
5910,0,3
5911,0,3
5912,9,3
5913,1,2
5914,0,3
5915,0,3
5916,0,3
5917,1,3
5918,21,6
5919,0,3
5920,0,3
5921,15,6
5922,4,4
5923,11,3
5924,1,3
5925,4,3
5926,25,3
5927,5,2
5928,3,3
5929,14,3
5930,0,3
5931,6,3
5932,6,3
5933,0,3
5934,11,3
5935,9,3
5936,2,4
5937,9,5
5938,3,3
5939,2,3
5940,7,4
5941,7,3
5942,0,3
5943,1,3
5944,8,3
5945,1,3
5946,0,3
5947,1,3
5948,1,3
5949,10,3
5950,5,3
5951,4,3
5952,1,3
5953,0,3
5954,1,3
5955,12,5
5956,0,3
5957,1,3
5958,0,3
5959,18,4
5960,0,3
5961,14,3
5962,0,3
5963,0,3
5964,0,3
5965,0,3
5966,0,3
5967,12,4
5968,5,5
5969,0,3
5970,15,4
5971,0,3
5972,0,3
5973,14,4
5974,4,4
5975,14,4
5976,0,3
5977,10,3
5978,1,3
5979,0,3
5980,3,3
5981,1,3
5982,0,3
5983,20,4
5984,8,4
5985,1,3
5986,0,3
5987,2,3
5988,0,3
5989,14,3
5990,15,4
5991,0,3
5992,0,3
5993,25,5
5994,0,3
5995,18,3
5996,0,3
5997,0,3
5998,3,3
5999,3,3
6000,23,5
6001,0,3
6002,7,4
6003,8,3
6004,0,3
6005,0,3
6006,5,3
6007,4,3
6008,0,3
6009,34,4
6010,1,3
6011,8,4
6012,6,3
6013,5,3
6014,6,3
6015,0,3
6016,9,4
6017,9,2
6018,0,3
6019,0,3
6020,0,3
6021,8,4
6022,0,3
6023,5,4
6024,0,3
6025,1,3
6026,0,3
6027,15,3
6028,0,3
6029,0,3
6030,4,4
6031,0,3
6032,0,3
6033,4,4
6034,5,3
6035,18,3
6036,14,3
6037,14,4
6038,35,3
6039,6,4
6040,19,4
6041,5,3
6042,0,3
6043,4,3
6044,1,3
6045,10,4
6046,4,3
6047,0,3
6048,2,3
6049,8,4
6050,0,3
6051,1,3
6052,0,3
6053,15,4
6054,14,4
6055,9,4
6056,0,3
6057,8,4
6058,8,3
6059,0,3
6060,7,3
6061,29,3
6062,4,4
6063,0,3
6064,2,2
6065,8,4
6066,0,3
6067,0,3
6068,8,4
6069,0,3
6070,4,3
6071,0,3
6072,0,3
6073,0,3
6074,0,3
6075,24,5
6076,4,3
6077,0,3
6078,1,3
6079,10,5
6080,3,3
6081,0,3
6082,0,3
6083,10,4
6084,0,3
6085,1,3
6086,0,3
6087,0,3
6088,0,3
6089,8,3
6090,8,4
6091,0,3
6092,13,3
6093,6,3
6094,17,3
6095,0,3
6096,1,3
6097,8,4
6098,0,3
6099,0,3
6100,11,4
6101,11,3
6102,0,3
6103,3,3
6104,0,3
6105,0,3
6106,0,3
6107,8,3
6108,3,3
6109,4,3
6110,0,3
6111,0,3
6112,9,3
6113,2,3
6114,12,5
6115,3,3
6116,0,3
6117,1,4
6118,0,3
6119,0,3
6120,0,3
6121,0,3
6122,1,3
6123,2,3
6124,12,3
6125,0,3
6126,11,4
6127,1,3
6128,3,4
6129,0,3
6130,1,3
6131,12,3
6132,7,4
6133,2,3
6134,1,4
6135,0,3
6136,12,4
6137,2,3
6138,0,3
6139,2,3
6140,6,3
6141,0,3
6142,0,3
6143,27,4
6144,0,3
6145,0,3
6146,13,4
6147,1,3
6148,12,4
6149,0,3
6150,5,4
6151,0,3
6152,22,4
6153,1,3
6154,0,3
6155,1,3
6156,0,3
6157,1,3
6158,0,3
6159,0,3
6160,2,3
6161,6,3
6162,14,3
6163,1,4
6164,8,3
6165,0,3
6166,4,3
6167,28,5
6168,34,4
6169,8,3
6170,3,3
6171,9,4
6172,5,3
6173,0,3
6174,19,6
6175,0,3
6176,2,3
6177,0,3
6178,9,3
6179,0,3
6180,6,3
6181,1,3
6182,0,3
6183,0,3
6184,4,3
6185,0,3
6186,7,4
6187,14,3
6188,10,3
6189,7,3
6190,0,3
6191,9,4
6192,5,3
6193,4,3
6194,20,4
6195,0,3
6196,4,4
6197,35,4
6198,8,3
6199,1,3
6200,0,3
6201,0,3
6202,0,3
6203,5,3
6204,0,3
6205,0,3
6206,40,4
6207,0,3
6208,0,3
6209,0,3
6210,0,3
6211,2,3
6212,27,5
6213,0,3
6214,0,3
6215,5,3
6216,3,3
6217,21,4
6218,0,3
6219,10,3
6220,0,3
6221,0,3
6222,0,3
6223,27,3
6224,12,3
6225,1,3
6226,2,3
6227,1,3
6228,25,5
6229,0,3
6230,7,3
6231,7,4
6232,6,3
6233,9,4
6234,6,3
6235,1,3
6236,4,3
6237,16,3
6238,2,3
6239,2,3
6240,7,3
6241,5,3
6242,2,3
6243,4,3
6244,7,3
6245,10,3
6246,0,3
6247,5,4
6248,0,3
6249,0,3
6250,3,4
6251,0,3
6252,6,3
6253,2,3
6254,0,3
6255,5,3
6256,7,3
6257,0,3
6258,0,3
6259,0,3
6260,16,4
6261,16,3
6262,4,3
6263,0,3
6264,2,3
6265,0,3
6266,0,3
6267,10,3
6268,22,5
6269,6,3
6270,3,3
6271,10,2
6272,4,3
6273,0,3
6274,0,3
6275,0,3
6276,5,3
6277,0,3
6278,1,3
6279,4,3
6280,4,4
6281,25,4
6282,11,3
6283,9,5
6284,16,3
6285,0,3
6286,5,3
6287,0,3
6288,0,3
6289,5,3
6290,1,3
6291,0,3
6292,2,3
6293,2,3
6294,2,3
6295,26,3
6296,1,3
6297,0,3
6298,1,3
6299,22,4
6300,29,3
6301,0,3
6302,2,3
6303,4,3
6304,1,3
6305,10,3
6306,12,3
6307,2,3
6308,3,3
6309,0,3
6310,0,3
6311,0,3
6312,4,3
6313,13,3
6314,1,3
6315,8,4
6316,41,3
6317,10,3
6318,18,3
6319,11,4
6320,5,3
6321,23,4
6322,0,3
6323,6,4
6324,3,4
6325,25,5
6326,0,3
6327,3,3
6328,1,3
6329,2,3
6330,11,4
6331,0,3
6332,2,3
6333,0,3
6334,13,3
6335,17,4
6336,2,3
6337,2,3
6338,0,3
6339,15,4
6340,0,3
6341,0,3
6342,0,3
6343,0,3
6344,18,3
6345,15,4
6346,1,3
6347,5,3
6348,8,4
6349,1,3
6350,0,3
6351,18,3
6352,0,3
6353,1,3
6354,0,3
6355,19,3
6356,0,3
6357,6,3
6358,1,3
6359,0,3
6360,4,3
6361,2,3
6362,0,3
6363,30,4
6364,9,4
6365,5,5
6366,22,5
6367,11,3
6368,37,3
6369,7,4
6370,3,3
6371,32,3
6372,0,3
6373,11,5
6374,1,3
6375,0,3
6376,1,3
6377,12,4
6378,0,3
6379,67,3
6380,0,3
6381,0,3
6382,0,3
6383,0,3
6384,0,3
6385,4,3
6386,1,3
6387,0,3
6388,4,3
6389,0,3
6390,5,3
6391,0,3
6392,3,4
6393,1,3
6394,2,3
6395,2,3
6396,5,3
6397,11,3
6398,73,3
6399,5,3
6400,0,3
6401,5,4
6402,19,3
6403,1,3
6404,9,3
6405,22,3
6406,1,3
6407,0,3
6408,15,5
6409,0,3
6410,11,3
6411,20,3
6412,1,3
6413,0,3
6414,0,3
6415,0,3
6416,3,3
6417,2,3
6418,0,3
6419,16,4
6420,0,3
6421,0,3
6422,18,3
6423,19,3
6424,60,3
6425,12,5
6426,0,3
6427,2,3
6428,10,4
6429,2,3
6430,6,3
6431,0,3
6432,22,5
6433,14,4
6434,5,3
6435,3,4
6436,0,3
6437,10,3
6438,1,3
6439,9,3
6440,0,3
6441,0,3
6442,4,3
6443,8,3
6444,0,3
6445,9,3
6446,0,3
6447,1,3
6448,2,3
6449,5,4
6450,7,3
6451,0,3
6452,4,4
6453,3,3
6454,24,5
6455,18,3
6456,0,3
6457,16,3
6458,7,3
6459,16,3
6460,3,4
6461,23,4
6462,0,3
6463,1,3
6464,0,3
6465,2,3
6466,2,3
6467,17,4
6468,1,3
6469,0,3
6470,6,3
6471,2,3
6472,4,4
6473,1,3
6474,2,3
6475,10,4
6476,0,3
6477,3,3
6478,0,3
6479,0,3
6480,0,3
6481,1,3
6482,0,3
6483,11,3
6484,9,4
6485,0,3
6486,0,3
6487,0,3
6488,0,3
6489,15,4
6490,0,3
6491,21,4
6492,1,3
6493,3,3
6494,15,4
6495,17,5
6496,3,3
6497,0,3
6498,8,3
6499,0,3
6500,15,4
6501,0,3
6502,1,3
6503,0,3
6504,2,3
6505,0,3
6506,63,3
6507,0,3
6508,33,4
6509,12,3
6510,9,3
6511,0,3
6512,10,4
6513,3,3
6514,3,3
6515,3,4
6516,13,3
6517,0,3
6518,11,3
6519,0,3
6520,0,3
6521,0,3
6522,22,4
6523,0,3
6524,3,3
6525,11,4
6526,10,3
6527,1,3
6528,9,3
6529,0,3
6530,0,3
6531,0,3
6532,1,4
6533,0,3
6534,16,3
6535,3,4
6536,14,3
6537,1,3
6538,8,4
6539,0,3
6540,0,3
6541,17,6
6542,0,3
6543,0,3
6544,24,4
6545,10,4
6546,1,3
6547,0,3
6548,25,5
6549,0,3
6550,0,3
6551,17,5
6552,0,3
6553,12,3
6554,13,3
6555,0,3
6556,28,5
6557,0,3
6558,0,3
6559,0,3
6560,0,3
6561,0,3
6562,0,3
6563,1,3
6564,22,4
6565,0,3
6566,0,3
6567,0,3
6568,10,4
6569,0,3
6570,1,3
6571,20,3
6572,25,4
6573,0,3
6574,4,3
6575,3,3
6576,29,3
6577,0,3
6578,0,3
6579,24,3
6580,4,3
6581,0,3
6582,0,3
6583,1,3
6584,12,3
6585,0,3
6586,2,3
6587,14,2
6588,0,3
6589,0,3
6590,0,3
6591,1,3
6592,39,3
6593,20,3
6594,3,3
6595,7,3
6596,5,3
6597,1,3
6598,18,3
6599,0,3
6600,21,3
6601,0,3
6602,3,3
6603,13,3
6604,3,3
6605,8,4
6606,19,4
6607,15,3
6608,13,4
6609,1,3
6610,1,3
6611,13,4
6612,21,3
6613,18,5
6614,15,3
6615,4,3
6616,0,3
6617,9,4
6618,0,3
6619,1,3
6620,14,4
6621,0,3
6622,0,3
6623,3,3
6624,5,3
6625,13,3
6626,0,3
6627,5,3
6628,0,3
6629,2,3
6630,0,3
6631,0,3
6632,0,3
6633,0,3
6634,6,3
6635,11,3
6636,17,3
6637,3,3
6638,0,3
6639,1,3
6640,0,3
6641,1,3
6642,3,2
6643,21,2
6644,11,4
6645,2,3
6646,0,3
6647,65,4
6648,7,3
6649,7,4
6650,0,3
6651,1,3
6652,6,3
6653,0,3
6654,0,3
6655,0,3
6656,0,3
6657,22,6
6658,11,5
6659,20,9
6660,2,3
6661,14,4
6662,0,3
6663,1,3
6664,9,4
6665,27,3
6666,3,3
6667,14,4
6668,29,3
6669,13,7
6670,0,3
6671,15,4
6672,1,3
6673,1,3
6674,1,3
6675,0,3
6676,0,3
6677,2,3
6678,8,4
6679,0,3
6680,0,3
6681,26,6
6682,3,3
6683,5,3
6684,2,3
6685,9,3
6686,0,3
6687,10,3
6688,16,4
6689,0,3
6690,2,3
6691,1,3
6692,0,3
6693,9,3
6694,8,3
6695,5,3
6696,12,6
6697,0,3
6698,0,3
6699,10,3
6700,32,3
6701,6,3
6702,4,4
6703,6,3
6704,4,3
6705,0,3
6706,0,3
6707,0,3
6708,15,3
6709,67,3
6710,10,3
6711,0,3
6712,1,3
6713,39,3
6714,1,3
6715,1,4
6716,0,3
6717,47,4
6718,15,5
6719,0,3
6720,68,5
6721,1,3
6722,0,3
6723,17,4
6724,9,3
6725,3,3
6726,1,3
6727,0,3
6728,12,3
6729,4,3
6730,0,3
6731,24,3
6732,2,3
6733,0,3
6734,28,3
6735,5,3
6736,1,3
6737,5,3
6738,3,3
6739,2,3
6740,0,3
6741,1,3
6742,26,5
6743,1,3
6744,8,3
6745,9,3
6746,0,3
6747,1,3
6748,0,3
6749,0,3
6750,1,3
6751,0,3
6752,14,3
6753,2,3
6754,17,3
6755,0,3
6756,5,3
6757,3,3
6758,1,4
6759,9,3
6760,6,3
6761,0,3
6762,0,3
6763,0,3
6764,18,4
6765,2,3
6766,0,3
6767,1,3
6768,15,4
6769,0,3
6770,23,4
6771,0,3
6772,0,3
6773,4,4
6774,0,3
6775,9,3
6776,4,4
6777,37,5
6778,18,3
6779,9,4
6780,12,4
6781,2,4
6782,0,3
6783,5,4
6784,1,3
6785,0,3
6786,20,3
6787,12,3
6788,4,3
6789,2,3
6790,1,3
6791,0,3
6792,0,3
6793,9,3
6794,25,4
6795,0,3
6796,0,3
6797,13,4
6798,6,3
6799,14,3
6800,0,3
6801,1,3
6802,16,3
6803,2,2
6804,13,4
6805,17,5
6806,7,3
6807,0,3
6808,29,4
6809,0,3
6810,0,3
6811,10,3
6812,1,3
6813,17,4
6814,0,3
6815,14,4
6816,0,3
6817,11,3
6818,26,4
6819,0,3
6820,22,4
6821,2,3
6822,12,4
6823,4,3
6824,0,3
6825,0,3
6826,0,3
6827,2,3
6828,0,3
6829,0,3
6830,3,4
6831,0,3
6832,7,4
6833,10,4
6834,0,3
6835,3,3
6836,19,3
6837,22,4
6838,0,3
6839,6,4
6840,1,3
6841,16,6
6842,9,3
6843,1,3
6844,3,3
6845,0,3
6846,9,4
6847,0,3
6848,5,3
6849,2,2
6850,15,3
6851,0,3
6852,4,4
6853,1,3
6854,10,3
6855,0,3
6856,0,3
6857,35,5
6858,0,3
6859,12,4
6860,3,3
6861,0,3
6862,8,2
6863,0,3
6864,7,3
6865,3,2
6866,13,4
6867,0,3
6868,8,3
6869,7,3
6870,143,3
6871,6,4
6872,0,3
6873,3,3
6874,46,7
6875,21,4
6876,5,3
6877,4,3
6878,4,3
6879,0,3
6880,12,4
6881,7,3
6882,0,3
6883,0,3
6884,1,3
6885,0,3
6886,6,3
6887,0,3
6888,1,3
6889,27,4
6890,0,3
6891,1,3
6892,13,3
6893,13,5
6894,13,2
6895,17,3
6896,0,3
6897,0,3
6898,9,4
6899,0,3
6900,0,3
6901,0,3
6902,27,3
6903,0,3
6904,0,3
6905,1,3
6906,0,3
6907,19,4
6908,13,3
6909,1,2
6910,7,3
6911,8,4
6912,0,3
6913,10,4
6914,4,4
6915,7,3
6916,25,7
6917,0,3
6918,0,3
6919,13,4
6920,12,3
6921,14,4
6922,0,3
6923,19,4
6924,0,3
6925,0,3
6926,53,5
6927,16,4
6928,23,3
6929,1,3
6930,10,4
6931,29,4
6932,0,3
6933,0,3
6934,6,3
6935,1,3
6936,0,3
6937,14,3
6938,5,2
6939,0,3
6940,24,4
6941,0,3
6942,0,3
6943,0,3
6944,2,3
6945,0,3
6946,0,3
6947,5,3
6948,4,3
6949,30,4
6950,1,3
6951,0,3
6952,16,3
6953,25,6
6954,24,5
6955,9,4
6956,1,3
6957,25,6
6958,0,3
6959,2,3
6960,64,5
6961,0,3
6962,0,3
6963,15,3
6964,4,4
6965,0,3
6966,14,2
6967,6,3
6968,29,4
6969,0,3
6970,29,4
6971,7,3
6972,17,5
6973,5,3
6974,4,3
6975,1,3
6976,12,4
6977,23,3
6978,1,3
6979,0,3
6980,1,3
6981,6,3
6982,11,4
6983,16,3
6984,1,3
6985,0,3
6986,0,3
6987,22,3
6988,6,3
6989,17,3
6990,44,3
6991,0,3
6992,20,3
6993,3,3
6994,3,3
6995,0,3
6996,0,3
6997,5,3
6998,0,3
6999,18,3
7000,0,3
7001,25,3
7002,59,4
7003,1,3
7004,1,3
7005,25,4
7006,11,3
7007,36,3
7008,1,3
7009,24,3
7010,0,3
7011,0,3
7012,0,3
7013,16,3
7014,0,3
7015,7,3
7016,7,3
7017,18,3
7018,0,3
7019,0,3
7020,20,4
7021,8,3
7022,2,3
7023,16,3
7024,1,3
7025,2,3
7026,4,4
7027,0,3
7028,0,3
7029,0,3
7030,2,3
7031,11,4
7032,22,5
7033,6,4
7034,0,3
7035,13,5
7036,0,3
7037,0,3
7038,29,3
7039,16,3
7040,9,3
7041,10,3
7042,24,4
7043,0,3
7044,27,3
7045,2,4
7046,9,3
7047,0,3
7048,0,3
7049,0,3
7050,0,3
7051,3,4
7052,0,3
7053,0,3
7054,20,4
7055,10,3
7056,1,3
7057,3,3
7058,0,3
7059,33,5
7060,25,4
7061,1,3
7062,24,5
7063,42,5
7064,0,3
7065,8,3
7066,17,4
7067,1,3
7068,4,3
7069,2,4
7070,0,3
7071,23,3
7072,26,6
7073,0,3
7074,0,3
7075,25,5
7076,0,3
7077,0,3
7078,10,4
7079,0,3
7080,0,3
7081,28,3
7082,14,3
7083,0,3
7084,12,4
7085,15,5
7086,14,4
7087,0,3
7088,24,5
7089,8,3
7090,4,3
7091,3,4
7092,49,3
7093,0,3
7094,0,3
7095,0,3
7096,16,3
7097,14,5
7098,11,3
7099,0,3
7100,27,5
7101,32,2
7102,16,4
7103,7,3
7104,6,3
7105,2,3
7106,1,4
7107,13,3
7108,0,3
7109,0,3
7110,4,3
7111,0,3
7112,10,2
7113,0,3
7114,12,3
7115,0,3
7116,7,3
7117,1,3
7118,1,3
7119,0,3
7120,1,3
7121,0,3
7122,1,3
7123,11,4
7124,5,4
7125,4,3
7126,0,3
7127,2,4
7128,8,3
7129,11,4
7130,0,3
7131,6,3
7132,5,3
7133,0,3
7134,0,3
7135,20,5
7136,0,3
7137,0,3
7138,17,3
7139,0,3
7140,0,3
7141,14,3
7142,12,3
7143,67,7
7144,0,3
7145,4,4
7146,14,4
7147,1,3
7148,1,3
7149,1,4
7150,6,3
7151,0,3
7152,0,3
7153,4,4
7154,7,4
7155,8,3
7156,1,3
7157,2,3
7158,22,4
7159,0,3
7160,17,4
7161,9,4
7162,6,4
7163,8,4
7164,10,3
7165,8,3
7166,0,3
7167,3,3
7168,28,4
7169,8,4
7170,14,3
7171,7,3
7172,5,3
7173,6,3
7174,1,3
7175,8,4
7176,0,3
7177,0,3
7178,8,3
7179,0,3
7180,25,3
7181,3,4
7182,8,3
7183,20,2
7184,44,4
7185,24,4
7186,4,4
7187,5,3
7188,3,3
7189,28,5
7190,0,3
7191,2,3
7192,2,3
7193,0,3
7194,0,3
7195,5,3
7196,20,5
7197,2,4
7198,0,3
7199,0,3
7200,84,3
7201,3,3
7202,1,3
7203,0,3
7204,18,4
7205,0,3
7206,23,3
7207,0,3
7208,1,3
7209,0,3
7210,0,3
7211,0,3
7212,29,5
7213,0,3
7214,4,3
7215,25,3
7216,8,3
7217,35,5
7218,0,3
7219,11,3
7220,15,4
7221,21,3
7222,3,3
7223,0,3
7224,1,3
7225,32,3
7226,2,3
7227,3,3
7228,10,4
7229,0,3
7230,5,3
7231,0,3
7232,0,3
7233,3,3
7234,1,3
7235,0,3
7236,0,3
7237,9,3
7238,0,3
7239,28,7
7240,0,3
7241,0,3
7242,9,3
7243,30,3
7244,0,3
7245,20,3
7246,51,2
7247,0,3
7248,2,3
7249,0,3
7250,12,4
7251,19,5
7252,19,3
7253,16,3
7254,0,3
7255,5,4
7256,3,3
7257,14,3
7258,10,3
7259,1,3
7260,2,3
7261,0,3
7262,1,3
7263,38,3
7264,9,3
7265,1,3
7266,7,3
7267,0,3
7268,14,4
7269,11,3
7270,0,3
7271,1,3
7272,0,3
7273,9,4
7274,1,3
7275,5,2
7276,12,4
7277,1,3
7278,31,6
7279,16,3
7280,0,3
7281,13,4
7282,0,3
7283,6,3
7284,0,3
7285,17,4
7286,0,3
7287,16,3
7288,27,4
7289,4,3
7290,2,3
7291,29,3
7292,11,4
7293,26,3
7294,3,3
7295,2,3
7296,10,4
7297,1,3
7298,1,4
7299,7,3
7300,0,3
7301,1,3
7302,16,5
7303,2,3
7304,6,3
7305,1,3
7306,4,2
7307,0,3
7308,0,3
7309,0,3
7310,22,4
7311,0,3
7312,0,3
7313,0,3
7314,0,3
7315,0,3
7316,0,3
7317,0,3
7318,1,3
7319,14,5
7320,2,3
7321,1,3
7322,6,3
7323,3,4
7324,0,3
7325,0,3
7326,0,3
7327,9,3
7328,13,4
7329,0,3
7330,20,3
7331,13,3
7332,40,4
7333,1,4
7334,0,3
7335,14,4
7336,15,4
7337,20,4
7338,16,5
7339,0,3
7340,1,3
7341,20,4
7342,2,3
7343,12,4
7344,9,5
7345,3,3
7346,13,5
7347,0,3
7348,11,4
7349,1,3
7350,1,4
7351,5,4
7352,16,3
7353,11,3
7354,6,3
7355,25,3
7356,6,4
7357,1,3
7358,4,3
7359,5,3
7360,10,5
7361,1,3
7362,1,3
7363,4,4
7364,0,3
7365,17,4
7366,9,3
7367,2,3
7368,15,3
7369,18,3
7370,0,3
7371,10,3
7372,0,3
7373,7,4
7374,3,3
7375,0,3
7376,0,3
7377,6,4
7378,33,4
7379,4,3
7380,0,3
7381,0,3
7382,0,3
7383,5,3
7384,1,3
7385,4,3
7386,0,3
7387,0,3
7388,14,4
7389,12,4
7390,4,3
7391,0,3
7392,48,4
7393,9,4
7394,22,5
7395,0,3
7396,0,3
7397,0,3
7398,12,5
7399,0,3
7400,19,3
7401,11,3
7402,1,3
7403,1,3
7404,0,3
7405,13,3
7406,1,3
7407,12,3
7408,9,3
7409,1,3
7410,0,3
7411,2,3
7412,0,3
7413,11,2
7414,0,3
7415,0,3
7416,0,3
7417,16,2
7418,0,3
7419,1,3
7420,0,3
7421,0,3
7422,6,3
7423,1,3
7424,0,3
7425,9,4
7426,0,3
7427,23,4
7428,3,3
7429,6,3
7430,11,4
7431,22,4
7432,0,3
7433,37,5
7434,0,3
7435,2,3
7436,12,4
7437,0,3
7438,4,3
7439,8,3
7440,40,3
7441,16,4
7442,3,3
7443,0,3
7444,4,3
7445,0,3
7446,4,3
7447,0,3
7448,4,3
7449,0,3
7450,10,4
7451,4,3
7452,0,3
7453,13,3
7454,37,7
7455,0,3
7456,13,5
7457,6,3
7458,0,3
7459,6,3
7460,59,2
7461,0,3
7462,1,3
7463,14,4
7464,1,3
7465,4,4
7466,0,3
7467,26,5
7468,13,3
7469,30,5
7470,2,3
7471,6,3
7472,7,3
7473,0,3
7474,0,3
7475,0,3
7476,6,3
7477,38,3
7478,15,5
7479,3,3
7480,9,4
7481,1,3
7482,4,3
7483,0,3
7484,45,5
7485,13,4
7486,2,3
7487,1,3
7488,0,3
7489,15,3
7490,2,3
7491,0,3
7492,18,4
7493,0,3
7494,10,4
7495,5,3
7496,0,3
7497,0,3
7498,0,3
7499,0,3
7500,0,3
7501,1,3
7502,4,3
7503,1,3
7504,6,3
7505,0,3
7506,17,3
7507,0,3
7508,16,5
7509,0,3
7510,12,4
7511,6,4
7512,7,3
7513,0,3
7514,1,3
7515,11,3
7516,0,3
7517,0,3
7518,12,3
7519,1,3
7520,5,4
7521,38,4
7522,1,3
7523,20,4
7524,9,3
7525,54,2
7526,2,3
7527,1,3
7528,3,3
7529,0,3
7530,7,4
7531,5,3
7532,9,3
7533,10,3
7534,0,3
7535,4,3
7536,0,3
7537,0,3
7538,0,3
7539,1,3
7540,0,3
7541,34,3
7542,15,4
7543,3,3
7544,1,4
7545,12,3
7546,0,3
7547,19,5
7548,1,3
7549,0,3
7550,0,3
7551,45,4
7552,5,3
7553,17,5
7554,0,3
7555,11,3
7556,8,4
7557,35,4
7558,1,3
7559,0,3
7560,24,3
7561,14,3
7562,0,3
7563,1,3
7564,0,3
7565,0,3
7566,8,3
7567,5,4
7568,0,3
7569,8,3
7570,0,3
7571,1,3
7572,9,3
7573,17,4
7574,0,3
7575,0,3
7576,21,5
7577,3,3
7578,0,3
7579,0,3
7580,11,4
7581,0,3
7582,0,3
7583,0,3
7584,0,3
7585,0,3
7586,18,3
7587,10,3
7588,1,3
7589,42,6
7590,23,3
7591,3,3
7592,1,3
7593,13,3
7594,8,4
7595,3,3
7596,8,4
7597,17,5
7598,15,4
7599,0,3
7600,0,3
7601,0,3
7602,16,4
7603,19,4
7604,0,3
7605,0,3
7606,15,4
7607,13,5
7608,0,3
7609,2,3
7610,0,3
7611,18,4
7612,0,3
7613,0,3
7614,4,3
7615,3,3
7616,23,3
7617,11,3
7618,0,3
7619,12,5
7620,6,4
7621,3,3
7622,11,5
7623,11,3
7624,0,3
7625,17,3
7626,67,3
7627,6,4
7628,8,4
7629,13,5
7630,27,3
7631,14,4
7632,0,3
7633,26,4
7634,1,3
7635,0,3
7636,2,2
7637,3,3
7638,8,3
7639,0,3
7640,0,3
7641,0,3
7642,23,4
7643,4,3
7644,22,5
7645,3,3
7646,4,3
7647,2,3
7648,0,3
7649,1,3
7650,0,3
7651,5,3
7652,0,3
7653,2,3
7654,8,2
7655,19,4
7656,15,4
7657,37,4
7658,10,4
7659,7,3
7660,1,3
7661,8,2
7662,0,3
7663,0,3
7664,14,3
7665,0,3
7666,0,3
7667,3,3
7668,7,3
7669,0,3
7670,7,6
7671,16,3
7672,0,3
7673,6,3
7674,1,3
7675,0,3
7676,8,4
7677,6,3
7678,8,2
7679,4,3
7680,0,3
7681,2,3
7682,11,3
7683,1,3
7684,8,4
7685,33,3
7686,0,3
7687,2,3
7688,19,5
7689,1,3
7690,0,3
7691,16,4
7692,33,7
7693,3,3
7694,14,4
7695,0,3
7696,9,4
7697,0,3
7698,0,3
7699,3,3
7700,11,3
7701,0,3
7702,0,3
7703,2,3
7704,7,3
7705,12,3
7706,5,3
7707,0,3
7708,20,6
7709,0,3
7710,0,3
7711,21,5
7712,0,3
7713,6,4
7714,0,3
7715,0,3
7716,1,3
7717,3,3
7718,16,3
7719,4,3
7720,3,4
7721,0,3
7722,0,3
7723,11,4
7724,0,3
7725,1,3
7726,0,3
7727,0,3
7728,10,4
7729,0,3
7730,0,3
7731,16,4
7732,13,3
7733,0,3
7734,0,3
7735,13,5
7736,0,3
7737,12,4
7738,0,3
7739,6,3
7740,26,4
7741,20,3
7742,13,5
7743,0,3
7744,0,3
7745,0,3
7746,0,3
7747,0,3
7748,0,3
7749,0,3
7750,13,4
7751,3,4
7752,12,3
7753,2,3
7754,0,3
7755,0,3
7756,0,3
7757,1,3
7758,0,3
7759,0,3
7760,0,3
7761,1,3
7762,1,3
7763,0,3
7764,0,3
7765,0,3
7766,3,4
7767,5,3
7768,8,4
7769,8,3
7770,4,3
7771,1,3
7772,16,5
7773,1,3
7774,0,3
7775,1,4
7776,0,3
7777,0,3
7778,7,3
7779,5,3
7780,0,3
7781,2,3
7782,13,4
7783,2,3
7784,0,3
7785,2,3
7786,0,3
7787,15,5
7788,36,5
7789,14,3
7790,0,3
7791,5,3
7792,1,3
7793,7,3
7794,0,3
7795,24,5
7796,13,3
7797,21,4
7798,0,3
7799,18,4
7800,12,3
7801,0,3
7802,3,4
7803,10,3
7804,1,3
7805,0,3
7806,5,3
7807,2,3
7808,0,3
7809,0,3
7810,20,3
7811,0,3
7812,9,4
7813,18,4
7814,6,3
7815,9,4
7816,7,3
7817,4,3
7818,17,4
7819,1,3
7820,1,3
7821,28,6
7822,5,3
7823,0,3
7824,2,3
7825,19,4
7826,6,3
7827,0,3
7828,7,4
7829,0,3
7830,13,3
7831,1,3
7832,19,3
7833,8,3
7834,11,4
7835,1,3
7836,22,5
7837,12,4
7838,9,4
7839,0,3
7840,14,4
7841,38,4
7842,28,4
7843,8,5
7844,0,3
7845,1,3
7846,0,3
7847,13,4
7848,7,4
7849,2,3
7850,0,3
7851,0,3
7852,3,3
7853,0,3
7854,14,3
7855,2,3
7856,2,3
7857,0,3
7858,7,3
7859,8,4
7860,4,3
7861,0,3
7862,14,3
7863,15,3
7864,0,3
7865,0,3
7866,0,3
7867,0,3
7868,1,3
7869,0,3
7870,0,3
7871,9,3
7872,0,3
7873,9,4
7874,0,3
7875,0,3
7876,0,3
7877,0,3
7878,3,4
7879,1,3
7880,0,3
7881,0,3
7882,0,3
7883,0,3
7884,0,3
7885,29,6
7886,1,3
7887,0,3
7888,6,4
7889,0,3
7890,0,3
7891,10,5
7892,3,4
7893,18,2
7894,8,4
7895,21,5
7896,5,4
7897,0,3
7898,0,3
7899,23,3
7900,50,3
7901,16,4
7902,7,3
7903,0,3
7904,4,4
7905,0,3
7906,0,3
7907,15,5
7908,0,3
7909,0,3
7910,0,3
7911,0,3
7912,1,3
7913,0,3
7914,21,6
7915,0,3
7916,7,3
7917,16,3
7918,0,3
7919,2,3
7920,0,3
7921,1,3
7922,10,4
7923,0,3
7924,9,3
7925,0,3
7926,0,3
7927,9,3
7928,1,3
7929,5,3
7930,11,3
7931,51,6
7932,0,3
7933,0,3
7934,0,3
7935,31,5
7936,0,3
7937,8,3
7938,13,4
7939,0,3
7940,0,3
7941,4,3
7942,0,3
7943,0,3
7944,0,3
7945,18,2
7946,0,3
7947,4,4
7948,0,3
7949,37,4
7950,1,3
7951,38,5
7952,2,3
7953,6,3
7954,1,3
7955,0,3
7956,15,3
7957,18,3
7958,2,3
7959,22,3
7960,16,4
7961,42,4
7962,10,3
7963,2,3
7964,11,3
7965,9,3
7966,25,4
7967,1,3
7968,9,3
7969,13,5
7970,32,3
7971,0,3
7972,0,3
7973,4,4
7974,3,3
7975,21,4
7976,0,3
7977,13,5
7978,0,3
7979,4,4
7980,19,4
7981,0,3
7982,0,3
7983,13,4
7984,1,3
7985,3,3
7986,0,3
7987,17,5
7988,0,3
7989,4,2
7990,7,4
7991,0,3
7992,9,4
7993,11,4
7994,24,4
7995,10,4
7996,0,3
7997,5,4
7998,33,4
7999,0,3
8000,9,3
8001,21,3
8002,0,3
8003,0,3
8004,0,3
8005,20,6
8006,0,3
8007,8,3
8008,3,3
8009,0,3
8010,8,4
8011,3,3
8012,1,3
8013,10,4
8014,0,3
8015,0,3
8016,1,3
8017,20,4
8018,14,3
8019,0,3
8020,0,3
8021,0,3
8022,1,3
8023,7,3
8024,12,5
8025,0,3
8026,0,3
8027,0,3
8028,0,3
8029,23,3
8030,5,3
8031,44,6
8032,23,3
8033,58,5
8034,7,3
8035,1,3
8036,0,3
8037,26,4
8038,0,3
8039,10,4
8040,0,3
8041,5,4
8042,1,3
8043,0,3
8044,0,3
8045,14,4
8046,2,3
8047,11,3
8048,0,3
8049,1,3
8050,4,3
8051,24,6
8052,16,5
8053,0,3
8054,0,3
8055,1,3
8056,7,3
8057,20,4
8058,0,3
8059,5,3
8060,4,3
8061,16,3
8062,1,3
8063,1,3
8064,10,2
8065,0,3
8066,2,3
8067,0,3
8068,1,3
8069,1,3
8070,0,3
8071,0,3
8072,0,3
8073,32,5
8074,3,3
8075,9,4
8076,0,3
8077,12,3
8078,13,3
8079,0,3
8080,0,3
8081,1,3
8082,0,3
8083,0,3
8084,7,4
8085,1,3
8086,0,3
8087,27,3
8088,0,3
8089,31,3
8090,22,3
8091,71,3
8092,9,4
8093,13,4
8094,0,3
8095,0,3
8096,0,3
8097,1,3
8098,0,3
8099,6,3
8100,0,3
8101,0,3
8102,0,3
8103,18,5
8104,27,6
8105,4,3
8106,16,5
8107,6,4
8108,17,4
8109,3,3
8110,0,3
8111,16,3
8112,0,3
8113,21,3
8114,9,3
8115,3,3
8116,0,3
8117,2,3
8118,0,3
8119,8,4
8120,0,3
8121,28,4
8122,0,3
8123,15,4
8124,2,3
8125,0,3
8126,0,3
8127,0,3
8128,17,3
8129,13,3
8130,7,2
8131,19,4
8132,13,5
8133,2,3
8134,1,3
8135,3,3
8136,0,3
8137,1,3
8138,0,3
8139,4,2
8140,6,3
8141,0,3
8142,61,5
8143,0,3
8144,0,3
8145,32,3
8146,3,3
8147,0,3
8148,1,3
8149,3,3
8150,0,3
8151,3,3
8152,23,4
8153,7,3
8154,0,3
8155,17,5
8156,0,3
8157,6,3
8158,19,5
8159,4,3
8160,0,3
8161,38,5
8162,52,4
8163,9,3
8164,7,4
8165,16,3
8166,0,3
8167,0,3
8168,1,2
8169,32,3
8170,0,3
8171,0,3
8172,0,3
8173,0,3
8174,8,4
8175,2,4
8176,0,3
8177,0,3
8178,40,4
8179,3,3
8180,0,3
8181,24,6
8182,0,3
8183,2,3
8184,0,3
8185,20,3
8186,4,3
8187,2,3
8188,6,4
8189,0,3
8190,10,4
8191,7,3
8192,16,4
8193,0,3
8194,2,3
8195,1,3
8196,12,4
8197,5,3
8198,10,4
8199,2,3
8200,3,3
8201,0,3
8202,42,3
8203,14,3
8204,4,3
8205,5,3
8206,0,3
8207,0,3
8208,14,4
8209,21,4
8210,0,3
8211,7,3
8212,2,3
8213,20,6
8214,0,3
8215,0,3
8216,18,3
8217,25,4
8218,14,4
8219,10,4
8220,1,3
8221,0,3
8222,1,4
8223,0,3
8224,3,3
8225,26,3
8226,1,3
8227,0,3
8228,0,3
8229,5,3
8230,0,3
8231,2,3
8232,0,3
8233,16,4
8234,24,3
8235,11,3
8236,34,6
8237,0,3
8238,2,3
8239,0,3
8240,0,3
8241,0,3
8242,27,5
8243,1,3
8244,31,4
8245,0,3
8246,6,3
8247,0,3
8248,0,3
8249,15,5
8250,21,4
8251,21,4
8252,12,3
8253,3,3
8254,0,3
8255,3,3
8256,2,3
8257,10,3
8258,16,4
8259,6,4
8260,8,2
8261,3,3
8262,2,3
8263,12,5
8264,0,3
8265,23,5
8266,0,3
8267,0,3
8268,13,4
8269,23,5
8270,7,3
8271,0,3
8272,6,3
8273,0,3
8274,18,4
8275,47,4
8276,0,3
8277,0,3
8278,0,3
8279,0,3
8280,12,3
8281,12,4
8282,10,3
8283,0,3
8284,19,5
8285,12,4
8286,0,3
8287,47,5
8288,5,3
8289,19,2
8290,1,3
8291,39,6
8292,0,3
8293,1,3
8294,0,3
8295,4,3
8296,10,3
8297,5,3
8298,7,4
8299,0,3
8300,0,3
8301,0,3
8302,1,3
8303,0,3
8304,4,3
8305,0,3
8306,5,3
8307,0,3
8308,12,3
8309,14,3
8310,7,4
8311,0,3
8312,0,3
8313,21,4
8314,20,5
8315,23,4
8316,9,5
8317,25,5
8318,0,3
8319,12,4
8320,10,5
8321,0,3
8322,5,3
8323,15,3
8324,3,3
8325,0,3
8326,2,3
8327,0,3
8328,0,3
8329,9,4
8330,20,4
8331,7,4
8332,4,3
8333,0,3
8334,8,3
8335,0,3
8336,2,3
8337,0,3
8338,11,3
8339,32,6
8340,1,3
8341,2,3
8342,18,5
8343,11,4
8344,0,3
8345,10,4
8346,15,4
8347,0,3
8348,15,5
8349,34,3
8350,0,3
8351,3,3
8352,7,5
8353,0,3
8354,2,3
8355,14,4
8356,0,3
8357,2,3
8358,11,4
8359,2,3
8360,17,2
8361,21,4
8362,13,3
8363,22,4
8364,0,3
8365,26,4
8366,7,3
8367,21,4
8368,0,3
8369,0,3
8370,30,5
8371,0,3
8372,0,3
8373,6,3
8374,3,3
8375,2,3
8376,29,4
8377,7,3
8378,13,3
8379,19,5
8380,0,3
8381,0,3
8382,54,6
8383,0,3
8384,10,3
8385,4,4
8386,0,3
8387,0,3
8388,3,3
8389,11,4
8390,58,3
8391,32,6
8392,20,4
8393,2,3
8394,23,3
8395,4,3
8396,17,3
8397,17,3
8398,4,3
8399,10,3
8400,35,6
8401,44,4
8402,0,3
8403,12,4
8404,0,3
8405,13,4
8406,6,3
8407,9,5
8408,30,5
8409,16,5
8410,10,4
8411,8,3
8412,36,7
8413,3,3
8414,8,4
8415,0,3
8416,0,3
8417,0,3
8418,0,3
8419,2,3
8420,11,2
8421,0,3
8422,3,3
8423,3,3
8424,3,3
8425,2,3
8426,0,3
8427,0,3
8428,0,3
8429,0,3
8430,0,3
8431,1,3
8432,1,3
8433,1,3
8434,30,5
8435,0,3
8436,2,3
8437,22,3
8438,15,4
8439,0,3
8440,0,3
8441,0,3
8442,0,3
8443,0,3
8444,6,4
8445,9,4
8446,0,3
8447,18,3
8448,0,3
8449,3,3
8450,0,3
8451,0,3
8452,8,4
8453,0,3
8454,1,3
8455,1,3
8456,26,5
8457,10,3
8458,7,3
8459,1,3
8460,11,2
8461,0,3
8462,7,5
8463,31,6
8464,11,5
8465,23,3
8466,1,3
8467,2,3
8468,9,4
8469,15,4
8470,5,3
8471,5,3
8472,0,3
8473,0,3
8474,37,3
8475,19,3
8476,28,3
8477,6,3
8478,0,3
8479,0,3
8480,33,5
8481,32,4
8482,0,3
8483,10,3
8484,9,3
8485,8,4
8486,7,3
8487,0,3
8488,7,4
8489,10,6
8490,36,3
8491,0,3
8492,4,3
8493,8,3
8494,5,3
8495,5,3
8496,6,4
8497,33,6
8498,0,3
8499,18,4
8500,41,4
8501,0,3
8502,2,3
8503,0,3
8504,0,3
8505,12,3
8506,0,3
8507,35,5
8508,4,3
8509,11,3
8510,1,3
8511,4,3
8512,6,3
8513,0,3
8514,0,3
8515,34,6
8516,13,5
8517,1,3
8518,14,3
8519,6,2
8520,10,2
8521,18,4
8522,0,3
8523,0,3
8524,0,3
8525,10,4
8526,0,3
8527,13,4
8528,12,4
8529,14,4
8530,0,3
8531,4,3
8532,3,3
8533,6,4
8534,20,5
8535,0,3
8536,18,3
8537,11,3
8538,0,3
8539,21,5
8540,6,3
8541,0,3
8542,8,2
8543,0,3
8544,0,3
8545,12,4
8546,2,3
8547,0,3
8548,0,3
8549,6,3
8550,13,5
8551,35,4
8552,38,6
8553,1,3
8554,0,3
8555,40,4
8556,0,3
8557,21,5
8558,0,3
8559,22,5
8560,0,3
8561,7,3
8562,6,4
8563,26,4
8564,2,3
8565,5,3
8566,0,3
8567,0,3
8568,0,3
8569,5,3
8570,2,3
8571,0,3
8572,1,3
8573,22,3
8574,0,3
8575,0,3
8576,0,3
8577,1,3
8578,7,4
8579,1,3
8580,18,3
8581,11,4
8582,1,3
8583,66,5
8584,2,3
8585,5,4
8586,1,3
8587,18,3
8588,0,3
8589,27,3
8590,0,3
8591,38,3
8592,1,3
8593,6,3
8594,0,3
8595,0,3
8596,11,5
8597,0,3
8598,1,3
8599,4,3
8600,10,4
8601,21,6
8602,9,3
8603,0,3
8604,9,3
8605,0,3
8606,12,3
8607,27,5
8608,7,3
8609,0,3
8610,16,5
8611,0,3
8612,0,3
8613,13,4
8614,6,3
8615,2,3
8616,6,3
8617,1,3
8618,4,4
8619,21,5
8620,2,3
8621,0,3
8622,196,4
8623,5,3
8624,0,3
8625,8,4
8626,0,3
8627,53,4
8628,0,3
8629,0,3
8630,0,3
8631,7,3
8632,34,4
8633,0,3
8634,38,4
8635,6,4
8636,24,6
8637,70,3
8638,7,4
8639,0,3
8640,9,5
8641,32,5
8642,37,4
8643,0,3
8644,6,4
8645,23,3
8646,7,3
8647,17,4
8648,15,4
8649,0,3
8650,21,3
8651,2,3
8652,0,3
8653,0,3
8654,7,3
8655,0,3
8656,15,3
8657,8,3
8658,0,3
8659,2,3
8660,28,4
8661,32,2
8662,4,3
8663,0,3
8664,2,3
8665,0,3
8666,18,3
8667,0,3
8668,0,3
8669,1,3
8670,0,3
8671,13,4
8672,0,3
8673,15,3
8674,13,2
8675,6,4
8676,0,3
8677,4,3
8678,6,3
8679,0,3
8680,13,3
8681,24,3
8682,6,3
8683,15,4
8684,0,3
8685,19,3
8686,0,3
8687,0,3
8688,13,3
8689,1,3
8690,0,3
8691,0,3
8692,5,4
8693,9,4
8694,0,3
8695,33,4
8696,14,3
8697,0,3
8698,0,3
8699,0,3
8700,0,3
8701,1,3
8702,0,3
8703,19,3
8704,0,3
8705,1,3
8706,20,5
8707,25,3
8708,0,3
8709,10,3
8710,0,3
8711,0,3
8712,0,3
8713,1,3
8714,0,3
8715,0,3
8716,19,4
8717,11,4
8718,3,3
8719,1,3
8720,0,3
8721,23,4
8722,0,3
8723,0,3
8724,23,4
8725,19,4
8726,9,3
8727,0,3
8728,8,4
8729,0,3
8730,0,3
8731,0,3
8732,0,3
8733,4,3
8734,15,5
8735,0,3
8736,7,3
8737,0,3
8738,0,3
8739,2,4
8740,1,3
8741,1,3
8742,0,3
8743,5,3
8744,0,3
8745,5,3
8746,0,3
8747,18,4
8748,0,3
8749,27,5
8750,23,4
8751,33,3
8752,7,4
8753,20,6
8754,1,3
8755,0,3
8756,0,3
8757,0,3
8758,0,3
8759,23,3
8760,20,4
8761,1,3
8762,0,3
8763,24,6
8764,0,3
8765,11,4
8766,0,3
8767,1,3
8768,5,4
8769,0,3
8770,0,3
8771,3,3
8772,17,2
8773,25,5
8774,27,3
8775,3,3
8776,7,3
8777,0,3
8778,0,3
8779,2,3
8780,0,3
8781,0,3
8782,12,4
8783,2,3
8784,26,7
8785,27,4
8786,0,3
8787,0,3
8788,22,3
8789,1,3
8790,0,3
8791,0,3
8792,1,3
8793,28,2
8794,0,3
8795,0,3
8796,0,3
8797,0,3
8798,10,3
8799,1,3
8800,0,3
8801,0,3
8802,8,4
8803,0,3
8804,0,3
8805,8,4
8806,1,3
8807,5,3
8808,0,3
8809,1,3
8810,5,3
8811,5,4
8812,0,3
8813,25,3
8814,17,3
8815,0,3
8816,0,3
8817,1,3
8818,0,3
8819,7,6
8820,9,4
8821,1,3
8822,4,3
8823,3,3
8824,0,3
8825,0,3
8826,0,3
8827,0,3
8828,14,3
8829,0,3
8830,9,4
8831,0,3
8832,0,3
8833,25,4
8834,22,4
8835,0,3
8836,7,3
8837,0,3
8838,22,7
8839,0,3
8840,0,3
8841,5,3
8842,8,3
8843,29,3
8844,3,4
8845,13,4
8846,2,3
8847,14,4
8848,9,4
8849,14,4
8850,38,6
8851,41,5
8852,3,3
8853,0,3
8854,0,3
8855,0,3
8856,23,5
8857,0,3
8858,0,3
8859,24,5
8860,0,3
8861,8,5
8862,0,3
8863,0,3
8864,0,3
8865,0,3
8866,4,3
8867,6,4
8868,0,3
8869,15,4
8870,0,3
8871,3,3
8872,0,3
8873,16,3
8874,0,3
8875,0,3
8876,12,5
8877,0,3
8878,35,5
8879,7,4
8880,0,3
8881,0,3
8882,5,3
8883,13,4
8884,6,3
8885,18,5
8886,9,3
8887,0,3
8888,0,3
8889,49,3
8890,13,4
8891,0,3
8892,3,3
8893,0,3
8894,1,3
8895,4,3
8896,1,3
8897,0,3
8898,0,3
8899,0,3
8900,1,3
8901,0,3
8902,6,3
8903,9,3
8904,34,3
8905,1,3
8906,0,3
8907,12,4
8908,0,3
8909,0,3
8910,0,3
8911,9,3
8912,7,3
8913,3,3
8914,18,4
8915,1,3
8916,2,3
8917,0,3
8918,7,4
8919,19,4
8920,0,3
8921,1,3
8922,0,3
8923,1,3
8924,7,4
8925,0,3
8926,12,3
8927,23,6
8928,0,3
8929,21,7
8930,7,4
8931,45,4
8932,2,3
8933,0,3
8934,36,4
8935,23,4
8936,32,3
8937,0,3
8938,15,3
8939,16,5
8940,8,3
8941,0,3
8942,1,3
8943,4,3
8944,12,3
8945,15,4
8946,22,3
8947,21,4
8948,1,4
8949,14,3
8950,11,3
8951,4,3
8952,0,3
8953,0,3
8954,4,3
8955,0,3
8956,55,5
8957,3,3
8958,2,3
8959,5,1
8960,21,4
8961,4,3
8962,0,3
8963,0,3
8964,6,3
8965,32,5
8966,0,3
8967,26,6
8968,20,4
8969,0,3
8970,11,4
8971,0,3
8972,0,3
8973,11,4
8974,12,4
8975,0,3
8976,8,4
8977,11,4
8978,1,3
8979,0,3
8980,0,3
8981,2,4
8982,0,3
8983,19,6
8984,21,4
8985,26,5
8986,0,3
8987,0,3
8988,6,3
8989,1,3
8990,0,3
8991,5,3
8992,30,5
8993,13,4
8994,24,3
8995,2,3
8996,8,4
8997,2,3
8998,0,3
8999,2,3
9000,0,3
9001,3,4
9002,0,3
9003,22,3
9004,12,3
9005,14,3
9006,1,3
9007,0,3
9008,8,3
9009,7,4
9010,0,3
9011,23,4
9012,4,3
9013,39,5
9014,6,5
9015,5,3
9016,15,3
9017,0,3
9018,2,3
9019,0,3
9020,0,3
9021,13,3
9022,15,4
9023,17,5
9024,0,3
9025,0,3
9026,0,3
9027,2,3
9028,0,3
9029,2,3
9030,13,3
9031,0,3
9032,0,3
9033,1,4
9034,0,3
9035,27,6
9036,75,5
9037,8,4
9038,48,3
9039,0,3
9040,14,3
9041,19,4
9042,0,3
9043,14,4
9044,11,5
9045,3,3
9046,0,3
9047,0,3
9048,4,4
9049,0,3
9050,26,2
9051,7,4
9052,3,3
9053,40,4
9054,19,6
9055,0,3
9056,4,3
9057,5,4
9058,3,3
9059,3,3
9060,2,3
9061,1,3
9062,8,3
9063,10,5
9064,25,5
9065,3,3
9066,14,3
9067,10,3
9068,0,3
9069,41,6
9070,22,4
9071,1,3
9072,1,3
9073,4,3
9074,7,3
9075,0,3
9076,0,3
9077,2,3
9078,29,6
9079,0,3
9080,8,3
9081,22,4
9082,0,3
9083,18,4
9084,5,4
9085,2,3
9086,0,3
9087,0,3
9088,0,3
9089,21,3
9090,26,4
9091,24,4
9092,0,3
9093,0,3
9094,0,3
9095,15,4
9096,0,3
9097,25,4
9098,0,3
9099,35,6
9100,4,4
9101,39,5
9102,0,3
9103,0,3
9104,0,3
9105,0,3
9106,5,4
9107,0,3
9108,0,3
9109,1,3
9110,5,3
9111,34,7
9112,4,3
9113,0,3
9114,23,3
9115,13,2
9116,17,3
9117,0,3
9118,7,4
9119,0,3
9120,0,3
9121,0,3
9122,14,6
9123,5,4
9124,22,6
9125,33,7
9126,11,5
9127,0,3
9128,4,4
9129,2,3
9130,9,3
9131,0,3
9132,12,4
9133,5,3
9134,9,3
9135,9,4
9136,0,3
9137,27,6
9138,0,3
9139,0,3
9140,1,4
9141,4,3
9142,0,3
9143,7,4
9144,61,3
9145,0,3
9146,0,3
9147,22,5
9148,13,5
9149,6,4
9150,0,3
9151,13,5
9152,0,3
9153,0,3
9154,5,3
9155,1,3
9156,13,5
9157,16,3
9158,70,6
9159,0,3
9160,12,3
9161,37,6
9162,0,3
9163,32,3
9164,0,3
9165,1,4
9166,2,3
9167,0,3
9168,0,3
9169,0,3
9170,0,3
9171,12,4
9172,17,6
9173,1,3
9174,0,3
9175,0,3
9176,7,3
9177,4,3
9178,9,5
9179,8,4
9180,0,3
9181,9,3
9182,0,3
9183,33,4
9184,13,3
9185,0,3
9186,7,3
9187,21,5
9188,10,3
9189,11,4
9190,0,3
9191,0,3
9192,0,3
9193,0,3
9194,0,3
9195,0,3
9196,1,3
9197,32,4
9198,10,3
9199,0,3
9200,23,3
9201,28,5
9202,1,3
9203,0,3
9204,0,3
9205,6,4
9206,0,3
9207,14,4
9208,77,4
9209,0,3
9210,25,7
9211,4,3
9212,0,3
9213,19,5
9214,0,3
9215,12,4
9216,15,3
9217,2,3
9218,9,4
9219,19,4
9220,0,3
9221,0,3
9222,0,3
9223,9,3
9224,24,6
9225,2,3
9226,2,3
9227,0,3
9228,0,3
9229,0,3
9230,11,5
9231,1,3
9232,34,6
9233,21,6
9234,0,3
9235,0,3
9236,21,4
9237,0,3
9238,13,4
9239,1,3
9240,15,4
9241,12,4
9242,0,3
9243,12,3
9244,7,4
9245,0,3
9246,0,3
9247,25,3
9248,12,4
9249,18,4
9250,0,3
9251,91,3
9252,0,3
9253,1,3
9254,0,3
9255,0,3
9256,0,3
9257,0,3
9258,8,3
9259,7,3
9260,0,3
9261,30,4
9262,3,3
9263,0,3
9264,1,4
9265,24,5
9266,0,3
9267,29,7
9268,6,3
9269,13,3
9270,4,3
9271,0,3
9272,0,3
9273,0,3
9274,6,3
9275,3,3
9276,3,4
9277,0,3
9278,3,3
9279,0,3
9280,0,3
9281,20,5
9282,24,4
9283,16,4
9284,13,3
9285,0,3
9286,4,3
9287,1,3
9288,14,4
9289,1,3
9290,11,3
9291,44,6
9292,3,3
9293,0,3
9294,0,3
9295,0,3
9296,4,3
9297,0,3
9298,3,3
9299,13,5
9300,5,3
9301,6,3
9302,0,3
9303,0,3
9304,4,3
9305,6,3
9306,0,3
9307,0,3
9308,20,3
9309,3,4
9310,0,3
9311,0,3
9312,1,3
9313,10,4
9314,5,3
9315,1,3
9316,0,3
9317,3,3
9318,16,4
9319,40,3
9320,9,4
9321,0,3
9322,0,3
9323,7,4
9324,29,3
9325,0,3
9326,9,3
9327,0,3
9328,39,4
9329,6,3
9330,27,4
9331,14,5
9332,0,3
9333,7,3
9334,1,3
9335,4,3
9336,56,5
9337,12,5
9338,7,4
9339,37,4
9340,3,3
9341,8,4
9342,1,3
9343,11,5
9344,1,3
9345,8,3
9346,9,4
9347,26,1
9348,32,7
9349,20,3
9350,15,3
9351,10,3
9352,17,5
9353,7,4
9354,30,4
9355,11,3
9356,11,3
9357,0,3
9358,26,5
9359,59,5
9360,16,3
9361,24,4
9362,0,3
9363,1,3
9364,37,3
9365,14,7
9366,11,5
9367,15,4
9368,34,3
9369,7,3
9370,23,4
9371,0,3
9372,9,3
9373,22,4
9374,0,3
9375,23,5
9376,1,3
9377,24,5
9378,16,4
9379,0,3
9380,11,2
9381,0,3
9382,0,3
9383,0,3
9384,2,3
9385,6,4
9386,10,2
9387,3,3
9388,13,2
9389,0,3
9390,37,6
9391,7,3
9392,3,3
9393,14,4
9394,0,3
9395,25,5
9396,3,3
9397,1,3
9398,1,3
9399,1,3
9400,4,3
9401,0,3
9402,0,3
9403,41,3
9404,0,3
9405,27,4
9406,29,6
9407,6,3
9408,2,3
9409,30,3
9410,0,3
9411,3,3
9412,4,3
9413,0,3
9414,23,5
9415,23,7
9416,0,3
9417,19,3
9418,2,3
9419,3,4
9420,32,5
9421,14,6
9422,0,3
9423,5,5
9424,1,3
9425,0,3
9426,3,3
9427,18,7
9428,6,4
9429,29,4
9430,42,3
9431,12,3
9432,5,3
9433,9,4
9434,0,3
9435,10,4
9436,43,4
9437,78,3
9438,3,3
9439,0,3
9440,24,5
9441,0,3
9442,1,3
9443,0,3
9444,10,6
9445,0,3
9446,24,4
9447,49,3
9448,18,6
9449,0,3
9450,0,3
9451,0,3
9452,1,3
9453,53,5
9454,0,3
9455,0,3
9456,0,3
9457,0,3
9458,1,3
9459,0,3
9460,9,2
9461,35,7
9462,1,3
9463,0,3
9464,17,3
9465,5,3
9466,3,3
9467,1,3
9468,1,3
9469,12,4
9470,2,4
9471,0,3
9472,43,4
9473,15,3
9474,0,3
9475,20,5
9476,5,3
9477,1,3
9478,3,3
9479,13,4
9480,5,3
9481,1,3
9482,14,2
9483,0,3
9484,0,3
9485,0,3
9486,13,4
9487,0,3
9488,0,3
9489,6,3
9490,34,6
9491,0,3
9492,3,3
9493,4,4
9494,20,3
9495,5,3
9496,0,3
9497,0,3
9498,26,2
9499,25,4
9500,0,3
9501,7,3
9502,0,3
9503,1,3
9504,1,3
9505,0,3
9506,0,3
9507,4,4
9508,2,3
9509,19,3
9510,2,3
9511,0,3
9512,8,3
9513,20,4
9514,5,3
9515,0,3
9516,0,3
9517,11,4
9518,0,3
9519,21,5
9520,17,4
9521,23,5
9522,5,3
9523,0,3
9524,4,3
9525,16,4
9526,0,3
9527,5,3
9528,31,3
9529,22,6
9530,19,4
9531,13,2
9532,0,3
9533,59,4
9534,5,3
9535,2,3
9536,0,3
9537,33,7
9538,28,5
9539,0,3
9540,1,3
9541,0,3
9542,5,3
9543,2,3
9544,13,4
9545,14,4
9546,0,3
9547,7,4
9548,25,2
9549,5,3
9550,3,2
9551,7,4
9552,10,4
9553,16,5
9554,0,3
9555,43,3
9556,0,3
9557,0,3
9558,0,3
9559,0,3
9560,0,3
9561,17,3
9562,21,5
9563,0,3
9564,0,3
9565,0,3
9566,1,3
9567,9,3
9568,0,3
9569,0,3
9570,13,5
9571,0,3
9572,7,3
9573,4,3
9574,14,4
9575,14,4
9576,4,3
9577,7,4
9578,0,3
9579,14,4
9580,0,3
9581,0,3
9582,0,3
9583,35,4
9584,9,3
9585,25,5
9586,0,3
9587,13,4
9588,10,5
9589,13,4
9590,18,3
9591,3,3
9592,5,4
9593,32,3
9594,0,3
9595,2,3
9596,0,3
9597,11,3
9598,0,3
9599,11,3
9600,16,4
9601,10,5
9602,0,3
9603,1,3
9604,2,3
9605,0,3
9606,1,3
9607,0,3
9608,34,6
9609,0,3
9610,6,4
9611,7,4
9612,5,3
9613,3,3
9614,0,3
9615,2,4
9616,0,3
9617,19,3
9618,0,3
9619,36,5
9620,0,3
9621,42,3
9622,0,3
9623,5,5
9624,0,3
9625,0,3
9626,18,3
9627,3,3
9628,6,3
9629,0,3
9630,0,3
9631,0,3
9632,2,3
9633,0,3
9634,0,3
9635,21,3
9636,1,3
9637,26,6
9638,31,4
9639,0,3
9640,33,4
9641,30,3
9642,4,3
9643,25,4
9644,45,4
9645,2,3
9646,0,3
9647,0,3
9648,5,3
9649,13,3
9650,0,3
9651,3,3
9652,0,3
9653,0,3
9654,1,3
9655,2,3
9656,0,3
9657,0,3
9658,5,3
9659,0,3
9660,0,3
9661,30,5
9662,0,3
9663,0,3
9664,2,3
9665,0,3
9666,2,3
9667,2,3
9668,11,4
9669,0,3
9670,0,3
9671,1,3
9672,10,3
9673,0,3
9674,1,3
9675,1,3
9676,0,3
9677,46,2
9678,1,3
9679,0,3
9680,0,3
9681,3,3
9682,0,3
9683,0,3
9684,0,3
9685,1,3
9686,5,5
9687,11,4
9688,24,6
9689,17,4
9690,5,4
9691,16,4
9692,1,3
9693,1,3
9694,17,5
9695,1,3
9696,0,3
9697,7,3
9698,11,4
9699,29,3
9700,9,3
9701,0,3
9702,0,3
9703,11,3
9704,0,3
9705,0,3
9706,52,3
9707,48,6
9708,0,3
9709,19,3
9710,27,7
9711,12,4
9712,4,3
9713,16,4
9714,2,3
9715,2,3
9716,40,5
9717,44,6
9718,9,4
9719,0,3
9720,33,5
9721,10,3
9722,10,4
9723,62,2
9724,11,4
9725,2,3
9726,45,4
9727,4,3
9728,45,5
9729,0,3
9730,0,3
9731,19,4
9732,6,5
9733,13,4
9734,1,3
9735,0,3
9736,1,3
9737,0,3
9738,28,5
9739,21,4
9740,0,3
9741,0,3
9742,1,3
9743,0,3
9744,0,3
9745,20,5
9746,2,3
9747,1,3
9748,14,5
9749,21,3
9750,0,3
9751,0,3
9752,0,3
9753,4,3
9754,0,3
9755,21,3
9756,24,3
9757,22,4
9758,37,5
9759,8,4
9760,14,4
9761,0,3
9762,0,3
9763,0,3
9764,4,3
9765,11,5
9766,36,4
9767,2,3
9768,0,3
9769,64,6
9770,0,3
9771,0,3
9772,2,3
9773,2,3
9774,0,3
9775,0,3
9776,10,3
9777,41,7
9778,15,3
9779,16,4
9780,1,3
9781,46,4
9782,2,3
9783,1,3
9784,12,4
9785,0,3
9786,10,3
9787,13,5
9788,7,5
9789,12,3
9790,0,3
9791,0,3
9792,11,4
9793,6,3
9794,13,5
9795,0,3
9796,3,3
9797,0,3
9798,12,3
9799,1,3
9800,24,3
9801,11,3
9802,0,3
9803,0,3
9804,0,3
9805,0,3
9806,7,3
9807,0,3
9808,7,3
9809,12,4
9810,4,3
9811,0,3
9812,0,3
9813,15,3
9814,0,3
9815,17,7
9816,3,3
9817,0,3
9818,0,3
9819,2,3
9820,23,3
9821,13,3
9822,33,4
9823,0,3
9824,0,3
9825,0,3
9826,26,4
9827,23,7
9828,0,3
9829,21,4
9830,1,3
9831,20,4
9832,0,3
9833,5,2
9834,20,5
9835,24,5
9836,0,3
9837,0,3
9838,0,3
9839,26,5
9840,0,3
9841,1,3
9842,11,3
9843,15,4
9844,0,3
9845,0,3
9846,0,3
9847,13,6
9848,0,3
9849,1,3
9850,0,3
9851,6,3
9852,1,3
9853,1,3
9854,26,6
9855,0,3
9856,0,3
9857,24,4
9858,0,3
9859,2,3
9860,0,3
9861,0,3
9862,1,3
9863,10,5
9864,0,3
9865,1,3
9866,0,3
9867,0,3
9868,32,5
9869,17,5
9870,0,3
9871,15,5
9872,31,3
9873,0,3
9874,1,3
9875,8,4
9876,0,3
9877,5,3
9878,1,3
9879,0,3
9880,11,4
9881,11,3
9882,8,3
9883,30,6
9884,0,3
9885,4,5
9886,7,4
9887,22,2
9888,21,5
9889,16,4
9890,0,3
9891,4,3
9892,29,5
9893,12,3
9894,2,3
9895,27,5
9896,0,3
9897,0,3
9898,2,3
9899,13,4
9900,3,3
9901,0,3
9902,1,3
9903,0,3
9904,17,3
9905,11,4
9906,10,4
9907,10,3
9908,0,3
9909,7,3
9910,26,4
9911,30,3
9912,0,3
9913,11,4
9914,0,3
9915,9,5
9916,0,3
9917,0,3
9918,13,4
9919,19,4
9920,11,3
9921,1,3
9922,6,5
9923,0,3
9924,23,8
9925,0,3
9926,56,3
9927,24,5
9928,7,5
9929,0,3
9930,1,3
9931,33,4
9932,39,5
9933,0,3
9934,12,4
9935,21,3
9936,0,3
9937,0,3
9938,0,3
9939,0,3
9940,40,2
9941,20,5
9942,41,6
9943,1,3
9944,0,3
9945,0,3
9946,18,4
9947,1,3
9948,0,3
9949,0,3
9950,9,3
9951,1,3
9952,0,3
9953,0,3
9954,0,3
9955,8,3
9956,8,4
9957,38,3
9958,0,3
9959,0,3
9960,2,3
9961,15,3
9962,0,3
9963,2,3
9964,1,3
9965,0,3
9966,0,3
9967,1,3
9968,13,2
9969,0,3
9970,14,3
9971,0,3
9972,0,3
9973,0,3
9974,6,3
9975,10,3
9976,29,5
9977,16,6
9978,32,4
9979,11,4
9980,1,3
9981,2,3
9982,8,5
9983,13,4
9984,1,3
9985,10,4
9986,24,6
9987,6,3
9988,12,4
9989,0,3
9990,4,3
9991,16,4
9992,12,3
9993,9,3
9994,0,3
9995,0,3
9996,1,3
9997,0,3
9998,17,5
9999,13,5
10000,55,5
10001,0,3
10002,2,3
10003,38,3
10004,0,3
10005,0,3
10006,3,5
10007,0,3
10008,24,4
10009,0,3
10010,0,3
10011,0,3
10012,4,3
10013,3,4
10014,0,3
10015,0,3
10016,0,3
10017,12,5
10018,17,4
10019,0,3
10020,0,3
10021,0,3
10022,22,4
10023,0,3
10024,0,3
10025,25,4
10026,12,3
10027,5,3
10028,1,3
10029,0,3
10030,0,3
10031,0,3
10032,10,4
10033,9,3
10034,0,3
10035,33,5
10036,0,3
10037,0,3
10038,12,3
10039,20,4
10040,24,4
10041,1,4
10042,17,6
10043,21,4
10044,55,3
10045,25,4
10046,2,3
10047,22,3
10048,1,3
10049,0,3
10050,0,3
10051,0,3
10052,30,4
10053,32,5
10054,9,4
10055,0,3
10056,2,3
10057,27,4
10058,11,3
10059,0,3
10060,0,3
10061,8,3
10062,0,3
10063,37,5
10064,10,3
10065,0,3
10066,18,5
10067,8,4
10068,1,3
10069,1,3
10070,26,5
10071,0,3
10072,6,4
10073,0,3
10074,0,3
10075,48,4
10076,12,4
10077,7,3
10078,5,3
10079,29,5
10080,24,5
10081,15,6
10082,18,4
10083,4,3
10084,0,3
10085,0,3
10086,5,4
10087,43,5
10088,6,5
10089,51,4
10090,0,3
10091,43,4
10092,18,5
10093,29,4
10094,2,3
10095,0,3
10096,0,3
10097,0,3
10098,7,4
10099,0,3
10100,8,3
10101,0,3
10102,12,5
10103,29,6
10104,0,3
10105,0,3
10106,1,3
10107,15,5
10108,0,3
10109,2,3
10110,0,3
10111,10,3
10112,4,3
10113,44,3
10114,19,4
10115,2,3
10116,41,4
10117,5,3
10118,28,4
10119,28,5
10120,5,3
10121,1,3
10122,18,4
10123,17,4
10124,8,4
10125,17,4
10126,24,6
10127,26,5
10128,12,4
10129,12,3
10130,0,3
10131,0,3
10132,0,3
10133,30,4
10134,9,6
10135,19,5
10136,1,3
10137,0,3
10138,0,3
10139,0,3
10140,21,4
10141,0,3
10142,0,3
10143,24,5
10144,8,4
10145,56,4
10146,0,3
10147,1,3
10148,30,5
10149,0,3
10150,15,4
10151,1,3
10152,12,4
10153,0,3
10154,21,2
10155,0,3
10156,0,3
10157,0,3
10158,17,5
10159,0,3
10160,15,3
10161,0,3
10162,14,4
10163,0,3
10164,6,3
10165,6,2
10166,9,3
10167,1,4
10168,8,3
10169,0,3
10170,2,3
10171,13,3
10172,0,3
10173,7,3
10174,0,3
10175,2,3
10176,18,6
10177,3,3
10178,0,3
10179,53,2
10180,10,5
10181,0,3
10182,21,3
10183,1,3
10184,25,3
10185,11,3
10186,2,3
10187,22,5
10188,13,4
10189,12,3
10190,9,5
10191,31,4
10192,1,3
10193,47,3
10194,0,3
10195,2,3
10196,3,3
10197,11,3
10198,0,3
10199,0,3
10200,8,4
10201,0,3
10202,19,4
10203,0,3
10204,3,3
10205,0,3
10206,33,6
10207,28,3
10208,6,3
10209,3,3
10210,1,3
10211,7,3
10212,7,3
10213,29,5
10214,0,3
10215,15,6
10216,14,3
10217,0,3
10218,15,4
10219,6,2
10220,15,4
10221,2,3
10222,20,3
10223,0,3
10224,90,3
10225,5,4
10226,0,3
10227,7,4
10228,0,3
10229,0,3
10230,0,3
10231,0,3
10232,19,4
10233,0,3
10234,0,3
10235,0,3
10236,6,3
10237,9,3
10238,1,3
10239,0,3
10240,0,3
10241,0,3
10242,6,3
10243,14,5
10244,0,3
10245,8,3
10246,78,5
10247,7,3
10248,5,3
10249,10,5
10250,0,3
10251,0,3
10252,31,4
10253,22,5
10254,15,3
10255,0,3
10256,0,3
10257,16,4
10258,0,3
10259,43,5
10260,46,4
10261,2,3
10262,0,3
10263,0,3
10264,4,2
10265,43,4
10266,0,3
10267,0,3
10268,24,2
10269,0,3
10270,4,3
10271,8,3
10272,13,5
10273,3,4
10274,0,3
10275,6,3
10276,0,3
10277,7,3
10278,14,4
10279,23,3
10280,0,3
10281,1,3
10282,11,3
10283,30,3
10284,0,3
10285,27,5
10286,11,4
10287,12,4
10288,33,4
10289,0,3
10290,15,4
10291,0,3
10292,0,3
10293,9,3
10294,0,3
10295,25,5
10296,8,6
10297,7,3
10298,0,3
10299,7,5
10300,1,3
10301,0,3
10302,27,5
10303,0,3
10304,0,3
10305,62,6
10306,3,3
10307,14,5
10308,7,3
10309,9,4
10310,20,4
10311,0,3
10312,0,3
10313,15,4
10314,0,3
10315,66,5
10316,0,3
10317,0,3
10318,0,3
10319,25,4
10320,8,3
10321,24,3
10322,1,3
10323,16,4
10324,11,4
10325,6,4
10326,1,3
10327,0,3
10328,0,3
10329,9,4
10330,22,4
10331,0,3
10332,0,3
10333,0,3
10334,0,3
10335,8,4
10336,0,3
10337,7,3
10338,0,3
10339,2,3
10340,26,4
10341,0,3
10342,55,5
10343,0,3
10344,21,4
10345,2,3
10346,0,3
10347,0,3
10348,1,3
10349,0,3
10350,9,4
10351,14,4
10352,3,3
10353,4,3
10354,14,4
10355,0,3
10356,0,3
10357,20,4
10358,8,4
10359,0,3
10360,2,3
10361,0,3
10362,0,3
10363,14,6
10364,0,3
10365,0,3
10366,13,5
10367,11,4
10368,11,2
10369,5,3
10370,1,3
10371,2,3
10372,13,4
10373,0,3
10374,26,6
10375,22,3
10376,7,4
10377,2,3
10378,3,3
10379,6,3
10380,0,3
10381,45,6
10382,9,3
10383,0,3
10384,2,3
10385,0,3
10386,10,4
10387,4,3
10388,0,3
10389,27,7
10390,0,3
10391,5,4
10392,10,4
10393,0,3
10394,0,3
10395,12,7
10396,18,4
10397,0,3
10398,6,3
10399,0,3
10400,0,3
10401,71,3
10402,29,2
10403,1,3
10404,6,3
10405,13,4
10406,6,4
10407,0,3
10408,15,4
10409,4,4
10410,0,3
10411,14,4
10412,0,3
10413,0,3
10414,11,3
10415,0,3
10416,35,4
10417,5,3
10418,8,4
10419,7,3
10420,0,3
10421,0,3
10422,1,3
10423,1,3
10424,3,3
10425,0,3
10426,43,4
10427,16,3
10428,33,3
10429,0,3
10430,0,3
10431,9,5
10432,0,3
10433,0,3
10434,0,3
10435,26,6
10436,11,4
10437,0,3
10438,0,3
10439,0,3
10440,20,4
10441,15,3
10442,11,3
10443,20,3
10444,10,3
10445,0,3
10446,1,3
10447,0,3
10448,7,4
10449,6,3
10450,41,6
10451,0,3
10452,6,3
10453,19,5
10454,26,3
10455,7,3
10456,7,3
10457,1,3
10458,23,5
10459,2,3
10460,5,4
10461,5,4
10462,0,3
10463,6,4
10464,4,3
10465,19,6
10466,0,3
10467,20,4
10468,32,5
10469,0,3
10470,3,3
10471,18,3
10472,14,5
10473,18,4
10474,1,4
10475,0,3
10476,6,3
10477,0,3
10478,25,5
10479,1,3
10480,25,4
10481,0,3
10482,0,3
10483,0,3
10484,0,3
10485,0,3
10486,0,3
10487,27,8
10488,15,4
10489,5,3
10490,0,3
10491,0,3
10492,5,3
10493,18,5
10494,0,3
10495,1,3
10496,17,4
10497,12,2
10498,22,4
10499,0,3
10500,45,2
10501,4,3
10502,8,3
10503,11,4
10504,0,3
10505,3,3
10506,0,3
10507,0,3
10508,3,3
10509,19,4
10510,0,3
10511,1,3
10512,0,3
10513,4,3
10514,0,3
10515,0,3
10516,1,3
10517,0,3
10518,1,3
10519,13,3
10520,0,3
10521,0,3
10522,0,3
10523,4,3
10524,0,3
10525,0,3
10526,20,4
10527,13,4
10528,21,5
10529,12,3
10530,27,3
10531,0,3
10532,0,3
10533,14,4
10534,13,4
10535,22,4
10536,9,3
10537,0,3
10538,0,3
10539,0,3
10540,0,3
10541,66,3
10542,0,3
10543,10,4
10544,4,3
10545,3,4
10546,19,5
10547,24,4
10548,3,3
10549,0,3
10550,0,3
10551,0,3
10552,10,4
10553,5,4
10554,0,3
10555,0,3
10556,3,3
10557,0,3
10558,0,3
10559,47,4
10560,0,3
10561,0,3
10562,16,3
10563,17,4
10564,6,3
10565,1,3
10566,18,5
10567,8,3
10568,17,3
10569,39,3
10570,0,3
10571,0,3
10572,0,3
10573,39,5
10574,7,5
10575,0,3
10576,0,3
10577,0,3
10578,15,3
10579,0,3
10580,20,6
10581,17,5
10582,18,4
10583,0,3
10584,0,3
10585,5,4
10586,47,5
10587,0,3
10588,3,3
10589,5,2
10590,10,4
10591,0,3
10592,1,3
10593,8,3
10594,2,3
10595,0,3
10596,11,5
10597,29,4
10598,40,5
10599,9,3
10600,2,3
10601,17,4
10602,0,3
10603,0,3
10604,20,4
10605,15,5
10606,1,3
10607,5,3
10608,0,3
10609,0,3
10610,22,3
10611,0,3
10612,1,3
10613,3,3
10614,31,4
10615,0,3
10616,14,4
10617,0,3
10618,0,3
10619,1,3
10620,0,3
10621,8,5
10622,16,4
10623,14,5
10624,8,4
10625,5,3
10626,0,3
10627,1,3
10628,1,4
10629,5,3
10630,12,3
10631,0,3
10632,0,3
10633,160,3
10634,0,3
10635,0,3
10636,17,6
10637,3,3
10638,6,3
10639,4,3
10640,0,3
10641,17,4
10642,0,3
10643,4,3
10644,1,3
10645,14,4
10646,3,3
10647,0,3
10648,69,7
10649,18,4
10650,22,2
10651,14,4
10652,51,8
10653,19,6
10654,1,3
10655,0,3
10656,6,4
10657,0,3
10658,0,3
10659,5,4
10660,0,3
10661,0,3
10662,0,3
10663,7,3
10664,0,3
10665,0,3
10666,11,5
10667,12,3
10668,0,3
10669,1,3
10670,14,3
10671,9,4
10672,1,3
10673,0,3
10674,10,3
10675,0,3
10676,27,4
10677,0,3
10678,4,6
10679,0,3
10680,8,3
10681,2,3
10682,1,3
10683,0,3
10684,17,3
10685,0,3
10686,69,5
10687,10,4
10688,1,3
10689,6,4
10690,5,3
10691,2,3
10692,8,3
10693,14,5
10694,17,4
10695,0,3
10696,0,3
10697,32,4
10698,19,5
10699,0,3
10700,7,4
10701,1,3
10702,8,4
10703,0,3
10704,18,5
10705,0,3
10706,5,4
10707,13,3
10708,0,3
10709,3,3
10710,0,3
10711,0,3
10712,20,4
10713,0,3
10714,6,3
10715,2,4
10716,5,3
10717,14,3
10718,7,3
10719,23,5
10720,15,3
10721,1,2
10722,2,3
10723,37,3
10724,40,4
10725,0,3
10726,0,3
10727,15,4
10728,7,3
10729,32,6
10730,2,3
10731,24,5
10732,6,3
10733,39,5
10734,12,5
10735,25,4
10736,61,4
10737,0,3
10738,0,3
10739,11,4
10740,21,4
10741,1,3
10742,48,4
10743,7,4
10744,27,5
10745,0,3
10746,0,3
10747,0,3
10748,0,3
10749,4,4
10750,0,3
10751,0,3
10752,0,3
10753,31,5
10754,0,3
10755,1,3
10756,30,2
10757,22,4
10758,12,3
10759,13,7
10760,0,3
10761,12,2
10762,17,4
10763,4,3
10764,35,6
10765,0,3
10766,0,3
10767,12,4
10768,46,6
10769,20,4
10770,3,3
10771,4,3
10772,2,3
10773,0,3
10774,0,3
10775,9,3
10776,0,3
10777,7,4
10778,36,4
10779,38,2
10780,12,4
10781,6,4
10782,26,6
10783,1,3
10784,7,4
10785,6,4
10786,0,3
10787,32,5
10788,24,5
10789,41,3
10790,33,5
10791,39,5
10792,16,5
10793,0,3
10794,0,3
10795,10,3
10796,10,3
10797,30,5
10798,0,3
10799,8,4
10800,0,3
10801,0,3
10802,11,4
10803,3,3
10804,41,3
10805,0,3
10806,1,3
10807,3,2
10808,6,3
10809,30,5
10810,3,3
10811,13,3
10812,11,3
10813,2,4
10814,8,3
10815,21,4
10816,23,4
10817,15,5
10818,3,3
10819,23,5
10820,3,3
10821,0,3
10822,2,3
10823,0,3
10824,0,3
10825,14,4
10826,0,3
10827,8,6
10828,0,3
10829,0,3
10830,0,3
10831,36,8
10832,11,4
10833,11,4
10834,0,3
10835,42,3
10836,0,3
10837,12,3
10838,0,3
10839,0,3
10840,0,3
10841,14,5
10842,0,3
10843,3,3
10844,43,6
10845,13,6
10846,11,5
10847,1,3
10848,0,3
10849,0,3
10850,24,2
10851,4,3
10852,3,3
10853,0,3
10854,0,3
10855,0,3
10856,5,3
10857,0,3
10858,2,3
10859,16,3
10860,0,3
10861,13,3
10862,0,3
10863,33,4
10864,4,4
10865,10,3
10866,0,3
10867,5,3
10868,26,4
10869,33,6
10870,24,4
10871,41,6
10872,0,3
10873,0,3
10874,0,3
10875,8,5
10876,38,4
10877,0,3
10878,0,3
10879,7,3
10880,0,3
10881,0,3
10882,0,3
10883,32,3
10884,79,5
10885,32,5
10886,0,3
10887,3,3
10888,0,3
10889,17,5
10890,3,3
10891,0,3
10892,28,6
10893,0,3
10894,4,4
10895,0,3
10896,15,3
10897,3,3
10898,36,3
10899,43,4
10900,6,3
10901,0,3
10902,0,3
10903,13,3
10904,8,3
10905,0,3
10906,24,4
10907,0,3
10908,25,5
10909,48,5
10910,21,4
10911,21,3
10912,12,4
10913,43,4
10914,8,3
10915,30,3
10916,1,3
10917,52,4
10918,3,3
10919,13,3
10920,40,6
10921,0,3
10922,6,3
10923,2,3
10924,1,3
10925,7,4
10926,0,3
10927,0,3
10928,0,3
10929,0,3
10930,18,4
10931,1,4
10932,0,3
10933,38,6
10934,44,1
10935,0,3
10936,26,4
10937,0,3
10938,0,3
10939,27,5
10940,18,5
10941,2,3
10942,13,3
10943,2,4
10944,36,4
10945,18,5
10946,0,3
10947,0,3
10948,0,3
10949,0,3
10950,0,3
10951,11,5
10952,13,3
10953,30,7
10954,0,3
10955,0,3
10956,0,3
10957,0,3
10958,0,3
10959,0,3
10960,0,3
10961,31,3
10962,38,6
10963,9,3
10964,0,3
10965,0,3
10966,0,3
10967,29,6
10968,0,3
10969,6,3
10970,16,3
10971,16,4
10972,30,6
10973,0,3
10974,0,3
10975,9,3
10976,0,3
10977,0,3
10978,0,3
10979,19,6
10980,0,3
10981,17,3
10982,7,3
10983,0,3
10984,73,9
10985,4,4
10986,0,3
10987,28,4
10988,14,3
10989,0,3
10990,10,4
10991,24,5
10992,0,3
10993,3,4
10994,34,6
10995,43,4
10996,0,3
10997,0,3
10998,21,4
10999,0,3
11000,0,3
11001,13,3
11002,13,4
11003,0,3
11004,0,3
11005,12,3
11006,3,3
11007,0,3
11008,0,3
11009,9,4
11010,12,4
11011,22,4
11012,50,3
11013,18,3
11014,0,3
11015,0,3
11016,0,3
11017,17,5
11018,0,3
11019,0,3
11020,0,3
11021,12,4
11022,0,3
11023,0,3
11024,0,3
11025,2,3
11026,0,3
11027,1,3
11028,0,3
11029,9,3
11030,0,3
11031,0,3
11032,16,4
11033,17,5
11034,0,3
11035,0,3
11036,0,3
11037,36,7
11038,0,3
11039,10,4
11040,1,3
11041,0,3
11042,0,3
11043,25,3
11044,8,3
11045,8,4
11046,10,4
11047,0,3
11048,0,3
11049,51,9
11050,36,7
11051,17,3
11052,0,3
11053,7,3
11054,11,3
11055,0,3
11056,26,4
11057,0,3
11058,2,3
11059,1,3
11060,10,4
11061,0,3
11062,0,3
11063,13,4
11064,11,3
11065,0,3
11066,0,3
11067,21,4
11068,0,3
11069,0,3
11070,2,3
11071,8,4
11072,54,6
11073,2,3
11074,5,2
11075,0,3
11076,10,5
11077,3,3
11078,0,3
11079,0,3
11080,22,6
11081,4,3
11082,2,3
11083,2,3
11084,20,4
11085,0,3
11086,43,4
11087,7,2
11088,0,3
11089,39,5
11090,0,3
11091,0,3
11092,0,3
11093,11,3
11094,7,3
11095,0,3
11096,0,3
11097,0,3
11098,0,3
11099,0,3
11100,9,4
11101,4,3
11102,26,5
11103,0,3
11104,0,3
11105,0,3
11106,10,6
11107,0,3
11108,0,3
11109,25,5
11110,3,4
11111,20,4
11112,28,5
11113,0,3
11114,0,3
11115,19,4
11116,17,5
11117,1,3
11118,1,3
11119,0,3
11120,0,3
11121,8,3
11122,2,3
11123,0,3
11124,40,3
11125,21,2
11126,40,3
11127,10,4
11128,0,3
11129,0,3
11130,1,3
11131,0,3
11132,0,3
11133,18,6
11134,24,5
11135,0,3
11136,8,5
11137,19,3
11138,0,3
11139,27,6
11140,11,6
11141,0,3
11142,60,7
11143,9,5
11144,4,3
11145,9,5
11146,47,6
11147,7,3
11148,0,3
11149,32,3
11150,14,3
11151,0,3
11152,0,3
11153,0,3
11154,41,8
11155,1,3
11156,10,5
11157,33,5
11158,0,3
11159,5,3
11160,4,3
11161,4,3
11162,32,4
11163,13,5
11164,12,5
11165,0,3
11166,0,3
11167,10,4
11168,0,3
11169,1,3
11170,0,3
11171,0,3
11172,0,3
11173,0,3
11174,19,3
11175,0,3
11176,0,3
11177,13,5
11178,15,3
11179,0,3
11180,0,3
11181,0,3
11182,0,3
11183,12,4
11184,0,3
11185,18,6
11186,2,3
11187,0,3
11188,11,5
11189,24,3
11190,46,7
11191,33,5
11192,19,5
11193,0,3
11194,0,3
11195,0,3
11196,16,5
11197,1,3
11198,16,5
11199,0,3
11200,0,3
11201,0,3
11202,9,2
11203,15,4
11204,2,3
11205,2,2
11206,50,3
11207,10,3
11208,0,3
11209,18,3
11210,20,4
11211,0,3
11212,9,3
11213,20,6
11214,0,3
11215,0,3
11216,5,3
11217,20,7
11218,3,3
11219,0,3
11220,1,3
11221,1,3
11222,0,3
11223,11,4
11224,2,3
11225,0,3
11226,1,3
11227,19,3
11228,12,3
11229,0,3
11230,0,3
11231,1,3
11232,3,3
11233,11,4
11234,0,3
11235,12,4
11236,1,3
11237,11,3
11238,0,3
11239,17,4
11240,6,4
11241,20,5
11242,29,4
11243,0,3
11244,13,4
11245,0,3
11246,0,3
11247,1,3
11248,16,4
11249,21,5
11250,9,3
11251,16,7
11252,9,4
11253,0,3
11254,1,3
11255,4,3
11256,1,3
11257,0,3
11258,3,3
11259,71,5
11260,0,3
11261,16,6
11262,0,3
11263,16,7
11264,1,3
11265,0,3
11266,0,3
11267,16,3
11268,16,6
11269,1,3
11270,21,7
11271,5,3
11272,5,3
11273,9,4
11274,0,3
11275,0,3
11276,5,4
11277,34,7
11278,3,3
11279,24,4
11280,22,5
11281,29,3
11282,0,3
11283,20,4
11284,2,3
11285,13,3
11286,4,4
11287,8,3
11288,0,3
11289,0,3
11290,5,2
11291,11,3
11292,21,3
11293,19,4
11294,0,3
11295,22,3
11296,0,3
11297,0,3
11298,0,3
11299,35,5
11300,45,3
11301,1,3
11302,4,3
11303,11,2
11304,19,3
11305,20,3
11306,2,3
11307,0,3
11308,8,3
11309,31,4
11310,25,5
11311,0,3
11312,33,6
11313,6,3
11314,0,3
11315,39,3
11316,0,3
11317,19,4
11318,36,3
11319,9,3
11320,0,3
11321,18,4
11322,10,5
11323,0,3
11324,17,6
11325,0,3
11326,0,3
11327,0,3
11328,0,3
11329,42,4
11330,10,3
11331,16,6
11332,20,4
11333,58,6
11334,0,3
11335,0,3
11336,0,3
11337,34,4
11338,0,3
11339,4,3
11340,1,3
11341,4,3
11342,6,4
11343,0,3
11344,0,3
11345,4,4
11346,11,6
11347,14,5
11348,4,4
11349,58,7
11350,0,3
11351,2,3
11352,45,6
11353,27,4
11354,0,3
11355,1,3
11356,1,3
11357,1,3
11358,0,3
11359,0,3
11360,20,4
11361,0,3
11362,12,5
11363,0,3
11364,0,3
11365,11,4
11366,0,3
11367,24,5
11368,8,3
11369,1,3
11370,0,3
11371,0,3
11372,34,2
11373,15,3
11374,4,3
11375,31,5
11376,9,3
11377,16,4
11378,4,2
11379,15,5
11380,13,5
11381,9,5
11382,5,3
11383,35,5
11384,11,3
11385,0,3
11386,0,3
11387,17,3
11388,34,4
11389,7,4
11390,5,3
11391,8,3
11392,5,3
11393,11,3
11394,0,3
11395,1,3
11396,0,3
11397,10,5
11398,37,8
11399,3,3
11400,0,3
11401,4,4
11402,10,3
11403,0,3
11404,12,4
11405,41,6
11406,0,3
11407,0,3
11408,0,3
11409,0,3
11410,10,6
11411,0,3
11412,25,6
11413,20,5
11414,0,3
11415,0,3
11416,13,4
11417,0,3
11418,0,3
11419,28,5
11420,11,5
11421,9,4
11422,0,3
11423,10,3
11424,3,3
11425,3,3
11426,15,4
11427,10,4
11428,24,3
11429,20,5
11430,0,3
11431,0,3
11432,4,3
11433,1,3
11434,2,3
11435,20,6
11436,0,3
11437,0,3
11438,15,5
11439,18,6
11440,11,4
11441,17,4
11442,8,4
11443,18,5
11444,1,3
11445,8,4
11446,21,5
11447,17,4
11448,29,5
11449,0,3
11450,0,3
11451,2,3
11452,0,3
11453,0,3
11454,3,3
11455,15,4
11456,16,4
11457,3,3
11458,0,3
11459,0,3
11460,0,3
11461,0,3
11462,4,4
11463,1,3
11464,14,4
11465,0,3
11466,5,3
11467,20,4
11468,5,3
11469,0,3
11470,4,3
11471,32,3
11472,0,3
11473,9,3
11474,0,3
11475,6,4
11476,3,3
11477,6,4
11478,16,4
11479,39,4
11480,0,3
11481,2,3
11482,3,3
11483,2,3
11484,0,3
11485,0,3
11486,0,3
11487,0,3
11488,0,3
11489,0,3
11490,4,3
11491,0,3
11492,0,3
11493,0,3
11494,1,3
11495,0,3
11496,7,4
11497,0,3
11498,0,3
11499,7,4
11500,17,4
11501,0,3
11502,5,3
11503,41,5
11504,31,4
11505,0,3
11506,6,3
11507,13,4
11508,0,3
11509,14,4
11510,34,6
11511,16,3
11512,28,5
11513,43,4
11514,4,2
11515,0,3
11516,8,3
11517,2,3
11518,0,3
11519,20,4
11520,37,6
11521,8,3
11522,0,3
11523,0,3
11524,0,3
11525,0,3
11526,9,4
11527,0,3
11528,2,3
11529,0,3
11530,14,2
11531,6,3
11532,0,3
11533,14,3
11534,0,3
11535,25,5
11536,13,3
11537,0,3
11538,10,4
11539,4,4
11540,0,3
11541,25,3
11542,26,5
11543,6,4
11544,14,4
11545,8,4
11546,26,4
11547,4,4
11548,41,4
11549,14,5
11550,0,3
11551,11,4
11552,0,3
11553,10,3
11554,0,3
11555,0,3
11556,62,5
11557,0,3
11558,0,3
11559,0,3
11560,0,3
11561,7,4
11562,18,4
11563,13,3
11564,0,3
11565,2,3
11566,0,3
11567,9,4
11568,0,3
11569,0,3
11570,0,3
11571,0,3
11572,20,3
11573,17,4
11574,0,3
11575,7,4
11576,6,3
11577,0,3
11578,6,3
11579,30,7
11580,0,3
11581,0,3
11582,18,4
11583,24,4
11584,20,3
11585,10,5
11586,1,3
11587,0,3
11588,6,3
11589,42,4
11590,5,3
11591,0,3
11592,0,3
11593,17,3
11594,32,6
11595,14,5
11596,28,4
11597,11,5
11598,4,3
11599,24,5
11600,0,3
11601,1,3
11602,22,3
11603,0,3
11604,8,4
11605,32,5
11606,0,3
11607,0,3
11608,6,3
11609,18,3
11610,10,5
11611,0,3
11612,0,3
11613,0,3
11614,19,4
11615,0,3
11616,0,3
11617,18,4
11618,9,3
11619,24,6
11620,0,3
11621,0,3
11622,0,3
11623,25,4
11624,19,5
11625,2,3
11626,16,4
11627,0,3
11628,1,3
11629,28,6
11630,0,3
11631,16,4
11632,7,3
11633,6,3
11634,2,3
11635,26,5
11636,19,6
11637,1,3
11638,11,4
11639,12,5
11640,2,3
11641,2,3
11642,0,3
11643,50,6
11644,0,3
11645,33,6
11646,5,3
11647,0,3
11648,39,7
11649,0,3
11650,54,4
11651,0,3
11652,5,3
11653,0,3
11654,14,5
11655,26,4
11656,39,2
11657,32,5
11658,0,3
11659,19,4
11660,0,3
11661,38,4
11662,0,3
11663,8,3
11664,54,5
11665,17,3
11666,11,3
11667,0,3
11668,0,3
11669,0,3
11670,15,5
11671,10,4
11672,8,4
11673,31,4
11674,8,5
11675,0,3
11676,34,6
11677,48,6
11678,0,3
11679,1,3
11680,0,3
11681,1,3
11682,23,5
11683,8,3
11684,0,3
11685,30,6
11686,0,3
11687,0,3
11688,0,3
11689,3,3
11690,0,3
11691,11,4
11692,9,5
11693,0,3
11694,0,3
11695,0,3
11696,3,3
11697,18,4
11698,0,3
11699,1,3
11700,4,3
11701,14,4
11702,27,5
11703,9,4
11704,61,4
11705,6,3
11706,0,3
11707,0,3
11708,2,3
11709,19,5
11710,0,3
11711,0,3
11712,0,3
11713,1,3
11714,0,3
11715,18,4
11716,5,4
11717,38,6
11718,37,4
11719,22,4
11720,46,6
11721,0,3
11722,18,5
11723,14,3
11724,1,3
11725,8,4
11726,7,3
11727,0,3
11728,17,6
11729,6,3
11730,0,3
11731,19,4
11732,2,3
11733,20,3
11734,29,7
11735,20,5
11736,0,3
11737,12,3
11738,0,3
11739,0,3
11740,10,3
11741,25,5
11742,23,6
11743,1,3
11744,0,3
11745,13,4
11746,0,3
11747,0,3
11748,25,4
11749,23,5
11750,4,3
11751,15,5
11752,16,4
11753,0,3
11754,15,4
11755,37,4
11756,6,4
11757,0,3
11758,0,3
11759,22,3
11760,10,4
11761,0,3
11762,1,3
11763,0,3
11764,24,3
11765,73,8
11766,0,3
11767,16,5
11768,7,4
11769,0,3
11770,13,5
11771,0,3
11772,15,5
11773,43,6
11774,30,5
11775,2,3
11776,8,2
11777,9,3
11778,1,3
11779,0,3
11780,0,3
11781,14,4
11782,14,4
11783,23,5
11784,0,3
11785,16,3
11786,2,3
11787,35,4
11788,11,4
11789,8,3
11790,1,3
11791,0,3
11792,0,3
11793,0,3
11794,8,3
11795,0,3
11796,12,4
11797,0,3
11798,16,4
11799,17,4
11800,12,4
11801,31,4
11802,0,3
11803,0,3
11804,0,3
11805,13,5
11806,0,3
11807,6,4
11808,0,3
11809,5,3
11810,17,4
11811,0,3
11812,9,4
11813,13,4
11814,6,3
11815,37,5
11816,18,3
11817,15,5
11818,28,5
11819,9,3
11820,36,4
11821,11,4
11822,0,3
11823,9,3
11824,0,3
11825,0,3
11826,0,3
11827,0,3
11828,0,3
11829,26,7
11830,0,3
11831,18,4
11832,0,3
11833,6,2
11834,0,3
11835,37,4
11836,0,3
11837,0,3
11838,5,3
11839,24,3
11840,7,4
11841,0,3
11842,38,6
11843,0,3
11844,7,3
11845,0,3
11846,1,3
11847,33,5
11848,0,3
11849,17,4
11850,9,3
11851,26,5
11852,17,4
11853,14,4
11854,0,3
11855,45,3
11856,39,4
11857,0,3
11858,12,4
11859,0,3
11860,0,3
11861,0,3
11862,3,3
11863,7,3
11864,0,3
11865,6,3
11866,4,3
11867,6,4
11868,24,5
11869,48,7
11870,15,3
11871,0,3
11872,0,3
11873,3,3
11874,15,4
11875,44,7
11876,15,4
11877,6,3
11878,3,4
11879,6,3
11880,0,3
11881,29,6
11882,51,7
11883,0,3
11884,29,4
11885,10,4
11886,27,7
11887,0,3
11888,19,4
11889,10,4
11890,0,3
11891,13,3
11892,0,3
11893,7,5
11894,9,3
11895,16,3
11896,5,4
11897,0,3
11898,16,4
11899,0,3
11900,0,3
11901,0,3
11902,5,3
11903,6,3
11904,7,3
11905,9,3
11906,43,7
11907,12,3
11908,35,7
11909,13,4
11910,1,3
11911,10,4
11912,32,4
11913,31,6
11914,5,3
11915,33,5
11916,31,6
11917,7,3
11918,36,6
11919,16,3
11920,14,3
11921,3,4
11922,12,5
11923,2,3
11924,0,3
11925,25,6
11926,6,4
11927,24,5
11928,9,4
11929,45,7
11930,24,5
11931,31,2
11932,0,3
11933,20,3
11934,38,7
11935,4,3
11936,4,4
11937,0,3
11938,0,3
11939,0,3
11940,1,3
11941,8,3
11942,2,3
11943,0,3
11944,0,3
11945,1,3
11946,26,8
11947,7,2
11948,2,3
11949,0,3
11950,7,4
11951,10,5
11952,32,7
11953,13,4
11954,19,6
11955,1,3
11956,23,6
11957,2,3
11958,4,3
11959,8,4
11960,57,6
11961,0,3
11962,0,3
11963,38,3
11964,16,6
11965,1,3
11966,5,3
11967,0,3
11968,19,4
11969,0,3
11970,0,3
11971,16,4
11972,0,3
11973,8,5
11974,50,4
11975,15,6
11976,18,3
11977,23,5
11978,24,3
11979,12,5
11980,0,3
11981,0,3
11982,0,3
11983,0,3
11984,21,5
11985,48,8
11986,1,3
11987,0,3
11988,40,4
11989,20,7
11990,8,3
11991,0,3
11992,7,4
11993,7,3
11994,0,3
11995,0,3
11996,0,3
11997,0,3
11998,1,3
11999,2,3
12000,22,5
12001,0,3
12002,9,4
12003,1,3
12004,0,3
12005,54,7
12006,0,3
12007,33,6
12008,11,4
12009,3,3
12010,7,4
12011,0,3
12012,14,4
12013,0,3
12014,0,3
12015,0,3
12016,1,3
12017,1,3
12018,12,4
12019,0,3
12020,40,7
12021,8,5
12022,37,6
12023,29,7
12024,4,3
12025,10,3
12026,68,6
12027,62,4
12028,0,3
12029,9,3
12030,0,3
12031,26,5
12032,26,5
12033,52,5
12034,20,6
12035,13,4
12036,20,3
12037,22,3
12038,0,3
12039,0,3
12040,2,3
12041,0,3
12042,3,3
12043,6,3
12044,0,3
12045,0,3
12046,0,3
12047,0,3
12048,17,5
12049,78,11
12050,7,4
12051,0,3
12052,17,3
12053,0,3
12054,19,3
12055,0,3
12056,26,5
12057,10,4
12058,10,4
12059,27,5
12060,0,3
12061,24,5
12062,6,4
12063,16,5
12064,5,4
12065,17,4
12066,3,3
12067,0,3
12068,2,3
12069,44,4
12070,7,3
12071,0,3
12072,4,4
12073,1,3
12074,0,3
12075,1,3
12076,0,3
12077,0,3
12078,3,3
12079,28,4
12080,20,3
12081,0,3
12082,0,3
12083,6,4
12084,6,5
12085,0,3
12086,0,3
12087,25,4
12088,27,5
12089,2,3
12090,2,3
12091,22,4
12092,4,3
12093,36,6
12094,0,3
12095,8,4
12096,0,3
12097,0,3
12098,5,3
12099,0,3
12100,0,3
12101,15,3
12102,5,3
12103,27,5
12104,0,3
12105,34,4
12106,0,3
12107,17,4
12108,1,3
12109,25,3
12110,22,3
12111,6,3
12112,17,4
12113,23,4
12114,8,4
12115,0,3
12116,7,3
12117,0,3
12118,33,4
12119,25,3
12120,57,7
12121,0,3
12122,6,3
12123,9,5
12124,0,3
12125,2,3
12126,0,3
12127,5,3
12128,0,3
12129,20,5
12130,5,3
12131,1,3
12132,10,3
12133,32,5
12134,0,3
12135,22,5
12136,12,5
12137,26,4
12138,0,3
12139,3,4
12140,20,5
12141,0,3
12142,0,3
12143,1,3
12144,5,3
12145,16,6
12146,0,3
12147,36,7
12148,22,5
12149,0,3
12150,0,3
12151,0,3
12152,0,3
12153,56,5
12154,32,6
12155,36,5
12156,0,3
12157,0,3
12158,0,3
12159,21,3
12160,5,4
12161,1,3
12162,1,3
12163,0,3
12164,4,4
12165,0,3
12166,59,3
12167,0,3
12168,35,5
12169,0,3
12170,0,3
12171,1,3
12172,0,3
12173,33,4
12174,16,3
12175,3,3
12176,60,7
12177,18,5
12178,24,4
12179,1,3
12180,0,3
12181,0,3
12182,15,4
12183,0,3
12184,11,3
12185,0,3
12186,20,5
12187,22,4
12188,3,3
12189,22,3
12190,6,3
12191,0,3
12192,24,5
12193,2,3
12194,9,4
12195,0,3
12196,22,2
12197,19,3
12198,23,3
12199,71,3
12200,35,5
12201,14,5
12202,3,4
12203,0,3
12204,16,3
12205,16,5
12206,0,3
12207,8,4
12208,39,3
12209,1,3
12210,0,3
12211,0,3
12212,0,3
12213,25,6
12214,66,5
12215,0,3
12216,0,3
12217,0,3
12218,15,5
12219,2,3
12220,2,3
12221,3,3
12222,0,3
12223,14,3
12224,24,4
12225,1,3
12226,15,3
12227,13,6
12228,12,3
12229,23,5
12230,28,5
12231,5,3
12232,0,3
12233,24,6
12234,35,5
12235,0,3
12236,0,3
12237,2,3
12238,0,3
12239,7,3
12240,38,7
12241,16,5
12242,0,3
12243,11,5
12244,3,3
12245,18,4
12246,2,3
12247,32,4
12248,7,4
12249,0,3
12250,1,3
12251,0,3
12252,32,5
12253,0,3
12254,22,4
12255,3,3
12256,26,6
12257,0,3
12258,14,4
12259,5,3
12260,12,3
12261,0,3
12262,35,7
12263,0,3
12264,0,3
12265,9,5
12266,8,3
12267,10,3
12268,0,3
12269,21,4
12270,18,4
12271,1,3
12272,40,4
12273,37,7
12274,6,4
12275,0,3
12276,25,5
12277,0,3
12278,17,4
12279,17,4
12280,1,3
12281,32,8
12282,0,3
12283,0,3
12284,0,3
12285,6,3
12286,18,4
12287,1,3
12288,6,4
12289,0,3
12290,48,6
12291,18,4
12292,8,3
12293,2,3
12294,0,3
12295,0,3
12296,21,6
12297,36,3
12298,0,3
12299,11,3
12300,7,4
12301,0,3
12302,8,4
12303,0,3
12304,0,3
12305,18,6
12306,39,7
12307,24,4
12308,0,3
12309,0,3
12310,1,3
12311,0,3
12312,0,3
12313,0,3
12314,24,5
12315,9,5
12316,14,4
12317,0,3
12318,47,6
12319,1,3
12320,49,5
12321,21,4
12322,1,3
12323,28,5
12324,13,4
12325,0,3
12326,26,4
12327,19,5
12328,9,2
12329,29,4
12330,21,6
12331,0,3
12332,52,3
12333,2,3
12334,24,4
12335,0,3
12336,2,3
12337,0,3
12338,11,3
12339,11,4
12340,0,3
12341,12,5
12342,4,3
12343,15,6
12344,0,3
12345,0,3
12346,65,3
12347,0,3
12348,30,6
12349,28,5
12350,6,3
12351,0,3
12352,7,3
12353,0,3
12354,19,4
12355,0,3
12356,0,3
12357,34,4
12358,0,3
12359,0,3
12360,0,3
12361,0,3
12362,17,5
12363,8,4
12364,0,3
12365,0,3
12366,25,7
12367,0,3
12368,7,4
12369,1,4
12370,7,4
12371,2,3
12372,0,3
12373,0,3
12374,0,3
12375,28,4
12376,26,4
12377,1,3
12378,1,3
12379,36,5
12380,4,3
12381,0,3
12382,16,5
12383,0,3
12384,8,3
12385,0,3
12386,0,3
12387,31,4
12388,41,5
12389,0,3
12390,0,3
12391,13,5
12392,0,3
12393,12,5
12394,4,3
12395,34,6
12396,4,4
12397,48,5
12398,0,3
12399,3,3
12400,41,4
12401,0,3
12402,0,3
12403,8,2
12404,13,4
12405,25,6
12406,1,3
12407,30,5
12408,10,5
12409,8,3
12410,5,4
12411,20,5
12412,36,8
12413,3,3
12414,26,4
12415,23,6
12416,7,4
12417,0,3
12418,40,7
12419,1,3
12420,0,3
12421,0,3
12422,0,3
12423,20,3
12424,8,3
12425,12,4
12426,43,2
12427,0,3
12428,6,4
12429,4,4
12430,27,5
12431,4,4
12432,1,3
12433,0,3
12434,0,3
12435,28,6
12436,0,3
12437,1,3
12438,2,3
12439,58,6
12440,24,3
12441,30,4
12442,6,4
12443,0,3
12444,16,4
12445,0,3
12446,18,3
12447,9,3
12448,0,3
12449,26,6
12450,0,3
12451,20,6
12452,8,5
12453,35,5
12454,0,3
12455,1,3
12456,23,5
12457,29,6
12458,0,3
12459,16,5
12460,17,4
12461,11,3
12462,20,5
12463,1,3
12464,12,4
12465,8,4
12466,0,3
12467,7,3
12468,18,7
12469,5,4
12470,0,3
12471,49,5
12472,2,3
12473,20,3
12474,23,5
12475,0,3
12476,3,3
12477,26,3
12478,27,7
12479,45,8
12480,40,5
12481,14,3
12482,0,3
12483,0,3
12484,47,3
12485,0,3
12486,0,3
12487,9,4
12488,6,3
12489,0,3
12490,6,4
12491,0,3
12492,5,3
12493,0,3
12494,0,3
12495,20,3
12496,33,6
12497,32,5
12498,34,4
12499,15,5
12500,0,3
12501,19,4
12502,23,5
12503,27,6
12504,0,3
12505,1,3
12506,12,5
12507,16,5
12508,12,4
12509,0,3
12510,2,4
12511,0,3
12512,7,4
12513,6,5
12514,7,4
12515,8,3
12516,6,4
12517,0,3
12518,0,3
12519,0,3
12520,33,7
12521,24,3
12522,20,5
12523,0,3
12524,0,3
12525,0,3
12526,0,3
12527,0,3
12528,28,6
12529,0,3
12530,13,5
12531,75,6
12532,0,3
12533,0,3
12534,28,8
12535,0,3
12536,43,5
12537,11,3
12538,53,4
12539,0,3
12540,144,6
12541,3,3
12542,2,3
12543,27,4
12544,0,3
12545,15,6
12546,11,5
12547,45,7
12548,14,4
12549,7,5
12550,4,3
12551,0,3
12552,3,3
12553,0,3
12554,0,3
12555,0,3
12556,0,3
12557,11,4
12558,4,3
12559,1,3
12560,0,3
12561,28,4
12562,0,3
12563,0,3
12564,30,6
12565,0,3
12566,0,3
12567,48,6
12568,19,5
12569,32,4
12570,59,5
12571,18,4
12572,11,3
12573,0,3
12574,21,5
12575,0,3
12576,0,3
12577,0,3
12578,0,3
12579,15,5
12580,11,4
12581,0,3
12582,0,3
12583,0,3
12584,61,4
12585,4,3
12586,0,3
12587,0,3
12588,0,3
12589,95,4
12590,0,3
12591,0,3
12592,66,10
12593,24,5
12594,9,3
12595,15,3
12596,0,3
12597,0,3
12598,16,3
12599,25,4
12600,16,4
12601,1,3
12602,1,4
12603,3,3
12604,0,3
12605,23,5
12606,26,5
12607,2,3
12608,38,7
12609,2,3
12610,0,3
12611,0,3
12612,13,4
12613,7,4
12614,1,3
12615,64,5
12616,0,3
12617,0,3
12618,74,4
12619,0,3
12620,0,3
12621,27,3
12622,0,3
12623,20,5
12624,35,4
12625,0,3
12626,0,3
12627,58,4
12628,32,5
12629,15,3
12630,30,5
12631,0,3
12632,1,3
12633,0,3
12634,23,3
12635,33,4
12636,0,3
12637,0,3
12638,8,4
12639,0,3
12640,22,5
12641,0,3
12642,0,3
12643,26,6
12644,0,3
12645,27,6
12646,14,4
12647,0,3
12648,19,4
12649,4,3
12650,7,3
12651,5,4
12652,3,3
12653,1,3
12654,13,6
12655,27,4
12656,63,7
12657,0,3
12658,18,8
12659,0,3
12660,32,4
12661,20,5
12662,1,3
12663,4,3
12664,0,3
12665,0,3
12666,0,3
12667,19,3
12668,13,4
12669,40,6
12670,0,3
12671,24,5
12672,54,6
12673,6,3
12674,11,3
12675,14,4
12676,0,3
12677,0,3
12678,0,3
12679,0,3
12680,6,5
12681,1,3
12682,0,3
12683,11,4
12684,3,3
12685,21,4
12686,0,3
12687,13,2
12688,11,3
12689,6,4
12690,0,3
12691,10,3
12692,0,3
12693,6,4
12694,3,4
12695,40,4
12696,0,3
12697,5,3
12698,1,3
12699,14,4
12700,33,7
12701,0,3
12702,17,6
12703,18,3
12704,0,3
12705,5,3
12706,13,6
12707,5,3
12708,0,3
12709,13,4
12710,18,4
12711,0,3
12712,0,3
12713,15,4
12714,37,6
12715,13,3
12716,2,3
12717,3,4
12718,0,3
12719,0,3
12720,36,5
12721,0,3
12722,0,3
12723,12,4
12724,0,3
12725,0,3
12726,0,3
12727,18,5
12728,0,3
12729,38,5
12730,0,3
12731,26,6
12732,9,5
12733,8,3
12734,10,4
12735,59,5
12736,19,4
12737,0,3
12738,26,6
12739,42,7
12740,8,4
12741,0,3
12742,0,3
12743,0,3
12744,0,3
12745,7,3
12746,24,4
12747,11,3
12748,14,5
12749,16,3
12750,22,3
12751,18,3
12752,0,3
12753,30,6
12754,8,3
12755,4,3
12756,0,3
12757,6,3
12758,0,3
12759,7,3
12760,0,3
12761,0,3
12762,30,4
12763,0,3
12764,0,3
12765,17,5
12766,0,3
12767,12,4
12768,0,3
12769,7,5
12770,0,3
12771,17,4
12772,50,7
12773,8,3
12774,6,3
12775,47,8
12776,1,4
12777,28,4
12778,0,3
12779,55,5
12780,34,6
12781,10,3
12782,46,4
12783,25,4
12784,9,5
12785,62,6
12786,21,3
12787,16,4
12788,18,5
12789,0,3
12790,0,3
12791,0,3
12792,0,3
12793,0,3
12794,0,3
12795,0,3
12796,16,4
12797,0,3
12798,6,4
12799,30,4
12800,0,3
12801,49,3
12802,0,3
12803,13,5
12804,27,4
12805,25,7
12806,13,4
12807,33,5
12808,0,3
12809,0,3
12810,15,4
12811,0,3
12812,0,3
12813,0,3
12814,8,3
12815,4,3
12816,0,3
12817,36,7
12818,11,5
12819,0,3
12820,43,6
12821,0,3
12822,0,3
12823,15,6
12824,2,3
12825,22,4
12826,35,5
12827,15,6
12828,7,4
12829,0,3
12830,0,3
12831,0,3
12832,13,3
12833,4,3
12834,0,3
12835,7,3
12836,31,6
12837,39,5
12838,0,3
12839,0,3
12840,9,4
12841,14,5
12842,0,3
12843,1,3
12844,0,3
12845,8,4
12846,1,3
12847,32,7
12848,73,4
12849,81,5
12850,0,3
12851,32,5
12852,14,3
12853,22,3
12854,43,5
12855,0,3
12856,2,3
12857,25,4
12858,0,3
12859,10,4
12860,9,4
12861,3,3
12862,17,5
12863,0,3
12864,2,3
12865,0,3
12866,0,3
12867,0,3
12868,0,3
12869,7,4
12870,0,3
12871,14,4
12872,0,3
12873,0,3
12874,5,3
12875,33,7
12876,5,2
12877,4,3
12878,8,3
12879,26,6
12880,1,3
12881,0,3
12882,38,5
12883,0,3
12884,0,3
12885,1,3
12886,11,5
12887,10,4
12888,0,3
12889,13,5
12890,16,4
12891,27,3
12892,0,3
12893,4,4
12894,9,5
12895,17,7
12896,26,3
12897,3,4
12898,0,3
12899,0,3
12900,1,3
12901,3,3
12902,8,4
12903,0,3
12904,1,3
12905,31,3
12906,24,5
12907,18,3
12908,0,3
12909,26,6
12910,16,4
12911,74,5
12912,1,3
12913,5,4
12914,20,5
12915,0,3
12916,5,4
12917,8,5
12918,0,3
12919,10,3
12920,1,3
12921,0,3
12922,0,3
12923,0,3
12924,4,3
12925,10,3
12926,0,3
12927,0,3
12928,62,5
12929,0,3
12930,8,3
12931,25,4
12932,1,3
12933,55,4
12934,20,6
12935,26,5
12936,0,3
12937,8,3
12938,0,3
12939,33,6
12940,3,4
12941,0,3
12942,67,4
12943,71,7
12944,0,3
12945,0,3
12946,24,5
12947,8,4
12948,67,4
12949,14,5
12950,9,5
12951,19,6
12952,36,6
12953,13,4
12954,25,4
12955,13,5
12956,52,3
12957,40,5
12958,4,3
12959,3,4
12960,0,3
12961,0,3
12962,6,3
12963,19,6
12964,0,3
12965,3,3
12966,0,3
12967,5,4
12968,14,4
12969,0,3
12970,31,5
12971,0,3
12972,18,6
12973,30,3
12974,22,4
12975,5,3
12976,2,3
12977,0,3
12978,8,3
12979,4,4
12980,5,3
12981,3,3
12982,0,3
12983,8,3
12984,61,8
12985,15,5
12986,0,3
12987,26,5
12988,28,9
12989,30,4
12990,0,3
12991,0,3
12992,2,3
12993,0,3
12994,25,5
12995,2,3
12996,12,4
12997,8,3
12998,0,3
12999,2,3
13000,24,4
13001,0,3
13002,0,3
13003,42,7
13004,5,3
13005,0,3
13006,0,3
13007,0,3
13008,0,3
13009,20,5
13010,0,3
13011,0,3
13012,0,3
13013,22,4
13014,35,7
13015,10,3
13016,0,3
13017,23,5
13018,3,3
13019,1,3
13020,3,3
13021,10,2
13022,7,3
13023,0,3
13024,0,3
13025,0,3
13026,0,3
13027,0,3
13028,0,3
13029,14,4
13030,16,6
13031,0,3
13032,9,3
13033,5,3
13034,14,4
13035,0,3
13036,11,3
13037,10,4
13038,0,3
13039,5,3
13040,51,2
13041,22,3
13042,7,4
13043,37,4
13044,11,3
13045,17,4
13046,1,3
13047,0,3
13048,0,3
13049,0,3
13050,0,3
13051,7,3
13052,1,3
13053,34,5
13054,8,4
13055,0,3
13056,0,3
13057,26,6
13058,22,6
13059,1,3
13060,0,3
13061,0,3
13062,0,3
13063,0,3
13064,0,3
13065,1,2
13066,0,3
13067,5,4
13068,0,3
13069,40,3
13070,7,4
13071,0,3
13072,0,3
13073,25,5
13074,36,4
13075,13,4
13076,5,4
13077,22,4
13078,0,3
13079,0,3
13080,0,3
13081,38,5
13082,0,3
13083,12,6
13084,14,4
13085,85,7
13086,16,5
13087,0,3
13088,0,3
13089,6,3
13090,0,3
13091,13,4
13092,0,3
13093,3,3
13094,20,3
13095,15,4
13096,0,3
13097,13,5
13098,3,3
13099,28,4
13100,0,3
13101,60,6
13102,0,3
13103,0,3
13104,0,3
13105,9,4
13106,35,3
13107,41,6
13108,22,4
13109,51,4
13110,0,3
13111,0,3
13112,2,3
13113,17,5
13114,0,3
13115,5,4
13116,0,3
13117,19,4
13118,6,4
13119,32,5
13120,13,4
13121,0,3
13122,27,4
13123,73,6
13124,0,3
13125,0,3
13126,0,3
13127,26,5
13128,56,3
13129,1,3
13130,6,5
13131,9,2
13132,10,3
13133,26,4
13134,2,3
13135,8,3
13136,50,5
13137,0,3
13138,5,3
13139,48,4
13140,0,3
13141,66,8
13142,21,4
13143,0,3
13144,0,3
13145,3,3
13146,0,3
13147,26,6
13148,0,3
13149,14,3
13150,36,7
13151,39,6
13152,7,4
13153,11,5
13154,47,5
13155,0,3
13156,16,2
13157,28,4
13158,16,5
13159,110,6
13160,4,3
13161,0,3
13162,22,6
13163,4,3
13164,0,3
13165,0,3
13166,6,4
13167,37,6
13168,59,7
13169,12,5
13170,2,4
13171,12,2
13172,0,3
13173,9,4
13174,23,3
13175,32,4
13176,7,3
13177,0,3
13178,2,4
13179,28,5
13180,37,6
13181,0,3
13182,34,5
13183,0,3
13184,9,4
13185,0,3
13186,0,3
13187,0,3
13188,14,6
13189,12,4
13190,12,4
13191,1,4
13192,52,7
13193,3,3
13194,49,6
13195,0,3
13196,28,5
13197,8,3
13198,0,3
13199,77,6
13200,14,4
13201,0,3
13202,26,5
13203,23,4
13204,0,3
13205,0,3
13206,24,5
13207,29,5
13208,37,4
13209,0,3
13210,20,5
13211,1,3
13212,6,4
13213,7,2
13214,2,3
13215,22,4
13216,3,3
13217,0,3
13218,9,4
13219,0,3
13220,0,3
13221,26,6
13222,64,7
13223,14,2
13224,1,3
13225,0,3
13226,9,3
13227,18,3
13228,54,5
13229,11,3
13230,0,3
13231,0,3
13232,41,6
13233,0,3
13234,0,3
13235,0,3
13236,27,7
13237,18,4
13238,0,3
13239,0,3
13240,0,3
13241,32,6
13242,9,4
13243,34,6
13244,8,4
13245,0,3
13246,2,3
13247,4,3
13248,0,3
13249,22,3
13250,0,3
13251,0,3
13252,0,3
13253,0,3
13254,25,6
13255,15,4
13256,30,4
13257,0,3
13258,0,3
13259,0,3
13260,0,3
13261,16,3
13262,2,3
13263,27,6
13264,0,3
13265,5,3
13266,11,5
13267,0,3
13268,4,5
13269,0,3
13270,0,3
13271,0,3
13272,1,3
13273,14,4
13274,0,3
13275,0,3
13276,50,5
13277,9,4
13278,8,3
13279,52,3
13280,0,3
13281,43,3
13282,0,3
13283,21,5
13284,0,3
13285,23,5
13286,0,3
13287,21,5
13288,0,3
13289,19,3
13290,17,5
13291,1,3
13292,8,4
13293,5,3
13294,8,3
13295,0,3
13296,17,4
13297,24,3
13298,0,3
13299,41,5
13300,0,3
13301,0,3
13302,42,9
13303,8,4
13304,42,2
13305,44,5
13306,0,3
13307,31,5
13308,0,3
13309,30,5
13310,17,7
13311,0,3
13312,0,3
13313,12,3
13314,30,7
13315,51,5
13316,0,3
13317,17,3
13318,8,3
13319,0,3
13320,13,3
13321,55,7
13322,20,4
13323,0,3
13324,0,3
13325,42,10
13326,0,3
13327,14,4
13328,1,3
13329,47,4
13330,0,3
13331,0,3
13332,9,3
13333,0,3
13334,43,7
13335,23,5
13336,1,3
13337,6,4
13338,9,3
13339,12,5
13340,0,3
13341,0,3
13342,0,3
13343,3,3
13344,0,3
13345,0,3
13346,16,4
13347,10,3
13348,7,6
13349,25,3
13350,11,3
13351,5,3
13352,12,5
13353,8,4
13354,13,3
13355,6,3
13356,0,3
13357,0,3
13358,7,4
13359,0,3
13360,21,2
13361,25,4
13362,9,3
13363,0,3
13364,0,3
13365,0,3
13366,0,3
13367,30,5
13368,26,7
13369,6,3
13370,0,3
13371,4,4
13372,43,5
13373,0,3
13374,10,4
13375,0,3
13376,15,4
13377,33,6
13378,25,4
13379,9,4
13380,0,3
13381,68,6
13382,0,3
13383,0,3
13384,5,3
13385,0,3
13386,0,3
13387,6,4
13388,0,3
13389,18,4
13390,0,3
13391,18,4
13392,0,3
13393,2,3
13394,0,3
13395,0,3
13396,0,3
13397,10,3
13398,0,3
13399,8,5
13400,14,6
13401,19,3
13402,3,3
13403,0,3
13404,0,3
13405,0,3
13406,4,3
13407,30,6
13408,13,4
13409,12,5
13410,1,3
13411,48,7
13412,0,3
13413,0,3
13414,0,3
13415,0,3
13416,0,3
13417,14,5
13418,0,3
13419,0,3
13420,7,3
13421,0,3
13422,0,3
13423,14,3
13424,0,3
13425,6,3
13426,18,6
13427,6,3
13428,6,4
13429,60,4
13430,21,5
13431,16,5
13432,49,4
13433,16,6
13434,30,3
13435,31,6
13436,16,4
13437,15,4
13438,1,3
13439,40,5
13440,15,4
13441,5,4
13442,21,6
13443,31,4
13444,0,3
13445,0,3
13446,7,3
13447,0,3
13448,16,5
13449,30,5
13450,43,8
13451,0,3
13452,44,4
13453,0,3
13454,35,5
13455,0,3
13456,0,3
13457,20,6
13458,0,3
13459,0,3
13460,12,4
13461,0,3
13462,0,3
13463,23,4
13464,18,5
13465,35,7
13466,0,3
13467,19,3
13468,34,4
13469,0,3
13470,19,7
13471,16,4
13472,9,4
13473,0,3
13474,0,3
13475,0,3
13476,14,4
13477,19,6
13478,4,4
13479,0,3
13480,37,4
13481,0,3
13482,43,4
13483,0,3
13484,11,5
13485,41,4
13486,26,8
13487,11,3
13488,15,4
13489,0,3
13490,0,3
13491,0,3
13492,0,3
13493,46,5
13494,3,4
13495,30,4
13496,36,5
13497,0,3
13498,38,5
13499,7,3
13500,0,3
13501,4,3
13502,8,3
13503,0,3
13504,49,7
13505,0,3
13506,30,5
13507,27,4
13508,16,4
13509,42,5
13510,0,3
13511,0,3
13512,18,5
13513,2,3
13514,0,3
13515,0,3
13516,16,4
13517,0,3
13518,7,3
13519,24,5
13520,7,2
13521,0,3
13522,16,5
13523,13,5
13524,24,8
13525,0,3
13526,0,3
13527,15,3
13528,0,3
13529,7,3
13530,0,3
13531,0,3
13532,67,8
13533,1,3
13534,25,5
13535,18,3
13536,6,3
13537,7,4
13538,0,3
13539,33,5
13540,6,3
13541,9,4
13542,0,3
13543,21,7
13544,0,3
13545,2,3
13546,7,3
13547,36,7
13548,0,3
13549,0,3
13550,0,3
13551,13,4
13552,11,3
13553,81,3
13554,23,6
13555,30,4
13556,20,6
13557,40,4
13558,4,3
13559,0,3
13560,29,5
13561,17,3
13562,0,3
13563,0,3
13564,0,3
13565,17,5
13566,12,5
13567,0,3
13568,8,3
13569,28,5
13570,0,3
13571,46,5
13572,18,5
13573,13,5
13574,26,6
13575,4,4
13576,15,5
13577,22,7
13578,0,3
13579,27,3
13580,0,3
13581,29,5
13582,2,5
13583,1,3
13584,8,4
13585,1,3
13586,3,4
13587,0,3
13588,0,3
13589,21,5
13590,32,5
13591,2,3
13592,4,3
13593,0,3
13594,23,7
13595,34,4
13596,0,3
13597,0,3
13598,8,4
13599,0,3
13600,0,3
13601,9,4
13602,0,3
13603,0,3
13604,26,5
13605,10,3
13606,28,4
13607,0,3
13608,0,3
13609,0,3
13610,0,3
13611,0,3
13612,0,3
13613,0,3
13614,0,3
13615,41,4
13616,28,5
13617,11,6
13618,21,3
13619,0,3
13620,1,3
13621,22,6
13622,1,3
13623,0,3
13624,3,3
13625,14,4
13626,26,4
13627,6,3
13628,0,3
13629,0,3
13630,13,4
13631,15,4
13632,0,3
13633,5,3
13634,12,4
13635,26,5
13636,5,4
13637,0,3
13638,2,3
13639,22,6
13640,16,5
13641,8,5
13642,0,3
13643,0,3
13644,20,4
13645,21,6
13646,6,4
13647,0,3
13648,11,3
13649,30,5
13650,1,3
13651,13,4
13652,0,3
13653,1,3
13654,14,3
13655,0,3
13656,12,3
13657,60,9
13658,0,3
13659,0,3
13660,41,4
13661,0,3
13662,5,4
13663,49,7
13664,0,3
13665,0,3
13666,15,3
13667,23,5
13668,18,4
13669,69,6
13670,27,4
13671,0,3
13672,11,4
13673,7,4
13674,0,3
13675,0,3
13676,7,4
13677,19,5
13678,14,5
13679,0,3
13680,11,4
13681,6,3
13682,0,3
13683,19,3
13684,1,3
13685,0,3
13686,12,3
13687,0,3
13688,6,3
13689,0,3
13690,0,3
13691,0,3
13692,43,5
13693,29,5
13694,0,3
13695,31,4
13696,0,3
13697,0,3
13698,8,5
13699,79,7
13700,23,4
13701,11,5
13702,19,4
13703,36,5
13704,0,3
13705,9,3
13706,0,3
13707,22,6
13708,0,3
13709,24,3
13710,31,5
13711,0,3
13712,39,7
13713,31,3
13714,17,4
13715,0,3
13716,24,5
13717,14,4
13718,3,3
13719,35,6
13720,15,3
13721,27,5
13722,10,6
13723,3,4
13724,0,3
13725,3,3
13726,4,3
13727,1,3
13728,53,7
13729,0,3
13730,17,4
13731,0,3
13732,23,3
13733,37,4
13734,0,3
13735,0,3
13736,12,4
13737,0,3
13738,13,3
13739,3,3
13740,13,3
13741,0,3
13742,0,3
13743,8,2
13744,46,5
13745,34,4
13746,1,3
13747,0,3
13748,32,5
13749,50,7
13750,0,3
13751,17,3
13752,9,3
13753,0,3
13754,23,5
13755,4,4
13756,0,3
13757,0,3
13758,39,8
13759,0,3
13760,19,3
13761,7,4
13762,8,3
13763,0,3
13764,0,3
13765,35,3
13766,0,3
13767,25,4
13768,6,4
13769,23,4
13770,0,3
13771,30,4
13772,13,4
13773,0,3
13774,5,3
13775,3,3
13776,0,3
13777,42,8
13778,32,5
13779,0,3
13780,0,3
13781,0,3
13782,31,6
13783,44,4
13784,1,3
13785,0,3
13786,0,3
13787,4,4
13788,58,5
13789,49,5
13790,8,3
13791,6,3
13792,0,3
13793,8,4
13794,17,3
13795,0,3
13796,0,3
13797,0,3
13798,0,3
13799,1,3
13800,0,3
13801,0,3
13802,2,4
13803,0,3
13804,0,3
13805,0,3
13806,21,3
13807,29,7
13808,0,3
13809,2,3
13810,0,3
13811,22,5
13812,2,3
13813,0,3
13814,20,5
13815,15,4
13816,18,5
13817,0,3
13818,0,3
13819,0,3
13820,24,4
13821,1,3
13822,3,3
13823,24,6
13824,18,4
13825,0,3
13826,0,3
13827,39,7
13828,0,3
13829,11,4
13830,0,3
13831,12,3
13832,20,2
13833,0,3
13834,8,3
13835,0,3
13836,0,3
13837,29,5
13838,20,4
13839,17,4
13840,0,3
13841,21,4
13842,32,7
13843,0,3
13844,0,3
13845,25,5
13846,0,3
13847,0,3
13848,31,3
13849,0,3
13850,7,3
13851,24,5
13852,0,3
13853,55,4
13854,0,3
13855,0,3
13856,9,3
13857,13,4
13858,13,5
13859,23,5
13860,62,7
13861,27,5
13862,7,3
13863,4,4
13864,0,3
13865,37,7
13866,0,3
13867,11,3
13868,17,5
13869,1,3
13870,0,3
13871,22,3
13872,0,3
13873,5,3
13874,22,5
13875,0,3
13876,15,4
13877,11,3
13878,1,3
13879,11,4
13880,0,3
13881,2,3
13882,2,3
13883,3,2
13884,24,6
13885,0,3
13886,9,4
13887,0,3
13888,0,3
13889,22,5
13890,18,5
13891,0,3
13892,0,3
13893,2,3
13894,39,5
13895,22,6
13896,0,3
13897,13,5
13898,1,3
13899,20,4
13900,5,3
13901,22,4
13902,28,5
13903,14,5
13904,0,3
13905,0,3
13906,2,3
13907,3,3
13908,1,3
13909,31,4
13910,0,3
13911,8,5
13912,0,3
13913,41,6
13914,0,3
13915,12,4
13916,26,6
13917,15,6
13918,4,3
13919,0,3
13920,6,4
13921,38,4
13922,17,4
13923,25,4
13924,0,3
13925,0,3
13926,18,5
13927,27,5
13928,10,4
13929,0,3
13930,0,3
13931,45,6
13932,6,4
13933,5,3
13934,19,3
13935,4,3
13936,32,6
13937,0,3
13938,0,3
13939,0,3
13940,5,3
13941,45,4
13942,23,5
13943,11,3
13944,5,3
13945,9,4
13946,24,5
13947,14,4
13948,21,6
13949,27,5
13950,36,6
13951,0,3
13952,0,3
13953,13,5
13954,25,6
13955,28,5
13956,0,3
13957,0,3
13958,15,5
13959,9,4
13960,7,3
13961,24,7
13962,13,6
13963,0,3
13964,6,3
13965,7,3
13966,21,7
13967,0,3
13968,9,5
13969,6,4
13970,5,3
13971,0,3
13972,0,3
13973,13,5
13974,15,5
13975,0,3
13976,14,4
13977,31,7
13978,14,4
13979,27,5
13980,0,3
13981,0,3
13982,8,4
13983,46,6
13984,20,4
13985,5,3
13986,10,4
13987,17,5
13988,71,7
13989,0,3
13990,10,3
13991,1,3
13992,8,4
13993,49,7
13994,5,4
13995,0,3
13996,70,7
13997,6,3
13998,18,4
13999,5,4
14000,57,9
14001,32,6
14002,24,6
14003,0,3
14004,22,3
14005,0,3
14006,8,3
14007,19,5
14008,30,5
14009,0,3
14010,0,3
14011,0,3
14012,1,3
14013,11,3
14014,57,6
14015,0,3
14016,0,3
14017,0,3
14018,34,5
14019,3,3
14020,16,3
14021,0,3
14022,0,3
14023,0,3
14024,2,3
14025,18,6
14026,3,3
14027,3,3
14028,10,4
14029,0,3
14030,3,3
14031,0,3
14032,15,4
14033,10,3
14034,13,5
14035,15,3
14036,22,6
14037,0,3
14038,0,3
14039,0,3
14040,23,4
14041,24,7
14042,0,3
14043,26,5
14044,65,7
14045,0,3
14046,51,4
14047,37,5
14048,32,4
14049,0,3
14050,0,3
14051,35,7
14052,0,3
14053,17,6
14054,8,4
14055,3,3
14056,0,3
14057,43,6
14058,9,3
14059,17,5
14060,0,3
14061,31,4
14062,6,3
14063,0,3
14064,27,6
14065,37,8
14066,0,3
14067,1,3
14068,26,2
14069,0,3
14070,38,8
14071,0,3
14072,31,9
14073,0,3
14074,0,3
14075,0,3
14076,29,5
14077,0,3
14078,0,3
14079,10,4
14080,0,3
14081,6,4
14082,0,3
14083,31,6
14084,19,4
14085,96,4
14086,24,6
14087,2,3
14088,20,5
14089,0,3
14090,0,3
14091,30,4
14092,9,4
14093,37,7
14094,36,6
14095,7,3
14096,0,3
14097,0,3
14098,0,3
14099,0,3
14100,0,3
14101,7,3
14102,2,3
14103,7,3
14104,12,5
14105,35,7
14106,42,6
14107,0,3
14108,3,3
14109,0,3
14110,27,3
14111,1,3
14112,0,3
14113,46,5
14114,0,3
14115,67,5
14116,30,7
14117,42,5
14118,0,3
14119,24,3
14120,0,3
14121,0,3
14122,6,4
14123,0,3
14124,0,3
14125,0,3
14126,24,3
14127,0,3
14128,57,6
14129,0,3
14130,12,5
14131,25,5
14132,0,3
14133,0,3
14134,5,3
14135,0,3
14136,23,7
14137,57,3
14138,25,6
14139,0,3
14140,44,3
14141,35,3
14142,18,4
14143,60,5
14144,0,3
14145,0,3
14146,14,6
14147,16,5
14148,1,3
14149,28,4
14150,23,4
14151,0,3
14152,0,3
14153,5,3
14154,4,3
14155,41,5
14156,0,3
14157,0,3
14158,0,3
14159,0,3
14160,13,5
14161,0,3
14162,19,6
14163,34,5
14164,12,6
14165,0,3
14166,27,4
14167,0,3
14168,0,3
14169,3,3
14170,7,3
14171,23,4
14172,7,4
14173,43,5
14174,38,3
14175,10,3
14176,42,6
14177,11,5
14178,3,3
14179,0,3
14180,0,3
14181,4,4
14182,22,5
14183,0,3
14184,17,5
14185,0,3
14186,53,9
14187,0,3
14188,38,5
14189,0,3
14190,2,3
14191,33,7
14192,0,3
14193,16,3
14194,6,4
14195,34,6
14196,0,3
14197,12,4
14198,0,3
14199,23,6
14200,9,3
14201,14,4
14202,0,3
14203,13,4
14204,30,5
14205,0,3
14206,1,3
14207,10,4
14208,0,3
14209,28,5
14210,2,3
14211,21,4
14212,4,3
14213,32,3
14214,0,3
14215,0,3
14216,22,6
14217,0,3
14218,58,6
14219,0,3
14220,6,3
14221,0,3
14222,4,3
14223,0,3
14224,61,11
14225,36,7
14226,76,8
14227,7,3
14228,0,3
14229,31,4
14230,16,4
14231,37,9
14232,0,3
14233,45,6
14234,21,3
14235,0,3
14236,0,3
14237,20,4
14238,18,5
14239,0,3
14240,11,3
14241,0,3
14242,0,3
14243,52,7
14244,13,4
14245,16,5
14246,0,3
14247,14,4
14248,30,7
14249,0,3
14250,0,3
14251,0,3
14252,0,3
14253,27,4
14254,0,3
14255,22,3
14256,23,7
14257,57,8
14258,0,3
14259,35,6
14260,13,4
14261,25,5
14262,20,5
14263,0,3
14264,29,6
14265,11,5
14266,14,4
14267,16,4
14268,9,2
14269,30,4
14270,0,3
14271,30,4
14272,0,3
14273,24,5
14274,14,4
14275,0,3
14276,53,4
14277,0,3
14278,0,3
14279,0,3
14280,25,4
14281,28,7
14282,37,3
14283,22,6
14284,7,5
14285,10,4
14286,0,3
14287,0,3
14288,0,3
14289,8,4
14290,0,3
14291,0,3
14292,0,3
14293,23,5
14294,1,3
14295,11,3
14296,29,5
14297,57,6
14298,1,3
14299,34,3
14300,0,3
14301,6,3
14302,37,5
14303,0,3
14304,10,4
14305,3,3
14306,4,3
14307,3,3
14308,0,3
14309,0,3
14310,34,5
14311,0,3
14312,0,3
14313,51,6
14314,55,7
14315,0,3
14316,0,3
14317,23,5
14318,5,3
14319,9,3
14320,0,3
14321,0,3
14322,1,3
14323,0,3
14324,5,4
14325,7,5
14326,4,5
14327,19,3
14328,19,4
14329,0,3
14330,9,4
14331,0,3
14332,65,8
14333,16,5
14334,39,5
14335,0,3
14336,0,3
14337,26,5
14338,0,3
14339,0,3
14340,11,3
14341,12,3
14342,30,4
14343,0,3
14344,39,3
14345,30,4
14346,0,3
14347,0,3
14348,25,4
14349,30,4
14350,17,4
14351,39,3
14352,16,5
14353,0,3
14354,23,7
14355,0,3
14356,47,6
14357,0,3
14358,2,4
14359,15,4
14360,0,3
14361,1,3
14362,18,4
14363,32,7
14364,15,6
14365,0,3
14366,20,5
14367,10,3
14368,0,3
14369,27,5
14370,9,4
14371,0,3
14372,0,3
14373,1,3
14374,15,5
14375,4,3
14376,30,4
14377,6,3
14378,0,3
14379,0,3
14380,15,5
14381,19,5
14382,1,3
14383,13,4
14384,0,3
14385,0,3
14386,57,7
14387,7,4
14388,0,3
14389,7,4
14390,9,4
14391,0,3
14392,0,3
14393,0,3
14394,0,3
14395,20,5
14396,13,4
14397,23,6
14398,3,3
14399,0,3
14400,0,3
14401,5,3
14402,5,3
14403,7,4
14404,10,4
14405,13,3
14406,0,3
14407,11,3
14408,0,3
14409,29,4
14410,53,5
14411,42,7
14412,0,3
14413,3,3
14414,30,5
14415,9,3
14416,52,4
14417,25,5
14418,19,6
14419,19,3
14420,11,4
14421,0,3
14422,32,5
14423,5,3
14424,0,3
14425,8,4
14426,34,6
14427,36,6
14428,0,3
14429,0,3
14430,5,3
14431,0,3
14432,28,2
14433,7,4
14434,0,3
14435,0,3
14436,32,6
14437,18,3
14438,0,3
14439,6,3
14440,73,3
14441,16,4
14442,0,3
14443,18,6
14444,12,6
14445,0,3
14446,0,3
14447,3,4
14448,0,3
14449,0,3
14450,48,5
14451,0,3
14452,0,3
14453,4,4
14454,3,4
14455,21,5
14456,12,5
14457,0,3
14458,0,3
14459,12,5
14460,0,3
14461,0,3
14462,0,3
14463,34,7
14464,0,3
14465,21,5
14466,14,5
14467,14,4
14468,27,5
14469,13,4
14470,3,3
14471,0,3
14472,12,5
14473,0,3
14474,22,3
14475,37,5
14476,24,4
14477,0,3
14478,6,3
14479,30,7
14480,17,4
14481,0,3
14482,0,3
14483,5,3
14484,30,4
14485,20,4
14486,7,3
14487,51,7
14488,15,4
14489,33,5
14490,0,3
14491,37,7
14492,4,3
14493,0,3
14494,94,6
14495,0,3
14496,5,3
14497,28,6
14498,28,5
14499,61,5
14500,0,3
14501,15,3
14502,11,4
14503,12,3
14504,22,5
14505,17,5
14506,0,3
14507,0,3
14508,29,7
14509,2,3
14510,0,3
14511,5,3
14512,7,3
14513,0,3
14514,0,3
14515,0,3
14516,0,3
14517,34,6
14518,1,3
14519,0,3
14520,0,3
14521,35,6
14522,0,3
14523,13,4
14524,0,3
14525,10,3
14526,25,5
14527,0,3
14528,4,3
14529,0,3
14530,13,3
14531,10,5
14532,0,3
14533,50,7
14534,15,4
14535,0,3
14536,0,3
14537,1,3
14538,45,8
14539,1,3
14540,13,5
14541,0,3
14542,0,3
14543,4,4
14544,28,2
14545,21,4
14546,16,4
14547,22,7
14548,0,3
14549,13,5
14550,4,4
14551,0,3
14552,5,3
14553,1,3
14554,0,3
14555,33,6
14556,8,4
14557,26,6
14558,0,3
14559,6,3
14560,69,4
14561,37,6
14562,17,5
14563,0,3
14564,0,3
14565,5,3
14566,67,6
14567,0,3
14568,0,3
14569,4,5
14570,0,3
14571,0,3
14572,0,3
14573,22,6
14574,24,4
14575,1,3
14576,0,3
14577,26,4
14578,16,5
14579,16,6
14580,103,5
14581,29,7
14582,5,3
14583,27,6
14584,24,7
14585,0,3
14586,18,5
14587,0,3
14588,44,4
14589,2,3
14590,9,4
14591,0,3
14592,2,3
14593,16,4
14594,4,3
14595,0,3
14596,20,6
14597,11,5
14598,34,6
14599,1,3
14600,25,6
14601,7,3
14602,3,4
14603,8,4
14604,0,3
14605,19,5
14606,36,6
14607,22,3
14608,32,7
14609,0,3
14610,2,3
14611,128,2
14612,0,3
14613,11,5
14614,0,3
14615,0,3
14616,0,3
14617,42,7
14618,0,3
14619,0,3
14620,0,3
14621,16,3
14622,0,3
14623,1,3
14624,0,3
14625,37,5
14626,10,4
14627,7,4
14628,56,5
14629,20,5
14630,0,3
14631,10,4
14632,18,5
14633,0,3
14634,21,4
14635,0,3
14636,2,3
14637,0,3
14638,16,5
14639,9,3
14640,0,3
14641,0,3
14642,7,3
14643,13,3
14644,26,5
14645,0,3
14646,25,5
14647,14,3
14648,0,3
14649,40,6
14650,45,6
14651,16,5
14652,1,3
14653,0,3
14654,77,9
14655,6,4
14656,15,6
14657,34,3
14658,36,5
14659,2,3
14660,0,3
14661,4,3
14662,46,6
14663,2,3
14664,0,3
14665,0,3
14666,28,7
14667,34,5
14668,13,4
14669,23,5
14670,0,3
14671,0,3
14672,0,3
14673,0,3
14674,14,3
14675,4,3
14676,0,3
14677,24,4
14678,0,3
14679,0,3
14680,24,6
14681,29,5
14682,15,6
14683,0,3
14684,5,3
14685,30,5
14686,9,4
14687,34,3
14688,10,3
14689,41,8
14690,8,3
14691,22,6
14692,5,4
14693,48,6
14694,0,3
14695,19,5
14696,0,3
14697,4,3
14698,0,3
14699,0,3
14700,0,3
14701,5,4
14702,8,5
14703,0,3
14704,0,3
14705,13,3
14706,0,3
14707,41,5
14708,1,3
14709,36,5
14710,0,3
14711,0,3
14712,3,3
14713,12,4
14714,61,10
14715,6,3
14716,5,4
14717,22,3
14718,0,3
14719,1,3
14720,0,3
14721,27,6
14722,20,8
14723,28,6
14724,0,3
14725,0,3
14726,0,3
14727,5,3
14728,39,7
14729,27,3
14730,0,3
14731,95,3
14732,19,6
14733,9,4
14734,37,5
14735,4,3
14736,0,3
14737,0,3
14738,0,3
14739,73,6
14740,34,5
14741,0,3
14742,21,4
14743,29,5
14744,18,4
14745,46,6
14746,26,3
14747,9,3
14748,0,3
14749,40,4
14750,25,5
14751,0,3
14752,0,3
14753,66,5
14754,12,4
14755,4,3
14756,0,3
14757,0,3
14758,11,4
14759,0,3
14760,12,4
14761,0,3
14762,0,3
14763,8,3
14764,3,3
14765,0,3
14766,41,10
14767,4,3
14768,5,3
14769,12,5
14770,0,3
14771,16,3
14772,33,5
14773,0,3
14774,46,6
14775,0,3
14776,0,3
14777,8,3
14778,20,5
14779,9,4
14780,38,6
14781,13,4
14782,13,3
14783,0,3
14784,25,4
14785,0,3
14786,0,3
14787,18,5
14788,0,3
14789,30,5
14790,30,4
14791,10,4
14792,3,3
14793,24,6
14794,1,3
14795,0,3
14796,0,3
14797,0,3
14798,21,5
14799,0,3
14800,0,3
14801,20,4
14802,0,3
14803,0,3
14804,0,3
14805,15,4
14806,71,5
14807,10,3
14808,2,3
14809,31,5
14810,0,3
14811,2,3
14812,0,3
14813,28,4
14814,33,7
14815,18,5
14816,29,4
14817,83,7
14818,35,7
14819,0,3
14820,16,3
14821,15,5
14822,25,5
14823,38,3
14824,0,3
14825,24,8
14826,16,5
14827,7,4
14828,0,3
14829,72,9
14830,0,3
14831,154,5
14832,11,4
14833,0,3
14834,0,3
14835,0,3
14836,2,3
14837,13,4
14838,6,3
14839,4,3
14840,0,3
14841,0,3
14842,0,3
14843,0,3
14844,1,3
14845,36,3
14846,1,3
14847,1,3
14848,9,5
14849,18,4
14850,0,3
14851,0,3
14852,13,6
14853,0,3
14854,20,5
14855,32,6
14856,29,4
14857,34,7
14858,28,6
14859,0,3
14860,16,4
14861,21,4
14862,0,3
14863,18,5
14864,5,3
14865,27,7
14866,0,3
14867,24,6
14868,18,7
14869,2,3
14870,7,3
14871,32,9
14872,0,3
14873,4,3
14874,12,6
14875,0,3
14876,29,6
14877,16,5
14878,25,6
14879,70,5
14880,0,3
14881,0,3
14882,18,5
14883,11,4
14884,11,3
14885,0,3
14886,24,4
14887,37,8
14888,10,4
14889,21,7
14890,53,9
14891,12,6
14892,0,3
14893,80,4
14894,0,3
14895,13,4
14896,0,3
14897,37,6
14898,0,3
14899,0,3
14900,36,7
14901,5,4
14902,10,4
14903,33,6
14904,0,3
14905,0,3
14906,13,2
14907,35,6
14908,30,3
14909,1,3
14910,43,7
14911,44,3
14912,40,7
14913,8,4
14914,0,3
14915,0,3
14916,0,3
14917,1,3
14918,0,3
14919,0,3
14920,12,4
14921,0,3
14922,26,5
14923,7,4
14924,32,4
14925,17,5
14926,38,7
14927,0,3
14928,21,7
14929,27,4
14930,60,4
14931,0,3
14932,50,5
14933,15,3
14934,25,8
14935,17,5
14936,18,6
14937,27,4
14938,0,3
14939,13,5
14940,0,3
14941,31,5
14942,19,8
14943,12,6
14944,0,3
14945,15,5
14946,17,3
14947,0,3
14948,1,3
14949,15,3
14950,0,3
14951,0,3
14952,0,3
14953,66,8
14954,3,3
14955,0,3
14956,17,3
14957,0,3
14958,4,3
14959,0,3
14960,55,6
14961,99,6
14962,0,3
14963,17,5
14964,0,3
14965,7,3
14966,0,3
14967,0,3
14968,17,5
14969,27,5
14970,0,3
14971,0,3
14972,72,4
14973,0,3
14974,28,6
14975,0,3
14976,16,4
14977,13,3
14978,0,3
14979,17,4
14980,10,5
14981,37,6
14982,0,3
14983,30,4
14984,8,4
14985,23,5
14986,6,3
14987,0,3
14988,35,6
14989,0,3
14990,6,3
14991,3,3
14992,29,4
14993,16,3
14994,2,3
14995,7,3
14996,11,4
14997,39,7
14998,2,2
14999,1,3
15000,17,3
15001,10,4
15002,3,4
15003,41,5
15004,52,3
15005,0,3
15006,1,3
15007,0,3
15008,44,3
15009,0,3
15010,0,3
15011,32,3
15012,8,3
15013,64,7
15014,31,5
15015,58,8
15016,28,5
15017,20,5
15018,0,3
15019,13,6
15020,13,4
15021,5,4
15022,34,3
15023,0,3
15024,18,4
15025,13,4
15026,18,4
15027,0,3
15028,0,3
15029,5,3
15030,0,3
15031,11,5
15032,0,3
15033,24,5
15034,0,3
15035,42,5
15036,6,2
15037,36,6
15038,2,3
15039,0,3
15040,48,6
15041,4,3
15042,58,7
15043,32,7
15044,6,4
15045,0,3
15046,5,3
15047,0,3
15048,48,8
15049,34,3
15050,22,3
15051,17,3
15052,319,3
15053,0,3
15054,0,3
15055,46,8
15056,0,3
15057,24,5
15058,8,4
15059,0,3
15060,0,3
15061,8,4
15062,74,3
15063,1,3
15064,37,6
15065,1,3
15066,5,3
15067,0,3
15068,23,4
15069,61,4
15070,0,3
15071,0,3
15072,13,4
15073,65,9
15074,7,3
15075,0,3
15076,40,6
15077,19,4
15078,26,4
15079,34,6
15080,0,3
15081,55,5
15082,25,6
15083,0,3
15084,31,6
15085,15,4
15086,0,3
15087,0,3
15088,0,3
15089,0,3
15090,8,3
15091,20,7
15092,0,3
15093,3,3
15094,0,3
15095,24,5
15096,0,3
15097,0,3
15098,6,3
15099,18,4
15100,0,3
15101,47,4
15102,39,6
15103,1,3
15104,16,5
15105,23,5
15106,0,3
15107,73,9
15108,10,4
15109,0,3
15110,42,3
15111,0,3
15112,28,4
15113,1,3
15114,31,4
15115,0,3
15116,0,3
15117,10,3
15118,13,4
15119,3,3
15120,0,3
15121,0,3
15122,36,7
15123,67,6
15124,0,3
15125,0,3
15126,0,3
15127,3,4
15128,34,5
15129,0,3
15130,0,3
15131,0,3
15132,0,3
15133,8,5
15134,13,6
15135,36,6
15136,0,3
15137,9,4
15138,0,3
15139,9,4
15140,1,3
15141,0,3
15142,2,3
15143,2,3
15144,0,3
15145,21,3
15146,39,9
15147,0,3
15148,17,5
15149,9,4
15150,25,5
15151,32,4
15152,13,4
15153,0,3
15154,23,5
15155,6,3
15156,77,4
15157,8,3
15158,0,3
15159,0,3
15160,0,3
15161,23,6
15162,0,3
15163,8,3
15164,0,3
15165,1,3
15166,11,3
15167,0,3
15168,4,4
15169,18,4
15170,13,5
15171,0,3
15172,23,3
15173,15,4
15174,0,3
15175,7,3
15176,14,4
15177,4,3
15178,34,5
15179,8,3
15180,0,3
15181,26,7
15182,0,3
15183,0,3
15184,3,3
15185,19,4
15186,0,3
15187,14,5
15188,1,3
15189,32,5
15190,0,3
15191,5,4
15192,0,3
15193,51,10
15194,51,4
15195,27,8
15196,45,8
15197,0,3
15198,38,4
15199,0,3
15200,6,3
15201,34,5
15202,1,3
15203,20,6
15204,12,5
15205,0,3
15206,0,3
15207,35,7
15208,32,3
15209,5,3
15210,16,6
15211,34,4
15212,0,3
15213,81,5
15214,1,3
15215,1,3
15216,7,3
15217,1,3
15218,19,5
15219,17,6
15220,13,4
15221,0,3
15222,3,3
15223,0,3
15224,0,3
15225,11,6
15226,16,5
15227,13,4
15228,27,7
15229,18,5
15230,33,5
15231,15,6
15232,20,6
15233,5,3
15234,17,5
15235,25,3
15236,60,6
15237,33,5
15238,0,3
15239,0,3
15240,0,3
15241,0,3
15242,72,6
15243,0,3
15244,5,3
15245,7,4
15246,10,4
15247,0,3
15248,0,3
15249,0,3
15250,28,6
15251,0,3
15252,0,3
15253,20,6
15254,12,2
15255,5,5
15256,59,5
15257,6,3
15258,32,3
15259,0,3
15260,51,7
15261,9,3
15262,1,3
15263,0,3
15264,0,3
15265,10,5
15266,37,4
15267,19,6
15268,16,5
15269,0,3
15270,12,5
15271,61,5
15272,19,5
15273,26,7
15274,13,5
15275,6,4
15276,7,4
15277,0,3
15278,50,7
15279,13,3
15280,15,6
15281,55,6
15282,42,7
15283,19,4
15284,0,3
15285,61,4
15286,0,3
15287,32,3
15288,3,3
15289,1,3
15290,0,3
15291,0,3
15292,0,3
15293,60,4
15294,13,2
15295,9,3
15296,20,7
15297,3,4
15298,19,2
15299,27,5
15300,9,4
15301,0,3
15302,5,3
15303,0,3
15304,11,5
15305,0,3
15306,29,5
15307,23,8
15308,0,3
15309,0,3
15310,2,3
15311,43,3
15312,33,5
15313,23,4
15314,22,3
15315,54,3
15316,0,3
15317,0,3
15318,50,5
15319,0,3
15320,7,4
15321,2,3
15322,0,3
15323,30,5
15324,21,4
15325,9,4
15326,0,3
15327,3,4
15328,12,4
15329,17,5
15330,49,8
15331,0,3
15332,0,3
15333,0,3
15334,17,4
15335,99,3
15336,22,6
15337,0,3
15338,0,3
15339,40,7
15340,5,2
15341,0,3
15342,65,6
15343,0,3
15344,10,5
15345,0,3
15346,3,3
15347,34,6
15348,13,3
15349,8,4
15350,39,5
15351,0,3
15352,7,4
15353,0,3
15354,37,5
15355,53,7
15356,7,3
15357,18,5
15358,0,3
15359,0,3
15360,0,3
15361,6,3
15362,33,4
15363,20,5
15364,106,8
15365,67,11
15366,9,4
15367,0,3
15368,33,7
15369,0,3
15370,8,3
15371,0,3
15372,83,3
15373,13,4
15374,0,3
15375,21,5
15376,0,3
15377,12,3
15378,8,5
15379,33,4
15380,0,3
15381,0,3
15382,0,3
15383,24,5
15384,12,5
15385,0,3
15386,20,3
15387,0,3
15388,83,3
15389,0,3
15390,0,3
15391,18,6
15392,12,5
15393,22,4
15394,30,4
15395,0,3
15396,46,5
15397,11,5
15398,0,3
15399,0,3
15400,32,6
15401,6,3
15402,0,3
15403,13,5
15404,0,3
15405,35,3
15406,0,3
15407,3,4
15408,0,3
15409,17,4
15410,36,3
15411,0,3
15412,5,3
15413,0,3
15414,0,3
15415,0,3
15416,17,6
15417,36,6
15418,37,5
15419,50,6
15420,9,3
15421,3,3
15422,6,3
15423,20,5
15424,28,7
15425,21,4
15426,0,3
15427,0,3
15428,3,3
15429,2,3
15430,0,3
15431,36,5
15432,4,4
15433,0,3
15434,13,4
15435,21,3
15436,5,3
15437,22,4
15438,16,3
15439,39,8
15440,0,3
15441,5,3
15442,57,7
15443,0,3
15444,2,3
15445,0,3
15446,31,6
15447,10,4
15448,20,6
15449,0,3
15450,55,4
15451,24,5
15452,18,5
15453,0,3
15454,0,3
15455,22,5
15456,0,3
15457,23,5
15458,0,3
15459,12,4
15460,0,3
15461,30,4
15462,0,3
15463,0,3
15464,0,3
15465,27,4
15466,0,3
15467,0,3
15468,0,3
15469,20,4
15470,8,4
15471,0,3
15472,0,3
15473,16,5
15474,62,7
15475,22,6
15476,0,3
15477,109,3
15478,18,4
15479,35,5
15480,0,3
15481,0,3
15482,0,3
15483,2,3
15484,17,7
15485,7,3
15486,6,4
15487,24,3
15488,28,7
15489,53,3
15490,17,3
15491,0,3
15492,43,5
15493,51,7
15494,13,4
15495,16,5
15496,42,6
15497,0,3
15498,17,4
15499,95,5
15500,50,8
15501,15,5
15502,6,4
15503,0,3
15504,13,3
15505,0,3
15506,7,3
15507,0,3
15508,0,3
15509,1,3
15510,21,5
15511,27,5
15512,14,4
15513,0,3
15514,9,4
15515,25,3
15516,14,4
15517,16,4
15518,10,5
15519,70,3
15520,5,3
15521,6,3
15522,21,5
15523,2,3
15524,46,3
15525,5,3
15526,46,5
15527,17,4
15528,0,3
15529,1,3
15530,0,3
15531,2,3
15532,11,3
15533,7,3
15534,0,3
15535,1,3
15536,0,3
15537,0,3
15538,29,5
15539,0,3
15540,0,3
15541,0,3
15542,0,3
15543,9,4
15544,10,3
15545,13,6
15546,0,3
15547,67,5
15548,16,3
15549,13,3
15550,0,3
15551,1,3
15552,0,3
15553,0,3
15554,3,3
15555,43,4
15556,47,6
15557,15,6
15558,22,5
15559,24,5
15560,0,3
15561,3,3
15562,50,6
15563,6,3
15564,19,4
15565,0,3
15566,0,3
15567,2,3
15568,18,6
15569,52,8
15570,28,6
15571,25,5
15572,2,3
15573,47,3
15574,0,3
15575,4,3
15576,0,3
15577,0,3
15578,0,3
15579,37,6
15580,30,5
15581,61,6
15582,0,3
15583,0,3
15584,22,5
15585,0,3
15586,28,4
15587,45,6
15588,25,4
15589,0,3
15590,24,6
15591,27,5
15592,14,3
15593,24,5
15594,2,3
15595,42,7
15596,31,6
15597,35,6
15598,6,4
15599,20,7
15600,20,5
15601,9,5
15602,0,3
15603,4,3
15604,71,9
15605,29,8
15606,0,3
15607,0,3
15608,33,5
15609,24,5
15610,0,3
15611,51,6
15612,0,3
15613,0,3
15614,24,4
15615,89,4
15616,15,5
15617,3,3
15618,0,3
15619,83,9
15620,47,7
15621,19,5
15622,53,9
15623,0,3
15624,53,8
15625,13,4
15626,64,7
15627,10,4
15628,0,3
15629,1,3
15630,40,5
15631,5,4
15632,41,7
15633,30,5
15634,0,3
15635,5,3
15636,0,3
15637,40,8
15638,0,3
15639,22,4
15640,16,4
15641,37,5
15642,38,8
15643,37,4
15644,0,3
15645,26,6
15646,23,5
15647,0,3
15648,27,4
15649,26,6
15650,0,3
15651,0,3
15652,10,3
15653,3,3
15654,0,3
15655,2,3
15656,0,3
15657,8,4
15658,13,3
15659,1,3
15660,4,3
15661,42,5
15662,45,7
15663,13,5
15664,22,3
15665,15,4
15666,22,5
15667,15,4
15668,2,3
15669,10,5
15670,41,4
15671,30,4
15672,17,4
15673,0,3
15674,0,3
15675,0,3
15676,8,4
15677,7,5
15678,8,4
15679,42,6
15680,33,6
15681,36,5
15682,0,3
15683,0,3
15684,0,3
15685,22,5
15686,1,3
15687,10,3
15688,0,3
15689,43,7
15690,1,3
15691,4,3
15692,0,3
15693,44,6
15694,1,3
15695,42,4
15696,19,5
15697,11,4
15698,17,7
15699,0,3
15700,18,5
15701,25,4
15702,45,8
15703,22,3
15704,0,3
15705,12,4
15706,1,3
15707,0,3
15708,6,4
15709,2,3
15710,0,3
15711,2,4
15712,0,3
15713,0,3
15714,27,6
15715,0,3
15716,0,3
15717,22,5
15718,0,3
15719,25,6
15720,39,7
15721,0,3
15722,6,3
15723,0,3
15724,0,3
15725,0,3
15726,36,4
15727,0,3
15728,4,3
15729,2,3
15730,0,3
15731,0,3
15732,40,5
15733,20,4
15734,0,3
15735,3,3
15736,0,3
15737,6,4
15738,49,4
15739,3,3
15740,34,7
15741,0,3
15742,0,3
15743,0,3
15744,20,3
15745,0,3
15746,55,6
15747,0,3
15748,25,5
15749,5,3
15750,24,4
15751,12,4
15752,0,3
15753,63,6
15754,1,3
15755,25,4
15756,9,3
15757,13,3
15758,8,4
15759,0,3
15760,25,4
15761,22,4
15762,28,6
15763,0,3
15764,0,3
15765,23,5
15766,14,4
15767,0,3
15768,62,11
15769,47,3
15770,0,3
15771,60,7
15772,31,4
15773,57,4
15774,15,4
15775,189,7
15776,23,6
15777,0,3
15778,0,3
15779,48,7
15780,0,3
15781,0,3
15782,0,3
15783,17,6
15784,74,7
15785,60,8
15786,51,7
15787,35,7
15788,5,4
15789,12,4
15790,24,6
15791,6,4
15792,5,3
15793,0,3
15794,20,6
15795,80,4
15796,0,3
15797,26,6
15798,55,6
15799,16,3
15800,25,4
15801,0,3
15802,19,6
15803,24,5
15804,48,8
15805,0,3
15806,24,5
15807,0,3
15808,1,3
15809,0,3
15810,8,5
15811,22,5
15812,11,5
15813,2,3
15814,35,3
15815,70,8
15816,0,3
15817,25,5
15818,0,3
15819,9,5
15820,50,4
15821,13,6
15822,0,3
15823,2,3
15824,2,3
15825,42,5
15826,19,2
15827,6,3
15828,36,6
15829,4,3
15830,0,3
15831,28,9
15832,5,3
15833,10,4
15834,6,5
15835,4,3
15836,0,3
15837,0,3
15838,0,3
15839,14,6
15840,1,3
15841,20,4
15842,1,3
15843,0,3
15844,1,3
15845,13,5
15846,8,4
15847,9,3
15848,25,4
15849,56,4
15850,10,4
15851,0,3
15852,7,3
15853,0,3
15854,24,5
15855,0,3
15856,35,5
15857,26,3
15858,0,3
15859,0,3
15860,62,7
15861,4,3
15862,0,3
15863,5,4
15864,0,3
15865,3,3
15866,0,3
15867,0,3
15868,0,3
15869,27,7
15870,2,3
15871,27,5
15872,0,3
15873,27,5
15874,23,4
15875,0,3
15876,44,5
15877,0,3
15878,19,3
15879,16,3
15880,0,3
15881,8,5
15882,0,3
15883,9,4
15884,2,3
15885,0,3
15886,0,3
15887,35,6
15888,17,6
15889,0,3
15890,0,3
15891,20,4
15892,0,3
15893,10,4
15894,8,4
15895,53,4
15896,7,5
15897,0,3
15898,2,3
15899,33,6
15900,0,3
15901,22,5
15902,16,3
15903,37,7
15904,33,4
15905,5,3
15906,57,9
15907,29,8
15908,17,7
15909,47,6
15910,9,5
15911,0,3
15912,1,3
15913,28,5
15914,0,3
15915,0,3
15916,22,5
15917,28,5
15918,0,3
15919,1,3
15920,13,6
15921,0,3
15922,27,4
15923,0,3
15924,5,2
15925,6,4
15926,0,3
15927,28,5
15928,0,3
15929,0,3
15930,46,6
15931,0,3
15932,0,3
15933,0,3
15934,6,4
15935,0,3
15936,0,3
15937,35,5
15938,0,3
15939,57,6
15940,0,3
15941,32,9
15942,12,5
15943,0,3
15944,25,6
15945,0,3
15946,36,3
15947,11,5
15948,0,3
15949,15,4
15950,19,4
15951,0,3
15952,25,5
15953,30,5
15954,1,3
15955,15,6
15956,59,8
15957,0,3
15958,26,5
15959,19,7
15960,16,6
15961,0,3
15962,26,4
15963,21,5
15964,0,3
15965,22,5
15966,0,3
15967,28,6
15968,5,3
15969,8,2
15970,0,3
15971,0,3
15972,0,3
15973,0,3
15974,12,4
15975,25,5
15976,30,6
15977,29,5
15978,9,5
15979,0,3
15980,23,5
15981,0,3
15982,0,3
15983,0,3
15984,0,3
15985,7,3
15986,34,7
15987,0,3
15988,1,3
15989,34,5
15990,0,3
15991,0,3
15992,13,5
15993,5,3
15994,0,3
15995,24,4
15996,0,3
15997,1,4
15998,34,6
15999,55,3
16000,32,5
16001,32,6
16002,0,3
16003,20,7
16004,14,4
16005,0,3
16006,0,3
16007,0,3
16008,0,3
16009,100,8
16010,0,3
16011,0,3
16012,0,3
16013,18,6
16014,10,4
16015,0,3
16016,0,3
16017,6,4
16018,57,7
16019,15,5
16020,4,3
16021,0,3
16022,25,3
16023,0,3
16024,0,3
16025,42,6
16026,22,5
16027,2,3
16028,3,2
16029,34,9
16030,0,3
16031,2,3
16032,0,3
16033,9,5
16034,0,3
16035,12,5
16036,2,3
16037,39,6
16038,7,3
16039,32,6
16040,39,7
16041,4,4
16042,0,3
16043,0,3
16044,0,3
16045,0,3
16046,69,8
16047,11,5
16048,2,4
16049,0,3
16050,0,3
16051,39,7
16052,24,4
16053,32,7
16054,16,6
16055,23,5
16056,25,4
16057,0,3
16058,11,3
16059,60,6
16060,25,3
16061,0,3
16062,32,6
16063,92,10
16064,0,3
16065,55,6
16066,34,8
16067,39,10
16068,16,5
16069,34,6
16070,0,3
16071,64,5
16072,13,6
16073,35,7
16074,1,3
16075,30,5
16076,0,3
16077,0,3
16078,0,3
16079,29,5
16080,0,3
16081,0,3
16082,21,5
16083,4,3
16084,21,3
16085,0,3
16086,0,3
16087,3,4
16088,43,7
16089,29,6
16090,17,4
16091,32,4
16092,11,4
16093,0,3
16094,21,4
16095,44,6
16096,46,10
16097,15,4
16098,21,7
16099,23,5
16100,1,3
16101,43,6
16102,11,3
16103,34,4
16104,0,3
16105,0,3
16106,27,6
16107,26,5
16108,5,5
16109,5,3
16110,17,5
16111,0,3
16112,7,4
16113,2,3
16114,48,6
16115,16,5
16116,8,3
16117,6,4
16118,0,3
16119,27,6
16120,1,4
16121,20,3
16122,57,4
16123,8,3
16124,0,3
16125,1,3
16126,0,3
16127,25,5
16128,25,6
16129,0,3
16130,1,3
16131,0,3
16132,34,5
16133,0,3
16134,8,4
16135,0,3
16136,4,3
16137,0,3
16138,0,3
16139,0,3
16140,16,4
16141,41,7
16142,26,7
16143,0,3
16144,8,3
16145,11,4
16146,8,3
16147,0,3
16148,57,5
16149,29,5
16150,14,5
16151,37,7
16152,90,8
16153,2,3
16154,0,3
16155,0,3
16156,39,6
16157,39,4
16158,0,3
16159,111,8
16160,0,3
16161,9,3
16162,0,3
16163,30,5
16164,16,6
16165,37,7
16166,0,3
16167,33,4
16168,1,3
16169,22,6
16170,41,5
16171,20,5
16172,28,8
16173,0,3
16174,0,3
16175,17,4
16176,3,3
16177,26,8
16178,0,3
16179,0,3
16180,8,3
16181,156,5
16182,0,3
16183,68,5
16184,35,8
16185,0,3
16186,29,6
16187,0,3
16188,1,3
16189,16,6
16190,18,4
16191,9,5
16192,2,4
16193,0,3
16194,0,3
16195,0,3
16196,47,10
16197,24,4
16198,0,3
16199,40,5
16200,0,3
16201,2,3
16202,0,3
16203,15,4
16204,0,3
16205,17,4
16206,0,3
16207,0,3
16208,71,6
16209,0,3
16210,12,4
16211,0,3
16212,0,3
16213,43,7
16214,0,3
16215,33,5
16216,50,4
16217,10,5
16218,43,10
16219,55,7
16220,74,7
16221,0,3
16222,47,5
16223,6,4
16224,6,3
16225,25,5
16226,26,6
16227,10,3
16228,24,6
16229,6,4
16230,7,3
16231,37,6
16232,11,4
16233,46,5
16234,0,3
16235,0,3
16236,0,3
16237,15,3
16238,33,4
16239,8,4
16240,21,4
16241,0,3
16242,34,9
16243,39,6
16244,27,5
16245,24,6
16246,0,3
16247,46,7
16248,0,3
16249,43,7
16250,4,3
16251,9,4
16252,7,3
16253,0,3
16254,6,4
16255,0,3
16256,0,3
16257,0,3
16258,0,3
16259,5,4
16260,22,5
16261,4,3
16262,21,5
16263,0,3
16264,20,3
16265,1,3
16266,0,3
16267,0,3
16268,12,6
16269,31,5
16270,0,3
16271,0,3
16272,45,7
16273,0,3
16274,0,3
16275,2,3
16276,8,3
16277,42,6
16278,0,3
16279,0,3
16280,0,3
16281,17,6
16282,0,3
16283,10,4
16284,0,3
16285,0,3
16286,6,3
16287,63,8
16288,0,3
16289,5,3
16290,9,4
16291,41,2
16292,0,3
16293,21,6
16294,0,3
16295,17,5
16296,1,3
16297,0,3
16298,0,3
16299,6,3
16300,0,3
16301,33,4
16302,48,8
16303,0,3
16304,7,3
16305,0,3
16306,0,3
16307,2,4
16308,37,5
16309,0,3
16310,40,10
16311,0,3
16312,18,3
16313,8,4
16314,20,5
16315,0,3
16316,9,5
16317,0,3
16318,0,3
16319,0,3
16320,0,3
16321,0,3
16322,7,4
16323,0,3
16324,18,5
16325,27,5
16326,1,3
16327,45,5
16328,37,6
16329,36,6
16330,0,3
16331,28,5
16332,0,3
16333,15,3
16334,0,3
16335,0,3
16336,7,4
16337,20,7
16338,16,5
16339,20,4
16340,23,5
16341,4,5
16342,41,6
16343,37,7
16344,34,7
16345,31,6
16346,33,5
16347,0,3
16348,0,3
16349,3,3
16350,6,3
16351,17,5
16352,67,6
16353,0,3
16354,2,3
16355,26,5
16356,0,3
16357,0,3
16358,0,3
16359,38,6
16360,24,8
16361,35,5
16362,24,7
16363,16,3
16364,17,8
16365,4,3
16366,0,3
16367,7,4
16368,0,3
16369,1,3
16370,0,3
16371,12,4
16372,3,3
16373,26,7
16374,35,5
16375,5,3
16376,25,7
16377,1,3
16378,111,8
16379,0,3
16380,18,3
16381,7,4
16382,41,7
16383,27,6
16384,0,3
16385,15,4
16386,33,4
16387,15,3
16388,0,3
16389,25,5
16390,0,3
16391,0,3
16392,16,4
16393,13,4
16394,13,4
16395,0,3
16396,0,3
16397,5,4
16398,7,5
16399,0,3
16400,0,3
16401,0,3
16402,41,7
16403,33,6
16404,70,8
16405,44,9
16406,26,7
16407,0,3
16408,31,8
16409,0,3
16410,41,4
16411,20,5
16412,0,3
16413,50,6
16414,16,6
16415,2,3
16416,16,3
16417,4,3
16418,4,4
16419,8,3
16420,0,3
16421,21,4
16422,0,3
16423,21,6
16424,8,4
16425,0,3
16426,0,3
16427,39,7
16428,0,3
16429,78,6
16430,22,5
16431,0,3
16432,0,3
16433,0,3
16434,12,6
16435,13,5
16436,1,3
16437,0,3
16438,0,3
16439,17,4
16440,4,3
16441,0,3
16442,0,3
16443,5,3
16444,6,3
16445,50,3
16446,44,6
16447,52,9
16448,29,8
16449,24,5
16450,1,3
16451,7,2
16452,1,3
16453,36,4
16454,0,3
16455,38,8
16456,0,3
16457,0,3
16458,41,3
16459,23,4
16460,0,3
16461,41,5
16462,24,4
16463,25,5
16464,0,3
16465,0,3
16466,5,3
16467,0,3
16468,0,3
16469,36,4
16470,47,8
16471,0,3
16472,0,3
16473,29,5
16474,12,3
16475,7,3
16476,28,5
16477,9,4
16478,10,4
16479,44,5
16480,15,5
16481,13,4
16482,49,8
16483,53,9
16484,0,3
16485,0,3
16486,31,9
16487,58,10
16488,21,5
16489,12,3
16490,0,3
16491,20,6
16492,41,8
16493,23,4
16494,43,9
16495,0,3
16496,58,5
16497,0,3
16498,0,3
16499,0,3
16500,13,5
16501,11,3
16502,0,3
16503,21,6
16504,0,3
16505,26,6
16506,0,3
16507,14,4
16508,18,3
16509,0,3
16510,0,3
16511,28,4
16512,30,7
16513,0,3
16514,0,3
16515,0,3
16516,29,7
16517,0,3
16518,13,5
16519,0,3
16520,97,6
16521,18,5
16522,14,3
16523,4,3
16524,74,4
16525,15,5
16526,4,3
16527,10,5
16528,0,3
16529,11,3
16530,55,8
16531,3,3
16532,27,5
16533,55,4
16534,23,5
16535,29,7
16536,50,6
16537,59,5
16538,3,4
16539,11,3
16540,23,6
16541,1,3
16542,49,9
16543,0,3
16544,0,3
16545,17,4
16546,16,4
16547,42,5
16548,0,3
16549,6,4
16550,22,6
16551,0,3
16552,3,3
16553,0,3
16554,4,4
16555,0,3
16556,0,3
16557,12,5
16558,55,6
16559,0,3
16560,57,6
16561,25,6
16562,0,3
16563,15,3
16564,0,3
16565,0,3
16566,0,3
16567,0,3
16568,12,5
16569,113,8
16570,12,5
16571,72,9
16572,0,3
16573,0,3
16574,40,7
16575,0,3
16576,3,3
16577,12,4
16578,61,8
16579,0,3
16580,22,5
16581,0,3
16582,0,3
16583,0,3
16584,33,6
16585,0,3
16586,21,6
16587,0,3
16588,2,3
16589,58,9
16590,90,6
16591,0,3
16592,68,10
16593,0,3
16594,0,3
16595,1,3
16596,35,6
16597,62,8
16598,0,3
16599,11,3
16600,0,3
16601,0,3
16602,9,3
16603,24,5
16604,13,3
16605,11,4
16606,0,3
16607,0,3
16608,8,3
16609,0,3
16610,0,3
16611,78,9
16612,25,7
16613,0,3
16614,31,5
16615,44,8
16616,20,4
16617,44,9
16618,0,3
16619,67,9
16620,0,3
16621,0,3
16622,0,3
16623,56,9
16624,22,6
16625,0,3
16626,21,3
16627,4,3
16628,79,9
16629,11,6
16630,64,8
16631,6,3
16632,3,3
16633,0,3
16634,26,6
16635,7,4
16636,0,3
16637,10,3
16638,0,3
16639,0,3
16640,7,4
16641,20,5
16642,0,3
16643,19,6
16644,0,3
16645,3,3
16646,0,3
16647,24,4
16648,18,4
16649,1,3
16650,0,3
16651,13,4
16652,0,3
16653,0,3
16654,0,3
16655,0,3
16656,18,5
16657,0,3
16658,0,3
16659,17,4
16660,0,3
16661,6,4
16662,0,3
16663,73,6
16664,31,5
16665,24,4
16666,27,4
16667,66,7
16668,33,4
16669,34,6
16670,60,5
16671,51,5
16672,28,4
16673,13,5
16674,26,6
16675,6,5
16676,0,3
16677,0,3
16678,15,5
16679,1,3
16680,0,3
16681,0,3
16682,33,4
16683,8,4
16684,0,3
16685,0,3
16686,0,3
16687,12,5
16688,25,5
16689,47,6
16690,0,3
16691,31,6
16692,49,6
16693,15,5
16694,38,5
16695,95,3
16696,21,4
16697,51,6
16698,32,8
16699,0,3
16700,25,5
16701,8,4
16702,29,6
16703,0,3
16704,29,9
16705,3,3
16706,0,3
16707,44,9
16708,11,4
16709,61,9
16710,12,4
16711,0,3
16712,25,5
16713,49,3
16714,6,3
16715,9,4
16716,34,6
16717,16,3
16718,43,5
16719,0,3
16720,14,6
16721,0,3
16722,0,3
16723,12,6
16724,0,3
16725,4,4
16726,25,4
16727,0,3
16728,46,5
16729,0,3
16730,0,3
16731,0,3
16732,3,3
16733,5,3
16734,10,4
16735,3,3
16736,0,3
16737,0,3
16738,107,9
16739,1,3
16740,0,3
16741,27,6
16742,19,5
16743,1,3
16744,0,3
16745,22,6
16746,59,6
16747,53,5
16748,29,5
16749,0,3
16750,0,3
16751,35,8
16752,0,3
16753,0,3
16754,22,4
16755,2,3
16756,5,3
16757,73,5
16758,0,3
16759,175,8
16760,0,3
16761,17,4
16762,19,4
16763,0,3
16764,10,3
16765,60,8
16766,5,3
16767,35,7
16768,0,3
16769,19,4
16770,5,4
16771,39,6
16772,0,3
16773,27,5
16774,39,6
16775,24,4
16776,17,8
16777,0,3
16778,70,11
16779,0,3
16780,20,4
16781,0,3
16782,57,6
16783,0,3
16784,14,4
16785,54,6
16786,34,6
16787,6,3
16788,50,8
16789,0,3
16790,0,3
16791,0,3
16792,8,4
16793,4,3
16794,19,5
16795,40,5
16796,14,3
16797,3,5
16798,24,7
16799,3,4
16800,1,3
16801,0,3
16802,32,6
16803,46,6
16804,0,3
16805,44,6
16806,0,3
16807,1,3
16808,0,3
16809,29,6
16810,44,6
16811,33,6
16812,0,3
16813,2,3
16814,34,8
16815,9,5
16816,17,4
16817,0,3
16818,21,3
16819,0,3
16820,0,3
16821,8,3
16822,0,3
16823,8,3
16824,13,5
16825,38,6
16826,0,3
16827,0,3
16828,6,3
16829,40,7
16830,38,4
16831,30,7
16832,0,3
16833,0,3
16834,16,6
16835,31,5
16836,0,3
16837,86,5
16838,0,3
16839,6,4
16840,6,4
16841,0,3
16842,0,3
16843,0,3
16844,20,5
16845,0,3
16846,11,3
16847,0,3
16848,0,3
16849,43,5
16850,3,2
16851,68,4
16852,0,3
16853,0,3
16854,0,3
16855,17,5
16856,25,5
16857,18,4
16858,1,3
16859,29,6
16860,0,3
16861,45,5
16862,0,3
16863,23,5
16864,0,3
16865,0,3
16866,0,3
16867,0,3
16868,2,3
16869,39,10
16870,0,3
16871,29,4
16872,1,3
16873,0,3
16874,6,4
16875,0,3
16876,0,3
16877,12,3
16878,0,3
16879,71,5
16880,0,3
16881,27,4
16882,0,3
16883,37,6
16884,24,5
16885,33,6
16886,0,3
16887,7,4
16888,58,6
16889,27,6
16890,28,5
16891,3,4
16892,6,3
16893,11,3
16894,21,5
16895,25,4
16896,18,3
16897,0,3
16898,0,3
16899,11,4
16900,0,3
16901,30,4
16902,21,4
16903,6,4
16904,110,4
16905,0,3
16906,0,3
16907,40,9
16908,33,8
16909,30,7
16910,0,3
16911,15,3
16912,3,3
16913,21,5
16914,15,5
16915,67,7
16916,48,5
16917,21,6
16918,37,6
16919,37,3
16920,0,3
16921,24,5
16922,0,3
16923,10,3
16924,58,6
16925,2,4
16926,0,3
16927,79,9
16928,23,4
16929,32,5
16930,29,5
16931,142,4
16932,0,3
16933,0,3
16934,28,5
16935,0,3
16936,0,3
16937,5,3
16938,0,3
16939,11,4
16940,15,4
16941,0,3
16942,3,3
16943,8,4
16944,21,6
16945,12,7
16946,6,3
16947,0,3
16948,17,4
16949,11,3
16950,30,8
16951,0,3
16952,0,3
16953,6,4
16954,16,5
16955,0,3
16956,4,3
16957,62,9
16958,20,4
16959,30,6
16960,0,3
16961,10,4
16962,29,5
16963,0,3
16964,0,3
16965,41,8
16966,68,8
16967,5,3
16968,63,8
16969,0,3
16970,0,3
16971,33,5
16972,25,6
16973,0,3
16974,34,8
16975,19,4
16976,27,4
16977,13,4
16978,0,3
16979,11,4
16980,14,4
16981,46,8
16982,0,3
16983,0,3
16984,66,8
16985,0,3
16986,0,3
16987,35,6
16988,22,4
16989,15,4
16990,0,3
16991,0,3
16992,1,3
16993,0,3
16994,63,9
16995,0,3
16996,23,5
16997,7,4
16998,0,3
16999,19,6
17000,0,3
17001,15,6
17002,4,3
17003,41,6
17004,0,3
17005,44,6
17006,17,6
17007,22,7
17008,0,3
17009,9,3
17010,0,3
17011,2,3
17012,11,4
17013,2,3
17014,22,6
17015,87,7
17016,34,7
17017,17,6
17018,62,4
17019,23,6
17020,0,3
17021,5,3
17022,23,5
17023,38,6
17024,0,3
17025,57,9
17026,11,4
17027,26,5
17028,14,4
17029,2,3
17030,38,8
17031,0,3
17032,0,3
17033,15,3
17034,21,7
17035,21,6
17036,0,3
17037,0,3
17038,0,3
17039,14,3
17040,47,6
17041,0,3
17042,0,3
17043,0,3
17044,0,3
17045,20,4
17046,33,6
17047,25,7
17048,5,4
17049,5,3
17050,0,3
17051,0,3
17052,16,6
17053,29,5
17054,11,4
17055,0,3
17056,10,4
17057,41,3
17058,10,5
17059,42,5
17060,0,3
17061,0,3
17062,0,3
17063,7,4
17064,0,3
17065,0,3
17066,0,3
17067,0,3
17068,14,3
17069,1,3
17070,37,5
17071,0,3
17072,24,4
17073,32,4
17074,0,3
17075,0,3
17076,0,3
17077,8,3
17078,24,7
17079,3,4
17080,65,9
17081,35,7
17082,6,4
17083,0,3
17084,81,8
17085,0,3
17086,34,6
17087,0,3
17088,13,5
17089,0,3
17090,8,4
17091,22,4
17092,36,5
17093,0,3
17094,40,10
17095,0,3
17096,0,3
17097,48,9
17098,5,5
17099,17,6
17100,19,7
17101,50,8
17102,31,4
17103,59,9
17104,41,8
17105,13,4
17106,0,3
17107,14,6
17108,64,10
17109,21,5
17110,0,3
17111,0,3
17112,35,6
17113,65,7
17114,12,4
17115,2,3
17116,0,3
17117,36,5
17118,0,3
17119,0,3
17120,0,3
17121,16,6
17122,30,4
17123,0,3
17124,20,7
17125,0,3
17126,27,7
17127,18,5
17128,7,3
17129,0,3
17130,5,3
17131,6,4
17132,0,3
17133,54,6
17134,23,5
17135,0,3
17136,44,5
17137,3,3
17138,13,4
17139,38,8
17140,0,3
17141,0,3
17142,0,3
17143,29,5
17144,40,8
17145,6,3
17146,0,3
17147,32,4
17148,29,8
17149,54,6
17150,2,3
17151,103,7
17152,8,3
17153,0,3
17154,10,4
17155,20,6
17156,22,6
17157,0,3
17158,0,3
17159,0,3
17160,21,5
17161,0,3
17162,9,4
17163,1,3
17164,28,6
17165,51,5
17166,24,4
17167,28,5
17168,15,4
17169,14,5
17170,31,7
17171,0,3
17172,0,3
17173,17,4
17174,7,4
17175,7,4
17176,19,4
17177,0,3
17178,16,5
17179,49,5
17180,0,3
17181,0,3
17182,22,5
17183,36,6
17184,21,4
17185,51,7
17186,0,3
17187,0,3
17188,0,3
17189,0,3
17190,0,3
17191,36,6
17192,67,9
17193,59,6
17194,4,4
17195,28,7
17196,0,3
17197,0,3
17198,0,3
17199,27,7
17200,32,4
17201,0,3
17202,0,3
17203,43,6
17204,0,3
17205,9,5
17206,3,4
17207,0,3
17208,0,3
17209,3,3
17210,0,3
17211,0,3
17212,0,3
17213,29,9
17214,0,3
17215,47,5
17216,36,9
17217,0,3
17218,1,3
17219,0,3
17220,32,7
17221,53,9
17222,7,3
17223,3,3
17224,29,5
17225,1,3
17226,24,5
17227,64,10
17228,17,5
17229,46,6
17230,14,4
17231,0,3
17232,7,3
17233,17,6
17234,0,3
17235,0,3
17236,27,4
17237,0,3
17238,12,6
17239,10,3
17240,14,5
17241,11,3
17242,22,5
17243,20,4
17244,47,9
17245,20,3
17246,46,8
17247,39,6
17248,11,4
17249,0,3
17250,31,7
17251,3,4
17252,62,5
17253,46,7
17254,13,4
17255,50,6
17256,0,3
17257,10,4
17258,0,3
17259,28,7
17260,39,7
17261,89,7
17262,27,5
17263,0,3
17264,9,4
17265,18,7
17266,39,3
17267,0,3
17268,52,4
17269,0,3
17270,13,3
17271,24,7
17272,37,9
17273,0,3
17274,16,5
17275,0,3
17276,16,4
17277,21,5
17278,0,3
17279,0,3
17280,41,3
17281,25,8
17282,0,3
17283,30,3
17284,0,3
17285,18,4
17286,23,7
17287,0,3
17288,45,8
17289,28,3
17290,22,5
17291,2,3
17292,23,6
17293,32,7
17294,18,3
17295,6,3
17296,12,4
17297,12,3
17298,27,7
17299,7,4
17300,0,3
17301,0,3
17302,18,4
17303,53,7
17304,3,3
17305,0,3
17306,0,3
17307,6,3
17308,0,3
17309,28,9
17310,0,3
17311,0,3
17312,8,3
17313,14,3
17314,0,3
17315,16,4
17316,37,4
17317,0,3
17318,48,7
17319,0,3
17320,0,3
17321,70,7
17322,45,7
17323,0,3
17324,1,3
17325,0,3
17326,0,3
17327,0,3
17328,5,3
17329,0,3
17330,0,3
17331,11,4
17332,0,3
17333,26,5
17334,20,5
17335,1,3
17336,0,3
17337,11,5
17338,26,7
17339,5,3
17340,8,3
17341,12,5
17342,0,3
17343,0,3
17344,37,6
17345,52,5
17346,0,3
17347,3,3
17348,0,3
17349,29,4
17350,32,8
17351,26,6
17352,0,3
17353,0,3
17354,44,5
17355,0,3
17356,0,3
17357,0,3
17358,0,3
17359,35,5
17360,0,3
17361,15,4
17362,17,5
17363,6,5
17364,14,4
17365,0,3
17366,51,8
17367,0,3
17368,0,3
17369,1,3
17370,0,3
17371,2,4
17372,16,5
17373,10,4
17374,16,5
17375,0,3
17376,1,3
17377,22,5
17378,17,6
17379,42,5
17380,33,5
17381,0,3
17382,0,3
17383,19,4
17384,83,10
17385,32,7
17386,0,3
17387,0,3
17388,0,3
17389,11,3
17390,38,6
17391,0,3
17392,8,4
17393,20,4
17394,80,7
17395,2,3
17396,54,6
17397,0,3
17398,21,5
17399,44,6
17400,13,5
17401,21,4
17402,9,4
17403,0,3
17404,42,8
17405,108,6
17406,0,3
17407,25,7
17408,6,4
17409,41,5
17410,0,3
17411,6,3
17412,61,1
17413,6,3
17414,17,6
17415,0,3
17416,2,3
17417,0,3
17418,9,3
17419,10,4
17420,0,3
17421,0,3
17422,0,3
17423,14,5
17424,52,9
17425,32,3
17426,29,6
17427,0,3
17428,41,4
17429,0,3
17430,39,7
17431,4,3
17432,0,3
17433,26,6
17434,7,4
17435,0,3
17436,8,3
17437,0,3
17438,0,3
17439,10,4
17440,30,6
17441,10,4
17442,0,3
17443,38,5
17444,62,8
17445,51,7
17446,8,4
17447,23,5
17448,0,3
17449,0,3
17450,0,3
17451,35,8
17452,18,5
17453,0,3
17454,34,6
17455,29,5
17456,8,4
17457,14,5
17458,80,8
17459,0,3
17460,25,7
17461,37,9
17462,28,10
17463,43,5
17464,34,6
17465,65,7
17466,3,3
17467,20,5
17468,25,6
17469,0,3
17470,0,3
17471,37,5
17472,0,3
17473,0,3
17474,0,3
17475,55,5
17476,0,3
17477,0,3
17478,18,7
17479,40,7
17480,29,8
17481,15,5
17482,0,3
17483,0,3
17484,16,4
17485,51,8
17486,0,3
17487,0,3
17488,24,5
17489,0,3
17490,0,3
17491,7,4
17492,0,3
17493,1,3
17494,14,5
17495,0,3
17496,38,8
17497,0,3
17498,4,3
17499,0,3
17500,26,8
17501,48,9
17502,8,3
17503,0,3
17504,36,7
17505,41,5
17506,21,3
17507,30,7
17508,11,5
17509,0,3
17510,0,3
17511,24,5
17512,52,6
17513,0,3
17514,31,7
17515,0,3
17516,32,4
17517,0,3
17518,41,5
17519,24,4
17520,0,3
17521,0,3
17522,0,3
17523,52,6
17524,43,7
17525,0,3
17526,48,7
17527,20,6
17528,6,4
17529,15,6
17530,14,5
17531,34,3
17532,0,3
17533,17,4
17534,0,3
17535,10,4
17536,0,3
17537,53,5
17538,10,4
17539,97,7
17540,17,5
17541,32,5
17542,0,3
17543,21,5
17544,1,3
17545,0,3
17546,25,4
17547,26,5
17548,12,5
17549,0,3
17550,9,4
17551,0,3
17552,0,3
17553,47,7
17554,0,3
17555,24,5
17556,0,3
17557,5,3
17558,4,3
17559,32,5
17560,18,6
17561,33,8
17562,37,7
17563,16,5
17564,0,3
17565,23,4
17566,40,5
17567,9,3
17568,72,8
17569,32,5
17570,0,3
17571,47,9
17572,30,6
17573,0,3
17574,48,6
17575,20,5
17576,24,5
17577,0,3
17578,6,3
17579,0,3
17580,16,4
17581,31,5
17582,12,4
17583,24,5
17584,39,6
17585,39,6
17586,0,3
17587,0,3
17588,42,7
17589,53,9
17590,1,4
17591,68,12
17592,68,11
17593,20,6
17594,16,3
17595,23,5
17596,110,10
17597,30,5
17598,63,8
17599,5,3
17600,0,3
17601,37,9
17602,37,5
17603,5,3
17604,0,3
17605,0,3
17606,34,5
17607,58,8
17608,0,3
17609,70,5
17610,3,3
17611,29,3
17612,3,3
17613,12,5
17614,35,5
17615,26,7
17616,20,6
17617,16,5
17618,38,8
17619,0,3
17620,0,3
17621,1,3
17622,34,5
17623,3,3
17624,0,3
17625,34,6
17626,28,6
17627,22,5
17628,0,3
17629,31,4
17630,0,3
17631,3,3
17632,31,5
17633,0,3
17634,0,3
17635,17,5
17636,19,3
17637,0,3
17638,0,3
17639,13,4
17640,35,5
17641,10,6
17642,0,3
17643,27,5
17644,3,3
17645,0,3
17646,0,3
17647,20,4
17648,42,5
17649,27,5
17650,0,3
17651,0,3
17652,11,6
17653,19,5
17654,16,4
17655,0,3
17656,0,3
17657,5,3
17658,0,3
17659,0,3
17660,1,3
17661,52,9
17662,0,3
17663,18,5
17664,23,6
17665,4,4
17666,72,10
17667,79,8
17668,7,3
17669,40,6
17670,6,3
17671,0,3
17672,0,3
17673,19,6
17674,0,3
17675,80,8
17676,37,8
17677,24,8
17678,26,6
17679,28,5
17680,5,5
17681,4,3
17682,3,4
17683,2,3
17684,24,4
17685,0,3
17686,0,3
17687,12,4
17688,17,4
17689,41,8
17690,8,4
17691,69,8
17692,0,3
17693,35,5
17694,0,3
17695,21,4
17696,14,4
17697,0,3
17698,0,3
17699,0,3
17700,0,3
17701,48,9
17702,12,4
17703,0,3
17704,9,4
17705,16,4
17706,0,3
17707,0,3
17708,0,3
17709,7,3
17710,0,3
17711,1,3
17712,6,3
17713,21,4
17714,38,3
17715,0,3
17716,36,6
17717,13,3
17718,9,3
17719,54,8
17720,0,3
17721,35,7
17722,0,3
17723,1,3
17724,81,11
17725,0,3
17726,79,5
17727,1,3
17728,43,8
17729,10,5
17730,42,9
17731,12,3
17732,0,3
17733,53,6
17734,0,3
17735,41,4
17736,37,8
17737,6,3
17738,0,3
17739,16,5
17740,0,3
17741,19,5
17742,11,5
17743,0,3
17744,38,7
17745,0,3
17746,0,3
17747,15,4
17748,27,5
17749,0,3
17750,19,4
17751,17,5
17752,21,6
17753,57,5
17754,40,8
17755,5,3
17756,28,5
17757,29,5
17758,0,3
17759,1,3
17760,0,3
17761,10,3
17762,2,3
17763,0,3
17764,46,8
17765,20,6
17766,0,3
17767,5,3
17768,0,3
17769,0,3
17770,0,3
17771,0,3
17772,20,4
17773,11,4
17774,1,3
17775,63,6
17776,0,3
17777,16,3
17778,0,3
17779,28,5
17780,0,3
17781,1,3
17782,12,4
17783,25,4
17784,31,5
17785,35,5
17786,0,3
17787,0,3
17788,0,3
17789,0,3
17790,0,3
17791,0,3
17792,1,3
17793,0,3
17794,22,7
17795,23,5
17796,0,3
17797,34,6
17798,69,10
17799,2,3
17800,99,7
17801,0,3
17802,33,6
17803,66,10
17804,37,8
17805,31,5
17806,32,5
17807,1,3
17808,0,3
17809,0,3
17810,8,4
17811,148,6
17812,11,4
17813,5,3
17814,0,3
17815,13,4
17816,15,5
17817,47,8
17818,15,4
17819,0,3
17820,11,5
17821,0,3
17822,18,5
17823,10,5
17824,22,4
17825,16,6
17826,0,3
17827,3,3
17828,31,6
17829,72,7
17830,10,4
17831,26,7
17832,37,6
17833,6,2
17834,0,3
17835,42,6
17836,32,5
17837,8,4
17838,45,7
17839,19,3
17840,71,8
17841,15,5
17842,1,3
17843,19,5
17844,1,3
17845,35,6
17846,12,6
17847,37,8
17848,3,4
17849,46,8
17850,0,3
17851,0,3
17852,72,10
17853,10,3
17854,17,4
17855,4,4
17856,0,3
17857,28,5
17858,39,8
17859,0,3
17860,21,6
17861,23,5
17862,17,6
17863,0,3
17864,6,5
17865,10,5
17866,52,4
17867,29,4
17868,32,3
17869,0,3
17870,42,6
17871,0,3
17872,0,3
17873,0,3
17874,40,7
17875,11,4
17876,34,10
17877,4,4
17878,30,7
17879,9,5
17880,20,5
17881,0,3
17882,9,4
17883,49,5
17884,0,3
17885,0,3
17886,0,3
17887,8,5
17888,37,7
17889,13,4
17890,12,4
17891,11,6
17892,9,3
17893,34,5
17894,0,3
17895,0,3
17896,23,6
17897,15,4
17898,11,4
17899,2,3
17900,62,9
17901,2,3
17902,0,3
17903,36,5
17904,37,8
17905,14,4
17906,0,3
17907,88,11
17908,17,4
17909,4,3
17910,19,6
17911,22,5
17912,16,3
17913,0,3
17914,4,3
17915,0,3
17916,0,3
17917,0,3
17918,33,6
17919,35,7
17920,0,3
17921,11,4
17922,21,3
17923,8,3
17924,0,3
17925,4,3
17926,0,3
17927,0,3
17928,37,6
17929,0,3
17930,10,3
17931,0,3
17932,19,7
17933,31,6
17934,9,4
17935,0,3
17936,0,3
17937,2,3
17938,106,8
17939,64,6
17940,1,3
17941,0,3
17942,57,8
17943,21,4
17944,25,5
17945,23,4
17946,7,5
17947,0,3
17948,15,5
17949,8,3
17950,3,4
17951,12,4
17952,29,7
17953,13,3
17954,0,3
17955,12,3
17956,31,7
17957,10,6
17958,0,3
17959,0,3
17960,42,4
17961,0,3
17962,0,3
17963,0,3
17964,59,10
17965,0,3
17966,10,4
17967,16,3
17968,0,3
17969,0,3
17970,55,9
17971,20,5
17972,29,5
17973,35,5
17974,4,3
17975,59,7
17976,19,5
17977,34,6
17978,25,4
17979,13,3
17980,70,8
17981,0,3
17982,12,3
17983,28,5
17984,0,3
17985,50,8
17986,37,5
17987,16,6
17988,40,5
17989,37,6
17990,5,3
17991,0,3
17992,36,6
17993,4,4
17994,0,3
17995,0,3
17996,24,6
17997,0,3
17998,0,3
17999,47,7
18000,30,7
18001,11,4
18002,0,3
18003,49,5
18004,53,9
18005,90,7
18006,8,4
18007,31,6
18008,0,3
18009,0,3
18010,0,3
18011,68,11
18012,29,5
18013,1,3
18014,26,4
18015,46,7
18016,60,5
18017,0,3
18018,0,3
18019,39,4
18020,137,5
18021,0,3
18022,44,7
18023,0,3
18024,57,10
18025,0,3
18026,18,5
18027,39,7
18028,9,3
18029,71,7
18030,0,3
18031,17,4
18032,71,6
18033,0,3
18034,0,3
18035,24,6
18036,0,3
18037,21,5
18038,0,3
18039,47,3
18040,28,6
18041,0,3
18042,0,3
18043,13,5
18044,0,3
18045,41,9
18046,12,4
18047,20,4
18048,49,7
18049,21,3
18050,0,3
18051,0,3
18052,0,3
18053,11,5
18054,0,3
18055,38,6
18056,16,6
18057,0,3
18058,19,5
18059,0,3
18060,3,3
18061,0,3
18062,0,3
18063,58,5
18064,0,3
18065,61,12
18066,19,4
18067,29,5
18068,0,3
18069,18,6
18070,1,3
18071,0,3
18072,0,3
18073,3,3
18074,0,3
18075,76,9
18076,50,10
18077,42,4
18078,0,3
18079,39,10
18080,0,3
18081,34,8
18082,0,3
18083,11,4
18084,12,5
18085,0,3
18086,41,8
18087,15,7
18088,8,4
18089,20,2
18090,84,7
18091,21,4
18092,0,3
18093,28,4
18094,34,4
18095,40,4
18096,46,6
18097,28,6
18098,51,7
18099,0,3
18100,32,6
18101,0,3
18102,0,3
18103,22,5
18104,2,3
18105,16,7
18106,22,5
18107,32,5
18108,43,12
18109,35,5
18110,19,5
18111,10,4
18112,0,3
18113,0,3
18114,17,3
18115,0,3
18116,0,3
18117,0,3
18118,11,6
18119,0,3
18120,0,3
18121,0,3
18122,6,4
18123,34,8
18124,58,8
18125,37,7
18126,87,12
18127,27,3
18128,0,3
18129,29,4
18130,46,6
18131,12,4
18132,4,3
18133,0,3
18134,0,3
18135,58,11
18136,0,3
18137,3,3
18138,15,5
18139,42,7
18140,5,4
18141,1,3
18142,0,3
18143,13,5
18144,37,6
18145,32,7
18146,34,6
18147,6,3
18148,23,6
18149,27,7
18150,0,3
18151,36,7
18152,0,3
18153,0,3
18154,35,9
18155,12,4
18156,28,8
18157,45,6
18158,17,7
18159,34,8
18160,5,3
18161,69,7
18162,0,3
18163,26,5
18164,4,3
18165,16,5
18166,17,4
18167,27,5
18168,0,3
18169,19,5
18170,1,3
18171,0,3
18172,16,5
18173,106,11
18174,41,8
18175,71,9
18176,0,3
18177,0,3
18178,2,3
18179,11,4
18180,3,3
18181,0,3
18182,0,3
18183,22,5
18184,33,8
18185,20,6
18186,18,5
18187,22,8
18188,7,5
18189,42,8
18190,13,4
18191,35,6
18192,66,11
18193,0,3
18194,14,4
18195,16,5
18196,0,3
18197,11,6
18198,34,7
18199,0,3
18200,0,3
18201,43,5
18202,19,5
18203,0,3
18204,4,4
18205,0,3
18206,4,3
18207,0,3
18208,13,4
18209,1,3
18210,15,6
18211,0,3
18212,9,4
18213,0,3
18214,0,3
18215,19,5
18216,48,8
18217,54,5
18218,0,3
18219,0,3
18220,0,3
18221,1,3
18222,65,7
18223,17,6
18224,43,5
18225,44,4
18226,43,6
18227,2,3
18228,1,3
18229,29,7
18230,0,3
18231,14,5
18232,8,5
18233,46,6
18234,0,3
18235,0,3
18236,35,6
18237,42,9
18238,33,6
18239,0,3
18240,36,6
18241,16,4
18242,2,3
18243,0,3
18244,37,9
18245,0,3
18246,23,6
18247,39,9
18248,13,4
18249,30,6
18250,0,3
18251,9,3
18252,96,11
18253,0,3
18254,115,3
18255,0,3
18256,0,3
18257,0,3
18258,19,6
18259,0,3
18260,5,3
18261,5,4
18262,31,7
18263,0,3
18264,15,4
18265,0,3
18266,0,3
18267,39,6
18268,0,3
18269,0,3
18270,0,3
18271,42,7
18272,46,8
18273,12,4
18274,0,3
18275,82,8
18276,0,3
18277,7,3
18278,0,3
18279,22,5
18280,0,3
18281,3,4
18282,0,3
18283,35,5
18284,38,5
18285,33,10
18286,104,7
18287,1,3
18288,9,3
18289,43,6
18290,12,4
18291,0,3
18292,13,3
18293,12,5
18294,0,3
18295,0,3
18296,95,10
18297,14,5
18298,7,4
18299,0,3
18300,29,6
18301,1,3
18302,62,8
18303,0,3
18304,0,3
18305,21,4
18306,9,3
18307,32,4
18308,0,3
18309,56,11
18310,0,3
18311,7,4
18312,50,7
18313,0,3
18314,0,3
18315,70,6
18316,0,3
18317,8,3
18318,0,3
18319,50,7
18320,4,3
18321,64,12
18322,0,3
18323,0,3
18324,0,3
18325,57,11
18326,0,3
18327,0,3
18328,16,6
18329,35,5
18330,44,4
18331,0,3
18332,0,3
18333,15,6
18334,0,3
18335,0,3
18336,0,3
18337,114,9
18338,0,3
18339,24,5
18340,96,7
18341,28,5
18342,30,5
18343,6,4
18344,17,4
18345,0,3
18346,0,3
18347,22,5
18348,23,3
18349,0,3
18350,13,4
18351,0,3
18352,18,4
18353,19,5
18354,30,6
18355,0,3
18356,16,5
18357,11,5
18358,0,3
18359,54,6
18360,32,6
18361,22,6
18362,33,3
18363,30,5
18364,26,9
18365,18,5
18366,45,8
18367,0,3
18368,0,3
18369,0,3
18370,46,7
18371,0,3
18372,58,11
18373,15,4
18374,0,3
18375,0,3
18376,40,7
18377,0,3
18378,96,9
18379,15,5
18380,0,3
18381,62,8
18382,34,5
18383,23,4
18384,30,3
18385,0,3
18386,0,3
18387,10,3
18388,20,7
18389,22,6
18390,12,4
18391,6,4
18392,0,3
18393,10,3
18394,0,3
18395,38,4
18396,86,11
18397,16,4
18398,42,6
18399,69,7
18400,0,3
18401,0,3
18402,0,3
18403,0,3
18404,0,3
18405,0,3
18406,13,5
18407,0,3
18408,0,3
18409,0,3
18410,0,3
18411,0,3
18412,54,9
18413,9,3
18414,0,3
18415,28,6
18416,8,4
18417,48,6
18418,16,4
18419,17,5
18420,29,5
18421,0,3
18422,7,4
18423,14,6
18424,0,3
18425,83,8
18426,62,6
18427,24,5
18428,26,7
18429,25,6
18430,0,3
18431,24,4
18432,0,3
18433,8,3
18434,36,6
18435,44,8
18436,52,6
18437,23,4
18438,81,8
18439,0,3
18440,1,3
18441,12,5
18442,0,3
18443,24,4
18444,53,9
18445,15,6
18446,0,3
18447,24,5
18448,39,4
18449,22,4
18450,33,4
18451,19,7
18452,28,4
18453,47,6
18454,18,6
18455,0,3
18456,0,3
18457,13,5
18458,1,3
18459,0,3
18460,34,6
18461,2,3
18462,9,5
18463,32,6
18464,0,3
18465,0,3
18466,14,3
18467,0,3
18468,20,5
18469,0,3
18470,16,4
18471,0,3
18472,27,6
18473,67,4
18474,5,4
18475,0,3
18476,59,11
18477,0,3
18478,2,3
18479,9,4
18480,0,3
18481,7,4
18482,15,4
18483,10,4
18484,38,6
18485,33,6
18486,27,4
18487,3,3
18488,11,3
18489,50,5
18490,0,3
18491,53,6
18492,22,4
18493,0,3
18494,24,8
18495,56,6
18496,0,3
18497,34,10
18498,31,5
18499,69,10
18500,0,3
18501,30,4
18502,0,3
18503,0,3
18504,25,7
18505,2,4
18506,23,4
18507,26,7
18508,5,4
18509,0,3
18510,11,5
18511,13,4
18512,1,3
18513,0,3
18514,6,4
18515,18,7
18516,16,4
18517,0,3
18518,22,7
18519,10,4
18520,0,3
18521,0,3
18522,4,3
18523,35,9
18524,49,8
18525,0,3
18526,0,3
18527,95,8
18528,8,4
18529,0,3
18530,0,3
18531,0,3
18532,42,6
18533,20,6
18534,0,3
18535,21,4
18536,1,3
18537,0,3
18538,47,6
18539,3,3
18540,28,7
18541,0,3
18542,32,5
18543,57,7
18544,0,3
18545,1,3
18546,20,6
18547,22,5
18548,10,3
18549,10,5
18550,33,3
18551,0,3
18552,58,10
18553,0,3
18554,52,9
18555,0,3
18556,2,3
18557,42,3
18558,0,3
18559,15,5
18560,0,3
18561,9,4
18562,0,3
18563,2,3
18564,0,3
18565,6,4
18566,8,4
18567,2,3
18568,0,3
18569,12,5
18570,41,7
18571,0,3
18572,0,3
18573,53,8
18574,0,3
18575,14,4
18576,22,6
18577,43,7
18578,23,6
18579,31,5
18580,37,7
18581,21,5
18582,39,6
18583,6,4
18584,47,8
18585,35,8
18586,35,5
18587,0,3
18588,0,3
18589,0,3
18590,60,6
18591,13,3
18592,0,3
18593,22,3
18594,27,5
18595,5,3
18596,20,4
18597,21,5
18598,0,3
18599,0,3
18600,52,8
18601,39,7
18602,0,3
18603,0,3
18604,21,5
18605,0,3
18606,11,4
18607,0,3
18608,12,4
18609,1,3
18610,68,5
18611,0,3
18612,54,2
18613,16,5
18614,10,5
18615,24,7
18616,6,3
18617,0,3
18618,2,3
18619,31,6
18620,2,3
18621,0,3
18622,6,3
18623,0,3
18624,9,4
18625,2,3
18626,0,3
18627,18,4
18628,53,7
18629,21,5
18630,9,4
18631,0,3
18632,0,3
18633,50,7
18634,23,3
18635,30,7
18636,7,3
18637,0,3
18638,53,5
18639,21,7
18640,1,3
18641,0,3
18642,0,3
18643,0,3
18644,0,3
18645,2,3
18646,11,3
18647,0,3
18648,0,3
18649,23,7
18650,0,3
18651,0,3
18652,7,3
18653,21,7
18654,25,6
18655,1,3
18656,27,7
18657,0,3
18658,0,3
18659,34,5
18660,0,3
18661,1,3
18662,1,3
18663,69,7
18664,0,3
18665,0,3
18666,10,3
18667,0,3
18668,15,4
18669,72,5
18670,10,3
18671,32,4
18672,59,11
18673,0,3
18674,39,8
18675,31,9
18676,0,3
18677,40,5
18678,3,3
18679,0,3
18680,24,5
18681,19,7
18682,6,4
18683,51,7
18684,25,6
18685,0,3
18686,26,8
18687,15,5
18688,20,7
18689,19,3
18690,15,5
18691,5,4
18692,32,7
18693,60,5
18694,38,7
18695,26,6
18696,102,10
18697,25,5
18698,0,3
18699,0,3
18700,18,6
18701,0,3
18702,120,6
18703,4,4
18704,110,12
18705,0,3
18706,11,4
18707,0,3
18708,13,4
18709,12,5
18710,36,5
18711,30,6
18712,8,4
18713,47,6
18714,0,3
18715,6,4
18716,9,3
18717,9,3
18718,32,7
18719,0,3
18720,0,3
18721,0,3
18722,0,3
18723,22,5
18724,19,6
18725,0,3
18726,0,3
18727,4,3
18728,0,3
18729,108,6
18730,18,4
18731,6,3
18732,0,3
18733,22,5
18734,10,4
18735,0,3
18736,20,6
18737,0,3
18738,1,3
18739,0,3
18740,29,6
18741,9,6
18742,39,11
18743,10,5
18744,10,5
18745,7,4
18746,0,3
18747,7,3
18748,16,6
18749,15,3
18750,12,3
18751,25,4
18752,46,9
18753,41,6
18754,36,5
18755,76,4
18756,33,4
18757,23,5
18758,7,4
18759,23,4
18760,8,3
18761,37,9
18762,0,3
18763,20,4
18764,0,3
18765,0,3
18766,1,3
18767,0,3
18768,0,3
18769,41,7
18770,9,4
18771,17,4
18772,11,3
18773,24,7
18774,12,4
18775,0,3
18776,0,3
18777,0,3
18778,17,5
18779,2,3
18780,85,4
18781,13,3
18782,60,8
18783,21,7
18784,26,6
18785,0,3
18786,39,5
18787,8,4
18788,20,4
18789,23,6
18790,34,8
18791,0,3
18792,0,3
18793,33,8
18794,18,6
18795,29,4
18796,63,8
18797,0,3
18798,27,4
18799,26,4
18800,0,3
18801,5,4
18802,27,6
18803,9,4
18804,39,6
18805,44,6
18806,19,5
18807,22,8
18808,42,7
18809,36,6
18810,48,8
18811,26,6
18812,20,4
18813,0,3
18814,44,4
18815,0,3
18816,47,7
18817,29,5
18818,41,7
18819,40,8
18820,11,4
18821,5,2
18822,43,7
18823,0,3
18824,30,6
18825,0,3
18826,15,3
18827,0,3
18828,0,3
18829,7,4
18830,18,4
18831,9,5
18832,13,4
18833,60,8
18834,42,7
18835,52,9
18836,0,3
18837,0,3
18838,8,3
18839,32,6
18840,0,3
18841,0,3
18842,35,7
18843,16,7
18844,0,3
18845,0,3
18846,32,6
18847,0,3
18848,0,3
18849,0,3
18850,7,3
18851,39,4
18852,0,3
18853,28,5
18854,47,11
18855,27,7
18856,48,5
18857,32,6
18858,19,5
18859,35,7
18860,14,5
18861,10,4
18862,27,6
18863,4,3
18864,22,5
18865,3,3
18866,0,3
18867,91,9
18868,10,4
18869,0,3
18870,0,3
18871,0,3
18872,12,4
18873,1,3
18874,10,4
18875,0,3
18876,27,8
18877,6,3
18878,67,8
18879,0,3
18880,0,3
18881,1,3
18882,13,5
18883,0,3
18884,39,6
18885,58,6
18886,41,8
18887,3,3
18888,24,5
18889,29,5
18890,19,3
18891,42,7
18892,0,3
18893,0,3
18894,14,4
18895,5,3
18896,32,5
18897,0,3
18898,12,4
18899,0,3
18900,60,4
18901,0,3
18902,25,6
18903,0,3
18904,5,4
18905,0,3
18906,0,3
18907,6,3
18908,11,3
18909,0,3
18910,44,9
18911,0,3
18912,20,6
18913,0,3
18914,0,3
18915,27,6
18916,43,6
18917,6,3
18918,0,3
18919,0,3
18920,0,3
18921,0,3
18922,0,3
18923,0,3
18924,0,3
18925,0,3
18926,25,4
18927,0,3
18928,40,5
18929,0,3
18930,7,4
18931,0,3
18932,27,7
18933,3,3
18934,21,5
18935,10,3
18936,12,4
18937,12,5
18938,4,4
18939,47,6
18940,18,5
18941,16,5
18942,5,3
18943,6,3
18944,62,3
18945,45,5
18946,1,3
18947,7,4
18948,0,3
18949,1,3
18950,36,5
18951,0,3
18952,24,6
18953,0,3
18954,27,2
18955,0,3
18956,23,6
18957,46,6
18958,0,3
18959,50,7
18960,0,3
18961,51,5
18962,11,5
18963,5,3
18964,18,3
18965,3,3
18966,0,3
18967,0,3
18968,20,7
18969,8,4
18970,3,3
18971,0,3
18972,23,6
18973,0,3
18974,0,3
18975,0,3
18976,14,6
18977,0,3
18978,2,3
18979,15,7
18980,0,3
18981,3,4
18982,12,7
18983,0,3
18984,12,4
18985,60,8
18986,22,5
18987,8,4
18988,1,3
18989,52,6
18990,7,4
18991,6,3
18992,0,3
18993,34,4
18994,39,7
18995,0,3
18996,0,3
18997,35,9
18998,3,3
18999,12,4
19000,4,3
19001,6,4
19002,0,3
19003,23,5
19004,0,3
19005,0,3
19006,0,3
19007,12,5
19008,0,3
19009,21,5
19010,42,7
19011,54,6
19012,18,2
19013,0,3
19014,3,3
19015,53,8
19016,18,4
19017,0,3
19018,0,3
19019,26,9
19020,50,7
19021,46,7
19022,17,5
19023,19,7
19024,49,8
19025,0,3
19026,0,3
19027,9,4
19028,1,3
19029,18,5
19030,0,3
19031,0,3
19032,42,6
19033,29,6
19034,0,3
19035,27,4
19036,23,6
19037,0,3
19038,0,3
19039,0,3
19040,10,7
19041,21,6
19042,4,3
19043,23,6
19044,54,10
19045,9,4
19046,0,3
19047,9,4
19048,0,3
19049,0,3
19050,43,6
19051,2,4
19052,43,7
19053,42,6
19054,0,3
19055,24,7
19056,0,3
19057,15,5
19058,14,4
19059,1,3
19060,53,6
19061,3,3
19062,0,3
19063,57,9
19064,0,3
19065,0,3
19066,10,3
19067,10,5
19068,0,3
19069,24,7
19070,10,4
19071,49,6
19072,0,3
19073,33,6
19074,6,4
19075,65,7
19076,0,3
19077,1,3
19078,21,4
19079,22,5
19080,0,3
19081,47,7
19082,4,3
19083,79,6
19084,0,3
19085,0,3
19086,10,5
19087,33,6
19088,11,3
19089,0,3
19090,79,4
19091,18,5
19092,51,6
19093,0,3
19094,49,4
19095,29,6
19096,29,6
19097,36,8
19098,4,3
19099,13,4
19100,0,3
19101,122,10
19102,0,3
19103,47,8
19104,27,3
19105,25,6
19106,19,5
19107,37,9
19108,0,3
19109,44,5
19110,0,3
19111,24,5
19112,15,4
19113,25,6
19114,0,3
19115,0,3
19116,0,3
19117,71,10
19118,0,3
19119,0,3
19120,0,3
19121,22,7
19122,0,3
19123,0,3
19124,13,6
19125,32,9
19126,0,3
19127,23,5
19128,24,5
19129,0,3
19130,0,3
19131,33,5
19132,24,6
19133,66,8
19134,52,7
19135,23,5
19136,15,4
19137,19,5
19138,40,6
19139,57,8
19140,0,3
19141,34,4
19142,1,3
19143,0,3
19144,34,5
19145,0,3
19146,0,3
19147,10,3
19148,0,3
19149,0,3
19150,0,3
19151,0,3
19152,35,8
19153,0,3
19154,41,10
19155,37,7
19156,4,3
19157,0,3
19158,0,3
19159,58,10
19160,6,6
19161,0,3
19162,0,3
19163,39,6
19164,48,5
19165,0,3
19166,54,12
19167,5,3
19168,14,5
19169,16,4
19170,8,5
19171,1,3
19172,9,4
19173,0,3
19174,0,3
19175,0,3
19176,19,5
19177,26,4
19178,14,4
19179,56,8
19180,12,4
19181,14,4
19182,0,3
19183,17,4
19184,0,3
19185,11,3
19186,0,3
19187,22,5
19188,41,5
19189,59,10
19190,0,3
19191,6,3
19192,0,3
19193,0,3
19194,0,3
19195,68,7
19196,8,4
19197,0,3
19198,35,8
19199,52,8
19200,0,3
19201,36,7
19202,16,5
19203,0,3
19204,55,5
19205,0,3
19206,22,6
19207,57,10
19208,31,6
19209,38,7
19210,0,3
19211,0,3
19212,59,7
19213,22,5
19214,26,7
19215,20,5
19216,63,6
19217,10,3
19218,8,4
19219,10,4
19220,22,7
19221,14,4
19222,38,5
19223,7,3
19224,11,3
19225,0,3
19226,68,10
19227,0,3
19228,0,3
19229,1,3
19230,0,3
19231,41,5
19232,0,3
19233,24,7
19234,23,8
19235,0,3
19236,37,7
19237,15,6
19238,46,8
19239,24,7
19240,23,4
19241,12,5
19242,60,9
19243,90,4
19244,32,6
19245,15,5
19246,28,5
19247,7,3
19248,0,3
19249,0,3
19250,0,3
19251,0,3
19252,77,8
19253,0,3
19254,76,6
19255,0,3
19256,29,7
19257,9,4
19258,38,5
19259,29,6
19260,0,3
19261,5,3
19262,6,4
19263,0,3
19264,48,9
19265,0,3
19266,50,5
19267,23,4
19268,26,6
19269,87,10
19270,57,6
19271,0,3
19272,24,6
19273,40,5
19274,0,3
19275,3,3
19276,0,3
19277,16,5
19278,2,3
19279,0,3
19280,0,3
19281,3,3
19282,22,5
19283,72,6
19284,67,10
19285,50,7
19286,118,11
19287,0,3
19288,56,6
19289,23,5
19290,34,7
19291,33,7
19292,0,3
19293,18,4
19294,0,3
19295,0,3
19296,0,3
19297,18,8
19298,7,4
19299,2,3
19300,0,3
19301,62,9
19302,0,3
19303,34,6
19304,0,3
19305,8,3
19306,0,3
19307,0,3
19308,45,8
19309,45,9
19310,37,8
19311,222,6
19312,0,3
19313,35,7
19314,0,3
19315,4,3
19316,0,3
19317,33,5
19318,35,7
19319,17,4
19320,0,3
19321,0,3
19322,79,6
19323,0,3
19324,0,3
19325,0,3
19326,37,5
19327,32,6
19328,17,4
19329,47,6
19330,0,3
19331,29,4
19332,23,5
19333,74,8
19334,7,2
19335,13,3
19336,0,3
19337,0,3
19338,24,5
19339,26,7
19340,73,8
19341,0,3
19342,0,3
19343,13,4
19344,0,3
19345,29,5
19346,9,3
19347,0,3
19348,0,3
19349,37,7
19350,45,7
19351,0,3
19352,37,6
19353,0,3
19354,26,5
19355,16,4
19356,0,3
19357,1,3
19358,4,4
19359,0,3
19360,0,3
19361,0,3
19362,0,3
19363,36,4
19364,0,3
19365,29,5
19366,14,4
19367,0,3
19368,0,3
19369,0,3
19370,2,3
19371,4,4
19372,24,5
19373,34,7
19374,21,4
19375,8,3
19376,0,3
19377,0,3
19378,41,9
19379,18,6
19380,0,3
19381,0,3
19382,81,12
19383,55,11
19384,52,7
19385,8,3
19386,19,6
19387,0,3
19388,0,3
19389,19,4
19390,20,6
19391,45,9
19392,0,3
19393,42,5
19394,32,5
19395,34,5
19396,117,5
19397,0,3
19398,0,3
19399,0,3
19400,25,5
19401,0,3
19402,0,3
19403,0,3
19404,70,7
19405,56,12
19406,0,3
19407,36,5
19408,43,5
19409,0,3
19410,73,11
19411,17,6
19412,0,3
19413,33,8
19414,21,5
19415,7,5
19416,10,7
19417,0,3
19418,18,5
19419,3,3
19420,23,7
19421,9,4
19422,0,3
19423,0,3
19424,49,8
19425,0,3
19426,0,3
19427,16,4
19428,0,3
19429,0,3
19430,9,5
19431,22,5
19432,0,3
19433,61,9
19434,12,3
19435,0,3
19436,16,4
19437,37,6
19438,11,6
19439,13,4
19440,0,3
19441,0,3
19442,0,3
19443,8,4
19444,52,6
19445,44,9
19446,30,6
19447,0,3
19448,0,3
19449,0,3
19450,21,6
19451,8,3
19452,21,6
19453,0,3
19454,0,3
19455,43,7
19456,15,4
19457,64,8
19458,9,4
19459,19,4
19460,9,5
19461,58,8
19462,1,3
19463,13,4
19464,7,3
19465,60,9
19466,14,5
19467,43,7
19468,19,3
19469,19,4
19470,29,8
19471,0,3
19472,29,8
19473,40,7
19474,44,10
19475,0,3
19476,52,9
19477,68,7
19478,29,6
19479,0,3
19480,55,7
19481,0,3
19482,26,6
19483,48,13
19484,14,4
19485,36,6
19486,0,3
19487,7,4
19488,5,4
19489,0,3
19490,53,8
19491,37,6
19492,17,6
19493,12,5
19494,12,6
19495,5,3
19496,27,8
19497,0,3
19498,78,11
19499,51,6
19500,0,3
19501,0,3
19502,0,3
19503,0,3
19504,22,6
19505,0,3
19506,0,3
19507,38,6
19508,0,3
19509,50,7
19510,0,3
19511,0,3
19512,28,5
19513,0,3
19514,0,3
19515,63,8
19516,0,3
19517,56,8
19518,34,7
19519,17,4
19520,26,7
19521,0,3
19522,49,5
19523,0,3
19524,94,7
19525,8,3
19526,7,3
19527,0,3
19528,18,4
19529,21,6
19530,0,3
19531,0,3
19532,0,3
19533,46,7
19534,0,3
19535,30,7
19536,0,3
19537,91,5
19538,4,3
19539,23,5
19540,0,3
19541,1,3
19542,51,4
19543,23,5
19544,0,3
19545,0,3
19546,0,3
19547,8,5
19548,66,8
19549,14,4
19550,44,11
19551,1,4
19552,49,7
19553,36,4
19554,20,7
19555,26,6
19556,18,3
19557,0,3
19558,21,4
19559,0,3
19560,32,4
19561,57,10
19562,1,3
19563,34,8
19564,38,6
19565,18,6
19566,39,5
19567,45,9
19568,49,10
19569,71,12
19570,11,5
19571,3,3
19572,18,4
19573,0,3
19574,29,6
19575,63,8
19576,0,3
19577,61,7
19578,0,3
19579,80,7
19580,17,6
19581,0,3
19582,46,7
19583,0,3
19584,12,4
19585,20,6
19586,65,6
19587,0,3
19588,28,6
19589,0,3
19590,15,5
19591,0,3
19592,49,10
19593,12,4
19594,33,5
19595,41,5
19596,0,3
19597,2,2
19598,0,3
19599,10,3
19600,0,3
19601,14,4
19602,20,5
19603,2,3
19604,54,7
19605,0,3
19606,0,3
19607,0,3
19608,5,4
19609,29,4
19610,0,3
19611,36,7
19612,27,5
19613,0,3
19614,12,4
19615,0,3
19616,1,3
19617,0,3
19618,0,3
19619,37,7
19620,1,3
19621,0,3
19622,80,6
19623,0,3
19624,30,5
19625,63,8
19626,0,3
19627,26,3
19628,21,5
19629,8,4
19630,7,5
19631,44,6
19632,0,3
19633,37,7
19634,0,3
19635,0,3
19636,7,4
19637,40,9
19638,0,3
19639,56,7
19640,0,3
19641,21,6
19642,36,7
19643,0,3
19644,15,4
19645,10,4
19646,20,7
19647,69,8
19648,0,3
19649,0,3
19650,47,11
19651,18,4
19652,0,3
19653,55,11
19654,46,9
19655,11,5
19656,14,4
19657,51,5
19658,34,9
19659,78,7
19660,31,5
19661,52,7
19662,36,7
19663,51,6
19664,31,4
19665,44,9
19666,14,4
19667,26,3
19668,0,3
19669,16,5
19670,15,5
19671,9,3
19672,16,5
19673,84,12
19674,13,5
19675,29,6
19676,7,3
19677,20,4
19678,25,8
19679,9,4
19680,18,4
19681,8,3
19682,66,9
19683,0,3
19684,33,6
19685,13,5
19686,15,4
19687,37,9
19688,18,6
19689,12,6
19690,27,7
19691,0,3
19692,50,7
19693,17,5
19694,0,3
19695,0,3
19696,0,3
19697,0,3
19698,10,4
19699,0,3
19700,5,3
19701,17,6
19702,0,3
19703,0,3
19704,22,5
19705,0,3
19706,32,7
19707,32,6
19708,11,4
19709,0,3
19710,5,3
19711,1,3
19712,28,5
19713,56,7
19714,0,3
19715,41,9
19716,10,4
19717,0,3
19718,51,5
19719,14,5
19720,42,7
19721,70,6
19722,1,3
19723,0,3
19724,0,3
19725,0,3
19726,0,3
19727,6,3
19728,0,3
19729,17,8
19730,63,7
19731,89,9
19732,0,3
19733,17,5
19734,23,5
19735,0,3
19736,2,3
19737,0,3
19738,0,3
19739,5,3
19740,13,5
19741,6,3
19742,0,3
19743,65,8
19744,62,9
19745,2,3
19746,38,9
19747,0,3
19748,34,10
19749,8,4
19750,37,6
19751,0,3
19752,0,3
19753,46,6
19754,8,4
19755,0,3
19756,0,3
19757,25,6
19758,89,8
19759,70,8
19760,0,3
19761,23,4
19762,0,3
19763,0,3
19764,0,3
19765,50,8
19766,65,9
19767,0,3
19768,18,6
19769,95,10
19770,26,5
19771,35,5
19772,30,10
19773,67,9
19774,38,4
19775,0,3
19776,13,4
19777,79,9
19778,30,5
19779,0,3
19780,5,4
19781,57,7
19782,36,5
19783,37,9
19784,27,6
19785,8,3
19786,0,3
19787,112,13
19788,12,4
19789,0,3
19790,0,3
19791,0,3
19792,60,5
19793,0,3
19794,58,7
19795,0,3
19796,0,3
19797,0,3
19798,0,3
19799,0,3
19800,23,5
19801,0,3
19802,45,8
19803,58,10
19804,34,7
19805,8,4
19806,23,4
19807,40,8
19808,41,5
19809,51,10
19810,0,3
19811,28,3
19812,57,9
19813,12,3
19814,116,9
19815,34,7
19816,60,5
19817,32,7
19818,43,8
19819,0,3
19820,0,3
19821,0,3
19822,0,3
19823,0,3
19824,0,3
19825,0,3
19826,15,5
19827,25,8
19828,31,7
19829,54,9
19830,11,6
19831,42,7
19832,32,6
19833,12,4
19834,15,5
19835,0,3
19836,0,3
19837,0,3
19838,47,7
19839,57,9
19840,15,3
19841,23,5
19842,0,3
19843,63,4
19844,39,8
19845,41,5
19846,11,4
19847,19,7
19848,0,3
19849,0,3
19850,17,6
19851,0,3
19852,66,10
19853,0,3
19854,27,5
19855,26,5
19856,1,3
19857,0,3
19858,0,3
19859,53,6
19860,12,4
19861,38,6
19862,1,3
19863,0,3
19864,33,5
19865,53,6
19866,0,3
19867,0,3
19868,99,9
19869,8,4
19870,0,3
19871,33,7
19872,31,6
19873,0,3
19874,0,3
19875,0,3
19876,0,3
19877,0,3
19878,0,3
19879,16,4
19880,26,4
19881,7,5
19882,0,3
19883,39,7
19884,21,5
19885,35,6
19886,25,4
19887,0,3
19888,11,3
19889,76,8
19890,50,8
19891,4,4
19892,16,4
19893,63,8
19894,0,3
19895,18,3
19896,8,4
19897,70,7
19898,0,3
19899,0,3
19900,33,7
19901,5,4
19902,74,7
19903,0,3
19904,33,6
19905,44,7
19906,9,4
19907,28,8
19908,27,4
19909,0,3
19910,9,4
19911,32,5
19912,46,9
19913,24,4
19914,0,3
19915,31,6
19916,16,5
19917,0,3
19918,0,3
19919,21,4
19920,54,7
19921,0,3
19922,22,4
19923,22,5
19924,52,7
19925,36,7
19926,0,3
19927,10,6
19928,6,3
19929,0,3
19930,39,3
19931,24,6
19932,0,3
19933,38,6
19934,15,3
19935,0,3
19936,95,10
19937,21,7
19938,25,6
19939,0,3
19940,0,3
19941,32,5
19942,0,3
19943,16,4
19944,31,5
19945,43,8
19946,0,3
19947,0,3
19948,0,3
19949,40,7
19950,0,3
19951,45,8
19952,0,3
19953,0,3
19954,10,3
19955,91,7
19956,89,9
19957,0,3
19958,34,9
19959,17,6
19960,46,4
19961,0,3
19962,39,8
19963,2,3
19964,14,4
19965,27,5
19966,0,3
19967,0,3
19968,0,3
19969,13,5
19970,21,5
19971,39,5
19972,63,11
19973,33,4
19974,30,6
19975,0,3
19976,81,5
19977,22,5
19978,0,3
19979,0,3
19980,0,3
19981,28,4
19982,41,10
19983,0,3
19984,26,7
19985,0,3
19986,0,3
19987,6,3
19988,0,3
19989,86,9
19990,0,3
19991,25,7
19992,30,4
19993,45,5
19994,4,3
19995,66,7
19996,29,6
19997,0,3
19998,19,4
19999,0,3
20000,46,7
20001,1,3
20002,4,3
20003,46,7
20004,4,3
20005,15,5
20006,4,3
20007,0,3
20008,0,3
20009,45,7
20010,72,9
20011,21,5
20012,35,7
20013,55,11
20014,16,5
20015,0,3
20016,0,3
20017,12,6
20018,21,5
20019,0,3
20020,0,3
20021,13,4
20022,27,4
20023,6,2
20024,0,3
20025,59,6
20026,25,6
20027,0,3
20028,0,3
20029,68,7
20030,107,7
20031,22,5
20032,1,3
20033,16,5
20034,0,3
20035,6,6
20036,0,3
20037,0,3
20038,20,4
20039,10,2
20040,0,3
20041,0,3
20042,3,3
20043,0,3
20044,0,3
20045,31,4
20046,30,5
20047,15,5
20048,0,3
20049,92,10
20050,0,3
20051,24,7
20052,0,3
20053,0,3
20054,17,7
20055,0,3
20056,0,3
20057,12,3
20058,28,4
20059,0,3
20060,20,5
20061,42,5
20062,4,4
20063,46,7
20064,39,8
20065,36,7
20066,27,4
20067,0,3
20068,16,3
20069,18,4
20070,22,6
20071,37,8
20072,0,3
20073,0,3
20074,0,3
20075,66,7
20076,47,3
20077,0,3
20078,18,6
20079,0,3
20080,45,7
20081,17,5
20082,0,3
20083,0,3
20084,13,2
20085,0,3
20086,14,8
20087,0,3
20088,36,7
20089,0,3
20090,0,3
20091,14,4
20092,18,6
20093,30,6
20094,35,6
20095,0,3
20096,64,6
20097,7,4
20098,18,4
20099,0,3
20100,0,3
20101,0,3
20102,0,3
20103,0,3
20104,27,5
20105,56,7
20106,7,4
20107,12,4
20108,0,3
20109,43,7
20110,84,11
20111,3,3
20112,9,4
20113,0,3
20114,86,11
20115,27,6
20116,44,7
20117,48,8
20118,0,3
20119,0,3
20120,0,3
20121,43,10
20122,0,3
20123,12,4
20124,0,3
20125,13,5
20126,2,3
20127,18,5
20128,6,4
20129,0,3
20130,27,5
20131,54,8
20132,26,7
20133,0,3
20134,50,8
20135,0,3
20136,76,3
20137,26,5
20138,43,7
20139,24,5
20140,32,6
20141,35,5
20142,0,3
20143,0,3
20144,0,3
20145,57,9
20146,38,5
20147,10,4
20148,19,7
20149,33,9
20150,14,3
20151,3,3
20152,0,3
20153,0,3
20154,48,7
20155,41,6
20156,24,6
20157,3,3
20158,23,4
20159,0,3
20160,0,3
20161,30,5
20162,0,3
20163,1,3
20164,15,5
20165,13,4
20166,0,3
20167,29,5
20168,5,4
20169,0,3
20170,52,6
20171,26,6
20172,42,6
20173,60,11
20174,0,3
20175,0,3
20176,0,3
20177,2,3
20178,5,4
20179,15,5
20180,57,6
20181,0,3
20182,0,3
20183,9,5
20184,0,3
20185,0,3
20186,4,3
20187,34,9
20188,11,4
20189,14,6
20190,19,4
20191,3,3
20192,0,3
20193,4,3
20194,0,3
20195,2,3
20196,11,4
20197,0,3
20198,10,4
20199,61,6
20200,0,3
20201,52,5
20202,0,3
20203,0,3
20204,0,3
20205,0,3
20206,0,3
20207,18,5
20208,60,8
20209,0,3
20210,0,3
20211,0,3
20212,0,3
20213,0,3
20214,24,6
20215,0,3
20216,0,3
20217,0,3
20218,0,3
20219,29,4
20220,16,4
20221,2,3
20222,44,8
20223,2,4
20224,7,4
20225,0,3
20226,28,8
20227,29,5
20228,13,3
20229,10,3
20230,68,4
20231,8,2
20232,25,7
20233,53,7
20234,45,11
20235,44,8
20236,2,3
20237,0,3
20238,0,3
20239,26,6
20240,24,5
20241,0,3
20242,20,3
20243,53,8
20244,0,3
20245,0,3
20246,8,5
20247,16,4
20248,0,3
20249,50,7
20250,0,3
20251,0,3
20252,54,5
20253,2,3
20254,10,3
20255,0,3
20256,13,3
20257,0,3
20258,34,5
20259,13,4
20260,50,6
20261,0,3
20262,13,4
20263,43,5
20264,0,3
20265,43,5
20266,0,3
20267,0,3
20268,18,6
20269,0,3
20270,0,3
20271,26,6
20272,19,3
20273,0,3
20274,41,7
20275,16,4
20276,18,4
20277,0,3
20278,12,5
20279,0,3
20280,0,3
20281,31,7
20282,0,3
20283,0,3
20284,44,7
20285,0,3
20286,42,6
20287,27,5
20288,50,5
20289,0,3
20290,39,5
20291,43,8
20292,25,4
20293,1,3
20294,0,3
20295,10,3
20296,19,5
20297,1,3
20298,0,3
20299,0,3
20300,39,4
20301,44,7
20302,26,5
20303,27,7
20304,14,4
20305,58,8
20306,12,3
20307,0,3
20308,52,9
20309,65,9
20310,109,5
20311,5,3
20312,32,5
20313,3,3
20314,0,3
20315,45,6
20316,0,3
20317,55,7
20318,0,3
20319,0,3
20320,0,3
20321,0,3
20322,23,4
20323,49,7
20324,103,9
20325,0,3
20326,0,3
20327,7,4
20328,0,3
20329,2,3
20330,26,9
20331,0,3
20332,11,5
20333,30,5
20334,0,3
20335,22,5
20336,40,7
20337,39,7
20338,49,8
20339,0,3
20340,137,4
20341,29,7
20342,26,4
20343,30,7
20344,16,3
20345,0,3
20346,48,7
20347,0,3
20348,23,5
20349,31,7
20350,91,10
20351,63,8
20352,0,3
20353,30,8
20354,105,10
20355,0,3
20356,0,3
20357,24,7
20358,40,5
20359,44,7
20360,0,3
20361,0,3
20362,29,6
20363,26,6
20364,5,3
20365,38,7
20366,0,3
20367,0,3
20368,1,3
20369,21,6
20370,71,7
20371,0,3
20372,0,3
20373,0,3
20374,23,5
20375,0,3
20376,0,3
20377,0,3
20378,27,6
20379,0,3
20380,0,3
20381,30,7
20382,0,3
20383,44,7
20384,0,3
20385,0,3
20386,32,7
20387,9,3
20388,0,3
20389,30,6
20390,0,3
20391,28,8
20392,18,5
20393,26,4
20394,0,3
20395,0,3
20396,0,3
20397,72,9
20398,0,3
20399,57,6
20400,21,5
20401,0,3
20402,0,3
20403,0,3
20404,0,3
20405,52,5
20406,66,6
20407,0,3
20408,6,3
20409,45,8
20410,0,3
20411,46,4
20412,12,3
20413,89,9
20414,8,4
20415,0,3
20416,4,3
20417,0,3
20418,26,7
20419,14,3
20420,21,6
20421,0,3
20422,0,3
20423,19,4
20424,0,3
20425,0,3
20426,0,3
20427,0,3
20428,31,5
20429,22,7
20430,39,5
20431,43,7
20432,72,6
20433,0,3
20434,61,9
20435,51,8
20436,40,8
20437,71,7
20438,37,3
20439,16,3
20440,0,3
20441,0,3
20442,56,9
20443,33,6
20444,0,3
20445,29,6
20446,0,3
20447,27,7
20448,56,7
20449,33,5
20450,0,3
20451,12,3
20452,63,8
20453,0,3
20454,1,3
20455,0,3
20456,0,3
20457,30,5
20458,33,6
20459,17,4
20460,14,5
20461,0,3
20462,0,3
20463,13,4
20464,41,7
20465,25,6
20466,0,3
20467,9,6
20468,0,3
20469,82,7
20470,8,3
20471,100,13
20472,0,3
20473,0,3
20474,144,9
20475,0,3
20476,31,11
20477,23,6
20478,40,6
20479,0,3
20480,0,3
20481,22,8
20482,0,3
20483,67,8
20484,0,3
20485,44,9
20486,0,3
20487,42,8
20488,45,7
20489,40,4
20490,20,4
20491,0,3
20492,0,3
20493,16,5
20494,0,3
20495,11,4
20496,0,3
20497,0,3
20498,0,3
20499,0,3
20500,0,3
20501,14,4
20502,52,9
20503,0,3
20504,16,5
20505,13,3
20506,59,10
20507,72,3
20508,0,3
20509,0,3
20510,24,5
20511,0,3
20512,38,8
20513,0,3
20514,32,7
20515,28,4
20516,84,7
20517,0,3
20518,0,3
20519,98,6
20520,25,6
20521,12,5
20522,0,3
20523,73,10
20524,72,8
20525,26,5
20526,0,3
20527,39,6
20528,34,9
20529,0,3
20530,0,3
20531,32,7
20532,21,4
20533,81,8
20534,1,3
20535,4,4
20536,28,5
20537,42,7
20538,13,3
20539,0,3
20540,44,8
20541,101,10
20542,21,7
20543,1,3
20544,0,3
20545,0,3
20546,0,3
20547,0,3
20548,0,3
20549,55,8
20550,38,11
20551,0,3
20552,27,7
20553,0,3
20554,0,3
20555,60,7
20556,37,5
20557,0,3
20558,19,4
20559,40,9
20560,0,3
20561,55,12
20562,0,3
20563,35,5
20564,42,8
20565,0,3
20566,4,3
20567,12,4
20568,43,7
20569,28,4
20570,25,8
20571,85,6
20572,25,6
20573,1,3
20574,0,3
20575,0,3
20576,0,3
20577,0,3
20578,11,4
20579,67,7
20580,78,3
20581,76,9
20582,82,10
20583,43,7
20584,22,6
20585,17,5
20586,32,5
20587,0,3
20588,0,3
20589,39,6
20590,0,3
20591,8,3
20592,54,7
20593,15,5
20594,21,3
20595,0,3
20596,28,7
20597,0,3
20598,0,3
20599,8,4
20600,44,8
20601,59,6
20602,0,3
20603,1,3
20604,24,3
20605,4,3
20606,8,4
20607,1,3
20608,39,10
20609,24,3
20610,18,6
20611,51,6
20612,46,7
20613,13,6
20614,0,3
20615,12,5
20616,0,3
20617,38,8
20618,0,3
20619,10,3
20620,23,6
20621,123,11
20622,18,6
20623,0,3
20624,11,6
20625,19,5
20626,66,10
20627,32,5
20628,9,5
20629,12,4
20630,0,3
20631,0,3
20632,50,7
20633,18,5
20634,11,4
20635,0,3
20636,3,4
20637,17,4
20638,161,7
20639,0,3
20640,0,3
20641,2,3
20642,28,5
20643,0,3
20644,35,6
20645,7,3
20646,0,3
20647,17,6
20648,0,3
20649,38,6
20650,72,9
20651,0,3
20652,6,3
20653,14,5
20654,0,3
20655,0,3
20656,87,8
20657,0,3
20658,2,4
20659,32,8
20660,8,5
20661,0,3
20662,57,10
20663,15,4
20664,40,8
20665,27,9
20666,0,3
20667,57,11
20668,21,5
20669,65,8
20670,17,4
20671,84,5
20672,22,4
20673,62,10
20674,0,3
20675,25,5
20676,14,5
20677,0,3
20678,20,7
20679,29,6
20680,0,3
20681,14,5
20682,29,5
20683,18,4
20684,31,4
20685,53,8
20686,77,14
20687,0,3
20688,30,4
20689,0,3
20690,5,3
20691,0,3
20692,27,7
20693,21,6
20694,56,6
20695,0,3
20696,0,3
20697,0,3
20698,29,5
20699,2,3
20700,16,7
20701,19,7
20702,0,3
20703,20,8
20704,24,4
20705,0,3
20706,0,3
20707,0,3
20708,54,8
20709,12,5
20710,37,7
20711,0,3
20712,45,8
20713,9,4
20714,0,3
20715,0,3
20716,0,3
20717,0,3
20718,17,5
20719,4,3
20720,19,6
20721,37,8
20722,164,9
20723,0,3
20724,15,4
20725,0,3
20726,29,7
20727,22,6
20728,0,3
20729,105,10
20730,27,8
20731,0,3
20732,50,7
20733,60,9
20734,12,5
20735,25,3
20736,48,5
20737,1,3
20738,0,3
20739,44,5
20740,0,3
20741,53,10
20742,10,4
20743,0,3
20744,0,3
20745,0,3
20746,33,6
20747,21,7
20748,0,3
20749,42,10
20750,11,4
20751,23,6
20752,32,6
20753,7,4
20754,0,3
20755,0,3
20756,7,6
20757,39,7
20758,0,3
20759,19,4
20760,0,3
20761,3,3
20762,0,3
20763,23,5
20764,2,3
20765,32,7
20766,40,5
20767,0,3
20768,23,5
20769,67,8
20770,58,7
20771,37,8
20772,0,3
20773,9,4
20774,0,3
20775,0,3
20776,0,3
20777,16,4
20778,46,5
20779,0,3
20780,42,4
20781,0,3
20782,25,7
20783,21,2
20784,15,7
20785,0,3
20786,0,3
20787,0,3
20788,0,3
20789,0,3
20790,0,3
20791,27,7
20792,1,3
20793,0,3
20794,39,8
20795,37,7
20796,62,6
20797,95,8
20798,0,3
20799,0,3
20800,0,3
20801,35,7
20802,41,4
20803,81,9
20804,11,4
20805,0,3
20806,10,3
20807,0,3
20808,49,5
20809,62,9
20810,0,3
20811,0,3
20812,16,5
20813,48,7
20814,0,3
20815,10,3
20816,34,8
20817,0,3
20818,0,3
20819,27,4
20820,5,3
20821,0,3
20822,12,4
20823,0,3
20824,28,5
20825,30,5
20826,0,3
20827,10,4
20828,0,3
20829,32,5
20830,51,8
20831,0,3
20832,39,7
20833,0,3
20834,48,6
20835,38,4
20836,29,4
20837,0,3
20838,56,10
20839,18,4
20840,15,4
20841,0,3
20842,1,3
20843,14,4
20844,40,5
20845,0,3
20846,21,4
20847,10,4
20848,38,9
20849,25,5
20850,97,8
20851,0,3
20852,24,5
20853,22,5
20854,39,6
20855,52,5
20856,0,3
20857,0,3
20858,8,3
20859,22,5
20860,0,3
20861,24,5
20862,4,3
20863,55,8
20864,0,3
20865,0,3
20866,63,7
20867,4,3
20868,7,3
20869,0,3
20870,0,3
20871,0,3
20872,0,3
20873,6,4
20874,52,7
20875,0,3
20876,0,3
20877,0,3
20878,38,4
20879,0,3
20880,23,4
20881,27,8
20882,12,4
20883,5,5
20884,0,3
20885,13,5
20886,86,13
20887,0,3
20888,32,5
20889,124,6
20890,0,3
20891,0,3
20892,22,4
20893,25,8
20894,50,8
20895,44,6
20896,30,6
20897,0,3
20898,21,6
20899,29,7
20900,9,4
20901,0,3
20902,4,4
20903,38,6
20904,0,3
20905,0,3
20906,32,3
20907,22,6
20908,37,9
20909,33,6
20910,0,3
20911,65,9
20912,16,3
20913,7,3
20914,35,5
20915,0,3
20916,33,8
20917,0,3
20918,0,3
20919,24,7
20920,14,5
20921,1,3
20922,27,8
20923,68,10
20924,1,3
20925,0,3
20926,0,3
20927,17,5
20928,30,6
20929,6,4
20930,45,7
20931,27,7
20932,21,8
20933,0,3
20934,0,3
20935,34,8
20936,35,6
20937,27,7
20938,0,3
20939,0,3
20940,0,3
20941,0,3
20942,61,13
20943,17,5
20944,5,3
20945,5,4
20946,0,3
20947,40,8
20948,42,4
20949,0,3
20950,49,9
20951,35,3
20952,8,5
20953,0,3
20954,51,9
20955,20,4
20956,3,3
20957,47,6
20958,21,5
20959,0,3
20960,45,7
20961,0,3
20962,16,5
20963,0,3
20964,0,3
20965,27,6
20966,18,4
20967,0,3
20968,67,9
20969,5,3
20970,0,3
20971,0,3
20972,51,8
20973,21,5
20974,42,8
20975,39,6
20976,1,3
20977,45,10
20978,16,4
20979,0,3
20980,29,6
20981,58,8
20982,22,5
20983,114,11
20984,46,9
20985,0,3
20986,25,6
20987,36,7
20988,0,3
20989,56,4
20990,30,5
20991,35,6
20992,0,3
20993,33,3
20994,9,4
20995,51,9
20996,8,4
20997,0,3
20998,7,4
20999,39,5
21000,0,3
21001,42,4
21002,22,5
21003,0,3
21004,27,5
21005,0,3
21006,2,3
21007,25,6
21008,0,3
21009,0,3
21010,0,3
21011,0,3
21012,0,3
21013,0,3
21014,53,10
21015,0,3
21016,0,3
21017,14,5
21018,8,4
21019,6,4
21020,48,9
21021,0,3
21022,42,5
21023,55,8
21024,0,3
21025,0,3
21026,0,3
21027,0,3
21028,0,3
21029,0,3
21030,0,3
21031,67,6
21032,20,6
21033,0,3
21034,0,3
21035,44,7
21036,35,6
21037,0,3
21038,13,5
21039,31,4
21040,39,7
21041,47,6
21042,0,3
21043,24,5
21044,13,5
21045,52,10
21046,17,6
21047,17,5
21048,45,6
21049,27,7
21050,44,7
21051,0,3
21052,13,5
21053,0,3
21054,0,3
21055,32,6
21056,37,7
21057,45,7
21058,0,3
21059,68,11
21060,6,3
21061,9,3
21062,0,3
21063,0,3
21064,6,5
21065,0,3
21066,28,6
21067,8,4
21068,2,3
21069,49,9
21070,40,5
21071,12,3
21072,0,3
21073,0,3
21074,213,10
21075,14,3
21076,0,3
21077,66,12
21078,0,3
21079,69,10
21080,17,5
21081,49,9
21082,6,2
21083,25,4
21084,0,3
21085,26,6
21086,0,3
21087,1,3
21088,39,5
21089,41,7
21090,0,3
21091,0,3
21092,0,3
21093,79,11
21094,0,3
21095,24,5
21096,38,6
21097,0,3
21098,0,3
21099,23,5
21100,51,10
21101,0,3
21102,97,12
21103,1,3
21104,59,7
21105,71,9
21106,54,8
21107,0,3
21108,0,3
21109,4,3
21110,4,3
21111,2,4
21112,0,3
21113,23,4
21114,0,3
21115,26,6
21116,29,7
21117,9,4
21118,17,5
21119,14,6
21120,22,5
21121,52,9
21122,4,3
21123,7,5
21124,0,3
21125,44,3
21126,16,4
21127,0,3
21128,13,4
21129,43,8
21130,32,6
21131,51,10
21132,0,3
21133,47,10
21134,8,3
21135,26,6
21136,0,3
21137,0,3
21138,39,3
21139,0,3
21140,65,7
21141,32,4
21142,8,3
21143,0,3
21144,35,5
21145,35,7
21146,20,6
21147,0,3
21148,13,5
21149,23,8
21150,0,3
21151,41,6
21152,46,7
21153,0,3
21154,38,8
21155,0,3
21156,0,3
21157,0,3
21158,35,4
21159,0,3
21160,17,7
21161,0,3
21162,41,8
21163,9,5
21164,0,3
21165,26,5
21166,0,3
21167,0,3
21168,0,3
21169,12,6
21170,0,3
21171,0,3
21172,0,3
21173,0,3
21174,1,3
21175,30,5
21176,59,6
21177,51,9
21178,76,10
21179,0,3
21180,0,3
21181,33,7
21182,46,9
21183,88,7
21184,2,3
21185,1,3
21186,0,3
21187,15,4
21188,51,9
21189,0,3
21190,0,3
21191,0,3
21192,23,6
21193,99,9
21194,62,7
21195,0,3
21196,34,9
21197,68,10
21198,38,6
21199,0,3
21200,6,3
21201,0,3
21202,57,6
21203,16,5
21204,0,3
21205,0,3
21206,0,3
21207,13,6
21208,86,9
21209,0,3
21210,0,3
21211,56,5
21212,0,3
21213,0,3
21214,26,3
21215,0,3
21216,2,3
21217,0,3
21218,29,8
21219,39,5
21220,0,3
21221,37,8
21222,19,5
21223,0,3
21224,11,3
21225,0,3
21226,46,6
21227,0,3
21228,0,3
21229,11,6
21230,120,7
21231,0,3
21232,0,3
21233,20,5
21234,0,3
21235,82,9
21236,18,6
21237,55,5
21238,0,3
21239,15,6
21240,7,3
21241,0,3
21242,34,7
21243,31,6
21244,19,5
21245,8,3
21246,18,3
21247,31,8
21248,0,3
21249,94,12
21250,0,3
21251,14,4
21252,0,3
21253,11,4
21254,48,7
21255,56,7
21256,9,4
21257,25,4
21258,69,8
21259,0,3
21260,4,3
21261,64,6
21262,110,7
21263,0,3
21264,0,3
21265,22,3
21266,13,4
21267,26,5
21268,0,3
21269,33,7
21270,0,3
21271,27,6
21272,21,7
21273,60,9
21274,34,6
21275,48,6
21276,63,7
21277,40,1
21278,22,3
21279,0,3
21280,58,8
21281,43,6
21282,24,5
21283,0,3
21284,20,5
21285,121,9
21286,42,6
21287,0,3
21288,0,3
21289,20,6
21290,118,10
21291,66,9
21292,35,6
21293,93,7
21294,42,8
21295,32,7
21296,32,4
21297,0,3
21298,0,3
21299,0,3
21300,0,3
21301,0,3
21302,1,3
21303,28,7
21304,0,3
21305,0,3
21306,0,3
21307,28,6
21308,0,3
21309,0,3
21310,0,3
21311,21,5
21312,52,5
21313,32,7
21314,0,3
21315,69,11
21316,0,3
21317,45,9
21318,19,5
21319,0,3
21320,14,5
21321,25,6
21322,0,3
21323,82,8
21324,11,4
21325,125,12
21326,17,5
21327,59,9
21328,0,3
21329,20,7
21330,19,3
21331,18,5
21332,16,5
21333,92,12
21334,20,5
21335,19,5
21336,29,7
21337,5,3
21338,0,3
21339,2,3
21340,0,3
21341,10,6
21342,90,8
21343,4,3
21344,3,3
21345,100,4
21346,0,3
21347,44,4
21348,0,3
21349,34,6
21350,1,3
21351,0,3
21352,0,3
21353,2,3
21354,0,3
21355,4,3
21356,47,7
21357,0,3
21358,9,3
21359,82,12
21360,22,4
21361,0,3
21362,47,4
21363,106,5
21364,0,3
21365,95,9
21366,0,3
21367,0,3
21368,0,3
21369,0,3
21370,56,10
21371,27,7
21372,50,7
21373,1,3
21374,0,3
21375,0,3
21376,25,6
21377,40,6
21378,0,3
21379,29,3
21380,0,3
21381,51,8
21382,2,3
21383,35,6
21384,0,3
21385,27,5
21386,28,5
21387,63,8
21388,71,8
21389,49,7
21390,15,5
21391,31,7
21392,3,3
21393,104,11
21394,0,3
21395,0,3
21396,19,6
21397,0,3
21398,43,6
21399,0,3
21400,87,8
21401,0,3
21402,111,17
21403,0,3
21404,31,5
21405,0,3
21406,0,3
21407,52,7
21408,2,3
21409,40,7
21410,1,3
21411,0,3
21412,0,3
21413,0,3
21414,25,5
21415,70,9
21416,7,4
21417,0,3
21418,0,3
21419,53,8
21420,0,3
21421,65,11
21422,0,3
21423,0,3
21424,55,8
21425,11,3
21426,38,8
21427,0,3
21428,90,12
21429,52,7
21430,64,5
21431,39,6
21432,56,10
21433,37,6
21434,0,3
21435,31,6
21436,0,3
21437,88,9
21438,26,5
21439,75,5
21440,0,3
21441,78,7
21442,41,7
21443,50,7
21444,0,3
21445,0,3
21446,0,3
21447,0,3
21448,37,7
21449,0,3
21450,11,5
21451,16,5
21452,0,3
21453,81,10
21454,0,3
21455,18,6
21456,37,8
21457,35,8
21458,47,8
21459,24,5
21460,12,5
21461,34,7
21462,5,3
21463,16,4
21464,0,3
21465,0,3
21466,44,7
21467,36,10
21468,51,8
21469,49,8
21470,0,3
21471,38,10
21472,0,3
21473,0,3
21474,0,3
21475,0,3
21476,75,9
21477,70,5
21478,17,8
21479,23,7
21480,3,3
21481,107,8
21482,76,10
21483,0,3
21484,13,4
21485,0,3
21486,0,3
21487,32,6
21488,0,3
21489,19,6
21490,31,8
21491,21,7
21492,42,10
21493,21,6
21494,0,3
21495,0,3
21496,24,6
21497,3,3
21498,1,3
21499,0,3
21500,6,3
21501,0,3
21502,0,3
21503,0,3
21504,0,3
21505,0,3
21506,0,3
21507,102,9
21508,0,3
21509,30,7
21510,0,3
21511,0,3
21512,64,4
21513,27,6
21514,14,6
21515,0,3
21516,8,4
21517,0,3
21518,0,3
21519,0,3
21520,12,5
21521,0,3
21522,29,8
21523,0,3
21524,0,3
21525,0,3
21526,72,7
21527,79,4
21528,0,3
21529,0,3
21530,74,10
21531,7,3
21532,27,5
21533,38,6
21534,93,11
21535,24,5
21536,13,3
21537,48,4
21538,0,3
21539,0,3
21540,0,3
21541,71,10
21542,42,5
21543,0,3
21544,0,3
21545,0,3
21546,25,5
21547,21,7
21548,41,9
21549,2,3
21550,29,4
21551,0,3
21552,80,7
21553,0,3
21554,5,3
21555,24,7
21556,11,4
21557,21,5
21558,16,4
21559,0,3
21560,13,4
21561,1,3
21562,79,8
21563,55,7
21564,0,3
21565,0,3
21566,25,5
21567,0,3
21568,28,5
21569,26,5
21570,18,7
21571,0,3
21572,0,3
21573,0,3
21574,95,8
21575,0,3
21576,0,3
21577,21,7
21578,24,6
21579,16,6
21580,18,5
21581,0,3
21582,0,3
21583,0,3
21584,75,10
21585,68,10
21586,17,5
21587,0,3
21588,38,6
21589,5,3
21590,24,5
21591,34,6
21592,54,6
21593,38,7
21594,0,3
21595,0,3
21596,22,4
21597,8,3
21598,0,3
21599,85,10
21600,14,5
21601,24,4
21602,0,3
21603,0,3
21604,36,7
21605,22,5
21606,0,3
21607,51,1
21608,0,3
21609,27,6
21610,16,5
21611,0,3
21612,19,6
21613,5,4
21614,20,6
21615,13,5
21616,5,3
21617,18,4
21618,48,11
21619,0,3
21620,0,3
21621,0,3
21622,0,3
21623,10,3
21624,18,4
21625,101,7
21626,0,3
21627,51,9
21628,0,3
21629,0,3
21630,0,3
21631,19,5
21632,0,3
21633,65,10
21634,39,6
21635,0,3
21636,0,3
21637,55,5
21638,0,3
21639,2,3
21640,112,9
21641,0,3
21642,0,3
21643,15,3
21644,12,6
21645,0,3
21646,10,4
21647,0,3
21648,0,3
21649,0,3
21650,38,5
21651,57,9
21652,82,5
21653,0,3
21654,1,3
21655,0,3
21656,29,6
21657,73,7
21658,36,7
21659,3,3
21660,0,3
21661,0,3
21662,0,3
21663,14,4
21664,42,9
21665,69,10
21666,0,3
21667,19,6
21668,0,3
21669,0,3
21670,0,3
21671,28,7
21672,0,3
21673,35,6
21674,57,10
21675,17,5
21676,0,3
21677,130,9
21678,38,8
21679,30,8
21680,2,3
21681,25,6
21682,1,3
21683,26,9
21684,0,3
21685,41,6
21686,0,3
21687,41,6
21688,51,4
21689,0,3
21690,0,3
21691,36,8
21692,37,6
21693,3,3
21694,0,3
21695,0,3
21696,0,3
21697,0,3
21698,113,13
21699,20,5
21700,18,4
21701,51,10
21702,0,3
21703,33,6
21704,0,3
21705,16,5
21706,16,5
21707,31,5
21708,67,7
21709,38,7
21710,7,4
21711,0,3
21712,43,9
21713,24,5
21714,7,3
21715,0,3
21716,0,3
21717,0,3
21718,14,3
21719,59,9
21720,11,3
21721,91,9
21722,15,3
21723,3,4
21724,11,4
21725,19,5
21726,30,6
21727,53,11
21728,6,4
21729,12,4
21730,65,6
21731,0,3
21732,0,3
21733,61,7
21734,0,3
21735,2,3
21736,21,6
21737,55,9
21738,33,8
21739,0,3
21740,0,3
21741,38,8
21742,44,7
21743,0,3
21744,13,4
21745,67,10
21746,0,3
21747,59,8
21748,0,3
21749,0,3
21750,48,8
21751,29,6
21752,67,8
21753,37,7
21754,87,11
21755,0,3
21756,28,7
21757,0,3
21758,46,7
21759,1,3
21760,24,6
21761,52,6
21762,0,3
21763,80,10
21764,28,7
21765,44,8
21766,69,11
21767,0,3
21768,16,6
21769,25,7
21770,0,3
21771,29,5
21772,15,4
21773,0,3
21774,0,3
21775,0,3
21776,68,4
21777,0,3
21778,22,6
21779,2,3
21780,25,4
21781,21,4
21782,105,12
21783,0,3
21784,0,3
21785,0,3
21786,0,3
21787,0,3
21788,46,5
21789,6,3
21790,0,3
21791,0,3
21792,36,5
21793,0,3
21794,34,6
21795,0,3
21796,0,3
21797,23,7
21798,0,3
21799,59,9
21800,46,8
21801,3,3
21802,0,3
21803,0,3
21804,154,8
21805,0,3
21806,34,6
21807,70,3
21808,0,3
21809,16,6
21810,10,4
21811,25,3
21812,0,3
21813,78,5
21814,0,3
21815,13,7
21816,0,3
21817,0,3
21818,11,4
21819,0,3
21820,63,8
21821,24,6
21822,45,7
21823,59,9
21824,0,3
21825,0,3
21826,0,3
21827,77,7
21828,40,10
21829,38,8
21830,3,3
21831,0,3
21832,0,3
21833,51,9
21834,71,11
21835,19,5
21836,25,5
21837,0,3
21838,0,3
21839,0,3
21840,50,10
21841,59,7
21842,51,11
21843,1,3
21844,0,3
21845,0,3
21846,0,3
21847,0,3
21848,0,3
21849,71,11
21850,18,4
21851,53,10
21852,0,3
21853,13,4
21854,0,3
21855,29,5
21856,0,3
21857,0,3
21858,0,3
21859,72,5
21860,0,3
21861,31,5
21862,0,3
21863,28,6
21864,45,7
21865,0,3
21866,0,3
21867,0,3
21868,31,7
21869,82,9
21870,0,3
21871,37,8
21872,69,5
21873,31,5
21874,0,3
21875,1,3
21876,11,4
21877,0,3
21878,62,10
21879,27,6
21880,24,4
21881,17,4
21882,0,3
21883,7,4
21884,0,3
21885,8,3
21886,47,6
21887,57,8
21888,40,7
21889,0,3
21890,46,6
21891,0,3
21892,0,3
21893,0,3
21894,58,5
21895,29,7
21896,0,3
21897,1,3
21898,0,3
21899,0,3
21900,15,5
21901,90,10
21902,72,7
21903,47,6
21904,0,3
21905,37,7
21906,49,6
21907,0,3
21908,11,5
21909,0,3
21910,0,3
21911,0,3
21912,74,7
21913,36,6
21914,0,3
21915,0,3
21916,34,10
21917,4,3
21918,9,4
21919,0,3
21920,60,7
21921,5,3
21922,0,3
21923,38,1
21924,3,3
21925,0,3
21926,26,7
21927,37,6
21928,0,3
21929,2,3
21930,0,3
21931,9,4
21932,0,3
21933,0,3
21934,0,3
21935,5,3
21936,85,9
21937,92,7
21938,0,3
21939,0,3
21940,0,3
21941,0,3
21942,16,5
21943,0,3
21944,31,5
21945,9,4
21946,40,7
21947,54,8
21948,1,3
21949,17,4
21950,61,6
21951,57,8
21952,12,5
21953,0,3
21954,51,8
21955,57,10
21956,27,6
21957,54,5
21958,28,6
21959,0,3
21960,61,9
21961,20,4
21962,0,3
21963,0,3
21964,84,12
21965,30,6
21966,0,3
21967,50,5
21968,0,3
21969,48,9
21970,0,3
21971,69,10
21972,0,3
21973,57,9
21974,64,9
21975,43,5
21976,17,5
21977,59,7
21978,74,10
21979,0,3
21980,0,3
21981,0,3
21982,18,5
21983,0,3
21984,109,10
21985,0,3
21986,53,5
21987,9,5
21988,0,3
21989,19,6
21990,43,7
21991,40,6
21992,12,6
21993,37,6
21994,0,3
21995,29,8
21996,18,5
21997,0,3
21998,42,6
21999,51,9
22000,0,3
22001,0,3
22002,5,2
22003,14,4
22004,41,7
22005,0,3
22006,0,3
22007,55,5
22008,12,5
22009,0,3
22010,17,4
22011,46,10
22012,0,3
22013,46,6
22014,0,3
22015,1,3
22016,13,3
22017,0,3
22018,0,3
22019,8,4
22020,89,7
22021,0,3
22022,18,5
22023,43,7
22024,52,7
22025,0,3
22026,0,3
22027,68,7
22028,0,3
22029,0,3
22030,41,9
22031,71,12
22032,30,7
22033,62,12
22034,28,6
22035,0,3
22036,61,9
22037,10,4
22038,19,5
22039,0,3
22040,34,5
22041,0,3
22042,10,3
22043,10,5
22044,39,6
22045,0,3
22046,43,6
22047,0,3
22048,0,3
22049,0,3
22050,58,7
22051,30,5
22052,4,2
22053,0,3
22054,0,3
22055,109,7
22056,41,7
22057,0,3
22058,41,7
22059,0,3
22060,0,3
22061,0,3
22062,34,6
22063,28,6
22064,0,3
22065,9,4
22066,43,4
22067,14,4
22068,3,3
22069,0,3
22070,0,3
22071,41,9
22072,44,6
22073,0,3
22074,0,3
22075,0,3
22076,0,3
22077,29,7
22078,0,3
22079,16,5
22080,0,3
22081,56,13
22082,11,4
22083,23,6
22084,0,3
22085,0,3
22086,29,6
22087,31,7
22088,0,3
22089,43,6
22090,20,5
22091,31,5
22092,12,6
22093,61,6
22094,0,3
22095,27,6
22096,24,5
22097,0,3
22098,21,6
22099,28,4
22100,32,9
22101,0,3
22102,27,6
22103,25,8
22104,41,8
22105,0,3
22106,76,13
22107,0,3
22108,104,6
22109,0,3
22110,0,3
22111,0,3
22112,0,3
22113,0,3
22114,59,11
22115,0,3
22116,30,7
22117,0,3
22118,1,3
22119,101,9
22120,0,3
22121,0,3
22122,0,3
22123,0,3
22124,0,3
22125,61,5
22126,37,8
22127,41,9
22128,45,8
22129,42,4
22130,80,6
22131,0,3
22132,40,8
22133,2,3
22134,0,3
22135,97,11
22136,45,8
22137,40,3
22138,0,3
22139,45,7
22140,0,3
22141,0,3
22142,0,3
22143,76,10
22144,22,6
22145,17,5
22146,8,4
22147,23,6
22148,55,8
22149,0,3
22150,79,9
22151,22,5
22152,16,5
22153,0,3
22154,0,3
22155,3,3
22156,9,3
22157,30,5
22158,60,7
22159,0,3
22160,0,3
22161,0,3
22162,7,2
22163,32,6
22164,0,3
22165,0,3
22166,0,3
22167,25,5
22168,76,12
22169,0,3
22170,28,6
22171,21,5
22172,0,3
22173,40,8
22174,37,7
22175,46,5
22176,64,8
22177,0,3
22178,17,3
22179,20,6
22180,0,3
22181,27,8
22182,14,4
22183,20,5
22184,0,3
22185,0,3
22186,44,5
22187,73,11
22188,51,9
22189,0,3
22190,0,3
22191,68,4
22192,57,7
22193,0,3
22194,15,4
22195,17,5
22196,0,3
22197,6,3
22198,0,3
22199,0,3
22200,22,7
22201,14,4
22202,0,3
22203,26,6
22204,0,3
22205,0,3
22206,0,3
22207,61,6
22208,0,3
22209,41,7
22210,35,11
22211,27,8
22212,8,4
22213,77,5
22214,70,10
22215,5,5
22216,0,3
22217,15,5
22218,64,7
22219,6,3
22220,0,3
22221,21,6
22222,0,3
22223,0,3
22224,54,8
22225,0,3
22226,0,3
22227,23,5
22228,47,9
22229,0,3
22230,0,3
22231,0,3
22232,0,3
22233,11,5
22234,9,4
22235,0,3
22236,3,2
22237,60,10
22238,45,11
22239,32,7
22240,0,3
22241,73,7
22242,4,3
22243,0,3
22244,0,3
22245,24,7
22246,2,3
22247,0,3
22248,8,3
22249,3,3
22250,40,3
22251,0,3
22252,9,3
22253,17,3
22254,26,6
22255,0,3
22256,111,15
22257,0,3
22258,37,5
22259,17,4
22260,11,5
22261,29,4
22262,0,3
22263,3,4
22264,7,4
22265,0,3
22266,21,4
22267,0,3
22268,63,10
22269,43,6
22270,73,9
22271,27,5
22272,17,8
22273,52,5
22274,2,4
22275,0,3
22276,51,8
22277,0,3
22278,8,4
22279,0,3
22280,23,6
22281,17,5
22282,11,4
22283,24,5
22284,0,3
22285,0,3
22286,0,3
22287,0,3
22288,0,3
22289,44,9
22290,91,5
22291,0,3
22292,0,3
22293,17,6
22294,0,3
22295,15,2
22296,114,6
22297,44,7
22298,42,5
22299,31,8
22300,10,5
22301,85,7
22302,0,3
22303,39,9
22304,15,5
22305,44,9
22306,0,3
22307,40,6
22308,0,3
22309,0,3
22310,49,8
22311,11,4
22312,0,3
22313,30,3
22314,36,9
22315,51,6
22316,24,5
22317,42,8
22318,24,4
22319,58,4
22320,38,6
22321,19,5
22322,28,7
22323,35,8
22324,40,7
22325,60,10
22326,28,5
22327,26,4
22328,0,3
22329,52,5
22330,0,3
22331,7,3
22332,32,7
22333,55,7
22334,0,3
22335,17,5
22336,1,3
22337,17,4
22338,0,3
22339,58,8
22340,28,4
22341,0,3
22342,0,3
22343,0,3
22344,0,3
22345,48,7
22346,46,5
22347,56,12
22348,0,3
22349,61,10
22350,46,8
22351,16,3
22352,0,3
22353,63,8
22354,36,6
22355,0,3
22356,73,11
22357,48,9
22358,46,8
22359,47,9
22360,0,3
22361,0,3
22362,0,3
22363,0,3
22364,2,3
22365,0,3
22366,9,3
22367,17,4
22368,28,7
22369,25,7
22370,14,5
22371,40,9
22372,24,7
22373,1,4
22374,0,3
22375,12,4
22376,0,3
22377,1,3
22378,57,10
22379,10,5
22380,69,9
22381,66,8
22382,0,3
22383,3,3
22384,26,5
22385,0,3
22386,13,3
22387,0,3
22388,102,6
22389,0,3
22390,34,6
22391,0,3
22392,29,6
22393,0,3
22394,54,6
22395,24,6
22396,43,7
22397,25,3
22398,16,4
22399,63,5
22400,19,5
22401,0,3
22402,39,6
22403,46,6
22404,9,4
22405,34,8
22406,28,6
22407,52,9
22408,0,3
22409,88,11
22410,18,3
22411,23,6
22412,0,3
22413,36,9
22414,16,3
22415,19,6
22416,0,3
22417,15,4
22418,0,3
22419,23,8
22420,0,3
22421,0,3
22422,0,3
22423,0,3
22424,0,3
22425,39,7
22426,104,5
22427,103,7
22428,4,3
22429,0,3
22430,0,3
22431,79,8
22432,40,8
22433,0,3
22434,67,9
22435,7,5
22436,77,7
22437,107,8
22438,0,3
22439,125,13
22440,0,3
22441,0,3
22442,30,6
22443,66,9
22444,43,5
22445,0,3
22446,60,11
22447,41,10
22448,44,6
22449,0,3
22450,0,3
22451,0,3
22452,6,3
22453,38,4
22454,31,4
22455,0,3
22456,18,5
22457,23,6
22458,0,3
22459,53,8
22460,80,10
22461,42,11
22462,0,3
22463,28,6
22464,54,7
22465,49,3
22466,28,6
22467,54,8
22468,32,4
22469,19,7
22470,0,3
22471,0,3
22472,5,3
22473,26,7
22474,42,9
22475,0,3
22476,0,3
22477,61,8
22478,15,3
22479,52,7
22480,32,4
22481,19,4
22482,0,3
22483,41,4
22484,0,3
22485,27,8
22486,0,3
22487,39,8
22488,0,3
22489,7,4
22490,23,6
22491,20,4
22492,13,3
22493,0,3
22494,0,3
22495,0,3
22496,20,6
22497,46,8
22498,45,7
22499,0,3
22500,1,3
22501,0,3
22502,27,5
22503,93,11
22504,82,6
22505,10,4
22506,60,11
22507,24,8
22508,49,5
22509,0,3
22510,0,3
22511,10,4
22512,40,6
22513,0,3
22514,0,3
22515,44,3
22516,49,8
22517,0,3
22518,46,7
22519,0,3
22520,20,7
22521,44,5
22522,56,8
22523,0,3
22524,2,3
22525,72,8
22526,0,3
22527,39,8
22528,47,11
22529,0,3
22530,38,5
22531,77,11
22532,0,3
22533,29,8
22534,26,7
22535,0,3
22536,47,6
22537,23,4
22538,18,6
22539,49,5
22540,35,8
22541,23,5
22542,0,3
22543,28,6
22544,35,6
22545,0,3
22546,0,3
22547,0,3
22548,0,3
22549,27,3
22550,0,3
22551,0,3
22552,11,4
22553,0,3
22554,60,8
22555,19,6
22556,4,3
22557,97,9
22558,11,4
22559,113,7
22560,0,3
22561,65,9
22562,49,6
22563,39,5
22564,31,10
22565,0,3
22566,0,3
22567,17,5
22568,43,7
22569,0,3
22570,19,5
22571,6,4
22572,0,3
22573,116,9
22574,50,9
22575,33,8
22576,0,3
22577,0,3
22578,53,11
22579,0,3
22580,0,3
22581,16,6
22582,75,6
22583,65,6
22584,41,5
22585,22,7
22586,0,3
22587,0,3
22588,98,7
22589,33,7
22590,48,9
22591,0,3
22592,21,7
22593,63,7
22594,0,3
22595,94,11
22596,0,3
22597,0,3
22598,0,3
22599,57,8
22600,12,4
22601,0,3
22602,62,9
22603,0,3
22604,16,6
22605,0,3
22606,0,3
22607,0,3
22608,2,3
22609,41,11
22610,32,6
22611,45,5
22612,0,3
22613,62,6
22614,0,3
22615,0,3
22616,0,3
22617,21,4
22618,15,6
22619,35,7
22620,0,3
22621,29,5
22622,0,3
22623,25,6
22624,0,3
22625,0,3
22626,4,4
22627,24,6
22628,3,3
22629,58,5
22630,53,7
22631,15,3
22632,19,8
22633,58,9
22634,0,3
22635,84,13
22636,0,3
22637,13,3
22638,1,3
22639,11,3
22640,30,6
22641,32,7
22642,0,3
22643,9,3
22644,14,4
22645,18,6
22646,72,11
22647,1,3
22648,8,4
22649,0,3
22650,33,5
22651,74,6
22652,0,3
22653,57,9
22654,22,5
22655,0,3
22656,97,14
22657,40,4
22658,49,8
22659,0,3
22660,52,8
22661,4,3
22662,0,3
22663,2,3
22664,0,3
22665,81,8
22666,18,5
22667,16,4
22668,40,8
22669,0,3
22670,80,5
22671,27,3
22672,20,5
22673,0,3
22674,75,9
22675,47,7
22676,27,4
22677,0,3
22678,14,5
22679,40,10
22680,0,3
22681,0,3
22682,0,3
22683,50,8
22684,0,3
22685,57,7
22686,0,3
22687,5,4
22688,29,7
22689,0,3
22690,0,3
22691,39,8
22692,21,3
22693,50,8
22694,45,9
22695,22,6
22696,21,4
22697,64,8
22698,0,3
22699,0,3
22700,0,3
22701,21,5
22702,20,6
22703,38,6
22704,45,7
22705,29,4
22706,0,3
22707,0,3
22708,11,5
22709,0,3
22710,23,5
22711,75,10
22712,5,4
22713,0,3
22714,35,7
22715,0,3
22716,12,5
22717,0,3
22718,0,3
22719,0,3
22720,0,3
22721,0,3
22722,4,3
22723,80,5
22724,0,3
22725,37,9
22726,41,9
22727,60,10
22728,46,5
22729,0,3
22730,0,3
22731,0,3
22732,0,3
22733,0,3
22734,0,3
22735,29,6
22736,63,10
22737,28,6
22738,55,8
22739,4,3
22740,31,7
22741,15,3
22742,0,3
22743,79,6
22744,0,3
22745,0,3
22746,29,8
22747,0,3
22748,17,5
22749,74,12
22750,0,3
22751,10,5
22752,23,6
22753,0,3
22754,12,5
22755,12,6
22756,49,7
22757,9,5
22758,0,3
22759,36,7
22760,74,8
22761,8,4
22762,46,6
22763,0,3
22764,12,6
22765,0,3
22766,63,7
22767,7,4
22768,56,5
22769,99,11
22770,23,5
22771,5,4
22772,0,3
22773,38,7
22774,0,3
22775,21,7
22776,46,9
22777,33,9
22778,7,3
22779,3,4
22780,45,8
22781,18,6
22782,24,5
22783,40,7
22784,0,3
22785,6,3
22786,62,8
22787,54,8
22788,6,4
22789,32,5
22790,20,6
22791,111,9
22792,62,12
22793,120,10
22794,0,3
22795,32,6
22796,0,3
22797,0,3
22798,2,3
22799,18,4
22800,0,3
22801,81,8
22802,31,7
22803,0,3
22804,0,3
22805,3,3
22806,38,6
22807,42,8
22808,81,11
22809,30,5
22810,42,5
22811,38,5
22812,0,3
22813,39,8
22814,0,3
22815,0,3
22816,0,3
22817,0,3
22818,89,12
22819,0,3
22820,14,5
22821,89,5
22822,50,7
22823,31,5
22824,0,3
22825,33,8
22826,0,3
22827,0,3
22828,0,3
22829,29,7
22830,0,3
22831,29,6
22832,36,6
22833,42,7
22834,0,3
22835,0,3
22836,65,9
22837,0,3
22838,32,6
22839,0,3
22840,36,7
22841,30,6
22842,0,3
22843,0,3
22844,20,6
22845,0,3
22846,0,3
22847,3,3
22848,0,3
22849,47,7
22850,60,9
22851,25,8
22852,0,3
22853,77,7
22854,0,3
22855,22,6
22856,18,5
22857,0,3
22858,32,5
22859,18,5
22860,0,3
22861,0,3
22862,20,5
22863,89,10
22864,92,8
22865,0,3
22866,138,8
22867,10,4
22868,0,3
22869,77,12
22870,69,9
22871,0,3
22872,0,3
22873,26,7
22874,0,3
22875,40,8
22876,0,3
22877,36,7
22878,71,8
22879,62,11
22880,0,3
22881,0,3
22882,56,6
22883,26,7
22884,21,7
22885,0,3
22886,0,3
22887,6,5
22888,30,3
22889,0,3
22890,18,6
22891,56,10
22892,43,8
22893,31,7
22894,0,3
22895,54,8
22896,28,5
22897,122,8
22898,57,10
22899,0,3
22900,31,6
22901,25,6
22902,0,3
22903,17,3
22904,47,7
22905,15,4
22906,0,3
22907,0,3
22908,26,10
22909,0,3
22910,0,3
22911,0,3
22912,0,3
22913,50,10
22914,60,6
22915,37,5
22916,76,13
22917,22,5
22918,61,9
22919,29,6
22920,0,3
22921,44,6
22922,20,6
22923,2,3
22924,0,3
22925,0,3
22926,44,8
22927,1,3
22928,40,8
22929,4,4
22930,0,3
22931,99,10
22932,0,3
22933,0,3
22934,13,4
22935,24,7
22936,0,3
22937,78,8
22938,80,6
22939,55,9
22940,0,3
22941,0,3
22942,12,4
22943,16,5
22944,35,5
22945,0,3
22946,47,5
22947,12,4
22948,0,3
22949,61,5
22950,0,3
22951,36,6
22952,54,7
22953,0,3
22954,0,3
22955,0,3
22956,31,3
22957,18,4
22958,48,7
22959,24,5
22960,25,5
22961,32,5
22962,0,3
22963,0,3
22964,86,4
22965,21,6
22966,10,3
22967,0,3
22968,53,8
22969,4,3
22970,37,4
22971,12,7
22972,30,7
22973,67,6
22974,30,7
22975,0,3
22976,0,3
22977,29,4
22978,15,4
22979,1,3
22980,0,3
22981,6,4
22982,0,3
22983,4,3
22984,51,6
22985,0,3
22986,6,3
22987,0,3
22988,21,6
22989,4,3
22990,0,3
22991,11,6
22992,25,6
22993,81,10
22994,0,3
22995,0,3
22996,100,9
22997,0,3
22998,79,8
22999,12,3
23000,13,5
23001,25,5
23002,12,4
23003,47,5
23004,0,3
23005,0,3
23006,35,5
23007,47,8
23008,54,10
23009,0,3
23010,65,10
23011,0,3
23012,0,3
23013,0,3
23014,56,6
23015,59,9
23016,14,4
23017,0,3
23018,0,3
23019,50,10
23020,7,3
23021,38,6
23022,81,7
23023,0,3
23024,22,7
23025,0,3
23026,26,6
23027,15,1
23028,24,5
23029,35,5
23030,40,6
23031,23,6
23032,16,4
23033,75,10
23034,0,3
23035,14,6
23036,25,7
23037,0,3
23038,30,6
23039,35,6
23040,34,4
23041,17,4
23042,17,5
23043,0,3
23044,6,3
23045,0,3
23046,32,4
23047,116,13
23048,8,4
23049,39,9
23050,93,8
23051,19,5
23052,0,3
23053,63,5
23054,65,7
23055,38,5
23056,0,3
23057,24,4
23058,3,3
23059,1,3
23060,19,8
23061,52,6
23062,26,5
23063,1,3
23064,40,9
23065,17,6
23066,0,3
23067,0,3
23068,0,3
23069,16,5
23070,22,7
23071,77,12
23072,23,7
23073,0,3
23074,71,8
23075,20,5
23076,15,5
23077,0,3
23078,36,7
23079,0,3
23080,7,4
23081,0,3
23082,0,3
23083,79,5
23084,23,7
23085,0,3
23086,85,9
23087,0,3
23088,0,3
23089,9,3
23090,59,9
23091,0,3
23092,44,7
23093,25,5
23094,22,6
23095,25,6
23096,0,3
23097,21,5
23098,0,3
23099,12,5
23100,0,3
23101,2,3
23102,6,3
23103,59,9
23104,30,5
23105,29,5
23106,0,3
23107,0,3
23108,0,3
23109,19,7
23110,111,4
23111,80,5
23112,22,5
23113,0,3
23114,83,9
23115,0,3
23116,99,5
23117,3,3
23118,27,3
23119,56,7
23120,71,8
23121,130,4
23122,0,3
23123,110,12
23124,28,6
23125,42,8
23126,0,3
23127,135,15
23128,42,7
23129,0,3
23130,0,3
23131,31,5
23132,0,3
23133,68,11
23134,108,11
23135,32,6
23136,47,7
23137,11,3
23138,36,6
23139,16,6
23140,63,7
23141,16,4
23142,64,10
23143,61,9
23144,0,3
23145,0,3
23146,11,5
23147,24,6
23148,16,3
23149,70,9
23150,89,10
23151,121,10
23152,40,8
23153,43,7
23154,12,4
23155,10,3
23156,0,3
23157,37,7
23158,0,3
23159,5,3
23160,62,7
23161,0,3
23162,47,8
23163,5,4
23164,39,6
23165,0,3
23166,49,10
23167,0,3
23168,0,3
23169,45,3
23170,150,14
23171,76,8
23172,57,8
23173,65,9
23174,41,6
23175,0,3
23176,39,5
23177,34,8
23178,33,6
23179,0,3
23180,35,6
23181,0,3
23182,61,9
23183,0,3
23184,14,3
23185,0,3
23186,0,3
23187,0,3
23188,79,9
23189,0,3
23190,0,3
23191,27,8
23192,44,8
23193,65,4
23194,63,12
23195,88,9
23196,0,3
23197,0,3
23198,53,9
23199,0,3
23200,15,6
23201,0,3
23202,70,4
23203,46,9
23204,0,3
23205,12,3
23206,16,3
23207,30,8
23208,35,6
23209,0,3
23210,0,3
23211,57,11
23212,0,3
23213,40,9
23214,1,3
23215,45,8
23216,0,3
23217,14,5
23218,0,3
23219,101,9
23220,19,5
23221,65,9
23222,0,3
23223,0,3
23224,80,11
23225,39,6
23226,0,3
23227,0,3
23228,10,4
23229,40,5
23230,12,3
23231,0,3
23232,66,7
23233,26,4
23234,12,5
23235,38,8
23236,54,6
23237,0,3
23238,30,6
23239,42,8
23240,0,3
23241,45,6
23242,0,3
23243,38,6
23244,0,3
23245,16,5
23246,48,8
23247,10,4
23248,110,8
23249,51,6
23250,0,3
23251,23,6
23252,0,3
23253,0,3
23254,54,9
23255,65,9
23256,50,8
23257,33,8
23258,0,3
23259,98,9
23260,19,4
23261,0,3
23262,53,9
23263,51,9
23264,0,3
23265,17,6
23266,24,3
23267,92,12
23268,45,10
23269,39,6
23270,0,3
23271,14,4
23272,0,3
23273,33,7
23274,18,6
23275,5,4
23276,0,3
23277,60,4
23278,0,3
23279,0,3
23280,0,3
23281,53,6
23282,62,8
23283,0,3
23284,3,2
23285,5,3
23286,12,4
23287,0,3
23288,0,3
23289,19,5
23290,0,3
23291,2,3
23292,0,3
23293,0,3
23294,4,3
23295,0,3
23296,7,4
23297,16,3
23298,19,5
23299,92,10
23300,25,8
23301,21,7
23302,41,9
23303,83,10
23304,0,3
23305,5,3
23306,42,6
23307,16,5
23308,50,10
23309,20,6
23310,0,3
23311,60,4
23312,43,4
23313,1,3
23314,0,3
23315,0,3
23316,19,5
23317,4,5
23318,12,6
23319,0,3
23320,0,3
23321,0,3
23322,0,3
23323,38,9
23324,8,5
23325,16,6
23326,58,10
23327,3,3
23328,49,6
23329,0,3
23330,0,3
23331,0,3
23332,56,8
23333,39,5
23334,0,3
23335,75,9
23336,82,9
23337,22,5
23338,0,3
23339,0,3
23340,2,3
23341,53,6
23342,35,10
23343,0,3
23344,24,3
23345,0,3
23346,0,3
23347,0,3
23348,38,7
23349,0,3
23350,63,5
23351,61,6
23352,21,4
23353,0,3
23354,17,4
23355,6,4
23356,0,3
23357,4,3
23358,72,8
23359,4,4
23360,0,3
23361,0,3
23362,0,3
23363,23,3
23364,16,4
23365,0,3
23366,56,8
23367,8,3
23368,60,9
23369,22,5
23370,30,8
23371,58,5
23372,0,3
23373,41,8
23374,32,7
23375,0,3
23376,27,8
23377,49,9
23378,86,5
23379,73,13
23380,68,7
23381,40,9
23382,26,7
23383,17,3
23384,62,5
23385,0,3
23386,0,3
23387,50,7
23388,0,3
23389,71,7
23390,0,3
23391,23,5
23392,0,3
23393,0,3
23394,25,7
23395,55,4
23396,18,5
23397,10,4
23398,0,3
23399,6,4
23400,49,7
23401,71,8
23402,45,10
23403,56,10
23404,0,3
23405,34,6
23406,0,3
23407,38,6
23408,20,6
23409,63,10
23410,0,3
23411,13,4
23412,0,3
23413,21,6
23414,0,3
23415,0,3
23416,54,5
23417,34,8
23418,19,8
23419,58,6
23420,0,3
23421,17,5
23422,45,8
23423,194,4
23424,45,5
23425,68,10
23426,23,6
23427,79,9
23428,36,8
23429,0,3
23430,57,7
23431,43,6
23432,9,3
23433,16,6
23434,0,3
23435,415,8
23436,63,10
23437,0,3
23438,103,9
23439,0,3
23440,0,3
23441,27,6
23442,13,6
23443,13,5
23444,28,6
23445,0,3
23446,94,10
23447,33,5
23448,17,5
23449,0,3
23450,3,3
23451,0,3
23452,0,3
23453,0,3
23454,0,3
23455,33,5
23456,6,4
23457,11,3
23458,37,8
23459,0,3
23460,54,7
23461,26,6
23462,0,3
23463,0,3
23464,0,3
23465,0,3
23466,79,10
23467,52,7
23468,70,11
23469,20,5
23470,0,3
23471,32,5
23472,0,3
23473,0,3
23474,0,3
23475,0,3
23476,0,3
23477,0,3
23478,0,3
23479,39,5
23480,14,5
23481,7,3
23482,20,3
23483,102,10
23484,39,9
23485,5,3
23486,0,3
23487,0,3
23488,15,6
23489,31,4
23490,23,6
23491,0,3
23492,71,7
23493,16,6
23494,0,3
23495,35,8
23496,66,10
23497,3,3
23498,70,12
23499,25,6
23500,29,8
23501,88,11
23502,39,8
23503,46,6
23504,0,3
23505,18,5
23506,0,3
23507,50,12
23508,71,11
23509,0,3
23510,64,10
23511,0,3
23512,1,3
23513,18,5
23514,1,3
23515,0,3
23516,0,3
23517,34,5
23518,5,3
23519,60,9
23520,57,10
23521,0,3
23522,29,8
23523,0,3
23524,4,3
23525,0,3
23526,11,4
23527,37,7
23528,41,7
23529,124,13
23530,21,8
23531,44,7
23532,33,8
23533,5,3
23534,10,3
23535,69,9
23536,0,3
23537,1,3
23538,51,10
23539,4,3
23540,19,4
23541,0,3
23542,71,4
23543,2,3
23544,33,7
23545,60,10
23546,48,9
23547,0,3
23548,32,6
23549,52,7
23550,29,8
23551,45,6
23552,0,3
23553,0,3
23554,68,11
23555,31,7
23556,129,10
23557,59,9
23558,24,5
23559,5,3
23560,0,3
23561,33,8
23562,24,7
23563,0,3
23564,0,3
23565,0,3
23566,11,5
23567,29,7
23568,28,7
23569,0,3
23570,49,11
23571,28,7
23572,35,9
23573,37,8
23574,11,4
23575,66,9
23576,44,7
23577,0,3
23578,12,3
23579,0,3
23580,39,6
23581,45,8
23582,0,3
23583,0,3
23584,0,3
23585,0,3
23586,43,11
23587,0,3
23588,0,3
23589,0,3
23590,0,3
23591,14,5
23592,0,3
23593,53,10
23594,23,4
23595,41,8
23596,0,3
23597,0,3
23598,106,10
23599,24,7
23600,32,7
23601,22,6
23602,3,3
23603,24,7
23604,0,3
23605,0,3
23606,0,3
23607,71,9
23608,0,3
23609,0,3
23610,64,8
23611,57,8
23612,0,3
23613,56,7
23614,104,8
23615,48,9
23616,23,4
23617,0,3
23618,49,8
23619,0,3
23620,0,3
23621,0,3
23622,0,3
23623,21,5
23624,0,3
23625,25,5
23626,0,3
23627,0,3
23628,59,10
23629,44,9
23630,40,7
23631,72,5
23632,0,3
23633,0,3
23634,0,3
23635,25,5
23636,53,9
23637,26,5
23638,49,8
23639,11,4
23640,91,12
23641,34,9
23642,26,8
23643,35,6
23644,48,9
23645,0,3
23646,36,8
23647,0,3
23648,130,11
23649,47,8
23650,0,3
23651,88,7
23652,61,4
23653,13,4
23654,19,5
23655,59,7
23656,24,6
23657,0,3
23658,0,3
23659,53,8
23660,0,3
23661,2,4
23662,0,3
23663,19,4
23664,0,3
23665,27,5
23666,6,3
23667,0,3
23668,64,12
23669,0,3
23670,4,3
23671,0,3
23672,29,8
23673,0,3
23674,5,5
23675,19,5
23676,0,3
23677,6,4
23678,0,3
23679,7,3
23680,37,9
23681,0,3
23682,57,9
23683,16,4
23684,22,5
23685,0,3
23686,56,10
23687,22,5
23688,93,12
23689,44,6
23690,80,9
23691,26,6
23692,45,6
23693,32,5
23694,39,2
23695,50,8
23696,74,8
23697,0,3
23698,0,3
23699,71,9
23700,47,8
23701,27,8
23702,44,10
23703,0,3
23704,63,10
23705,8,5
23706,41,6
23707,0,3
23708,0,3
23709,6,4
23710,27,7
23711,29,6
23712,61,9
23713,0,3
23714,67,11
23715,0,3
23716,18,5
23717,38,8
23718,0,3
23719,10,4
23720,0,3
23721,0,3
23722,0,3
23723,38,7
23724,0,3
23725,0,3
23726,39,6
23727,27,6
23728,30,6
23729,26,8
23730,7,3
23731,23,7
23732,0,3
23733,37,8
23734,0,3
23735,0,3
23736,29,9
23737,91,10
23738,12,5
23739,31,9
23740,0,3
23741,0,3
23742,21,6
23743,0,3
23744,53,11
23745,53,6
23746,50,8
23747,63,8
23748,0,3
23749,30,7
23750,51,10
23751,7,5
23752,6,4
23753,75,10
23754,60,9
23755,0,3
23756,0,3
23757,19,5
23758,0,3
23759,37,7
23760,30,6
23761,0,3
23762,27,7
23763,49,5
23764,0,3
23765,0,3
23766,26,7
23767,0,3
23768,0,3
23769,70,6
23770,0,3
23771,0,3
23772,19,4
23773,0,3
23774,0,3
23775,0,3
23776,291,6
23777,5,4
23778,13,4
23779,0,3
23780,1,3
23781,0,3
23782,100,10
23783,35,7
23784,0,3
23785,30,4
23786,9,4
23787,30,9
23788,0,3
23789,0,3
23790,45,9
23791,2,3
23792,31,8
23793,15,6
23794,0,3
23795,44,6
23796,0,3
23797,10,5
23798,7,3
23799,84,8
23800,225,8
23801,79,12
23802,95,8
23803,23,5
23804,0,3
23805,0,3
23806,3,4
23807,43,5
23808,46,7
23809,0,3
23810,0,3
23811,29,6
23812,1,3
23813,62,10
23814,8,4
23815,0,3
23816,42,8
23817,74,10
23818,1,3
23819,37,9
23820,0,3
23821,93,11
23822,70,9
23823,29,8
23824,0,3
23825,23,7
23826,16,5
23827,0,3
23828,15,5
23829,22,5
23830,0,3
23831,0,3
23832,141,11
23833,49,9
23834,0,3
23835,0,3
23836,55,8
23837,80,10
23838,0,3
23839,2,3
23840,5,3
23841,14,6
23842,53,11
23843,15,5
23844,26,5
23845,33,7
23846,0,3
23847,20,8
23848,0,3
23849,0,3
23850,68,11
23851,24,5
23852,44,7
23853,0,3
23854,1,3
23855,0,3
23856,8,3
23857,0,3
23858,5,4
23859,54,7
23860,2,3
23861,74,12
23862,0,3
23863,64,8
23864,55,10
23865,55,9
23866,0,3
23867,0,3
23868,41,5
23869,67,10
23870,70,6
23871,61,8
23872,0,3
23873,44,9
23874,7,5
23875,50,6
23876,0,3
23877,0,3
23878,0,3
23879,47,10
23880,54,3
23881,30,8
23882,53,10
23883,0,3
23884,61,9
23885,14,5
23886,0,3
23887,60,6
23888,0,3
23889,57,6
23890,0,3
23891,0,3
23892,20,5
23893,0,3
23894,0,3
23895,0,3
23896,0,3
23897,51,6
23898,2,3
23899,0,3
23900,64,11
23901,0,3
23902,0,3
23903,0,3
23904,10,3
23905,0,3
23906,37,9
23907,0,3
23908,7,5
23909,31,6
23910,5,3
23911,49,11
23912,0,3
23913,28,7
23914,98,8
23915,21,6
23916,18,4
23917,0,3
23918,10,5
23919,0,3
23920,0,3
23921,21,5
23922,20,4
23923,63,10
23924,115,11
23925,13,5
23926,54,8
23927,0,3
23928,19,5
23929,20,4
23930,37,5
23931,0,3
23932,5,4
23933,22,5
23934,0,3
23935,32,5
23936,80,10
23937,8,3
23938,30,6
23939,3,3
23940,0,3
23941,7,4
23942,150,9
23943,40,4
23944,47,7
23945,79,9
23946,64,6
23947,0,3
23948,0,3
23949,0,3
23950,0,3
23951,69,8
23952,0,3
23953,12,5
23954,75,10
23955,0,3
23956,44,5
23957,0,3
23958,41,8
23959,22,7
23960,0,3
23961,0,3
23962,19,6
23963,37,7
23964,27,5
23965,53,8
23966,47,8
23967,42,8
23968,36,10
23969,0,3
23970,47,7
23971,34,5
23972,28,6
23973,0,3
23974,1,3
23975,63,9
23976,0,3
23977,18,4
23978,45,8
23979,26,8
23980,0,3
23981,51,6
23982,189,8
23983,33,8
23984,66,8
23985,24,7
23986,1,3
23987,36,8
23988,65,6
23989,37,5
23990,37,8
23991,8,5
23992,14,4
23993,37,8
23994,0,3
23995,33,5
23996,87,11
23997,24,5
23998,26,7
23999,0,3
24000,8,4
24001,47,9
24002,45,8
24003,130,8
24004,41,5
24005,0,3
24006,50,7
24007,22,4
24008,0,3
24009,13,5
24010,13,4
24011,0,3
24012,40,6
24013,53,7
24014,15,4
24015,84,9
24016,0,3
24017,14,5
24018,0,3
24019,1,3
24020,33,10
24021,0,3
24022,24,5
24023,0,3
24024,40,8
24025,0,3
24026,60,9
24027,36,7
24028,0,3
24029,43,11
24030,71,10
24031,56,8
24032,39,5
24033,49,9
24034,85,7
24035,78,10
24036,0,3
24037,0,3
24038,16,6
24039,0,3
24040,112,10
24041,0,3
24042,0,3
24043,0,3
24044,11,4
24045,18,5
24046,0,3
24047,0,3
24048,0,3
24049,6,3
24050,51,4
24051,0,3
24052,10,3
24053,0,3
24054,16,4
24055,0,3
24056,22,6
24057,56,9
24058,0,3
24059,74,6
24060,0,3
24061,0,3
24062,46,10
24063,52,9
24064,0,3
24065,0,3
24066,14,5
24067,0,3
24068,89,7
24069,0,3
24070,61,7
24071,10,3
24072,0,3
24073,68,7
24074,0,3
24075,0,3
24076,0,3
24077,60,5
24078,0,3
24079,49,9
24080,24,6
24081,0,3
24082,5,4
24083,0,3
24084,280,12
24085,23,8
24086,37,6
24087,13,4
24088,119,16
24089,0,3
24090,25,7
24091,25,5
24092,11,5
24093,0,3
24094,51,8
24095,0,3
24096,26,6
24097,0,3
24098,0,3
24099,0,3
24100,64,8
24101,0,3
24102,0,3
24103,6,4
24104,0,3
24105,3,3
24106,0,3
24107,0,3
24108,0,3
24109,109,11
24110,29,5
24111,0,3
24112,151,8
24113,93,8
24114,27,8
24115,97,8
24116,68,13
24117,36,8
24118,0,3
24119,0,3
24120,0,3
24121,0,3
24122,0,3
24123,0,3
24124,0,3
24125,34,6
24126,0,3
24127,42,7
24128,0,3
24129,0,3
24130,0,3
24131,65,11
24132,48,9
24133,120,7
24134,0,3
24135,29,7
24136,86,5
24137,0,3
24138,0,3
24139,34,5
24140,122,9
24141,35,7
24142,0,3
24143,0,3
24144,40,5
24145,0,3
24146,30,6
24147,89,10
24148,0,3
24149,0,3
24150,33,7
24151,43,8
24152,124,3
24153,5,3
24154,0,3
24155,36,6
24156,27,5
24157,10,3
24158,0,3
24159,8,4
24160,0,3
24161,57,5
24162,110,10
24163,50,9
24164,53,7
24165,0,3
24166,0,3
24167,28,9
24168,0,3
24169,0,3
24170,9,3
24171,0,3
24172,0,3
24173,46,8
24174,0,3
24175,0,3
24176,27,6
24177,46,9
24178,65,9
24179,27,5
24180,0,3
24181,7,3
24182,59,10
24183,33,6
24184,41,7
24185,51,9
24186,0,3
24187,71,14
24188,0,3
24189,0,3
24190,0,3
24191,98,13
24192,19,6
24193,0,3
24194,19,6
24195,0,3
24196,2,3
24197,28,6
24198,0,3
24199,45,8
24200,83,12
24201,0,3
24202,0,3
24203,22,4
24204,36,7
24205,0,3
24206,0,3
24207,0,3
24208,7,3
24209,0,3
24210,26,5
24211,65,7
24212,16,7
24213,0,3
24214,54,8
24215,0,3
24216,30,4
24217,49,5
24218,0,3
24219,0,3
24220,111,14
24221,55,5
24222,38,5
24223,0,3
24224,0,3
24225,42,7
24226,6,4
24227,42,7
24228,100,9
24229,64,11
24230,0,3
24231,0,3
24232,43,8
24233,74,10
24234,38,10
24235,85,11
24236,42,7
24237,0,3
24238,46,8
24239,0,3
24240,33,9
24241,14,6
24242,93,12
24243,0,3
24244,44,5
24245,1,3
24246,28,5
24247,0,3
24248,0,3
24249,53,5
24250,86,6
24251,12,4
24252,0,3
24253,0,3
24254,0,3
24255,0,3
24256,3,3
24257,4,3
24258,60,9
24259,15,5
24260,0,3
24261,19,5
24262,23,5
24263,58,8
24264,33,6
24265,68,9
24266,7,4
24267,0,3
24268,43,7
24269,42,7
24270,99,13
24271,110,9
24272,99,9
24273,0,3
24274,38,7
24275,0,3
24276,12,4
24277,29,4
24278,80,7
24279,0,3
24280,29,7
24281,63,5
24282,12,4
24283,42,3
24284,42,7
24285,13,4
24286,40,9
24287,0,3
24288,13,4
24289,64,9
24290,70,14
24291,19,8
24292,14,5
24293,0,3
24294,0,3
24295,0,3
24296,0,3
24297,40,7
24298,0,3
24299,0,3
24300,38,4
24301,0,3
24302,223,15
24303,0,3
24304,97,8
24305,6,4
24306,26,4
24307,20,6
24308,19,5
24309,0,3
24310,79,11
24311,17,6
24312,0,3
24313,0,3
24314,53,9
24315,44,7
24316,11,4
24317,0,3
24318,0,3
24319,4,3
24320,0,3
24321,37,6
24322,8,4
24323,63,13
24324,34,8
24325,3,3
24326,50,8
24327,74,9
24328,0,3
24329,18,5
24330,58,11
24331,77,9
24332,50,6
24333,46,7
24334,11,4
24335,0,3
24336,85,13
24337,40,5
24338,28,8
24339,26,6
24340,0,3
24341,57,10
24342,48,5
24343,46,8
24344,33,7
24345,0,3
24346,0,3
24347,28,6
24348,24,4
24349,11,3
24350,0,3
24351,62,9
24352,4,3
24353,54,7
24354,57,8
24355,25,5
24356,69,8
24357,76,8
24358,21,5
24359,51,8
24360,55,9
24361,12,5
24362,55,10
24363,0,3
24364,0,3
24365,0,3
24366,58,7
24367,76,7
24368,131,13
24369,42,8
24370,41,8
24371,0,3
24372,58,11
24373,28,7
24374,57,9
24375,15,5
24376,0,3
24377,82,11
24378,45,7
24379,21,8
24380,52,8
24381,77,11
24382,31,4
24383,40,8
24384,0,3
24385,0,3
24386,0,3
24387,18,5
24388,45,8
24389,39,8
24390,22,6
24391,0,3
24392,0,3
24393,85,8
24394,17,6
24395,60,3
24396,0,3
24397,0,3
24398,50,7
24399,0,3
24400,32,6
24401,58,7
24402,10,3
24403,0,3
24404,0,3
24405,8,3
24406,48,6
24407,5,3
24408,94,13
24409,3,3
24410,0,3
24411,0,3
24412,0,3
24413,0,3
24414,0,3
24415,11,5
24416,0,3
24417,54,8
24418,19,6
24419,17,6
24420,76,9
24421,0,3
24422,0,3
24423,6,4
24424,47,8
24425,0,3
24426,40,11
24427,36,5
24428,53,6
24429,0,3
24430,94,9
24431,18,6
24432,0,3
24433,15,4
24434,105,9
24435,0,3
24436,36,7
24437,18,4
24438,0,3
24439,0,3
24440,0,3
24441,36,10
24442,2,3
24443,48,7
24444,5,4
24445,92,13
24446,46,9
24447,0,3
24448,0,3
24449,0,3
24450,38,8
24451,7,4
24452,6,3
24453,36,5
24454,48,8
24455,35,8
24456,46,7
24457,58,9
24458,46,8
24459,0,3
24460,48,5
24461,2,3
24462,27,5
24463,52,7
24464,0,3
24465,83,6
24466,0,3
24467,0,3
24468,44,7
24469,35,8
24470,0,3
24471,0,3
24472,74,7
24473,36,5
24474,54,10
24475,27,6
24476,67,7
24477,7,4
24478,53,4
24479,93,13
24480,0,3
24481,8,4
24482,31,6
24483,33,9
24484,117,10
24485,48,9
24486,54,10
24487,0,3
24488,0,3
24489,0,3
24490,49,5
24491,48,7
24492,63,8
24493,39,9
24494,3,4
24495,42,10
24496,59,9
24497,12,3
24498,44,3
24499,0,3
24500,126,11
24501,0,3
24502,0,3
24503,86,9
24504,90,14
24505,59,10
24506,23,7
24507,134,6
24508,82,10
24509,38,8
24510,40,9
24511,1,3
24512,0,3
24513,65,10
24514,4,4
24515,46,9
24516,21,7
24517,10,4
24518,0,3
24519,51,7
24520,0,3
24521,0,3
24522,31,5
24523,22,6
24524,15,5
24525,0,3
24526,29,7
24527,53,11
24528,0,3
24529,28,6
24530,0,3
24531,29,8
24532,60,6
24533,82,10
24534,42,4
24535,57,9
24536,0,3
24537,107,9
24538,5,4
24539,45,10
24540,1,3
24541,0,3
24542,79,7
24543,0,3
24544,33,9
24545,0,3
24546,57,5
24547,2,3
24548,16,4
24549,69,7
24550,0,3
24551,42,7
24552,0,3
24553,37,6
24554,31,5
24555,77,10
24556,48,7
24557,34,5
24558,0,3
24559,0,3
24560,102,7
24561,0,3
24562,45,7
24563,61,8
24564,0,3
24565,0,3
24566,59,9
24567,56,10
24568,47,8
24569,25,7
24570,75,4
24571,0,3
24572,88,10
24573,56,6
24574,0,3
24575,0,3
24576,0,3
24577,40,7
24578,0,3
24579,16,5
24580,51,10
24581,16,4
24582,9,3
24583,55,10
24584,11,5
24585,63,12
24586,16,4
24587,0,3
24588,0,3
24589,0,3
24590,0,3
24591,39,8
24592,46,10
24593,6,4
24594,0,3
24595,42,5
24596,89,12
24597,62,14
24598,35,6
24599,0,3
24600,10,4
24601,0,3
24602,27,4
24603,0,3
24604,13,5
24605,15,5
24606,0,3
24607,74,6
24608,0,3
24609,0,3
24610,0,3
24611,18,5
24612,17,4
24613,47,8
24614,46,6
24615,14,4
24616,0,3
24617,0,3
24618,64,7
24619,0,3
24620,43,8
24621,0,3
24622,117,11
24623,0,3
24624,75,8
24625,0,3
24626,60,10
24627,28,7
24628,81,11
24629,0,3
24630,33,8
24631,70,10
24632,98,3
24633,7,3
24634,36,8
24635,3,3
24636,0,3
24637,0,3
24638,0,3
24639,0,3
24640,0,3
24641,56,10
24642,0,3
24643,29,3
24644,6,4
24645,0,3
24646,51,6
24647,0,3
24648,74,5
24649,16,4
24650,0,3
24651,0,3
24652,0,3
24653,0,3
24654,0,3
24655,0,3
24656,0,3
24657,10,4
24658,0,3
24659,26,6
24660,59,7
24661,9,4
24662,0,3
24663,0,3
24664,0,3
24665,5,3
24666,86,9
24667,2,3
24668,72,11
24669,0,3
24670,3,3
24671,30,8
24672,0,3
24673,13,6
24674,0,3
24675,0,3
24676,42,7
24677,0,3
24678,68,13
24679,20,9
24680,98,10
24681,23,5
24682,60,8
24683,58,6
24684,0,3
24685,1,3
24686,20,5
24687,0,3
24688,0,3
24689,0,3
24690,0,3
24691,9,5
24692,0,3
24693,26,4
24694,44,10
24695,0,3
24696,16,4
24697,18,4
24698,0,3
24699,83,12
24700,21,6
24701,0,3
24702,16,4
24703,0,3
24704,0,3
24705,75,10
24706,29,6
24707,0,3
24708,20,5
24709,99,14
24710,0,3
24711,80,10
24712,15,3
24713,1,3
24714,69,7
24715,6,3
24716,17,2
24717,0,3
24718,26,7
24719,26,6
24720,30,6
24721,29,6
24722,53,10
24723,2,3
24724,12,4
24725,17,5
24726,115,10
24727,69,12
24728,0,3
24729,55,9
24730,8,4
24731,20,7
24732,0,3
24733,18,5
24734,0,3
24735,76,14
24736,5,4
24737,60,12
24738,66,11
24739,0,3
24740,0,3
24741,36,7
24742,78,11
24743,127,13
24744,0,3
24745,119,9
24746,35,6
24747,3,3
24748,0,3
24749,57,7
24750,0,3
24751,18,3
24752,0,3
24753,28,7
24754,0,3
24755,12,5
24756,8,4
24757,0,3
24758,51,5
24759,37,4
24760,80,7
24761,77,8
24762,46,6
24763,0,3
24764,58,10
24765,32,7
24766,29,7
24767,70,10
24768,81,8
24769,0,3
24770,0,3
24771,15,5
24772,108,12
24773,0,3
24774,12,4
24775,0,3
24776,19,4
24777,75,10
24778,52,8
24779,20,7
24780,0,3
24781,0,3
24782,10,3
24783,0,3
24784,23,5
24785,59,9
24786,23,5
24787,51,8
24788,48,5
24789,41,5
24790,0,3
24791,48,6
24792,18,2
24793,0,3
24794,0,3
24795,55,8
24796,0,3
24797,5,4
24798,89,7
24799,35,5
24800,14,3
24801,83,12
24802,9,4
24803,44,11
24804,63,11
24805,21,6
24806,53,10
24807,49,8
24808,0,3
24809,102,13
24810,11,3
24811,71,9
24812,34,6
24813,0,3
24814,0,3
24815,1,3
24816,37,8
24817,3,3
24818,0,3
24819,22,7
24820,0,3
24821,0,3
24822,0,3
24823,34,7
24824,0,3
24825,44,8
24826,27,11
24827,6,3
24828,14,4
24829,67,11
24830,110,11
24831,0,3
24832,4,3
24833,33,9
24834,0,3
24835,0,3
24836,39,9
24837,0,3
24838,83,12
24839,34,7
24840,0,3
24841,0,3
24842,0,3
24843,25,6
24844,0,3
24845,0,3
24846,50,9
24847,0,3
24848,9,3
24849,9,4
24850,23,6
24851,38,4
24852,47,9
24853,59,7
24854,74,10
24855,49,8
24856,12,4
24857,75,7
24858,73,9
24859,103,8
24860,101,12
24861,0,3
24862,22,4
24863,0,3
24864,40,8
24865,0,3
24866,0,3
24867,0,3
24868,77,10
24869,17,5
24870,0,3
24871,1,3
24872,71,10
24873,0,3
24874,50,7
24875,21,6
24876,20,6
24877,53,5
24878,64,11
24879,0,3
24880,98,8
24881,0,3
24882,5,3
24883,21,6
24884,20,3
24885,0,3
24886,0,3
24887,0,3
24888,0,3
24889,45,7
24890,68,6
24891,18,6
24892,35,6
24893,0,3
24894,25,5
24895,0,3
24896,74,8
24897,0,3
24898,0,3
24899,69,9
24900,0,3
24901,39,8
24902,10,4
24903,41,6
24904,0,3
24905,58,7
24906,0,3
24907,45,8
24908,2,3
24909,8,5
24910,87,10
24911,66,10
24912,0,3
24913,0,3
24914,40,7
24915,65,10
24916,42,9
24917,0,3
24918,12,3
24919,10,4
24920,44,5
24921,33,5
24922,32,7
24923,41,7
24924,0,3
24925,40,6
24926,0,3
24927,66,9
24928,0,3
24929,29,8
24930,0,3
24931,29,8
24932,0,3
24933,36,5
24934,33,8
24935,1,3
24936,0,3
24937,28,6
24938,66,9
24939,31,6
24940,34,5
24941,0,3
24942,0,3
24943,0,3
24944,0,3
24945,0,3
24946,0,3
24947,92,11
24948,0,3
24949,0,3
24950,0,3
24951,0,3
24952,0,3
24953,40,6
24954,47,6
24955,23,4
24956,56,13
24957,53,10
24958,39,5
24959,33,5
24960,0,3
24961,70,10
24962,68,13
24963,0,3
24964,72,7
24965,0,3
24966,112,15
24967,78,11
24968,74,13
24969,20,5
24970,37,6
24971,0,3
24972,43,6
24973,66,11
24974,29,7
24975,31,6
24976,3,3
24977,40,6
24978,0,3
24979,0,3
24980,9,4
24981,0,3
24982,63,6
24983,13,5
24984,0,3
24985,0,3
24986,0,3
24987,93,7
24988,43,5
24989,58,9
24990,118,9
24991,47,7
24992,133,9
24993,48,6
24994,0,3
24995,74,8
24996,50,9
24997,18,5
24998,43,8
24999,77,8
25000,0,3
25001,12,4
25002,19,5
25003,42,4
25004,0,3
25005,0,3
25006,23,5
25007,0,3
25008,0,3
25009,28,6
25010,37,5
25011,0,3
25012,1,3
25013,1,3
25014,17,5
25015,0,3
25016,0,3
25017,0,3
25018,0,3
25019,0,3
25020,14,5
25021,9,4
25022,0,3
25023,37,9
25024,23,5
25025,35,9
25026,22,5
25027,27,9
25028,0,3
25029,0,3
25030,35,9
25031,0,3
25032,43,6
25033,0,3
25034,28,7
25035,0,3
25036,2,3
25037,44,9
25038,95,7
25039,13,4
25040,43,7
25041,8,3
25042,2,3
25043,38,7
25044,0,3
25045,0,3
25046,0,3
25047,23,6
25048,0,3
25049,0,3
25050,55,7
25051,0,3
25052,117,8
25053,0,3
25054,114,12
25055,56,8
25056,0,3
25057,0,3
25058,42,8
25059,49,10
25060,49,6
25061,0,3
25062,76,8
25063,0,3
25064,30,6
25065,52,4
25066,13,5
25067,43,7
25068,0,3
25069,52,7
25070,0,3
25071,80,13
25072,82,10
25073,41,8
25074,44,11
25075,0,3
25076,22,7
25077,0,3
25078,11,4
25079,29,8
25080,0,3
25081,0,3
25082,47,6
25083,0,3
25084,79,9
25085,0,3
25086,0,3
25087,84,11
25088,25,5
25089,19,5
25090,32,7
25091,76,12
25092,29,8
25093,25,9
25094,16,5
25095,0,3
25096,38,8
25097,38,4
25098,0,3
25099,33,6
25100,29,6
25101,0,3
25102,35,8
25103,14,4
25104,32,7
25105,0,3
25106,0,3
25107,27,5
25108,42,7
25109,4,3
25110,35,9
25111,86,12
25112,0,3
25113,42,7
25114,41,8
25115,0,3
25116,50,8
25117,0,3
25118,23,6
25119,0,3
25120,60,10
25121,0,3
25122,38,11
25123,113,14
25124,41,10
25125,2,3
25126,60,10
25127,42,5
25128,0,3
25129,0,3
25130,0,3
25131,0,3
25132,32,5
25133,128,10
25134,34,6
25135,0,3
25136,25,6
25137,6,3
25138,0,3
25139,0,3
25140,0,3
25141,0,3
25142,58,9
25143,20,6
25144,0,3
25145,0,3
25146,0,3
25147,9,5
25148,115,9
25149,32,7
25150,0,3
25151,0,3
25152,0,3
25153,3,3
25154,34,10
25155,7,4
25156,51,8
25157,94,13
25158,20,6
25159,49,10
25160,20,7
25161,72,7
25162,41,9
25163,4,3
25164,59,3
25165,117,13
25166,33,6
25167,0,3
25168,0,3
25169,96,10
25170,0,3
25171,31,6
25172,128,14
25173,0,3
25174,81,10
25175,49,8
25176,114,11
25177,0,3
25178,0,3
25179,0,3
25180,11,4
25181,0,3
25182,18,5
25183,0,3
25184,6,3
25185,13,4
25186,72,9
25187,132,10
25188,0,3
25189,0,3
25190,1,3
25191,0,3
25192,45,6
25193,117,10
25194,55,8
25195,0,3
25196,24,4
25197,0,3
25198,39,8
25199,0,3
25200,47,10
25201,28,6
25202,62,7
25203,41,9
25204,0,3
25205,0,3
25206,3,3
25207,0,3
25208,55,9
25209,74,8
25210,22,5
25211,0,3
25212,32,7
25213,12,4
25214,0,3
25215,46,6
25216,3,3
25217,45,10
25218,62,9
25219,7,5
25220,1,3
25221,0,3
25222,29,7
25223,8,6
25224,68,13
25225,64,5
25226,68,10
25227,0,3
25228,68,9
25229,39,6
25230,2,3
25231,29,7
25232,0,3
25233,60,7
25234,29,7
25235,0,3
25236,78,3
25237,91,9
25238,5,3
25239,0,3
25240,0,3
25241,0,3
25242,13,4
25243,80,11
25244,26,6
25245,0,3
25246,0,3
25247,22,6
25248,0,3
25249,0,3
25250,12,4
25251,0,3
25252,0,3
25253,30,9
25254,0,3
25255,0,3
25256,0,3
25257,67,8
25258,0,3
25259,32,8
25260,54,9
25261,0,3
25262,53,11
25263,30,7
25264,40,5
25265,79,9
25266,0,3
25267,0,3
25268,0,3
25269,0,3
25270,36,5
25271,10,5
25272,64,9
25273,0,3
25274,62,11
25275,65,10
25276,0,3
25277,36,5
25278,53,7
25279,16,3
25280,41,9
25281,0,3
25282,13,4
25283,41,7
25284,0,3
25285,0,3
25286,0,3
25287,2,3
25288,40,6
25289,64,10
25290,1,3
25291,0,3
25292,0,3
25293,33,6
25294,64,6
25295,75,6
25296,0,3
25297,0,3
25298,15,4
25299,2,3
25300,47,9
25301,3,3
25302,0,3
25303,0,3
25304,0,3
25305,98,9
25306,0,3
25307,17,5
25308,9,4
25309,0,3
25310,12,4
25311,31,5
25312,70,6
25313,19,6
25314,17,5
25315,96,8
25316,66,6
25317,11,5
25318,36,9
25319,96,5
25320,9,4
25321,21,6
25322,0,3
25323,0,3
25324,11,4
25325,50,9
25326,39,9
25327,0,3
25328,104,9
25329,0,3
25330,16,6
25331,0,3
25332,53,9
25333,49,6
25334,0,3
25335,4,3
25336,0,3
25337,84,10
25338,20,3
25339,5,3
25340,34,6
25341,0,3
25342,40,7
25343,0,3
25344,31,8
25345,45,9
25346,0,3
25347,0,3
25348,0,3
25349,0,3
25350,0,3
25351,24,7
25352,0,3
25353,18,5
25354,55,10
25355,35,9
25356,0,3
25357,27,7
25358,0,3
25359,0,3
25360,4,3
25361,19,6
25362,27,7
25363,6,3
25364,7,4
25365,51,5
25366,13,3
25367,49,7
25368,43,6
25369,4,4
25370,0,3
25371,0,3
25372,52,7
25373,29,7
25374,0,3
25375,0,3
25376,0,3
25377,25,6
25378,25,6
25379,62,9
25380,75,13
25381,35,9
25382,0,3
25383,69,8
25384,32,5
25385,0,3
25386,0,3
25387,0,3
25388,69,7
25389,9,4
25390,53,7
25391,111,8
25392,0,3
25393,46,5
25394,0,3
25395,46,8
25396,59,8
25397,0,3
25398,69,7
25399,0,3
25400,0,3
25401,0,3
25402,0,3
25403,10,4
25404,29,8
25405,5,4
25406,39,9
25407,0,3
25408,0,3
25409,0,3
25410,43,11
25411,78,14
25412,67,9
25413,0,3
25414,124,10
25415,23,7
25416,45,9
25417,0,3
25418,0,3
25419,0,3
25420,46,9
25421,70,14
25422,107,15
25423,36,8
25424,0,3
25425,0,3
25426,19,4
25427,47,8
25428,77,11
25429,0,3
25430,67,8
25431,0,3
25432,78,10
25433,29,6
25434,44,10
25435,1,3
25436,56,10
25437,0,3
25438,33,8
25439,0,3
25440,111,8
25441,38,8
25442,0,3
25443,0,3
25444,0,3
25445,45,8
25446,75,7
25447,0,3
25448,0,3
25449,0,3
25450,9,4
25451,29,7
25452,0,3
25453,5,3
25454,0,3
25455,21,5
25456,35,8
25457,0,3
25458,0,3
25459,0,3
25460,172,5
25461,2,3
25462,38,8
25463,38,6
25464,0,3
25465,0,3
25466,7,3
25467,6,3
25468,0,3
25469,0,3
25470,59,10
25471,103,9
25472,0,3
25473,0,3
25474,80,10
25475,44,5
25476,0,3
25477,0,3
25478,58,12
25479,27,8
25480,0,3
25481,0,3
25482,0,3
25483,19,4
25484,10,6
25485,15,6
25486,25,5
25487,86,9
25488,0,3
25489,52,4
25490,11,3
25491,94,8
25492,0,3
25493,10,4
25494,62,12
25495,60,9
25496,0,3
25497,0,3
25498,18,5
25499,0,3
25500,33,7
25501,28,8
25502,31,7
25503,13,4
25504,40,8
25505,60,11
25506,35,4
25507,12,5
25508,37,8
25509,0,3
25510,108,8
25511,34,6
25512,14,5
25513,0,3
25514,43,7
25515,91,8
25516,0,3
25517,14,5
25518,36,7
25519,86,11
25520,0,3
25521,0,3
25522,2,3
25523,0,3
25524,35,7
25525,0,3
25526,0,3
25527,130,7
25528,55,8
25529,51,10
25530,177,10
25531,58,8
25532,0,3
25533,0,3
25534,100,7
25535,0,3
25536,0,3
25537,0,3
25538,46,9
25539,0,3
25540,0,3
25541,0,3
25542,31,7
25543,50,8
25544,105,11
25545,0,3
25546,0,3
25547,41,8
25548,0,3
25549,52,10
25550,12,5
25551,0,3
25552,72,12
25553,0,3
25554,84,13
25555,36,7
25556,127,15
25557,114,11
25558,5,3
25559,60,9
25560,35,6
25561,7,4
25562,15,6
25563,32,8
25564,38,7
25565,0,3
25566,0,3
25567,25,6
25568,72,6
25569,0,3
25570,0,3
25571,6,4
25572,145,5
25573,0,3
25574,0,3
25575,0,3
25576,51,7
25577,80,5
25578,0,3
25579,0,3
25580,70,7
25581,0,3
25582,5,3
25583,0,3
25584,35,7
25585,5,3
25586,19,5
25587,42,6
25588,21,6
25589,0,3
25590,0,3
25591,0,3
25592,61,9
25593,0,3
25594,0,3
25595,0,3
25596,33,3
25597,1,3
25598,46,6
25599,0,3
25600,18,4
25601,0,3
25602,12,4
25603,71,13
25604,0,3
25605,46,6
25606,39,7
25607,108,16
25608,34,6
25609,20,4
25610,160,8
25611,0,3
25612,0,3
25613,38,8
25614,0,3
25615,68,10
25616,0,3
25617,61,7
25618,6,3
25619,33,7
25620,65,9
25621,0,3
25622,14,5
25623,0,3
25624,75,8
25625,0,3
25626,29,6
25627,0,3
25628,72,10
25629,0,3
25630,0,3
25631,0,3
25632,0,3
25633,48,10
25634,85,13
25635,13,7
25636,39,7
25637,0,3
25638,36,8
25639,0,3
25640,0,3
25641,54,8
25642,17,6
25643,52,8
25644,20,5
25645,65,9
25646,31,6
25647,35,5
25648,34,7
25649,1,3
25650,28,4
25651,67,9
25652,35,7
25653,15,5
25654,0,3
25655,10,3
25656,0,3
25657,0,3
25658,73,10
25659,0,3
25660,0,3
25661,0,3
25662,0,3
25663,0,3
25664,40,8
25665,33,6
25666,59,10
25667,0,3
25668,41,9
25669,37,8
25670,97,12
25671,80,8
25672,0,3
25673,0,3
25674,0,3
25675,31,5
25676,39,7
25677,0,3
25678,14,4
25679,41,9
25680,0,3
25681,70,8
25682,49,8
25683,38,9
25684,57,8
25685,62,11
25686,0,3
25687,0,3
25688,70,10
25689,98,13
25690,0,3
25691,28,8
25692,0,3
25693,48,7
25694,13,4
25695,90,10
25696,34,6
25697,162,14
25698,0,3
25699,40,7
25700,0,3
25701,71,8
25702,16,4
25703,25,4
25704,1,3
25705,61,12
25706,32,5
25707,10,5
25708,30,6
25709,0,3
25710,7,5
25711,0,3
25712,15,5
25713,0,3
25714,28,5
25715,0,3
25716,0,3
25717,40,8
25718,0,3
25719,74,11
25720,0,3
25721,0,3
25722,72,9
25723,169,11
25724,0,3
25725,55,8
25726,28,6
25727,0,3
25728,21,6
25729,0,3
25730,2,3
25731,45,12
25732,0,3
25733,0,3
25734,32,6
25735,52,7
25736,0,3
25737,82,13
25738,16,4
25739,173,11
25740,0,3
25741,0,3
25742,70,9
25743,57,12
25744,76,13
25745,29,6
25746,38,9
25747,0,3
25748,0,3
25749,89,9
25750,46,8
25751,0,3
25752,0,3
25753,3,3
25754,86,9
25755,60,10
25756,60,10
25757,19,7
25758,0,3
25759,61,8
25760,91,4
25761,29,3
25762,23,7
25763,0,3
25764,95,5
25765,92,10
25766,1,3
25767,0,3
25768,0,3
25769,17,4
25770,0,3
25771,62,11
25772,67,5
25773,38,6
25774,123,6
25775,4,3
25776,29,6
25777,0,3
25778,0,3
25779,24,5
25780,41,7
25781,85,10
25782,24,5
25783,36,11
25784,39,9
25785,30,9
25786,50,8
25787,81,8
25788,44,8
25789,56,12
25790,15,5
25791,37,6
25792,0,3
25793,20,6
25794,43,8
25795,0,3
25796,0,3
25797,40,9
25798,52,10
25799,30,5
25800,37,6
25801,0,3
25802,54,7
25803,23,4
25804,45,9
25805,1,3
25806,0,3
25807,0,3
25808,56,6
25809,17,5
25810,190,11
25811,12,6
25812,93,9
25813,0,3
25814,12,5
25815,48,9
25816,14,3
25817,72,10
25818,55,7
25819,41,11
25820,0,3
25821,60,11
25822,11,4
25823,49,8
25824,4,3
25825,61,10
25826,17,5
25827,119,10
25828,83,9
25829,0,3
25830,7,3
25831,39,7
25832,81,11
25833,8,6
25834,47,7
25835,43,8
25836,25,6
25837,32,5
25838,54,9
25839,0,3
25840,22,4
25841,0,3
25842,0,3
25843,59,8
25844,87,5
25845,22,5
25846,0,3
25847,0,3
25848,39,6
25849,15,5
25850,92,8
25851,68,8
25852,62,11
25853,22,8
25854,0,3
25855,106,7
25856,0,3
25857,91,8
25858,62,8
25859,68,7
25860,0,3
25861,0,3
25862,0,3
25863,1,3
25864,0,3
25865,48,8
25866,29,8
25867,127,12
25868,77,10
25869,64,9
25870,5,3
25871,0,3
25872,20,3
25873,49,6
25874,29,6
25875,0,3
25876,0,3
25877,46,6
25878,0,3
25879,5,3
25880,62,8
25881,0,3
25882,0,3
25883,42,7
25884,0,3
25885,0,3
25886,15,5
25887,50,12
25888,35,7
25889,102,9
25890,0,3
25891,36,6
25892,0,3
25893,0,3
25894,34,10
25895,44,10
25896,0,3
25897,0,3
25898,40,6
25899,55,7
25900,59,7
25901,0,3
25902,52,9
25903,0,3
25904,17,6
25905,27,6
25906,35,9
25907,7,3
25908,31,8
25909,53,12
25910,0,3
25911,0,3
25912,39,5
25913,26,9
25914,69,10
25915,0,3
25916,6,3
25917,0,3
25918,73,8
25919,71,8
25920,54,6
25921,29,6
25922,45,10
25923,5,3
25924,7,4
25925,73,6
25926,5,3
25927,44,9
25928,44,5
25929,8,3
25930,59,10
25931,0,3
25932,0,3
25933,14,5
25934,31,5
25935,40,9
25936,0,3
25937,37,9
25938,0,3
25939,0,3
25940,41,8
25941,0,3
25942,27,6
25943,108,11
25944,72,10
25945,30,7
25946,86,7
25947,0,3
25948,34,7
25949,40,6
25950,0,3
25951,0,3
25952,67,10
25953,0,3
25954,0,3
25955,44,7
25956,3,3
25957,60,10
25958,21,5
25959,87,12
25960,0,3
25961,6,4
25962,3,4
25963,0,3
25964,27,7
25965,63,8
25966,84,12
25967,0,3
25968,0,3
25969,32,9
25970,50,8
25971,67,9
25972,0,3
25973,155,10
25974,100,11
25975,0,3
25976,26,8
25977,0,3
25978,80,10
25979,0,3
25980,14,5
25981,2,3
25982,0,3
25983,0,3
25984,99,13
25985,62,12
25986,128,11
25987,65,9
25988,0,3
25989,36,8
25990,0,3
25991,26,5
25992,0,3
25993,0,3
25994,26,5
25995,47,8
25996,37,6
25997,44,7
25998,46,9
25999,21,7
26000,85,11
26001,110,11
26002,0,3
26003,14,5
26004,0,3
26005,66,12
26006,0,3
26007,15,6
26008,0,3
26009,0,3
26010,74,10
26011,0,3
26012,0,3
26013,114,14
26014,0,3
26015,16,5
26016,34,8
26017,0,3
26018,3,3
26019,35,7
26020,0,3
26021,51,8
26022,43,8
26023,0,3
26024,47,7
26025,30,4
26026,3,3
26027,67,9
26028,32,8
26029,3,3
26030,0,3
26031,94,9
26032,48,12
26033,17,5
26034,0,3
26035,0,3
26036,0,3
26037,56,6
26038,0,3
26039,56,8
26040,0,3
26041,28,6
26042,17,4
26043,83,8
26044,74,12
26045,0,3
26046,29,5
26047,58,8
26048,126,11
26049,23,7
26050,85,12
26051,50,8
26052,0,3
26053,32,7
26054,0,3
26055,82,8
26056,0,3
26057,104,12
26058,0,3
26059,10,5
26060,0,3
26061,35,4
26062,0,3
26063,1,3
26064,0,3
26065,30,8
26066,0,3
26067,0,3
26068,0,3
26069,0,3
26070,11,4
26071,0,3
26072,74,9
26073,37,8
26074,71,8
26075,36,8
26076,69,7
26077,3,3
26078,0,3
26079,46,10
26080,0,3
26081,58,9
26082,32,5
26083,85,5
26084,0,3
26085,54,9
26086,20,4
26087,0,3
26088,0,3
26089,33,5
26090,68,9
26091,69,9
26092,88,11
26093,66,10
26094,55,11
26095,49,9
26096,47,12
26097,0,3
26098,0,3
26099,0,3
26100,26,6
26101,21,6
26102,9,4
26103,83,12
26104,18,6
26105,68,13
26106,0,3
26107,1,3
26108,0,3
26109,80,10
26110,0,3
26111,13,4
26112,124,10
26113,35,5
26114,68,11
26115,19,6
26116,79,10
26117,11,5
26118,33,7
26119,7,3
26120,23,7
26121,80,9
26122,0,3
26123,16,6
26124,0,3
26125,31,8
26126,41,13
26127,0,3
26128,0,3
26129,4,4
26130,53,10
26131,16,4
26132,87,15
26133,2,3
26134,2,3
26135,3,3
26136,0,3
26137,0,3
26138,0,3
26139,0,3
26140,0,3
26141,0,3
26142,0,3
26143,0,3
26144,13,5
26145,0,3
26146,49,8
26147,73,5
26148,50,9
26149,16,6
26150,0,3
26151,19,6
26152,33,6
26153,92,10
26154,0,3
26155,0,3
26156,56,10
26157,33,6
26158,0,3
26159,2,3
26160,0,3
26161,16,7
26162,0,3
26163,53,8
26164,30,9
26165,0,3
26166,29,7
26167,57,10
26168,20,6
26169,49,8
26170,40,7
26171,3,3
26172,51,6
26173,38,8
26174,0,3
26175,44,7
26176,0,3
26177,13,4
26178,0,3
26179,54,10
26180,45,8
26181,11,4
26182,0,3
26183,88,7
26184,23,4
26185,0,3
26186,43,5
26187,43,8
26188,42,8
26189,114,15
26190,0,3
26191,32,8
26192,19,5
26193,58,7
26194,0,3
26195,93,10
26196,0,3
26197,60,9
26198,0,3
26199,13,3
26200,27,4
26201,65,11
26202,57,7
26203,100,12
26204,45,7
26205,93,12
26206,23,4
26207,0,3
26208,0,3
26209,0,3
26210,2,3
26211,62,10
26212,49,6
26213,98,10
26214,0,3
26215,99,14
26216,46,9
26217,8,3
26218,14,3
26219,117,7
26220,8,3
26221,0,3
26222,38,7
26223,37,7
26224,0,3
26225,0,3
26226,0,3
26227,0,3
26228,1,3
26229,27,7
26230,8,3
26231,0,3
26232,30,6
26233,60,11
26234,0,3
26235,37,7
26236,54,8
26237,83,7
26238,50,6
26239,68,8
26240,55,10
26241,48,9
26242,58,6
26243,67,11
26244,0,3
26245,0,3
26246,33,6
26247,69,10
26248,48,10
26249,16,5
26250,0,3
26251,26,6
26252,0,3
26253,52,10
26254,35,10
26255,63,8
26256,119,12
26257,70,10
26258,0,3
26259,37,6
26260,73,12
26261,50,6
26262,0,3
26263,0,3
26264,0,3
26265,0,3
26266,64,10
26267,4,3
26268,97,9
26269,0,3
26270,19,7
26271,79,5
26272,74,14
26273,66,13
26274,0,3
26275,0,3
26276,97,11
26277,0,3
26278,102,10
26279,40,7
26280,0,3
26281,0,3
26282,0,3
26283,58,8
26284,57,7
26285,0,3
26286,0,3
26287,0,3
26288,46,8
26289,68,9
26290,61,10
26291,36,7
26292,0,3
26293,52,6
26294,23,4
26295,0,3
26296,78,9
26297,0,3
26298,44,6
26299,19,5
26300,0,3
26301,11,5
26302,0,3
26303,31,5
26304,56,9
26305,15,5
26306,0,3
26307,26,9
26308,36,10
26309,102,13
26310,85,12
26311,58,12
26312,0,3
26313,30,5
26314,10,3
26315,0,3
26316,0,3
26317,84,10
26318,31,7
26319,98,12
26320,24,5
26321,35,6
26322,0,3
26323,0,3
26324,60,11
26325,48,8
26326,59,6
26327,67,4
26328,14,5
26329,89,13
26330,11,4
26331,0,3
26332,7,4
26333,0,3
26334,0,3
26335,0,3
26336,37,7
26337,5,4
26338,45,10
26339,44,8
26340,14,4
26341,0,3
26342,0,3
26343,0,3
26344,112,12
26345,58,9
26346,29,7
26347,34,6
26348,48,6
26349,29,7
26350,103,10
26351,57,7
26352,0,3
26353,69,10
26354,0,3
26355,49,5
26356,35,4
26357,0,3
26358,0,3
26359,45,9
26360,41,6
26361,135,9
26362,0,3
26363,0,3
26364,0,3
26365,84,11
26366,53,9
26367,72,10
26368,74,10
26369,69,7
26370,29,7
26371,56,8
26372,40,7
26373,23,6
26374,56,10
26375,0,3
26376,0,3
26377,0,3
26378,77,10
26379,0,3
26380,68,10
26381,0,3
26382,28,7
26383,59,11
26384,0,3
26385,0,3
26386,48,9
26387,0,3
26388,65,11
26389,88,6
26390,44,8
26391,62,8
26392,0,3
26393,120,13
26394,0,3
26395,0,3
26396,0,3
26397,55,10
26398,34,5
26399,121,9
26400,0,3
26401,81,12
26402,32,6
26403,47,11
26404,0,3
26405,50,5
26406,110,13
26407,0,3
26408,64,10
26409,131,10
26410,67,14
26411,0,3
26412,0,3
26413,0,3
26414,18,5
26415,28,8
26416,67,10
26417,0,3
26418,28,8
26419,0,3
26420,19,4
26421,7,3
26422,98,11
26423,0,3
26424,0,3
26425,11,3
26426,0,3
26427,0,3
26428,0,3
26429,45,9
26430,0,3
26431,40,7
26432,49,8
26433,66,11
26434,0,3
26435,0,3
26436,0,3
26437,43,6
26438,70,7
26439,47,8
26440,64,14
26441,80,13
26442,85,10
26443,56,10
26444,48,7
26445,22,8
26446,0,3
26447,23,6
26448,0,3
26449,44,7
26450,17,3
26451,0,3
26452,0,3
26453,0,3
26454,52,9
26455,0,3
26456,0,3
26457,74,9
26458,15,3
26459,31,8
26460,75,10
26461,15,4
26462,11,5
26463,0,3
26464,87,7
26465,0,3
26466,0,3
26467,64,9
26468,85,12
26469,0,3
26470,77,8
26471,33,8
26472,0,3
26473,21,4
26474,50,6
26475,0,3
26476,22,5
26477,0,3
26478,41,6
26479,42,10
26480,0,3
26481,0,3
26482,76,13
26483,62,8
26484,23,4
26485,24,9
26486,43,7
26487,0,3
26488,0,3
26489,22,5
26490,41,6
26491,91,18
26492,55,7
26493,9,3
26494,0,3
26495,0,3
26496,3,4
26497,45,6
26498,30,5
26499,0,3
26500,0,3
26501,51,8
26502,42,8
26503,34,6
26504,80,10
26505,72,9
26506,0,3
26507,0,3
26508,63,8
26509,60,10
26510,40,8
26511,0,3
26512,82,12
26513,68,7
26514,41,10
26515,9,4
26516,0,3
26517,98,10
26518,0,3
26519,43,4
26520,35,8
26521,31,8
26522,82,10
26523,9,5
26524,66,12
26525,22,6
26526,83,13
26527,10,3
26528,0,3
26529,76,11
26530,0,3
26531,131,12
26532,47,8
26533,0,3
26534,43,6
26535,99,12
26536,84,10
26537,0,3
26538,0,3
26539,0,3
26540,0,3
26541,0,3
26542,5,3
26543,0,3
26544,11,4
26545,45,7
26546,0,3
26547,0,3
26548,0,3
26549,0,3
26550,69,9
26551,27,7
26552,27,6
26553,82,9
26554,33,5
26555,34,10
26556,0,3
26557,75,11
26558,62,9
26559,10,5
26560,0,3
26561,45,6
26562,51,9
26563,48,7
26564,32,6
26565,26,6
26566,86,9
26567,85,15
26568,35,8
26569,27,5
26570,154,15
26571,0,3
26572,0,3
26573,0,3
26574,26,7
26575,45,9
26576,34,8
26577,23,6
26578,0,3
26579,51,11
26580,0,3
26581,19,5
26582,0,3
26583,27,5
26584,4,3
26585,0,3
26586,65,10
26587,0,3
26588,0,3
26589,27,5
26590,33,6
26591,0,3
26592,21,6
26593,34,7
26594,74,13
26595,0,3
26596,50,8
26597,50,9
26598,77,7
26599,45,8
26600,84,11
26601,18,3
26602,35,7
26603,63,9
26604,51,10
26605,32,4
26606,4,3
26607,190,11
26608,0,3
26609,27,8
26610,0,3
26611,33,8
26612,0,3
26613,0,3
26614,75,9
26615,71,13
26616,0,3
26617,13,4
26618,0,3
26619,36,9
26620,1,3
26621,28,5
26622,0,3
26623,55,6
26624,106,10
26625,75,8
26626,53,9
26627,0,3
26628,80,12
26629,0,3
26630,0,3
26631,39,7
26632,73,10
26633,60,11
26634,97,15
26635,0,3
26636,38,9
26637,37,5
26638,0,3
26639,0,3
26640,0,3
26641,20,6
26642,0,3
26643,0,3
26644,44,8
26645,93,12
26646,89,10
26647,0,3
26648,0,3
26649,24,7
26650,70,10
26651,55,7
26652,6,4
26653,44,8
26654,0,3
26655,16,5
26656,37,6
26657,15,6
26658,27,6
26659,65,12
26660,0,3
26661,0,3
26662,82,9
26663,0,3
26664,89,12
26665,50,10
26666,0,3
26667,22,7
26668,0,3
26669,86,14
26670,53,10
26671,0,3
26672,0,3
26673,3,3
26674,50,11
26675,0,3
26676,41,4
26677,77,9
26678,0,3
26679,27,6
26680,51,8
26681,6,2
26682,34,6
26683,0,3
26684,47,8
26685,66,14
26686,81,10
26687,59,8
26688,0,3
26689,0,3
26690,0,3
26691,22,4
26692,14,4
26693,0,3
26694,59,10
26695,32,5
26696,72,11
26697,26,7
26698,62,6
26699,109,8
26700,35,7
26701,0,3
26702,55,7
26703,0,3
26704,37,9
26705,0,3
26706,116,12
26707,23,6
26708,0,3
26709,13,5
26710,12,4
26711,58,9
26712,0,3
26713,71,10
26714,20,6
26715,20,5
26716,47,7
26717,9,4
26718,0,3
26719,91,13
26720,10,4
26721,0,3
26722,70,10
26723,65,8
26724,0,3
26725,0,3
26726,29,6
26727,14,4
26728,0,3
26729,0,3
26730,73,8
26731,85,9
26732,0,3
26733,0,3
26734,32,7
26735,7,3
26736,10,4
26737,62,7
26738,82,12
26739,67,8
26740,138,14
26741,20,6
26742,78,9
26743,4,3
26744,24,5
26745,0,3
26746,53,6
26747,0,3
26748,5,3
26749,0,3
26750,55,10
26751,0,3
26752,0,3
26753,22,5
26754,29,5
26755,71,9
26756,0,3
26757,75,9
26758,56,9
26759,13,5
26760,104,13
26761,2,3
26762,38,8
26763,0,3
26764,0,3
26765,16,6
26766,62,10
26767,89,14
26768,68,9
26769,0,3
26770,44,9
26771,0,3
26772,38,5
26773,98,16
26774,0,3
26775,74,13
26776,27,5
26777,60,10
26778,0,3
26779,52,4
26780,37,8
26781,37,9
26782,0,3
26783,0,3
26784,34,6
26785,14,4
26786,49,7
26787,4,3
26788,0,3
26789,57,7
26790,59,5
26791,0,3
26792,0,3
26793,42,7
26794,0,3
26795,0,3
26796,0,3
26797,19,6
26798,70,11
26799,0,3
26800,0,3
26801,96,10
26802,3,3
26803,0,3
26804,44,7
26805,13,6
26806,49,6
26807,50,8
26808,43,8
26809,16,7
26810,36,8
26811,77,10
26812,44,10
26813,7,3
26814,17,5
26815,29,10
26816,61,10
26817,0,3
26818,21,5
26819,80,9
26820,0,3
26821,21,4
26822,82,9
26823,108,13
26824,65,8
26825,0,3
26826,0,3
26827,90,7
26828,45,8
26829,0,3
26830,32,5
26831,0,3
26832,13,4
26833,0,3
26834,0,3
26835,90,10
26836,126,11
26837,32,7
26838,0,3
26839,0,3
26840,87,11
26841,0,3
26842,52,10
26843,0,3
26844,0,3
26845,77,13
26846,57,9
26847,0,3
26848,48,11
26849,63,11
26850,57,6
26851,1,3
26852,5,3
26853,12,3
26854,54,9
26855,0,3
26856,0,3
26857,57,8
26858,11,5
26859,15,5
26860,0,3
26861,0,3
26862,0,3
26863,68,10
26864,100,10
26865,0,3
26866,53,8
26867,57,9
26868,27,5
26869,0,3
26870,0,3
26871,0,3
26872,0,3
26873,13,7
26874,1,3
26875,33,8
26876,0,3
26877,18,5
26878,0,3
26879,0,3
26880,0,3
26881,40,7
26882,11,6
26883,69,8
26884,0,3
26885,44,10
26886,36,3
26887,0,3
26888,76,5
26889,0,3
26890,9,5
26891,24,8
26892,0,3
26893,44,7
26894,62,11
26895,62,12
26896,0,3
26897,61,9
26898,0,3
26899,46,8
26900,49,8
26901,0,3
26902,0,3
26903,0,3
26904,57,7
26905,87,6
26906,0,3
26907,0,3
26908,33,6
26909,89,10
26910,55,9
26911,0,3
26912,74,9
26913,36,7
26914,58,5
26915,22,8
26916,49,8
26917,0,3
26918,44,10
26919,0,3
26920,119,14
26921,0,3
26922,29,6
26923,0,3
26924,57,9
26925,29,5
26926,50,5
26927,19,3
26928,8,6
26929,86,10
26930,0,3
26931,36,6
26932,0,3
26933,0,3
26934,0,3
26935,41,6
26936,0,3
26937,93,12
26938,3,3
26939,22,7
26940,83,9
26941,0,3
26942,0,3
26943,31,6
26944,40,10
26945,61,9
26946,0,3
26947,0,3
26948,32,6
26949,0,3
26950,0,3
26951,105,11
26952,3,3
26953,47,5
26954,21,7
26955,65,12
26956,22,5
26957,0,3
26958,0,3
26959,7,4
26960,48,5
26961,91,7
26962,68,10
26963,0,3
26964,99,9
26965,32,6
26966,79,11
26967,91,4
26968,74,13
26969,62,12
26970,9,4
26971,47,8
26972,0,3
26973,90,7
26974,115,12
26975,15,5
26976,62,9
26977,82,11
26978,16,4
26979,93,13
26980,0,3
26981,33,7
26982,40,6
26983,39,8
26984,29,4
26985,0,3
26986,44,10
26987,12,4
26988,0,3
26989,46,7
26990,126,9
26991,0,3
26992,31,6
26993,27,5
26994,32,4
26995,68,10
26996,30,6
26997,105,14
26998,6,3
26999,25,7
27000,80,12
27001,95,13
27002,0,3
27003,0,3
27004,18,5
27005,0,3
27006,0,3
27007,73,13
27008,0,3
27009,0,3
27010,0,3
27011,0,3
27012,0,3
27013,2,3
27014,43,7
27015,78,13
27016,47,9
27017,81,5
27018,0,3
27019,0,3
27020,55,9
27021,50,9
27022,40,7
27023,0,3
27024,70,10
27025,0,3
27026,95,13
27027,0,3
27028,102,11
27029,7,4
27030,0,3
27031,44,8
27032,82,10
27033,59,7
27034,0,3
27035,38,7
27036,0,3
27037,0,3
27038,65,8
27039,19,3
27040,62,12
27041,8,3
27042,31,7
27043,55,10
27044,50,10
27045,23,6
27046,0,3
27047,13,5
27048,67,7
27049,10,4
27050,93,10
27051,0,3
27052,49,9
27053,0,3
27054,48,8
27055,0,3
27056,89,10
27057,0,3
27058,143,6
27059,63,12
27060,93,12
27061,51,8
27062,0,3
27063,59,10
27064,12,5
27065,44,9
27066,0,3
27067,14,4
27068,28,4
27069,0,3
27070,0,3
27071,0,3
27072,48,8
27073,10,4
27074,0,3
27075,51,9
27076,55,10
27077,69,12
27078,74,8
27079,67,11
27080,0,3
27081,55,10
27082,44,9
27083,90,10
27084,0,3
27085,85,13
27086,56,7
27087,59,7
27088,0,3
27089,75,15
27090,0,3
27091,60,12
27092,47,10
27093,0,3
27094,67,8
27095,42,9
27096,2,3
27097,0,3
27098,0,3
27099,0,3
27100,46,8
27101,34,10
27102,0,3
27103,17,6
27104,0,3
27105,0,3
27106,39,6
27107,41,9
27108,0,3
27109,54,7
27110,0,3
27111,0,3
27112,201,10
27113,0,3
27114,0,3
27115,0,3
27116,129,9
27117,50,8
27118,24,5
27119,78,9
27120,0,3
27121,91,15
27122,75,11
27123,54,8
27124,29,5
27125,0,3
27126,0,3
27127,8,3
27128,53,8
27129,7,4
27130,40,8
27131,97,12
27132,74,3
27133,127,10
27134,95,10
27135,75,11
27136,0,3
27137,58,9
27138,20,3
27139,67,8
27140,0,3
27141,0,3
27142,40,8
27143,42,5
27144,0,3
27145,1,3
27146,46,8
27147,84,13
27148,96,13
27149,86,9
27150,0,3
27151,70,6
27152,151,10
27153,13,3
27154,0,3
27155,0,3
27156,0,3
27157,38,7
27158,81,13
27159,11,3
27160,70,9
27161,0,3
27162,0,3
27163,59,9
27164,25,6
27165,50,11
27166,0,3
27167,60,11
27168,0,3
27169,17,5
27170,0,3
27171,0,3
27172,0,3
27173,0,3
27174,0,3
27175,32,6
27176,56,8
27177,9,4
27178,71,9
27179,0,3
27180,0,3
27181,0,3
27182,0,3
27183,18,5
27184,0,3
27185,0,3
27186,19,5
27187,80,11
27188,0,3
27189,0,3
27190,9,5
27191,73,10
27192,99,5
27193,18,6
27194,17,3
27195,44,6
27196,0,3
27197,51,8
27198,80,11
27199,7,4
27200,0,3
27201,38,9
27202,0,3
27203,0,3
27204,0,3
27205,118,13
27206,144,8
27207,2,3
27208,95,8
27209,21,5
27210,33,8
27211,30,7
27212,0,3
27213,50,11
27214,51,5
27215,57,10
27216,0,3
27217,33,6
27218,22,5
27219,0,3
27220,0,3
27221,12,3
27222,56,6
27223,10,4
27224,47,10
27225,14,4
27226,65,9
27227,1,3
27228,44,6
27229,0,3
27230,120,12
27231,0,3
27232,42,10
27233,78,13
27234,0,3
27235,4,3
27236,0,3
27237,78,9
27238,0,3
27239,118,8
27240,0,3
27241,0,3
27242,76,10
27243,0,3
27244,35,8
27245,65,8
27246,0,3
27247,0,3
27248,18,4
27249,0,3
27250,60,10
27251,0,3
27252,143,11
27253,0,3
27254,31,8
27255,0,3
27256,5,3
27257,90,7
27258,66,8
27259,0,3
27260,95,10
27261,89,7
27262,32,5
27263,0,3
27264,0,3
27265,33,6
27266,32,8
27267,44,8
27268,40,6
27269,0,3
27270,1,3
27271,75,12
27272,0,3
27273,0,3
27274,35,6
27275,55,9
27276,0,3
27277,54,10
27278,212,9
27279,0,3
27280,0,3
27281,44,7
27282,1,3
27283,25,7
27284,0,3
27285,0,3
27286,39,9
27287,29,8
27288,66,10
27289,44,12
27290,105,6
27291,78,7
27292,40,9
27293,117,11
27294,75,12
27295,0,3
27296,68,7
27297,36,8
27298,0,3
27299,0,3
27300,0,3
27301,0,3
27302,18,5
27303,68,10
27304,7,3
27305,58,9
27306,36,8
27307,110,19
27308,0,3
27309,86,14
27310,38,7
27311,0,3
27312,83,9
27313,0,3
27314,94,13
27315,35,7
27316,0,3
27317,0,3
27318,61,11
27319,30,7
27320,65,8
27321,30,6
27322,10,5
27323,0,3
27324,0,3
27325,21,6
27326,58,9
27327,79,10
27328,53,10
27329,152,13
27330,0,3
27331,37,8
27332,41,10
27333,0,3
27334,29,8
27335,7,3
27336,0,3
27337,73,8
27338,57,10
27339,2,3
27340,74,5
27341,21,5
27342,0,3
27343,69,11
27344,0,3
27345,50,9
27346,26,7
27347,84,11
27348,12,4
27349,0,3
27350,30,5
27351,0,3
27352,0,3
27353,134,10
27354,0,3
27355,17,6
27356,0,3
27357,43,10
27358,65,10
27359,87,10
27360,0,3
27361,0,3
27362,62,8
27363,0,3
27364,84,11
27365,3,3
27366,0,3
27367,93,5
27368,0,3
27369,0,3
27370,16,5
27371,102,7
27372,44,6
27373,29,5
27374,52,12
27375,34,6
27376,72,9
27377,55,8
27378,0,3
27379,64,13
27380,80,11
27381,57,9
27382,0,3
27383,45,9
27384,0,3
27385,0,3
27386,0,3
27387,53,7
27388,9,4
27389,75,12
27390,66,10
27391,79,13
27392,134,16
27393,0,3
27394,95,12
27395,34,6
27396,82,10
27397,142,11
27398,109,5
27399,0,3
27400,46,9
27401,2,3
27402,30,3
27403,8,3
27404,0,3
27405,49,9
27406,68,6
27407,0,3
27408,55,10
27409,0,3
27410,89,14
27411,0,3
27412,51,10
27413,25,7
27414,31,7
27415,0,3
27416,63,9
27417,29,9
27418,0,3
27419,65,13
27420,0,3
27421,24,5
27422,0,3
27423,0,3
27424,0,3
27425,0,3
27426,0,3
27427,39,6
27428,39,9
27429,51,13
27430,0,3
27431,0,3
27432,0,3
27433,0,3
27434,35,10
27435,82,13
27436,0,3
27437,57,8
27438,50,10
27439,35,8
27440,25,6
27441,50,6
27442,67,10
27443,4,3
27444,43,7
27445,38,6
27446,81,7
27447,29,4
27448,0,3
27449,120,9
27450,0,3
27451,0,3
27452,35,6
27453,0,3
27454,0,3
27455,0,3
27456,90,10
27457,61,8
27458,0,3
27459,28,7
27460,0,3
27461,0,3
27462,0,3
27463,0,3
27464,40,8
27465,10,3
27466,39,7
27467,52,12
27468,41,6
27469,18,5
27470,0,3
27471,44,8
27472,121,7
27473,56,10
27474,53,10
27475,0,3
27476,25,6
27477,72,12
27478,28,3
27479,21,3
27480,0,3
27481,0,3
27482,0,3
27483,0,3
27484,38,7
27485,0,3
27486,44,6
27487,37,8
27488,46,8
27489,0,3
27490,91,11
27491,20,5
27492,134,16
27493,0,3
27494,76,10
27495,9,4
27496,51,9
27497,7,4
27498,0,3
27499,42,6
27500,28,5
27501,28,7
27502,0,3
27503,0,3
27504,91,13
27505,0,3
27506,0,3
27507,34,8
27508,46,8
27509,47,11
27510,86,8
27511,114,14
27512,0,3
27513,78,11
27514,0,3
27515,101,7
27516,31,6
27517,0,3
27518,41,5
27519,18,5
27520,46,9
27521,0,3
27522,88,12
27523,63,12
27524,46,7
27525,0,3
27526,22,6
27527,3,4
27528,7,4
27529,29,5
27530,0,3
27531,0,3
27532,63,8
27533,30,8
27534,61,10
27535,0,3
27536,40,3
27537,93,13
27538,89,9
27539,39,6
27540,0,3
27541,53,11
27542,73,11
27543,134,15
27544,101,14
27545,0,3
27546,23,7
27547,87,12
27548,23,7
27549,125,8
27550,0,3
27551,18,5
27552,54,6
27553,102,13
27554,139,14
27555,0,3
27556,64,9
27557,23,5
27558,91,12
27559,48,9
27560,32,7
27561,0,3
27562,69,10
27563,47,7
27564,0,3
27565,51,8
27566,11,5
27567,0,3
27568,36,7
27569,0,3
27570,78,12
27571,53,11
27572,0,3
27573,35,9
27574,56,10
27575,78,4
27576,75,10
27577,75,14
27578,82,12
27579,69,6
27580,14,5
27581,0,3
27582,0,3
27583,0,3
27584,75,10
27585,0,3
27586,121,12
27587,65,7
27588,201,7
27589,111,12
27590,0,3
27591,93,16
27592,51,10
27593,65,12
27594,0,3
27595,1,3
27596,109,12
27597,51,10
27598,0,3
27599,0,3
27600,24,3
27601,10,4
27602,138,11
27603,85,8
27604,99,8
27605,12,4
27606,105,11
27607,49,9
27608,28,7
27609,66,7
27610,53,6
27611,23,7
27612,0,3
27613,47,7
27614,0,3
27615,0,3
27616,0,3
27617,60,9
27618,47,5
27619,0,3
27620,0,3
27621,8,4
27622,21,4
27623,0,3
27624,2,3
27625,35,6
27626,33,7
27627,30,8
27628,16,5
27629,71,9
27630,0,3
27631,0,3
27632,44,6
27633,0,3
27634,18,5
27635,94,8
27636,76,10
27637,45,10
27638,103,15
27639,0,3
27640,64,11
27641,33,6
27642,0,3
27643,0,3
27644,51,10
27645,15,4
27646,39,8
27647,98,5
27648,93,8
27649,45,8
27650,66,10
27651,107,10
27652,3,3
27653,0,3
27654,3,3
27655,0,3
27656,69,13
27657,2,3
27658,41,8
27659,4,4
27660,0,3
27661,0,3
27662,0,3
27663,96,13
27664,0,3
27665,29,7
27666,45,9
27667,0,3
27668,117,12
27669,51,9
27670,0,3
27671,86,10
27672,0,3
27673,62,10
27674,6,3
27675,65,8
27676,16,2
27677,25,6
27678,1,3
27679,0,3
27680,48,9
27681,71,4
27682,0,3
27683,74,10
27684,0,3
27685,173,12
27686,0,3
27687,0,3
27688,0,3
27689,5,4
27690,0,3
27691,0,3
27692,34,9
27693,0,3
27694,0,3
27695,176,5
27696,0,3
27697,0,3
27698,0,3
27699,0,3
27700,82,10
27701,60,11
27702,0,3
27703,10,4
27704,118,11
27705,0,3
27706,0,3
27707,0,3
27708,118,6
27709,0,3
27710,47,8
27711,34,4
27712,0,3
27713,68,15
27714,78,9
27715,45,7
27716,135,10
27717,91,11
27718,0,3
27719,77,9
27720,4,3
27721,40,8
27722,75,10
27723,0,3
27724,0,3
27725,0,3
27726,0,3
27727,0,3
27728,0,3
27729,0,3
27730,0,3
27731,53,8
27732,117,16
27733,45,9
27734,31,8
27735,226,17
27736,0,3
27737,115,11
27738,20,6
27739,67,7
27740,0,3
27741,0,3
27742,23,8
27743,47,10
27744,105,11
27745,55,11
27746,57,7
27747,0,3
27748,48,9
27749,91,12
27750,28,6
27751,117,9
27752,60,13
27753,131,6
27754,103,15
27755,20,5
27756,82,10
27757,0,3
27758,67,12
27759,22,7
27760,41,7
27761,29,7
27762,95,11
27763,0,3
27764,145,15
27765,12,6
27766,32,6
27767,58,9
27768,81,9
27769,0,3
27770,0,3
27771,112,11
27772,143,11
27773,42,4
27774,39,10
27775,90,13
27776,39,7
27777,20,6
27778,73,12
27779,50,11
27780,69,8
27781,74,12
27782,35,5
27783,0,3
27784,0,3
27785,57,11
27786,108,17
27787,0,3
27788,79,8
27789,88,14
27790,0,3
27791,64,12
27792,78,12
27793,0,3
27794,25,8
27795,54,6
27796,0,3
27797,0,3
27798,35,6
27799,27,6
27800,0,3
27801,64,11
27802,135,11
27803,85,10
27804,60,6
27805,2,3
27806,0,3
27807,26,6
27808,28,5
27809,55,6
27810,67,10
27811,86,11
27812,0,3
27813,0,3
27814,0,3
27815,131,14
27816,25,8
27817,0,3
27818,0,3
27819,0,3
27820,0,3
27821,128,10
27822,61,9
27823,0,3
27824,0,3
27825,33,9
27826,21,6
27827,61,10
27828,0,3
27829,0,3
27830,0,3
27831,65,5
27832,62,12
27833,34,6
27834,80,13
27835,0,3
27836,52,7
27837,4,3
27838,0,3
27839,59,8
27840,0,3
27841,81,12
27842,135,12
27843,1,3
27844,0,3
27845,0,3
27846,53,9
27847,82,10
27848,76,12
27849,16,6
27850,45,8
27851,70,8
27852,12,5
27853,37,10
27854,0,3
27855,0,3
27856,25,5
27857,0,3
27858,44,7
27859,42,7
27860,0,3
27861,0,3
27862,0,3
27863,0,3
27864,40,10
27865,21,7
27866,0,3
27867,88,10
27868,25,5
27869,160,7
27870,30,7
27871,32,6
27872,0,3
27873,0,3
27874,43,6
27875,111,11
27876,16,4
27877,0,3
27878,7,4
27879,0,3
27880,0,3
27881,0,3
27882,25,5
27883,46,6
27884,59,10
27885,55,10
27886,0,3
27887,0,3
27888,27,6
27889,69,9
27890,97,13
27891,0,3
27892,0,3
27893,105,13
27894,22,8
27895,62,9
27896,45,6
27897,25,5
27898,45,11
27899,29,7
27900,75,9
27901,0,3
27902,4,5
27903,42,9
27904,66,7
27905,26,7
27906,53,8
27907,0,3
27908,21,5
27909,77,6
27910,73,13
27911,30,6
27912,0,3
27913,121,14
27914,247,16
27915,0,3
27916,46,4
27917,49,9
27918,0,3
27919,44,7
27920,51,7
27921,71,8
27922,80,10
27923,0,3
27924,93,10
27925,18,5
27926,53,10
27927,0,3
27928,0,3
27929,67,10
27930,0,3
27931,53,12
27932,0,3
27933,60,9
27934,103,10
27935,104,8
27936,130,5
27937,0,3
27938,24,6
27939,58,8
27940,52,6
27941,108,14
27942,52,10
27943,72,9
27944,0,3
27945,29,6
27946,0,3
27947,134,9
27948,47,9
27949,0,3
27950,33,8
27951,145,17
27952,0,3
27953,29,7
27954,2,3
27955,68,12
27956,0,3
27957,6,3
27958,81,9
27959,10,3
27960,0,3
27961,0,3
27962,94,10
27963,3,3
27964,63,9
27965,40,6
27966,14,6
27967,63,11
27968,49,7
27969,26,6
27970,209,11
27971,0,3
27972,0,3
27973,24,5
27974,56,11
27975,0,3
27976,74,10
27977,54,8
27978,83,10
27979,0,3
27980,0,3
27981,0,3
27982,0,3
27983,54,10
27984,0,3
27985,0,3
27986,55,10
27987,0,3
27988,8,3
27989,64,7
27990,22,6
27991,130,16
27992,38,8
27993,0,3
27994,0,3
27995,0,3
27996,46,7
27997,41,8
27998,70,13
27999,68,11
28000,0,3
28001,57,10
28002,0,3
28003,27,7
28004,0,3
28005,7,5
28006,118,11
28007,24,8
28008,108,15
28009,85,8
28010,40,7
28011,35,7
28012,0,3
28013,0,3
28014,0,3
28015,0,3
28016,0,3
28017,169,6
28018,43,10
28019,42,7
28020,39,6
28021,147,5
28022,66,12
28023,26,9
28024,96,11
28025,61,8
28026,0,3
28027,0,3
28028,0,3
28029,0,3
28030,60,5
28031,0,3
28032,51,9
28033,42,7
28034,17,4
28035,6,5
28036,53,7
28037,0,3
28038,0,3
28039,45,8
28040,19,5
28041,0,3
28042,18,4
28043,41,9
28044,20,5
28045,41,3
28046,11,4
28047,151,16
28048,54,10
28049,30,6
28050,70,11
28051,0,3
28052,0,3
28053,29,10
28054,9,4
28055,26,7
28056,97,6
28057,0,3
28058,73,9
28059,64,11
28060,15,5
28061,83,14
28062,0,3
28063,107,15
28064,0,3
28065,13,5
28066,42,8
28067,113,13
28068,0,3
28069,0,3
28070,83,11
28071,0,3
28072,17,4
28073,148,8
28074,65,10
28075,78,10
28076,83,13
28077,19,5
28078,0,3
28079,98,12
28080,0,3
28081,57,6
28082,42,8
28083,0,3
28084,0,3
28085,0,3
28086,3,3
28087,7,2
28088,56,9
28089,73,10
28090,87,14
28091,57,12
28092,0,3
28093,1,3
28094,0,3
28095,118,12
28096,69,10
28097,0,3
28098,65,9
28099,71,11
28100,104,11
28101,88,12
28102,0,3
28103,0,3
28104,80,13
28105,0,3
28106,0,3
28107,35,7
28108,29,3
28109,45,9
28110,47,9
28111,4,3
28112,0,3
28113,83,14
28114,46,8
28115,49,9
28116,0,3
28117,16,6
28118,31,7
28119,75,11
28120,9,3
28121,0,3
28122,48,12
28123,0,3
28124,0,3
28125,0,3
28126,0,3
28127,82,12
28128,187,8
28129,66,15
28130,0,3
28131,86,12
28132,16,6
28133,0,3
28134,0,3
28135,51,10
28136,117,8
28137,87,7
28138,90,13
28139,56,11
28140,107,13
28141,2,3
28142,97,9
28143,21,7
28144,66,11
28145,94,11
28146,31,7
28147,86,10
28148,0,3
28149,58,12
28150,37,7
28151,56,7
28152,0,3
28153,18,7
28154,12,8
28155,0,3
28156,73,10
28157,0,3
28158,21,5
28159,74,9
28160,74,8
28161,51,7
28162,64,10
28163,16,5
28164,70,8
28165,66,9
28166,71,10
28167,108,12
28168,0,3
28169,0,3
28170,53,9
28171,0,3
28172,6,4
28173,67,12
28174,32,2
28175,47,8
28176,68,10
28177,20,4
28178,0,3
28179,79,13
28180,69,8
28181,93,10
28182,2,3
28183,51,9
28184,21,4
28185,69,9
28186,0,3
28187,0,3
28188,97,13
28189,0,3
28190,25,5
28191,0,3
28192,0,3
28193,0,3
28194,46,10
28195,85,10
28196,14,4
28197,25,8
28198,0,3
28199,0,3
28200,55,9
28201,72,7
28202,0,3
28203,0,3
28204,86,12
28205,83,10
28206,0,3
28207,119,11
28208,34,7
28209,86,13
28210,51,6
28211,34,6
28212,0,3
28213,0,3
28214,0,3
28215,0,3
28216,50,10
28217,46,5
28218,65,7
28219,46,7
28220,48,7
28221,108,10
28222,0,3
28223,0,3
28224,59,9
28225,80,16
28226,66,10
28227,43,6
28228,101,14
28229,108,11
28230,67,7
28231,78,12
28232,73,7
28233,78,13
28234,0,3
28235,128,17
28236,84,9
28237,0,3
28238,94,11
28239,0,3
28240,21,4
28241,110,14
28242,31,5
28243,0,3
28244,104,12
28245,69,7
28246,85,10
28247,38,9
28248,0,3
28249,20,4
28250,37,10
28251,82,11
28252,68,10
28253,3,3
28254,61,8
28255,121,6
28256,0,3
28257,0,3
28258,0,3
28259,71,9
28260,45,6
28261,0,3
28262,0,3
28263,20,5
28264,34,7
28265,0,3
28266,19,5
28267,75,6
28268,0,3
28269,0,3
28270,109,10
28271,77,10
28272,124,12
28273,0,3
28274,41,9
28275,0,3
28276,0,3
28277,0,3
28278,15,5
28279,20,6
28280,0,3
28281,36,7
28282,0,3
28283,99,9
28284,11,3
28285,35,8
28286,33,4
28287,12,5
28288,80,9
28289,62,11
28290,35,7
28291,61,8
28292,0,3
28293,0,3
28294,95,12
28295,0,3
28296,0,3
28297,46,7
28298,2,3
28299,65,11
28300,0,3
28301,0,3
28302,0,3
28303,40,9
28304,12,7
28305,12,3
28306,49,9
28307,40,5
28308,71,11
28309,0,3
28310,0,3
28311,5,4
28312,71,14
28313,100,8
28314,27,6
28315,28,4
28316,0,3
28317,0,3
28318,18,6
28319,0,3
28320,0,3
28321,0,3
28322,59,6
28323,41,7
28324,29,6
28325,12,4
28326,55,8
28327,95,11
28328,90,10
28329,43,6
28330,18,7
28331,3,3
28332,4,3
28333,0,3
28334,0,3
28335,0,3
28336,40,6
28337,70,11
28338,40,9
28339,92,11
28340,86,15
28341,77,7
28342,154,10
28343,6,4
28344,0,3
28345,0,3
28346,20,6
28347,85,13
28348,0,3
28349,69,7
28350,0,3
28351,70,7
28352,70,11
28353,0,3
28354,0,3
28355,0,3
28356,0,3
28357,138,13
28358,79,10
28359,1,3
28360,107,17
28361,23,7
28362,0,3
28363,0,3
28364,0,3
28365,43,7
28366,38,6
28367,79,9
28368,54,10
28369,75,11
28370,10,4
28371,0,3
28372,5,5
28373,0,3
28374,0,3
28375,0,3
28376,63,9
28377,49,6
28378,96,11
28379,80,10
28380,24,3
28381,70,8
28382,0,3
28383,83,10
28384,0,3
28385,0,3
28386,106,12
28387,101,8
28388,0,3
28389,82,13
28390,102,11
28391,53,9
28392,55,7
28393,10,3
28394,51,6
28395,12,4
28396,0,3
28397,0,3
28398,85,9
28399,0,3
28400,7,5
28401,14,4
28402,17,6
28403,31,8
28404,8,5
28405,0,3
28406,0,3
28407,0,3
28408,14,6
28409,21,4
28410,0,3
28411,50,6
28412,0,3
28413,89,10
28414,15,6
28415,80,12
28416,0,3
28417,106,8
28418,38,8
28419,19,5
28420,56,11
28421,23,5
28422,0,3
28423,0,3
28424,44,5
28425,0,3
28426,0,3
28427,0,3
28428,54,13
28429,75,8
28430,0,3
28431,106,13
28432,0,3
28433,14,4
28434,34,9
28435,3,3
28436,0,3
28437,43,4
28438,28,9
28439,0,3
28440,0,3
28441,34,6
28442,0,3
28443,0,3
28444,0,3
28445,55,10
28446,0,3
28447,68,10
28448,0,3
28449,53,12
28450,54,8
28451,0,3
28452,74,14
28453,51,9
28454,78,13
28455,0,3
28456,0,3
28457,37,8
28458,61,9
28459,58,10
28460,100,10
28461,56,8
28462,26,7
28463,0,3
28464,0,3
28465,75,6
28466,0,3
28467,0,3
28468,131,15
28469,0,3
28470,40,8
28471,0,3
28472,47,9
28473,0,3
28474,0,3
28475,14,8
28476,0,3
28477,0,3
28478,68,7
28479,0,3
28480,60,10
28481,34,8
28482,0,3
28483,66,7
28484,0,3
28485,36,6
28486,0,3
28487,0,3
28488,70,10
28489,48,10
28490,0,3
28491,0,3
28492,78,10
28493,0,3
28494,58,11
28495,0,3
28496,30,8
28497,0,3
28498,0,3
28499,72,9
28500,0,3
28501,67,13
28502,0,3
28503,13,4
28504,22,6
28505,43,9
28506,88,12
28507,30,6
28508,86,10
28509,87,9
28510,52,8
28511,121,11
28512,0,3
28513,62,14
28514,7,3
28515,58,6
28516,44,6
28517,68,9
28518,63,8
28519,106,14
28520,0,3
28521,0,3
28522,70,9
28523,32,6
28524,25,6
28525,6,4
28526,42,8
28527,0,3
28528,61,8
28529,0,3
28530,0,3
28531,96,8
28532,22,6
28533,0,3
28534,57,10
28535,276,6
28536,63,7
28537,0,3
28538,0,3
28539,59,9
28540,112,9
28541,53,8
28542,0,3
28543,61,9
28544,0,3
28545,52,9
28546,30,6
28547,15,6
28548,54,10
28549,0,3
28550,98,14
28551,57,12
28552,47,9
28553,69,13
28554,0,3
28555,0,3
28556,67,11
28557,53,8
28558,0,3
28559,112,12
28560,55,6
28561,96,13
28562,0,3
28563,25,8
28564,104,11
28565,82,12
28566,65,12
28567,37,9
28568,28,8
28569,38,9
28570,108,14
28571,27,6
28572,128,14
28573,61,10
28574,0,3
28575,0,3
28576,20,5
28577,0,3
28578,20,5
28579,0,3
28580,0,3
28581,0,3
28582,23,4
28583,0,3
28584,16,5
28585,60,11
28586,124,9
28587,42,10
28588,0,3
28589,139,15
28590,0,3
28591,92,10
28592,70,10
28593,0,3
28594,91,8
28595,0,3
28596,64,11
28597,0,3
28598,0,3
28599,44,7
28600,0,3
28601,60,7
28602,0,3
28603,141,13
28604,0,3
28605,10,5
28606,0,3
28607,0,3
28608,40,9
28609,23,7
28610,0,3
28611,22,5
28612,0,3
28613,61,9
28614,116,12
28615,25,5
28616,36,9
28617,123,15
28618,44,6
28619,179,4
28620,41,8
28621,0,3
28622,35,9
28623,0,3
28624,68,6
28625,8,4
28626,0,3
28627,62,9
28628,90,9
28629,71,11
28630,15,4
28631,25,6
28632,78,11
28633,85,14
28634,6,3
28635,75,9
28636,0,3
28637,1,3
28638,133,15
28639,0,3
28640,3,3
28641,3,3
28642,0,3
28643,33,8
28644,0,3
28645,106,10
28646,152,15
28647,0,3
28648,0,3
28649,78,10
28650,290,9
28651,0,3
28652,68,12
28653,0,3
28654,72,9
28655,33,7
28656,0,3
28657,70,12
28658,11,4
28659,85,10
28660,0,3
28661,125,10
28662,103,12
28663,79,10
28664,0,3
28665,230,9
28666,88,9
28667,39,7
28668,59,8
28669,41,5
28670,84,15
28671,0,3
28672,142,11
28673,19,5
28674,62,10
28675,57,9
28676,147,11
28677,0,3
28678,21,6
28679,0,3
28680,0,3
28681,44,9
28682,14,3
28683,58,11
28684,38,8
28685,5,3
28686,11,4
28687,3,3
28688,0,3
28689,96,10
28690,77,10
28691,41,7
28692,38,5
28693,44,9
28694,91,13
28695,17,5
28696,75,9
28697,0,3
28698,0,3
28699,46,4
28700,0,3
28701,41,8
28702,14,7
28703,0,3
28704,0,3
28705,0,3
28706,0,3
28707,0,3
28708,93,7
28709,57,11
28710,17,5
28711,103,10
28712,0,3
28713,132,10
28714,0,3
28715,4,4
28716,92,10
28717,75,8
28718,0,3
28719,0,3
28720,59,8
28721,30,6
28722,63,11
28723,48,7
28724,3,3
28725,32,7
28726,0,3
28727,0,3
28728,78,7
28729,0,3
28730,0,3
28731,0,3
28732,0,3
28733,71,6
28734,55,11
28735,6,3
28736,26,7
28737,0,3
28738,163,4
28739,67,9
28740,85,14
28741,18,4
28742,43,6
28743,83,8
28744,25,6
28745,94,10
28746,120,8
28747,0,3
28748,0,3
28749,46,7
28750,0,3
28751,47,9
28752,0,3
28753,136,7
28754,22,5
28755,0,3
28756,0,3
28757,0,3
28758,81,9
28759,57,7
28760,0,3
28761,48,9
28762,71,4
28763,43,6
28764,0,3
28765,79,10
28766,12,4
28767,0,3
28768,37,7
28769,35,8
28770,45,8
28771,0,3
28772,0,3
28773,92,15
28774,53,7
28775,0,3
28776,0,3
28777,0,3
28778,23,6
28779,27,7
28780,9,3
28781,33,5
28782,34,10
28783,27,6
28784,25,6
28785,0,3
28786,0,3
28787,0,3
28788,37,5
28789,0,3
28790,0,3
28791,66,12
28792,0,3
28793,23,7
28794,19,5
28795,0,3
28796,66,7
28797,38,8
28798,0,3
28799,0,3
28800,113,10
28801,77,9
28802,21,6
28803,13,6
28804,98,9
28805,6,3
28806,69,10
28807,0,3
28808,46,7
28809,64,6
28810,127,14
28811,0,3
28812,39,8
28813,0,3
28814,0,3
28815,0,3
28816,0,3
28817,69,11
28818,0,3
28819,13,6
28820,0,3
28821,133,18
28822,101,13
28823,8,4
28824,62,8
28825,65,10
28826,0,3
28827,0,3
28828,0,3
28829,129,15
28830,70,11
28831,0,3
28832,97,10
28833,56,11
28834,98,9
28835,101,13
28836,317,11
28837,0,3
28838,97,12
28839,0,3
28840,71,11
28841,0,3
28842,115,8
28843,0,3
28844,0,3
28845,0,3
28846,0,3
28847,0,3
28848,15,3
28849,61,9
28850,80,11
28851,0,3
28852,13,4
28853,57,10
28854,24,6
28855,0,3
28856,0,3
28857,97,12
28858,0,3
28859,59,8
28860,34,8
28861,178,11
28862,179,11
28863,0,3
28864,107,15
28865,5,3
28866,84,12
28867,0,3
28868,22,6
28869,0,3
28870,51,10
28871,47,6
28872,32,8
28873,0,3
28874,0,3
28875,0,3
28876,0,3
28877,38,9
28878,53,12
28879,73,12
28880,0,3
28881,80,13
28882,0,3
28883,62,9
28884,132,15
28885,115,7
28886,54,10
28887,128,15
28888,0,3
28889,118,12
28890,0,3
28891,48,10
28892,31,9
28893,0,3
28894,35,6
28895,75,11
28896,68,7
28897,0,3
28898,52,8
28899,15,4
28900,0,3
28901,61,11
28902,112,11
28903,0,3
28904,42,8
28905,54,14
28906,0,3
28907,16,3
28908,0,3
28909,24,9
28910,71,11
28911,0,3
28912,0,3
28913,43,9
28914,52,3
28915,0,3
28916,70,11
28917,46,7
28918,51,6
28919,30,5
28920,26,1
28921,54,11
28922,70,13
28923,53,9
28924,0,3
28925,33,8
28926,51,8
28927,0,3
28928,28,5
28929,0,3
28930,29,7
28931,41,8
28932,74,8
28933,0,3
28934,33,6
28935,41,7
28936,135,10
28937,0,3
28938,239,5
28939,0,3
28940,0,3
28941,81,7
28942,105,4
28943,92,10
28944,97,14
28945,38,8
28946,0,3
28947,79,11
28948,0,3
28949,0,3
28950,0,3
28951,116,9
28952,23,5
28953,0,3
28954,69,8
28955,3,3
28956,89,10
28957,6,4
28958,0,3
28959,39,4
28960,0,3
28961,4,3
28962,163,14
28963,46,7
28964,64,15
28965,49,10
28966,19,5
28967,16,4
28968,10,4
28969,0,3
28970,48,7
28971,0,3
28972,0,3
28973,85,11
28974,73,15
28975,32,6
28976,0,3
28977,0,3
28978,0,3
28979,110,11
28980,80,12
28981,79,8
28982,39,6
28983,0,3
28984,45,8
28985,22,4
28986,0,3
28987,79,3
28988,3,4
28989,0,3
28990,78,12
28991,0,3
28992,63,9
28993,74,11
28994,89,9
28995,0,3
28996,112,14
28997,68,9
28998,67,11
28999,20,7
29000,0,3
29001,2,3
29002,0,3
29003,75,13
29004,99,11
29005,45,9
29006,55,10
29007,32,7
29008,47,7
29009,0,3
29010,42,7
29011,11,5
29012,94,12
29013,55,12
29014,0,3
29015,0,3
29016,76,11
29017,55,8
29018,0,3
29019,26,7
29020,64,9
29021,0,3
29022,44,10
29023,83,11
29024,0,3
29025,0,3
29026,63,10
29027,0,3
29028,39,8
29029,0,3
29030,96,11
29031,0,3
29032,68,11
29033,0,3
29034,17,6
29035,38,6
29036,39,8
29037,0,3
29038,12,5
29039,20,7
29040,59,12
29041,13,4
29042,91,9
29043,115,13
29044,11,4
29045,63,8
29046,3,3
29047,0,3
29048,0,3
29049,91,10
29050,63,8
29051,11,3
29052,31,6
29053,0,3
29054,8,5
29055,16,5
29056,0,3
29057,10,4
29058,16,6
29059,42,7
29060,0,3
29061,0,3
29062,5,5
29063,53,8
29064,0,3
29065,0,3
29066,105,14
29067,48,10
29068,0,3
29069,94,13
29070,16,3
29071,33,6
29072,0,3
29073,93,5
29074,87,8
29075,97,12
29076,0,3
29077,0,3
29078,94,12
29079,45,9
29080,59,12
29081,53,8
29082,18,4
29083,53,10
29084,45,9
29085,70,11
29086,64,9
29087,56,10
29088,58,6
29089,54,10
29090,0,3
29091,36,7
29092,45,7
29093,0,3
29094,0,3
29095,0,3
29096,107,13
29097,59,6
29098,28,6
29099,88,11
29100,78,13
29101,0,3
29102,58,10
29103,63,11
29104,47,8
29105,0,3
29106,0,3
29107,37,8
29108,0,3
29109,30,8
29110,0,3
29111,27,7
29112,87,14
29113,0,3
29114,0,3
29115,0,3
29116,98,10
29117,0,3
29118,103,13
29119,0,3
29120,24,5
29121,0,3
29122,0,3
29123,45,10
29124,45,10
29125,0,3
29126,0,3
29127,119,12
29128,6,4
29129,31,6
29130,80,11
29131,92,13
29132,94,11
29133,0,3
29134,0,3
29135,5,3
29136,75,11
29137,39,7
29138,107,15
29139,90,9
29140,31,9
29141,0,3
29142,0,3
29143,61,9
29144,0,3
29145,115,12
29146,0,3
29147,1,3
29148,89,10
29149,0,3
29150,28,7
29151,19,6
29152,85,13
29153,0,3
29154,0,3
29155,71,10
29156,0,3
29157,72,12
29158,0,3
29159,0,3
29160,27,6
29161,0,3
29162,0,3
29163,10,3
29164,46,9
29165,43,7
29166,61,12
29167,0,3
29168,1,4
29169,192,19
29170,0,3
29171,46,5
29172,31,5
29173,0,3
29174,0,3
29175,35,8
29176,80,9
29177,67,8
29178,0,3
29179,0,3
29180,57,6
29181,35,8
29182,34,5
29183,16,5
29184,53,8
29185,48,7
29186,62,9
29187,42,6
29188,40,7
29189,52,10
29190,36,6
29191,0,3
29192,105,10
29193,39,8
29194,0,3
29195,0,3
29196,0,3
29197,63,7
29198,35,7
29199,39,8
29200,60,11
29201,44,10
29202,156,4
29203,27,6
29204,206,11
29205,2,3
29206,29,7
29207,29,7
29208,40,8
29209,80,11
29210,0,3
29211,21,5
29212,42,6
29213,210,15
29214,0,3
29215,0,3
29216,0,3
29217,51,8
29218,94,13
29219,29,5
29220,99,14
29221,38,7
29222,63,8
29223,0,3
29224,0,3
29225,65,10
29226,24,5
29227,44,11
29228,0,3
29229,0,3
29230,30,7
29231,42,7
29232,90,11
29233,0,3
29234,0,3
29235,0,3
29236,65,6
29237,50,7
29238,113,13
29239,0,3
29240,4,3
29241,19,4
29242,102,15
29243,177,7
29244,0,3
29245,86,7
29246,102,12
29247,15,4
29248,122,10
29249,0,3
29250,90,9
29251,1,3
29252,85,15
29253,0,3
29254,0,3
29255,0,3
29256,76,9
29257,10,5
29258,0,3
29259,0,3
29260,121,6
29261,18,6
29262,0,3
29263,48,9
29264,69,4
29265,0,3
29266,57,10
29267,0,3
29268,0,3
29269,41,13
29270,337,11
29271,24,4
29272,0,3
29273,87,9
29274,3,3
29275,41,8
29276,12,5
29277,0,3
29278,120,12
29279,0,3
29280,39,8
29281,34,6
29282,80,9
29283,136,11
29284,0,3
29285,0,3
29286,84,13
29287,43,9
29288,0,3
29289,61,10
29290,48,11
29291,0,3
29292,0,3
29293,110,15
29294,0,3
29295,67,9
29296,51,10
29297,52,9
29298,72,9
29299,0,3
29300,0,3
29301,0,3
29302,0,3
29303,0,3
29304,59,10
29305,35,8
29306,66,13
29307,53,8
29308,80,13
29309,35,5
29310,0,3
29311,23,8
29312,0,3
29313,5,3
29314,110,17
29315,73,8
29316,0,3
29317,0,3
29318,49,7
29319,71,11
29320,37,7
29321,90,12
29322,23,4
29323,103,14
29324,58,8
29325,45,8
29326,2,3
29327,9,4
29328,67,8
29329,0,3
29330,86,11
29331,87,13
29332,32,6
29333,95,4
29334,0,3
29335,70,8
29336,57,9
29337,106,15
29338,56,10
29339,88,18
29340,14,4
29341,0,3
29342,0,3
29343,0,3
29344,44,7
29345,110,12
29346,46,10
29347,0,3
29348,0,3
29349,0,3
29350,0,3
29351,42,9
29352,98,13
29353,23,5
29354,0,3
29355,17,5
29356,172,14
29357,5,3
29358,0,3
29359,18,7
29360,0,3
29361,22,7
29362,0,3
29363,73,9
29364,27,6
29365,102,11
29366,117,8
29367,42,9
29368,88,11
29369,270,14
29370,156,10
29371,32,6
29372,77,11
29373,105,12
29374,64,9
29375,58,11
29376,0,3
29377,0,3
29378,58,7
29379,81,13
29380,8,3
29381,45,5
29382,0,3
29383,115,8
29384,66,9
29385,0,3
29386,47,5
29387,2,3
29388,57,10
29389,35,9
29390,0,3
29391,77,16
29392,51,6
29393,91,11
29394,59,7
29395,22,4
29396,0,3
29397,23,5
29398,129,14
29399,0,3
29400,0,3
29401,83,10
29402,0,3
29403,0,3
29404,0,3
29405,0,3
29406,50,6
29407,0,3
29408,64,7
29409,88,12
29410,20,5
29411,0,3
29412,44,4
29413,0,3
29414,0,3
29415,77,14
29416,0,3
29417,0,3
29418,71,11
29419,32,5
29420,78,12
29421,0,3
29422,74,12
29423,70,10
29424,45,7
29425,0,3
29426,122,16
29427,44,7
29428,0,3
29429,48,9
29430,17,5
29431,9,4
29432,37,7
29433,107,13
29434,0,3
29435,42,7
29436,130,12
29437,0,3
29438,55,9
29439,68,10
29440,0,3
29441,152,11
29442,122,12
29443,91,14
29444,32,6
29445,70,10
29446,135,14
29447,36,5
29448,33,7
29449,148,12
29450,0,3
29451,0,3
29452,18,7
29453,0,3
29454,0,3
29455,93,16
29456,0,3
29457,0,3
29458,40,7
29459,42,9
29460,0,3
29461,50,8
29462,182,15
29463,37,7
29464,0,3
29465,123,13
29466,0,3
29467,0,3
29468,0,3
29469,47,8
29470,106,14
29471,0,3
29472,0,3
29473,65,8
29474,75,11
29475,63,9
29476,34,6
29477,0,3
29478,39,9
29479,56,13
29480,54,9
29481,0,3
29482,0,3
29483,98,15
29484,27,8
29485,4,3
29486,125,8
29487,0,3
29488,83,11
29489,31,9
29490,114,8
29491,0,3
29492,0,3
29493,80,11
29494,55,10
29495,116,14
29496,0,3
29497,0,3
29498,24,5
29499,73,9
29500,48,8
29501,0,3
29502,0,3
29503,48,7
29504,37,9
29505,76,12
29506,119,13
29507,0,3
29508,0,3
29509,0,3
29510,62,11
29511,0,3
29512,58,11
29513,7,4
29514,23,6
29515,42,8
29516,91,10
29517,101,11
29518,0,3
29519,36,6
29520,0,3
29521,41,8
29522,45,9
29523,102,13
29524,118,12
29525,0,3
29526,0,3
29527,0,3
29528,43,8
29529,0,3
29530,37,7
29531,12,3
29532,63,8
29533,0,3
29534,4,4
29535,53,6
29536,86,10
29537,50,8
29538,0,3
29539,76,12
29540,26,5
29541,0,3
29542,0,3
29543,0,3
29544,76,10
29545,0,3
29546,0,3
29547,136,10
29548,26,5
29549,0,3
29550,0,3
29551,0,3
29552,0,3
29553,57,10
29554,17,6
29555,49,8
29556,151,19
29557,86,9
29558,0,3
29559,58,5
29560,0,3
29561,47,11
29562,45,7
29563,0,3
29564,0,3
29565,0,3
29566,87,10
29567,23,4
29568,21,7
29569,0,3
29570,0,3
29571,32,7
29572,0,3
29573,0,3
29574,61,9
29575,13,4
29576,153,15
29577,0,3
29578,0,3
29579,25,6
29580,67,10
29581,47,6
29582,0,3
29583,50,7
29584,49,12
29585,0,3
29586,25,5
29587,0,3
29588,90,12
29589,0,3
29590,0,3
29591,0,3
29592,175,16
29593,3,3
29594,28,4
29595,0,3
29596,0,3
29597,84,12
29598,158,12
29599,140,15
29600,0,3
29601,32,8
29602,0,3
29603,0,3
29604,0,3
29605,105,14
29606,0,3
29607,64,12
29608,66,6
29609,0,3
29610,54,10
29611,0,3
29612,32,7
29613,26,4
29614,0,3
29615,43,9
29616,0,3
29617,0,3
29618,0,3
29619,97,11
29620,98,10
29621,88,9
29622,0,3
29623,115,20
29624,9,4
29625,15,5
29626,0,3
29627,58,10
29628,23,5
29629,0,3
29630,106,10
29631,56,10
29632,103,10
29633,69,11
29634,0,3
29635,85,5
29636,0,3
29637,62,12
29638,50,8
29639,125,15
29640,96,12
29641,0,3
29642,19,6
29643,85,8
29644,63,8
29645,0,3
29646,0,3
29647,4,3
29648,63,10
29649,1,3
29650,101,12
29651,0,3
29652,0,3
29653,22,6
29654,29,5
29655,5,5
29656,129,16
29657,0,3
29658,0,3
29659,67,8
29660,66,9
29661,84,11
29662,61,11
29663,39,8
29664,30,6
29665,0,3
29666,58,4
29667,0,3
29668,77,11
29669,0,3
29670,113,17
29671,0,3
29672,54,9
29673,81,12
29674,0,3
29675,95,11
29676,48,9
29677,63,7
29678,21,5
29679,0,3
29680,59,10
29681,12,3
29682,79,8
29683,0,3
29684,43,8
29685,0,3
29686,203,15
29687,0,3
29688,40,10
29689,0,3
29690,30,6
29691,0,3
29692,0,3
29693,40,8
29694,0,3
29695,37,7
29696,100,6
29697,71,11
29698,92,13
29699,21,4
29700,0,3
29701,0,3
29702,91,11
29703,0,3
29704,92,14
29705,79,6
29706,0,3
29707,129,15
29708,80,12
29709,82,11
29710,39,7
29711,15,7
29712,0,3
29713,94,3
29714,14,5
29715,0,3
29716,30,6
29717,16,6
29718,0,3
29719,101,3
29720,3,3
29721,133,13
29722,115,13
29723,0,3
29724,0,3
29725,12,4
29726,0,3
29727,0,3
29728,24,4
29729,0,3
29730,194,14
29731,34,6
29732,0,3
29733,1,3
29734,6,4
29735,100,11
29736,58,9
29737,19,6
29738,83,14
29739,0,3
29740,19,5
29741,115,14
29742,101,11
29743,33,4
29744,45,7
29745,0,3
29746,0,3
29747,59,10
29748,36,7
29749,117,11
29750,41,7
29751,116,11
29752,19,6
29753,12,5
29754,47,8
29755,9,6
29756,53,9
29757,0,3
29758,70,12
29759,78,8
29760,46,9
29761,0,3
29762,0,3
29763,0,3
29764,0,3
29765,0,3
29766,0,3
29767,2,3
29768,65,10
29769,64,9
29770,10,4
29771,97,12
29772,0,3
29773,0,3
29774,47,9
29775,93,11
29776,58,11
29777,79,14
29778,147,16
29779,0,3
29780,69,8
29781,0,3
29782,0,3
29783,89,8
29784,2,3
29785,34,8
29786,66,10
29787,41,9
29788,33,7
29789,72,10
29790,0,3
29791,68,11
29792,248,6
29793,0,3
29794,76,10
29795,50,9
29796,65,13
29797,0,3
29798,0,3
29799,39,7
29800,37,10
29801,0,3
29802,126,15
29803,64,10
29804,5,3
29805,0,3
29806,0,3
29807,72,9
29808,47,8
29809,33,7
29810,48,7
29811,62,10
29812,57,8
29813,0,3
29814,104,9
29815,0,3
29816,104,16
29817,54,8
29818,25,4
29819,44,11
29820,0,3
29821,15,4
29822,78,10
29823,0,3
29824,0,3
29825,98,10
29826,0,3
29827,68,11
29828,0,3
29829,71,11
29830,152,16
29831,18,6
29832,0,3
29833,0,3
29834,86,12
29835,66,8
29836,39,7
29837,0,3
29838,31,6
29839,56,8
29840,25,6
29841,47,10
29842,81,11
29843,48,7
29844,55,10
29845,17,6
29846,40,6
29847,0,3
29848,35,7
29849,12,5
29850,73,11
29851,17,6
29852,0,3
29853,116,10
29854,111,5
29855,0,3
29856,40,9
29857,0,3
29858,68,13
29859,220,8
29860,71,9
29861,0,3
29862,80,9
29863,42,4
29864,5,4
29865,5,3
29866,31,7
29867,102,12
29868,50,7
29869,44,7
29870,0,3
29871,48,10
29872,109,11
29873,0,3
29874,40,7
29875,0,3
29876,25,7
29877,0,3
29878,75,12
29879,1,3
29880,0,3
29881,5,4
29882,11,3
29883,0,3
29884,40,6
29885,0,3
29886,90,12
29887,68,10
29888,18,5
29889,60,12
29890,94,10
29891,54,5
29892,26,3
29893,0,3
29894,98,17
29895,0,3
29896,0,3
29897,46,9
29898,0,3
29899,132,14
29900,47,9
29901,2,3
29902,42,10
29903,9,6
29904,0,3
29905,0,3
29906,85,9
29907,13,3
29908,36,6
29909,65,12
29910,0,3
29911,72,14
29912,0,3
29913,0,3
29914,44,11
29915,20,5
29916,52,7
29917,0,3
29918,50,13
29919,41,9
29920,24,4
29921,0,3
29922,88,14
29923,42,5
29924,56,11
29925,0,3
29926,0,3
29927,0,3
29928,46,11
29929,26,6
29930,9,4
29931,0,3
29932,29,6
29933,85,14
29934,0,3
29935,61,7
29936,0,3
29937,49,10
29938,100,8
29939,0,3
29940,69,9
29941,49,10
29942,134,5
29943,57,6
29944,0,3
29945,37,7
29946,0,3
29947,0,3
29948,90,17
29949,0,3
29950,0,3
29951,314,14
29952,0,3
29953,0,3
29954,0,3
29955,0,3
29956,79,12
29957,40,9
29958,0,3
29959,0,3
29960,0,3
29961,0,3
29962,39,6
29963,10,6
29964,112,12
29965,72,14
29966,0,3
29967,44,8
29968,0,3
29969,71,10
29970,63,8
29971,0,3
29972,67,9
29973,0,3
29974,40,9
29975,0,3
29976,0,3
29977,42,9
29978,0,3
29979,105,11
29980,55,10
29981,76,11
29982,43,8
29983,19,4
29984,0,3
29985,139,16
29986,0,3
29987,80,12
29988,0,3
29989,103,8
29990,0,3
29991,75,11
29992,25,4
29993,112,13
29994,153,8
29995,0,3
29996,121,10
29997,17,5
29998,81,11
29999,52,7
30000,59,8
30001,116,12
30002,74,12
30003,0,3
30004,26,5
30005,31,6
30006,41,8
30007,0,3
30008,0,3
30009,58,8
30010,124,10
30011,0,3
30012,134,13
30013,0,3
30014,0,3
30015,0,3
30016,52,9
30017,27,5
30018,72,11
30019,171,8
30020,30,6
30021,9,5
30022,40,7
30023,0,3
30024,75,10
30025,47,9
30026,97,12
30027,129,16
30028,0,3
30029,84,11
30030,56,9
30031,24,6
30032,91,13
30033,0,3
30034,0,3
30035,74,10
30036,0,3
30037,15,7
30038,46,8
30039,0,3
30040,110,7
30041,109,12
30042,4,3
30043,0,3
30044,46,10
30045,14,4
30046,63,12
30047,0,3
30048,73,13
30049,0,3
30050,0,3
30051,93,7
30052,50,10
30053,0,3
30054,0,3
30055,49,7
30056,68,9
30057,0,3
30058,24,6
30059,27,8
30060,0,3
30061,45,4
30062,93,13
30063,0,3
30064,0,3
30065,62,8
30066,52,7
30067,0,3
30068,0,3
30069,12,4
30070,39,8
30071,0,3
30072,63,10
30073,0,3
30074,27,7
30075,0,3
30076,0,3
30077,81,11
30078,0,3
30079,39,8
30080,71,7
30081,0,3
30082,16,4
30083,10,4
30084,24,6
30085,46,9
30086,0,3
30087,20,5
30088,107,11
30089,111,16
30090,0,3
30091,59,10
30092,53,10
30093,0,3
30094,0,3
30095,69,11
30096,28,4
30097,164,10
30098,0,3
30099,0,3
30100,0,3
30101,29,6
30102,0,3
30103,12,3
30104,10,5
30105,0,3
30106,99,15
30107,79,6
30108,0,3
30109,53,9
30110,0,3
30111,89,11
30112,12,3
30113,60,9
30114,17,5
30115,0,3
30116,59,12
30117,73,11
30118,0,3
30119,188,11
30120,0,3
30121,0,3
30122,0,3
30123,0,3
30124,74,15
30125,89,14
30126,45,8
30127,0,3
30128,53,8
30129,61,8
30130,54,11
30131,119,13
30132,56,4
30133,41,8
30134,0,3
30135,4,3
30136,0,3
30137,0,3
30138,62,8
30139,33,5
30140,51,7
30141,96,12
30142,0,3
30143,0,3
30144,0,3
30145,37,8
30146,73,9
30147,80,10
30148,55,10
30149,38,8
30150,0,3
30151,0,3
30152,0,3
30153,59,11
30154,53,13
30155,45,9
30156,58,12
30157,0,3
30158,11,5
30159,0,3
30160,94,15
30161,70,11
30162,0,3
30163,110,16
30164,0,3
30165,0,3
30166,66,10
30167,0,3
30168,174,13
30169,0,3
30170,98,10
30171,0,3
30172,13,5
30173,68,11
30174,75,12
30175,0,3
30176,0,3
30177,32,6
30178,0,3
30179,92,10
30180,41,8
30181,0,3
30182,0,3
30183,0,3
30184,33,8
30185,0,3
30186,0,3
30187,48,8
30188,46,6
30189,108,10
30190,50,6
30191,0,3
30192,36,7
30193,0,3
30194,0,3
30195,0,3
30196,57,11
30197,0,3
30198,0,3
30199,90,11
30200,0,3
30201,22,7
30202,138,7
30203,0,3
30204,70,13
30205,122,11
30206,35,6
30207,46,9
30208,21,4
30209,90,14
30210,34,9
30211,20,4
30212,44,7
30213,88,11
30214,0,3
30215,0,3
30216,75,7
30217,13,4
30218,0,3
30219,0,3
30220,0,3
30221,0,3
30222,47,8
30223,92,13
30224,0,3
30225,49,9
30226,83,7
30227,71,9
30228,0,3
30229,0,3
30230,77,11
30231,29,7
30232,61,10
30233,0,3
30234,0,3
30235,0,3
30236,0,3
30237,87,12
30238,112,13
30239,139,11
30240,71,9
30241,0,3
30242,117,11
30243,0,3
30244,0,3
30245,49,9
30246,68,9
30247,75,9
30248,1,3
30249,0,3
30250,0,3
30251,166,13
30252,6,3
30253,52,9
30254,47,6
30255,0,3
30256,138,11
30257,50,10
30258,53,13
30259,55,7
30260,0,3
30261,0,3
30262,40,8
30263,28,7
30264,101,12
30265,65,11
30266,201,17
30267,0,3
30268,52,13
30269,13,4
30270,62,10
30271,24,6
30272,69,13
30273,65,7
30274,37,7
30275,0,3
30276,0,3
30277,0,3
30278,81,12
30279,0,3
30280,0,3
30281,26,4
30282,0,3
30283,38,8
30284,0,3
30285,15,5
30286,33,10
30287,31,7
30288,71,7
30289,33,7
30290,24,4
30291,0,3
30292,31,5
30293,60,8
30294,0,3
30295,84,10
30296,58,15
30297,23,8
30298,44,8
30299,69,12
30300,0,3
30301,0,3
30302,2,3
30303,50,7
30304,83,11
30305,48,9
30306,77,9
30307,0,3
30308,0,3
30309,80,12
30310,1,3
30311,62,7
30312,0,3
30313,74,11
30314,53,5
30315,95,12
30316,57,10
30317,108,12
30318,0,3
30319,40,4
30320,10,4
30321,0,3
30322,0,3
30323,25,7
30324,61,9
30325,0,3
30326,105,9
30327,55,9
30328,33,7
30329,57,11
30330,144,13
30331,125,17
30332,76,8
30333,17,5
30334,1,3
30335,2,3
30336,58,9
30337,69,10
30338,0,3
30339,75,5
30340,57,9
30341,0,3
30342,0,3
30343,87,15
30344,12,4
30345,4,4
30346,142,14
30347,108,10
30348,0,3
30349,138,13
30350,26,6
30351,22,7
30352,0,3
30353,90,10
30354,68,14
30355,20,7
30356,19,3
30357,9,3
30358,30,6
30359,0,3
30360,25,5
30361,33,5
30362,5,3
30363,0,3
30364,157,15
30365,0,3
30366,83,12
30367,83,7
30368,62,10
30369,67,9
30370,120,17
30371,48,8
30372,38,6
30373,50,7
30374,52,10
30375,32,7
30376,0,3
30377,104,13
30378,0,3
30379,5,4
30380,0,3
30381,0,3
30382,41,6
30383,39,8
30384,0,3
30385,103,10
30386,83,16
30387,28,7
30388,112,14
30389,0,3
30390,43,8
30391,47,8
30392,125,7
30393,97,11
30394,64,12
30395,47,8
30396,0,3
30397,90,10
30398,57,9
30399,35,9
30400,26,6
30401,0,3
30402,0,3
30403,0,3
30404,102,15
30405,0,3
30406,0,3
30407,120,14
30408,15,5
30409,2,3
30410,8,3
30411,22,6
30412,0,3
30413,0,3
30414,40,7
30415,99,12
30416,167,15
30417,66,8
30418,0,3
30419,18,6
30420,0,3
30421,74,12
30422,13,5
30423,0,3
30424,119,12
30425,82,12
30426,89,10
30427,48,6
30428,46,6
30429,0,3
30430,171,16
30431,0,3
30432,51,9
30433,0,3
30434,0,3
30435,59,7
30436,78,6
30437,0,3
30438,63,14
30439,0,3
30440,0,3
30441,50,13
30442,0,3
30443,34,8
30444,0,3
30445,65,9
30446,70,10
30447,0,3
30448,0,3
30449,0,3
30450,0,3
30451,0,3
30452,29,8
30453,35,7
30454,50,7
30455,0,3
30456,70,8
30457,55,8
30458,32,10
30459,22,6
30460,0,3
30461,0,3
30462,0,3
30463,0,3
30464,56,7
30465,0,3
30466,79,10
30467,0,3
30468,0,3
30469,103,13
30470,53,7
30471,74,13
30472,0,3
30473,0,3
30474,9,4
30475,0,3
30476,75,10
30477,0,3
30478,89,13
30479,6,3
30480,58,9
30481,52,11
30482,61,10
30483,111,9
30484,0,3
30485,102,12
30486,0,3
30487,129,12
30488,0,3
30489,0,3
30490,48,13
30491,42,8
30492,0,3
30493,52,10
30494,0,3
30495,13,5
30496,32,6
30497,67,7
30498,1,2
30499,78,11
30500,108,13
30501,37,8
30502,62,11
30503,0,3
30504,0,3
30505,55,10
30506,0,3
30507,0,3
30508,11,5
30509,46,6
30510,0,3
30511,66,9
30512,35,7
30513,0,3
30514,0,3
30515,0,3
30516,0,3
30517,45,11
30518,43,9
30519,0,3
30520,103,12
30521,54,11
30522,41,8
30523,101,7
30524,44,10
30525,39,9
30526,0,3
30527,0,3
30528,0,3
30529,51,9
30530,33,7
30531,0,3
30532,0,3
30533,68,15
30534,47,7
30535,0,3
30536,40,7
30537,0,3
30538,43,7
30539,34,5
30540,58,7
30541,0,3
30542,0,3
30543,3,3
30544,0,3
30545,73,12
30546,22,5
30547,0,3
30548,110,14
30549,116,4
30550,7,3
30551,56,10
30552,0,3
30553,0,3
30554,22,6
30555,39,6
30556,0,3
30557,0,3
30558,0,3
30559,42,11
30560,75,7
30561,54,8
30562,105,9
30563,0,3
30564,3,3
30565,0,3
30566,0,3
30567,142,13
30568,44,9
30569,58,12
30570,112,14
30571,168,11
30572,0,3
30573,11,4
30574,16,3
30575,0,3
30576,0,3
30577,119,14
30578,128,9
30579,0,3
30580,0,3
30581,11,3
30582,60,8
30583,2,3
30584,27,7
30585,66,8
30586,82,9
30587,16,3
30588,0,3
30589,125,11
30590,0,3
30591,0,3
30592,11,4
30593,44,8
30594,64,11
30595,99,14
30596,29,7
30597,60,8
30598,0,3
30599,0,3
30600,26,6
30601,48,8
30602,0,3
30603,75,13
30604,30,6
30605,31,7
30606,97,13
30607,94,15
30608,99,12
30609,59,6
30610,28,7
30611,61,10
30612,105,12
30613,51,8
30614,0,3
30615,0,3
30616,0,3
30617,131,11
30618,0,3
30619,0,3
30620,0,3
30621,128,12
30622,63,10
30623,76,13
30624,99,14
30625,31,7
30626,21,5
30627,76,9
30628,42,8
30629,149,6
30630,0,3
30631,30,5
30632,0,3
30633,0,3
30634,0,3
30635,0,3
30636,80,13
30637,0,3
30638,68,9
30639,0,3
30640,80,12
30641,0,3
30642,156,5
30643,184,12
30644,45,10
30645,29,5
30646,100,11
30647,86,10
30648,67,12
30649,0,3
30650,121,16
30651,82,11
30652,44,7
30653,7,4
30654,75,12
30655,17,5
30656,0,3
30657,0,3
30658,0,3
30659,42,7
30660,96,9
30661,123,13
30662,43,6
30663,56,10
30664,34,7
30665,61,9
30666,26,8
30667,0,3
30668,0,3
30669,0,3
30670,32,8
30671,28,5
30672,10,4
30673,65,5
30674,151,16
30675,0,3
30676,0,3
30677,80,11
30678,0,3
30679,54,8
30680,0,3
30681,0,3
30682,0,3
30683,80,8
30684,0,3
30685,96,7
30686,23,6
30687,0,3
30688,27,8
30689,87,10
30690,0,3
30691,0,3
30692,17,4
30693,54,7
30694,53,12
30695,46,7
30696,34,6
30697,199,10
30698,31,5
30699,38,8
30700,0,3
30701,0,3
30702,95,12
30703,26,6
30704,0,3
30705,177,13
30706,0,3
30707,32,7
30708,0,3
30709,0,3
30710,116,14
30711,52,10
30712,0,3
30713,52,8
30714,0,3
30715,9,4
30716,0,3
30717,0,3
30718,83,13
30719,0,3
30720,88,16
30721,94,11
30722,47,10
30723,0,3
30724,103,16
30725,64,8
30726,0,3
30727,216,12
30728,0,3
30729,66,12
30730,76,13
30731,60,12
30732,0,3
30733,0,3
30734,0,3
30735,57,7
30736,95,13
30737,20,7
30738,127,15
30739,92,13
30740,13,5
30741,86,12
30742,70,13
30743,114,9
30744,0,3
30745,151,15
30746,134,10
30747,0,3
30748,6,3
30749,0,3
30750,0,3
30751,130,13
30752,34,10
30753,83,10
30754,70,13
30755,83,5
30756,0,3
30757,50,12
30758,39,9
30759,0,3
30760,179,14
30761,76,12
30762,0,3
30763,62,10
30764,82,9
30765,117,11
30766,86,12
30767,121,17
30768,100,16
30769,0,3
30770,114,14
30771,56,10
30772,3,3
30773,77,9
30774,0,3
30775,170,14
30776,54,9
30777,43,9
30778,78,13
30779,23,8
30780,93,14
30781,94,8
30782,151,9
30783,27,5
30784,0,3
30785,83,7
30786,65,10
30787,41,6
30788,146,12
30789,123,12
30790,52,7
30791,108,12
30792,0,3
30793,0,3
30794,0,3
30795,106,15
30796,182,9
30797,51,10
30798,41,9
30799,0,3
30800,40,8
30801,58,9
30802,41,9
30803,8,2
30804,131,15
30805,101,11
30806,0,3
30807,0,3
30808,124,13
30809,0,3
30810,0,3
30811,28,6
30812,0,3
30813,0,3
30814,43,6
30815,100,7
30816,0,3
30817,81,10
30818,0,3
30819,203,11
30820,58,8
30821,44,8
30822,91,11
30823,0,3
30824,0,3
30825,140,13
30826,0,3
30827,0,3
30828,78,7
30829,0,3
30830,28,4
30831,0,3
30832,50,9
30833,113,13
30834,0,3
30835,89,11
30836,0,3
30837,50,10
30838,0,3
30839,118,15
30840,0,3
30841,85,13
30842,70,11
30843,62,9
30844,0,3
30845,0,3
30846,72,8
30847,111,7
30848,0,3
30849,0,3
30850,0,3
30851,41,7
30852,0,3
30853,69,12
30854,0,3
30855,56,6
30856,155,20
30857,44,8
30858,35,7
30859,0,3
30860,0,3
30861,0,3
30862,67,12
30863,0,3
30864,0,3
30865,1,3
30866,3,3
30867,24,9
30868,11,5
30869,91,10
30870,56,9
30871,0,3
30872,58,8
30873,164,17
30874,0,3
30875,0,3
30876,0,3
30877,46,8
30878,0,3
30879,74,10
30880,40,12
30881,65,12
30882,2,3
30883,71,13
30884,27,5
30885,34,7
30886,75,12
30887,44,11
30888,101,11
30889,96,14
30890,80,12
30891,52,9
30892,102,14
30893,78,9
30894,35,10
30895,23,4
30896,0,3
30897,115,10
30898,131,14
30899,81,9
30900,61,11
30901,117,6
30902,0,3
30903,0,3
30904,0,3
30905,48,9
30906,0,3
30907,5,3
30908,25,4
30909,48,10
30910,47,4
30911,0,3
30912,0,3
30913,80,12
30914,22,4
30915,0,3
30916,105,16
30917,0,3
30918,0,3
30919,33,6
30920,111,11
30921,55,4
30922,52,8
30923,0,3
30924,33,8
30925,0,3
30926,70,10
30927,116,14
30928,74,10
30929,53,9
30930,0,3
30931,0,3
30932,0,3
30933,0,3
30934,102,11
30935,0,3
30936,0,3
30937,80,10
30938,0,3
30939,53,3
30940,0,3
30941,106,13
30942,99,10
30943,37,12
30944,0,3
30945,0,3
30946,0,3
30947,7,4
30948,81,12
30949,0,3
30950,81,12
30951,85,10
30952,100,12
30953,0,3
30954,21,6
30955,46,5
30956,0,3
30957,84,13
30958,0,3
30959,79,15
30960,54,9
30961,20,7
30962,0,3
30963,44,8
30964,49,5
30965,0,3
30966,69,12
30967,48,13
30968,0,3
30969,0,3
30970,0,3
30971,0,3
30972,0,3
30973,0,3
30974,66,8
30975,36,7
30976,0,3
30977,70,7
30978,23,4
30979,48,10
30980,0,3
30981,79,7
30982,70,9
30983,0,3
30984,27,3
30985,19,5
30986,0,3
30987,106,12
30988,98,13
30989,0,3
30990,0,3
30991,93,10
30992,43,7
30993,0,3
30994,10,3
30995,18,5
30996,0,3
30997,266,12
30998,0,3
30999,48,10
31000,34,9
31001,31,10
31002,65,12
31003,155,7
31004,0,3
31005,0,3
31006,0,3
31007,0,3
31008,0,3
31009,106,6
31010,17,5
31011,38,7
31012,71,12
31013,92,10
31014,24,6
31015,105,15
31016,47,10
31017,4,3
31018,56,9
31019,53,8
31020,0,3
31021,7,3
31022,46,9
31023,0,3
31024,60,9
31025,170,11
31026,88,13
31027,125,9
31028,90,11
31029,58,10
31030,0,3
31031,73,11
31032,4,4
31033,47,9
31034,58,8
31035,0,3
31036,0,3
31037,66,9
31038,66,5
31039,0,3
31040,69,10
31041,35,6
31042,29,6
31043,0,3
31044,0,3
31045,60,8
31046,110,12
31047,0,3
31048,50,11
31049,68,12
31050,0,3
31051,24,6
31052,0,3
31053,58,9
31054,0,3
31055,10,3
31056,0,3
31057,63,11
31058,20,6
31059,74,11
31060,118,12
31061,2,3
31062,56,8
31063,57,10
31064,0,3
31065,0,3
31066,23,7
31067,72,11
31068,24,5
31069,0,3
31070,0,3
31071,0,3
31072,55,10
31073,0,3
31074,77,12
31075,0,3
31076,61,9
31077,46,8
31078,133,12
31079,34,7
31080,38,8
31081,0,3
31082,123,15
31083,145,14
31084,70,9
31085,0,3
31086,135,16
31087,66,11
31088,83,14
31089,96,9
31090,9,4
31091,0,3
31092,48,8
31093,106,13
31094,0,3
31095,3,3
31096,51,9
31097,56,7
31098,0,3
31099,66,11
31100,229,8
31101,111,12
31102,51,9
31103,158,19
31104,41,6
31105,52,8
31106,0,3
31107,37,8
31108,0,3
31109,72,8
31110,0,3
31111,0,3
31112,0,3
31113,0,3
31114,76,11
31115,0,3
31116,45,7
31117,0,3
31118,0,3
31119,52,10
31120,0,3
31121,30,8
31122,0,3
31123,63,10
31124,104,11
31125,0,3
31126,43,8
31127,7,3
31128,22,3
31129,71,12
31130,0,3
31131,0,3
31132,106,10
31133,0,3
31134,0,3
31135,69,12
31136,0,3
31137,0,3
31138,41,7
31139,80,11
31140,203,9
31141,126,14
31142,0,3
31143,0,3
31144,0,3
31145,0,3
31146,79,10
31147,0,3
31148,114,13
31149,62,10
31150,53,5
31151,74,8
31152,103,8
31153,0,3
31154,0,3
31155,0,3
31156,75,12
31157,73,9
31158,35,8
31159,58,8
31160,0,3
31161,88,9
31162,0,3
31163,43,5
31164,126,11
31165,23,4
31166,132,9
31167,0,3
31168,98,12
31169,355,13
31170,45,8
31171,95,10
31172,116,13
31173,135,11
31174,0,3
31175,100,12
31176,60,10
31177,0,3
31178,87,10
31179,16,4
31180,34,6
31181,75,10
31182,0,3
31183,4,3
31184,88,9
31185,88,8
31186,0,3
31187,0,3
31188,179,9
31189,66,11
31190,0,3
31191,0,3
31192,56,10
31193,38,8
31194,0,3
31195,0,3
31196,73,13
31197,68,13
31198,63,10
31199,142,17
31200,4,3
31201,59,9
31202,0,3
31203,0,3
31204,0,3
31205,92,14
31206,0,3
31207,80,13
31208,81,11
31209,214,8
31210,0,3
31211,8,3
31212,52,7
31213,0,3
31214,0,3
31215,83,11
31216,80,12
31217,61,10
31218,0,3
31219,9,5
31220,127,10
31221,104,10
31222,0,3
31223,52,6
31224,0,3
31225,32,6
31226,59,11
31227,100,13
31228,0,3
31229,79,10
31230,0,3
31231,64,10
31232,69,10
31233,62,10
31234,77,12
31235,88,13
31236,60,10
31237,159,17
31238,5,3
31239,61,10
31240,95,12
31241,0,3
31242,41,6
31243,116,18
31244,41,8
31245,0,3
31246,0,3
31247,0,3
31248,0,3
31249,0,3
31250,17,4
31251,0,3
31252,0,3
31253,0,3
31254,29,9
31255,0,3
31256,79,10
31257,92,10
31258,87,10
31259,131,13
31260,25,5
31261,161,15
31262,50,11
31263,44,4
31264,139,16
31265,0,3
31266,11,4
31267,72,12
31268,41,7
31269,0,3
31270,33,8
31271,132,13
31272,91,13
31273,15,6
31274,0,3
31275,88,10
31276,76,6
31277,0,3
31278,101,14
31279,0,3
31280,45,8
31281,22,4
31282,0,3
31283,0,3
31284,50,9
31285,86,6
31286,0,3
31287,69,8
31288,0,3
31289,0,3
31290,145,10
31291,0,3
31292,0,3
31293,135,11
31294,73,10
31295,8,3
31296,80,8
31297,12,4
31298,63,12
31299,87,12
31300,42,9
31301,0,3
31302,99,7
31303,0,3
31304,1,3
31305,92,13
31306,28,7
31307,32,7
31308,81,8
31309,0,3
31310,100,13
31311,77,10
31312,76,6
31313,96,9
31314,55,10
31315,46,7
31316,0,3
31317,53,10
31318,12,4
31319,0,3
31320,124,12
31321,34,12
31322,78,14
31323,0,3
31324,0,3
31325,69,10
31326,87,11
31327,116,17
31328,113,10
31329,69,9
31330,31,8
31331,0,3
31332,91,11
31333,0,3
31334,0,3
31335,68,10
31336,56,10
31337,120,13
31338,0,3
31339,18,5
31340,0,3
31341,14,4
31342,109,11
31343,67,10
31344,23,5
31345,0,3
31346,0,3
31347,81,12
31348,0,3
31349,111,11
31350,82,5
31351,0,3
31352,70,9
31353,85,9
31354,51,8
31355,8,5
31356,3,3
31357,74,8
31358,0,3
31359,60,6
31360,57,10
31361,0,3
31362,0,3
31363,0,3
31364,113,11
31365,101,7
31366,27,4
31367,81,6
31368,0,3
31369,0,3
31370,68,10
31371,0,3
31372,0,3
31373,22,5
31374,77,14
31375,98,9
31376,0,3
31377,51,9
31378,0,3
31379,139,19
31380,78,8
31381,152,11
31382,47,8
31383,0,3
31384,75,7
31385,113,14
31386,0,3
31387,68,13
31388,127,11
31389,0,3
31390,54,8
31391,43,7
31392,87,8
31393,55,10
31394,0,3
31395,120,13
31396,0,3
31397,132,12
31398,0,3
31399,0,3
31400,0,3
31401,0,3
31402,8,3
31403,25,6
31404,92,12
31405,84,11
31406,34,7
31407,23,6
31408,21,4
31409,31,10
31410,0,3
31411,0,3
31412,64,11
31413,0,3
31414,22,5
31415,136,16
31416,0,3
31417,0,3
31418,68,8
31419,0,3
31420,0,3
31421,0,3
31422,129,14
31423,58,12
31424,139,16
31425,94,9
31426,29,6
31427,16,5
31428,0,3
31429,0,3
31430,120,13
31431,84,9
31432,55,11
31433,0,3
31434,68,6
31435,0,3
31436,0,3
31437,91,12
31438,105,13
31439,86,13
31440,77,9
31441,38,8
31442,0,3
31443,65,11
31444,0,3
31445,0,3
31446,96,14
31447,73,7
31448,140,18
31449,111,17
31450,0,3
31451,0,3
31452,0,3
31453,55,6
31454,86,12
31455,103,15
31456,23,6
31457,0,3
31458,41,8
31459,43,9
31460,194,13
31461,76,14
31462,0,3
31463,7,4
31464,107,9
31465,61,9
31466,24,7
31467,118,17
31468,72,12
31469,50,6
31470,38,5
31471,0,3
31472,35,3
31473,71,8
31474,18,6
31475,45,11
31476,81,12
31477,0,3
31478,43,10
31479,43,10
31480,0,3
31481,28,9
31482,22,5
31483,75,9
31484,63,10
31485,77,11
31486,105,13
31487,41,7
31488,50,13
31489,91,11
31490,9,4
31491,22,5
31492,65,7
31493,0,3
31494,86,12
31495,0,3
31496,60,9
31497,0,3
31498,134,17
31499,96,12
31500,31,7
31501,54,9
31502,25,6
31503,32,8
31504,106,13
31505,0,3
31506,0,3
31507,31,10
31508,0,3
31509,158,12
31510,46,8
31511,31,8
31512,134,9
31513,0,3
31514,51,6
31515,0,3
31516,10,4
31517,10,5
31518,56,9
31519,17,5
31520,0,3
31521,0,3
31522,0,3
31523,40,9
31524,49,10
31525,0,3
31526,81,11
31527,82,13
31528,61,10
31529,78,13
31530,0,3
31531,59,7
31532,51,10
31533,23,5
31534,0,3
31535,62,9
31536,60,10
31537,100,13
31538,50,9
31539,52,8
31540,74,11
31541,0,3
31542,0,3
31543,97,13
31544,88,7
31545,0,3
31546,89,15
31547,73,11
31548,0,3
31549,90,14
31550,68,8
31551,36,6
31552,0,3
31553,28,6
31554,112,16
31555,135,14
31556,91,14
31557,29,4
31558,211,13
31559,126,13
31560,59,10
31561,91,10
31562,116,10
31563,22,6
31564,0,3
31565,0,3
31566,11,5
31567,0,3
31568,100,15
31569,0,3
31570,78,10
31571,120,12
31572,14,5
31573,33,11
31574,0,3
31575,46,6
31576,111,9
31577,73,9
31578,59,10
31579,76,14
31580,114,13
31581,50,12
31582,55,9
31583,0,3
31584,0,3
31585,30,7
31586,155,14
31587,62,6
31588,63,8
31589,78,10
31590,114,14
31591,0,3
31592,14,5
31593,0,3
31594,70,12
31595,123,15
31596,0,3
31597,25,5
31598,43,6
31599,0,3
31600,0,3
31601,0,3
31602,48,9
31603,72,13
31604,0,3
31605,15,4
31606,0,3
31607,53,10
31608,0,3
31609,0,3
31610,12,4
31611,72,9
31612,0,3
31613,0,3
31614,0,3
31615,83,14
31616,0,3
31617,0,3
31618,71,9
31619,153,15
31620,90,14
31621,0,3
31622,106,10
31623,149,14
31624,0,3
31625,0,3
31626,0,3
31627,60,12
31628,0,3
31629,106,9
31630,198,12
31631,139,14
31632,150,16
31633,0,3
31634,97,11
31635,0,3
31636,0,3
31637,87,11
31638,58,9
31639,0,3
31640,150,12
31641,0,3
31642,124,18
31643,48,10
31644,126,9
31645,0,3
31646,3,3
31647,0,3
31648,66,8
31649,0,3
31650,2,3
31651,72,9
31652,0,3
31653,91,11
31654,10,4
31655,44,8
31656,48,6
31657,79,10
31658,0,3
31659,5,3
31660,92,13
31661,7,4
31662,79,13
31663,60,10
31664,0,3
31665,0,3
31666,0,3
31667,20,5
31668,16,6
31669,155,9
31670,0,3
31671,113,12
31672,0,3
31673,0,3
31674,15,5
31675,78,14
31676,0,3
31677,49,7
31678,75,11
31679,0,3
31680,39,7
31681,22,5
31682,0,3
31683,0,3
31684,0,3
31685,48,9
31686,34,5
31687,2,3
31688,0,3
31689,0,3
31690,32,8
31691,156,14
31692,39,8
31693,60,6
31694,70,11
31695,155,8
31696,0,3
31697,21,7
31698,0,3
31699,70,9
31700,19,5
31701,72,10
31702,0,3
31703,194,16
31704,0,3
31705,43,6
31706,0,3
31707,122,11
31708,92,15
31709,0,3
31710,125,17
31711,125,7
31712,55,8
31713,55,8
31714,85,18
31715,49,8
31716,116,15
31717,107,12
31718,0,3
31719,0,3
31720,0,3
31721,320,19
31722,0,3
31723,0,3
31724,7,4
31725,0,3
31726,0,3
31727,62,10
31728,59,8
31729,61,10
31730,41,5
31731,0,3
31732,0,3
31733,0,3
31734,0,3
31735,0,3
31736,1,3
31737,172,15
31738,41,12
31739,57,11
31740,0,3
31741,22,4
31742,67,11
31743,64,8
31744,0,3
31745,0,3
31746,49,7
31747,0,3
31748,26,7
31749,0,3
31750,0,3
31751,48,8
31752,56,6
31753,46,12
31754,0,3
31755,0,3
31756,62,8
31757,80,11
31758,0,3
31759,9,3
31760,148,7
31761,47,9
31762,81,9
31763,43,9
31764,0,3
31765,64,10
31766,31,8
31767,45,8
31768,46,7
31769,48,10
31770,64,11
31771,0,3
31772,53,14
31773,88,9
31774,0,3
31775,136,10
31776,26,8
31777,0,3
31778,56,8
31779,72,13
31780,136,23
31781,0,3
31782,0,3
31783,0,3
31784,163,15
31785,69,8
31786,3,4
31787,47,11
31788,0,3
31789,68,9
31790,48,9
31791,0,3
31792,48,6
31793,0,3
31794,30,6
31795,75,9
31796,6,3
31797,78,9
31798,51,4
31799,3,4
31800,0,3
31801,0,3
31802,34,7
31803,0,3
31804,0,3
31805,37,10
31806,47,10
31807,171,18
31808,69,11
31809,44,7
31810,98,12
31811,72,10
31812,91,15
31813,119,15
31814,41,9
31815,104,11
31816,148,17
31817,0,3
31818,61,10
31819,255,15
31820,28,5
31821,35,5
31822,0,3
31823,0,3
31824,65,8
31825,0,3
31826,136,14
31827,63,6
31828,57,6
31829,105,12
31830,26,7
31831,69,16
31832,71,11
31833,0,3
31834,0,3
31835,40,6
31836,67,11
31837,0,3
31838,31,10
31839,0,3
31840,224,13
31841,166,13
31842,0,3
31843,8,4
31844,37,9
31845,0,3
31846,46,9
31847,52,8
31848,58,8
31849,0,3
31850,0,3
31851,61,11
31852,51,7
31853,59,9
31854,35,6
31855,52,8
31856,94,9
31857,27,5
31858,0,3
31859,84,7
31860,0,3
31861,0,3
31862,54,7
31863,20,5
31864,111,12
31865,0,3
31866,0,3
31867,136,11
31868,0,3
31869,89,6
31870,24,6
31871,87,9
31872,23,7
31873,0,3
31874,0,3
31875,0,3
31876,38,8
31877,46,9
31878,51,10
31879,0,3
31880,62,14
31881,0,3
31882,108,10
31883,22,5
31884,30,7
31885,0,3
31886,0,3
31887,29,6
31888,42,8
31889,60,12
31890,71,12
31891,51,7
31892,86,10
31893,76,8
31894,0,3
31895,24,5
31896,206,9
31897,0,3
31898,3,3
31899,0,3
31900,0,3
31901,60,11
31902,46,8
31903,175,10
31904,6,3
31905,147,19
31906,0,3
31907,41,9
31908,61,14
31909,138,14
31910,0,3
31911,0,3
31912,0,3
31913,92,15
31914,30,6
31915,104,8
31916,0,3
31917,0,3
31918,37,7
31919,46,8
31920,67,11
31921,0,3
31922,58,9
31923,83,10
31924,42,11
31925,0,3
31926,17,6
31927,0,3
31928,41,6
31929,79,10
31930,50,9
31931,62,9
31932,0,3
31933,110,16
31934,1,3
31935,155,17
31936,0,3
31937,37,7
31938,0,3
31939,29,8
31940,0,3
31941,39,6
31942,39,8
31943,0,3
31944,47,9
31945,98,13
31946,79,10
31947,31,8
31948,0,3
31949,0,3
31950,0,3
31951,108,16
31952,108,15
31953,175,22
31954,87,13
31955,92,14
31956,113,14
31957,57,4
31958,91,12
31959,121,9
31960,0,3
31961,0,3
31962,147,14
31963,0,3
31964,20,5
31965,0,3
31966,35,8
31967,25,7
31968,21,5
31969,59,10
31970,45,9
31971,103,11
31972,37,11
31973,0,3
31974,120,13
31975,0,3
31976,47,7
31977,0,3
31978,0,3
31979,0,3
31980,72,8
31981,0,3
31982,0,3
31983,53,8
31984,11,6
31985,0,3
31986,0,3
31987,0,3
31988,0,3
31989,0,3
31990,0,3
31991,37,9
31992,0,3
31993,43,8
31994,34,9
31995,38,6
31996,0,3
31997,42,6
31998,0,3
31999,38,5
32000,62,13
32001,79,10
32002,57,9
32003,48,9
32004,179,14
32005,62,8
32006,123,16
32007,21,6
32008,79,9
32009,87,7
32010,0,3
32011,101,15
32012,0,3
32013,97,13
32014,0,3
32015,87,7
32016,83,13
32017,0,3
32018,74,9
32019,0,3
32020,76,10
32021,48,9
32022,0,3
32023,90,12
32024,0,3
32025,155,15
32026,20,4
32027,17,5
32028,15,4
32029,120,17
32030,0,3
32031,0,3
32032,0,3
32033,24,5
32034,0,3
32035,0,3
32036,0,3
32037,0,3
32038,55,8
32039,84,19
32040,0,3
32041,0,3
32042,89,9
32043,69,8
32044,0,3
32045,144,15
32046,48,8
32047,37,6
32048,0,3
32049,67,9
32050,0,3
32051,66,10
32052,0,3
32053,90,14
32054,131,12
32055,0,3
32056,71,10
32057,55,9
32058,0,3
32059,104,15
32060,0,3
32061,159,15
32062,64,12
32063,106,16
32064,67,13
32065,103,10
32066,19,6
32067,0,3
32068,120,8
32069,0,3
32070,0,3
32071,254,13
32072,81,14
32073,4,3
32074,35,5
32075,100,13
32076,86,12
32077,0,3
32078,0,3
32079,60,10
32080,65,8
32081,39,10
32082,87,12
32083,131,7
32084,121,11
32085,0,3
32086,72,13
32087,99,13
32088,93,13
32089,133,15
32090,14,5
32091,127,13
32092,0,3
32093,0,3
32094,32,6
32095,36,9
32096,106,11
32097,3,3
32098,75,11
32099,25,5
32100,0,3
32101,0,3
32102,0,3
32103,28,7
32104,0,3
32105,0,3
32106,0,3
32107,2,3
32108,126,12
32109,115,17
32110,61,14
32111,341,13
32112,154,13
32113,0,3
32114,90,13
32115,98,18
32116,74,13
32117,0,3
32118,0,3
32119,88,13
32120,85,12
32121,134,14
32122,0,3
32123,69,10
32124,0,3
32125,52,9
32126,0,3
32127,0,3
32128,150,11
32129,68,11
32130,13,3
32131,0,3
32132,0,3
32133,0,3
32134,98,12
32135,0,3
32136,0,3
32137,0,3
32138,35,10
32139,83,10
32140,76,13
32141,62,10
32142,0,3
32143,38,9
32144,94,10
32145,3,3
32146,59,11
32147,71,6
32148,134,13
32149,95,9
32150,51,9
32151,100,13
32152,33,8
32153,0,3
32154,0,3
32155,69,10
32156,58,11
32157,105,8
32158,45,6
32159,0,3
32160,240,21
32161,126,10
32162,0,3
32163,152,15
32164,0,3
32165,0,3
32166,110,11
32167,64,14
32168,2,3
32169,0,3
32170,69,10
32171,0,3
32172,0,3
32173,1,3
32174,2,3
32175,112,11
32176,0,3
32177,0,3
32178,0,3
32179,0,3
32180,23,6
32181,0,3
32182,0,3
32183,53,8
32184,73,10
32185,1,4
32186,0,3
32187,0,3
32188,55,10
32189,45,8
32190,42,7
32191,133,11
32192,49,7
32193,0,3
32194,26,6
32195,0,3
32196,0,3
32197,89,9
32198,42,7
32199,0,3
32200,109,10
32201,22,5
32202,0,3
32203,107,10
32204,0,3
32205,15,5
32206,0,3
32207,17,4
32208,0,3
32209,0,3
32210,0,3
32211,30,8
32212,74,10
32213,0,3
32214,0,3
32215,10,5
32216,194,12
32217,0,3
32218,113,11
32219,25,5
32220,33,5
32221,0,3
32222,0,3
32223,0,3
32224,24,7
32225,44,8
32226,0,3
32227,178,18
32228,40,7
32229,0,3
32230,0,3
32231,132,13
32232,0,3
32233,95,17
32234,0,3
32235,0,3
32236,23,7
32237,59,6
32238,43,10
32239,75,11
32240,45,8
32241,0,3
32242,0,3
32243,0,3
32244,54,10
32245,34,5
32246,100,9
32247,54,9
32248,56,11
32249,42,7
32250,87,6
32251,0,3
32252,104,15
32253,116,21
32254,121,16
32255,54,11
32256,112,12
32257,54,10
32258,52,5
32259,47,9
32260,50,9
32261,28,5
32262,21,6
32263,98,13
32264,153,16
32265,64,10
32266,106,12
32267,0,3
32268,56,11
32269,124,16
32270,115,17
32271,24,6
32272,24,6
32273,0,3
32274,102,9
32275,31,9
32276,375,7
32277,22,8
32278,0,3
32279,0,3
32280,7,4
32281,23,8
32282,84,14
32283,68,11
32284,27,7
32285,0,3
32286,73,10
32287,124,5
32288,37,7
32289,113,11
32290,0,3
32291,0,3
32292,76,9
32293,62,14
32294,113,8
32295,37,9
32296,0,3
32297,98,12
32298,79,10
32299,153,11
32300,20,7
32301,64,8
32302,0,3
32303,66,9
32304,0,3
32305,0,3
32306,0,3
32307,33,7
32308,0,3
32309,116,11
32310,78,11
32311,63,10
32312,0,3
32313,37,10
32314,33,8
32315,102,14
32316,38,8
32317,59,8
32318,99,11
32319,96,11
32320,0,3
32321,54,12
32322,119,19
32323,84,18
32324,175,10
32325,0,3
32326,125,11
32327,24,8
32328,0,3
32329,121,13
32330,118,14
32331,0,3
32332,27,6
32333,97,10
32334,126,15
32335,0,3
32336,0,3
32337,0,3
32338,0,3
32339,47,7
32340,36,7
32341,49,8
32342,118,14
32343,0,3
32344,29,6
32345,70,8
32346,1,3
32347,0,3
32348,14,6
32349,0,3
32350,115,10
32351,117,20
32352,0,3
32353,45,8
32354,99,13
32355,77,6
32356,0,3
32357,17,5
32358,189,13
32359,0,3
32360,5,3
32361,79,11
32362,0,3
32363,62,10
32364,0,3
32365,0,3
32366,59,10
32367,76,10
32368,82,13
32369,0,3
32370,35,6
32371,173,15
32372,55,13
32373,23,5
32374,7,4
32375,45,7
32376,49,11
32377,0,3
32378,88,9
32379,56,8
32380,0,3
32381,138,14
32382,102,15
32383,103,12
32384,0,3
32385,0,3
32386,84,12
32387,0,3
32388,94,12
32389,65,9
32390,133,13
32391,0,3
32392,0,3
32393,0,3
32394,64,11
32395,0,3
32396,5,3
32397,0,3
32398,133,13
32399,2,3
32400,75,9
32401,61,8
32402,33,6
32403,88,12
32404,175,11
32405,0,3
32406,0,3
32407,0,3
32408,117,14
32409,0,3
32410,0,3
32411,70,11
32412,87,9
32413,31,5
32414,164,17
32415,12,4
32416,0,3
32417,43,10
32418,64,9
32419,19,4
32420,64,13
32421,63,8
32422,0,3
32423,108,15
32424,191,9
32425,83,13
32426,138,19
32427,0,3
32428,87,9
32429,103,11
32430,62,13
32431,0,3
32432,171,16
32433,0,3
32434,62,12
32435,0,3
32436,90,13
32437,86,14
32438,146,15
32439,55,8
32440,108,13
32441,127,20
32442,31,6
32443,104,9
32444,0,3
32445,96,10
32446,120,11
32447,68,9
32448,55,8
32449,92,12
32450,127,16
32451,87,11
32452,0,3
32453,0,3
32454,149,14
32455,0,3
32456,0,3
32457,83,15
32458,95,13
32459,143,11
32460,185,6
32461,119,12
32462,52,8
32463,0,3
32464,72,8
32465,0,3
32466,116,14
32467,36,9
32468,53,8
32469,0,3
32470,25,5
32471,204,13
32472,7,3
32473,0,3
32474,38,10
32475,210,12
32476,0,3
32477,53,9
32478,80,9
32479,0,3
32480,84,12
32481,38,5
32482,94,12
32483,71,9
32484,80,11
32485,176,10
32486,0,3
32487,41,9
32488,92,9
32489,62,9
32490,62,10
32491,0,3
32492,90,10
32493,0,3
32494,1,3
32495,0,3
32496,0,3
32497,0,3
32498,65,8
32499,0,3
32500,32,7
32501,14,5
32502,0,3
32503,74,9
32504,0,3
32505,20,7
32506,48,7
32507,2,3
32508,12,4
32509,0,3
32510,49,8
32511,85,9
32512,117,11
32513,120,12
32514,0,3
32515,0,3
32516,109,8
32517,0,3
32518,0,3
32519,85,10
32520,0,3
32521,60,5
32522,108,13
32523,100,14
32524,65,11
32525,76,6
32526,0,3
32527,88,12
32528,0,3
32529,0,3
32530,0,3
32531,0,3
32532,75,11
32533,3,3
32534,42,10
32535,0,3
32536,0,3
32537,37,8
32538,87,14
32539,24,6
32540,109,14
32541,162,8
32542,84,11
32543,25,7
32544,0,3
32545,37,7
32546,146,19
32547,44,7
32548,82,8
32549,48,7
32550,58,11
32551,0,3
32552,80,10
32553,0,3
32554,0,3
32555,38,6
32556,11,3
32557,0,3
32558,174,13
32559,38,9
32560,68,10
32561,86,15
32562,10,4
32563,73,14
32564,71,10
32565,93,15
32566,73,8
32567,51,7
32568,0,3
32569,0,3
32570,122,14
32571,0,3
32572,0,3
32573,105,11
32574,0,3
32575,82,12
32576,13,8
32577,0,3
32578,0,3
32579,65,8
32580,161,11
32581,11,5
32582,0,3
32583,57,12
32584,0,3
32585,0,3
32586,0,3
32587,0,3
32588,0,3
32589,60,7
32590,0,3
32591,0,3
32592,33,5
32593,0,3
32594,53,8
32595,51,6
32596,72,12
32597,32,9
32598,135,15
32599,56,8
32600,70,8
32601,78,10
32602,0,3
32603,53,10
32604,62,12
32605,132,16
32606,0,3
32607,64,10
32608,111,12
32609,58,10
32610,0,3
32611,0,3
32612,42,9
32613,58,9
32614,200,8
32615,0,3
32616,30,6
32617,0,3
32618,88,11
32619,16,5
32620,94,10
32621,109,7
32622,46,8
32623,122,13
32624,126,15
32625,0,3
32626,0,3
32627,5,3
32628,0,3
32629,0,3
32630,56,11
32631,128,13
32632,0,3
32633,209,12
32634,83,11
32635,84,11
32636,40,9
32637,0,3
32638,0,3
32639,36,11
32640,93,12
32641,129,11
32642,106,10
32643,68,13
32644,0,3
32645,0,3
32646,0,3
32647,117,13
32648,115,15
32649,70,12
32650,0,3
32651,34,9
32652,0,3
32653,96,10
32654,0,3
32655,0,3
32656,0,3
32657,33,5
32658,19,5
32659,11,4
32660,98,12
32661,0,3
32662,0,3
32663,0,3
32664,0,3
32665,0,3
32666,96,12
32667,114,14
32668,162,18
32669,76,12
32670,33,6
32671,6,4
32672,35,6
32673,0,3
32674,40,4
32675,116,15
32676,33,6
32677,25,6
32678,1,3
32679,8,4
32680,101,7
32681,0,3
32682,84,7
32683,43,8
32684,62,6
32685,42,8
32686,32,7
32687,182,17
32688,0,3
32689,0,3
32690,0,3
32691,66,9
32692,98,14
32693,180,11
32694,0,3
32695,0,3
32696,0,3
32697,163,15
32698,1,3
32699,51,9
32700,144,16
32701,59,11
32702,0,3
32703,166,15
32704,139,10
32705,60,8
32706,51,8
32707,9,3
32708,112,14
32709,0,3
32710,3,3
32711,24,6
32712,0,3
32713,63,8
32714,83,10
32715,36,6
32716,167,13
32717,53,11
32718,54,10
32719,0,3
32720,22,6
32721,44,10
32722,19,4
32723,114,9
32724,0,3
32725,86,9
32726,96,11
32727,26,8
32728,155,21
32729,0,3
32730,96,11
32731,83,14
32732,103,17
32733,98,13
32734,59,8
32735,0,3
32736,106,9
32737,14,4
32738,0,3
32739,124,14
32740,0,3
32741,0,3
32742,71,13
32743,110,16
32744,0,3
32745,75,11
32746,0,3
32747,96,8
32748,38,8
32749,9,4
32750,47,8
32751,76,12
32752,177,9
32753,124,16
32754,0,3
32755,0,3
32756,49,8
32757,0,3
32758,133,14
32759,106,15
32760,0,3
32761,38,10
32762,15,6
32763,80,11
32764,0,3
32765,12,4
32766,0,3
32767,11,5
32768,83,12
32769,0,3
32770,0,3
32771,122,8
32772,61,12
32773,0,3
32774,1,3
32775,90,13
32776,0,3
32777,0,3
32778,0,3
32779,52,10
32780,0,3
32781,61,10
32782,0,3
32783,0,3
32784,8,5
32785,6,3
32786,102,13
32787,0,3
32788,42,9
32789,27,7
32790,73,6
32791,37,9
32792,91,15
32793,67,15
32794,61,11
32795,23,6
32796,54,9
32797,75,8
32798,9,3
32799,0,3
32800,156,9
32801,0,3
32802,83,14
32803,69,9
32804,69,11
32805,50,9
32806,0,3
32807,102,12
32808,135,9
32809,17,3
32810,99,17
32811,0,3
32812,78,10
32813,0,3
32814,29,11
32815,166,13
32816,23,6
32817,51,8
32818,82,12
32819,41,7
32820,0,3
32821,0,3
32822,0,3
32823,46,8
32824,63,11
32825,0,3
32826,157,18
32827,62,11
32828,93,17
32829,0,3
32830,58,8
32831,88,14
32832,90,12
32833,0,3
32834,68,9
32835,173,12
32836,0,3
32837,0,3
32838,0,3
32839,143,18
32840,0,3
32841,0,3
32842,0,3
32843,0,3
32844,79,14
32845,0,3
32846,66,10
32847,105,10
32848,21,5
32849,0,3
32850,85,8
32851,0,3
32852,38,7
32853,153,11
32854,89,14
32855,126,16
32856,68,10
32857,75,9
32858,98,8
32859,191,18
32860,0,3
32861,0,3
32862,0,3
32863,63,4
32864,0,3
32865,108,10
32866,30,8
32867,0,3
32868,81,16
32869,58,12
32870,37,7
32871,91,10
32872,50,6
32873,61,14
32874,0,3
32875,0,3
32876,188,17
32877,115,16
32878,63,8
32879,97,10
32880,0,3
32881,0,3
32882,79,12
32883,0,3
32884,100,13
32885,0,3
32886,47,8
32887,6,3
32888,0,3
32889,6,3
32890,57,9
32891,60,9
32892,70,8
32893,0,3
32894,8,4
32895,136,11
32896,74,7
32897,0,3
32898,74,11
32899,0,3
32900,0,3
32901,14,3
32902,59,12
32903,13,4
32904,0,3
32905,0,3
32906,0,3
32907,0,3
32908,97,16
32909,12,3
32910,99,9
32911,107,11
32912,78,12
32913,50,8
32914,125,13
32915,24,7
32916,128,13
32917,0,3
32918,0,3
32919,52,8
32920,18,7
32921,0,3
32922,56,9
32923,0,3
32924,28,7
32925,128,5
32926,41,7
32927,0,3
32928,0,3
32929,68,14
32930,0,3
32931,13,4
32932,134,11
32933,34,6
32934,69,13
32935,46,6
32936,60,11
32937,0,3
32938,42,9
32939,0,3
32940,30,5
32941,0,3
32942,0,3
32943,0,3
32944,131,13
32945,0,3
32946,0,3
32947,53,9
32948,0,3
32949,116,12
32950,0,3
32951,181,18
32952,0,3
32953,29,8
32954,0,3
32955,27,5
32956,0,3
32957,0,3
32958,112,13
32959,94,13
32960,56,13
32961,91,11
32962,2,3
32963,0,3
32964,60,8
32965,0,3
32966,0,3
32967,59,10
32968,29,7
32969,0,3
32970,23,4
32971,63,11
32972,37,9
32973,35,6
32974,0,3
32975,22,6
32976,112,17
32977,158,16
32978,0,3
32979,75,9
32980,138,18
32981,204,18
32982,70,12
32983,16,5
32984,78,9
32985,0,3
32986,73,13
32987,150,11
32988,87,7
32989,0,3
32990,33,6
32991,0,3
32992,0,3
32993,0,3
32994,85,12
32995,103,11
32996,66,12
32997,58,5
32998,17,5
32999,29,7
33000,54,10
33001,42,9
33002,0,3
33003,0,3
33004,61,5
33005,74,8
33006,0,3
33007,0,3
33008,78,6
33009,50,8
33010,2,4
33011,88,10
33012,0,3
33013,41,5
33014,26,5
33015,0,3
33016,68,8
33017,61,12
33018,0,3
33019,94,12
33020,47,9
33021,173,15
33022,0,3
33023,54,9
33024,16,7
33025,44,11
33026,25,5
33027,133,13
33028,143,13
33029,95,13
33030,57,9
33031,7,3
33032,122,16
33033,0,3
33034,0,3
33035,69,11
33036,58,11
33037,0,3
33038,0,3
33039,0,3
33040,0,3
33041,208,5
33042,36,10
33043,0,3
33044,0,3
33045,61,12
33046,86,12
33047,0,3
33048,0,3
33049,0,3
33050,73,11
33051,91,11
33052,114,11
33053,0,3
33054,71,5
33055,0,3
33056,0,3
33057,17,7
33058,0,3
33059,37,8
33060,84,11
33061,72,10
33062,0,3
33063,164,13
33064,69,10
33065,69,10
33066,108,14
33067,0,3
33068,107,15
33069,0,3
33070,19,7
33071,78,10
33072,78,13
33073,0,3
33074,47,8
33075,90,16
33076,104,11
33077,76,10
33078,75,10
33079,110,9
33080,58,8
33081,69,11
33082,106,15
33083,70,9
33084,0,3
33085,130,8
33086,4,3
33087,52,9
33088,67,12
33089,92,7
33090,71,12
33091,4,3
33092,99,9
33093,180,12
33094,0,3
33095,0,3
33096,0,3
33097,0,3
33098,91,9
33099,55,7
33100,0,3
33101,0,3
33102,0,3
33103,78,12
33104,70,12
33105,56,9
33106,25,4
33107,0,3
33108,155,16
33109,63,5
33110,0,3
33111,84,12
33112,78,9
33113,84,13
33114,128,17
33115,36,7
33116,15,6
33117,0,3
33118,0,3
33119,76,11
33120,69,9
33121,45,6
33122,118,10
33123,0,3
33124,50,8
33125,0,3
33126,0,3
33127,0,3
33128,0,3
33129,118,13
33130,115,12
33131,127,18
33132,0,3
33133,63,6
33134,0,3
33135,56,8
33136,86,12
33137,108,11
33138,83,10
33139,0,3
33140,35,5
33141,0,3
33142,83,9
33143,127,15
33144,0,3
33145,0,3
33146,0,3
33147,74,11
33148,0,3
33149,0,3
33150,40,7
33151,0,3
33152,57,10
33153,85,10
33154,88,14
33155,35,8
33156,47,8
33157,0,3
33158,52,10
33159,0,3
33160,0,3
33161,183,10
33162,115,16
33163,1,3
33164,115,17
33165,151,13
33166,0,3
33167,0,3
33168,0,3
33169,69,9
33170,52,11
33171,0,3
33172,90,8
33173,0,3
33174,24,7
33175,0,3
33176,0,3
33177,134,15
33178,68,13
33179,56,11
33180,67,12
33181,51,13
33182,120,12
33183,45,10
33184,0,3
33185,84,15
33186,99,11
33187,24,8
33188,137,12
33189,118,17
33190,48,8
33191,98,14
33192,0,3
33193,12,4
33194,0,3
33195,54,15
33196,48,9
33197,88,11
33198,60,12
33199,48,10
33200,101,12
33201,77,11
33202,0,3
33203,108,12
33204,79,13
33205,0,3
33206,43,7
33207,41,9
33208,44,8
33209,64,11
33210,248,6
33211,0,3
33212,26,7
33213,140,5
33214,95,12
33215,0,3
33216,74,13
33217,0,3
33218,26,7
33219,157,15
33220,0,3
33221,0,3
33222,66,11
33223,45,7
33224,102,14
33225,0,3
33226,0,3
33227,93,11
33228,0,3
33229,4,4
33230,208,7
33231,62,12
33232,5,4
33233,90,13
33234,24,6
33235,0,3
33236,36,8
33237,2,3
33238,0,3
33239,0,3
33240,0,3
33241,54,7
33242,6,3
33243,112,14
33244,0,3
33245,0,3
33246,0,3
33247,120,6
33248,0,3
33249,0,3
33250,0,3
33251,70,9
33252,0,3
33253,12,4
33254,46,9
33255,49,9
33256,13,5
33257,70,10
33258,182,10
33259,85,9
33260,75,12
33261,56,10
33262,104,14
33263,89,12
33264,0,3
33265,31,7
33266,273,11
33267,0,3
33268,0,3
33269,0,3
33270,55,10
33271,53,9
33272,169,14
33273,49,8
33274,0,3
33275,0,3
33276,0,3
33277,20,5
33278,0,3
33279,0,3
33280,99,11
33281,0,3
33282,0,3
33283,108,14
33284,0,3
33285,195,14
33286,0,3
33287,19,5
33288,0,3
33289,161,9
33290,63,7
33291,24,4
33292,0,3
33293,0,3
33294,55,10
33295,0,3
33296,109,9
33297,0,3
33298,0,3
33299,92,12
33300,32,8
33301,218,14
33302,31,6
33303,94,12
33304,114,11
33305,34,8
33306,143,18
33307,0,3
33308,32,7
33309,116,14
33310,130,15
33311,136,15
33312,0,3
33313,94,14
33314,13,5
33315,39,11
33316,0,3
33317,0,3
33318,63,12
33319,9,4
33320,131,16
33321,0,3
33322,165,13
33323,0,3
33324,66,10
33325,123,13
33326,61,7
33327,0,3
33328,138,12
33329,0,3
33330,0,3
33331,0,3
33332,0,3
33333,29,8
33334,62,9
33335,48,10
33336,44,5
33337,0,3
33338,0,3
33339,104,14
33340,100,10
33341,0,3
33342,0,3
33343,0,3
33344,0,3
33345,0,3
33346,0,3
33347,0,3
33348,61,7
33349,51,12
33350,10,4
33351,0,3
33352,0,3
33353,42,7
33354,0,3
33355,0,3
33356,0,3
33357,8,4
33358,0,3
33359,73,14
33360,19,5
33361,55,9
33362,0,3
33363,0,3
33364,69,7
33365,0,3
33366,55,10
33367,49,10
33368,0,3
33369,149,20
33370,17,4
33371,0,3
33372,84,12
33373,40,8
33374,78,15
33375,32,8
33376,106,14
33377,11,6
33378,40,8
33379,0,3
33380,108,13
33381,51,7
33382,143,16
33383,89,17
33384,49,12
33385,0,3
33386,26,8
33387,30,6
33388,122,14
33389,82,13
33390,0,3
33391,173,14
33392,158,13
33393,0,3
33394,73,9
33395,40,10
33396,0,3
33397,214,18
33398,0,3
33399,78,10
33400,93,14
33401,113,12
33402,127,10
33403,106,15
33404,0,3
33405,2,3
33406,0,3
33407,0,3
33408,0,3
33409,68,11
33410,16,4
33411,0,3
33412,62,10
33413,178,13
33414,0,3
33415,89,11
33416,91,6
33417,0,3
33418,108,6
33419,70,12
33420,79,11
33421,93,12
33422,39,6
33423,38,9
33424,0,3
33425,178,7
33426,110,11
33427,124,17
33428,44,7
33429,0,3
33430,32,3
33431,155,11
33432,0,3
33433,100,10
33434,63,9
33435,29,5
33436,99,16
33437,0,3
33438,67,10
33439,0,3
33440,0,3
33441,97,14
33442,0,3
33443,83,10
33444,0,3
33445,0,3
33446,0,3
33447,0,3
33448,0,3
33449,56,10
33450,74,9
33451,0,3
33452,0,3
33453,0,3
33454,0,3
33455,0,3
33456,42,9
33457,61,3
33458,0,3
33459,56,11
33460,0,3
33461,61,12
33462,81,11
33463,66,7
33464,3,3
33465,0,3
33466,14,4
33467,149,14
33468,59,10
33469,41,9
33470,74,9
33471,158,13
33472,92,10
33473,0,3
33474,0,3
33475,148,6
33476,100,10
33477,103,10
33478,23,5
33479,53,9
33480,0,3
33481,24,6
33482,0,3
33483,0,3
33484,31,6
33485,95,11
33486,45,10
33487,81,4
33488,72,13
33489,109,16
33490,45,9
33491,59,8
33492,0,3
33493,61,9
33494,0,3
33495,102,15
33496,0,3
33497,48,8
33498,0,3
33499,0,3
33500,0,3
33501,61,11
33502,0,3
33503,108,13
33504,111,12
33505,346,7
33506,76,9
33507,0,3
33508,0,3
33509,94,6
33510,72,11
33511,0,3
33512,48,11
33513,96,15
33514,77,14
33515,76,11
33516,46,9
33517,80,9
33518,0,3
33519,15,4
33520,0,3
33521,84,10
33522,33,7
33523,75,12
33524,79,12
33525,88,13
33526,186,18
33527,48,9
33528,0,3
33529,8,4
33530,18,5
33531,73,10
33532,199,15
33533,60,9
33534,0,3
33535,96,9
33536,0,3
33537,28,6
33538,162,7
33539,108,13
33540,101,11
33541,14,4
33542,46,11
33543,0,3
33544,50,9
33545,0,3
33546,61,12
33547,35,9
33548,0,3
33549,0,3
33550,123,14
33551,20,5
33552,11,5
33553,31,10
33554,0,3
33555,108,10
33556,0,3
33557,0,3
33558,0,3
33559,0,3
33560,71,12
33561,0,3
33562,54,12
33563,0,3
33564,186,18
33565,0,3
33566,47,8
33567,46,9
33568,166,13
33569,60,8
33570,105,14
33571,106,9
33572,13,4
33573,121,15
33574,18,4
33575,100,13
33576,0,3
33577,54,12
33578,111,16
33579,81,10
33580,47,9
33581,35,8
33582,52,11
33583,27,6
33584,118,12
33585,50,7
33586,46,11
33587,76,14
33588,182,19
33589,74,12
33590,115,12
33591,89,11
33592,71,12
33593,0,3
33594,125,16
33595,62,12
33596,104,11
33597,121,12
33598,76,14
33599,116,15
33600,0,3
33601,91,12
33602,0,3
33603,0,3
33604,0,3
33605,24,6
33606,21,7
33607,21,7
33608,80,11
33609,79,12
33610,0,3
33611,65,11
33612,31,4
33613,84,12
33614,0,3
33615,93,13
33616,23,6
33617,0,3
33618,72,14
33619,143,16
33620,76,8
33621,0,3
33622,108,13
33623,0,3
33624,12,4
33625,75,12
33626,73,12
33627,84,10
33628,0,3
33629,19,5
33630,126,16
33631,80,14
33632,0,3
33633,43,9
33634,0,3
33635,37,5
33636,0,3
33637,46,12
33638,71,12
33639,41,10
33640,3,3
33641,129,13
33642,92,8
33643,117,12
33644,44,6
33645,123,15
33646,75,9
33647,68,11
33648,42,11
33649,0,3
33650,0,3
33651,89,13
33652,12,5
33653,95,11
33654,46,10
33655,81,10
33656,65,8
33657,110,16
33658,6,4
33659,0,3
33660,113,13
33661,2,3
33662,108,15
33663,0,3
33664,0,3
33665,166,10
33666,0,3
33667,253,8
33668,15,5
33669,12,5
33670,109,8
33671,73,8
33672,127,18
33673,0,3
33674,0,3
33675,0,3
33676,87,9
33677,0,3
33678,88,7
33679,0,3
33680,15,4
33681,171,20
33682,0,3
33683,50,7
33684,0,3
33685,0,3
33686,29,8
33687,69,10
33688,0,3
33689,0,3
33690,0,3
33691,0,3
33692,0,3
33693,0,3
33694,1,3
33695,77,11
33696,40,10
33697,43,8
33698,115,10
33699,0,3
33700,0,3
33701,0,3
33702,0,3
33703,62,11
33704,72,11
33705,115,12
33706,89,13
33707,80,9
33708,43,8
33709,0,3
33710,0,3
33711,69,11
33712,65,11
33713,30,7
33714,58,12
33715,34,8
33716,231,22
33717,32,6
33718,40,8
33719,0,3
33720,115,15
33721,0,3
33722,0,3
33723,0,3
33724,47,8
33725,30,9
33726,95,12
33727,0,3
33728,84,13
33729,176,10
33730,21,7
33731,132,12
33732,0,3
33733,91,9
33734,262,22
33735,0,3
33736,71,10
33737,106,8
33738,62,12
33739,23,4
33740,0,3
33741,50,10
33742,0,3
33743,78,15
33744,0,3
33745,151,14
33746,0,3
33747,120,14
33748,121,8
33749,74,14
33750,1,4
33751,0,3
33752,34,6
33753,45,8
33754,60,10
33755,109,12
33756,63,10
33757,103,11
33758,85,11
33759,3,3
33760,68,10
33761,88,9
33762,0,3
33763,0,3
33764,217,18
33765,54,12
33766,0,3
33767,0,3
33768,54,13
33769,0,3
33770,175,13
33771,72,11
33772,6,3
33773,63,8
33774,141,16
33775,0,3
33776,0,3
33777,37,6
33778,0,3
33779,186,17
33780,101,13
33781,78,11
33782,25,6
33783,78,12
33784,51,9
33785,156,15
33786,62,7
33787,0,3
33788,0,3
33789,70,10
33790,111,16
33791,29,5
33792,117,8
33793,0,3
33794,0,3
33795,25,8
33796,121,14
33797,75,11
33798,80,6
33799,40,9
33800,90,12
33801,72,11
33802,56,11
33803,48,9
33804,59,9
33805,16,5
33806,28,7
33807,98,9
33808,184,12
33809,0,3
33810,88,14
33811,0,3
33812,88,14
33813,314,12
33814,0,3
33815,6,3
33816,19,5
33817,0,3
33818,75,11
33819,138,18
33820,103,14
33821,2,3
33822,0,3
33823,0,3
33824,166,15
33825,0,3
33826,0,3
33827,79,13
33828,82,11
33829,0,3
33830,132,14
33831,0,3
33832,0,3
33833,0,3
33834,68,12
33835,32,7
33836,38,8
33837,64,12
33838,78,13
33839,0,3
33840,38,6
33841,122,11
33842,194,8
33843,157,15
33844,0,3
33845,48,10
33846,73,9
33847,85,12
33848,84,10
33849,0,3
33850,129,13
33851,87,14
33852,99,11
33853,0,3
33854,0,3
33855,0,3
33856,30,5
33857,81,5
33858,67,7
33859,0,3
33860,51,7
33861,18,6
33862,119,10
33863,0,3
33864,0,3
33865,116,13
33866,153,13
33867,0,3
33868,92,14
33869,63,11
33870,92,13
33871,15,6
33872,81,10
33873,63,15
33874,0,3
33875,0,3
33876,44,9
33877,81,10
33878,0,3
33879,0,3
33880,66,10
33881,93,12
33882,83,13
33883,0,3
33884,146,12
33885,6,3
33886,0,3
33887,85,12
33888,60,8
33889,0,3
33890,18,7
33891,46,8
33892,106,12
33893,0,3
33894,0,3
33895,0,3
33896,0,3
33897,55,9
33898,97,16
33899,0,3
33900,38,7
33901,0,3
33902,0,3
33903,101,10
33904,94,10
33905,0,3
33906,19,7
33907,0,3
33908,98,16
33909,92,10
33910,109,13
33911,0,3
33912,130,11
33913,0,3
33914,0,3
33915,133,17
33916,185,7
33917,100,16
33918,152,16
33919,0,3
33920,102,15
33921,148,11
33922,37,6
33923,56,9
33924,120,15
33925,0,3
33926,3,4
33927,135,13
33928,30,7
33929,0,3
33930,162,10
33931,0,3
33932,87,10
33933,57,10
33934,253,12
33935,30,6
33936,277,12
33937,67,12
33938,0,3
33939,58,9
33940,0,3
33941,0,3
33942,123,15
33943,0,3
33944,0,3
33945,11,3
33946,153,13
33947,2,3
33948,37,8
33949,38,5
33950,22,6
33951,0,3
33952,135,11
33953,81,14
33954,80,11
33955,93,14
33956,0,3
33957,33,7
33958,114,8
33959,0,3
33960,0,3
33961,128,15
33962,144,16
33963,45,9
33964,143,13
33965,52,9
33966,68,7
33967,35,9
33968,124,12
33969,159,22
33970,93,10
33971,0,3
33972,0,3
33973,75,15
33974,11,5
33975,17,4
33976,39,7
33977,0,3
33978,0,3
33979,0,3
33980,43,7
33981,0,3
33982,0,3
33983,59,8
33984,37,5
33985,0,3
33986,0,3
33987,25,6
33988,53,11
33989,0,3
33990,2,3
33991,0,3
33992,0,3
33993,128,17
33994,81,12
33995,0,3
33996,108,13
33997,79,11
33998,0,3
33999,118,13
34000,72,11
34001,46,10
34002,158,12
34003,10,6
34004,49,11
34005,117,11
34006,0,3
34007,0,3
34008,6,3
34009,0,3
34010,61,14
34011,117,10
34012,53,6
34013,27,4
34014,0,3
34015,77,9
34016,41,7
34017,165,15
34018,93,10
34019,0,3
34020,145,12
34021,6,4
34022,0,3
34023,0,3
34024,0,3
34025,0,3
34026,55,10
34027,0,3
34028,129,20
34029,0,3
34030,16,5
34031,0,3
34032,0,3
34033,176,16
34034,51,8
34035,79,8
34036,0,3
34037,33,11
34038,0,3
34039,0,3
34040,103,11
34041,0,3
34042,0,3
34043,0,3
34044,0,3
34045,0,3
34046,62,11
34047,0,3
34048,45,8
34049,71,14
34050,152,15
34051,0,3
34052,24,6
34053,0,3
34054,0,3
34055,51,8
34056,48,10
34057,35,11
34058,44,9
34059,105,11
34060,0,3
34061,15,5
34062,0,3
34063,70,13
34064,0,3
34065,97,14
34066,136,16
34067,53,7
34068,41,10
34069,47,8
34070,47,7
34071,0,3
34072,50,11
34073,1,3
34074,47,9
34075,0,3
34076,52,9
34077,83,9
34078,32,7
34079,0,3
34080,0,3
34081,77,12
34082,136,13
34083,0,3
34084,0,3
34085,112,13
34086,0,3
34087,103,14
34088,142,15
34089,108,13
34090,0,3
34091,0,3
34092,0,3
34093,99,14
34094,60,8
34095,42,4
34096,53,7
34097,80,13
34098,44,6
34099,65,9
34100,49,8
34101,0,3
34102,0,3
34103,29,5
34104,88,16
34105,0,3
34106,61,7
34107,109,13
34108,30,8
34109,174,14
34110,96,12
34111,70,15
34112,109,12
34113,0,3
34114,10,4
34115,71,12
34116,98,11
34117,47,8
34118,0,3
34119,97,12
34120,39,5
34121,73,7
34122,0,3
34123,44,9
34124,89,12
34125,30,5
34126,0,3
34127,61,13
34128,0,3
34129,132,13
34130,0,3
34131,108,15
34132,15,6
34133,28,7
34134,0,3
34135,54,8
34136,34,6
34137,255,18
34138,0,3
34139,1,3
34140,53,8
34141,54,6
34142,56,7
34143,122,17
34144,131,11
34145,0,3
34146,112,10
34147,70,11
34148,0,3
34149,151,15
34150,0,3
34151,0,3
34152,0,3
34153,49,9
34154,80,14
34155,84,11
34156,63,13
34157,115,14
34158,0,3
34159,0,3
34160,42,7
34161,0,3
34162,62,12
34163,23,6
34164,0,3
34165,64,5
34166,94,13
34167,96,14
34168,137,16
34169,114,17
34170,0,3
34171,88,13
34172,41,6
34173,54,10
34174,57,10
34175,0,3
34176,0,3
34177,2,2
34178,58,9
34179,0,3
34180,103,11
34181,182,11
34182,74,10
34183,38,9
34184,0,3
34185,7,4
34186,32,7
34187,0,3
34188,74,12
34189,97,13
34190,47,5
34191,122,12
34192,0,3
34193,0,3
34194,0,3
34195,103,7
34196,0,3
34197,0,3
34198,0,3
34199,168,13
34200,0,3
34201,39,10
34202,104,14
34203,100,16
34204,0,3
34205,112,12
34206,109,15
34207,44,6
34208,207,14
34209,0,3
34210,0,3
34211,93,13
34212,0,3
34213,24,8
34214,105,7
34215,58,11
34216,115,14
34217,51,8
34218,0,3
34219,60,10
34220,27,6
34221,0,3
34222,0,3
34223,0,3
34224,72,9
34225,0,3
34226,93,10
34227,63,10
34228,62,10
34229,0,3
34230,0,3
34231,0,3
34232,0,3
34233,111,15
34234,50,10
34235,121,11
34236,0,3
34237,46,11
34238,0,3
34239,116,18
34240,62,12
34241,147,19
34242,0,3
34243,0,3
34244,95,14
34245,116,14
34246,125,19
34247,0,3
34248,0,3
34249,43,8
34250,0,3
34251,82,12
34252,0,3
34253,0,3
34254,139,13
34255,0,3
34256,66,10
34257,80,14
34258,0,3
34259,0,3
34260,0,3
34261,49,10
34262,71,11
34263,75,9
34264,17,5
34265,75,14
34266,83,10
34267,0,3
34268,80,7
34269,0,3
34270,0,3
34271,0,3
34272,82,11
34273,0,3
34274,80,8
34275,0,3
34276,0,3
34277,53,7
34278,0,3
34279,0,3
34280,11,4
34281,0,3
34282,93,12
34283,0,3
34284,0,3
34285,94,12
34286,20,3
34287,48,9
34288,32,6
34289,0,3
34290,22,5
34291,107,10
34292,48,11
34293,92,15
34294,31,9
34295,0,3
34296,0,3
34297,5,3
34298,0,3
34299,62,11
34300,90,10
34301,0,3
34302,42,9
34303,24,6
34304,20,6
34305,0,3
34306,0,3
34307,31,9
34308,34,9
34309,127,14
34310,0,3
34311,0,3
34312,0,3
34313,0,3
34314,88,13
34315,182,19
34316,0,3
34317,76,12
34318,87,11
34319,0,3
34320,0,3
34321,150,14
34322,71,8
34323,0,3
34324,0,3
34325,49,12
34326,33,8
34327,57,8
34328,10,5
34329,161,17
34330,79,13
34331,120,17
34332,0,3
34333,0,3
34334,99,14
34335,49,9
34336,18,4
34337,44,7
34338,88,17
34339,37,8
34340,0,3
34341,21,7
34342,0,3
34343,0,3
34344,41,6
34345,0,3
34346,0,3
34347,0,3
34348,147,18
34349,32,8
34350,51,8
34351,20,5
34352,67,14
34353,152,14
34354,61,9
34355,1,3
34356,0,3
34357,50,8
34358,130,17
34359,0,3
34360,13,4
34361,24,6
34362,331,16
34363,45,9
34364,98,14
34365,35,6
34366,0,3
34367,35,8
34368,40,9
34369,0,3
34370,131,13
34371,97,9
34372,65,10
34373,87,11
34374,53,11
34375,0,3
34376,149,16
34377,24,7
34378,65,12
34379,0,3
34380,125,17
34381,28,6
34382,176,13
34383,94,12
34384,151,15
34385,51,12
34386,99,5
34387,0,3
34388,0,3
34389,0,3
34390,0,3
34391,81,10
34392,0,3
34393,0,3
34394,0,3
34395,0,3
34396,67,14
34397,0,3
34398,110,12
34399,106,13
34400,36,7
34401,0,3
34402,121,12
34403,202,12
34404,0,3
34405,54,13
34406,0,3
34407,0,3
34408,142,8
34409,0,3
34410,0,3
34411,53,11
34412,6,3
34413,21,3
34414,99,13
34415,16,4
34416,174,22
34417,44,6
34418,0,3
34419,100,11
34420,52,8
34421,82,12
34422,0,3
34423,83,13
34424,85,11
34425,129,14
34426,0,3
34427,98,13
34428,19,5
34429,0,3
34430,0,3
34431,0,3
34432,11,6
34433,0,3
34434,39,7
34435,26,6
34436,104,16
34437,27,7
34438,0,3
34439,56,7
34440,0,3
34441,34,11
34442,0,3
34443,77,10
34444,75,10
34445,0,3
34446,0,3
34447,53,10
34448,126,15
34449,5,4
34450,0,3
34451,36,7
34452,78,10
34453,73,13
34454,6,5
34455,157,13
34456,43,10
34457,0,3
34458,0,3
34459,66,11
34460,91,13
34461,55,9
34462,54,10
34463,123,11
34464,75,13
34465,0,3
34466,0,3
34467,0,3
34468,0,3
34469,74,12
34470,0,3
34471,14,4
34472,102,16
34473,0,3
34474,0,3
34475,45,8
34476,0,3
34477,0,3
34478,0,3
34479,0,3
34480,0,3
34481,60,10
34482,53,7
34483,122,17
34484,0,3
34485,44,11
34486,0,3
34487,71,10
34488,0,3
34489,0,3
34490,96,13
34491,24,5
34492,163,11
34493,122,7
34494,55,10
34495,17,4
34496,42,9
34497,0,3
34498,122,15
34499,0,3
34500,73,11
34501,0,3
34502,0,3
34503,89,13
34504,114,16
34505,68,6
34506,66,10
34507,59,10
34508,53,11
34509,41,9
34510,0,3
34511,120,12
34512,0,3
34513,0,3
34514,92,12
34515,28,5
34516,0,3
34517,75,11
34518,0,3
34519,0,3
34520,78,11
34521,86,13
34522,136,12
34523,43,9
34524,0,3
34525,63,14
34526,76,10
34527,98,14
34528,85,12
34529,129,17
34530,0,3
34531,0,3
34532,0,3
34533,196,20
34534,92,13
34535,0,3
34536,0,3
34537,0,3
34538,181,20
34539,133,15
34540,0,3
34541,100,15
34542,195,13
34543,56,10
34544,92,13
34545,99,13
34546,0,3
34547,0,3
34548,63,12
34549,114,10
34550,114,15
34551,86,13
34552,51,6
34553,0,3
34554,0,3
34555,0,3
34556,77,13
34557,0,3
34558,123,15
34559,50,9
34560,0,3
34561,0,3
34562,0,3
34563,0,3
34564,0,3
34565,0,3
34566,0,3
34567,0,3
34568,132,12
34569,60,15
34570,143,15
34571,71,10
34572,0,3
34573,49,8
34574,0,3
34575,126,14
34576,99,14
34577,18,7
34578,0,3
34579,90,12
34580,10,5
34581,41,8
34582,62,12
34583,63,14
34584,0,3
34585,50,10
34586,83,13
34587,0,3
34588,0,3
34589,3,3
34590,56,8
34591,0,3
34592,77,12
34593,204,3
34594,166,10
34595,75,11
34596,0,3
34597,9,6
34598,0,3
34599,0,3
34600,13,6
34601,35,7
34602,106,16
34603,141,17
34604,0,3
34605,0,3
34606,95,11
34607,130,11
34608,78,13
34609,111,12
34610,0,3
34611,0,3
34612,64,9
34613,43,10
34614,146,11
34615,0,3
34616,0,3
34617,0,3
34618,0,3
34619,80,12
34620,73,13
34621,89,8
34622,16,4
34623,1,3
34624,42,9
34625,53,9
34626,120,17
34627,75,7
34628,33,7
34629,0,3
34630,44,11
34631,23,6
34632,72,9
34633,58,12
34634,105,18
34635,0,3
34636,0,3
34637,0,3
34638,0,3
34639,54,7
34640,22,5
34641,47,9
34642,12,3
34643,0,3
34644,0,3
34645,106,17
34646,0,3
34647,135,16
34648,198,19
34649,68,10
34650,86,9
34651,24,7
34652,105,13
34653,0,3
34654,97,15
34655,140,20
34656,133,10
34657,0,3
34658,0,3
34659,0,3
34660,105,13
34661,98,14
34662,0,3
34663,0,3
34664,26,6
34665,56,10
34666,25,10
34667,0,3
34668,0,3
34669,0,3
34670,64,10
34671,41,6
34672,134,13
34673,50,12
34674,0,3
34675,0,3
34676,0,3
34677,64,11
34678,0,3
34679,80,12
34680,64,10
34681,0,3
34682,93,13
34683,132,21
34684,44,8
34685,17,7
34686,0,3
34687,0,3
34688,33,6
34689,65,11
34690,102,14
34691,23,5
34692,0,3
34693,39,8
34694,112,11
34695,73,10
34696,73,13
34697,0,3
34698,57,10
34699,116,10
34700,10,4
34701,15,5
34702,0,3
34703,0,3
34704,39,8
34705,36,5
34706,0,3
34707,116,8
34708,120,11
34709,127,16
34710,0,3
34711,89,11
34712,163,18
34713,37,8
34714,0,3
34715,34,8
34716,52,9
34717,44,7
34718,0,3
34719,139,14
34720,53,7
34721,62,8
34722,50,13
34723,0,3
34724,32,6
34725,0,3
34726,62,12
34727,107,12
34728,72,12
34729,119,15
34730,54,11
34731,52,8
34732,189,10
34733,0,3
34734,19,7
34735,0,3
34736,102,16
34737,45,7
34738,83,11
34739,0,3
34740,97,13
34741,0,3
34742,0,3
34743,157,17
34744,92,12
34745,77,10
34746,72,12
34747,124,14
34748,0,3
34749,50,6
34750,75,13
34751,68,10
34752,0,3
34753,67,7
34754,0,3
34755,0,3
34756,0,3
34757,0,3
34758,0,3
34759,110,8
34760,140,10
34761,96,15
34762,0,3
34763,49,10
34764,0,3
34765,46,7
34766,59,6
34767,144,12
34768,0,3
34769,55,11
34770,0,3
34771,64,11
34772,0,3
34773,0,3
34774,57,9
34775,42,10
34776,0,3
34777,43,8
34778,78,10
34779,52,12
34780,5,3
34781,113,15
34782,93,7
34783,0,3
34784,74,9
34785,0,3
34786,121,10
34787,0,3
34788,100,10
34789,17,6
34790,0,3
34791,59,10
34792,37,8
34793,0,3
34794,95,14
34795,178,9
34796,68,11
34797,18,6
34798,130,21
34799,36,8
34800,40,8
34801,143,16
34802,73,9
34803,0,3
34804,26,7
34805,0,3
34806,0,3
34807,94,13
34808,71,7
34809,0,3
34810,4,4
34811,159,12
34812,0,3
34813,0,3
34814,71,9
34815,72,9
34816,126,16
34817,0,3
34818,44,8
34819,0,3
34820,0,3
34821,75,15
34822,144,9
34823,0,3
34824,90,7
34825,140,23
34826,45,8
34827,0,3
34828,70,11
34829,103,12
34830,0,3
34831,110,13
34832,55,10
34833,62,12
34834,0,3
34835,0,3
34836,50,11
34837,0,3
34838,118,10
34839,0,3
34840,135,15
34841,66,9
34842,51,10
34843,167,13
34844,26,7
34845,0,3
34846,0,3
34847,30,6
34848,101,2
34849,48,6
34850,0,3
34851,106,13
34852,58,8
34853,0,3
34854,19,6
34855,0,3
34856,0,3
34857,150,19
34858,0,3
34859,90,15
34860,28,6
34861,86,10
34862,92,12
34863,21,3
34864,0,3
34865,0,3
34866,0,3
34867,66,9
34868,30,8
34869,0,3
34870,0,3
34871,211,16
34872,49,10
34873,0,3
34874,88,7
34875,0,3
34876,90,14
34877,118,16
34878,71,12
34879,0,3
34880,0,3
34881,26,8
34882,44,8
34883,68,9
34884,65,11
34885,94,8
34886,52,8
34887,77,12
34888,39,11
34889,102,14
34890,65,11
34891,0,3
34892,91,11
34893,0,3
34894,22,5
34895,0,3
34896,61,12
34897,0,3
34898,17,5
34899,46,7
34900,0,3
34901,0,3
34902,0,3
34903,0,3
34904,95,14
34905,178,15
34906,119,11
34907,202,15
34908,141,13
34909,61,13
34910,0,3
34911,26,4
34912,80,14
34913,85,12
34914,0,3
34915,27,7
34916,102,14
34917,81,10
34918,0,3
34919,0,3
34920,0,3
34921,91,13
34922,0,3
34923,67,11
34924,101,12
34925,0,3
34926,42,11
34927,95,16
34928,38,7
34929,125,15
34930,33,8
34931,145,12
34932,0,3
34933,0,3
34934,88,9
34935,0,3
34936,37,8
34937,0,3
34938,136,14
34939,101,14
34940,77,12
34941,0,3
34942,0,3
34943,0,3
34944,0,3
34945,105,12
34946,118,19
34947,6,3
34948,90,14
34949,103,16
34950,0,3
34951,109,7
34952,37,7
34953,148,19
34954,193,14
34955,41,8
34956,103,17
34957,0,3
34958,47,8
34959,53,9
34960,100,20
34961,185,9
34962,138,16
34963,0,3
34964,75,9
34965,0,3
34966,56,9
34967,148,18
34968,0,3
34969,216,16
34970,0,3
34971,105,11
34972,0,3
34973,0,3
34974,108,13
34975,28,7
34976,0,3
34977,0,3
34978,31,7
34979,0,3
34980,102,12
34981,35,4
34982,53,9
34983,63,12
34984,155,20
34985,103,10
34986,0,3
34987,42,9
34988,0,3
34989,91,11
34990,118,12
34991,74,10
34992,126,18
34993,41,8
34994,0,3
34995,44,8
34996,0,3
34997,111,13
34998,84,14
34999,100,12
35000,71,11
35001,0,3
35002,0,3
35003,65,10
35004,0,3
35005,0,3
35006,61,8
35007,95,15
35008,86,12
35009,0,3
35010,48,11
35011,109,12
35012,0,3
35013,18,6
35014,0,3
35015,63,9
35016,0,3
35017,0,3
35018,148,16
35019,26,5
35020,64,12
35021,0,3
35022,0,3
35023,15,6
35024,102,11
35025,70,11
35026,127,15
35027,25,3
35028,74,3
35029,112,15
35030,53,15
35031,87,13
35032,113,12
35033,0,3
35034,116,12
35035,0,3
35036,0,3
35037,0,3
35038,89,11
35039,37,8
35040,0,3
35041,30,9
35042,0,3
35043,100,13
35044,101,13
35045,0,3
35046,115,16
35047,0,3
35048,0,3
35049,36,7
35050,0,3
35051,103,13
35052,23,5
35053,0,3
35054,0,3
35055,80,12
35056,0,3
35057,53,8
35058,147,17
35059,31,5
35060,0,3
35061,0,3
35062,48,10
35063,0,3
35064,77,16
35065,0,3
35066,57,8
35067,0,3
35068,94,8
35069,151,15
35070,118,21
35071,0,3
35072,118,14
35073,0,3
35074,64,11
35075,58,8
35076,0,3
35077,94,13
35078,0,3
35079,101,10
35080,0,3
35081,189,13
35082,197,7
35083,136,16
35084,141,14
35085,121,15
35086,0,3
35087,40,6
35088,0,3
35089,0,3
35090,82,14
35091,0,3
35092,0,3
35093,0,3
35094,92,15
35095,134,15
35096,72,12
35097,65,7
35098,187,15
35099,43,7
35100,0,3
35101,0,3
35102,87,12
35103,0,3
35104,0,3
35105,142,18
35106,0,3
35107,135,17
35108,77,11
35109,39,10
35110,0,3
35111,49,10
35112,129,15
35113,0,3
35114,0,3
35115,0,3
35116,93,12
35117,79,14
35118,0,3
35119,0,3
35120,83,18
35121,0,3
35122,56,8
35123,0,3
35124,67,10
35125,55,11
35126,98,14
35127,76,10
35128,102,13
35129,115,15
35130,0,3
35131,167,14
35132,366,12
35133,74,9
35134,49,7
35135,53,11
35136,111,15
35137,43,12
35138,38,10
35139,0,3
35140,16,6
35141,95,13
35142,41,9
35143,45,5
35144,84,10
35145,141,13
35146,31,6
35147,160,11
35148,176,11
35149,0,3
35150,0,3
35151,127,17
35152,0,3
35153,86,10
35154,0,3
35155,0,3
35156,77,10
35157,109,13
35158,0,3
35159,110,10
35160,0,3
35161,120,10
35162,91,7
35163,0,3
35164,89,12
35165,0,3
35166,0,3
35167,96,14
35168,25,8
35169,0,3
35170,0,3
35171,197,10
35172,0,3
35173,65,15
35174,60,13
35175,76,18
35176,0,3
35177,129,13
35178,44,8
35179,0,3
35180,112,10
35181,130,12
35182,6,4
35183,98,11
35184,324,12
35185,94,10
35186,56,8
35187,71,12
35188,19,5
35189,81,11
35190,0,3
35191,106,14
35192,41,10
35193,85,13
35194,0,3
35195,50,11
35196,105,11
35197,52,8
35198,3,3
35199,132,6
35200,0,3
35201,0,3
35202,12,3
35203,61,12
35204,60,9
35205,0,3
35206,25,3
35207,0,3
35208,0,3
35209,0,3
35210,0,3
35211,17,5
35212,0,3
35213,0,3
35214,71,11
35215,60,12
35216,111,10
35217,65,12
35218,0,3
35219,46,7
35220,172,15
35221,0,3
35222,0,3
35223,85,10
35224,28,3
35225,71,11
35226,46,7
35227,0,3
35228,0,3
35229,48,6
35230,0,3
35231,38,10
35232,113,14
35233,140,10
35234,0,3
35235,0,3
35236,0,3
35237,41,8
35238,66,11
35239,71,11
35240,0,3
35241,0,3
35242,0,3
35243,53,9
35244,0,3
35245,0,3
35246,135,17
35247,124,14
35248,170,15
35249,0,3
35250,0,3
35251,0,3
35252,0,3
35253,150,18
35254,107,17
35255,89,11
35256,0,3
35257,0,3
35258,0,3
35259,118,18
35260,114,16
35261,107,16
35262,86,12
35263,219,14
35264,71,7
35265,121,13
35266,56,10
35267,44,8
35268,0,3
35269,59,5
35270,0,3
35271,143,14
35272,0,3
35273,0,3
35274,40,7
35275,0,3
35276,177,16
35277,0,3
35278,166,10
35279,26,5
35280,85,15
35281,0,3
35282,106,7
35283,115,19
35284,30,6
35285,0,3
35286,55,11
35287,106,9
35288,0,3
35289,0,3
35290,0,3
35291,0,3
35292,0,3
35293,51,12
35294,0,3
35295,63,8
35296,117,17
35297,34,8
35298,0,3
35299,0,3
35300,38,7
35301,0,3
35302,0,3
35303,21,6
35304,39,10
35305,43,7
35306,43,8
35307,114,12
35308,104,14
35309,0,3
35310,143,22
35311,0,3
35312,102,14
35313,0,3
35314,165,20
35315,138,12
35316,63,12
35317,0,3
35318,0,3
35319,0,3
35320,97,10
35321,191,10
35322,142,18
35323,0,3
35324,0,3
35325,150,20
35326,0,3
35327,102,11
35328,142,14
35329,49,9
35330,22,4
35331,13,5
35332,0,3
35333,84,14
35334,71,14
35335,62,10
35336,80,12
35337,54,10
35338,0,3
35339,0,3
35340,153,19
35341,135,17
35342,0,3
35343,0,3
35344,0,3
35345,253,13
35346,61,8
35347,100,14
35348,67,9
35349,1,3
35350,0,3
35351,0,3
35352,47,5
35353,122,17
35354,16,4
35355,0,3
35356,0,3
35357,114,11
35358,57,8
35359,0,3
35360,39,9
35361,162,18
35362,60,13
35363,141,15
35364,0,3
35365,30,6
35366,0,3
35367,5,3
35368,0,3
35369,0,3
35370,2,3
35371,85,11
35372,24,6
35373,108,17
35374,39,7
35375,162,18
35376,0,3
35377,51,9
35378,93,10
35379,0,3
35380,0,3
35381,61,9
35382,161,12
35383,134,15
35384,48,9
35385,84,10
35386,0,3
35387,0,3
35388,0,3
35389,70,13
35390,87,13
35391,96,11
35392,93,17
35393,19,5
35394,60,12
35395,192,18
35396,37,9
35397,67,11
35398,0,3
35399,0,3
35400,0,3
35401,0,3
35402,0,3
35403,0,3
35404,96,12
35405,109,15
35406,0,3
35407,107,13
35408,58,9
35409,113,15
35410,0,3
35411,26,5
35412,21,6
35413,0,3
35414,83,14
35415,0,3
35416,0,3
35417,104,14
35418,130,13
35419,118,13
35420,58,10
35421,46,8
35422,40,8
35423,10,4
35424,0,3
35425,201,6
35426,98,14
35427,0,3
35428,71,10
35429,48,10
35430,107,15
35431,164,11
35432,0,3
35433,26,5
35434,0,3
35435,106,14
35436,0,3
35437,128,15
35438,115,19
35439,75,11
35440,0,3
35441,0,3
35442,18,4
35443,82,5
35444,5,3
35445,123,15
35446,160,15
35447,0,3
35448,84,15
35449,0,3
35450,0,3
35451,3,3
35452,86,14
35453,0,3
35454,0,3
35455,0,3
35456,52,6
35457,4,3
35458,15,6
35459,173,16
35460,98,13
35461,124,17
35462,136,3
35463,95,13
35464,45,10
35465,96,11
35466,0,3
35467,76,7
35468,134,17
35469,129,14
35470,100,16
35471,57,10
35472,0,3
35473,33,9
35474,0,3
35475,0,3
35476,193,9
35477,0,3
35478,0,3
35479,30,6
35480,10,4
35481,102,12
35482,0,3
35483,0,3
35484,205,7
35485,0,3
35486,0,3
35487,0,3
35488,43,6
35489,59,10
35490,0,3
35491,48,10
35492,137,9
35493,0,3
35494,113,12
35495,0,3
35496,35,8
35497,167,22
35498,106,10
35499,0,3
35500,121,5
35501,0,3
35502,0,3
35503,0,3
35504,0,3
35505,0,3
35506,0,3
35507,0,3
35508,44,6
35509,115,12
35510,95,15
35511,0,3
35512,111,11
35513,0,3
35514,19,7
35515,95,13
35516,84,16
35517,0,3
35518,0,3
35519,0,3
35520,0,3
35521,82,10
35522,74,8
35523,48,9
35524,42,6
35525,2,3
35526,81,15
35527,66,10
35528,27,8
35529,108,15
35530,63,9
35531,0,3
35532,99,10
35533,0,3
35534,0,3
35535,79,11
35536,239,17
35537,0,3
35538,0,3
35539,122,15
35540,87,10
35541,123,12
35542,0,3
35543,96,7
35544,9,5
35545,98,12
35546,0,3
35547,0,3
35548,32,8
35549,28,8
35550,0,3
35551,42,9
35552,29,8
35553,0,3
35554,0,3
35555,68,9
35556,114,15
35557,0,3
35558,0,3
35559,72,11
35560,124,11
35561,0,3
35562,0,3
35563,0,3
35564,0,3
35565,0,3
35566,66,10
35567,2,3
35568,14,5
35569,103,16
35570,0,3
35571,179,16
35572,102,14
35573,83,12
35574,53,9
35575,104,15
35576,112,19
35577,139,14
35578,0,3
35579,0,3
35580,144,9
35581,5,3
35582,64,10
35583,0,3
35584,55,9
35585,0,3
35586,0,3
35587,35,6
35588,62,9
35589,100,11
35590,81,11
35591,37,5
35592,67,9
35593,0,3
35594,40,8
35595,128,12
35596,111,14
35597,112,10
35598,34,9
35599,136,16
35600,59,9
35601,89,11
35602,234,18
35603,50,12
35604,0,3
35605,120,16
35606,152,15
35607,0,3
35608,0,3
35609,74,8
35610,48,12
35611,101,17
35612,0,3
35613,0,3
35614,209,16
35615,113,14
35616,151,4
35617,56,6
35618,68,11
35619,0,3
35620,0,3
35621,0,3
35622,111,14
35623,0,3
35624,44,8
35625,0,3
35626,0,3
35627,14,6
35628,0,3
35629,0,3
35630,108,12
35631,0,3
35632,0,3
35633,130,4
35634,0,3
35635,0,3
35636,0,3
35637,0,3
35638,0,3
35639,48,12
35640,0,3
35641,43,9
35642,88,12
35643,148,18
35644,0,3
35645,0,3
35646,87,11
35647,78,10
35648,76,10
35649,0,3
35650,0,3
35651,120,11
35652,85,10
35653,220,9
35654,0,3
35655,0,3
35656,137,13
35657,55,7
35658,117,11
35659,107,16
35660,107,15
35661,38,8
35662,113,14
35663,100,17
35664,0,3
35665,0,3
35666,103,16
35667,1,3
35668,0,3
35669,135,4
35670,19,6
35671,43,7
35672,0,3
35673,91,16
35674,166,14
35675,49,8
35676,0,3
35677,89,11
35678,0,3
35679,0,3
35680,97,10
35681,0,3
35682,0,3
35683,90,16
35684,92,21
35685,0,3
35686,23,6
35687,10,5
35688,18,6
35689,98,11
35690,144,13
35691,0,3
35692,139,17
35693,15,3
35694,31,9
35695,0,3
35696,94,12
35697,0,3
35698,0,3
35699,0,3
35700,0,3
35701,52,8
35702,113,12
35703,3,3
35704,5,3
35705,120,13
35706,108,15
35707,83,13
35708,0,3
35709,0,3
35710,64,13
35711,0,3
35712,21,4
35713,41,9
35714,0,3
35715,136,11
35716,66,11
35717,65,8
35718,124,17
35719,0,3
35720,0,3
35721,71,11
35722,0,3
35723,46,10
35724,93,11
35725,0,3
35726,29,10
35727,53,6
35728,98,15
35729,81,11
35730,0,3
35731,0,3
35732,0,3
35733,124,14
35734,0,3
35735,0,3
35736,25,5
35737,66,13
35738,0,3
35739,5,3
35740,174,20
35741,55,10
35742,76,18
35743,0,3
35744,74,15
35745,117,13
35746,0,3
35747,27,5
35748,0,3
35749,68,12
35750,57,12
35751,0,3
35752,0,3
35753,0,3
35754,27,8
35755,0,3
35756,0,3
35757,44,10
35758,0,3
35759,0,3
35760,57,9
35761,39,6
35762,0,3
35763,49,7
35764,0,3
35765,93,8
35766,87,12
35767,152,13
35768,89,8
35769,38,9
35770,0,3
35771,0,3
35772,72,10
35773,43,6
35774,168,7
35775,0,3
35776,57,12
35777,120,15
35778,25,7
35779,0,3
35780,80,8
35781,134,11
35782,71,10
35783,288,13
35784,108,11
35785,70,10
35786,0,3
35787,25,5
35788,132,15
35789,117,15
35790,130,15
35791,58,10
35792,0,3
35793,127,15
35794,76,14
35795,0,3
35796,101,8
35797,0,3
35798,122,11
35799,136,13
35800,0,3
35801,70,7
35802,0,3
35803,0,3
35804,66,9
35805,0,3
35806,105,15
35807,0,3
35808,64,10
35809,73,12
35810,112,14
35811,0,3
35812,0,3
35813,102,16
35814,58,7
35815,0,3
35816,0,3
35817,13,4
35818,106,15
35819,117,15
35820,0,3
35821,78,12
35822,0,3
35823,0,3
35824,46,10
35825,0,3
35826,113,15
35827,0,3
35828,0,3
35829,0,3
35830,77,6
35831,67,10
35832,33,5
35833,0,3
35834,86,11
35835,54,10
35836,97,10
35837,85,10
35838,0,3
35839,185,14
35840,88,14
35841,80,11
35842,30,5
35843,0,3
35844,17,6
35845,0,3
35846,166,17
35847,0,3
35848,19,5
35849,0,3
35850,47,9
35851,0,3
35852,0,3
35853,0,3
35854,116,16
35855,105,12
35856,0,3
35857,117,6
35858,87,12
35859,74,11
35860,28,7
35861,34,5
35862,103,12
35863,148,12
35864,44,6
35865,0,3
35866,164,19
35867,122,16
35868,207,17
35869,96,9
35870,84,14
35871,0,3
35872,97,12
35873,157,17
35874,0,3
35875,59,9
35876,83,18
35877,28,8
35878,0,3
35879,19,5
35880,0,3
35881,0,3
35882,0,3
35883,91,11
35884,52,10
35885,0,3
35886,0,3
35887,0,3
35888,113,14
35889,0,3
35890,51,9
35891,69,13
35892,19,5
35893,63,13
35894,100,13
35895,0,3
35896,36,8
35897,110,13
35898,0,3
35899,24,6
35900,0,3
35901,0,3
35902,0,3
35903,130,21
35904,91,11
35905,106,4
35906,135,15
35907,0,3
35908,0,3
35909,0,3
35910,66,11
35911,0,3
35912,0,3
35913,0,3
35914,131,12
35915,71,9
35916,55,10
35917,11,6
35918,0,3
35919,0,3
35920,2,3
35921,233,21
35922,0,3
35923,81,10
35924,72,10
35925,0,3
35926,124,14
35927,40,10
35928,0,3
35929,0,3
35930,32,7
35931,0,3
35932,0,3
35933,46,11
35934,0,3
35935,113,12
35936,0,3
35937,101,16
35938,249,25
35939,97,10
35940,0,3
35941,0,3
35942,0,3
35943,0,3
35944,0,3
35945,68,11
35946,44,8
35947,135,17
35948,37,10
35949,137,18
35950,0,3
35951,50,10
35952,20,6
35953,122,16
35954,57,8
35955,0,3
35956,90,10
35957,82,10
35958,0,3
35959,90,11
35960,144,5
35961,38,6
35962,0,3
35963,18,4
35964,0,3
35965,32,8
35966,0,3
35967,49,10
35968,0,3
35969,0,3
35970,0,3
35971,0,3
35972,0,3
35973,165,11
35974,0,3
35975,0,3
35976,0,3
35977,77,11
35978,0,3
35979,143,19
35980,0,3
35981,75,11
35982,147,17
35983,0,3
35984,0,3
35985,74,9
35986,43,7
35987,0,3
35988,0,3
35989,84,15
35990,0,3
35991,0,3
35992,14,5
35993,0,3
35994,179,13
35995,0,3
35996,120,15
35997,62,8
35998,0,3
35999,0,3
36000,0,3
36001,63,10
36002,7,3
36003,98,18
36004,75,11
36005,69,10
36006,0,3
36007,0,3
36008,71,12
36009,61,10
36010,0,3
36011,25,6
36012,92,13
36013,92,9
36014,0,3
36015,178,10
36016,0,3
36017,0,3
36018,0,3
36019,0,3
36020,82,10
36021,99,7
36022,83,11
36023,0,3
36024,0,3
36025,47,6
36026,0,3
36027,141,15
36028,0,3
36029,34,4
36030,38,7
36031,45,9
36032,118,13
36033,106,12
36034,97,13
36035,116,15
36036,74,12
36037,50,9
36038,128,15
36039,207,17
36040,127,11
36041,93,14
36042,295,14
36043,0,3
36044,185,14
36045,63,11
36046,0,3
36047,86,9
36048,28,7
36049,0,3
36050,11,4
36051,130,16
36052,93,13
36053,70,7
36054,58,12
36055,37,9
36056,103,11
36057,0,3
36058,0,3
36059,95,14
36060,38,7
36061,108,14
36062,191,12
36063,46,9
36064,48,10
36065,0,3
36066,222,20
36067,0,3
36068,0,3
36069,111,16
36070,0,3
36071,0,3
36072,67,10
36073,82,14
36074,23,5
36075,12,4
36076,72,10
36077,258,21
36078,0,3
36079,72,14
36080,0,3
36081,8,4
36082,0,3
36083,114,11
36084,92,12
36085,82,13
36086,94,12
36087,55,7
36088,102,17
36089,79,11
36090,0,3
36091,0,3
36092,72,14
36093,67,8
36094,0,3
36095,84,11
36096,108,5
36097,0,3
36098,0,3
36099,124,14
36100,63,11
36101,41,9
36102,74,12
36103,0,3
36104,64,10
36105,0,3
36106,89,10
36107,67,12
36108,0,3
36109,21,6
36110,92,15
36111,102,12
36112,0,3
36113,0,3
36114,47,8
36115,0,3
36116,0,3
36117,46,10
36118,31,7
36119,0,3
36120,0,3
36121,20,5
36122,35,6
36123,73,13
36124,108,11
36125,0,3
36126,28,5
36127,0,3
36128,0,3
36129,29,5
36130,47,11
36131,44,5
36132,109,14
36133,31,7
36134,5,5
36135,44,5
36136,104,14
36137,0,3
36138,0,3
36139,23,7
36140,77,14
36141,70,8
36142,9,5
36143,140,17
36144,48,8
36145,90,11
36146,160,6
36147,0,3
36148,0,3
36149,59,9
36150,37,6
36151,34,7
36152,0,3
36153,44,8
36154,50,8
36155,0,3
36156,0,3
36157,126,12
36158,12,5
36159,55,11
36160,12,4
36161,0,3
36162,0,3
36163,163,15
36164,47,10
36165,112,18
36166,82,11
36167,0,3
36168,0,3
36169,0,3
36170,140,14
36171,96,16
36172,139,15
36173,54,10
36174,153,5
36175,0,3
36176,116,18
36177,0,3
36178,140,12
36179,72,12
36180,86,11
36181,53,7
36182,120,14
36183,39,7
36184,72,11
36185,0,3
36186,39,8
36187,90,4
36188,0,3
36189,123,12
36190,23,7
36191,0,3
36192,77,8
36193,60,12
36194,0,3
36195,95,12
36196,0,3
36197,117,14
36198,0,3
36199,49,7
36200,0,3
36201,0,3
36202,0,3
36203,173,12
36204,0,3
36205,107,15
36206,129,18
36207,58,12
36208,104,11
36209,19,6
36210,16,6
36211,30,7
36212,0,3
36213,91,12
36214,0,3
36215,0,3
36216,0,3
36217,92,14
36218,0,3
36219,69,10
36220,62,9
36221,136,14
36222,0,3
36223,0,3
36224,63,12
36225,15,5
36226,0,3
36227,0,3
36228,0,3
36229,170,10
36230,51,10
36231,99,6
36232,0,3
36233,28,3
36234,0,3
36235,58,9
36236,0,3
36237,68,10
36238,78,12
36239,0,3
36240,92,15
36241,87,14
36242,100,11
36243,86,12
36244,0,3
36245,0,3
36246,51,9
36247,68,10
36248,0,3
36249,95,12
36250,197,19
36251,172,14
36252,0,3
36253,55,6
36254,103,9
36255,103,15
36256,74,13
36257,91,10
36258,109,17
36259,0,3
36260,0,3
36261,106,15
36262,44,7
36263,0,3
36264,104,17
36265,103,13
36266,0,3
36267,0,3
36268,130,13
36269,0,3
36270,0,3
36271,146,14
36272,0,3
36273,0,3
36274,130,18
36275,0,3
36276,156,14
36277,72,12
36278,0,3
36279,68,12
36280,177,6
36281,92,13
36282,58,14
36283,66,12
36284,19,5
36285,43,7
36286,40,10
36287,0,3
36288,115,15
36289,0,3
36290,175,20
36291,170,20
36292,0,3
36293,170,23
36294,137,14
36295,60,8
36296,18,5
36297,207,22
36298,92,7
36299,63,8
36300,117,16
36301,76,11
36302,247,9
36303,4,4
36304,37,8
36305,57,11
36306,18,3
36307,0,3
36308,0,3
36309,166,18
36310,0,3
36311,0,3
36312,0,3
36313,0,3
36314,0,3
36315,0,3
36316,144,23
36317,144,15
36318,34,6
36319,115,14
36320,122,13
36321,0,3
36322,46,8
36323,41,9
36324,133,15
36325,98,11
36326,0,3
36327,83,4
36328,86,14
36329,32,7
36330,41,9
36331,179,12
36332,38,8
36333,109,12
36334,73,12
36335,94,12
36336,62,9
36337,7,4
36338,45,9
36339,44,8
36340,114,13
36341,53,7
36342,154,18
36343,44,11
36344,0,3
36345,0,3
36346,35,8
36347,105,12
36348,175,18
36349,0,3
36350,124,15
36351,0,3
36352,69,13
36353,48,7
36354,0,3
36355,352,11
36356,0,3
36357,0,3
36358,50,9
36359,126,17
36360,130,13
36361,30,5
36362,88,13
36363,0,3
36364,45,8
36365,0,3
36366,54,12
36367,138,7
36368,77,12
36369,92,15
36370,101,16
36371,109,13
36372,98,11
36373,142,12
36374,31,5
36375,35,6
36376,38,9
36377,32,8
36378,11,3
36379,38,7
36380,0,3
36381,54,7
36382,40,9
36383,0,3
36384,0,3
36385,37,8
36386,27,6
36387,0,3
36388,44,10
36389,143,6
36390,82,10
36391,110,12
36392,80,10
36393,0,3
36394,23,8
36395,133,18
36396,181,19
36397,102,13
36398,0,3
36399,37,8
36400,0,3
36401,64,14
36402,0,3
36403,54,11
36404,89,12
36405,0,3
36406,17,4
36407,0,3
36408,157,11
36409,104,11
36410,0,3
36411,64,10
36412,0,3
36413,0,3
36414,5,3
36415,39,9
36416,55,9
36417,144,11
36418,0,3
36419,68,12
36420,169,25
36421,101,13
36422,0,3
36423,61,10
36424,100,12
36425,205,20
36426,48,8
36427,122,14
36428,50,11
36429,0,3
36430,0,3
36431,22,5
36432,243,11
36433,0,3
36434,90,10
36435,0,3
36436,126,15
36437,0,3
36438,89,8
36439,2,3
36440,42,8
36441,50,6
36442,72,12
36443,0,3
36444,103,13
36445,47,8
36446,25,4
36447,176,13
36448,117,13
36449,120,12
36450,9,4
36451,13,4
36452,0,3
36453,63,9
36454,53,10
36455,0,3
36456,0,3
36457,243,20
36458,121,18
36459,125,14
36460,577,16
36461,168,15
36462,0,3
36463,99,16
36464,102,18
36465,64,13
36466,97,11
36467,61,14
36468,0,3
36469,0,3
36470,29,5
36471,59,10
36472,43,8
36473,141,19
36474,0,3
36475,110,15
36476,142,21
36477,0,3
36478,101,12
36479,96,13
36480,117,14
36481,0,3
36482,115,9
36483,149,18
36484,12,3
36485,64,10
36486,0,3
36487,11,3
36488,60,7
36489,0,3
36490,163,20
36491,0,3
36492,172,18
36493,0,3
36494,99,13
36495,47,9
36496,36,6
36497,226,18
36498,65,13
36499,0,3
36500,0,3
36501,0,3
36502,13,6
36503,45,7
36504,0,3
36505,0,3
36506,0,3
36507,66,10
36508,0,3
36509,0,3
36510,100,14
36511,0,3
36512,50,7
36513,0,3
36514,168,16
36515,0,3
36516,23,6
36517,112,15
36518,47,11
36519,55,8
36520,35,4
36521,138,14
36522,43,6
36523,2,3
36524,0,3
36525,100,12
36526,146,9
36527,0,3
36528,0,3
36529,101,13
36530,30,7
36531,0,3
36532,93,11
36533,0,3
36534,86,12
36535,0,3
36536,84,11
36537,6,3
36538,0,3
36539,84,12
36540,0,3
36541,119,15
36542,128,18
36543,112,14
36544,0,3
36545,73,11
36546,64,9
36547,0,3
36548,66,11
36549,52,8
36550,0,3
36551,57,10
36552,9,3
36553,71,14
36554,113,5
36555,182,18
36556,0,3
36557,0,3
36558,80,11
36559,166,19
36560,0,3
36561,90,8
36562,141,19
36563,122,10
36564,61,10
36565,0,3
36566,0,3
36567,144,10
36568,0,3
36569,0,3
36570,0,3
36571,93,14
36572,9,4
36573,146,14
36574,0,3
36575,173,20
36576,95,9
36577,116,13
36578,247,18
36579,65,10
36580,85,16
36581,108,19
36582,0,3
36583,134,14
36584,0,3
36585,44,8
36586,174,25
36587,0,3
36588,0,3
36589,0,3
36590,0,3
36591,0,3
36592,0,3
36593,0,3
36594,0,3
36595,11,7
36596,38,10
36597,99,11
36598,0,3
36599,59,10
36600,0,3
36601,0,3
36602,104,15
36603,0,3
36604,49,7
36605,6,5
36606,112,12
36607,107,7
36608,115,18
36609,47,10
36610,16,4
36611,100,13
36612,87,12
36613,202,13
36614,94,14
36615,40,7
36616,0,3
36617,130,17
36618,0,3
36619,161,18
36620,0,3
36621,38,7
36622,0,3
36623,71,13
36624,0,3
36625,24,6
36626,72,10
36627,147,13
36628,62,10
36629,91,8
36630,79,9
36631,0,3
36632,117,16
36633,217,18
36634,0,3
36635,0,3
36636,0,3
36637,41,8
36638,121,11
36639,0,3
36640,63,9
36641,41,7
36642,50,10
36643,162,19
36644,0,3
36645,109,11
36646,55,10
36647,48,5
36648,0,3
36649,39,9
36650,0,3
36651,0,3
36652,96,9
36653,0,3
36654,42,7
36655,102,10
36656,136,14
36657,163,18
36658,62,12
36659,72,12
36660,0,3
36661,128,14
36662,134,18
36663,157,17
36664,0,3
36665,0,3
36666,0,3
36667,31,4
36668,13,4
36669,91,14
36670,62,14
36671,0,3
36672,4,3
36673,68,8
36674,0,3
36675,72,12
36676,0,3
36677,103,11
36678,58,8
36679,57,11
36680,62,11
36681,0,3
36682,74,11
36683,135,17
36684,100,15
36685,0,3
36686,0,3
36687,88,15
36688,0,3
36689,0,3
36690,0,3
36691,113,11
36692,141,13
36693,82,13
36694,51,5
36695,54,12
36696,40,11
36697,0,3
36698,69,9
36699,9,3
36700,80,11
36701,72,9
36702,112,10
36703,81,10
36704,151,13
36705,102,13
36706,101,13
36707,117,15
36708,0,3
36709,128,18
36710,86,10
36711,7,3
36712,96,8
36713,60,9
36714,52,11
36715,47,9
36716,0,3
36717,0,3
36718,23,6
36719,82,12
36720,0,3
36721,57,7
36722,157,19
36723,0,3
36724,81,8
36725,0,3
36726,0,3
36727,0,3
36728,64,9
36729,105,15
36730,0,3
36731,37,4
36732,42,10
36733,66,10
36734,179,7
36735,0,3
36736,0,3
36737,0,3
36738,0,3
36739,0,3
36740,62,7
36741,129,14
36742,0,3
36743,75,9
36744,0,3
36745,14,5
36746,24,5
36747,72,9
36748,97,14
36749,134,8
36750,27,7
36751,112,12
36752,0,3
36753,138,12
36754,0,3
36755,0,3
36756,0,3
36757,48,8
36758,105,16
36759,56,11
36760,128,18
36761,0,3
36762,184,11
36763,0,3
36764,0,3
36765,37,9
36766,0,3
36767,0,3
36768,4,3
36769,0,3
36770,0,3
36771,79,11
36772,0,3
36773,55,13
36774,0,3
36775,128,20
36776,52,10
36777,0,3
36778,0,3
36779,53,9
36780,104,12
36781,0,3
36782,146,18
36783,28,7
36784,27,8
36785,0,3
36786,60,9
36787,27,6
36788,0,3
36789,0,3
36790,124,14
36791,0,3
36792,34,8
36793,16,3
36794,74,10
36795,58,8
36796,0,3
36797,75,13
36798,17,5
36799,0,3
36800,141,12
36801,0,3
36802,37,9
36803,0,3
36804,0,3
36805,0,3
36806,14,7
36807,79,11
36808,87,12
36809,83,11
36810,46,8
36811,82,16
36812,49,3
36813,100,16
36814,115,16
36815,0,3
36816,0,3
36817,69,11
36818,119,15
36819,132,13
36820,82,16
36821,109,14
36822,0,3
36823,107,10
36824,0,3
36825,73,13
36826,0,3
36827,0,3
36828,82,10
36829,44,8
36830,0,3
36831,0,3
36832,72,11
36833,66,6
36834,0,3
36835,0,3
36836,39,7
36837,127,10
36838,0,3
36839,8,4
36840,119,13
36841,0,3
36842,178,19
36843,111,13
36844,76,11
36845,54,9
36846,0,3
36847,114,14
36848,95,13
36849,72,13
36850,0,3
36851,112,14
36852,60,8
36853,20,4
36854,60,13
36855,25,5
36856,0,3
36857,0,3
36858,0,3
36859,155,19
36860,0,3
36861,0,3
36862,0,3
36863,178,20
36864,94,11
36865,0,3
36866,119,13
36867,0,3
36868,0,3
36869,117,18
36870,111,10
36871,127,15
36872,0,3
36873,49,10
36874,36,7
36875,4,3
36876,134,16
36877,141,18
36878,109,16
36879,167,21
36880,78,12
36881,0,3
36882,0,3
36883,0,3
36884,0,3
36885,7,4
36886,12,4
36887,26,5
36888,0,3
36889,105,13
36890,14,5
36891,0,3
36892,0,3
36893,76,13
36894,0,3
36895,352,18
36896,65,8
36897,72,8
36898,60,5
36899,0,3
36900,0,3
36901,88,13
36902,0,3
36903,0,3
36904,11,4
36905,0,3
36906,0,3
36907,66,12
36908,0,3
36909,111,18
36910,65,9
36911,70,9
36912,0,3
36913,100,16
36914,28,5
36915,46,11
36916,59,6
36917,127,15
36918,25,4
36919,0,3
36920,0,3
36921,128,15
36922,0,3
36923,30,7
36924,87,13
36925,126,15
36926,86,11
36927,76,6
36928,20,6
36929,99,7
36930,27,6
36931,83,13
36932,123,13
36933,34,6
36934,0,3
36935,0,3
36936,0,3
36937,21,7
36938,0,3
36939,0,3
36940,203,16
36941,36,7
36942,0,3
36943,103,14
36944,141,15
36945,55,10
36946,123,15
36947,0,3
36948,0,3
36949,94,11
36950,80,12
36951,106,9
36952,13,4
36953,126,9
36954,114,16
36955,108,13
36956,155,10
36957,64,10
36958,58,9
36959,0,3
36960,0,3
36961,0,3
36962,34,10
36963,17,5
36964,123,19
36965,36,8
36966,0,3
36967,99,11
36968,157,13
36969,24,8
36970,0,3
36971,62,10
36972,0,3
36973,44,7
36974,173,14
36975,0,3
36976,0,3
36977,97,13
36978,89,11
36979,62,9
36980,91,16
36981,132,13
36982,216,20
36983,107,10
36984,17,3
36985,38,6
36986,168,13
36987,0,3
36988,146,15
36989,66,11
36990,271,16
36991,108,18
36992,0,3
36993,163,10
36994,111,14
36995,74,10
36996,71,8
36997,0,3
36998,75,12
36999,138,15
37000,98,13
37001,0,3
37002,57,12
37003,42,9
37004,55,13
37005,0,3
37006,0,3
37007,49,7
37008,92,11
37009,142,16
37010,337,13
37011,0,3
37012,0,3
37013,79,13
37014,0,3
37015,37,8
37016,154,16
37017,98,8
37018,60,10
37019,126,19
37020,0,3
37021,47,10
37022,0,3
37023,116,13
37024,96,13
37025,103,17
37026,0,3
37027,94,15
37028,115,15
37029,50,10
37030,200,14
37031,55,10
37032,0,3
37033,155,18
37034,0,3
37035,127,18
37036,0,3
37037,26,6
37038,116,15
37039,0,3
37040,156,19
37041,0,3
37042,0,3
37043,0,3
37044,107,11
37045,40,8
37046,52,10
37047,0,3
37048,0,3
37049,0,3
37050,129,15
37051,150,16
37052,86,12
37053,125,16
37054,47,10
37055,0,3
37056,139,14
37057,41,9
37058,169,15
37059,81,9
37060,32,7
37061,236,8
37062,0,3
37063,0,3
37064,62,10
37065,0,3
37066,73,12
37067,68,15
37068,0,3
37069,102,17
37070,43,7
37071,114,11
37072,92,11
37073,46,12
37074,137,13
37075,71,14
37076,0,3
37077,0,3
37078,0,3
37079,0,3
37080,0,3
37081,0,3
37082,0,3
37083,142,17
37084,114,13
37085,73,12
37086,0,3
37087,98,11
37088,0,3
37089,0,3
37090,0,3
37091,0,3
37092,45,7
37093,0,3
37094,83,13
37095,27,4
37096,150,20
37097,153,16
37098,66,11
37099,115,7
37100,0,3
37101,115,14
37102,55,8
37103,131,13
37104,122,15
37105,11,4
37106,57,9
37107,94,15
37108,30,6
37109,0,3
37110,0,3
37111,38,8
37112,164,15
37113,123,19
37114,0,3
37115,56,8
37116,200,27
37117,22,7
37118,0,3
37119,0,3
37120,250,13
37121,49,9
37122,165,21
37123,0,3
37124,28,4
37125,0,3
37126,78,7
37127,0,3
37128,0,3
37129,115,5
37130,66,4
37131,0,3
37132,64,10
37133,0,3
37134,43,7
37135,48,9
37136,86,14
37137,0,3
37138,99,17
37139,32,6
37140,121,11
37141,83,10
37142,130,15
37143,0,3
37144,3,3
37145,135,4
37146,115,15
37147,0,3
37148,86,12
37149,3,4
37150,0,3
37151,0,3
37152,0,3
37153,0,3
37154,45,6
37155,102,16
37156,0,3
37157,66,9
37158,47,8
37159,0,3
37160,20,4
37161,83,12
37162,77,10
37163,109,14
37164,142,23
37165,0,3
37166,0,3
37167,93,7
37168,0,3
37169,48,7
37170,0,3
37171,180,18
37172,0,3
37173,125,13
37174,0,3
37175,58,9
37176,143,14
37177,0,3
37178,188,15
37179,0,3
37180,98,14
37181,150,9
37182,0,3
37183,21,5
37184,93,11
37185,26,7
37186,0,3
37187,193,18
37188,142,17
37189,74,11
37190,137,18
37191,0,3
37192,0,3
37193,0,3
37194,201,17
37195,53,10
37196,0,3
37197,33,5
37198,0,3
37199,0,3
37200,68,9
37201,0,3
37202,257,28
37203,3,3
37204,0,3
37205,147,13
37206,0,3
37207,0,3
37208,4,4
37209,0,3
37210,3,4
37211,0,3
37212,138,16
37213,120,13
37214,151,15
37215,0,3
37216,143,16
37217,178,20
37218,0,3
37219,64,9
37220,0,3
37221,89,14
37222,96,15
37223,206,11
37224,24,7
37225,0,3
37226,87,11
37227,95,9
37228,0,3
37229,0,3
37230,149,17
37231,0,3
37232,156,16
37233,144,20
37234,76,8
37235,79,13
37236,0,3
37237,0,3
37238,91,12
37239,0,3
37240,0,3
37241,80,11
37242,0,3
37243,0,3
37244,32,9
37245,0,3
37246,35,7
37247,0,3
37248,0,3
37249,72,9
37250,0,3
37251,128,9
37252,0,3
37253,96,12
37254,13,4
37255,0,3
37256,195,21
37257,55,7
37258,0,3
37259,42,6
37260,111,16
37261,0,3
37262,0,3
37263,0,3
37264,121,15
37265,83,12
37266,0,3
37267,87,11
37268,0,3
37269,57,9
37270,125,12
37271,0,3
37272,0,3
37273,74,12
37274,65,11
37275,0,3
37276,96,14
37277,0,3
37278,0,3
37279,0,3
37280,44,8
37281,121,10
37282,39,6
37283,120,12
37284,0,3
37285,0,3
37286,0,3
37287,84,10
37288,132,14
37289,82,10
37290,79,8
37291,113,15
37292,105,14
37293,21,6
37294,0,3
37295,91,17
37296,0,3
37297,0,3
37298,89,10
37299,99,12
37300,78,13
37301,0,3
37302,0,3
37303,0,3
37304,0,3
37305,65,11
37306,0,3
37307,0,3
37308,3,3
37309,69,13
37310,73,12
37311,0,3
37312,132,9
37313,78,12
37314,0,3
37315,0,3
37316,61,11
37317,172,12
37318,1,3
37319,100,15
37320,134,20
37321,157,16
37322,78,14
37323,98,11
37324,0,3
37325,14,6
37326,0,3
37327,97,13
37328,0,3
37329,85,11
37330,0,3
37331,54,12
37332,76,11
37333,0,3
37334,147,17
37335,134,17
37336,37,5
37337,0,3
37338,199,11
37339,37,8
37340,91,16
37341,0,3
37342,197,17
37343,0,3
37344,0,3
37345,74,15
37346,0,3
37347,0,3
37348,121,15
37349,0,3
37350,0,3
37351,53,8
37352,0,3
37353,101,10
37354,0,3
37355,132,18
37356,55,8
37357,0,3
37358,0,3
37359,0,3
37360,74,9
37361,192,21
37362,0,3
37363,13,5
37364,12,7
37365,151,13
37366,0,3
37367,28,7
37368,65,9
37369,0,3
37370,108,19
37371,63,11
37372,188,17
37373,64,9
37374,0,3
37375,103,12
37376,151,19
37377,109,13
37378,0,3
37379,0,3
37380,0,3
37381,0,3
37382,0,3
37383,91,13
37384,72,11
37385,110,15
37386,70,10
37387,127,15
37388,0,3
37389,135,17
37390,130,16
37391,0,3
37392,69,11
37393,77,11
37394,0,3
37395,0,3
37396,12,4
37397,58,8
37398,52,8
37399,1,3
37400,0,3
37401,129,19
37402,0,3
37403,0,3
37404,52,12
37405,49,11
37406,81,14
37407,138,16
37408,0,3
37409,75,11
37410,63,6
37411,148,22
37412,0,3
37413,132,17
37414,0,3
37415,0,3
37416,103,9
37417,115,17
37418,7,4
37419,0,3
37420,0,3
37421,0,3
37422,136,16
37423,58,9
37424,102,16
37425,139,16
37426,117,15
37427,84,12
37428,0,3
37429,0,3
37430,0,3
37431,56,11
37432,0,3
37433,38,7
37434,0,3
37435,0,3
37436,0,3
37437,0,3
37438,30,7
37439,8,4
37440,109,14
37441,136,16
37442,79,13
37443,56,11
37444,139,17
37445,36,8
37446,0,3
37447,156,9
37448,134,16
37449,0,3
37450,56,12
37451,41,11
37452,124,15
37453,0,3
37454,0,3
37455,29,9
37456,0,3
37457,246,8
37458,128,13
37459,37,7
37460,57,10
37461,88,13
37462,0,3
37463,0,3
37464,0,3
37465,168,18
37466,0,3
37467,78,12
37468,80,12
37469,70,16
37470,126,16
37471,137,21
37472,108,16
37473,101,17
37474,92,14
37475,0,3
37476,0,3
37477,42,8
37478,125,18
37479,0,3
37480,0,3
37481,0,3
37482,21,5
37483,65,12
37484,61,9
37485,57,11
37486,4,4
37487,162,11
37488,108,18
37489,81,12
37490,0,3
37491,174,7
37492,57,12
37493,0,3
37494,0,3
37495,88,12
37496,72,8
37497,43,9
37498,69,16
37499,158,20
37500,0,3
37501,0,3
37502,54,11
37503,64,6
37504,0,3
37505,0,3
37506,431,21
37507,0,3
37508,141,16
37509,0,3
37510,69,9
37511,180,17
37512,105,8
37513,0,3
37514,132,18
37515,0,3
37516,115,17
37517,135,17
37518,77,11
37519,0,3
37520,0,3
37521,0,3
37522,0,3
37523,66,11
37524,135,20
37525,113,14
37526,117,17
37527,92,12
37528,57,8
37529,0,3
37530,40,8
37531,0,3
37532,16,3
37533,129,17
37534,2,4
37535,0,3
37536,0,3
37537,45,9
37538,0,3
37539,67,12
37540,91,13
37541,119,16
37542,245,23
37543,94,13
37544,51,9
37545,99,16
37546,0,3
37547,84,13
37548,0,3
37549,151,15
37550,165,22
37551,3,3
37552,0,3
37553,0,3
37554,166,17
37555,74,14
37556,0,3
37557,0,3
37558,538,13
37559,0,3
37560,0,3
37561,0,3
37562,64,12
37563,48,9
37564,145,15
37565,20,7
37566,151,17
37567,140,18
37568,17,4
37569,126,12
37570,37,7
37571,80,14
37572,75,12
37573,69,10
37574,0,3
37575,0,3
37576,86,10
37577,0,3
37578,77,14
37579,0,3
37580,0,3
37581,0,3
37582,0,3
37583,128,18
37584,76,13
37585,44,11
37586,113,12
37587,124,19
37588,97,18
37589,87,15
37590,93,13
37591,0,3
37592,0,3
37593,0,3
37594,89,5
37595,7,4
37596,52,11
37597,134,17
37598,0,3
37599,0,3
37600,125,18
37601,86,10
37602,0,3
37603,156,15
37604,0,3
37605,94,15
37606,22,5
37607,87,9
37608,110,12
37609,87,10
37610,189,10
37611,54,12
37612,68,12
37613,42,6
37614,108,9
37615,0,3
37616,160,18
37617,102,14
37618,17,5
37619,0,3
37620,27,9
37621,0,3
37622,0,3
37623,0,3
37624,108,10
37625,105,14
37626,118,13
37627,65,11
37628,38,9
37629,0,3
37630,38,5
37631,0,3
37632,44,10
37633,107,16
37634,23,5
37635,186,13
37636,0,3
37637,91,16
37638,49,8
37639,20,5
37640,25,7
37641,100,12
37642,90,10
37643,5,3
37644,43,10
37645,0,3
37646,115,13
37647,94,14
37648,147,17
37649,93,9
37650,0,3
37651,0,3
37652,134,14
37653,107,12
37654,44,11
37655,49,9
37656,24,6
37657,143,19
37658,94,11
37659,0,3
37660,111,14
37661,57,10
37662,187,17
37663,125,13
37664,0,3
37665,0,3
37666,0,3
37667,0,3
37668,47,10
37669,0,3
37670,224,5
37671,38,8
37672,26,4
37673,0,3
37674,247,16
37675,0,3
37676,117,12
37677,0,3
37678,159,14
37679,105,15
37680,0,3
37681,84,13
37682,50,9
37683,0,3
37684,69,13
37685,103,14
37686,0,3
37687,8,4
37688,0,3
37689,0,3
37690,111,14
37691,189,13
37692,79,10
37693,93,16
37694,0,3
37695,0,3
37696,70,11
37697,0,3
37698,131,14
37699,71,9
37700,0,3
37701,0,3
37702,61,11
37703,38,7
37704,0,3
37705,82,13
37706,144,18
37707,0,3
37708,30,6
37709,72,15
37710,58,4
37711,18,6
37712,126,18
37713,65,10
37714,127,8
37715,98,18
37716,63,12
37717,136,18
37718,0,3
37719,0,3
37720,93,12
37721,113,17
37722,0,3
37723,53,10
37724,65,14
37725,57,11
37726,21,5
37727,166,18
37728,3,3
37729,30,3
37730,64,11
37731,220,14
37732,0,3
37733,0,3
37734,0,3
37735,202,17
37736,57,12
37737,0,3
37738,97,12
37739,32,5
37740,0,3
37741,99,11
37742,0,3
37743,0,3
37744,5,3
37745,0,3
37746,109,12
37747,107,16
37748,77,11
37749,0,3
37750,91,10
37751,0,3
37752,67,10
37753,11,5
37754,90,11
37755,102,14
37756,0,3
37757,90,12
37758,93,16
37759,200,7
37760,148,17
37761,168,15
37762,81,13
37763,177,8
37764,0,3
37765,95,15
37766,0,3
37767,198,23
37768,0,3
37769,52,11
37770,203,24
37771,2,3
37772,85,14
37773,133,17
37774,0,3
37775,128,17
37776,25,7
37777,47,6
37778,0,3
37779,124,11
37780,0,3
37781,75,10
37782,230,11
37783,65,10
37784,149,17
37785,83,8
37786,30,5
37787,76,13
37788,100,17
37789,105,14
37790,172,19
37791,0,3
37792,43,10
37793,93,14
37794,85,11
37795,8,4
37796,0,3
37797,0,3
37798,123,12
37799,0,3
37800,92,16
37801,59,10
37802,67,12
37803,78,9
37804,0,3
37805,187,5
37806,72,10
37807,132,13
37808,0,3
37809,114,14
37810,87,13
37811,128,17
37812,0,3
37813,79,11
37814,0,3
37815,33,3
37816,0,3
37817,0,3
37818,115,15
37819,141,17
37820,86,14
37821,122,14
37822,0,3
37823,9,4
37824,80,9
37825,0,3
37826,0,3
37827,0,3
37828,16,4
37829,63,10
37830,158,16
37831,85,12
37832,98,12
37833,105,10
37834,174,12
37835,91,13
37836,124,14
37837,0,3
37838,70,9
37839,103,9
37840,139,19
37841,0,3
37842,0,3
37843,111,10
37844,0,3
37845,33,7
37846,0,3
37847,0,3
37848,100,12
37849,0,3
37850,185,19
37851,0,3
37852,0,3
37853,0,3
37854,154,14
37855,0,3
37856,0,3
37857,109,17
37858,0,3
37859,90,14
37860,172,20
37861,0,3
37862,149,21
37863,0,3
37864,0,3
37865,97,13
37866,0,3
37867,189,21
37868,0,3
37869,126,12
37870,82,11
37871,84,11
37872,0,3
37873,0,3
37874,0,3
37875,115,11
37876,0,3
37877,0,3
37878,118,11
37879,103,12
37880,0,3
37881,318,10
37882,59,10
37883,86,12
37884,123,15
37885,1,3
37886,45,12
37887,28,6
37888,142,13
37889,0,3
37890,0,3
37891,0,3
37892,115,22
37893,66,5
37894,47,6
37895,0,3
37896,0,3
37897,22,5
37898,112,13
37899,60,9
37900,110,13
37901,129,21
37902,0,3
37903,90,15
37904,0,3
37905,0,3
37906,2,3
37907,50,11
37908,0,3
37909,123,13
37910,0,3
37911,0,3
37912,81,7
37913,11,4
37914,0,3
37915,99,15
37916,0,3
37917,0,3
37918,0,3
37919,67,10
37920,168,17
37921,46,10
37922,37,8
37923,64,12
37924,0,3
37925,133,15
37926,102,11
37927,166,20
37928,0,3
37929,0,3
37930,99,17
37931,9,3
37932,0,3
37933,97,14
37934,77,13
37935,188,20
37936,0,3
37937,0,3
37938,0,3
37939,89,15
37940,152,12
37941,28,8
37942,106,12
37943,0,3
37944,131,15
37945,0,3
37946,0,3
37947,0,3
37948,0,3
37949,0,3
37950,0,3
37951,65,9
37952,0,3
37953,0,3
37954,0,3
37955,59,10
37956,0,3
37957,131,14
37958,30,9
37959,0,3
37960,0,3
37961,66,8
37962,47,8
37963,54,12
37964,146,13
37965,94,15
37966,0,3
37967,117,15
37968,181,20
37969,0,3
37970,0,3
37971,0,3
37972,95,5
37973,126,12
37974,0,3
37975,144,14
37976,162,15
37977,35,6
37978,0,3
37979,139,18
37980,129,17
37981,0,3
37982,0,3
37983,131,22
37984,79,15
37985,9,5
37986,0,3
37987,105,18
37988,0,3
37989,45,9
37990,74,13
37991,102,12
37992,85,14
37993,119,16
37994,0,3
37995,0,3
37996,37,7
37997,103,14
37998,0,3
37999,162,14
38000,0,3
38001,0,3
38002,0,3
38003,91,17
38004,54,12
38005,62,7
38006,89,12
38007,150,15
38008,136,19
38009,55,8
38010,31,7
38011,109,14
38012,126,13
38013,97,10
38014,148,13
38015,209,16
38016,0,3
38017,0,3
38018,48,9
38019,102,13
38020,8,4
38021,27,6
38022,24,6
38023,0,3
38024,3,4
38025,36,7
38026,47,12
38027,0,3
38028,0,3
38029,0,3
38030,212,8
38031,162,18
38032,0,3
38033,81,13
38034,99,12
38035,187,23
38036,26,6
38037,126,15
38038,0,3
38039,0,3
38040,85,15
38041,34,9
38042,99,10
38043,35,9
38044,173,21
38045,146,9
38046,73,9
38047,95,13
38048,137,16
38049,78,11
38050,55,6
38051,0,3
38052,0,3
38053,0,3
38054,105,14
38055,0,3
38056,46,5
38057,0,3
38058,0,3
38059,3,3
38060,62,9
38061,42,8
38062,143,9
38063,0,3
38064,0,3
38065,60,10
38066,40,6
38067,56,8
38068,0,3
38069,14,5
38070,88,12
38071,63,6
38072,0,3
38073,190,21
38074,0,3
38075,73,13
38076,87,12
38077,0,3
38078,0,3
38079,68,9
38080,125,15
38081,69,9
38082,0,3
38083,84,10
38084,0,3
38085,0,3
38086,120,9
38087,83,12
38088,0,3
38089,39,8
38090,0,3
38091,70,13
38092,62,10
38093,125,15
38094,121,15
38095,62,14
38096,96,7
38097,114,14
38098,94,13
38099,32,6
38100,27,4
38101,99,15
38102,87,12
38103,78,8
38104,32,9
38105,0,3
38106,0,3
38107,151,17
38108,75,11
38109,0,3
38110,137,21
38111,0,3
38112,42,11
38113,64,7
38114,0,3
38115,87,13
38116,104,18
38117,0,3
38118,121,18
38119,106,13
38120,0,3
38121,213,25
38122,198,18
38123,11,4
38124,151,17
38125,82,13
38126,68,12
38127,18,4
38128,101,16
38129,0,3
38130,98,12
38131,0,3
38132,144,17
38133,0,3
38134,30,4
38135,156,17
38136,111,11
38137,99,17
38138,0,3
38139,100,16
38140,0,3
38141,0,3
38142,83,14
38143,16,5
38144,19,5
38145,0,3
38146,0,3
38147,0,3
38148,0,3
38149,134,16
38150,113,14
38151,118,16
38152,41,9
38153,0,3
38154,186,8
38155,0,3
38156,24,5
38157,148,13
38158,105,11
38159,77,15
38160,0,3
38161,0,3
38162,94,12
38163,57,12
38164,0,3
38165,55,8
38166,133,16
38167,80,5
38168,8,3
38169,63,11
38170,131,15
38171,46,9
38172,43,12
38173,112,16
38174,38,9
38175,119,15
38176,160,17
38177,0,3
38178,144,19
38179,0,3
38180,56,10
38181,0,3
38182,0,3
38183,40,10
38184,90,12
38185,76,11
38186,228,11
38187,133,13
38188,3,4
38189,104,13
38190,0,3
38191,0,3
38192,0,3
38193,72,11
38194,0,3
38195,141,19
38196,0,3
38197,0,3
38198,82,11
38199,0,3
38200,0,3
38201,0,3
38202,116,15
38203,36,7
38204,0,3
38205,0,3
38206,142,16
38207,62,11
38208,0,3
38209,24,5
38210,0,3
38211,78,15
38212,118,15
38213,69,15
38214,47,6
38215,74,12
38216,141,16
38217,0,3
38218,0,3
38219,24,5
38220,0,3
38221,51,8
38222,0,3
38223,152,16
38224,63,9
38225,0,3
38226,0,3
38227,91,11
38228,130,14
38229,77,7
38230,67,10
38231,0,3
38232,101,19
38233,0,3
38234,111,12
38235,5,3
38236,0,3
38237,0,3
38238,144,16
38239,0,3
38240,0,3
38241,82,13
38242,68,13
38243,0,3
38244,69,12
38245,78,14
38246,37,5
38247,87,8
38248,0,3
38249,0,3
38250,102,16
38251,326,14
38252,0,3
38253,93,15
38254,76,9
38255,47,9
38256,0,3
38257,0,3
38258,0,3
38259,140,16
38260,173,16
38261,0,3
38262,61,10
38263,0,3
38264,155,15
38265,0,3
38266,0,3
38267,114,15
38268,72,11
38269,76,12
38270,76,11
38271,178,13
38272,54,9
38273,42,8
38274,65,8
38275,121,13
38276,123,16
38277,0,3
38278,0,3
38279,0,3
38280,0,3
38281,184,14
38282,109,12
38283,11,4
38284,0,3
38285,105,12
38286,0,3
38287,0,3
38288,132,9
38289,150,13
38290,66,14
38291,205,23
38292,108,14
38293,195,22
38294,0,3
38295,120,10
38296,0,3
38297,0,3
38298,52,7
38299,73,6
38300,29,6
38301,202,22
38302,77,9
38303,0,3
38304,206,22
38305,91,16
38306,0,3
38307,19,3
38308,0,3
38309,166,18
38310,84,11
38311,85,10
38312,190,22
38313,104,20
38314,110,9
38315,101,19
38316,78,11
38317,13,3
38318,0,3
38319,370,23
38320,0,3
38321,151,17
38322,102,12
38323,0,3
38324,0,3
38325,0,3
38326,99,10
38327,169,21
38328,90,14
38329,77,10
38330,210,20
38331,108,14
38332,128,14
38333,123,19
38334,0,3
38335,18,3
38336,110,12
38337,0,3
38338,247,14
38339,0,3
38340,0,3
38341,125,15
38342,17,5
38343,0,3
38344,147,15
38345,40,8
38346,0,3
38347,192,16
38348,0,3
38349,105,9
38350,0,3
38351,0,3
38352,0,3
38353,128,16
38354,84,14
38355,94,16
38356,0,3
38357,16,5
38358,57,11
38359,31,7
38360,0,3
38361,89,10
38362,39,8
38363,0,3
38364,181,17
38365,79,12
38366,133,19
38367,0,3
38368,115,13
38369,115,12
38370,107,12
38371,116,9
38372,198,18
38373,0,3
38374,0,3
38375,94,15
38376,67,7
38377,0,3
38378,72,10
38379,0,3
38380,107,15
38381,84,11
38382,0,3
38383,66,10
38384,0,3
38385,29,10
38386,55,11
38387,54,6
38388,4,3
38389,99,8
38390,0,3
38391,3,3
38392,230,18
38393,0,3
38394,126,15
38395,90,15
38396,77,16
38397,214,26
38398,0,3
38399,33,7
38400,115,14
38401,20,7
38402,1,3
38403,171,10
38404,0,3
38405,105,8
38406,0,3
38407,62,10
38408,47,11
38409,0,3
38410,63,13
38411,0,3
38412,91,16
38413,104,18
38414,80,14
38415,123,18
38416,0,3
38417,0,3
38418,0,3
38419,0,3
38420,73,8
38421,67,13
38422,0,3
38423,0,3
38424,20,5
38425,20,7
38426,0,3
38427,0,3
38428,87,14
38429,152,18
38430,0,3
38431,96,6
38432,83,12
38433,55,7
38434,163,23
38435,0,3
38436,87,14
38437,143,18
38438,126,9
38439,0,3
38440,78,11
38441,71,11
38442,51,14
38443,98,11
38444,97,17
38445,95,10
38446,0,3
38447,135,20
38448,187,12
38449,85,8
38450,0,3
38451,0,3
38452,0,3
38453,0,3
38454,26,6
38455,0,3
38456,0,3
38457,60,5
38458,15,4
38459,123,13
38460,87,7
38461,85,13
38462,88,12
38463,124,14
38464,32,8
38465,225,26
38466,0,3
38467,91,16
38468,23,4
38469,0,3
38470,138,15
38471,0,3
38472,93,11
38473,45,8
38474,66,6
38475,0,3
38476,78,11
38477,0,3
38478,78,9
38479,0,3
38480,0,3
38481,136,14
38482,93,12
38483,0,3
38484,71,9
38485,221,16
38486,81,13
38487,114,15
38488,130,15
38489,0,3
38490,0,3
38491,74,12
38492,102,5
38493,91,6
38494,121,17
38495,0,3
38496,49,11
38497,0,3
38498,119,21
38499,0,3
38500,183,17
38501,221,11
38502,91,14
38503,43,10
38504,30,7
38505,50,9
38506,123,19
38507,0,3
38508,96,12
38509,331,22
38510,182,20
38511,149,17
38512,43,9
38513,97,15
38514,42,6
38515,139,10
38516,0,3
38517,0,3
38518,113,13
38519,76,12
38520,94,12
38521,57,12
38522,0,3
38523,0,3
38524,0,3
38525,39,8
38526,0,3
38527,153,17
38528,0,3
38529,164,14
38530,192,12
38531,84,12
38532,0,3
38533,25,7
38534,70,11
38535,0,3
38536,0,3
38537,62,8
38538,88,17
38539,0,3
38540,179,11
38541,47,7
38542,1,3
38543,0,3
38544,46,5
38545,0,3
38546,161,18
38547,0,3
38548,50,10
38549,0,3
38550,107,13
38551,48,11
38552,47,9
38553,0,3
38554,0,3
38555,33,8
38556,0,3
38557,0,3
38558,50,11
38559,0,3
38560,0,3
38561,124,14
38562,51,11
38563,0,3
38564,0,3
38565,170,15
38566,0,3
38567,99,11
38568,70,14
38569,28,6
38570,139,15
38571,0,3
38572,104,13
38573,146,14
38574,0,3
38575,0,3
38576,89,12
38577,0,3
38578,0,3
38579,335,16
38580,0,3
38581,185,14
38582,63,10
38583,50,11
38584,0,3
38585,147,15
38586,144,16
38587,177,8
38588,0,3
38589,294,13
38590,94,19
38591,93,10
38592,70,10
38593,192,16
38594,0,3
38595,72,7
38596,0,3
38597,80,8
38598,3,3
38599,74,8
38600,37,9
38601,26,8
38602,0,3
38603,0,3
38604,134,17
38605,0,3
38606,126,15
38607,0,3
38608,0,3
38609,85,15
38610,65,11
38611,87,11
38612,0,3
38613,0,3
38614,104,16
38615,20,4
38616,0,3
38617,70,13
38618,93,14
38619,0,3
38620,56,11
38621,149,15
38622,23,6
38623,0,3
38624,69,12
38625,55,11
38626,87,14
38627,225,15
38628,36,8
38629,35,8
38630,0,3
38631,83,12
38632,0,3
38633,236,11
38634,0,3
38635,85,14
38636,90,13
38637,0,3
38638,76,10
38639,27,7
38640,0,3
38641,390,18
38642,42,7
38643,0,3
38644,35,8
38645,0,3
38646,146,15
38647,113,13
38648,0,3
38649,0,3
38650,82,13
38651,0,3
38652,144,14
38653,30,7
38654,63,9
38655,114,15
38656,0,3
38657,0,3
38658,0,3
38659,125,12
38660,129,12
38661,22,4
38662,8,4
38663,116,10
38664,183,19
38665,181,16
38666,0,3
38667,163,20
38668,59,8
38669,0,3
38670,0,3
38671,91,12
38672,0,3
38673,123,9
38674,133,20
38675,0,3
38676,128,17
38677,0,3
38678,0,3
38679,0,3
38680,0,3
38681,102,19
38682,143,21
38683,74,12
38684,51,8
38685,0,3
38686,117,12
38687,0,3
38688,155,11
38689,128,13
38690,0,3
38691,0,3
38692,0,3
38693,43,6
38694,151,10
38695,93,13
38696,9,4
38697,63,11
38698,100,18
38699,0,3
38700,104,14
38701,130,10
38702,0,3
38703,151,17
38704,0,3
38705,154,10
38706,48,15
38707,0,3
38708,250,11
38709,127,15
38710,0,3
38711,236,21
38712,102,14
38713,251,16
38714,0,3
38715,0,3
38716,0,3
38717,101,14
38718,0,3
38719,126,20
38720,76,14
38721,0,3
38722,36,11
38723,0,3
38724,0,3
38725,0,3
38726,124,15
38727,95,9
38728,129,18
38729,0,3
38730,86,12
38731,0,3
38732,0,3
38733,75,12
38734,0,3
38735,157,16
38736,21,5
38737,0,3
38738,0,3
38739,102,14
38740,0,3
38741,80,14
38742,0,3
38743,0,3
38744,67,12
38745,13,5
38746,0,3
38747,111,16
38748,74,13
38749,120,19
38750,116,15
38751,78,9
38752,0,3
38753,133,12
38754,0,3
38755,97,11
38756,0,3
38757,68,13
38758,113,14
38759,9,6
38760,106,13
38761,226,17
38762,89,13
38763,102,13
38764,114,15
38765,0,3
38766,50,7
38767,112,18
38768,177,17
38769,0,3
38770,89,14
38771,198,19
38772,136,9
38773,71,11
38774,89,11
38775,0,3
38776,68,12
38777,98,10
38778,0,3
38779,83,11
38780,138,17
38781,124,18
38782,0,3
38783,0,3
38784,0,3
38785,91,11
38786,22,7
38787,66,11
38788,98,13
38789,0,3
38790,0,3
38791,85,15
38792,105,12
38793,360,17
38794,160,18
38795,100,13
38796,50,10
38797,154,14
38798,0,3
38799,73,12
38800,46,11
38801,0,3
38802,0,3
38803,96,12
38804,53,12
38805,0,3
38806,62,11
38807,0,3
38808,0,3
38809,231,8
38810,0,3
38811,38,6
38812,50,7
38813,0,3
38814,123,16
38815,80,11
38816,205,19
38817,66,13
38818,0,3
38819,36,6
38820,213,14
38821,7,3
38822,0,3
38823,0,3
38824,0,3
38825,117,14
38826,0,3
38827,179,22
38828,141,12
38829,191,13
38830,0,3
38831,109,16
38832,398,11
38833,78,12
38834,180,19
38835,0,3
38836,0,3
38837,252,12
38838,224,7
38839,0,3
38840,0,3
38841,94,16
38842,50,9
38843,41,10
38844,42,7
38845,130,10
38846,27,4
38847,46,7
38848,156,14
38849,0,3
38850,92,14
38851,7,4
38852,0,3
38853,0,3
38854,137,16
38855,68,11
38856,140,14
38857,75,11
38858,86,13
38859,38,7
38860,140,12
38861,0,3
38862,141,14
38863,83,11
38864,0,3
38865,0,3
38866,74,9
38867,0,3
38868,172,18
38869,0,3
38870,30,6
38871,0,3
38872,53,10
38873,0,3
38874,0,3
38875,91,13
38876,82,10
38877,60,9
38878,36,6
38879,0,3
38880,0,3
38881,0,3
38882,0,3
38883,51,7
38884,0,3
38885,77,4
38886,4,4
38887,0,3
38888,0,3
38889,135,20
38890,65,9
38891,0,3
38892,161,15
38893,0,3
38894,0,3
38895,77,11
38896,92,16
38897,138,18
38898,149,15
38899,77,10
38900,85,10
38901,111,11
38902,77,8
38903,21,3
38904,139,14
38905,0,3
38906,0,3
38907,58,10
38908,77,13
38909,30,6
38910,61,12
38911,0,3
38912,0,3
38913,99,10
38914,7,3
38915,0,3
38916,0,3
38917,0,3
38918,0,3
38919,96,10
38920,41,8
38921,189,16
38922,0,3
38923,0,3
38924,0,3
38925,139,19
38926,7,4
38927,59,10
38928,0,3
38929,82,9
38930,163,19
38931,43,8
38932,143,15
38933,0,3
38934,54,6
38935,0,3
38936,0,3
38937,0,3
38938,59,6
38939,82,12
38940,85,9
38941,0,3
38942,50,9
38943,0,3
38944,85,13
38945,101,10
38946,130,19
38947,69,10
38948,0,3
38949,0,3
38950,0,3
38951,131,13
38952,0,3
38953,0,3
38954,0,3
38955,59,8
38956,136,12
38957,0,3
38958,0,3
38959,7,3
38960,34,7
38961,31,4
38962,93,17
38963,94,17
38964,17,4
38965,0,3
38966,114,13
38967,0,3
38968,115,19
38969,78,11
38970,0,3
38971,75,9
38972,0,3
38973,68,11
38974,123,16
38975,19,4
38976,74,14
38977,23,6
38978,128,14
38979,0,3
38980,44,10
38981,142,11
38982,11,4
38983,58,8
38984,91,11
38985,99,12
38986,0,3
38987,0,3
38988,19,6
38989,76,12
38990,0,3
38991,0,3
38992,118,14
38993,48,9
38994,90,12
38995,0,3
38996,62,12
38997,132,16
38998,0,3
38999,35,7
39000,0,3
39001,0,3
39002,0,3
39003,0,3
39004,0,3
39005,0,3
39006,71,15
39007,67,11
39008,0,3
39009,60,9
39010,0,3
39011,78,9
39012,0,3
39013,162,19
39014,166,20
39015,0,3
39016,87,13
39017,1,3
39018,0,3
39019,0,3
39020,138,14
39021,116,16
39022,121,15
39023,128,19
39024,100,10
39025,0,3
39026,153,15
39027,180,10
39028,0,3
39029,166,21
39030,0,3
39031,0,3
39032,46,8
39033,136,17
39034,160,15
39035,0,3
39036,0,3
39037,99,17
39038,0,3
39039,34,7
39040,171,19
39041,92,15
39042,115,17
39043,65,10
39044,236,13
39045,0,3
39046,169,20
39047,0,3
39048,0,3
39049,0,3
39050,66,14
39051,70,9
39052,185,21
39053,65,9
39054,128,12
39055,0,3
39056,79,12
39057,26,7
39058,0,3
39059,42,10
39060,202,22
39061,106,14
39062,112,15
39063,369,13
39064,0,3
39065,96,16
39066,21,4
39067,148,14
39068,0,3
39069,0,3
39070,50,9
39071,125,17
39072,0,3
39073,134,15
39074,60,11
39075,7,4
39076,150,16
39077,84,9
39078,60,14
39079,34,7
39080,0,3
39081,0,3
39082,177,11
39083,101,14
39084,173,18
39085,166,18
39086,0,3
39087,52,9
39088,283,12
39089,12,4
39090,103,14
39091,72,10
39092,5,3
39093,0,3
39094,71,12
39095,122,14
39096,0,3
39097,71,15
39098,86,17
39099,85,12
39100,0,3
39101,19,5
39102,66,13
39103,0,3
39104,0,3
39105,126,10
39106,82,12
39107,67,8
39108,0,3
39109,184,19
39110,50,11
39111,248,9
39112,61,11
39113,0,3
39114,0,3
39115,57,9
39116,2,3
39117,0,3
39118,119,18
39119,154,17
39120,0,3
39121,0,3
39122,0,3
39123,0,3
39124,82,11
39125,0,3
39126,0,3
39127,231,10
39128,40,9
39129,0,3
39130,71,11
39131,0,3
39132,88,14
39133,151,17
39134,163,16
39135,60,10
39136,0,3
39137,120,12
39138,60,10
39139,278,24
39140,0,3
39141,70,10
39142,0,3
39143,0,3
39144,130,11
39145,0,3
39146,0,3
39147,0,3
39148,101,15
39149,130,12
39150,82,15
39151,74,12
39152,75,11
39153,141,15
39154,102,13
39155,131,17
39156,197,10
39157,87,15
39158,9,5
39159,4,4
39160,125,10
39161,0,3
39162,0,3
39163,4,3
39164,0,3
39165,0,3
39166,0,3
39167,66,11
39168,94,15
39169,70,10
39170,145,22
39171,69,12
39172,0,3
39173,142,17
39174,0,3
39175,144,15
39176,92,11
39177,0,3
39178,84,13
39179,0,3
39180,0,3
39181,0,3
39182,54,8
39183,181,18
39184,126,13
39185,22,5
39186,0,3
39187,0,3
39188,127,13
39189,174,13
39190,0,3
39191,138,20
39192,11,4
39193,156,5
39194,21,4
39195,113,14
39196,146,19
39197,0,3
39198,114,14
39199,0,3
39200,15,5
39201,38,9
39202,136,19
39203,20,5
39204,63,6
39205,72,12
39206,305,16
39207,0,3
39208,57,9
39209,142,21
39210,93,7
39211,0,3
39212,0,3
39213,103,13
39214,114,13
39215,141,9
39216,12,4
39217,14,5
39218,16,5
39219,156,17
39220,0,3
39221,0,3
39222,151,20
39223,56,9
39224,0,3
39225,0,3
39226,0,3
39227,193,27
39228,91,11
39229,0,3
39230,0,3
39231,76,8
39232,0,3
39233,107,15
39234,0,3
39235,19,4
39236,425,11
39237,36,6
39238,130,16
39239,0,3
39240,124,15
39241,83,10
39242,86,16
39243,171,8
39244,0,3
39245,102,14
39246,97,13
39247,0,3
39248,0,3
39249,89,10
39250,83,13
39251,0,3
39252,210,20
39253,0,3
39254,0,3
39255,0,3
39256,46,8
39257,0,3
39258,0,3
39259,0,3
39260,0,3
39261,192,12
39262,0,3
39263,247,25
39264,0,3
39265,0,3
39266,53,11
39267,59,8
39268,146,8
39269,94,16
39270,119,15
39271,0,3
39272,3,3
39273,0,3
39274,140,17
39275,0,3
39276,0,3
39277,74,13
39278,0,3
39279,0,3
39280,54,9
39281,160,14
39282,13,3
39283,24,5
39284,120,14
39285,54,10
39286,0,3
39287,0,3
39288,212,20
39289,87,11
39290,138,4
39291,215,11
39292,0,3
39293,182,19
39294,67,13
39295,72,11
39296,0,3
39297,0,3
39298,0,3
39299,0,3
39300,0,3
39301,0,3
39302,0,3
39303,0,3
39304,112,17
39305,271,18
39306,25,6
39307,89,12
39308,0,3
39309,69,15
39310,68,10
39311,140,18
39312,230,22
39313,0,3
39314,129,15
39315,0,3
39316,92,14
39317,0,3
39318,118,15
39319,0,3
39320,117,15
39321,146,17
39322,117,10
39323,0,3
39324,0,3
39325,34,8
39326,0,3
39327,70,13
39328,0,3
39329,29,5
39330,0,3
39331,41,9
39332,46,9
39333,112,19
39334,0,3
39335,27,9
39336,170,23
39337,40,8
39338,68,12
39339,0,3
39340,0,3
39341,151,17
39342,124,17
39343,75,11
39344,0,3
39345,66,10
39346,144,21
39347,174,19
39348,0,3
39349,0,3
39350,33,6
39351,0,3
39352,0,3
39353,0,3
39354,0,3
39355,81,14
39356,264,20
39357,46,9
39358,0,3
39359,72,11
39360,0,3
39361,147,21
39362,0,3
39363,0,3
39364,88,16
39365,149,12
39366,74,9
39367,0,3
39368,0,3
39369,0,3
39370,0,3
39371,65,12
39372,0,3
39373,39,8
39374,54,13
39375,0,3
39376,151,17
39377,0,3
39378,11,4
39379,210,15
39380,101,11
39381,171,14
39382,0,3
39383,0,3
39384,77,11
39385,115,13
39386,241,13
39387,70,10
39388,144,17
39389,0,3
39390,0,3
39391,0,3
39392,153,16
39393,53,11
39394,151,9
39395,0,3
39396,0,3
39397,80,11
39398,41,7
39399,0,3
39400,0,3
39401,167,16
39402,163,20
39403,199,20
39404,72,11
39405,147,15
39406,149,16
39407,92,15
39408,0,3
39409,59,13
39410,113,11
39411,151,16
39412,0,3
39413,0,3
39414,172,21
39415,68,17
39416,0,3
39417,168,19
39418,17,3
39419,79,13
39420,150,16
39421,63,12
39422,228,23
39423,0,3
39424,0,3
39425,0,3
39426,0,3
39427,0,3
39428,53,12
39429,58,13
39430,0,3
39431,0,3
39432,0,3
39433,0,3
39434,41,9
39435,107,15
39436,9,4
39437,59,8
39438,95,11
39439,83,15
39440,98,9
39441,4,3
39442,0,3
39443,0,3
39444,57,12
39445,0,3
39446,85,13
39447,0,3
39448,0,3
39449,0,3
39450,151,7
39451,90,11
39452,114,15
39453,67,9
39454,0,3
39455,84,9
39456,140,17
39457,0,3
39458,0,3
39459,0,3
39460,23,8
39461,44,9
39462,58,9
39463,71,8
39464,75,9
39465,0,3
39466,133,14
39467,0,3
39468,370,14
39469,64,12
39470,0,3
39471,73,12
39472,0,3
39473,0,3
39474,104,12
39475,37,6
39476,42,6
39477,89,11
39478,154,17
39479,0,3
39480,30,8
39481,148,16
39482,0,3
39483,0,3
39484,50,12
39485,94,14
39486,65,10
39487,44,9
39488,0,3
39489,39,9
39490,0,3
39491,127,3
39492,73,9
39493,0,3
39494,207,13
39495,0,3
39496,84,14
39497,0,3
39498,0,3
39499,76,10
39500,94,13
39501,0,3
39502,0,3
39503,0,3
39504,0,3
39505,0,3
39506,0,3
39507,0,3
39508,98,11
39509,124,14
39510,37,9
39511,109,18
39512,46,9
39513,0,3
39514,0,3
39515,0,3
39516,193,15
39517,85,15
39518,85,15
39519,10,4
39520,143,13
39521,40,9
39522,0,3
39523,178,7
39524,12,3
39525,0,3
39526,59,8
39527,204,19
39528,0,3
39529,0,3
39530,0,3
39531,110,14
39532,0,3
39533,0,3
39534,0,3
39535,0,3
39536,98,14
39537,215,16
39538,0,3
39539,0,3
39540,0,3
39541,68,9
39542,124,15
39543,0,3
39544,128,16
39545,104,17
39546,0,3
39547,121,15
39548,83,11
39549,116,13
39550,69,13
39551,76,13
39552,27,5
39553,0,3
39554,52,10
39555,0,3
39556,67,12
39557,73,11
39558,110,15
39559,132,17
39560,0,3
39561,145,10
39562,0,3
39563,45,9
39564,90,14
39565,136,22
39566,35,7
39567,73,10
39568,77,12
39569,0,3
39570,60,9
39571,84,12
39572,105,17
39573,0,3
39574,192,20
39575,0,3
39576,9,4
39577,104,12
39578,110,15
39579,0,3
39580,37,6
39581,80,13
39582,91,12
39583,184,18
39584,70,10
39585,0,3
39586,0,3
39587,28,5
39588,70,10
39589,43,9
39590,231,21
39591,0,3
39592,0,3
39593,137,15
39594,118,14
39595,0,3
39596,51,6
39597,211,12
39598,90,7
39599,92,15
39600,0,3
39601,0,3
39602,112,17
39603,0,3
39604,126,17
39605,124,12
39606,0,3
39607,0,3
39608,169,18
39609,142,16
39610,0,3
39611,133,12
39612,0,3
39613,64,11
39614,0,3
39615,0,3
39616,0,3
39617,96,13
39618,345,14
39619,70,12
39620,0,3
39621,48,8
39622,0,3
39623,0,3
39624,189,21
39625,176,12
39626,2,3
39627,45,6
39628,158,12
39629,106,7
39630,0,3
39631,0,3
39632,0,3
39633,106,17
39634,154,18
39635,127,10
39636,0,3
39637,83,10
39638,0,3
39639,94,17
39640,139,15
39641,0,3
39642,0,3
39643,395,16
39644,105,14
39645,0,3
39646,0,3
39647,60,10
39648,53,9
39649,152,22
39650,0,3
39651,12,5
39652,128,16
39653,0,3
39654,54,10
39655,0,3
39656,107,15
39657,22,8
39658,16,5
39659,69,14
39660,21,4
39661,130,19
39662,69,13
39663,0,3
39664,0,3
39665,54,10
39666,45,12
39667,68,11
39668,61,8
39669,0,3
39670,158,14
39671,0,3
39672,65,11
39673,18,5
39674,17,4
39675,0,3
39676,102,12
39677,0,3
39678,0,3
39679,106,13
39680,151,22
39681,76,11
39682,104,15
39683,11,4
39684,59,11
39685,155,18
39686,0,3
39687,0,3
39688,17,5
39689,180,17
39690,75,16
39691,108,17
39692,0,3
39693,83,12
39694,86,14
39695,0,3
39696,96,10
39697,51,9
39698,0,3
39699,115,12
39700,113,13
39701,139,15
39702,46,13
39703,0,3
39704,299,19
39705,199,17
39706,81,11
39707,105,16
39708,0,3
39709,0,3
39710,199,15
39711,114,18
39712,119,14
39713,102,16
39714,0,3
39715,0,3
39716,38,7
39717,95,16
39718,14,3
39719,101,11
39720,0,3
39721,53,11
39722,77,12
39723,25,6
39724,26,6
39725,96,6
39726,120,19
39727,59,10
39728,71,14
39729,246,22
39730,42,7
39731,0,3
39732,0,3
39733,87,13
39734,57,12
39735,123,14
39736,165,11
39737,0,3
39738,0,3
39739,134,10
39740,86,12
39741,104,12
39742,101,13
39743,97,12
39744,0,3
39745,537,3
39746,0,3
39747,41,8
39748,112,15
39749,0,3
39750,40,7
39751,122,13
39752,0,3
39753,0,3
39754,35,6
39755,0,3
39756,0,3
39757,0,3
39758,0,3
39759,0,3
39760,7,4
39761,191,15
39762,110,17
39763,65,13
39764,192,13
39765,2,3
39766,0,3
39767,0,3
39768,0,3
39769,240,23
39770,8,5
39771,0,3
39772,0,3
39773,126,16
39774,0,3
39775,0,3
39776,0,3
39777,0,3
39778,168,13
39779,96,15
39780,63,9
39781,114,16
39782,0,3
39783,80,17
39784,76,15
39785,65,9
39786,150,17
39787,127,15
39788,29,5
39789,162,13
39790,114,12
39791,141,12
39792,0,3
39793,146,12
39794,0,3
39795,33,8
39796,103,16
39797,129,13
39798,0,3
39799,177,21
39800,149,16
39801,0,3
39802,0,3
39803,0,3
39804,28,5
39805,84,8
39806,0,3
39807,78,12
39808,0,3
39809,0,3
39810,0,3
39811,0,3
39812,277,14
39813,200,17
39814,99,5
39815,141,15
39816,0,3
39817,141,20
39818,82,12
39819,92,12
39820,0,3
39821,90,15
39822,0,3
39823,115,18
39824,30,9
39825,0,3
39826,0,3
39827,0,3
39828,114,17
39829,72,12
39830,148,19
39831,0,3
39832,0,3
39833,0,3
39834,0,3
39835,0,3
39836,52,9
39837,0,3
39838,76,12
39839,213,13
39840,74,12
39841,53,11
39842,0,3
39843,155,16
39844,0,3
39845,0,3
39846,24,7
39847,122,15
39848,82,14
39849,152,17
39850,0,3
39851,0,3
39852,0,3
39853,167,20
39854,0,3
39855,0,3
39856,152,19
39857,0,3
39858,61,7
39859,104,19
39860,0,3
39861,173,17
39862,61,10
39863,66,9
39864,58,10
39865,0,3
39866,2,3
39867,0,3
39868,0,3
39869,292,23
39870,127,17
39871,100,13
39872,101,19
39873,32,4
39874,152,15
39875,0,3
39876,130,19
39877,45,10
39878,0,3
39879,0,3
39880,63,13
39881,144,6
39882,305,23
39883,159,16
39884,48,7
39885,0,3
39886,0,3
39887,0,3
39888,0,3
39889,169,19
39890,0,3
39891,0,3
39892,0,3
39893,0,3
39894,72,9
39895,126,8
39896,0,3
39897,0,3
39898,0,3
39899,74,10
39900,0,3
39901,0,3
39902,46,11
39903,0,3
39904,181,14
39905,0,3
39906,83,13
39907,73,15
39908,207,16
39909,0,3
39910,0,3
39911,0,3
39912,0,3
39913,39,9
39914,0,3
39915,0,3
39916,185,21
39917,106,14
39918,0,3
39919,66,8
39920,0,3
39921,0,3
39922,0,3
39923,131,14
39924,0,3
39925,131,19
39926,177,16
39927,0,3
39928,0,3
39929,14,6
39930,0,3
39931,0,3
39932,22,7
39933,290,16
39934,60,11
39935,77,13
39936,61,11
39937,110,15
39938,66,9
39939,36,9
39940,0,3
39941,0,3
39942,0,3
39943,0,3
39944,104,15
39945,110,15
39946,0,3
39947,0,3
39948,209,18
39949,0,3
39950,189,21
39951,0,3
39952,170,15
39953,0,3
39954,78,17
39955,153,14
39956,112,15
39957,0,3
39958,0,3
39959,101,12
39960,36,6
39961,109,11
39962,0,3
39963,154,13
39964,78,16
39965,103,10
39966,56,11
39967,70,10
39968,0,3
39969,0,3
39970,83,12
39971,161,16
39972,185,21
39973,6,3
39974,78,11
39975,0,3
39976,190,18
39977,32,9
39978,136,21
39979,231,16
39980,197,14
39981,117,13
39982,65,12
39983,0,3
39984,0,3
39985,124,12
39986,130,17
39987,35,6
39988,0,3
39989,0,3
39990,52,13
39991,158,14
39992,29,4
39993,67,10
39994,75,14
39995,0,3
39996,159,16
39997,43,9
39998,0,3
39999,0,3
40000,172,20
40001,29,5
40002,87,10
40003,0,3
40004,0,3
40005,71,12
40006,0,3
40007,0,3
40008,162,14
40009,7,3
40010,0,3
40011,73,13
40012,90,12
40013,130,12
40014,152,21
40015,0,3
40016,94,10
40017,135,18
40018,51,10
40019,146,16
40020,37,5
40021,0,3
40022,0,3
40023,0,3
40024,33,5
40025,87,12
40026,0,3
40027,124,14
40028,0,3
40029,4,3
40030,80,11
40031,44,10
40032,61,9
40033,21,5
40034,94,14
40035,93,9
40036,0,3
40037,56,11
40038,0,3
40039,114,18
40040,123,17
40041,73,11
40042,122,16
40043,113,22
40044,31,5
40045,89,12
40046,132,14
40047,173,13
40048,135,19
40049,117,14
40050,0,3
40051,91,12
40052,0,3
40053,77,11
40054,90,13
40055,0,3
40056,117,15
40057,0,3
40058,101,17
40059,0,3
40060,96,11
40061,32,7
40062,31,5
40063,29,5
40064,0,3
40065,169,15
40066,146,18
40067,0,3
40068,382,5
40069,0,3
40070,27,9
40071,0,3
40072,0,3
40073,200,17
40074,0,3
40075,0,3
40076,0,3
40077,92,13
40078,78,10
40079,100,15
40080,108,11
40081,0,3
40082,114,14
40083,3,3
40084,0,3
40085,41,6
40086,15,4
40087,63,14
40088,87,12
40089,121,23
40090,0,3
40091,0,3
40092,168,13
40093,27,6
40094,0,3
40095,0,3
40096,107,16
40097,176,13
40098,126,13
40099,0,3
40100,151,19
40101,1,3
40102,87,17
40103,49,11
40104,101,19
40105,279,19
40106,27,8
40107,55,10
40108,0,3
40109,185,17
40110,108,17
40111,58,9
40112,0,3
40113,34,6
40114,0,3
40115,9,3
40116,70,11
40117,21,5
40118,84,12
40119,0,3
40120,201,8
40121,0,3
40122,165,21
40123,96,16
40124,28,4
40125,1,3
40126,0,3
40127,0,3
40128,0,3
40129,154,17
40130,171,15
40131,119,19
40132,53,9
40133,129,15
40134,206,18
40135,60,7
40136,159,15
40137,116,11
40138,111,19
40139,138,14
40140,0,3
40141,0,3
40142,98,12
40143,0,3
40144,0,3
40145,0,3
40146,0,3
40147,54,8
40148,75,12
40149,0,3
40150,0,3
40151,0,3
40152,117,15
40153,185,21
40154,68,13
40155,0,3
40156,73,5
40157,15,4
40158,5,3
40159,79,11
40160,141,13
40161,0,3
40162,305,11
40163,110,15
40164,115,13
40165,0,3
40166,0,3
40167,191,17
40168,134,17
40169,197,23
40170,3,3
40171,135,18
40172,0,3
40173,10,4
40174,79,10
40175,24,7
40176,0,3
40177,119,9
40178,0,3
40179,39,5
40180,93,12
40181,133,12
40182,142,21
40183,298,19
40184,13,5
40185,0,3
40186,0,3
40187,0,3
40188,0,3
40189,188,14
40190,88,13
40191,154,18
40192,56,8
40193,98,13
40194,0,3
40195,32,7
40196,0,3
40197,0,3
40198,0,3
40199,146,17
40200,54,9
40201,0,3
40202,174,13
40203,101,13
40204,168,18
40205,182,19
40206,0,3
40207,77,14
40208,52,12
40209,78,10
40210,127,16
40211,101,16
40212,0,3
40213,135,20
40214,107,13
40215,0,3
40216,102,13
40217,52,8
40218,0,3
40219,119,20
40220,0,3
40221,76,15
40222,34,7
40223,235,20
40224,71,15
40225,95,12
40226,0,3
40227,59,9
40228,0,3
40229,0,3
40230,0,3
40231,0,3
40232,204,18
40233,41,6
40234,266,9
40235,158,13
40236,105,17
40237,150,21
40238,0,3
40239,0,3
40240,0,3
40241,0,3
40242,18,4
40243,0,3
40244,310,15
40245,32,7
40246,158,16
40247,15,4
40248,41,6
40249,110,7
40250,90,13
40251,79,10
40252,0,3
40253,153,16
40254,0,3
40255,22,6
40256,63,10
40257,62,5
40258,25,6
40259,0,3
40260,109,14
40261,192,16
40262,168,16
40263,21,6
40264,109,18
40265,0,3
40266,84,10
40267,0,3
40268,165,19
40269,167,12
40270,0,3
40271,0,3
40272,0,3
40273,0,3
40274,189,12
40275,101,13
40276,0,3
40277,122,13
40278,64,10
40279,0,3
40280,0,3
40281,127,19
40282,137,16
40283,71,13
40284,100,11
40285,0,3
40286,0,3
40287,68,16
40288,0,3
40289,0,3
40290,93,14
40291,0,3
40292,0,3
40293,646,5
40294,166,17
40295,0,3
40296,0,3
40297,0,3
40298,86,17
40299,83,6
40300,32,8
40301,116,22
40302,166,16
40303,74,12
40304,0,3
40305,120,10
40306,0,3
40307,0,3
40308,76,10
40309,118,22
40310,68,11
40311,0,3
40312,37,7
40313,236,17
40314,0,3
40315,4,3
40316,85,12
40317,108,14
40318,91,13
40319,36,6
40320,0,3
40321,0,3
40322,160,22
40323,188,18
40324,0,3
40325,0,3
40326,61,11
40327,163,17
40328,0,3
40329,0,3
40330,0,3
40331,4,3
40332,71,16
40333,149,20
40334,0,3
40335,330,15
40336,22,3
40337,123,13
40338,196,18
40339,8,3
40340,199,20
40341,154,17
40342,120,12
40343,82,14
40344,59,5
40345,25,6
40346,118,14
40347,0,3
40348,36,6
40349,125,12
40350,18,6
40351,74,13
40352,34,6
40353,213,24
40354,0,3
40355,102,14
40356,76,10
40357,58,8
40358,57,10
40359,0,3
40360,156,13
40361,40,8
40362,0,3
40363,210,13
40364,0,3
40365,0,3
40366,102,18
40367,86,14
40368,17,3
40369,129,15
40370,99,15
40371,74,14
40372,0,3
40373,0,3
40374,83,15
40375,55,8
40376,80,13
40377,0,3
40378,41,6
40379,0,3
40380,0,3
40381,0,3
40382,0,3
40383,216,22
40384,0,3
40385,222,8
40386,130,16
40387,16,5
40388,0,3
40389,0,3
40390,39,6
40391,0,3
40392,0,3
40393,138,18
40394,17,5
40395,68,13
40396,74,11
40397,137,20
40398,87,11
40399,0,3
40400,107,14
40401,117,13
40402,219,18
40403,25,7
40404,6,3
40405,169,13
40406,0,3
40407,10,4
40408,114,14
40409,117,14
40410,143,17
40411,0,3
40412,144,16
40413,27,5
40414,53,7
40415,199,26
40416,0,3
40417,89,9
40418,0,3
40419,71,10
40420,0,3
40421,0,3
40422,133,17
40423,0,3
40424,244,18
40425,90,13
40426,107,13
40427,0,3
40428,223,11
40429,0,3
40430,214,21
40431,135,15
40432,69,14
40433,44,10
40434,78,10
40435,45,7
40436,0,3
40437,234,23
40438,33,5
40439,0,3
40440,0,3
40441,0,3
40442,110,16
40443,87,14
40444,0,3
40445,44,5
40446,72,12
40447,70,13
40448,82,12
40449,0,3
40450,30,8
40451,29,9
40452,0,3
40453,0,3
40454,0,3
40455,0,3
40456,119,15
40457,0,3
40458,0,3
40459,87,14
40460,0,3
40461,28,5
40462,30,5
40463,0,3
40464,79,15
40465,132,16
40466,106,16
40467,0,3
40468,0,3
40469,0,3
40470,0,3
40471,153,17
40472,126,11
40473,110,15
40474,0,3
40475,122,15
40476,0,3
40477,43,9
40478,0,3
40479,84,11
40480,138,19
40481,0,3
40482,0,3
40483,0,3
40484,100,14
40485,213,17
40486,48,12
40487,111,19
40488,0,3
40489,0,3
40490,38,6
40491,58,12
40492,123,17
40493,92,14
40494,0,3
40495,4,3
40496,0,3
40497,0,3
40498,0,3
40499,59,11
40500,60,13
40501,112,16
40502,0,3
40503,0,3
40504,85,13
40505,0,3
40506,103,13
40507,0,3
40508,93,10
40509,0,3
40510,0,3
40511,72,11
40512,0,3
40513,122,23
40514,0,3
40515,0,3
40516,64,12
40517,161,18
40518,111,12
40519,62,9
40520,0,3
40521,143,20
40522,49,10
40523,119,16
40524,0,3
40525,0,3
40526,0,3
40527,142,17
40528,101,13
40529,0,3
40530,0,3
40531,139,12
40532,79,9
40533,86,13
40534,0,3
40535,0,3
40536,86,13
40537,0,3
40538,70,10
40539,113,13
40540,44,7
40541,0,3
40542,29,6
40543,148,19
40544,0,3
40545,115,13
40546,109,14
40547,0,3
40548,74,13
40549,138,17
40550,0,3
40551,117,18
40552,158,18
40553,0,3
40554,40,5
40555,0,3
40556,6,3
40557,0,3
40558,75,11
40559,125,8
40560,110,18
40561,97,12
40562,123,17
40563,0,3
40564,0,3
40565,143,15
40566,91,14
40567,149,16
40568,52,10
40569,148,14
40570,0,3
40571,0,3
40572,0,3
40573,0,3
40574,188,14
40575,100,16
40576,0,3
40577,115,17
40578,140,20
40579,123,13
40580,82,14
40581,181,24
40582,98,7
40583,6,3
40584,0,3
40585,0,3
40586,376,15
40587,133,13
40588,90,11
40589,65,10
40590,166,20
40591,30,6
40592,173,18
40593,0,3
40594,165,17
40595,65,11
40596,0,3
40597,107,12
40598,0,3
40599,118,14
40600,45,10
40601,0,3
40602,229,15
40603,0,3
40604,0,3
40605,0,3
40606,0,3
40607,167,17
40608,110,12
40609,0,3
40610,0,3
40611,23,4
40612,147,24
40613,59,9
40614,2,3
40615,51,15
40616,0,3
40617,0,3
40618,43,9
40619,23,6
40620,147,18
40621,174,18
40622,0,3
40623,164,14
40624,98,11
40625,131,20
40626,139,11
40627,0,3
40628,115,13
40629,0,3
40630,3,3
40631,98,11
40632,0,3
40633,0,3
40634,48,9
40635,47,8
40636,159,16
40637,0,3
40638,137,14
40639,0,3
40640,118,12
40641,0,3
40642,40,7
40643,7,4
40644,0,3
40645,0,3
40646,139,18
40647,25,7
40648,0,3
40649,0,3
40650,143,12
40651,167,12
40652,0,3
40653,130,14
40654,0,3
40655,142,14
40656,52,7
40657,103,12
40658,82,11
40659,74,8
40660,0,3
40661,92,13
40662,0,3
40663,69,11
40664,0,3
40665,140,21
40666,104,15
40667,217,25
40668,0,3
40669,45,7
40670,43,5
40671,0,3
40672,72,11
40673,110,11
40674,56,13
40675,0,3
40676,196,18
40677,0,3
40678,126,14
40679,0,3
40680,0,3
40681,0,3
40682,30,5
40683,102,5
40684,0,3
40685,0,3
40686,57,12
40687,189,19
40688,0,3
40689,52,11
40690,114,15
40691,104,11
40692,63,9
40693,193,19
40694,102,13
40695,0,3
40696,0,3
40697,108,18
40698,112,16
40699,118,16
40700,0,3
40701,86,13
40702,0,3
40703,7,4
40704,107,14
40705,0,3
40706,135,18
40707,106,11
40708,78,11
40709,110,12
40710,0,3
40711,107,12
40712,0,3
40713,42,6
40714,0,3
40715,0,3
40716,43,7
40717,152,17
40718,0,3
40719,139,16
40720,0,3
40721,54,9
40722,0,3
40723,48,6
40724,30,7
40725,58,8
40726,0,3
40727,56,12
40728,13,3
40729,0,3
40730,58,7
40731,11,3
40732,0,3
40733,191,20
40734,0,3
40735,133,9
40736,56,8
40737,0,3
40738,119,13
40739,118,13
40740,0,3
40741,70,10
40742,0,3
40743,28,7
40744,0,3
40745,0,3
40746,228,14
40747,45,11
40748,0,3
40749,81,11
40750,175,17
40751,0,3
40752,116,14
40753,155,15
40754,175,19
40755,30,7
40756,210,16
40757,100,11
40758,30,5
40759,0,3
40760,0,3
40761,0,3
40762,76,11
40763,101,11
40764,184,23
40765,0,3
40766,2,3
40767,30,6
40768,0,3
40769,0,3
40770,125,19
40771,62,9
40772,177,20
40773,0,3
40774,0,3
40775,0,3
40776,0,3
40777,93,11
40778,119,15
40779,231,23
40780,97,14
40781,0,3
40782,0,3
40783,98,15
40784,56,10
40785,83,11
40786,128,11
40787,118,15
40788,0,3
40789,100,13
40790,9,4
40791,97,14
40792,32,6
40793,138,6
40794,126,12
40795,0,3
40796,0,3
40797,68,11
40798,115,15
40799,95,11
40800,0,3
40801,40,5
40802,145,19
40803,0,3
40804,77,13
40805,72,10
40806,34,6
40807,10,3
40808,95,16
40809,101,13
40810,73,14
40811,83,13
40812,0,3
40813,99,8
40814,2,2
40815,65,7
40816,163,15
40817,184,20
40818,0,3
40819,40,7
40820,0,3
40821,177,22
40822,0,3
40823,23,7
40824,129,16
40825,175,17
40826,84,15
40827,0,3
40828,145,18
40829,81,16
40830,199,23
40831,37,6
40832,0,3
40833,0,3
40834,118,14
40835,0,3
40836,108,12
40837,60,10
40838,150,15
40839,0,3
40840,195,11
40841,0,3
40842,119,16
40843,49,8
40844,138,22
40845,182,18
40846,174,10
40847,229,14
40848,88,16
40849,0,3
40850,162,11
40851,110,16
40852,67,11
40853,0,3
40854,60,12
40855,0,3
40856,113,16
40857,394,20
40858,76,11
40859,0,3
40860,167,17
40861,0,3
40862,83,9
40863,130,14
40864,0,3
40865,108,15
40866,0,3
40867,0,3
40868,58,4
40869,87,15
40870,0,3
40871,0,3
40872,1,3
40873,149,21
40874,80,13
40875,163,17
40876,0,3
40877,24,7
40878,0,3
40879,0,3
40880,0,3
40881,76,9
40882,49,8
40883,79,14
40884,0,3
40885,163,10
40886,155,19
40887,106,14
40888,0,3
40889,57,10
40890,0,3
40891,160,18
40892,101,13
40893,99,9
40894,37,6
40895,154,15
40896,31,6
40897,100,17
40898,176,21
40899,72,12
40900,0,3
40901,69,11
40902,206,25
40903,212,21
40904,0,3
40905,172,17
40906,0,3
40907,200,20
40908,0,3
40909,0,3
40910,10,4
40911,68,8
40912,0,3
40913,0,3
40914,0,3
40915,0,3
40916,0,3
40917,29,7
40918,0,3
40919,0,3
40920,0,3
40921,109,15
40922,119,15
40923,0,3
40924,62,13
40925,87,8
40926,164,18
40927,342,23
40928,190,11
40929,0,3
40930,197,19
40931,0,3
40932,102,12
40933,64,9
40934,135,21
40935,108,14
40936,0,3
40937,0,3
40938,166,14
40939,66,10
40940,68,9
40941,86,15
40942,129,16
40943,0,3
40944,77,15
40945,0,3
40946,93,16
40947,83,12
40948,128,17
40949,50,13
40950,85,3
40951,123,5
40952,0,3
40953,41,6
40954,25,3
40955,0,3
40956,0,3
40957,53,5
40958,187,19
40959,178,17
40960,141,18
40961,146,17
40962,128,18
40963,0,3
40964,226,10
40965,124,18
40966,0,3
40967,83,16
40968,0,3
40969,2,3
40970,0,3
40971,0,3
40972,0,3
40973,0,3
40974,26,7
40975,146,9
40976,42,8
40977,23,5
40978,0,3
40979,151,19
40980,45,7
40981,63,8
40982,329,15
40983,129,14
40984,83,12
40985,0,3
40986,113,13
40987,23,4
40988,0,3
40989,0,3
40990,99,19
40991,119,16
40992,0,3
40993,111,14
40994,0,3
40995,55,8
40996,0,3
40997,0,3
40998,0,3
40999,73,14
41000,0,3
41001,29,6
41002,0,3
41003,96,12
41004,94,15
41005,58,9
41006,0,3
41007,98,15
41008,133,13
41009,87,10
41010,134,14
41011,64,12
41012,0,3
41013,96,16
41014,113,16
41015,26,8
41016,0,3
41017,68,11
41018,102,15
41019,0,3
41020,0,3
41021,0,3
41022,0,3
41023,144,13
41024,0,3
41025,69,12
41026,35,8
41027,124,17
41028,32,6
41029,133,19
41030,89,14
41031,0,3
41032,108,10
41033,128,13
41034,139,15
41035,135,14
41036,47,10
41037,0,3
41038,127,13
41039,117,14
41040,0,3
41041,13,5
41042,220,21
41043,308,15
41044,0,3
41045,107,7
41046,109,15
41047,83,12
41048,116,12
41049,76,7
41050,118,19
41051,102,14
41052,63,7
41053,0,3
41054,0,3
41055,38,7
41056,92,15
41057,80,10
41058,0,3
41059,126,14
41060,41,5
41061,188,20
41062,94,15
41063,76,12
41064,0,3
41065,0,3
41066,0,3
41067,84,13
41068,105,17
41069,164,24
41070,158,9
41071,68,13
41072,189,7
41073,73,9
41074,50,9
41075,89,11
41076,130,7
41077,0,3
41078,0,3
41079,79,13
41080,85,9
41081,0,3
41082,167,16
41083,68,11
41084,113,15
41085,134,8
41086,0,3
41087,0,3
41088,136,22
41089,67,11
41090,122,10
41091,0,3
41092,210,15
41093,0,3
41094,65,9
41095,95,11
41096,70,11
41097,0,3
41098,182,17
41099,83,17
41100,0,3
41101,0,3
41102,302,12
41103,97,10
41104,72,11
41105,126,18
41106,98,10
41107,0,3
41108,0,3
41109,150,17
41110,147,14
41111,152,12
41112,0,3
41113,313,15
41114,360,11
41115,0,3
41116,112,16
41117,58,14
41118,353,20
41119,0,3
41120,0,3
41121,266,19
41122,75,11
41123,112,17
41124,0,3
41125,229,23
41126,0,3
41127,0,3
41128,0,3
41129,145,17
41130,47,9
41131,139,14
41132,42,8
41133,120,15
41134,227,18
41135,10,4
41136,0,3
41137,120,13
41138,180,17
41139,0,3
41140,241,22
41141,0,3
41142,87,15
41143,0,3
41144,0,3
41145,121,15
41146,125,15
41147,75,11
41148,0,3
41149,0,3
41150,66,8
41151,32,5
41152,18,5
41153,75,8
41154,0,3
41155,35,7
41156,45,8
41157,0,3
41158,96,8
41159,0,3
41160,94,12
41161,145,19
41162,83,16
41163,0,3
41164,127,17
41165,0,3
41166,78,18
41167,250,26
41168,129,17
41169,0,3
41170,87,15
41171,0,3
41172,37,9
41173,0,3
41174,147,21
41175,83,7
41176,115,12
41177,83,16
41178,42,5
41179,0,3
41180,184,18
41181,84,12
41182,326,8
41183,131,19
41184,108,15
41185,326,17
41186,0,3
41187,0,3
41188,36,8
41189,0,3
41190,141,11
41191,57,12
41192,224,14
41193,230,13
41194,97,14
41195,102,15
41196,21,5
41197,87,10
41198,0,3
41199,158,21
41200,156,9
41201,92,18
41202,102,14
41203,0,3
41204,92,15
41205,193,13
41206,64,13
41207,0,3
41208,260,25
41209,0,3
41210,0,3
41211,0,3
41212,0,3
41213,163,12
41214,0,3
41215,0,3
41216,0,3
41217,121,17
41218,90,15
41219,0,3
41220,8,4
41221,210,22
41222,19,7
41223,36,6
41224,110,10
41225,102,12
41226,0,3
41227,43,7
41228,0,3
41229,139,15
41230,231,13
41231,13,3
41232,62,14
41233,0,3
41234,182,20
41235,0,3
41236,0,3
41237,297,27
41238,102,18
41239,63,8
41240,0,3
41241,120,17
41242,0,3
41243,93,8
41244,137,17
41245,0,3
41246,0,3
41247,0,3
41248,63,8
41249,48,11
41250,0,3
41251,110,11
41252,164,17
41253,77,13
41254,86,14
41255,143,12
41256,0,3
41257,0,3
41258,136,8
41259,19,7
41260,52,8
41261,212,16
41262,0,3
41263,0,3
41264,0,3
41265,104,12
41266,72,13
41267,0,3
41268,127,14
41269,142,17
41270,379,11
41271,125,16
41272,0,3
41273,61,8
41274,51,10
41275,0,3
41276,0,3
41277,104,12
41278,132,18
41279,0,3
41280,203,22
41281,186,20
41282,67,13
41283,61,8
41284,112,11
41285,0,3
41286,77,9
41287,38,7
41288,153,14
41289,0,3
41290,366,28
41291,150,22
41292,67,10
41293,211,22
41294,127,11
41295,0,3
41296,121,14
41297,28,4
41298,160,17
41299,116,12
41300,37,7
41301,244,12
41302,70,9
41303,0,3
41304,0,3
41305,173,24
41306,239,25
41307,0,3
41308,36,7
41309,114,16
41310,0,3
41311,0,3
41312,0,3
41313,162,13
41314,5,3
41315,116,17
41316,196,7
41317,0,3
41318,2,3
41319,208,12
41320,38,5
41321,128,13
41322,0,3
41323,20,5
41324,0,3
41325,0,3
41326,128,12
41327,89,10
41328,88,18
41329,0,3
41330,0,3
41331,0,3
41332,0,3
41333,55,10
41334,116,12
41335,78,12
41336,54,10
41337,80,5
41338,115,14
41339,37,8
41340,147,13
41341,0,3
41342,0,3
41343,90,10
41344,211,21
41345,33,6
41346,151,14
41347,110,12
41348,0,3
41349,0,3
41350,105,15
41351,180,5
41352,184,20
41353,0,3
41354,31,4
41355,0,3
41356,275,14
41357,86,11
41358,105,16
41359,31,6
41360,81,13
41361,0,3
41362,160,18
41363,0,3
41364,0,3
41365,136,18
41366,0,3
41367,119,19
41368,128,18
41369,453,22
41370,114,17
41371,51,13
41372,0,3
41373,0,3
41374,118,15
41375,0,3
41376,352,18
41377,34,7
41378,113,18
41379,12,3
41380,0,3
41381,0,3
41382,127,13
41383,278,13
41384,0,3
41385,0,3
41386,0,3
41387,0,3
41388,226,17
41389,0,3
41390,0,3
41391,47,10
41392,133,16
41393,0,3
41394,133,15
41395,26,10
41396,92,12
41397,0,3
41398,169,18
41399,0,3
41400,134,14
41401,127,17
41402,144,18
41403,0,3
41404,11,4
41405,43,6
41406,209,13
41407,107,13
41408,16,5
41409,0,3
41410,103,13
41411,107,12
41412,59,10
41413,38,7
41414,0,3
41415,229,20
41416,61,11
41417,0,3
41418,152,11
41419,106,14
41420,149,7
41421,0,3
41422,71,9
41423,151,14
41424,5,3
41425,0,3
41426,78,7
41427,238,8
41428,33,9
41429,86,10
41430,0,3
41431,81,14
41432,0,3
41433,152,15
41434,0,3
41435,124,17
41436,0,3
41437,194,11
41438,0,3
41439,0,3
41440,231,17
41441,246,10
41442,65,13
41443,0,3
41444,0,3
41445,0,3
41446,95,14
41447,0,3
41448,144,17
41449,0,3
41450,133,20
41451,0,3
41452,135,17
41453,17,4
41454,83,9
41455,0,3
41456,165,18
41457,0,3
41458,110,12
41459,20,6
41460,102,15
41461,0,3
41462,0,3
41463,120,16
41464,85,13
41465,94,15
41466,0,3
41467,133,15
41468,132,15
41469,0,3
41470,0,3
41471,21,6
41472,65,8
41473,0,3
41474,0,3
41475,94,10
41476,0,3
41477,0,3
41478,0,3
41479,83,10
41480,171,11
41481,0,3
41482,236,26
41483,32,6
41484,0,3
41485,82,12
41486,63,8
41487,88,10
41488,33,6
41489,0,3
41490,122,17
41491,72,8
41492,0,3
41493,20,4
41494,92,14
41495,108,17
41496,0,3
41497,0,3
41498,0,3
41499,38,7
41500,66,13
41501,0,3
41502,146,22
41503,155,14
41504,0,3
41505,0,3
41506,102,12
41507,68,9
41508,55,7
41509,183,14
41510,0,3
41511,0,3
41512,236,12
41513,61,12
41514,7,4
41515,189,19
41516,129,11
41517,72,11
41518,118,18
41519,0,3
41520,0,3
41521,0,3
41522,114,12
41523,123,16
41524,84,12
41525,0,3
41526,39,7
41527,0,3
41528,132,10
41529,207,15
41530,0,3
41531,0,3
41532,134,16
41533,134,16
41534,0,3
41535,0,3
41536,79,14
41537,83,12
41538,86,13
41539,59,11
41540,122,15
41541,0,3
41542,91,13
41543,191,26
41544,0,3
41545,269,11
41546,19,5
41547,157,15
41548,97,14
41549,4,3
41550,0,3
41551,0,3
41552,7,4
41553,167,17
41554,124,15
41555,0,3
41556,189,13
41557,0,3
41558,38,6
41559,0,3
41560,183,15
41561,59,11
41562,0,3
41563,0,3
41564,99,13
41565,0,3
41566,0,3
41567,189,19
41568,0,3
41569,0,3
41570,180,16
41571,0,3
41572,0,3
41573,109,7
41574,147,14
41575,186,14
41576,0,3
41577,0,3
41578,66,10
41579,2,3
41580,0,3
41581,156,16
41582,39,8
41583,78,14
41584,236,11
41585,28,10
41586,0,3
41587,222,22
41588,50,14
41589,0,3
41590,84,18
41591,78,13
41592,151,15
41593,0,3
41594,84,13
41595,71,10
41596,0,3
41597,104,13
41598,39,7
41599,68,11
41600,0,3
41601,32,5
41602,115,15
41603,0,3
41604,0,3
41605,75,14
41606,166,16
41607,0,3
41608,0,3
41609,0,3
41610,63,6
41611,132,13
41612,166,5
41613,0,3
41614,109,15
41615,14,5
41616,166,18
41617,148,17
41618,29,6
41619,0,3
41620,169,20
41621,188,19
41622,0,3
41623,78,14
41624,87,10
41625,0,3
41626,28,7
41627,0,3
41628,102,14
41629,133,16
41630,0,3
41631,128,17
41632,0,3
41633,251,13
41634,148,16
41635,75,15
41636,0,3
41637,0,3
41638,43,7
41639,42,10
41640,0,3
41641,46,10
41642,102,10
41643,0,3
41644,133,20
41645,34,5
41646,0,3
41647,143,18
41648,0,3
41649,107,7
41650,118,19
41651,73,11
41652,159,13
41653,60,10
41654,0,3
41655,0,3
41656,115,15
41657,277,20
41658,0,3
41659,73,8
41660,120,15
41661,56,9
41662,146,21
41663,214,22
41664,161,19
41665,0,3
41666,0,3
41667,146,17
41668,1,3
41669,37,7
41670,57,8
41671,79,13
41672,0,3
41673,0,3
41674,50,13
41675,123,22
41676,0,3
41677,0,3
41678,0,3
41679,140,11
41680,67,10
41681,89,12
41682,0,3
41683,457,23
41684,50,7
41685,0,3
41686,254,19
41687,96,12
41688,110,14
41689,0,3
41690,45,7
41691,0,3
41692,298,13
41693,101,13
41694,0,3
41695,96,13
41696,163,23
41697,0,3
41698,31,9
41699,90,9
41700,0,3
41701,0,3
41702,51,8
41703,185,21
41704,0,3
41705,26,5
41706,123,14
41707,0,3
41708,0,3
41709,10,5
41710,0,3
41711,86,16
41712,0,3
41713,136,18
41714,0,3
41715,200,23
41716,0,3
41717,53,13
41718,0,3
41719,131,17
41720,103,12
41721,85,8
41722,125,17
41723,126,16
41724,102,13
41725,168,15
41726,95,10
41727,129,14
41728,166,16
41729,63,10
41730,144,17
41731,0,3
41732,66,11
41733,78,11
41734,0,3
41735,0,3
41736,76,14
41737,71,9
41738,164,18
41739,77,12
41740,147,12
41741,22,4
41742,0,3
41743,177,21
41744,271,22
41745,79,12
41746,0,3
41747,96,16
41748,125,16
41749,0,3
41750,126,18
41751,87,11
41752,0,3
41753,0,3
41754,0,3
41755,60,11
41756,262,24
41757,108,13
41758,158,17
41759,76,10
41760,0,3
41761,30,5
41762,102,11
41763,0,3
41764,90,9
41765,77,11
41766,115,10
41767,312,10
41768,0,3
41769,212,22
41770,0,3
41771,0,3
41772,56,6
41773,0,3
41774,0,3
41775,130,19
41776,258,14
41777,16,3
41778,0,3
41779,127,16
41780,0,3
41781,0,3
41782,143,12
41783,173,16
41784,103,19
41785,127,16
41786,131,19
41787,115,17
41788,231,13
41789,153,18
41790,106,19
41791,132,16
41792,0,3
41793,0,3
41794,39,3
41795,116,16
41796,0,3
41797,112,16
41798,0,3
41799,0,3
41800,8,4
41801,281,23
41802,0,3
41803,102,14
41804,105,14
41805,133,15
41806,109,20
41807,0,3
41808,133,12
41809,57,10
41810,142,15
41811,107,16
41812,0,3
41813,98,12
41814,58,9
41815,78,13
41816,111,18
41817,271,13
41818,193,23
41819,73,16
41820,93,11
41821,25,7
41822,82,11
41823,16,5
41824,156,22
41825,56,8
41826,157,16
41827,0,3
41828,55,9
41829,88,10
41830,58,10
41831,96,17
41832,126,21
41833,0,3
41834,0,3
41835,0,3
41836,0,3
41837,120,14
41838,0,3
41839,102,14
41840,62,14
41841,72,11
41842,0,3
41843,6,3
41844,0,3
41845,57,13
41846,126,20
41847,348,12
41848,95,10
41849,120,17
41850,126,18
41851,0,3
41852,0,3
41853,0,3
41854,256,22
41855,188,19
41856,77,14
41857,79,13
41858,120,15
41859,43,8
41860,0,3
41861,0,3
41862,269,22
41863,216,22
41864,83,15
41865,107,9
41866,0,3
41867,49,10
41868,107,13
41869,104,15
41870,70,8
41871,88,7
41872,0,3
41873,0,3
41874,0,3
41875,38,8
41876,178,18
41877,134,19
41878,0,3
41879,75,12
41880,213,26
41881,78,12
41882,0,3
41883,42,10
41884,222,18
41885,0,3
41886,0,3
41887,108,10
41888,0,3
41889,77,9
41890,0,3
41891,0,3
41892,99,16
41893,106,13
41894,117,16
41895,107,13
41896,153,14
41897,96,14
41898,83,15
41899,0,3
41900,177,19
41901,152,12
41902,0,3
41903,52,13
41904,0,3
41905,0,3
41906,105,17
41907,0,3
41908,54,9
41909,88,14
41910,0,3
41911,0,3
41912,60,7
41913,108,10
41914,106,14
41915,239,16
41916,130,14
41917,128,15
41918,0,3
41919,82,10
41920,117,14
41921,35,5
41922,0,3
41923,0,3
41924,117,13
41925,124,16
41926,81,14
41927,0,3
41928,13,5
41929,0,3
41930,108,16
41931,233,16
41932,64,13
41933,184,17
41934,35,7
41935,0,3
41936,0,3
41937,69,11
41938,156,19
41939,125,16
41940,174,17
41941,0,3
41942,24,7
41943,125,12
41944,76,13
41945,0,3
41946,86,13
41947,131,16
41948,180,18
41949,134,14
41950,18,5
41951,122,13
41952,63,7
41953,81,8
41954,0,3
41955,72,9
41956,0,3
41957,170,20
41958,0,3
41959,235,17
41960,0,3
41961,262,17
41962,103,9
41963,50,9
41964,213,18
41965,69,10
41966,0,3
41967,86,10
41968,155,16
41969,6,3
41970,14,4
41971,56,7
41972,0,3
41973,171,20
41974,68,10
41975,43,10
41976,5,4
41977,298,9
41978,148,13
41979,32,6
41980,0,3
41981,74,12
41982,152,14
41983,157,18
41984,189,20
41985,0,3
41986,67,12
41987,0,3
41988,57,6
41989,0,3
41990,57,9
41991,210,19
41992,0,3
41993,43,6
41994,0,3
41995,0,3
41996,95,13
41997,180,19
41998,188,18
41999,93,9
42000,84,13
42001,69,14
42002,0,3
42003,52,10
42004,61,9
42005,0,3
42006,18,3
42007,0,3
42008,236,16
42009,93,14
42010,37,6
42011,0,3
42012,42,9
42013,239,18
42014,0,3
42015,0,3
42016,0,3
42017,73,15
42018,98,9
42019,0,3
42020,31,1
42021,55,10
42022,0,3
42023,0,3
42024,0,3
42025,56,9
42026,79,11
42027,2,3
42028,81,15
42029,0,3
42030,0,3
42031,144,20
42032,189,19
42033,124,13
42034,0,3
42035,125,16
42036,148,18
42037,0,3
42038,0,3
42039,54,11
42040,93,11
42041,0,3
42042,112,16
42043,169,15
42044,87,14
42045,176,18
42046,111,15
42047,0,3
42048,0,3
42049,126,19
42050,54,9
42051,183,18
42052,138,15
42053,0,3
42054,66,10
42055,186,16
42056,133,20
42057,153,19
42058,0,3
42059,0,3
42060,112,14
42061,129,18
42062,162,18
42063,100,12
42064,150,14
42065,0,3
42066,77,11
42067,0,3
42068,75,10
42069,122,18
42070,0,3
42071,120,12
42072,0,3
42073,78,13
42074,0,3
42075,99,13
42076,85,11
42077,0,3
42078,97,13
42079,0,3
42080,195,11
42081,131,12
42082,95,14
42083,141,20
42084,0,3
42085,0,3
42086,167,17
42087,105,15
42088,77,14
42089,0,3
42090,151,17
42091,80,12
42092,494,15
42093,0,3
42094,112,15
42095,0,3
42096,74,13
42097,0,3
42098,114,18
42099,57,12
42100,0,3
42101,31,6
42102,72,12
42103,0,3
42104,0,3
42105,0,3
42106,146,20
42107,165,23
42108,0,3
42109,40,5
42110,175,17
42111,0,3
42112,65,13
42113,112,15
42114,0,3
42115,17,4
42116,54,7
42117,0,3
42118,0,3
42119,22,7
42120,0,3
42121,61,10
42122,0,3
42123,286,23
42124,97,10
42125,100,14
42126,0,3
42127,0,3
42128,103,9
42129,99,12
42130,0,3
42131,82,8
42132,49,7
42133,0,3
42134,124,11
42135,25,7
42136,0,3
42137,182,20
42138,88,11
42139,158,17
42140,82,12
42141,91,16
42142,184,16
42143,0,3
42144,0,3
42145,8,3
42146,0,3
42147,117,18
42148,0,3
42149,71,10
42150,0,3
42151,65,11
42152,0,3
42153,239,20
42154,90,16
42155,0,3
42156,0,3
42157,189,15
42158,0,3
42159,0,3
42160,202,19
42161,98,15
42162,153,21
42163,174,15
42164,0,3
42165,42,8
42166,1,3
42167,46,6
42168,0,3
42169,114,17
42170,94,12
42171,2,3
42172,143,14
42173,26,4
42174,113,15
42175,213,18
42176,138,17
42177,0,3
42178,231,18
42179,0,3
42180,12,5
42181,136,16
42182,135,17
42183,110,17
42184,214,26
42185,377,17
42186,0,3
42187,152,17
42188,29,6
42189,0,3
42190,0,3
42191,0,3
42192,0,3
42193,0,3
42194,0,3
42195,0,3
42196,166,22
42197,0,3
42198,0,3
42199,144,18
42200,289,20
42201,48,10
42202,6,4
42203,20,4
42204,172,23
42205,0,3
42206,57,10
42207,5,3
42208,43,8
42209,0,3
42210,168,16
42211,247,19
42212,64,9
42213,0,3
42214,58,13
42215,233,24
42216,200,19
42217,87,17
42218,80,12
42219,117,17
42220,112,11
42221,0,3
42222,0,3
42223,56,7
42224,0,3
42225,124,14
42226,0,3
42227,295,27
42228,33,6
42229,208,19
42230,79,14
42231,8,3
42232,0,3
42233,0,3
42234,0,3
42235,0,3
42236,102,15
42237,2,3
42238,172,17
42239,118,13
42240,67,12
42241,74,5
42242,108,13
42243,0,3
42244,0,3
42245,126,21
42246,0,3
42247,177,19
42248,92,16
42249,130,17
42250,178,13
42251,0,3
42252,0,3
42253,160,21
42254,67,11
42255,0,3
42256,141,14
42257,0,3
42258,96,11
42259,0,3
42260,0,3
42261,140,9
42262,0,3
42263,76,12
42264,190,19
42265,62,15
42266,0,3
42267,0,3
42268,0,3
42269,92,13
42270,52,10
42271,153,18
42272,0,3
42273,42,9
42274,0,3
42275,101,14
42276,18,6
42277,138,17
42278,0,3
42279,65,12
42280,82,11
42281,141,16
42282,0,3
42283,0,3
42284,0,3
42285,0,3
42286,22,7
42287,0,3
42288,0,3
42289,65,12
42290,126,17
42291,133,10
42292,156,16
42293,0,3
42294,139,17
42295,142,17
42296,32,6
42297,68,11
42298,101,12
42299,0,3
42300,32,5
42301,0,3
42302,175,14
42303,0,3
42304,134,20
42305,0,3
42306,93,15
42307,164,17
42308,0,3
42309,174,22
42310,118,15
42311,102,10
42312,51,11
42313,108,13
42314,75,9
42315,0,3
42316,67,11
42317,118,18
42318,100,9
42319,59,13
42320,3,3
42321,193,22
42322,201,19
42323,70,14
42324,106,15
42325,214,17
42326,92,13
42327,0,3
42328,20,7
42329,97,14
42330,124,18
42331,236,12
42332,40,7
42333,194,22
42334,0,3
42335,0,3
42336,125,14
42337,164,21
42338,2,3
42339,100,13
42340,44,8
42341,0,3
42342,92,14
42343,94,22
42344,70,10
42345,112,14
42346,0,3
42347,0,3
42348,107,16
42349,129,15
42350,83,12
42351,0,3
42352,58,12
42353,91,14
42354,70,13
42355,203,25
42356,163,22
42357,144,13
42358,0,3
42359,0,3
42360,21,5
42361,0,3
42362,139,14
42363,0,3
42364,0,3
42365,122,8
42366,340,20
42367,0,3
42368,0,3
42369,83,9
42370,176,22
42371,80,17
42372,0,3
42373,8,3
42374,140,16
42375,280,17
42376,131,11
42377,0,3
42378,0,3
42379,0,3
42380,0,3
42381,0,3
42382,0,3
42383,70,10
42384,102,13
42385,192,11
42386,0,3
42387,110,18
42388,88,13
42389,84,11
42390,0,3
42391,0,3
42392,157,13
42393,35,7
42394,239,18
42395,0,3
42396,116,17
42397,57,12
42398,231,14
42399,59,11
42400,120,12
42401,165,19
42402,48,9
42403,93,15
42404,0,3
42405,112,19
42406,24,7
42407,110,12
42408,0,3
42409,0,3
42410,299,16
42411,113,11
42412,0,3
42413,94,10
42414,48,9
42415,7,5
42416,40,4
42417,120,16
42418,0,3
42419,0,3
42420,0,3
42421,0,3
42422,104,15
42423,133,18
42424,44,7
42425,125,15
42426,176,18
42427,175,15
42428,0,3
42429,89,13
42430,0,3
42431,171,19
42432,43,9
42433,109,16
42434,5,4
42435,35,6
42436,62,10
42437,185,18
42438,0,3
42439,0,3
42440,0,3
42441,0,3
42442,0,3
42443,0,3
42444,84,10
42445,256,14
42446,0,3
42447,0,3
42448,0,3
42449,0,3
42450,118,11
42451,126,22
42452,121,19
42453,137,16
42454,212,21
42455,81,10
42456,151,18
42457,142,18
42458,0,3
42459,53,8
42460,86,12
42461,0,3
42462,0,3
42463,0,3
42464,0,3
42465,94,11
42466,169,16
42467,179,17
42468,0,3
42469,0,3
42470,0,3
42471,99,13
42472,204,21
42473,0,3
42474,0,3
42475,123,11
42476,0,3
42477,0,3
42478,0,3
42479,0,3
42480,242,20
42481,93,17
42482,122,13
42483,0,3
42484,173,16
42485,58,12
42486,61,9
42487,19,5
42488,0,3
42489,186,13
42490,191,18
42491,296,17
42492,0,3
42493,172,20
42494,0,3
42495,87,13
42496,0,3
42497,0,3
42498,0,3
42499,0,3
42500,102,8
42501,144,17
42502,0,3
42503,0,3
42504,261,18
42505,136,15
42506,0,3
42507,0,3
42508,0,3
42509,0,3
42510,0,3
42511,118,16
42512,0,3
42513,0,3
42514,92,11
42515,141,19
42516,0,3
42517,78,10
42518,174,14
42519,161,12
42520,0,3
42521,0,3
42522,0,3
42523,70,5
42524,0,3
42525,0,3
42526,49,10
42527,187,18
42528,110,15
42529,49,9
42530,161,16
42531,79,12
42532,0,3
42533,162,19
42534,0,3
42535,80,13
42536,54,11
42537,120,16
42538,193,23
42539,65,15
42540,36,7
42541,0,3
42542,0,3
42543,41,7
42544,0,3
42545,21,4
42546,0,3
42547,110,12
42548,2,3
42549,190,15
42550,108,13
42551,112,13
42552,66,11
42553,96,15
42554,166,15
42555,0,3
42556,167,17
42557,0,3
42558,124,16
42559,0,3
42560,76,16
42561,161,14
42562,177,18
42563,0,3
42564,107,16
42565,91,10
42566,102,15
42567,108,15
42568,105,16
42569,95,17
42570,186,17
42571,0,3
42572,69,11
42573,71,9
42574,61,4
42575,49,8
42576,140,14
42577,91,13
42578,161,17
42579,190,12
42580,0,3
42581,37,7
42582,0,3
42583,0,3
42584,0,3
42585,193,11
42586,0,3
42587,158,17
42588,0,3
42589,74,7
42590,130,21
42591,81,12
42592,0,3
42593,171,21
42594,0,3
42595,85,9
42596,0,3
42597,176,10
42598,88,11
42599,69,10
42600,58,10
42601,0,3
42602,37,8
42603,0,3
42604,124,13
42605,127,16
42606,0,3
42607,0,3
42608,107,21
42609,138,13
42610,72,8
42611,0,3
42612,106,17
42613,31,6
42614,166,15
42615,97,14
42616,0,3
42617,0,3
42618,62,11
42619,16,6
42620,218,25
42621,77,13
42622,104,13
42623,0,3
42624,38,8
42625,0,3
42626,3,3
42627,141,9
42628,22,6
42629,0,3
42630,69,10
42631,32,12
42632,56,9
42633,0,3
42634,88,9
42635,216,13
42636,47,9
42637,105,13
42638,0,3
42639,0,3
42640,0,3
42641,0,3
42642,162,18
42643,99,11
42644,52,8
42645,0,3
42646,0,3
42647,0,3
42648,32,8
42649,0,3
42650,0,3
42651,0,3
42652,0,3
42653,82,11
42654,165,14
42655,128,17
42656,103,14
42657,0,3
42658,102,14
42659,104,18
42660,213,24
42661,0,3
42662,64,12
42663,110,14
42664,0,3
42665,202,14
42666,0,3
42667,16,3
42668,37,6
42669,224,6
42670,25,5
42671,189,16
42672,0,3
42673,116,14
42674,0,3
42675,0,3
42676,0,3
42677,48,10
42678,107,18
42679,0,3
42680,119,11
42681,2,3
42682,0,3
42683,99,15
42684,0,3
42685,142,12
42686,87,11
42687,0,3
42688,143,22
42689,201,18
42690,0,3
42691,163,21
42692,0,3
42693,124,14
42694,93,11
42695,30,6
42696,0,3
42697,59,10
42698,100,16
42699,0,3
42700,259,18
42701,0,3
42702,82,16
42703,61,10
42704,0,3
42705,152,14
42706,0,3
42707,0,3
42708,0,3
42709,75,13
42710,97,15
42711,0,3
42712,94,13
42713,244,9
42714,131,12
42715,67,9
42716,153,17
42717,74,10
42718,137,12
42719,107,16
42720,114,12
42721,185,19
42722,135,19
42723,0,3
42724,123,19
42725,0,3
42726,0,3
42727,0,3
42728,193,19
42729,20,5
42730,0,3
42731,123,13
42732,0,3
42733,118,15
42734,28,5
42735,221,17
42736,132,16
42737,54,8
42738,125,17
42739,68,10
42740,72,7
42741,48,11
42742,0,3
42743,75,13
42744,0,3
42745,159,19
42746,189,13
42747,63,8
42748,0,3
42749,0,3
42750,168,16
42751,0,3
42752,139,16
42753,68,10
42754,132,15
42755,123,13
42756,1,3
42757,0,3
42758,65,5
42759,117,21
42760,0,3
42761,0,3
42762,83,13
42763,65,10
42764,0,3
42765,0,3
42766,107,18
42767,63,11
42768,0,3
42769,152,13
42770,0,3
42771,35,7
42772,0,3
42773,0,3
42774,97,14
42775,0,3
42776,173,19
42777,0,3
42778,22,6
42779,182,18
42780,92,16
42781,0,3
42782,105,16
42783,0,3
42784,171,17
42785,112,16
42786,150,10
42787,193,20
42788,66,15
42789,234,25
42790,83,11
42791,0,3
42792,20,6
42793,95,13
42794,139,21
42795,146,19
42796,114,13
42797,173,26
42798,83,12
42799,0,3
42800,0,3
42801,133,14
42802,113,15
42803,70,9
42804,24,5
42805,0,3
42806,164,16
42807,41,8
42808,143,18
42809,78,16
42810,79,11
42811,0,3
42812,161,22
42813,98,11
42814,162,22
42815,132,16
42816,0,3
42817,155,16
42818,72,9
42819,65,8
42820,0,3
42821,0,3
42822,0,3
42823,58,12
42824,119,13
42825,117,11
42826,0,3
42827,205,26
42828,0,3
42829,0,3
42830,0,3
42831,10,4
42832,0,3
42833,0,3
42834,69,13
42835,0,3
42836,182,13
42837,73,16
42838,0,3
42839,144,15
42840,0,3
42841,0,3
42842,19,6
42843,123,17
42844,112,20
42845,147,16
42846,83,12
42847,0,3
42848,132,12
42849,40,8
42850,0,3
42851,98,11
42852,0,3
42853,41,8
42854,0,3
42855,202,23
42856,0,3
42857,0,3
42858,0,3
42859,160,16
42860,132,14
42861,11,4
42862,28,8
42863,0,3
42864,30,8
42865,0,3
42866,0,3
42867,169,16
42868,121,16
42869,24,7
42870,107,14
42871,130,18
42872,230,20
42873,119,15
42874,284,13
42875,303,14
42876,93,9
42877,0,3
42878,7,3
42879,167,17
42880,10,5
42881,146,17
42882,0,3
42883,155,15
42884,106,16
42885,0,3
42886,74,13
42887,0,3
42888,135,23
42889,57,9
42890,61,11
42891,152,19
42892,0,3
42893,16,3
42894,119,10
42895,192,16
42896,0,3
42897,0,3
42898,0,3
42899,53,8
42900,0,3
42901,249,15
42902,193,27
42903,0,3
42904,0,3
42905,128,15
42906,75,14
42907,0,3
42908,0,3
42909,127,14
42910,232,25
42911,0,3
42912,44,10
42913,0,3
42914,87,13
42915,0,3
42916,80,13
42917,171,15
42918,4,4
42919,0,3
42920,168,19
42921,92,11
42922,165,12
42923,74,13
42924,192,14
42925,90,17
42926,93,12
42927,112,15
42928,0,3
42929,43,6
42930,0,3
42931,0,3
42932,0,3
42933,281,19
42934,184,24
42935,174,21
42936,55,10
42937,58,11
42938,300,15
42939,0,3
42940,146,13
42941,41,8
42942,45,10
42943,0,3
42944,73,12
42945,591,7
42946,160,19
42947,0,3
42948,0,3
42949,35,8
42950,55,8
42951,133,12
42952,157,13
42953,133,23
42954,67,11
42955,174,6
42956,210,5
42957,113,17
42958,136,16
42959,0,3
42960,93,14
42961,0,3
42962,170,18
42963,213,16
42964,30,3
42965,157,19
42966,0,3
42967,147,15
42968,0,3
42969,107,12
42970,26,6
42971,0,3
42972,46,11
42973,0,3
42974,0,3
42975,0,3
42976,172,20
42977,0,3
42978,123,16
42979,68,13
42980,0,3
42981,0,3
42982,1,3
42983,121,17
42984,134,21
42985,0,3
42986,82,7
42987,0,3
42988,0,3
42989,0,3
42990,140,13
42991,257,24
42992,95,11
42993,74,13
42994,0,3
42995,219,20
42996,128,16
42997,0,3
42998,0,3
42999,179,11
43000,0,3
43001,105,14
43002,0,3
43003,0,3
43004,32,7
43005,72,11
43006,0,3
43007,60,12
43008,0,3
43009,160,18
43010,104,12
43011,0,3
43012,133,16
43013,94,11
43014,103,12
43015,0,3
43016,6,5
43017,0,3
43018,0,3
43019,0,3
43020,49,10
43021,117,16
43022,210,20
43023,0,3
43024,191,17
43025,0,3
43026,0,3
43027,0,3
43028,69,15
43029,0,3
43030,76,10
43031,199,18
43032,0,3
43033,60,10
43034,184,24
43035,224,17
43036,0,3
43037,71,11
43038,0,3
43039,154,18
43040,153,9
43041,116,16
43042,0,3
43043,0,3
43044,79,16
43045,0,3
43046,141,15
43047,157,17
43048,83,14
43049,102,15
43050,214,18
43051,145,16
43052,16,6
43053,166,20
43054,153,15
43055,0,3
43056,0,3
43057,131,19
43058,70,12
43059,122,7
43060,0,3
43061,44,9
43062,0,3
43063,187,22
43064,134,12
43065,87,15
43066,189,10
43067,138,13
43068,86,8
43069,43,8
43070,0,3
43071,121,18
43072,221,19
43073,6,3
43074,234,25
43075,0,3
43076,240,18
43077,0,3
43078,87,19
43079,0,3
43080,83,14
43081,101,12
43082,83,8
43083,37,12
43084,0,3
43085,0,3
43086,33,6
43087,235,22
43088,0,3
43089,128,17
43090,38,9
43091,0,3
43092,0,3
43093,13,5
43094,0,3
43095,0,3
43096,0,3
43097,0,3
43098,7,3
43099,162,14
43100,51,8
43101,80,10
43102,76,14
43103,0,3
43104,100,14
43105,71,13
43106,212,23
43107,43,9
43108,114,15
43109,0,3
43110,0,3
43111,0,3
43112,287,14
43113,0,3
43114,93,14
43115,91,13
43116,84,12
43117,0,3
43118,0,3
43119,128,15
43120,0,3
43121,119,15
43122,406,13
43123,178,17
43124,21,5
43125,52,8
43126,0,3
43127,141,11
43128,40,9
43129,176,18
43130,78,11
43131,213,25
43132,94,15
43133,194,14
43134,0,3
43135,0,3
43136,0,3
43137,82,10
43138,0,3
43139,0,3
43140,179,14
43141,67,11
43142,0,3
43143,0,3
43144,126,14
43145,205,24
43146,0,3
43147,122,20
43148,101,17
43149,0,3
43150,119,12
43151,60,12
43152,0,3
43153,63,11
43154,136,11
43155,0,3
43156,296,26
43157,96,16
43158,0,3
43159,0,3
43160,0,3
43161,0,3
43162,0,3
43163,101,17
43164,106,14
43165,40,5
43166,0,3
43167,87,12
43168,68,11
43169,166,26
43170,108,10
43171,218,16
43172,181,19
43173,108,13
43174,0,3
43175,79,12
43176,68,11
43177,0,3
43178,101,13
43179,0,3
43180,0,3
43181,97,16
43182,114,11
43183,155,15
43184,253,9
43185,108,9
43186,142,14
43187,65,12
43188,25,8
43189,46,11
43190,86,14
43191,0,3
43192,0,3
43193,111,16
43194,190,18
43195,169,24
43196,0,3
43197,26,4
43198,68,13
43199,202,13
43200,131,23
43201,0,3
43202,0,3
43203,109,22
43204,84,11
43205,19,7
43206,43,6
43207,0,3
43208,0,3
43209,0,3
43210,182,18
43211,77,13
43212,0,3
43213,57,15
43214,57,12
43215,0,3
43216,56,6
43217,0,3
43218,104,14
43219,5,3
43220,214,7
43221,132,16
43222,0,3
43223,0,3
43224,253,22
43225,0,3
43226,157,16
43227,202,17
43228,63,9
43229,22,6
43230,56,10
43231,0,3
43232,72,11
43233,124,16
43234,0,3
43235,0,3
43236,58,10
43237,0,3
43238,95,14
43239,59,10
43240,0,3
43241,0,3
43242,172,20
43243,0,3
43244,47,12
43245,0,3
43246,0,3
43247,0,3
43248,0,3
43249,93,13
43250,45,7
43251,118,16
43252,123,14
43253,0,3
43254,0,3
43255,224,17
43256,89,15
43257,120,14
43258,0,3
43259,107,13
43260,94,12
43261,0,3
43262,65,4
43263,0,3
43264,120,12
43265,187,20
43266,189,19
43267,0,3
43268,0,3
43269,0,3
43270,0,3
43271,0,3
43272,97,18
43273,161,22
43274,80,16
43275,130,15
43276,0,3
43277,186,24
43278,126,16
43279,0,3
43280,92,12
43281,152,15
43282,147,16
43283,0,3
43284,0,3
43285,163,11
43286,135,19
43287,138,14
43288,75,13
43289,121,14
43290,191,21
43291,0,3
43292,40,9
43293,146,22
43294,52,11
43295,200,24
43296,0,3
43297,180,20
43298,71,13
43299,0,3
43300,90,16
43301,0,3
43302,144,16
43303,157,18
43304,90,13
43305,0,3
43306,51,7
43307,0,3
43308,67,13
43309,24,7
43310,127,17
43311,103,14
43312,0,3
43313,143,17
43314,0,3
43315,198,19
43316,111,13
43317,80,14
43318,0,3
43319,157,21
43320,67,9
43321,0,3
43322,0,3
43323,0,3
43324,78,11
43325,115,15
43326,0,3
43327,82,14
43328,0,3
43329,78,4
43330,0,3
43331,51,8
43332,0,3
43333,42,11
43334,132,19
43335,0,3
43336,139,11
43337,0,3
43338,101,13
43339,0,3
43340,0,3
43341,87,16
43342,0,3
43343,0,3
43344,90,9
43345,194,25
43346,82,6
43347,52,13
43348,126,17
43349,66,5
43350,120,17
43351,0,3
43352,116,10
43353,74,10
43354,133,20
43355,77,11
43356,0,3
43357,188,15
43358,196,15
43359,118,19
43360,109,15
43361,165,18
43362,112,15
43363,16,4
43364,80,11
43365,0,3
43366,101,16
43367,0,3
43368,22,7
43369,24,5
43370,112,14
43371,0,3
43372,108,12
43373,110,13
43374,0,3
43375,81,9
43376,129,18
43377,161,15
43378,241,19
43379,86,11
43380,0,3
43381,159,15
43382,140,16
43383,0,3
43384,131,15
43385,0,3
43386,39,7
43387,0,3
43388,296,16
43389,126,13
43390,93,15
43391,0,3
43392,0,3
43393,0,3
43394,0,3
43395,105,11
43396,0,3
43397,53,7
43398,49,8
43399,82,18
43400,48,11
43401,33,6
43402,0,3
43403,0,3
43404,0,3
43405,0,3
43406,106,13
43407,80,10
43408,0,3
43409,201,19
43410,0,3
43411,82,9
43412,103,13
43413,147,22
43414,0,3
43415,0,3
43416,54,10
43417,0,3
43418,17,5
43419,0,3
43420,103,12
43421,92,7
43422,0,3
43423,111,11
43424,0,3
43425,86,15
43426,0,3
43427,131,15
43428,329,26
43429,86,14
43430,0,3
43431,58,7
43432,77,9
43433,132,16
43434,0,3
43435,0,3
43436,0,3
43437,92,13
43438,0,3
43439,0,3
43440,0,3
43441,0,3
43442,0,3
43443,87,12
43444,0,3
43445,0,3
43446,82,14
43447,96,10
43448,0,3
43449,0,3
43450,102,11
43451,263,22
43452,0,3
43453,222,17
43454,0,3
43455,0,3
43456,0,3
43457,0,3
43458,138,16
43459,176,9
43460,0,3
43461,98,15
43462,0,3
43463,87,13
43464,65,11
43465,206,15
43466,142,16
43467,0,3
43468,0,3
43469,114,16
43470,0,3
43471,119,15
43472,0,3
43473,146,22
43474,0,3
43475,0,3
43476,0,3
43477,0,3
43478,162,26
43479,159,16
43480,0,3
43481,115,15
43482,0,3
43483,38,8
43484,0,3
43485,159,22
43486,221,20
43487,156,21
43488,78,10
43489,132,20
43490,48,10
43491,487,15
43492,127,14
43493,0,3
43494,2,3
43495,28,5
43496,0,3
43497,0,3
43498,0,3
43499,75,13
43500,58,9
43501,249,13
43502,119,16
43503,137,15
43504,0,3
43505,6,4
43506,74,12
43507,0,3
43508,146,13
43509,0,3
43510,12,3
43511,84,15
43512,0,3
43513,108,17
43514,0,3
43515,201,16
43516,0,3
43517,0,3
43518,147,14
43519,210,30
43520,41,8
43521,69,12
43522,121,21
43523,0,3
43524,58,10
43525,0,3
43526,66,12
43527,184,13
43528,172,14
43529,0,3
43530,110,13
43531,132,14
43532,0,3
43533,390,11
43534,0,3
43535,89,15
43536,215,15
43537,257,21
43538,133,21
43539,0,3
43540,0,3
43541,0,3
43542,89,11
43543,0,3
43544,93,6
43545,110,14
43546,0,3
43547,84,11
43548,96,11
43549,99,12
43550,0,3
43551,0,3
43552,99,16
43553,48,9
43554,131,19
43555,110,13
43556,69,11
43557,140,18
43558,34,6
43559,72,14
43560,175,15
43561,117,14
43562,0,3
43563,3,3
43564,155,22
43565,146,17
43566,23,6
43567,130,14
43568,0,3
43569,0,3
43570,0,3
43571,4,4
43572,128,10
43573,0,3
43574,100,15
43575,0,3
43576,0,3
43577,59,11
43578,0,3
43579,0,3
43580,0,3
43581,44,11
43582,0,3
43583,0,3
43584,4,3
43585,82,14
43586,0,3
43587,0,3
43588,219,14
43589,102,16
43590,10,3
43591,0,3
43592,43,10
43593,0,3
43594,87,16
43595,0,3
43596,0,3
43597,207,6
43598,0,3
43599,93,11
43600,93,11
43601,141,18
43602,114,19
43603,139,9
43604,0,3
43605,0,3
43606,99,12
43607,95,12
43608,184,22
43609,0,3
43610,110,17
43611,0,3
43612,0,3
43613,156,12
43614,65,8
43615,0,3
43616,66,10
43617,56,11
43618,0,3
43619,58,11
43620,0,3
43621,67,15
43622,64,9
43623,125,13
43624,77,10
43625,0,3
43626,190,22
43627,0,3
43628,120,11
43629,0,3
43630,155,18
43631,50,11
43632,88,12
43633,244,25
43634,137,22
43635,0,3
43636,132,15
43637,140,14
43638,84,12
43639,0,3
43640,0,3
43641,102,13
43642,0,3
43643,0,3
43644,0,3
43645,0,3
43646,74,10
43647,0,3
43648,142,16
43649,0,3
43650,46,8
43651,151,18
43652,0,3
43653,168,13
43654,54,8
43655,269,22
43656,54,6
43657,0,3
43658,123,20
43659,167,19
43660,36,6
43661,126,16
43662,0,3
43663,0,3
43664,84,5
43665,74,11
43666,146,17
43667,121,17
43668,107,12
43669,57,10
43670,0,3
43671,65,10
43672,133,9
43673,221,16
43674,196,22
43675,68,11
43676,157,23
43677,84,13
43678,93,14
43679,0,3
43680,59,9
43681,128,17
43682,160,22
43683,0,3
43684,0,3
43685,58,9
43686,0,3
43687,208,24
43688,0,3
43689,183,11
43690,123,17
43691,109,13
43692,141,17
43693,134,16
43694,115,16
43695,134,19
43696,94,16
43697,0,3
43698,33,6
43699,17,5
43700,29,6
43701,10,3
43702,121,20
43703,77,12
43704,0,3
43705,112,17
43706,25,6
43707,204,19
43708,0,3
43709,215,14
43710,184,18
43711,0,3
43712,136,16
43713,133,19
43714,138,16
43715,0,3
43716,0,3
43717,171,16
43718,0,3
43719,154,18
43720,0,3
43721,0,3
43722,91,12
43723,65,13
43724,0,3
43725,0,3
43726,158,19
43727,71,10
43728,197,18
43729,115,16
43730,108,14
43731,114,14
43732,0,3
43733,0,3
43734,119,15
43735,16,6
43736,182,20
43737,0,3
43738,0,3
43739,72,11
43740,14,7
43741,0,3
43742,197,14
43743,144,20
43744,166,16
43745,241,11
43746,146,20
43747,57,9
43748,81,17
43749,101,14
43750,54,13
43751,206,18
43752,141,16
43753,116,14
43754,91,19
43755,50,9
43756,147,15
43757,57,12
43758,171,16
43759,174,19
43760,0,3
43761,0,3
43762,167,16
43763,120,16
43764,0,3
43765,0,3
43766,131,17
43767,0,3
43768,205,27
43769,82,13
43770,24,5
43771,119,19
43772,78,14
43773,37,7
43774,90,13
43775,0,3
43776,0,3
43777,172,12
43778,266,23
43779,140,16
43780,202,18
43781,0,3
43782,115,19
43783,0,3
43784,99,16
43785,84,16
43786,0,3
43787,142,18
43788,0,3
43789,0,3
43790,0,3
43791,207,16
43792,77,12
43793,373,15
43794,179,23
43795,164,14
43796,101,13
43797,10,3
43798,122,20
43799,169,21
43800,0,3
43801,0,3
43802,89,9
43803,164,19
43804,0,3
43805,92,15
43806,106,16
43807,99,13
43808,0,3
43809,75,14
43810,112,16
43811,0,3
43812,234,22
43813,101,19
43814,0,3
43815,0,3
43816,0,3
43817,0,3
43818,0,3
43819,153,16
43820,0,3
43821,0,3
43822,125,16
43823,189,16
43824,188,20
43825,0,3
43826,57,10
43827,204,24
43828,265,17
43829,0,3
43830,0,3
43831,0,3
43832,119,20
43833,14,7
43834,63,12
43835,339,11
43836,0,3
43837,143,25
43838,0,3
43839,40,9
43840,90,12
43841,98,14
43842,337,17
43843,10,3
43844,0,3
43845,228,20
43846,0,3
43847,287,16
43848,0,3
43849,0,3
43850,69,5
43851,107,17
43852,102,15
43853,0,3
43854,0,3
43855,0,3
43856,23,6
43857,136,21
43858,93,13
43859,0,3
43860,0,3
43861,86,13
43862,122,6
43863,0,3
43864,49,12
43865,121,15
43866,0,3
43867,0,3
43868,105,14
43869,22,8
43870,110,15
43871,157,18
43872,0,3
43873,69,13
43874,77,16
43875,0,3
43876,116,21
43877,200,15
43878,0,3
43879,18,3
43880,97,11
43881,167,16
43882,0,3
43883,25,7
43884,140,9
43885,0,3
43886,115,18
43887,163,17
43888,41,8
43889,11,6
43890,0,3
43891,72,14
43892,96,14
43893,62,11
43894,200,22
43895,95,13
43896,162,16
43897,0,3
43898,0,3
43899,0,3
43900,121,16
43901,116,13
43902,0,3
43903,0,3
43904,0,3
43905,178,19
43906,0,3
43907,132,14
43908,0,3
43909,0,3
43910,126,15
43911,161,22
43912,204,14
43913,83,10
43914,88,10
43915,80,10
43916,202,22
43917,145,23
43918,32,7
43919,280,14
43920,132,18
43921,31,8
43922,209,16
43923,136,20
43924,153,17
43925,187,20
43926,113,12
43927,183,19
43928,158,10
43929,0,3
43930,0,3
43931,0,3
43932,101,19
43933,66,10
43934,92,12
43935,35,7
43936,0,3
43937,146,23
43938,123,12
43939,211,16
43940,8,5
43941,207,13
43942,123,18
43943,222,12
43944,52,9
43945,0,3
43946,122,17
43947,103,19
43948,0,3
43949,167,17
43950,103,19
43951,10,2
43952,164,17
43953,124,15
43954,107,14
43955,111,13
43956,32,6
43957,0,3
43958,0,3
43959,22,5
43960,0,3
43961,128,16
43962,192,20
43963,149,22
43964,61,11
43965,109,9
43966,122,17
43967,293,4
43968,129,17
43969,0,3
43970,0,3
43971,0,3
43972,202,17
43973,108,15
43974,92,7
43975,77,15
43976,108,14
43977,0,3
43978,0,3
43979,0,3
43980,10,5
43981,222,13
43982,0,3
43983,0,3
43984,0,3
43985,156,20
43986,109,12
43987,0,3
43988,149,17
43989,9,4
43990,0,3
43991,0,3
43992,0,3
43993,0,3
43994,158,18
43995,0,3
43996,0,3
43997,106,14
43998,0,3
43999,67,12
44000,0,3
44001,82,13
44002,230,11
44003,0,3
44004,122,19
44005,130,12
44006,123,15
44007,178,19
44008,208,24
44009,0,3
44010,128,21
44011,0,3
44012,0,3
44013,130,21
44014,0,3
44015,173,21
44016,165,22
44017,46,10
44018,0,3
44019,163,20
44020,169,21
44021,0,3
44022,50,12
44023,143,17
44024,121,15
44025,10,4
44026,0,3
44027,0,3
44028,92,13
44029,53,10
44030,46,7
44031,230,15
44032,0,3
44033,36,6
44034,90,15
44035,84,18
44036,0,3
44037,0,3
44038,179,22
44039,116,17
44040,128,19
44041,66,10
44042,138,19
44043,32,4
44044,113,16
44045,0,3
44046,161,16
44047,111,14
44048,359,24
44049,160,19
44050,189,18
44051,108,11
44052,0,3
44053,0,3
44054,152,18
44055,139,21
44056,149,18
44057,73,9
44058,69,9
44059,0,3
44060,88,11
44061,36,7
44062,0,3
44063,139,16
44064,0,3
44065,335,4
44066,146,17
44067,126,18
44068,43,7
44069,89,17
44070,527,10
44071,132,19
44072,65,12
44073,159,17
44074,0,3
44075,156,16
44076,170,17
44077,142,16
44078,142,16
44079,0,3
44080,104,17
44081,0,3
44082,188,17
44083,0,3
44084,41,9
44085,363,17
44086,70,13
44087,0,3
44088,184,19
44089,130,21
44090,60,12
44091,0,3
44092,219,16
44093,0,3
44094,3,3
44095,81,13
44096,61,12
44097,111,17
44098,12,4
44099,0,3
44100,0,3
44101,0,3
44102,446,13
44103,19,4
44104,0,3
44105,146,8
44106,0,3
44107,46,6
44108,72,11
44109,0,3
44110,0,3
44111,85,15
44112,0,3
44113,1,3
44114,205,25
44115,0,3
44116,0,3
44117,114,14
44118,0,3
44119,0,3
44120,0,3
44121,105,16
44122,86,12
44123,0,3
44124,11,4
44125,0,3
44126,72,11
44127,0,3
44128,0,3
44129,134,17
44130,0,3
44131,162,19
44132,102,13
44133,118,18
44134,0,3
44135,82,12
44136,97,8
44137,96,18
44138,181,12
44139,0,3
44140,169,13
44141,0,3
44142,185,21
44143,0,3
44144,48,9
44145,111,14
44146,0,3
44147,150,16
44148,84,13
44149,97,14
44150,22,5
44151,95,12
44152,145,22
44153,143,18
44154,146,18
44155,80,11
44156,0,3
44157,165,21
44158,0,3
44159,0,3
44160,0,3
44161,0,3
44162,0,3
44163,0,3
44164,0,3
44165,90,13
44166,0,3
44167,105,10
44168,153,9
44169,0,3
44170,44,11
44171,0,3
44172,104,14
44173,102,14
44174,0,3
44175,145,25
44176,131,17
44177,128,18
44178,0,3
44179,109,16
44180,269,19
44181,0,3
44182,131,17
44183,0,3
44184,0,3
44185,213,22
44186,62,9
44187,0,3
44188,69,15
44189,36,7
44190,148,18
44191,164,16
44192,85,14
44193,0,3
44194,166,22
44195,0,3
44196,0,3
44197,190,17
44198,236,27
44199,0,3
44200,0,3
44201,121,11
44202,701,18
44203,108,13
44204,0,3
44205,0,3
44206,278,20
44207,46,10
44208,0,3
44209,0,3
44210,95,14
44211,0,3
44212,15,5
44213,120,15
44214,0,3
44215,85,14
44216,80,12
44217,125,13
44218,56,10
44219,137,13
44220,208,16
44221,0,3
44222,92,15
44223,0,3
44224,85,16
44225,0,3
44226,87,12
44227,0,3
44228,43,6
44229,81,13
44230,0,3
44231,0,3
44232,35,7
44233,247,23
44234,135,11
44235,0,3
44236,54,9
44237,109,13
44238,167,18
44239,0,3
44240,212,22
44241,64,9
44242,176,24
44243,0,3
44244,189,15
44245,0,3
44246,111,17
44247,191,15
44248,217,18
44249,79,12
44250,218,25
44251,0,3
44252,148,13
44253,0,3
44254,104,13
44255,85,14
44256,214,7
44257,9,3
44258,91,17
44259,204,17
44260,219,17
44261,0,3
44262,131,20
44263,0,3
44264,0,3
44265,484,7
44266,0,3
44267,0,3
44268,164,15
44269,102,15
44270,137,16
44271,91,14
44272,0,3
44273,128,7
44274,194,17
44275,117,7
44276,81,11
44277,0,3
44278,0,3
44279,121,13
44280,92,10
44281,74,14
44282,161,15
44283,131,18
44284,23,5
44285,20,5
44286,209,14
44287,69,8
44288,81,10
44289,303,15
44290,0,3
44291,0,3
44292,122,19
44293,0,3
44294,92,13
44295,47,8
44296,52,6
44297,131,14
44298,76,13
44299,478,15
44300,44,7
44301,79,13
44302,148,15
44303,195,18
44304,139,17
44305,50,10
44306,89,10
44307,230,20
44308,167,16
44309,128,16
44310,214,19
44311,145,19
44312,0,3
44313,0,3
44314,1,3
44315,193,26
44316,128,18
44317,127,19
44318,158,15
44319,251,20
44320,11,4
44321,103,14
44322,159,11
44323,207,20
44324,198,19
44325,0,3
44326,74,11
44327,201,20
44328,118,11
44329,39,6
44330,55,10
44331,79,12
44332,169,21
44333,19,6
44334,20,5
44335,34,8
44336,204,25
44337,2,3
44338,0,3
44339,0,3
44340,12,5
44341,115,9
44342,162,14
44343,53,10
44344,242,23
44345,40,9
44346,0,3
44347,270,16
44348,0,3
44349,87,12
44350,105,12
44351,0,3
44352,0,3
44353,51,7
44354,158,15
44355,0,3
44356,140,16
44357,218,25
44358,80,14
44359,0,3
44360,0,3
44361,213,5
44362,0,3
44363,0,3
44364,77,6
44365,133,10
44366,0,3
44367,0,3
44368,0,3
44369,0,3
44370,223,24
44371,187,21
44372,255,16
44373,191,18
44374,0,3
44375,0,3
44376,0,3
44377,119,17
44378,0,3
44379,91,14
44380,0,3
44381,110,13
44382,106,12
44383,0,3
44384,0,3
44385,144,17
44386,98,16
44387,0,3
44388,41,10
44389,73,14
44390,0,3
44391,180,18
44392,3,4
44393,71,8
44394,0,3
44395,174,28
44396,85,13
44397,0,3
44398,0,3
44399,102,8
44400,104,14
44401,165,19
44402,14,4
44403,0,3
44404,0,3
44405,0,3
44406,73,7
44407,109,17
44408,0,3
44409,0,3
44410,39,8
44411,40,8
44412,143,19
44413,0,3
44414,89,10
44415,162,15
44416,146,12
44417,163,19
44418,92,14
44419,109,12
44420,0,3
44421,0,3
44422,22,4
44423,66,14
44424,39,7
44425,72,10
44426,0,3
44427,0,3
44428,0,3
44429,148,18
44430,0,3
44431,0,3
44432,362,8
44433,244,22
44434,68,14
44435,103,13
44436,172,20
44437,167,24
44438,308,18
44439,0,3
44440,117,17
44441,65,10
44442,104,10
44443,0,3
44444,169,17
44445,0,3
44446,46,8
44447,0,3
44448,67,12
44449,75,13
44450,0,3
44451,137,19
44452,173,16
44453,174,16
44454,48,8
44455,68,11
44456,326,25
44457,110,14
44458,101,15
44459,134,13
44460,93,12
44461,110,17
44462,98,15
44463,77,11
44464,49,10
44465,0,3
44466,3,3
44467,0,3
44468,0,3
44469,133,19
44470,196,10
44471,161,13
44472,0,3
44473,0,3
44474,103,11
44475,0,3
44476,87,14
44477,75,14
44478,0,3
44479,163,12
44480,105,15
44481,0,3
44482,215,10
44483,0,3
44484,0,3
44485,96,12
44486,115,13
44487,81,12
44488,0,3
44489,0,3
44490,109,12
44491,80,12
44492,85,12
44493,0,3
44494,107,14
44495,75,9
44496,0,3
44497,344,18
44498,0,3
44499,177,18
44500,210,21
44501,0,3
44502,0,3
44503,0,3
44504,369,10
44505,234,6
44506,181,22
44507,22,9
44508,164,15
44509,186,16
44510,0,3
44511,0,3
44512,0,3
44513,82,12
44514,191,13
44515,102,8
44516,0,3
44517,90,10
44518,0,3
44519,56,12
44520,141,10
44521,51,12
44522,365,21
44523,0,3
44524,0,3
44525,258,28
44526,0,3
44527,0,3
44528,215,20
44529,69,10
44530,156,20
44531,0,3
44532,0,3
44533,0,3
44534,0,3
44535,0,3
44536,84,14
44537,127,20
44538,0,3
44539,0,3
44540,0,3
44541,150,17
44542,0,3
44543,0,3
44544,0,3
44545,97,14
44546,178,20
44547,511,18
44548,171,14
44549,275,23
44550,58,11
44551,140,14
44552,119,13
44553,0,3
44554,1,3
44555,0,3
44556,0,3
44557,89,8
44558,0,3
44559,0,3
44560,201,20
44561,145,18
44562,0,3
44563,0,3
44564,98,10
44565,226,7
44566,126,11
44567,4,4
44568,53,9
44569,103,15
44570,48,15
44571,0,3
44572,397,17
44573,105,15
44574,130,12
44575,186,22
44576,112,17
44577,119,18
44578,2,3
44579,0,3
44580,0,3
44581,76,14
44582,0,3
44583,98,14
44584,0,3
44585,379,28
44586,329,24
44587,61,5
44588,153,16
44589,212,21
44590,0,3
44591,175,18
44592,174,18
44593,0,3
44594,0,3
44595,52,7
44596,37,8
44597,151,18
44598,0,3
44599,192,7
44600,85,14
44601,0,3
44602,179,17
44603,145,14
44604,193,22
44605,77,14
44606,154,18
44607,0,3
44608,85,15
44609,0,3
44610,151,17
44611,0,3
44612,94,7
44613,0,3
44614,98,11
44615,33,5
44616,99,11
44617,0,3
44618,245,12
44619,180,9
44620,0,3
44621,0,3
44622,153,17
44623,0,3
44624,0,3
44625,192,13
44626,0,3
44627,129,16
44628,0,3
44629,0,3
44630,109,16
44631,303,23
44632,36,7
44633,229,12
44634,0,3
44635,0,3
44636,108,15
44637,0,3
44638,0,3
44639,77,12
44640,296,19
44641,0,3
44642,0,3
44643,80,11
44644,243,14
44645,0,3
44646,0,3
44647,101,13
44648,0,3
44649,0,3
44650,224,23
44651,0,3
44652,107,10
44653,178,20
44654,163,15
44655,85,13
44656,90,9
44657,149,17
44658,0,3
44659,101,14
44660,191,19
44661,0,3
44662,0,3
44663,89,14
44664,68,10
44665,6,4
44666,0,3
44667,85,8
44668,0,3
44669,114,15
44670,0,3
44671,83,13
44672,97,12
44673,133,13
44674,106,18
44675,156,18
44676,132,11
44677,0,3
44678,183,17
44679,227,8
44680,141,13
44681,232,21
44682,80,13
44683,205,21
44684,95,14
44685,0,3
44686,0,3
44687,54,5
44688,103,14
44689,0,3
44690,168,19
44691,109,15
44692,211,15
44693,0,3
44694,162,12
44695,151,17
44696,0,3
44697,0,3
44698,0,3
44699,221,27
44700,229,18
44701,137,17
44702,43,13
44703,152,22
44704,0,3
44705,0,3
44706,183,20
44707,151,11
44708,111,16
44709,0,3
44710,96,14
44711,80,12
44712,135,16
44713,16,6
44714,149,8
44715,75,12
44716,98,11
44717,135,14
44718,72,8
44719,182,22
44720,0,3
44721,25,8
44722,0,3
44723,122,13
44724,111,14
44725,103,11
44726,117,13
44727,171,24
44728,127,15
44729,0,3
44730,0,3
44731,21,7
44732,181,17
44733,118,14
44734,131,14
44735,0,3
44736,0,3
44737,0,3
44738,160,19
44739,111,13
44740,0,3
44741,102,19
44742,93,9
44743,176,12
44744,122,16
44745,115,8
44746,137,20
44747,0,3
44748,14,6
44749,0,3
44750,0,3
44751,106,13
44752,0,3
44753,151,19
44754,84,6
44755,162,12
44756,176,16
44757,49,7
44758,149,18
44759,38,8
44760,204,16
44761,0,3
44762,112,14
44763,201,17
44764,0,3
44765,0,3
44766,0,3
44767,233,31
44768,88,14
44769,199,24
44770,353,11
44771,128,15
44772,182,18
44773,58,13
44774,116,16
44775,138,17
44776,54,6
44777,0,3
44778,0,3
44779,0,3
44780,79,11
44781,59,6
44782,0,3
44783,0,3
44784,0,3
44785,192,23
44786,143,14
44787,0,3
44788,206,19
44789,188,24
44790,0,3
44791,80,12
44792,0,3
44793,396,11
44794,113,13
44795,0,3
44796,32,11
44797,203,16
44798,0,3
44799,0,3
44800,238,26
44801,46,10
44802,133,17
44803,8,3
44804,0,3
44805,0,3
44806,103,17
44807,220,23
44808,0,3
44809,31,7
44810,134,11
44811,0,3
44812,20,5
44813,233,13
44814,26,6
44815,0,3
44816,61,12
44817,133,19
44818,0,3
44819,61,8
44820,160,12
44821,0,3
44822,0,3
44823,130,13
44824,131,18
44825,28,5
44826,0,3
44827,0,3
44828,0,3
44829,76,13
44830,57,3
44831,67,12
44832,99,14
44833,135,12
44834,0,3
44835,115,20
44836,8,4
44837,92,17
44838,65,11
44839,0,3
44840,0,3
44841,98,14
44842,21,6
44843,143,18
44844,5,3
44845,117,15
44846,107,18
44847,114,19
44848,157,16
44849,162,17
44850,177,16
44851,121,23
44852,0,3
44853,0,3
44854,5,3
44855,39,9
44856,168,12
44857,180,22
44858,69,8
44859,276,8
44860,0,3
44861,146,17
44862,83,12
44863,504,4
44864,0,3
44865,0,3
44866,44,10
44867,41,8
44868,171,13
44869,16,5
44870,114,10
44871,51,11
44872,248,19
44873,0,3
44874,67,7
44875,110,20
44876,0,3
44877,289,19
44878,0,3
44879,0,3
44880,0,3
44881,0,3
44882,148,19
44883,0,3
44884,64,7
44885,0,3
44886,221,20
44887,8,4
44888,0,3
44889,0,3
44890,0,3
44891,160,19
44892,86,10
44893,0,3
44894,0,3
44895,95,13
44896,0,3
44897,0,3
44898,0,3
44899,60,11
44900,0,3
44901,0,3
44902,185,13
44903,0,3
44904,113,10
44905,121,15
44906,0,3
44907,123,16
44908,0,3
44909,156,13
44910,0,3
44911,0,3
44912,94,11
44913,96,13
44914,63,10
44915,1,3
44916,156,23
44917,134,20
44918,27,5
44919,55,4
44920,174,15
44921,155,11
44922,0,3
44923,0,3
44924,0,3
44925,0,3
44926,252,16
44927,0,3
44928,0,3
44929,167,11
44930,0,3
44931,0,3
44932,399,15
44933,230,15
44934,0,3
44935,0,3
44936,129,16
44937,49,6
44938,115,13
44939,114,12
44940,51,11
44941,0,3
44942,87,12
44943,209,15
44944,0,3
44945,0,3
44946,104,11
44947,0,3
44948,175,16
44949,188,19
44950,134,12
44951,82,16
44952,116,15
44953,0,3
44954,13,3
44955,114,19
44956,196,19
44957,112,11
44958,296,21
44959,180,15
44960,204,22
44961,0,3
44962,0,3
44963,134,18
44964,99,15
44965,96,14
44966,159,23
44967,55,8
44968,164,21
44969,34,5
44970,181,8
44971,348,20
44972,0,3
44973,0,3
44974,128,13
44975,183,20
44976,39,8
44977,0,3
44978,163,11
44979,95,16
44980,167,17
44981,133,16
44982,207,22
44983,102,10
44984,83,12
44985,0,3
44986,0,3
44987,0,3
44988,16,5
44989,0,3
44990,159,14
44991,275,25
44992,205,18
44993,162,18
44994,65,10
44995,125,13
44996,72,13
44997,38,9
44998,240,16
44999,0,3
45000,62,6
45001,218,14
45002,137,18
45003,0,3
45004,49,6
45005,120,17
45006,92,7
45007,90,17
45008,24,6
45009,115,13
45010,127,14
45011,0,3
45012,0,3
45013,100,12
45014,0,3
45015,0,3
45016,69,11
45017,0,3
45018,194,23
45019,118,15
45020,81,17
45021,63,7
45022,87,15
45023,108,17
45024,80,6
45025,102,14
45026,165,22
45027,112,17
45028,0,3
45029,0,3
45030,106,17
45031,111,11
45032,0,3
45033,151,17
45034,109,15
45035,0,3
45036,76,13
45037,0,3
45038,27,6
45039,127,20
45040,184,17
45041,124,20
45042,239,19
45043,147,18
45044,165,16
45045,243,18
45046,125,22
45047,309,10
45048,121,17
45049,79,8
45050,195,21
45051,117,13
45052,121,13
45053,119,19
45054,131,18
45055,176,19
45056,18,5
45057,93,15
45058,145,24
45059,0,3
45060,165,20
45061,158,24
45062,147,13
45063,139,14
45064,0,3
45065,0,3
45066,113,13
45067,85,11
45068,1,3
45069,277,17
45070,120,17
45071,0,3
45072,30,7
45073,0,3
45074,0,3
45075,0,3
45076,177,16
45077,128,16
45078,0,3
45079,0,3
45080,0,3
45081,0,3
45082,0,3
45083,172,20
45084,0,3
45085,0,3
45086,0,3
45087,90,16
45088,191,11
45089,148,13
45090,0,3
45091,114,18
45092,0,3
45093,0,3
45094,12,6
45095,0,3
45096,0,3
45097,0,3
45098,0,3
45099,223,19
45100,0,3
45101,80,9
45102,0,3
45103,0,3
45104,98,10
45105,150,13
45106,151,16
45107,103,11
45108,0,3
45109,40,6
45110,0,3
45111,0,3
45112,0,3
45113,134,18
45114,21,4
45115,0,3
45116,0,3
45117,281,20
45118,2,4
45119,75,14
45120,190,18
45121,120,14
45122,0,3
45123,125,15
45124,91,13
45125,222,22
45126,0,3
45127,0,3
45128,0,3
45129,111,14
45130,126,18
45131,0,3
45132,97,12
45133,123,17
45134,0,3
45135,0,3
45136,61,8
45137,0,3
45138,0,3
45139,12,3
45140,0,3
45141,0,3
45142,0,3
45143,163,19
45144,165,22
45145,63,4
45146,94,13
45147,161,20
45148,195,19
45149,117,17
45150,161,16
45151,26,7
45152,207,15
45153,0,3
45154,0,3
45155,152,16
45156,0,3
45157,67,9
45158,61,10
45159,0,3
45160,0,3
45161,0,3
45162,57,9
45163,33,7
45164,80,11
45165,0,3
45166,160,5
45167,94,15
45168,120,18
45169,134,8
45170,129,19
45171,0,3
45172,0,3
45173,0,3
45174,94,11
45175,228,19
45176,0,3
45177,274,22
45178,92,9
45179,0,3
45180,0,3
45181,367,19
45182,0,3
45183,478,22
45184,89,11
45185,96,21
45186,0,3
45187,119,19
45188,0,3
45189,97,15
45190,143,20
45191,219,17
45192,209,18
45193,0,3
45194,168,18
45195,220,20
45196,144,14
45197,237,16
45198,0,3
45199,0,3
45200,213,22
45201,66,11
45202,0,3
45203,0,3
45204,37,6
45205,0,3
45206,120,16
45207,215,24
45208,65,12
45209,310,22
45210,78,8
45211,284,15
45212,77,13
45213,0,3
45214,59,6
45215,0,3
45216,70,10
45217,288,23
45218,21,3
45219,145,21
45220,164,24
45221,10,4
45222,46,6
45223,153,16
45224,36,8
45225,291,29
45226,0,3
45227,164,22
45228,134,17
45229,169,20
45230,0,3
45231,153,19
45232,55,7
45233,0,3
45234,242,22
45235,0,3
45236,0,3
45237,24,8
45238,240,18
45239,0,3
45240,0,3
45241,39,10
45242,45,5
45243,75,10
45244,0,3
45245,0,3
45246,0,3
45247,0,3
45248,78,16
45249,143,17
45250,235,15
45251,211,20
45252,0,3
45253,204,19
45254,165,16
45255,0,3
45256,0,3
45257,74,13
45258,0,3
45259,118,14
45260,58,6
45261,50,9
45262,160,15
45263,0,3
45264,134,12
45265,0,3
45266,91,14
45267,21,4
45268,0,3
45269,159,16
45270,0,3
45271,39,6
45272,0,3
45273,348,25
45274,0,3
45275,61,8
45276,0,3
45277,249,23
45278,144,12
45279,0,3
45280,65,8
45281,241,26
45282,0,3
45283,0,3
45284,0,3
45285,102,17
45286,123,12
45287,0,3
45288,269,16
45289,0,3
45290,77,10
45291,0,3
45292,9,5
45293,64,12
45294,0,3
45295,0,3
45296,106,8
45297,0,3
45298,154,17
45299,248,26
45300,117,14
45301,119,8
45302,0,3
45303,65,10
45304,104,11
45305,163,24
45306,165,24
45307,0,3
45308,148,21
45309,345,20
45310,102,14
45311,0,3
45312,0,3
45313,0,3
45314,154,18
45315,113,20
45316,72,18
45317,78,13
45318,99,14
45319,187,22
45320,0,3
45321,114,20
45322,183,19
45323,57,9
45324,354,31
45325,166,22
45326,148,22
45327,94,14
45328,37,7
45329,257,22
45330,0,3
45331,0,3
45332,96,13
45333,0,3
45334,0,3
45335,88,8
45336,15,4
45337,185,24
45338,181,19
45339,197,21
45340,135,19
45341,0,3
45342,0,3
45343,0,3
45344,110,7
45345,67,11
45346,44,5
45347,161,16
45348,0,3
45349,0,3
45350,263,5
45351,118,15
45352,137,22
45353,167,18
45354,117,23
45355,183,19
45356,193,15
45357,128,14
45358,120,15
45359,81,10
45360,151,26
45361,169,14
45362,0,3
45363,152,12
45364,123,19
45365,292,24
45366,0,3
45367,0,3
45368,151,19
45369,158,19
45370,273,23
45371,0,3
45372,103,18
45373,0,3
45374,120,12
45375,144,19
45376,44,5
45377,14,3
45378,0,3
45379,93,13
45380,0,3
45381,102,13
45382,143,18
45383,35,7
45384,140,18
45385,0,3
45386,0,3
45387,150,20
45388,131,14
45389,111,13
45390,26,6
45391,124,15
45392,100,15
45393,88,13
45394,151,20
45395,96,15
45396,74,15
45397,125,15
45398,0,3
45399,0,3
45400,0,3
45401,139,10
45402,85,16
45403,33,7
45404,0,3
45405,0,3
45406,83,11
45407,289,30
45408,106,16
45409,81,15
45410,86,13
45411,0,3
45412,0,3
45413,0,3
45414,106,13
45415,168,24
45416,0,3
45417,0,3
45418,0,3
45419,0,3
45420,56,10
45421,57,8
45422,84,10
45423,72,13
45424,72,11
45425,0,3
45426,0,3
45427,126,14
45428,42,9
45429,38,9
45430,170,18
45431,0,3
45432,155,17
45433,194,21
45434,0,3
45435,155,21
45436,0,3
45437,103,15
45438,90,10
45439,0,3
45440,0,3
45441,106,10
45442,136,11
45443,58,9
45444,444,15
45445,92,10
45446,128,16
45447,150,15
45448,179,16
45449,149,16
45450,161,16
45451,0,3
45452,206,21
45453,0,3
45454,133,17
45455,0,3
45456,130,17
45457,0,3
45458,299,23
45459,76,11
45460,0,3
45461,90,10
45462,0,3
45463,0,3
45464,127,9
45465,48,6
45466,131,14
45467,109,15
45468,165,23
45469,142,20
45470,0,3
45471,203,18
45472,154,21
45473,265,6
45474,179,23
45475,89,13
45476,57,10
45477,207,21
45478,0,3
45479,165,11
45480,0,3
45481,47,7
45482,28,5
45483,150,19
45484,148,16
45485,0,3
45486,39,8
45487,81,5
45488,117,15
45489,0,3
45490,50,8
45491,0,3
45492,82,15
45493,62,6
45494,0,3
45495,149,8
45496,183,19
45497,185,19
45498,0,3
45499,190,25
45500,19,3
45501,0,3
45502,6,3
45503,95,14
45504,191,17
45505,0,3
45506,47,10
45507,197,8
45508,129,19
45509,18,8
45510,109,12
45511,13,5
45512,32,5
45513,85,12
45514,116,20
45515,53,8
45516,43,10
45517,0,3
45518,41,9
45519,0,3
45520,177,18
45521,41,7
45522,0,3
45523,26,3
45524,145,20
45525,161,9
45526,0,3
45527,60,12
45528,189,21
45529,0,3
45530,175,17
45531,163,14
45532,199,16
45533,66,10
45534,0,3
45535,0,3
45536,155,14
45537,99,13
45538,0,3
45539,0,3
45540,95,12
45541,0,3
45542,165,17
45543,138,15
45544,5,3
45545,0,3
45546,0,3
45547,106,19
45548,234,15
45549,0,3
45550,0,3
45551,0,3
45552,0,3
45553,80,12
45554,112,12
45555,130,15
45556,0,3
45557,0,3
45558,71,13
45559,178,23
45560,94,14
45561,114,13
45562,153,19
45563,105,14
45564,105,16
45565,124,14
45566,140,18
45567,143,19
45568,141,20
45569,0,3
45570,0,3
45571,169,13
45572,159,19
45573,0,3
45574,0,3
45575,0,3
45576,331,16
45577,95,13
45578,60,9
45579,0,3
45580,145,18
45581,222,23
45582,112,15
45583,183,18
45584,156,17
45585,68,13
45586,0,3
45587,107,17
45588,0,3
45589,154,18
45590,0,3
45591,201,19
45592,0,3
45593,0,3
45594,0,3
45595,0,3
45596,155,21
45597,124,18
45598,116,13
45599,197,20
45600,110,10
45601,95,19
45602,54,11
45603,0,3
45604,0,3
45605,106,16
45606,0,3
45607,123,17
45608,96,13
45609,127,15
45610,91,15
45611,166,18
45612,57,10
45613,0,3
45614,143,14
45615,0,3
45616,120,14
45617,135,13
45618,75,11
45619,80,8
45620,0,3
45621,31,7
45622,109,15
45623,66,9
45624,0,3
45625,0,3
45626,0,3
45627,7,3
45628,0,3
45629,134,16
45630,0,3
45631,202,26
45632,106,14
45633,0,3
45634,168,9
45635,209,18
45636,362,15
45637,119,16
45638,0,3
45639,0,3
45640,0,3
45641,0,3
45642,130,18
45643,95,9
45644,0,3
45645,150,22
45646,8,5
45647,0,3
45648,80,13
45649,0,3
45650,0,3
45651,35,9
45652,78,9
45653,0,3
45654,0,3
45655,0,3
45656,164,20
45657,104,15
45658,9,3
45659,0,3
45660,109,15
45661,218,17
45662,0,3
45663,109,16
45664,0,3
45665,146,15
45666,0,3
45667,0,3
45668,175,12
45669,0,3
45670,0,3
45671,88,16
45672,56,13
45673,112,14
45674,146,21
45675,111,17
45676,233,17
45677,83,12
45678,205,18
45679,0,3
45680,0,3
45681,0,3
45682,37,8
45683,138,16
45684,27,6
45685,41,8
45686,98,14
45687,0,3
45688,469,14
45689,167,20
45690,299,22
45691,35,7
45692,0,3
45693,0,3
45694,0,3
45695,164,15
45696,175,17
45697,86,14
45698,104,15
45699,102,18
45700,75,13
45701,0,3
45702,95,15
45703,46,9
45704,207,25
45705,173,21
45706,5,3
45707,0,3
45708,227,23
45709,0,3
45710,49,7
45711,0,3
45712,0,3
45713,226,21
45714,16,5
45715,0,3
45716,280,10
45717,193,25
45718,164,21
45719,2,3
45720,0,3
45721,0,3
45722,143,23
45723,129,21
45724,229,26
45725,0,3
45726,119,17
45727,174,15
45728,128,15
45729,223,19
45730,123,16
45731,83,14
45732,141,18
45733,186,27
45734,204,18
45735,0,3
45736,172,20
45737,61,14
45738,155,18
45739,122,14
45740,288,28
45741,0,3
45742,0,3
45743,0,3
45744,143,7
45745,0,3
45746,215,12
45747,189,19
45748,129,14
45749,9,4
45750,0,3
45751,0,3
45752,0,3
45753,0,3
45754,108,17
45755,61,8
45756,29,6
45757,259,24
45758,0,3
45759,157,23
45760,176,18
45761,165,16
45762,102,13
45763,0,3
45764,0,3
45765,244,24
45766,125,16
45767,156,10
45768,158,20
45769,171,19
45770,211,24
45771,0,3
45772,74,12
45773,139,17
45774,55,15
45775,157,14
45776,157,22
45777,0,3
45778,10,4
45779,0,3
45780,341,18
45781,220,23
45782,0,3
45783,219,13
45784,35,6
45785,0,3
45786,0,3
45787,127,17
45788,95,12
45789,0,3
45790,1,3
45791,178,26
45792,310,20
45793,48,6
45794,219,20
45795,641,4
45796,0,3
45797,137,16
45798,110,6
45799,0,3
45800,127,16
45801,172,22
45802,158,14
45803,0,3
45804,260,18
45805,114,15
45806,189,19
45807,0,3
45808,74,11
45809,180,22
45810,0,3
45811,0,3
45812,148,16
45813,113,17
45814,107,15
45815,114,13
45816,104,10
45817,69,11
45818,168,17
45819,0,3
45820,165,18
45821,0,3
45822,0,3
45823,152,23
45824,189,21
45825,117,16
45826,102,14
45827,181,21
45828,131,16
45829,115,15
45830,143,7
45831,0,3
45832,0,3
45833,0,3
45834,108,24
45835,0,3
45836,186,22
45837,73,12
45838,135,21
45839,57,7
45840,180,20
45841,133,15
45842,119,14
45843,182,20
45844,34,7
45845,182,20
45846,65,12
45847,135,16
45848,128,15
45849,0,3
45850,0,3
45851,0,3
45852,135,21
45853,0,3
45854,0,3
45855,132,15
45856,123,20
45857,195,24
45858,0,3
45859,97,13
45860,0,3
45861,0,3
45862,199,23
45863,67,10
45864,110,15
45865,255,20
45866,0,3
45867,0,3
45868,65,10
45869,105,16
45870,26,6
45871,188,19
45872,83,10
45873,0,3
45874,121,18
45875,45,9
45876,0,3
45877,178,18
45878,264,21
45879,0,3
45880,134,10
45881,55,11
45882,102,15
45883,95,17
45884,0,3
45885,119,14
45886,197,16
45887,3,3
45888,0,3
45889,255,20
45890,73,14
45891,0,3
45892,0,3
45893,174,21
45894,0,3
45895,90,17
45896,0,3
45897,155,17
45898,0,3
45899,177,15
45900,0,3
45901,158,21
45902,273,20
45903,0,3
45904,63,10
45905,0,3
45906,101,13
45907,0,3
45908,171,18
45909,0,3
45910,294,13
45911,68,5
45912,183,18
45913,0,3
45914,0,3
45915,207,18
45916,100,18
45917,227,21
45918,0,3
45919,114,15
45920,104,18
45921,91,17
45922,286,14
45923,0,3
45924,305,29
45925,166,22
45926,0,3
45927,0,3
45928,95,13
45929,329,19
45930,74,14
45931,0,3
45932,0,3
45933,242,22
45934,0,3
45935,106,15
45936,0,3
45937,208,16
45938,79,12
45939,0,3
45940,0,3
45941,139,12
45942,36,8
45943,86,10
45944,182,13
45945,89,15
45946,0,3
45947,110,13
45948,0,3
45949,63,9
45950,156,18
45951,115,20
45952,278,27
45953,164,17
45954,47,9
45955,63,12
45956,243,20
45957,244,24
45958,0,3
45959,129,15
45960,55,8
45961,454,27
45962,169,12
45963,172,15
45964,0,3
45965,163,18
45966,127,11
45967,175,17
45968,0,3
45969,144,12
45970,136,13
45971,0,3
45972,143,15
45973,0,3
45974,63,11
45975,55,5
45976,107,15
45977,0,3
45978,0,3
45979,82,9
45980,90,11
45981,150,20
45982,237,24
45983,0,3
45984,0,3
45985,51,5
45986,91,10
45987,132,14
45988,0,3
45989,0,3
45990,0,3
45991,151,18
45992,107,19
45993,0,3
45994,56,11
45995,284,17
45996,273,25
45997,0,3
45998,79,12
45999,144,12
46000,311,15
46001,269,15
46002,0,3
46003,0,3
46004,54,12
46005,145,16
46006,0,3
46007,0,3
46008,30,5
46009,0,3
46010,83,14
46011,0,3
46012,80,16
46013,0,3
46014,39,10
46015,0,3
46016,58,7
46017,66,17
46018,0,3
46019,221,20
46020,0,3
46021,0,3
46022,222,16
46023,133,17
46024,284,21
46025,0,3
46026,143,14
46027,190,22
46028,123,17
46029,293,7
46030,67,10
46031,123,13
46032,254,21
46033,251,18
46034,177,17
46035,0,3
46036,242,26
46037,0,3
46038,366,15
46039,75,12
46040,0,3
46041,157,20
46042,38,6
46043,0,3
46044,0,3
46045,179,26
46046,237,18
46047,266,13
46048,0,3
46049,90,11
46050,105,11
46051,33,9
46052,0,3
46053,156,19
46054,85,12
46055,97,17
46056,0,3
46057,180,17
46058,250,18
46059,0,3
46060,0,3
46061,13,4
46062,34,5
46063,203,19
46064,208,21
46065,289,22
46066,29,5
46067,0,3
46068,0,3
46069,0,3
46070,133,13
46071,194,19
46072,93,13
46073,114,13
46074,152,19
46075,141,14
46076,39,5
46077,0,3
46078,25,5
46079,0,3
46080,172,20
46081,0,3
46082,0,3
46083,76,13
46084,0,3
46085,165,17
46086,94,12
46087,130,15
46088,0,3
46089,152,16
46090,296,31
46091,0,3
46092,232,7
46093,0,3
46094,0,3
46095,29,6
46096,65,13
46097,0,3
46098,207,20
46099,179,19
46100,218,23
46101,0,3
46102,187,23
46103,0,3
46104,114,18
46105,201,16
46106,0,3
46107,124,19
46108,287,12
46109,109,13
46110,0,3
46111,76,12
46112,0,3
46113,69,7
46114,262,24
46115,177,18
46116,0,3
46117,34,8
46118,91,11
46119,0,3
46120,0,3
46121,111,19
46122,0,3
46123,245,21
46124,0,3
46125,124,19
46126,222,23
46127,117,14
46128,0,3
46129,0,3
46130,97,14
46131,0,3
46132,0,3
46133,227,19
46134,0,3
46135,123,11
46136,117,13
46137,6,4
46138,95,14
46139,108,18
46140,90,12
46141,17,3
46142,0,3
46143,0,3
46144,0,3
46145,88,11
46146,0,3
46147,0,3
46148,0,3
46149,106,16
46150,122,15
46151,330,24
46152,214,19
46153,0,3
46154,0,3
46155,0,3
46156,71,10
46157,0,3
46158,0,3
46159,0,3
46160,69,11
46161,0,3
46162,0,3
46163,138,17
46164,0,3
46165,64,10
46166,231,21
46167,221,23
46168,143,16
46169,161,18
46170,56,7
46171,272,11
46172,6,4
46173,145,10
46174,0,3
46175,0,3
46176,198,20
46177,0,3
46178,30,7
46179,193,15
46180,134,13
46181,181,15
46182,120,16
46183,238,13
46184,0,3
46185,162,21
46186,212,18
46187,0,3
46188,167,21
46189,92,15
46190,0,3
46191,50,5
46192,202,21
46193,198,20
46194,127,20
46195,68,12
46196,0,3
46197,20,5
46198,0,3
46199,50,11
46200,99,13
46201,150,17
46202,62,10
46203,139,14
46204,0,3
46205,271,26
46206,125,13
46207,139,20
46208,114,10
46209,0,3
46210,0,3
46211,117,15
46212,257,4
46213,0,3
46214,137,20
46215,0,3
46216,55,7
46217,83,15
46218,22,6
46219,70,8
46220,0,3
46221,183,28
46222,119,11
46223,290,16
46224,0,3
46225,0,3
46226,134,19
46227,140,21
46228,85,14
46229,0,3
46230,0,3
46231,0,3
46232,41,4
46233,156,20
46234,171,18
46235,101,13
46236,0,3
46237,0,3
46238,92,9
46239,154,18
46240,235,21
46241,169,18
46242,157,17
46243,194,18
46244,165,22
46245,112,8
46246,0,3
46247,272,14
46248,301,25
46249,0,3
46250,0,3
46251,124,16
46252,297,16
46253,198,18
46254,158,6
46255,0,3
46256,1,3
46257,159,20
46258,104,14
46259,51,10
46260,280,24
46261,99,13
46262,0,3
46263,162,25
46264,0,3
46265,0,3
46266,224,18
46267,0,3
46268,131,14
46269,107,17
46270,224,21
46271,43,3
46272,134,15
46273,2,3
46274,0,3
46275,48,5
46276,243,25
46277,0,3
46278,130,19
46279,156,19
46280,0,3
46281,139,15
46282,68,9
46283,181,14
46284,62,11
46285,0,3
46286,0,3
46287,0,3
46288,0,3
46289,0,3
46290,71,16
46291,105,12
46292,169,16
46293,165,14
46294,0,3
46295,0,3
46296,0,3
46297,5,3
46298,146,16
46299,0,3
46300,178,23
46301,0,3
46302,62,10
46303,0,3
46304,136,19
46305,116,14
46306,209,17
46307,108,14
46308,93,8
46309,0,3
46310,3,3
46311,0,3
46312,129,17
46313,46,9
46314,116,19
46315,81,10
46316,143,7
46317,15,4
46318,106,14
46319,0,3
46320,0,3
46321,130,13
46322,134,16
46323,0,3
46324,234,13
46325,0,3
46326,0,3
46327,0,3
46328,107,15
46329,123,16
46330,0,3
46331,13,5
46332,143,19
46333,7,3
46334,207,20
46335,0,3
46336,115,17
46337,168,20
46338,440,16
46339,0,3
46340,134,18
46341,248,18
46342,177,23
46343,0,3
46344,0,3
46345,32,7
46346,0,3
46347,151,20
46348,0,3
46349,0,3
46350,54,13
46351,62,6
46352,126,15
46353,85,13
46354,398,26
46355,0,3
46356,121,14
46357,28,7
46358,0,3
46359,89,15
46360,256,19
46361,0,3
46362,85,9
46363,0,3
46364,111,18
46365,0,3
46366,609,18
46367,61,10
46368,0,3
46369,93,14
46370,0,3
46371,154,18
46372,140,17
46373,108,13
46374,0,3
46375,81,4
46376,200,21
46377,218,22
46378,0,3
46379,0,3
46380,90,12
46381,0,3
46382,202,10
46383,127,18
46384,191,18
46385,446,16
46386,183,19
46387,0,3
46388,143,14
46389,0,3
46390,89,15
46391,0,3
46392,175,17
46393,65,11
46394,157,19
46395,75,8
46396,134,17
46397,0,3
46398,0,3
46399,0,3
46400,143,23
46401,296,34
46402,164,18
46403,0,3
46404,104,17
46405,0,3
46406,88,12
46407,54,10
46408,39,9
46409,0,3
46410,122,14
46411,132,20
46412,67,12
46413,134,13
46414,0,3
46415,256,19
46416,0,3
46417,197,24
46418,172,20
46419,173,18
46420,89,11
46421,0,3
46422,112,16
46423,0,3
46424,252,18
46425,0,3
46426,25,4
46427,88,11
46428,0,3
46429,0,3
46430,87,10
46431,86,10
46432,115,16
46433,152,19
46434,152,23
46435,0,3
46436,143,16
46437,11,4
46438,93,9
46439,0,3
46440,168,19
46441,148,9
46442,0,3
46443,199,25
46444,0,3
46445,54,12
46446,105,9
46447,0,3
46448,69,13
46449,11,5
46450,258,15
46451,0,3
46452,0,3
46453,161,15
46454,0,3
46455,0,3
46456,66,14
46457,142,21
46458,190,27
46459,274,24
46460,0,3
46461,0,3
46462,235,26
46463,107,15
46464,144,17
46465,235,24
46466,72,11
46467,0,3
46468,57,9
46469,0,3
46470,0,3
46471,0,3
46472,92,14
46473,0,3
46474,0,3
46475,133,18
46476,77,12
46477,0,3
46478,0,3
46479,0,3
46480,0,3
46481,0,3
46482,70,14
46483,306,22
46484,0,3
46485,0,3
46486,0,3
46487,148,12
46488,118,16
46489,0,3
46490,109,13
46491,214,21
46492,116,12
46493,71,14
46494,131,17
46495,118,16
46496,0,3
46497,0,3
46498,0,3
46499,112,18
46500,0,3
46501,162,20
46502,132,17
46503,0,3
46504,19,5
46505,0,3
46506,30,6
46507,19,4
46508,18,7
46509,103,12
46510,72,11
46511,88,13
46512,140,14
46513,142,16
46514,0,3
46515,67,10
46516,212,5
46517,145,16
46518,80,11
46519,0,3
46520,24,7
46521,0,3
46522,136,17
46523,91,14
46524,0,3
46525,0,3
46526,248,22
46527,70,10
46528,0,3
46529,0,3
46530,99,15
46531,141,17
46532,167,13
46533,167,16
46534,278,9
46535,0,3
46536,69,10
46537,0,3
46538,142,20
46539,68,17
46540,132,15
46541,78,14
46542,124,15
46543,144,17
46544,184,22
46545,211,21
46546,175,16
46547,113,18
46548,210,16
46549,89,14
46550,153,22
46551,59,8
46552,85,12
46553,189,22
46554,0,3
46555,85,12
46556,178,21
46557,146,17
46558,275,18
46559,38,10
46560,0,3
46561,0,3
46562,0,3
46563,111,12
46564,177,18
46565,180,17
46566,0,3
46567,0,3
46568,0,3
46569,32,8
46570,0,3
46571,168,21
46572,78,10
46573,175,6
46574,75,14
46575,0,3
46576,134,18
46577,0,3
46578,132,12
46579,153,19
46580,105,17
46581,0,3
46582,172,20
46583,178,20
46584,130,15
46585,184,20
46586,0,3
46587,0,3
46588,0,3
46589,0,3
46590,0,3
46591,260,19
46592,160,23
46593,96,16
46594,540,11
46595,30,9
46596,71,8
46597,74,12
46598,205,20
46599,12,3
46600,166,20
46601,63,12
46602,269,22
46603,155,14
46604,224,8
46605,0,3
46606,136,18
46607,0,3
46608,52,13
46609,28,6
46610,0,3
46611,3,3
46612,55,8
46613,0,3
46614,125,9
46615,0,3
46616,155,14
46617,101,14
46618,103,17
46619,42,9
46620,101,12
46621,126,15
46622,0,3
46623,238,23
46624,251,13
46625,80,13
46626,144,19
46627,0,3
46628,0,3
46629,84,10
46630,45,10
46631,44,9
46632,0,3
46633,205,26
46634,121,14
46635,0,3
46636,72,12
46637,0,3
46638,109,12
46639,78,13
46640,0,3
46641,33,9
46642,109,15
46643,0,3
46644,0,3
46645,0,3
46646,254,20
46647,0,3
46648,209,22
46649,0,3
46650,225,25
46651,111,12
46652,166,18
46653,198,29
46654,127,17
46655,0,3
46656,52,8
46657,66,13
46658,160,16
46659,0,3
46660,0,3
46661,166,20
46662,118,18
46663,91,9
46664,57,8
46665,174,21
46666,0,3
46667,0,3
46668,0,3
46669,160,18
46670,126,4
46671,79,5
46672,132,13
46673,117,7
46674,66,10
46675,0,3
46676,0,3
46677,0,3
46678,76,14
46679,170,19
46680,136,15
46681,0,3
46682,79,12
46683,277,22
46684,0,3
46685,195,21
46686,29,5
46687,4,3
46688,0,3
46689,130,16
46690,41,6
46691,127,13
46692,0,3
46693,259,19
46694,225,19
46695,0,3
46696,0,3
46697,142,16
46698,0,3
46699,111,12
46700,170,18
46701,74,11
46702,185,25
46703,0,3
46704,0,3
46705,0,3
46706,0,3
46707,99,12
46708,208,20
46709,240,21
46710,0,3
46711,204,24
46712,0,3
46713,194,21
46714,55,8
46715,121,14
46716,0,3
46717,119,15
46718,0,3
46719,0,3
46720,210,15
46721,208,23
46722,387,9
46723,162,17
46724,152,13
46725,94,13
46726,0,3
46727,0,3
46728,0,3
46729,156,17
46730,208,20
46731,0,3
46732,0,3
46733,0,3
46734,174,17
46735,100,14
46736,167,15
46737,162,18
46738,0,3
46739,218,18
46740,186,10
46741,133,17
46742,159,16
46743,0,3
46744,160,16
46745,163,16
46746,0,3
46747,55,12
46748,58,12
46749,38,6
46750,0,3
46751,0,3
46752,152,15
46753,0,3
46754,0,3
46755,238,19
46756,142,21
46757,287,24
46758,0,3
46759,66,8
46760,80,9
46761,0,3
46762,0,3
46763,0,3
46764,88,12
46765,122,10
46766,0,3
46767,211,14
46768,0,3
46769,229,11
46770,5,4
46771,12,4
46772,0,3
46773,0,3
46774,182,18
46775,88,15
46776,0,3
46777,220,19
46778,0,3
46779,244,18
46780,46,3
46781,0,3
46782,236,25
46783,0,3
46784,130,17
46785,188,22
46786,0,3
46787,0,3
46788,133,16
46789,0,3
46790,306,19
46791,116,16
46792,60,11
46793,19,5
46794,170,10
46795,0,3
46796,0,3
46797,0,3
46798,0,3
46799,185,15
46800,150,16
46801,0,3
46802,212,19
46803,0,3
46804,267,26
46805,120,16
46806,329,15
46807,53,12
46808,0,3
46809,0,3
46810,0,3
46811,0,3
46812,0,3
46813,278,23
46814,105,18
46815,48,13
46816,0,3
46817,0,3
46818,0,3
46819,24,3
46820,0,3
46821,0,3
46822,83,10
46823,0,3
46824,0,3
46825,99,13
46826,122,16
46827,136,10
46828,289,27
46829,245,24
46830,0,3
46831,0,3
46832,165,18
46833,182,21
46834,84,14
46835,142,15
46836,116,13
46837,0,3
46838,0,3
46839,147,13
46840,98,15
46841,0,3
46842,170,16
46843,0,3
46844,49,10
46845,0,3
46846,0,3
46847,148,21
46848,211,19
46849,0,3
46850,311,20
46851,75,10
46852,0,3
46853,161,13
46854,102,17
46855,0,3
46856,90,14
46857,112,13
46858,0,3
46859,95,11
46860,0,3
46861,0,3
46862,185,16
46863,0,3
46864,0,3
46865,49,13
46866,125,19
46867,0,3
46868,79,8
46869,146,16
46870,56,11
46871,0,3
46872,76,9
46873,238,22
46874,0,3
46875,71,12
46876,91,12
46877,0,3
46878,119,17
46879,38,8
46880,0,3
46881,79,15
46882,99,13
46883,60,13
46884,94,10
46885,0,3
46886,243,24
46887,274,22
46888,0,3
46889,83,11
46890,69,12
46891,201,23
46892,42,8
46893,0,3
46894,58,12
46895,123,17
46896,0,3
46897,194,28
46898,0,3
46899,30,7
46900,297,15
46901,174,14
46902,104,12
46903,135,17
46904,174,15
46905,0,3
46906,177,21
46907,47,7
46908,41,7
46909,0,3
46910,187,19
46911,122,17
46912,138,16
46913,0,3
46914,148,17
46915,0,3
46916,103,14
46917,97,14
46918,0,3
46919,65,11
46920,150,16
46921,0,3
46922,116,17
46923,169,17
46924,116,16
46925,223,22
46926,71,12
46927,115,12
46928,0,3
46929,249,27
46930,0,3
46931,175,17
46932,0,3
46933,349,28
46934,164,20
46935,21,5
46936,228,24
46937,0,3
46938,114,11
46939,0,3
46940,0,3
46941,289,9
46942,154,20
46943,139,19
46944,166,11
46945,125,21
46946,0,3
46947,0,3
46948,292,23
46949,0,3
46950,51,8
46951,226,20
46952,0,3
46953,0,3
46954,38,8
46955,0,3
46956,188,15
46957,0,3
46958,0,3
46959,140,17
46960,138,16
46961,212,8
46962,138,19
46963,114,15
46964,77,11
46965,146,16
46966,0,3
46967,71,11
46968,0,3
46969,0,3
46970,175,20
46971,130,19
46972,31,9
46973,154,14
46974,0,3
46975,0,3
46976,186,19
46977,26,3
46978,149,12
46979,161,23
46980,0,3
46981,111,13
46982,0,3
46983,0,3
46984,0,3
46985,0,3
46986,0,3
46987,191,23
46988,102,12
46989,35,7
46990,63,14
46991,128,17
46992,157,14
46993,121,20
46994,55,10
46995,126,16
46996,0,3
46997,0,3
46998,88,17
46999,0,3
47000,131,14
47001,225,17
47002,0,3
47003,96,20
47004,101,19
47005,0,3
47006,75,10
47007,0,3
47008,0,3
47009,291,20
47010,109,13
47011,86,13
47012,130,16
47013,137,17
47014,141,22
47015,0,3
47016,54,13
47017,80,9
47018,111,19
47019,87,14
47020,194,21
47021,0,3
47022,297,24
47023,1,3
47024,0,3
47025,68,11
47026,97,17
47027,15,4
47028,0,3
47029,0,3
47030,37,8
47031,0,3
47032,0,3
47033,257,15
47034,0,3
47035,0,3
47036,229,20
47037,0,3
47038,77,14
47039,0,3
47040,0,3
47041,0,3
47042,0,3
47043,53,10
47044,117,12
47045,0,3
47046,0,3
47047,99,18
47048,0,3
47049,114,13
47050,140,16
47051,241,27
47052,153,17
47053,182,20
47054,144,18
47055,30,8
47056,0,3
47057,176,19
47058,170,14
47059,175,17
47060,133,11
47061,77,9
47062,163,21
47063,0,3
47064,0,3
47065,0,3
47066,0,3
47067,281,24
47068,168,14
47069,150,14
47070,0,3
47071,0,3
47072,146,15
47073,16,4
47074,4,3
47075,199,17
47076,172,16
47077,66,9
47078,222,8
47079,190,28
47080,181,16
47081,0,3
47082,166,19
47083,0,3
47084,249,21
47085,0,3
47086,39,9
47087,158,15
47088,0,3
47089,245,20
47090,0,3
47091,0,3
47092,74,11
47093,97,14
47094,0,3
47095,91,13
47096,90,12
47097,0,3
47098,0,3
47099,99,14
47100,0,3
47101,294,18
47102,216,22
47103,5,3
47104,323,26
47105,124,14
47106,268,18
47107,246,15
47108,64,7
47109,0,3
47110,173,20
47111,0,3
47112,0,3
47113,275,20
47114,0,3
47115,58,12
47116,109,18
47117,167,16
47118,185,16
47119,84,17
47120,21,6
47121,0,3
47122,0,3
47123,95,12
47124,0,3
47125,9,3
47126,253,17
47127,44,8
47128,186,25
47129,167,18
47130,31,8
47131,245,21
47132,142,17
47133,134,17
47134,0,3
47135,588,20
47136,151,18
47137,0,3
47138,75,12
47139,105,16
47140,0,3
47141,0,3
47142,98,12
47143,118,15
47144,109,7
47145,66,10
47146,0,3
47147,154,20
47148,0,3
47149,197,21
47150,0,3
47151,0,3
47152,98,9
47153,3,3
47154,199,26
47155,0,3
47156,0,3
47157,0,3
47158,0,3
47159,235,12
47160,0,3
47161,0,3
47162,0,3
47163,141,18
47164,57,10
47165,0,3
47166,0,3
47167,130,12
47168,0,3
47169,88,10
47170,171,23
47171,210,18
47172,73,13
47173,104,13
47174,146,18
47175,0,3
47176,330,25
47177,0,3
47178,178,19
47179,103,12
47180,141,13
47181,0,3
47182,232,23
47183,0,3
47184,0,3
47185,182,26
47186,140,18
47187,605,5
47188,168,19
47189,180,20
47190,196,23
47191,0,3
47192,0,3
47193,76,14
47194,241,21
47195,125,18
47196,164,18
47197,85,14
47198,0,3
47199,139,17
47200,94,11
47201,112,14
47202,95,13
47203,207,15
47204,142,13
47205,140,21
47206,0,3
47207,0,3
47208,101,14
47209,0,3
47210,0,3
47211,0,3
47212,259,22
47213,84,11
47214,0,3
47215,153,16
47216,172,23
47217,98,11
47218,210,17
47219,37,5
47220,0,3
47221,165,15
47222,0,3
47223,0,3
47224,0,3
47225,231,19
47226,251,20
47227,9,4
47228,286,13
47229,246,22
47230,92,13
47231,0,3
47232,100,15
47233,0,3
47234,0,3
47235,85,15
47236,167,18
47237,228,15
47238,0,3
47239,78,14
47240,74,11
47241,0,3
47242,0,3
47243,0,3
47244,0,3
47245,0,3
47246,87,15
47247,70,12
47248,236,23
47249,133,16
47250,0,3
47251,49,7
47252,0,3
47253,78,15
47254,0,3
47255,0,3
47256,0,3
47257,0,3
47258,173,20
47259,225,12
47260,0,3
47261,17,6
47262,204,14
47263,196,15
47264,0,3
47265,0,3
47266,173,15
47267,125,14
47268,0,3
47269,102,13
47270,0,3
47271,0,3
47272,102,9
47273,90,14
47274,0,3
47275,78,7
47276,116,16
47277,174,24
47278,0,3
47279,70,11
47280,280,20
47281,0,3
47282,251,25
47283,0,3
47284,132,12
47285,36,7
47286,177,14
47287,175,25
47288,372,30
47289,0,3
47290,153,16
47291,293,18
47292,74,13
47293,136,12
47294,0,3
47295,216,17
47296,0,3
47297,33,4
47298,113,9
47299,5,4
47300,14,3
47301,19,6
47302,167,23
47303,123,21
47304,209,28
47305,0,3
47306,170,15
47307,130,18
47308,45,8
47309,0,3
47310,0,3
47311,0,3
47312,0,3
47313,0,3
47314,0,3
47315,182,20
47316,153,18
47317,192,17
47318,116,17
47319,168,19
47320,191,22
47321,0,3
47322,120,10
47323,0,3
47324,325,16
47325,0,3
47326,0,3
47327,135,15
47328,0,3
47329,0,3
47330,65,13
47331,235,22
47332,0,3
47333,99,12
47334,256,24
47335,127,17
47336,245,21
47337,0,3
47338,121,17
47339,0,3
47340,0,3
47341,0,3
47342,164,11
47343,0,3
47344,213,23
47345,0,3
47346,0,3
47347,0,3
47348,0,3
47349,0,3
47350,0,3
47351,81,13
47352,126,17
47353,99,13
47354,0,3
47355,0,3
47356,51,10
47357,183,17
47358,208,21
47359,0,3
47360,123,13
47361,186,19
47362,231,8
47363,164,19
47364,68,7
47365,148,17
47366,86,11
47367,0,3
47368,95,12
47369,10,5
47370,17,3
47371,0,3
47372,0,3
47373,42,7
47374,99,14
47375,27,5
47376,188,16
47377,153,24
47378,93,13
47379,51,9
47380,293,35
47381,75,12
47382,216,25
47383,82,12
47384,203,20
47385,0,3
47386,65,11
47387,236,20
47388,138,14
47389,144,11
47390,0,3
47391,216,26
47392,62,8
47393,112,14
47394,188,20
47395,172,17
47396,0,3
47397,141,22
47398,100,16
47399,172,18
47400,66,12
47401,152,11
47402,0,3
47403,0,3
47404,0,3
47405,0,3
47406,16,4
47407,0,3
47408,141,15
47409,0,3
47410,0,3
47411,0,3
47412,54,8
47413,0,3
47414,0,3
47415,0,3
47416,0,3
47417,0,3
47418,103,14
47419,194,16
47420,149,21
47421,114,14
47422,0,3
47423,0,3
47424,0,3
47425,18,6
47426,152,12
47427,0,3
47428,0,3
47429,0,3
47430,161,19
47431,84,14
47432,39,3
47433,51,8
47434,53,8
47435,44,9
47436,0,3
47437,0,3
47438,0,3
47439,0,3
47440,0,3
47441,285,27
47442,167,23
47443,249,24
47444,0,3
47445,211,19
47446,204,21
47447,198,28
47448,112,13
47449,157,20
47450,0,3
47451,94,15
47452,173,9
47453,110,9
47454,224,19
47455,0,3
47456,0,3
47457,229,18
47458,188,20
47459,90,15
47460,0,3
47461,95,15
47462,0,3
47463,180,22
47464,0,3
47465,72,11
47466,102,3
47467,68,11
47468,57,9
47469,112,12
47470,0,3
47471,180,16
47472,101,14
47473,130,15
47474,153,14
47475,67,7
47476,0,3
47477,117,15
47478,0,3
47479,69,12
47480,203,22
47481,0,3
47482,314,27
47483,159,21
47484,0,3
47485,99,16
47486,303,21
47487,244,20
47488,0,3
47489,117,16
47490,242,32
47491,3,4
47492,149,19
47493,0,3
47494,0,3
47495,156,18
47496,47,6
47497,171,19
47498,13,3
47499,84,15
47500,87,12
47501,63,9
47502,0,3
47503,59,12
47504,0,3
47505,0,3
47506,89,13
47507,120,14
47508,206,13
47509,86,15
47510,0,3
47511,31,6
47512,159,16
47513,158,18
47514,156,19
47515,28,5
47516,191,28
47517,250,18
47518,141,25
47519,23,6
47520,0,3
47521,148,20
47522,0,3
47523,61,10
47524,122,11
47525,91,10
47526,102,12
47527,0,3
47528,0,3
47529,0,3
47530,0,3
47531,157,17
47532,22,7
47533,165,20
47534,0,3
47535,194,17
47536,0,3
47537,152,14
47538,0,3
47539,0,3
47540,127,19
47541,0,3
47542,104,13
47543,0,3
47544,138,20
47545,36,6
47546,322,24
47547,194,9
47548,98,11
47549,222,3
47550,271,17
47551,166,8
47552,224,13
47553,0,3
47554,47,6
47555,145,18
47556,103,10
47557,0,3
47558,139,19
47559,122,16
47560,133,11
47561,16,4
47562,274,15
47563,112,16
47564,163,17
47565,0,3
47566,4,3
47567,130,19
47568,0,3
47569,0,3
47570,0,3
47571,0,3
47572,160,16
47573,92,11
47574,0,3
47575,133,9
47576,122,13
47577,31,6
47578,158,10
47579,52,14
47580,0,3
47581,0,3
47582,95,11
47583,0,3
47584,269,22
47585,131,15
47586,137,17
47587,0,3
47588,0,3
47589,242,23
47590,0,3
47591,109,12
47592,54,10
47593,0,3
47594,54,10
47595,185,21
47596,0,3
47597,69,13
47598,0,3
47599,38,11
47600,3,3
47601,0,3
47602,0,3
47603,87,12
47604,0,3
47605,70,8
47606,50,11
47607,0,3
47608,0,3
47609,130,8
47610,33,9
47611,141,20
47612,153,8
47613,188,21
47614,55,11
47615,187,24
47616,173,22
47617,205,22
47618,0,3
47619,0,3
47620,142,18
47621,139,17
47622,244,24
47623,185,16
47624,0,3
47625,0,3
47626,61,9
47627,138,22
47628,49,8
47629,96,10
47630,0,3
47631,119,13
47632,0,3
47633,77,13
47634,206,21
47635,0,3
47636,144,9
47637,0,3
47638,0,3
47639,226,25
47640,0,3
47641,0,3
47642,140,13
47643,0,3
47644,80,15
47645,86,13
47646,189,19
47647,69,9
47648,0,3
47649,0,3
47650,240,25
47651,0,3
47652,0,3
47653,0,3
47654,133,13
47655,0,3
47656,216,25
47657,70,12
47658,0,3
47659,80,12
47660,108,13
47661,0,3
47662,0,3
47663,0,3
47664,0,3
47665,171,25
47666,115,16
47667,157,25
47668,173,16
47669,216,27
47670,159,15
47671,257,14
47672,178,22
47673,0,3
47674,178,23
47675,230,30
47676,0,3
47677,0,3
47678,0,3
47679,195,15
47680,205,30
47681,0,3
47682,0,3
47683,162,18
47684,492,15
47685,223,23
47686,0,3
47687,0,3
47688,8,3
47689,0,3
47690,59,11
47691,59,8
47692,0,3
47693,184,19
47694,7,3
47695,0,3
47696,0,3
47697,0,3
47698,0,3
47699,118,13
47700,0,3
47701,174,16
47702,36,3
47703,150,13
47704,60,11
47705,124,16
47706,119,12
47707,87,10
47708,0,3
47709,0,3
47710,79,14
47711,0,3
47712,132,20
47713,0,3
47714,258,24
47715,120,18
47716,206,19
47717,258,20
47718,92,10
47719,0,3
47720,83,11
47721,165,18
47722,134,16
47723,69,9
47724,109,15
47725,183,16
47726,191,20
47727,410,17
47728,234,6
47729,106,15
47730,0,3
47731,165,15
47732,203,9
47733,90,14
47734,0,3
47735,266,23
47736,0,3
47737,243,15
47738,301,24
47739,0,3
47740,44,7
47741,147,19
47742,97,10
47743,126,18
47744,255,26
47745,216,25
47746,0,3
47747,152,18
47748,0,3
47749,0,3
47750,87,12
47751,166,12
47752,89,11
47753,0,3
47754,106,16
47755,146,20
47756,103,13
47757,282,10
47758,129,12
47759,45,4
47760,149,18
47761,43,6
47762,97,13
47763,84,12
47764,236,23
47765,97,16
47766,0,3
47767,0,3
47768,0,3
47769,0,3
47770,0,3
47771,79,10
47772,106,16
47773,149,15
47774,0,3
47775,210,23
47776,0,3
47777,142,15
47778,0,3
47779,0,3
47780,132,17
47781,107,10
47782,104,10
47783,95,14
47784,154,23
47785,0,3
47786,93,8
47787,8,3
47788,164,16
47789,0,3
47790,219,19
47791,138,10
47792,0,3
47793,125,20
47794,0,3
47795,259,20
47796,213,28
47797,183,21
47798,121,16
47799,0,3
47800,203,18
47801,0,3
47802,210,18
47803,169,23
47804,61,10
47805,210,8
47806,16,4
47807,109,14
47808,49,10
47809,158,23
47810,76,11
47811,142,19
47812,0,3
47813,226,23
47814,0,3
47815,0,3
47816,0,3
47817,0,3
47818,0,3
47819,138,14
47820,93,14
47821,185,13
47822,202,20
47823,0,3
47824,100,14
47825,0,3
47826,0,3
47827,158,20
47828,171,18
47829,69,10
47830,0,3
47831,102,13
47832,137,14
47833,152,16
47834,199,16
47835,51,10
47836,36,8
47837,190,22
47838,77,10
47839,289,23
47840,0,3
47841,0,3
47842,138,15
47843,172,16
47844,0,3
47845,182,20
47846,0,3
47847,239,16
47848,188,18
47849,152,14
47850,39,7
47851,0,3
47852,78,11
47853,0,3
47854,164,17
47855,0,3
47856,74,13
47857,0,3
47858,72,12
47859,203,12
47860,16,4
47861,0,3
47862,0,3
47863,0,3
47864,176,13
47865,0,3
47866,0,3
47867,221,24
47868,99,16
47869,0,3
47870,0,3
47871,113,15
47872,0,3
47873,68,10
47874,104,16
47875,0,3
47876,152,17
47877,0,3
47878,118,12
47879,0,3
47880,0,3
47881,150,17
47882,0,3
47883,233,20
47884,83,13
47885,35,9
47886,48,11
47887,0,3
47888,134,15
47889,182,19
47890,124,16
47891,0,3
47892,76,16
47893,156,28
47894,121,14
47895,204,24
47896,101,15
47897,122,14
47898,0,3
47899,0,3
47900,144,21
47901,0,3
47902,113,11
47903,0,3
47904,0,3
47905,8,4
47906,142,13
47907,226,23
47908,0,3
47909,0,3
47910,97,12
47911,0,3
47912,0,3
47913,175,15
47914,45,6
47915,0,3
47916,71,10
47917,175,23
47918,163,16
47919,106,17
47920,243,22
47921,0,3
47922,176,16
47923,224,21
47924,91,7
47925,89,10
47926,245,14
47927,70,10
47928,0,3
47929,239,18
47930,140,18
47931,0,3
47932,277,25
47933,161,10
47934,0,3
47935,390,17
47936,0,3
47937,0,3
47938,187,23
47939,36,9
47940,145,13
47941,0,3
47942,0,3
47943,98,14
47944,98,14
47945,148,25
47946,75,11
47947,0,3
47948,60,12
47949,0,3
47950,133,13
47951,177,16
47952,227,13
47953,246,15
47954,143,20
47955,160,15
47956,63,6
47957,0,3
47958,151,19
47959,0,3
47960,176,6
47961,120,17
47962,0,3
47963,0,3
47964,192,22
47965,213,16
47966,204,25
47967,146,21
47968,58,11
47969,70,5
47970,30,7
47971,0,3
47972,0,3
47973,16,5
47974,196,23
47975,0,3
47976,0,3
47977,0,3
47978,0,3
47979,93,15
47980,0,3
47981,0,3
47982,0,3
47983,191,15
47984,0,3
47985,0,3
47986,0,3
47987,225,23
47988,191,18
47989,52,8
47990,227,21
47991,64,8
47992,0,3
47993,0,3
47994,132,18
47995,170,23
47996,178,26
47997,132,16
47998,0,3
47999,21,6
48000,104,11
48001,119,14
48002,144,18
48003,0,3
48004,0,3
48005,53,9
48006,134,16
48007,0,3
48008,174,17
48009,0,3
48010,0,3
48011,140,17
48012,279,19
48013,0,3
48014,282,18
48015,0,3
48016,0,3
48017,188,16
48018,0,3
48019,165,16
48020,121,16
48021,169,19
48022,207,20
48023,117,15
48024,0,3
48025,666,19
48026,0,3
48027,211,24
48028,93,16
48029,0,3
48030,132,20
48031,134,17
48032,171,10
48033,28,10
48034,0,3
48035,105,12
48036,170,19
48037,141,18
48038,28,5
48039,154,12
48040,170,15
48041,0,3
48042,205,23
48043,219,24
48044,112,12
48045,0,3
48046,187,18
48047,0,3
48048,0,3
48049,0,3
48050,255,18
48051,148,20
48052,79,10
48053,0,3
48054,185,20
48055,157,13
48056,163,17
48057,77,9
48058,162,18
48059,139,19
48060,191,27
48061,0,3
48062,127,19
48063,255,15
48064,0,3
48065,73,9
48066,0,3
48067,297,20
48068,0,3
48069,16,4
48070,60,10
48071,0,3
48072,0,3
48073,0,3
48074,0,3
48075,121,18
48076,141,15
48077,0,3
48078,0,3
48079,136,19
48080,113,15
48081,86,12
48082,109,10
48083,0,3
48084,122,14
48085,197,17
48086,0,3
48087,93,14
48088,0,3
48089,76,16
48090,264,24
48091,26,9
48092,0,3
48093,164,18
48094,0,3
48095,136,11
48096,120,13
48097,161,15
48098,300,27
48099,0,3
48100,0,3
48101,117,18
48102,0,3
48103,180,10
48104,12,4
48105,0,3
48106,213,19
48107,146,15
48108,42,8
48109,0,3
48110,0,3
48111,150,12
48112,49,6
48113,211,19
48114,283,18
48115,0,3
48116,89,10
48117,79,12
48118,204,23
48119,168,12
48120,223,22
48121,151,16
48122,210,20
48123,142,20
48124,0,3
48125,154,17
48126,61,9
48127,0,3
48128,101,14
48129,0,3
48130,64,9
48131,99,10
48132,188,18
48133,82,9
48134,148,14
48135,217,23
48136,0,3
48137,0,3
48138,0,3
48139,0,3
48140,0,3
48141,0,3
48142,0,3
48143,0,3
48144,0,3
48145,0,3
48146,206,20
48147,132,14
48148,164,16
48149,0,3
48150,206,16
48151,0,3
48152,0,3
48153,130,17
48154,0,3
48155,0,3
48156,0,3
48157,139,18
48158,0,3
48159,151,19
48160,0,3
48161,143,23
48162,193,18
48163,147,13
48164,220,15
48165,0,3
48166,127,5
48167,0,3
48168,0,3
48169,81,13
48170,121,15
48171,272,17
48172,128,17
48173,124,18
48174,0,3
48175,150,17
48176,0,3
48177,193,16
48178,62,11
48179,24,6
48180,0,3
48181,0,3
48182,0,3
48183,28,6
48184,298,12
48185,0,3
48186,32,8
48187,20,5
48188,0,3
48189,30,5
48190,0,3
48191,356,17
48192,0,3
48193,107,14
48194,85,15
48195,0,3
48196,0,3
48197,143,15
48198,0,3
48199,199,25
48200,0,3
48201,131,13
48202,127,13
48203,168,19
48204,0,3
48205,0,3
48206,217,21
48207,112,18
48208,0,3
48209,296,21
48210,0,3
48211,93,17
48212,0,3
48213,0,3
48214,212,18
48215,105,15
48216,119,15
48217,39,7
48218,172,7
48219,0,3
48220,367,12
48221,169,13
48222,172,18
48223,161,22
48224,0,3
48225,600,20
48226,126,16
48227,315,28
48228,0,3
48229,0,3
48230,0,3
48231,106,13
48232,92,11
48233,0,3
48234,0,3
48235,174,18
48236,0,3
48237,143,19
48238,208,24
48239,145,16
48240,0,3
48241,77,14
48242,0,3
48243,242,23
48244,92,14
48245,158,16
48246,157,21
48247,218,22
48248,121,20
48249,0,3
48250,24,9
48251,350,11
48252,60,10
48253,90,11
48254,109,14
48255,0,3
48256,191,21
48257,208,17
48258,0,3
48259,0,3
48260,24,5
48261,0,3
48262,178,18
48263,226,22
48264,0,3
48265,194,19
48266,256,23
48267,101,15
48268,0,3
48269,103,16
48270,61,10
48271,0,3
48272,202,19
48273,0,3
48274,259,25
48275,111,16
48276,139,15
48277,211,24
48278,0,3
48279,0,3
48280,0,3
48281,113,15
48282,0,3
48283,61,14
48284,0,3
48285,183,20
48286,262,22
48287,0,3
48288,90,14
48289,71,13
48290,0,3
48291,0,3
48292,344,13
48293,189,22
48294,0,3
48295,0,3
48296,133,16
48297,268,21
48298,0,3
48299,101,15
48300,0,3
48301,130,13
48302,20,6
48303,241,26
48304,58,11
48305,0,3
48306,177,18
48307,157,14
48308,219,11
48309,114,14
48310,0,3
48311,206,20
48312,321,11
48313,0,3
48314,30,5
48315,0,3
48316,153,20
48317,130,15
48318,65,12
48319,0,3
48320,24,4
48321,88,16
48322,34,8
48323,0,3
48324,133,13
48325,0,3
48326,175,18
48327,49,9
48328,106,15
48329,0,3
48330,22,7
48331,266,26
48332,0,3
48333,76,11
48334,165,22
48335,140,20
48336,46,8
48337,49,9
48338,146,16
48339,106,15
48340,68,8
48341,61,9
48342,0,3
48343,0,3
48344,134,15
48345,0,3
48346,0,3
48347,106,16
48348,78,9
48349,0,3
48350,0,3
48351,78,13
48352,0,3
48353,0,3
48354,0,3
48355,31,7
48356,0,3
48357,127,15
48358,0,3
48359,0,3
48360,0,3
48361,53,12
48362,0,3
48363,242,23
48364,83,10
48365,0,3
48366,84,3
48367,0,3
48368,188,23
48369,0,3
48370,46,7
48371,54,10
48372,0,3
48373,169,15
48374,188,19
48375,108,12
48376,118,17
48377,85,17
48378,165,21
48379,148,16
48380,96,15
48381,41,9
48382,0,3
48383,102,13
48384,54,10
48385,60,8
48386,0,3
48387,0,3
48388,0,3
48389,124,13
48390,110,14
48391,0,3
48392,160,17
48393,144,22
48394,131,13
48395,0,3
48396,277,17
48397,0,3
48398,109,10
48399,172,20
48400,194,16
48401,28,5
48402,254,22
48403,53,8
48404,188,21
48405,5,3
48406,58,11
48407,44,9
48408,76,10
48409,0,3
48410,307,18
48411,105,14
48412,129,21
48413,154,14
48414,783,23
48415,0,3
48416,63,11
48417,187,15
48418,0,3
48419,156,19
48420,220,16
48421,170,19
48422,0,3
48423,168,20
48424,20,4
48425,0,3
48426,79,10
48427,0,3
48428,114,15
48429,123,11
48430,129,15
48431,0,3
48432,0,3
48433,257,18
48434,13,4
48435,0,3
48436,192,15
48437,0,3
48438,0,3
48439,0,3
48440,0,3
48441,867,23
48442,0,3
48443,0,3
48444,0,3
48445,0,3
48446,72,12
48447,105,15
48448,75,12
48449,0,3
48450,0,3
48451,12,5
48452,0,3
48453,133,18
48454,164,23
48455,104,15
48456,99,12
48457,0,3
48458,84,11
48459,0,3
48460,169,24
48461,0,3
48462,27,4
48463,0,3
48464,43,11
48465,78,16
48466,19,5
48467,3,3
48468,34,6
48469,0,3
48470,365,13
48471,28,5
48472,191,19
48473,185,21
48474,183,13
48475,0,3
48476,0,3
48477,109,12
48478,67,7
48479,234,20
48480,61,11
48481,32,7
48482,62,3
48483,156,17
48484,3,3
48485,87,14
48486,194,20
48487,0,3
48488,0,3
48489,191,23
48490,45,8
48491,314,31
48492,0,3
48493,134,17
48494,99,15
48495,85,11
48496,0,3
48497,77,11
48498,0,3
48499,105,12
48500,137,16
48501,207,21
48502,0,3
48503,248,17
48504,90,7
48505,46,7
48506,72,7
48507,138,14
48508,133,7
48509,84,14
48510,255,21
48511,483,23
48512,0,3
48513,47,11
48514,185,20
48515,254,12
48516,125,17
48517,151,20
48518,149,17
48519,183,23
48520,122,14
48521,133,18
48522,82,17
48523,55,10
48524,269,16
48525,96,14
48526,0,3
48527,0,3
48528,36,4
48529,596,12
48530,113,12
48531,198,11
48532,96,10
48533,103,11
48534,10,4
48535,238,16
48536,171,23
48537,0,3
48538,0,3
48539,0,3
48540,321,19
48541,71,8
48542,0,3
48543,0,3
48544,0,3
48545,0,3
48546,233,20
48547,249,25
48548,365,19
48549,0,3
48550,0,3
48551,0,3
48552,0,3
48553,137,14
48554,0,3
48555,118,9
48556,0,3
48557,153,21
48558,71,10
48559,151,22
48560,0,3
48561,0,3
48562,160,20
48563,104,13
48564,191,18
48565,67,9
48566,89,14
48567,0,3
48568,138,12
48569,112,14
48570,138,19
48571,0,3
48572,0,3
48573,313,25
48574,0,3
48575,340,21
48576,0,3
48577,0,3
48578,0,3
48579,216,23
48580,176,22
48581,435,7
48582,138,13
48583,144,14
48584,154,17
48585,0,3
48586,183,24
48587,0,3
48588,84,11
48589,31,6
48590,0,3
48591,0,3
48592,201,18
48593,68,10
48594,0,3
48595,248,12
48596,193,19
48597,208,18
48598,203,20
48599,85,12
48600,179,17
48601,0,3
48602,103,18
48603,80,15
48604,0,3
48605,71,10
48606,146,16
48607,251,28
48608,0,3
48609,0,3
48610,126,11
48611,132,12
48612,0,3
48613,107,9
48614,0,3
48615,0,3
48616,240,26
48617,182,19
48618,99,13
48619,74,11
48620,47,9
48621,0,3
48622,199,20
48623,0,3
48624,77,9
48625,165,17
48626,0,3
48627,42,8
48628,62,9
48629,0,3
48630,0,3
48631,96,15
48632,318,18
48633,0,3
48634,204,19
48635,0,3
48636,89,11
48637,68,14
48638,139,17
48639,185,15
48640,40,7
48641,0,3
48642,254,25
48643,181,23
48644,234,20
48645,155,13
48646,161,22
48647,112,13
48648,113,17
48649,0,3
48650,112,18
48651,0,3
48652,63,12
48653,403,17
48654,0,3
48655,103,19
48656,0,3
48657,0,3
48658,109,15
48659,104,19
48660,0,3
48661,128,21
48662,210,22
48663,175,20
48664,181,25
48665,142,11
48666,268,22
48667,0,3
48668,157,21
48669,117,17
48670,28,5
48671,207,19
48672,111,11
48673,89,16
48674,30,8
48675,75,11
48676,0,3
48677,117,16
48678,256,19
48679,118,15
48680,213,11
48681,287,22
48682,170,18
48683,130,18
48684,0,3
48685,0,3
48686,0,3
48687,0,3
48688,8,4
48689,27,7
48690,140,23
48691,296,23
48692,153,20
48693,0,3
48694,136,18
48695,112,16
48696,0,3
48697,92,14
48698,147,19
48699,80,13
48700,212,21
48701,137,17
48702,0,3
48703,126,14
48704,0,3
48705,67,12
48706,79,12
48707,49,11
48708,187,23
48709,15,4
48710,263,23
48711,64,10
48712,103,19
48713,140,7
48714,144,15
48715,423,20
48716,0,3
48717,270,22
48718,0,3
48719,86,14
48720,134,19
48721,226,20
48722,57,8
48723,0,3
48724,0,3
48725,202,19
48726,155,18
48727,0,3
48728,0,3
48729,0,3
48730,0,3
48731,126,18
48732,204,20
48733,180,27
48734,134,21
48735,84,16
48736,104,16
48737,257,21
48738,5,3
48739,0,3
48740,55,8
48741,93,17
48742,169,19
48743,102,13
48744,44,8
48745,78,16
48746,168,18
48747,640,15
48748,67,12
48749,260,27
48750,0,3
48751,9,3
48752,0,3
48753,124,14
48754,232,20
48755,120,17
48756,65,9
48757,111,17
48758,0,3
48759,0,3
48760,0,3
48761,87,12
48762,180,20
48763,149,17
48764,289,28
48765,0,3
48766,45,7
48767,142,21
48768,63,8
48769,226,26
48770,256,24
48771,0,3
48772,126,16
48773,184,24
48774,49,6
48775,160,22
48776,0,3
48777,0,3
48778,0,3
48779,166,17
48780,26,5
48781,0,3
48782,115,16
48783,184,21
48784,0,3
48785,108,19
48786,436,15
48787,47,7
48788,0,3
48789,0,3
48790,0,3
48791,0,3
48792,89,11
48793,0,3
48794,131,13
48795,0,3
48796,83,11
48797,0,3
48798,194,19
48799,90,15
48800,192,14
48801,87,10
48802,178,21
48803,0,3
48804,0,3
48805,62,9
48806,0,3
48807,161,11
48808,92,14
48809,92,14
48810,161,18
48811,0,3
48812,108,9
48813,128,15
48814,117,15
48815,134,19
48816,181,22
48817,242,22
48818,159,17
48819,0,3
48820,82,10
48821,115,16
48822,0,3
48823,21,6
48824,494,29
48825,0,3
48826,227,26
48827,50,11
48828,274,16
48829,0,3
48830,249,26
48831,152,16
48832,113,19
48833,0,3
48834,168,22
48835,0,3
48836,83,10
48837,53,11
48838,112,9
48839,69,12
48840,0,3
48841,172,14
48842,116,17
48843,109,14
48844,0,3
48845,110,15
48846,47,8
48847,0,3
48848,128,19
48849,151,18
48850,0,3
48851,86,13
48852,465,10
48853,0,3
48854,143,19
48855,0,3
48856,30,7
48857,59,9
48858,491,12
48859,99,11
48860,89,14
48861,167,23
48862,76,12
48863,0,3
48864,17,4
48865,0,3
48866,81,13
48867,0,3
48868,105,14
48869,242,16
48870,197,21
48871,35,6
48872,0,3
48873,0,3
48874,0,3
48875,0,3
48876,149,14
48877,98,13
48878,143,19
48879,240,26
48880,0,3
48881,0,3
48882,209,25
48883,200,19
48884,120,19
48885,79,10
48886,0,3
48887,0,3
48888,49,6
48889,0,3
48890,195,19
48891,0,3
48892,148,15
48893,78,12
48894,2,3
48895,0,3
48896,0,3
48897,137,17
48898,49,8
48899,157,22
48900,0,3
48901,248,16
48902,36,10
48903,95,16
48904,135,14
48905,0,3
48906,192,18
48907,221,26
48908,153,17
48909,181,24
48910,0,3
48911,72,11
48912,0,3
48913,113,9
48914,369,16
48915,0,3
48916,200,21
48917,89,15
48918,0,3
48919,0,3
48920,0,3
48921,83,4
48922,130,16
48923,3,3
48924,215,24
48925,187,21
48926,160,11
48927,128,16
48928,0,3
48929,123,15
48930,271,33
48931,174,20
48932,133,12
48933,159,20
48934,244,13
48935,0,3
48936,0,3
48937,0,3
48938,82,4
48939,0,3
48940,0,3
48941,72,12
48942,0,3
48943,0,3
48944,0,3
48945,215,26
48946,0,3
48947,170,15
48948,0,3
48949,0,3
48950,93,12
48951,0,3
48952,0,3
48953,171,17
48954,0,3
48955,0,3
48956,0,3
48957,0,3
48958,0,3
48959,83,14
48960,148,15
48961,0,3
48962,234,18
48963,81,11
48964,236,22
48965,120,15
48966,0,3
48967,0,3
48968,0,3
48969,0,3
48970,0,3
48971,218,18
48972,33,8
48973,0,3
48974,70,9
48975,141,21
48976,128,20
48977,110,14
48978,187,22
48979,165,19
48980,126,17
48981,0,3
48982,55,10
48983,0,3
48984,75,8
48985,135,23
48986,148,17
48987,111,19
48988,73,10
48989,0,3
48990,0,3
48991,196,16
48992,294,16
48993,0,3
48994,157,16
48995,110,15
48996,0,3
48997,218,19
48998,0,3
48999,0,3
49000,268,20
49001,138,16
49002,81,14
49003,0,3
49004,221,18
49005,109,14
49006,42,4
49007,0,3
49008,120,18
49009,0,3
49010,0,3
49011,0,3
49012,0,3
49013,0,3
49014,238,21
49015,70,14
49016,257,15
49017,134,17
49018,0,3
49019,222,19
49020,161,13
49021,166,11
49022,0,3
49023,96,14
49024,102,7
49025,0,3
49026,0,3
49027,223,20
49028,0,3
49029,123,14
49030,0,3
49031,110,19
49032,121,15
49033,247,20
49034,0,3
49035,0,3
49036,0,3
49037,105,13
49038,246,20
49039,118,15
49040,272,23
49041,349,27
49042,105,15
49043,0,3
49044,176,17
49045,0,3
49046,0,3
49047,67,11
49048,56,11
49049,0,3
49050,13,4
49051,44,7
49052,210,20
49053,63,8
49054,0,3
49055,0,3
49056,25,4
49057,183,19
49058,0,3
49059,103,17
49060,0,3
49061,169,18
49062,0,3
49063,48,7
49064,204,20
49065,82,8
49066,0,3
49067,170,22
49068,94,12
49069,58,10
49070,95,13
49071,309,24
49072,0,3
49073,160,17
49074,58,5
49075,0,3
49076,0,3
49077,0,3
49078,324,18
49079,162,19
49080,0,3
49081,133,17
49082,244,21
49083,231,29
49084,117,15
49085,135,18
49086,0,3
49087,0,3
49088,0,3
49089,152,11
49090,209,24
49091,103,11
49092,219,23
49093,0,3
49094,139,17
49095,0,3
49096,216,26
49097,0,3
49098,158,18
49099,0,3
49100,0,3
49101,0,3
49102,177,22
49103,0,3
49104,78,11
49105,155,12
49106,383,27
49107,95,12
49108,237,19
49109,173,14
49110,108,18
49111,82,15
49112,84,14
49113,105,16
49114,0,3
49115,151,20
49116,240,5
49117,107,14
49118,0,3
49119,229,20
49120,27,8
49121,0,3
49122,160,23
49123,136,21
49124,170,25
49125,88,17
49126,134,17
49127,0,3
49128,97,12
49129,86,9
49130,0,3
49131,110,18
49132,23,4
49133,322,17
49134,159,21
49135,118,16
49136,81,13
49137,136,19
49138,76,16
49139,0,3
49140,0,3
49141,140,15
49142,0,3
49143,0,3
49144,0,3
49145,143,17
49146,100,13
49147,0,3
49148,0,3
49149,170,21
49150,128,12
49151,227,18
49152,0,3
49153,0,3
49154,0,3
49155,323,18
49156,0,3
49157,69,13
49158,54,10
49159,0,3
49160,0,3
49161,113,13
49162,51,11
49163,33,7
49164,88,14
49165,215,10
49166,120,15
49167,115,11
49168,100,16
49169,0,3
49170,0,3
49171,0,3
49172,0,3
49173,0,3
49174,0,3
49175,0,3
49176,199,17
49177,185,20
49178,271,18
49179,130,18
49180,99,8
49181,71,13
49182,0,3
49183,0,3
49184,183,21
49185,155,17
49186,0,3
49187,48,9
49188,274,12
49189,94,13
49190,135,14
49191,37,7
49192,0,3
49193,258,23
49194,126,15
49195,0,3
49196,78,11
49197,0,3
49198,0,3
49199,229,21
49200,0,3
49201,171,18
49202,0,3
49203,134,14
49204,203,5
49205,73,8
49206,3,3
49207,211,24
49208,0,3
49209,71,6
49210,165,20
49211,0,3
49212,0,3
49213,225,21
49214,158,14
49215,0,3
49216,0,3
49217,403,30
49218,166,17
49219,0,3
49220,0,3
49221,0,3
49222,0,3
49223,282,26
49224,0,3
49225,111,18
49226,104,12
49227,142,15
49228,173,22
49229,235,18
49230,0,3
49231,237,17
49232,0,3
49233,0,3
49234,0,3
49235,0,3
49236,0,3
49237,95,12
49238,314,12
49239,166,19
49240,0,3
49241,157,20
49242,0,3
49243,555,10
49244,0,3
49245,13,6
49246,139,18
49247,215,26
49248,230,18
49249,186,16
49250,97,12
49251,0,3
49252,0,3
49253,0,3
49254,0,3
49255,108,13
49256,194,20
49257,0,3
49258,0,3
49259,154,18
49260,204,22
49261,75,9
49262,156,17
49263,133,15
49264,0,3
49265,165,24
49266,0,3
49267,0,3
49268,228,24
49269,0,3
49270,158,21
49271,0,3
49272,0,3
49273,54,8
49274,149,16
49275,0,3
49276,285,27
49277,0,3
49278,0,3
49279,62,12
49280,66,6
49281,0,3
49282,203,21
49283,0,3
49284,147,16
49285,0,3
49286,0,3
49287,107,17
49288,110,15
49289,0,3
49290,0,3
49291,0,3
49292,276,29
49293,228,22
49294,161,16
49295,168,19
49296,0,3
49297,261,17
49298,109,16
49299,0,3
49300,0,3
49301,205,23
49302,156,23
49303,200,15
49304,0,3
49305,0,3
49306,190,25
49307,186,11
49308,140,13
49309,160,21
49310,162,21
49311,175,16
49312,166,16
49313,121,15
49314,1,3
49315,197,17
49316,0,3
49317,127,22
49318,231,17
49319,0,3
49320,53,12
49321,141,10
49322,0,3
49323,0,3
49324,0,3
49325,206,26
49326,29,4
49327,158,20
49328,0,3
49329,186,19
49330,110,10
49331,218,19
49332,91,13
49333,0,3
49334,141,16
49335,18,6
49336,29,7
49337,173,8
49338,0,3
49339,0,3
49340,0,3
49341,210,16
49342,119,17
49343,0,3
49344,0,3
49345,167,17
49346,38,9
49347,0,3
49348,0,3
49349,109,13
49350,0,3
49351,72,9
49352,41,9
49353,163,21
49354,101,13
49355,278,24
49356,135,18
49357,235,24
49358,216,6
49359,0,3
49360,101,11
49361,56,9
49362,149,17
49363,235,22
49364,0,3
49365,85,12
49366,125,16
49367,215,18
49368,389,21
49369,27,7
49370,0,3
49371,0,3
49372,190,19
49373,17,6
49374,0,3
49375,0,3
49376,160,20
49377,269,25
49378,148,16
49379,171,8
49380,130,18
49381,0,3
49382,0,3
49383,190,19
49384,0,3
49385,194,22
49386,0,3
49387,89,14
49388,0,3
49389,0,3
49390,74,13
49391,221,23
49392,127,13
49393,0,3
49394,0,3
49395,220,15
49396,160,19
49397,56,7
49398,176,18
49399,79,9
49400,123,20
49401,146,11
49402,88,7
49403,0,3
49404,0,3
49405,166,17
49406,208,20
49407,0,3
49408,0,3
49409,38,9
49410,242,22
49411,122,12
49412,172,24
49413,96,10
49414,33,6
49415,185,19
49416,196,20
49417,284,29
49418,0,3
49419,0,3
49420,123,17
49421,105,13
49422,107,12
49423,65,10
49424,349,26
49425,336,21
49426,179,20
49427,219,17
49428,0,3
49429,172,18
49430,0,3
49431,195,20
49432,0,3
49433,0,3
49434,203,21
49435,0,3
49436,62,8
49437,0,3
49438,261,20
49439,219,15
49440,101,16
49441,0,3
49442,135,20
49443,130,15
49444,0,3
49445,253,17
49446,0,3
49447,117,16
49448,147,17
49449,0,3
49450,0,3
49451,149,18
49452,122,15
49453,6,3
49454,15,5
49455,0,3
49456,0,3
49457,87,12
49458,168,21
49459,160,21
49460,130,11
49461,0,3
49462,0,3
49463,0,3
49464,0,3
49465,106,19
49466,346,36
49467,0,3
49468,161,13
49469,0,3
49470,124,13
49471,0,3
49472,54,9
49473,296,26
49474,141,5
49475,172,15
49476,363,11
49477,207,20
49478,302,26
49479,171,19
49480,50,9
49481,89,9
49482,0,3
49483,127,17
49484,0,3
49485,0,3
49486,63,12
49487,111,16
49488,174,22
49489,221,25
49490,0,3
49491,20,6
49492,84,12
49493,0,3
49494,0,3
49495,96,14
49496,57,11
49497,201,16
49498,232,28
49499,2,3
49500,0,3
49501,0,3
49502,0,3
49503,147,16
49504,137,11
49505,0,3
49506,142,18
49507,244,13
49508,328,20
49509,229,15
49510,267,21
49511,38,9
49512,147,22
49513,0,3
49514,0,3
49515,117,15
49516,159,22
49517,167,24
49518,153,12
49519,55,11
49520,0,3
49521,214,15
49522,0,3
49523,48,10
49524,218,16
49525,216,22
49526,195,19
49527,144,19
49528,219,20
49529,23,6
49530,153,22
49531,0,3
49532,0,3
49533,0,3
49534,2,3
49535,310,20
49536,201,22
49537,165,16
49538,219,18
49539,105,16
49540,0,3
49541,0,3
49542,107,8
49543,144,14
49544,99,9
49545,75,15
49546,127,16
49547,178,18
49548,287,31
49549,0,3
49550,186,17
49551,0,3
49552,0,3
49553,62,10
49554,2,3
49555,68,13
49556,123,18
49557,117,15
49558,111,18
49559,111,16
49560,85,14
49561,0,3
49562,113,14
49563,0,3
49564,0,3
49565,0,3
49566,0,3
49567,165,16
49568,176,18
49569,0,3
49570,111,14
49571,0,3
49572,116,20
49573,0,3
49574,129,15
49575,94,11
49576,0,3
49577,0,3
49578,201,26
49579,60,9
49580,133,14
49581,231,21
49582,48,9
49583,161,15
49584,116,16
49585,209,15
49586,33,7
49587,0,3
49588,226,6
49589,118,13
49590,131,17
49591,241,18
49592,129,16
49593,0,3
49594,0,3
49595,69,8
49596,0,3
49597,0,3
49598,0,3
49599,112,8
49600,80,9
49601,264,16
49602,0,3
49603,159,22
49604,0,3
49605,0,3
49606,0,3
49607,50,8
49608,128,20
49609,8,5
49610,0,3
49611,151,21
49612,642,26
49613,160,23
49614,136,18
49615,92,11
49616,227,22
49617,46,8
49618,234,22
49619,0,3
49620,0,3
49621,91,12
49622,0,3
49623,0,3
49624,0,3
49625,277,12
49626,129,19
49627,102,15
49628,208,20
49629,241,27
49630,130,14
49631,189,17
49632,0,3
49633,155,24
49634,348,15
49635,0,3
49636,126,17
49637,84,16
49638,52,7
49639,81,17
49640,0,3
49641,0,3
49642,85,13
49643,134,17
49644,128,19
49645,156,16
49646,214,23
49647,152,18
49648,0,3
49649,0,3
49650,0,3
49651,0,3
49652,332,10
49653,144,17
49654,0,3
49655,266,24
49656,0,3
49657,169,18
49658,317,11
49659,46,10
49660,112,13
49661,194,23
49662,112,15
49663,152,15
49664,227,24
49665,142,17
49666,180,20
49667,207,27
49668,0,3
49669,98,14
49670,0,3
49671,33,8
49672,102,12
49673,203,26
49674,88,10
49675,30,7
49676,103,14
49677,0,3
49678,31,5
49679,0,3
49680,0,3
49681,111,13
49682,110,18
49683,0,3
49684,0,3
49685,0,3
49686,0,3
49687,124,13
49688,0,3
49689,98,15
49690,0,3
49691,212,16
49692,131,13
49693,131,18
49694,13,3
49695,6,3
49696,0,3
49697,0,3
49698,734,18
49699,0,3
49700,119,14
49701,295,27
49702,115,11
49703,180,21
49704,0,3
49705,214,25
49706,7,4
49707,70,11
49708,170,20
49709,88,10
49710,139,12
49711,0,3
49712,129,17
49713,144,16
49714,39,10
49715,129,17
49716,284,25
49717,0,3
49718,72,11
49719,0,3
49720,174,9
49721,0,3
49722,0,3
49723,0,3
49724,194,25
49725,103,19
49726,0,3
49727,225,16
49728,0,3
49729,299,21
49730,100,11
49731,225,13
49732,71,12
49733,119,15
49734,0,3
49735,109,16
49736,211,19
49737,0,3
49738,90,10
49739,0,3
49740,104,9
49741,166,24
49742,0,3
49743,0,3
49744,205,22
49745,0,3
49746,185,23
49747,30,7
49748,0,3
49749,103,12
49750,128,10
49751,0,3
49752,0,3
49753,79,11
49754,130,18
49755,0,3
49756,222,17
49757,318,26
49758,23,7
49759,80,12
49760,38,3
49761,48,7
49762,81,14
49763,280,25
49764,0,3
49765,121,18
49766,77,10
49767,34,7
49768,146,20
49769,69,11
49770,225,19
49771,196,22
49772,161,20
49773,189,13
49774,0,3
49775,133,19
49776,92,17
49777,0,3
49778,133,18
49779,374,22
49780,0,3
49781,0,3
49782,0,3
49783,259,20
49784,0,3
49785,171,20
49786,469,23
49787,341,28
49788,110,15
49789,226,22
49790,1,3
49791,122,12
49792,0,3
49793,438,19
49794,163,22
49795,0,3
49796,0,3
49797,0,3
49798,54,8
49799,0,3
49800,0,3
49801,0,3
49802,231,19
49803,352,24
49804,74,12
49805,17,6
49806,0,3
49807,117,15
49808,168,18
49809,122,17
49810,318,18
49811,147,20
49812,288,20
49813,232,27
49814,175,17
49815,26,5
49816,0,3
49817,74,6
49818,193,21
49819,175,23
49820,0,3
49821,329,15
49822,58,9
49823,207,23
49824,0,3
49825,104,12
49826,12,4
49827,244,21
49828,136,17
49829,0,3
49830,442,20
49831,145,19
49832,56,9
49833,0,3
49834,128,19
49835,35,4
49836,50,6
49837,0,3
49838,117,12
49839,82,12
49840,0,3
49841,65,9
49842,0,3
49843,215,22
49844,0,3
49845,0,3
49846,0,3
49847,188,12
49848,250,22
49849,0,3
49850,155,21
49851,0,3
49852,65,12
49853,0,3
49854,224,18
49855,38,4
49856,22,7
49857,0,3
49858,84,10
49859,204,19
49860,0,3
49861,0,3
49862,0,3
49863,144,20
49864,202,23
49865,0,3
49866,80,13
49867,0,3
49868,0,3
49869,63,10
49870,76,11
49871,0,3
49872,40,7
49873,0,3
49874,0,3
49875,149,20
49876,110,19
49877,0,3
49878,0,3
49879,18,5
49880,95,11
49881,0,3
49882,755,18
49883,77,12
49884,188,18
49885,0,3
49886,205,25
49887,136,19
49888,0,3
49889,121,16
49890,134,18
49891,56,9
49892,0,3
49893,0,3
49894,0,3
49895,0,3
49896,0,3
49897,210,17
49898,172,18
49899,25,5
49900,65,11
49901,160,17
49902,219,19
49903,39,6
49904,81,12
49905,0,3
49906,200,16
49907,119,16
49908,99,18
49909,0,3
49910,295,21
49911,197,21
49912,0,3
49913,156,14
49914,0,3
49915,0,3
49916,305,26
49917,0,3
49918,172,19
49919,253,26
49920,131,15
49921,0,3
49922,44,8
49923,0,3
49924,0,3
49925,230,10
49926,104,13
49927,302,25
49928,117,12
49929,0,3
49930,0,3
49931,62,10
49932,55,10
49933,0,3
49934,0,3
49935,0,3
49936,36,8
49937,0,3
49938,276,22
49939,191,18
49940,234,20
49941,140,16
49942,126,14
49943,188,19
49944,0,3
49945,56,7
49946,114,19
49947,113,11
49948,112,14
49949,0,3
49950,18,7
49951,0,3
49952,139,20
49953,0,3
49954,178,19
49955,129,19
49956,344,29
49957,102,20
49958,0,3
49959,80,15
49960,253,14
49961,0,3
49962,11,4
49963,116,16
49964,92,9
49965,272,21
49966,0,3
49967,242,24
49968,0,3
49969,106,12
49970,170,10
49971,190,16
49972,0,3
49973,221,16
49974,0,3
49975,37,7
49976,15,5
49977,79,9
49978,313,17
49979,39,10
49980,213,17
49981,0,3
49982,159,16
49983,168,19
49984,134,16
49985,123,14
49986,0,3
49987,0,3
49988,28,5
49989,0,3
49990,63,9
49991,234,20
49992,137,17
49993,0,3
49994,85,5
49995,234,14
49996,83,12
49997,10,4
49998,130,13
49999,81,10
