attempt,turns,length
0,1,3
1,5,3
2,8,3
3,0,3
4,0,3
5,4,3
6,1,3
7,1,3
8,6,3
9,1,3
10,1,3
11,1,3
12,1,3
13,1,3
14,0,3
15,0,3
16,3,3
17,18,2
18,1,3
19,2,3
20,0,3
21,2,3
22,0,3
23,0,3
24,2,3
25,0,3
26,9,2
27,2,3
28,0,3
29,7,3
30,2,4
31,4,3
32,1,3
33,2,3
34,9,3
35,5,3
36,0,3
37,2,3
38,5,3
39,3,3
40,1,3
41,2,3
42,0,3
43,2,3
44,5,3
45,1,3
46,3,3
47,0,3
48,0,3
49,0,3
50,3,3
51,0,3
52,2,3
53,0,3
54,0,3
55,2,3
56,0,3
57,7,3
58,3,3
59,0,3
60,0,3
61,2,3
62,0,3
63,1,2
64,0,3
65,1,3
66,0,3
67,3,2
68,0,3
69,1,3
70,0,3
71,6,4
72,2,3
73,0,3
74,0,3
75,0,3
76,2,3
77,0,3
78,5,3
79,4,3
80,6,3
81,1,3
82,0,3
83,0,3
84,1,3
85,0,3
86,1,3
87,0,3
88,1,3
89,0,3
90,2,3
91,2,3
92,11,3
93,1,3
94,4,3
95,5,3
96,5,3
97,2,3
98,0,3
99,0,3
100,3,3
101,0,3
102,0,3
103,0,3
104,1,3
105,3,4
106,2,3
107,0,3
108,0,3
109,0,3
110,2,3
111,9,3
112,0,3
113,3,3
114,0,3
115,3,3
116,3,4
117,0,3
118,0,3
119,5,4
120,5,3
121,1,3
122,9,3
123,3,3
124,4,4
125,4,3
126,3,3
127,2,3
128,0,3
129,1,3
130,0,3
131,10,3
132,1,3
133,0,3
134,1,3
135,10,3
136,0,3
137,0,3
138,1,3
139,0,3
140,1,3
141,4,2
142,2,3
143,2,3
144,0,3
145,1,3
146,1,3
147,0,3
148,0,3
149,4,3
150,4,3
151,0,3
152,0,3
153,1,3
154,10,4
155,4,3
156,0,3
157,7,2
158,1,3
159,0,3
160,0,3
161,0,3
162,3,3
163,4,4
164,3,3
165,0,3
166,5,4
167,1,3
168,1,3
169,11,3
170,0,3
171,0,3
172,0,3
173,0,3
174,1,3
175,2,3
176,7,3
177,0,3
178,1,3
179,0,3
180,2,3
181,0,3
182,0,3
183,1,3
184,1,3
185,1,3
186,4,3
187,0,3
188,1,3
189,0,3
190,11,3
191,1,3
192,1,3
193,9,3
194,0,3
195,0,3
196,1,3
197,0,3
198,2,4
199,2,3
200,2,3
201,0,3
202,4,3
203,1,3
204,3,3
205,0,3
206,4,3
207,1,3
208,1,3
209,1,3
210,0,3
211,0,3
212,0,3
213,0,3
214,2,3
215,1,3
216,6,3
217,0,3
218,2,3
219,2,3
220,7,3
221,2,3
222,1,3
223,3,3
224,0,3
225,1,3
226,1,3
227,0,3
228,3,3
229,12,3
230,4,3
231,1,3
232,3,3
233,0,3
234,0,3
235,3,3
236,1,3
237,1,3
238,2,3
239,3,3
240,0,3
241,0,3
242,0,3
243,1,3
244,16,3
245,6,3
246,2,3
247,8,3
248,6,4
249,2,3
250,6,3
251,0,3
252,0,3
253,5,3
254,0,3
255,1,3
256,4,3
257,8,3
258,3,3
259,1,3
260,10,3
261,1,3
262,4,3
263,0,3
264,0,3
265,6,3
266,3,3
267,0,3
268,1,3
269,4,3
270,8,3
271,0,3
272,4,3
273,0,3
274,3,3
275,6,3
276,2,3
277,2,3
278,0,3
279,1,3
280,1,3
281,0,3
282,6,3
283,0,3
284,3,3
285,0,3
286,0,3
287,9,3
288,0,3
289,1,3
290,1,3
291,1,3
292,0,3
293,1,3
294,8,3
295,1,3
296,2,3
297,0,3
298,0,3
299,3,3
300,4,3
301,0,3
302,5,3
303,0,3
304,1,3
305,1,3
306,2,3
307,3,4
308,3,3
309,4,3
310,1,4
311,0,3
312,6,3
313,1,3
314,7,3
315,2,3
316,3,3
317,1,3
318,0,3
319,0,3
320,2,3
321,2,3
322,2,3
323,0,3
324,0,3
325,3,3
326,12,3
327,0,3
328,7,3
329,2,3
330,1,3
331,0,3
332,2,3
333,1,3
334,0,3
335,2,3
336,2,3
337,2,3
338,0,3
339,1,3
340,1,3
341,2,3
342,0,3
343,1,3
344,7,4
345,5,3
346,0,3
347,5,3
348,4,3
349,2,3
350,4,3
351,2,2
352,3,3
353,2,3
354,0,3
355,2,3
356,3,3
357,3,3
358,2,3
359,0,3
360,5,3
361,0,3
362,1,3
363,5,3
364,1,3
365,2,2
366,1,3
367,0,3
368,3,3
369,0,3
370,0,3
371,1,4
372,3,3
373,3,3
374,4,3
375,1,3
376,0,3
377,3,4
378,10,3
379,1,3
380,0,3
381,8,3
382,6,3
383,8,3
384,4,3
385,1,3
386,1,3
387,0,3
388,1,3
389,1,3
390,0,3
391,3,3
392,3,3
393,6,3
394,0,3
395,1,3
396,3,3
397,5,4
398,0,3
399,0,3
400,1,3
401,5,2
402,3,3
403,0,3
404,0,3
405,6,3
406,0,3
407,2,3
408,0,3
409,2,3
410,1,3
411,0,3
412,2,3
413,2,3
414,1,3
415,2,3
416,4,3
417,1,3
418,1,3
419,0,3
420,6,4
421,0,3
422,1,3
423,0,3
424,0,3
425,8,3
426,1,3
427,1,3
428,0,3
429,0,3
430,3,3
431,14,3
432,3,3
433,0,3
434,0,3
435,1,3
436,7,3
437,0,3
438,0,3
439,0,3
440,2,3
441,2,3
442,0,3
443,4,3
444,0,3
445,14,3
446,0,3
447,4,3
448,2,3
449,4,3
450,0,3
451,1,2
452,3,2
453,3,3
454,2,3
455,4,2
456,7,4
457,0,3
458,1,3
459,1,3
460,3,4
461,0,3
462,5,3
463,1,3
464,1,3
465,1,3
466,3,3
467,2,3
468,0,3
469,1,3
470,2,3
471,0,3
472,2,3
473,0,3
474,10,3
475,0,3
476,0,3
477,2,3
478,0,3
479,1,3
480,1,3
481,1,3
482,0,3
483,0,3
484,1,3
485,0,3
486,1,3
487,2,3
488,0,3
489,0,3
490,0,3
491,0,3
492,0,3
493,0,3
494,12,3
495,1,3
496,0,3
497,3,3
498,0,3
499,0,3
500,0,3
501,1,3
502,0,3
503,1,3
504,0,3
505,4,3
506,0,3
507,1,3
508,2,3
509,0,3
510,0,3
511,16,3
512,0,3
513,4,2
514,0,3
515,1,3
516,0,3
517,0,3
518,7,4
519,8,3
520,0,3
521,1,3
522,4,3
523,3,3
524,0,3
525,3,3
526,1,3
527,1,3
528,2,3
529,0,3
530,2,3
531,0,3
532,2,3
533,1,3
534,3,3
535,1,3
536,4,3
537,4,3
538,0,3
539,3,4
540,3,3
541,0,3
542,0,3
543,4,4
544,2,3
545,3,3
546,0,3
547,0,3
548,0,3
549,3,3
550,1,3
551,2,3
552,0,3
553,1,3
554,1,3
555,10,3
556,0,3
557,1,3
558,0,3
559,2,3
560,1,4
561,6,3
562,1,3
563,1,3
564,1,3
565,0,3
566,4,3
567,3,3
568,2,3
569,0,3
570,0,3
571,3,3
572,2,3
573,5,3
574,6,3
575,4,3
576,1,3
577,11,3
578,1,3
579,1,3
580,0,3
581,2,3
582,1,3
583,2,3
584,2,3
585,3,3
586,11,3
587,0,3
588,5,4
589,4,3
590,35,3
591,4,3
592,4,3
593,0,3
594,1,3
595,2,3
596,0,3
597,2,3
598,0,3
599,6,3
600,18,3
601,1,3
602,5,4
603,0,3
604,0,3
605,11,3
606,0,3
607,1,3
608,1,3
609,3,3
610,4,3
611,3,3
612,0,3
613,1,3
614,10,3
615,9,3
616,6,4
617,0,3
618,1,3
619,0,3
620,1,3
621,2,3
622,0,3
623,0,3
624,2,3
625,1,3
626,1,3
627,1,3
628,7,3
629,0,3
630,0,3
631,1,4
632,1,3
633,1,3
634,3,3
635,0,3
636,0,3
637,1,3
638,3,3
639,1,3
640,0,3
641,0,3
642,5,3
643,0,3
644,1,4
645,0,3
646,0,3
647,4,3
648,8,3
649,0,3
650,0,3
651,2,3
652,0,3
653,0,3
654,6,3
655,9,2
656,7,3
657,1,3
658,1,3
659,3,3
660,11,3
661,0,3
662,1,3
663,0,3
664,2,3
665,0,3
666,2,3
667,5,3
668,0,3
669,7,3
670,4,3
671,7,3
672,1,3
673,1,3
674,6,4
675,1,3
676,3,3
677,0,3
678,4,3
679,1,3
680,1,3
681,0,3
682,0,3
683,7,3
684,1,3
685,2,3
686,1,3
687,3,3
688,9,4
689,4,3
690,1,3
691,3,3
692,9,3
693,4,3
694,4,4
695,1,3
696,15,3
697,0,3
698,1,3
699,1,3
700,3,3
701,15,3
702,3,3
703,0,3
704,0,3
705,1,3
706,11,3
707,1,3
708,0,3
709,0,3
710,3,2
711,4,3
712,0,3
713,0,3
714,2,4
715,3,3
716,0,3
717,4,3
718,7,3
719,0,3
720,0,3
721,2,3
722,0,3
723,7,3
724,5,2
725,2,3
726,1,3
727,0,3
728,3,2
729,7,4
730,2,3
731,3,3
732,0,3
733,0,3
734,9,3
735,0,3
736,3,3
737,5,2
738,0,3
739,0,3
740,0,3
741,6,3
742,2,3
743,1,3
744,12,3
745,0,3
746,3,3
747,0,3
748,0,3
749,3,3
750,3,4
751,3,3
752,1,4
753,0,3
754,5,3
755,2,3
756,1,3
757,0,3
758,0,3
759,2,3
760,0,3
761,14,3
762,0,3
763,7,4
764,3,3
765,1,3
766,0,3
767,10,3
768,17,3
769,0,3
770,14,3
771,1,3
772,16,3
773,1,3
774,0,3
775,1,3
776,3,3
777,10,3
778,0,3
779,17,4
780,0,3
781,1,3
782,1,3
783,3,3
784,2,3
785,0,3
786,0,3
787,3,3
788,0,3
789,1,3
790,1,3
791,0,3
792,4,3
793,0,3
794,8,3
795,5,3
796,26,4
797,2,3
798,0,3
799,0,3
800,1,3
801,1,3
802,17,3
803,8,3
804,0,3
805,0,3
806,0,3
807,6,3
808,3,3
809,0,3
810,19,3
811,2,3
812,1,3
813,1,3
814,3,3
815,1,3
816,4,3
817,1,3
818,6,3
819,4,3
820,0,3
821,4,3
822,0,3
823,1,3
824,0,3
825,8,3
826,0,3
827,2,3
828,3,3
829,0,3
830,6,3
831,2,3
832,0,3
833,10,3
834,4,3
835,3,3
836,13,3
837,0,3
838,1,3
839,2,4
840,4,3
841,4,3
842,0,3
843,5,3
844,16,3
845,3,3
846,1,3
847,4,3
848,1,3
849,3,3
850,1,3
851,0,3
852,0,3
853,9,4
854,2,3
855,7,3
856,0,3
857,0,3
858,2,3
859,4,3
860,0,3
861,3,4
862,5,3
863,2,3
864,5,3
865,0,3
866,5,3
867,0,3
868,1,3
869,8,3
870,2,3
871,1,3
872,0,3
873,8,3
874,21,3
875,0,3
876,0,3
877,12,3
878,1,3
879,1,3
880,2,3
881,21,3
882,4,3
883,1,3
884,2,3
885,0,3
886,0,3
887,3,3
888,4,3
889,15,3
890,3,3
891,0,3
892,1,3
893,3,3
894,17,4
895,3,3
896,8,3
897,1,3
898,7,3
899,1,3
900,20,4
901,11,3
902,0,3
903,0,3
904,1,3
905,3,3
906,20,3
907,2,3
908,1,3
909,1,3
910,21,4
911,2,3
912,3,3
913,2,3
914,0,3
915,0,3
916,25,1
917,0,3
918,0,3
919,10,3
920,1,3
921,19,3
922,0,3
923,0,3
924,0,3
925,0,3
926,1,3
927,0,3
928,2,3
929,2,3
930,0,3
931,4,3
932,0,3
933,2,3
934,2,3
935,0,3
936,1,3
937,4,3
938,3,3
939,0,3
940,4,3
941,2,3
942,2,3
943,0,3
944,0,3
945,1,3
946,0,3
947,0,3
948,3,3
949,2,3
950,0,3
951,3,3
952,0,3
953,0,3
954,0,3
955,6,3
956,1,3
957,6,3
958,0,3
959,10,3
960,4,3
961,0,3
962,0,3
963,0,3
964,0,3
965,0,3
966,1,3
967,1,3
968,1,3
969,7,3
970,3,3
971,16,3
972,0,3
973,0,3
974,2,3
975,1,3
976,0,3
977,1,3
978,1,3
979,4,3
980,2,3
981,6,3
982,0,3
983,1,3
984,1,3
985,0,3
986,1,3
987,3,3
988,3,3
989,0,3
990,4,3
991,4,3
992,2,4
993,9,3
994,7,3
995,1,3
996,1,3
997,0,3
998,0,3
999,2,3
1000,1,3
1001,0,3
1002,1,3
1003,18,3
1004,2,3
1005,0,3
1006,0,3
1007,22,3
1008,0,3
1009,5,3
1010,0,3
1011,0,3
1012,0,3
1013,2,3
1014,1,3
1015,2,3
1016,1,4
1017,0,3
1018,1,3
1019,17,3
1020,1,3
1021,2,3
1022,0,3
1023,0,3
1024,1,3
1025,7,3
1026,0,3
1027,3,3
1028,1,3
1029,3,3
1030,6,4
1031,3,3
1032,0,3
1033,1,3
1034,3,3
1035,0,3
1036,9,4
1037,0,3
1038,2,3
1039,4,3
1040,1,3
1041,0,3
1042,1,3
1043,4,3
1044,8,3
1045,0,3
1046,3,3
1047,0,3
1048,1,3
1049,1,3
1050,0,3
1051,9,3
1052,0,3
1053,2,2
1054,0,3
1055,4,3
1056,21,3
1057,0,3
1058,0,3
1059,0,3
1060,0,3
1061,1,3
1062,0,3
1063,0,3
1064,1,3
1065,1,3
1066,0,3
1067,17,3
1068,8,3
1069,0,3
1070,0,3
1071,14,4
1072,0,3
1073,0,3
1074,16,3
1075,4,3
1076,0,3
1077,1,3
1078,24,4
1079,0,3
1080,7,4
1081,1,3
1082,0,3
1083,8,3
1084,1,3
1085,2,3
1086,3,3
1087,2,3
1088,0,3
1089,0,3
1090,3,3
1091,0,3
1092,8,3
1093,0,3
1094,0,3
1095,11,4
1096,1,3
1097,0,3
1098,1,3
1099,0,3
1100,3,3
1101,1,3
1102,0,3
1103,18,3
1104,2,3
1105,0,3
1106,24,3
1107,0,3
1108,4,3
1109,3,3
1110,0,3
1111,0,3
1112,15,3
1113,1,3
1114,6,3
1115,14,3
1116,1,3
1117,5,3
1118,4,3
1119,4,3
1120,0,3
1121,21,4
1122,0,3
1123,0,3
1124,2,3
1125,1,3
1126,5,3
1127,1,3
1128,1,3
1129,6,3
1130,1,3
1131,5,3
1132,10,4
1133,1,3
1134,1,3
1135,2,3
1136,0,3
1137,0,3
1138,0,3
1139,6,3
1140,1,3
1141,0,3
1142,0,3
1143,8,3
1144,0,3
1145,3,3
1146,1,3
1147,7,3
1148,1,3
1149,0,3
1150,5,3
1151,5,3
1152,1,3
1153,1,3
1154,2,3
1155,7,3
1156,1,3
1157,0,3
1158,0,3
1159,13,2
1160,5,3
1161,2,3
1162,1,3
1163,0,3
1164,0,3
1165,1,3
1166,0,3
1167,0,3
1168,34,4
1169,5,3
1170,18,4
1171,11,3
1172,5,3
1173,0,3
1174,2,4
1175,0,3
1176,7,3
1177,7,3
1178,24,5
1179,3,3
1180,21,3
1181,3,3
1182,2,3
1183,6,4
1184,4,3
1185,53,3
1186,1,3
1187,15,3
1188,1,3
1189,1,4
1190,2,3
1191,0,3
1192,0,3
1193,5,3
1194,0,3
1195,2,3
1196,0,3
1197,4,3
1198,1,3
1199,0,3
1200,0,3
1201,0,3
1202,6,3
1203,0,3
1204,2,3
1205,2,3
1206,8,5
1207,4,3
1208,0,3
1209,0,3
1210,4,3
1211,9,3
1212,0,3
1213,0,3
1214,5,2
1215,1,3
1216,3,4
1217,0,3
1218,0,3
1219,1,3
1220,4,3
1221,0,3
1222,13,4
1223,0,3
1224,11,4
1225,2,3
1226,2,3
1227,2,3
1228,0,3
1229,10,3
1230,1,3
1231,1,3
1232,0,3
1233,2,3
1234,1,3
1235,5,3
1236,1,3
1237,1,3
1238,0,3
1239,2,3
1240,1,3
1241,0,3
1242,0,3
1243,1,3
1244,18,2
1245,26,4
1246,20,4
1247,3,3
1248,12,4
1249,0,3
1250,1,3
1251,41,3
1252,5,3
1253,0,3
1254,1,3
1255,1,3
1256,1,3
1257,1,3
1258,6,4
1259,0,3
1260,0,3
1261,4,3
1262,0,3
1263,2,3
1264,5,3
1265,5,3
1266,3,3
1267,3,3
1268,0,3
1269,1,3
1270,2,3
1271,2,3
1272,0,3
1273,0,3
1274,28,3
1275,1,3
1276,17,4
1277,0,3
1278,0,3
1279,0,3
1280,2,3
1281,1,3
1282,6,4
1283,5,3
1284,0,3
1285,0,3
1286,0,3
1287,1,3
1288,0,3
1289,19,2
1290,0,3
1291,10,4
1292,0,3
1293,0,3
1294,16,3
1295,11,3
1296,2,3
1297,11,4
1298,26,2
1299,0,3
1300,0,3
1301,0,3
1302,1,3
1303,9,7
1304,0,3
1305,1,3
1306,48,3
1307,1,2
1308,0,3
1309,1,4
1310,0,3
1311,0,3
1312,2,3
1313,0,3
1314,20,5
1315,51,3
1316,23,3
1317,0,3
1318,1,3
1319,20,3
1320,9,3
1321,11,3
1322,0,3
1323,0,3
1324,14,3
1325,0,3
1326,0,3
1327,7,3
1328,4,3
1329,5,4
1330,1,3
1331,1,3
1332,0,3
1333,1,3
1334,9,4
1335,0,3
1336,2,3
1337,5,4
1338,7,3
1339,16,4
1340,0,3
1341,4,3
1342,1,3
1343,4,3
1344,1,3
1345,0,3
1346,0,3
1347,1,3
1348,0,3
1349,0,3
1350,2,3
1351,0,3
1352,3,3
1353,2,3
1354,7,3
1355,0,3
1356,0,3
1357,3,4
1358,16,4
1359,1,3
1360,4,3
1361,1,3
1362,0,3
1363,6,3
1364,0,3
1365,6,3
1366,0,3
1367,0,3
1368,0,3
1369,1,3
1370,0,3
1371,2,3
1372,0,3
1373,0,3
1374,14,3
1375,1,3
1376,0,3
1377,4,3
1378,2,3
1379,8,3
1380,0,3
1381,6,4
1382,0,3
1383,1,3
1384,4,3
1385,2,3
1386,12,3
1387,0,3
1388,1,3
1389,2,3
1390,0,3
1391,1,3
1392,1,3
1393,2,3
1394,0,3
1395,1,3
1396,5,3
1397,4,3
1398,0,3
1399,0,3
1400,1,3
1401,4,3
1402,0,3
1403,6,3
1404,2,3
1405,0,3
1406,0,3
1407,0,3
1408,1,3
1409,1,3
1410,4,3
1411,1,3
1412,3,3
1413,2,3
1414,12,4
1415,0,3
1416,0,3
1417,0,3
1418,2,3
1419,0,3
1420,2,3
1421,1,3
1422,9,3
1423,2,3
1424,18,2
1425,0,3
1426,2,3
1427,2,3
1428,3,4
1429,24,3
1430,4,3
1431,1,3
1432,2,3
1433,12,3
1434,0,3
1435,0,3
1436,4,3
1437,2,3
1438,1,3
1439,11,4
1440,0,3
1441,3,3
1442,1,3
1443,1,3
1444,22,6
1445,0,3
1446,2,3
1447,0,3
1448,3,3
1449,0,3
1450,0,3
1451,2,3
1452,3,3
1453,9,4
1454,0,3
1455,0,3
1456,48,4
1457,3,3
1458,17,4
1459,0,3
1460,3,3
1461,0,3
1462,0,3
1463,0,3
1464,0,3
1465,0,3
1466,0,3
1467,5,4
1468,2,3
1469,1,3
1470,0,3
1471,8,4
1472,1,3
1473,0,3
1474,19,2
1475,3,3
1476,1,3
1477,1,3
1478,1,3
1479,4,3
1480,49,3
1481,5,3
1482,4,3
1483,14,4
1484,0,3
1485,0,3
1486,19,3
1487,18,4
1488,0,3
1489,0,3
1490,13,3
1491,1,3
1492,4,3
1493,2,3
1494,0,3
1495,1,3
1496,0,3
1497,3,3
1498,2,3
1499,0,3
1500,3,3
1501,1,3
1502,0,3
1503,1,3
1504,0,3
1505,5,3
1506,1,3
1507,0,3
1508,5,3
1509,1,3
1510,46,4
1511,2,3
1512,1,3
1513,0,3
1514,1,3
1515,2,3
1516,14,3
1517,0,3
1518,18,3
1519,3,3
1520,0,3
1521,14,3
1522,6,3
1523,0,3
1524,8,5
1525,0,3
1526,0,3
1527,2,2
1528,1,3
1529,0,3
1530,0,3
1531,2,3
1532,6,3
1533,0,3
1534,1,3
1535,2,3
1536,34,3
1537,4,3
1538,1,3
1539,1,3
1540,8,3
1541,5,3
1542,1,3
1543,22,4
1544,0,3
1545,1,3
1546,3,3
1547,0,3
1548,4,3
1549,0,3
1550,19,4
1551,2,3
1552,13,5
1553,1,3
1554,20,3
1555,35,4
1556,0,3
1557,0,3
1558,3,3
1559,3,3
1560,1,3
1561,0,3
1562,2,3
1563,0,3
1564,0,3
1565,0,3
1566,0,3
1567,1,3
1568,14,3
1569,0,3
1570,2,3
1571,5,3
1572,1,3
1573,0,3
1574,7,3
1575,6,3
1576,4,3
1577,0,3
1578,1,3
1579,0,3
1580,0,3
1581,1,3
1582,13,2
1583,0,3
1584,2,3
1585,0,3
1586,4,3
1587,1,3
1588,6,3
1589,0,3
1590,3,3
1591,10,4
1592,1,4
1593,1,3
1594,17,4
1595,1,3
1596,15,5
1597,16,3
1598,9,3
1599,0,3
1600,3,3
1601,5,4
1602,0,3
1603,1,3
1604,0,3
1605,0,3
1606,0,3
1607,0,3
1608,0,3
1609,14,3
1610,0,3
1611,1,3
1612,0,3
1613,3,3
1614,17,4
1615,13,4
1616,0,3
1617,2,3
1618,8,4
1619,1,3
1620,2,3
1621,0,3
1622,10,3
1623,1,3
1624,0,3
1625,3,3
1626,1,3
1627,0,3
1628,0,3
1629,2,3
1630,1,3
1631,0,3
1632,5,3
1633,0,3
1634,11,4
1635,0,3
1636,0,3
1637,0,3
1638,0,3
1639,33,4
1640,13,4
1641,4,3
1642,26,3
1643,0,3
1644,1,3
1645,11,3
1646,7,3
1647,2,3
1648,4,3
1649,0,3
1650,0,3
1651,13,3
1652,6,3
1653,22,4
1654,0,3
1655,8,4
1656,1,3
1657,1,3
1658,2,3
1659,1,3
1660,0,3
1661,0,3
1662,0,3
1663,3,3
1664,1,3
1665,2,3
1666,1,3
1667,2,3
1668,0,3
1669,0,3
1670,7,4
1671,12,3
1672,0,3
1673,1,3
1674,11,3
1675,3,3
1676,1,3
1677,0,3
1678,6,3
1679,3,3
1680,0,3
1681,8,3
1682,7,3
1683,2,3
1684,0,3
1685,0,3
1686,0,3
1687,31,7
1688,0,3
1689,0,3
1690,22,4
1691,2,3
1692,0,3
1693,0,3
1694,10,3
1695,1,3
1696,0,3
1697,2,3
1698,4,3
1699,5,4
1700,0,3
1701,17,4
1702,5,3
1703,2,3
1704,0,3
1705,0,3
1706,4,3
1707,17,3
1708,6,3
1709,21,3
1710,1,3
1711,14,5
1712,1,3
1713,2,3
1714,1,3
1715,0,3
1716,0,3
1717,1,3
1718,0,3
1719,1,3
1720,5,3
1721,2,3
1722,0,3
1723,1,3
1724,0,3
1725,1,3
1726,3,4
1727,0,3
1728,2,2
1729,2,3
1730,6,3
1731,0,3
1732,0,3
1733,2,3
1734,1,3
1735,0,3
1736,0,3
1737,1,3
1738,0,3
1739,3,3
1740,11,3
1741,0,3
1742,2,4
1743,13,3
1744,15,3
1745,3,3
1746,13,3
1747,10,3
1748,6,3
1749,6,3
1750,0,3
1751,8,3
1752,1,3
1753,0,3
1754,10,4
1755,12,3
1756,0,3
1757,29,4
1758,0,3
1759,1,3
1760,0,3
1761,16,3
1762,6,4
1763,17,5
1764,0,3
1765,2,3
1766,5,3
1767,18,4
1768,1,3
1769,13,3
1770,4,3
1771,8,3
1772,0,3
1773,11,4
1774,6,3
1775,0,3
1776,3,3
1777,1,3
1778,0,3
1779,6,4
1780,14,3
1781,1,3
1782,0,3
1783,0,3
1784,0,3
1785,3,3
1786,3,3
1787,3,3
1788,1,4
1789,6,4
1790,18,4
1791,1,3
1792,0,3
1793,2,3
1794,1,3
1795,0,3
1796,62,3
1797,3,4
1798,0,3
1799,6,3
1800,1,3
1801,1,3
1802,1,3
1803,0,3
1804,1,3
1805,0,3
1806,9,4
1807,9,3
1808,4,3
1809,2,3
1810,4,3
1811,1,3
1812,7,3
1813,1,4
1814,5,4
1815,2,3
1816,0,3
1817,2,3
1818,5,2
1819,0,3
1820,1,3
1821,0,3
1822,35,3
1823,5,3
1824,0,3
1825,1,3
1826,1,3
1827,0,3
1828,0,3
1829,1,3
1830,1,3
1831,0,3
1832,1,3
1833,0,3
1834,0,3
1835,0,3
1836,0,3
1837,3,3
1838,0,3
1839,2,3
1840,6,3
1841,0,3
1842,0,3
1843,0,3
1844,26,3
1845,11,3
1846,0,3
1847,1,3
1848,0,3
1849,17,6
1850,1,3
1851,51,1
1852,1,3
1853,4,3
1854,3,3
1855,6,3
1856,1,3
1857,1,3
1858,3,3
1859,1,3
1860,0,3
1861,25,6
1862,42,3
1863,0,3
1864,5,4
1865,1,3
1866,3,3
1867,46,4
1868,21,3
1869,0,3
1870,0,3
1871,2,3
1872,0,3
1873,3,3
1874,1,3
1875,57,3
1876,4,3
1877,1,3
1878,0,3
1879,0,3
1880,13,4
1881,0,3
1882,0,3
1883,0,3
1884,4,3
1885,7,3
1886,0,3
1887,0,3
1888,0,3
1889,0,3
1890,0,3
1891,0,3
1892,20,4
1893,8,3
1894,0,3
1895,1,3
1896,1,3
1897,7,3
1898,2,3
1899,0,3
1900,12,3
1901,2,3
1902,2,3
1903,0,3
1904,0,3
1905,0,3
1906,0,3
1907,5,4
1908,0,3
1909,0,3
1910,0,3
1911,0,3
1912,0,3
1913,7,3
1914,0,3
1915,9,4
1916,16,5
1917,3,3
1918,18,5
1919,11,3
1920,3,3
1921,0,3
1922,0,3
1923,49,5
1924,15,3
1925,18,4
1926,1,3
1927,0,3
1928,1,3
1929,24,6
1930,3,3
1931,3,2
1932,0,3
1933,4,3
1934,8,4
1935,5,3
1936,0,3
1937,8,2
1938,1,4
1939,2,4
1940,6,4
1941,0,3
1942,0,3
1943,0,3
1944,40,4
1945,0,3
1946,0,3
1947,2,3
1948,59,5
1949,0,3
1950,21,3
1951,3,3
1952,2,3
1953,8,4
1954,0,3
1955,1,3
1956,4,4
1957,20,3
1958,1,3
1959,13,3
1960,26,5
1961,6,4
1962,33,4
1963,9,4
1964,2,3
1965,1,3
1966,3,3
1967,0,3
1968,0,3
1969,7,3
1970,3,3
1971,2,3
1972,4,3
1973,8,4
1974,1,3
1975,4,3
1976,4,3
1977,20,5
1978,17,4
1979,5,3
1980,0,3
1981,51,7
1982,0,3
1983,1,3
1984,1,3
1985,0,3
1986,4,3
1987,12,3
1988,2,3
1989,0,3
1990,1,3
1991,0,3
1992,2,3
1993,0,3
1994,0,3
1995,24,4
1996,12,3
1997,30,5
1998,22,6
1999,0,3
2000,0,3
2001,3,3
2002,17,4
2003,18,4
2004,0,3
2005,27,3
2006,0,3
2007,0,3
2008,0,3
2009,1,3
2010,0,3
2011,1,3
2012,0,3
2013,1,3
2014,1,3
2015,0,3
2016,0,3
2017,4,3
2018,2,3
2019,1,3
2020,3,3
2021,8,4
2022,34,6
2023,1,3
2024,2,3
2025,2,3
2026,0,3
2027,0,3
2028,4,3
2029,1,3
2030,0,3
2031,11,3
2032,9,5
2033,0,3
2034,0,3
2035,2,3
2036,2,3
2037,0,3
2038,23,4
2039,2,3
2040,3,3
2041,0,3
2042,0,3
2043,24,4
2044,0,3
2045,3,3
2046,2,3
2047,30,3
2048,3,3
2049,11,5
2050,0,3
2051,0,3
2052,5,3
2053,7,3
2054,18,4
2055,12,4
2056,2,3
2057,8,4
2058,1,3
2059,22,5
2060,0,3
2061,6,4
2062,2,3
2063,18,4
2064,0,3
2065,0,3
2066,0,3
2067,10,3
2068,0,3
2069,6,3
2070,3,3
2071,14,3
2072,0,3
2073,1,3
2074,6,3
2075,0,3
2076,0,3
2077,1,3
2078,53,4
2079,1,3
2080,0,3
2081,3,3
2082,16,3
2083,0,3
2084,0,3
2085,11,3
2086,12,4
2087,35,6
2088,4,3
2089,0,3
2090,0,3
2091,0,3
2092,1,3
2093,0,3
2094,0,3
2095,1,3
2096,18,4
2097,3,3
2098,19,4
2099,10,4
2100,5,3
2101,0,3
2102,0,3
2103,1,3
2104,3,3
2105,4,3
2106,0,3
2107,3,4
2108,0,3
2109,0,3
2110,13,3
2111,0,3
2112,2,4
2113,0,3
2114,7,3
2115,5,3
2116,0,3
2117,0,3
2118,0,3
2119,0,3
2120,17,4
2121,0,3
2122,3,3
2123,0,3
2124,32,6
2125,5,4
2126,8,2
2127,0,3
2128,11,3
2129,0,3
2130,0,3
2131,5,4
2132,0,3
2133,0,3
2134,5,3
2135,1,3
2136,0,3
2137,13,4
2138,2,3
2139,2,3
2140,1,3
2141,0,3
2142,0,3
2143,36,5
2144,2,3
2145,2,3
2146,1,3
2147,20,4
2148,5,3
2149,22,3
2150,1,4
2151,9,4
2152,2,3
2153,0,3
2154,0,3
2155,4,3
2156,3,3
2157,8,4
2158,20,3
2159,4,3
2160,7,3
2161,1,3
2162,22,3
2163,0,3
2164,4,3
2165,2,4
2166,1,3
2167,1,3
2168,0,3
2169,1,3
2170,0,3
2171,2,3
2172,0,3
2173,0,3
2174,0,3
2175,4,3
2176,1,3
2177,4,3
2178,0,3
2179,0,3
2180,3,3
2181,6,4
2182,42,3
2183,1,3
2184,0,3
2185,15,4
2186,0,3
2187,0,3
2188,8,4
2189,3,3
2190,18,6
2191,0,3
2192,0,3
2193,3,3
2194,21,6
2195,0,3
2196,1,3
2197,5,3
2198,0,3
2199,2,3
2200,0,3
2201,4,3
2202,1,3
2203,7,3
2204,1,3
2205,2,3
2206,0,3
2207,1,3
2208,0,3
2209,5,4
2210,2,3
2211,0,3
2212,11,3
2213,34,6
2214,48,8
2215,26,5
2216,1,3
2217,10,4
2218,19,2
2219,30,4
2220,3,4
2221,20,5
2222,0,3
2223,0,3
2224,0,3
2225,0,3
2226,4,3
2227,1,3
2228,2,3
2229,0,3
2230,0,3
2231,6,5
2232,1,3
2233,1,3
2234,0,3
2235,0,3
2236,21,4
2237,0,3
2238,5,3
2239,0,3
2240,0,3
2241,10,3
2242,1,3
2243,3,2
2244,7,4
2245,0,3
2246,0,3
2247,7,4
2248,0,3
2249,0,3
2250,22,2
2251,0,3
2252,0,3
2253,0,3
2254,14,4
2255,18,5
2256,0,3
2257,2,3
2258,9,4
2259,22,5
2260,21,3
2261,1,3
2262,11,3
2263,0,3
2264,2,3
2265,0,3
2266,0,3
2267,13,4
2268,12,3
2269,15,4
2270,1,3
2271,13,3
2272,1,3
2273,0,3
2274,1,3
2275,3,3
2276,0,3
2277,0,3
2278,0,3
2279,16,4
2280,91,3
2281,15,4
2282,9,4
2283,2,3
2284,6,4
2285,2,3
2286,0,3
2287,0,3
2288,1,3
2289,0,3
2290,0,3
2291,19,4
2292,0,3
2293,3,3
2294,12,5
2295,4,3
2296,2,3
2297,4,5
2298,0,3
2299,0,3
2300,0,3
2301,11,3
2302,5,3
2303,3,3
2304,1,3
2305,11,4
2306,10,6
2307,6,3
2308,3,3
2309,4,4
2310,0,3
2311,0,3
2312,0,3
2313,15,4
2314,9,3
2315,1,3
2316,68,3
2317,5,3
2318,9,3
2319,6,3
2320,4,4
2321,19,3
2322,8,6
2323,18,5
2324,0,3
2325,3,4
2326,0,3
2327,0,3
2328,15,4
2329,19,5
2330,2,3
2331,1,3
2332,0,3
2333,0,3
2334,7,3
2335,13,3
2336,1,3
2337,1,3
2338,1,3
2339,0,3
2340,1,3
2341,6,4
2342,1,3
2343,7,4
2344,0,3
2345,3,2
2346,2,3
2347,12,4
2348,1,3
2349,1,3
2350,0,3
2351,10,4
2352,0,3
2353,0,3
2354,1,3
2355,9,3
2356,0,3
2357,0,3
2358,1,3
2359,7,4
2360,19,3
2361,0,3
2362,1,3
2363,1,3
2364,2,3
2365,0,3
2366,0,3
2367,4,3
2368,5,3
2369,1,3
2370,4,3
2371,2,3
2372,0,3
2373,16,4
2374,2,3
2375,4,3
2376,20,6
2377,9,3
2378,0,3
2379,9,3
2380,0,3
2381,0,3
2382,0,3
2383,19,6
2384,62,5
2385,1,3
2386,9,5
2387,0,3
2388,0,3
2389,0,3
2390,3,3
2391,13,3
2392,0,3
2393,24,4
2394,0,3
2395,0,3
2396,44,3
2397,0,3
2398,14,4
2399,6,3
2400,8,3
2401,2,3
2402,2,4
2403,0,3
2404,0,3
2405,1,3
2406,0,3
2407,4,3
2408,0,3
2409,1,3
2410,0,3
2411,3,3
2412,20,5
2413,9,4
2414,0,3
2415,0,3
2416,0,3
2417,17,3
2418,0,3
2419,3,3
2420,9,4
2421,5,3
2422,5,3
2423,16,4
2424,0,3
2425,1,3
2426,13,4
2427,2,3
2428,3,4
2429,4,3
2430,0,3
2431,2,4
2432,0,3
2433,7,3
2434,8,3
2435,23,4
2436,0,3
2437,0,3
2438,16,6
2439,1,3
2440,2,3
2441,7,3
2442,0,3
2443,1,3
2444,5,4
2445,15,5
2446,38,3
2447,1,3
2448,2,3
2449,0,3
2450,0,3
2451,0,3
2452,0,3
2453,4,3
2454,0,3
2455,29,3
2456,7,3
2457,25,4
2458,0,3
2459,4,3
2460,31,6
2461,0,3
2462,9,4
2463,18,6
2464,0,3
2465,0,3
2466,6,3
2467,17,4
2468,19,6
2469,2,3
2470,1,3
2471,1,3
2472,0,3
2473,23,7
2474,1,4
2475,0,3
2476,52,7
2477,16,5
2478,0,3
2479,5,4
2480,1,3
2481,3,3
2482,0,3
2483,15,4
2484,0,3
2485,7,3
2486,1,3
2487,12,3
2488,0,3
2489,32,5
2490,0,3
2491,0,3
2492,17,5
2493,30,4
2494,0,3
2495,14,3
2496,2,3
2497,0,3
2498,23,6
2499,42,3
2500,0,3
2501,54,5
2502,5,3
2503,0,3
2504,0,3
2505,32,5
2506,12,3
2507,0,3
2508,0,3
2509,27,4
2510,0,3
2511,0,3
2512,2,3
2513,0,3
2514,41,5
2515,14,5
2516,0,3
2517,0,3
2518,18,3
2519,15,3
2520,14,4
2521,3,3
2522,27,6
2523,17,8
2524,0,3
2525,1,3
2526,2,3
2527,0,3
2528,0,3
2529,24,4
2530,31,6
2531,0,3
2532,13,4
2533,3,3
2534,1,3
2535,4,4
2536,15,4
2537,1,3
2538,39,4
2539,11,3
2540,0,3
2541,17,3
2542,0,3
2543,3,3
2544,0,3
2545,4,3
2546,1,3
2547,29,6
2548,0,3
2549,2,3
2550,10,4
2551,0,3
2552,2,3
2553,0,3
2554,18,6
2555,4,3
2556,36,4
2557,4,3
2558,1,3
2559,11,4
2560,22,4
2561,7,3
2562,0,3
2563,0,3
2564,1,3
2565,13,5
2566,13,5
2567,6,3
2568,3,3
2569,6,4
2570,0,3
2571,1,3
2572,2,3
2573,0,3
2574,0,3
2575,19,4
2576,0,3
2577,0,3
2578,19,4
2579,0,3
2580,0,3
2581,0,3
2582,1,2
2583,0,3
2584,0,3
2585,1,3
2586,0,3
2587,0,3
2588,0,3
2589,36,7
2590,1,3
2591,2,3
2592,7,3
2593,0,3
2594,4,3
2595,0,3
2596,20,3
2597,1,3
2598,0,3
2599,6,3
2600,11,2
2601,12,3
2602,8,3
2603,18,5
2604,2,4
2605,2,3
2606,0,3
2607,3,3
2608,0,3
2609,1,3
2610,1,3
2611,0,3
2612,0,3
2613,0,3
2614,0,3
2615,0,3
2616,0,3
2617,1,3
2618,11,4
2619,38,4
2620,11,4
2621,45,6
2622,1,3
2623,25,6
2624,0,3
2625,10,3
2626,0,3
2627,0,3
2628,1,3
2629,13,3
2630,0,3
2631,1,3
2632,28,3
2633,8,4
2634,3,3
2635,0,3
2636,38,5
2637,9,3
2638,0,3
2639,1,3
2640,45,5
2641,0,3
2642,36,4
2643,16,3
2644,37,4
2645,0,3
2646,0,3
2647,1,3
2648,1,3
2649,7,3
2650,2,3
2651,3,4
2652,0,3
2653,45,4
2654,0,3
2655,4,3
2656,0,3
2657,4,3
2658,0,3
2659,0,3
2660,4,3
2661,0,3
2662,22,4
2663,0,3
2664,0,3
2665,26,6
2666,2,3
2667,1,3
2668,31,5
2669,8,3
2670,1,3
2671,1,3
2672,21,4
2673,0,3
2674,52,7
2675,4,3
2676,3,3
2677,0,3
2678,1,3
2679,8,4
2680,1,3
2681,21,6
2682,11,2
2683,3,3
2684,43,4
2685,0,3
2686,0,3
2687,0,3
2688,3,3
2689,1,3
2690,25,3
2691,0,3
2692,15,3
2693,0,3
2694,6,4
2695,0,3
2696,0,3
2697,33,4
2698,1,3
2699,1,4
2700,0,3
2701,22,4
2702,5,3
2703,1,3
2704,11,3
2705,0,3
2706,7,5
2707,2,3
2708,2,3
2709,63,4
2710,16,4
2711,1,3
2712,3,3
2713,2,3
2714,2,2
2715,8,4
2716,0,3
2717,0,3
2718,16,5
2719,0,3
2720,16,5
2721,106,3
2722,0,3
2723,0,3
2724,0,3
2725,2,3
2726,4,3
2727,1,3
2728,16,5
2729,0,3
2730,2,3
2731,0,3
2732,22,6
2733,25,4
2734,12,6
2735,1,3
2736,9,3
2737,5,3
2738,0,3
2739,18,5
2740,46,7
2741,2,3
2742,1,3
2743,0,3
2744,2,3
2745,1,2
2746,0,3
2747,6,4
2748,9,5
2749,3,4
2750,0,3
2751,24,4
2752,0,3
2753,1,3
2754,7,4
2755,1,3
2756,4,3
2757,0,3
2758,19,5
2759,0,3
2760,17,4
2761,3,3
2762,19,3
2763,6,4
2764,2,3
2765,2,3
2766,0,3
2767,1,3
2768,25,3
2769,9,4
2770,11,4
2771,5,3
2772,11,4
2773,2,3
2774,11,5
2775,0,3
2776,1,3
2777,1,3
2778,34,5
2779,27,6
2780,3,3
2781,13,5
2782,1,3
2783,74,4
2784,3,3
2785,20,6
2786,1,3
2787,0,3
2788,4,3
2789,11,4
2790,0,3
2791,0,3
2792,9,3
2793,7,4
2794,3,3
2795,1,3
2796,0,3
2797,0,3
2798,1,4
2799,18,6
2800,15,4
2801,17,6
2802,2,3
2803,0,3
2804,0,3
2805,0,3
2806,1,2
2807,0,3
2808,18,4
2809,12,4
2810,4,3
2811,0,3
2812,44,4
2813,0,3
2814,1,3
2815,1,3
2816,25,6
2817,0,3
2818,25,5
2819,4,5
2820,1,3
2821,3,3
2822,37,5
2823,2,3
2824,0,3
2825,44,5
2826,0,3
2827,44,6
2828,15,4
2829,19,7
2830,0,3
2831,3,3
2832,0,3
2833,20,6
2834,17,3
2835,5,4
2836,1,3
2837,2,3
2838,1,3
2839,25,4
2840,19,1
2841,30,4
2842,1,3
2843,0,3
2844,1,3
2845,1,3
2846,0,3
2847,0,3
2848,0,3
2849,0,3
2850,0,3
2851,0,3
2852,0,3
2853,0,3
2854,41,3
2855,1,3
2856,0,3
2857,11,4
2858,1,3
2859,0,3
2860,65,5
2861,0,3
2862,0,3
2863,2,3
2864,1,3
2865,0,3
2866,0,3
2867,2,3
2868,0,3
2869,0,3
2870,30,4
2871,0,3
2872,0,3
2873,2,3
2874,10,3
2875,22,1
2876,0,3
2877,30,5
2878,0,3
2879,13,6
2880,1,3
2881,0,3
2882,14,4
2883,8,4
2884,0,3
2885,8,3
2886,0,3
2887,14,4
2888,3,3
2889,28,4
2890,0,3
2891,23,4
2892,6,3
2893,1,3
2894,0,3
2895,26,4
2896,0,3
2897,0,3
2898,0,3
2899,0,3
2900,21,4
2901,9,4
2902,1,3
2903,0,3
2904,0,3
2905,13,4
2906,0,3
2907,1,3
2908,1,3
2909,41,6
2910,18,4
2911,7,3
2912,0,3
2913,0,3
2914,2,3
2915,0,3
2916,11,4
2917,26,6
2918,15,4
2919,20,7
2920,0,3
2921,1,3
2922,2,3
2923,3,3
2924,2,3
2925,3,3
2926,3,4
2927,0,3
2928,23,3
2929,0,3
2930,0,3
2931,30,7
2932,0,3
2933,15,3
2934,0,3
2935,45,4
2936,0,3
2937,10,4
2938,2,3
2939,22,6
2940,8,2
2941,0,3
2942,0,3
2943,1,3
2944,1,3
2945,0,3
2946,0,3
2947,0,3
2948,1,3
2949,24,4
2950,6,3
2951,37,7
2952,0,3
2953,1,3
2954,0,3
2955,0,3
2956,1,3
2957,0,3
2958,0,3
2959,0,3
2960,0,3
2961,35,8
2962,1,3
2963,1,3
2964,1,3
2965,1,3
2966,47,7
2967,0,3
2968,1,3
2969,0,3
2970,11,4
2971,0,3
2972,0,3
2973,0,3
2974,5,3
2975,3,4
2976,0,3
2977,61,6
2978,8,3
2979,2,3
2980,0,3
2981,42,8
2982,12,6
2983,0,3
2984,1,3
2985,44,7
2986,0,3
2987,10,4
2988,30,9
2989,25,6
2990,13,5
2991,18,5
2992,0,3
2993,14,4
2994,0,3
2995,0,3
2996,0,3
2997,0,3
2998,15,3
2999,12,4
3000,0,3
3001,3,3
3002,5,3
3003,0,3
3004,0,3
3005,0,3
3006,0,3
3007,0,3
3008,24,5
3009,2,3
3010,0,3
3011,25,5
3012,2,3
3013,40,5
3014,1,3
3015,1,3
3016,2,3
3017,13,4
3018,0,3
3019,42,5
3020,19,3
3021,12,4
3022,1,2
3023,0,3
3024,30,5
3025,1,3
3026,0,3
3027,2,3
3028,15,4
3029,19,4
3030,0,3
3031,24,7
3032,0,3
3033,15,4
3034,47,5
3035,4,3
3036,12,3
3037,15,3
3038,8,5
3039,1,3
3040,0,3
3041,0,3
3042,14,5
3043,16,4
3044,20,4
3045,1,3
3046,6,3
3047,10,4
3048,0,3
3049,3,3
3050,1,3
3051,0,3
3052,2,3
3053,48,4
3054,51,3
3055,0,3
3056,1,3
3057,0,3
3058,0,3
3059,4,3
3060,1,3
3061,0,3
3062,1,3
3063,19,3
3064,1,3
3065,0,3
3066,0,3
3067,0,3
3068,0,3
3069,23,5
3070,1,3
3071,7,5
3072,21,6
3073,2,3
3074,16,4
3075,2,3
3076,11,4
3077,0,3
3078,30,3
3079,0,3
3080,0,3
3081,2,3
3082,17,3
3083,18,5
3084,1,3
3085,44,5
3086,3,3
3087,0,3
3088,12,5
3089,36,5
3090,31,5
3091,0,3
3092,20,4
3093,2,3
3094,31,4
3095,1,3
3096,0,3
3097,0,3
3098,0,3
3099,46,7
3100,1,3
3101,4,3
3102,19,6
3103,0,3
3104,51,5
3105,0,3
3106,0,3
3107,3,3
3108,36,7
3109,3,2
3110,2,3
3111,5,3
3112,0,3
3113,4,3
3114,0,3
3115,8,3
3116,5,3
3117,2,4
3118,3,3
3119,6,4
3120,0,3
3121,23,6
3122,5,3
3123,0,3
3124,3,3
3125,2,3
3126,53,5
3127,26,5
3128,4,3
3129,10,5
3130,5,4
3131,0,3
3132,3,3
3133,31,6
3134,23,4
3135,12,6
3136,0,3
3137,18,5
3138,16,3
3139,14,4
3140,0,3
3141,1,3
3142,18,3
3143,89,4
3144,1,3
3145,20,4
3146,17,4
3147,42,4
3148,0,3
3149,53,6
3150,1,3
3151,0,3
3152,1,3
3153,15,4
3154,30,7
3155,0,3
3156,9,3
3157,35,5
3158,2,3
3159,1,3
3160,1,3
3161,0,3
3162,1,3
3163,2,3
3164,0,3
3165,5,4
3166,1,3
3167,9,6
3168,56,7
3169,1,3
3170,0,3
3171,0,3
3172,2,3
3173,0,3
3174,17,4
3175,55,7
3176,0,3
3177,169,1
3178,21,5
3179,0,3
3180,1,3
3181,2,3
3182,0,3
3183,0,3
3184,0,3
3185,0,3
3186,21,5
3187,0,3
3188,0,3
3189,3,3
3190,3,4
3191,0,3
3192,1,3
3193,1,3
3194,26,5
3195,1,3
3196,1,3
3197,22,5
3198,54,7
3199,2,4
3200,0,3
3201,0,3
3202,12,4
3203,1,3
3204,2,3
3205,18,4
3206,1,3
3207,1,3
3208,14,5
3209,1,3
3210,12,4
3211,0,3
3212,2,3
3213,3,3
3214,16,4
3215,1,3
3216,0,3
3217,0,3
3218,17,5
3219,36,6
3220,3,3
3221,0,3
3222,37,7
3223,49,5
3224,0,3
3225,60,8
3226,26,6
3227,0,3
3228,0,3
3229,0,3
3230,1,3
3231,8,4
3232,0,3
3233,0,3
3234,0,3
3235,5,3
3236,0,3
3237,30,4
3238,30,4
3239,12,4
3240,26,6
3241,26,7
3242,27,4
3243,0,3
3244,22,6
3245,13,4
3246,36,5
3247,19,5
3248,0,3
3249,4,3
3250,0,3
3251,24,5
3252,0,3
3253,11,3
3254,34,4
3255,0,3
3256,17,6
3257,0,3
3258,26,5
3259,0,3
3260,0,3
3261,6,4
3262,33,5
3263,0,3
3264,0,3
3265,0,3
3266,9,3
3267,2,3
3268,6,3
3269,0,3
3270,18,4
3271,44,3
3272,1,3
3273,0,3
3274,1,3
3275,0,3
3276,1,3
3277,10,5
3278,0,3
3279,39,5
3280,0,3
3281,1,3
3282,0,3
3283,37,6
3284,40,6
3285,0,3
3286,0,3
3287,0,3
3288,0,3
3289,0,3
3290,6,3
3291,2,3
3292,26,6
3293,0,3
3294,0,3
3295,29,5
3296,0,3
3297,0,3
3298,2,3
3299,18,5
3300,38,7
3301,1,3
3302,8,4
3303,3,3
3304,1,2
3305,20,6
3306,52,6
3307,64,2
3308,1,3
3309,39,5
3310,33,7
3311,19,5
3312,21,6
3313,0,3
3314,0,3
3315,1,3
3316,0,3
3317,42,4
3318,0,3
3319,31,8
3320,5,3
3321,1,3
3322,40,5
3323,23,7
3324,0,3
3325,3,3
3326,0,3
3327,0,3
3328,0,3
3329,11,4
3330,2,3
3331,0,3
3332,6,3
3333,0,3
3334,0,3
3335,0,3
3336,0,3
3337,3,3
3338,0,3
3339,8,2
3340,0,3
3341,0,3
3342,5,3
3343,0,3
3344,70,9
3345,0,3
3346,0,3
3347,33,7
3348,0,3
3349,21,4
3350,0,3
3351,4,3
3352,23,5
3353,1,3
3354,0,3
3355,4,3
3356,0,3
3357,35,5
3358,19,6
3359,0,3
3360,0,3
3361,0,3
3362,0,3
3363,1,3
3364,13,4
3365,28,7
3366,0,3
3367,9,4
3368,1,3
3369,16,5
3370,35,7
3371,0,3
3372,5,4
3373,1,4
3374,2,3
3375,0,3
3376,0,3
3377,8,5
3378,2,3
3379,62,7
3380,9,4
3381,78,9
3382,2,3
3383,1,3
3384,2,3
3385,27,6
3386,7,3
3387,0,3
3388,0,3
3389,0,3
3390,20,6
3391,1,3
3392,0,3
3393,23,6
3394,2,3
3395,0,3
3396,6,3
3397,29,6
3398,2,3
3399,0,3
3400,2,3
3401,1,3
3402,0,3
3403,1,3
3404,0,3
3405,12,4
3406,31,6
3407,0,3
3408,38,7
3409,0,3
3410,8,3
3411,32,5
3412,0,3
3413,1,3
3414,0,3
3415,4,2
3416,1,3
3417,8,4
3418,30,7
3419,18,3
3420,11,3
3421,2,3
3422,10,3
3423,0,3
3424,1,3
3425,13,5
3426,0,3
3427,17,4
3428,0,3
3429,6,3
3430,0,3
3431,30,5
3432,22,4
3433,0,3
3434,2,3
3435,1,3
3436,0,3
3437,3,3
3438,2,3
3439,37,6
3440,0,3
3441,0,3
3442,2,3
3443,1,2
3444,2,3
3445,1,3
3446,37,5
3447,0,3
3448,0,3
3449,1,3
3450,0,3
3451,36,5
3452,20,6
3453,24,3
3454,0,3
3455,15,5
3456,0,3
3457,1,3
3458,0,3
3459,41,7
3460,0,3
3461,71,4
3462,8,4
3463,5,3
3464,12,6
3465,1,3
3466,38,8
3467,13,4
3468,0,3
3469,3,3
3470,0,3
3471,2,3
3472,64,8
3473,0,3
3474,0,3
3475,0,3
3476,4,3
3477,0,3
3478,10,4
3479,23,5
3480,68,7
3481,0,3
3482,1,3
3483,21,3
3484,7,3
3485,1,3
3486,0,3
3487,0,3
3488,0,3
3489,1,3
3490,0,3
3491,2,3
3492,1,3
3493,0,3
3494,1,3
3495,0,3
3496,0,3
3497,23,5
3498,0,3
3499,0,3
3500,21,4
3501,0,3
3502,23,5
3503,42,7
3504,81,7
3505,5,3
3506,40,5
3507,25,4
3508,11,4
3509,0,3
3510,83,5
3511,1,3
3512,28,4
3513,7,4
3514,32,9
3515,0,3
3516,13,6
3517,38,6
3518,42,9
3519,4,3
3520,2,3
3521,28,6
3522,4,4
3523,1,3
3524,22,4
3525,20,4
3526,123,7
3527,0,3
3528,0,3
3529,1,3
3530,0,3
3531,17,7
3532,31,7
3533,6,4
3534,74,7
3535,2,3
3536,2,3
3537,0,3
3538,4,5
3539,0,3
3540,91,5
3541,0,3
3542,6,3
3543,0,3
3544,28,6
3545,0,3
3546,0,3
3547,0,3
3548,46,6
3549,24,5
3550,17,5
3551,0,3
3552,34,6
3553,1,3
3554,24,5
3555,0,3
3556,0,3
3557,0,3
3558,8,4
3559,25,4
3560,0,3
3561,18,5
3562,0,3
3563,1,3
3564,0,3
3565,3,3
3566,0,3
3567,52,9
3568,0,3
3569,7,3
3570,35,5
3571,0,3
3572,12,4
3573,24,5
3574,0,3
3575,13,5
3576,0,3
3577,4,3
3578,17,5
3579,0,3
3580,2,3
3581,0,3
3582,1,3
3583,0,3
3584,61,4
3585,0,3
3586,0,3
3587,0,3
3588,2,4
3589,58,3
3590,34,4
3591,0,3
3592,0,3
3593,0,3
3594,0,3
3595,21,7
3596,0,3
3597,55,5
3598,41,5
3599,0,3
3600,0,3
3601,6,3
3602,19,5
3603,43,6
3604,0,3
3605,52,8
3606,6,3
3607,23,4
3608,1,3
3609,50,4
3610,2,3
3611,31,6
3612,1,3
3613,49,3
3614,6,3
3615,1,3
3616,32,7
3617,0,3
3618,0,3
3619,45,4
3620,0,3
3621,19,5
3622,37,6
3623,24,5
3624,1,3
3625,26,5
3626,9,3
3627,0,3
3628,0,3
3629,9,5
3630,37,6
3631,1,3
3632,24,5
3633,18,3
3634,41,5
3635,8,4
3636,23,6
3637,0,3
3638,0,3
3639,1,3
3640,0,3
3641,1,3
3642,4,3
3643,84,8
3644,11,5
3645,0,3
3646,75,4
3647,27,4
3648,10,5
3649,0,3
3650,0,3
3651,21,5
3652,0,3
3653,0,3
3654,31,7
3655,1,3
3656,0,3
3657,0,3
3658,4,2
3659,47,6
3660,28,5
3661,1,3
3662,3,3
3663,11,5
3664,1,3
3665,0,3
3666,46,4
3667,50,8
3668,45,4
3669,2,3
3670,8,3
3671,15,2
3672,0,3
3673,0,3
3674,0,3
3675,40,5
3676,82,10
3677,10,3
3678,2,3
3679,10,3
3680,0,3
3681,0,3
3682,60,5
3683,81,8
3684,49,5
3685,2,3
3686,24,4
3687,0,3
3688,35,5
3689,49,5
3690,0,3
3691,0,3
3692,0,3
3693,43,6
3694,0,3
3695,2,3
3696,25,5
3697,16,5
3698,0,3
3699,0,3
3700,2,3
3701,26,4
3702,2,3
3703,0,3
3704,37,7
3705,20,3
3706,1,3
3707,0,3
3708,75,4
3709,0,3
3710,1,3
3711,0,3
3712,0,3
3713,5,3
3714,0,3
3715,1,3
3716,0,3
3717,11,5
3718,2,3
3719,0,3
3720,40,8
3721,1,3
3722,0,3
3723,0,3
3724,0,3
3725,6,4
3726,31,4
3727,2,3
3728,0,3
3729,13,4
3730,17,4
3731,0,3
3732,18,4
3733,0,3
3734,0,3
3735,7,4
3736,71,10
3737,1,3
3738,37,7
3739,3,3
3740,0,3
3741,0,3
3742,37,7
3743,1,2
3744,4,4
3745,23,8
3746,20,4
3747,17,6
3748,12,5
3749,23,4
3750,0,3
3751,0,3
3752,69,5
3753,7,4
3754,0,3
3755,2,3
3756,13,4
3757,26,7
3758,28,6
3759,1,3
3760,0,3
3761,62,8
3762,1,3
3763,1,3
3764,1,3
3765,30,6
3766,3,4
3767,43,5
3768,3,3
3769,0,3
3770,17,4
3771,1,3
3772,2,4
3773,15,4
3774,1,3
3775,0,3
3776,39,3
3777,24,7
3778,1,3
3779,59,4
3780,18,5
3781,0,3
3782,0,3
3783,36,9
3784,17,6
3785,58,5
3786,9,4
3787,1,3
3788,64,7
3789,24,7
3790,1,3
3791,0,3
3792,0,3
3793,7,4
3794,17,5
3795,55,8
3796,0,3
3797,55,8
3798,33,5
3799,33,7
3800,37,6
3801,1,3
3802,0,3
3803,12,6
3804,0,3
3805,32,9
3806,1,3
3807,0,3
3808,46,9
3809,0,3
3810,0,3
3811,38,7
3812,0,3
3813,0,3
3814,13,4
3815,0,3
3816,3,3
3817,0,3
3818,12,5
3819,21,4
3820,36,6
3821,0,3
3822,4,3
3823,2,3
3824,51,10
3825,30,6
3826,8,2
3827,23,5
3828,0,3
3829,9,4
3830,37,5
3831,0,3
3832,4,3
3833,0,3
3834,0,3
3835,36,6
3836,0,3
3837,28,7
3838,3,3
3839,3,3
3840,0,3
3841,0,3
3842,0,3
3843,0,3
3844,67,9
3845,14,4
3846,0,3
3847,0,3
3848,2,3
3849,14,4
3850,0,3
3851,0,3
3852,15,4
3853,0,3
3854,1,3
3855,0,3
3856,12,4
3857,1,3
3858,0,3
3859,0,3
3860,18,5
3861,0,3
3862,1,3
3863,20,6
3864,37,5
3865,0,3
3866,0,3
3867,0,3
3868,0,3
3869,59,7
3870,0,3
3871,29,7
3872,0,3
3873,34,7
3874,8,4
3875,10,4
3876,1,3
3877,20,7
3878,0,3
3879,0,3
3880,0,3
3881,1,3
3882,28,6
3883,0,3
3884,0,3
3885,4,3
3886,39,5
3887,0,3
3888,0,3
3889,31,5
3890,1,3
3891,13,5
3892,31,6
3893,0,3
3894,52,9
3895,0,3
3896,15,3
3897,4,3
3898,0,3
3899,1,3
3900,3,3
3901,6,4
3902,0,3
3903,1,3
3904,31,6
3905,51,8
3906,1,3
3907,7,3
3908,23,5
3909,38,6
3910,0,3
3911,1,3
3912,1,3
3913,35,10
3914,22,6
3915,0,3
3916,0,3
3917,1,3
3918,6,3
3919,18,4
3920,1,3
3921,0,3
3922,49,7
3923,1,3
3924,2,3
3925,1,3
3926,0,3
3927,0,3
3928,3,3
3929,2,3
3930,68,9
3931,0,3
3932,0,3
3933,19,6
3934,20,4
3935,27,6
3936,13,3
3937,26,6
3938,38,6
3939,9,3
3940,16,4
3941,0,3
3942,0,3
3943,34,7
3944,18,4
3945,0,3
3946,15,5
3947,60,7
3948,9,3
3949,12,6
3950,16,3
3951,2,3
3952,0,3
3953,6,4
3954,1,3
3955,40,6
3956,2,3
3957,73,10
3958,13,3
3959,0,3
3960,1,3
3961,0,3
3962,2,3
3963,0,3
3964,0,3
3965,51,6
3966,14,6
3967,0,3
3968,1,3
3969,1,3
3970,0,3
3971,11,3
3972,54,7
3973,0,3
3974,29,6
3975,7,3
3976,0,3
3977,0,3
3978,32,7
3979,0,3
3980,9,3
3981,3,2
3982,44,6
3983,15,4
3984,4,4
3985,0,3
3986,0,3
3987,1,3
3988,9,3
3989,23,4
3990,0,3
3991,0,3
3992,1,3
3993,0,3
3994,23,4
3995,0,3
3996,44,7
3997,0,3
3998,0,3
3999,0,3
4000,0,3
4001,1,3
4002,0,3
4003,0,3
4004,1,3
4005,2,4
4006,1,3
4007,1,3
4008,19,3
4009,1,3
4010,68,5
4011,0,3
4012,5,5
4013,0,3
4014,28,7
4015,42,5
4016,1,3
4017,11,4
4018,8,3
4019,33,6
4020,0,3
4021,37,4
4022,36,5
4023,6,3
4024,0,3
4025,23,3
4026,33,7
4027,0,3
4028,2,3
4029,5,3
4030,0,3
4031,0,3
4032,2,3
4033,10,3
4034,28,5
4035,35,5
4036,80,7
4037,0,3
4038,1,3
4039,0,3
4040,0,3
4041,13,5
4042,0,3
4043,0,3
4044,0,3
4045,1,3
4046,31,7
4047,1,3
4048,64,6
4049,74,7
4050,41,5
4051,21,7
4052,0,3
4053,40,11
4054,62,7
4055,18,5
4056,1,3
4057,73,3
4058,34,5
4059,45,7
4060,0,3
4061,1,3
4062,0,3
4063,0,3
4064,12,4
4065,0,3
4066,0,3
4067,35,6
4068,0,3
4069,6,3
4070,4,3
4071,1,3
4072,2,3
4073,1,3
4074,38,7
4075,20,6
4076,28,6
4077,100,4
4078,24,3
4079,23,4
4080,0,3
4081,15,3
4082,1,3
4083,25,8
4084,21,7
4085,22,7
4086,6,3
4087,2,3
4088,3,3
4089,0,3
4090,32,8
4091,1,3
4092,22,5
4093,0,3
4094,0,3
4095,1,3
4096,11,3
4097,26,6
4098,38,5
4099,2,3
4100,20,6
4101,0,3
4102,3,3
4103,58,6
4104,0,3
4105,80,7
4106,17,5
4107,115,3
4108,28,5
4109,2,3
4110,1,3
4111,18,5
4112,1,3
4113,13,6
4114,0,3
4115,18,3
4116,1,3
4117,0,3
4118,1,3
4119,1,3
4120,37,4
4121,10,4
4122,0,3
4123,10,4
4124,12,5
4125,23,6
4126,30,7
4127,51,3
4128,3,3
4129,1,3
4130,24,7
4131,56,6
4132,13,4
4133,53,6
4134,0,3
4135,0,3
4136,31,5
4137,1,3
4138,2,3
4139,3,4
4140,23,5
4141,27,6
4142,18,4
4143,1,3
4144,0,3
4145,7,3
4146,23,6
4147,0,3
4148,19,5
4149,0,3
4150,0,3
4151,0,3
4152,0,3
4153,56,9
4154,0,3
4155,26,10
4156,22,4
4157,56,6
4158,12,6
4159,0,3
4160,0,3
4161,31,8
4162,2,3
4163,0,3
4164,4,3
4165,0,3
4166,0,3
4167,1,3
4168,58,8
4169,1,3
4170,0,3
4171,4,3
4172,57,8
4173,26,6
4174,12,4
4175,0,3
4176,0,3
4177,10,3
4178,0,3
4179,29,5
4180,1,3
4181,18,6
4182,12,5
4183,56,8
4184,56,9
4185,13,4
4186,1,3
4187,13,4
4188,16,6
4189,0,3
4190,0,3
4191,4,4
4192,3,3
4193,2,4
4194,0,3
4195,0,3
4196,0,3
4197,0,3
4198,0,3
4199,36,5
4200,0,3
4201,20,6
4202,0,3
4203,50,6
4204,60,10
4205,3,3
4206,30,4
4207,37,8
4208,0,3
4209,3,3
4210,13,4
4211,0,3
4212,9,4
4213,20,5
4214,0,3
4215,55,10
4216,0,3
4217,0,3
4218,0,3
4219,37,9
4220,6,3
4221,5,3
4222,0,3
4223,0,3
4224,0,3
4225,0,3
4226,27,5
4227,2,3
4228,55,7
4229,0,3
4230,0,3
4231,2,3
4232,27,6
4233,70,8
4234,1,3
4235,0,3
4236,42,6
4237,42,7
4238,1,3
4239,35,5
4240,24,4
4241,2,3
4242,8,3
4243,18,5
4244,2,3
4245,0,3
4246,0,3
4247,2,3
4248,68,6
4249,5,3
4250,63,10
4251,0,3
4252,16,4
4253,38,8
4254,1,3
4255,0,3
4256,33,9
4257,0,3
4258,1,3
4259,0,3
4260,0,3
4261,1,3
4262,1,4
4263,0,3
4264,59,4
4265,1,3
4266,0,3
4267,66,3
4268,0,3
4269,0,3
4270,0,3
4271,17,6
4272,20,5
4273,5,4
4274,35,7
4275,24,5
4276,49,8
4277,0,3
4278,36,5
4279,41,5
4280,5,3
4281,56,6
4282,5,3
4283,1,3
4284,19,5
4285,0,3
4286,0,3
4287,0,3
4288,0,3
4289,0,3
4290,40,5
4291,22,4
4292,0,3
4293,0,3
4294,3,3
4295,0,3
4296,12,7
4297,35,7
4298,0,3
4299,0,3
4300,37,7
4301,18,4
4302,52,7
4303,0,3
4304,0,3
4305,1,3
4306,0,3
4307,46,9
4308,2,3
4309,0,3
4310,5,4
4311,42,4
4312,4,4
4313,47,7
4314,0,3
4315,0,3
4316,0,3
4317,0,3
4318,0,3
4319,4,3
4320,9,5
4321,0,3
4322,1,3
4323,57,10
4324,0,3
4325,0,3
4326,1,3
4327,1,3
4328,5,3
4329,0,3
4330,41,6
4331,0,3
4332,0,3
4333,35,6
4334,22,5
4335,17,5
4336,0,3
4337,40,5
4338,22,6
4339,1,3
4340,0,3
4341,0,3
4342,0,3
4343,14,5
4344,37,5
4345,1,3
4346,0,3
4347,0,3
4348,7,4
4349,6,3
4350,0,3
4351,31,5
4352,12,4
4353,25,5
4354,0,3
4355,0,3
4356,46,4
4357,0,3
4358,92,10
4359,0,3
4360,0,3
4361,0,3
4362,0,3
4363,34,4
4364,0,3
4365,0,3
4366,1,3
4367,76,8
4368,28,5
4369,1,3
4370,5,3
4371,0,3
4372,0,3
4373,8,4
4374,25,7
4375,31,6
4376,1,3
4377,0,3
4378,54,7
4379,15,4
4380,0,3
4381,0,3
4382,0,3
4383,12,5
4384,57,6
4385,0,3
4386,21,4
4387,0,3
4388,14,4
4389,50,6
4390,3,3
4391,23,4
4392,0,3
4393,0,3
4394,56,8
4395,0,3
4396,3,3
4397,27,10
4398,14,5
4399,8,4
4400,42,11
4401,63,6
4402,37,7
4403,22,4
4404,0,3
4405,0,3
4406,29,6
4407,22,7
4408,0,3
4409,0,3
4410,31,4
4411,16,7
4412,0,3
4413,0,3
4414,1,3
4415,2,3
4416,35,8
4417,0,3
4418,5,3
4419,0,3
4420,0,3
4421,0,3
4422,32,8
4423,35,7
4424,5,5
4425,33,8
4426,0,3
4427,0,3
4428,0,3
4429,0,3
4430,0,3
4431,0,3
4432,0,3
4433,37,7
4434,3,3
4435,23,7
4436,2,3
4437,0,3
4438,2,3
4439,30,7
4440,31,6
4441,0,3
4442,41,8
4443,13,5
4444,0,3
4445,0,3
4446,1,3
4447,0,3
4448,20,5
4449,0,3
4450,0,3
4451,36,5
4452,0,3
4453,46,8
4454,2,4
4455,0,3
4456,16,4
4457,51,8
4458,0,3
4459,1,3
4460,0,3
4461,19,8
4462,12,4
4463,0,3
4464,0,3
4465,0,3
4466,0,3
4467,28,5
4468,19,5
4469,0,3
4470,37,10
4471,1,3
4472,55,8
4473,72,10
4474,3,3
4475,24,5
4476,65,8
4477,2,3
4478,21,2
4479,8,3
4480,2,3
4481,12,5
4482,19,6
4483,0,3
4484,12,6
4485,0,3
4486,1,3
4487,45,9
4488,1,3
4489,0,3
4490,9,5
4491,0,3
4492,10,3
4493,0,3
4494,0,3
4495,20,5
4496,33,5
4497,1,3
4498,36,4
4499,11,5
4500,0,3
4501,94,4
4502,63,11
4503,37,4
4504,1,3
4505,34,6
4506,43,7
4507,0,3
4508,15,5
4509,0,3
4510,24,6
4511,23,6
4512,46,9
4513,0,3
4514,62,8
4515,24,5
4516,4,3
4517,2,3
4518,34,11
4519,0,3
4520,0,3
4521,32,5
4522,1,3
4523,56,10
4524,0,3
4525,3,3
4526,0,3
4527,0,3
4528,5,4
4529,0,3
4530,0,3
4531,0,3
4532,14,6
4533,0,3
4534,22,5
4535,25,8
4536,2,3
4537,1,3
4538,67,9
4539,0,3
4540,3,3
4541,0,3
4542,1,3
4543,30,5
4544,33,6
4545,134,10
4546,0,3
4547,12,6
4548,0,3
4549,0,3
4550,0,3
4551,17,5
4552,0,3
4553,70,6
4554,91,10
4555,77,7
4556,51,7
4557,113,9
4558,36,5
4559,117,11
4560,105,8
4561,0,3
4562,98,10
4563,34,9
4564,1,3
4565,13,6
4566,4,4
4567,44,7
4568,0,3
4569,0,3
4570,55,10
4571,0,3
4572,0,3
4573,0,3
4574,46,7
4575,0,3
4576,0,3
4577,1,4
4578,0,3
4579,46,8
4580,137,11
4581,0,3
4582,2,3
4583,2,3
4584,39,5
4585,0,3
4586,42,8
4587,0,3
4588,1,3
4589,36,6
4590,0,3
4591,12,4
4592,91,6
4593,0,3
4594,0,3
4595,14,3
4596,0,3
4597,0,3
4598,10,4
4599,17,4
4600,0,3
4601,11,4
4602,15,3
4603,11,4
4604,0,3
4605,48,6
4606,0,3
4607,20,5
4608,0,3
4609,56,9
4610,0,3
4611,30,8
4612,23,5
4613,0,3
4614,0,3
4615,0,3
4616,86,8
4617,0,3
4618,1,3
4619,0,3
4620,0,3
4621,1,3
4622,1,3
4623,0,3
4624,2,4
4625,85,9
4626,4,2
4627,0,3
4628,1,4
4629,0,3
4630,47,8
4631,0,3
4632,96,11
4633,0,3
4634,16,7
4635,4,3
4636,80,9
4637,0,3
4638,0,3
4639,0,3
4640,0,3
4641,33,10
4642,21,5
4643,0,3
4644,18,6
4645,22,6
4646,10,3
4647,22,5
4648,0,3
4649,37,7
4650,6,4
4651,1,3
4652,69,15
4653,160,7
4654,74,6
4655,0,3
4656,54,9
4657,18,4
4658,78,9
4659,89,11
4660,33,8
4661,0,3
4662,34,7
4663,0,3
4664,109,13
4665,8,5
4666,1,3
4667,0,3
4668,4,4
4669,0,3
4670,0,3
4671,0,3
4672,163,7
4673,28,9
4674,1,3
4675,0,3
4676,0,3
4677,0,3
4678,0,3
4679,0,3
4680,21,5
4681,0,3
4682,0,3
4683,0,3
4684,51,6
4685,0,3
4686,0,3
4687,2,3
4688,11,5
4689,0,3
4690,0,3
4691,51,7
4692,0,3
4693,139,9
4694,20,6
4695,27,7
4696,13,4
4697,1,3
4698,29,6
4699,0,3
4700,0,3
4701,65,9
4702,0,3
4703,0,3
4704,0,3
4705,3,3
4706,91,7
4707,1,3
4708,0,3
4709,0,3
4710,0,3
4711,34,8
4712,63,10
4713,62,7
4714,51,8
4715,0,3
4716,35,8
4717,0,3
4718,0,3
4719,1,3
4720,43,8
4721,1,3
4722,11,4
4723,8,4
4724,14,5
4725,17,6
4726,61,9
4727,2,4
4728,46,10
4729,5,3
4730,1,2
4731,50,10
4732,57,9
4733,0,3
4734,106,10
4735,0,3
4736,41,8
4737,21,6
4738,1,3
4739,21,6
4740,1,3
4741,0,3
4742,63,8
4743,54,6
4744,0,3
4745,70,10
4746,31,7
4747,53,6
4748,27,4
4749,47,8
4750,0,3
4751,36,4
4752,84,14
4753,0,3
4754,0,3
4755,84,8
4756,0,3
4757,0,3
4758,1,3
4759,30,6
4760,0,3
4761,28,6
4762,1,3
4763,1,3
4764,0,3
4765,40,7
4766,65,9
4767,2,3
4768,47,6
4769,27,5
4770,72,13
4771,10,4
4772,36,8
4773,0,3
4774,22,4
4775,17,4
4776,83,8
4777,0,3
4778,0,3
4779,3,3
4780,42,3
4781,19,4
4782,1,3
4783,0,3
4784,33,7
4785,1,3
4786,0,3
4787,0,3
4788,12,5
4789,48,9
4790,0,3
4791,33,4
4792,48,8
4793,1,2
4794,34,7
4795,25,7
4796,0,3
4797,0,3
4798,3,3
4799,2,3
4800,80,8
4801,0,3
4802,32,8
4803,0,3
4804,2,3
4805,47,6
4806,64,10
4807,1,3
4808,18,5
4809,0,3
4810,61,8
4811,0,3
4812,0,3
4813,11,3
4814,0,3
4815,55,7
4816,23,6
4817,9,2
4818,15,5
4819,52,12
4820,0,3
4821,34,6
4822,49,6
4823,38,7
4824,24,6
4825,0,3
4826,14,4
4827,24,4
4828,32,5
4829,3,3
4830,1,3
4831,75,7
4832,0,3
4833,0,3
4834,11,3
4835,0,3
4836,16,4
4837,15,4
4838,0,3
4839,1,3
4840,35,8
4841,1,3
4842,0,3
4843,47,9
4844,0,3
4845,0,3
4846,24,4
4847,54,7
4848,8,6
4849,11,4
4850,37,6
4851,2,3
4852,27,8
4853,36,7
4854,39,8
4855,9,4
4856,61,9
4857,0,3
4858,133,7
4859,56,7
4860,0,3
4861,32,8
4862,4,3
4863,0,3
4864,34,10
4865,1,3
4866,32,5
4867,0,3
4868,0,3
4869,66,9
4870,0,3
4871,59,7
4872,0,3
4873,1,3
4874,13,6
4875,0,3
4876,1,4
4877,26,6
4878,0,3
4879,0,3
4880,43,7
4881,1,3
4882,0,3
4883,1,3
4884,1,3
4885,21,3
4886,39,3
4887,21,4
4888,0,3
4889,39,7
4890,66,9
4891,1,3
4892,1,3
4893,0,3
4894,0,3
4895,0,3
4896,22,4
4897,54,8
4898,0,3
4899,44,10
4900,48,9
4901,0,3
4902,0,3
4903,46,9
4904,1,3
4905,26,5
4906,1,4
4907,78,12
4908,0,3
4909,49,8
4910,0,3
4911,41,7
4912,0,3
4913,0,3
4914,1,3
4915,0,3
4916,43,8
4917,22,6
4918,60,12
4919,64,9
4920,0,3
4921,1,4
4922,0,3
4923,70,8
4924,24,4
4925,0,3
4926,0,3
4927,22,3
4928,100,2
4929,44,8
4930,68,11
4931,66,9
4932,2,3
4933,0,3
4934,0,3
4935,1,3
4936,28,5
4937,23,6
4938,23,6
4939,57,12
4940,48,10
4941,0,3
4942,16,4
4943,122,3
4944,0,3
4945,0,3
4946,1,3
4947,77,10
4948,33,8
4949,94,9
4950,0,3
4951,0,3
4952,0,3
4953,43,10
4954,0,3
4955,62,9
4956,0,3
4957,4,4
4958,1,3
4959,60,9
4960,41,6
4961,50,10
4962,37,7
4963,70,8
4964,6,5
4965,22,4
4966,30,7
4967,5,3
4968,3,3
4969,26,6
4970,0,3
4971,0,3
4972,36,7
4973,0,3
4974,0,3
4975,2,4
4976,0,3
4977,57,11
4978,45,10
4979,60,10
4980,87,7
4981,0,3
4982,0,3
4983,6,4
4984,81,11
4985,39,9
4986,83,13
4987,34,3
4988,0,3
4989,0,3
4990,29,3
4991,0,3
4992,21,6
4993,49,7
4994,0,3
4995,23,5
4996,34,7
4997,39,8
4998,1,3
4999,62,9
5000,0,3
5001,44,7
5002,51,10
5003,10,4
5004,0,3
5005,38,5
5006,0,3
5007,20,6
5008,4,4
5009,40,7
5010,50,8
5011,35,10
5012,50,7
5013,23,5
5014,0,3
5015,22,5
5016,1,3
5017,0,3
5018,0,3
5019,39,7
5020,24,4
5021,47,7
5022,34,8
5023,0,3
5024,37,6
5025,0,3
5026,102,14
5027,0,3
5028,0,3
5029,0,3
5030,0,3
5031,0,3
5032,1,3
5033,112,14
5034,0,3
5035,23,6
5036,14,7
5037,1,3
5038,0,3
5039,0,3
5040,15,5
5041,0,3
5042,51,6
5043,0,3
5044,44,7
5045,20,5
5046,0,3
5047,107,10
5048,54,9
5049,5,3
5050,0,3
5051,97,11
5052,1,3
5053,69,4
5054,48,8
5055,31,6
5056,76,12
5057,1,3
5058,93,9
5059,0,3
5060,23,6
5061,0,3
5062,54,7
5063,34,4
5064,14,4
5065,36,6
5066,84,7
5067,1,3
5068,0,3
5069,0,3
5070,18,7
5071,0,3
5072,0,3
5073,74,11
5074,0,3
5075,0,3
5076,0,3
5077,0,3
5078,0,3
5079,0,3
5080,5,3
5081,83,12
5082,0,3
5083,53,7
5084,2,3
5085,0,3
5086,27,6
5087,29,6
5088,0,3
5089,93,7
5090,0,3
5091,62,8
5092,55,7
5093,89,13
5094,0,3
5095,0,3
5096,0,3
5097,0,3
5098,0,3
5099,10,4
5100,0,3
5101,0,3
5102,1,3
5103,0,3
5104,2,3
5105,3,3
5106,69,12
5107,45,5
5108,2,3
5109,0,3
5110,0,3
5111,57,12
5112,28,6
5113,0,3
5114,3,3
5115,0,3
5116,1,3
5117,34,6
5118,72,8
5119,31,7
5120,0,3
5121,25,4
5122,127,10
5123,0,3
5124,73,10
5125,84,14
5126,0,3
5127,0,3
5128,0,3
5129,0,3
5130,0,3
5131,0,3
5132,0,3
5133,0,3
5134,0,3
5135,42,9
5136,53,11
5137,0,3
5138,0,3
5139,3,2
5140,62,10
5141,1,3
5142,0,3
5143,25,6
5144,51,6
5145,1,3
5146,121,4
5147,30,7
5148,16,3
5149,17,4
5150,68,9
5151,59,9
5152,0,3
5153,48,6
5154,47,9
5155,1,3
5156,1,3
5157,0,3
5158,0,3
5159,22,6
5160,36,6
5161,65,7
5162,20,4
5163,0,3
5164,1,3
5165,59,7
5166,0,3
5167,59,11
5168,1,3
5169,19,6
5170,41,4
5171,38,9
5172,21,5
5173,36,8
5174,50,5
5175,0,3
5176,32,9
5177,84,5
5178,90,12
5179,0,3
5180,1,2
5181,60,6
5182,45,8
5183,33,7
5184,85,7
5185,36,8
5186,7,4
5187,16,6
5188,0,3
5189,63,7
5190,0,3
5191,0,3
5192,2,3
5193,0,3
5194,0,3
5195,0,3
5196,1,3
5197,0,3
5198,56,8
5199,13,5
5200,11,5
5201,50,8
5202,25,6
5203,0,3
5204,11,5
5205,0,3
5206,0,3
5207,63,7
5208,12,5
5209,0,3
5210,47,8
5211,6,4
5212,15,5
5213,0,3
5214,65,5
5215,0,3
5216,2,3
5217,0,3
5218,1,3
5219,1,3
5220,51,9
5221,0,3
5222,40,8
5223,32,5
5224,26,5
5225,27,5
5226,0,3
5227,28,7
5228,62,7
5229,60,9
5230,29,7
5231,0,3
5232,1,3
5233,1,3
5234,106,12
5235,48,7
5236,0,3
5237,41,5
5238,0,3
5239,1,4
5240,22,5
5241,0,3
5242,81,9
5243,18,5
5244,18,6
5245,37,6
5246,166,10
5247,1,3
5248,0,3
5249,4,3
5250,1,3
5251,34,7
5252,30,8
5253,6,4
5254,0,3
5255,70,8
5256,30,7
5257,36,9
5258,18,7
5259,51,5
5260,42,7
5261,19,5
5262,74,9
5263,0,3
5264,36,8
5265,68,9
5266,0,3
5267,0,3
5268,0,3
5269,1,3
5270,0,3
5271,0,3
5272,57,9
5273,40,7
5274,0,3
5275,28,8
5276,1,3
5277,45,6
5278,10,4
5279,14,4
5280,0,3
5281,39,9
5282,85,9
5283,0,3
5284,2,3
5285,0,3
5286,80,11
5287,2,3
5288,137,16
5289,66,10
5290,0,3
5291,11,4
5292,0,3
5293,37,8
5294,55,11
5295,0,3
5296,23,5
5297,36,4
5298,5,3
5299,22,6
5300,10,5
5301,124,7
5302,0,3
5303,11,3
5304,69,8
5305,45,5
5306,3,3
5307,48,9
5308,3,3
5309,3,3
5310,17,4
5311,108,7
5312,0,3
5313,35,5
5314,1,3
5315,35,7
5316,0,3
5317,1,3
5318,139,11
5319,16,4
5320,35,7
5321,1,3
5322,0,3
5323,46,8
5324,18,5
5325,15,5
5326,1,3
5327,39,8
5328,40,7
5329,67,5
5330,66,11
5331,0,3
5332,63,7
5333,18,4
5334,0,3
5335,59,4
5336,1,3
5337,2,3
5338,60,7
5339,42,10
5340,14,4
5341,0,3
5342,17,4
5343,1,3
5344,101,10
5345,27,5
5346,24,7
5347,0,3
5348,0,3
5349,0,3
5350,4,3
5351,0,3
5352,0,3
5353,0,3
5354,96,14
5355,0,3
5356,0,3
5357,0,3
5358,49,9
5359,0,3
5360,74,11
5361,94,9
5362,20,6
5363,0,3
5364,0,3
5365,0,3
5366,68,12
5367,45,4
5368,0,3
5369,48,5
5370,1,3
5371,60,10
5372,92,11
5373,62,10
5374,72,4
5375,70,12
5376,0,3
5377,0,3
5378,39,6
5379,63,13
5380,69,8
5381,0,3
5382,0,3
5383,1,3
5384,54,6
5385,14,4
5386,0,3
5387,27,5
5388,1,3
5389,1,3
5390,0,3
5391,0,3
5392,0,3
5393,74,8
5394,0,3
5395,0,3
5396,22,6
5397,126,6
5398,81,11
5399,0,3
5400,31,7
5401,1,3
5402,0,3
5403,55,10
5404,0,3
5405,77,14
5406,39,4
5407,0,3
5408,2,3
5409,0,3
5410,2,3
5411,0,3
5412,1,3
5413,4,3
5414,1,3
5415,0,3
5416,0,3
5417,76,12
5418,5,3
5419,69,7
5420,17,5
5421,0,3
5422,0,3
5423,0,3
5424,54,11
5425,0,3
5426,0,3
5427,0,3
5428,1,3
5429,65,8
5430,14,4
5431,0,3
5432,0,3
5433,0,3
5434,1,3
5435,0,3
5436,48,9
5437,40,5
5438,86,8
5439,0,3
5440,6,3
5441,60,9
5442,73,4
5443,0,3
5444,52,10
5445,17,5
5446,132,11
5447,86,9
5448,0,3
5449,23,8
5450,0,3
5451,0,3
5452,22,3
5453,41,8
5454,4,3
5455,61,4
5456,0,3
5457,3,3
5458,49,10
5459,31,6
5460,147,12
5461,0,3
5462,42,7
5463,20,5
5464,18,4
5465,0,3
5466,96,12
5467,1,3
5468,0,3
5469,22,6
5470,0,3
5471,0,3
5472,38,8
5473,12,5
5474,30,6
5475,0,3
5476,0,3
5477,0,3
5478,61,10
5479,1,3
5480,1,3
5481,4,3
5482,0,3
5483,2,3
5484,81,13
5485,12,5
5486,0,3
5487,104,9
5488,44,7
5489,79,9
5490,0,3
5491,74,7
5492,0,3
5493,0,3
5494,63,8
5495,13,5
5496,117,10
5497,24,4
5498,0,3
5499,74,8
5500,0,3
5501,0,3
5502,77,11
5503,0,3
5504,69,10
5505,13,4
5506,35,7
5507,0,3
5508,68,10
5509,41,5
5510,0,3
5511,0,3
5512,0,3
5513,105,14
5514,0,3
5515,32,5
5516,99,11
5517,49,9
5518,0,3
5519,0,3
5520,36,8
5521,73,9
5522,115,7
5523,0,3
5524,33,5
5525,22,6
5526,45,10
5527,1,3
5528,1,3
5529,0,3
5530,21,6
5531,42,6
5532,142,19
5533,0,3
5534,0,3
5535,170,12
5536,0,3
5537,0,3
5538,126,13
5539,84,6
5540,0,3
5541,22,4
5542,25,5
5543,41,10
5544,69,7
5545,14,6
5546,0,3
5547,39,6
5548,0,3
5549,3,3
5550,75,11
5551,88,9
5552,66,9
5553,0,3
5554,88,14
5555,59,8
5556,88,8
5557,0,3
5558,1,2
5559,0,3
5560,41,10
5561,0,3
5562,94,11
5563,4,3
5564,12,6
5565,76,11
5566,21,6
5567,1,3
5568,15,4
5569,37,8
5570,27,7
5571,18,3
5572,0,3
5573,45,7
5574,27,9
5575,0,3
5576,1,3
5577,44,11
5578,43,6
5579,10,4
5580,17,6
5581,41,10
5582,39,7
5583,108,14
5584,0,3
5585,31,4
5586,0,3
5587,80,6
5588,45,10
5589,72,10
5590,0,3
5591,46,3
5592,140,15
5593,46,8
5594,0,3
5595,1,3
5596,0,3
5597,70,8
5598,2,3
5599,119,8
5600,120,10
5601,3,3
5602,0,3
5603,56,9
5604,0,3
5605,87,9
5606,20,4
5607,0,3
5608,3,3
5609,0,3
5610,61,7
5611,0,3
5612,53,12
5613,147,17
5614,16,3
5615,3,3
5616,205,13
5617,0,3
5618,27,5
5619,7,4
5620,0,3
5621,0,3
5622,59,8
5623,0,3
5624,0,3
5625,0,3
5626,115,19
5627,48,5
5628,133,14
5629,55,9
5630,69,5
5631,97,9
5632,57,10
5633,57,9
5634,117,12
5635,0,3
5636,1,3
5637,2,3
5638,67,10
5639,94,8
5640,1,3
5641,80,10
5642,39,9
5643,1,3
5644,1,3
5645,0,3
5646,0,3
5647,20,6
5648,4,3
5649,89,11
5650,0,3
5651,0,3
5652,27,3
5653,131,11
5654,15,4
5655,11,6
5656,0,3
5657,62,10
5658,29,3
5659,0,3
5660,58,11
5661,88,11
5662,39,6
5663,61,12
5664,121,11
5665,18,5
5666,0,3
5667,14,4
5668,0,3
5669,45,9
5670,9,4
5671,1,3
5672,46,8
5673,1,3
5674,36,6
5675,15,3
5676,45,7
5677,56,8
5678,113,10
5679,34,5
5680,1,3
5681,0,3
5682,62,10
5683,61,5
5684,35,7
5685,0,3
5686,1,3
5687,18,5
5688,0,3
5689,0,3
5690,1,3
5691,0,3
5692,14,4
5693,68,6
5694,0,3
5695,0,3
5696,1,3
5697,32,9
5698,0,3
5699,15,4
5700,19,4
5701,280,3
5702,72,8
5703,38,7
5704,23,5
5705,60,9
5706,0,3
5707,0,3
5708,2,3
5709,0,3
5710,16,4
5711,79,7
5712,94,8
5713,132,18
5714,0,3
5715,0,3
5716,91,10
5717,0,3
5718,0,3
5719,193,15
5720,14,5
5721,0,3
5722,0,3
5723,32,8
5724,63,13
5725,0,3
5726,27,5
5727,0,3
5728,0,3
5729,17,6
5730,0,3
5731,0,3
5732,24,3
5733,74,10
5734,62,14
5735,0,3
5736,29,5
5737,52,9
5738,0,3
5739,70,10
5740,203,20
5741,24,6
5742,0,3
5743,61,10
5744,82,8
5745,63,8
5746,0,3
5747,98,9
5748,1,3
5749,34,3
5750,0,3
5751,0,3
5752,0,3
5753,2,3
5754,0,3
5755,88,9
5756,7,3
5757,29,5
5758,0,3
5759,42,5
5760,86,9
5761,0,3
5762,0,3
5763,71,9
5764,34,6
5765,0,3
5766,0,3
5767,0,3
5768,0,3
5769,1,3
5770,0,3
5771,55,9
5772,0,3
5773,15,4
5774,0,3
5775,64,11
5776,2,3
5777,0,3
5778,0,3
5779,0,3
5780,0,3
5781,1,2
5782,0,3
5783,56,10
5784,0,3
5785,0,3
5786,74,14
5787,66,9
5788,55,9
5789,1,3
5790,0,3
5791,151,14
5792,86,13
5793,0,3
5794,46,8
5795,60,8
5796,0,3
5797,7,5
5798,68,12
5799,95,9
5800,0,3
5801,185,8
5802,0,3
5803,46,8
5804,64,11
5805,21,6
5806,0,3
5807,0,3
5808,0,3
5809,0,3
5810,148,14
5811,1,3
5812,0,3
5813,103,13
5814,90,10
5815,1,2
5816,53,9
5817,9,4
5818,100,16
5819,1,3
5820,108,11
5821,25,5
5822,1,3
5823,0,3
5824,0,3
5825,52,11
5826,0,3
5827,67,10
5828,0,3
5829,0,3
5830,60,8
5831,29,8
5832,12,4
5833,1,3
5834,74,10
5835,1,3
5836,0,3
5837,135,13
5838,5,3
5839,0,3
5840,48,9
5841,1,3
5842,9,4
5843,0,3
5844,48,10
5845,14,4
5846,26,6
5847,156,10
5848,7,4
5849,23,5
5850,0,3
5851,0,3
5852,18,3
5853,70,8
5854,0,3
5855,111,13
5856,53,9
5857,96,11
5858,52,8
5859,105,10
5860,0,3
5861,62,10
5862,0,3
5863,0,3
5864,4,3
5865,31,7
5866,56,8
5867,0,3
5868,0,3
5869,2,3
5870,68,10
5871,19,6
5872,0,3
5873,158,17
5874,0,3
5875,0,3
5876,0,3
5877,49,8
5878,23,6
5879,0,3
5880,0,3
5881,27,6
5882,83,11
5883,63,9
5884,0,3
5885,0,3
5886,0,3
5887,40,11
5888,10,4
5889,0,3
5890,3,3
5891,133,14
5892,0,3
5893,0,3
5894,0,3
5895,74,10
5896,0,3
5897,1,3
5898,19,5
5899,8,3
5900,80,10
5901,34,8
5902,1,3
5903,53,10
5904,30,4
5905,57,9
5906,17,5
5907,6,6
5908,84,13
5909,54,11
5910,95,9
5911,43,4
5912,0,3
5913,3,3
5914,0,3
5915,0,3
5916,0,3
5917,20,6
5918,0,3
5919,0,3
5920,40,9
5921,39,7
5922,87,12
5923,1,3
5924,85,12
5925,0,3
5926,67,14
5927,58,9
5928,14,5
5929,0,3
5930,28,6
5931,0,3
5932,0,3
5933,18,4
5934,0,3
5935,50,9
5936,0,3
5937,30,9
5938,0,3
5939,0,3
5940,0,3
5941,85,14
5942,50,8
5943,2,2
5944,73,11
5945,19,5
5946,0,3
5947,76,12
5948,18,5
5949,0,3
5950,1,3
5951,0,3
5952,10,6
5953,1,3
5954,133,15
5955,0,3
5956,0,3
5957,0,3
5958,0,3
5959,35,7
5960,0,3
5961,0,3
5962,0,3
5963,76,12
5964,79,9
5965,15,5
5966,0,3
5967,4,3
5968,115,14
5969,101,8
5970,126,8
5971,2,3
5972,231,15
5973,0,3
5974,0,3
5975,15,5
5976,42,6
5977,0,3
5978,173,15
5979,0,3
5980,2,3
5981,0,3
5982,38,7
5983,1,3
5984,3,3
5985,62,11
5986,0,3
5987,75,11
5988,84,11
5989,0,3
5990,158,14
5991,1,3
5992,0,3
5993,95,15
5994,129,13
5995,40,9
5996,123,13
5997,44,6
5998,1,3
5999,0,3
6000,0,3
6001,0,3
6002,0,3
6003,1,3
6004,37,9
6005,0,3
6006,86,12
6007,98,13
6008,64,10
6009,51,7
6010,35,6
6011,85,11
6012,59,11
6013,115,14
6014,7,3
6015,23,4
6016,89,16
6017,0,3
6018,81,11
6019,56,9
6020,81,12
6021,128,18
6022,0,3
6023,166,9
6024,0,3
6025,80,10
6026,118,13
6027,68,11
6028,10,4
6029,0,3
6030,60,10
6031,0,3
6032,236,12
6033,1,3
6034,86,5
6035,149,10
6036,58,8
6037,88,12
6038,0,3
6039,2,3
6040,0,3
6041,49,11
6042,104,13
6043,3,4
6044,5,3
6045,0,3
6046,0,3
6047,59,10
6048,54,8
6049,0,3
6050,42,5
6051,37,5
6052,0,3
6053,0,3
6054,46,3
6055,45,9
6056,1,3
6057,10,4
6058,57,10
6059,80,14
6060,0,3
6061,41,11
6062,21,3
6063,90,11
6064,0,3
6065,228,11
6066,187,9
6067,45,9
6068,35,8
6069,0,3
6070,28,8
6071,0,3
6072,75,14
6073,0,3
6074,64,11
6075,38,8
6076,0,3
6077,79,11
6078,108,12
6079,0,3
6080,0,3
6081,0,3
6082,92,15
6083,0,3
6084,0,3
6085,1,3
6086,0,3
6087,1,3
6088,0,3
6089,23,9
6090,0,3
6091,0,3
6092,0,3
6093,0,3
6094,2,3
6095,29,5
6096,55,8
6097,0,3
6098,1,3
6099,0,3
6100,0,3
6101,85,9
6102,110,11
6103,28,8
6104,0,3
6105,11,4
6106,69,12
6107,0,3
6108,0,3
6109,121,13
6110,60,9
6111,0,3
6112,83,11
6113,58,9
6114,22,5
6115,108,12
6116,21,4
6117,0,3
6118,122,13
6119,0,3
6120,49,7
6121,27,6
6122,0,3
6123,56,10
6124,68,4
6125,123,15
6126,0,3
6127,0,3
6128,9,4
6129,1,3
6130,120,15
6131,0,3
6132,0,3
6133,33,9
6134,92,15
6135,21,7
6136,2,3
6137,40,10
6138,0,3
6139,64,13
6140,85,10
6141,0,3
6142,0,3
6143,60,10
6144,0,3
6145,58,8
6146,1,3
6147,66,7
6148,134,14
6149,0,3
6150,44,6
6151,47,8
6152,100,13
6153,69,18
6154,0,3
6155,0,3
6156,0,3
6157,0,3
6158,0,3
6159,57,8
6160,0,3
6161,1,3
6162,2,3
6163,0,3
6164,95,12
6165,56,6
6166,1,3
6167,111,13
6168,120,10
6169,49,7
6170,13,5
6171,0,3
6172,0,3
6173,41,5
6174,22,5
6175,25,7
6176,1,3
6177,133,12
6178,0,3
6179,0,3
6180,0,3
6181,87,12
6182,0,3
6183,0,3
6184,121,15
6185,127,11
6186,86,9
6187,44,10
6188,71,10
6189,10,4
6190,122,13
6191,117,19
6192,0,3
6193,1,3
6194,158,12
6195,0,3
6196,1,3
6197,0,3
6198,126,17
6199,44,7
6200,0,3
6201,0,3
6202,47,10
6203,56,6
6204,0,3
6205,50,5
6206,62,9
6207,77,13
6208,0,3
6209,1,3
6210,36,10
6211,32,9
6212,0,3
6213,0,3
6214,25,7
6215,114,14
6216,0,3
6217,1,3
6218,39,5
6219,0,3
6220,1,3
6221,32,6
6222,0,3
6223,27,6
6224,163,14
6225,43,13
6226,60,8
6227,1,3
6228,31,8
6229,3,3
6230,0,3
6231,20,4
6232,73,15
6233,1,3
6234,0,3
6235,42,4
6236,1,3
6237,0,3
6238,119,11
6239,0,3
6240,47,8
6241,53,7
6242,54,9
6243,1,3
6244,0,3
6245,30,7
6246,0,3
6247,67,11
6248,76,10
6249,101,12
6250,79,14
6251,0,3
6252,72,16
6253,75,13
6254,2,3
6255,54,12
6256,88,13
6257,2,3
6258,69,6
6259,108,9
6260,0,3
6261,0,3
6262,0,3
6263,0,3
6264,0,3
6265,35,10
6266,7,4
6267,46,5
6268,0,3
6269,124,13
6270,0,3
6271,0,3
6272,164,14
6273,68,10
6274,2,3
6275,0,3
6276,0,3
6277,53,6
6278,148,12
6279,3,3
6280,1,3
6281,78,11
6282,68,10
6283,57,9
6284,98,14
6285,25,7
6286,0,3
6287,82,8
6288,41,8
6289,37,6
6290,20,6
6291,57,11
6292,160,16
6293,15,5
6294,1,3
6295,39,7
6296,121,16
6297,45,9
6298,0,3
6299,78,13
6300,46,6
6301,95,15
6302,21,5
6303,0,3
6304,104,6
6305,2,3
6306,25,6
6307,9,5
6308,0,3
6309,135,16
6310,0,3
6311,0,3
6312,82,11
6313,0,3
6314,36,6
6315,41,9
6316,9,4
6317,0,3
6318,1,3
6319,0,3
6320,0,3
6321,60,6
6322,58,7
6323,0,3
6324,0,3
6325,207,8
6326,54,7
6327,12,5
6328,0,3
6329,38,5
6330,0,3
6331,0,3
6332,54,9
6333,88,10
6334,49,4
6335,128,16
6336,0,3
6337,86,10
6338,0,3
6339,0,3
6340,121,13
6341,1,3
6342,46,8
6343,11,3
6344,79,9
6345,67,13
6346,91,13
6347,0,3
6348,60,13
6349,1,3
6350,41,10
6351,109,15
6352,2,3
6353,0,3
6354,67,12
6355,0,3
6356,56,10
6357,76,13
6358,138,18
6359,27,6
6360,121,12
6361,51,8
6362,1,3
6363,0,3
6364,0,3
6365,2,3
6366,61,5
6367,33,3
6368,79,12
6369,0,3
6370,0,3
6371,102,17
6372,38,8
6373,0,3
6374,0,3
6375,0,3
6376,38,8
6377,0,3
6378,79,13
6379,6,5
6380,95,11
6381,0,3
6382,80,8
6383,0,3
6384,0,3
6385,0,3
6386,64,7
6387,0,3
6388,1,3
6389,95,9
6390,0,3
6391,2,3
6392,0,3
6393,0,3
6394,76,11
6395,0,3
6396,12,3
6397,3,3
6398,29,6
6399,89,13
6400,24,8
6401,35,8
6402,50,8
6403,34,7
6404,1,3
6405,0,3
6406,0,3
6407,48,8
6408,51,9
6409,87,14
6410,0,3
6411,0,3
6412,0,3
6413,17,5
6414,0,3
6415,71,13
6416,0,3
6417,67,9
6418,46,7
6419,37,6
6420,90,9
6421,5,3
6422,64,9
6423,0,3
6424,0,3
6425,2,3
6426,101,10
6427,43,9
6428,83,14
6429,41,9
6430,0,3
6431,36,6
6432,1,3
6433,35,9
6434,177,20
6435,160,14
6436,0,3
6437,42,9
6438,87,12
6439,46,8
6440,300,12
6441,65,6
6442,0,3
6443,0,3
6444,5,3
6445,0,3
6446,120,15
6447,20,4
6448,0,3
6449,0,3
6450,100,13
6451,109,14
6452,42,4
6453,21,7
6454,0,3
6455,68,9
6456,0,3
6457,67,8
6458,6,3
6459,0,3
6460,46,9
6461,91,14
6462,1,3
6463,0,3
6464,46,9
6465,57,10
6466,0,3
6467,74,17
6468,138,14
6469,79,8
6470,1,3
6471,149,16
6472,47,8
6473,14,5
6474,168,14
6475,0,3
6476,0,3
6477,13,5
6478,77,7
6479,42,10
6480,0,3
6481,0,3
6482,73,13
6483,0,3
6484,0,3
6485,29,6
6486,31,8
6487,0,3
6488,0,3
6489,87,13
6490,111,12
6491,0,3
6492,1,3
6493,0,3
6494,0,3
6495,120,6
6496,91,14
6497,0,3
6498,6,3
6499,0,3
6500,18,5
6501,59,11
6502,0,3
6503,137,18
6504,127,18
6505,48,10
6506,63,7
6507,68,13
6508,0,3
6509,83,8
6510,34,8
6511,0,3
6512,64,8
6513,0,3
6514,0,3
6515,1,3
6516,0,3
6517,0,3
6518,26,9
6519,104,14
6520,0,3
6521,2,3
6522,102,15
6523,6,4
6524,43,7
6525,70,15
6526,6,3
6527,8,5
6528,0,3
6529,0,3
6530,34,6
6531,1,3
6532,51,7
6533,1,3
6534,1,4
6535,32,5
6536,0,3
6537,1,3
6538,84,9
6539,88,14
6540,0,3
6541,81,9
6542,0,3
6543,25,6
6544,80,11
6545,27,5
6546,69,12
6547,47,9
6548,1,3
6549,0,3
6550,62,8
6551,0,3
6552,0,3
6553,65,13
6554,63,9
6555,0,3
6556,52,10
6557,0,3
6558,107,18
6559,0,3
6560,1,3
6561,0,3
6562,104,10
6563,0,3
6564,95,10
6565,1,3
6566,72,13
6567,0,3
6568,61,7
6569,88,13
6570,123,8
6571,74,8
6572,67,10
6573,0,3
6574,76,13
6575,30,8
6576,52,6
6577,0,3
6578,0,3
6579,0,3
6580,27,8
6581,0,3
6582,97,14
6583,1,3
6584,0,3
6585,1,3
6586,60,11
6587,0,3
6588,44,8
6589,77,8
6590,0,3
6591,0,3
6592,0,3
6593,97,11
6594,0,3
6595,0,3
6596,49,10
6597,53,9
6598,127,18
6599,82,12
6600,91,14
6601,0,3
6602,190,11
6603,62,11
6604,0,3
6605,9,4
6606,52,8
6607,12,4
6608,18,5
6609,75,8
6610,0,3
6611,105,12
6612,100,13
6613,12,4
6614,2,3
6615,27,7
6616,0,3
6617,0,3
6618,93,16
6619,9,4
6620,0,3
6621,72,12
6622,144,16
6623,52,12
6624,55,11
6625,27,6
6626,1,3
6627,175,14
6628,1,3
6629,0,3
6630,66,12
6631,0,3
6632,21,7
6633,179,18
6634,0,3
6635,87,17
6636,0,3
6637,52,9
6638,69,11
6639,0,3
6640,0,3
6641,0,3
6642,47,5
6643,0,3
6644,176,17
6645,62,10
6646,146,15
6647,112,14
6648,90,13
6649,1,3
6650,178,21
6651,9,5
6652,65,10
6653,0,3
6654,76,9
6655,0,3
6656,77,11
6657,0,3
6658,0,3
6659,95,9
6660,0,3
6661,0,3
6662,1,3
6663,0,3
6664,0,3
6665,94,12
6666,0,3
6667,102,15
6668,20,5
6669,48,7
6670,63,11
6671,0,3
6672,1,3
6673,0,3
6674,31,8
6675,0,3
6676,84,13
6677,0,3
6678,28,3
6679,63,7
6680,0,3
6681,167,4
6682,0,3
6683,0,3
6684,21,6
6685,37,7
6686,155,5
6687,16,5
6688,42,9
6689,0,3
6690,0,3
6691,60,11
6692,98,10
6693,150,17
6694,0,3
6695,0,3
6696,68,10
6697,0,3
6698,231,17
6699,0,3
6700,0,3
6701,0,3
6702,10,5
6703,0,3
6704,29,6
6705,37,8
6706,142,14
6707,0,3
6708,108,11
6709,161,11
6710,1,3
6711,60,5
6712,38,8
6713,120,15
6714,39,6
6715,13,5
6716,0,3
6717,112,11
6718,65,8
6719,50,8
6720,1,3
6721,165,19
6722,1,3
6723,5,4
6724,0,3
6725,34,8
6726,0,3
6727,157,15
6728,0,3
6729,1,3
6730,183,16
6731,66,7
6732,0,3
6733,0,3
6734,2,3
6735,0,3
6736,0,3
6737,0,3
6738,0,3
6739,0,3
6740,106,15
6741,0,3
6742,0,3
6743,111,14
6744,149,18
6745,1,3
6746,109,18
6747,0,3
6748,0,3
6749,89,9
6750,13,5
6751,117,19
6752,50,11
6753,112,13
6754,26,6
6755,15,5
6756,146,9
6757,14,5
6758,38,9
6759,83,13
6760,167,12
6761,144,16
6762,17,5
6763,1,3
6764,82,13
6765,0,3
6766,79,11
6767,0,3
6768,75,14
6769,74,11
6770,0,3
6771,99,10
6772,0,3
6773,0,3
6774,27,5
6775,0,3
6776,1,3
6777,84,11
6778,98,14
6779,0,3
6780,163,16
6781,51,9
6782,73,12
6783,85,14
6784,50,9
6785,0,3
6786,43,7
6787,1,3
6788,180,14
6789,0,3
6790,0,3
6791,119,18
6792,90,6
6793,33,8
6794,0,3
6795,72,9
6796,0,3
6797,0,3
6798,19,4
6799,0,3
6800,68,8
6801,0,3
6802,108,14
6803,0,3
6804,0,3
6805,0,3
6806,1,3
6807,0,3
6808,12,4
6809,0,3
6810,32,6
6811,224,20
6812,0,3
6813,19,6
6814,0,3
6815,0,3
6816,0,3
6817,93,15
6818,0,3
6819,0,3
6820,97,11
6821,0,3
6822,84,15
6823,8,4
6824,64,7
6825,93,14
6826,122,12
6827,163,13
6828,68,4
6829,60,10
6830,152,22
6831,0,3
6832,110,15
6833,7,3
6834,74,13
6835,144,14
6836,86,14
6837,0,3
6838,145,13
6839,0,3
6840,0,3
6841,94,11
6842,0,3
6843,0,3
6844,129,15
6845,164,21
6846,0,3
6847,64,11
6848,175,20
6849,144,13
6850,0,3
6851,0,3
6852,0,3
6853,0,3
6854,29,6
6855,73,12
6856,0,3
6857,219,11
6858,67,9
6859,0,3
6860,0,3
6861,0,3
6862,126,11
6863,12,4
6864,114,14
6865,123,18
6866,40,5
6867,0,3
6868,18,4
6869,28,9
6870,84,8
6871,0,3
6872,60,10
6873,49,9
6874,0,3
6875,161,10
6876,84,15
6877,0,3
6878,0,3
6879,63,10
6880,81,12
6881,0,3
6882,1,3
6883,0,3
6884,180,13
6885,1,3
6886,35,8
6887,0,3
6888,0,3
6889,0,3
6890,1,3
6891,79,15
6892,2,3
6893,141,8
6894,101,13
6895,2,4
6896,27,6
6897,47,10
6898,66,11
6899,58,10
6900,0,3
6901,171,15
6902,69,11
6903,151,15
6904,39,10
6905,21,5
6906,0,3
6907,62,6
6908,0,3
6909,0,3
6910,51,11
6911,0,3
6912,42,7
6913,55,11
6914,134,11
6915,0,3
6916,0,3
6917,1,3
6918,0,3
6919,56,11
6920,23,5
6921,182,18
6922,84,10
6923,3,3
6924,30,8
6925,63,14
6926,6,4
6927,0,3
6928,21,6
6929,0,3
6930,104,12
6931,0,3
6932,1,3
6933,1,3
6934,119,15
6935,89,13
6936,1,3
6937,0,3
6938,132,12
6939,0,3
6940,0,3
6941,0,3
6942,0,3
6943,118,17
6944,1,3
6945,1,4
6946,239,9
6947,0,3
6948,90,8
6949,1,3
6950,0,3
6951,64,4
6952,92,14
6953,142,10
6954,0,3
6955,110,21
6956,0,3
6957,71,12
6958,0,3
6959,89,12
6960,0,3
6961,2,3
6962,0,3
6963,136,17
6964,48,10
6965,0,3
6966,104,15
6967,121,14
6968,1,3
6969,74,13
6970,129,18
6971,1,3
6972,148,17
6973,0,3
6974,43,7
6975,224,15
6976,1,3
6977,43,9
6978,0,3
6979,159,16
6980,121,15
6981,44,9
6982,86,10
6983,76,7
6984,0,3
6985,93,9
6986,43,8
6987,14,6
6988,71,10
6989,98,9
6990,122,15
6991,1,3
6992,68,8
6993,13,4
6994,93,11
6995,0,3
6996,89,9
6997,0,3
6998,96,12
6999,1,3
7000,0,3
7001,0,3
7002,1,3
7003,35,8
7004,40,7
7005,73,9
7006,70,11
7007,62,11
7008,1,3
7009,45,10
7010,0,3
7011,0,3
7012,124,14
7013,0,3
7014,0,3
7015,0,3
7016,0,3
7017,1,3
7018,0,3
7019,53,10
7020,72,8
7021,1,3
7022,0,3
7023,90,13
7024,0,3
7025,142,11
7026,0,3
7027,0,3
7028,1,3
7029,0,3
7030,62,9
7031,1,3
7032,0,3
7033,161,20
7034,1,3
7035,96,12
7036,189,13
7037,49,7
7038,0,3
7039,0,3
7040,81,11
7041,171,18
7042,0,3
7043,20,4
7044,0,3
7045,18,4
7046,0,3
7047,0,3
7048,0,3
7049,0,3
7050,60,10
7051,41,10
7052,0,3
7053,0,3
7054,127,17
7055,0,3
7056,0,3
7057,119,14
7058,0,3
7059,0,3
7060,98,9
7061,0,3
7062,102,16
7063,101,14
7064,0,3
7065,0,3
7066,52,8
7067,42,10
7068,0,3
7069,60,8
7070,220,14
7071,114,11
7072,27,5
7073,59,13
7074,1,2
7075,114,14
7076,0,3
7077,1,3
7078,24,7
7079,83,13
7080,16,5
7081,81,12
7082,0,3
7083,0,3
7084,220,21
7085,139,16
7086,0,3
7087,0,3
7088,19,7
7089,0,3
7090,0,3
7091,109,14
7092,0,3
7093,185,20
7094,27,8
7095,107,10
7096,0,3
7097,0,3
7098,0,3
7099,7,4
7100,0,3
7101,35,8
7102,47,8
7103,121,15
7104,46,8
7105,89,8
7106,65,11
7107,0,3
7108,0,3
7109,52,11
7110,129,13
7111,0,3
7112,0,3
7113,180,9
7114,0,3
7115,54,11
7116,0,3
7117,81,11
7118,163,18
7119,65,11
7120,66,10
7121,0,3
7122,0,3
7123,1,3
7124,80,11
7125,97,14
7126,90,11
7127,100,13
7128,1,3
7129,140,18
7130,22,6
7131,0,3
7132,0,3
7133,0,3
7134,52,10
7135,117,12
7136,1,3
7137,0,3
7138,22,6
7139,1,3
7140,0,3
7141,156,16
7142,137,13
7143,95,15
7144,72,12
7145,0,3
7146,62,10
7147,0,3
7148,125,16
7149,10,4
7150,109,17
7151,63,11
7152,0,3
7153,106,12
7154,0,3
7155,0,3
7156,57,9
7157,145,12
7158,104,16
7159,73,10
7160,101,13
7161,0,3
7162,1,3
7163,103,14
7164,120,14
7165,2,3
7166,92,11
7167,74,9
7168,18,6
7169,159,15
7170,0,3
7171,0,3
7172,0,3
7173,0,3
7174,0,3
7175,114,20
7176,104,15
7177,212,24
7178,0,3
7179,36,10
7180,34,7
7181,1,3
7182,0,3
7183,89,11
7184,60,14
7185,149,9
7186,0,3
7187,96,17
7188,139,11
7189,119,18
7190,0,3
7191,18,5
7192,0,3
7193,102,16
7194,56,10
7195,84,14
7196,0,3
7197,0,3
7198,0,3
7199,27,7
7200,9,3
7201,0,3
7202,1,3
7203,30,7
7204,24,7
7205,193,24
7206,62,12
7207,22,6
7208,66,12
7209,163,17
7210,46,7
7211,148,16
7212,0,3
7213,101,22
7214,106,13
7215,0,3
7216,31,6
7217,59,11
7218,23,4
7219,346,18
7220,136,16
7221,9,4
7222,23,5
7223,0,3
7224,28,8
7225,0,3
7226,0,3
7227,136,14
7228,0,3
7229,93,12
7230,0,3
7231,103,18
7232,1,3
7233,62,11
7234,0,3
7235,117,17
7236,106,10
7237,0,3
7238,0,3
7239,51,8
7240,0,3
7241,95,15
7242,0,3
7243,39,9
7244,206,24
7245,0,3
7246,1,3
7247,119,3
7248,93,10
7249,124,19
7250,0,3
7251,61,11
7252,82,9
7253,70,12
7254,108,14
7255,1,3
7256,84,15
7257,1,3
7258,0,3
7259,0,3
7260,54,5
7261,58,8
7262,0,3
7263,248,13
7264,124,15
7265,198,12
7266,0,3
7267,16,4
7268,19,6
7269,0,3
7270,0,3
7271,102,13
7272,67,9
7273,151,14
7274,1,3
7275,0,3
7276,205,18
7277,91,12
7278,0,3
7279,124,13
7280,0,3
7281,77,14
7282,114,18
7283,96,13
7284,0,3
7285,79,19
7286,0,3
7287,280,17
7288,0,3
7289,0,3
7290,44,8
7291,58,10
7292,15,5
7293,113,13
7294,114,11
7295,86,13
7296,0,3
7297,171,19
7298,77,15
7299,56,11
7300,170,24
7301,0,3
7302,0,3
7303,510,16
7304,97,14
7305,29,5
7306,0,3
7307,99,10
7308,0,3
7309,0,3
7310,197,18
7311,52,10
7312,79,10
7313,0,3
7314,0,3
7315,123,15
7316,48,10
7317,35,6
7318,0,3
7319,55,10
7320,147,14
7321,126,11
7322,0,3
7323,1,3
7324,0,3
7325,1,3
7326,156,18
7327,43,7
7328,0,3
7329,0,3
7330,0,3
7331,127,16
7332,184,12
7333,0,3
7334,0,3
7335,0,3
7336,24,7
7337,118,18
7338,191,20
7339,56,11
7340,0,3
7341,0,3
7342,232,22
7343,0,3
7344,39,8
7345,1,3
7346,0,3
7347,0,3
7348,0,3
7349,113,15
7350,144,15
7351,59,11
7352,52,6
7353,0,3
7354,81,16
7355,90,13
7356,0,3
7357,0,3
7358,0,3
7359,0,3
7360,0,3
7361,0,3
7362,0,3
7363,187,24
7364,70,13
7365,0,3
7366,6,4
7367,0,3
7368,0,3
7369,1,3
7370,44,8
7371,0,3
7372,0,3
7373,61,13
7374,126,13
7375,115,16
7376,195,16
7377,0,3
7378,0,3
7379,123,16
7380,0,3
7381,0,3
7382,135,19
7383,145,19
7384,0,3
7385,101,15
7386,45,9
7387,328,20
7388,48,10
7389,0,3
7390,0,3
7391,156,18
7392,1,3
7393,4,4
7394,97,14
7395,165,10
7396,148,17
7397,90,6
7398,0,3
7399,2,3
7400,131,19
7401,205,15
7402,107,15
7403,0,3
7404,0,3
7405,157,18
7406,0,3
7407,153,7
7408,0,3
7409,129,13
7410,113,7
7411,0,3
7412,61,9
7413,103,14
7414,138,14
7415,0,3
7416,0,3
7417,55,7
7418,0,3
7419,67,10
7420,98,13
7421,0,3
7422,0,3
7423,256,23
7424,0,3
7425,0,3
7426,0,3
7427,0,3
7428,54,9
7429,0,3
7430,1,3
7431,93,14
7432,97,9
7433,0,3
7434,0,3
7435,42,9
7436,0,3
7437,35,9
7438,80,15
7439,0,3
7440,0,3
7441,96,12
7442,0,3
7443,1,3
7444,86,16
7445,0,3
7446,171,16
7447,0,3
7448,0,3
7449,23,7
7450,0,3
7451,96,14
7452,71,9
7453,1,4
7454,195,25
7455,37,9
7456,43,8
7457,61,13
7458,153,17
7459,59,13
7460,141,14
7461,196,17
7462,0,3
7463,0,3
7464,216,25
7465,0,3
7466,137,20
7467,111,16
7468,100,14
7469,78,15
7470,0,3
7471,58,7
7472,73,12
7473,99,15
7474,0,3
7475,132,16
7476,106,11
7477,0,3
7478,1,3
7479,10,4
7480,0,3
7481,173,20
7482,59,9
7483,24,7
7484,1,3
7485,1,3
7486,1,3
7487,128,15
7488,1,3
7489,0,3
7490,169,22
7491,0,3
7492,0,3
7493,220,19
7494,114,16
7495,2,3
7496,144,18
7497,0,3
7498,0,3
7499,29,5
7500,0,3
7501,0,3
7502,137,22
7503,146,22
7504,95,14
7505,72,12
7506,0,3
7507,207,20
7508,217,17
7509,70,12
7510,0,3
7511,0,3
7512,0,3
7513,0,3
7514,274,16
7515,0,3
7516,0,3
7517,13,3
7518,148,21
7519,78,13
7520,104,16
7521,119,19
7522,31,6
7523,52,11
7524,0,3
7525,63,8
7526,60,10
7527,99,14
7528,0,3
7529,80,10
7530,61,7
7531,0,3
7532,206,14
7533,151,21
7534,78,8
7535,50,9
7536,194,19
7537,90,15
7538,0,3
7539,0,3
7540,11,5
7541,0,3
7542,32,6
7543,0,3
7544,0,3
7545,0,3
7546,56,9
7547,0,3
7548,0,3
7549,2,3
7550,87,13
7551,0,3
7552,0,3
7553,168,27
7554,1,3
7555,172,20
7556,0,3
7557,118,18
7558,44,9
7559,0,3
7560,116,14
7561,149,16
7562,107,13
7563,0,3
7564,286,24
7565,87,12
7566,81,15
7567,82,13
7568,0,3
7569,128,17
7570,0,3
7571,120,14
7572,0,3
7573,0,3
7574,111,15
7575,2,3
7576,144,9
7577,0,3
7578,52,11
7579,0,3
7580,16,6
7581,152,20
7582,0,3
7583,81,14
7584,0,3
7585,0,3
7586,0,3
7587,151,17
7588,143,12
7589,1,3
7590,81,15
7591,54,10
7592,22,4
7593,69,14
7594,100,13
7595,1,3
7596,53,11
7597,0,3
7598,61,9
7599,109,13
7600,100,14
7601,1,3
7602,0,3
7603,159,7
7604,0,3
7605,0,3
7606,0,3
7607,0,3
7608,76,16
7609,0,3
7610,40,8
7611,4,4
7612,210,24
7613,106,15
7614,88,11
7615,0,3
7616,0,3
7617,65,7
7618,0,3
7619,45,11
7620,34,7
7621,42,6
7622,0,3
7623,0,3
7624,343,23
7625,1,3
7626,175,17
7627,77,13
7628,10,4
7629,176,18
7630,0,3
7631,51,8
7632,128,19
7633,104,13
7634,0,3
7635,0,3
7636,122,14
7637,0,3
7638,176,20
7639,0,3
7640,0,3
7641,0,3
7642,139,16
7643,33,4
7644,117,23
7645,164,13
7646,27,7
7647,0,3
7648,147,18
7649,0,3
7650,83,16
7651,1,3
7652,104,11
7653,20,4
7654,0,3
7655,104,13
7656,49,10
7657,0,3
7658,0,3
7659,108,13
7660,0,3
7661,46,8
7662,0,3
7663,89,13
7664,0,3
7665,19,5
7666,2,3
7667,0,3
7668,87,12
7669,0,3
7670,194,15
7671,64,7
7672,188,18
7673,16,4
7674,3,4
7675,0,3
7676,93,17
7677,63,12
7678,0,3
7679,0,3
7680,49,9
7681,46,9
7682,16,4
7683,151,20
7684,121,18
7685,0,3
7686,1,3
7687,134,20
7688,90,4
7689,0,3
7690,61,9
7691,91,10
7692,149,21
7693,115,15
7694,94,8
7695,0,3
7696,54,9
7697,1,3
7698,0,3
7699,1,3
7700,1,3
7701,332,5
7702,272,24
7703,159,17
7704,0,3
7705,86,6
7706,30,5
7707,0,3
7708,0,3
7709,200,15
7710,140,19
7711,0,3
7712,115,18
7713,0,3
7714,167,13
7715,66,13
7716,0,3
7717,243,10
7718,25,5
7719,77,13
7720,0,3
7721,1,3
7722,109,15
7723,120,20
7724,161,25
7725,127,12
7726,67,11
7727,0,3
7728,0,3
7729,151,20
7730,1,3
7731,139,15
7732,0,3
7733,0,3
7734,210,19
7735,101,17
7736,0,3
7737,0,3
7738,115,17
7739,0,3
7740,119,11
7741,1,3
7742,0,3
7743,0,3
7744,76,10
7745,0,3
7746,107,18
7747,0,3
7748,1,3
7749,71,10
7750,0,3
7751,0,3
7752,0,3
7753,0,3
7754,1,3
7755,0,3
7756,38,11
7757,163,19
7758,274,32
7759,0,3
7760,70,11
7761,0,3
7762,0,3
7763,32,5
7764,2,3
7765,110,14
7766,131,18
7767,84,13
7768,49,8
7769,73,16
7770,89,15
7771,0,3
7772,166,19
7773,108,11
7774,89,11
7775,45,10
7776,0,3
7777,145,19
7778,58,11
7779,1,3
7780,205,17
7781,54,8
7782,237,15
7783,0,3
7784,0,3
7785,0,3
7786,0,3
7787,173,15
7788,0,3
7789,189,24
7790,255,10
7791,0,3
7792,174,22
7793,0,3
7794,235,18
7795,97,17
7796,122,15
7797,143,18
7798,0,3
7799,53,10
7800,136,17
7801,270,20
7802,0,3
7803,344,21
7804,210,8
7805,210,21
7806,106,14
7807,179,24
7808,0,3
7809,95,12
7810,40,9
7811,0,3
7812,0,3
7813,144,13
7814,161,15
7815,126,20
7816,0,3
7817,119,18
7818,0,3
7819,0,3
7820,195,15
7821,0,3
7822,246,23
7823,0,3
7824,31,7
7825,159,20
7826,1,3
7827,0,3
7828,0,3
7829,18,6
7830,120,16
7831,20,6
7832,0,3
7833,103,19
7834,1,3
7835,203,20
7836,105,16
7837,0,3
7838,110,14
7839,148,13
7840,0,3
7841,0,3
7842,54,7
7843,135,19
7844,108,17
7845,0,3
7846,0,3
7847,3,4
7848,42,10
7849,74,13
7850,174,25
7851,57,8
7852,2,3
7853,50,8
7854,136,15
7855,0,3
7856,141,18
7857,170,17
7858,275,18
7859,0,3
7860,82,12
7861,99,13
7862,108,14
7863,140,19
7864,78,10
7865,0,3
7866,0,3
7867,333,16
7868,127,21
7869,160,20
7870,0,3
7871,0,3
7872,274,24
7873,89,13
7874,0,3
7875,198,24
7876,0,3
7877,0,3
7878,97,18
7879,106,13
7880,116,22
7881,0,3
7882,0,3
7883,567,12
7884,155,10
7885,89,9
7886,119,17
7887,128,20
7888,178,22
7889,0,3
7890,254,19
7891,149,19
7892,1,3
7893,1,3
7894,0,3
7895,1,3
7896,0,3
7897,35,7
7898,5,3
7899,146,25
7900,0,3
7901,0,3
7902,148,10
7903,18,6
7904,0,3
7905,141,19
7906,0,3
7907,0,3
7908,0,3
7909,57,11
7910,151,16
7911,170,25
7912,63,11
7913,123,15
7914,113,19
7915,193,16
7916,0,3
7917,93,14
7918,157,17
7919,1,3
7920,88,13
7921,85,11
7922,0,3
7923,77,12
7924,2,3
7925,0,3
7926,134,17
7927,186,23
7928,0,3
7929,60,12
7930,39,8
7931,84,16
7932,151,22
7933,142,12
7934,40,5
7935,209,24
7936,52,10
7937,43,10
7938,142,15
7939,0,3
7940,28,5
7941,0,3
7942,214,27
7943,75,16
7944,86,13
7945,0,3
7946,62,14
7947,0,3
7948,65,11
7949,128,16
7950,20,4
7951,185,18
7952,0,3
7953,0,3
7954,0,3
7955,48,11
7956,29,7
7957,0,3
7958,1,3
7959,0,3
7960,0,3
7961,110,14
7962,31,7
7963,130,20
7964,85,15
7965,0,3
7966,104,16
7967,0,3
7968,159,23
7969,109,11
7970,0,3
7971,64,11
7972,0,3
7973,1,3
7974,0,3
7975,101,17
7976,221,16
7977,0,3
7978,174,23
7979,0,3
7980,135,18
7981,116,15
7982,0,3
7983,129,9
7984,207,24
7985,141,20
7986,0,3
7987,121,16
7988,243,12
7989,120,16
7990,0,3
7991,0,3
7992,1,3
7993,132,17
7994,0,3
7995,0,3
7996,66,11
7997,1,3
7998,129,15
7999,123,17
8000,0,3
8001,0,3
8002,108,16
8003,0,3
8004,0,3
8005,0,3
8006,0,3
8007,0,3
8008,0,3
8009,213,15
8010,0,3
8011,0,3
8012,0,3
8013,45,9
8014,48,7
8015,147,20
8016,139,21
8017,0,3
8018,9,4
8019,0,3
8020,167,20
8021,70,8
8022,154,15
8023,84,14
8024,0,3
8025,0,3
8026,67,16
8027,0,3
8028,125,18
8029,0,3
8030,174,18
8031,172,19
8032,0,3
8033,112,19
8034,146,18
8035,92,15
8036,101,13
8037,208,25
8038,34,6
8039,0,3
8040,145,20
8041,100,18
8042,0,3
8043,118,18
8044,0,3
8045,89,16
8046,47,9
8047,163,20
8048,151,19
8049,0,3
8050,0,3
8051,108,14
8052,145,16
8053,154,20
8054,205,25
8055,138,20
8056,27,5
8057,238,23
8058,154,19
8059,271,21
8060,0,3
8061,220,23
8062,0,3
8063,1,3
8064,204,23
8065,174,21
8066,2,3
8067,92,10
8068,173,19
8069,0,3
8070,34,7
8071,64,13
8072,184,15
8073,1,3
8074,0,3
8075,102,18
8076,225,16
8077,149,18
8078,0,3
8079,0,3
8080,189,19
8081,0,3
8082,85,17
8083,92,19
8084,60,9
8085,94,14
8086,129,15
8087,0,3
8088,135,15
8089,160,15
8090,158,27
8091,0,3
8092,105,18
8093,127,18
8094,0,3
8095,70,11
8096,153,18
8097,0,3
8098,156,22
8099,0,3
8100,177,9
8101,106,13
8102,203,20
8103,0,3
8104,206,16
8105,0,3
8106,284,17
8107,222,18
8108,137,16
8109,0,3
8110,0,3
8111,87,13
8112,0,3
8113,166,19
8114,0,3
8115,211,24
8116,1,3
8117,177,20
8118,1,3
8119,66,12
8120,150,17
8121,102,17
8122,0,3
8123,0,3
8124,0,3
8125,77,11
8126,65,12
8127,0,3
8128,0,3
8129,415,22
8130,144,13
8131,141,18
8132,156,18
8133,159,18
8134,0,3
8135,28,6
8136,0,3
8137,0,3
8138,149,24
8139,11,4
8140,46,10
8141,104,8
8142,59,9
8143,0,3
8144,78,12
8145,82,7
8146,98,12
8147,135,17
8148,0,3
8149,0,3
8150,0,3
8151,138,18
8152,0,3
8153,180,24
8154,2,3
8155,1,3
8156,0,3
8157,98,13
8158,123,19
8159,97,14
8160,211,9
8161,0,3
8162,2,3
8163,121,13
8164,147,21
8165,133,16
8166,45,6
8167,0,3
8168,98,19
8169,0,3
8170,0,3
8171,0,3
8172,0,3
8173,146,19
8174,150,18
8175,75,16
8176,0,3
8177,0,3
8178,0,3
8179,0,3
8180,0,3
8181,99,14
8182,155,18
8183,0,3
8184,0,3
8185,0,3
8186,0,3
8187,0,3
8188,0,3
8189,387,28
8190,32,6
8191,0,3
8192,0,3
8193,181,20
8194,91,14
8195,215,17
8196,179,25
8197,0,3
8198,0,3
8199,139,17
8200,0,3
8201,186,16
8202,0,3
8203,140,15
8204,0,3
8205,0,3
8206,283,9
8207,211,20
8208,35,7
8209,86,7
8210,0,3
8211,0,3
8212,78,14
8213,1,3
8214,64,7
8215,76,9
8216,152,17
8217,1,3
8218,208,17
8219,0,3
8220,0,3
8221,0,3
8222,0,3
8223,0,3
8224,218,26
8225,8,4
8226,117,16
8227,41,7
8228,307,18
8229,0,3
8230,70,12
8231,0,3
8232,146,22
8233,148,18
8234,105,18
8235,154,23
8236,0,3
8237,210,21
8238,0,3
8239,109,18
8240,0,3
8241,99,7
8242,13,5
8243,175,22
8244,0,3
8245,0,3
8246,217,24
8247,335,24
8248,211,21
8249,87,13
8250,88,14
8251,17,6
8252,0,3
8253,0,3
8254,0,3
8255,0,3
8256,348,26
8257,0,3
8258,0,3
8259,75,12
8260,153,24
8261,1,3
8262,153,22
8263,0,3
8264,68,14
8265,78,11
8266,53,12
8267,14,4
8268,0,3
8269,213,20
8270,0,3
8271,0,3
8272,101,17
8273,181,14
8274,285,26
8275,180,19
8276,0,3
8277,0,3
8278,226,25
8279,119,15
8280,0,3
8281,132,16
8282,0,3
8283,103,12
8284,73,11
8285,1,3
8286,266,29
8287,0,3
8288,147,16
8289,77,12
8290,0,3
8291,19,7
8292,0,3
8293,167,24
8294,73,5
8295,34,7
8296,0,3
8297,335,35
8298,178,23
8299,148,21
8300,123,18
8301,130,15
8302,0,3
8303,0,3
8304,156,26
8305,0,3
8306,0,3
8307,261,18
8308,105,12
8309,302,17
8310,0,3
8311,178,18
8312,66,12
8313,0,3
8314,0,3
8315,0,3
8316,0,3
8317,1,4
8318,1,3
8319,347,18
8320,202,18
8321,203,19
8322,0,3
8323,0,3
8324,0,3
8325,0,3
8326,150,16
8327,0,3
8328,0,3
8329,135,19
8330,131,17
8331,0,3
8332,31,5
8333,33,6
8334,183,25
8335,168,23
8336,0,3
8337,468,22
8338,198,25
8339,130,17
8340,11,4
8341,78,10
8342,99,20
8343,146,19
8344,0,3
8345,136,15
8346,123,12
8347,0,3
8348,189,20
8349,0,3
8350,162,22
8351,104,15
8352,0,3
8353,130,14
8354,0,3
8355,0,3
8356,0,3
8357,48,11
8358,97,15
8359,0,3
8360,95,13
8361,140,18
8362,0,3
8363,0,3
8364,42,12
8365,126,12
8366,100,18
8367,214,22
8368,104,12
8369,196,12
8370,0,3
8371,160,18
8372,178,22
8373,0,3
8374,0,3
8375,160,18
8376,0,3
8377,0,3
8378,156,20
8379,0,3
8380,0,3
8381,43,7
8382,110,18
8383,115,16
8384,97,20
8385,250,24
8386,0,3
8387,99,15
8388,140,20
8389,0,3
8390,0,3
8391,222,21
8392,162,21
8393,0,3
8394,0,3
8395,0,3
8396,179,22
8397,68,16
8398,31,6
8399,111,19
8400,0,3
8401,161,20
8402,97,13
8403,251,18
8404,73,13
8405,67,10
8406,0,3
8407,40,8
8408,113,19
8409,5,3
8410,27,10
8411,0,3
8412,0,3
8413,0,3
8414,182,19
8415,133,21
8416,183,12
8417,109,15
8418,1,3
8419,0,3
8420,125,13
8421,68,11
8422,217,23
8423,1,3
8424,2,3
8425,0,3
8426,233,17
8427,151,19
8428,192,28
8429,0,3
8430,0,3
8431,177,24
8432,67,10
8433,115,17
8434,0,3
8435,240,31
8436,0,3
8437,89,12
8438,2,3
8439,157,21
8440,47,10
8441,0,3
8442,200,25
8443,92,14
8444,59,11
8445,217,22
8446,1,3
8447,179,23
8448,259,28
8449,93,18
8450,1,3
8451,30,5
8452,443,11
8453,143,16
8454,1,3
8455,43,6
8456,205,18
8457,92,12
8458,133,20
8459,0,3
8460,0,3
8461,0,3
8462,142,23
8463,114,7
8464,108,12
8465,86,15
8466,134,17
8467,99,18
8468,0,3
8469,0,3
8470,46,9
8471,193,20
8472,0,3
8473,77,12
8474,0,3
8475,89,15
8476,0,3
8477,1,3
8478,117,10
8479,4,4
8480,102,18
8481,182,22
8482,146,17
8483,102,18
8484,0,3
8485,0,3
8486,107,17
8487,55,7
8488,155,23
8489,82,14
8490,139,20
8491,105,19
8492,43,10
8493,95,11
8494,130,20
8495,221,3
8496,14,5
8497,221,26
8498,48,10
8499,94,12
8500,82,15
8501,114,13
8502,189,26
8503,9,5
8504,89,20
8505,0,3
8506,184,15
8507,0,3
8508,79,12
8509,29,6
8510,42,7
8511,144,19
8512,8,5
8513,295,18
8514,155,17
8515,0,3
8516,252,29
8517,168,25
8518,0,3
8519,718,5
8520,140,21
8521,0,3
8522,0,3
8523,0,3
8524,0,3
8525,77,12
8526,173,22
8527,103,13
8528,0,3
8529,214,21
8530,260,32
8531,1,3
8532,31,9
8533,54,10
8534,84,17
8535,163,22
8536,0,3
8537,55,9
8538,411,4
8539,164,23
8540,110,15
8541,101,12
8542,172,16
8543,176,20
8544,7,3
8545,36,8
8546,110,21
8547,0,3
8548,70,12
8549,0,3
8550,0,3
8551,196,22
8552,156,17
8553,192,16
8554,56,12
8555,124,16
8556,0,3
8557,326,16
8558,119,13
8559,162,25
8560,173,24
8561,0,3
8562,167,17
8563,0,3
8564,154,16
8565,69,6
8566,0,3
8567,58,13
8568,262,20
8569,95,16
8570,160,22
8571,85,16
8572,0,3
8573,1,3
8574,153,12
8575,0,3
8576,443,17
8577,107,12
8578,24,8
8579,98,14
8580,297,9
8581,0,3
8582,159,17
8583,0,3
8584,0,3
8585,170,21
8586,215,18
8587,0,3
8588,0,3
8589,173,17
8590,67,12
8591,0,3
8592,173,21
8593,157,18
8594,47,8
8595,0,3
8596,93,12
8597,0,3
8598,43,8
8599,124,8
8600,0,3
8601,129,14
8602,199,26
8603,64,12
8604,136,14
8605,286,24
8606,168,20
8607,0,3
8608,0,3
8609,200,25
8610,0,3
8611,139,17
8612,1,3
8613,146,21
8614,0,3
8615,38,7
8616,0,3
8617,41,7
8618,131,15
8619,318,20
8620,0,3
8621,83,13
8622,108,17
8623,165,19
8624,119,17
8625,187,19
8626,124,18
8627,11,4
8628,0,3
8629,219,22
8630,293,26
8631,112,14
8632,115,10
8633,0,3
8634,0,3
8635,82,17
8636,200,15
8637,202,21
8638,141,18
8639,220,26
8640,99,15
8641,56,11
8642,0,3
8643,156,24
8644,0,3
8645,82,16
8646,0,3
8647,129,19
8648,157,22
8649,124,19
8650,114,11
8651,0,3
8652,127,14
8653,0,3
8654,0,3
8655,109,19
8656,1,3
8657,2,3
8658,26,7
8659,0,3
8660,96,13
8661,0,3
8662,0,3
8663,0,3
8664,0,3
8665,179,18
8666,176,22
8667,1,3
8668,0,3
8669,0,3
8670,0,3
8671,151,23
8672,30,6
8673,0,3
8674,166,20
8675,95,12
8676,0,3
8677,145,20
8678,0,3
8679,0,3
8680,137,21
8681,370,14
8682,145,14
8683,151,26
8684,0,3
8685,49,8
8686,0,3
8687,0,3
8688,106,16
8689,63,8
8690,128,16
8691,86,13
8692,0,3
8693,112,10
8694,0,3
8695,30,7
8696,225,23
8697,107,15
8698,68,11
8699,197,28
8700,0,3
8701,173,20
8702,186,22
8703,0,3
8704,0,3
8705,0,3
8706,84,12
8707,143,25
8708,0,3
8709,107,16
8710,74,14
8711,108,14
8712,0,3
8713,78,11
8714,182,26
8715,106,12
8716,148,22
8717,0,3
8718,0,3
8719,121,15
8720,369,28
8721,5,3
8722,0,3
8723,128,14
8724,0,3
8725,0,3
8726,155,21
8727,39,9
8728,242,29
8729,0,3
8730,0,3
8731,0,3
8732,181,28
8733,0,3
8734,0,3
8735,60,7
8736,59,8
8737,49,9
8738,97,15
8739,0,3
8740,2,3
8741,0,3
8742,147,16
8743,100,14
8744,144,11
8745,87,11
8746,112,14
8747,0,3
8748,141,20
8749,32,7
8750,0,3
8751,0,3
8752,75,12
8753,74,12
8754,0,3
8755,143,16
8756,185,22
8757,14,5
8758,0,3
8759,106,13
8760,0,3
8761,0,3
8762,183,18
8763,150,21
8764,0,3
8765,236,21
8766,319,21
8767,238,23
8768,0,3
8769,99,13
8770,256,21
8771,265,22
8772,1,3
8773,140,21
8774,207,24
8775,75,14
8776,0,3
8777,0,3
8778,21,6
8779,127,19
8780,235,15
8781,124,23
8782,147,18
8783,42,10
8784,0,3
8785,196,20
8786,0,3
8787,275,33
8788,1,3
8789,73,8
8790,168,23
8791,0,3
8792,179,16
8793,119,19
8794,146,19
8795,0,3
8796,0,3
8797,1,3
8798,248,27
8799,190,20
8800,111,17
8801,162,20
8802,151,16
8803,41,10
8804,17,7
8805,96,16
8806,215,27
8807,0,3
8808,182,19
8809,0,3
8810,1,3
8811,0,3
8812,186,23
8813,165,16
8814,131,20
8815,193,17
8816,0,3
8817,0,3
8818,0,3
8819,0,3
8820,0,3
8821,0,3
8822,216,12
8823,125,7
8824,154,17
8825,0,3
8826,0,3
8827,0,3
8828,39,7
8829,102,15
8830,0,3
8831,95,17
8832,0,3
8833,176,19
8834,49,12
8835,0,3
8836,114,15
8837,247,10
8838,0,3
8839,0,3
8840,145,20
8841,45,8
8842,131,18
8843,118,17
8844,0,3
8845,180,20
8846,190,17
8847,0,3
8848,0,3
8849,0,3
8850,143,16
8851,220,30
8852,167,24
8853,29,5
8854,163,15
8855,0,3
8856,106,16
8857,42,8
8858,0,3
8859,0,3
8860,123,17
8861,0,3
8862,246,18
8863,92,11
8864,107,17
8865,189,28
8866,164,24
8867,173,21
8868,52,8
8869,0,3
8870,250,18
8871,0,3
8872,2,3
8873,2,4
8874,0,3
8875,59,10
8876,0,3
8877,0,3
8878,176,22
8879,94,12
8880,0,3
8881,0,3
8882,0,3
8883,119,18
8884,203,22
8885,128,15
8886,0,3
8887,0,3
8888,123,14
8889,62,11
8890,299,26
8891,0,3
8892,0,3
8893,95,20
8894,28,6
8895,213,20
8896,122,20
8897,208,19
8898,296,29
8899,59,10
8900,0,3
8901,0,3
8902,170,23
8903,144,21
8904,0,3
8905,0,3
8906,75,11
8907,232,25
8908,0,3
8909,48,7
8910,112,17
8911,76,16
8912,130,21
8913,260,33
8914,136,21
8915,98,17
8916,199,28
8917,0,3
8918,0,3
8919,0,3
8920,0,3
8921,148,20
8922,120,17
8923,55,11
8924,0,3
8925,88,10
8926,181,26
8927,0,3
8928,164,23
8929,149,22
8930,0,3
8931,1,3
8932,162,19
8933,112,16
8934,71,16
8935,148,16
8936,114,16
8937,208,21
8938,0,3
8939,0,3
8940,0,3
8941,0,3
8942,258,29
8943,142,20
8944,0,3
8945,0,3
8946,7,3
8947,1,3
8948,0,3
8949,61,7
8950,245,21
8951,1,3
8952,127,15
8953,0,3
8954,0,3
8955,0,3
8956,27,8
8957,107,17
8958,152,8
8959,64,17
8960,0,3
8961,1,3
8962,139,16
8963,0,3
8964,199,20
8965,37,6
8966,111,16
8967,352,24
8968,0,3
8969,145,19
8970,163,7
8971,137,12
8972,0,3
8973,0,3
8974,164,20
8975,291,32
8976,0,3
8977,0,3
8978,127,19
8979,0,3
8980,168,19
8981,170,16
8982,1,3
8983,377,21
8984,0,3
8985,0,3
8986,132,21
8987,195,12
8988,137,15
8989,157,21
8990,202,23
8991,0,3
8992,230,32
8993,117,19
8994,123,17
8995,1,3
8996,0,3
8997,215,27
8998,157,20
8999,156,23
9000,36,8
9001,0,3
9002,193,25
9003,0,3
9004,91,13
9005,0,3
9006,146,16
9007,289,34
9008,0,3
9009,140,20
9010,127,15
9011,72,11
9012,124,17
9013,169,20
9014,60,10
9015,0,3
9016,0,3
9017,126,18
9018,257,23
9019,145,24
9020,0,3
9021,253,24
9022,83,15
9023,243,28
9024,0,3
9025,125,20
9026,255,28
9027,83,12
9028,84,13
9029,105,13
9030,124,17
9031,165,21
9032,0,3
9033,191,23
9034,185,24
9035,186,20
9036,0,3
9037,0,3
9038,447,20
9039,1,3
9040,238,26
9041,0,3
9042,119,15
9043,210,19
9044,0,3
9045,206,26
9046,124,15
9047,0,3
9048,181,12
9049,2,3
9050,136,20
9051,0,3
9052,174,21
9053,1,3
9054,142,17
9055,36,10
9056,0,3
9057,0,3
9058,0,3
9059,129,20
9060,126,19
9061,153,23
9062,0,3
9063,253,20
9064,0,3
9065,0,3
9066,142,19
9067,89,12
9068,94,17
9069,224,21
9070,86,12
9071,139,16
9072,0,3
9073,134,20
9074,157,21
9075,228,23
9076,48,9
9077,1,3
9078,0,3
9079,0,3
9080,191,25
9081,140,23
9082,86,15
9083,90,14
9084,0,3
9085,0,3
9086,104,16
9087,0,3
9088,80,12
9089,0,3
9090,1,3
9091,99,15
9092,0,3
9093,165,20
9094,0,3
9095,289,34
9096,0,3
9097,156,19
9098,109,16
9099,0,3
9100,168,18
9101,0,3
9102,0,3
9103,167,23
9104,0,3
9105,36,7
9106,230,24
9107,223,23
9108,90,13
9109,0,3
9110,183,25
9111,0,3
9112,0,3
9113,57,9
9114,219,25
9115,163,28
9116,97,13
9117,0,3
9118,91,14
9119,114,17
9120,112,17
9121,0,3
9122,203,23
9123,1,3
9124,130,14
9125,198,25
9126,263,23
9127,142,22
9128,0,3
9129,0,3
9130,0,3
9131,152,22
9132,0,3
9133,181,21
9134,2,3
9135,165,22
9136,159,22
9137,431,11
9138,64,10
9139,135,17
9140,0,3
9141,170,25
9142,0,3
9143,0,3
9144,0,3
9145,267,34
9146,100,8
9147,0,3
9148,210,23
9149,164,17
9150,280,14
9151,0,3
9152,0,3
9153,268,30
9154,170,20
9155,120,20
9156,178,25
9157,221,26
9158,47,8
9159,207,27
9160,208,25
9161,110,17
9162,0,3
9163,0,3
9164,0,3
9165,148,18
9166,206,22
9167,111,14
9168,47,8
9169,194,23
9170,224,23
9171,118,17
9172,293,18
9173,47,7
9174,0,3
9175,85,12
9176,120,18
9177,223,28
9178,7,3
9179,185,20
9180,0,3
9181,0,3
9182,0,3
9183,0,3
9184,0,3
9185,203,22
9186,50,9
9187,0,3
9188,1,3
9189,209,13
9190,262,20
9191,0,3
9192,174,24
9193,213,26
9194,202,28
9195,38,8
9196,0,3
9197,1,3
9198,93,10
9199,111,13
9200,143,20
9201,143,20
9202,0,3
9203,0,3
9204,399,19
9205,167,21
9206,115,18
9207,292,31
9208,69,11
9209,0,3
9210,0,3
9211,94,15
9212,0,3
9213,322,21
9214,0,3
9215,186,20
9216,0,3
9217,0,3
9218,55,8
9219,153,18
9220,181,16
9221,0,3
9222,1,3
9223,70,15
9224,202,25
9225,0,3
9226,78,12
9227,121,19
9228,140,19
9229,21,4
9230,24,7
9231,32,3
9232,382,24
9233,0,3
9234,163,20
9235,0,3
9236,109,16
9237,98,15
9238,0,3
9239,89,14
9240,0,3
9241,178,24
9242,0,3
9243,0,3
9244,494,9
9245,0,3
9246,101,13
9247,135,23
9248,108,15
9249,0,3
9250,136,17
9251,0,3
9252,0,3
9253,42,8
9254,269,29
9255,158,16
9256,112,15
9257,58,9
9258,157,21
9259,175,19
9260,0,3
9261,0,3
9262,54,13
9263,2,3
9264,0,3
9265,111,16
9266,0,3
9267,0,3
9268,175,22
9269,0,3
9270,111,22
9271,140,13
9272,0,3
9273,87,14
9274,229,27
9275,0,3
9276,134,16
9277,212,22
9278,167,20
9279,187,24
9280,0,3
9281,332,28
9282,57,8
9283,1,3
9284,0,3
9285,0,3
9286,0,3
9287,0,3
9288,0,3
9289,0,3
9290,19,7
9291,302,20
9292,96,16
9293,140,17
9294,298,18
9295,0,3
9296,0,3
9297,29,6
9298,0,3
9299,109,15
9300,214,21
9301,168,20
9302,132,16
9303,0,3
9304,1,3
9305,0,3
9306,0,3
9307,263,24
9308,80,10
9309,84,14
9310,271,24
9311,0,3
9312,0,3
9313,134,13
9314,359,27
9315,0,3
9316,64,12
9317,154,21
9318,189,25
9319,9,4
9320,195,25
9321,0,3
9322,0,3
9323,0,3
9324,73,13
9325,164,18
9326,0,3
9327,128,17
9328,205,24
9329,179,22
9330,152,24
9331,227,23
9332,0,3
9333,0,3
9334,62,8
9335,201,20
9336,0,3
9337,201,22
9338,0,3
9339,139,24
9340,0,3
9341,318,21
9342,126,24
9343,135,18
9344,141,21
9345,169,20
9346,228,27
9347,118,19
9348,130,21
9349,211,25
9350,139,22
9351,84,13
9352,0,3
9353,0,3
9354,242,17
9355,177,20
9356,72,15
9357,46,13
9358,179,18
9359,100,13
9360,137,23
9361,73,17
9362,211,14
9363,131,9
9364,0,3
9365,90,16
9366,257,28
9367,139,19
9368,130,20
9369,0,3
9370,0,3
9371,110,21
9372,31,8
9373,50,10
9374,79,11
9375,0,3
9376,0,3
9377,0,3
9378,475,26
9379,111,15
9380,84,13
9381,111,20
9382,241,26
9383,148,17
9384,0,3
9385,0,3
9386,0,3
9387,127,21
9388,362,34
9389,136,16
9390,0,3
9391,200,16
9392,119,19
9393,0,3
9394,290,32
9395,0,3
9396,0,3
9397,187,23
9398,150,20
9399,155,22
9400,0,3
9401,183,23
9402,95,18
9403,0,3
9404,0,3
9405,0,3
9406,0,3
9407,0,3
9408,0,3
9409,0,3
9410,21,6
9411,116,17
9412,229,24
9413,0,3
9414,128,15
9415,0,3
9416,1,3
9417,0,3
9418,0,3
9419,208,24
9420,220,18
9421,0,3
9422,0,3
9423,37,8
9424,0,3
9425,114,12
9426,196,22
9427,332,16
9428,0,3
9429,162,24
9430,216,29
9431,0,3
9432,21,6
9433,225,30
9434,0,3
9435,252,26
9436,133,17
9437,132,24
9438,0,3
9439,54,12
9440,24,5
9441,443,17
9442,146,19
9443,0,3
9444,0,3
9445,337,31
9446,1,3
9447,0,3
9448,0,3
9449,23,5
9450,205,26
9451,222,25
9452,273,36
9453,0,3
9454,157,23
9455,201,19
9456,73,13
9457,0,3
9458,6,4
9459,1,3
9460,100,13
9461,0,3
9462,0,3
9463,212,23
9464,255,26
9465,0,3
9466,291,21
9467,157,23
9468,271,26
9469,196,26
9470,118,17
9471,160,12
9472,119,14
9473,156,19
9474,111,22
9475,231,26
9476,0,3
9477,184,22
9478,283,20
9479,65,10
9480,173,12
9481,0,3
9482,115,14
9483,138,21
9484,0,3
9485,177,25
9486,84,16
9487,0,3
9488,167,20
9489,245,24
9490,183,15
9491,0,3
9492,0,3
9493,0,3
9494,77,11
9495,0,3
9496,0,3
9497,0,3
9498,1,3
9499,111,14
9500,242,29
9501,0,3
9502,0,3
9503,314,33
9504,84,8
9505,0,3
9506,153,17
9507,0,3
9508,0,3
9509,0,3
9510,0,3
9511,55,11
9512,129,18
9513,228,22
9514,1,3
9515,232,29
9516,137,20
9517,0,3
9518,0,3
9519,38,9
9520,36,8
9521,54,8
9522,136,17
9523,0,3
9524,307,22
9525,0,3
9526,0,3
9527,0,3
9528,149,20
9529,0,3
9530,0,3
9531,0,3
9532,226,20
9533,58,12
9534,0,3
9535,0,3
9536,0,3
9537,54,10
9538,220,17
9539,152,16
9540,101,18
9541,176,21
9542,92,16
9543,66,8
9544,0,3
9545,12,4
9546,366,22
9547,89,13
9548,173,29
9549,25,8
9550,0,3
9551,154,7
9552,153,21
9553,322,27
9554,0,3
9555,0,3
9556,177,20
9557,1,3
9558,160,20
9559,0,3
9560,163,25
9561,0,3
9562,0,3
9563,132,15
9564,0,3
9565,54,10
9566,233,22
9567,0,3
9568,226,18
9569,0,3
9570,0,3
9571,243,26
9572,113,18
9573,175,20
9574,124,19
9575,140,19
9576,20,5
9577,0,3
9578,105,18
9579,178,17
9580,0,3
9581,0,3
9582,195,29
9583,146,18
9584,151,21
9585,0,3
9586,242,27
9587,0,3
9588,203,25
9589,1,3
9590,0,3
9591,0,3
9592,566,25
9593,142,21
9594,0,3
9595,187,22
9596,271,28
9597,199,25
9598,0,3
9599,2,3
9600,0,3
9601,151,17
9602,170,13
9603,115,18
9604,287,24
9605,178,24
9606,79,11
9607,0,3
9608,0,3
9609,172,21
9610,184,20
9611,0,3
9612,93,12
9613,306,33
9614,174,22
9615,343,32
9616,0,3
9617,595,27
9618,259,19
9619,0,3
9620,169,22
9621,0,3
9622,115,15
9623,0,3
9624,0,3
9625,0,3
9626,0,3
9627,282,24
9628,136,17
9629,0,3
9630,0,3
9631,246,31
9632,208,25
9633,277,31
9634,160,22
9635,157,22
9636,52,6
9637,0,3
9638,62,11
9639,322,22
9640,0,3
9641,0,3
9642,61,9
9643,168,26
9644,0,3
9645,172,28
9646,0,3
9647,0,3
9648,174,19
9649,1,3
9650,0,3
9651,0,3
9652,240,30
9653,119,18
9654,0,3
9655,12,4
9656,85,10
9657,437,25
9658,166,24
9659,3,3
9660,0,3
9661,223,30
9662,0,3
9663,166,23
9664,198,25
9665,0,3
9666,182,15
9667,190,24
9668,469,27
9669,0,3
9670,144,13
9671,131,16
9672,0,3
9673,177,23
9674,127,18
9675,0,3
9676,64,10
9677,0,3
9678,0,3
9679,164,20
9680,1,3
9681,174,23
9682,0,3
9683,64,11
9684,0,3
9685,28,6
9686,0,3
9687,0,3
9688,56,8
9689,1,3
9690,191,29
9691,233,26
9692,223,23
9693,1,3
9694,147,18
9695,0,3
9696,0,3
9697,182,20
9698,109,13
9699,142,20
9700,0,3
9701,191,13
9702,186,15
9703,51,8
9704,189,22
9705,0,3
9706,279,37
9707,222,29
9708,191,10
9709,0,3
9710,0,3
9711,145,22
9712,175,28
9713,87,12
9714,43,3
9715,20,5
9716,3,3
9717,0,3
9718,0,3
9719,246,28
9720,0,3
9721,200,27
9722,176,18
9723,153,21
9724,211,28
9725,73,14
9726,0,3
9727,203,20
9728,0,3
9729,294,27
9730,0,3
9731,216,17
9732,0,3
9733,232,24
9734,0,3
9735,155,18
9736,166,20
9737,139,19
9738,179,20
9739,149,21
9740,153,22
9741,25,4
9742,122,17
9743,0,3
9744,315,37
9745,199,23
9746,135,18
9747,235,24
9748,0,3
9749,0,3
9750,148,5
9751,47,6
9752,289,33
9753,168,27
9754,132,24
9755,186,26
9756,150,22
9757,1,3
9758,0,3
9759,226,33
9760,0,3
9761,223,27
9762,0,3
9763,172,21
9764,350,25
9765,0,3
9766,195,27
9767,200,29
9768,0,3
9769,0,3
9770,162,23
9771,0,3
9772,0,3
9773,247,21
9774,190,22
9775,200,27
9776,0,3
9777,0,3
9778,199,25
9779,262,29
9780,173,17
9781,0,3
9782,266,24
9783,0,3
9784,158,18
9785,213,32
9786,217,26
9787,48,11
9788,221,19
9789,231,28
9790,0,3
9791,1,3
9792,190,23
9793,85,13
9794,64,12
9795,0,3
9796,0,3
9797,307,32
9798,54,11
9799,115,15
9800,0,3
9801,894,20
9802,0,3
9803,0,3
9804,198,23
9805,149,11
9806,0,3
9807,0,3
9808,0,3
9809,0,3
9810,0,3
9811,157,17
9812,172,22
9813,211,21
9814,0,3
9815,70,9
9816,72,13
9817,0,3
9818,0,3
9819,344,34
9820,296,24
9821,0,3
9822,0,3
9823,186,25
9824,239,28
9825,0,3
9826,72,11
9827,125,15
9828,212,24
9829,92,13
9830,123,16
9831,77,12
9832,53,8
9833,117,17
9834,185,14
9835,0,3
9836,0,3
9837,0,3
9838,122,19
9839,0,3
9840,76,14
9841,148,21
9842,211,21
9843,109,8
9844,103,13
9845,90,16
9846,191,26
9847,146,19
9848,0,3
9849,0,3
9850,69,11
9851,52,10
9852,120,17
9853,175,29
9854,0,3
9855,0,3
9856,0,3
9857,0,3
9858,165,22
9859,139,23
9860,0,3
9861,213,24
9862,209,26
9863,190,27
9864,1,3
9865,188,19
9866,0,3
9867,0,3
9868,1,3
9869,158,20
9870,55,11
9871,37,6
9872,110,17
9873,97,8
9874,258,21
9875,366,30
9876,145,20
9877,26,7
9878,0,3
9879,170,17
9880,134,19
9881,109,16
9882,184,22
9883,235,28
9884,416,22
9885,195,27
9886,166,25
9887,189,30
9888,180,29
9889,172,20
9890,148,15
9891,0,3
9892,167,21
9893,0,3
9894,196,25
9895,231,23
9896,0,3
9897,309,29
9898,0,3
9899,0,3
9900,0,3
9901,286,29
9902,0,3
9903,370,18
9904,118,14
9905,370,29
9906,60,11
9907,268,26
9908,0,3
9909,76,10
9910,0,3
9911,104,17
9912,233,15
9913,210,19
9914,123,14
9915,161,23
9916,233,28
9917,164,18
9918,192,28
9919,0,3
9920,187,23
9921,109,16
9922,0,3
9923,194,27
9924,240,27
9925,266,33
9926,1,3
9927,0,3
9928,0,3
9929,355,23
9930,64,6
9931,311,32
9932,103,15
9933,179,22
9934,180,31
9935,195,27
9936,64,11
9937,176,20
9938,0,3
9939,1,3
9940,0,3
9941,113,16
9942,156,24
9943,176,27
9944,0,3
9945,190,30
9946,0,3
9947,290,34
9948,81,14
9949,170,26
9950,0,3
9951,0,3
9952,316,16
9953,0,3
9954,61,11
9955,241,28
9956,181,23
9957,0,3
9958,50,9
9959,0,3
9960,0,3
9961,209,15
9962,101,12
9963,260,32
9964,139,19
9965,0,3
9966,157,25
9967,245,25
9968,105,12
9969,0,3
9970,242,15
9971,113,8
9972,203,28
9973,0,3
9974,1,3
9975,0,3
9976,211,29
9977,84,14
9978,0,3
9979,112,20
9980,225,29
9981,1,3
9982,166,26
9983,162,28
9984,0,3
9985,138,20
9986,339,29
9987,150,19
9988,143,20
9989,0,3
9990,1,3
9991,195,21
9992,0,3
9993,93,13
9994,40,11
9995,82,17
9996,152,26
9997,60,7
9998,126,14
9999,0,3
10000,441,21
10001,0,3
10002,155,23
10003,0,3
10004,0,3
10005,169,22
10006,0,3
10007,128,18
10008,0,3
10009,0,3
10010,166,18
10011,226,29
10012,0,3
10013,0,3
10014,0,3
10015,72,12
10016,0,3
10017,95,16
10018,97,19
10019,119,16
10020,1,3
10021,276,30
10022,155,24
10023,58,7
10024,0,3
10025,205,23
10026,226,26
10027,22,6
10028,0,3
10029,534,36
10030,188,18
10031,152,21
10032,219,26
10033,106,18
10034,238,24
10035,335,24
10036,153,17
10037,150,20
10038,0,3
10039,160,18
10040,75,13
10041,461,23
10042,0,3
10043,158,24
10044,194,28
10045,1,3
10046,142,19
10047,0,3
10048,326,21
10049,175,19
10050,0,3
10051,0,3
10052,0,3
10053,151,18
10054,206,24
10055,304,8
10056,0,3
10057,190,19
10058,289,28
10059,227,27
10060,117,17
10061,0,3
10062,67,12
10063,143,22
10064,17,6
10065,94,16
10066,0,3
10067,1,3
10068,132,22
10069,157,22
10070,0,3
10071,156,23
10072,213,27
10073,0,3
10074,0,3
10075,1,3
10076,227,30
10077,283,23
10078,0,3
10079,258,19
10080,140,18
10081,264,31
10082,177,21
10083,1,3
10084,190,26
10085,0,3
10086,0,3
10087,101,18
10088,0,3
10089,88,16
10090,0,3
10091,117,21
10092,185,29
10093,163,21
10094,117,3
10095,284,40
10096,80,16
10097,0,3
10098,0,3
10099,145,21
10100,0,3
10101,169,23
10102,0,3
10103,0,3
10104,128,21
10105,0,3
10106,269,30
10107,94,18
10108,159,17
10109,85,14
10110,56,10
10111,241,34
10112,191,20
10113,394,40
10114,0,3
10115,369,28
10116,162,20
10117,0,3
10118,224,22
10119,13,6
10120,143,15
10121,127,17
10122,0,3
10123,0,3
10124,7,4
10125,185,26
10126,0,3
10127,196,21
10128,0,3
10129,174,23
10130,414,30
10131,263,25
10132,130,26
10133,99,15
10134,225,23
10135,164,22
10136,157,23
10137,0,3
10138,0,3
10139,251,26
10140,180,22
10141,41,10
10142,97,16
10143,262,33
10144,175,25
10145,193,18
10146,0,3
10147,139,14
10148,98,13
10149,197,25
10150,192,26
10151,0,3
10152,129,20
10153,0,3
10154,0,3
10155,108,19
10156,202,35
10157,0,3
10158,0,3
10159,35,6
10160,0,3
10161,273,28
10162,173,26
10163,0,3
10164,168,29
10165,0,3
10166,0,3
10167,162,17
10168,108,15
10169,146,14
10170,99,13
10171,106,13
10172,0,3
10173,102,18
10174,210,18
10175,193,24
10176,82,14
10177,0,3
10178,136,18
10179,320,30
10180,0,3
10181,0,3
10182,142,12
10183,23,6
10184,172,25
10185,92,14
10186,1,3
10187,165,22
10188,0,3
10189,325,27
10190,0,3
10191,0,3
10192,0,3
10193,180,25
10194,209,21
10195,81,6
10196,161,21
10197,249,29
10198,200,29
10199,0,3
10200,333,35
10201,0,3
10202,374,19
10203,109,15
10204,254,21
10205,106,17
10206,347,29
10207,0,3
10208,0,3
10209,0,3
10210,179,16
10211,262,21
10212,245,24
10213,237,26
10214,0,3
10215,0,3
10216,0,3
10217,0,3
10218,214,27
10219,108,17
10220,83,8
10221,332,20
10222,0,3
10223,93,14
10224,250,33
10225,183,18
10226,0,3
10227,0,3
10228,185,23
10229,0,3
10230,348,23
10231,147,18
10232,255,25
10233,191,16
10234,149,18
10235,0,3
10236,0,3
10237,0,3
10238,0,3
10239,214,18
10240,133,20
10241,0,3
10242,0,3
10243,0,3
10244,0,3
10245,0,3
10246,126,15
10247,296,30
10248,189,24
10249,125,20
10250,372,22
10251,0,3
10252,99,11
10253,154,20
10254,0,3
10255,174,21
10256,89,13
10257,256,23
10258,176,18
10259,0,3
10260,204,14
10261,0,3
10262,198,26
10263,0,3
10264,105,17
10265,285,20
10266,220,22
10267,270,33
10268,0,3
10269,109,17
10270,301,19
10271,281,27
10272,280,31
10273,265,29
10274,0,3
10275,356,34
10276,102,16
10277,234,26
10278,0,3
10279,137,22
10280,37,10
10281,0,3
10282,66,11
10283,1,3
10284,238,5
10285,1,3
10286,280,31
10287,0,3
10288,182,22
10289,137,18
10290,0,3
10291,211,24
10292,138,16
10293,18,6
10294,83,12
10295,0,3
10296,370,31
10297,237,19
10298,363,22
10299,1,3
10300,196,21
10301,0,3
10302,1,3
10303,43,8
10304,193,21
10305,241,30
10306,0,3
10307,0,3
10308,142,19
10309,0,3
10310,0,3
10311,164,22
10312,0,3
10313,0,3
10314,0,3
10315,0,3
10316,0,3
10317,220,27
10318,300,32
10319,271,26
10320,100,16
10321,3,3
10322,0,3
10323,0,3
10324,150,21
10325,216,24
10326,251,30
10327,0,3
10328,239,29
10329,0,3
10330,170,18
10331,105,6
10332,240,21
10333,201,22
10334,162,21
10335,132,23
10336,257,25
10337,0,3
10338,192,25
10339,166,23
10340,0,3
10341,0,3
10342,0,3
10343,127,17
10344,131,13
10345,0,3
10346,2,3
10347,261,35
10348,0,3
10349,124,20
10350,262,29
10351,135,16
10352,105,15
10353,167,23
10354,132,15
10355,279,31
10356,116,18
10357,42,8
10358,0,3
10359,0,3
10360,217,23
10361,0,3
10362,0,3
10363,148,17
10364,0,3
10365,1,3
10366,247,25
10367,0,3
10368,100,15
10369,0,3
10370,128,17
10371,51,9
10372,297,25
10373,137,22
10374,82,12
10375,0,3
10376,0,3
10377,150,22
10378,253,29
10379,262,33
10380,0,3
10381,0,3
10382,220,28
10383,0,3
10384,0,3
10385,109,17
10386,203,21
10387,242,27
10388,162,22
10389,196,31
10390,159,19
10391,0,3
10392,0,3
10393,78,13
10394,120,17
10395,386,24
10396,102,6
10397,0,3
10398,0,3
10399,0,3
10400,0,3
10401,0,3
10402,1,3
10403,0,3
10404,0,3
10405,0,3
10406,0,3
10407,0,3
10408,258,27
10409,1,3
10410,85,10
10411,0,3
10412,0,3
10413,0,3
10414,138,21
10415,206,17
10416,333,38
10417,147,19
10418,217,27
10419,0,3
10420,187,25
10421,81,15
10422,52,8
10423,0,3
10424,0,3
10425,81,8
10426,264,28
10427,0,3
10428,34,7
10429,134,21
10430,87,13
10431,111,14
10432,174,23
10433,392,24
10434,187,20
10435,1,3
10436,107,16
10437,19,5
10438,30,5
10439,102,18
10440,0,3
10441,119,16
10442,1,4
10443,221,23
10444,0,3
10445,0,3
10446,0,3
10447,90,15
10448,242,28
10449,331,21
10450,0,3
10451,135,17
10452,165,27
10453,142,19
10454,75,13
10455,0,3
10456,262,27
10457,39,8
10458,0,3
10459,64,9
10460,267,29
10461,68,12
10462,139,18
10463,118,20
10464,176,24
10465,1,3
10466,0,3
10467,0,3
10468,0,3
10469,182,21
10470,216,21
10471,279,31
10472,117,24
10473,0,3
10474,0,3
10475,131,21
10476,210,14
10477,165,20
10478,174,24
10479,286,23
10480,0,3
10481,0,3
10482,273,20
10483,226,30
10484,182,24
10485,0,3
10486,201,26
10487,0,3
10488,73,10
10489,89,14
10490,91,14
10491,258,22
10492,163,26
10493,221,33
10494,160,26
10495,111,16
10496,118,21
10497,249,30
10498,249,33
10499,211,27
10500,77,9
10501,0,3
10502,306,28
10503,140,18
10504,277,32
10505,99,11
10506,0,3
10507,146,19
10508,206,25
10509,0,3
10510,275,17
10511,0,3
10512,182,24
10513,119,22
10514,1,3
10515,0,3
10516,96,13
10517,126,19
10518,115,17
10519,219,31
10520,0,3
10521,0,3
10522,181,22
10523,162,23
10524,0,3
10525,174,24
10526,0,3
10527,251,27
10528,110,14
10529,0,3
10530,139,15
10531,98,15
10532,318,22
10533,164,23
10534,156,24
10535,0,3
10536,178,23
10537,53,10
10538,0,3
10539,214,16
10540,267,32
10541,0,3
10542,0,3
10543,180,30
10544,0,3
10545,0,3
10546,250,26
10547,0,3
10548,242,27
10549,0,3
10550,201,33
10551,0,3
10552,140,9
10553,259,35
10554,96,11
10555,1,3
10556,0,3
10557,132,19
10558,0,3
10559,124,18
10560,433,19
10561,286,29
10562,0,3
10563,244,28
10564,131,21
10565,0,3
10566,0,3
10567,299,22
10568,208,30
10569,87,14
10570,199,23
10571,30,7
10572,0,3
10573,0,3
10574,0,3
10575,0,3
10576,0,3
10577,0,3
10578,1,3
10579,0,3
10580,0,3
10581,229,27
10582,368,27
10583,0,3
10584,76,9
10585,0,3
10586,0,3
10587,164,25
10588,226,31
10589,0,3
10590,0,3
10591,171,22
10592,147,18
10593,362,16
10594,0,3
10595,199,22
10596,0,3
10597,0,3
10598,195,21
10599,1,3
10600,303,18
10601,201,25
10602,0,3
10603,0,3
10604,86,17
10605,220,18
10606,0,3
10607,215,28
10608,0,3
10609,219,25
10610,127,21
10611,1,3
10612,100,18
10613,0,3
10614,0,3
10615,150,23
10616,0,3
10617,124,21
10618,0,3
10619,101,17
10620,160,25
10621,0,3
10622,231,37
10623,0,3
10624,149,13
10625,0,3
10626,58,10
10627,0,3
10628,20,4
10629,0,3
10630,111,19
10631,122,13
10632,109,16
10633,94,13
10634,156,19
10635,11,4
10636,8,4
10637,0,3
10638,180,23
10639,0,3
10640,0,3
10641,231,22
10642,0,3
10643,216,21
10644,100,14
10645,246,21
10646,1,3
10647,326,35
10648,0,3
10649,204,28
10650,0,3
10651,0,3
10652,22,5
10653,199,28
10654,186,20
10655,130,18
10656,0,3
10657,1,3
10658,219,25
10659,156,19
10660,158,18
10661,238,30
10662,130,18
10663,0,3
10664,138,18
10665,214,23
10666,269,29
10667,237,32
10668,132,17
10669,0,3
10670,0,3
10671,74,16
10672,180,19
10673,0,3
10674,0,3
10675,226,20
10676,138,17
10677,0,3
10678,120,19
10679,122,21
10680,0,3
10681,190,21
10682,110,12
10683,142,20
10684,0,3
10685,103,18
10686,311,16
10687,383,32
10688,180,24
10689,292,20
10690,289,31
10691,0,3
10692,153,21
10693,0,3
10694,0,3
10695,0,3
10696,115,15
10697,145,19
10698,56,10
10699,327,27
10700,181,24
10701,190,27
10702,278,34
10703,0,3
10704,0,3
10705,316,12
10706,0,3
10707,236,22
10708,147,20
10709,1,3
10710,120,18
10711,0,3
10712,20,5
10713,0,3
10714,0,3
10715,1,3
10716,187,19
10717,0,3
10718,46,10
10719,306,31
10720,259,31
10721,0,3
10722,0,3
10723,186,19
10724,217,30
10725,219,24
10726,184,24
10727,0,3
10728,0,3
10729,194,22
10730,50,6
10731,0,3
10732,166,26
10733,178,21
10734,0,3
10735,228,24
10736,193,28
10737,0,3
10738,260,32
10739,163,20
10740,0,3
10741,164,18
10742,7,4
10743,0,3
10744,143,15
10745,0,3
10746,171,21
10747,213,31
10748,72,12
10749,161,19
10750,133,22
10751,190,23
10752,0,3
10753,243,30
10754,221,22
10755,0,3
10756,257,33
10757,0,3
10758,261,29
10759,189,21
10760,0,3
10761,0,3
10762,0,3
10763,285,29
10764,0,3
10765,0,3
10766,135,21
10767,4,3
10768,0,3
10769,0,3
10770,306,28
10771,1,3
10772,172,27
10773,182,19
10774,0,3
10775,550,20
10776,147,22
10777,536,28
10778,125,15
10779,0,3
10780,0,3
10781,0,3
10782,152,15
10783,0,3
10784,141,15
10785,75,8
10786,0,3
10787,178,24
10788,0,3
10789,0,3
10790,0,3
10791,1,3
10792,188,25
10793,189,25
10794,191,22
10795,105,17
10796,244,28
10797,438,30
10798,0,3
10799,208,28
10800,0,3
10801,181,30
10802,84,14
10803,101,13
10804,0,3
10805,1,3
10806,353,33
10807,0,3
10808,276,25
10809,208,26
10810,0,3
10811,0,3
10812,574,26
10813,219,23
10814,69,12
10815,0,3
10816,131,13
10817,48,8
10818,1,3
10819,71,14
10820,0,3
10821,233,26
10822,183,27
10823,311,33
10824,256,28
10825,0,3
10826,244,27
10827,0,3
10828,160,21
10829,286,35
10830,160,22
10831,128,20
10832,157,19
10833,133,19
10834,299,30
10835,0,3
10836,398,28
10837,221,25
10838,34,3
10839,0,3
10840,0,3
10841,197,23
10842,247,25
10843,81,14
10844,313,27
10845,0,3
10846,232,29
10847,154,25
10848,238,32
10849,85,13
10850,56,8
10851,87,16
10852,0,3
10853,0,3
10854,181,23
10855,463,25
10856,61,11
10857,362,36
10858,0,3
10859,39,10
10860,0,3
10861,0,3
10862,209,27
10863,0,3
10864,0,3
10865,393,41
10866,0,3
10867,177,16
10868,0,3
10869,306,33
10870,232,14
10871,200,25
10872,0,3
10873,1,3
10874,0,3
10875,86,13
10876,0,3
10877,294,37
10878,371,35
10879,25,6
10880,361,33
10881,0,3
10882,89,3
10883,0,3
10884,146,21
10885,253,21
10886,1,3
10887,138,23
10888,268,35
10889,196,29
10890,0,3
10891,269,35
10892,114,10
10893,248,24
10894,19,5
10895,119,23
10896,191,23
10897,0,3
10898,187,22
10899,205,27
10900,336,20
10901,245,31
10902,157,19
10903,0,3
10904,272,31
10905,0,3
10906,79,12
10907,0,3
10908,0,3
10909,220,26
10910,138,18
10911,193,27
10912,125,3
10913,190,18
10914,170,25
10915,0,3
10916,222,25
10917,290,14
10918,27,8
10919,238,31
10920,0,3
10921,209,23
10922,0,3
10923,0,3
10924,0,3
10925,341,29
10926,220,17
10927,0,3
10928,173,26
10929,1,3
10930,126,20
10931,0,3
10932,233,24
10933,280,30
10934,1,3
10935,1,3
10936,130,20
10937,218,24
10938,1,2
10939,242,25
10940,86,13
10941,251,27
10942,0,3
10943,224,33
10944,214,23
10945,2,3
10946,309,35
10947,0,3
10948,248,28
10949,211,28
10950,0,3
10951,0,3
10952,264,26
10953,0,3
10954,123,20
10955,153,22
10956,685,25
10957,190,23
10958,223,24
10959,269,27
10960,0,3
10961,212,17
10962,168,22
10963,1,3
10964,0,3
10965,141,18
10966,0,3
10967,303,23
10968,231,21
10969,48,10
10970,158,22
10971,0,3
10972,549,35
10973,166,22
10974,149,20
10975,0,3
10976,0,3
10977,206,28
10978,0,3
10979,0,3
10980,75,12
10981,320,25
10982,0,3
10983,190,19
10984,95,18
10985,107,17
10986,152,21
10987,217,28
10988,150,22
10989,108,16
10990,201,23
10991,0,3
10992,84,15
10993,0,3
10994,0,3
10995,330,25
10996,0,3
10997,160,23
10998,184,25
10999,221,32
11000,183,21
11001,177,27
11002,311,31
11003,0,3
11004,0,3
11005,0,3
11006,0,3
11007,317,22
11008,0,3
11009,118,14
11010,0,3
11011,0,3
11012,100,19
11013,0,3
11014,0,3
11015,0,3
11016,0,3
11017,331,35
11018,0,3
11019,186,22
11020,248,21
11021,0,3
11022,1,3
11023,0,3
11024,0,3
11025,43,8
11026,1,3
11027,0,3
11028,187,26
11029,77,16
11030,28,8
11031,0,3
11032,0,3
11033,214,25
11034,0,3
11035,224,25
11036,116,17
11037,0,3
11038,87,14
11039,176,20
11040,0,3
11041,238,21
11042,0,3
11043,131,21
11044,0,3
11045,113,13
11046,251,27
11047,187,26
11048,81,16
11049,311,32
11050,0,3
11051,144,17
11052,195,26
11053,408,29
11054,57,12
11055,0,3
11056,339,35
11057,52,11
11058,0,3
11059,85,18
11060,157,17
11061,318,36
11062,284,6
11063,0,3
11064,0,3
11065,82,16
11066,139,21
11067,0,3
11068,326,32
11069,0,3
11070,239,23
11071,0,3
11072,0,3
11073,0,3
11074,228,28
11075,0,3
11076,0,3
11077,0,3
11078,168,24
11079,194,22
11080,302,21
11081,2,3
11082,242,26
11083,128,21
11084,0,3
11085,201,35
11086,115,19
11087,60,11
11088,0,3
11089,184,26
11090,0,3
11091,101,17
11092,221,25
11093,228,38
11094,0,3
11095,0,3
11096,213,28
11097,0,3
11098,184,26
11099,0,3
11100,0,3
11101,56,14
11102,267,24
11103,140,19
11104,220,25
11105,160,21
11106,147,19
11107,268,34
11108,0,3
11109,0,3
11110,0,3
11111,164,28
11112,285,25
11113,393,31
11114,413,24
11115,0,3
11116,0,3
11117,275,28
11118,104,17
11119,142,18
11120,72,14
11121,0,3
11122,309,34
11123,0,3
11124,0,3
11125,0,3
11126,1,3
11127,200,22
11128,0,3
11129,229,27
11130,0,3
11131,262,39
11132,30,9
11133,251,31
11134,0,3
11135,0,3
11136,0,3
11137,248,34
11138,206,26
11139,225,28
11140,0,3
11141,1,3
11142,140,19
11143,0,3
11144,162,21
11145,109,19
11146,115,12
11147,336,39
11148,364,26
11149,199,22
11150,0,3
11151,0,3
11152,182,23
11153,83,17
11154,0,3
11155,0,3
11156,224,26
11157,0,3
11158,254,30
11159,342,29
11160,287,29
11161,0,3
11162,0,3
11163,78,14
11164,250,30
11165,278,27
11166,206,19
11167,0,3
11168,0,3
11169,0,3
11170,0,3
11171,532,26
11172,106,18
11173,0,3
11174,0,3
11175,394,19
11176,156,19
11177,0,3
11178,209,23
11179,0,3
11180,288,32
11181,262,26
11182,382,28
11183,0,3
11184,104,16
11185,51,11
11186,188,27
11187,0,3
11188,330,33
11189,80,13
11190,132,22
11191,342,29
11192,0,3
11193,168,22
11194,235,22
11195,0,3
11196,0,3
11197,0,3
11198,164,21
11199,232,21
11200,0,3
11201,237,24
11202,102,12
11203,28,7
11204,310,37
11205,160,27
11206,184,18
11207,324,25
11208,0,3
11209,0,3
11210,278,27
11211,129,20
11212,118,17
11213,209,25
11214,259,28
11215,257,34
11216,292,30
11217,0,3
11218,0,3
11219,0,3
11220,0,3
11221,362,33
11222,195,30
11223,281,20
11224,0,3
11225,0,3
11226,274,30
11227,0,3
11228,184,22
11229,0,3
11230,0,3
11231,179,22
11232,153,21
11233,279,29
11234,0,3
11235,56,10
11236,0,3
11237,285,29
11238,267,36
11239,0,3
11240,0,3
11241,175,19
11242,198,26
11243,179,17
11244,157,15
11245,198,27
11246,350,32
11247,0,3
11248,0,3
11249,144,22
11250,146,23
11251,242,30
11252,325,27
11253,162,21
11254,449,21
11255,153,23
11256,0,3
11257,278,41
11258,113,17
11259,221,25
11260,3,3
11261,0,3
11262,0,3
11263,0,3
11264,0,3
11265,220,30
11266,0,3
11267,262,18
11268,85,15
11269,188,30
11270,160,18
11271,152,23
11272,0,3
11273,179,16
11274,114,17
11275,300,31
11276,0,3
11277,0,3
11278,294,38
11279,0,3
11280,0,3
11281,284,26
11282,1,3
11283,0,3
11284,0,3
11285,0,3
11286,0,3
11287,0,3
11288,0,3
11289,1,3
11290,182,28
11291,230,29
11292,120,17
11293,322,18
11294,291,34
11295,166,15
11296,0,3
11297,194,30
11298,128,19
11299,0,3
11300,0,3
11301,236,30
11302,194,13
11303,154,20
11304,227,27
11305,92,14
11306,111,15
11307,85,11
11308,220,22
11309,0,3
11310,0,3
11311,315,34
11312,206,26
11313,0,3
11314,193,24
11315,268,31
11316,108,16
11317,0,3
11318,0,3
11319,221,24
11320,0,3
11321,0,3
11322,173,18
11323,0,3
11324,0,3
11325,153,17
11326,244,23
11327,173,26
11328,0,3
11329,0,3
11330,2,3
11331,1,3
11332,0,3
11333,0,3
11334,424,32
11335,0,3
11336,210,23
11337,0,3
11338,0,3
11339,203,28
11340,0,3
11341,255,24
11342,174,29
11343,284,32
11344,209,24
11345,0,3
11346,0,3
11347,0,3
11348,154,21
11349,0,3
11350,134,18
11351,0,3
11352,267,24
11353,239,25
11354,0,3
11355,0,3
11356,131,19
11357,75,15
11358,218,21
11359,0,3
11360,267,36
11361,1,3
11362,0,3
11363,0,3
11364,1,3
11365,0,3
11366,46,10
11367,197,22
11368,219,26
11369,0,3
11370,275,32
11371,415,24
11372,0,3
11373,259,15
11374,109,19
11375,0,3
11376,219,27
11377,364,27
11378,0,3
11379,0,3
11380,0,3
11381,384,14
11382,356,30
11383,0,3
11384,0,3
11385,11,4
11386,283,23
11387,139,25
11388,132,20
11389,177,17
11390,42,7
11391,0,3
11392,246,32
11393,195,24
11394,324,38
11395,115,18
11396,187,17
11397,187,27
11398,448,27
11399,150,30
11400,140,19
11401,235,26
11402,110,14
11403,0,3
11404,0,3
11405,237,26
11406,0,3
11407,0,3
11408,231,19
11409,0,3
11410,334,29
11411,0,3
11412,228,27
11413,179,27
11414,147,16
11415,0,3
11416,0,3
11417,66,12
11418,263,25
11419,215,28
11420,0,3
11421,30,7
11422,238,26
11423,108,21
11424,1,4
11425,237,27
11426,175,25
11427,161,21
11428,37,9
11429,34,6
11430,388,25
11431,199,28
11432,277,28
11433,163,25
11434,0,3
11435,0,3
11436,23,5
11437,0,3
11438,146,21
11439,0,3
11440,0,3
11441,27,6
11442,0,3
11443,117,16
11444,100,14
11445,0,3
11446,106,15
11447,0,3
11448,0,3
11449,170,21
11450,133,19
11451,10,4
11452,208,25
11453,157,16
11454,0,3
11455,466,27
11456,437,32
11457,217,27
11458,385,25
11459,289,31
11460,107,16
11461,0,3
11462,0,3
11463,0,3
11464,274,20
11465,173,21
11466,242,31
11467,141,21
11468,294,27
11469,281,32
11470,121,20
11471,178,25
11472,274,35
11473,173,22
11474,316,39
11475,82,13
11476,407,26
11477,0,3
11478,0,3
11479,96,15
11480,0,3
11481,60,7
11482,132,23
11483,211,23
11484,282,26
11485,0,3
11486,0,3
11487,240,22
11488,1,3
11489,0,3
11490,154,24
11491,18,5
11492,0,3
11493,0,3
11494,119,22
11495,0,3
11496,242,31
11497,0,3
11498,0,3
11499,184,19
11500,1,3
11501,20,4
11502,180,26
11503,0,3
11504,100,12
11505,147,18
11506,58,6
11507,0,3
11508,1,3
11509,0,3
11510,0,3
11511,134,17
11512,129,24
11513,141,18
11514,256,37
11515,0,3
11516,0,3
11517,170,19
11518,189,24
11519,257,31
11520,179,20
11521,182,25
11522,291,32
11523,80,16
11524,186,27
11525,167,21
11526,0,3
11527,331,21
11528,205,23
11529,0,3
11530,229,22
11531,124,18
11532,1,4
11533,0,3
11534,2,3
11535,0,3
11536,0,3
11537,0,3
11538,0,3
11539,180,19
11540,0,3
11541,0,3
11542,0,3
11543,0,3
11544,0,3
11545,119,15
11546,0,3
11547,150,20
11548,125,19
11549,229,25
11550,183,26
11551,246,28
11552,310,32
11553,101,18
11554,209,23
11555,245,30
11556,0,3
11557,0,3
11558,0,3
11559,0,3
11560,202,26
11561,425,25
11562,270,29
11563,0,3
11564,218,25
11565,0,3
11566,0,3
11567,0,3
11568,0,3
11569,0,3
11570,242,30
11571,98,16
11572,177,25
11573,0,3
11574,174,28
11575,0,3
11576,0,3
11577,191,25
11578,0,3
11579,29,6
11580,202,20
11581,0,3
11582,138,20
11583,195,26
11584,1,3
11585,150,17
11586,91,15
11587,133,21
11588,1,3
11589,0,3
11590,0,3
11591,175,25
11592,286,29
11593,0,3
11594,214,29
11595,240,31
11596,202,31
11597,0,3
11598,196,22
11599,125,19
11600,0,3
11601,0,3
11602,0,3
11603,232,28
11604,0,3
11605,60,6
11606,152,19
11607,262,32
11608,166,23
11609,108,19
11610,0,3
11611,127,16
11612,0,3
11613,305,41
11614,0,3
11615,29,11
11616,141,18
11617,196,31
11618,126,19
11619,427,25
11620,0,3
11621,157,23
11622,229,30
11623,132,20
11624,244,34
11625,0,3
11626,235,21
11627,117,16
11628,288,29
11629,163,27
11630,0,3
11631,159,23
11632,173,20
11633,213,35
11634,1,3
11635,0,3
11636,224,8
11637,662,28
11638,122,18
11639,307,24
11640,0,3
11641,110,17
11642,215,26
11643,0,3
11644,0,3
11645,0,3
11646,260,19
11647,0,3
11648,347,16
11649,0,3
11650,129,20
11651,210,21
11652,288,38
11653,0,3
11654,306,32
11655,0,3
11656,189,16
11657,221,28
11658,227,23
11659,0,3
11660,0,3
11661,298,33
11662,0,3
11663,1,3
11664,0,3
11665,0,3
11666,210,27
11667,0,3
11668,97,20
11669,176,21
11670,313,26
11671,194,27
11672,138,21
11673,168,24
11674,159,23
11675,0,3
11676,199,24
11677,111,17
11678,255,25
11679,0,3
11680,0,3
11681,0,3
11682,177,24
11683,284,36
11684,180,28
11685,102,15
11686,0,3
11687,0,3
11688,211,18
11689,147,20
11690,186,24
11691,0,3
11692,134,17
11693,342,19
11694,112,19
11695,386,36
11696,0,3
11697,0,3
11698,265,32
11699,230,29
11700,1,3
11701,539,28
11702,0,3
11703,166,25
11704,85,14
11705,148,20
11706,0,3
11707,74,14
11708,19,4
11709,0,3
11710,270,32
11711,257,31
11712,278,32
11713,209,28
11714,0,3
11715,242,25
11716,149,22
11717,239,25
11718,174,19
11719,149,21
11720,0,3
11721,145,19
11722,108,16
11723,0,3
11724,169,22
11725,1,3
11726,172,23
11727,77,16
11728,140,18
11729,155,26
11730,0,3
11731,0,3
11732,107,12
11733,0,3
11734,0,3
11735,0,3
11736,402,21
11737,1,3
11738,0,3
11739,0,3
11740,176,21
11741,194,29
11742,186,28
11743,173,24
11744,114,17
11745,0,3
11746,0,3
11747,0,3
11748,219,27
11749,150,17
11750,0,3
11751,0,3
11752,0,3
11753,0,3
11754,185,35
11755,0,3
11756,220,30
11757,236,27
11758,192,29
11759,226,29
11760,0,3
11761,140,22
11762,129,14
11763,166,22
11764,0,3
11765,139,17
11766,0,3
11767,0,3
11768,513,29
11769,261,24
11770,247,24
11771,89,11
11772,168,26
11773,201,26
11774,0,3
11775,0,3
11776,73,11
11777,0,3
11778,0,3
11779,0,3
11780,142,19
11781,354,28
11782,0,3
11783,150,17
11784,182,24
11785,134,15
11786,257,26
11787,0,3
11788,173,23
11789,89,14
11790,672,38
11791,238,28
11792,160,23
11793,294,35
11794,276,29
11795,97,13
11796,182,23
11797,11,3
11798,316,33
11799,151,19
11800,240,26
11801,95,14
11802,198,24
11803,353,27
11804,0,3
11805,0,3
11806,280,27
11807,164,25
11808,62,11
11809,0,3
11810,65,10
11811,129,20
11812,282,15
11813,108,16
11814,188,26
11815,173,18
11816,0,3
11817,218,26
11818,203,28
11819,0,3
11820,218,27
11821,259,27
11822,145,18
11823,0,3
11824,0,3
11825,1,3
11826,403,26
11827,0,3
11828,253,24
11829,235,21
11830,96,16
11831,191,20
11832,422,37
11833,161,17
11834,131,19
11835,123,25
11836,0,3
11837,151,16
11838,0,3
11839,0,3
11840,248,21
11841,0,3
11842,0,3
11843,343,21
11844,32,6
11845,251,25
11846,299,38
11847,204,27
11848,385,17
11849,163,22
11850,0,3
11851,139,20
11852,185,21
11853,100,20
11854,166,19
11855,195,26
11856,204,27
11857,207,24
11858,129,18
11859,75,18
11860,0,3
11861,142,20
11862,338,35
11863,0,3
11864,213,27
11865,252,32
11866,477,22
11867,0,3
11868,0,3
11869,209,25
11870,263,36
11871,0,3
11872,0,3
11873,0,3
11874,234,25
11875,320,27
11876,0,3
11877,266,16
11878,206,30
11879,255,33
11880,367,34
11881,202,13
11882,228,25
11883,20,4
11884,0,3
11885,252,32
11886,385,22
11887,271,21
11888,0,3
11889,0,3
11890,186,20
11891,232,30
11892,163,18
11893,183,22
11894,322,26
11895,66,12
11896,204,30
11897,0,3
11898,0,3
11899,258,34
11900,0,3
11901,116,17
11902,203,23
11903,0,3
11904,139,15
11905,0,3
11906,348,24
11907,267,25
11908,1,3
11909,0,3
11910,356,22
11911,0,3
11912,221,33
11913,0,3
11914,144,17
11915,0,3
11916,0,3
11917,386,31
11918,0,3
11919,214,29
11920,260,33
11921,0,3
11922,294,37
11923,0,3
11924,0,3
11925,0,3
11926,139,22
11927,0,3
11928,193,28
11929,174,20
11930,209,22
11931,146,21
11932,0,3
11933,95,14
11934,317,35
11935,176,22
11936,0,3
11937,339,21
11938,201,21
11939,0,3
11940,225,30
11941,0,3
11942,214,15
11943,0,3
11944,573,34
11945,181,22
11946,201,32
11947,224,28
11948,199,28
11949,200,25
11950,240,33
11951,128,23
11952,204,27
11953,127,19
11954,275,29
11955,209,23
11956,179,30
11957,0,3
11958,227,28
11959,56,11
11960,480,27
11961,284,32
11962,0,3
11963,166,19
11964,116,21
11965,279,28
11966,134,21
11967,0,3
11968,262,21
11969,0,3
11970,138,18
11971,253,24
11972,417,23
11973,122,18
11974,262,15
11975,164,29
11976,94,19
11977,0,3
11978,0,3
11979,0,3
11980,197,28
11981,0,3
11982,308,30
11983,193,26
11984,39,7
11985,218,27
11986,157,23
11987,0,3
11988,212,24
11989,233,27
11990,294,32
11991,239,25
11992,403,23
11993,122,18
11994,0,3
11995,188,24
11996,200,25
11997,0,3
11998,217,30
11999,1,3
12000,0,3
12001,182,21
12002,130,15
12003,0,3
12004,174,22
12005,243,28
12006,49,11
12007,0,3
12008,5,3
12009,217,20
12010,0,3
12011,0,3
12012,112,17
12013,0,3
12014,103,14
12015,0,3
12016,0,3
12017,190,20
12018,263,33
12019,265,25
12020,237,26
12021,118,16
12022,201,22
12023,190,27
12024,192,20
12025,122,17
12026,0,3
12027,218,20
12028,176,27
12029,0,3
12030,0,3
12031,0,3
12032,314,40
12033,208,23
12034,203,26
12035,0,3
12036,124,20
12037,0,3
12038,0,3
12039,0,3
12040,289,12
12041,297,24
12042,232,34
12043,59,13
12044,0,3
12045,140,18
12046,143,17
12047,306,23
12048,247,29
12049,456,22
12050,0,3
12051,274,27
12052,287,32
12053,191,18
12054,0,3
12055,0,3
12056,0,3
12057,0,3
12058,150,26
12059,480,32
12060,299,18
12061,194,23
12062,0,3
12063,0,3
12064,0,3
12065,91,16
12066,0,3
12067,210,23
12068,0,3
12069,229,23
12070,92,18
12071,381,41
12072,147,25
12073,197,29
12074,230,31
12075,0,3
12076,1,3
12077,0,3
12078,194,26
12079,374,36
12080,408,27
12081,149,19
12082,214,24
12083,197,31
12084,8,3
12085,19,4
12086,0,3
12087,0,3
12088,606,25
12089,0,3
12090,147,25
12091,0,3
12092,211,30
12093,161,19
12094,242,34
12095,233,29
12096,131,16
12097,159,19
12098,0,3
12099,78,14
12100,257,21
12101,472,37
12102,133,18
12103,173,21
12104,0,3
12105,150,23
12106,341,29
12107,313,31
12108,0,3
12109,183,23
12110,476,27
12111,0,3
12112,0,3
12113,64,10
12114,221,31
12115,198,27
12116,0,3
12117,209,22
12118,0,3
12119,0,3
12120,0,3
12121,0,3
12122,39,9
12123,0,3
12124,0,3
12125,0,3
12126,246,34
12127,27,5
12128,326,35
12129,294,32
12130,242,22
12131,0,3
12132,472,22
12133,0,3
12134,210,27
12135,0,3
12136,0,3
12137,0,3
12138,0,3
12139,325,36
12140,221,21
12141,0,3
12142,0,3
12143,0,3
12144,280,24
12145,134,22
12146,217,28
12147,0,3
12148,227,26
12149,0,3
12150,0,3
12151,93,13
12152,279,24
12153,254,24
12154,186,21
12155,0,3
12156,232,24
12157,0,3
12158,217,32
12159,0,3
12160,519,23
12161,0,3
12162,144,20
12163,0,3
12164,98,17
12165,0,3
12166,0,3
12167,361,40
12168,196,19
12169,65,13
12170,272,29
12171,149,10
12172,307,27
12173,0,3
12174,0,3
12175,0,3
12176,18,6
12177,0,3
12178,233,27
12179,109,12
12180,115,23
12181,214,27
12182,122,15
12183,283,31
12184,0,3
12185,1,3
12186,82,12
12187,0,3
12188,0,3
12189,207,29
12190,115,16
12191,0,3
12192,211,32
12193,204,24
12194,150,19
12195,158,21
12196,0,3
12197,240,31
12198,166,24
12199,211,25
12200,96,13
12201,207,22
12202,209,33
12203,272,29
12204,0,3
12205,0,3
12206,0,3
12207,130,21
12208,184,26
12209,153,24
12210,3,4
12211,296,34
12212,0,3
12213,0,3
12214,183,23
12215,157,21
12216,158,19
12217,206,24
12218,0,3
12219,151,24
12220,0,3
12221,351,29
12222,0,3
12223,168,20
12224,0,3
12225,120,20
12226,0,3
12227,122,18
12228,0,3
12229,341,30
12230,96,25
12231,168,20
12232,230,28
12233,269,27
12234,278,29
12235,187,23
12236,240,30
12237,38,8
12238,97,14
12239,303,27
12240,156,20
12241,0,3
12242,0,3
12243,345,43
12244,0,3
12245,142,22
12246,0,3
12247,175,21
12248,1,3
12249,0,3
12250,75,17
12251,197,29
12252,331,40
12253,0,3
12254,269,33
12255,196,25
12256,0,3
12257,182,23
12258,119,15
12259,131,19
12260,81,13
12261,0,3
12262,219,25
12263,334,35
12264,0,3
12265,260,30
12266,0,3
12267,0,3
12268,237,31
12269,0,3
12270,0,3
12271,429,22
12272,218,24
12273,141,22
12274,400,26
12275,512,40
12276,305,25
12277,290,35
12278,218,22
12279,0,3
12280,185,25
12281,220,24
12282,0,3
12283,0,3
12284,0,3
12285,0,3
12286,158,17
12287,0,3
12288,140,20
12289,89,15
12290,0,3
12291,276,30
12292,213,24
12293,0,3
12294,0,3
12295,0,3
12296,104,22
12297,0,3
12298,1,3
12299,200,29
12300,270,28
12301,278,32
12302,155,22
12303,62,10
12304,276,28
12305,230,35
12306,0,3
12307,0,3
12308,0,3
12309,0,3
12310,133,18
12311,0,3
12312,319,23
12313,109,15
12314,130,20
12315,1,3
12316,262,14
12317,273,24
12318,1,3
12319,428,21
12320,297,30
12321,0,3
12322,130,16
12323,0,3
12324,148,21
12325,146,17
12326,179,17
12327,144,23
12328,270,18
12329,220,23
12330,29,8
12331,217,26
12332,300,31
12333,0,3
12334,299,36
12335,300,37
12336,193,29
12337,161,19
12338,1,3
12339,196,23
12340,0,3
12341,0,3
12342,0,3
12343,153,15
12344,135,18
12345,0,3
12346,208,22
12347,311,31
12348,253,31
12349,0,3
12350,0,3
12351,156,22
12352,281,28
12353,288,29
12354,0,3
12355,0,3
12356,0,3
12357,0,3
12358,91,14
12359,174,24
12360,0,3
12361,216,26
12362,0,3
12363,1,3
12364,206,20
12365,0,3
12366,196,23
12367,125,13
12368,353,36
12369,387,31
12370,224,27
12371,0,3
12372,0,3
12373,0,3
12374,306,28
12375,170,26
12376,106,16
12377,220,24
12378,157,23
12379,1,3
12380,73,10
12381,0,3
12382,0,3
12383,365,25
12384,195,25
12385,256,24
12386,0,3
12387,203,22
12388,0,3
12389,246,25
12390,165,15
12391,377,33
12392,383,41
12393,0,3
12394,0,3
12395,188,23
12396,0,3
12397,1,3
12398,0,3
12399,149,20
12400,0,3
12401,132,19
12402,0,3
12403,297,32
12404,0,3
12405,0,3
12406,242,22
12407,0,3
12408,260,27
12409,196,27
12410,0,3
12411,154,19
12412,0,3
12413,77,18
12414,162,23
12415,108,19
12416,296,28
12417,0,3
12418,0,3
12419,0,3
12420,0,3
12421,211,24
12422,0,3
12423,257,38
12424,188,27
12425,0,3
12426,0,3
12427,0,3
12428,234,35
12429,135,20
12430,187,21
12431,199,29
12432,230,23
12433,219,27
12434,215,23
12435,0,3
12436,141,18
12437,0,3
12438,227,26
12439,400,28
12440,191,29
12441,187,20
12442,91,15
12443,496,20
12444,0,3
12445,354,36
12446,340,26
12447,272,33
12448,1,3
12449,0,3
12450,0,3
12451,0,3
12452,279,21
12453,0,3
12454,89,16
12455,153,17
12456,0,3
12457,245,29
12458,143,21
12459,274,30
12460,0,3
12461,171,23
12462,187,26
12463,91,16
12464,0,3
12465,0,3
12466,148,24
12467,0,3
12468,0,3
12469,1,3
12470,184,20
12471,153,24
12472,193,22
12473,0,3
12474,192,24
12475,222,24
12476,0,3
12477,165,23
12478,144,14
12479,0,3
12480,185,26
12481,70,10
12482,0,3
12483,0,3
12484,256,36
12485,366,38
12486,0,3
12487,0,3
12488,192,28
12489,90,11
12490,101,16
12491,0,3
12492,211,29
12493,187,24
12494,0,3
12495,0,3
12496,233,26
12497,0,3
12498,0,3
12499,0,3
12500,0,3
12501,0,3
12502,115,17
12503,0,3
12504,147,19
12505,289,36
12506,478,27
12507,0,3
12508,0,3
12509,2,3
12510,0,3
12511,0,3
12512,0,3
12513,385,34
12514,0,3
12515,201,26
12516,181,17
12517,268,31
12518,0,3
12519,0,3
12520,206,25
12521,0,3
12522,193,24
12523,0,3
12524,139,23
12525,251,26
12526,197,20
12527,0,3
12528,0,3
12529,230,23
12530,0,3
12531,144,16
12532,0,3
12533,313,29
12534,202,31
12535,0,3
12536,140,19
12537,0,3
12538,169,30
12539,174,19
12540,90,12
12541,280,35
12542,144,22
12543,180,27
12544,227,23
12545,0,3
12546,0,3
12547,0,3
12548,170,26
12549,82,14
12550,140,13
12551,229,28
12552,160,23
12553,228,31
12554,0,3
12555,135,20
12556,244,35
12557,188,21
12558,0,3
12559,202,27
12560,0,3
12561,309,26
12562,0,3
12563,354,25
12564,0,3
12565,0,3
12566,177,22
12567,182,10
12568,193,22
12569,0,3
12570,218,21
12571,0,3
12572,203,23
12573,199,25
12574,147,21
12575,236,25
12576,0,3
12577,0,3
12578,0,3
12579,293,32
12580,0,3
12581,0,3
12582,178,24
12583,268,28
12584,0,3
12585,141,20
12586,234,27
12587,175,21
12588,95,13
12589,98,17
12590,164,20
12591,210,20
12592,434,32
12593,0,3
12594,146,21
12595,0,3
12596,0,3
12597,0,3
12598,0,3
12599,195,17
12600,0,3
12601,0,3
12602,202,20
12603,106,14
12604,124,20
12605,95,15
12606,214,28
12607,0,3
12608,250,35
12609,0,3
12610,131,19
12611,110,18
12612,195,12
12613,0,3
12614,0,3
12615,1,3
12616,363,38
12617,233,22
12618,104,17
12619,0,3
12620,17,4
12621,0,3
12622,168,27
12623,0,3
12624,0,3
12625,0,3
12626,151,20
12627,206,34
12628,106,15
12629,212,22
12630,363,36
12631,296,41
12632,251,32
12633,282,28
12634,308,31
12635,0,3
12636,105,15
12637,167,16
12638,187,21
12639,451,31
12640,0,3
12641,147,17
12642,255,33
12643,0,3
12644,0,3
12645,0,3
12646,258,30
12647,0,3
12648,236,22
12649,0,3
12650,0,3
12651,146,13
12652,246,20
12653,195,27
12654,350,25
12655,122,17
12656,177,24
12657,164,18
12658,858,37
12659,0,3
12660,201,26
12661,253,30
12662,149,20
12663,233,27
12664,198,17
12665,359,30
12666,0,3
12667,100,17
12668,920,17
12669,0,3
12670,75,6
12671,0,3
12672,1,3
12673,619,29
12674,143,22
12675,169,20
12676,270,34
12677,319,41
12678,406,23
12679,219,23
12680,257,32
12681,94,12
12682,235,31
12683,228,27
12684,0,3
12685,0,3
12686,100,17
12687,0,3
12688,0,3
12689,196,26
12690,202,27
12691,0,3
12692,175,18
12693,0,3
12694,0,3
12695,298,39
12696,304,29
12697,153,23
12698,248,24
12699,0,3
12700,0,3
12701,135,20
12702,169,26
12703,36,11
12704,184,24
12705,112,16
12706,8,4
12707,160,19
12708,337,35
12709,263,28
12710,132,15
12711,0,3
12712,0,3
12713,212,29
12714,0,3
12715,0,3
12716,180,26
12717,0,3
12718,79,11
12719,168,21
12720,254,26
12721,227,27
12722,195,22
12723,0,3
12724,270,28
12725,259,18
12726,239,31
12727,228,24
12728,0,3
12729,183,23
12730,169,27
12731,172,26
12732,155,13
12733,200,31
12734,296,28
12735,0,3
12736,258,24
12737,425,36
12738,0,3
12739,250,24
12740,378,22
12741,299,37
12742,226,22
12743,222,27
12744,0,3
12745,0,3
12746,330,27
12747,211,30
12748,469,22
12749,159,13
12750,165,22
12751,224,26
12752,184,12
12753,393,23
12754,202,27
12755,0,3
12756,494,30
12757,290,28
12758,401,36
12759,236,11
12760,0,3
12761,0,3
12762,0,3
12763,0,3
12764,0,3
12765,0,3
12766,0,3
12767,211,21
12768,140,20
12769,160,20
12770,241,26
12771,306,33
12772,126,19
12773,319,17
12774,103,18
12775,524,15
12776,293,26
12777,0,3
12778,99,17
12779,122,16
12780,0,3
12781,101,15
12782,0,3
12783,469,35
12784,0,3
12785,199,23
12786,232,30
12787,100,19
12788,255,29
12789,246,34
12790,183,22
12791,0,3
12792,336,31
12793,171,24
12794,307,29
12795,1,3
12796,587,33
12797,1,3
12798,0,3
12799,0,3
12800,1,3
12801,454,31
12802,17,7
12803,0,3
12804,456,39
12805,326,22
12806,0,3
12807,153,16
12808,240,24
12809,0,3
12810,70,12
12811,243,28
12812,0,3
12813,201,29
12814,0,3
12815,162,23
12816,0,3
12817,156,22
12818,314,35
12819,181,24
12820,311,24
12821,276,29
12822,319,29
12823,280,31
12824,209,20
12825,0,3
12826,0,3
12827,194,25
12828,0,3
12829,177,21
12830,0,3
12831,242,24
12832,222,23
12833,162,23
12834,0,3
12835,140,19
12836,0,3
12837,166,22
12838,148,23
12839,114,15
12840,0,3
12841,195,24
12842,250,27
12843,0,3
12844,42,8
12845,285,33
12846,0,3
12847,0,3
12848,100,18
12849,208,20
12850,0,3
12851,62,7
12852,200,25
12853,245,27
12854,0,3
12855,88,14
12856,0,3
12857,346,34
12858,0,3
12859,0,3
12860,0,3
12861,0,3
12862,0,3
12863,42,9
12864,136,18
12865,0,3
12866,268,39
12867,276,33
12868,227,29
12869,453,29
12870,0,3
12871,0,3
12872,0,3
12873,186,26
12874,260,29
12875,255,26
12876,0,3
12877,0,3
12878,203,22
12879,105,10
12880,0,3
12881,0,3
12882,0,3
12883,216,27
12884,268,14
12885,149,25
12886,0,3
12887,438,28
12888,0,3
12889,0,3
12890,211,21
12891,0,3
12892,182,27
12893,569,35
12894,292,33
12895,0,3
12896,202,24
12897,14,7
12898,345,34
12899,0,3
12900,360,30
12901,132,24
12902,234,28
12903,19,5
12904,58,12
12905,285,33
12906,137,20
12907,0,3
12908,260,33
12909,219,30
12910,166,20
12911,121,15
12912,102,14
12913,572,28
12914,0,3
12915,217,22
12916,209,29
12917,0,3
12918,952,19
12919,0,3
12920,91,15
12921,227,34
12922,0,3
12923,0,3
12924,296,24
12925,86,14
12926,206,21
12927,222,18
12928,167,21
12929,151,19
12930,1,3
12931,0,3
12932,0,3
12933,373,37
12934,0,3
12935,111,15
12936,343,32
12937,254,25
12938,0,3
12939,224,27
12940,0,3
12941,0,3
12942,0,3
12943,0,3
12944,135,23
12945,94,15
12946,104,16
12947,0,3
12948,86,16
12949,187,23
12950,0,3
12951,0,3
12952,140,22
12953,0,3
12954,0,3
12955,293,34
12956,73,7
12957,357,38
12958,332,28
12959,0,3
12960,0,3
12961,231,29
12962,228,21
12963,0,3
12964,130,19
12965,167,26
12966,0,3
12967,170,25
12968,160,18
12969,102,16
12970,172,25
12971,175,22
12972,274,29
12973,204,26
12974,185,24
12975,216,23
12976,199,26
12977,360,18
12978,153,12
12979,68,7
12980,214,21
12981,212,27
12982,247,24
12983,0,3
12984,194,22
12985,127,19
12986,0,3
12987,283,21
12988,0,3
12989,39,7
12990,0,3
12991,241,18
12992,151,22
12993,127,22
12994,206,26
12995,254,33
12996,277,24
12997,214,20
12998,0,3
12999,165,19
13000,111,19
13001,179,23
13002,146,20
13003,382,32
13004,243,23
13005,0,3
13006,0,3
13007,100,18
13008,16,4
13009,0,3
13010,396,26
13011,101,10
13012,94,13
13013,124,23
13014,0,3
13015,270,39
13016,322,34
13017,314,33
13018,202,31
13019,287,37
13020,95,14
13021,0,3
13022,60,7
13023,181,22
13024,343,37
13025,0,3
13026,217,26
13027,0,3
13028,269,28
13029,145,18
13030,216,27
13031,0,3
13032,250,25
13033,196,28
13034,100,21
13035,0,3
13036,133,19
13037,268,26
13038,254,32
13039,0,3
13040,263,29
13041,0,3
13042,268,32
13043,230,32
13044,183,26
13045,187,22
13046,1,3
13047,0,3
13048,277,21
13049,0,3
13050,185,27
13051,161,21
13052,24,8
13053,0,3
13054,276,31
13055,202,25
13056,0,3
13057,60,11
13058,181,22
13059,220,25
13060,179,18
13061,167,22
13062,0,3
13063,187,24
13064,0,3
13065,226,32
13066,163,26
13067,177,24
13068,299,33
13069,233,24
13070,0,3
13071,0,3
13072,0,3
13073,188,23
13074,543,20
13075,0,3
13076,194,24
13077,257,34
13078,282,25
13079,227,26
13080,0,3
13081,0,3
13082,108,18
13083,74,10
13084,0,3
13085,0,3
13086,0,3
13087,131,24
13088,249,30
13089,54,11
13090,0,3
13091,0,3
13092,252,24
13093,229,36
13094,0,3
13095,205,26
13096,0,3
13097,208,26
13098,0,3
13099,216,29
13100,137,19
13101,346,31
13102,0,3
13103,57,7
13104,269,30
13105,81,10
13106,147,24
13107,0,3
13108,160,24
13109,184,26
13110,190,25
13111,0,3
13112,267,31
13113,0,3
13114,0,3
13115,287,34
13116,0,3
13117,0,3
13118,0,3
13119,307,41
13120,184,26
13121,155,18
13122,201,35
13123,155,16
13124,229,29
13125,0,3
13126,0,3
13127,133,16
13128,1,3
13129,0,3
13130,0,3
13131,207,26
13132,234,25
13133,0,3
13134,138,20
13135,133,16
13136,606,27
13137,0,3
13138,0,3
13139,0,3
13140,94,14
13141,279,26
13142,203,27
13143,140,10
13144,97,15
13145,0,3
13146,78,13
13147,0,3
13148,169,17
13149,223,25
13150,161,21
13151,167,17
13152,275,32
13153,0,3
13154,258,28
13155,158,20
13156,270,36
13157,0,3
13158,0,3
13159,196,30
13160,284,33
13161,0,3
13162,51,8
13163,266,29
13164,274,24
13165,194,23
13166,79,11
13167,0,3
13168,190,23
13169,288,29
13170,0,3
13171,209,26
13172,84,14
13173,258,32
13174,0,3
13175,229,30
13176,226,20
13177,108,19
13178,282,31
13179,424,41
13180,314,33
13181,226,30
13182,0,3
13183,0,3
13184,201,21
13185,205,35
13186,0,3
13187,0,3
13188,103,15
13189,209,26
13190,270,30
13191,172,15
13192,306,23
13193,0,3
13194,164,26
13195,135,19
13196,0,3
13197,0,3
13198,57,10
13199,106,15
13200,0,3
13201,0,3
13202,0,3
13203,68,10
13204,0,3
13205,329,38
13206,0,3
13207,0,3
13208,119,18
13209,0,3
13210,0,3
13211,163,22
13212,0,3
13213,567,24
13214,30,6
13215,170,20
13216,0,3
13217,0,3
13218,258,9
13219,262,31
13220,195,19
13221,318,13
13222,321,33
13223,0,3
13224,214,21
13225,279,34
13226,312,24
13227,0,3
13228,101,12
13229,162,17
13230,243,20
13231,202,21
13232,88,11
13233,214,28
13234,0,3
13235,1,3
13236,0,3
13237,0,3
13238,0,3
13239,217,28
13240,0,3
13241,0,3
13242,1,3
13243,186,26
13244,233,28
13245,170,24
13246,325,24
13247,0,3
13248,241,22
13249,123,21
13250,0,3
13251,106,13
13252,312,24
13253,0,3
13254,244,30
13255,171,21
13256,121,15
13257,0,3
13258,97,16
13259,68,12
13260,100,14
13261,218,25
13262,148,21
13263,169,21
13264,0,3
13265,98,13
13266,0,3
13267,0,3
13268,164,21
13269,210,26
13270,0,3
13271,166,19
13272,140,19
13273,123,15
13274,210,20
13275,0,3
13276,0,3
13277,302,37
13278,163,20
13279,201,22
13280,228,27
13281,0,3
13282,178,23
13283,164,18
13284,224,24
13285,213,29
13286,112,18
13287,60,13
13288,0,3
13289,163,23
13290,280,35
13291,131,23
13292,249,25
13293,0,3
13294,258,26
13295,0,3
13296,81,13
13297,210,22
13298,266,25
13299,101,16
13300,243,32
13301,204,28
13302,130,21
13303,401,28
13304,183,22
13305,143,19
13306,0,3
13307,0,3
13308,297,25
13309,0,3
13310,227,33
13311,216,26
13312,264,41
13313,160,21
13314,130,17
13315,0,3
13316,122,18
13317,206,26
13318,124,20
13319,215,32
13320,0,3
13321,175,24
13322,187,26
13323,0,3
13324,353,37
13325,191,23
13326,137,21
13327,0,3
13328,339,34
13329,0,3
13330,1,3
13331,0,3
13332,291,37
13333,185,30
13334,0,3
13335,0,3
13336,325,26
13337,0,3
13338,0,3
13339,0,3
13340,362,31
13341,240,28
13342,0,3
13343,148,18
13344,99,14
13345,132,17
13346,166,19
13347,113,16
13348,155,24
13349,237,28
13350,0,3
13351,0,3
13352,0,3
13353,331,30
13354,264,33
13355,352,25
13356,0,3
13357,467,18
13358,139,21
13359,1,3
13360,0,3
13361,123,18
13362,0,3
13363,188,20
13364,0,3
13365,0,3
13366,0,3
13367,0,3
13368,0,3
13369,141,19
13370,0,3
13371,0,3
13372,0,3
13373,173,26
13374,0,3
13375,157,18
13376,0,3
13377,210,25
13378,0,3
13379,180,25
13380,88,14
13381,0,3
13382,0,3
13383,0,3
13384,0,3
13385,221,27
13386,0,3
13387,444,24
13388,260,27
13389,489,34
13390,287,36
13391,366,31
13392,388,33
13393,283,28
13394,0,3
13395,325,15
13396,217,28
13397,0,3
13398,383,36
13399,0,3
13400,0,3
13401,0,3
13402,286,32
13403,201,14
13404,0,3
13405,328,30
13406,0,3
13407,0,3
13408,179,26
13409,160,21
13410,155,20
13411,0,3
13412,0,3
13413,254,15
13414,686,35
13415,204,26
13416,204,23
13417,0,3
13418,188,22
13419,409,16
13420,188,25
13421,119,22
13422,296,28
13423,0,3
13424,0,3
13425,262,27
13426,247,11
13427,221,31
13428,0,3
13429,215,23
13430,220,30
13431,290,27
13432,0,3
13433,212,28
13434,193,27
13435,116,18
13436,54,10
13437,373,19
13438,192,24
13439,181,25
13440,0,3
13441,187,23
13442,73,8
13443,130,22
13444,161,22
13445,142,19
13446,0,3
13447,134,18
13448,0,3
13449,128,22
13450,0,3
13451,241,32
13452,180,19
13453,256,36
13454,0,3
13455,0,3
13456,243,27
13457,180,18
13458,150,18
13459,224,27
13460,183,23
13461,0,3
13462,93,17
13463,212,23
13464,0,3
13465,500,32
13466,0,3
13467,0,3
13468,205,26
13469,0,3
13470,0,3
13471,0,3
13472,272,27
13473,0,3
13474,220,25
13475,0,3
13476,0,3
13477,237,26
13478,130,19
13479,0,3
13480,219,24
13481,185,22
13482,202,31
13483,129,19
13484,0,3
13485,1,3
13486,204,29
13487,0,3
13488,195,25
13489,157,20
13490,168,21
13491,0,3
13492,0,3
13493,0,3
13494,407,28
13495,260,31
13496,0,3
13497,228,32
13498,103,19
13499,0,3
13500,141,17
13501,25,7
13502,99,14
13503,204,21
13504,158,23
13505,205,27
13506,307,30
13507,263,28
13508,0,3
13509,175,18
13510,219,33
13511,0,3
13512,182,20
13513,83,13
13514,280,27
13515,286,37
13516,0,3
13517,382,32
13518,0,3
13519,66,9
13520,312,37
13521,221,29
13522,0,3
13523,98,18
13524,281,32
13525,166,20
13526,0,3
13527,115,20
13528,0,3
13529,72,12
13530,0,3
13531,121,20
13532,233,28
13533,377,35
13534,0,3
13535,232,22
13536,0,3
13537,62,10
13538,238,25
13539,0,3
13540,0,3
13541,0,3
13542,51,10
13543,215,26
13544,0,3
13545,0,3
13546,82,15
13547,182,23
13548,227,21
13549,0,3
13550,157,17
13551,0,3
13552,96,15
13553,0,3
13554,196,21
13555,0,3
13556,0,3
13557,380,28
13558,162,18
13559,221,27
13560,195,32
13561,196,20
13562,289,35
13563,0,3
13564,226,26
13565,79,11
13566,0,3
13567,152,25
13568,0,3
13569,201,31
13570,0,3
13571,276,33
13572,0,3
13573,176,21
13574,0,3
13575,0,3
13576,0,3
13577,160,19
13578,0,3
13579,0,3
13580,282,30
13581,0,3
13582,0,3
13583,150,19
13584,176,23
13585,243,26
13586,222,26
13587,241,20
13588,72,14
13589,260,30
13590,268,29
13591,148,18
13592,0,3
13593,169,19
13594,0,3
13595,180,29
13596,131,19
13597,0,3
13598,17,5
13599,223,33
13600,268,35
13601,158,20
13602,191,27
13603,155,22
13604,222,26
13605,0,3
13606,0,3
13607,165,20
13608,225,24
13609,120,12
13610,0,3
13611,221,28
13612,200,20
13613,253,28
13614,189,29
13615,267,18
13616,0,3
13617,0,3
13618,0,3
13619,0,3
13620,231,26
13621,0,3
13622,0,3
13623,0,3
13624,0,3
13625,0,3
13626,48,9
13627,125,19
13628,204,23
13629,246,37
13630,0,3
13631,347,33
13632,161,18
13633,0,3
13634,200,26
13635,262,32
13636,266,30
13637,0,3
13638,0,3
13639,144,19
13640,231,25
13641,188,22
13642,0,3
13643,1,3
13644,175,24
13645,227,20
13646,0,3
13647,0,3
13648,0,3
13649,155,28
13650,0,3
13651,123,20
13652,246,29
13653,161,21
13654,0,3
13655,261,30
13656,153,27
13657,0,3
13658,113,15
13659,246,23
13660,140,12
13661,215,26
13662,0,3
13663,0,3
13664,160,21
13665,274,36
13666,253,20
13667,0,3
13668,0,3
13669,0,3
13670,208,32
13671,404,39
13672,0,3
13673,280,33
13674,76,14
13675,157,27
13676,162,20
13677,199,23
13678,161,14
13679,247,30
13680,0,3
13681,0,3
13682,231,18
13683,0,3
13684,408,33
13685,275,29
13686,0,3
13687,0,3
13688,0,3
13689,0,3
13690,196,24
13691,47,9
13692,194,27
13693,410,38
13694,0,3
13695,298,30
13696,230,26
13697,337,22
13698,0,3
13699,300,30
13700,0,3
13701,0,3
13702,118,19
13703,245,25
13704,0,3
13705,386,43
13706,223,25
13707,0,3
13708,74,13
13709,274,30
13710,138,17
13711,542,30
13712,316,34
13713,0,3
13714,214,22
13715,181,26
13716,261,27
13717,148,26
13718,221,25
13719,125,20
13720,136,18
13721,167,28
13722,233,28
13723,209,20
13724,0,3
13725,236,29
13726,0,3
13727,297,26
13728,272,32
13729,440,33
13730,0,3
13731,310,37
13732,186,16
13733,44,10
13734,730,24
13735,0,3
13736,431,28
13737,0,3
13738,394,34
13739,56,10
13740,106,14
13741,0,3
13742,226,16
13743,233,29
13744,299,35
13745,0,3
13746,248,25
13747,335,34
13748,160,23
13749,40,9
13750,196,36
13751,166,22
13752,0,3
13753,241,30
13754,292,29
13755,776,15
13756,372,37
13757,201,26
13758,290,27
13759,360,30
13760,397,40
13761,0,3
13762,0,3
13763,0,3
13764,460,34
13765,134,20
13766,383,32
13767,0,3
13768,151,20
13769,0,3
13770,0,3
13771,0,3
13772,1,3
13773,411,27
13774,267,28
13775,243,29
13776,311,32
13777,0,3
13778,0,3
13779,283,20
13780,285,27
13781,306,36
13782,83,11
13783,127,19
13784,0,3
13785,44,10
13786,9,6
13787,211,23
13788,228,30
13789,492,29
13790,236,28
13791,0,3
13792,211,14
13793,0,3
13794,95,18
13795,0,3
13796,317,23
13797,0,3
13798,347,23
13799,0,3
13800,0,3
13801,253,22
13802,0,3
13803,206,30
13804,1,3
13805,171,28
13806,0,3
13807,290,32
13808,385,33
13809,147,15
13810,228,19
13811,285,20
13812,351,33
13813,0,3
13814,185,24
13815,67,8
13816,245,19
13817,272,29
13818,85,15
13819,207,23
13820,183,16
13821,273,29
13822,139,17
13823,279,34
13824,160,21
13825,181,23
13826,283,27
13827,302,27
13828,295,33
13829,174,23
13830,118,18
13831,299,34
13832,69,12
13833,271,31
13834,230,30
13835,197,25
13836,326,37
13837,0,3
13838,0,3
13839,211,26
13840,618,32
13841,0,3
13842,302,28
13843,379,21
13844,0,3
13845,0,3
13846,221,25
13847,1,3
13848,224,24
13849,697,32
13850,187,15
13851,86,14
13852,0,3
13853,0,3
13854,0,3
13855,225,19
13856,214,27
13857,562,37
13858,0,3
13859,0,3
13860,0,3
13861,303,30
13862,0,3
13863,0,3
13864,243,25
13865,154,21
13866,0,3
13867,0,3
13868,0,3
13869,187,23
13870,0,3
13871,285,30
13872,165,23
13873,0,3
13874,0,3
13875,0,3
13876,132,16
13877,0,3
13878,0,3
13879,0,3
13880,215,26
13881,213,22
13882,0,3
13883,0,3
13884,162,25
13885,0,3
13886,0,3
13887,226,25
13888,27,7
13889,0,3
13890,0,3
13891,202,24
13892,182,21
13893,143,15
13894,97,11
13895,107,16
13896,0,3
13897,0,3
13898,176,23
13899,268,31
13900,0,3
13901,134,21
13902,411,37
13903,116,22
13904,151,17
13905,190,24
13906,175,22
13907,0,3
13908,250,27
13909,0,3
13910,0,3
13911,174,26
13912,0,3
13913,274,34
13914,396,26
13915,249,28
13916,0,3
13917,0,3
13918,185,17
13919,339,32
13920,224,26
13921,223,26
13922,232,27
13923,221,26
13924,0,3
13925,0,3
13926,204,18
13927,0,3
13928,253,28
13929,116,18
13930,345,35
13931,129,15
13932,0,3
13933,0,3
13934,160,24
13935,0,3
13936,303,29
13937,0,3
13938,187,26
13939,270,26
13940,0,3
13941,171,16
13942,0,3
13943,320,30
13944,210,30
13945,0,3
13946,240,26
13947,259,33
13948,304,29
13949,0,3
13950,295,27
13951,162,21
13952,0,3
13953,317,24
13954,340,31
13955,0,3
13956,161,29
13957,0,3
13958,181,22
13959,106,12
13960,162,22
13961,124,17
13962,106,23
13963,292,30
13964,274,36
13965,0,3
13966,131,18
13967,0,3
13968,96,15
13969,213,20
13970,185,20
13971,150,18
13972,432,40
13973,300,34
13974,377,24
13975,0,3
13976,230,27
13977,215,28
13978,0,3
13979,105,18
13980,263,24
13981,0,3
13982,0,3
13983,0,3
13984,184,21
13985,0,3
13986,0,3
13987,260,30
13988,207,23
13989,0,3
13990,285,32
13991,1,3
13992,0,3
13993,252,32
13994,356,34
13995,0,3
13996,13,4
13997,177,21
13998,0,3
13999,368,35
14000,128,19
14001,294,34
14002,179,22
14003,240,33
14004,55,12
14005,191,20
14006,0,3
14007,43,12
14008,150,21
14009,0,3
14010,347,39
14011,0,3
14012,0,3
14013,342,28
14014,0,3
14015,354,23
14016,203,27
14017,0,3
14018,0,3
14019,209,26
14020,92,15
14021,1,3
14022,322,35
14023,164,26
14024,233,25
14025,415,30
14026,351,31
14027,233,27
14028,300,21
14029,114,23
14030,226,30
14031,271,35
14032,334,35
14033,223,29
14034,288,31
14035,273,33
14036,274,39
14037,0,3
14038,0,3
14039,222,25
14040,307,32
14041,9,5
14042,0,3
14043,0,3
14044,0,3
14045,171,26
14046,202,28
14047,0,3
14048,294,26
14049,0,3
14050,0,3
14051,165,26
14052,48,10
14053,0,3
14054,0,3
14055,0,3
14056,174,25
14057,288,31
14058,236,34
14059,262,23
14060,552,23
14061,0,3
14062,223,24
14063,377,29
14064,435,22
14065,0,3
14066,0,3
14067,234,27
14068,0,3
14069,214,25
14070,118,15
14071,211,28
14072,134,19
14073,0,3
14074,262,28
14075,0,3
14076,192,28
14077,0,3
14078,1,3
14079,299,31
14080,259,23
14081,394,35
14082,0,3
14083,233,25
14084,226,31
14085,0,3
14086,1,3
14087,0,3
14088,366,33
14089,218,20
14090,122,18
14091,396,32
14092,0,3
14093,282,27
14094,0,3
14095,304,35
14096,248,28
14097,388,21
14098,143,21
14099,112,20
14100,149,16
14101,349,30
14102,344,37
14103,0,3
14104,0,3
14105,313,20
14106,0,3
14107,0,3
14108,266,27
14109,293,32
14110,0,3
14111,0,3
14112,260,21
14113,0,3
14114,275,25
14115,333,35
14116,0,3
14117,395,16
14118,0,3
14119,372,25
14120,152,14
14121,0,3
14122,111,14
14123,220,22
14124,171,26
14125,162,15
14126,253,26
14127,189,21
14128,388,20
14129,0,3
14130,204,24
14131,0,3
14132,215,22
14133,0,3
14134,275,23
14135,148,24
14136,212,26
14137,255,32
14138,0,3
14139,286,28
14140,193,23
14141,150,20
14142,0,3
14143,228,23
14144,251,31
14145,153,15
14146,0,3
14147,119,16
14148,0,3
14149,281,30
14150,0,3
14151,0,3
14152,163,18
14153,235,29
14154,0,3
14155,179,23
14156,0,3
14157,0,3
14158,435,21
14159,0,3
14160,229,24
14161,0,3
14162,185,22
14163,254,26
14164,78,11
14165,0,3
14166,0,3
14167,164,20
14168,273,29
14169,0,3
14170,100,14
14171,0,3
14172,271,30
14173,0,3
14174,378,34
14175,0,3
14176,177,29
14177,0,3
14178,0,3
14179,204,23
14180,154,16
14181,0,3
14182,212,31
14183,1,3
14184,0,3
14185,0,3
14186,0,3
14187,270,22
14188,353,26
14189,0,3
14190,0,3
14191,0,3
14192,185,24
14193,0,3
14194,0,3
14195,117,22
14196,200,28
14197,0,3
14198,220,22
14199,0,3
14200,261,29
14201,270,30
14202,0,3
14203,238,19
14204,283,31
14205,137,18
14206,170,25
14207,311,24
14208,321,27
14209,0,3
14210,44,11
14211,289,29
14212,0,3
14213,0,3
14214,0,3
14215,0,3
14216,0,3
14217,0,3
14218,212,24
14219,286,28
14220,114,16
14221,265,30
14222,140,23
14223,0,3
14224,0,3
14225,205,21
14226,0,3
14227,0,3
14228,0,3
14229,253,27
14230,136,22
14231,222,29
14232,0,3
14233,0,3
14234,161,26
14235,262,22
14236,0,3
14237,299,24
14238,208,24
14239,0,3
14240,418,33
14241,276,33
14242,0,3
14243,186,28
14244,0,3
14245,233,20
14246,0,3
14247,91,15
14248,0,3
14249,264,33
14250,184,22
14251,167,27
14252,0,3
14253,171,19
14254,281,33
14255,0,3
14256,0,3
14257,243,20
14258,0,3
14259,0,3
14260,0,3
14261,220,29
14262,0,3
14263,0,3
14264,0,3
14265,233,27
14266,1,3
14267,0,3
14268,0,3
14269,223,30
14270,199,16
14271,227,25
14272,0,3
14273,0,3
14274,193,23
14275,0,3
14276,0,3
14277,0,3
14278,0,3
14279,0,3
14280,208,26
14281,222,29
14282,0,3
14283,0,3
14284,0,3
14285,0,3
14286,0,3
14287,0,3
14288,0,3
14289,199,25
14290,0,3
14291,140,16
14292,421,21
14293,331,37
14294,161,22
14295,405,42
14296,0,3
14297,0,3
14298,233,20
14299,229,25
14300,5,4
14301,0,3
14302,172,24
14303,0,3
14304,184,24
14305,0,3
14306,0,3
14307,205,22
14308,234,28
14309,0,3
14310,0,3
14311,0,3
14312,0,3
14313,166,20
14314,0,3
14315,0,3
14316,194,23
14317,263,19
14318,0,3
14319,0,3
14320,300,28
14321,336,13
14322,0,3
14323,193,24
14324,191,28
14325,0,3
14326,119,23
14327,349,38
14328,83,13
14329,0,3
14330,230,24
14331,215,33
14332,239,30
14333,203,25
14334,228,26
14335,318,32
14336,0,3
14337,239,30
14338,159,24
14339,286,23
14340,251,36
14341,296,32
14342,0,3
14343,157,18
14344,0,3
14345,308,31
14346,364,34
14347,298,28
14348,0,3
14349,315,34
14350,175,21
14351,189,22
14352,164,15
14353,0,3
14354,451,9
14355,0,3
14356,336,26
14357,658,30
14358,178,24
14359,132,18
14360,318,32
14361,0,3
14362,284,26
14363,237,25
14364,316,30
14365,222,23
14366,235,24
14367,273,29
14368,235,32
14369,0,3
14370,0,3
14371,33,6
14372,599,34
14373,243,27
14374,434,38
14375,171,21
14376,240,26
14377,165,20
14378,0,3
14379,208,25
14380,0,3
14381,282,27
14382,0,3
14383,200,21
14384,389,24
14385,245,30
14386,154,20
14387,54,9
14388,0,3
14389,298,31
14390,192,20
14391,306,27
14392,220,21
14393,201,27
14394,0,3
14395,0,3
14396,0,3
14397,0,3
14398,281,30
14399,255,29
14400,184,25
14401,0,3
14402,279,23
14403,291,32
14404,307,33
14405,0,3
14406,0,3
14407,168,26
14408,109,16
14409,0,3
14410,0,3
14411,222,28
14412,0,3
14413,117,8
14414,139,17
14415,257,30
14416,230,34
14417,0,3
14418,0,3
14419,134,18
14420,283,31
14421,0,3
14422,252,25
14423,0,3
14424,136,17
14425,0,3
14426,307,32
14427,122,17
14428,0,3
14429,0,3
14430,0,3
14431,196,24
14432,0,3
14433,158,23
14434,259,30
14435,0,3
14436,0,3
14437,161,23
14438,278,34
14439,0,3
14440,741,33
14441,0,3
14442,258,36
14443,276,31
14444,194,15
14445,241,31
14446,846,28
14447,0,3
14448,0,3
14449,0,3
14450,161,25
14451,436,33
14452,212,21
14453,239,23
14454,0,3
14455,0,3
14456,0,3
14457,208,27
14458,184,23
14459,0,3
14460,0,3
14461,317,35
14462,206,24
14463,0,3
14464,181,20
14465,0,3
14466,218,26
14467,0,3
14468,264,30
14469,0,3
14470,0,3
14471,243,34
14472,0,3
14473,324,33
14474,0,3
14475,0,3
14476,0,3
14477,193,24
14478,191,27
14479,153,17
14480,0,3
14481,253,27
14482,154,18
14483,251,30
14484,0,3
14485,102,16
14486,0,3
14487,185,24
14488,1,3
14489,280,29
14490,179,24
14491,0,3
14492,121,17
14493,256,30
14494,0,3
14495,0,3
14496,0,3
14497,0,3
14498,0,3
14499,197,18
14500,515,25
14501,0,3
14502,176,25
14503,272,27
14504,217,29
14505,79,12
14506,215,27
14507,223,29
14508,230,11
14509,189,22
14510,0,3
14511,253,32
14512,245,33
14513,0,3
14514,0,3
14515,582,40
14516,225,25
14517,77,11
14518,0,3
14519,263,28
14520,0,3
14521,0,3
14522,299,31
14523,226,23
14524,270,32
14525,0,3
14526,208,26
14527,0,3
14528,0,3
14529,0,3
14530,0,3
14531,0,3
14532,0,3
14533,248,30
14534,0,3
14535,193,23
14536,272,29
14537,445,20
14538,0,3
14539,0,3
14540,0,3
14541,0,3
14542,196,22
14543,198,26
14544,0,3
14545,290,26
14546,0,3
14547,157,22
14548,0,3
14549,205,25
14550,325,26
14551,196,26
14552,210,22
14553,200,21
14554,135,16
14555,314,35
14556,153,12
14557,211,23
14558,0,3
14559,445,26
14560,416,30
14561,303,31
14562,333,30
14563,243,29
14564,101,17
14565,0,3
14566,227,23
14567,0,3
14568,0,3
14569,0,3
14570,0,3
14571,162,19
14572,0,3
14573,118,15
14574,259,32
14575,0,3
14576,0,3
14577,197,26
14578,353,37
14579,189,20
14580,226,27
14581,0,3
14582,116,14
14583,139,19
14584,0,3
14585,268,20
14586,175,23
14587,0,3
14588,78,11
14589,246,26
14590,178,24
14591,126,15
14592,258,26
14593,0,3
14594,191,26
14595,239,28
14596,0,3
14597,0,3
14598,0,3
14599,0,3
14600,0,3
14601,173,27
14602,0,3
14603,272,30
14604,187,9
14605,245,33
14606,261,27
14607,0,3
14608,0,3
14609,0,3
14610,372,25
14611,255,27
14612,178,19
14613,119,16
14614,153,24
14615,270,42
14616,175,20
14617,138,20
14618,0,3
14619,251,27
14620,1,3
14621,197,3
14622,0,3
14623,164,19
14624,203,24
14625,0,3
14626,347,39
14627,276,37
14628,214,27
14629,298,30
14630,203,22
14631,224,31
14632,251,32
14633,213,31
14634,164,22
14635,0,3
14636,166,14
14637,278,30
14638,179,24
14639,0,3
14640,0,3
14641,108,16
14642,302,31
14643,174,17
14644,252,25
14645,384,43
14646,192,21
14647,0,3
14648,388,27
14649,0,3
14650,161,27
14651,123,18
14652,147,17
14653,161,23
14654,367,36
14655,269,31
14656,307,28
14657,0,3
14658,172,21
14659,32,8
14660,0,3
14661,135,21
14662,0,3
14663,0,3
14664,278,30
14665,240,14
14666,336,40
14667,0,3
14668,0,3
14669,0,3
14670,0,3
14671,0,3
14672,333,32
14673,80,15
14674,206,20
14675,301,27
14676,0,3
14677,453,16
14678,84,15
14679,0,3
14680,0,3
14681,0,3
14682,0,3
14683,0,3
14684,313,32
14685,413,38
14686,208,20
14687,235,30
14688,1,3
14689,0,3
14690,0,3
14691,69,9
14692,0,3
14693,227,25
14694,149,14
14695,128,14
14696,0,3
14697,0,3
14698,132,20
14699,205,21
14700,0,3
14701,0,3
14702,0,3
14703,214,28
14704,0,3
14705,0,3
14706,416,27
14707,0,3
14708,172,16
14709,362,23
14710,537,20
14711,199,24
14712,0,3
14713,172,18
14714,0,3
14715,292,33
14716,361,38
14717,237,27
14718,288,37
14719,0,3
14720,177,20
14721,147,23
14722,168,19
14723,81,7
14724,1,3
14725,0,3
14726,157,23
14727,282,27
14728,127,17
14729,264,15
14730,266,34
14731,343,33
14732,240,32
14733,230,26
14734,145,22
14735,1,3
14736,0,3
14737,532,30
14738,301,38
14739,0,3
14740,0,3
14741,0,3
14742,164,20
14743,236,24
14744,344,19
14745,169,23
14746,252,34
14747,0,3
14748,0,3
14749,120,16
14750,795,42
14751,235,25
14752,303,35
14753,0,3
14754,0,3
14755,251,27
14756,0,3
14757,235,29
14758,321,28
14759,0,3
14760,266,27
14761,292,32
14762,175,20
14763,310,26
14764,0,3
14765,167,24
14766,248,25
14767,373,40
14768,304,28
14769,0,3
14770,431,24
14771,128,16
14772,0,3
14773,193,23
14774,259,25
14775,500,35
14776,0,3
14777,221,27
14778,198,28
14779,0,3
14780,0,3
14781,143,23
14782,0,3
14783,198,19
14784,0,3
14785,0,3
14786,286,24
14787,264,35
14788,0,3
14789,0,3
14790,253,31
14791,246,31
14792,497,26
14793,159,16
14794,167,29
14795,0,3
14796,381,22
14797,239,20
14798,276,31
14799,0,3
14800,299,37
14801,168,18
14802,0,3
14803,302,38
14804,196,22
14805,99,13
14806,0,3
14807,231,28
14808,0,3
14809,90,16
14810,124,13
14811,155,16
14812,0,3
14813,0,3
14814,0,3
14815,0,3
14816,91,12
14817,291,28
14818,0,3
14819,1,3
14820,314,23
14821,0,3
14822,86,15
14823,0,3
14824,0,3
14825,0,3
14826,354,27
14827,243,21
14828,0,3
14829,181,25
14830,0,3
14831,0,3
14832,0,3
14833,0,3
14834,0,3
14835,336,27
14836,213,22
14837,349,24
14838,163,23
14839,169,20
14840,0,3
14841,0,3
14842,224,25
14843,510,32
14844,0,3
14845,0,3
14846,135,17
14847,0,3
14848,114,19
14849,0,3
14850,0,3
14851,3,5
14852,0,3
14853,0,3
14854,0,3
14855,501,23
14856,232,17
14857,273,33
14858,0,3
14859,0,3
14860,462,34
14861,488,17
14862,280,44
14863,233,23
14864,0,3
14865,0,3
14866,348,29
14867,231,25
14868,48,11
14869,0,3
14870,275,28
14871,207,20
14872,413,28
14873,353,33
14874,547,36
14875,0,3
14876,0,3
14877,0,3
14878,244,28
14879,263,31
14880,370,47
14881,168,19
14882,101,17
14883,140,18
14884,200,26
14885,293,35
14886,0,3
14887,247,30
14888,153,22
14889,409,41
14890,0,3
14891,148,21
14892,0,3
14893,292,30
14894,352,40
14895,0,3
14896,215,24
14897,531,28
14898,208,27
14899,0,3
14900,0,3
14901,280,30
14902,299,32
14903,435,34
14904,233,28
14905,182,24
14906,0,3
14907,204,25
14908,318,34
14909,128,19
14910,133,18
14911,284,33
14912,184,27
14913,259,5
14914,0,3
14915,213,24
14916,0,3
14917,297,35
14918,330,28
14919,248,29
14920,364,29
14921,0,3
14922,0,3
14923,420,27
14924,146,22
14925,0,3
14926,183,24
14927,0,3
14928,112,16
14929,265,31
14930,0,3
14931,0,3
14932,0,3
14933,111,19
14934,174,20
14935,318,20
14936,154,16
14937,194,27
14938,0,3
14939,214,24
14940,199,25
14941,0,3
14942,179,22
14943,0,3
14944,182,19
14945,310,32
14946,200,28
14947,220,22
14948,489,31
14949,140,21
14950,204,22
14951,0,3
14952,0,3
14953,207,24
14954,294,25
14955,0,3
14956,0,3
14957,124,15
14958,0,3
14959,326,38
14960,139,18
14961,0,3
14962,0,3
14963,0,3
14964,228,26
14965,269,26
14966,308,36
14967,0,3
14968,0,3
14969,0,3
14970,133,22
14971,0,3
14972,217,29
14973,151,20
14974,0,3
14975,392,29
14976,442,38
14977,360,24
14978,310,29
14979,355,37
14980,187,24
14981,0,3
14982,443,33
14983,141,16
14984,269,27
14985,0,3
14986,0,3
14987,220,27
14988,0,3
14989,200,24
14990,0,3
14991,262,26
14992,235,20
14993,0,3
14994,320,38
14995,275,30
14996,328,33
14997,266,28
14998,465,33
14999,0,3
15000,1,3
15001,0,3
15002,0,3
15003,0,3
15004,0,3
15005,147,21
15006,425,29
15007,0,3
15008,300,25
15009,199,28
15010,0,3
15011,0,3
15012,203,27
15013,0,3
15014,96,16
15015,0,3
15016,0,3
15017,0,3
15018,209,26
15019,0,3
15020,238,26
15021,165,14
15022,341,34
15023,0,3
15024,519,28
15025,0,3
15026,0,3
15027,0,3
15028,0,3
15029,112,17
15030,349,38
15031,0,3
15032,199,28
15033,354,34
15034,0,3
15035,96,14
15036,0,3
15037,303,37
15038,253,27
15039,292,27
15040,296,31
15041,238,27
15042,208,23
15043,0,3
15044,0,3
15045,0,3
15046,296,22
15047,88,10
15048,288,27
15049,274,28
15050,0,3
15051,169,22
15052,0,3
15053,192,25
15054,258,28
15055,243,24
15056,192,17
15057,387,24
15058,0,3
15059,321,28
15060,0,3
15061,0,3
15062,136,20
15063,0,3
15064,0,3
15065,159,21
15066,239,12
15067,240,23
15068,0,3
15069,182,26
15070,286,28
15071,155,22
15072,236,31
15073,217,31
15074,0,3
15075,0,3
15076,256,27
15077,218,24
15078,242,26
15079,1,3
15080,0,3
15081,0,3
15082,197,26
15083,0,3
15084,0,3
15085,194,27
15086,334,28
15087,278,30
15088,357,33
15089,184,19
15090,506,32
15091,0,3
15092,216,24
15093,181,24
15094,0,3
15095,209,28
15096,369,22
15097,83,16
15098,766,32
15099,712,24
15100,0,3
15101,333,31
15102,130,22
15103,243,28
15104,0,3
15105,276,32
15106,0,3
15107,0,3
15108,163,24
15109,53,13
15110,243,30
15111,226,25
15112,0,3
15113,316,32
15114,333,37
15115,0,3
15116,0,3
15117,314,31
15118,0,3
15119,0,3
15120,0,3
15121,0,3
15122,275,27
15123,124,14
15124,216,24
15125,267,28
15126,0,3
15127,781,23
15128,200,23
15129,119,19
15130,156,21
15131,169,26
15132,269,27
15133,0,3
15134,0,3
15135,147,15
15136,0,3
15137,257,32
15138,212,20
15139,191,20
15140,256,26
15141,1,3
15142,243,28
15143,127,20
15144,281,34
15145,0,3
15146,0,3
15147,0,3
15148,272,26
15149,116,18
15150,0,3
15151,222,26
15152,0,3
15153,445,14
15154,220,23
15155,202,28
15156,191,28
15157,0,3
15158,0,3
15159,261,34
15160,0,3
15161,0,3
15162,149,18
15163,213,23
15164,210,29
15165,124,20
15166,110,11
15167,298,25
15168,258,32
15169,388,32
15170,0,3
15171,170,25
15172,219,28
15173,201,28
15174,339,36
15175,163,24
15176,0,3
15177,159,24
15178,112,15
15179,195,24
15180,402,34
15181,255,32
15182,0,3
15183,0,3
15184,108,14
15185,533,39
15186,159,16
15187,226,24
15188,0,3
15189,100,13
15190,314,32
15191,0,3
15192,180,26
15193,0,3
15194,0,3
15195,0,3
15196,275,34
15197,202,23
15198,0,3
15199,0,3
15200,203,21
15201,80,13
15202,0,3
15203,0,3
15204,338,31
15205,258,28
15206,253,29
15207,242,24
15208,155,20
15209,207,25
15210,440,18
15211,429,30
15212,228,23
15213,299,36
15214,0,3
15215,277,30
15216,166,22
15217,0,3
15218,0,3
15219,0,3
15220,0,3
15221,0,3
15222,193,23
15223,1,3
15224,0,3
15225,258,30
15226,200,27
15227,276,21
15228,171,18
15229,246,28
15230,113,16
15231,202,22
15232,172,22
15233,226,27
15234,416,31
15235,0,3
15236,0,3
15237,0,3
15238,258,18
15239,245,32
15240,0,3
15241,0,3
15242,240,30
15243,223,32
15244,320,35
15245,105,13
15246,0,3
15247,0,3
15248,0,3
15249,0,3
15250,0,3
15251,161,22
15252,0,3
15253,284,38
15254,78,11
15255,310,31
15256,193,25
15257,271,26
15258,106,14
15259,154,20
15260,336,30
15261,176,24
15262,0,3
15263,0,3
15264,260,31
15265,235,25
15266,197,23
15267,0,3
15268,0,3
15269,0,3
15270,0,3
15271,32,5
15272,317,29
15273,0,3
15274,0,3
15275,55,11
15276,107,11
15277,0,3
15278,257,26
15279,0,3
15280,460,32
15281,0,3
15282,271,27
15283,0,3
15284,204,24
15285,352,40
15286,173,27
15287,0,3
15288,0,3
15289,0,3
15290,0,3
15291,406,33
15292,198,28
15293,170,20
15294,447,23
15295,0,3
15296,247,27
15297,162,19
15298,288,31
15299,216,31
15300,0,3
15301,0,3
15302,270,32
15303,226,27
15304,142,19
15305,1,3
15306,127,21
15307,0,3
15308,129,14
15309,148,23
15310,0,3
15311,0,3
15312,0,3
15313,0,3
15314,432,32
15315,204,21
15316,229,24
15317,142,15
15318,0,3
15319,285,30
15320,80,15
15321,191,25
15322,161,18
15323,176,23
15324,358,38
15325,0,3
15326,27,8
15327,292,32
15328,187,22
15329,0,3
15330,0,3
15331,223,27
15332,128,16
15333,139,23
15334,0,3
15335,53,15
15336,258,26
15337,1,3
15338,230,29
15339,183,26
15340,119,17
15341,162,21
15342,0,3
15343,329,34
15344,0,3
15345,268,28
15346,0,3
15347,0,3
15348,0,3
15349,262,28
15350,246,23
15351,136,17
15352,0,3
15353,95,18
15354,78,15
15355,349,35
15356,0,3
15357,282,32
15358,0,3
15359,0,3
15360,304,37
15361,267,31
15362,0,3
15363,205,21
15364,198,25
15365,228,25
15366,252,27
15367,0,3
15368,0,3
15369,209,23
15370,324,35
15371,0,3
15372,0,3
15373,205,23
15374,184,21
15375,155,21
15376,317,35
15377,0,3
15378,342,27
15379,332,37
15380,513,37
15381,243,31
15382,0,3
15383,318,32
15384,0,3
15385,0,3
15386,172,18
15387,0,3
15388,0,3
15389,131,19
15390,0,3
15391,0,3
15392,115,13
15393,0,3
15394,1,3
15395,275,27
15396,352,41
15397,268,22
15398,180,24
15399,0,3
15400,118,16
15401,165,19
15402,0,3
15403,163,17
15404,0,3
15405,333,38
15406,0,3
15407,289,31
15408,0,3
15409,242,28
15410,0,3
15411,202,24
15412,137,18
15413,235,28
15414,0,3
15415,166,22
15416,227,25
15417,0,3
15418,0,3
15419,292,32
15420,0,3
15421,234,24
15422,271,31
15423,0,3
15424,164,16
15425,217,20
15426,0,3
15427,243,32
15428,0,3
15429,0,3
15430,0,3
15431,0,3
15432,316,32
15433,250,35
15434,0,3
15435,0,3
15436,150,15
15437,0,3
15438,0,3
15439,170,22
15440,0,3
15441,196,26
15442,199,21
15443,158,19
15444,1,3
15445,128,21
15446,356,28
15447,0,3
15448,0,3
15449,177,22
15450,0,3
15451,204,23
15452,221,21
15453,242,29
15454,0,3
15455,0,3
15456,330,34
15457,126,16
15458,20,6
15459,208,22
15460,272,27
15461,283,28
15462,250,31
15463,274,24
15464,258,32
15465,176,18
15466,251,34
15467,283,30
15468,362,34
15469,173,21
15470,213,24
15471,0,3
15472,0,3
15473,244,32
15474,0,3
15475,293,27
15476,37,4
15477,156,19
15478,0,3
15479,0,3
15480,0,3
15481,228,32
15482,311,38
15483,198,22
15484,207,24
15485,360,33
15486,170,20
15487,298,30
15488,1,3
15489,0,3
15490,315,18
15491,0,3
15492,150,18
15493,0,3
15494,0,3
15495,0,3
15496,464,37
15497,504,34
15498,143,21
15499,278,26
15500,0,3
15501,0,3
15502,118,16
15503,516,33
15504,100,16
15505,65,10
15506,0,3
15507,268,24
15508,0,3
15509,286,34
15510,278,24
15511,252,30
15512,250,31
15513,0,3
15514,167,22
15515,256,31
15516,74,13
15517,224,31
15518,282,28
15519,290,34
15520,133,18
15521,88,12
15522,0,3
15523,9,4
15524,333,30
15525,245,27
15526,82,14
15527,289,34
15528,228,28
15529,28,6
15530,193,25
15531,233,27
15532,242,32
15533,166,28
15534,1000,15
15535,0,3
15536,0,3
15537,254,33
15538,275,32
15539,64,10
15540,262,32
15541,139,19
15542,188,20
15543,0,3
15544,189,22
15545,0,3
15546,179,20
15547,127,17
15548,0,3
15549,0,3
15550,101,15
15551,283,29
15552,120,14
15553,325,34
15554,101,17
15555,0,3
15556,61,16
15557,0,3
15558,98,16
15559,328,24
15560,0,3
15561,143,17
15562,261,32
15563,193,21
15564,332,33
15565,144,22
15566,0,3
15567,157,21
15568,165,25
15569,123,17
15570,0,3
15571,0,3
15572,216,27
15573,281,32
15574,289,24
15575,214,24
15576,281,28
15577,223,27
15578,0,3
15579,222,29
15580,211,33
15581,170,18
15582,235,24
15583,283,28
15584,52,9
15585,94,19
15586,132,21
15587,292,30
15588,305,24
15589,0,3
15590,105,11
15591,82,14
15592,225,25
15593,222,27
15594,0,3
15595,134,16
15596,0,3
15597,319,29
15598,260,28
15599,255,26
15600,285,23
15601,218,19
15602,280,37
15603,311,37
15604,0,3
15605,207,23
15606,364,39
15607,228,31
15608,124,15
15609,109,14
15610,177,23
15611,302,26
15612,0,3
15613,182,19
15614,266,32
15615,104,16
15616,335,38
15617,306,35
15618,121,20
15619,430,40
15620,1,3
15621,420,38
15622,294,27
15623,255,28
15624,294,25
15625,110,11
15626,0,3
15627,0,3
15628,341,37
15629,231,27
15630,251,23
15631,0,3
15632,113,16
15633,0,3
15634,225,30
15635,0,3
15636,305,34
15637,347,37
15638,0,3
15639,136,14
15640,0,3
15641,118,17
15642,110,17
15643,0,3
15644,383,19
15645,0,3
15646,185,21
15647,309,25
15648,259,27
15649,1,3
15650,271,31
15651,312,40
15652,0,3
15653,236,23
15654,302,17
15655,323,31
15656,80,14
15657,0,3
15658,0,3
15659,234,25
15660,127,14
15661,133,20
15662,0,3
15663,0,3
15664,193,17
15665,78,17
15666,177,17
15667,0,3
15668,0,3
15669,0,3
15670,0,3
15671,121,16
15672,0,3
15673,0,3
15674,349,29
15675,162,23
15676,0,3
15677,192,24
15678,0,3
15679,210,26
15680,73,15
15681,290,27
15682,0,3
15683,295,31
15684,175,22
15685,0,3
15686,215,21
15687,0,3
15688,297,29
15689,0,3
15690,0,3
15691,103,16
15692,159,19
15693,0,3
15694,0,3
15695,0,3
15696,0,3
15697,0,3
15698,0,3
15699,198,28
15700,0,3
15701,46,9
15702,219,18
15703,0,3
15704,0,3
15705,259,27
15706,20,6
15707,0,3
15708,346,28
15709,208,13
15710,208,24
15711,339,22
15712,0,3
15713,185,23
15714,0,3
15715,0,3
15716,1,3
15717,331,30
15718,0,3
15719,574,34
15720,271,32
15721,0,3
15722,121,14
15723,211,26
15724,106,18
15725,0,3
15726,78,14
15727,188,16
15728,247,26
15729,180,21
15730,0,3
15731,0,3
15732,124,17
15733,344,25
15734,0,3
15735,147,19
15736,0,3
15737,0,3
15738,0,3
15739,467,37
15740,175,24
15741,215,24
15742,335,30
15743,252,26
15744,296,19
15745,0,3
15746,392,31
15747,161,20
15748,241,22
15749,319,32
15750,0,3
15751,161,22
15752,177,19
15753,46,9
15754,0,3
15755,0,3
15756,155,19
15757,383,25
15758,310,35
15759,181,18
15760,0,3
15761,134,16
15762,227,25
15763,167,20
15764,0,3
15765,274,25
15766,164,24
15767,275,25
15768,261,33
15769,81,16
15770,0,3
15771,302,32
15772,0,3
15773,0,3
15774,283,35
15775,0,3
15776,156,16
15777,240,33
15778,312,33
15779,129,18
15780,78,9
15781,181,22
15782,0,3
15783,239,23
15784,259,29
15785,0,3
15786,0,3
15787,219,25
15788,281,31
15789,252,20
15790,0,3
15791,0,3
15792,0,3
15793,223,31
15794,0,3
15795,136,18
15796,221,20
15797,0,3
15798,263,32
15799,151,18
15800,0,3
15801,290,17
15802,198,22
15803,297,38
15804,254,32
15805,72,15
15806,233,30
15807,0,3
15808,0,3
15809,0,3
15810,580,15
15811,241,28
15812,140,17
15813,0,3
15814,299,26
15815,421,35
15816,233,25
15817,0,3
15818,333,29
15819,1,3
15820,236,12
15821,0,3
15822,211,22
15823,204,17
15824,0,3
15825,0,3
15826,361,34
15827,223,18
15828,119,20
15829,0,3
15830,0,3
15831,0,3
15832,152,20
15833,182,23
15834,182,29
15835,0,3
15836,355,32
15837,0,3
15838,0,3
15839,362,30
15840,0,3
15841,325,33
15842,171,23
15843,0,3
15844,233,26
15845,207,24
15846,244,29
15847,0,3
15848,210,28
15849,138,22
15850,285,26
15851,0,3
15852,0,3
15853,246,27
15854,132,23
15855,0,3
15856,146,20
15857,188,19
15858,0,3
15859,0,3
15860,0,3
15861,165,21
15862,168,23
15863,0,3
15864,234,33
15865,279,30
15866,281,36
15867,219,26
15868,0,3
15869,366,33
15870,0,3
15871,0,3
15872,324,34
15873,171,26
15874,418,35
15875,0,3
15876,266,32
15877,0,3
15878,254,25
15879,629,27
15880,277,29
15881,0,3
15882,216,27
15883,0,3
15884,274,31
15885,268,30
15886,320,32
15887,119,19
15888,354,30
15889,224,25
15890,0,3
15891,186,17
15892,0,3
15893,198,30
15894,0,3
15895,222,26
15896,243,35
15897,0,3
15898,0,3
15899,126,20
15900,218,29
15901,0,3
15902,165,23
15903,0,3
15904,0,3
15905,0,3
15906,377,33
15907,164,23
15908,214,29
15909,221,19
15910,202,27
15911,0,3
15912,229,28
15913,208,27
15914,333,41
15915,0,3
15916,0,3
15917,395,37
15918,121,15
15919,0,3
15920,0,3
15921,329,36
15922,40,10
15923,0,3
15924,541,20
15925,227,24
15926,182,22
15927,194,27
15928,0,3
15929,0,3
15930,314,32
15931,431,18
15932,123,15
15933,0,3
15934,91,15
15935,0,3
15936,203,23
15937,0,3
15938,516,32
15939,235,26
15940,0,3
15941,152,22
15942,0,3
15943,198,23
15944,228,35
15945,0,3
15946,226,27
15947,0,3
15948,246,23
15949,134,21
15950,284,33
15951,554,45
15952,121,17
15953,0,3
15954,127,18
15955,248,25
15956,179,20
15957,412,27
15958,0,3
15959,0,3
15960,0,3
15961,324,33
15962,0,3
15963,0,3
15964,0,3
15965,0,3
15966,0,3
15967,0,3
15968,0,3
15969,386,37
15970,214,27
15971,0,3
15972,413,34
15973,0,3
15974,316,20
15975,0,3
15976,216,30
15977,140,17
15978,186,23
15979,0,3
15980,0,3
15981,0,3
15982,305,32
15983,0,3
15984,236,27
15985,0,3
15986,0,3
15987,288,32
15988,124,17
15989,286,25
15990,420,45
15991,457,26
15992,0,3
15993,0,3
15994,363,32
15995,0,3
15996,138,19
15997,0,3
15998,0,3
15999,233,26
16000,0,3
16001,138,20
16002,126,20
16003,0,3
16004,239,30
16005,0,3
16006,167,18
16007,193,19
16008,168,22
16009,0,3
16010,0,3
16011,105,17
16012,367,38
16013,0,3
16014,194,18
16015,208,27
16016,92,19
16017,308,26
16018,399,20
16019,274,25
16020,0,3
16021,0,3
16022,179,20
16023,133,15
16024,0,3
16025,0,3
16026,292,29
16027,248,29
16028,151,21
16029,250,27
16030,213,23
16031,0,3
16032,0,3
16033,457,29
16034,266,27
16035,311,33
16036,162,19
16037,321,25
16038,160,23
16039,293,30
16040,182,23
16041,135,19
16042,0,3
16043,253,24
16044,115,20
16045,107,17
16046,0,3
16047,334,30
16048,207,22
16049,0,3
16050,0,3
16051,202,23
16052,356,36
16053,438,41
16054,0,3
16055,164,20
16056,0,3
16057,0,3
16058,2,3
16059,344,34
16060,352,35
16061,0,3
16062,0,3
16063,0,3
16064,206,25
16065,47,8
16066,258,26
16067,0,3
16068,356,29
16069,0,3
16070,78,10
16071,261,26
16072,0,3
16073,0,3
16074,17,5
16075,1,3
16076,289,28
16077,127,23
16078,147,21
16079,0,3
16080,200,25
16081,220,25
16082,0,3
16083,166,20
16084,113,16
16085,248,30
16086,268,28
16087,316,36
16088,119,19
16089,0,3
16090,188,28
16091,230,22
16092,142,15
16093,0,3
16094,208,16
16095,0,3
16096,359,35
16097,74,12
16098,111,16
16099,0,3
16100,0,3
16101,0,3
16102,279,24
16103,360,20
16104,246,23
16105,360,30
16106,0,3
16107,201,24
16108,0,3
16109,152,15
16110,0,3
16111,165,22
16112,134,20
16113,453,41
16114,0,3
16115,0,3
16116,0,3
16117,0,3
16118,240,31
16119,209,22
16120,45,8
16121,0,3
16122,0,3
16123,314,32
16124,277,25
16125,0,3
16126,154,22
16127,0,3
16128,0,3
16129,286,28
16130,146,20
16131,234,25
16132,0,3
16133,202,19
16134,87,12
16135,226,25
16136,283,32
16137,426,44
16138,0,3
16139,0,3
16140,0,3
16141,248,31
16142,225,26
16143,290,35
16144,0,3
16145,0,3
16146,267,20
16147,0,3
16148,205,27
16149,0,3
16150,0,3
16151,0,3
16152,146,20
16153,217,28
16154,1,3
16155,0,3
16156,328,26
16157,0,3
16158,0,3
16159,0,3
16160,285,31
16161,246,27
16162,350,35
16163,0,3
16164,248,29
16165,225,26
16166,311,30
16167,0,3
16168,265,26
16169,188,24
16170,299,29
16171,0,3
16172,262,26
16173,185,19
16174,145,17
16175,175,19
16176,0,3
16177,39,7
16178,188,25
16179,0,3
16180,0,3
16181,0,3
16182,0,3
16183,293,35
16184,224,27
16185,226,24
16186,203,23
16187,1,3
16188,288,32
16189,278,35
16190,297,32
16191,130,21
16192,234,24
16193,274,29
16194,243,25
16195,281,27
16196,0,3
16197,0,3
16198,354,33
16199,236,23
16200,378,32
16201,0,3
16202,0,3
16203,0,3
16204,377,26
16205,0,3
16206,0,3
16207,0,3
16208,0,3
16209,274,26
16210,168,21
16211,0,3
16212,318,34
16213,191,22
16214,1,3
16215,342,41
16216,0,3
16217,0,3
16218,161,23
16219,0,3
16220,0,3
16221,541,24
16222,240,23
16223,189,21
16224,0,3
16225,230,28
16226,233,26
16227,0,3
16228,306,30
16229,154,22
16230,159,24
16231,0,3
16232,0,3
16233,125,19
16234,0,3
16235,259,32
16236,462,35
16237,294,39
16238,215,20
16239,188,25
16240,0,3
16241,322,31
16242,339,39
16243,0,3
16244,334,31
16245,0,3
16246,157,21
16247,205,25
16248,222,25
16249,306,31
16250,238,27
16251,0,3
16252,334,25
16253,207,13
16254,0,3
16255,303,37
16256,244,21
16257,362,17
16258,0,3
16259,279,24
16260,0,3
16261,0,3
16262,239,24
16263,328,33
16264,162,27
16265,296,31
16266,253,35
16267,0,3
16268,386,45
16269,29,8
16270,0,3
16271,171,21
16272,290,28
16273,0,3
16274,310,38
16275,180,21
16276,368,38
16277,128,14
16278,261,15
16279,0,3
16280,0,3
16281,0,3
16282,287,32
16283,252,28
16284,221,26
16285,0,3
16286,0,3
16287,0,3
16288,288,40
16289,0,3
16290,301,30
16291,162,21
16292,0,3
16293,0,3
16294,274,26
16295,202,22
16296,251,33
16297,104,16
16298,182,24
16299,237,30
16300,145,16
16301,185,28
16302,233,28
16303,0,3
16304,0,3
16305,0,3
16306,148,20
16307,279,38
16308,235,21
16309,110,15
16310,335,36
16311,240,24
16312,0,3
16313,243,30
16314,0,3
16315,310,32
16316,0,3
16317,0,3
16318,316,31
16319,329,33
16320,258,29
16321,0,3
16322,176,28
16323,198,25
16324,0,3
16325,207,21
16326,0,3
16327,0,3
16328,0,3
16329,153,12
16330,239,22
16331,258,33
16332,0,3
16333,0,3
16334,1,3
16335,182,18
16336,337,31
16337,278,30
16338,287,37
16339,186,24
16340,0,3
16341,0,3
16342,355,27
16343,0,3
16344,125,15
16345,363,38
16346,0,3
16347,193,27
16348,308,32
16349,202,24
16350,265,28
16351,257,27
16352,0,3
16353,253,29
16354,216,24
16355,95,14
16356,0,3
16357,0,3
16358,0,3
16359,247,26
16360,228,25
16361,0,3
16362,0,3
16363,565,30
16364,0,3
16365,0,3
16366,156,20
16367,279,28
16368,0,3
16369,0,3
16370,378,34
16371,1,3
16372,0,3
16373,196,24
16374,280,26
16375,104,16
16376,525,14
16377,246,28
16378,0,3
16379,0,3
16380,0,3
16381,413,11
16382,0,3
16383,318,33
16384,211,19
16385,0,3
16386,0,3
16387,168,22
16388,0,3
16389,166,25
16390,657,36
16391,0,3
16392,192,22
16393,446,20
16394,179,18
16395,0,3
16396,0,3
16397,281,26
16398,447,44
16399,0,3
16400,230,24
16401,527,35
16402,0,3
16403,203,24
16404,449,36
16405,122,17
16406,0,3
16407,0,3
16408,245,30
16409,189,22
16410,227,25
16411,327,27
16412,244,33
16413,0,3
16414,0,3
16415,144,21
16416,0,3
16417,181,22
16418,0,3
16419,216,25
16420,0,3
16421,160,25
16422,0,3
16423,224,24
16424,228,24
16425,0,3
16426,107,16
16427,280,33
16428,0,3
16429,230,24
16430,0,3
16431,250,32
16432,196,19
16433,432,28
16434,0,3
16435,306,28
16436,228,31
16437,171,18
16438,136,20
16439,67,13
16440,152,20
16441,224,28
16442,733,31
16443,198,18
16444,1,3
16445,0,3
16446,0,3
16447,205,24
16448,226,28
16449,28,5
16450,257,23
16451,387,34
16452,267,26
16453,237,28
16454,243,20
16455,0,3
16456,162,21
16457,227,25
16458,291,21
16459,288,33
16460,234,27
16461,0,3
16462,0,3
16463,19,4
16464,377,29
16465,191,23
16466,252,32
16467,165,18
16468,314,34
16469,0,3
16470,283,33
16471,96,17
16472,209,24
16473,0,3
16474,635,27
16475,160,14
16476,185,14
16477,92,15
16478,0,3
16479,296,37
16480,351,18
16481,0,3
16482,0,3
16483,0,3
16484,0,3
16485,0,3
16486,0,3
16487,0,3
16488,2,3
16489,0,3
16490,0,3
16491,291,25
16492,245,31
16493,0,3
16494,0,3
16495,128,13
16496,272,24
16497,0,3
16498,238,30
16499,560,37
16500,169,19
16501,150,22
16502,189,28
16503,436,33
16504,199,24
16505,274,34
16506,194,25
16507,191,22
16508,230,24
16509,0,3
16510,90,12
16511,0,3
16512,0,3
16513,564,22
16514,285,21
16515,0,3
16516,144,21
16517,363,32
16518,0,3
16519,300,30
16520,551,39
16521,433,21
16522,233,26
16523,189,18
16524,215,23
16525,397,40
16526,0,3
16527,294,24
16528,336,35
16529,164,23
16530,102,15
16531,169,22
16532,164,18
16533,0,3
16534,195,21
16535,221,22
16536,202,19
16537,366,35
16538,262,24
16539,0,3
16540,229,33
16541,215,24
16542,1000,23
16543,329,35
16544,173,24
16545,0,3
16546,0,3
16547,0,3
16548,245,22
16549,295,36
16550,0,3
16551,387,26
16552,0,3
16553,184,26
16554,0,3
16555,0,3
16556,244,25
16557,0,3
16558,0,3
16559,285,33
16560,0,3
16561,273,32
16562,27,6
16563,0,3
16564,0,3
16565,127,19
16566,0,3
16567,0,3
16568,0,3
16569,97,18
16570,425,26
16571,0,3
16572,362,38
16573,106,18
16574,257,29
16575,0,3
16576,0,3
16577,0,3
16578,0,3
16579,793,34
16580,0,3
16581,0,3
16582,0,3
16583,0,3
16584,291,35
16585,345,33
16586,0,3
16587,0,3
16588,276,39
16589,116,14
16590,565,48
16591,400,43
16592,0,3
16593,0,3
16594,169,20
16595,268,31
16596,249,3
16597,234,24
16598,230,28
16599,210,33
16600,291,31
16601,195,23
16602,256,24
16603,298,22
16604,0,3
16605,273,23
16606,310,23
16607,315,32
16608,243,26
16609,116,13
16610,230,24
16611,371,24
16612,205,23
16613,0,3
16614,0,3
16615,153,22
16616,0,3
16617,108,19
16618,339,26
16619,278,17
16620,283,18
16621,95,13
16622,227,28
16623,311,28
16624,162,20
16625,230,33
16626,286,19
16627,96,16
16628,0,3
16629,91,14
16630,349,30
16631,232,22
16632,391,28
16633,301,34
16634,222,23
16635,244,29
16636,0,3
16637,100,18
16638,167,24
16639,173,18
16640,550,29
16641,403,33
16642,0,3
16643,344,30
16644,261,30
16645,314,33
16646,153,25
16647,0,3
16648,219,22
16649,0,3
16650,229,25
16651,0,3
16652,132,18
16653,0,3
16654,272,34
16655,415,32
16656,583,31
16657,447,24
16658,0,3
16659,267,31
16660,120,17
16661,510,29
16662,0,3
16663,147,21
16664,0,3
16665,233,23
16666,195,20
16667,0,3
16668,188,21
16669,137,19
16670,146,15
16671,0,3
16672,0,3
16673,190,24
16674,248,34
16675,0,3
16676,541,15
16677,0,3
16678,0,3
16679,0,3
16680,86,15
16681,0,3
16682,295,30
16683,30,6
16684,261,28
16685,0,3
16686,274,31
16687,14,4
16688,252,27
16689,429,38
16690,0,3
16691,297,18
16692,0,3
16693,223,29
16694,470,35
16695,248,18
16696,247,27
16697,440,23
16698,298,32
16699,50,6
16700,20,5
16701,214,19
16702,244,23
16703,251,33
16704,177,21
16705,131,17
16706,0,3
16707,421,26
16708,0,3
16709,313,31
16710,320,25
16711,314,31
16712,0,3
16713,0,3
16714,324,35
16715,0,3
16716,339,15
16717,279,28
16718,124,10
16719,0,3
16720,0,3
16721,166,17
16722,99,16
16723,0,3
16724,0,3
16725,335,29
16726,0,3
16727,0,3
16728,201,25
16729,287,27
16730,0,3
16731,0,3
16732,227,27
16733,0,3
16734,0,3
16735,256,22
16736,316,34
16737,0,3
16738,244,29
16739,210,23
16740,495,25
16741,218,22
16742,281,31
16743,549,23
16744,199,30
16745,380,30
16746,0,3
16747,318,19
16748,0,3
16749,0,3
16750,1,3
16751,58,10
16752,0,3
16753,326,32
16754,0,3
16755,207,24
16756,269,29
16757,160,23
16758,588,26
16759,0,3
16760,0,3
16761,0,3
16762,277,29
16763,113,19
16764,316,31
16765,452,31
16766,224,26
16767,157,18
16768,0,3
16769,103,16
16770,0,3
16771,0,3
16772,460,23
16773,271,24
16774,183,25
16775,76,10
16776,242,20
16777,0,3
16778,0,3
16779,0,3
16780,97,13
16781,0,3
16782,0,3
16783,201,27
16784,63,10
16785,190,21
16786,356,40
16787,233,26
16788,0,3
16789,252,27
16790,328,27
16791,229,24
16792,318,35
16793,370,36
16794,0,3
16795,534,26
16796,139,16
16797,147,17
16798,108,11
16799,305,32
16800,0,3
16801,0,3
16802,265,24
16803,218,25
16804,157,25
16805,195,26
16806,0,3
16807,0,3
16808,334,28
16809,306,30
16810,333,31
16811,331,26
16812,79,9
16813,281,30
16814,357,36
16815,282,30
16816,0,3
16817,153,18
16818,353,37
16819,338,40
16820,178,23
16821,183,23
16822,0,3
16823,324,30
16824,0,3
16825,113,13
16826,405,45
16827,303,28
16828,0,3
16829,0,3
16830,0,3
16831,294,36
16832,176,18
16833,4,3
16834,159,22
16835,379,41
16836,0,3
16837,279,33
16838,267,29
16839,264,32
16840,232,21
16841,230,25
16842,249,25
16843,0,3
16844,299,25
16845,321,31
16846,0,3
16847,126,18
16848,0,3
16849,345,34
16850,353,34
16851,327,29
16852,382,34
16853,360,42
16854,298,29
16855,268,31
16856,187,12
16857,319,34
16858,222,31
16859,258,29
16860,0,3
16861,0,3
16862,331,32
16863,0,3
16864,0,3
16865,108,15
16866,410,36
16867,241,27
16868,110,12
16869,301,35
16870,233,26
16871,221,27
16872,430,26
16873,179,19
16874,156,21
16875,0,3
16876,0,3
16877,0,3
16878,265,28
16879,0,3
16880,0,3
16881,0,3
16882,360,41
16883,0,3
16884,281,22
16885,524,28
16886,240,18
16887,301,30
16888,211,15
16889,0,3
16890,0,3
16891,498,30
16892,222,26
16893,0,3
16894,0,3
16895,249,28
16896,0,3
16897,1,3
16898,0,3
16899,0,3
16900,0,3
16901,350,33
16902,276,32
16903,472,37
16904,742,35
16905,179,22
16906,283,29
16907,0,3
16908,255,30
16909,318,28
16910,185,24
16911,0,3
16912,413,29
16913,432,27
16914,352,34
16915,52,8
16916,166,19
16917,284,31
16918,0,3
16919,0,3
16920,0,3
16921,316,32
16922,237,28
16923,297,32
16924,310,20
16925,153,24
16926,423,43
16927,235,18
16928,106,14
16929,202,23
16930,365,33
16931,209,31
16932,0,3
16933,210,25
16934,269,29
16935,195,24
16936,163,20
16937,0,3
16938,0,3
16939,0,3
16940,401,26
16941,209,24
16942,206,25
16943,0,3
16944,184,27
16945,220,27
16946,133,20
16947,77,9
16948,546,31
16949,206,23
16950,431,30
16951,252,30
16952,0,3
16953,188,23
16954,475,37
16955,256,29
16956,0,3
16957,281,31
16958,181,22
16959,426,43
16960,214,25
16961,377,35
16962,0,3
16963,0,3
16964,0,3
16965,199,24
16966,348,33
16967,524,20
16968,422,39
16969,313,36
16970,309,44
16971,251,28
16972,320,32
16973,288,29
16974,95,11
16975,0,3
16976,353,28
16977,288,34
16978,235,24
16979,225,27
16980,142,22
16981,0,3
16982,234,19
16983,332,36
16984,163,19
16985,216,24
16986,108,17
16987,650,20
16988,443,35
16989,0,3
16990,134,17
16991,382,35
16992,393,37
16993,0,3
16994,117,14
16995,246,28
16996,198,19
16997,993,27
16998,232,29
16999,0,3
17000,0,3
17001,283,25
17002,309,14
17003,275,24
17004,169,19
17005,0,3
17006,304,30
17007,254,21
17008,262,24
17009,240,30
17010,0,3
17011,198,24
17012,247,26
17013,223,23
17014,381,30
17015,0,3
17016,158,22
17017,218,29
17018,262,29
17019,183,26
17020,252,29
17021,0,3
17022,334,29
17023,191,21
17024,0,3
17025,275,28
17026,0,3
17027,143,16
17028,110,14
17029,389,46
17030,261,33
17031,0,3
17032,977,20
17033,0,3
17034,0,3
17035,0,3
17036,397,33
17037,0,3
17038,238,20
17039,0,3
17040,235,21
17041,0,3
17042,108,17
17043,1,3
17044,0,3
17045,0,3
17046,198,19
17047,0,3
17048,0,3
17049,267,28
17050,0,3
17051,0,3
17052,0,3
17053,0,3
17054,234,24
17055,0,3
17056,277,35
17057,0,3
17058,312,31
17059,0,3
17060,197,26
17061,296,23
17062,352,39
17063,799,29
17064,195,26
17065,301,28
17066,379,38
17067,0,3
17068,0,3
17069,0,3
17070,274,33
17071,354,33
17072,228,21
17073,0,3
17074,0,3
17075,367,31
17076,76,15
17077,291,32
17078,196,25
17079,681,36
17080,149,14
17081,0,3
17082,244,26
17083,184,24
17084,866,30
17085,0,3
17086,212,22
17087,943,23
17088,0,3
17089,0,3
17090,0,3
17091,196,26
17092,248,31
17093,148,15
17094,241,27
17095,285,22
17096,225,27
17097,43,8
17098,183,19
17099,275,27
17100,0,3
17101,193,23
17102,0,3
17103,0,3
17104,130,22
17105,152,21
17106,244,25
17107,212,26
17108,199,24
17109,193,26
17110,103,11
17111,133,19
17112,300,37
17113,389,38
17114,265,29
17115,220,26
17116,267,31
17117,97,14
17118,184,24
17119,169,22
17120,0,3
17121,434,32
17122,165,21
17123,222,28
17124,1,3
17125,0,3
17126,110,14
17127,0,3
17128,159,24
17129,273,32
17130,0,3
17131,0,3
17132,278,25
17133,0,3
17134,380,43
17135,0,3
17136,226,21
17137,0,3
17138,348,36
17139,0,3
17140,0,3
17141,0,3
17142,0,3
17143,2,3
17144,165,20
17145,334,22
17146,276,32
17147,0,3
17148,154,19
17149,0,3
17150,0,3
17151,156,19
17152,237,27
17153,188,24
17154,0,3
17155,120,17
17156,209,22
17157,376,36
17158,0,3
17159,145,18
17160,129,13
17161,155,20
17162,0,3
17163,0,3
17164,0,3
17165,201,19
17166,84,14
17167,239,28
17168,129,17
17169,209,27
17170,277,26
17171,0,3
17172,196,26
17173,133,17
17174,244,29
17175,201,21
17176,180,20
17177,129,21
17178,0,3
17179,317,31
17180,0,3
17181,0,3
17182,199,29
17183,350,35
17184,243,27
17185,138,18
17186,122,19
17187,0,3
17188,151,17
17189,0,3
17190,0,3
17191,0,3
17192,0,3
17193,0,3
17194,254,26
17195,0,3
17196,313,37
17197,135,16
17198,0,3
17199,232,23
17200,124,15
17201,259,28
17202,0,3
17203,0,3
17204,347,33
17205,154,22
17206,304,29
17207,177,29
17208,188,20
17209,210,24
17210,0,3
17211,269,23
17212,0,3
17213,722,39
17214,0,3
17215,189,27
17216,0,3
17217,202,26
17218,0,3
17219,0,3
17220,151,19
17221,0,3
17222,0,3
17223,307,27
17224,156,19
17225,302,30
17226,0,3
17227,182,21
17228,250,28
17229,0,3
17230,361,23
17231,301,27
17232,147,15
17233,180,17
17234,95,13
17235,233,25
17236,188,25
17237,181,18
17238,0,3
17239,339,31
17240,233,29
17241,343,29
17242,0,3
17243,0,3
17244,221,28
17245,584,26
17246,316,20
17247,173,21
17248,153,16
17249,120,15
17250,0,3
17251,310,16
17252,0,3
17253,0,3
17254,0,3
17255,318,28
17256,0,3
17257,51,10
17258,160,17
17259,163,20
17260,408,23
17261,0,3
17262,187,25
17263,374,29
17264,0,3
17265,334,28
17266,625,29
17267,235,20
17268,106,18
17269,329,34
17270,160,20
17271,0,3
17272,0,3
17273,277,33
17274,233,27
17275,214,26
17276,242,19
17277,421,31
17278,221,27
17279,0,3
17280,138,21
17281,227,25
17282,660,15
17283,0,3
17284,167,18
17285,194,29
17286,193,26
17287,324,26
17288,469,22
17289,153,17
17290,0,3
17291,354,30
17292,0,3
17293,163,21
17294,183,19
17295,0,3
17296,1,3
17297,268,27
17298,347,36
17299,215,29
17300,0,3
17301,266,33
17302,183,20
17303,298,26
17304,198,28
17305,0,3
17306,243,28
17307,175,22
17308,176,24
17309,264,30
17310,0,3
17311,0,3
17312,167,15
17313,109,13
17314,252,12
17315,0,3
17316,144,19
17317,373,25
17318,194,26
17319,0,3
17320,314,22
17321,0,3
17322,293,36
17323,0,3
17324,0,3
17325,222,21
17326,204,26
17327,206,27
17328,0,3
17329,475,20
17330,0,3
17331,142,18
17332,0,3
17333,215,22
17334,143,20
17335,0,3
17336,97,8
17337,238,29
17338,389,34
17339,89,17
17340,300,29
17341,149,15
17342,492,29
17343,0,3
17344,148,17
17345,375,30
17346,94,16
17347,0,3
17348,68,12
17349,245,27
17350,0,3
17351,0,3
17352,0,3
17353,0,3
17354,328,34
17355,0,3
17356,185,22
17357,211,25
17358,238,34
17359,319,31
17360,148,19
17361,151,18
17362,323,24
17363,272,26
17364,244,21
17365,216,26
17366,648,34
17367,0,3
17368,511,31
17369,430,32
17370,124,17
17371,316,25
17372,208,25
17373,0,3
17374,189,25
17375,0,3
17376,207,18
17377,123,18
17378,285,37
17379,487,20
17380,0,3
17381,196,18
17382,0,3
17383,298,18
17384,127,20
17385,0,3
17386,0,3
17387,419,28
17388,97,14
17389,273,26
17390,390,27
17391,35,9
17392,202,28
17393,0,3
17394,294,20
17395,412,22
17396,397,29
17397,388,37
17398,339,20
17399,613,17
17400,0,3
17401,265,28
17402,0,3
17403,0,3
17404,0,3
17405,0,3
17406,326,31
17407,259,32
17408,256,27
17409,309,28
17410,239,22
17411,170,17
17412,234,24
17413,201,23
17414,0,3
17415,186,28
17416,356,34
17417,79,8
17418,395,40
17419,258,28
17420,304,36
17421,0,3
17422,0,3
17423,0,3
17424,0,3
17425,353,36
17426,0,3
17427,0,3
17428,0,3
17429,674,33
17430,0,3
17431,0,3
17432,0,3
17433,0,3
17434,0,3
17435,61,9
17436,1,4
17437,174,17
17438,0,3
17439,236,25
17440,175,28
17441,0,3
17442,0,3
17443,207,22
17444,259,27
17445,277,35
17446,412,30
17447,0,3
17448,183,26
17449,202,26
17450,97,18
17451,166,20
17452,138,23
17453,0,3
17454,434,33
17455,0,3
17456,234,24
17457,220,24
17458,262,31
17459,381,44
17460,0,3
17461,212,23
17462,224,24
17463,79,11
17464,134,13
17465,305,34
17466,0,3
17467,0,3
17468,0,3
17469,0,3
17470,0,3
17471,0,3
17472,0,3
17473,0,3
17474,0,3
17475,0,3
17476,107,17
17477,147,17
17478,219,25
17479,0,3
17480,0,3
17481,0,3
17482,130,19
17483,131,14
17484,0,3
17485,650,29
17486,332,26
17487,0,3
17488,257,35
17489,0,3
17490,95,12
17491,0,3
17492,306,30
17493,0,3
17494,254,31
17495,0,3
17496,0,3
17497,0,3
17498,0,3
17499,323,40
17500,0,3
17501,282,32
17502,203,22
17503,225,21
17504,0,3
17505,0,3
17506,72,14
17507,0,3
17508,0,3
17509,200,25
17510,0,3
17511,295,32
17512,0,3
17513,0,3
17514,0,3
17515,0,3
17516,273,26
17517,0,3
17518,324,32
17519,241,29
17520,280,29
17521,325,28
17522,348,40
17523,330,36
17524,231,27
17525,0,3
17526,317,20
17527,0,3
17528,740,23
17529,0,3
17530,0,3
17531,0,3
17532,203,25
17533,0,3
17534,317,27
17535,0,3
17536,0,3
17537,288,29
17538,0,3
17539,0,3
17540,0,3
17541,122,16
17542,477,25
17543,0,3
17544,349,36
17545,472,24
17546,261,28
17547,377,22
17548,189,20
17549,0,3
17550,294,30
17551,0,3
17552,0,3
17553,209,23
17554,268,14
17555,0,3
17556,198,26
17557,0,3
17558,210,27
17559,335,34
17560,0,3
17561,63,9
17562,144,20
17563,0,3
17564,0,3
17565,107,14
17566,304,38
17567,209,25
17568,80,12
17569,0,3
17570,276,32
17571,433,36
17572,149,17
17573,317,27
17574,221,25
17575,356,38
17576,0,3
17577,146,19
17578,301,33
17579,245,27
17580,0,3
17581,0,3
17582,0,3
17583,182,21
17584,0,3
17585,166,22
17586,0,3
17587,324,15
17588,0,3
17589,0,3
17590,231,28
17591,0,3
17592,133,19
17593,0,3
17594,0,3
17595,267,26
17596,0,3
17597,0,3
17598,424,26
17599,128,12
17600,606,23
17601,1,3
17602,203,20
17603,295,27
17604,0,3
17605,261,24
17606,104,12
17607,210,25
17608,278,28
17609,208,25
17610,0,3
17611,272,26
17612,175,15
17613,0,3
17614,0,3
17615,0,3
17616,61,10
17617,0,3
17618,0,3
17619,0,3
17620,0,3
17621,393,25
17622,275,31
17623,0,3
17624,180,26
17625,0,3
17626,242,25
17627,336,37
17628,0,3
17629,186,23
17630,0,3
17631,181,26
17632,225,26
17633,217,20
17634,0,3
17635,0,3
17636,0,3
17637,0,3
17638,393,29
17639,157,19
17640,270,28
17641,0,3
17642,253,27
17643,0,3
17644,148,20
17645,165,20
17646,0,3
17647,181,25
17648,0,3
17649,99,17
17650,285,31
17651,195,22
17652,0,3
17653,231,28
17654,413,29
17655,220,27
17656,0,3
17657,0,3
17658,161,23
17659,0,3
17660,150,16
17661,217,26
17662,0,3
17663,178,15
17664,0,3
17665,333,27
17666,0,3
17667,0,3
17668,356,38
17669,0,3
17670,164,20
17671,301,35
17672,245,32
17673,92,15
17674,195,27
17675,230,24
17676,228,27
17677,0,3
17678,0,3
17679,0,3
17680,0,3
17681,72,11
17682,305,35
17683,252,29
17684,406,27
17685,170,21
17686,197,24
17687,0,3
17688,119,17
17689,182,25
17690,0,3
17691,144,20
17692,191,23
17693,0,3
17694,0,3
17695,586,28
17696,0,3
17697,0,3
17698,284,29
17699,0,3
17700,409,37
17701,1,3
17702,229,24
17703,0,3
17704,0,3
17705,0,3
17706,254,19
17707,294,36
17708,403,27
17709,264,27
17710,0,3
17711,0,3
17712,373,33
17713,152,16
17714,180,27
17715,0,3
17716,0,3
17717,115,19
17718,0,3
17719,0,3
17720,0,3
17721,184,18
17722,251,20
17723,225,26
17724,406,41
17725,157,22
17726,112,14
17727,383,35
17728,308,25
17729,186,20
17730,271,33
17731,204,29
17732,0,3
17733,232,26
17734,166,19
17735,0,3
17736,393,28
17737,133,19
17738,304,34
17739,0,3
17740,240,21
17741,273,22
17742,535,28
17743,189,24
17744,210,26
17745,276,45
17746,0,3
17747,0,3
17748,0,3
17749,0,3
17750,671,27
17751,267,32
17752,153,17
17753,41,10
17754,767,30
17755,307,27
17756,0,3
17757,296,25
17758,0,3
17759,261,19
17760,0,3
17761,0,3
17762,171,21
17763,0,3
17764,0,3
17765,205,26
17766,1000,7
17767,101,16
17768,0,3
17769,190,13
17770,381,29
17771,0,3
17772,328,25
17773,0,3
17774,0,3
17775,317,35
17776,0,3
17777,139,20
17778,283,13
17779,228,24
17780,381,21
17781,322,28
17782,0,3
17783,323,18
17784,0,3
17785,206,21
17786,363,30
17787,0,3
17788,144,21
17789,376,37
17790,608,25
17791,0,3
17792,132,15
17793,0,3
17794,0,3
17795,358,32
17796,0,3
17797,196,20
17798,0,3
17799,306,27
17800,0,3
17801,0,3
17802,0,3
17803,0,3
17804,0,3
17805,0,3
17806,0,3
17807,206,30
17808,110,17
17809,0,3
17810,183,21
17811,0,3
17812,243,20
17813,0,3
17814,274,28
17815,171,19
17816,0,3
17817,43,10
17818,119,13
17819,0,3
17820,177,18
17821,0,3
17822,0,3
17823,0,3
17824,0,3
17825,0,3
17826,324,28
17827,311,26
17828,131,18
17829,277,32
17830,293,32
17831,258,22
17832,270,22
17833,346,35
17834,271,20
17835,433,26
17836,0,3
17837,474,35
17838,171,24
17839,0,3
17840,333,19
17841,329,21
17842,550,31
17843,303,31
17844,0,3
17845,137,12
17846,0,3
17847,0,3
17848,219,18
17849,0,3
17850,100,14
17851,0,3
17852,146,16
17853,262,24
17854,0,3
17855,204,18
17856,297,27
17857,272,31
17858,0,3
17859,46,10
17860,152,23
17861,159,20
17862,130,20
17863,1,3
17864,183,15
17865,233,25
17866,232,16
17867,354,30
17868,239,21
17869,164,22
17870,0,3
17871,183,19
17872,229,23
17873,379,32
17874,158,21
17875,0,3
17876,0,3
17877,0,3
17878,454,20
17879,310,26
17880,240,33
17881,0,3
17882,0,3
17883,0,3
17884,0,3
17885,341,20
17886,0,3
17887,0,3
17888,209,20
17889,213,24
17890,235,20
17891,301,32
17892,221,17
17893,0,3
17894,0,3
17895,0,3
17896,244,21
17897,319,27
17898,269,20
17899,203,16
17900,0,3
17901,306,27
17902,0,3
17903,290,24
17904,225,23
17905,0,3
17906,142,20
17907,335,21
17908,0,3
17909,124,14
17910,112,16
17911,167,19
17912,199,25
17913,98,12
17914,139,17
17915,0,3
17916,0,3
17917,154,20
17918,289,22
17919,0,3
17920,0,3
17921,0,3
17922,1,4
17923,155,17
17924,335,31
17925,263,22
17926,584,34
17927,0,3
17928,0,3
17929,0,3
17930,0,3
17931,0,3
17932,312,35
17933,283,26
17934,461,27
17935,159,12
17936,0,3
17937,0,3
17938,0,3
17939,202,25
17940,0,3
17941,0,3
17942,0,3
17943,0,3
17944,155,20
17945,367,31
17946,0,3
17947,220,25
17948,223,19
17949,161,17
17950,169,17
17951,0,3
17952,0,3
17953,0,3
17954,178,24
17955,128,16
17956,416,17
17957,191,22
17958,228,25
17959,136,13
17960,0,3
17961,0,3
17962,0,3
17963,476,23
17964,296,28
17965,0,3
17966,0,3
17967,201,24
17968,160,18
17969,241,25
17970,135,20
17971,115,16
17972,0,3
17973,201,24
17974,0,3
17975,0,3
17976,232,24
17977,224,24
17978,193,26
17979,302,25
17980,300,26
17981,257,28
17982,515,29
17983,0,3
17984,0,3
17985,0,3
17986,0,3
17987,0,3
17988,0,3
17989,110,14
17990,530,29
17991,314,28
17992,431,26
17993,347,29
17994,0,3
17995,421,36
17996,398,29
17997,0,3
17998,150,18
17999,492,23
18000,367,24
18001,244,14
18002,0,3
18003,158,21
18004,239,28
18005,429,41
18006,190,16
18007,206,26
18008,0,3
18009,189,14
18010,0,3
18011,170,15
18012,4,3
18013,0,3
18014,0,3
18015,264,19
18016,0,3
18017,8,3
18018,0,3
18019,127,17
18020,186,19
18021,284,30
18022,0,3
18023,176,23
18024,0,3
18025,213,12
18026,297,28
18027,0,3
18028,138,19
18029,0,3
18030,0,3
18031,201,19
18032,168,19
18033,0,3
18034,291,30
18035,155,15
18036,150,20
18037,276,33
18038,419,37
18039,232,25
18040,232,24
18041,0,3
18042,0,3
18043,0,3
18044,445,24
18045,552,21
18046,197,18
18047,192,20
18048,0,3
18049,0,3
18050,191,21
18051,0,3
18052,290,26
18053,271,31
18054,192,22
18055,125,18
18056,229,30
18057,379,6
18058,0,3
18059,0,3
18060,0,3
18061,400,31
18062,321,31
18063,0,3
18064,274,27
18065,265,30
18066,0,3
18067,0,3
18068,0,3
18069,227,23
18070,381,29
18071,279,29
18072,0,3
18073,0,3
18074,205,23
18075,289,26
18076,0,3
18077,132,13
18078,0,3
18079,313,29
18080,222,24
18081,0,3
18082,203,25
18083,571,35
18084,0,3
18085,17,7
18086,198,22
18087,0,3
18088,0,3
18089,75,15
18090,136,21
18091,207,29
18092,227,25
18093,0,3
18094,280,33
18095,148,18
18096,155,18
18097,234,25
18098,0,3
18099,217,29
18100,306,28
18101,0,3
18102,311,32
18103,0,3
18104,217,20
18105,199,26
18106,0,3
18107,0,3
18108,95,12
18109,274,29
18110,159,14
18111,128,20
18112,0,3
18113,298,36
18114,0,3
18115,111,17
18116,171,22
18117,155,23
18118,0,3
18119,244,20
18120,0,3
18121,256,28
18122,0,3
18123,0,3
18124,321,29
18125,182,28
18126,122,17
18127,360,32
18128,125,7
18129,181,23
18130,143,17
18131,0,3
18132,81,10
18133,0,3
18134,0,3
18135,1,3
18136,0,3
18137,0,3
18138,361,31
18139,0,3
18140,47,9
18141,0,3
18142,0,3
18143,0,3
18144,0,3
18145,165,21
18146,466,39
18147,297,27
18148,0,3
18149,176,19
18150,203,19
18151,238,25
18152,386,35
18153,183,20
18154,99,17
18155,236,27
18156,184,29
18157,382,36
18158,0,3
18159,208,22
18160,403,36
18161,238,22
18162,216,30
18163,209,33
18164,234,24
18165,0,3
18166,0,3
18167,158,15
18168,182,19
18169,205,26
18170,0,3
18171,0,3
18172,0,3
18173,231,24
18174,189,24
18175,380,31
18176,218,26
18177,79,13
18178,144,20
18179,261,22
18180,0,3
18181,245,31
18182,224,23
18183,251,20
18184,237,28
18185,269,26
18186,187,22
18187,0,3
18188,0,3
18189,205,23
18190,298,35
18191,317,30
18192,0,3
18193,357,33
18194,139,20
18195,193,27
18196,310,23
18197,0,3
18198,194,21
18199,142,20
18200,201,27
18201,283,30
18202,237,24
18203,0,3
18204,76,14
18205,0,3
18206,419,32
18207,0,3
18208,247,24
18209,328,37
18210,389,22
18211,265,29
18212,104,16
18213,0,3
18214,267,22
18215,0,3
18216,230,30
18217,224,25
18218,264,21
18219,0,3
18220,0,3
18221,0,3
18222,267,27
18223,230,24
18224,0,3
18225,353,20
18226,0,3
18227,280,24
18228,0,3
18229,0,3
18230,202,8
18231,0,3
18232,331,35
18233,1,3
18234,0,3
18235,290,24
18236,260,22
18237,232,18
18238,0,3
18239,0,3
18240,0,3
18241,429,33
18242,222,25
18243,0,3
18244,209,23
18245,192,22
18246,0,3
18247,0,3
18248,321,34
18249,286,24
18250,227,29
18251,0,3
18252,312,36
18253,283,36
18254,249,27
18255,296,29
18256,0,3
18257,130,17
18258,142,17
18259,0,3
18260,0,3
18261,0,3
18262,452,33
18263,575,22
18264,0,3
18265,209,24
18266,316,28
18267,389,23
18268,292,34
18269,139,17
18270,221,27
18271,292,33
18272,276,29
18273,0,3
18274,238,23
18275,0,3
18276,250,30
18277,218,21
18278,252,18
18279,232,25
18280,0,3
18281,0,3
18282,183,21
18283,99,13
18284,256,21
18285,631,35
18286,189,23
18287,0,3
18288,0,3
18289,0,3
18290,193,24
18291,0,3
18292,0,3
18293,289,27
18294,281,29
18295,0,3
18296,102,16
18297,0,3
18298,110,17
18299,318,34
18300,285,33
18301,311,31
18302,537,38
18303,0,3
18304,176,21
18305,0,3
18306,0,3
18307,216,21
18308,242,20
18309,303,34
18310,475,25
18311,456,31
18312,0,3
18313,0,3
18314,443,25
18315,208,19
18316,173,19
18317,0,3
18318,0,3
18319,242,28
18320,170,24
18321,329,27
18322,315,38
18323,374,27
18324,0,3
18325,0,3
18326,0,3
18327,212,24
18328,0,3
18329,0,3
18330,125,14
18331,0,3
18332,283,20
18333,267,28
18334,0,3
18335,0,3
18336,337,25
18337,0,3
18338,286,25
18339,0,3
18340,0,3
18341,0,3
18342,0,3
18343,290,27
18344,0,3
18345,238,25
18346,306,23
18347,309,22
18348,0,3
18349,422,29
18350,186,24
18351,0,3
18352,311,29
18353,216,27
18354,0,3
18355,0,3
18356,255,27
18357,194,21
18358,411,40
18359,222,25
18360,0,3
18361,0,3
18362,0,3
18363,202,22
18364,144,17
18365,497,21
18366,0,3
18367,0,3
18368,0,3
18369,353,34
18370,0,3
18371,302,32
18372,223,26
18373,0,3
18374,293,32
18375,0,3
18376,0,3
18377,304,33
18378,212,23
18379,416,29
18380,416,32
18381,599,27
18382,0,3
18383,266,31
18384,349,37
18385,0,3
18386,221,27
18387,0,3
18388,280,29
18389,172,24
18390,0,3
18391,0,3
18392,0,3
18393,301,29
18394,0,3
18395,436,25
18396,0,3
18397,0,3
18398,226,29
18399,0,3
18400,186,22
18401,0,3
18402,286,32
18403,0,3
18404,0,3
18405,111,11
18406,0,3
18407,329,31
18408,299,27
18409,226,22
18410,5,1
18411,0,3
18412,0,3
18413,268,29
18414,175,10
18415,99,19
18416,93,11
18417,253,23
18418,204,28
18419,0,3
18420,207,26
18421,218,26
18422,148,17
18423,0,3
18424,0,3
18425,266,30
18426,238,21
18427,351,14
18428,277,24
18429,168,24
18430,0,3
18431,215,21
18432,241,24
18433,1000,8
18434,0,3
18435,138,22
18436,22,3
18437,280,14
18438,202,24
18439,168,20
18440,0,3
18441,119,18
18442,0,3
18443,298,31
18444,217,29
18445,0,3
18446,106,14
18447,0,3
18448,0,3
18449,0,3
18450,167,20
18451,268,25
18452,273,31
18453,234,25
18454,0,3
18455,468,32
18456,233,21
18457,0,3
18458,0,3
18459,236,27
18460,0,3
18461,0,3
18462,17,4
18463,0,3
18464,0,3
18465,192,26
18466,204,23
18467,658,26
18468,391,33
18469,223,26
18470,260,26
18471,217,24
18472,336,23
18473,152,20
18474,0,3
18475,272,29
18476,0,3
18477,173,24
18478,320,29
18479,175,20
18480,0,3
18481,212,25
18482,298,29
18483,0,3
18484,0,3
18485,329,28
18486,187,22
18487,186,20
18488,0,3
18489,237,22
18490,367,23
18491,153,15
18492,210,25
18493,216,24
18494,0,3
18495,844,40
18496,213,27
18497,340,33
18498,299,25
18499,167,21
18500,0,3
18501,278,24
18502,60,8
18503,1,3
18504,0,3
18505,152,19
18506,0,3
18507,0,3
18508,0,3
18509,315,31
18510,336,28
18511,78,13
18512,149,22
18513,0,3
18514,170,21
18515,336,23
18516,382,33
18517,226,22
18518,395,32
18519,280,27
18520,0,3
18521,278,31
18522,312,29
18523,0,3
18524,273,21
18525,0,3
18526,318,33
18527,0,3
18528,0,3
18529,297,28
18530,144,22
18531,280,31
18532,0,3
18533,199,28
18534,204,21
18535,251,25
18536,299,19
18537,275,32
18538,0,3
18539,0,3
18540,370,32
18541,404,37
18542,224,33
18543,260,29
18544,232,17
18545,61,8
18546,0,3
18547,277,28
18548,0,3
18549,136,15
18550,235,23
18551,0,3
18552,370,34
18553,0,3
18554,197,23
18555,220,23
18556,101,12
18557,0,3
18558,139,17
18559,344,26
18560,186,18
18561,0,3
18562,188,22
18563,134,17
18564,0,3
18565,0,3
18566,225,24
18567,0,3
18568,0,3
18569,220,21
18570,380,36
18571,248,24
18572,94,15
18573,0,3
18574,306,31
18575,0,3
18576,0,3
18577,0,3
18578,326,30
18579,157,24
18580,0,3
18581,212,23
18582,281,33
18583,0,3
18584,302,26
18585,370,20
18586,0,3
18587,0,3
18588,154,20
18589,124,12
18590,216,24
18591,0,3
18592,183,26
18593,57,8
18594,173,22
18595,262,33
18596,0,3
18597,46,11
18598,310,30
18599,506,27
18600,0,3
18601,79,13
18602,0,3
18603,0,3
18604,244,26
18605,332,36
18606,0,3
18607,381,35
18608,0,3
18609,0,3
18610,159,22
18611,358,37
18612,707,38
18613,216,23
18614,125,16
18615,394,21
18616,0,3
18617,0,3
18618,197,26
18619,0,3
18620,381,32
18621,106,16
18622,299,37
18623,147,21
18624,274,23
18625,310,33
18626,327,32
18627,157,22
18628,77,13
18629,317,28
18630,258,26
18631,0,3
18632,0,3
18633,252,30
18634,149,19
18635,425,22
18636,0,3
18637,233,26
18638,0,3
18639,0,3
18640,199,24
18641,403,28
18642,62,8
18643,216,22
18644,344,30
18645,175,24
18646,0,3
18647,0,3
18648,178,29
18649,323,31
18650,139,16
18651,215,19
18652,0,3
18653,96,16
18654,140,17
18655,0,3
18656,0,3
18657,0,3
18658,574,28
18659,244,24
18660,543,26
18661,268,26
18662,241,21
18663,109,14
18664,0,3
18665,475,36
18666,0,3
18667,0,3
18668,299,24
18669,245,17
18670,0,3
18671,358,23
18672,241,31
18673,648,30
18674,0,3
18675,0,3
18676,264,24
18677,0,3
18678,1,4
18679,176,22
18680,234,28
18681,283,30
18682,0,3
18683,171,18
18684,107,14
18685,165,26
18686,0,3
18687,0,3
18688,80,10
18689,0,3
18690,345,4
18691,184,21
18692,0,3
18693,0,3
18694,218,27
18695,176,23
18696,388,25
18697,190,13
18698,210,25
18699,0,3
18700,268,24
18701,47,9
18702,139,16
18703,250,23
18704,679,26
18705,0,3
18706,319,36
18707,0,3
18708,183,21
18709,0,3
18710,0,3
18711,0,3
18712,315,35
18713,260,21
18714,208,19
18715,0,3
18716,0,3
18717,0,3
18718,272,28
18719,0,3
18720,223,19
18721,220,13
18722,195,23
18723,0,3
18724,172,19
18725,0,3
18726,0,3
18727,231,22
18728,187,23
18729,353,27
18730,443,29
18731,0,3
18732,351,31
18733,286,27
18734,316,24
18735,0,3
18736,4,3
18737,201,24
18738,0,3
18739,0,3
18740,405,39
18741,0,3
18742,111,16
18743,0,3
18744,280,26
18745,0,3
18746,236,28
18747,241,22
18748,459,34
18749,0,3
18750,0,3
18751,307,26
18752,257,24
18753,0,3
18754,206,18
18755,474,28
18756,461,31
18757,307,22
18758,0,3
18759,142,16
18760,117,17
18761,145,17
18762,0,3
18763,784,29
18764,257,27
18765,282,23
18766,0,3
18767,234,26
18768,288,27
18769,156,16
18770,0,3
18771,316,22
18772,0,3
18773,0,3
18774,0,3
18775,195,21
18776,254,29
18777,0,3
18778,0,3
18779,0,3
18780,0,3
18781,186,15
18782,0,3
18783,98,15
18784,283,25
18785,223,28
18786,295,25
18787,120,9
18788,103,15
18789,0,3
18790,196,18
18791,214,22
18792,0,3
18793,236,22
18794,183,18
18795,112,16
18796,0,3
18797,229,19
18798,308,31
18799,284,29
18800,284,21
18801,319,22
18802,0,3
18803,254,27
18804,151,19
18805,267,28
18806,160,20
18807,100,11
18808,193,20
18809,80,10
18810,0,3
18811,272,29
18812,303,28
18813,0,3
18814,133,16
18815,0,3
18816,0,3
18817,0,3
18818,46,10
18819,290,26
18820,489,34
18821,291,30
18822,0,3
18823,224,28
18824,342,28
18825,229,20
18826,422,25
18827,331,31
18828,0,3
18829,192,21
18830,0,3
18831,204,26
18832,17,5
18833,0,3
18834,0,3
18835,266,24
18836,0,3
18837,0,3
18838,175,23
18839,0,3
18840,282,21
18841,184,23
18842,287,19
18843,857,26
18844,142,16
18845,168,25
18846,0,3
18847,0,3
18848,197,21
18849,0,3
18850,0,3
18851,0,3
18852,0,3
18853,0,3
18854,429,14
18855,65,13
18856,0,3
18857,0,3
18858,298,29
18859,273,31
18860,310,27
18861,185,16
18862,0,3
18863,309,36
18864,274,27
18865,303,28
18866,236,22
18867,327,25
18868,430,38
18869,264,29
18870,0,3
18871,271,26
18872,117,13
18873,798,23
18874,261,25
18875,164,21
18876,0,3
18877,0,3
18878,594,16
18879,272,26
18880,0,3
18881,0,3
18882,0,3
18883,92,12
18884,0,3
18885,288,30
18886,181,25
18887,182,22
18888,301,18
18889,263,27
18890,0,3
18891,186,13
18892,207,21
18893,0,3
18894,293,30
18895,371,33
18896,224,23
18897,163,16
18898,0,3
18899,1,3
18900,366,36
18901,159,24
18902,0,3
18903,0,3
18904,222,23
18905,0,3
18906,0,3
18907,197,20
18908,264,24
18909,0,3
18910,33,7
18911,537,38
18912,112,19
18913,188,19
18914,287,25
18915,0,3
18916,403,29
18917,0,3
18918,0,3
18919,0,3
18920,129,15
18921,0,3
18922,603,27
18923,294,25
18924,279,32
18925,186,21
18926,0,3
18927,207,25
18928,352,21
18929,0,3
18930,0,3
18931,131,16
18932,0,3
18933,0,3
18934,171,18
18935,229,22
18936,296,34
18937,287,31
18938,0,3
18939,405,36
18940,306,35
18941,278,24
18942,488,26
18943,255,32
18944,206,23
18945,0,3
18946,387,27
18947,221,24
18948,311,31
18949,255,30
18950,165,19
18951,0,3
18952,0,3
18953,0,3
18954,329,29
18955,0,3
18956,247,29
18957,235,16
18958,492,36
18959,0,3
18960,0,3
18961,0,3
18962,0,3
18963,0,3
18964,0,3
18965,269,21
18966,372,26
18967,0,3
18968,475,36
18969,0,3
18970,127,18
18971,160,22
18972,84,14
18973,125,13
18974,93,18
18975,0,3
18976,227,22
18977,0,3
18978,402,37
18979,422,32
18980,0,3
18981,151,16
18982,120,17
18983,0,3
18984,227,26
18985,460,32
18986,0,3
18987,275,26
18988,0,3
18989,203,22
18990,218,25
18991,406,35
18992,415,37
18993,115,14
18994,327,16
18995,333,28
18996,0,3
18997,379,24
18998,188,23
18999,479,29
19000,243,24
19001,178,18
19002,0,3
19003,0,3
19004,0,3
19005,0,3
19006,0,3
19007,271,23
19008,0,3
19009,204,21
19010,387,36
19011,0,3
19012,0,3
19013,387,33
19014,263,28
19015,190,19
19016,487,27
19017,0,3
19018,263,26
19019,0,3
19020,368,33
19021,0,3
19022,379,31
19023,286,26
19024,0,3
19025,158,19
19026,0,3
19027,0,3
19028,207,11
19029,0,3
19030,267,29
19031,60,10
19032,189,25
19033,211,22
19034,0,3
19035,0,3
19036,0,3
19037,0,3
19038,0,3
19039,278,19
19040,0,3
19041,261,24
19042,0,3
19043,240,26
19044,155,21
19045,0,3
19046,351,28
19047,196,24
19048,333,37
19049,203,26
19050,367,25
19051,289,23
19052,471,36
19053,0,3
19054,0,3
19055,296,24
19056,257,28
19057,0,3
19058,203,24
19059,628,34
19060,411,35
19061,334,31
19062,0,3
19063,239,21
19064,415,25
19065,382,27
19066,341,30
19067,281,18
19068,0,3
19069,0,3
19070,395,20
19071,281,31
19072,227,20
19073,581,39
19074,158,26
19075,102,14
19076,245,26
19077,0,3
19078,260,26
19079,0,3
19080,0,3
19081,0,3
19082,288,22
19083,162,15
19084,255,28
19085,0,3
19086,0,3
19087,436,28
19088,255,28
19089,254,23
19090,0,3
19091,0,3
19092,0,3
19093,224,21
19094,304,27
19095,287,26
19096,482,24
19097,383,29
19098,315,27
19099,0,3
19100,0,3
19101,0,3
19102,177,18
19103,0,3
19104,0,3
19105,0,3
19106,274,28
19107,0,3
19108,0,3
19109,278,30
19110,195,24
19111,339,35
19112,286,26
19113,0,3
19114,0,3
19115,98,14
19116,237,26
19117,326,16
19118,212,25
19119,270,21
19120,292,30
19121,0,3
19122,0,3
19123,143,18
19124,0,3
19125,375,19
19126,183,18
19127,217,20
19128,375,20
19129,149,20
19130,345,34
19131,246,23
19132,0,3
19133,0,3
19134,214,26
19135,346,31
19136,228,22
19137,183,25
19138,283,18
19139,270,29
19140,0,3
19141,0,3
19142,230,28
19143,137,17
19144,217,25
19145,302,25
19146,356,34
19147,237,19
19148,0,3
19149,354,22
19150,244,16
19151,1,3
19152,24,5
19153,0,3
19154,0,3
19155,0,3
19156,383,28
19157,288,33
19158,159,17
19159,203,24
19160,0,3
19161,0,3
19162,0,3
19163,358,26
19164,147,16
19165,281,18
19166,0,3
19167,469,33
19168,0,3
19169,0,3
19170,0,3
19171,0,3
19172,261,27
19173,389,29
19174,0,3
19175,0,3
19176,0,3
19177,0,3
19178,242,26
19179,184,18
19180,198,20
19181,316,33
19182,261,25
19183,0,3
19184,208,28
19185,128,18
19186,0,3
19187,481,25
19188,298,31
19189,0,3
19190,202,21
19191,146,17
19192,0,3
19193,412,32
19194,96,8
19195,470,22
19196,420,27
19197,0,3
19198,522,29
19199,0,3
19200,314,27
19201,387,42
19202,214,28
19203,74,8
19204,179,18
19205,0,3
19206,435,35
19207,0,3
19208,334,32
19209,0,3
19210,0,3
19211,359,31
19212,0,3
19213,250,27
19214,0,3
19215,0,3
19216,0,3
19217,0,3
19218,165,22
19219,374,28
19220,243,24
19221,551,35
19222,228,25
19223,0,3
19224,200,21
19225,404,28
19226,129,16
19227,220,26
19228,178,10
19229,412,34
19230,327,32
19231,321,33
19232,0,3
19233,0,3
19234,142,18
19235,327,32
19236,289,31
19237,230,23
19238,0,3
19239,325,26
19240,189,21
19241,319,33
19242,0,3
19243,0,3
19244,641,27
19245,123,16
19246,0,3
19247,237,21
19248,0,3
19249,383,39
19250,124,16
19251,89,13
19252,172,19
19253,556,33
19254,145,15
19255,253,29
19256,165,15
19257,0,3
19258,0,3
19259,0,3
19260,187,27
19261,0,3
19262,0,3
19263,184,24
19264,169,21
19265,163,17
19266,168,15
19267,0,3
19268,165,21
19269,0,3
19270,294,21
19271,0,3
19272,146,25
19273,284,27
19274,433,31
19275,0,3
19276,197,21
19277,0,3
19278,207,23
19279,134,12
19280,173,23
19281,402,28
19282,230,25
19283,208,27
19284,0,3
19285,163,17
19286,0,3
19287,70,10
19288,203,19
19289,0,3
19290,0,3
19291,233,27
19292,118,13
19293,361,36
19294,0,3
19295,255,25
19296,0,3
19297,105,14
19298,365,34
19299,190,26
19300,0,3
19301,441,24
19302,157,22
19303,124,7
19304,0,3
19305,0,3
19306,285,18
19307,331,30
19308,82,10
19309,145,17
19310,225,23
19311,213,26
19312,407,20
19313,414,32
19314,151,19
19315,0,3
19316,178,23
19317,293,25
19318,283,30
19319,0,3
19320,323,33
19321,235,29
19322,189,22
19323,0,3
19324,95,15
19325,232,23
19326,0,3
19327,268,28
19328,200,24
19329,0,3
19330,0,3
19331,0,3
19332,0,3
19333,342,24
19334,265,28
19335,0,3
19336,275,28
19337,287,29
19338,0,3
19339,531,18
19340,277,26
19341,252,24
19342,0,3
19343,289,27
19344,101,15
19345,139,16
19346,319,31
19347,0,3
19348,0,3
19349,156,18
19350,0,3
19351,313,33
19352,155,20
19353,234,24
19354,202,24
19355,0,3
19356,0,3
19357,1,3
19358,134,18
19359,181,23
19360,0,3
19361,73,11
19362,282,28
19363,0,3
19364,0,3
19365,0,3
19366,322,23
19367,0,3
19368,232,30
19369,174,20
19370,256,25
19371,0,3
19372,0,3
19373,184,24
19374,246,29
19375,0,3
19376,81,10
19377,0,3
19378,0,3
19379,176,17
19380,156,18
19381,0,3
19382,158,18
19383,210,27
19384,201,28
19385,237,26
19386,355,31
19387,149,14
19388,0,3
19389,0,3
19390,457,23
19391,109,15
19392,0,3
19393,236,25
19394,0,3
19395,274,28
19396,0,3
19397,233,26
19398,200,22
19399,169,23
19400,156,16
19401,0,3
19402,261,26
19403,336,26
19404,180,17
19405,153,17
19406,193,24
19407,405,40
19408,148,18
19409,390,36
19410,202,19
19411,286,31
19412,0,3
19413,345,35
19414,286,29
19415,0,3
19416,459,30
19417,343,30
19418,248,27
19419,264,21
19420,382,37
19421,131,23
19422,245,30
19423,0,3
19424,247,23
19425,0,3
19426,314,25
19427,136,21
19428,151,16
19429,0,3
19430,0,3
19431,0,3
19432,0,3
19433,325,24
19434,224,22
19435,0,3
19436,368,28
19437,238,26
19438,0,3
19439,240,24
19440,0,3
19441,209,26
19442,231,30
19443,224,24
19444,221,29
19445,274,27
19446,333,27
19447,0,3
19448,356,28
19449,0,3
19450,342,34
19451,350,37
19452,0,3
19453,236,24
19454,206,26
19455,0,3
19456,0,3
19457,141,17
19458,214,24
19459,315,31
19460,202,22
19461,147,17
19462,0,3
19463,0,3
19464,0,3
19465,0,3
19466,288,27
19467,105,12
19468,103,12
19469,238,25
19470,503,39
19471,0,3
19472,259,29
19473,230,28
19474,190,23
19475,204,21
19476,348,29
19477,193,24
19478,206,26
19479,0,3
19480,0,3
19481,257,23
19482,0,3
19483,289,22
19484,281,24
19485,0,3
19486,0,3
19487,210,23
19488,249,23
19489,212,20
19490,211,23
19491,250,24
19492,231,18
19493,153,20
19494,244,25
19495,0,3
19496,203,23
19497,147,22
19498,497,23
19499,250,22
19500,1,3
19501,0,3
19502,766,27
19503,181,20
19504,313,30
19505,0,3
19506,119,16
19507,303,28
19508,180,21
19509,362,31
19510,204,21
19511,279,27
19512,0,3
19513,88,12
19514,247,30
19515,263,26
19516,372,35
19517,346,23
19518,329,20
19519,0,3
19520,0,3
19521,211,22
19522,370,36
19523,0,3
19524,0,3
19525,188,20
19526,0,3
19527,0,3
19528,0,3
19529,0,3
19530,183,22
19531,0,3
19532,211,18
19533,308,32
19534,321,35
19535,0,3
19536,210,24
19537,211,21
19538,0,3
19539,285,30
19540,0,3
19541,263,25
19542,130,22
19543,0,3
19544,215,26
19545,0,3
19546,0,3
19547,209,24
19548,319,30
19549,0,3
19550,0,3
19551,216,24
19552,257,21
19553,0,3
19554,327,35
19555,364,36
19556,297,32
19557,246,28
19558,0,3
19559,379,29
19560,119,18
19561,0,3
19562,397,28
19563,0,3
19564,81,9
19565,0,3
19566,629,32
19567,249,24
19568,0,3
19569,0,3
19570,352,36
19571,239,26
19572,179,24
19573,598,32
19574,396,34
19575,0,3
19576,217,26
19577,636,29
19578,281,24
19579,0,3
19580,212,21
19581,203,21
19582,104,15
19583,295,28
19584,212,33
19585,0,3
19586,17,5
19587,118,15
19588,0,3
19589,0,3
19590,236,22
19591,154,23
19592,191,18
19593,214,23
19594,235,25
19595,373,39
19596,413,28
19597,192,27
19598,305,29
19599,248,28
19600,205,34
19601,140,21
19602,418,34
19603,0,3
19604,0,3
19605,0,3
19606,0,3
19607,0,3
19608,0,3
19609,402,27
19610,0,3
19611,166,22
19612,0,3
19613,0,3
19614,241,18
19615,0,3
19616,0,3
19617,120,19
19618,306,25
19619,0,3
19620,281,27
19621,297,25
19622,192,21
19623,0,3
19624,0,3
19625,246,23
19626,1,3
19627,0,3
19628,342,30
19629,226,23
19630,425,37
19631,0,3
19632,392,34
19633,211,21
19634,223,24
19635,186,22
19636,248,23
19637,0,3
19638,0,3
19639,242,22
19640,333,32
19641,184,22
19642,67,11
19643,252,34
19644,0,3
19645,433,38
19646,0,3
19647,209,21
19648,328,30
19649,292,32
19650,150,24
19651,291,26
19652,305,24
19653,0,3
19654,174,22
19655,412,36
19656,192,21
19657,101,13
19658,375,21
19659,192,26
19660,37,9
19661,0,3
19662,0,3
19663,110,14
19664,496,33
19665,251,28
19666,262,26
19667,356,28
19668,255,33
19669,210,24
19670,0,3
19671,339,30
19672,0,3
19673,0,3
19674,284,31
19675,384,30
19676,255,28
19677,223,25
19678,0,3
19679,410,35
19680,126,14
19681,0,3
19682,0,3
19683,0,3
19684,199,22
19685,0,3
19686,0,3
19687,310,23
19688,233,20
19689,269,23
19690,248,27
19691,214,21
19692,157,19
19693,264,26
19694,0,3
19695,292,27
19696,162,22
19697,287,26
19698,274,23
19699,337,28
19700,227,18
19701,0,3
19702,239,28
19703,0,3
19704,0,3
19705,165,16
19706,382,26
19707,0,3
19708,177,22
19709,42,10
19710,189,24
19711,268,22
19712,0,3
19713,0,3
19714,370,35
19715,202,25
19716,0,3
19717,287,28
19718,248,24
19719,257,23
19720,254,28
19721,378,31
19722,285,26
19723,230,24
19724,376,30
19725,0,3
19726,194,20
19727,0,3
19728,0,3
19729,367,40
19730,250,23
19731,173,20
19732,0,3
19733,344,34
19734,0,3
19735,296,25
19736,147,21
19737,176,20
19738,106,18
19739,168,21
19740,313,34
19741,0,3
19742,437,22
19743,281,22
19744,209,26
19745,185,20
19746,0,3
19747,397,26
19748,241,27
19749,0,3
19750,565,30
19751,276,30
19752,351,32
19753,395,29
19754,0,3
19755,0,3
19756,161,24
19757,1,3
19758,448,22
19759,353,36
19760,0,3
19761,338,32
19762,232,19
19763,294,30
19764,0,3
19765,0,3
19766,201,19
19767,0,3
19768,366,29
19769,142,20
19770,184,18
19771,494,31
19772,211,24
19773,301,29
19774,150,18
19775,289,30
19776,23,5
19777,0,3
19778,0,3
19779,261,27
19780,0,3
19781,0,3
19782,253,34
19783,0,3
19784,132,19
19785,220,28
19786,180,21
19787,115,12
19788,0,3
19789,442,28
19790,368,32
19791,0,3
19792,0,3
19793,239,23
19794,280,29
19795,0,3
19796,398,38
19797,0,3
19798,0,3
19799,314,41
19800,172,19
19801,0,3
19802,0,3
19803,0,3
19804,491,33
19805,250,25
19806,213,26
19807,0,3
19808,0,3
19809,216,26
19810,188,24
19811,216,23
19812,348,23
19813,504,32
19814,0,3
19815,276,22
19816,0,3
19817,155,18
19818,486,22
19819,337,21
19820,51,9
19821,0,3
19822,499,29
19823,231,23
19824,0,3
19825,234,22
19826,320,30
19827,174,22
19828,333,30
19829,197,21
19830,0,3
19831,0,3
19832,307,28
19833,138,18
19834,178,23
19835,208,26
19836,0,3
19837,440,27
19838,378,20
19839,212,24
19840,631,32
19841,1,3
19842,329,32
19843,517,31
19844,206,20
19845,526,27
19846,352,30
19847,0,3
19848,211,26
19849,436,29
19850,176,24
19851,0,3
19852,0,3
19853,0,3
19854,0,3
19855,0,3
19856,0,3
19857,346,29
19858,0,3
19859,0,3
19860,314,26
19861,264,27
19862,0,3
19863,0,3
19864,384,31
19865,241,29
19866,448,28
19867,112,14
19868,0,3
19869,177,22
19870,0,3
19871,267,28
19872,179,18
19873,0,3
19874,0,3
19875,0,3
19876,0,3
19877,501,32
19878,0,3
19879,0,3
19880,184,11
19881,268,30
19882,256,28
19883,165,16
19884,0,3
19885,268,23
19886,0,3
19887,0,3
19888,0,3
19889,0,3
19890,0,3
19891,339,35
19892,0,3
19893,29,6
19894,85,11
19895,0,3
19896,248,21
19897,0,3
19898,339,34
19899,211,22
19900,0,3
19901,261,15
19902,289,23
19903,247,21
19904,0,3
19905,329,26
19906,179,13
19907,346,29
19908,0,3
19909,0,3
19910,60,11
19911,237,26
19912,0,3
19913,422,32
19914,184,24
19915,201,21
19916,0,3
19917,481,30
19918,245,22
19919,0,3
19920,0,3
19921,0,3
19922,300,32
19923,328,27
19924,179,26
19925,178,22
19926,0,3
19927,0,3
19928,327,17
19929,189,23
19930,325,23
19931,326,31
19932,230,21
19933,211,20
19934,315,31
19935,311,26
19936,273,27
19937,0,3
19938,457,37
19939,172,18
19940,310,32
19941,0,3
19942,174,24
19943,285,31
19944,202,20
19945,149,20
19946,239,28
19947,161,16
19948,264,26
19949,0,3
19950,1,3
19951,257,22
19952,216,23
19953,335,28
19954,246,33
19955,0,3
19956,0,3
19957,212,23
19958,224,30
19959,266,19
19960,395,29
19961,0,3
19962,0,3
19963,0,3
19964,264,27
19965,0,3
19966,344,32
19967,0,3
19968,158,21
19969,434,22
19970,0,3
19971,143,23
19972,303,25
19973,0,3
19974,0,3
19975,50,7
19976,249,32
19977,496,24
19978,395,33
19979,282,25
19980,0,3
19981,314,26
19982,365,16
19983,253,9
19984,358,34
19985,0,3
19986,197,21
19987,255,20
19988,0,3
19989,306,25
19990,700,38
19991,0,3
19992,384,36
19993,361,35
19994,0,3
19995,198,26
19996,0,3
19997,624,32
19998,0,3
19999,303,26
20000,0,3
20001,448,30
20002,0,3
20003,0,3
20004,177,22
20005,0,3
20006,245,22
20007,348,31
20008,0,3
20009,0,3
20010,0,3
20011,235,28
20012,238,21
20013,202,21
20014,250,27
20015,0,3
20016,0,3
20017,0,3
20018,181,17
20019,426,28
20020,43,9
20021,0,3
20022,0,3
20023,165,20
20024,0,3
20025,0,3
20026,403,29
20027,0,3
20028,493,37
20029,262,25
20030,270,25
20031,0,3
20032,260,24
20033,192,24
20034,293,24
20035,111,13
20036,0,3
20037,102,14
20038,239,23
20039,0,3
20040,0,3
20041,134,16
20042,0,3
20043,166,21
20044,210,21
20045,334,25
20046,450,34
20047,175,18
20048,183,18
20049,293,24
20050,509,24
20051,0,3
20052,95,10
20053,0,3
20054,0,3
20055,161,18
20056,284,26
20057,150,13
20058,203,21
20059,62,8
20060,326,21
20061,5,3
20062,273,25
20063,288,25
20064,245,21
20065,0,3
20066,322,28
20067,0,3
20068,352,25
20069,491,17
20070,115,16
20071,108,18
20072,0,3
20073,209,27
20074,0,3
20075,322,28
20076,521,31
20077,352,33
20078,928,31
20079,0,3
20080,280,25
20081,230,20
20082,228,22
20083,249,23
20084,123,14
20085,149,16
20086,314,29
20087,0,3
20088,70,8
20089,252,23
20090,0,3
20091,179,18
20092,1,3
20093,0,3
20094,0,3
20095,239,22
20096,157,21
20097,0,3
20098,190,23
20099,409,31
20100,311,25
20101,272,22
20102,459,45
20103,196,21
20104,0,3
20105,0,3
20106,0,3
20107,403,34
20108,395,26
20109,372,37
20110,182,17
20111,0,3
20112,353,22
20113,1,3
20114,326,24
20115,239,28
20116,85,6
20117,0,3
20118,0,3
20119,234,23
20120,428,30
20121,0,3
20122,0,3
20123,243,21
20124,428,32
20125,183,15
20126,0,3
20127,0,3
20128,306,25
20129,190,27
20130,0,3
20131,225,27
20132,65,11
20133,0,3
20134,446,23
20135,266,25
20136,120,13
20137,0,3
20138,164,21
20139,310,22
20140,254,24
20141,186,17
20142,281,24
20143,339,34
20144,220,34
20145,0,3
20146,0,3
20147,0,3
20148,146,16
20149,220,24
20150,0,3
20151,0,3
20152,319,27
20153,0,3
20154,261,23
20155,0,3
20156,380,29
20157,252,20
20158,434,28
20159,0,3
20160,257,25
20161,189,18
20162,244,25
20163,0,3
20164,245,25
20165,223,22
20166,338,22
20167,0,3
20168,0,3
20169,0,3
20170,187,20
20171,272,31
20172,228,29
20173,261,19
20174,0,3
20175,229,19
20176,254,27
20177,0,3
20178,0,3
20179,0,3
20180,1,3
20181,234,21
20182,0,3
20183,419,14
20184,0,3
20185,205,25
20186,0,3
20187,219,21
20188,0,3
20189,276,26
20190,257,24
20191,329,29
20192,222,22
20193,167,22
20194,262,28
20195,303,20
20196,0,3
20197,0,3
20198,0,3
20199,230,16
20200,0,3
20201,0,3
20202,417,35
20203,0,3
20204,264,23
20205,0,3
20206,217,22
20207,199,21
20208,701,22
20209,44,12
20210,405,30
20211,177,16
20212,0,3
20213,0,3
20214,383,29
20215,76,8
20216,0,3
20217,439,28
20218,0,3
20219,247,16
20220,371,33
20221,0,3
20222,241,19
20223,402,29
20224,353,28
20225,0,3
20226,0,3
20227,227,10
20228,286,26
20229,0,3
20230,259,26
20231,386,31
20232,175,19
20233,264,21
20234,158,18
20235,321,29
20236,0,3
20237,475,30
20238,0,3
20239,278,27
20240,0,3
20241,431,37
20242,198,18
20243,0,3
20244,0,3
20245,105,15
20246,309,22
20247,0,3
20248,0,3
20249,306,23
20250,217,18
20251,0,3
20252,0,3
20253,0,3
20254,0,3
20255,212,26
20256,0,3
20257,174,23
20258,209,20
20259,0,3
20260,468,21
20261,347,20
20262,0,3
20263,221,20
20264,392,33
20265,0,3
20266,344,22
20267,332,22
20268,0,3
20269,0,3
20270,314,34
20271,0,3
20272,0,3
20273,402,30
20274,0,3
20275,68,14
20276,258,22
20277,281,25
20278,262,30
20279,0,3
20280,295,26
20281,294,31
20282,374,28
20283,0,3
20284,0,3
20285,0,3
20286,0,3
20287,244,25
20288,189,25
20289,245,28
20290,420,33
20291,0,3
20292,0,3
20293,275,23
20294,0,3
20295,0,3
20296,308,31
20297,339,25
20298,190,23
20299,512,33
20300,353,23
20301,336,23
20302,0,3
20303,231,21
20304,343,24
20305,323,30
20306,309,29
20307,0,3
20308,0,3
20309,237,22
20310,222,23
20311,465,36
20312,0,3
20313,322,25
20314,0,3
20315,0,3
20316,0,3
20317,0,3
20318,0,3
20319,195,27
20320,313,20
20321,324,22
20322,230,21
20323,0,3
20324,0,3
20325,0,3
20326,0,3
20327,0,3
20328,143,18
20329,371,28
20330,0,3
20331,0,3
20332,0,3
20333,189,24
20334,296,28
20335,459,30
20336,353,29
20337,0,3
20338,184,19
20339,0,3
20340,0,3
20341,200,18
20342,311,25
20343,346,17
20344,156,22
20345,0,3
20346,0,3
20347,0,3
20348,343,25
20349,0,3
20350,325,27
20351,0,3
20352,0,3
20353,123,12
20354,0,3
20355,0,3
20356,0,3
20357,139,22
20358,0,3
20359,214,26
20360,268,24
20361,72,12
20362,472,36
20363,516,32
20364,283,26
20365,301,24
20366,301,29
20367,107,13
20368,0,3
20369,0,3
20370,323,32
20371,196,23
20372,0,3
20373,0,3
20374,0,3
20375,284,27
20376,0,3
20377,277,31
20378,0,3
20379,236,23
20380,172,24
20381,0,3
20382,259,26
20383,0,3
20384,0,3
20385,679,33
20386,0,3
20387,0,3
20388,342,28
20389,398,36
20390,282,25
20391,376,36
20392,188,20
20393,250,23
20394,414,27
20395,218,23
20396,397,35
20397,147,14
20398,0,3
20399,0,3
20400,294,25
20401,359,20
20402,0,3
20403,431,22
20404,0,3
20405,191,22
20406,236,22
20407,0,3
20408,155,18
20409,287,24
20410,338,27
20411,229,24
20412,130,15
20413,0,3
20414,0,3
20415,357,25
20416,319,26
20417,330,26
20418,152,21
20419,72,10
20420,408,29
20421,109,10
20422,0,3
20423,253,29
20424,417,35
20425,302,23
20426,0,3
20427,246,26
20428,0,3
20429,0,3
20430,374,21
20431,602,24
20432,0,3
20433,0,3
20434,187,23
20435,192,19
20436,0,3
20437,147,22
20438,359,33
20439,0,3
20440,327,29
20441,0,3
20442,169,20
20443,405,30
20444,529,32
20445,0,3
20446,0,3
20447,0,3
20448,0,3
20449,270,23
20450,298,26
20451,0,3
20452,0,3
20453,123,16
20454,176,18
20455,301,26
20456,139,18
20457,288,21
20458,222,21
20459,0,3
20460,0,3
20461,368,25
20462,207,17
20463,0,3
20464,0,3
20465,320,30
20466,626,24
20467,0,3
20468,322,34
20469,322,28
20470,0,3
20471,334,29
20472,29,8
20473,0,3
20474,238,20
20475,315,28
20476,0,3
20477,448,23
20478,0,3
20479,0,3
20480,217,26
20481,229,20
20482,108,10
20483,266,26
20484,211,19
20485,200,23
20486,0,3
20487,231,25
20488,0,3
20489,0,3
20490,0,3
20491,246,29
20492,0,3
20493,165,21
20494,443,30
20495,137,20
20496,397,28
20497,431,30
20498,0,3
20499,232,30
20500,188,23
20501,242,20
20502,0,3
20503,333,28
20504,158,18
20505,251,14
20506,182,20
20507,275,28
20508,418,30
20509,439,26
20510,0,3
20511,429,32
20512,0,3
20513,0,3
20514,0,3
20515,177,24
20516,448,28
20517,0,3
20518,290,27
20519,381,38
20520,296,33
20521,0,3
20522,0,3
20523,0,3
20524,271,27
20525,460,21
20526,0,3
20527,375,28
20528,274,17
20529,0,3
20530,0,3
20531,216,23
20532,209,29
20533,0,3
20534,286,21
20535,142,18
20536,0,3
20537,249,28
20538,0,3
20539,0,3
20540,0,3
20541,336,31
20542,137,19
20543,247,28
20544,0,3
20545,0,3
20546,0,3
20547,260,23
20548,0,3
20549,68,11
20550,267,29
20551,204,24
20552,426,28
20553,272,25
20554,256,28
20555,0,3
20556,167,18
20557,171,17
20558,175,23
20559,0,3
20560,284,34
20561,0,3
20562,302,35
20563,237,9
20564,0,3
20565,252,27
20566,168,23
20567,205,18
20568,0,3
20569,0,3
20570,0,3
20571,0,3
20572,268,32
20573,329,29
20574,703,29
20575,209,24
20576,0,3
20577,0,3
20578,0,3
20579,0,3
20580,196,22
20581,0,3
20582,236,26
20583,0,3
20584,408,30
20585,0,3
20586,215,25
20587,224,27
20588,242,26
20589,0,3
20590,312,29
20591,216,27
20592,187,23
20593,0,3
20594,428,25
20595,0,3
20596,345,25
20597,408,28
20598,0,3
20599,0,3
20600,200,17
20601,126,17
20602,293,23
20603,0,3
20604,0,3
20605,0,3
20606,352,17
20607,183,21
20608,141,15
20609,404,10
20610,290,25
20611,0,3
20612,218,25
20613,0,3
20614,0,3
20615,0,3
20616,97,10
20617,172,24
20618,319,28
20619,0,3
20620,190,19
20621,458,32
20622,0,3
20623,189,27
20624,360,30
20625,359,32
20626,0,3
20627,0,3
20628,0,3
20629,213,25
20630,260,28
20631,0,3
20632,409,32
20633,276,26
20634,341,31
20635,0,3
20636,297,26
20637,301,26
20638,378,30
20639,0,3
20640,1,4
20641,116,14
20642,209,26
20643,238,25
20644,0,3
20645,397,25
20646,651,20
20647,324,23
20648,158,20
20649,216,22
20650,0,3
20651,612,27
20652,392,29
20653,339,27
20654,435,36
20655,99,12
20656,175,20
20657,286,20
20658,165,18
20659,263,27
20660,0,3
20661,135,19
20662,0,3
20663,0,3
20664,0,3
20665,441,33
20666,333,28
20667,248,26
20668,330,30
20669,0,3
20670,175,12
20671,249,15
20672,0,3
20673,339,25
20674,119,16
20675,475,30
20676,706,15
20677,285,28
20678,167,18
20679,0,3
20680,633,35
20681,0,3
20682,0,3
20683,219,22
20684,316,29
20685,283,27
20686,106,12
20687,0,3
20688,274,25
20689,0,3
20690,0,3
20691,293,21
20692,443,27
20693,250,22
20694,97,15
20695,264,29
20696,243,22
20697,0,3
20698,120,15
20699,0,3
20700,189,20
20701,365,29
20702,157,20
20703,180,18
20704,158,15
20705,275,24
20706,528,21
20707,0,3
20708,373,32
20709,0,3
20710,248,19
20711,577,31
20712,0,3
20713,230,23
20714,0,3
20715,281,32
20716,225,18
20717,267,25
20718,0,3
20719,0,3
20720,467,35
20721,330,35
20722,503,36
20723,0,3
20724,358,20
20725,396,29
20726,0,3
20727,499,31
20728,272,30
20729,317,26
20730,195,23
20731,149,17
20732,0,3
20733,0,3
20734,118,14
20735,0,3
20736,0,3
20737,0,3
20738,257,28
20739,0,3
20740,0,3
20741,243,27
20742,296,25
20743,165,16
20744,308,21
20745,449,34
20746,0,3
20747,0,3
20748,160,16
20749,177,21
20750,163,16
20751,0,3
20752,0,3
20753,30,5
20754,0,3
20755,251,22
20756,0,3
20757,0,3
20758,485,26
20759,123,16
20760,0,3
20761,450,24
20762,0,3
20763,248,21
20764,0,3
20765,237,31
20766,216,28
20767,0,3
20768,0,3
20769,132,13
20770,0,3
20771,0,3
20772,0,3
20773,132,15
20774,0,3
20775,323,20
20776,129,20
20777,572,25
20778,437,27
20779,189,19
20780,303,27
20781,0,3
20782,482,35
20783,318,20
20784,367,26
20785,172,18
20786,313,25
20787,0,3
20788,243,23
20789,570,41
20790,205,23
20791,354,32
20792,0,3
20793,0,3
20794,311,28
20795,0,3
20796,240,27
20797,0,3
20798,372,18
20799,207,28
20800,242,30
20801,0,3
20802,247,27
20803,0,3
20804,0,3
20805,0,3
20806,0,3
20807,280,22
20808,0,3
20809,283,29
20810,0,3
20811,202,20
20812,252,24
20813,172,21
20814,193,20
20815,0,3
20816,343,27
20817,0,3
20818,459,27
20819,278,23
20820,0,3
20821,208,20
20822,137,15
20823,374,31
20824,233,19
20825,0,3
20826,0,3
20827,421,16
20828,176,19
20829,207,25
20830,0,3
20831,0,3
20832,334,24
20833,0,3
20834,442,30
20835,319,18
20836,273,28
20837,279,29
20838,180,21
20839,0,3
20840,320,26
20841,0,3
20842,285,30
20843,32,5
20844,0,3
20845,0,3
20846,0,3
20847,0,3
20848,0,3
20849,0,3
20850,313,26
20851,0,3
20852,481,30
20853,199,23
20854,223,14
20855,106,12
20856,233,25
20857,549,21
20858,0,3
20859,662,32
20860,214,27
20861,0,3
20862,212,18
20863,322,34
20864,0,3
20865,0,3
20866,158,20
20867,0,3
20868,383,36
20869,173,22
20870,0,3
20871,0,3
20872,219,21
20873,0,3
20874,118,13
20875,450,29
20876,0,3
20877,188,24
20878,0,3
20879,528,27
20880,0,3
20881,332,30
20882,0,3
20883,250,22
20884,540,25
20885,122,18
20886,271,31
20887,407,24
20888,319,29
20889,295,23
20890,0,3
20891,0,3
20892,0,3
20893,259,27
20894,0,3
20895,220,17
20896,240,19
20897,0,3
20898,82,11
20899,0,3
20900,155,15
20901,201,21
20902,0,3
20903,0,3
20904,125,13
20905,232,24
20906,80,10
20907,0,3
20908,491,24
20909,0,3
20910,0,3
20911,370,31
20912,0,3
20913,263,24
20914,315,28
20915,0,3
20916,0,3
20917,0,3
20918,374,25
20919,358,31
20920,214,22
20921,150,23
20922,273,22
20923,318,16
20924,304,17
20925,0,3
20926,0,3
20927,683,29
20928,490,25
20929,374,35
20930,200,29
20931,245,25
20932,292,25
20933,0,3
20934,421,35
20935,0,3
20936,282,20
20937,387,30
20938,289,31
20939,390,24
20940,327,21
20941,0,3
20942,0,3
20943,63,10
20944,0,3
20945,135,13
20946,281,23
20947,0,3
20948,328,37
20949,0,3
20950,0,3
20951,243,17
20952,0,3
20953,154,13
20954,228,30
20955,0,3
20956,294,34
20957,294,22
20958,266,20
20959,426,21
20960,364,32
20961,0,3
20962,0,3
20963,0,3
20964,196,21
20965,297,25
20966,0,3
20967,159,16
20968,151,16
20969,152,23
20970,291,26
20971,0,3
20972,439,38
20973,604,31
20974,253,22
20975,0,3
20976,445,35
20977,303,20
20978,112,15
20979,0,3
20980,250,23
20981,338,22
20982,218,23
20983,286,28
20984,179,16
20985,385,30
20986,168,21
20987,176,16
20988,0,3
20989,124,18
20990,169,17
20991,299,27
20992,337,34
20993,184,16
20994,0,3
20995,0,3
20996,168,14
20997,273,27
20998,0,3
20999,404,14
21000,251,17
21001,130,12
21002,175,19
21003,114,12
21004,211,22
21005,0,3
21006,377,28
21007,672,26
21008,239,28
21009,0,3
21010,0,3
21011,0,3
21012,419,28
21013,468,28
21014,0,3
21015,0,3
21016,120,17
21017,0,3
21018,343,17
21019,135,14
21020,236,26
21021,352,24
21022,355,33
21023,420,29
21024,172,22
21025,252,34
21026,229,27
21027,0,3
21028,291,28
21029,266,16
21030,0,3
21031,509,34
21032,0,3
21033,523,20
21034,231,28
21035,345,31
21036,253,28
21037,666,25
21038,236,27
21039,113,13
21040,0,3
21041,284,23
21042,273,24
21043,195,24
21044,148,20
21045,183,15
21046,677,34
21047,230,28
21048,201,13
21049,18,5
21050,0,3
21051,239,30
21052,228,22
21053,1,3
21054,0,3
21055,0,3
21056,190,15
21057,123,15
21058,0,3
21059,0,3
21060,338,33
21061,108,15
21062,0,3
21063,0,3
21064,262,29
21065,0,3
21066,241,18
21067,141,17
21068,422,35
21069,215,23
21070,147,20
21071,187,19
21072,0,3
21073,0,3
21074,0,3
21075,330,26
21076,0,3
21077,358,27
21078,171,17
21079,272,28
21080,0,3
21081,63,11
21082,0,3
21083,415,39
21084,171,19
21085,0,3
21086,409,33
21087,88,8
21088,387,28
21089,129,24
21090,0,3
21091,274,25
21092,168,21
21093,118,16
21094,0,3
21095,364,17
21096,0,3
21097,276,28
21098,0,3
21099,0,3
21100,190,24
21101,254,26
21102,0,3
21103,179,21
21104,256,30
21105,0,3
21106,0,3
21107,0,3
21108,222,25
21109,0,3
21110,211,24
21111,313,29
21112,267,28
21113,141,20
21114,226,20
21115,226,26
21116,0,3
21117,0,3
21118,302,23
21119,173,18
21120,258,25
21121,252,30
21122,308,28
21123,168,22
21124,313,26
21125,322,34
21126,0,3
21127,276,28
21128,282,20
21129,308,27
21130,388,24
21131,0,3
21132,94,15
21133,0,3
21134,209,30
21135,261,22
21136,0,3
21137,344,31
21138,305,27
21139,0,3
21140,183,17
21141,340,16
21142,384,27
21143,553,32
21144,517,29
21145,296,33
21146,0,3
21147,230,31
21148,0,3
21149,0,3
21150,0,3
21151,403,23
21152,0,3
21153,334,32
21154,0,3
21155,524,27
21156,0,3
21157,0,3
21158,511,15
21159,1,3
21160,146,19
21161,202,21
21162,148,19
21163,236,24
21164,0,3
21165,288,18
21166,262,22
21167,675,22
21168,0,3
21169,277,27
21170,296,24
21171,268,27
21172,74,10
21173,0,3
21174,0,3
21175,85,11
21176,322,21
21177,342,25
21178,331,21
21179,158,16
21180,205,17
21181,297,30
21182,349,32
21183,0,3
21184,188,19
21185,443,31
21186,373,33
21187,169,28
21188,63,9
21189,400,26
21190,0,3
21191,119,16
21192,90,8
21193,0,3
21194,314,32
21195,1,3
21196,197,22
21197,240,26
21198,167,19
21199,0,3
21200,0,3
21201,321,21
21202,0,3
21203,203,20
21204,0,3
21205,0,3
21206,0,3
21207,0,3
21208,225,20
21209,0,3
21210,0,3
21211,162,15
21212,204,26
21213,357,22
21214,334,30
21215,275,28
21216,0,3
21217,452,41
21218,649,23
21219,105,12
21220,313,30
21221,226,28
21222,0,3
21223,230,27
21224,0,3
21225,484,22
21226,167,18
21227,181,21
21228,226,18
21229,332,28
21230,248,25
21231,0,3
21232,0,3
21233,391,20
21234,367,38
21235,279,28
21236,0,3
21237,343,31
21238,0,3
21239,0,3
21240,0,3
21241,0,3
21242,222,26
21243,0,3
21244,0,3
21245,363,35
21246,0,3
21247,0,3
21248,229,25
21249,256,21
21250,360,29
21251,280,22
21252,231,20
21253,412,26
21254,247,25
21255,281,22
21256,0,3
21257,0,3
21258,120,16
21259,232,29
21260,0,3
21261,302,29
21262,0,3
21263,0,3
21264,252,28
21265,176,20
21266,246,25
21267,108,15
21268,313,31
21269,197,18
21270,425,34
21271,0,3
21272,0,3
21273,0,3
21274,164,20
21275,0,3
21276,0,3
21277,247,21
21278,623,39
21279,0,3
21280,170,19
21281,173,19
21282,0,3
21283,244,25
21284,0,3
21285,0,3
21286,287,31
21287,82,11
21288,276,22
21289,294,21
21290,62,7
21291,0,3
21292,293,22
21293,0,3
21294,0,3
21295,0,3
21296,355,30
21297,175,19
21298,0,3
21299,301,31
21300,341,29
21301,120,17
21302,166,18
21303,214,18
21304,120,15
21305,225,23
21306,289,29
21307,186,22
21308,0,3
21309,312,24
21310,0,3
21311,0,3
21312,214,26
21313,0,3
21314,163,26
21315,327,14
21316,0,3
21317,434,34
21318,0,3
21319,0,3
21320,0,3
21321,0,3
21322,240,20
21323,471,30
21324,397,28
21325,0,3
21326,444,39
21327,0,3
21328,0,3
21329,399,27
21330,0,3
21331,344,36
21332,168,20
21333,0,3
21334,0,3
21335,428,24
21336,293,25
21337,597,30
21338,218,27
21339,0,3
21340,0,3
21341,292,24
21342,0,3
21343,364,35
21344,225,27
21345,245,24
21346,347,28
21347,258,26
21348,0,3
21349,0,3
21350,161,18
21351,0,3
21352,229,20
21353,344,25
21354,0,3
21355,0,3
21356,0,3
21357,0,3
21358,420,26
21359,0,3
21360,645,27
21361,0,3
21362,0,3
21363,379,19
21364,0,3
21365,242,19
21366,258,22
21367,197,21
21368,0,3
21369,0,3
21370,0,3
21371,147,16
21372,260,23
21373,101,17
21374,0,3
21375,0,3
21376,0,3
21377,490,27
21378,395,29
21379,0,3
21380,186,18
21381,0,3
21382,0,3
21383,0,3
21384,200,20
21385,150,22
21386,335,30
21387,315,26
21388,0,3
21389,142,16
21390,194,3
21391,0,3
21392,0,3
21393,188,25
21394,260,20
21395,168,25
21396,0,3
21397,0,3
21398,278,31
21399,383,28
21400,259,23
21401,280,20
21402,176,21
21403,218,24
21404,442,21
21405,232,22
21406,129,17
21407,0,3
21408,247,25
21409,210,20
21410,0,3
21411,289,28
21412,0,3
21413,354,26
21414,262,31
21415,178,20
21416,0,3
21417,152,21
21418,328,31
21419,185,25
21420,278,21
21421,0,3
21422,276,28
21423,452,22
21424,0,3
21425,170,20
21426,262,26
21427,669,27
21428,0,3
21429,195,18
21430,0,3
21431,0,3
21432,0,3
21433,433,28
21434,93,14
21435,0,3
21436,332,31
21437,215,19
21438,0,3
21439,519,24
21440,337,27
21441,0,3
21442,334,16
21443,0,3
21444,533,36
21445,491,27
21446,272,27
21447,0,3
21448,331,24
21449,179,21
21450,538,34
21451,372,27
21452,353,23
21453,554,36
21454,0,3
21455,378,25
21456,0,3
21457,0,3
21458,423,30
21459,0,3
21460,0,3
21461,231,30
21462,258,32
21463,151,12
21464,233,24
21465,0,3
21466,169,13
21467,116,15
21468,140,15
21469,289,23
21470,364,28
21471,58,8
21472,321,26
21473,0,3
21474,0,3
21475,469,16
21476,249,26
21477,403,26
21478,238,29
21479,356,34
21480,27,6
21481,283,28
21482,313,30
21483,325,25
21484,153,17
21485,186,15
21486,267,24
21487,381,25
21488,0,3
21489,151,21
21490,565,32
21491,305,38
21492,461,28
21493,236,25
21494,0,3
21495,260,18
21496,383,20
21497,233,22
21498,504,37
21499,0,3
21500,0,3
21501,0,3
21502,0,3
21503,167,26
21504,881,29
21505,0,3
21506,263,30
21507,263,29
21508,383,27
21509,440,29
21510,337,28
21511,0,3
21512,0,3
21513,296,28
21514,296,23
21515,58,11
21516,222,22
21517,248,23
21518,0,3
21519,0,3
21520,366,29
21521,297,25
21522,0,3
21523,505,26
21524,0,3
21525,237,22
21526,248,24
21527,198,19
21528,258,27
21529,432,18
21530,201,26
21531,134,15
21532,369,22
21533,462,28
21534,0,3
21535,0,3
21536,0,3
21537,167,14
21538,426,37
21539,333,25
21540,255,24
21541,466,30
21542,208,22
21543,264,21
21544,0,3
21545,308,23
21546,0,3
21547,0,3
21548,232,20
21549,0,3
21550,0,3
21551,362,32
21552,386,23
21553,215,25
21554,289,27
21555,192,23
21556,0,3
21557,412,32
21558,0,3
21559,556,36
21560,230,21
21561,77,10
21562,0,3
21563,231,22
21564,0,3
21565,0,3
21566,115,13
21567,575,34
21568,261,22
21569,339,28
21570,265,23
21571,0,3
21572,148,15
21573,170,19
21574,290,25
21575,170,18
21576,306,32
21577,468,15
21578,0,3
21579,432,33
21580,113,18
21581,0,3
21582,0,3
21583,0,3
21584,259,19
21585,500,32
21586,205,20
21587,303,30
21588,312,27
21589,146,19
21590,273,22
21591,460,35
21592,134,17
21593,0,3
21594,791,31
21595,353,20
21596,0,3
21597,294,26
21598,220,19
21599,377,21
21600,0,3
21601,0,3
21602,218,25
21603,0,3
21604,0,3
21605,402,32
21606,203,21
21607,288,23
21608,0,3
21609,215,22
21610,0,3
21611,337,27
21612,605,30
21613,0,3
21614,197,23
21615,343,34
21616,0,3
21617,0,3
21618,384,31
21619,0,3
21620,0,3
21621,1,3
21622,222,22
21623,0,3
21624,274,29
21625,0,3
21626,397,26
21627,0,3
21628,193,19
21629,437,30
21630,0,3
21631,227,17
21632,0,3
21633,0,3
21634,40,5
21635,0,3
21636,0,3
21637,275,27
21638,0,3
21639,0,3
21640,238,22
21641,229,24
21642,304,20
21643,335,24
21644,126,15
21645,303,22
21646,179,20
21647,109,6
21648,430,24
21649,0,3
21650,0,3
21651,354,31
21652,0,3
21653,250,30
21654,211,20
21655,341,19
21656,840,27
21657,391,33
21658,320,34
21659,327,30
21660,261,24
21661,0,3
21662,344,34
21663,129,15
21664,302,31
21665,234,26
21666,264,21
21667,0,3
21668,0,3
21669,226,25
21670,225,28
21671,426,42
21672,0,3
21673,0,3
21674,0,3
21675,0,3
21676,320,32
21677,411,25
21678,287,30
21679,155,20
21680,380,19
21681,0,3
21682,0,3
21683,277,30
21684,0,3
21685,1000,3
21686,0,3
21687,218,25
21688,0,3
21689,0,3
21690,356,33
21691,0,3
21692,0,3
21693,333,20
21694,172,20
21695,0,3
21696,0,3
21697,288,32
21698,311,23
21699,0,3
21700,485,25
21701,0,3
21702,0,3
21703,636,20
21704,414,28
21705,0,3
21706,229,19
21707,243,24
21708,294,30
21709,326,29
21710,269,30
21711,0,3
21712,348,33
21713,328,22
21714,164,18
21715,462,38
21716,0,3
21717,190,19
21718,386,38
21719,199,17
21720,133,14
21721,379,31
21722,202,24
21723,136,16
21724,0,3
21725,231,29
21726,313,26
21727,0,3
21728,276,29
21729,309,24
21730,424,28
21731,0,3
21732,170,23
21733,196,24
21734,0,3
21735,0,3
21736,225,22
21737,144,14
21738,360,28
21739,117,18
21740,0,3
21741,0,3
21742,337,33
21743,0,3
21744,0,3
21745,201,16
21746,449,29
21747,0,3
21748,245,23
21749,121,11
21750,0,3
21751,0,3
21752,137,18
21753,537,34
21754,196,20
21755,145,18
21756,241,22
21757,123,14
21758,0,3
21759,192,19
21760,0,3
21761,284,27
21762,498,30
21763,227,20
21764,124,15
21765,188,14
21766,235,22
21767,253,24
21768,195,20
21769,261,24
21770,0,3
21771,179,20
21772,0,3
21773,0,3
21774,82,14
21775,280,26
21776,549,31
21777,0,3
21778,178,21
21779,173,23
21780,0,3
21781,192,19
21782,459,32
21783,0,3
21784,298,26
21785,0,3
21786,146,14
21787,0,3
21788,174,19
21789,0,3
21790,220,25
21791,225,22
21792,235,26
21793,181,22
21794,0,3
21795,284,31
21796,0,3
21797,0,3
21798,0,3
21799,124,16
21800,86,12
21801,414,32
21802,560,31
21803,309,22
21804,262,25
21805,338,31
21806,0,3
21807,0,3
21808,223,9
21809,0,3
21810,247,18
21811,148,18
21812,183,18
21813,150,20
21814,0,3
21815,0,3
21816,276,24
21817,283,28
21818,0,3
21819,0,3
21820,0,3
21821,365,25
21822,0,3
21823,240,24
21824,360,36
21825,0,3
21826,0,3
21827,0,3
21828,169,16
21829,0,3
21830,246,30
21831,500,20
21832,225,23
21833,0,3
21834,0,3
21835,0,3
21836,0,3
21837,246,24
21838,223,16
21839,0,3
21840,0,3
21841,0,3
21842,0,3
21843,91,13
21844,238,23
21845,0,3
21846,199,17
21847,0,3
21848,360,23
21849,158,20
21850,191,20
21851,0,3
21852,0,3
21853,299,30
21854,226,25
21855,343,30
21856,0,3
21857,0,3
21858,312,30
21859,98,19
21860,310,29
21861,138,19
21862,161,18
21863,0,3
21864,408,24
21865,0,3
21866,0,3
21867,686,28
21868,226,27
21869,364,26
21870,326,22
21871,260,24
21872,114,19
21873,0,3
21874,141,18
21875,0,3
21876,0,3
21877,149,17
21878,256,24
21879,333,33
21880,0,3
21881,77,8
21882,77,10
21883,320,29
21884,179,18
21885,299,33
21886,131,13
21887,0,3
21888,395,29
21889,300,30
21890,226,25
21891,264,23
21892,0,3
21893,336,20
21894,127,19
21895,447,24
21896,245,22
21897,0,3
21898,0,3
21899,139,17
21900,0,3
21901,0,3
21902,6,4
21903,323,25
21904,294,25
21905,252,23
21906,375,24
21907,171,18
21908,100,12
21909,0,3
21910,250,34
21911,296,29
21912,239,28
21913,92,15
21914,0,3
21915,451,20
21916,255,26
21917,151,15
21918,169,21
21919,0,3
21920,0,3
21921,0,3
21922,348,32
21923,238,27
21924,0,3
21925,0,3
21926,107,13
21927,327,23
21928,262,25
21929,0,3
21930,328,24
21931,351,32
21932,72,14
21933,291,30
21934,221,21
21935,0,3
21936,0,3
21937,103,14
21938,166,17
21939,285,27
21940,0,3
21941,335,29
21942,331,32
21943,139,17
21944,373,28
21945,662,26
21946,30,7
21947,245,27
21948,231,26
21949,426,34
21950,332,39
21951,0,3
21952,0,3
21953,370,29
21954,297,30
21955,0,3
21956,369,20
21957,0,3
21958,358,29
21959,365,28
21960,0,3
21961,227,19
21962,316,27
21963,245,26
21964,0,3
21965,0,3
21966,692,20
21967,0,3
21968,0,3
21969,0,3
21970,196,27
21971,148,17
21972,0,3
21973,373,38
21974,301,26
21975,319,24
21976,0,3
21977,213,22
21978,131,19
21979,645,29
21980,0,3
21981,0,3
21982,216,20
21983,230,26
21984,462,27
21985,215,13
21986,0,3
21987,192,20
21988,91,10
21989,433,25
21990,224,27
21991,240,25
21992,442,21
21993,219,22
21994,201,22
21995,0,3
21996,0,3
21997,274,23
21998,0,3
21999,209,28
22000,268,29
22001,219,18
22002,0,3
22003,397,26
22004,462,34
22005,0,3
22006,477,34
22007,340,27
22008,291,24
22009,198,22
22010,168,18
22011,364,21
22012,195,24
22013,0,3
22014,113,10
22015,0,3
22016,205,22
22017,0,3
22018,316,19
22019,138,15
22020,122,19
22021,0,3
22022,0,3
22023,323,28
22024,0,3
22025,224,21
22026,250,17
22027,0,3
22028,161,20
22029,369,19
22030,253,30
22031,0,3
22032,258,29
22033,45,7
22034,206,20
22035,0,3
22036,390,30
22037,265,23
22038,0,3
22039,300,29
22040,262,29
22041,127,17
22042,220,21
22043,350,30
22044,0,3
22045,121,15
22046,0,3
22047,379,28
22048,159,22
22049,180,20
22050,129,15
22051,0,3
22052,500,39
22053,200,26
22054,369,28
22055,285,25
22056,430,24
22057,267,27
22058,0,3
22059,341,28
22060,0,3
22061,0,3
22062,0,3
22063,315,25
22064,328,25
22065,0,3
22066,0,3
22067,251,22
22068,205,21
22069,0,3
22070,0,3
22071,0,3
22072,0,3
22073,200,23
22074,242,26
22075,555,35
22076,0,3
22077,381,23
22078,0,3
22079,0,3
22080,0,3
22081,562,24
22082,0,3
22083,0,3
22084,0,3
22085,0,3
22086,1,3
22087,0,3
22088,437,30
22089,291,16
22090,331,28
22091,311,23
22092,265,21
22093,0,3
22094,0,3
22095,403,23
22096,396,35
22097,125,12
22098,202,23
22099,0,3
22100,349,25
22101,0,3
22102,0,3
22103,382,23
22104,418,23
22105,0,3
22106,0,3
22107,0,3
22108,0,3
22109,0,3
22110,0,3
22111,0,3
22112,426,28
22113,0,3
22114,112,14
22115,278,27
22116,0,3
22117,0,3
22118,0,3
22119,217,24
22120,324,28
22121,0,3
22122,55,9
22123,228,25
22124,573,32
22125,239,21
22126,0,3
22127,74,12
22128,272,26
22129,236,13
22130,333,27
22131,163,18
22132,626,25
22133,489,18
22134,350,22
22135,419,29
22136,0,3
22137,26,6
22138,254,23
22139,0,3
22140,265,30
22141,48,6
22142,0,3
22143,0,3
22144,666,21
22145,640,39
22146,228,21
22147,0,3
22148,521,26
22149,361,24
22150,71,12
22151,0,3
22152,263,28
22153,234,22
22154,453,30
22155,0,3
22156,224,24
22157,0,3
22158,0,3
22159,319,29
22160,346,31
22161,238,22
22162,0,3
22163,275,26
22164,272,20
22165,196,20
22166,188,23
22167,0,3
22168,98,14
22169,0,3
22170,545,26
22171,210,24
22172,0,3
22173,204,10
22174,337,29
22175,279,28
22176,336,30
22177,305,29
22178,0,3
22179,396,27
22180,0,3
22181,327,12
22182,0,3
22183,332,33
22184,0,3
22185,0,3
22186,267,22
22187,0,3
22188,164,21
22189,327,26
22190,148,13
22191,343,29
22192,747,27
22193,0,3
22194,165,16
22195,185,23
22196,325,25
22197,0,3
22198,344,22
22199,0,3
22200,0,3
22201,0,3
22202,88,16
22203,416,25
22204,342,31
22205,0,3
22206,226,24
22207,0,3
22208,191,14
22209,0,3
22210,157,18
22211,0,3
22212,39,11
22213,325,19
22214,262,20
22215,339,23
22216,0,3
22217,267,25
22218,231,24
22219,420,23
22220,275,24
22221,214,23
22222,440,30
22223,0,3
22224,0,3
22225,648,16
22226,0,3
22227,294,31
22228,246,25
22229,256,23
22230,313,24
22231,26,5
22232,518,27
22233,450,26
22234,0,3
22235,0,3
22236,355,15
22237,346,29
22238,181,21
22239,0,3
22240,335,26
22241,135,17
22242,0,3
22243,186,19
22244,432,33
22245,232,20
22246,844,24
22247,82,13
22248,67,10
22249,201,22
22250,129,17
22251,382,28
22252,314,29
22253,174,18
22254,258,23
22255,0,3
22256,546,35
22257,176,15
22258,47,8
22259,0,3
22260,0,3
22261,0,3
22262,233,27
22263,0,3
22264,563,28
22265,0,3
22266,456,41
22267,233,22
22268,358,30
22269,350,29
22270,431,26
22271,397,31
22272,0,3
22273,306,28
22274,284,26
22275,223,21
22276,0,3
22277,593,29
22278,359,34
22279,323,25
22280,201,23
22281,366,32
22282,0,3
22283,267,18
22284,348,23
22285,127,12
22286,0,3
22287,287,26
22288,309,30
22289,79,11
22290,0,3
22291,0,3
22292,329,34
22293,225,23
22294,289,22
22295,615,27
22296,271,16
22297,305,21
22298,304,24
22299,462,22
22300,0,3
22301,214,14
22302,340,33
22303,626,31
22304,0,3
22305,373,33
22306,0,3
22307,237,24
22308,302,26
22309,358,30
22310,440,25
22311,323,27
22312,144,10
22313,0,3
22314,0,3
22315,465,33
22316,532,21
22317,240,27
22318,183,21
22319,397,31
22320,0,3
22321,0,3
22322,0,3
22323,662,29
22324,0,3
22325,0,3
22326,0,3
22327,167,22
22328,0,3
22329,361,30
22330,183,22
22331,152,16
22332,149,18
22333,152,19
22334,0,3
22335,202,27
22336,287,30
22337,0,3
22338,0,3
22339,492,27
22340,318,30
22341,0,3
22342,0,3
22343,91,11
22344,375,25
22345,51,9
22346,303,29
22347,163,21
22348,0,3
22349,281,29
22350,0,3
22351,0,3
22352,0,3
22353,148,18
22354,174,19
22355,280,25
22356,317,28
22357,167,20
22358,0,3
22359,0,3
22360,0,3
22361,0,3
22362,215,23
22363,348,26
22364,207,23
22365,385,33
22366,224,21
22367,421,22
22368,218,23
22369,0,3
22370,0,3
22371,303,25
22372,179,23
22373,0,3
22374,313,24
22375,202,20
22376,241,28
22377,232,22
22378,0,3
22379,382,32
22380,375,35
22381,218,21
22382,336,23
22383,465,21
22384,0,3
22385,0,3
22386,0,3
22387,0,3
22388,500,40
22389,357,32
22390,0,3
22391,95,16
22392,0,3
22393,0,3
22394,366,23
22395,36,5
22396,311,29
22397,0,3
22398,0,3
22399,0,3
22400,228,18
22401,0,3
22402,270,17
22403,0,3
22404,110,10
22405,0,3
22406,329,31
22407,187,21
22408,116,13
22409,181,22
22410,458,35
22411,0,3
22412,514,38
22413,167,18
22414,515,27
22415,206,19
22416,0,3
22417,305,22
22418,197,24
22419,0,3
22420,282,30
22421,191,25
22422,408,22
22423,150,20
22424,333,31
22425,0,3
22426,325,25
22427,0,3
22428,475,28
22429,0,3
22430,0,3
22431,239,26
22432,70,11
22433,151,13
22434,313,25
22435,0,3
22436,395,33
22437,0,3
22438,189,24
22439,0,3
22440,176,18
22441,550,34
22442,250,22
22443,0,3
22444,182,24
22445,168,19
22446,0,3
22447,51,6
22448,143,15
22449,293,27
22450,0,3
22451,80,14
22452,0,3
22453,347,31
22454,294,27
22455,184,26
22456,147,20
22457,0,3
22458,0,3
22459,533,46
22460,116,11
22461,252,28
22462,462,38
22463,0,3
22464,150,16
22465,291,21
22466,0,3
22467,477,25
22468,151,18
22469,0,3
22470,289,27
22471,108,10
22472,0,3
22473,0,3
22474,336,25
22475,640,26
22476,93,11
22477,0,3
22478,0,3
22479,194,20
22480,430,27
22481,399,31
22482,0,3
22483,0,3
22484,0,3
22485,0,3
22486,544,33
22487,299,22
22488,588,22
22489,0,3
22490,24,5
22491,0,3
22492,343,24
22493,9,4
22494,0,3
22495,498,29
22496,114,13
22497,372,28
22498,390,30
22499,377,32
22500,252,27
22501,307,28
22502,0,3
22503,0,3
22504,214,23
22505,0,3
22506,0,3
22507,0,3
22508,363,17
22509,0,3
22510,0,3
22511,0,3
22512,798,18
22513,378,22
22514,218,18
22515,0,3
22516,0,3
22517,0,3
22518,155,16
22519,0,3
22520,170,17
22521,0,3
22522,135,13
22523,308,32
22524,74,4
22525,0,3
22526,281,27
22527,284,23
22528,0,3
22529,0,3
22530,333,28
22531,222,29
22532,273,24
22533,0,3
22534,100,16
22535,0,3
22536,380,20
22537,283,25
22538,421,38
22539,140,21
22540,0,3
22541,376,33
22542,254,26
22543,0,3
22544,0,3
22545,298,25
22546,304,22
22547,251,31
22548,0,3
22549,308,27
22550,265,22
22551,278,22
22552,0,3
22553,184,17
22554,382,34
22555,262,24
22556,483,33
22557,532,23
22558,0,3
22559,254,27
22560,333,34
22561,0,3
22562,171,17
22563,222,24
22564,352,31
22565,348,29
22566,345,25
22567,385,27
22568,0,3
22569,395,19
22570,0,3
22571,0,3
22572,370,21
22573,0,3
22574,0,3
22575,192,28
22576,367,37
22577,0,3
22578,61,8
22579,0,3
22580,166,26
22581,419,30
22582,0,3
22583,401,23
22584,0,3
22585,0,3
22586,203,21
22587,171,15
22588,0,3
22589,0,3
22590,89,10
22591,257,20
22592,130,13
22593,0,3
22594,0,3
22595,787,27
22596,363,26
22597,0,3
22598,0,3
22599,339,22
22600,414,32
22601,289,25
22602,183,18
22603,0,3
22604,0,3
22605,339,20
22606,0,3
22607,209,27
22608,20,5
22609,190,24
22610,318,21
22611,476,26
22612,0,3
22613,144,14
22614,0,3
22615,242,24
22616,223,27
22617,0,3
22618,296,31
22619,322,34
22620,206,25
22621,794,34
22622,314,27
22623,0,3
22624,512,20
22625,0,3
22626,171,20
22627,764,15
22628,0,3
22629,152,24
22630,0,3
22631,726,38
22632,328,29
22633,434,26
22634,0,3
22635,196,9
22636,155,21
22637,638,41
22638,272,28
22639,290,26
22640,317,28
22641,330,28
22642,219,29
22643,173,21
22644,208,20
22645,159,20
22646,395,31
22647,848,30
22648,213,17
22649,216,28
22650,188,19
22651,267,25
22652,331,32
22653,0,3
22654,0,3
22655,0,3
22656,359,34
22657,470,34
22658,321,24
22659,101,15
22660,269,22
22661,479,35
22662,0,3
22663,306,32
22664,0,3
22665,0,3
22666,288,33
22667,210,21
22668,0,3
22669,0,3
22670,0,3
22671,282,30
22672,545,33
22673,266,21
22674,0,3
22675,235,20
22676,462,27
22677,0,3
22678,0,3
22679,294,32
22680,403,33
22681,0,3
22682,476,26
22683,514,28
22684,601,33
22685,300,24
22686,159,19
22687,241,22
22688,0,3
22689,172,14
22690,223,29
22691,0,3
22692,241,19
22693,0,3
22694,0,3
22695,0,3
22696,362,16
22697,438,34
22698,0,3
22699,0,3
22700,183,20
22701,0,3
22702,0,3
22703,144,15
22704,500,36
22705,0,3
22706,0,3
22707,271,15
22708,354,27
22709,362,29
22710,0,3
22711,323,35
22712,465,14
22713,208,25
22714,294,29
22715,75,14
22716,258,33
22717,0,3
22718,414,34
22719,0,3
22720,339,22
22721,418,34
22722,0,3
22723,0,3
22724,387,32
22725,0,3
22726,400,30
22727,264,27
22728,3,3
22729,0,3
22730,148,13
22731,170,24
22732,212,22
22733,337,18
22734,0,3
22735,417,33
22736,0,3
22737,433,21
22738,340,27
22739,333,28
22740,423,31
22741,239,28
22742,275,22
22743,0,3
22744,260,25
22745,404,25
22746,126,14
22747,315,28
22748,512,35
22749,0,3
22750,219,24
22751,0,3
22752,0,3
22753,349,30
22754,242,25
22755,0,3
22756,0,3
22757,202,21
22758,0,3
22759,231,26
22760,25,5
22761,0,3
22762,730,35
22763,0,3
22764,229,21
22765,198,22
22766,460,29
22767,240,28
22768,109,11
22769,191,15
22770,277,29
22771,246,25
22772,266,26
22773,242,21
22774,313,30
22775,1,3
22776,297,30
22777,510,42
22778,171,20
22779,340,32
22780,393,31
22781,400,26
22782,0,3
22783,0,3
22784,483,28
22785,260,25
22786,317,19
22787,205,23
22788,272,22
22789,226,25
22790,278,31
22791,0,3
22792,305,25
22793,230,28
22794,365,27
22795,278,26
22796,99,14
22797,327,32
22798,0,3
22799,218,17
22800,272,29
22801,0,3
22802,0,3
22803,0,3
22804,219,24
22805,0,3
22806,114,3
22807,0,3
22808,0,3
22809,468,28
22810,0,3
22811,150,15
22812,689,30
22813,278,24
22814,245,20
22815,0,3
22816,0,3
22817,217,16
22818,454,17
22819,0,3
22820,249,22
22821,0,3
22822,0,3
22823,0,3
22824,238,23
22825,0,3
22826,203,19
22827,0,3
22828,0,3
22829,155,14
22830,124,18
22831,0,3
22832,0,3
22833,0,3
22834,115,13
22835,287,22
22836,53,9
22837,209,23
22838,294,22
22839,352,28
22840,0,3
22841,0,3
22842,171,10
22843,0,3
22844,137,15
22845,463,37
22846,448,32
22847,0,3
22848,98,11
22849,354,36
22850,125,17
22851,180,23
22852,438,27
22853,344,24
22854,355,9
22855,0,3
22856,167,18
22857,317,32
22858,164,14
22859,0,3
22860,0,3
22861,510,20
22862,292,27
22863,394,26
22864,319,28
22865,17,5
22866,234,23
22867,0,3
22868,0,3
22869,373,29
22870,384,32
22871,0,3
22872,233,21
22873,0,3
22874,344,31
22875,432,30
22876,460,42
22877,0,3
22878,0,3
22879,220,23
22880,145,16
22881,0,3
22882,265,29
22883,190,21
22884,213,21
22885,143,20
22886,335,26
22887,0,3
22888,107,12
22889,392,26
22890,342,22
22891,649,24
22892,285,19
22893,254,22
22894,336,28
22895,0,3
22896,0,3
22897,522,29
22898,218,22
22899,94,19
22900,0,3
22901,259,16
22902,283,28
22903,285,21
22904,176,20
22905,0,3
22906,450,31
22907,0,3
22908,266,27
22909,0,3
22910,306,29
22911,0,3
22912,0,3
22913,0,3
22914,416,30
22915,260,28
22916,202,22
22917,159,21
22918,321,27
22919,259,22
22920,0,3
22921,198,22
22922,202,28
22923,0,3
22924,340,37
22925,0,3
22926,127,18
22927,209,22
22928,0,3
22929,421,34
22930,0,3
22931,132,20
22932,301,24
22933,170,18
22934,0,3
22935,137,20
22936,0,3
22937,281,26
22938,274,31
22939,198,19
22940,0,3
22941,178,21
22942,0,3
22943,0,3
22944,187,21
22945,154,20
22946,327,36
22947,201,24
22948,392,27
22949,182,22
22950,246,26
22951,315,27
22952,0,3
22953,82,12
22954,0,3
22955,469,31
22956,165,19
22957,0,3
22958,273,30
22959,95,11
22960,376,28
22961,475,30
22962,0,3
22963,39,7
22964,216,23
22965,297,30
22966,383,31
22967,274,28
22968,0,3
22969,0,3
22970,229,24
22971,0,3
22972,0,3
22973,392,25
22974,337,24
22975,372,32
22976,219,20
22977,0,3
22978,342,32
22979,282,31
22980,96,10
22981,95,13
22982,0,3
22983,0,3
22984,323,26
22985,216,29
22986,457,39
22987,462,29
22988,0,3
22989,230,23
22990,1,3
22991,0,3
22992,273,22
22993,90,11
22994,329,28
22995,260,31
22996,252,24
22997,162,22
22998,0,3
22999,189,21
23000,0,3
23001,317,20
23002,233,25
23003,0,3
23004,0,3
23005,145,18
23006,0,3
23007,0,3
23008,400,28
23009,323,24
23010,226,24
23011,193,23
23012,236,24
23013,121,22
23014,0,3
23015,0,3
23016,346,25
23017,0,3
23018,152,20
23019,158,19
23020,210,22
23021,284,20
23022,0,3
23023,0,3
23024,315,31
23025,331,30
23026,0,3
23027,0,3
23028,0,3
23029,0,3
23030,0,3
23031,0,3
23032,271,16
23033,0,3
23034,337,26
23035,221,19
23036,354,24
23037,138,14
23038,184,9
23039,333,25
23040,267,25
23041,180,17
23042,423,30
23043,168,25
23044,457,34
23045,325,18
23046,0,3
23047,0,3
23048,0,3
23049,0,3
23050,127,15
23051,311,25
23052,392,34
23053,420,30
23054,295,28
23055,342,32
23056,0,3
23057,296,31
23058,254,24
23059,0,3
23060,151,18
23061,0,3
23062,231,21
23063,0,3
23064,0,3
23065,0,3
23066,400,30
23067,436,19
23068,0,3
23069,0,3
23070,0,3
23071,774,24
23072,268,25
23073,0,3
23074,321,31
23075,0,3
23076,403,36
23077,0,3
23078,303,30
23079,362,26
23080,0,3
23081,869,28
23082,0,3
23083,0,3
23084,371,20
23085,0,3
23086,0,3
23087,0,3
23088,479,22
23089,0,3
23090,202,26
23091,213,22
23092,0,3
23093,407,31
23094,255,30
23095,0,3
23096,158,16
23097,401,19
23098,551,28
23099,0,3
23100,241,18
23101,226,19
23102,265,18
23103,0,3
23104,253,23
23105,395,33
23106,0,3
23107,174,16
23108,350,33
23109,260,24
23110,467,22
23111,149,19
23112,174,19
23113,241,24
23114,163,22
23115,229,26
23116,0,3
23117,540,21
23118,302,27
23119,0,3
23120,134,15
23121,66,7
23122,279,26
23123,288,22
23124,205,22
23125,296,32
23126,544,22
23127,256,22
23128,198,17
23129,369,30
23130,267,24
23131,0,3
23132,0,3
23133,0,3
23134,0,3
23135,256,21
23136,0,3
23137,179,21
23138,4,3
23139,211,20
23140,0,3
23141,0,3
23142,351,29
23143,417,35
23144,0,3
23145,0,3
23146,0,3
23147,36,7
23148,0,3
23149,122,13
23150,341,31
23151,252,25
23152,331,27
23153,0,3
23154,283,30
23155,0,3
23156,699,24
23157,201,15
23158,723,26
23159,418,22
23160,1000,25
23161,0,3
23162,237,22
23163,0,3
23164,118,15
23165,18,5
23166,0,3
23167,0,3
23168,0,3
23169,161,22
23170,349,27
23171,277,28
23172,222,23
23173,161,17
23174,100,12
23175,517,35
23176,319,32
23177,133,17
23178,433,19
23179,0,3
23180,489,21
23181,203,23
23182,330,28
23183,0,3
23184,355,38
23185,50,8
23186,148,21
23187,0,3
23188,0,3
23189,324,34
23190,413,24
23191,0,3
23192,555,40
23193,346,31
23194,329,16
23195,343,25
23196,220,26
23197,0,3
23198,170,16
23199,0,3
23200,25,5
23201,245,26
23202,189,17
23203,0,3
23204,357,32
23205,275,14
23206,480,35
23207,177,19
23208,299,27
23209,7,3
23210,90,13
23211,289,28
23212,0,3
23213,0,3
23214,0,3
23215,182,20
23216,255,26
23217,342,30
23218,0,3
23219,498,28
23220,0,3
23221,75,12
23222,169,20
23223,182,20
23224,0,3
23225,100,12
23226,0,3
23227,0,3
23228,0,3
23229,0,3
23230,46,4
23231,137,19
23232,0,3
23233,0,3
23234,0,3
23235,213,18
23236,353,32
23237,151,17
23238,0,3
23239,472,18
23240,422,35
23241,254,22
23242,406,21
23243,135,18
23244,208,25
23245,1,3
23246,0,3
23247,322,25
23248,540,29
23249,0,3
23250,247,26
23251,205,24
23252,242,24
23253,0,3
23254,214,26
23255,119,11
23256,258,21
23257,421,27
23258,305,29
23259,144,14
23260,0,3
23261,0,3
23262,277,27
23263,507,29
23264,0,3
23265,0,3
23266,582,26
23267,391,33
23268,175,15
23269,162,18
23270,287,25
23271,220,25
23272,352,36
23273,654,18
23274,0,3
23275,0,3
23276,0,3
23277,293,25
23278,266,24
23279,191,24
23280,239,23
23281,229,27
23282,0,3
23283,232,19
23284,280,26
23285,0,3
23286,224,23
23287,349,29
23288,317,27
23289,208,23
23290,0,3
23291,158,21
23292,150,21
23293,366,24
23294,266,21
23295,332,28
23296,0,3
23297,0,3
23298,547,25
23299,0,3
23300,0,3
23301,0,3
23302,343,20
23303,845,29
23304,0,3
23305,161,16
23306,323,26
23307,0,3
23308,471,36
23309,388,21
23310,0,3
23311,493,23
23312,0,3
23313,337,26
23314,0,3
23315,0,3
23316,527,30
23317,285,24
23318,360,33
23319,58,8
23320,0,3
23321,0,3
23322,0,3
23323,224,23
23324,0,3
23325,0,3
23326,379,34
23327,83,11
23328,160,22
23329,0,3
23330,183,14
23331,154,20
23332,211,24
23333,218,18
23334,209,18
23335,0,3
23336,0,3
23337,262,30
23338,0,3
23339,383,32
23340,0,3
23341,257,13
23342,420,31
23343,254,26
23344,0,3
23345,388,28
23346,195,19
23347,242,21
23348,0,3
23349,0,3
23350,0,3
23351,0,3
23352,0,3
23353,232,27
23354,205,20
23355,0,3
23356,231,26
23357,199,26
23358,0,3
23359,0,3
23360,0,3
23361,283,20
23362,400,26
23363,498,26
23364,328,24
23365,0,3
23366,454,28
23367,88,19
23368,0,3
23369,0,3
23370,250,20
23371,161,17
23372,390,33
23373,414,36
23374,280,26
23375,0,3
23376,177,16
23377,728,27
23378,408,28
23379,0,3
23380,0,3
23381,316,31
23382,348,27
23383,0,3
23384,0,3
23385,182,16
23386,347,27
23387,119,15
23388,232,20
23389,0,3
23390,315,31
23391,302,32
23392,0,3
23393,0,3
23394,127,15
23395,0,3
23396,65,7
23397,331,25
23398,330,33
23399,463,28
23400,0,3
23401,0,3
23402,426,33
23403,343,34
23404,230,19
23405,331,40
23406,0,3
23407,487,26
23408,0,3
23409,971,35
23410,69,8
23411,0,3
23412,0,3
23413,0,3
23414,0,3
23415,0,3
23416,154,20
23417,492,23
23418,0,3
23419,0,3
23420,0,3
23421,0,3
23422,315,22
23423,320,29
23424,249,21
23425,0,3
23426,327,30
23427,202,24
23428,0,3
23429,300,24
23430,205,26
23431,0,3
23432,497,16
23433,149,13
23434,179,21
23435,0,3
23436,182,16
23437,175,21
23438,0,3
23439,0,3
23440,212,18
23441,0,3
23442,184,16
23443,0,3
23444,0,3
23445,126,22
23446,254,30
23447,207,19
23448,0,3
23449,251,23
23450,260,22
23451,0,3
23452,322,37
23453,88,16
23454,191,25
23455,0,3
23456,234,19
23457,131,13
23458,236,27
23459,230,30
23460,0,3
23461,0,3
23462,0,3
23463,338,31
23464,338,26
23465,566,31
23466,258,27
23467,0,3
23468,0,3
23469,300,28
23470,203,23
23471,0,3
23472,297,33
23473,610,27
23474,0,3
23475,311,30
23476,421,22
23477,452,28
23478,706,33
23479,320,19
23480,0,3
23481,176,19
23482,7,3
23483,235,17
23484,212,22
23485,316,17
23486,359,29
23487,158,18
23488,329,29
23489,454,36
23490,406,25
23491,0,3
23492,214,27
23493,267,26
23494,0,3
23495,0,3
23496,0,3
23497,246,26
23498,0,3
23499,167,17
23500,0,3
23501,281,22
23502,0,3
23503,247,22
23504,373,25
23505,350,33
23506,210,24
23507,387,34
23508,179,21
23509,0,3
23510,0,3
23511,336,29
23512,0,3
23513,264,27
23514,0,3
23515,239,28
23516,437,36
23517,574,29
23518,201,16
23519,339,33
23520,0,3
23521,439,17
23522,371,27
23523,0,3
23524,0,3
23525,237,25
23526,0,3
23527,140,13
23528,393,34
23529,348,31
23530,291,27
23531,383,30
23532,280,27
23533,305,32
23534,0,3
23535,419,32
23536,470,21
23537,0,3
23538,307,5
23539,318,20
23540,236,20
23541,649,24
23542,0,3
23543,0,3
23544,340,30
23545,745,32
23546,497,33
23547,218,26
23548,252,22
23549,0,3
23550,342,28
23551,0,3
23552,335,29
23553,0,3
23554,449,22
23555,475,31
23556,256,22
23557,149,19
23558,0,3
23559,0,3
23560,268,26
23561,0,3
23562,265,28
23563,0,3
23564,0,3
23565,268,24
23566,0,3
23567,333,31
23568,0,3
23569,374,24
23570,406,25
23571,285,27
23572,81,15
23573,253,28
23574,170,21
23575,325,24
23576,305,27
23577,0,3
23578,457,31
23579,219,26
23580,0,3
23581,0,3
23582,276,28
23583,0,3
23584,44,8
23585,0,3
23586,209,21
23587,242,25
23588,257,20
23589,329,33
23590,129,14
23591,512,37
23592,297,28
23593,92,10
23594,209,25
23595,271,26
23596,441,19
23597,0,3
23598,129,13
23599,178,16
23600,0,3
23601,301,26
23602,242,23
23603,276,27
23604,316,31
23605,307,30
23606,303,28
23607,0,3
23608,145,19
23609,0,3
23610,301,25
23611,0,3
23612,0,3
23613,420,31
23614,259,26
23615,0,3
23616,344,35
23617,0,3
23618,172,22
23619,167,19
23620,358,31
23621,354,23
23622,427,29
23623,0,3
23624,84,11
23625,0,3
23626,0,3
23627,58,10
23628,0,3
23629,0,3
23630,160,22
23631,0,3
23632,204,22
23633,328,24
23634,285,30
23635,575,15
23636,295,30
23637,375,29
23638,7,3
23639,423,25
23640,0,3
23641,0,3
23642,380,31
23643,0,3
23644,0,3
23645,793,35
23646,399,25
23647,0,3
23648,513,29
23649,156,17
23650,236,25
23651,209,27
23652,109,10
23653,787,33
23654,1,3
23655,352,26
23656,312,34
23657,343,32
23658,105,13
23659,262,31
23660,0,3
23661,360,28
23662,327,28
23663,244,22
23664,235,29
23665,0,3
23666,309,23
23667,206,21
23668,227,22
23669,279,22
23670,0,3
23671,164,22
23672,0,3
23673,346,18
23674,0,3
23675,248,17
23676,0,3
23677,319,8
23678,355,31
23679,437,32
23680,96,16
23681,463,31
23682,133,17
23683,366,32
23684,0,3
23685,319,29
23686,0,3
23687,200,23
23688,268,26
23689,108,16
23690,275,26
23691,96,10
23692,289,31
23693,0,3
23694,0,3
23695,303,26
23696,138,5
23697,359,23
23698,565,28
23699,407,27
23700,0,3
23701,0,3
23702,0,3
23703,0,3
23704,195,22
23705,94,12
23706,271,24
23707,114,17
23708,0,3
23709,188,18
23710,0,3
23711,0,3
23712,350,26
23713,0,3
23714,0,3
23715,240,26
23716,22,5
23717,0,3
23718,0,3
23719,0,3
23720,0,3
23721,201,18
23722,329,36
23723,0,3
23724,168,19
23725,181,21
23726,275,27
23727,232,22
23728,309,29
23729,0,3
23730,0,3
23731,241,19
23732,274,29
23733,178,23
23734,0,3
23735,537,25
23736,104,13
23737,467,35
23738,0,3
23739,233,19
23740,0,3
23741,311,17
23742,0,3
23743,405,30
23744,309,30
23745,546,43
23746,367,29
23747,0,3
23748,0,3
23749,0,3
23750,397,37
23751,229,17
23752,384,34
23753,270,20
23754,218,23
23755,290,24
23756,369,31
23757,382,30
23758,0,3
23759,0,3
23760,0,3
23761,0,3
23762,0,3
23763,0,3
23764,208,17
23765,0,3
23766,335,30
23767,223,24
23768,580,25
23769,0,3
23770,639,26
23771,300,27
23772,422,36
23773,0,3
23774,0,3
23775,315,29
23776,1,3
23777,0,3
23778,0,3
23779,266,33
23780,0,3
23781,214,24
23782,55,6
23783,302,31
23784,197,22
23785,438,26
23786,118,14
23787,0,3
23788,0,3
23789,110,19
23790,110,17
23791,219,24
23792,211,22
23793,276,27
23794,232,24
23795,173,22
23796,0,3
23797,786,30
23798,567,40
23799,276,26
23800,0,3
23801,122,15
23802,182,18
23803,0,3
23804,224,29
23805,0,3
23806,0,3
23807,0,3
23808,272,23
23809,0,3
23810,0,3
23811,305,27
23812,419,31
23813,174,20
23814,0,3
23815,0,3
23816,0,3
23817,789,31
23818,436,19
23819,0,3
23820,359,34
23821,336,36
23822,178,25
23823,0,3
23824,120,17
23825,0,3
23826,247,27
23827,0,3
23828,0,3
23829,296,26
23830,0,3
23831,0,3
23832,256,27
23833,173,16
23834,0,3
23835,190,23
23836,458,28
23837,0,3
23838,0,3
23839,0,3
23840,304,30
23841,0,3
23842,0,3
23843,0,3
23844,0,3
23845,345,35
23846,0,3
23847,0,3
23848,0,3
23849,220,24
23850,0,3
23851,0,3
23852,0,3
23853,328,32
23854,453,33
23855,0,3
23856,0,3
23857,173,16
23858,158,17
23859,223,23
23860,285,24
23861,0,3
23862,0,3
23863,304,28
23864,552,35
23865,128,14
23866,0,3
23867,218,20
23868,323,37
23869,0,3
23870,447,34
23871,86,13
23872,0,3
23873,0,3
23874,184,22
23875,223,22
23876,122,14
23877,0,3
23878,719,33
23879,0,3
23880,0,3
23881,306,37
23882,121,18
23883,306,27
23884,0,3
23885,0,3
23886,0,3
23887,392,39
23888,309,32
23889,304,34
23890,0,3
23891,262,23
23892,0,3
23893,316,40
23894,265,22
23895,0,3
23896,375,35
23897,191,25
23898,340,31
23899,0,3
23900,193,26
23901,318,39
23902,0,3
23903,204,20
23904,0,3
23905,0,3
23906,299,29
23907,225,22
23908,0,3
23909,483,16
23910,192,19
23911,440,41
23912,229,25
23913,0,3
23914,0,3
23915,518,25
23916,0,3
23917,347,27
23918,347,40
23919,118,14
23920,0,3
23921,126,17
23922,0,3
23923,0,3
23924,215,20
23925,157,22
23926,553,38
23927,200,20
23928,294,30
23929,139,16
23930,424,19
23931,0,3
23932,0,3
23933,0,3
23934,459,32
23935,369,22
23936,0,3
23937,214,19
23938,88,15
23939,251,28
23940,0,3
23941,0,3
23942,157,17
23943,311,25
23944,135,17
23945,214,21
23946,237,27
23947,0,3
23948,0,3
23949,385,38
23950,491,29
23951,280,36
23952,173,21
23953,0,3
23954,326,27
23955,349,32
23956,166,17
23957,251,28
23958,466,35
23959,0,3
23960,193,19
23961,327,30
23962,285,29
23963,448,29
23964,222,22
23965,0,3
23966,0,3
23967,0,3
23968,0,3
23969,0,3
23970,313,36
23971,0,3
23972,0,3
23973,365,30
23974,484,32
23975,168,20
23976,221,28
23977,0,3
23978,0,3
23979,0,3
23980,187,22
23981,190,24
23982,0,3
23983,129,15
23984,0,3
23985,0,3
23986,219,19
23987,0,3
23988,223,21
23989,301,32
23990,253,25
23991,177,19
23992,0,3
23993,0,3
23994,0,3
23995,59,12
23996,333,31
23997,200,21
23998,604,30
23999,155,15
24000,230,27
24001,0,3
24002,319,31
24003,0,3
24004,339,30
24005,193,24
24006,277,32
24007,243,24
24008,554,31
24009,0,3
24010,74,14
24011,357,20
24012,407,23
24013,194,21
24014,408,39
24015,556,25
24016,335,33
24017,0,3
24018,1,3
24019,194,22
24020,286,28
24021,133,17
24022,302,28
24023,0,3
24024,0,3
24025,0,3
24026,18,1
24027,0,3
24028,108,14
24029,446,35
24030,260,30
24031,499,27
24032,0,3
24033,0,3
24034,605,32
24035,189,22
24036,343,38
24037,667,29
24038,341,31
24039,346,31
24040,155,18
24041,193,24
24042,443,32
24043,0,3
24044,270,18
24045,640,25
24046,254,19
24047,475,24
24048,283,27
24049,143,17
24050,0,3
24051,333,17
24052,32,6
24053,213,24
24054,0,3
24055,0,3
24056,339,33
24057,0,3
24058,0,3
24059,238,22
24060,142,14
24061,0,3
24062,245,26
24063,0,3
24064,165,16
24065,0,3
24066,204,23
24067,262,27
24068,197,18
24069,279,29
24070,0,3
24071,204,18
24072,254,26
24073,199,23
24074,216,25
24075,295,24
24076,0,3
24077,309,29
24078,31,6
24079,171,19
24080,315,15
24081,228,24
24082,303,30
24083,316,26
24084,0,3
24085,221,25
24086,201,26
24087,170,19
24088,318,28
24089,620,30
24090,201,25
24091,450,20
24092,395,31
24093,503,31
24094,322,16
24095,322,25
24096,201,15
24097,191,18
24098,331,27
24099,428,29
24100,500,37
24101,0,3
24102,282,31
24103,500,19
24104,0,3
24105,0,3
24106,348,32
24107,257,24
24108,370,28
24109,261,24
24110,0,3
24111,0,3
24112,0,3
24113,380,25
24114,356,30
24115,181,13
24116,0,3
24117,251,22
24118,0,3
24119,0,3
24120,184,18
24121,215,24
24122,0,3
24123,574,29
24124,0,3
24125,231,23
24126,191,21
24127,151,13
24128,174,19
24129,172,20
24130,0,3
24131,342,29
24132,0,3
24133,209,22
24134,0,3
24135,69,11
24136,247,20
24137,0,3
24138,354,24
24139,0,3
24140,0,3
24141,348,27
24142,0,3
24143,244,24
24144,316,26
24145,232,18
24146,324,28
24147,0,3
24148,280,23
24149,0,3
24150,0,3
24151,0,3
24152,272,35
24153,0,3
24154,471,25
24155,205,27
24156,590,20
24157,397,31
24158,196,18
24159,241,22
24160,148,22
24161,259,23
24162,208,21
24163,0,3
24164,297,27
24165,444,29
24166,376,26
24167,268,27
24168,145,25
24169,298,27
24170,134,18
24171,0,3
24172,467,36
24173,202,19
24174,0,3
24175,0,3
24176,502,23
24177,0,3
24178,215,17
24179,275,23
24180,260,25
24181,0,3
24182,0,3
24183,463,31
24184,248,24
24185,264,24
24186,276,26
24187,0,3
24188,49,10
24189,371,27
24190,0,3
24191,471,36
24192,0,3
24193,0,3
24194,400,35
24195,0,3
24196,209,21
24197,0,3
24198,0,3
24199,200,20
24200,371,28
24201,348,24
24202,0,3
24203,251,24
24204,164,16
24205,282,24
24206,395,26
24207,0,3
24208,243,24
24209,367,28
24210,726,18
24211,446,35
24212,0,3
24213,158,23
24214,285,31
24215,173,18
24216,362,32
24217,0,3
24218,0,3
24219,331,22
24220,261,35
24221,391,28
24222,199,24
24223,261,19
24224,290,20
24225,146,24
24226,94,14
24227,601,35
24228,402,25
24229,0,3
24230,358,36
24231,479,42
24232,0,3
24233,213,26
24234,452,27
24235,0,3
24236,0,3
24237,0,3
24238,283,24
24239,0,3
24240,262,26
24241,0,3
24242,137,15
24243,138,16
24244,168,21
24245,188,17
24246,211,21
24247,367,28
24248,0,3
24249,572,23
24250,316,30
24251,0,3
24252,0,3
24253,125,20
24254,269,24
24255,215,26
24256,276,30
24257,202,20
24258,0,3
24259,0,3
24260,0,3
24261,307,14
24262,267,24
24263,0,3
24264,0,3
24265,0,3
24266,279,24
24267,270,24
24268,263,30
24269,284,25
24270,0,3
24271,49,7
24272,11,5
24273,274,16
24274,273,27
24275,0,3
24276,526,32
24277,0,3
24278,0,3
24279,0,3
24280,0,3
24281,0,3
24282,398,18
24283,909,34
24284,188,23
24285,293,31
24286,0,3
24287,0,3
24288,331,30
24289,129,13
24290,456,21
24291,62,6
24292,229,23
24293,235,21
24294,0,3
24295,76,11
24296,0,3
24297,0,3
24298,0,3
24299,479,26
24300,206,20
24301,0,3
24302,427,27
24303,309,22
24304,169,13
24305,296,23
24306,498,33
24307,260,21
24308,0,3
24309,375,38
24310,338,34
24311,335,28
24312,322,30
24313,139,18
24314,283,23
24315,0,3
24316,0,3
24317,286,25
24318,0,3
24319,0,3
24320,341,30
24321,168,20
24322,0,3
24323,243,34
24324,296,27
24325,1000,23
24326,240,32
24327,388,39
24328,0,3
24329,0,3
24330,109,19
24331,215,22
24332,108,14
24333,143,21
24334,198,21
24335,0,3
24336,227,20
24337,0,3
24338,0,3
24339,306,26
24340,0,3
24341,0,3
24342,158,18
24343,0,3
24344,0,3
24345,348,29
24346,311,25
24347,172,18
24348,431,32
24349,97,12
24350,803,36
24351,135,15
24352,208,25
24353,249,25
24354,0,3
24355,198,20
24356,268,25
24357,328,20
24358,479,27
24359,198,24
24360,0,3
24361,0,3
24362,0,3
24363,74,17
24364,348,31
24365,165,16
24366,0,3
24367,362,29
24368,394,29
24369,486,17
24370,85,13
24371,0,3
24372,260,33
24373,0,3
24374,0,3
24375,208,20
24376,286,29
24377,316,28
24378,274,24
24379,386,36
24380,134,20
24381,0,3
24382,0,3
24383,314,30
24384,276,25
24385,0,3
24386,423,32
24387,0,3
24388,290,27
24389,322,31
24390,0,3
24391,128,13
24392,325,28
24393,337,16
24394,0,3
24395,0,3
24396,407,27
24397,0,3
24398,0,3
24399,321,22
24400,0,3
24401,556,31
24402,346,38
24403,292,24
24404,263,27
24405,0,3
24406,175,24
24407,307,27
24408,194,25
24409,243,28
24410,326,27
24411,414,32
24412,345,31
24413,387,38
24414,0,3
24415,0,3
24416,132,14
24417,191,23
24418,333,23
24419,0,3
24420,0,3
24421,0,3
24422,500,34
24423,389,30
24424,299,29
24425,0,3
24426,227,18
24427,480,42
24428,216,22
24429,218,18
24430,133,18
24431,411,23
24432,172,19
24433,201,19
24434,0,3
24435,235,21
24436,0,3
24437,663,19
24438,0,3
24439,56,10
24440,281,26
24441,0,3
24442,0,3
24443,0,3
24444,74,10
24445,314,37
24446,0,3
24447,224,22
24448,283,18
24449,272,26
24450,318,31
24451,178,15
24452,262,29
24453,0,3
24454,66,12
24455,0,3
24456,0,3
24457,197,19
24458,268,25
24459,254,23
24460,0,3
24461,460,28
24462,0,3
24463,0,3
24464,0,3
24465,182,22
24466,182,10
24467,357,33
24468,110,18
24469,391,33
24470,300,27
24471,0,3
24472,183,20
24473,0,3
24474,530,26
24475,224,20
24476,265,27
24477,0,3
24478,216,16
24479,293,15
24480,312,32
24481,185,22
24482,196,20
24483,257,24
24484,407,29
24485,0,3
24486,297,22
24487,199,24
24488,288,30
24489,267,25
24490,0,3
24491,0,3
24492,752,29
24493,259,25
24494,0,3
24495,246,23
24496,288,24
24497,370,33
24498,0,3
24499,0,3
24500,0,3
24501,0,3
24502,0,3
24503,245,28
24504,329,29
24505,227,25
24506,243,24
24507,421,38
24508,402,36
24509,184,16
24510,343,27
24511,633,31
24512,134,17
24513,200,24
24514,392,10
24515,393,35
24516,306,28
24517,0,3
24518,339,25
24519,249,24
24520,111,13
24521,432,25
24522,0,3
24523,252,25
24524,0,3
24525,0,3
24526,0,3
24527,206,21
24528,335,31
24529,0,3
24530,134,17
24531,156,20
24532,199,21
24533,0,3
24534,0,3
24535,0,3
24536,220,24
24537,96,14
24538,367,32
24539,328,29
24540,330,33
24541,245,29
24542,0,3
24543,0,3
24544,263,23
24545,403,26
24546,0,3
24547,197,18
24548,121,11
24549,334,24
24550,218,30
24551,241,23
24552,50,7
24553,0,3
24554,421,19
24555,0,3
24556,0,3
24557,0,3
24558,405,28
24559,97,13
24560,326,28
24561,173,24
24562,117,15
24563,345,35
24564,168,21
24565,0,3
24566,0,3
24567,358,30
24568,447,16
24569,280,23
24570,0,3
24571,373,26
24572,509,34
24573,235,23
24574,261,20
24575,377,24
24576,0,3
24577,269,30
24578,0,3
24579,0,3
24580,328,16
24581,542,25
24582,245,26
24583,355,34
24584,247,29
24585,0,3
24586,754,28
24587,0,3
24588,0,3
24589,361,30
24590,250,28
24591,207,18
24592,220,23
24593,269,27
24594,213,21
24595,0,3
24596,376,30
24597,0,3
24598,306,28
24599,308,34
24600,0,3
24601,287,27
24602,297,25
24603,0,3
24604,0,3
24605,0,3
24606,346,28
24607,0,3
24608,112,14
24609,517,30
24610,233,25
24611,331,21
24612,0,3
24613,0,3
24614,0,3
24615,282,23
24616,584,33
24617,118,19
24618,0,3
24619,517,33
24620,0,3
24621,370,29
24622,248,27
24623,0,3
24624,0,3
24625,275,22
24626,341,24
24627,0,3
24628,0,3
24629,0,3
24630,186,23
24631,98,12
24632,279,23
24633,364,27
24634,226,21
24635,0,3
24636,155,20
24637,235,18
24638,0,3
24639,0,3
24640,0,3
24641,327,28
24642,0,3
24643,251,24
24644,335,26
24645,0,3
24646,747,33
24647,548,35
24648,320,29
24649,289,23
24650,133,23
24651,197,20
24652,295,25
24653,0,3
24654,170,17
24655,189,21
24656,0,3
24657,0,3
24658,0,3
24659,0,3
24660,277,27
24661,0,3
24662,14,4
24663,395,23
24664,297,26
24665,492,30
24666,260,21
24667,167,9
24668,189,20
24669,0,3
24670,0,3
24671,0,3
24672,350,34
24673,0,3
24674,0,3
24675,0,3
24676,296,26
24677,278,20
24678,235,28
24679,291,26
24680,545,30
24681,0,3
24682,348,28
24683,230,19
24684,312,18
24685,428,35
24686,202,21
24687,371,30
24688,486,27
24689,364,31
24690,0,3
24691,121,15
24692,0,3
24693,178,22
24694,406,25
24695,0,3
24696,230,25
24697,346,17
24698,240,13
24699,223,27
24700,294,28
24701,0,3
24702,133,16
24703,0,3
24704,351,34
24705,331,36
24706,183,12
24707,362,21
24708,185,18
24709,531,26
24710,221,23
24711,238,26
24712,476,29
24713,0,3
24714,311,30
24715,294,30
24716,357,28
24717,512,37
24718,0,3
24719,257,26
24720,272,30
24721,0,3
24722,104,12
24723,335,21
24724,247,28
24725,362,24
24726,0,3
24727,745,37
24728,0,3
24729,0,3
24730,320,27
24731,0,3
24732,163,14
24733,0,3
24734,0,3
24735,0,3
24736,143,21
24737,465,36
24738,289,21
24739,0,3
24740,256,22
24741,243,24
24742,0,3
24743,0,3
24744,0,3
24745,189,23
24746,327,27
24747,294,28
24748,0,3
24749,0,3
24750,0,3
24751,0,3
24752,257,21
24753,305,22
24754,0,3
24755,315,19
24756,287,21
24757,102,13
24758,0,3
24759,208,18
24760,151,19
24761,477,28
24762,599,21
24763,216,19
24764,381,31
24765,0,3
24766,0,3
24767,509,30
24768,311,17
24769,289,21
24770,324,27
24771,397,22
24772,159,18
24773,788,19
24774,0,3
24775,393,37
24776,0,3
24777,0,3
24778,0,3
24779,0,3
24780,237,24
24781,398,23
24782,123,21
24783,210,21
24784,0,3
24785,332,27
24786,429,24
24787,385,31
24788,85,8
24789,330,26
24790,266,24
24791,0,3
24792,0,3
24793,279,17
24794,0,3
24795,271,28
24796,344,33
24797,476,21
24798,167,18
24799,0,3
24800,202,21
24801,262,20
24802,0,3
24803,219,20
24804,605,20
24805,0,3
24806,0,3
24807,0,3
24808,171,19
24809,476,26
24810,247,19
24811,0,3
24812,386,31
24813,200,18
24814,250,20
24815,274,26
24816,0,3
24817,0,3
24818,201,20
24819,264,17
24820,323,28
24821,376,23
24822,248,25
24823,265,24
24824,207,22
24825,307,28
24826,279,26
24827,86,11
24828,0,3
24829,297,30
24830,0,3
24831,0,3
24832,136,14
24833,257,23
24834,351,32
24835,319,20
24836,0,3
24837,0,3
24838,0,3
24839,719,37
24840,0,3
24841,269,21
24842,0,3
24843,383,31
24844,240,26
24845,0,3
24846,390,27
24847,169,22
24848,0,3
24849,142,21
24850,198,25
24851,0,3
24852,189,21
24853,385,26
24854,338,27
24855,246,19
24856,223,20
24857,0,3
24858,0,3
24859,363,24
24860,274,24
24861,214,23
24862,0,3
24863,396,29
24864,262,19
24865,201,22
24866,529,24
24867,296,28
24868,294,21
24869,0,3
24870,5,3
24871,164,18
24872,0,3
24873,168,14
24874,0,3
24875,0,3
24876,422,25
24877,487,19
24878,0,3
24879,0,3
24880,0,3
24881,352,29
24882,287,26
24883,0,3
24884,0,3
24885,279,22
24886,432,37
24887,54,10
24888,270,19
24889,0,3
24890,324,30
24891,0,3
24892,0,3
24893,0,3
24894,250,26
24895,188,14
24896,257,26
24897,0,3
24898,0,3
24899,276,20
24900,0,3
24901,107,12
24902,302,33
24903,394,36
24904,298,30
24905,0,3
24906,0,3
24907,0,3
24908,0,3
24909,282,20
24910,184,18
24911,250,23
24912,659,28
24913,128,14
24914,0,3
24915,120,13
24916,319,32
24917,0,3
24918,343,27
24919,352,33
24920,0,3
24921,360,35
24922,231,19
24923,494,28
24924,192,17
24925,249,22
24926,469,24
24927,0,3
24928,571,25
24929,272,20
24930,188,23
24931,372,24
24932,0,3
24933,310,18
24934,0,3
24935,248,27
24936,342,26
24937,306,29
24938,328,25
24939,124,14
24940,367,37
24941,529,26
24942,186,12
24943,298,23
24944,0,3
24945,242,29
24946,345,25
24947,0,3
24948,366,26
24949,428,27
24950,0,3
24951,81,10
24952,0,3
24953,37,6
24954,0,3
24955,351,31
24956,0,3
24957,0,3
24958,393,34
24959,247,25
24960,0,3
24961,241,25
24962,300,21
24963,472,32
24964,0,3
24965,171,21
24966,560,30
24967,228,21
24968,0,3
24969,0,3
24970,330,28
24971,301,26
24972,442,34
24973,310,32
24974,225,25
24975,221,30
24976,219,19
24977,256,24
24978,0,3
24979,497,27
24980,0,3
24981,593,26
24982,0,3
24983,0,3
24984,266,23
24985,346,27
24986,533,13
24987,236,22
24988,146,11
24989,0,3
24990,0,3
24991,472,36
24992,76,11
24993,118,12
24994,0,3
24995,258,25
24996,399,38
24997,1000,24
24998,0,3
24999,38,6
25000,131,16
25001,177,19
25002,449,35
25003,561,21
25004,360,26
25005,246,23
25006,0,3
25007,0,3
25008,0,3
25009,129,16
25010,0,3
25011,0,3
25012,167,16
25013,480,37
25014,0,3
25015,516,29
25016,0,3
25017,132,9
25018,300,26
25019,550,36
25020,240,22
25021,470,19
25022,553,17
25023,141,16
25024,333,28
25025,490,33
25026,93,11
25027,0,3
25028,241,21
25029,0,3
25030,83,8
25031,426,31
25032,608,30
25033,280,22
25034,0,3
25035,316,30
25036,249,22
25037,253,22
25038,0,3
25039,0,3
25040,305,31
25041,613,21
25042,0,3
25043,426,28
25044,377,24
25045,452,30
25046,436,32
25047,463,25
25048,467,30
25049,0,3
25050,278,27
25051,0,3
25052,369,27
25053,454,35
25054,215,22
25055,275,22
25056,0,3
25057,407,20
25058,0,3
25059,0,3
25060,455,27
25061,159,17
25062,321,27
25063,261,28
25064,0,3
25065,474,39
25066,0,3
25067,0,3
25068,423,36
25069,0,3
25070,426,15
25071,194,20
25072,270,23
25073,0,3
25074,0,3
25075,391,28
25076,241,21
25077,0,3
25078,160,16
25079,155,15
25080,0,3
25081,0,3
25082,404,28
25083,0,3
25084,448,26
25085,307,28
25086,176,16
25087,97,10
25088,0,3
25089,397,18
25090,394,28
25091,285,26
25092,0,3
25093,340,30
25094,333,19
25095,461,30
25096,421,32
25097,0,3
25098,0,3
25099,0,3
25100,412,26
25101,0,3
25102,477,18
25103,340,24
25104,0,3
25105,442,21
25106,457,35
25107,172,18
25108,307,23
25109,266,26
25110,298,31
25111,423,34
25112,263,20
25113,463,20
25114,0,3
25115,0,3
25116,260,27
25117,356,36
25118,405,36
25119,0,3
25120,0,3
25121,180,17
25122,219,25
25123,166,19
25124,369,29
25125,261,26
25126,0,3
25127,351,32
25128,182,18
25129,209,23
25130,458,18
25131,0,3
25132,0,3
25133,472,36
25134,332,27
25135,368,28
25136,287,27
25137,17,5
25138,1000,26
25139,446,33
25140,321,29
25141,0,3
25142,590,28
25143,0,3
25144,320,27
25145,0,3
25146,496,23
25147,265,17
25148,20,4
25149,0,3
25150,229,22
25151,316,25
25152,180,15
25153,0,3
25154,351,25
25155,0,3
25156,289,28
25157,107,11
25158,518,34
25159,338,27
25160,0,3
25161,914,28
25162,0,3
25163,312,24
25164,421,35
25165,397,33
25166,13,4
25167,269,26
25168,268,22
25169,300,28
25170,0,3
25171,345,25
25172,415,33
25173,0,3
25174,443,39
25175,276,23
25176,344,25
25177,0,3
25178,0,3
25179,413,28
25180,422,26
25181,241,19
25182,392,31
25183,0,3
25184,412,29
25185,171,18
25186,793,30
25187,537,29
25188,0,3
25189,1000,2
25190,211,11
25191,196,19
25192,0,3
25193,271,21
25194,0,3
25195,376,28
25196,0,3
25197,46,9
25198,0,3
25199,0,3
25200,272,27
25201,298,26
25202,0,3
25203,678,31
25204,344,26
25205,79,14
25206,324,28
25207,0,3
25208,197,21
25209,167,20
25210,504,31
25211,379,27
25212,282,23
25213,51,10
25214,208,20
25215,0,3
25216,359,30
25217,0,3
25218,114,14
25219,0,3
25220,0,3
25221,366,26
25222,0,3
25223,221,20
25224,36,8
25225,456,11
25226,0,3
25227,0,3
25228,0,3
25229,100,9
25230,163,13
25231,0,3
25232,235,27
25233,313,21
25234,410,26
25235,734,31
25236,385,27
25237,273,26
25238,316,23
25239,321,17
25240,0,3
25241,0,3
25242,316,27
25243,331,13
25244,0,3
25245,0,3
25246,294,27
25247,0,3
25248,0,3
25249,370,30
25250,201,22
25251,276,22
25252,0,3
25253,0,3
25254,0,3
25255,0,3
25256,0,3
25257,239,22
25258,149,14
25259,352,31
25260,0,3
25261,0,3
25262,316,17
25263,0,3
25264,341,23
25265,170,18
25266,322,16
25267,194,18
25268,297,27
25269,118,5
25270,538,29
25271,642,25
25272,402,27
25273,349,29
25274,0,3
25275,345,33
25276,156,17
25277,329,22
25278,513,30
25279,436,22
25280,232,16
25281,464,29
25282,393,25
25283,0,3
25284,376,32
25285,427,29
25286,560,27
25287,0,3
25288,328,21
25289,325,24
25290,0,3
25291,0,3
25292,588,26
25293,655,23
25294,0,3
25295,0,3
25296,0,3
25297,0,3
25298,423,20
25299,604,24
25300,242,24
25301,1,3
25302,353,32
25303,631,37
25304,275,30
25305,226,24
25306,405,19
25307,350,29
25308,0,3
25309,0,3
25310,0,3
25311,214,21
25312,0,3
25313,0,3
25314,404,32
25315,388,30
25316,0,3
25317,64,8
25318,0,3
25319,0,3
25320,0,3
25321,0,3
25322,0,3
25323,254,31
25324,316,24
25325,274,21
25326,256,18
25327,496,27
25328,0,3
25329,320,27
25330,0,3
25331,0,3
25332,368,23
25333,0,3
25334,0,3
25335,278,20
25336,389,30
25337,220,21
25338,450,29
25339,347,20
25340,0,3
25341,281,30
25342,207,22
25343,257,20
25344,282,26
25345,0,3
25346,0,3
25347,0,3
25348,0,3
25349,279,25
25350,0,3
25351,356,26
25352,259,25
25353,292,26
25354,704,28
25355,498,24
25356,0,3
25357,146,18
25358,0,3
25359,744,24
25360,202,23
25361,0,3
25362,213,16
25363,0,3
25364,0,3
25365,144,19
25366,167,23
25367,424,32
25368,0,3
25369,191,17
25370,650,24
25371,0,3
25372,0,3
25373,413,20
25374,281,24
25375,0,3
25376,0,3
25377,163,15
25378,216,22
25379,221,23
25380,506,25
25381,0,3
25382,226,22
25383,538,24
25384,0,3
25385,0,3
25386,235,20
25387,337,23
25388,0,3
25389,0,3
25390,0,3
25391,0,3
25392,0,3
25393,0,3
25394,373,26
25395,24,6
25396,307,23
25397,247,16
25398,436,29
25399,0,3
25400,244,24
25401,0,3
25402,0,3
25403,369,29
25404,315,27
25405,452,31
25406,251,27
25407,636,24
25408,0,3
25409,0,3
25410,0,3
25411,702,20
25412,238,17
25413,340,21
25414,206,22
25415,188,20
25416,0,3
25417,0,3
25418,325,27
25419,186,20
25420,297,20
25421,348,25
25422,0,3
25423,0,3
25424,359,33
25425,0,3
25426,229,20
25427,369,25
25428,440,31
25429,212,19
25430,0,3
25431,393,25
25432,0,3
25433,0,3
25434,362,27
25435,253,25
25436,289,20
25437,589,33
25438,75,10
25439,211,20
25440,288,27
25441,238,24
25442,855,24
25443,505,27
25444,0,3
25445,281,24
25446,167,17
25447,239,25
25448,0,3
25449,0,3
25450,0,3
25451,0,3
25452,138,16
25453,278,22
25454,0,3
25455,199,27
25456,225,22
25457,0,3
25458,527,30
25459,296,29
25460,430,36
25461,377,30
25462,486,29
25463,246,25
25464,231,18
25465,372,30
25466,287,25
25467,291,20
25468,477,24
25469,549,29
25470,0,3
25471,177,18
25472,0,3
25473,196,23
25474,471,29
25475,338,28
25476,310,17
25477,332,29
25478,390,26
25479,242,24
25480,432,26
25481,0,3
25482,249,23
25483,560,17
25484,0,3
25485,0,3
25486,303,26
25487,403,30
25488,0,3
25489,450,23
25490,0,3
25491,463,24
25492,580,28
25493,0,3
25494,0,3
25495,204,17
25496,0,3
25497,311,27
25498,0,3
25499,624,26
25500,0,3
25501,14,3
25502,255,18
25503,187,17
25504,0,3
25505,224,11
25506,430,25
25507,471,34
25508,281,26
25509,315,22
25510,0,3
25511,0,3
25512,277,27
25513,327,25
25514,239,18
25515,576,30
25516,806,31
25517,349,27
25518,0,3
25519,0,3
25520,390,28
25521,0,3
25522,238,23
25523,0,3
25524,851,29
25525,0,3
25526,0,3
25527,271,14
25528,389,32
25529,467,33
25530,0,3
25531,273,21
25532,198,25
25533,314,26
25534,472,22
25535,253,23
25536,0,3
25537,396,32
25538,314,23
25539,0,3
25540,0,3
25541,473,23
25542,0,3
25543,359,27
25544,0,3
25545,495,23
25546,251,24
25547,0,3
25548,339,30
25549,176,15
25550,0,3
25551,0,3
25552,0,3
25553,0,3
25554,0,3
25555,393,26
25556,209,16
25557,319,25
25558,0,3
25559,430,22
25560,0,3
25561,0,3
25562,443,30
25563,0,3
25564,0,3
25565,0,3
25566,512,18
25567,0,3
25568,250,11
25569,0,3
25570,425,25
25571,280,21
25572,338,23
25573,0,3
25574,417,19
25575,0,3
25576,537,30
25577,694,30
25578,246,22
25579,0,3
25580,121,12
25581,0,3
25582,0,3
25583,365,33
25584,0,3
25585,201,22
25586,0,3
25587,0,3
25588,0,3
25589,299,26
25590,0,3
25591,83,11
25592,268,19
25593,492,23
25594,226,16
25595,0,3
25596,0,3
25597,52,12
25598,229,17
25599,0,3
25600,0,3
25601,222,22
25602,269,19
25603,510,22
25604,387,26
25605,394,21
25606,1000,23
25607,253,12
25608,0,3
25609,0,3
25610,365,17
25611,284,21
25612,224,19
25613,321,26
25614,0,3
25615,0,3
25616,0,3
25617,0,3
25618,0,3
25619,478,26
25620,0,3
25621,381,23
25622,255,22
25623,286,22
25624,330,27
25625,376,24
25626,292,29
25627,0,3
25628,0,3
25629,0,3
25630,249,23
25631,0,3
25632,686,31
25633,314,26
25634,0,3
25635,0,3
25636,427,14
25637,429,25
25638,222,22
25639,204,18
25640,0,3
25641,19,7
25642,171,18
25643,350,16
25644,213,21
25645,0,3
25646,278,23
25647,81,11
25648,244,12
25649,110,16
25650,0,3
25651,180,19
25652,360,32
25653,361,15
25654,0,3
25655,158,21
25656,292,25
25657,617,26
25658,240,22
25659,0,3
25660,195,21
25661,397,23
25662,312,19
25663,339,27
25664,0,3
25665,295,27
25666,0,3
25667,0,3
25668,227,27
25669,436,28
25670,993,30
25671,158,19
25672,543,34
25673,0,3
25674,0,3
25675,0,3
25676,0,3
25677,241,21
25678,0,3
25679,0,3
25680,632,32
25681,0,3
25682,10,4
25683,0,3
25684,203,18
25685,374,30
25686,251,18
25687,343,31
25688,366,25
25689,216,20
25690,259,13
25691,234,27
25692,299,13
25693,0,3
25694,727,34
25695,0,3
25696,125,13
25697,223,19
25698,501,26
25699,0,3
25700,153,16
25701,305,26
25702,0,3
25703,0,3
25704,0,3
25705,276,25
25706,420,36
25707,49,8
25708,491,30
25709,472,20
25710,412,36
25711,328,26
25712,162,15
25713,196,23
25714,351,23
25715,54,11
25716,521,25
25717,139,14
25718,187,20
25719,381,32
25720,0,3
25721,274,23
25722,0,3
25723,238,22
25724,206,24
25725,0,3
25726,493,37
25727,323,26
25728,0,3
25729,0,3
25730,406,24
25731,392,28
25732,629,37
25733,225,21
25734,159,20
25735,390,27
25736,0,3
25737,222,24
25738,157,17
25739,0,3
25740,0,3
25741,458,29
25742,365,23
25743,274,23
25744,483,26
25745,0,3
25746,342,21
25747,0,3
25748,0,3
25749,241,24
25750,0,3
25751,301,25
25752,16,4
25753,273,26
25754,193,24
25755,370,18
25756,0,3
25757,0,3
25758,0,3
25759,459,35
25760,0,3
25761,0,3
25762,0,3
25763,545,27
25764,169,12
25765,485,31
25766,686,28
25767,253,19
25768,0,3
25769,327,26
25770,255,17
25771,0,3
25772,0,3
25773,0,3
25774,119,21
25775,455,30
25776,0,3
25777,540,22
25778,452,21
25779,313,25
25780,168,13
25781,0,3
25782,0,3
25783,581,28
25784,155,14
25785,282,25
25786,0,3
25787,0,3
25788,0,3
25789,0,3
25790,241,20
25791,89,11
25792,269,22
25793,21,5
25794,0,3
25795,174,22
25796,0,3
25797,265,18
25798,78,15
25799,292,33
25800,266,24
25801,0,3
25802,491,23
25803,465,35
25804,269,23
25805,370,27
25806,0,3
25807,451,27
25808,0,3
25809,322,35
25810,190,19
25811,582,18
25812,0,3
25813,0,3
25814,0,3
25815,0,3
25816,409,34
25817,0,3
25818,0,3
25819,230,22
25820,883,14
25821,359,29
25822,0,3
25823,0,3
25824,0,3
25825,108,9
25826,221,18
25827,0,3
25828,322,17
25829,253,18
25830,0,3
25831,0,3
25832,0,3
25833,416,27
25834,360,21
25835,0,3
25836,0,3
25837,155,20
25838,0,3
25839,129,14
25840,0,3
25841,369,32
25842,311,21
25843,291,26
25844,286,22
25845,600,37
25846,0,3
25847,298,30
25848,0,3
25849,304,29
25850,284,27
25851,49,8
25852,303,21
25853,304,26
25854,159,19
25855,405,29
25856,0,3
25857,242,19
25858,306,27
25859,0,3
25860,0,3
25861,530,26
25862,162,17
25863,321,27
25864,606,32
25865,286,22
25866,0,3
25867,256,25
25868,0,3
25869,163,21
25870,424,27
25871,0,3
25872,0,3
25873,0,3
25874,0,3
25875,619,23
25876,321,25
25877,0,3
25878,356,28
25879,361,24
25880,465,32
25881,535,18
25882,257,24
25883,224,19
25884,0,3
25885,359,25
25886,0,3
25887,0,3
25888,0,3
25889,448,33
25890,0,3
25891,364,29
25892,354,23
25893,280,22
25894,386,23
25895,271,29
25896,295,24
25897,135,17
25898,355,27
25899,187,14
25900,217,18
25901,313,18
25902,687,34
25903,0,3
25904,0,3
25905,0,3
25906,0,3
25907,309,23
25908,378,22
25909,326,26
25910,0,3
25911,660,30
25912,102,17
25913,0,3
25914,0,3
25915,453,31
25916,0,3
25917,0,3
25918,0,3
25919,746,30
25920,376,24
25921,332,27
25922,237,18
25923,289,21
25924,309,23
25925,323,29
25926,342,30
25927,318,27
25928,0,3
25929,195,31
25930,347,29
25931,490,21
25932,0,3
25933,464,20
25934,0,3
25935,379,31
25936,806,31
25937,0,3
25938,341,24
25939,255,25
25940,280,24
25941,166,13
25942,0,3
25943,150,15
25944,767,32
25945,0,3
25946,0,3
25947,388,27
25948,0,3
25949,201,19
25950,205,25
25951,0,3
25952,396,22
25953,349,27
25954,134,18
25955,0,3
25956,392,33
25957,401,28
25958,0,3
25959,110,8
25960,0,3
25961,0,3
25962,303,23
25963,0,3
25964,0,3
25965,0,3
25966,0,3
25967,279,23
25968,368,27
25969,206,23
25970,289,24
25971,143,16
25972,0,3
25973,582,26
25974,356,29
25975,243,20
25976,136,16
25977,0,3
25978,0,3
25979,509,22
25980,312,28
25981,347,30
25982,733,35
25983,499,36
25984,325,18
25985,341,22
25986,230,23
25987,0,3
25988,327,23
25989,0,3
25990,0,3
25991,0,3
25992,200,18
25993,0,3
25994,0,3
25995,0,3
25996,368,23
25997,212,25
25998,0,3
25999,0,3
26000,360,30
26001,483,27
26002,309,24
26003,228,7
26004,197,20
26005,256,27
26006,0,3
26007,222,23
26008,252,21
26009,392,31
26010,0,3
26011,247,26
26012,0,3
26013,0,3
26014,268,23
26015,484,39
26016,369,31
26017,313,25
26018,0,3
26019,281,28
26020,297,26
26021,350,29
26022,327,25
26023,0,3
26024,252,27
26025,224,21
26026,0,3
26027,129,12
26028,417,19
26029,281,27
26030,272,28
26031,503,21
26032,386,12
26033,0,3
26034,0,3
26035,210,24
26036,403,28
26037,671,27
26038,0,3
26039,240,17
26040,200,12
26041,190,23
26042,0,3
26043,0,3
26044,0,3
26045,417,32
26046,298,20
26047,325,21
26048,477,29
26049,0,3
26050,173,15
26051,304,20
26052,0,3
26053,472,18
26054,287,27
26055,373,29
26056,710,29
26057,251,31
26058,1000,19
26059,419,24
26060,0,3
26061,227,22
26062,307,23
26063,431,20
26064,315,24
26065,0,3
26066,258,23
26067,415,32
26068,0,3
26069,0,3
26070,0,3
26071,0,3
26072,814,17
26073,282,21
26074,305,13
26075,0,3
26076,312,26
26077,0,3
26078,0,3
26079,127,16
26080,346,27
26081,269,28
26082,0,3
26083,336,31
26084,526,35
26085,0,3
26086,0,3
26087,180,21
26088,0,3
26089,251,14
26090,247,21
26091,282,21
26092,0,3
26093,328,26
26094,0,3
26095,254,22
26096,169,19
26097,0,3
26098,0,3
26099,581,29
26100,288,30
26101,307,30
26102,777,13
26103,0,3
26104,260,19
26105,0,3
26106,0,3
26107,0,3
26108,459,29
26109,0,3
26110,294,25
26111,291,28
26112,0,3
26113,285,27
26114,138,18
26115,265,23
26116,300,19
26117,0,3
26118,0,3
26119,202,21
26120,0,3
26121,191,19
26122,0,3
26123,264,27
26124,0,3
26125,219,24
26126,190,20
26127,0,3
26128,321,23
26129,0,3
26130,280,27
26131,122,17
26132,468,27
26133,0,3
26134,330,28
26135,0,3
26136,288,21
26137,0,3
26138,0,3
26139,0,3
26140,316,24
26141,0,3
26142,239,25
26143,368,11
26144,154,21
26145,0,3
26146,413,26
26147,609,24
26148,495,35
26149,284,23
26150,0,3
26151,174,14
26152,0,3
26153,172,18
26154,0,3
26155,0,3
26156,0,3
26157,0,3
26158,0,3
26159,171,18
26160,0,3
26161,331,24
26162,0,3
26163,197,19
26164,0,3
26165,0,3
26166,1000,23
26167,574,36
26168,0,3
26169,110,15
26170,676,25
26171,540,26
26172,197,21
26173,540,20
26174,517,29
26175,0,3
26176,0,3
26177,0,3
26178,0,3
26179,247,31
26180,949,23
26181,337,19
26182,771,23
26183,0,3
26184,0,3
26185,465,32
26186,415,24
26187,235,18
26188,0,3
26189,442,26
26190,369,22
26191,402,26
26192,338,26
26193,9,4
26194,248,25
26195,449,33
26196,660,28
26197,179,20
26198,0,3
26199,0,3
26200,0,3
26201,259,25
26202,389,16
26203,360,26
26204,236,27
26205,467,32
26206,0,3
26207,0,3
26208,412,29
26209,231,29
26210,163,16
26211,548,21
26212,0,3
26213,131,13
26214,173,17
26215,0,3
26216,0,3
26217,0,3
26218,0,3
26219,240,21
26220,499,27
26221,91,14
26222,678,32
26223,350,29
26224,252,22
26225,364,26
26226,0,3
26227,771,28
26228,0,3
26229,258,28
26230,234,18
26231,0,3
26232,347,24
26233,0,3
26234,0,3
26235,624,26
26236,0,3
26237,439,27
26238,438,32
26239,150,20
26240,0,3
26241,0,3
26242,132,13
26243,199,20
26244,0,3
26245,277,24
26246,260,31
26247,488,32
26248,237,19
26249,0,3
26250,0,3
26251,0,3
26252,432,27
26253,97,12
26254,0,3
26255,218,18
26256,0,3
26257,392,29
26258,433,26
26259,429,25
26260,660,28
26261,467,27
26262,368,28
26263,0,3
26264,506,20
26265,376,33
26266,0,3
26267,0,3
26268,896,37
26269,0,3
26270,144,12
26271,314,25
26272,0,3
26273,0,3
26274,0,3
26275,336,29
26276,277,24
26277,0,3
26278,0,3
26279,267,25
26280,180,16
26281,0,3
26282,386,24
26283,402,28
26284,0,3
26285,0,3
26286,39,7
26287,1000,20
26288,0,3
26289,37,5
26290,363,24
26291,894,22
26292,129,13
26293,583,37
26294,0,3
26295,0,3
26296,560,30
26297,766,26
26298,106,12
26299,225,26
26300,481,23
26301,0,3
26302,0,3
26303,1000,27
26304,178,15
26305,454,24
26306,601,37
26307,322,30
26308,133,18
26309,236,25
26310,169,16
26311,0,3
26312,197,8
26313,0,3
26314,280,29
26315,690,25
26316,344,24
26317,506,21
26318,0,3
26319,0,3
26320,0,3
26321,312,30
26322,270,18
26323,546,33
26324,314,23
26325,737,26
26326,290,24
26327,277,24
26328,0,3
26329,0,3
26330,249,21
26331,452,26
26332,346,26
26333,0,3
26334,224,20
26335,0,3
26336,0,3
26337,0,3
26338,431,36
26339,0,3
26340,120,16
26341,382,23
26342,206,21
26343,430,22
26344,325,25
26345,300,25
26346,487,35
26347,489,22
26348,0,3
26349,415,18
26350,0,3
26351,108,13
26352,298,19
26353,190,19
26354,405,24
26355,184,18
26356,348,24
26357,207,25
26358,590,24
26359,230,22
26360,284,30
26361,349,28
26362,462,20
26363,307,25
26364,315,24
26365,0,3
26366,0,3
26367,0,3
26368,0,3
26369,420,19
26370,0,3
26371,0,3
26372,0,3
26373,758,25
26374,229,19
26375,0,3
26376,438,22
26377,278,25
26378,402,22
26379,792,35
26380,504,28
26381,0,3
26382,157,11
26383,174,20
26384,535,23
26385,412,22
26386,0,3
26387,206,13
26388,0,3
26389,364,28
26390,0,3
26391,728,25
26392,0,3
26393,610,31
26394,0,3
26395,343,24
26396,0,3
26397,554,34
26398,0,3
26399,585,26
26400,280,8
26401,0,3
26402,0,3
26403,388,29
26404,0,3
26405,461,34
26406,0,3
26407,0,3
26408,338,25
26409,176,17
26410,0,3
26411,166,19
26412,696,26
26413,187,13
26414,307,17
26415,444,25
26416,382,24
26417,314,15
26418,640,19
26419,231,23
26420,264,17
26421,0,3
26422,309,25
26423,0,3
26424,231,6
26425,401,27
26426,567,34
26427,267,19
26428,657,30
26429,303,24
26430,0,3
26431,283,21
26432,0,3
26433,504,30
26434,342,24
26435,0,3
26436,299,27
26437,0,3
26438,0,3
26439,0,3
26440,0,3
26441,248,14
26442,398,27
26443,895,21
26444,0,3
26445,0,3
26446,246,15
26447,377,19
26448,0,3
26449,250,21
26450,284,22
26451,0,3
26452,0,3
26453,377,19
26454,649,20
26455,177,18
26456,153,17
26457,186,21
26458,135,8
26459,173,16
26460,765,26
26461,394,23
26462,0,3
26463,537,27
26464,0,3
26465,0,3
26466,0,3
26467,395,33
26468,0,3
26469,346,16
26470,341,21
26471,409,32
26472,0,3
26473,113,14
26474,162,19
26475,266,25
26476,297,25
26477,482,33
26478,0,3
26479,194,17
26480,196,20
26481,531,34
26482,430,25
26483,475,25
26484,248,22
26485,292,26
26486,9,4
26487,400,35
26488,0,3
26489,0,3
26490,0,3
26491,778,19
26492,95,12
26493,0,3
26494,0,3
26495,650,24
26496,0,3
26497,274,25
26498,362,27
26499,371,27
26500,442,23
26501,0,3
26502,479,21
26503,0,3
26504,639,25
26505,287,23
26506,0,3
26507,0,3
26508,0,3
26509,0,3
26510,0,3
26511,195,18
26512,299,26
26513,0,3
26514,39,6
26515,0,3
26516,1000,2
26517,523,25
26518,382,28
26519,0,3
26520,376,24
26521,0,3
26522,0,3
26523,345,22
26524,123,18
26525,0,3
26526,0,3
26527,240,20
26528,0,3
26529,315,22
26530,308,27
26531,195,13
26532,489,26
26533,0,3
26534,0,3
26535,0,3
26536,394,31
26537,0,3
26538,337,24
26539,452,20
26540,0,3
26541,279,11
26542,778,24
26543,0,3
26544,493,33
26545,0,3
26546,0,3
26547,0,3
26548,0,3
26549,118,14
26550,546,27
26551,251,21
26552,434,27
26553,0,3
26554,279,18
26555,256,24
26556,524,33
26557,0,3
26558,0,3
26559,277,30
26560,46,12
26561,414,13
26562,0,3
26563,0,3
26564,440,28
26565,30,8
26566,0,3
26567,214,15
26568,0,3
26569,837,25
26570,56,8
26571,0,3
26572,690,23
26573,270,26
26574,236,19
26575,238,32
26576,0,3
26577,0,3
26578,0,3
26579,175,20
26580,0,3
26581,176,18
26582,0,3
26583,0,3
26584,249,18
26585,0,3
26586,277,23
26587,331,30
26588,309,31
26589,304,26
26590,0,3
26591,569,30
26592,351,17
26593,684,29
26594,0,3
26595,0,3
26596,441,23
26597,126,13
26598,0,3
26599,319,19
26600,0,3
26601,426,21
26602,0,3
26603,206,19
26604,0,3
26605,160,20
26606,254,20
26607,241,21
26608,133,20
26609,0,3
26610,165,17
26611,0,3
26612,0,3
26613,0,3
26614,506,34
26615,987,27
26616,125,13
26617,283,30
26618,189,15
26619,0,3
26620,423,23
26621,0,3
26622,871,30
26623,0,3
26624,0,3
26625,0,3
26626,293,25
26627,336,24
26628,44,6
26629,632,30
26630,450,33
26631,0,3
26632,0,3
26633,471,25
26634,520,25
26635,373,26
26636,433,35
26637,0,3
26638,321,22
26639,260,23
26640,0,3
26641,0,3
26642,404,31
26643,0,3
26644,215,24
26645,242,26
26646,454,38
26647,208,16
26648,0,3
26649,327,31
26650,347,22
26651,0,3
26652,0,3
26653,461,29
26654,259,24
26655,200,19
26656,249,24
26657,311,24
26658,0,3
26659,401,28
26660,0,3
26661,356,20
26662,265,19
26663,0,3
26664,0,3
26665,453,24
26666,0,3
26667,0,3
26668,229,21
26669,183,18
26670,0,3
26671,0,3
26672,0,3
26673,519,30
26674,434,10
26675,0,3
26676,347,26
26677,513,29
26678,479,26
26679,150,12
26680,468,31
26681,0,3
26682,464,24
26683,116,16
26684,0,3
26685,24,5
26686,0,3
26687,179,22
26688,472,34
26689,0,3
26690,528,34
26691,441,24
26692,276,24
26693,751,31
26694,677,27
26695,0,3
26696,0,3
26697,814,28
26698,192,22
26699,154,15
26700,396,34
26701,413,29
26702,404,30
26703,0,3
26704,0,3
26705,359,29
26706,0,3
26707,359,19
26708,0,3
26709,0,3
26710,0,3
26711,0,3
26712,385,20
26713,0,3
26714,131,18
26715,295,20
26716,991,32
26717,738,30
26718,0,3
26719,0,3
26720,170,15
26721,576,21
26722,0,3
26723,563,26
26724,308,19
26725,67,12
26726,115,17
26727,305,26
26728,0,3
26729,260,25
26730,0,3
26731,537,30
26732,84,10
26733,0,3
26734,0,3
26735,29,4
26736,0,3
26737,162,18
26738,578,21
26739,0,3
26740,348,25
26741,0,3
26742,201,18
26743,0,3
26744,250,27
26745,609,27
26746,369,32
26747,577,28
26748,0,3
26749,438,27
26750,805,27
26751,340,16
26752,0,3
26753,0,3
26754,0,3
26755,329,25
26756,197,16
26757,370,13
26758,243,20
26759,0,3
26760,67,7
26761,383,35
26762,237,22
26763,212,20
26764,178,19
26765,257,20
26766,282,18
26767,230,23
26768,413,26
26769,272,28
26770,622,17
26771,459,21
26772,430,25
26773,0,3
26774,0,3
26775,374,28
26776,634,30
26777,0,3
26778,437,34
26779,0,3
26780,250,27
26781,584,33
26782,0,3
26783,164,20
26784,349,15
26785,212,20
26786,654,19
26787,563,17
26788,313,23
26789,200,17
26790,0,3
26791,666,23
26792,301,21
26793,239,15
26794,294,24
26795,72,11
26796,511,30
26797,235,23
26798,478,30
26799,367,26
26800,256,19
26801,98,12
26802,252,20
26803,0,3
26804,0,3
26805,286,24
26806,160,19
26807,211,18
26808,329,28
26809,0,3
26810,232,19
26811,205,23
26812,259,24
26813,0,3
26814,556,22
26815,0,3
26816,229,15
26817,0,3
26818,568,26
26819,0,3
26820,0,3
26821,0,3
26822,0,3
26823,423,28
26824,0,3
26825,528,34
26826,193,16
26827,0,3
26828,439,38
26829,838,30
26830,452,34
26831,223,20
26832,0,3
26833,0,3
26834,0,3
26835,0,3
26836,0,3
26837,0,3
26838,0,3
26839,0,3
26840,35,6
26841,620,24
26842,307,23
26843,714,21
26844,167,19
26845,291,25
26846,41,6
26847,335,26
26848,423,30
26849,97,9
26850,280,24
26851,468,33
26852,162,14
26853,1000,9
26854,213,21
26855,309,26
26856,1000,13
26857,0,3
26858,369,22
26859,681,30
26860,274,28
26861,387,26
26862,295,19
26863,300,22
26864,408,23
26865,267,27
26866,260,22
26867,407,31
26868,0,3
26869,251,20
26870,480,28
26871,535,31
26872,0,3
26873,465,32
26874,227,24
26875,557,27
26876,213,19
26877,0,3
26878,306,25
26879,390,33
26880,276,23
26881,582,36
26882,0,3
26883,109,14
26884,0,3
26885,339,27
26886,169,17
26887,154,15
26888,100,12
26889,225,21
26890,0,3
26891,242,20
26892,0,3
26893,258,20
26894,208,22
26895,259,24
26896,550,31
26897,0,3
26898,0,3
26899,256,22
26900,175,20
26901,392,16
26902,876,26
26903,218,17
26904,351,27
26905,33,5
26906,515,26
26907,272,28
26908,0,3
26909,316,28
26910,0,3
26911,304,10
26912,286,13
26913,276,19
26914,192,22
26915,0,3
26916,458,29
26917,0,3
26918,453,24
26919,0,3
26920,165,19
26921,254,25
26922,1000,4
26923,495,28
26924,0,3
26925,0,3
26926,110,14
26927,316,14
26928,325,26
26929,0,3
26930,0,3
26931,227,20
26932,130,15
26933,0,3
26934,358,13
26935,340,33
26936,860,30
26937,518,20
26938,345,20
26939,191,15
26940,263,26
26941,193,26
26942,0,3
26943,0,3
26944,398,30
26945,256,19
26946,450,24
26947,0,3
26948,561,20
26949,486,34
26950,304,25
26951,0,3
26952,0,3
26953,300,18
26954,189,20
26955,285,19
26956,0,3
26957,246,23
26958,74,13
26959,226,20
26960,263,16
26961,0,3
26962,432,16
26963,0,3
26964,0,3
26965,0,3
26966,334,24
26967,695,33
26968,0,3
26969,112,12
26970,340,29
26971,0,3
26972,0,3
26973,269,25
26974,185,22
26975,0,3
26976,479,32
26977,330,27
26978,258,22
26979,280,16
26980,349,22
26981,437,37
26982,314,24
26983,0,3
26984,0,3
26985,0,3
26986,435,37
26987,0,3
26988,292,28
26989,338,28
26990,270,18
26991,241,15
26992,851,28
26993,220,20
26994,0,3
26995,370,27
26996,0,3
26997,0,3
26998,288,27
26999,453,31
27000,463,26
27001,242,17
27002,303,24
27003,587,26
27004,220,16
27005,520,28
27006,406,23
27007,0,3
27008,288,24
27009,1000,19
27010,160,13
27011,245,20
27012,388,22
27013,178,24
27014,227,19
27015,0,3
27016,0,3
27017,0,3
27018,183,19
27019,271,19
27020,337,23
27021,78,11
27022,236,23
27023,465,29
27024,514,20
27025,325,30
27026,305,29
27027,0,3
27028,0,3
27029,0,3
27030,279,18
27031,367,33
27032,0,3
27033,429,36
27034,0,3
27035,0,3
27036,182,21
27037,0,3
27038,0,3
27039,0,3
27040,318,28
27041,174,13
27042,502,31
27043,296,25
27044,253,16
27045,0,3
27046,0,3
27047,411,22
27048,259,23
27049,272,34
27050,984,31
27051,294,21
27052,0,3
27053,1000,6
27054,0,3
27055,482,29
27056,194,26
27057,435,35
27058,505,31
27059,483,29
27060,0,3
27061,268,23
27062,0,3
27063,337,24
27064,23,5
27065,259,33
27066,197,25
27067,175,19
27068,0,3
27069,0,3
27070,0,3
27071,443,35
27072,0,3
27073,335,17
27074,0,3
27075,285,26
27076,414,21
27077,327,22
27078,0,3
27079,860,29
27080,0,3
27081,288,27
27082,297,22
27083,607,20
27084,0,3
27085,0,3
27086,336,31
27087,487,33
27088,0,3
27089,178,16
27090,240,27
27091,0,3
27092,344,26
27093,409,21
27094,0,3
27095,0,3
27096,219,22
27097,230,25
27098,0,3
27099,277,29
27100,305,26
27101,237,24
27102,605,38
27103,0,3
27104,242,20
27105,215,17
27106,932,29
27107,427,35
27108,393,37
27109,200,20
27110,501,31
27111,0,3
27112,284,29
27113,0,3
27114,204,18
27115,518,35
27116,683,28
27117,143,17
27118,0,3
27119,0,3
27120,0,3
27121,475,23
27122,618,30
27123,0,3
27124,203,18
27125,259,12
27126,504,34
27127,269,22
27128,511,28
27129,398,27
27130,331,25
27131,318,26
27132,0,3
27133,274,24
27134,0,3
27135,321,27
27136,0,3
27137,0,3
27138,0,3
27139,0,3
27140,0,3
27141,426,34
27142,361,22
27143,188,19
27144,276,19
27145,0,3
27146,0,3
27147,104,14
27148,0,3
27149,389,32
27150,0,3
27151,275,18
27152,524,29
27153,0,3
27154,413,28
27155,0,3
27156,774,33
27157,308,29
27158,283,26
27159,0,3
27160,244,12
27161,0,3
27162,290,27
27163,571,24
27164,462,21
27165,485,33
27166,165,19
27167,696,32
27168,309,28
27169,162,17
27170,282,24
27171,529,31
27172,86,13
27173,1000,17
27174,803,21
27175,0,3
27176,181,16
27177,495,28
27178,174,21
27179,421,17
27180,576,32
27181,0,3
27182,51,10
27183,0,3
27184,556,26
27185,281,23
27186,180,20
27187,17,6
27188,0,3
27189,666,34
27190,319,22
27191,0,3
27192,317,20
27193,508,27
27194,614,30
27195,184,16
27196,0,3
27197,0,3
27198,0,3
27199,287,23
27200,0,3
27201,583,31
27202,0,3
27203,549,27
27204,329,25
27205,0,3
27206,213,21
27207,195,18
27208,0,3
27209,306,23
27210,530,27
27211,0,3
27212,0,3
27213,455,22
27214,251,25
27215,408,21
27216,0,3
27217,229,22
27218,381,25
27219,103,13
27220,0,3
27221,113,16
27222,507,23
27223,304,28
27224,168,21
27225,173,20
27226,288,20
27227,0,3
27228,173,19
27229,435,35
27230,320,23
27231,230,23
27232,110,12
27233,222,27
27234,0,3
27235,299,25
27236,0,3
27237,110,18
27238,0,3
27239,0,3
27240,258,20
27241,601,38
27242,0,3
27243,0,3
27244,381,23
27245,0,3
27246,0,3
27247,0,3
27248,329,23
27249,682,30
27250,436,22
27251,255,19
27252,0,3
27253,619,22
27254,519,27
27255,639,27
27256,382,30
27257,348,27
27258,0,3
27259,0,3
27260,378,26
27261,0,3
27262,481,29
27263,0,3
27264,154,14
27265,557,30
27266,0,3
27267,455,27
27268,366,22
27269,423,28
27270,224,20
27271,222,21
27272,377,28
27273,1000,22
27274,205,16
27275,0,3
27276,0,3
27277,290,21
27278,558,28
27279,506,30
27280,0,3
27281,137,16
27282,282,23
27283,392,29
27284,563,35
27285,457,26
27286,538,23
27287,0,3
27288,399,24
27289,86,11
27290,612,29
27291,0,3
27292,236,23
27293,0,3
27294,0,3
27295,237,17
27296,0,3
27297,390,17
27298,245,22
27299,401,33
27300,0,3
27301,711,25
27302,0,3
27303,1000,12
27304,533,43
27305,446,27
27306,0,3
27307,0,3
27308,0,3
27309,233,23
27310,324,25
27311,670,28
27312,275,19
27313,338,30
27314,486,31
27315,0,3
27316,258,23
27317,965,34
27318,572,30
27319,161,13
27320,61,9
27321,342,28
27322,425,21
27323,0,3
27324,139,16
27325,238,23
27326,0,3
27327,0,3
27328,0,3
27329,314,22
27330,218,21
27331,0,3
27332,0,3
27333,612,24
27334,0,3
27335,0,3
27336,261,22
27337,473,30
27338,468,33
27339,391,25
27340,0,3
27341,235,22
27342,170,16
27343,366,27
27344,320,25
27345,207,14
27346,245,29
27347,0,3
27348,0,3
27349,401,22
27350,0,3
27351,0,3
27352,909,32
27353,1000,31
27354,481,40
27355,318,25
27356,368,23
27357,0,3
27358,134,17
27359,727,26
27360,0,3
27361,501,30
27362,490,16
27363,429,24
27364,379,12
27365,0,3
27366,160,6
27367,332,24
27368,0,3
27369,679,33
27370,463,29
27371,209,17
27372,262,22
27373,207,19
27374,0,3
27375,190,14
27376,390,24
27377,0,3
27378,438,19
27379,457,24
27380,0,3
27381,0,3
27382,0,3
27383,0,3
27384,0,3
27385,311,22
27386,0,3
27387,0,3
27388,414,22
27389,0,3
27390,450,27
27391,352,19
27392,556,38
27393,0,3
27394,430,26
27395,0,3
27396,195,11
27397,0,3
27398,0,3
27399,0,3
27400,425,37
27401,813,32
27402,0,3
27403,403,32
27404,0,3
27405,119,15
27406,0,3
27407,392,39
27408,0,3
27409,374,34
27410,577,25
27411,224,22
27412,323,14
27413,326,29
27414,316,25
27415,187,17
27416,370,17
27417,356,30
27418,0,3
27419,262,19
27420,0,3
27421,578,22
27422,169,16
27423,334,18
27424,0,3
27425,0,3
27426,260,22
27427,498,39
27428,293,28
27429,408,29
27430,347,24
27431,102,13
27432,0,3
27433,331,26
27434,0,3
27435,697,29
27436,0,3
27437,0,3
27438,0,3
27439,438,20
27440,0,3
27441,0,3
27442,0,3
27443,450,26
27444,223,22
27445,131,17
27446,563,24
27447,0,3
27448,0,3
27449,384,24
27450,223,18
27451,0,3
27452,0,3
27453,96,10
27454,0,3
27455,0,3
27456,0,3
27457,216,24
27458,0,3
27459,0,3
27460,391,29
27461,301,23
27462,332,25
27463,79,8
27464,359,23
27465,166,17
27466,113,16
27467,0,3
27468,310,20
27469,563,20
27470,258,22
27471,436,29
27472,286,26
27473,1000,19
27474,0,3
27475,0,3
27476,343,27
27477,181,10
27478,0,3
27479,365,26
27480,0,3
27481,380,27
27482,599,23
27483,0,3
27484,306,22
27485,422,24
27486,254,24
27487,340,28
27488,216,15
27489,0,3
27490,465,32
27491,0,3
27492,235,19
27493,384,22
27494,142,17
27495,230,22
27496,0,3
27497,0,3
27498,360,27
27499,767,31
27500,0,3
27501,325,32
27502,0,3
27503,93,16
27504,242,23
27505,454,30
27506,0,3
27507,312,32
27508,277,24
27509,382,27
27510,474,36
27511,0,3
27512,354,27
27513,334,29
27514,355,23
27515,939,20
27516,356,29
27517,208,24
27518,0,3
27519,0,3
27520,215,21
27521,0,3
27522,0,3
27523,208,18
27524,324,24
27525,0,3
27526,0,3
27527,857,37
27528,0,3
27529,157,16
27530,0,3
27531,312,21
27532,631,20
27533,90,15
27534,0,3
27535,259,22
27536,766,25
27537,0,3
27538,313,27
27539,588,22
27540,214,21
27541,829,27
27542,0,3
27543,0,3
27544,0,3
27545,367,24
27546,396,18
27547,0,3
27548,0,3
27549,250,19
27550,234,21
27551,430,27
27552,607,20
27553,317,28
27554,344,20
27555,349,34
27556,110,12
27557,317,21
27558,0,3
27559,0,3
27560,186,19
27561,213,28
27562,100,13
27563,230,22
27564,0,3
27565,0,3
27566,271,24
27567,215,21
27568,104,12
27569,406,22
27570,186,20
27571,184,25
27572,0,3
27573,0,3
27574,0,3
27575,0,3
27576,0,3
27577,367,21
27578,176,15
27579,304,26
27580,278,19
27581,235,22
27582,362,31
27583,277,22
27584,190,19
27585,485,33
27586,0,3
27587,208,21
27588,268,18
27589,0,3
27590,0,3
27591,9,3
27592,1000,19
27593,533,28
27594,364,24
27595,0,3
27596,0,3
27597,0,3
27598,0,3
27599,0,3
27600,239,27
27601,131,20
27602,241,20
27603,0,3
27604,0,3
27605,0,3
27606,0,3
27607,0,3
27608,255,22
27609,368,30
27610,0,3
27611,590,26
27612,403,26
27613,0,3
27614,426,24
27615,0,3
27616,0,3
27617,166,21
27618,315,25
27619,0,3
27620,0,3
27621,0,3
27622,246,24
27623,328,26
27624,566,24
27625,0,3
27626,0,3
27627,0,3
27628,354,22
27629,145,18
27630,227,20
27631,118,14
27632,194,21
27633,0,3
27634,386,23
27635,263,22
27636,280,18
27637,713,33
27638,323,25
27639,0,3
27640,0,3
27641,0,3
27642,95,10
27643,685,25
27644,724,15
27645,0,3
27646,590,22
27647,299,27
27648,323,38
27649,653,31
27650,0,3
27651,329,27
27652,60,11
27653,818,31
27654,456,33
27655,310,21
27656,313,32
27657,360,28
27658,372,29
27659,307,24
27660,0,3
27661,194,18
27662,280,20
27663,454,28
27664,0,3
27665,485,23
27666,457,32
27667,362,28
27668,436,29
27669,240,20
27670,612,26
27671,511,14
27672,552,26
27673,0,3
27674,675,15
27675,263,22
27676,359,24
27677,0,3
27678,367,27
27679,420,24
27680,465,33
27681,0,3
27682,0,3
27683,269,25
27684,502,20
27685,346,8
27686,576,32
27687,170,22
27688,427,21
27689,600,26
27690,0,3
27691,211,23
27692,67,7
27693,644,25
27694,0,3
27695,0,3
27696,0,3
27697,618,34
27698,0,3
27699,233,25
27700,499,27
27701,180,22
27702,0,3
27703,214,16
27704,353,27
27705,0,3
27706,693,26
27707,0,3
27708,360,24
27709,392,23
27710,0,3
27711,256,19
27712,321,29
27713,457,27
27714,0,3
27715,410,26
27716,0,3
27717,108,15
27718,168,20
27719,188,17
27720,0,3
27721,234,20
27722,302,32
27723,0,3
27724,0,3
27725,0,3
27726,758,25
27727,280,34
27728,0,3
27729,303,11
27730,320,29
27731,311,28
27732,318,22
27733,317,21
27734,323,26
27735,499,21
27736,228,17
27737,501,32
27738,69,8
27739,497,26
27740,0,3
27741,0,3
27742,305,21
27743,0,3
27744,201,25
27745,0,3
27746,219,21
27747,978,28
27748,177,18
27749,0,3
27750,397,27
27751,246,27
27752,358,34
27753,292,18
27754,0,3
27755,405,20
27756,424,35
27757,0,3
27758,0,3
27759,992,17
27760,144,20
27761,0,3
27762,343,22
27763,172,19
27764,0,3
27765,252,21
27766,0,3
27767,262,18
27768,488,25
27769,0,3
27770,746,23
27771,334,26
27772,0,3
27773,432,9
27774,997,23
27775,319,20
27776,0,3
27777,218,21
27778,262,24
27779,310,26
27780,0,3
27781,428,24
27782,0,3
27783,0,3
27784,340,24
27785,0,3
27786,642,14
27787,428,24
27788,0,3
27789,394,32
27790,359,31
27791,119,6
27792,199,15
27793,0,3
27794,0,3
27795,0,3
27796,0,3
27797,169,18
27798,0,3
27799,0,3
27800,0,3
27801,158,13
27802,293,18
27803,386,36
27804,204,21
27805,0,3
27806,0,3
27807,262,18
27808,212,21
27809,0,3
27810,609,30
27811,485,28
27812,5,3
27813,330,27
27814,0,3
27815,293,23
27816,0,3
27817,0,3
27818,54,7
27819,303,27
27820,281,20
27821,0,3
27822,370,28
27823,0,3
27824,343,26
27825,430,30
27826,622,18
27827,244,21
27828,300,19
27829,359,24
27830,161,13
27831,462,34
27832,0,3
27833,491,22
27834,284,20
27835,0,3
27836,0,3
27837,0,3
27838,248,23
27839,322,19
27840,0,3
27841,0,3
27842,182,22
27843,231,24
27844,0,3
27845,194,20
27846,306,22
27847,142,12
27848,0,3
27849,0,3
27850,133,9
27851,0,3
27852,0,3
27853,189,16
27854,291,30
27855,326,25
27856,559,32
27857,0,3
27858,166,16
27859,525,37
27860,0,3
27861,252,20
27862,356,22
27863,227,18
27864,528,39
27865,141,16
27866,407,24
27867,0,3
27868,0,3
27869,0,3
27870,418,35
27871,92,14
27872,230,21
27873,0,3
27874,0,3
27875,378,25
27876,0,3
27877,298,25
27878,0,3
27879,0,3
27880,171,17
27881,317,28
27882,0,3
27883,130,14
27884,185,24
27885,402,34
27886,127,14
27887,0,3
27888,0,3
27889,197,19
27890,0,3
27891,0,3
27892,636,32
27893,331,19
27894,0,3
27895,378,35
27896,0,3
27897,0,3
27898,0,3
27899,317,24
27900,0,3
27901,0,3
27902,351,19
27903,423,23
27904,222,18
27905,287,29
27906,0,3
27907,0,3
27908,288,18
27909,0,3
27910,218,18
27911,368,27
27912,0,3
27913,300,29
27914,585,33
27915,211,23
27916,0,3
27917,0,3
27918,295,23
27919,118,21
27920,206,20
27921,0,3
27922,279,23
27923,250,26
27924,0,3
27925,361,24
27926,0,3
27927,179,22
27928,247,24
27929,1,3
27930,0,3
27931,1000,9
27932,0,3
27933,766,13
27934,196,14
27935,0,3
27936,356,32
27937,0,3
27938,0,3
27939,0,3
27940,230,22
27941,246,23
27942,395,32
27943,0,3
27944,0,3
27945,0,3
27946,272,28
27947,338,27
27948,0,3
27949,430,22
27950,333,25
27951,0,3
27952,0,3
27953,410,25
27954,580,18
27955,0,3
27956,262,20
27957,0,3
27958,0,3
27959,396,31
27960,0,3
27961,0,3
27962,271,20
27963,277,21
27964,354,28
27965,364,27
27966,0,3
27967,0,3
27968,829,19
27969,0,3
27970,0,3
27971,265,24
27972,295,25
27973,0,3
27974,295,19
27975,368,28
27976,28,5
27977,0,3
27978,559,23
27979,512,22
27980,0,3
27981,0,3
27982,300,29
27983,163,22
27984,0,3
27985,446,35
27986,571,15
27987,0,3
27988,341,25
27989,0,3
27990,224,20
27991,0,3
27992,272,22
27993,0,3
27994,0,3
27995,0,3
27996,314,27
27997,266,20
27998,461,23
27999,0,3
28000,0,3
28001,0,3
28002,0,3
28003,1000,15
28004,0,3
28005,0,3
28006,362,21
28007,0,3
28008,461,36
28009,236,20
28010,152,17
28011,206,18
28012,0,3
28013,0,3
28014,208,18
28015,0,3
28016,387,22
28017,0,3
28018,786,31
28019,0,3
28020,470,25
28021,39,9
28022,280,12
28023,0,3
28024,0,3
28025,219,21
28026,34,6
28027,0,3
28028,0,3
28029,0,3
28030,455,30
28031,347,32
28032,356,25
28033,430,34
28034,400,34
28035,157,17
28036,125,6
28037,270,24
28038,311,19
28039,0,3
28040,0,3
28041,186,16
28042,232,22
28043,514,27
28044,178,20
28045,253,26
28046,1000,13
28047,0,3
28048,0,3
28049,192,19
28050,183,19
28051,0,3
28052,198,21
28053,88,5
28054,309,20
28055,0,3
28056,0,3
28057,513,34
28058,430,26
28059,339,23
28060,301,20
28061,185,18
28062,42,5
28063,208,23
28064,463,30
28065,303,27
28066,415,32
28067,270,24
28068,163,15
28069,331,25
28070,0,3
28071,94,9
28072,418,33
28073,217,22
28074,175,21
28075,0,3
28076,222,24
28077,446,28
28078,0,3
28079,383,24
28080,395,28
28081,225,23
28082,253,16
28083,245,24
28084,326,31
28085,494,24
28086,252,28
28087,73,13
28088,179,14
28089,358,27
28090,183,21
28091,0,3
28092,188,21
28093,160,16
28094,354,25
28095,0,3
28096,129,20
28097,0,3
28098,0,3
28099,127,14
28100,0,3
28101,391,31
28102,423,26
28103,372,26
28104,251,20
28105,0,3
28106,0,3
28107,0,3
28108,282,25
28109,357,24
28110,0,3
28111,367,23
28112,290,26
28113,326,24
28114,0,3
28115,229,25
28116,713,28
28117,0,3
28118,302,29
28119,471,17
28120,0,3
28121,0,3
28122,0,3
28123,0,3
28124,0,3
28125,0,3
28126,407,23
28127,0,3
28128,0,3
28129,325,26
28130,295,23
28131,347,17
28132,0,3
28133,665,34
28134,532,26
28135,234,22
28136,0,3
28137,0,3
28138,330,21
28139,449,35
28140,0,3
28141,526,24
28142,0,3
28143,0,3
28144,0,3
28145,531,27
28146,334,28
28147,347,28
28148,425,30
28149,156,16
28150,709,21
28151,0,3
28152,1000,7
28153,458,23
28154,0,3
28155,0,3
28156,280,22
28157,243,16
28158,0,3
28159,621,32
28160,282,11
28161,0,3
28162,0,3
28163,0,3
28164,505,31
28165,0,3
28166,324,30
28167,403,19
28168,0,3
28169,185,21
28170,0,3
28171,382,28
28172,219,21
28173,0,3
28174,361,23
28175,269,22
28176,0,3
28177,470,26
28178,736,28
28179,319,28
28180,99,14
28181,192,19
28182,249,25
28183,260,20
28184,182,15
28185,0,3
28186,246,28
28187,0,3
28188,0,3
28189,0,3
28190,416,24
28191,0,3
28192,85,11
28193,0,3
28194,0,3
28195,368,19
28196,625,18
28197,209,22
28198,224,20
28199,0,3
28200,385,33
28201,487,28
28202,0,3
28203,187,18
28204,618,32
28205,0,3
28206,439,33
28207,251,20
28208,433,27
28209,0,3
28210,44,7
28211,0,3
28212,0,3
28213,0,3
28214,298,32
28215,246,23
28216,481,25
28217,187,18
28218,0,3
28219,112,16
28220,440,31
28221,853,28
28222,453,22
28223,494,30
28224,0,3
28225,409,27
28226,206,16
28227,614,30
28228,291,20
28229,291,29
28230,430,35
28231,0,3
28232,0,3
28233,0,3
28234,377,17
28235,90,6
28236,380,23
28237,0,3
28238,514,36
28239,247,24
28240,0,3
28241,161,20
28242,477,24
28243,220,22
28244,385,32
28245,813,28
28246,0,3
28247,282,19
28248,294,27
28249,0,3
28250,1000,22
28251,0,3
28252,697,30
28253,0,3
28254,0,3
28255,0,3
28256,48,9
28257,0,3
28258,392,27
28259,580,23
28260,0,3
28261,325,25
28262,0,3
28263,0,3
28264,0,3
28265,338,37
28266,273,23
28267,340,27
28268,330,27
28269,282,27
28270,100,11
28271,304,19
28272,0,3
28273,821,21
28274,507,32
28275,0,3
28276,245,21
28277,0,3
28278,391,19
28279,0,3
28280,0,3
28281,0,3
28282,0,3
28283,45,9
28284,0,3
28285,421,22
28286,0,3
28287,0,3
28288,325,19
28289,178,16
28290,164,17
28291,0,3
28292,86,11
28293,0,3
28294,355,34
28295,127,18
28296,437,30
28297,321,26
28298,1000,13
28299,0,3
28300,0,3
28301,0,3
28302,400,16
28303,304,25
28304,160,6
28305,282,17
28306,0,3
28307,330,25
28308,253,30
28309,153,22
28310,423,23
28311,0,3
28312,266,25
28313,0,3
28314,242,16
28315,127,11
28316,950,30
28317,0,3
28318,286,21
28319,692,26
28320,1000,15
28321,458,32
28322,248,27
28323,308,18
28324,0,3
28325,0,3
28326,501,29
28327,0,3
28328,176,19
28329,273,24
28330,0,3
28331,0,3
28332,258,24
28333,398,24
28334,0,3
28335,175,9
28336,342,26
28337,0,3
28338,482,22
28339,0,3
28340,0,3
28341,554,30
28342,528,24
28343,0,3
28344,0,3
28345,0,3
28346,0,3
28347,103,13
28348,367,30
28349,0,3
28350,0,3
28351,496,29
28352,0,3
28353,368,36
28354,0,3
28355,356,18
28356,363,26
28357,0,3
28358,0,3
28359,371,28
28360,409,23
28361,0,3
28362,380,24
28363,0,3
28364,370,28
28365,581,20
28366,270,28
28367,317,30
28368,238,23
28369,315,24
28370,203,20
28371,559,23
28372,0,3
28373,331,27
28374,0,3
28375,263,24
28376,441,25
28377,632,33
28378,0,3
28379,0,3
28380,0,3
28381,300,19
28382,722,26
28383,0,3
28384,134,14
28385,0,3
28386,200,22
28387,0,3
28388,297,26
28389,399,32
28390,263,25
28391,189,21
28392,332,30
28393,0,3
28394,0,3
28395,0,3
28396,818,21
28397,669,19
28398,153,17
28399,296,30
28400,384,28
28401,220,16
28402,0,3
28403,0,3
28404,224,18
28405,0,3
28406,0,3
28407,335,26
28408,294,23
28409,0,3
28410,354,26
28411,0,3
28412,144,14
28413,0,3
28414,0,3
28415,0,3
28416,279,21
28417,193,21
28418,0,3
28419,0,3
28420,344,14
28421,45,5
28422,337,16
28423,319,31
28424,279,23
28425,0,3
28426,0,3
28427,131,16
28428,302,23
28429,316,17
28430,238,21
28431,523,32
28432,482,33
28433,0,3
28434,306,26
28435,226,15
28436,768,32
28437,149,21
28438,490,25
28439,492,21
28440,451,20
28441,585,27
28442,0,3
28443,725,22
28444,217,18
28445,312,33
28446,0,3
28447,208,23
28448,390,26
28449,0,3
28450,276,28
28451,269,21
28452,250,30
28453,0,3
28454,0,3
28455,138,19
28456,0,3
28457,0,3
28458,0,3
28459,313,25
28460,234,22
28461,0,3
28462,426,30
28463,0,3
28464,166,16
28465,292,22
28466,0,3
28467,0,3
28468,204,17
28469,0,3
28470,371,29
28471,0,3
28472,265,31
28473,0,3
28474,566,22
28475,0,3
28476,0,3
28477,403,15
28478,362,23
28479,309,27
28480,348,21
28481,241,26
28482,834,28
28483,209,23
28484,254,18
28485,303,9
28486,648,23
28487,301,19
28488,0,3
28489,0,3
28490,216,18
28491,494,26
28492,310,32
28493,364,29
28494,315,32
28495,194,18
28496,914,25
28497,267,23
28498,676,23
28499,353,29
28500,256,22
28501,512,33
28502,372,33
28503,316,31
28504,253,21
28505,0,3
28506,175,15
28507,0,3
28508,150,22
28509,0,3
28510,296,31
28511,895,29
28512,440,31
28513,230,21
28514,0,3
28515,0,3
28516,359,26
28517,934,34
28518,0,3
28519,0,3
28520,0,3
28521,338,20
28522,246,25
28523,645,31
28524,372,25
28525,0,3
28526,0,3
28527,0,3
28528,441,26
28529,0,3
28530,511,20
28531,200,11
28532,0,3
28533,206,20
28534,0,3
28535,536,19
28536,321,27
28537,329,16
28538,373,33
28539,158,16
28540,0,3
28541,0,3
28542,118,20
28543,550,27
28544,276,35
28545,0,3
28546,386,31
28547,224,21
28548,279,22
28549,149,19
28550,366,29
28551,0,3
28552,174,13
28553,361,20
28554,0,3
28555,311,26
28556,400,32
28557,0,3
28558,0,3
28559,0,3
28560,218,19
28561,0,3
28562,1000,27
28563,0,3
28564,582,25
28565,177,13
28566,576,34
28567,345,32
28568,385,25
28569,0,3
28570,0,3
28571,254,27
28572,90,8
28573,554,14
28574,410,21
28575,0,3
28576,0,3
28577,635,16
28578,465,29
28579,170,17
28580,430,24
28581,0,3
28582,525,14
28583,173,22
28584,443,28
28585,0,3
28586,176,14
28587,0,3
28588,292,23
28589,0,3
28590,331,25
28591,284,27
28592,109,17
28593,129,16
28594,291,21
28595,667,38
28596,322,22
28597,1000,29
28598,0,3
28599,0,3
28600,0,3
28601,0,3
28602,0,3
28603,580,28
28604,124,12
28605,0,3
28606,481,34
28607,0,3
28608,212,18
28609,0,3
28610,0,3
28611,0,3
28612,0,3
28613,239,26
28614,337,27
28615,99,15
28616,369,33
28617,340,25
28618,0,3
28619,0,3
28620,494,35
28621,0,3
28622,0,3
28623,0,3
28624,222,23
28625,131,15
28626,0,3
28627,0,3
28628,726,28
28629,314,22
28630,429,30
28631,322,18
28632,344,27
28633,0,3
28634,0,3
28635,183,14
28636,436,19
28637,318,23
28638,0,3
28639,178,16
28640,0,3
28641,701,21
28642,914,29
28643,180,21
28644,0,3
28645,0,3
28646,0,3
28647,0,3
28648,0,3
28649,549,31
28650,0,3
28651,0,3
28652,344,24
28653,168,22
28654,471,28
28655,0,3
28656,334,25
28657,361,26
28658,179,18
28659,138,18
28660,0,3
28661,0,3
28662,553,18
28663,0,3
28664,0,3
28665,0,3
28666,637,25
28667,431,31
28668,311,33
28669,0,3
28670,408,26
28671,257,26
28672,391,20
28673,423,28
28674,792,34
28675,196,21
28676,736,34
28677,481,21
28678,581,32
28679,307,22
28680,0,3
28681,507,36
28682,785,21
28683,560,28
28684,198,21
28685,102,11
28686,0,3
28687,0,3
28688,407,29
28689,545,24
28690,279,30
28691,0,3
28692,340,32
28693,242,17
28694,381,30
28695,121,6
28696,485,24
28697,0,3
28698,365,27
28699,0,3
28700,0,3
28701,124,11
28702,150,13
28703,0,3
28704,284,18
28705,0,3
28706,0,3
28707,152,16
28708,328,25
28709,497,26
28710,0,3
28711,290,29
28712,232,21
28713,1000,16
28714,0,3
28715,165,19
28716,0,3
28717,297,23
28718,0,3
28719,0,3
28720,0,3
28721,360,29
28722,0,3
28723,1000,17
28724,0,3
28725,334,12
28726,0,3
28727,4,3
28728,0,3
28729,193,16
28730,884,20
28731,486,29
28732,0,3
28733,0,3
28734,545,27
28735,0,3
28736,0,3
28737,459,31
28738,289,21
28739,384,31
28740,697,21
28741,0,3
28742,0,3
28743,435,26
28744,334,17
28745,0,3
28746,354,26
28747,0,3
28748,0,3
28749,0,3
28750,223,28
28751,293,19
28752,289,26
28753,502,17
28754,485,24
28755,0,3
28756,422,28
28757,0,3
28758,1000,32
28759,516,19
28760,0,3
28761,0,3
28762,1,4
28763,169,17
28764,212,23
28765,453,29
28766,420,36
28767,211,24
28768,518,38
28769,0,3
28770,90,15
28771,649,23
28772,191,17
28773,296,20
28774,234,21
28775,0,3
28776,279,24
28777,227,21
28778,224,18
28779,750,19
28780,367,21
28781,377,31
28782,0,3
28783,0,3
28784,234,20
28785,214,16
28786,70,8
28787,0,3
28788,0,3
28789,322,31
28790,323,21
28791,0,3
28792,341,26
28793,222,22
28794,0,3
28795,0,3
28796,0,3
28797,0,3
28798,249,19
28799,245,20
28800,409,24
28801,241,25
28802,0,3
28803,0,3
28804,939,31
28805,0,3
28806,378,28
28807,334,28
28808,609,30
28809,318,25
28810,118,15
28811,0,3
28812,0,3
28813,224,21
28814,550,20
28815,314,22
28816,0,3
28817,0,3
28818,0,3
28819,0,3
28820,351,28
28821,301,23
28822,0,3
28823,423,20
28824,374,31
28825,292,21
28826,0,3
28827,0,3
28828,235,26
28829,354,23
28830,0,3
28831,0,3
28832,633,27
28833,0,3
28834,85,12
28835,403,26
28836,485,21
28837,181,13
28838,452,33
28839,871,27
28840,394,17
28841,0,3
28842,0,3
28843,405,28
28844,219,9
28845,788,26
28846,0,3
28847,0,3
28848,0,3
28849,241,23
28850,256,20
28851,0,3
28852,0,3
28853,83,13
28854,0,3
28855,330,24
28856,263,24
28857,0,3
28858,294,20
28859,0,3
28860,0,3
28861,302,28
28862,231,15
28863,777,23
28864,361,21
28865,0,3
28866,0,3
28867,0,3
28868,0,3
28869,0,3
28870,260,25
28871,565,29
28872,256,19
28873,0,3
28874,407,22
28875,0,3
28876,117,15
28877,0,3
28878,207,22
28879,148,16
28880,0,3
28881,0,3
28882,256,18
28883,0,3
28884,123,14
28885,470,20
28886,593,22
28887,0,3
28888,182,17
28889,212,14
28890,0,3
28891,459,21
28892,10,4
28893,0,3
28894,119,16
28895,0,3
28896,294,20
28897,0,3
28898,261,25
28899,322,20
28900,174,23
28901,311,30
28902,270,21
28903,0,3
28904,0,3
28905,0,3
28906,0,3
28907,312,25
28908,211,25
28909,363,29
28910,249,21
28911,0,3
28912,31,6
28913,0,3
28914,148,17
28915,141,18
28916,0,3
28917,85,10
28918,0,3
28919,0,3
28920,236,30
28921,227,20
28922,720,28
28923,166,15
28924,0,3
28925,557,22
28926,175,17
28927,0,3
28928,0,3
28929,0,3
28930,645,25
28931,0,3
28932,151,15
28933,349,28
28934,229,25
28935,307,25
28936,0,3
28937,0,3
28938,383,26
28939,443,29
28940,0,3
28941,372,23
28942,1000,26
28943,0,3
28944,802,34
28945,0,3
28946,0,3
28947,0,3
28948,468,37
28949,0,3
28950,124,11
28951,500,20
28952,434,23
28953,298,25
28954,317,17
28955,433,37
28956,506,33
28957,376,25
28958,0,3
28959,311,24
28960,0,3
28961,322,20
28962,405,26
28963,260,20
28964,329,27
28965,316,28
28966,0,3
28967,220,26
28968,504,28
28969,183,18
28970,394,29
28971,0,3
28972,313,27
28973,0,3
28974,0,3
28975,0,3
28976,0,3
28977,290,19
28978,0,3
28979,130,23
28980,114,16
28981,366,19
28982,0,3
28983,592,21
28984,397,30
28985,402,30
28986,0,3
28987,0,3
28988,263,19
28989,0,3
28990,0,3
28991,313,25
28992,0,3
28993,447,32
28994,96,14
28995,0,3
28996,344,31
28997,207,23
28998,214,23
28999,209,20
29000,0,3
29001,185,17
29002,0,3
29003,257,23
29004,141,14
29005,0,3
29006,325,21
29007,0,3
29008,311,24
29009,609,18
29010,0,3
29011,0,3
29012,164,18
29013,597,22
29014,223,15
29015,679,24
29016,499,18
29017,267,25
29018,211,19
29019,317,19
29020,280,22
29021,482,21
29022,474,22
29023,231,20
29024,0,3
29025,374,25
29026,431,20
29027,0,3
29028,446,25
29029,0,3
29030,349,24
29031,0,3
29032,793,20
29033,180,16
29034,730,27
29035,0,3
29036,677,26
29037,83,9
29038,0,3
29039,231,18
29040,253,28
29041,255,20
29042,335,21
29043,258,23
29044,249,18
29045,0,3
29046,0,3
29047,0,3
29048,540,26
29049,448,26
29050,0,3
29051,503,24
29052,461,27
29053,229,21
29054,426,24
29055,0,3
29056,177,17
29057,222,17
29058,243,18
29059,405,29
29060,498,18
29061,0,3
29062,407,20
29063,207,18
29064,388,25
29065,263,22
29066,340,17
29067,0,3
29068,0,3
29069,0,3
29070,0,3
29071,0,3
29072,387,32
29073,0,3
29074,202,19
29075,171,17
29076,0,3
29077,579,32
29078,0,3
29079,0,3
29080,321,23
29081,0,3
29082,318,25
29083,370,21
29084,247,18
29085,418,33
29086,239,22
29087,1000,15
29088,180,23
29089,274,22
29090,335,24
29091,0,3
29092,0,3
29093,520,29
29094,0,3
29095,283,17
29096,0,3
29097,122,8
29098,0,3
29099,556,15
29100,230,23
29101,0,3
29102,0,3
29103,4,3
29104,0,3
29105,820,22
29106,444,29
29107,0,3
29108,0,3
29109,711,26
29110,0,3
29111,412,35
29112,0,3
29113,0,3
29114,0,3
29115,221,21
29116,348,30
29117,0,3
29118,252,20
29119,427,27
29120,0,3
29121,0,3
29122,0,3
29123,298,26
29124,118,15
29125,138,16
29126,0,3
29127,0,3
29128,347,23
29129,0,3
29130,533,21
29131,160,17
29132,712,25
29133,235,15
29134,997,29
29135,251,20
29136,177,17
29137,0,3
29138,0,3
29139,344,24
29140,296,17
29141,447,30
29142,344,30
29143,0,3
29144,0,3
29145,0,3
29146,380,24
29147,0,3
29148,0,3
29149,175,15
29150,544,30
29151,475,25
29152,0,3
29153,0,3
29154,492,24
29155,222,19
29156,424,25
29157,83,12
29158,155,18
29159,181,12
29160,0,3
29161,343,22
29162,498,23
29163,353,25
29164,243,19
29165,554,33
29166,373,22
29167,0,3
29168,226,20
29169,361,28
29170,0,3
29171,305,22
29172,279,22
29173,465,21
29174,382,29
29175,171,22
29176,294,20
29177,514,19
29178,143,12
29179,246,23
29180,337,29
29181,230,24
29182,493,14
29183,266,22
29184,0,3
29185,127,13
29186,0,3
29187,441,13
29188,0,3
29189,81,12
29190,0,3
29191,171,21
29192,614,26
29193,241,22
29194,0,3
29195,0,3
29196,526,30
29197,415,34
29198,0,3
29199,0,3
29200,0,3
29201,0,3
29202,0,3
29203,557,27
29204,134,18
29205,281,24
29206,0,3
29207,0,3
29208,257,19
29209,260,17
29210,517,26
29211,668,31
29212,243,19
29213,0,3
29214,0,3
29215,0,3
29216,111,16
29217,263,19
29218,0,3
29219,378,31
29220,0,3
29221,321,20
29222,4,4
29223,422,28
29224,375,28
29225,0,3
29226,538,25
29227,0,3
29228,406,20
29229,646,23
29230,655,34
29231,186,16
29232,0,3
29233,144,7
29234,174,19
29235,0,3
29236,173,22
29237,634,30
29238,359,11
29239,488,12
29240,0,3
29241,0,3
29242,328,27
29243,175,16
29244,0,3
29245,0,3
29246,0,3
29247,501,16
29248,0,3
29249,0,3
29250,475,26
29251,308,25
29252,636,26
29253,269,20
29254,412,28
29255,0,3
29256,0,3
29257,257,19
29258,0,3
29259,491,35
29260,0,3
29261,596,28
29262,0,3
29263,0,3
29264,346,25
29265,304,17
29266,0,3
29267,0,3
29268,0,3
29269,181,14
29270,0,3
29271,203,19
29272,0,3
29273,797,25
29274,245,23
29275,219,22
29276,463,37
29277,396,29
29278,0,3
29279,349,33
29280,229,22
29281,0,3
29282,216,19
29283,0,3
29284,0,3
29285,0,3
29286,0,3
29287,0,3
29288,257,25
29289,0,3
29290,311,25
29291,0,3
29292,297,23
29293,0,3
29294,0,3
29295,274,20
29296,245,23
29297,504,37
29298,0,3
29299,0,3
29300,331,23
29301,207,18
29302,235,21
29303,251,21
29304,514,27
29305,0,3
29306,391,30
29307,779,28
29308,195,24
29309,431,28
29310,271,29
29311,188,16
29312,0,3
29313,530,29
29314,0,3
29315,0,3
29316,179,19
29317,0,3
29318,0,3
29319,234,26
29320,0,3
29321,797,32
29322,915,21
29323,488,28
29324,288,25
29325,415,32
29326,351,23
29327,0,3
29328,0,3
29329,0,3
29330,0,3
29331,0,3
29332,54,10
29333,0,3
29334,267,26
29335,385,20
29336,0,3
29337,0,3
29338,299,23
29339,0,3
29340,344,19
29341,281,16
29342,253,20
29343,0,3
29344,0,3
29345,0,3
29346,392,25
29347,244,26
29348,346,21
29349,694,28
29350,0,3
29351,103,14
29352,0,3
29353,0,3
29354,0,3
29355,506,22
29356,0,3
29357,0,3
29358,0,3
29359,265,28
29360,196,21
29361,0,3
29362,143,18
29363,778,32
29364,292,26
29365,289,20
29366,0,3
29367,514,32
29368,243,18
29369,125,17
29370,158,13
29371,303,24
29372,178,17
29373,1000,23
29374,0,3
29375,261,23
29376,0,3
29377,368,31
29378,712,24
29379,235,21
29380,260,23
29381,315,23
29382,0,3
29383,0,3
29384,0,3
29385,247,18
29386,0,3
29387,0,3
29388,0,3
29389,0,3
29390,0,3
29391,494,28
29392,293,24
29393,490,32
29394,332,26
29395,358,28
29396,285,20
29397,374,31
29398,249,22
29399,0,3
29400,0,3
29401,0,3
29402,1000,6
29403,374,23
29404,509,37
29405,0,3
29406,352,28
29407,0,3
29408,452,26
29409,499,36
29410,0,3
29411,0,3
29412,0,3
29413,0,3
29414,0,3
29415,0,3
29416,689,25
29417,0,3
29418,381,20
29419,228,20
29420,274,30
29421,504,22
29422,939,14
29423,300,23
29424,0,3
29425,283,19
29426,0,3
29427,0,3
29428,485,19
29429,0,3
29430,708,29
29431,237,21
29432,1,3
29433,0,3
29434,0,3
29435,0,3
29436,315,25
29437,431,19
29438,859,17
29439,202,14
29440,0,3
29441,0,3
29442,161,14
29443,395,23
29444,0,3
29445,0,3
29446,364,26
29447,265,18
29448,199,17
29449,116,12
29450,0,3
29451,307,20
29452,167,18
29453,0,3
29454,624,18
29455,221,11
29456,177,14
29457,0,3
29458,0,3
29459,0,3
29460,178,15
29461,251,20
29462,0,3
29463,148,14
29464,10,5
29465,235,25
29466,0,3
29467,253,25
29468,277,23
29469,0,3
29470,0,3
29471,366,11
29472,346,23
29473,384,16
29474,378,18
29475,338,18
29476,0,3
29477,233,21
29478,0,3
29479,183,17
29480,0,3
29481,662,31
29482,643,26
29483,797,18
29484,0,3
29485,0,3
29486,326,26
29487,0,3
29488,0,3
29489,274,20
29490,210,16
29491,0,3
29492,256,22
29493,294,15
29494,0,3
29495,0,3
29496,0,3
29497,156,17
29498,0,3
29499,225,22
29500,58,9
29501,115,15
29502,208,31
29503,259,24
29504,0,3
29505,400,25
29506,0,3
29507,694,31
29508,306,27
29509,158,23
29510,0,3
29511,333,27
29512,224,25
29513,0,3
29514,184,16
29515,0,3
29516,0,3
29517,369,27
29518,449,27
29519,0,3
29520,269,20
29521,210,20
29522,794,24
29523,215,28
29524,0,3
29525,0,3
29526,0,3
29527,0,3
29528,0,3
29529,160,19
29530,421,24
29531,341,23
29532,0,3
29533,453,26
29534,413,18
29535,412,17
29536,678,35
29537,0,3
29538,0,3
29539,387,33
29540,287,26
29541,405,30
29542,435,21
29543,0,3
29544,0,3
29545,387,23
29546,320,19
29547,246,21
29548,565,29
29549,145,12
29550,467,28
29551,411,30
29552,405,22
29553,0,3
29554,0,3
29555,0,3
29556,0,3
29557,386,31
29558,0,3
29559,0,3
29560,656,20
29561,0,3
29562,401,20
29563,0,3
29564,402,29
29565,232,20
29566,318,6
29567,268,23
29568,201,17
29569,448,22
29570,324,20
29571,158,15
29572,0,3
29573,248,22
29574,0,3
29575,155,16
29576,0,3
29577,0,3
29578,0,3
29579,0,3
29580,99,13
29581,127,14
29582,324,20
29583,0,3
29584,411,25
29585,400,28
29586,467,28
29587,0,3
29588,293,30
29589,0,3
29590,211,19
29591,174,17
29592,0,3
29593,0,3
29594,96,14
29595,1000,18
29596,154,17
29597,0,3
29598,315,31
29599,0,3
29600,0,3
29601,607,34
29602,237,24
29603,0,3
29604,526,13
29605,0,3
29606,214,25
29607,197,19
29608,581,15
29609,0,3
29610,212,18
29611,0,3
29612,592,20
29613,206,17
29614,322,22
29615,263,22
29616,60,11
29617,413,29
29618,125,16
29619,262,18
29620,0,3
29621,375,16
29622,0,3
29623,197,20
29624,322,23
29625,314,24
29626,0,3
29627,263,19
29628,346,18
29629,162,20
29630,262,26
29631,228,21
29632,0,3
29633,412,17
29634,256,31
29635,89,15
29636,355,30
29637,212,20
29638,0,3
29639,409,21
29640,139,21
29641,282,31
29642,361,24
29643,0,3
29644,370,27
29645,0,3
29646,409,33
29647,369,22
29648,0,3
29649,444,31
29650,349,26
29651,419,19
29652,0,3
29653,0,3
29654,287,19
29655,202,20
29656,508,28
29657,337,30
29658,0,3
29659,0,3
29660,302,20
29661,544,15
29662,266,12
29663,255,24
29664,339,30
29665,245,24
29666,0,3
29667,279,22
29668,223,20
29669,191,18
29670,0,3
29671,0,3
29672,214,18
29673,0,3
29674,0,3
29675,533,32
29676,382,26
29677,321,22
29678,440,26
29679,0,3
29680,181,17
29681,202,22
29682,415,28
29683,349,32
29684,484,31
29685,301,22
29686,0,3
29687,465,28
29688,471,30
29689,78,12
29690,855,23
29691,310,23
29692,0,3
29693,689,28
29694,164,17
29695,0,3
29696,217,24
29697,282,25
29698,291,23
29699,211,17
29700,274,23
29701,332,23
29702,250,17
29703,0,3
29704,304,27
29705,413,27
29706,0,3
29707,0,3
29708,0,3
29709,573,12
29710,0,3
29711,108,15
29712,324,23
29713,198,24
29714,164,20
29715,445,29
29716,0,3
29717,0,3
29718,0,3
29719,269,19
29720,176,13
29721,328,28
29722,351,26
29723,0,3
29724,248,22
29725,688,41
29726,258,19
29727,0,3
29728,0,3
29729,0,3
29730,511,28
29731,1000,14
29732,200,23
29733,301,24
29734,352,29
29735,0,3
29736,225,22
29737,399,26
29738,334,21
29739,715,24
29740,0,3
29741,0,3
29742,0,3
29743,280,18
29744,444,26
29745,264,25
29746,0,3
29747,451,27
29748,0,3
29749,103,18
29750,383,31
29751,0,3
29752,0,3
29753,391,26
29754,501,31
29755,435,27
29756,0,3
29757,451,15
29758,344,27
29759,243,18
29760,580,30
29761,920,33
29762,189,9
29763,0,3
29764,0,3
29765,272,28
29766,0,3
29767,1000,7
29768,160,18
29769,449,30
29770,688,28
29771,0,3
29772,433,30
29773,652,28
29774,413,26
29775,238,24
29776,0,3
29777,0,3
29778,241,24
29779,165,21
29780,0,3
29781,0,3
29782,170,14
29783,476,28
29784,218,25
29785,451,27
29786,255,20
29787,0,3
29788,334,18
29789,509,31
29790,0,3
29791,301,30
29792,285,26
29793,246,22
29794,225,26
29795,0,3
29796,761,17
29797,198,26
29798,253,26
29799,443,16
29800,0,3
29801,0,3
29802,0,3
29803,299,24
29804,0,3
29805,103,10
29806,245,21
29807,228,20
29808,860,33
29809,0,3
29810,0,3
29811,0,3
29812,0,3
29813,323,19
29814,380,26
29815,254,21
29816,391,17
29817,489,27
29818,0,3
29819,0,3
29820,0,3
29821,0,3
29822,355,30
29823,597,22
29824,0,3
29825,317,29
29826,168,18
29827,0,3
29828,454,29
29829,303,23
29830,0,3
29831,0,3
29832,0,3
29833,0,3
29834,0,3
29835,0,3
29836,283,24
29837,592,15
29838,228,23
29839,495,31
29840,0,3
29841,0,3
29842,355,34
29843,0,3
29844,0,3
29845,259,19
29846,0,3
29847,413,26
29848,0,3
29849,0,3
29850,456,32
29851,287,19
29852,259,22
29853,0,3
29854,215,27
29855,384,28
29856,0,3
29857,300,25
29858,0,3
29859,0,3
29860,0,3
29861,277,18
29862,0,3
29863,320,14
29864,1000,22
29865,157,16
29866,1000,4
29867,0,3
29868,295,24
29869,594,31
29870,675,23
29871,156,13
29872,291,30
29873,491,18
29874,0,3
29875,0,3
29876,304,25
29877,605,22
29878,116,11
29879,223,27
29880,386,20
29881,0,3
29882,360,16
29883,387,28
29884,129,15
29885,365,27
29886,0,3
29887,635,20
29888,273,26
29889,0,3
29890,0,3
29891,0,3
29892,137,13
29893,0,3
29894,355,26
29895,0,3
29896,467,31
29897,327,27
29898,393,26
29899,144,17
29900,273,22
29901,480,24
29902,769,29
29903,0,3
29904,0,3
29905,292,26
29906,710,30
29907,489,34
29908,266,18
29909,0,3
29910,390,24
29911,766,34
29912,1000,24
29913,0,3
29914,0,3
29915,140,15
29916,205,18
29917,190,19
29918,323,18
29919,0,3
29920,654,24
29921,369,22
29922,507,29
29923,352,29
29924,0,3
29925,235,21
29926,286,30
29927,0,3
29928,490,27
29929,281,24
29930,539,28
29931,236,25
29932,329,26
29933,250,15
29934,0,3
29935,0,3
29936,0,3
29937,0,3
29938,0,3
29939,339,27
29940,81,16
29941,207,16
29942,376,30
29943,265,23
29944,330,23
29945,864,29
29946,200,20
29947,170,16
29948,359,30
29949,289,22
29950,207,15
29951,461,33
29952,273,22
29953,447,31
29954,366,25
29955,392,29
29956,0,3
29957,0,3
29958,1000,17
29959,244,22
29960,527,28
29961,382,27
29962,582,24
29963,568,24
29964,526,28
29965,0,3
29966,0,3
29967,0,3
29968,0,3
29969,129,18
29970,277,24
29971,0,3
29972,788,29
29973,209,18
29974,373,24
29975,139,10
29976,358,28
29977,0,3
29978,0,3
29979,0,3
29980,482,27
29981,632,24
29982,0,3
29983,930,23
29984,434,25
29985,142,14
29986,0,3
29987,0,3
29988,0,3
29989,318,25
29990,583,24
29991,0,3
29992,169,20
29993,0,3
29994,127,12
29995,0,3
29996,0,3
29997,235,21
29998,800,23
29999,0,3
30000,0,3
30001,184,17
30002,335,24
30003,0,3
30004,261,16
30005,1000,26
30006,0,3
30007,939,20
30008,463,30
30009,372,29
30010,480,23
30011,482,28
30012,85,9
30013,578,19
30014,293,19
30015,283,27
30016,0,3
30017,352,20
30018,0,3
30019,0,3
30020,218,27
30021,203,28
30022,0,3
30023,306,29
30024,0,3
30025,248,18
30026,409,26
30027,74,11
30028,394,32
30029,573,26
30030,363,25
30031,1000,21
30032,582,32
30033,273,20
30034,435,28
30035,190,18
30036,0,3
30037,547,27
30038,245,17
30039,354,26
30040,0,3
30041,167,20
30042,517,27
30043,221,22
30044,676,28
30045,0,3
30046,322,27
30047,0,3
30048,0,3
30049,395,23
30050,479,23
30051,559,29
30052,630,30
30053,184,20
30054,360,24
30055,459,17
30056,0,3
30057,157,13
30058,469,29
30059,0,3
30060,0,3
30061,0,3
30062,308,23
30063,334,30
30064,0,3
30065,200,19
30066,272,21
30067,388,27
30068,0,3
30069,385,24
30070,0,3
30071,712,30
30072,565,22
30073,0,3
30074,248,13
30075,529,31
30076,266,16
30077,136,11
30078,365,26
30079,702,10
30080,172,17
30081,247,25
30082,294,31
30083,440,12
30084,104,14
30085,0,3
30086,52,12
30087,193,20
30088,490,32
30089,0,3
30090,405,30
30091,649,21
30092,0,3
30093,290,24
30094,0,3
30095,0,3
30096,0,3
30097,0,3
30098,0,3
30099,0,3
30100,1000,23
30101,304,15
30102,45,6
30103,0,3
30104,0,3
30105,0,3
30106,0,3
30107,293,20
30108,0,3
30109,306,28
30110,392,32
30111,371,28
30112,354,27
30113,1000,11
30114,0,3
30115,315,22
30116,454,20
30117,677,28
30118,328,22
30119,0,3
30120,372,35
30121,525,34
30122,383,14
30123,388,28
30124,101,14
30125,393,28
30126,237,23
30127,257,14
30128,0,3
30129,312,24
30130,354,26
30131,0,3
30132,0,3
30133,564,22
30134,358,13
30135,1,3
30136,0,3
30137,142,15
30138,491,23
30139,415,30
30140,0,3
30141,697,38
30142,1000,23
30143,0,3
30144,746,24
30145,316,26
30146,349,25
30147,0,3
30148,523,22
30149,0,3
30150,294,29
30151,174,17
30152,351,27
30153,0,3
30154,465,28
30155,0,3
30156,0,3
30157,374,18
30158,179,18
30159,0,3
30160,310,26
30161,343,27
30162,0,3
30163,294,24
30164,454,25
30165,235,20
30166,228,17
30167,166,17
30168,436,30
30169,0,3
30170,196,23
30171,264,28
30172,438,25
30173,389,39
30174,413,26
30175,345,32
30176,351,30
30177,463,23
30178,0,3
30179,188,18
30180,384,14
30181,923,28
30182,129,14
30183,284,24
30184,0,3
30185,412,26
30186,410,25
30187,0,3
30188,0,3
30189,209,24
30190,0,3
30191,381,17
30192,0,3
30193,368,23
30194,253,17
30195,1000,15
30196,754,37
30197,0,3
30198,0,3
30199,297,15
30200,497,21
30201,97,8
30202,0,3
30203,85,11
30204,0,3
30205,0,3
30206,0,3
30207,0,3
30208,0,3
30209,0,3
30210,332,27
30211,462,25
30212,176,6
30213,673,24
30214,783,28
30215,409,28
30216,113,17
30217,463,24
30218,1000,25
30219,0,3
30220,0,3
30221,0,3
30222,0,3
30223,328,24
30224,0,3
30225,0,3
30226,0,3
30227,369,28
30228,0,3
30229,478,24
30230,367,25
30231,0,3
30232,425,20
30233,250,24
30234,62,8
30235,436,22
30236,338,24
30237,299,26
30238,578,24
30239,223,20
30240,463,34
30241,561,27
30242,305,24
30243,341,25
30244,0,3
30245,700,20
30246,551,32
30247,1000,21
30248,401,26
30249,0,3
30250,273,26
30251,0,3
30252,162,15
30253,0,3
30254,0,3
30255,398,25
30256,550,23
30257,0,3
30258,446,32
30259,0,3
30260,0,3
30261,375,33
30262,401,27
30263,530,27
30264,127,14
30265,0,3
30266,328,29
30267,397,23
30268,279,21
30269,369,23
30270,374,26
30271,384,25
30272,351,33
30273,515,20
30274,0,3
30275,747,28
30276,483,30
30277,477,25
30278,468,28
30279,0,3
30280,355,27
30281,0,3
30282,0,3
30283,0,3
30284,0,3
30285,361,24
30286,267,24
30287,0,3
30288,297,32
30289,0,3
30290,257,23
30291,0,3
30292,591,24
30293,192,21
30294,0,3
30295,267,23
30296,288,21
30297,0,3
30298,415,27
30299,412,29
30300,399,34
30301,55,7
30302,135,16
30303,1000,22
30304,385,25
30305,0,3
30306,155,17
30307,432,32
30308,0,3
30309,403,37
30310,462,23
30311,0,3
30312,426,35
30313,301,22
30314,0,3
30315,311,28
30316,401,29
30317,594,34
30318,769,24
30319,243,21
30320,0,3
30321,308,32
30322,0,3
30323,247,18
30324,251,14
30325,322,23
30326,284,23
30327,0,3
30328,129,15
30329,0,3
30330,0,3
30331,789,28
30332,0,3
30333,501,25
30334,459,27
30335,34,8
30336,133,15
30337,843,28
30338,660,19
30339,420,12
30340,294,27
30341,312,29
30342,18,4
30343,156,15
30344,143,7
30345,0,3
30346,0,3
30347,0,3
30348,479,31
30349,140,20
30350,1000,26
30351,490,29
30352,0,3
30353,1000,24
30354,562,28
30355,323,18
30356,569,26
30357,342,27
30358,305,32
30359,0,3
30360,262,27
30361,377,28
30362,246,20
30363,285,24
30364,0,3
30365,0,3
30366,918,32
30367,375,28
30368,363,16
30369,0,3
30370,923,29
30371,684,27
30372,0,3
30373,0,3
30374,305,30
30375,0,3
30376,218,20
30377,0,3
30378,272,21
30379,0,3
30380,0,3
30381,714,25
30382,471,27
30383,0,3
30384,403,28
30385,339,24
30386,72,12
30387,0,3
30388,820,22
30389,374,29
30390,0,3
30391,357,23
30392,1000,24
30393,0,3
30394,0,3
30395,858,22
30396,970,19
30397,0,3
30398,403,26
30399,0,3
30400,0,3
30401,1000,9
30402,0,3
30403,310,27
30404,206,23
30405,265,26
30406,455,24
30407,0,3
30408,245,26
30409,0,3
30410,0,3
30411,408,32
30412,1000,26
30413,0,3
30414,150,11
30415,112,14
30416,0,3
30417,264,24
30418,484,28
30419,390,27
30420,0,3
30421,57,13
30422,0,3
30423,391,27
30424,477,30
30425,318,29
30426,166,20
30427,0,3
30428,524,28
30429,0,3
30430,221,20
30431,0,3
30432,0,3
30433,0,3
30434,88,8
30435,0,3
30436,37,6
30437,0,3
30438,302,25
30439,0,3
30440,337,28
30441,439,32
30442,147,18
30443,0,3
30444,639,28
30445,145,19
30446,439,28
30447,226,22
30448,267,27
30449,627,31
30450,16,4
30451,367,22
30452,303,22
30453,265,24
30454,0,3
30455,0,3
30456,666,23
30457,508,37
30458,347,18
30459,607,21
30460,72,9
30461,445,26
30462,379,23
30463,0,3
30464,436,27
30465,0,3
30466,255,25
30467,279,31
30468,435,31
30469,0,3
30470,0,3
30471,262,17
30472,645,24
30473,0,3
30474,0,3
30475,0,3
30476,1000,30
30477,385,27
30478,0,3
30479,0,3
30480,330,23
30481,284,20
30482,259,20
30483,0,3
30484,916,17
30485,330,29
30486,547,18
30487,766,24
30488,236,8
30489,0,3
30490,274,19
30491,207,22
30492,0,3
30493,188,16
30494,604,25
30495,538,29
30496,314,22
30497,430,29
30498,1000,11
30499,635,20
30500,0,3
30501,365,26
30502,452,24
30503,453,22
30504,372,22
30505,730,19
30506,0,3
30507,1000,26
30508,269,27
30509,0,3
30510,262,28
30511,0,3
30512,266,20
30513,280,20
30514,470,33
30515,0,3
30516,116,9
30517,813,22
30518,516,31
30519,238,20
30520,226,14
30521,397,24
30522,0,3
30523,809,19
30524,0,3
30525,0,3
30526,595,22
30527,1000,15
30528,724,37
30529,343,26
30530,0,3
30531,292,16
30532,125,14
30533,400,22
30534,0,3
30535,258,20
30536,0,3
30537,0,3
30538,0,3
30539,136,17
30540,194,19
30541,0,3
30542,217,20
30543,351,22
30544,376,21
30545,0,3
30546,165,12
30547,503,19
30548,253,17
30549,532,33
30550,278,15
30551,333,19
30552,625,32
30553,588,26
30554,0,3
30555,0,3
30556,0,3
30557,0,3
30558,469,26
30559,589,27
30560,415,27
30561,199,20
30562,552,30
30563,515,28
30564,280,20
30565,497,29
30566,1000,15
30567,128,15
30568,798,22
30569,130,11
30570,130,10
30571,273,17
30572,0,3
30573,297,17
30574,324,25
30575,0,3
30576,196,17
30577,712,30
30578,0,3
30579,0,3
30580,417,32
30581,388,28
30582,149,15
30583,524,34
30584,0,3
30585,108,13
30586,60,7
30587,475,20
30588,654,30
30589,1000,20
30590,0,3
30591,0,3
30592,0,3
30593,34,7
30594,518,32
30595,750,26
30596,365,31
30597,137,16
30598,1000,16
30599,283,26
30600,0,3
30601,192,14
30602,266,22
30603,0,3
30604,300,19
30605,298,25
30606,304,29
30607,0,3
30608,427,30
30609,279,25
30610,0,3
30611,611,24
30612,309,25
30613,0,3
30614,600,24
30615,265,18
30616,266,23
30617,320,26
30618,0,3
30619,113,17
30620,301,24
30621,0,3
30622,264,21
30623,119,17
30624,1000,13
30625,400,36
30626,0,3
30627,0,3
30628,447,26
30629,334,28
30630,30,6
30631,0,3
30632,247,21
30633,480,27
30634,0,3
30635,0,3
30636,476,29
30637,340,23
30638,181,18
30639,1000,20
30640,0,3
30641,0,3
30642,0,3
30643,401,28
30644,0,3
30645,180,18
30646,533,20
30647,892,22
30648,438,28
30649,250,13
30650,840,24
30651,0,3
30652,0,3
30653,0,3
30654,0,3
30655,202,21
30656,0,3
30657,455,23
30658,380,27
30659,0,3
30660,105,15
30661,231,20
30662,323,18
30663,0,3
30664,577,23
30665,0,3
30666,220,17
30667,83,8
30668,0,3
30669,657,32
30670,644,26
30671,0,3
30672,0,3
30673,136,16
30674,266,23
30675,429,21
30676,401,26
30677,290,25
30678,0,3
30679,0,3
30680,507,16
30681,0,3
30682,417,30
30683,304,25
30684,0,3
30685,361,19
30686,749,21
30687,656,28
30688,409,32
30689,457,17
30690,0,3
30691,468,30
30692,0,3
30693,0,3
30694,675,34
30695,0,3
30696,0,3
30697,621,27
30698,0,3
30699,0,3
30700,0,3
30701,461,25
30702,0,3
30703,250,22
30704,0,3
30705,0,3
30706,894,28
30707,1000,17
30708,0,3
30709,562,26
30710,40,8
30711,423,26
30712,0,3
30713,36,7
30714,0,3
30715,185,18
30716,306,27
30717,145,18
30718,479,28
30719,271,21
30720,260,21
30721,0,3
30722,0,3
30723,396,31
30724,165,17
30725,0,3
30726,367,23
30727,553,29
30728,184,19
30729,247,20
30730,465,25
30731,0,3
30732,0,3
30733,611,20
30734,0,3
30735,136,12
30736,387,19
30737,0,3
30738,330,27
30739,229,21
30740,447,27
30741,225,21
30742,0,3
30743,0,3
30744,296,25
30745,0,3
30746,0,3
30747,160,18
30748,346,20
30749,328,27
30750,323,28
30751,0,3
30752,338,23
30753,0,3
30754,451,28
30755,0,3
30756,402,30
30757,0,3
30758,0,3
30759,245,26
30760,197,21
30761,0,3
30762,429,18
30763,452,34
30764,305,29
30765,731,24
30766,464,29
30767,293,27
30768,503,25
30769,549,33
30770,126,16
30771,0,3
30772,414,29
30773,585,35
30774,0,3
30775,553,18
30776,325,24
30777,558,23
30778,597,30
30779,416,29
30780,232,18
30781,287,26
30782,244,27
30783,126,20
30784,471,36
30785,0,3
30786,682,25
30787,321,21
30788,0,3
30789,0,3
30790,461,26
30791,815,20
30792,397,31
30793,0,3
30794,231,23
30795,492,8
30796,314,24
30797,869,28
30798,146,17
30799,923,25
30800,551,33
30801,0,3
30802,214,20
30803,345,19
30804,901,22
30805,451,26
30806,412,26
30807,0,3
30808,0,3
30809,93,5
30810,401,22
30811,799,16
30812,540,15
30813,190,20
30814,345,22
30815,720,19
30816,136,14
30817,0,3
30818,0,3
30819,344,24
30820,678,28
30821,0,3
30822,0,3
30823,0,3
30824,529,28
30825,0,3
30826,173,14
30827,133,14
30828,346,23
30829,379,31
30830,301,25
30831,0,3
30832,0,3
30833,408,21
30834,36,8
30835,245,17
30836,0,3
30837,0,3
30838,281,29
30839,309,20
30840,298,22
30841,504,30
30842,235,17
30843,109,12
30844,232,24
30845,0,3
30846,409,31
30847,510,30
30848,1000,11
30849,330,25
30850,117,13
30851,370,31
30852,903,28
30853,0,3
30854,398,24
30855,419,34
30856,922,17
30857,0,3
30858,0,3
30859,458,25
30860,170,17
30861,0,3
30862,958,23
30863,0,3
30864,0,3
30865,322,30
30866,351,32
30867,365,21
30868,359,32
30869,368,28
30870,309,29
30871,758,28
30872,314,29
30873,417,23
30874,57,7
30875,666,23
30876,301,19
30877,0,3
30878,151,18
30879,564,14
30880,0,3
30881,854,36
30882,0,3
30883,0,3
30884,359,26
30885,118,15
30886,477,37
30887,621,22
30888,0,3
30889,0,3
30890,0,3
30891,0,3
30892,0,3
30893,0,3
30894,278,21
30895,147,15
30896,0,3
30897,1000,17
30898,427,24
30899,0,3
30900,580,22
30901,341,23
30902,192,20
30903,249,21
30904,0,3
30905,266,14
30906,349,28
30907,343,21
30908,470,25
30909,243,27
30910,290,26
30911,0,3
30912,191,20
30913,210,23
30914,0,3
30915,422,33
30916,498,18
30917,0,3
30918,216,18
30919,0,3
30920,569,28
30921,366,30
30922,0,3
30923,1000,4
30924,357,30
30925,468,28
30926,289,28
30927,180,22
30928,0,3
30929,82,15
30930,362,34
30931,0,3
30932,369,26
30933,0,3
30934,483,17
30935,0,3
30936,1000,4
30937,0,3
30938,629,20
30939,0,3
30940,28,6
30941,190,25
30942,652,25
30943,0,3
30944,0,3
30945,0,3
30946,0,3
30947,0,3
30948,0,3
30949,0,3
30950,149,16
30951,0,3
30952,134,18
30953,246,19
30954,201,15
30955,726,34
30956,252,23
30957,0,3
30958,201,20
30959,891,26
30960,645,22
30961,0,3
30962,307,8
30963,0,3
30964,0,3
30965,0,3
30966,95,5
30967,277,16
30968,0,3
30969,564,27
30970,0,3
30971,452,35
30972,329,22
30973,0,3
30974,392,35
30975,547,24
30976,0,3
30977,385,32
30978,263,19
30979,0,3
30980,398,23
30981,0,3
30982,0,3
30983,1000,30
30984,414,29
30985,0,3
30986,147,14
30987,0,3
30988,384,29
30989,677,27
30990,280,20
30991,445,31
30992,160,23
30993,0,3
30994,337,20
30995,238,21
30996,505,28
30997,266,9
30998,499,30
30999,0,3
31000,270,11
31001,421,29
31002,205,23
31003,350,30
31004,158,20
31005,899,19
31006,134,14
31007,0,3
31008,0,3
31009,438,27
31010,698,27
31011,245,13
31012,3,4
31013,300,17
31014,312,25
31015,214,16
31016,0,3
31017,557,16
31018,0,3
31019,0,3
31020,977,23
31021,0,3
31022,425,23
31023,0,3
31024,364,31
31025,321,21
31026,0,3
31027,231,22
31028,0,3
31029,0,3
31030,382,27
31031,270,29
31032,968,21
31033,327,9
31034,0,3
31035,372,22
31036,203,22
31037,0,3
31038,568,30
31039,0,3
31040,0,3
31041,96,15
31042,0,3
31043,0,3
31044,340,24
31045,0,3
31046,677,24
31047,0,3
31048,539,10
31049,477,18
31050,714,24
31051,0,3
31052,327,18
31053,483,23
31054,348,24
31055,921,26
31056,541,30
31057,0,3
31058,274,22
31059,510,22
31060,624,23
31061,0,3
31062,1000,12
31063,262,24
31064,0,3
31065,370,23
31066,0,3
31067,221,20
31068,0,3
31069,0,3
31070,359,22
31071,309,18
31072,397,20
31073,79,10
31074,0,3
31075,266,23
31076,507,15
31077,0,3
31078,413,31
31079,283,18
31080,404,24
31081,0,3
31082,562,24
31083,0,3
31084,416,35
31085,329,18
31086,620,13
31087,475,25
31088,385,26
31089,550,18
31090,468,28
31091,257,20
31092,0,3
31093,0,3
31094,0,3
31095,163,12
31096,0,3
31097,239,19
31098,343,23
31099,1000,17
31100,456,25
31101,0,3
31102,384,25
31103,307,23
31104,208,20
31105,1000,7
31106,247,20
31107,0,3
31108,0,3
31109,306,19
31110,0,3
31111,311,24
31112,417,29
31113,0,3
31114,0,3
31115,738,22
31116,581,26
31117,304,18
31118,262,24
31119,0,3
31120,374,24
31121,421,26
31122,215,25
31123,300,28
31124,313,17
31125,0,3
31126,600,26
31127,437,24
31128,0,3
31129,320,29
31130,530,31
31131,216,26
31132,602,24
31133,215,24
31134,272,29
31135,406,29
31136,310,21
31137,0,3
31138,187,20
31139,1000,18
31140,0,3
31141,346,15
31142,0,3
31143,464,24
31144,0,3
31145,307,25
31146,0,3
31147,264,19
31148,738,33
31149,481,28
31150,298,19
31151,480,20
31152,0,3
31153,472,33
31154,0,3
31155,760,19
31156,413,19
31157,250,20
31158,350,20
31159,0,3
31160,0,3
31161,247,18
31162,243,16
31163,336,27
31164,144,13
31165,599,31
31166,1000,22
31167,251,20
31168,594,34
31169,512,32
31170,985,25
31171,240,24
31172,570,34
31173,276,20
31174,332,12
31175,0,3
31176,241,20
31177,0,3
31178,440,26
31179,345,30
31180,920,19
31181,601,35
31182,0,3
31183,0,3
31184,217,20
31185,306,27
31186,280,21
31187,402,24
31188,265,16
31189,394,21
31190,187,20
31191,222,12
31192,258,22
31193,178,17
31194,199,18
31195,499,22
31196,0,3
31197,0,3
31198,773,25
31199,214,18
31200,0,3
31201,1000,12
31202,183,23
31203,0,3
31204,668,28
31205,0,3
31206,180,17
31207,0,3
31208,232,18
31209,0,3
31210,0,3
31211,0,3
31212,383,26
31213,0,3
31214,379,27
31215,1000,8
31216,365,27
31217,0,3
31218,754,32
31219,566,21
31220,258,17
31221,0,3
31222,356,30
31223,548,26
31224,811,15
31225,284,20
31226,252,21
31227,945,15
31228,399,12
31229,39,5
31230,374,16
31231,0,3
31232,1000,28
31233,330,25
31234,171,20
31235,361,25
31236,196,19
31237,0,3
31238,548,20
31239,373,28
31240,0,3
31241,117,19
31242,332,24
31243,275,21
31244,576,28
31245,1000,23
31246,0,3
31247,367,27
31248,0,3
31249,0,3
31250,314,25
31251,130,14
31252,141,16
31253,331,30
31254,0,3
31255,510,30
31256,0,3
31257,138,15
31258,0,3
31259,0,3
31260,314,23
31261,195,17
31262,0,3
31263,194,20
31264,294,19
31265,0,3
31266,0,3
31267,335,24
31268,0,3
31269,231,19
31270,0,3
31271,0,3
31272,0,3
31273,0,3
31274,0,3
31275,307,27
31276,0,3
31277,0,3
31278,162,18
31279,378,26
31280,0,3
31281,0,3
31282,429,29
31283,948,20
31284,254,25
31285,626,25
31286,234,27
31287,318,29
31288,0,3
31289,137,15
31290,0,3
31291,209,18
31292,1000,30
31293,0,3
31294,238,7
31295,0,3
31296,0,3
31297,401,27
31298,150,14
31299,0,3
31300,485,30
31301,200,22
31302,507,20
31303,489,31
31304,117,18
31305,0,3
31306,210,22
31307,434,25
31308,611,31
31309,633,20
31310,246,19
31311,850,22
31312,259,20
31313,0,3
31314,0,3
31315,477,17
31316,525,27
31317,163,16
31318,0,3
31319,343,30
31320,975,27
31321,462,27
31322,0,3
31323,391,29
31324,248,23
31325,330,25
31326,319,20
31327,0,3
31328,0,3
31329,133,16
31330,0,3
31331,0,3
31332,765,26
31333,684,27
31334,0,3
31335,0,3
31336,303,17
31337,296,30
31338,0,3
31339,379,26
31340,267,30
31341,452,26
31342,0,3
31343,323,26
31344,0,3
31345,0,3
31346,786,24
31347,0,3
31348,562,29
31349,449,34
31350,304,26
31351,1000,22
31352,606,22
31353,0,3
31354,95,10
31355,0,3
31356,0,3
31357,133,14
31358,0,3
31359,368,28
31360,0,3
31361,0,3
31362,0,3
31363,0,3
31364,1000,11
31365,534,28
31366,0,3
31367,885,26
31368,357,31
31369,0,3
31370,0,3
31371,691,30
31372,0,3
31373,182,18
31374,0,3
31375,299,22
31376,426,31
31377,191,17
31378,267,27
31379,1000,9
31380,309,21
31381,0,3
31382,148,15
31383,0,3
31384,294,19
31385,0,3
31386,347,23
31387,0,3
31388,461,35
31389,0,3
31390,0,3
31391,0,3
31392,88,10
31393,277,22
31394,585,27
31395,659,18
31396,0,3
31397,0,3
31398,530,23
31399,0,3
31400,440,14
31401,607,34
31402,436,30
31403,384,30
31404,0,3
31405,431,33
31406,313,27
31407,0,3
31408,0,3
31409,0,3
31410,284,26
31411,286,23
31412,0,3
31413,252,19
31414,541,28
31415,801,30
31416,0,3
31417,307,23
31418,0,3
31419,243,20
31420,426,30
31421,399,26
31422,237,24
31423,354,26
31424,561,30
31425,505,31
31426,273,23
31427,0,3
31428,271,11
31429,0,3
31430,175,18
31431,355,23
31432,0,3
31433,0,3
31434,0,3
31435,1000,11
31436,0,3
31437,403,21
31438,385,27
31439,0,3
31440,389,26
31441,234,26
31442,0,3
31443,300,21
31444,346,26
31445,131,20
31446,35,7
31447,0,3
31448,0,3
31449,858,27
31450,0,3
31451,391,28
31452,435,26
31453,0,3
31454,290,18
31455,0,3
31456,384,21
31457,363,36
31458,509,36
31459,1000,4
31460,351,25
31461,0,3
31462,0,3
31463,449,21
31464,0,3
31465,448,27
31466,0,3
31467,0,3
31468,0,3
31469,693,27
31470,451,25
31471,336,14
31472,338,24
31473,0,3
31474,392,33
31475,303,22
31476,312,28
31477,0,3
31478,1000,13
31479,368,27
31480,0,3
31481,631,26
31482,0,3
31483,0,3
31484,292,23
31485,271,23
31486,0,3
31487,0,3
31488,309,25
31489,0,3
31490,985,18
31491,592,42
31492,213,22
31493,0,3
31494,459,26
31495,0,3
31496,399,20
31497,230,16
31498,0,3
31499,0,3
31500,391,35
31501,352,28
31502,326,25
31503,279,28
31504,346,25
31505,398,28
31506,0,3
31507,1000,18
31508,0,3
31509,593,23
31510,757,34
31511,275,21
31512,0,3
31513,0,3
31514,715,32
31515,447,37
31516,588,35
31517,0,3
31518,0,3
31519,348,21
31520,0,3
31521,0,3
31522,183,18
31523,427,20
31524,309,23
31525,304,28
31526,0,3
31527,0,3
31528,0,3
31529,0,3
31530,402,26
31531,0,3
31532,316,28
31533,35,5
31534,766,31
31535,200,25
31536,307,21
31537,473,20
31538,147,10
31539,0,3
31540,1000,14
31541,168,17
31542,421,24
31543,333,24
31544,472,16
31545,584,25
31546,343,28
31547,0,3
31548,668,20
31549,0,3
31550,0,3
31551,292,21
31552,357,21
31553,444,25
31554,0,3
31555,210,23
31556,317,24
31557,374,16
31558,480,32
31559,352,34
31560,220,20
31561,289,26
31562,614,25
31563,723,29
31564,0,3
31565,389,26
31566,605,38
31567,370,29
31568,0,3
31569,475,21
31570,0,3
31571,0,3
31572,503,23
31573,0,3
31574,0,3
31575,326,32
31576,382,33
31577,227,19
31578,360,26
31579,295,24
31580,755,24
31581,0,3
31582,395,21
31583,276,23
31584,251,26
31585,617,27
31586,0,3
31587,325,30
31588,617,38
31589,372,29
31590,1000,14
31591,0,3
31592,0,3
31593,0,3
31594,0,3
31595,261,23
31596,645,34
31597,0,3
31598,523,29
31599,0,3
31600,0,3
31601,276,23
31602,533,29
31603,486,33
31604,0,3
31605,341,27
31606,0,3
31607,0,3
31608,355,32
31609,238,27
31610,436,23
31611,362,36
31612,585,22
31613,555,27
31614,489,22
31615,0,3
31616,0,3
31617,709,37
31618,316,25
31619,817,21
31620,615,27
31621,0,3
31622,1000,27
31623,246,23
31624,0,3
31625,0,3
31626,340,31
31627,685,25
31628,791,23
31629,0,3
31630,345,24
31631,571,19
31632,282,29
31633,205,19
31634,651,19
31635,837,30
31636,1000,28
31637,51,11
31638,159,13
31639,0,3
31640,385,28
31641,312,29
31642,0,3
31643,373,28
31644,674,25
31645,851,25
31646,0,3
31647,352,29
31648,399,25
31649,0,3
31650,360,24
31651,0,3
31652,487,24
31653,0,3
31654,0,3
31655,0,3
31656,0,3
31657,419,26
31658,205,12
31659,0,3
31660,296,24
31661,501,29
31662,753,22
31663,0,3
31664,0,3
31665,0,3
31666,280,25
31667,0,3
31668,0,3
31669,0,3
31670,0,3
31671,543,29
31672,255,23
31673,494,32
31674,0,3
31675,74,9
31676,270,21
31677,0,3
31678,0,3
31679,0,3
31680,0,3
31681,0,3
31682,317,30
31683,365,23
31684,547,26
31685,159,23
31686,357,19
31687,544,18
31688,762,22
31689,497,17
31690,378,30
31691,0,3
31692,0,3
31693,455,21
31694,0,3
31695,380,26
31696,274,19
31697,0,3
31698,211,24
31699,433,27
31700,249,22
31701,662,22
31702,505,31
31703,677,32
31704,383,28
31705,75,11
31706,389,28
31707,0,3
31708,263,25
31709,333,21
31710,66,11
31711,290,20
31712,0,3
31713,264,22
31714,0,3
31715,438,29
31716,668,29
31717,493,32
31718,451,11
31719,380,31
31720,458,25
31721,0,3
31722,156,17
31723,335,27
31724,214,24
31725,0,3
31726,459,26
31727,446,30
31728,692,24
31729,317,30
31730,186,20
31731,0,3
31732,388,30
31733,147,14
31734,493,23
31735,1000,22
31736,233,21
31737,132,18
31738,0,3
31739,297,25
31740,601,33
31741,290,17
31742,241,20
31743,489,22
31744,225,23
31745,820,31
31746,314,16
31747,0,3
31748,0,3
31749,316,20
31750,189,19
31751,295,19
31752,546,28
31753,383,15
31754,0,3
31755,0,3
31756,470,32
31757,506,31
31758,0,3
31759,0,3
31760,641,29
31761,700,22
31762,365,30
31763,316,24
31764,303,25
31765,330,22
31766,198,26
31767,382,27
31768,1000,25
31769,306,23
31770,0,3
31771,0,3
31772,161,20
31773,263,20
31774,0,3
31775,283,24
31776,45,8
31777,296,24
31778,0,3
31779,0,3
31780,0,3
31781,247,25
31782,991,24
31783,698,28
31784,0,3
31785,323,20
31786,528,27
31787,307,18
31788,327,22
31789,0,3
31790,0,3
31791,646,28
31792,0,3
31793,0,3
31794,201,18
31795,0,3
31796,246,27
31797,0,3
31798,0,3
31799,218,32
31800,0,3
31801,0,3
31802,336,23
31803,445,25
31804,0,3
31805,395,33
31806,177,20
31807,0,3
31808,363,25
31809,0,3
31810,177,22
31811,718,33
31812,486,28
31813,223,24
31814,878,21
31815,0,3
31816,0,3
31817,0,3
31818,0,3
31819,0,3
31820,453,28
31821,0,3
31822,410,33
31823,0,3
31824,179,18
31825,474,28
31826,0,3
31827,551,29
31828,547,27
31829,476,25
31830,183,23
31831,352,29
31832,0,3
31833,0,3
31834,0,3
31835,438,31
31836,0,3
31837,0,3
31838,0,3
31839,0,3
31840,338,25
31841,716,27
31842,0,3
31843,988,33
31844,0,3
31845,729,26
31846,384,20
31847,989,32
31848,0,3
31849,0,3
31850,0,3
31851,0,3
31852,424,27
31853,0,3
31854,563,28
31855,0,3
31856,131,16
31857,345,17
31858,249,21
31859,632,19
31860,363,13
31861,0,3
31862,0,3
31863,0,3
31864,454,36
31865,985,32
31866,388,32
31867,587,32
31868,585,23
31869,314,23
31870,345,31
31871,1,3
31872,359,25
31873,266,22
31874,581,21
31875,506,33
31876,513,24
31877,1000,25
31878,106,15
31879,311,25
31880,0,3
31881,473,24
31882,271,23
31883,0,3
31884,561,29
31885,0,3
31886,78,9
31887,774,35
31888,0,3
31889,0,3
31890,450,24
31891,244,26
31892,724,18
31893,0,3
31894,605,34
31895,0,3
31896,274,21
31897,0,3
31898,53,10
31899,0,3
31900,0,3
31901,783,37
31902,615,38
31903,247,23
31904,470,24
31905,0,3
31906,0,3
31907,491,30
31908,345,29
31909,0,3
31910,327,25
31911,298,22
31912,292,18
31913,0,3
31914,254,14
31915,205,17
31916,586,29
31917,434,32
31918,0,3
31919,0,3
31920,524,22
31921,0,3
31922,0,3
31923,0,3
31924,413,32
31925,345,28
31926,316,22
31927,430,28
31928,0,3
31929,333,25
31930,374,28
31931,0,3
31932,0,3
31933,0,3
31934,1000,14
31935,286,22
31936,816,27
31937,331,20
31938,422,17
31939,450,23
31940,952,28
31941,505,35
31942,339,30
31943,551,28
31944,674,33
31945,177,14
31946,1000,24
31947,474,30
31948,197,20
31949,321,33
31950,469,34
31951,482,22
31952,0,3
31953,386,30
31954,0,3
31955,0,3
31956,274,28
31957,150,20
31958,203,15
31959,313,27
31960,652,28
31961,548,12
31962,0,3
31963,377,34
31964,0,3
31965,0,3
31966,165,13
31967,0,3
31968,513,30
31969,128,14
31970,432,30
31971,662,20
31972,327,22
31973,1000,18
31974,0,3
31975,315,28
31976,0,3
31977,0,3
31978,790,30
31979,628,25
31980,392,22
31981,433,30
31982,183,23
31983,414,29
31984,152,15
31985,548,24
31986,0,3
31987,308,25
31988,0,3
31989,670,32
31990,451,30
31991,392,38
31992,0,3
31993,0,3
31994,378,31
31995,0,3
31996,0,3
31997,0,3
31998,832,21
31999,878,17
32000,455,29
32001,207,21
32002,541,33
32003,318,29
32004,0,3
32005,314,23
32006,0,3
32007,0,3
32008,117,16
32009,1000,25
32010,0,3
32011,241,18
32012,394,31
32013,288,14
32014,0,3
32015,917,35
32016,368,26
32017,0,3
32018,0,3
32019,205,17
32020,0,3
32021,0,3
32022,400,26
32023,292,27
32024,0,3
32025,556,31
32026,0,3
32027,0,3
32028,290,29
32029,334,23
32030,470,29
32031,702,21
32032,0,3
32033,366,17
32034,0,3
32035,320,27
32036,0,3
32037,268,24
32038,461,27
32039,0,3
32040,0,3
32041,0,3
32042,371,27
32043,243,23
32044,220,22
32045,273,25
32046,0,3
32047,231,23
32048,215,19
32049,0,3
32050,312,25
32051,130,18
32052,497,26
32053,0,3
32054,0,3
32055,0,3
32056,352,22
32057,199,22
32058,416,27
32059,0,3
32060,284,27
32061,259,26
32062,0,3
32063,366,28
32064,168,17
32065,0,3
32066,444,29
32067,0,3
32068,289,18
32069,372,29
32070,332,37
32071,1000,29
32072,331,32
32073,323,28
32074,0,3
32075,387,33
32076,421,27
32077,526,30
32078,0,3
32079,384,28
32080,367,22
32081,0,3
32082,0,3
32083,0,3
32084,341,33
32085,135,17
32086,296,29
32087,0,3
32088,158,17
32089,0,3
32090,0,3
32091,0,3
32092,1000,12
32093,205,25
32094,0,3
32095,260,20
32096,281,24
32097,216,19
32098,418,26
32099,456,18
32100,0,3
32101,226,18
32102,328,26
32103,1000,6
32104,433,26
32105,389,26
32106,0,3
32107,548,28
32108,0,3
32109,263,24
32110,283,21
32111,0,3
32112,0,3
32113,514,30
32114,246,25
32115,212,21
32116,0,3
32117,263,21
32118,378,27
32119,125,12
32120,349,27
32121,198,21
32122,1000,19
32123,0,3
32124,143,14
32125,0,3
32126,0,3
32127,0,3
32128,193,23
32129,600,33
32130,414,22
32131,0,3
32132,0,3
32133,87,8
32134,432,35
32135,0,3
32136,1000,27
32137,0,3
32138,575,33
32139,305,22
32140,1000,19
32141,244,19
32142,0,3
32143,440,26
32144,350,28
32145,595,39
32146,344,22
32147,315,28
32148,0,3
32149,334,25
32150,0,3
32151,661,10
32152,401,26
32153,188,19
32154,302,28
32155,198,19
32156,599,38
32157,372,25
32158,545,32
32159,477,35
32160,0,3
32161,345,29
32162,705,32
32163,255,26
32164,483,29
32165,0,3
32166,0,3
32167,79,11
32168,0,3
32169,135,14
32170,638,35
32171,0,3
32172,0,3
32173,0,3
32174,0,3
32175,230,20
32176,366,32
32177,0,3
32178,0,3
32179,334,32
32180,360,28
32181,1000,7
32182,501,19
32183,0,3
32184,353,27
32185,0,3
32186,0,3
32187,227,19
32188,0,3
32189,0,3
32190,645,21
32191,187,17
32192,212,27
32193,0,3
32194,714,26
32195,429,28
32196,96,14
32197,0,3
32198,600,27
32199,0,3
32200,0,3
32201,247,20
32202,228,27
32203,0,3
32204,466,33
32205,0,3
32206,283,23
32207,104,12
32208,915,28
32209,456,18
32210,597,26
32211,282,28
32212,198,16
32213,822,29
32214,257,24
32215,562,27
32216,312,21
32217,43,6
32218,251,27
32219,0,3
32220,380,25
32221,222,18
32222,332,26
32223,0,3
32224,602,38
32225,319,26
32226,361,25
32227,0,3
32228,326,18
32229,337,23
32230,0,3
32231,350,25
32232,635,23
32233,0,3
32234,0,3
32235,766,22
32236,251,18
32237,0,3
32238,0,3
32239,30,7
32240,501,21
32241,432,28
32242,0,3
32243,233,22
32244,512,36
32245,398,20
32246,349,29
32247,168,15
32248,0,3
32249,0,3
32250,112,13
32251,0,3
32252,311,29
32253,287,29
32254,831,37
32255,359,32
32256,760,33
32257,559,19
32258,0,3
32259,587,32
32260,262,29
32261,0,3
32262,47,9
32263,186,18
32264,0,3
32265,189,19
32266,0,3
32267,362,31
32268,234,23
32269,333,30
32270,398,34
32271,269,20
32272,361,28
32273,0,3
32274,0,3
32275,353,25
32276,551,34
32277,386,22
32278,372,29
32279,259,27
32280,298,28
32281,0,3
32282,240,18
32283,0,3
32284,0,3
32285,768,31
32286,0,3
32287,309,32
32288,264,24
32289,327,26
32290,0,3
32291,378,28
32292,156,17
32293,0,3
32294,0,3
32295,632,25
32296,526,27
32297,0,3
32298,502,31
32299,0,3
32300,0,3
32301,211,21
32302,429,26
32303,547,29
32304,133,12
32305,1000,20
32306,252,22
32307,665,30
32308,282,23
32309,0,3
32310,27,4
32311,20,6
32312,0,3
32313,307,26
32314,0,3
32315,177,16
32316,739,28
32317,710,20
32318,221,25
32319,383,30
32320,665,27
32321,0,3
32322,341,23
32323,0,3
32324,510,30
32325,497,36
32326,320,25
32327,203,19
32328,1000,44
32329,270,21
32330,303,17
32331,0,3
32332,0,3
32333,404,27
32334,543,12
32335,246,30
32336,147,19
32337,0,3
32338,341,27
32339,0,3
32340,0,3
32341,589,19
32342,0,3
32343,115,15
32344,737,18
32345,0,3
32346,644,24
32347,0,3
32348,281,31
32349,0,3
32350,0,3
32351,571,37
32352,0,3
32353,895,36
32354,289,28
32355,172,19
32356,293,25
32357,0,3
32358,281,22
32359,0,3
32360,494,16
32361,304,24
32362,453,13
32363,481,28
32364,0,3
32365,202,19
32366,0,3
32367,443,9
32368,204,25
32369,59,10
32370,367,30
32371,0,3
32372,0,3
32373,0,3
32374,356,27
32375,0,3
32376,541,22
32377,0,3
32378,694,23
32379,0,3
32380,455,32
32381,209,22
32382,665,22
32383,0,3
32384,0,3
32385,356,19
32386,0,3
32387,0,3
32388,338,25
32389,0,3
32390,324,20
32391,459,38
32392,404,23
32393,1000,14
32394,1000,28
32395,1000,32
32396,479,36
32397,572,23
32398,339,21
32399,91,15
32400,430,30
32401,351,32
32402,0,3
32403,0,3
32404,0,3
32405,0,3
32406,0,3
32407,483,16
32408,420,21
32409,210,26
32410,0,3
32411,209,12
32412,0,3
32413,0,3
32414,305,12
32415,208,20
32416,648,22
32417,261,13
32418,232,21
32419,0,3
32420,216,23
32421,560,30
32422,62,11
32423,380,33
32424,0,3
32425,0,3
32426,0,3
32427,192,17
32428,188,19
32429,393,31
32430,179,20
32431,156,20
32432,0,3
32433,834,38
32434,325,20
32435,291,24
32436,0,3
32437,768,27
32438,434,20
32439,327,26
32440,0,3
32441,0,3
32442,585,29
32443,482,32
32444,425,33
32445,194,27
32446,1000,24
32447,0,3
32448,576,35
32449,0,3
32450,447,18
32451,0,3
32452,381,25
32453,0,3
32454,408,31
32455,1000,22
32456,246,24
32457,399,30
32458,0,3
32459,315,26
32460,0,3
32461,197,17
32462,217,26
32463,202,16
32464,0,3
32465,325,26
32466,0,3
32467,505,20
32468,0,3
32469,511,23
32470,0,3
32471,761,25
32472,629,36
32473,588,24
32474,262,15
32475,0,3
32476,771,24
32477,0,3
32478,123,14
32479,1000,23
32480,0,3
32481,297,25
32482,730,27
32483,263,24
32484,15,4
32485,445,29
32486,0,3
32487,0,3
32488,200,23
32489,847,14
32490,0,3
32491,0,3
32492,351,22
32493,789,20
32494,230,16
32495,135,19
32496,468,18
32497,302,32
32498,557,38
32499,303,23
32500,343,23
32501,275,27
32502,179,21
32503,182,22
32504,0,3
32505,302,28
32506,0,3
32507,535,35
32508,340,30
32509,0,3
32510,0,3
32511,0,3
32512,226,20
32513,168,21
32514,0,3
32515,687,30
32516,0,3
32517,234,19
32518,169,5
32519,465,26
32520,0,3
32521,83,12
32522,552,26
32523,0,3
32524,668,26
32525,100,15
32526,396,29
32527,916,24
32528,345,31
32529,533,35
32530,877,26
32531,0,3
32532,353,20
32533,0,3
32534,653,26
32535,0,3
32536,710,30
32537,393,21
32538,0,3
32539,0,3
32540,291,24
32541,905,18
32542,0,3
32543,548,29
32544,971,23
32545,330,24
32546,367,27
32547,195,20
32548,0,3
32549,498,26
32550,0,3
32551,0,3
32552,0,3
32553,383,6
32554,0,3
32555,0,3
32556,262,17
32557,751,28
32558,571,31
32559,260,22
32560,498,33
32561,0,3
32562,0,3
32563,0,3
32564,519,29
32565,266,21
32566,370,23
32567,997,29
32568,0,3
32569,268,20
32570,250,15
32571,0,3
32572,0,3
32573,782,24
32574,317,30
32575,0,3
32576,163,15
32577,99,11
32578,528,27
32579,808,30
32580,0,3
32581,0,3
32582,0,3
32583,0,3
32584,0,3
32585,1000,18
32586,775,27
32587,177,18
32588,0,3
32589,854,34
32590,272,20
32591,45,5
32592,342,24
32593,335,25
32594,356,29
32595,0,3
32596,625,22
32597,486,36
32598,162,19
32599,1000,17
32600,530,32
32601,768,24
32602,0,3
32603,0,3
32604,374,29
32605,1000,17
32606,316,24
32607,268,19
32608,0,3
32609,207,22
32610,787,31
32611,0,3
32612,0,3
32613,0,3
32614,254,24
32615,368,22
32616,0,3
32617,516,29
32618,0,3
32619,0,3
32620,0,3
32621,487,30
32622,0,3
32623,0,3
32624,332,21
32625,357,21
32626,0,3
32627,503,31
32628,215,21
32629,0,3
32630,0,3
32631,0,3
32632,0,3
32633,413,25
32634,354,27
32635,227,22
32636,160,20
32637,333,30
32638,87,13
32639,425,30
32640,777,25
32641,0,3
32642,316,28
32643,237,24
32644,0,3
32645,598,37
32646,411,31
32647,358,34
32648,628,24
32649,206,22
32650,0,3
32651,1000,25
32652,251,21
32653,618,21
32654,228,16
32655,92,13
32656,522,22
32657,209,18
32658,192,18
32659,0,3
32660,127,12
32661,0,3
32662,363,19
32663,285,28
32664,0,3
32665,345,24
32666,348,28
32667,689,18
32668,1000,21
32669,340,20
32670,0,3
32671,249,20
32672,65,7
32673,329,26
32674,246,20
32675,297,18
32676,662,27
32677,0,3
32678,0,3
32679,203,17
32680,311,22
32681,491,26
32682,326,19
32683,536,27
32684,472,32
32685,966,30
32686,0,3
32687,357,25
32688,0,3
32689,152,18
32690,501,27
32691,764,21
32692,362,28
32693,512,32
32694,356,31
32695,0,3
32696,1000,23
32697,0,3
32698,530,26
32699,159,18
32700,216,16
32701,0,3
32702,518,32
32703,717,32
32704,184,18
32705,178,14
32706,0,3
32707,228,25
32708,198,18
32709,412,25
32710,563,31
32711,213,23
32712,261,20
32713,568,29
32714,0,3
32715,268,24
32716,407,22
32717,204,19
32718,0,3
32719,0,3
32720,0,3
32721,237,20
32722,0,3
32723,0,3
32724,258,22
32725,0,3
32726,0,3
32727,9,4
32728,414,33
32729,0,3
32730,0,3
32731,0,3
32732,84,15
32733,246,24
32734,0,3
32735,1000,27
32736,0,3
32737,0,3
32738,0,3
32739,0,3
32740,350,16
32741,1000,17
32742,303,26
32743,315,24
32744,221,20
32745,443,26
32746,0,3
32747,565,15
32748,0,3
32749,795,23
32750,112,13
32751,310,28
32752,204,18
32753,0,3
32754,468,31
32755,292,23
32756,551,32
32757,0,3
32758,137,18
32759,804,20
32760,185,16
32761,0,3
32762,179,19
32763,462,31
32764,289,26
32765,419,19
32766,283,23
32767,688,16
32768,361,22
32769,0,3
32770,150,14
32771,1000,5
32772,347,20
32773,0,3
32774,445,33
32775,0,3
32776,491,26
32777,508,21
32778,305,18
32779,205,19
32780,284,33
32781,463,23
32782,147,16
32783,353,30
32784,373,27
32785,300,25
32786,332,28
32787,352,28
32788,0,3
32789,379,23
32790,192,17
32791,296,25
32792,0,3
32793,464,22
32794,316,23
32795,345,24
32796,427,25
32797,540,22
32798,596,29
32799,0,3
32800,231,20
32801,788,23
32802,337,15
32803,0,3
32804,0,3
32805,0,3
32806,462,34
32807,529,16
32808,0,3
32809,379,29
32810,243,25
32811,0,3
32812,289,23
32813,497,30
32814,832,23
32815,753,21
32816,482,24
32817,373,28
32818,390,28
32819,326,23
32820,255,21
32821,0,3
32822,1000,24
32823,377,28
32824,77,10
32825,0,3
32826,0,3
32827,0,3
32828,309,20
32829,339,30
32830,668,19
32831,117,10
32832,343,25
32833,264,21
32834,417,27
32835,508,26
32836,0,3
32837,298,19
32838,163,8
32839,332,20
32840,0,3
32841,615,28
32842,0,3
32843,376,22
32844,0,3
32845,561,27
32846,966,28
32847,183,19
32848,0,3
32849,0,3
32850,0,3
32851,405,27
32852,282,26
32853,0,3
32854,0,3
32855,402,27
32856,107,16
32857,477,25
32858,0,3
32859,0,3
32860,0,3
32861,511,25
32862,243,22
32863,0,3
32864,180,18
32865,226,24
32866,546,27
32867,311,24
32868,0,3
32869,231,24
32870,137,18
32871,361,19
32872,89,2
32873,150,15
32874,465,23
32875,0,3
32876,299,24
32877,289,27
32878,0,3
32879,168,21
32880,0,3
32881,171,21
32882,273,21
32883,0,3
32884,322,28
32885,0,3
32886,0,3
32887,0,3
32888,887,25
32889,327,31
32890,996,16
32891,0,3
32892,317,29
32893,527,17
32894,1000,7
32895,214,19
32896,569,21
32897,569,22
32898,0,3
32899,0,3
32900,402,33
32901,0,3
32902,0,3
32903,216,15
32904,252,23
32905,370,31
32906,0,3
32907,0,3
32908,490,30
32909,0,3
32910,0,3
32911,0,3
32912,145,18
32913,243,20
32914,333,29
32915,266,22
32916,0,3
32917,405,5
32918,0,3
32919,417,22
32920,176,18
32921,1000,18
32922,184,16
32923,381,24
32924,390,26
32925,321,18
32926,431,27
32927,384,32
32928,0,3
32929,0,3
32930,485,30
32931,671,24
32932,0,3
32933,0,3
32934,276,32
32935,716,47
32936,0,3
32937,417,29
32938,832,18
32939,395,21
32940,999,30
32941,0,3
32942,637,24
32943,290,27
32944,369,37
32945,0,3
32946,0,3
32947,0,3
32948,338,33
32949,207,14
32950,267,22
32951,229,22
32952,498,16
32953,0,3
32954,211,26
32955,290,19
32956,0,3
32957,232,22
32958,0,3
32959,352,23
32960,164,17
32961,142,18
32962,92,10
32963,246,28
32964,0,3
32965,604,29
32966,319,26
32967,350,25
32968,0,3
32969,393,26
32970,0,3
32971,186,17
32972,0,3
32973,219,17
32974,437,27
32975,406,28
32976,256,23
32977,879,22
32978,447,9
32979,665,29
32980,0,3
32981,0,3
32982,131,16
32983,703,21
32984,539,31
32985,0,3
32986,0,3
32987,0,3
32988,0,3
32989,214,21
32990,1000,27
32991,609,17
32992,0,3
32993,302,22
32994,0,3
32995,0,3
32996,0,3
32997,0,3
32998,0,3
32999,0,3
33000,330,24
33001,150,16
33002,0,3
33003,204,18
33004,333,16
33005,127,7
33006,377,29
33007,405,26
33008,0,3
33009,0,3
33010,210,21
33011,442,29
33012,0,3
33013,0,3
33014,261,23
33015,0,3
33016,519,33
33017,327,27
33018,511,23
33019,269,29
33020,690,33
33021,0,3
33022,0,3
33023,655,26
33024,523,25
33025,0,3
33026,330,31
33027,0,3
33028,0,3
33029,0,3
33030,1000,4
33031,239,26
33032,0,3
33033,434,23
33034,0,3
33035,147,14
33036,287,10
33037,518,28
33038,929,34
33039,469,33
33040,0,3
33041,1000,29
33042,160,19
33043,380,19
33044,0,3
33045,0,3
33046,385,32
33047,343,28
33048,0,3
33049,167,18
33050,0,3
33051,464,29
33052,803,29
33053,234,19
33054,415,28
33055,630,16
33056,244,28
33057,250,27
33058,0,3
33059,609,24
33060,257,29
33061,314,30
33062,0,3
33063,244,20
33064,0,3
33065,434,26
33066,461,13
33067,0,3
33068,246,21
33069,0,3
33070,143,18
33071,512,25
33072,198,21
33073,399,27
33074,0,3
33075,333,30
33076,0,3
33077,210,18
33078,0,3
33079,0,3
33080,0,3
33081,438,27
33082,402,37
33083,0,3
33084,171,23
33085,1000,24
33086,0,3
33087,340,20
33088,312,30
33089,598,30
33090,380,29
33091,0,3
33092,0,3
33093,149,14
33094,0,3
33095,384,29
33096,21,6
33097,489,27
33098,0,3
33099,1000,14
33100,0,3
33101,230,23
33102,286,22
33103,345,29
33104,0,3
33105,0,3
33106,425,30
33107,496,26
33108,329,19
33109,0,3
33110,296,23
33111,410,34
33112,301,24
33113,0,3
33114,290,31
33115,618,16
33116,0,3
33117,358,30
33118,0,3
33119,371,23
33120,0,3
33121,0,3
33122,0,3
33123,1000,19
33124,0,3
33125,0,3
33126,0,3
33127,446,28
33128,296,22
33129,1000,13
33130,223,26
33131,189,20
33132,540,27
33133,312,27
33134,0,3
33135,360,35
33136,0,3
33137,853,32
33138,224,20
33139,271,28
33140,647,25
33141,408,30
33142,343,24
33143,0,3
33144,374,29
33145,0,3
33146,982,23
33147,123,14
33148,0,3
33149,341,28
33150,564,24
33151,348,31
33152,0,3
33153,470,26
33154,603,13
33155,210,22
33156,310,25
33157,283,24
33158,0,3
33159,558,11
33160,0,3
33161,425,25
33162,141,20
33163,147,15
33164,789,29
33165,373,28
33166,335,14
33167,0,3
33168,0,3
33169,0,3
33170,205,30
33171,0,3
33172,0,3
33173,270,22
33174,351,24
33175,862,27
33176,0,3
33177,534,15
33178,155,17
33179,256,25
33180,238,23
33181,181,25
33182,542,24
33183,0,3
33184,373,30
33185,0,3
33186,288,30
33187,232,20
33188,408,30
33189,291,26
33190,211,22
33191,0,3
33192,415,36
33193,0,3
33194,0,3
33195,0,3
33196,0,3
33197,208,20
33198,230,23
33199,0,3
33200,0,3
33201,278,23
33202,0,3
33203,0,3
33204,0,3
33205,0,3
33206,666,26
33207,442,21
33208,0,3
33209,383,26
33210,376,25
33211,295,25
33212,0,3
33213,240,25
33214,0,3
33215,54,6
33216,670,31
33217,275,29
33218,178,17
33219,0,3
33220,292,30
33221,316,31
33222,0,3
33223,0,3
33224,381,21
33225,0,3
33226,175,19
33227,298,28
33228,398,31
33229,291,27
33230,482,27
33231,205,23
33232,0,3
33233,341,28
33234,358,20
33235,276,31
33236,338,31
33237,336,29
33238,264,19
33239,367,29
33240,0,3
33241,0,3
33242,130,16
33243,637,38
33244,0,3
33245,381,35
33246,990,32
33247,553,16
33248,600,32
33249,0,3
33250,0,3
33251,314,33
33252,347,28
33253,330,30
33254,0,3
33255,340,26
33256,275,26
33257,0,3
33258,176,18
33259,854,38
33260,0,3
33261,386,24
33262,398,33
33263,0,3
33264,599,34
33265,927,16
33266,312,25
33267,420,34
33268,0,3
33269,411,34
33270,891,22
33271,0,3
33272,0,3
33273,214,20
33274,382,29
33275,273,24
33276,0,3
33277,0,3
33278,479,35
33279,0,3
33280,0,3
33281,180,22
33282,0,3
33283,0,3
33284,280,23
33285,0,3
33286,0,3
33287,3,3
33288,0,3
33289,259,22
33290,424,31
33291,488,23
33292,0,3
33293,0,3
33294,741,36
33295,379,34
33296,449,26
33297,311,22
33298,412,23
33299,0,3
33300,0,3
33301,0,3
33302,0,3
33303,165,16
33304,0,3
33305,249,27
33306,296,17
33307,375,20
33308,0,3
33309,0,3
33310,474,34
33311,180,21
33312,465,24
33313,686,27
33314,0,3
33315,207,24
33316,0,3
33317,346,19
33318,659,25
33319,242,20
33320,731,37
33321,0,3
33322,0,3
33323,254,22
33324,0,3
33325,0,3
33326,0,3
33327,0,3
33328,213,24
33329,682,26
33330,0,3
33331,308,22
33332,0,3
33333,150,19
33334,666,29
33335,437,25
33336,284,22
33337,402,26
33338,680,32
33339,0,3
33340,847,33
33341,0,3
33342,174,21
33343,0,3
33344,357,33
33345,262,28
33346,202,21
33347,0,3
33348,373,27
33349,492,25
33350,396,25
33351,0,3
33352,141,21
33353,0,3
33354,421,32
33355,419,32
33356,0,3
33357,628,24
33358,0,3
33359,0,3
33360,0,3
33361,527,32
33362,0,3
33363,441,30
33364,0,3
33365,0,3
33366,0,3
33367,0,3
33368,149,16
33369,380,21
33370,215,23
33371,245,22
33372,433,31
33373,0,3
33374,923,20
33375,1000,15
33376,845,25
33377,563,28
33378,289,23
33379,514,23
33380,790,25
33381,895,34
33382,0,3
33383,0,3
33384,0,3
33385,444,31
33386,362,26
33387,535,30
33388,0,3
33389,164,15
33390,363,35
33391,472,24
33392,224,17
33393,0,3
33394,494,25
33395,723,28
33396,0,3
33397,114,15
33398,0,3
33399,265,26
33400,300,26
33401,0,3
33402,359,25
33403,408,33
33404,0,3
33405,0,3
33406,218,24
33407,409,32
33408,341,28
33409,294,23
33410,234,23
33411,953,24
33412,317,31
33413,604,30
33414,583,18
33415,326,28
33416,0,3
33417,406,30
33418,136,17
33419,174,18
33420,0,3
33421,844,27
33422,405,28
33423,408,37
33424,0,3
33425,227,23
33426,188,20
33427,462,27
33428,0,3
33429,385,24
33430,0,3
33431,506,28
33432,915,23
33433,0,3
33434,0,3
33435,619,27
33436,0,3
33437,189,21
33438,177,19
33439,328,31
33440,205,16
33441,453,23
33442,212,13
33443,422,18
33444,0,3
33445,497,32
33446,266,24
33447,0,3
33448,424,34
33449,384,34
33450,473,35
33451,1000,27
33452,475,18
33453,0,3
33454,347,26
33455,690,23
33456,0,3
33457,0,3
33458,93,14
33459,378,28
33460,300,28
33461,232,21
33462,0,3
33463,0,3
33464,607,31
33465,448,26
33466,198,20
33467,159,17
33468,453,32
33469,0,3
33470,0,3
33471,0,3
33472,292,29
33473,0,3
33474,0,3
33475,0,3
33476,0,3
33477,260,22
33478,397,25
33479,0,3
33480,66,12
33481,0,3
33482,313,21
33483,416,29
33484,401,31
33485,0,3
33486,181,21
33487,0,3
33488,315,30
33489,0,3
33490,763,29
33491,445,24
33492,416,30
33493,168,16
33494,146,18
33495,0,3
33496,0,3
33497,205,22
33498,0,3
33499,326,29
33500,298,35
33501,567,14
33502,0,3
33503,0,3
33504,499,34
33505,796,18
33506,0,3
33507,660,25
33508,0,3
33509,0,3
33510,561,22
33511,0,3
33512,0,3
33513,416,30
33514,345,26
33515,980,20
33516,0,3
33517,0,3
33518,0,3
33519,412,32
33520,291,29
33521,945,32
33522,0,3
33523,0,3
33524,314,21
33525,225,25
33526,528,25
33527,0,3
33528,0,3
33529,415,21
33530,380,28
33531,768,24
33532,329,22
33533,1000,20
33534,298,27
33535,0,3
33536,0,3
33537,0,3
33538,0,3
33539,484,22
33540,427,30
33541,345,30
33542,0,3
33543,126,12
33544,657,22
33545,444,26
33546,333,26
33547,285,17
33548,496,30
33549,0,3
33550,0,3
33551,485,30
33552,289,25
33553,0,3
33554,0,3
33555,766,28
33556,221,26
33557,1000,23
33558,0,3
33559,153,18
33560,297,23
33561,436,36
33562,311,26
33563,456,28
33564,0,3
33565,538,31
33566,652,27
33567,670,30
33568,195,22
33569,502,28
33570,0,3
33571,426,24
33572,390,25
33573,0,3
33574,413,28
33575,0,3
33576,194,18
33577,0,3
33578,240,19
33579,321,23
33580,325,24
33581,221,29
33582,701,26
33583,517,27
33584,0,3
33585,214,10
33586,258,19
33587,0,3
33588,297,19
33589,280,26
33590,0,3
33591,414,27
33592,0,3
33593,372,29
33594,236,21
33595,0,3
33596,0,3
33597,521,26
33598,0,3
33599,0,3
33600,14,3
33601,0,3
33602,563,11
33603,823,35
33604,0,3
33605,0,3
33606,84,11
33607,208,20
33608,165,15
33609,115,15
33610,0,3
33611,389,24
33612,0,3
33613,779,33
33614,342,23
33615,254,21
33616,0,3
33617,328,19
33618,273,18
33619,318,30
33620,178,16
33621,0,3
33622,545,24
33623,123,14
33624,162,18
33625,0,3
33626,0,3
33627,0,3
33628,828,31
33629,635,37
33630,0,3
33631,99,10
33632,258,22
33633,289,25
33634,371,30
33635,700,20
33636,340,24
33637,444,36
33638,547,27
33639,246,21
33640,101,14
33641,371,22
33642,956,30
33643,0,3
33644,234,26
33645,419,26
33646,438,32
33647,218,22
33648,121,15
33649,249,25
33650,287,25
33651,0,3
33652,0,3
33653,0,3
33654,0,3
33655,1000,23
33656,423,30
33657,241,18
33658,0,3
33659,1000,13
33660,734,31
33661,286,27
33662,224,22
33663,1000,16
33664,339,23
33665,0,3
33666,0,3
33667,0,3
33668,0,3
33669,169,18
33670,0,3
33671,0,3
33672,0,3
33673,669,23
33674,333,30
33675,0,3
33676,223,21
33677,0,3
33678,354,32
33679,283,22
33680,244,20
33681,0,3
33682,160,19
33683,285,23
33684,569,32
33685,1000,10
33686,0,3
33687,0,3
33688,0,3
33689,479,27
33690,128,15
33691,1000,25
33692,642,38
33693,571,34
33694,504,18
33695,0,3
33696,0,3
33697,276,22
33698,1000,27
33699,237,24
33700,0,3
33701,492,28
33702,997,22
33703,410,32
33704,0,3
33705,194,20
33706,0,3
33707,336,26
33708,244,26
33709,577,20
33710,238,25
33711,1000,29
33712,513,25
33713,727,21
33714,421,30
33715,221,17
33716,411,29
33717,0,3
33718,235,18
33719,257,21
33720,607,20
33721,726,17
33722,265,17
33723,0,3
33724,0,3
33725,452,24
33726,549,29
33727,0,3
33728,0,3
33729,377,31
33730,532,24
33731,865,33
33732,703,19
33733,363,24
33734,357,28
33735,131,16
33736,808,28
33737,520,29
33738,1000,22
33739,564,22
33740,0,3
33741,396,32
33742,285,22
33743,0,3
33744,271,17
33745,230,21
33746,462,32
33747,629,28
33748,468,19
33749,378,25
33750,541,16
33751,1000,15
33752,0,3
33753,247,21
33754,570,28
33755,569,31
33756,182,15
33757,662,26
33758,332,28
33759,417,27
33760,272,26
33761,0,3
33762,359,24
33763,467,35
33764,0,3
33765,0,3
33766,90,12
33767,0,3
33768,0,3
33769,660,23
33770,524,23
33771,93,16
33772,822,27
33773,265,24
33774,242,20
33775,0,3
33776,520,40
33777,577,29
33778,291,23
33779,33,6
33780,0,3
33781,753,28
33782,110,14
33783,0,3
33784,0,3
33785,325,27
33786,943,30
33787,329,30
33788,322,29
33789,0,3
33790,0,3
33791,174,16
33792,0,3
33793,0,3
33794,301,26
33795,0,3
33796,383,29
33797,0,3
33798,0,3
33799,0,3
33800,0,3
33801,280,26
33802,556,25
33803,208,20
33804,129,16
33805,0,3
33806,0,3
33807,393,26
33808,0,3
33809,354,26
33810,0,3
33811,646,19
33812,433,32
33813,264,24
33814,0,3
33815,247,20
33816,0,3
33817,715,23
33818,217,19
33819,0,3
33820,691,24
33821,0,3
33822,0,3
33823,0,3
33824,0,3
33825,369,21
33826,0,3
33827,0,3
33828,449,25
33829,0,3
33830,0,3
33831,396,19
33832,0,3
33833,456,25
33834,0,3
33835,144,8
33836,483,13
33837,0,3
33838,0,3
33839,7,3
33840,646,26
33841,0,3
33842,0,3
33843,136,13
33844,357,25
33845,175,16
33846,291,17
33847,254,22
33848,0,3
33849,834,29
33850,0,3
33851,222,22
33852,584,19
33853,94,13
33854,260,25
33855,371,26
33856,0,3
33857,243,26
33858,709,32
33859,0,3
33860,342,23
33861,0,3
33862,0,3
33863,638,31
33864,0,3
33865,223,25
33866,0,3
33867,0,3
33868,0,3
33869,249,28
33870,275,21
33871,402,34
33872,0,3
33873,831,7
33874,330,25
33875,540,29
33876,542,29
33877,646,24
33878,2,1
33879,0,3
33880,225,24
33881,0,3
33882,181,14
33883,0,3
33884,737,26
33885,0,3
33886,736,26
33887,150,14
33888,751,26
33889,0,3
33890,0,3
33891,236,20
33892,0,3
33893,204,16
33894,0,3
33895,0,3
33896,0,3
33897,508,18
33898,0,3
33899,432,28
33900,0,3
33901,135,17
33902,681,25
33903,345,28
33904,0,3
33905,319,26
33906,0,3
33907,0,3
33908,351,33
33909,654,29
33910,389,30
33911,844,30
33912,134,16
33913,547,18
33914,212,18
33915,588,27
33916,316,28
33917,279,27
33918,0,3
33919,0,3
33920,0,3
33921,0,3
33922,0,3
33923,320,21
33924,237,22
33925,782,24
33926,750,29
33927,433,26
33928,0,3
33929,354,31
33930,168,12
33931,271,21
33932,826,31
33933,359,27
33934,772,37
33935,260,20
33936,787,32
33937,301,23
33938,325,17
33939,344,28
33940,0,3
33941,362,25
33942,368,26
33943,444,35
33944,0,3
33945,553,28
33946,133,16
33947,437,29
33948,364,26
33949,200,16
33950,268,22
33951,0,3
33952,430,30
33953,0,3
33954,157,20
33955,0,3
33956,384,25
33957,475,20
33958,776,41
33959,565,41
33960,608,26
33961,0,3
33962,0,3
33963,0,3
33964,389,28
33965,0,3
33966,0,3
33967,0,3
33968,0,3
33969,1000,7
33970,0,3
33971,302,18
33972,289,22
33973,384,24
33974,0,3
33975,0,3
33976,381,33
33977,166,19
33978,0,3
33979,342,34
33980,0,3
33981,0,3
33982,699,21
33983,981,32
33984,222,22
33985,1000,22
33986,941,21
33987,336,29
33988,0,3
33989,50,12
33990,618,33
33991,166,16
33992,0,3
33993,0,3
33994,0,3
33995,0,3
33996,0,3
33997,314,25
33998,212,24
33999,0,3
34000,0,3
34001,891,35
34002,252,20
34003,310,28
34004,452,16
34005,437,32
34006,508,25
34007,512,30
34008,443,30
34009,0,3
34010,0,3
34011,0,3
34012,115,18
34013,614,29
34014,133,17
34015,231,23
34016,1000,8
34017,241,22
34018,0,3
34019,263,30
34020,0,3
34021,354,25
34022,453,30
34023,0,3
34024,1000,24
34025,261,23
34026,0,3
34027,0,3
34028,0,3
34029,529,26
34030,286,31
34031,661,25
34032,433,27
34033,679,30
34034,619,21
34035,532,27
34036,0,3
34037,862,36
34038,418,26
34039,863,29
34040,0,3
34041,173,15
34042,274,19
34043,296,26
34044,425,27
34045,0,3
34046,626,25
34047,0,3
34048,82,14
34049,368,25
34050,232,27
34051,0,3
34052,339,33
34053,0,3
34054,0,3
34055,229,22
34056,171,19
34057,476,19
34058,0,3
34059,262,20
34060,269,19
34061,206,24
34062,399,34
34063,0,3
34064,819,22
34065,395,20
34066,171,21
34067,479,26
34068,0,3
34069,274,20
34070,271,28
34071,241,21
34072,0,3
34073,267,27
34074,508,29
34075,336,27
34076,148,21
34077,709,22
34078,341,31
34079,0,3
34080,534,15
34081,903,28
34082,0,3
34083,335,32
34084,460,21
34085,0,3
34086,167,18
34087,321,28
34088,559,36
34089,381,34
34090,194,24
34091,649,18
34092,278,14
34093,440,32
34094,239,18
34095,0,3
34096,1000,12
34097,262,27
34098,149,14
34099,113,16
34100,224,24
34101,933,26
34102,456,39
34103,0,3
34104,450,13
34105,203,22
34106,0,3
34107,0,3
34108,284,22
34109,0,3
34110,0,3
34111,432,36
34112,403,38
34113,0,3
34114,306,30
34115,235,28
34116,541,31
34117,249,20
34118,0,3
34119,276,19
34120,332,25
34121,0,3
34122,287,28
34123,0,3
34124,0,3
34125,197,16
34126,694,19
34127,315,24
34128,0,3
34129,344,30
34130,143,23
34131,0,3
34132,283,24
34133,960,26
34134,441,31
34135,569,26
34136,234,20
34137,0,3
34138,849,18
34139,416,24
34140,327,19
34141,540,28
34142,0,3
34143,230,13
34144,0,3
34145,358,27
34146,0,3
34147,170,17
34148,0,3
34149,404,27
34150,0,3
34151,234,15
34152,15,4
34153,0,3
34154,510,20
34155,592,32
34156,1000,28
34157,217,22
34158,217,23
34159,0,3
34160,575,24
34161,86,14
34162,0,3
34163,0,3
34164,0,3
34165,348,33
34166,233,23
34167,0,3
34168,785,17
34169,0,3
34170,0,3
34171,147,16
34172,300,31
34173,529,34
34174,0,3
34175,218,19
34176,208,11
34177,0,3
34178,351,24
34179,331,30
34180,202,21
34181,727,16
34182,369,26
34183,0,3
34184,0,3
34185,454,30
34186,387,26
34187,461,40
34188,0,3
34189,225,21
34190,162,20
34191,246,23
34192,0,3
34193,346,31
34194,606,26
34195,0,3
34196,195,18
34197,381,27
34198,369,28
34199,882,31
34200,44,7
34201,421,30
34202,223,21
34203,316,24
34204,0,3
34205,135,17
34206,0,3
34207,476,29
34208,248,21
34209,513,40
34210,0,3
34211,502,26
34212,302,20
34213,210,21
34214,391,18
34215,0,3
34216,735,31
34217,0,3
34218,269,25
34219,188,22
34220,322,31
34221,486,23
34222,330,22
34223,0,3
34224,356,33
34225,462,35
34226,241,25
34227,549,30
34228,0,3
34229,0,3
34230,0,3
34231,0,3
34232,240,23
34233,335,26
34234,310,21
34235,0,3
34236,155,16
34237,0,3
34238,0,3
34239,240,24
34240,420,20
34241,326,24
34242,148,14
34243,193,19
34244,0,3
34245,340,27
34246,0,3
34247,357,23
34248,0,3
34249,501,25
34250,240,24
34251,233,19
34252,0,3
34253,339,24
34254,481,35
34255,524,24
34256,367,22
34257,0,3
34258,300,29
34259,0,3
34260,251,25
34261,0,3
34262,0,3
34263,304,20
34264,0,3
34265,181,14
34266,462,28
34267,0,3
34268,558,24
34269,0,3
34270,470,25
34271,193,21
34272,419,37
34273,0,3
34274,262,22
34275,363,27
34276,409,36
34277,168,15
34278,0,3
34279,0,3
34280,176,16
34281,221,28
34282,0,3
34283,0,3
34284,284,26
34285,202,25
34286,314,19
34287,280,22
34288,0,3
34289,362,25
34290,798,39
34291,172,22
34292,890,28
34293,245,18
34294,0,3
34295,456,26
34296,0,3
34297,0,3
34298,0,3
34299,1000,6
34300,0,3
34301,91,9
34302,335,30
34303,0,3
34304,225,20
34305,339,27
34306,246,17
34307,459,25
34308,0,3
34309,0,3
34310,275,24
34311,273,22
34312,0,3
34313,442,27
34314,359,19
34315,301,22
34316,380,21
34317,0,3
34318,258,23
34319,309,21
34320,0,3
34321,67,13
34322,0,3
34323,262,25
34324,0,3
34325,0,3
34326,0,3
34327,179,15
34328,548,28
34329,0,3
34330,394,26
34331,0,3
34332,346,32
34333,730,22
34334,226,14
34335,672,25
34336,263,20
34337,0,3
34338,276,23
34339,241,23
34340,0,3
34341,424,18
34342,486,29
34343,519,28
34344,395,32
34345,176,19
34346,0,3
34347,1000,17
34348,530,16
34349,1000,27
34350,212,26
34351,0,3
34352,0,3
34353,0,3
34354,239,24
34355,294,25
34356,0,3
34357,0,3
34358,0,3
34359,0,3
34360,0,3
34361,291,20
34362,257,21
34363,483,20
34364,472,35
34365,0,3
34366,181,15
34367,0,3
34368,336,27
34369,0,3
34370,456,27
34371,703,30
34372,323,27
34373,552,30
34374,732,21
34375,0,3
34376,295,23
34377,490,33
34378,326,28
34379,266,36
34380,652,41
34381,0,3
34382,0,3
34383,0,3
34384,262,20
34385,0,3
34386,313,31
34387,245,22
34388,670,30
34389,320,28
34390,0,3
34391,90,14
34392,325,27
34393,361,27
34394,559,29
34395,278,22
34396,347,25
34397,360,30
34398,0,3
34399,171,20
34400,318,21
34401,303,25
34402,259,25
34403,0,3
34404,412,26
34405,0,3
34406,0,3
34407,532,18
34408,9,3
34409,150,14
34410,0,3
34411,136,14
34412,0,3
34413,0,3
34414,0,3
34415,465,31
34416,0,3
34417,312,23
34418,494,27
34419,382,28
34420,342,32
34421,391,30
34422,311,26
34423,631,29
34424,0,3
34425,0,3
34426,0,3
34427,352,34
34428,0,3
34429,1000,26
34430,122,13
34431,344,27
34432,560,22
34433,94,11
34434,594,21
34435,814,22
34436,0,3
34437,252,19
34438,170,18
34439,646,31
34440,709,27
34441,774,37
34442,0,3
34443,0,3
34444,489,27
34445,0,3
34446,0,3
34447,514,30
34448,0,3
34449,545,21
34450,0,3
34451,131,17
34452,669,23
34453,367,23
34454,477,29
34455,336,32
34456,643,33
34457,0,3
34458,458,30
34459,0,3
34460,324,18
34461,491,29
34462,0,3
34463,0,3
34464,0,3
34465,238,18
34466,0,3
34467,514,25
34468,0,3
34469,749,27
34470,489,14
34471,0,3
34472,299,23
34473,0,3
34474,253,22
34475,114,15
34476,0,3
34477,253,25
34478,388,26
34479,0,3
34480,287,22
34481,776,27
34482,0,3
34483,322,24
34484,0,3
34485,0,3
34486,345,29
34487,647,37
34488,96,7
34489,0,3
34490,228,13
34491,0,3
34492,0,3
34493,28,6
34494,0,3
34495,0,3
34496,357,31
34497,0,3
34498,0,3
34499,364,24
34500,293,23
34501,241,25
34502,0,3
34503,337,21
34504,0,3
34505,256,23
34506,246,19
34507,321,25
34508,421,31
34509,324,18
34510,332,24
34511,0,3
34512,413,17
34513,0,3
34514,163,16
34515,0,3
34516,358,24
34517,371,25
34518,3,3
34519,343,26
34520,1000,28
34521,0,3
34522,241,26
34523,0,3
34524,486,32
34525,172,20
34526,137,18
34527,317,25
34528,249,28
34529,602,25
34530,0,3
34531,0,3
34532,535,35
34533,1000,17
34534,381,30
34535,229,12
34536,183,16
34537,0,3
34538,222,24
34539,52,7
34540,263,21
34541,295,22
34542,637,23
34543,397,28
34544,654,27
34545,213,17
34546,259,21
34547,0,3
34548,0,3
34549,412,28
34550,588,35
34551,0,3
34552,301,23
34553,0,3
34554,271,25
34555,660,31
34556,0,3
34557,286,20
34558,204,21
34559,440,23
34560,420,22
34561,326,31
34562,0,3
34563,323,22
34564,390,27
34565,445,27
34566,227,18
34567,385,25
34568,278,25
34569,0,3
34570,0,3
34571,499,10
34572,370,20
34573,306,19
34574,255,24
34575,457,25
34576,682,29
34577,0,3
34578,317,18
34579,403,25
34580,591,28
34581,0,3
34582,153,15
34583,466,36
34584,345,27
34585,0,3
34586,0,3
34587,0,3
34588,439,31
34589,0,3
34590,201,25
34591,0,3
34592,0,3
34593,501,30
34594,0,3
34595,430,18
34596,856,22
34597,458,25
34598,0,3
34599,278,22
34600,244,17
34601,683,14
34602,366,26
34603,490,26
34604,147,14
34605,850,23
34606,323,29
34607,1000,26
34608,232,19
34609,616,33
34610,367,21
34611,0,3
34612,751,30
34613,294,23
34614,0,3
34615,0,3
34616,1000,8
34617,0,3
34618,0,3
34619,644,30
34620,0,3
34621,0,3
34622,665,24
34623,0,3
34624,309,21
34625,720,19
34626,316,28
34627,0,3
34628,391,27
34629,0,3
34630,0,3
34631,247,23
34632,392,22
34633,0,3
34634,0,3
34635,0,3
34636,193,9
34637,306,28
34638,0,3
34639,328,24
34640,0,3
34641,1000,26
34642,0,3
34643,0,3
34644,278,27
34645,341,30
34646,251,24
34647,0,3
34648,0,3
34649,0,3
34650,224,20
34651,0,3
34652,0,3
34653,1000,20
34654,223,23
34655,215,19
34656,0,3
34657,0,3
34658,985,21
34659,0,3
34660,241,22
34661,335,25
34662,538,26
34663,140,15
34664,244,25
34665,0,3
34666,208,24
34667,1000,28
34668,233,25
34669,333,24
34670,0,3
34671,0,3
34672,358,24
34673,0,3
34674,366,30
34675,375,27
34676,427,32
34677,173,19
34678,272,23
34679,274,21
34680,0,3
34681,289,32
34682,0,3
34683,355,28
34684,526,34
34685,0,3
34686,360,31
34687,0,3
34688,0,3
34689,0,3
34690,542,30
34691,0,3
34692,572,32
34693,84,14
34694,0,3
34695,344,27
34696,328,22
34697,0,3
34698,511,22
34699,479,29
34700,0,3
34701,0,3
34702,0,3
34703,1000,29
34704,436,26
34705,0,3
34706,381,25
34707,246,26
34708,0,3
34709,0,3
34710,182,25
34711,0,3
34712,390,21
34713,532,25
34714,294,10
34715,501,27
34716,1000,23
34717,476,31
34718,0,3
34719,434,33
34720,147,16
34721,0,3
34722,0,3
34723,574,26
34724,193,22
34725,431,31
34726,0,3
34727,337,28
34728,655,23
34729,248,16
34730,239,29
34731,351,22
34732,0,3
34733,266,26
34734,359,28
34735,0,3
34736,0,3
34737,294,21
34738,288,28
34739,0,3
34740,0,3
34741,0,3
34742,253,26
34743,642,19
34744,745,28
34745,329,30
34746,684,30
34747,0,3
34748,310,26
34749,0,3
34750,0,3
34751,0,3
34752,0,3
34753,352,26
34754,274,21
34755,353,28
34756,302,23
34757,255,22
34758,496,27
34759,226,11
34760,0,3
34761,259,22
34762,226,22
34763,408,28
34764,715,28
34765,1000,18
34766,0,3
34767,0,3
34768,375,24
34769,444,33
34770,212,27
34771,0,3
34772,0,3
34773,712,26
34774,135,14
34775,656,35
34776,0,3
34777,0,3
34778,311,31
34779,0,3
34780,0,3
34781,282,25
34782,0,3
34783,0,3
34784,261,20
34785,0,3
34786,815,33
34787,0,3
34788,0,3
34789,406,33
34790,509,35
34791,1000,27
34792,0,3
34793,0,3
34794,0,3
34795,391,30
34796,803,28
34797,510,33
34798,633,23
34799,0,3
34800,284,16
34801,0,3
34802,222,15
34803,253,20
34804,655,32
34805,175,19
34806,309,21
34807,374,22
34808,0,3
34809,155,14
34810,0,3
34811,597,22
34812,302,18
34813,0,3
34814,620,27
34815,0,3
34816,388,18
34817,91,14
34818,0,3
34819,222,19
34820,842,35
34821,179,15
34822,0,3
34823,936,31
34824,622,31
34825,242,19
34826,24,6
34827,0,3
34828,0,3
34829,296,21
34830,225,17
34831,30,7
34832,975,26
34833,0,3
34834,362,27
34835,585,41
34836,862,29
34837,185,16
34838,0,3
34839,0,3
34840,0,3
34841,1000,32
34842,238,15
34843,380,31
34844,0,3
34845,0,3
34846,458,28
34847,280,27
34848,0,3
34849,1000,8
34850,256,26
34851,368,32
34852,693,23
34853,228,22
34854,0,3
34855,493,29
34856,796,29
34857,0,3
34858,369,21
34859,0,3
34860,194,18
34861,470,33
34862,259,19
34863,347,32
34864,0,3
34865,231,21
34866,0,3
34867,0,3
34868,325,29
34869,0,3
34870,643,22
34871,0,3
34872,0,3
34873,465,19
34874,323,19
34875,406,36
34876,909,20
34877,494,34
34878,853,24
34879,84,7
34880,0,3
34881,525,29
34882,123,9
34883,0,3
34884,0,3
34885,221,23
34886,26,5
34887,340,26
34888,295,22
34889,933,22
34890,269,23
34891,537,26
34892,0,3
34893,142,18
34894,0,3
34895,0,3
34896,0,3
34897,280,27
34898,349,23
34899,366,28
34900,144,18
34901,0,3
34902,372,23
34903,0,3
34904,359,33
34905,0,3
34906,673,17
34907,123,13
34908,0,3
34909,0,3
34910,845,23
34911,0,3
34912,558,25
34913,0,3
34914,242,22
34915,0,3
34916,608,22
34917,0,3
34918,366,27
34919,426,30
34920,156,18
34921,0,3
34922,342,28
34923,0,3
34924,198,18
34925,0,3
34926,0,3
34927,465,30
34928,535,30
34929,253,15
34930,52,8
34931,352,34
34932,334,22
34933,305,22
34934,0,3
34935,0,3
34936,0,3
34937,424,36
34938,0,3
34939,200,15
34940,468,18
34941,0,3
34942,544,31
34943,0,3
34944,0,3
34945,0,3
34946,305,24
34947,0,3
34948,332,23
34949,0,3
34950,0,3
34951,0,3
34952,223,20
34953,366,31
34954,0,3
34955,0,3
34956,440,29
34957,875,30
34958,452,4
34959,0,3
34960,423,22
34961,578,32
34962,442,25
34963,0,3
34964,316,28
34965,0,3
34966,1000,24
34967,661,34
34968,196,18
34969,222,17
34970,467,32
34971,185,14
34972,0,3
34973,255,24
34974,307,27
34975,710,20
34976,0,3
34977,0,3
34978,420,30
34979,0,3
34980,0,3
34981,133,14
34982,268,25
34983,900,32
34984,436,29
34985,309,23
34986,257,16
34987,255,20
34988,178,20
34989,688,24
34990,164,18
34991,0,3
34992,672,28
34993,0,3
34994,1000,28
34995,500,29
34996,0,3
34997,0,3
34998,0,3
34999,525,32
35000,91,8
35001,42,7
35002,0,3
35003,76,10
35004,357,28
35005,416,24
35006,0,3
35007,286,22
35008,0,3
35009,0,3
35010,697,29
35011,161,16
35012,671,20
35013,368,26
35014,0,3
35015,253,18
35016,0,3
35017,117,7
35018,577,31
35019,274,24
35020,169,14
35021,0,3
35022,372,14
35023,387,34
35024,0,3
35025,615,31
35026,681,37
35027,0,3
35028,141,18
35029,368,26
35030,0,3
35031,827,26
35032,0,3
35033,0,3
35034,0,3
35035,0,3
35036,448,23
35037,208,29
35038,0,3
35039,0,3
35040,318,25
35041,404,22
35042,453,28
35043,400,26
35044,0,3
35045,0,3
35046,0,3
35047,0,3
35048,430,24
35049,955,40
35050,388,29
35051,457,26
35052,138,16
35053,0,3
35054,467,31
35055,4,3
35056,0,3
35057,483,35
35058,221,23
35059,306,25
35060,180,15
35061,325,31
35062,687,24
35063,0,3
35064,240,25
35065,383,29
35066,0,3
35067,283,14
35068,281,21
35069,387,27
35070,0,3
35071,311,32
35072,0,3
35073,417,23
35074,163,17
35075,0,3
35076,944,23
35077,4,3
35078,858,26
35079,0,3
35080,0,3
35081,1000,18
35082,235,20
35083,10,4
35084,401,27
35085,377,28
35086,232,27
35087,0,3
35088,0,3
35089,0,3
35090,354,29
35091,0,3
35092,0,3
35093,526,32
35094,848,26
35095,0,3
35096,223,20
35097,347,24
35098,333,22
35099,0,3
35100,0,3
35101,741,15
35102,765,31
35103,0,3
35104,395,31
35105,0,3
35106,265,22
35107,391,30
35108,331,33
35109,290,18
35110,0,3
35111,0,3
35112,593,29
35113,0,3
35114,500,32
35115,0,3
35116,421,28
35117,0,3
35118,401,31
35119,641,30
35120,176,19
35121,611,22
35122,560,30
35123,420,30
35124,282,31
35125,0,3
35126,507,25
35127,0,3
35128,287,24
35129,0,3
35130,1000,21
35131,207,19
35132,0,3
35133,593,25
35134,155,15
35135,0,3
35136,251,21
35137,0,3
35138,0,3
35139,0,3
35140,179,22
35141,295,25
35142,0,3
35143,0,3
35144,555,33
35145,500,18
35146,199,19
35147,0,3
35148,328,24
35149,236,20
35150,421,26
35151,167,19
35152,0,3
35153,0,3
35154,0,3
35155,324,29
35156,514,28
35157,504,28
35158,0,3
35159,385,26
35160,1000,25
35161,551,32
35162,0,3
35163,0,3
35164,0,3
35165,0,3
35166,702,13
35167,271,22
35168,614,20
35169,526,23
35170,0,3
35171,238,21
35172,339,21
35173,510,37
35174,270,28
35175,219,22
35176,0,3
35177,0,3
35178,339,25
35179,746,31
35180,320,25
35181,490,34
35182,0,3
35183,603,15
35184,392,17
35185,576,27
35186,320,21
35187,0,3
35188,331,30
35189,338,31
35190,0,3
35191,0,3
35192,0,3
35193,0,3
35194,580,28
35195,363,28
35196,129,16
35197,360,24
35198,421,19
35199,200,20
35200,292,25
35201,0,3
35202,0,3
35203,264,29
35204,0,3
35205,0,3
35206,253,14
35207,245,19
35208,258,14
35209,346,30
35210,0,3
35211,0,3
35212,716,25
35213,290,24
35214,388,25
35215,406,33
35216,0,3
35217,463,34
35218,0,3
35219,583,28
35220,0,3
35221,262,19
35222,593,30
35223,875,33
35224,642,20
35225,927,12
35226,0,3
35227,0,3
35228,467,27
35229,460,20
35230,319,21
35231,413,39
35232,0,3
35233,140,18
35234,0,3
35235,0,3
35236,978,22
35237,451,22
35238,0,3
35239,583,25
35240,228,23
35241,496,34
35242,275,27
35243,595,24
35244,248,24
35245,336,31
35246,0,3
35247,328,27
35248,457,26
35249,404,33
35250,423,25
35251,673,31
35252,211,23
35253,430,22
35254,0,3
35255,248,21
35256,427,28
35257,208,25
35258,0,3
35259,502,45
35260,0,3
35261,231,23
35262,296,16
35263,0,3
35264,131,18
35265,0,3
35266,222,14
35267,377,24
35268,0,3
35269,288,25
35270,559,21
35271,266,24
35272,531,24
35273,228,18
35274,465,29
35275,790,34
35276,661,32
35277,0,3
35278,0,3
35279,219,28
35280,336,29
35281,101,14
35282,532,25
35283,494,28
35284,472,22
35285,1000,15
35286,277,20
35287,0,3
35288,0,3
35289,477,19
35290,205,20
35291,0,3
35292,238,19
35293,0,3
35294,0,3
35295,1000,15
35296,408,20
35297,0,3
35298,0,3
35299,0,3
35300,318,28
35301,178,18
35302,377,17
35303,0,3
35304,650,25
35305,389,30
35306,257,19
35307,483,29
35308,1000,22
35309,0,3
35310,0,3
35311,0,3
35312,267,26
35313,0,3
35314,0,3
35315,877,36
35316,0,3
35317,256,14
35318,290,28
35319,589,24
35320,353,27
35321,0,3
35322,438,20
35323,538,24
35324,352,25
35325,502,19
35326,0,3
35327,230,18
35328,394,27
35329,0,3
35330,246,22
35331,652,26
35332,0,3
35333,0,3
35334,735,32
35335,537,26
35336,0,3
35337,175,16
35338,258,22
35339,359,20
35340,807,28
35341,305,24
35342,0,3
35343,1000,10
35344,0,3
35345,410,29
35346,0,3
35347,286,16
35348,0,3
35349,390,26
35350,0,3
35351,285,26
35352,0,3
35353,0,3
35354,0,3
35355,1000,10
35356,0,3
35357,360,26
35358,0,3
35359,284,23
35360,662,29
35361,298,25
35362,336,21
35363,0,3
35364,0,3
35365,0,3
35366,127,21
35367,0,3
35368,0,3
35369,0,3
35370,1000,18
35371,0,3
35372,616,17
35373,272,23
35374,317,23
35375,295,18
35376,384,29
35377,0,3
35378,0,3
35379,293,21
35380,448,28
35381,197,22
35382,318,19
35383,548,26
35384,307,22
35385,0,3
35386,0,3
35387,0,3
35388,0,3
35389,188,21
35390,0,3
35391,0,3
35392,860,40
35393,0,3
35394,422,30
35395,0,3
35396,0,3
35397,0,3
35398,0,3
35399,290,26
35400,219,28
35401,0,3
35402,108,13
35403,0,3
35404,263,19
35405,650,25
35406,230,21
35407,0,3
35408,0,3
35409,372,24
35410,760,21
35411,140,16
35412,517,37
35413,286,22
35414,413,21
35415,876,29
35416,0,3
35417,0,3
35418,0,3
35419,914,32
35420,487,29
35421,0,3
35422,1000,26
35423,0,3
35424,206,16
35425,486,16
35426,275,23
35427,0,3
35428,0,3
35429,427,35
35430,632,32
35431,0,3
35432,112,8
35433,716,29
35434,430,31
35435,0,3
35436,207,24
35437,399,29
35438,187,19
35439,771,24
35440,992,32
35441,0,3
35442,1000,19
35443,201,20
35444,381,26
35445,399,27
35446,0,3
35447,300,29
35448,1000,13
35449,527,22
35450,543,22
35451,899,31
35452,429,22
35453,263,27
35454,0,3
35455,229,22
35456,290,25
35457,616,33
35458,0,3
35459,123,14
35460,0,3
35461,392,25
35462,0,3
35463,443,30
35464,0,3
35465,404,21
35466,120,14
35467,316,23
35468,172,23
35469,0,3
35470,0,3
35471,0,3
35472,0,3
35473,696,27
35474,337,28
35475,118,14
35476,511,33
35477,0,3
35478,0,3
35479,0,3
35480,642,29
35481,415,28
35482,369,26
35483,321,23
35484,0,3
35485,367,25
35486,0,3
35487,0,3
35488,414,29
35489,0,3
35490,0,3
35491,0,3
35492,395,31
35493,340,25
35494,136,14
35495,594,17
35496,634,30
35497,921,21
35498,58,9
35499,648,34
35500,298,25
35501,0,3
35502,0,3
35503,0,3
35504,1000,30
35505,0,3
35506,632,32
35507,0,3
35508,381,20
35509,343,23
35510,308,25
35511,185,18
35512,371,27
35513,457,33
35514,242,15
35515,533,30
35516,706,24
35517,0,3
35518,0,3
35519,288,16
35520,2,3
35521,0,3
35522,330,23
35523,1000,24
35524,363,21
35525,392,28
35526,415,28
35527,353,30
35528,334,28
35529,0,3
35530,1000,11
35531,292,28
35532,227,20
35533,280,16
35534,232,23
35535,1000,19
35536,0,3
35537,0,3
35538,0,3
35539,0,3
35540,358,25
35541,243,26
35542,221,19
35543,0,3
35544,597,36
35545,676,42
35546,163,18
35547,0,3
35548,0,3
35549,268,25
35550,590,38
35551,267,18
35552,193,14
35553,423,26
35554,399,29
35555,0,3
35556,912,19
35557,309,18
35558,523,28
35559,237,22
35560,120,12
35561,453,24
35562,320,28
35563,458,29
35564,401,23
35565,0,3
35566,0,3
35567,0,3
35568,0,3
35569,0,3
35570,194,20
35571,599,32
35572,309,25
35573,0,3
35574,249,25
35575,0,3
35576,676,21
35577,517,12
35578,464,23
35579,753,23
35580,384,17
35581,0,3
35582,150,13
35583,924,15
35584,484,34
35585,0,3
35586,242,22
35587,0,3
35588,262,19
35589,0,3
35590,0,3
35591,290,17
35592,178,19
35593,0,3
35594,0,3
35595,297,25
35596,0,3
35597,970,31
35598,294,25
35599,774,22
35600,145,15
35601,161,16
35602,499,32
35603,363,32
35604,409,32
35605,145,17
35606,918,25
35607,1000,20
35608,180,5
35609,389,28
35610,605,29
35611,527,24
35612,1000,30
35613,530,18
35614,0,3
35615,436,33
35616,293,15
35617,0,3
35618,0,3
35619,269,19
35620,1000,15
35621,0,3
35622,254,24
35623,659,28
35624,1000,11
35625,350,20
35626,791,37
35627,566,29
35628,0,3
35629,332,30
35630,395,30
35631,305,20
35632,0,3
35633,657,28
35634,122,14
35635,0,3
35636,730,31
35637,387,29
35638,316,30
35639,448,17
35640,0,3
35641,0,3
35642,380,33
35643,0,3
35644,0,3
35645,588,23
35646,0,3
35647,0,3
35648,307,18
35649,631,26
35650,802,28
35651,391,31
35652,0,3
35653,252,28
35654,282,25
35655,345,28
35656,0,3
35657,12,4
35658,270,19
35659,308,30
35660,253,13
35661,140,12
35662,0,3
35663,0,3
35664,0,3
35665,980,20
35666,436,22
35667,0,3
35668,0,3
35669,527,30
35670,867,27
35671,0,3
35672,0,3
35673,298,22
35674,629,24
35675,530,29
35676,155,16
35677,580,20
35678,258,19
35679,490,21
35680,843,30
35681,0,3
35682,411,39
35683,269,19
35684,0,3
35685,410,17
35686,219,18
35687,582,33
35688,432,26
35689,0,3
35690,206,22
35691,958,29
35692,0,3
35693,596,20
35694,0,3
35695,772,33
35696,1000,12
35697,574,19
35698,579,24
35699,899,23
35700,531,33
35701,0,3
35702,0,3
35703,656,26
35704,175,19
35705,314,21
35706,0,3
35707,521,20
35708,0,3
35709,0,3
35710,513,19
35711,510,29
35712,0,3
35713,402,20
35714,0,3
35715,706,35
35716,386,28
35717,740,26
35718,476,20
35719,498,32
35720,524,22
35721,0,3
35722,305,24
35723,0,3
35724,372,25
35725,0,3
35726,467,23
35727,316,24
35728,0,3
35729,721,24
35730,67,9
35731,392,30
35732,255,22
35733,553,24
35734,0,3
35735,1000,16
35736,0,3
35737,0,3
35738,421,18
35739,654,30
35740,0,3
35741,0,3
35742,326,21
35743,0,3
35744,0,3
35745,336,26
35746,171,15
35747,404,27
35748,0,3
35749,0,3
35750,0,3
35751,0,3
35752,462,29
35753,716,27
35754,413,31
35755,0,3
35756,319,27
35757,0,3
35758,77,11
35759,398,25
35760,465,24
35761,320,24
35762,0,3
35763,217,25
35764,216,21
35765,510,24
35766,907,20
35767,365,29
35768,226,18
35769,622,34
35770,0,3
35771,0,3
35772,650,34
35773,508,27
35774,272,21
35775,317,29
35776,0,3
35777,1000,6
35778,504,22
35779,355,25
35780,418,20
35781,0,3
35782,385,24
35783,187,18
35784,268,20
35785,174,18
35786,96,16
35787,0,3
35788,97,14
35789,597,25
35790,530,32
35791,0,3
35792,0,3
35793,385,19
35794,160,19
35795,423,12
35796,0,3
35797,1000,8
35798,293,16
35799,288,17
35800,165,17
35801,414,29
35802,310,20
35803,277,15
35804,349,28
35805,436,27
35806,607,23
35807,0,3
35808,355,16
35809,560,17
35810,0,3
35811,783,20
35812,321,29
35813,293,22
35814,452,24
35815,0,3
35816,580,21
35817,284,21
35818,412,20
35819,895,24
35820,0,3
35821,233,23
35822,0,3
35823,0,3
35824,449,28
35825,446,27
35826,203,18
35827,0,3
35828,0,3
35829,753,22
35830,369,25
35831,358,28
35832,710,28
35833,0,3
35834,0,3
35835,1000,4
35836,402,26
35837,0,3
35838,229,18
35839,559,38
35840,340,23
35841,116,11
35842,0,3
35843,0,3
35844,251,22
35845,0,3
35846,476,34
35847,0,3
35848,0,3
35849,217,23
35850,311,26
35851,0,3
35852,0,3
35853,0,3
35854,161,17
35855,372,24
35856,194,20
35857,276,22
35858,1000,16
35859,274,24
35860,0,3
35861,0,3
35862,0,3
35863,0,3
35864,428,24
35865,0,3
35866,352,24
35867,365,21
35868,389,28
35869,0,3
35870,348,22
35871,360,24
35872,0,3
35873,864,29
35874,0,3
35875,0,3
35876,372,25
35877,601,28
35878,0,3
35879,279,25
35880,365,27
35881,289,23
35882,284,12
35883,331,26
35884,153,19
35885,437,30
35886,216,21
35887,283,21
35888,167,16
35889,0,3
35890,0,3
35891,534,22
35892,627,33
35893,1000,9
35894,1000,21
35895,477,26
35896,1000,24
35897,257,13
35898,0,3
35899,0,3
35900,0,3
35901,0,3
35902,0,3
35903,616,30
35904,0,3
35905,0,3
35906,379,26
35907,0,3
35908,1000,26
35909,455,23
35910,0,3
35911,325,31
35912,275,21
35913,419,23
35914,631,19
35915,599,27
35916,449,29
35917,321,21
35918,0,3
35919,0,3
35920,0,3
35921,706,29
35922,475,17
35923,864,30
35924,682,28
35925,0,3
35926,0,3
35927,304,19
35928,710,37
35929,650,15
35930,0,3
35931,0,3
35932,0,3
35933,180,14
35934,130,10
35935,148,14
35936,710,20
35937,0,3
35938,0,3
35939,439,24
35940,0,3
35941,471,25
35942,341,29
35943,274,29
35944,0,3
35945,618,20
35946,340,11
35947,171,17
35948,0,3
35949,0,3
35950,249,21
35951,0,3
35952,433,26
35953,366,21
35954,0,3
35955,335,24
35956,0,3
35957,261,24
35958,303,18
35959,490,22
35960,508,29
35961,0,3
35962,149,11
35963,0,3
35964,818,20
35965,478,25
35966,77,9
35967,287,21
35968,0,3
35969,356,26
35970,537,30
35971,640,23
35972,109,12
35973,624,31
35974,245,21
35975,1000,5
35976,0,3
35977,0,3
35978,0,3
35979,0,3
35980,0,3
35981,311,25
35982,0,3
35983,767,32
35984,1000,14
35985,442,25
35986,146,19
35987,321,12
35988,0,3
35989,0,3
35990,285,15
35991,366,17
35992,243,22
35993,492,21
35994,365,31
35995,0,3
35996,0,3
35997,323,21
35998,386,27
35999,320,27
36000,0,3
36001,447,30
36002,0,3
36003,504,28
36004,293,22
36005,0,3
36006,468,36
36007,1000,2
36008,0,3
36009,348,25
36010,370,21
36011,431,28
36012,439,31
36013,368,29
36014,0,3
36015,609,37
36016,519,21
36017,0,3
36018,123,3
36019,334,29
36020,386,29
36021,0,3
36022,340,23
36023,0,3
36024,448,32
36025,189,21
36026,0,3
36027,0,3
36028,222,19
36029,494,27
36030,0,3
36031,657,29
36032,279,27
36033,291,22
36034,0,3
36035,0,3
36036,485,33
36037,0,3
36038,246,14
36039,476,26
36040,514,28
36041,287,28
36042,238,20
36043,0,3
36044,279,27
36045,252,27
36046,195,18
36047,0,3
36048,533,23
36049,412,25
36050,0,3
36051,0,3
36052,0,3
36053,264,24
36054,271,24
36055,0,3
36056,498,24
36057,402,31
36058,209,18
36059,265,19
36060,1000,22
36061,188,13
36062,278,21
36063,760,25
36064,599,28
36065,259,17
36066,0,3
36067,0,3
36068,309,27
36069,493,26
36070,0,3
36071,0,3
36072,0,3
36073,362,19
36074,256,26
36075,0,3
36076,281,27
36077,574,23
36078,184,22
36079,0,3
36080,893,29
36081,0,3
36082,0,3
36083,0,3
36084,0,3
36085,673,33
36086,0,3
36087,0,3
36088,660,25
36089,0,3
36090,386,22
36091,0,3
36092,339,28
36093,536,28
36094,1000,31
36095,0,3
36096,216,23
36097,0,3
36098,455,29
36099,545,15
36100,380,25
36101,0,3
36102,0,3
36103,1000,11
36104,0,3
36105,0,3
36106,325,16
36107,409,25
36108,700,30
36109,250,21
36110,543,30
36111,0,3
36112,0,3
36113,178,17
36114,131,9
36115,0,3
36116,157,16
36117,232,21
36118,510,30
36119,0,3
36120,1000,14
36121,267,20
36122,523,33
36123,411,27
36124,351,26
36125,524,27
36126,0,3
36127,0,3
36128,139,20
36129,404,25
36130,24,6
36131,0,3
36132,0,3
36133,361,18
36134,1000,20
36135,334,19
36136,687,12
36137,0,3
36138,0,3
36139,0,3
36140,342,24
36141,0,3
36142,270,18
36143,0,3
36144,602,32
36145,554,31
36146,919,33
36147,375,23
36148,832,24
36149,424,27
36150,1000,16
36151,0,3
36152,870,29
36153,0,3
36154,0,3
36155,219,19
36156,235,24
36157,1000,25
36158,1000,20
36159,355,18
36160,0,3
36161,0,3
36162,150,18
36163,210,17
36164,287,23
36165,1,3
36166,946,25
36167,661,28
36168,117,14
36169,53,8
36170,0,3
36171,0,3
36172,372,22
36173,0,3
36174,0,3
36175,624,29
36176,0,3
36177,282,22
36178,0,3
36179,0,3
36180,0,3
36181,0,3
36182,215,24
36183,452,23
36184,0,3
36185,0,3
36186,293,30
36187,456,31
36188,0,3
36189,874,35
36190,0,3
36191,0,3
36192,248,24
36193,0,3
36194,400,31
36195,354,27
36196,239,22
36197,642,25
36198,975,25
36199,38,8
36200,458,24
36201,1000,21
36202,482,28
36203,758,18
36204,422,32
36205,0,3
36206,245,20
36207,423,29
36208,0,3
36209,0,3
36210,162,20
36211,440,26
36212,886,26
36213,318,9
36214,730,29
36215,143,13
36216,0,3
36217,171,15
36218,801,22
36219,571,19
36220,327,30
36221,0,3
36222,0,3
36223,0,3
36224,0,3
36225,0,3
36226,0,3
36227,0,3
36228,568,25
36229,1000,18
36230,154,14
36231,0,3
36232,360,24
36233,0,3
36234,634,30
36235,275,19
36236,0,3
36237,238,25
36238,493,33
36239,137,12
36240,496,30
36241,650,35
36242,0,3
36243,727,18
36244,291,26
36245,929,25
36246,670,30
36247,0,3
36248,143,14
36249,353,18
36250,268,26
36251,471,19
36252,0,3
36253,409,25
36254,0,3
36255,812,20
36256,428,29
36257,203,22
36258,0,3
36259,47,10
36260,388,21
36261,400,28
36262,733,25
36263,0,3
36264,0,3
36265,147,20
36266,180,17
36267,395,24
36268,324,13
36269,1000,19
36270,373,20
36271,0,3
36272,229,25
36273,690,24
36274,0,3
36275,757,33
36276,504,28
36277,0,3
36278,711,35
36279,1000,2
36280,463,22
36281,0,3
36282,572,24
36283,248,20
36284,343,25
36285,0,3
36286,278,19
36287,553,35
36288,219,23
36289,250,19
36290,0,3
36291,279,25
36292,809,33
36293,270,20
36294,365,26
36295,0,3
36296,1000,26
36297,0,3
36298,0,3
36299,630,25
36300,0,3
36301,418,27
36302,558,32
36303,325,25
36304,330,28
36305,698,29
36306,224,19
36307,0,3
36308,482,28
36309,701,17
36310,0,3
36311,186,19
36312,0,3
36313,376,28
36314,236,15
36315,0,3
36316,0,3
36317,326,25
36318,344,21
36319,501,17
36320,418,26
36321,0,3
36322,1000,12
36323,0,3
36324,404,26
36325,0,3
36326,280,17
36327,0,3
36328,641,31
36329,541,17
36330,547,31
36331,331,25
36332,554,27
36333,0,3
36334,426,21
36335,168,22
36336,224,13
36337,0,3
36338,0,3
36339,0,3
36340,391,16
36341,765,16
36342,565,17
36343,0,3
36344,448,24
36345,0,3
36346,511,26
36347,435,20
36348,0,3
36349,0,3
36350,883,26
36351,513,24
36352,616,30
36353,0,3
36354,0,3
36355,449,22
36356,382,23
36357,370,29
36358,0,3
36359,523,22
36360,809,27
36361,285,16
36362,434,25
36363,0,3
36364,322,21
36365,1000,26
36366,0,3
36367,0,3
36368,393,27
36369,112,13
36370,242,26
36371,0,3
36372,1000,20
36373,499,24
36374,0,3
36375,405,31
36376,1000,20
36377,319,23
36378,199,20
36379,368,25
36380,0,3
36381,422,38
36382,236,13
36383,280,27
36384,0,3
36385,0,3
36386,0,3
36387,0,3
36388,285,13
36389,0,3
36390,443,23
36391,0,3
36392,0,3
36393,324,25
36394,0,3
36395,0,3
36396,904,26
36397,0,3
36398,0,3
36399,1000,26
36400,615,36
36401,0,3
36402,147,17
36403,0,3
36404,334,28
36405,972,26
36406,0,3
36407,452,30
36408,0,3
36409,996,24
36410,944,18
36411,0,3
36412,0,3
36413,689,34
36414,214,15
36415,593,30
36416,0,3
36417,523,23
36418,0,3
36419,0,3
36420,628,19
36421,0,3
36422,339,28
36423,190,16
36424,0,3
36425,325,24
36426,47,10
36427,120,14
36428,81,11
36429,0,3
36430,28,6
36431,391,18
36432,181,17
36433,0,3
36434,0,3
36435,0,3
36436,391,23
36437,0,3
36438,239,19
36439,264,24
36440,376,25
36441,724,29
36442,0,3
36443,0,3
36444,0,3
36445,163,17
36446,645,29
36447,0,3
36448,410,27
36449,0,3
36450,108,14
36451,588,24
36452,0,3
36453,1000,15
36454,34,5
36455,0,3
36456,547,14
36457,0,3
36458,220,21
36459,320,29
36460,940,22
36461,970,9
36462,490,35
36463,617,28
36464,0,3
36465,347,29
36466,0,3
36467,1000,18
36468,723,25
36469,426,29
36470,0,3
36471,0,3
36472,0,3
36473,429,24
36474,113,18
36475,255,25
36476,0,3
36477,0,3
36478,204,19
36479,0,3
36480,292,29
36481,520,23
36482,729,21
36483,0,3
36484,0,3
36485,896,27
36486,292,22
36487,452,29
36488,0,3
36489,310,24
36490,643,20
36491,0,3
36492,579,23
36493,394,25
36494,0,3
36495,0,3
36496,272,20
36497,210,22
36498,594,32
36499,1000,24
36500,244,19
36501,0,3
36502,318,25
36503,948,27
36504,340,20
36505,329,22
36506,0,3
36507,696,30
36508,345,25
36509,0,3
36510,0,3
36511,0,3
36512,42,7
36513,0,3
36514,594,25
36515,0,3
36516,339,30
36517,321,26
36518,272,23
36519,459,25
36520,192,16
36521,340,27
36522,372,27
36523,421,25
36524,294,16
36525,0,3
36526,594,32
36527,237,19
36528,0,3
36529,370,32
36530,0,3
36531,0,3
36532,377,28
36533,0,3
36534,0,3
36535,399,28
36536,163,20
36537,327,24
36538,0,3
36539,0,3
36540,284,25
36541,634,27
36542,0,3
36543,549,20
36544,0,3
36545,636,32
36546,0,3
36547,0,3
36548,181,20
36549,0,3
36550,445,28
36551,0,3
36552,262,21
36553,1000,14
36554,475,30
36555,1000,22
36556,0,3
36557,250,16
36558,0,3
36559,231,21
36560,0,3
36561,0,3
36562,292,25
36563,374,27
36564,315,18
36565,0,3
36566,370,24
36567,0,3
36568,0,3
36569,234,30
36570,0,3
36571,430,27
36572,0,3
36573,0,3
36574,1000,24
36575,67,9
36576,267,26
36577,476,27
36578,254,21
36579,191,23
36580,0,3
36581,262,22
36582,244,19
36583,0,3
36584,0,3
36585,0,3
36586,174,19
36587,203,23
36588,400,22
36589,884,22
36590,574,26
36591,0,3
36592,487,36
36593,246,27
36594,931,39
36595,235,24
36596,218,20
36597,0,3
36598,0,3
36599,0,3
36600,0,3
36601,113,12
36602,174,16
36603,0,3
36604,879,38
36605,0,3
36606,1000,8
36607,1000,11
36608,264,22
36609,306,21
36610,330,27
36611,631,23
36612,0,3
36613,0,3
36614,125,15
36615,746,19
36616,0,3
36617,311,29
36618,0,3
36619,362,21
36620,282,22
36621,121,16
36622,0,3
36623,402,27
36624,566,34
36625,0,3
36626,455,30
36627,817,23
36628,0,3
36629,212,21
36630,403,27
36631,372,24
36632,402,25
36633,0,3
36634,395,18
36635,572,24
36636,206,17
36637,401,24
36638,364,25
36639,634,25
36640,0,3
36641,0,3
36642,649,26
36643,0,3
36644,273,28
36645,543,32
36646,0,3
36647,458,23
36648,520,27
36649,439,31
36650,0,3
36651,1000,22
36652,0,3
36653,0,3
36654,788,31
36655,35,7
36656,378,23
36657,280,24
36658,424,21
36659,0,3
36660,0,3
36661,1000,36
36662,0,3
36663,0,3
36664,323,26
36665,0,3
36666,537,28
36667,0,3
36668,0,3
36669,0,3
36670,348,24
36671,276,24
36672,0,3
36673,0,3
36674,206,19
36675,432,24
36676,289,24
36677,340,22
36678,984,22
36679,381,32
36680,930,27
36681,0,3
36682,680,27
36683,579,19
36684,241,20
36685,517,26
36686,511,23
36687,564,28
36688,382,23
36689,0,3
36690,1000,8
36691,0,3
36692,809,32
36693,582,25
36694,1000,25
36695,263,23
36696,0,3
36697,329,20
36698,0,3
36699,0,3
36700,495,20
36701,421,25
36702,348,22
36703,618,29
36704,305,24
36705,0,3
36706,0,3
36707,751,28
36708,512,23
36709,228,24
36710,191,18
36711,427,32
36712,181,20
36713,0,3
36714,524,15
36715,273,25
36716,251,27
36717,407,28
36718,0,3
36719,0,3
36720,357,24
36721,637,24
36722,0,3
36723,231,24
36724,0,3
36725,0,3
36726,458,27
36727,232,19
36728,437,30
36729,0,3
36730,0,3
36731,387,29
36732,0,3
36733,401,33
36734,229,20
36735,0,3
36736,446,30
36737,1000,28
36738,708,27
36739,0,3
36740,0,3
36741,179,22
36742,0,3
36743,0,3
36744,698,27
36745,370,23
36746,0,3
36747,0,3
36748,517,31
36749,716,27
36750,0,3
36751,498,34
36752,0,3
36753,354,27
36754,868,24
36755,0,3
36756,215,23
36757,190,18
36758,247,26
36759,276,19
36760,300,28
36761,641,25
36762,0,3
36763,350,23
36764,354,29
36765,303,24
36766,342,21
36767,513,32
36768,0,3
36769,267,24
36770,334,31
36771,0,3
36772,0,3
36773,477,41
36774,489,21
36775,543,29
36776,0,3
36777,157,13
36778,0,3
36779,356,25
36780,145,12
36781,295,25
36782,0,3
36783,477,22
36784,0,3
36785,0,3
36786,558,23
36787,309,22
36788,0,3
36789,835,22
36790,0,3
36791,370,26
36792,0,3
36793,218,28
36794,454,29
36795,0,3
36796,327,16
36797,217,24
36798,547,23
36799,0,3
36800,225,18
36801,435,29
36802,386,25
36803,443,28
36804,0,3
36805,0,3
36806,405,18
36807,0,3
36808,221,18
36809,0,3
36810,356,25
36811,152,19
36812,116,12
36813,0,3
36814,0,3
36815,352,26
36816,218,19
36817,547,32
36818,262,28
36819,382,30
36820,448,22
36821,0,3
36822,396,25
36823,0,3
36824,0,3
36825,370,20
36826,0,3
36827,607,27
36828,547,25
36829,344,17
36830,398,29
36831,0,3
36832,0,3
36833,397,25
36834,614,33
36835,0,3
36836,0,3
36837,997,32
36838,212,21
36839,0,3
36840,0,3
36841,187,22
36842,0,3
36843,0,3
36844,338,25
36845,90,11
36846,0,3
36847,0,3
36848,584,33
36849,0,3
36850,155,21
36851,361,18
36852,193,15
36853,322,20
36854,424,25
36855,376,25
36856,264,20
36857,0,3
36858,615,32
36859,751,22
36860,1000,20
36861,206,19
36862,581,22
36863,443,27
36864,0,3
36865,584,24
36866,753,24
36867,0,3
36868,0,3
36869,543,23
36870,225,19
36871,0,3
36872,282,25
36873,634,23
36874,753,24
36875,0,3
36876,0,3
36877,0,3
36878,279,18
36879,510,18
36880,0,3
36881,0,3
36882,0,3
36883,0,3
36884,1000,7
36885,0,3
36886,0,3
36887,454,34
36888,0,3
36889,197,25
36890,799,22
36891,0,3
36892,0,3
36893,518,22
36894,0,3
36895,327,28
36896,0,3
36897,169,9
36898,0,3
36899,0,3
36900,542,29
36901,0,3
36902,651,24
36903,0,3
36904,0,3
36905,649,26
36906,185,16
36907,935,20
36908,615,19
36909,1000,15
36910,0,3
36911,402,30
36912,455,37
36913,801,25
36914,0,3
36915,341,28
36916,0,3
36917,918,26
36918,395,30
36919,0,3
36920,326,27
36921,0,3
36922,795,26
36923,274,21
36924,324,15
36925,979,25
36926,316,18
36927,0,3
36928,0,3
36929,187,17
36930,0,3
36931,380,22
36932,0,3
36933,165,16
36934,0,3
36935,1000,10
36936,0,3
36937,260,21
36938,1000,24
36939,487,23
36940,638,28
36941,0,3
36942,501,23
36943,281,17
36944,761,20
36945,413,28
36946,0,3
36947,399,25
36948,336,29
36949,0,3
36950,906,26
36951,0,3
36952,0,3
36953,206,19
36954,787,30
36955,0,3
36956,0,3
36957,437,19
36958,0,3
36959,562,22
36960,419,32
36961,0,3
36962,0,3
36963,0,3
36964,208,22
36965,1000,25
36966,0,3
36967,808,30
36968,534,14
36969,263,24
36970,304,23
36971,664,26
36972,428,21
36973,533,30
36974,197,19
36975,493,29
36976,0,3
36977,340,29
36978,363,26
36979,399,27
36980,856,24
36981,0,3
36982,349,24
36983,659,26
36984,0,3
36985,0,3
36986,243,14
36987,1000,17
36988,645,23
36989,0,3
36990,0,3
36991,280,19
36992,0,3
36993,468,16
36994,194,15
36995,689,21
36996,1000,17
36997,550,21
36998,0,3
36999,0,3
37000,548,31
37001,621,24
37002,0,3
37003,426,22
37004,219,20
37005,575,27
37006,0,3
37007,880,24
37008,306,22
37009,0,3
37010,496,24
37011,0,3
37012,0,3
37013,373,20
37014,260,27
37015,204,18
37016,355,26
37017,785,34
37018,0,3
37019,0,3
37020,0,3
37021,344,25
37022,0,3
37023,358,22
37024,0,3
37025,627,28
37026,412,31
37027,0,3
37028,222,23
37029,0,3
37030,0,3
37031,387,27
37032,0,3
37033,0,3
37034,0,3
37035,0,3
37036,145,14
37037,0,3
37038,0,3
37039,223,22
37040,0,3
37041,176,16
37042,0,3
37043,189,21
37044,279,20
37045,1000,21
37046,0,3
37047,251,23
37048,0,3
37049,0,3
37050,453,24
37051,337,24
37052,0,3
37053,0,3
37054,30,5
37055,0,3
37056,0,3
37057,613,29
37058,478,32
37059,65,9
37060,467,30
37061,765,22
37062,597,23
37063,0,3
37064,294,20
37065,0,3
37066,328,27
37067,0,3
37068,344,27
37069,998,32
37070,348,24
37071,0,3
37072,1000,21
37073,318,26
37074,1000,16
37075,411,26
37076,0,3
37077,320,31
37078,356,31
37079,0,3
37080,742,26
37081,108,13
37082,0,3
37083,232,23
37084,288,14
37085,348,16
37086,349,22
37087,916,29
37088,293,25
37089,225,19
37090,331,24
37091,531,20
37092,0,3
37093,529,24
37094,0,3
37095,0,3
37096,798,25
37097,537,24
37098,401,31
37099,144,24
37100,872,35
37101,232,20
37102,244,25
37103,152,15
37104,515,24
37105,355,29
37106,530,30
37107,0,3
37108,317,28
37109,741,23
37110,509,31
37111,0,3
37112,750,32
37113,640,31
37114,258,21
37115,635,29
37116,153,20
37117,193,18
37118,0,3
37119,876,23
37120,0,3
37121,0,3
37122,1000,27
37123,0,3
37124,393,26
37125,575,23
37126,561,23
37127,367,23
37128,0,3
37129,0,3
37130,667,29
37131,0,3
37132,0,3
37133,0,3
37134,561,27
37135,228,24
37136,0,3
37137,572,15
37138,938,34
37139,0,3
37140,0,3
37141,0,3
37142,1000,16
37143,342,25
37144,0,3
37145,608,29
37146,0,3
37147,387,22
37148,283,26
37149,819,31
37150,121,15
37151,281,24
37152,796,20
37153,497,10
37154,211,20
37155,0,3
37156,495,27
37157,0,3
37158,346,22
37159,328,30
37160,148,16
37161,542,31
37162,207,19
37163,0,3
37164,0,3
37165,0,3
37166,0,3
37167,868,21
37168,0,3
37169,134,19
37170,0,3
37171,375,28
37172,0,3
37173,562,27
37174,0,3
37175,0,3
37176,0,3
37177,0,3
37178,0,3
37179,349,28
37180,0,3
37181,0,3
37182,0,3
37183,509,27
37184,586,22
37185,0,3
37186,296,22
37187,613,26
37188,411,20
37189,0,3
37190,0,3
37191,723,25
37192,0,3
37193,442,24
37194,454,34
37195,0,3
37196,0,3
37197,0,3
37198,272,17
37199,270,22
37200,1000,11
37201,0,3
37202,387,24
37203,0,3
37204,420,29
37205,358,28
37206,325,23
37207,121,18
37208,755,30
37209,0,3
37210,285,9
37211,140,17
37212,0,3
37213,0,3
37214,0,3
37215,268,21
37216,987,25
37217,232,26
37218,0,3
37219,0,3
37220,533,37
37221,290,23
37222,0,3
37223,0,3
37224,0,3
37225,0,3
37226,373,35
37227,419,19
37228,1000,24
37229,560,24
37230,282,26
37231,1000,12
37232,0,3
37233,0,3
37234,380,28
37235,0,3
37236,161,20
37237,455,28
37238,306,27
37239,0,3
37240,0,3
37241,342,21
37242,267,25
37243,0,3
37244,477,30
37245,0,3
37246,0,3
37247,0,3
37248,528,30
37249,0,3
37250,0,3
37251,383,22
37252,0,3
37253,0,3
37254,512,21
37255,221,21
37256,403,24
37257,297,16
37258,747,29
37259,859,36
37260,44,6
37261,459,30
37262,0,3
37263,277,22
37264,255,26
37265,195,21
37266,0,3
37267,0,3
37268,0,3
37269,235,15
37270,516,10
37271,382,25
37272,392,31
37273,0,3
37274,410,25
37275,509,26
37276,267,22
37277,0,3
37278,407,31
37279,124,16
37280,0,3
37281,164,20
37282,348,23
37283,291,26
37284,271,11
37285,294,20
37286,370,34
37287,332,25
37288,581,19
37289,543,32
37290,284,24
37291,275,31
37292,0,3
37293,278,29
37294,644,23
37295,366,18
37296,0,3
37297,0,3
37298,173,16
37299,694,19
37300,128,14
37301,0,3
37302,649,22
37303,678,14
37304,0,3
37305,360,27
37306,304,26
37307,0,3
37308,293,31
37309,0,3
37310,241,23
37311,128,11
37312,0,3
37313,794,29
37314,0,3
37315,0,3
37316,0,3
37317,305,21
37318,632,29
37319,488,24
37320,969,24
37321,0,3
37322,287,25
37323,0,3
37324,285,24
37325,742,15
37326,311,21
37327,0,3
37328,1000,17
37329,941,31
37330,369,26
37331,295,33
37332,640,32
37333,159,16
37334,0,3
37335,307,20
37336,228,16
37337,0,3
37338,330,27
37339,0,3
37340,785,37
37341,0,3
37342,347,24
37343,604,27
37344,510,24
37345,603,28
37346,0,3
37347,0,3
37348,226,22
37349,0,3
37350,0,3
37351,0,3
37352,792,16
37353,692,29
37354,773,21
37355,654,25
37356,478,32
37357,180,21
37358,0,3
37359,240,14
37360,352,23
37361,890,29
37362,913,33
37363,695,22
37364,0,3
37365,0,3
37366,808,24
37367,618,28
37368,282,18
37369,465,29
37370,0,3
37371,1000,20
37372,553,24
37373,375,33
37374,232,22
37375,457,24
37376,0,3
37377,0,3
37378,296,26
37379,1000,13
37380,773,13
37381,373,28
37382,0,3
37383,458,28
37384,0,3
37385,0,3
37386,409,28
37387,549,19
37388,451,18
37389,194,19
37390,171,16
37391,506,30
37392,0,3
37393,161,16
37394,0,3
37395,341,22
37396,643,23
37397,179,22
37398,161,18
37399,445,34
37400,0,3
37401,486,25
37402,1000,10
37403,245,21
37404,311,23
37405,0,3
37406,0,3
37407,0,3
37408,0,3
37409,0,3
37410,0,3
37411,346,20
37412,950,24
37413,292,24
37414,517,24
37415,211,18
37416,0,3
37417,0,3
37418,434,28
37419,230,27
37420,470,27
37421,341,25
37422,0,3
37423,470,30
37424,410,23
37425,350,27
37426,451,24
37427,1000,7
37428,249,17
37429,0,3
37430,0,3
37431,1000,19
37432,0,3
37433,315,21
37434,341,27
37435,377,28
37436,0,3
37437,260,27
37438,732,33
37439,0,3
37440,0,3
37441,0,3
37442,0,3
37443,977,26
37444,255,23
37445,532,38
37446,408,31
37447,296,24
37448,0,3
37449,874,24
37450,232,21
37451,520,28
37452,547,23
37453,1000,24
37454,521,32
37455,331,20
37456,94,14
37457,0,3
37458,0,3
37459,0,3
37460,0,3
37461,0,3
37462,212,15
37463,0,3
37464,695,30
37465,931,20
37466,434,36
37467,192,22
37468,654,25
37469,0,3
37470,0,3
37471,0,3
37472,0,3
37473,406,24
37474,390,28
37475,292,23
37476,368,36
37477,0,3
37478,281,24
37479,343,31
37480,741,33
37481,540,30
37482,371,20
37483,289,22
37484,243,23
37485,739,29
37486,412,32
37487,0,3
37488,0,3
37489,771,17
37490,511,24
37491,0,3
37492,249,19
37493,355,25
37494,381,26
37495,318,20
37496,323,24
37497,0,3
37498,0,3
37499,1000,13
37500,283,23
37501,263,20
37502,440,21
37503,147,14
37504,288,23
37505,505,29
37506,0,3
37507,0,3
37508,200,22
37509,1000,18
37510,393,27
37511,460,21
37512,803,27
37513,0,3
37514,351,31
37515,291,20
37516,336,26
37517,0,3
37518,208,5
37519,0,3
37520,369,16
37521,858,32
37522,0,3
37523,549,28
37524,516,28
37525,624,25
37526,1000,8
37527,0,3
37528,807,28
37529,341,22
37530,200,26
37531,473,28
37532,248,21
37533,423,26
37534,372,16
37535,366,26
37536,195,17
37537,405,22
37538,377,37
37539,1000,8
37540,0,3
37541,0,3
37542,0,3
37543,240,19
37544,383,26
37545,423,33
37546,0,3
37547,506,26
37548,353,19
37549,0,3
37550,211,20
37551,450,32
37552,0,3
37553,756,31
37554,950,23
37555,1000,25
37556,313,30
37557,0,3
37558,370,31
37559,0,3
37560,335,26
37561,271,29
37562,393,31
37563,456,27
37564,0,3
37565,805,23
37566,0,3
37567,451,22
37568,423,27
37569,306,23
37570,390,34
37571,1000,29
37572,60,8
37573,330,27
37574,267,23
37575,511,29
37576,189,23
37577,436,31
37578,410,30
37579,0,3
37580,307,27
37581,498,30
37582,338,25
37583,446,28
37584,281,25
37585,366,31
37586,0,3
37587,221,20
37588,0,3
37589,424,21
37590,351,24
37591,325,25
37592,424,27
37593,0,3
37594,0,3
37595,221,21
37596,215,24
37597,287,24
37598,777,29
37599,336,27
37600,280,28
37601,0,3
37602,482,32
37603,326,21
37604,455,24
37605,382,34
37606,925,20
37607,1000,18
37608,575,34
37609,0,3
37610,529,21
37611,417,21
37612,0,3
37613,0,3
37614,207,27
37615,471,19
37616,736,16
37617,0,3
37618,1000,23
37619,314,20
37620,798,34
37621,0,3
37622,518,26
37623,465,33
37624,1000,34
37625,826,31
37626,1000,20
37627,515,18
37628,324,28
37629,1000,30
37630,616,36
37631,8,4
37632,201,18
37633,605,18
37634,0,3
37635,428,25
37636,0,3
37637,687,23
37638,0,3
37639,197,16
37640,408,27
37641,568,36
37642,263,24
37643,0,3
37644,414,28
37645,0,3
37646,256,22
37647,300,27
37648,0,3
37649,260,30
37650,355,29
37651,1000,12
37652,635,30
37653,260,24
37654,626,31
37655,464,23
37656,0,3
37657,0,3
37658,684,24
37659,276,19
37660,0,3
37661,0,3
37662,0,3
37663,584,26
37664,0,3
37665,0,3
37666,472,30
37667,759,27
37668,0,3
37669,0,3
37670,0,3
37671,1000,24
37672,628,24
37673,1000,25
37674,327,30
37675,0,3
37676,0,3
37677,0,3
37678,0,3
37679,0,3
37680,0,3
37681,753,24
37682,293,24
37683,449,13
37684,507,32
37685,0,3
37686,938,25
37687,0,3
37688,1000,5
37689,515,29
37690,0,3
37691,499,27
37692,0,3
37693,1000,22
37694,613,30
37695,800,24
37696,364,20
37697,128,15
37698,217,23
37699,521,19
37700,358,29
37701,631,17
37702,1000,25
37703,177,18
37704,0,3
37705,756,26
37706,0,3
37707,0,3
37708,0,3
37709,674,16
37710,0,3
37711,307,21
37712,0,3
37713,537,23
37714,0,3
37715,0,3
37716,0,3
37717,0,3
37718,848,29
37719,899,34
37720,1000,9
37721,311,26
37722,317,28
37723,0,3
37724,0,3
37725,622,28
37726,1000,9
37727,304,22
37728,1000,23
37729,1000,24
37730,458,34
37731,906,29
37732,203,18
37733,0,3
37734,532,29
37735,354,26
37736,127,19
37737,427,26
37738,587,24
37739,0,3
37740,224,21
37741,324,25
37742,275,16
37743,573,30
37744,259,16
37745,297,16
37746,503,23
37747,0,3
37748,1000,15
37749,0,3
37750,494,35
37751,903,31
37752,0,3
37753,241,13
37754,0,3
37755,0,3
37756,0,3
37757,596,27
37758,217,21
37759,292,25
37760,1000,26
37761,365,31
37762,533,29
37763,0,3
37764,185,22
37765,0,3
37766,0,3
37767,205,20
37768,0,3
37769,0,3
37770,813,22
37771,0,3
37772,460,28
37773,0,3
37774,0,3
37775,915,24
37776,410,16
37777,678,33
37778,443,33
37779,436,28
37780,261,25
37781,312,29
37782,0,3
37783,288,22
37784,0,3
37785,0,3
37786,355,29
37787,0,3
37788,0,3
37789,594,32
37790,0,3
37791,412,30
37792,777,24
37793,357,25
37794,401,30
37795,267,30
37796,189,23
37797,211,21
37798,509,47
37799,0,3
37800,0,3
37801,0,3
37802,476,28
37803,0,3
37804,0,3
37805,575,29
37806,0,3
37807,326,20
37808,256,18
37809,278,26
37810,278,21
37811,565,20
37812,296,25
37813,495,26
37814,0,3
37815,876,30
37816,304,30
37817,157,19
37818,241,24
37819,0,3
37820,221,28
37821,296,27
37822,448,29
37823,222,16
37824,0,3
37825,219,26
37826,0,3
37827,373,29
37828,0,3
37829,299,25
37830,0,3
37831,227,26
37832,0,3
37833,204,22
37834,516,23
37835,373,22
37836,289,29
37837,500,40
37838,236,23
37839,870,34
37840,746,26
37841,187,24
37842,0,3
37843,475,21
37844,0,3
37845,379,29
37846,0,3
37847,544,26
37848,202,24
37849,273,29
37850,0,3
37851,244,23
37852,0,3
37853,0,3
37854,0,3
37855,0,3
37856,378,30
37857,334,29
37858,0,3
37859,0,3
37860,382,24
37861,723,24
37862,429,36
37863,0,3
37864,219,23
37865,0,3
37866,0,3
37867,321,31
37868,515,34
37869,681,38
37870,140,18
37871,0,3
37872,371,24
37873,554,26
37874,246,33
37875,395,24
37876,0,3
37877,248,20
37878,0,3
37879,1000,22
37880,231,19
37881,308,25
37882,0,3
37883,378,27
37884,743,24
37885,0,3
37886,0,3
37887,381,27
37888,269,24
37889,216,19
37890,818,28
37891,0,3
37892,364,28
37893,0,3
37894,179,22
37895,1000,22
37896,367,29
37897,187,19
37898,170,18
37899,429,32
37900,0,3
37901,68,11
37902,0,3
37903,0,3
37904,0,3
37905,260,17
37906,500,39
37907,773,34
37908,306,25
37909,0,3
37910,207,18
37911,0,3
37912,253,24
37913,0,3
37914,830,26
37915,251,22
37916,0,3
37917,286,23
37918,0,3
37919,333,27
37920,241,24
37921,0,3
37922,162,20
37923,322,27
37924,342,29
37925,0,3
37926,431,20
37927,0,3
37928,264,26
37929,0,3
37930,341,27
37931,104,14
37932,168,12
37933,268,17
37934,0,3
37935,309,27
37936,422,27
37937,179,22
37938,0,3
37939,1000,22
37940,558,26
37941,0,3
37942,288,14
37943,0,3
37944,0,3
37945,326,23
37946,0,3
37947,604,37
37948,657,22
37949,0,3
37950,0,3
37951,0,3
37952,0,3
37953,347,34
37954,427,26
37955,547,15
37956,0,3
37957,250,23
37958,0,3
37959,0,3
37960,229,23
37961,288,25
37962,379,26
37963,902,22
37964,178,16
37965,0,3
37966,0,3
37967,272,29
37968,254,21
37969,0,3
37970,444,31
37971,0,3
37972,164,18
37973,0,3
37974,282,23
37975,227,18
37976,487,27
37977,647,28
37978,570,23
37979,0,3
37980,0,3
37981,0,3
37982,0,3
37983,365,28
37984,0,3
37985,0,3
37986,1000,11
37987,367,24
37988,0,3
37989,417,22
37990,276,23
37991,257,25
37992,0,3
37993,0,3
37994,310,21
37995,724,42
37996,390,27
37997,0,3
37998,293,23
37999,0,3
38000,212,15
38001,0,3
38002,778,27
38003,337,23
38004,337,34
38005,23,5
38006,640,26
38007,836,37
38008,384,26
38009,256,19
38010,0,3
38011,655,21
38012,0,3
38013,0,3
38014,654,23
38015,265,25
38016,120,12
38017,207,20
38018,209,23
38019,700,22
38020,525,9
38021,203,20
38022,0,3
38023,1000,17
38024,0,3
38025,0,3
38026,435,31
38027,164,19
38028,149,13
38029,257,19
38030,717,29
38031,403,29
38032,0,3
38033,0,3
38034,220,19
38035,0,3
38036,0,3
38037,380,29
38038,357,28
38039,87,12
38040,1000,11
38041,1000,28
38042,317,28
38043,1000,23
38044,0,3
38045,0,3
38046,0,3
38047,0,3
38048,397,36
38049,719,28
38050,0,3
38051,697,27
38052,543,18
38053,0,3
38054,0,3
38055,159,15
38056,0,3
38057,489,30
38058,0,3
38059,309,23
38060,481,10
38061,0,3
38062,0,3
38063,509,27
38064,359,26
38065,260,27
38066,136,16
38067,1000,33
38068,1000,23
38069,0,3
38070,0,3
38071,0,3
38072,300,21
38073,255,16
38074,741,24
38075,534,32
38076,0,3
38077,197,18
38078,219,25
38079,1000,12
38080,402,30
38081,225,8
38082,0,3
38083,403,32
38084,685,21
38085,470,39
38086,0,3
38087,0,3
38088,0,3
38089,0,3
38090,424,37
38091,446,26
38092,277,21
38093,73,11
38094,0,3
38095,0,3
38096,1000,3
38097,0,3
38098,0,3
38099,128,13
38100,570,36
38101,312,24
38102,340,26
38103,0,3
38104,750,31
38105,995,31
38106,0,3
38107,0,3
38108,0,3
38109,382,21
38110,0,3
38111,347,21
38112,424,26
38113,330,28
38114,479,26
38115,183,17
38116,0,3
38117,0,3
38118,602,25
38119,1000,25
38120,1000,20
38121,119,6
38122,334,15
38123,0,3
38124,555,33
38125,620,24
38126,566,33
38127,0,3
38128,0,3
38129,806,32
38130,0,3
38131,0,3
38132,832,19
38133,284,14
38134,0,3
38135,273,25
38136,0,3
38137,298,22
38138,0,3
38139,0,3
38140,420,24
38141,768,29
38142,0,3
38143,395,30
38144,899,30
38145,253,19
38146,1000,12
38147,1000,17
38148,330,25
38149,162,19
38150,193,10
38151,0,3
38152,571,20
38153,0,3
38154,1000,16
38155,500,20
38156,636,22
38157,185,14
38158,717,24
38159,363,21
38160,292,20
38161,677,20
38162,459,28
38163,966,28
38164,639,33
38165,187,18
38166,682,27
38167,0,3
38168,656,36
38169,522,30
38170,218,16
38171,0,3
38172,446,18
38173,0,3
38174,396,29
38175,0,3
38176,187,20
38177,663,26
38178,272,25
38179,381,14
38180,839,28
38181,0,3
38182,0,3
38183,0,3
38184,830,34
38185,0,3
38186,1000,16
38187,359,14
38188,413,19
38189,444,19
38190,0,3
38191,577,23
38192,0,3
38193,656,34
38194,0,3
38195,367,24
38196,341,28
38197,0,3
38198,227,23
38199,353,25
38200,238,22
38201,1000,3
38202,927,23
38203,76,9
38204,353,28
38205,895,25
38206,952,25
38207,264,22
38208,0,3
38209,1000,27
38210,360,25
38211,0,3
38212,383,27
38213,1000,18
38214,0,3
38215,385,26
38216,811,33
38217,0,3
38218,605,24
38219,0,3
38220,247,23
38221,0,3
38222,460,21
38223,0,3
38224,425,24
38225,474,19
38226,266,28
38227,416,27
38228,0,3
38229,275,23
38230,525,31
38231,358,27
38232,610,24
38233,1000,25
38234,477,29
38235,0,3
38236,0,3
38237,210,19
38238,0,3
38239,290,24
38240,0,3
38241,242,20
38242,470,21
38243,229,18
38244,222,22
38245,296,25
38246,825,26
38247,0,3
38248,0,3
38249,558,37
38250,311,15
38251,0,3
38252,0,3
38253,308,22
38254,1000,3
38255,351,26
38256,0,3
38257,1000,27
38258,958,19
38259,387,32
38260,420,24
38261,902,24
38262,0,3
38263,629,33
38264,0,3
38265,552,19
38266,0,3
38267,0,3
38268,0,3
38269,577,24
38270,0,3
38271,425,18
38272,940,37
38273,0,3
38274,125,16
38275,1000,24
38276,488,31
38277,158,21
38278,0,3
38279,414,22
38280,0,3
38281,282,25
38282,0,3
38283,0,3
38284,536,28
38285,421,26
38286,251,15
38287,141,16
38288,310,23
38289,284,18
38290,195,23
38291,173,22
38292,150,18
38293,0,3
38294,0,3
38295,368,25
38296,344,23
38297,335,25
38298,373,35
38299,365,25
38300,865,20
38301,244,25
38302,0,3
38303,0,3
38304,315,21
38305,524,22
38306,0,3
38307,171,13
38308,25,4
38309,114,13
38310,386,28
38311,249,21
38312,0,3
38313,372,27
38314,308,20
38315,0,3
38316,342,19
38317,0,3
38318,554,23
38319,0,3
38320,408,25
38321,392,20
38322,415,26
38323,202,20
38324,0,3
38325,486,15
38326,551,23
38327,0,3
38328,1000,12
38329,452,17
38330,0,3
38331,635,17
38332,253,28
38333,0,3
38334,569,20
38335,0,3
38336,0,3
38337,539,31
38338,0,3
38339,256,24
38340,631,19
38341,0,3
38342,0,3
38343,446,30
38344,434,23
38345,271,23
38346,838,23
38347,0,3
38348,1000,19
38349,397,31
38350,0,3
38351,0,3
38352,0,3
38353,631,28
38354,0,3
38355,208,14
38356,481,23
38357,475,18
38358,774,33
38359,701,26
38360,730,31
38361,0,3
38362,0,3
38363,0,3
38364,475,25
38365,325,26
38366,505,24
38367,0,3
38368,0,3
38369,462,25
38370,534,24
38371,218,27
38372,0,3
38373,1000,19
38374,681,25
38375,122,12
38376,393,22
38377,0,3
38378,885,26
38379,316,19
38380,1000,15
38381,0,3
38382,0,3
38383,322,28
38384,298,28
38385,0,3
38386,702,25
38387,438,17
38388,0,3
38389,0,3
38390,0,3
38391,0,3
38392,197,18
38393,340,23
38394,0,3
38395,326,29
38396,0,3
38397,0,3
38398,0,3
38399,513,27
38400,0,3
38401,279,27
38402,401,24
38403,0,3
38404,172,16
38405,486,24
38406,335,35
38407,227,8
38408,318,19
38409,428,22
38410,1000,4
38411,304,22
38412,339,24
38413,696,29
38414,332,26
38415,673,22
38416,328,24
38417,0,3
38418,0,3
38419,0,3
38420,0,3
38421,232,20
38422,995,20
38423,0,3
38424,583,22
38425,0,3
38426,375,24
38427,0,3
38428,591,19
38429,520,21
38430,801,28
38431,0,3
38432,351,27
38433,0,3
38434,0,3
38435,338,24
38436,618,29
38437,370,38
38438,218,21
38439,0,3
38440,0,3
38441,0,3
38442,0,3
38443,502,25
38444,461,27
38445,0,3
38446,0,3
38447,554,16
38448,0,3
38449,1000,21
38450,611,27
38451,400,27
38452,0,3
38453,0,3
38454,0,3
38455,739,29
38456,0,3
38457,535,22
38458,363,28
38459,566,26
38460,1000,34
38461,0,3
38462,684,29
38463,868,20
38464,562,21
38465,0,3
38466,295,21
38467,776,38
38468,402,22
38469,349,21
38470,0,3
38471,554,27
38472,333,24
38473,0,3
38474,1000,20
38475,839,24
38476,204,16
38477,483,18
38478,670,32
38479,0,3
38480,407,31
38481,485,28
38482,1000,11
38483,360,26
38484,306,23
38485,351,24
38486,0,3
38487,391,26
38488,0,3
38489,577,20
38490,501,28
38491,0,3
38492,293,24
38493,181,18
38494,81,11
38495,412,24
38496,0,3
38497,0,3
38498,381,29
38499,186,28
38500,0,3
38501,172,17
38502,153,20
38503,192,20
38504,202,18
38505,402,29
38506,235,23
38507,0,3
38508,0,3
38509,200,15
38510,139,12
38511,257,21
38512,0,3
38513,848,28
38514,504,22
38515,192,17
38516,0,3
38517,283,21
38518,1000,9
38519,355,22
38520,0,3
38521,165,18
38522,0,3
38523,508,26
38524,654,25
38525,717,13
38526,0,3
38527,313,21
38528,418,25
38529,823,30
38530,913,29
38531,0,3
38532,292,25
38533,0,3
38534,27,6
38535,249,19
38536,0,3
38537,140,14
38538,346,26
38539,0,3
38540,0,3
38541,0,3
38542,0,3
38543,152,10
38544,0,3
38545,309,18
38546,0,3
38547,0,3
38548,0,3
38549,0,3
38550,335,21
38551,452,25
38552,0,3
38553,485,22
38554,546,24
38555,0,3
38556,0,3
38557,0,3
38558,0,3
38559,261,23
38560,0,3
38561,592,29
38562,0,3
38563,0,3
38564,581,19
38565,0,3
38566,0,3
38567,0,3
38568,213,18
38569,0,3
38570,512,16
38571,381,23
38572,0,3
38573,0,3
38574,571,22
38575,0,3
38576,0,3
38577,471,22
38578,0,3
38579,188,9
38580,160,13
38581,429,27
38582,974,30
38583,239,22
38584,521,25
38585,325,29
38586,0,3
38587,0,3
38588,309,23
38589,0,3
38590,541,25
38591,0,3
38592,185,15
38593,0,3
38594,0,3
38595,477,20
38596,0,3
38597,272,22
38598,0,3
38599,0,3
38600,357,13
38601,338,21
38602,0,3
38603,0,3
38604,176,15
38605,0,3
38606,309,25
38607,0,3
38608,379,17
38609,128,17
38610,0,3
38611,0,3
38612,402,34
38613,0,3
38614,389,30
38615,179,17
38616,1000,23
38617,224,21
38618,289,30
38619,521,27
38620,381,23
38621,312,26
38622,209,19
38623,0,3
38624,587,25
38625,181,14
38626,333,21
38627,0,3
38628,0,3
38629,0,3
38630,500,27
38631,0,3
38632,389,26
38633,0,3
38634,803,24
38635,225,22
38636,769,24
38637,385,27
38638,1000,25
38639,0,3
38640,648,20
38641,164,21
38642,0,3
38643,0,3
38644,0,3
38645,580,23
38646,0,3
38647,317,20
38648,296,26
38649,91,13
38650,489,36
38651,270,22
38652,0,3
38653,0,3
38654,348,28
38655,379,25
38656,567,16
38657,286,20
38658,0,3
38659,0,3
38660,454,19
38661,729,23
38662,793,30
38663,0,3
38664,376,23
38665,411,26
38666,376,21
38667,0,3
38668,0,3
38669,391,21
38670,0,3
38671,0,3
38672,458,29
38673,680,21
38674,680,24
38675,0,3
38676,0,3
38677,449,19
38678,0,3
38679,297,18
38680,0,3
38681,306,24
38682,518,30
38683,765,22
38684,493,25
38685,403,10
38686,750,25
38687,437,22
38688,22,6
38689,332,22
38690,0,3
38691,0,3
38692,0,3
38693,241,20
38694,147,13
38695,345,28
38696,0,3
38697,1000,14
38698,383,22
38699,699,29
38700,85,9
38701,375,16
38702,0,3
38703,331,22
38704,221,24
38705,72,13
38706,0,3
38707,548,20
38708,170,16
38709,0,3
38710,314,26
38711,294,22
38712,1000,16
38713,408,14
38714,428,29
38715,300,26
38716,351,18
38717,580,22
38718,0,3
38719,386,17
38720,299,25
38721,1000,11
38722,0,3
38723,355,23
38724,1000,15
38725,0,3
38726,0,3
38727,1000,20
38728,0,3
38729,20,5
38730,245,21
38731,388,30
38732,958,34
38733,0,3
38734,518,18
38735,628,30
38736,0,3
38737,992,33
38738,258,18
38739,339,20
38740,0,3
38741,817,40
38742,76,10
38743,0,3
38744,371,26
38745,0,3
38746,0,3
38747,584,21
38748,0,3
38749,323,25
38750,275,22
38751,243,21
38752,0,3
38753,0,3
38754,318,24
38755,339,23
38756,0,3
38757,452,28
38758,952,26
38759,0,3
38760,727,26
38761,0,3
38762,277,26
38763,0,3
38764,638,23
38765,459,28
38766,416,23
38767,0,3
38768,708,32
38769,0,3
38770,0,3
38771,354,28
38772,0,3
38773,662,24
38774,335,20
38775,0,3
38776,248,19
38777,318,10
38778,0,3
38779,0,3
38780,398,35
38781,507,19
38782,889,19
38783,0,3
38784,0,3
38785,444,29
38786,0,3
38787,0,3
38788,93,14
38789,446,25
38790,0,3
38791,423,19
38792,329,27
38793,461,27
38794,342,25
38795,0,3
38796,0,3
38797,0,3
38798,0,3
38799,520,30
38800,0,3
38801,320,26
38802,202,19
38803,404,22
38804,260,22
38805,105,14
38806,0,3
38807,228,23
38808,0,3
38809,0,3
38810,483,25
38811,0,3
38812,412,21
38813,0,3
38814,409,20
38815,1000,20
38816,569,27
38817,552,21
38818,0,3
38819,200,18
38820,0,3
38821,331,27
38822,0,3
38823,422,25
38824,8,4
38825,326,28
38826,0,3
38827,198,22
38828,195,16
38829,365,19
38830,0,3
38831,665,26
38832,187,13
38833,207,6
38834,253,22
38835,801,25
38836,263,21
38837,0,3
38838,0,3
38839,0,3
38840,488,38
38841,194,15
38842,111,11
38843,114,13
38844,0,3
38845,191,16
38846,0,3
38847,0,3
38848,0,3
38849,234,21
38850,530,34
38851,880,22
38852,934,21
38853,450,24
38854,0,3
38855,0,3
38856,798,19
38857,347,26
38858,163,19
38859,248,28
38860,0,3
38861,267,22
38862,1000,21
38863,0,3
38864,0,3
38865,218,22
38866,415,22
38867,213,18
38868,0,3
38869,351,26
38870,314,18
38871,730,29
38872,383,19
38873,0,3
38874,0,3
38875,0,3
38876,0,3
38877,355,27
38878,0,3
38879,314,23
38880,497,25
38881,0,3
38882,821,21
38883,949,33
38884,311,22
38885,448,25
38886,259,23
38887,0,3
38888,0,3
38889,0,3
38890,0,3
38891,395,23
38892,0,3
38893,0,3
38894,380,24
38895,488,19
38896,0,3
38897,332,21
38898,554,16
38899,614,24
38900,415,27
38901,345,24
38902,284,21
38903,298,23
38904,487,22
38905,899,24
38906,0,3
38907,0,3
38908,0,3
38909,868,30
38910,618,22
38911,353,27
38912,786,19
38913,417,21
38914,0,3
38915,0,3
38916,390,25
38917,580,28
38918,0,3
38919,706,25
38920,623,25
38921,0,3
38922,0,3
38923,0,3
38924,0,3
38925,0,3
38926,0,3
38927,658,20
38928,150,21
38929,0,3
38930,330,22
38931,631,32
38932,994,28
38933,0,3
38934,908,27
38935,102,13
38936,421,23
38937,0,3
38938,494,22
38939,580,29
38940,239,24
38941,0,3
38942,292,22
38943,0,3
38944,213,22
38945,1000,6
38946,787,22
38947,259,22
38948,0,3
38949,331,25
38950,662,23
38951,0,3
38952,1000,10
38953,933,22
38954,0,3
38955,0,3
38956,0,3
38957,0,3
38958,0,3
38959,505,22
38960,376,25
38961,0,3
38962,0,3
38963,219,18
38964,386,25
38965,334,23
38966,858,24
38967,1000,9
38968,827,23
38969,561,36
38970,458,23
38971,198,13
38972,0,3
38973,1000,21
38974,0,3
38975,207,19
38976,0,3
38977,353,21
38978,0,3
38979,0,3
38980,401,26
38981,287,21
38982,460,19
38983,224,22
38984,291,25
38985,0,3
38986,1000,22
38987,1000,14
38988,513,19
38989,0,3
38990,425,19
38991,463,24
38992,485,18
38993,0,3
38994,0,3
38995,453,20
38996,0,3
38997,0,3
38998,0,3
38999,0,3
39000,0,3
39001,245,23
39002,280,22
39003,395,22
39004,0,3
39005,488,18
39006,558,26
39007,620,14
39008,0,3
39009,631,30
39010,383,21
39011,1000,23
39012,251,21
39013,367,32
39014,398,21
39015,728,23
39016,501,20
39017,1000,7
39018,264,14
39019,890,24
39020,215,19
39021,336,26
39022,0,3
39023,452,27
39024,523,28
39025,234,16
39026,0,3
39027,777,20
39028,0,3
39029,457,26
39030,0,3
39031,0,3
39032,556,25
39033,664,15
39034,428,22
39035,876,27
39036,809,25
39037,0,3
39038,226,14
39039,620,25
39040,0,3
39041,0,3
39042,588,28
39043,0,3
39044,422,23
39045,179,16
39046,0,3
39047,421,23
39048,484,20
39049,243,19
39050,296,24
39051,722,22
39052,239,18
39053,418,22
39054,0,3
39055,880,20
39056,0,3
39057,0,3
39058,0,3
39059,0,3
39060,411,24
39061,365,25
39062,369,32
39063,719,27
39064,269,27
39065,449,21
39066,0,3
39067,0,3
39068,322,11
39069,379,29
39070,391,28
39071,0,3
39072,409,24
39073,0,3
39074,223,22
39075,323,24
39076,0,3
39077,207,19
39078,0,3
39079,0,3
39080,244,23
39081,0,3
39082,0,3
39083,671,28
39084,0,3
39085,1000,25
39086,0,3
39087,0,3
39088,370,24
39089,1000,8
39090,0,3
39091,0,3
39092,0,3
39093,0,3
39094,363,35
39095,303,32
39096,573,32
39097,0,3
39098,381,6
39099,181,16
39100,624,31
39101,458,24
39102,611,32
39103,359,25
39104,518,36
39105,209,15
39106,340,23
39107,237,21
39108,616,25
39109,1000,19
39110,261,20
39111,285,26
39112,323,25
39113,843,20
39114,479,33
39115,753,26
39116,640,20
39117,382,26
39118,426,28
39119,0,3
39120,383,27
39121,1000,27
39122,404,23
39123,0,3
39124,0,3
39125,1000,14
39126,582,21
39127,0,3
39128,703,27
39129,628,33
39130,645,27
39131,851,22
39132,198,19
39133,939,19
39134,290,25
39135,533,18
39136,358,25
39137,0,3
39138,0,3
39139,781,20
39140,0,3
39141,845,32
39142,0,3
39143,738,26
39144,0,3
39145,151,18
39146,402,27
39147,0,3
39148,184,16
39149,1000,22
39150,0,3
39151,0,3
39152,252,21
39153,114,14
39154,0,3
39155,0,3
39156,0,3
39157,1000,16
39158,0,3
39159,641,17
39160,571,20
39161,197,20
39162,0,3
39163,0,3
39164,0,3
39165,277,27
39166,310,22
39167,435,24
39168,0,3
39169,372,22
39170,339,22
39171,0,3
39172,0,3
39173,0,3
39174,269,22
39175,0,3
39176,0,3
39177,1000,15
39178,406,26
39179,392,23
39180,0,3
39181,0,3
39182,0,3
39183,66,8
39184,0,3
39185,0,3
39186,384,32
39187,330,23
39188,503,29
39189,321,17
39190,0,3
39191,228,14
39192,0,3
39193,415,32
39194,553,31
39195,0,3
39196,250,17
39197,0,3
39198,0,3
39199,0,3
39200,131,14
39201,0,3
39202,518,25
39203,543,24
39204,0,3
39205,1000,13
39206,940,33
39207,326,28
39208,715,18
39209,416,28
39210,0,3
39211,0,3
39212,200,17
39213,0,3
39214,730,24
39215,0,3
39216,501,27
39217,175,23
39218,739,30
39219,235,17
39220,278,21
39221,0,3
39222,285,24
39223,625,23
39224,0,3
39225,519,33
39226,0,3
39227,81,5
39228,1000,22
39229,360,25
39230,368,24
39231,465,27
39232,0,3
39233,291,24
39234,1000,10
39235,79,10
39236,420,21
39237,346,26
39238,1000,17
39239,1000,25
39240,0,3
39241,296,23
39242,398,24
39243,629,22
39244,361,9
39245,221,18
39246,0,3
39247,0,3
39248,1000,16
39249,297,15
39250,0,3
39251,241,19
39252,59,9
39253,0,3
39254,340,31
39255,258,22
39256,0,3
39257,644,25
39258,315,35
39259,0,3
39260,323,23
39261,527,31
39262,0,3
39263,446,25
39264,1000,25
39265,249,24
39266,0,3
39267,0,3
39268,494,25
39269,0,3
39270,0,3
39271,0,3
39272,418,27
39273,302,22
39274,0,3
39275,668,27
39276,494,28
39277,0,3
39278,522,28
39279,121,11
39280,259,12
39281,588,20
39282,945,29
39283,0,3
39284,182,19
39285,0,3
39286,227,23
39287,908,22
39288,585,25
39289,0,3
39290,1000,22
39291,0,3
39292,783,30
39293,434,26
39294,305,22
39295,1000,14
39296,647,28
39297,0,3
39298,0,3
39299,449,25
39300,269,29
39301,1000,19
39302,254,19
39303,256,23
39304,1000,19
39305,269,24
39306,259,19
39307,74,11
39308,482,23
39309,549,39
39310,0,3
39311,0,3
39312,613,30
39313,276,22
39314,324,18
39315,299,24
39316,0,3
39317,1000,14
39318,0,3
39319,394,23
39320,539,18
39321,0,3
39322,720,23
39323,0,3
39324,0,3
39325,258,15
39326,303,25
39327,0,3
39328,0,3
39329,0,3
39330,273,19
39331,268,19
39332,0,3
39333,0,3
39334,482,29
39335,0,3
39336,534,33
39337,448,19
39338,0,3
39339,557,25
39340,312,22
39341,1000,9
39342,0,3
39343,0,3
39344,0,3
39345,0,3
39346,367,18
39347,340,27
39348,533,20
39349,472,21
39350,0,3
39351,0,3
39352,719,23
39353,0,3
39354,0,3
39355,609,20
39356,0,3
39357,0,3
39358,0,3
39359,0,3
39360,0,3
39361,0,3
39362,308,28
39363,0,3
39364,0,3
39365,240,21
39366,457,25
39367,689,25
39368,0,3
39369,571,21
39370,367,23
39371,675,28
39372,307,23
39373,0,3
39374,765,25
39375,496,24
39376,514,17
39377,351,28
39378,690,20
39379,0,3
39380,275,26
39381,921,27
39382,0,3
39383,415,25
39384,277,21
39385,184,14
39386,0,3
39387,719,21
39388,279,26
39389,895,20
39390,461,27
39391,269,21
39392,409,16
39393,0,3
39394,357,27
39395,0,3
39396,677,25
39397,0,3
39398,0,3
39399,296,24
39400,625,22
39401,430,24
39402,0,3
39403,180,17
39404,0,3
39405,285,16
39406,0,3
39407,747,23
39408,0,3
39409,580,28
39410,284,25
39411,1000,22
39412,0,3
39413,503,25
39414,0,3
39415,0,3
39416,540,25
39417,329,25
39418,1000,28
39419,0,3
39420,566,27
39421,1000,21
39422,362,27
39423,284,22
39424,0,3
39425,0,3
39426,710,28
39427,320,26
39428,0,3
39429,457,23
39430,0,3
39431,0,3
39432,591,12
39433,0,3
39434,312,29
39435,0,3
39436,0,3
39437,0,3
39438,0,3
39439,0,3
39440,0,3
39441,448,32
39442,0,3
39443,597,21
39444,293,26
39445,997,16
39446,0,3
39447,427,29
39448,0,3
39449,443,23
39450,313,22
39451,789,21
39452,531,28
39453,469,17
39454,527,22
39455,0,3
39456,0,3
39457,916,28
39458,588,32
39459,1000,29
39460,685,27
39461,0,3
39462,262,24
39463,775,26
39464,318,22
39465,0,3
39466,298,19
39467,362,26
39468,646,21
39469,195,18
39470,199,22
39471,409,18
39472,452,21
39473,229,20
39474,1000,22
39475,712,30
39476,0,3
39477,468,26
39478,711,26
39479,0,3
39480,0,3
39481,0,3
39482,274,19
39483,111,12
39484,331,21
39485,471,29
39486,228,21
39487,302,18
39488,469,33
39489,0,3
39490,0,3
39491,0,3
39492,0,3
39493,515,20
39494,256,24
39495,354,22
39496,0,3
39497,0,3
39498,575,26
39499,0,3
39500,0,3
39501,0,3
39502,1000,15
39503,435,23
39504,383,20
39505,0,3
39506,824,25
39507,0,3
39508,0,3
39509,0,3
39510,0,3
39511,300,23
39512,1000,8
39513,259,21
39514,98,9
39515,352,27
39516,0,3
39517,0,3
39518,0,3
39519,462,30
39520,298,20
39521,554,28
39522,325,22
39523,797,26
39524,1000,20
39525,0,3
39526,534,21
39527,0,3
39528,438,28
39529,407,24
39530,425,29
39531,285,25
39532,838,22
39533,1000,14
39534,0,3
39535,0,3
39536,898,31
39537,398,21
39538,994,28
39539,0,3
39540,0,3
39541,159,21
39542,394,26
39543,556,29
39544,371,23
39545,0,3
39546,561,29
39547,425,30
39548,460,30
39549,223,21
39550,1000,16
39551,657,34
39552,968,22
39553,304,21
39554,677,22
39555,828,28
39556,348,28
39557,1000,7
39558,372,19
39559,0,3
39560,305,26
39561,399,16
39562,304,20
39563,0,3
39564,1000,25
39565,0,3
39566,0,3
39567,446,28
39568,129,11
39569,0,3
39570,224,20
39571,0,3
39572,0,3
39573,762,23
39574,0,3
39575,573,22
39576,0,3
39577,522,32
39578,0,3
39579,0,3
39580,487,27
39581,399,23
39582,211,19
39583,634,23
39584,201,18
39585,384,22
39586,200,22
39587,425,19
39588,299,23
39589,0,3
39590,123,11
39591,0,3
39592,385,27
39593,0,3
39594,395,21
39595,1000,13
39596,652,29
39597,0,3
39598,316,24
39599,0,3
39600,209,23
39601,147,11
39602,301,33
39603,330,27
39604,951,27
39605,154,16
39606,0,3
39607,1000,17
39608,0,3
39609,0,3
39610,0,3
39611,0,3
39612,307,25
39613,0,3
39614,299,24
39615,51,11
39616,0,3
39617,0,3
39618,555,26
39619,388,24
39620,137,18
39621,485,25
39622,467,27
39623,0,3
39624,0,3
39625,0,3
39626,129,18
39627,0,3
39628,672,29
39629,244,29
39630,470,33
39631,1000,8
39632,312,25
39633,278,27
39634,262,24
39635,883,27
39636,534,24
39637,0,3
39638,298,25
39639,335,25
39640,433,31
39641,0,3
39642,0,3
39643,0,3
39644,275,25
39645,0,3
39646,296,34
39647,0,3
39648,0,3
39649,0,3
39650,329,25
39651,128,18
39652,0,3
39653,357,21
39654,449,32
39655,0,3
39656,348,23
39657,188,13
39658,362,23
39659,709,33
39660,1000,4
39661,339,17
39662,356,27
39663,154,24
39664,0,3
39665,384,30
39666,915,25
39667,0,3
39668,0,3
39669,0,3
39670,0,3
39671,352,23
39672,332,28
39673,396,24
39674,0,3
39675,935,24
39676,292,22
39677,198,21
39678,243,21
39679,269,22
39680,0,3
39681,497,19
39682,0,3
39683,0,3
39684,497,18
39685,170,22
39686,0,3
39687,0,3
39688,570,17
39689,0,3
39690,0,3
39691,0,3
39692,170,16
39693,45,10
39694,0,3
39695,475,29
39696,458,21
39697,0,3
39698,307,22
39699,0,3
39700,177,22
39701,0,3
39702,800,21
39703,200,24
39704,0,3
39705,500,31
39706,0,3
39707,0,3
39708,175,16
39709,0,3
39710,591,18
39711,0,3
39712,1000,20
39713,760,31
39714,411,29
39715,1000,12
39716,216,18
39717,0,3
39718,504,11
39719,277,28
39720,0,3
39721,443,22
39722,222,18
39723,0,3
39724,1000,24
39725,0,3
39726,253,17
39727,279,18
39728,198,19
39729,541,22
39730,0,3
39731,0,3
39732,0,3
39733,338,22
39734,0,3
39735,427,36
39736,183,19
39737,506,17
39738,0,3
39739,418,25
39740,391,28
39741,0,3
39742,0,3
39743,0,3
39744,0,3
39745,0,3
39746,0,3
39747,0,3
39748,858,28
39749,1000,14
39750,242,24
39751,0,3
39752,189,18
39753,337,22
39754,841,29
39755,302,27
39756,171,23
39757,1000,13
39758,521,26
39759,272,27
39760,1000,17
39761,1000,17
39762,0,3
39763,0,3
39764,553,19
39765,291,19
39766,451,20
39767,328,28
39768,0,3
39769,344,18
39770,543,22
39771,608,30
39772,388,29
39773,0,3
39774,483,23
39775,251,17
39776,0,3
39777,486,22
39778,465,31
39779,454,29
39780,222,25
39781,0,3
39782,555,27
39783,0,3
39784,258,21
39785,282,24
39786,261,22
39787,240,22
39788,0,3
39789,716,34
39790,0,3
39791,80,11
39792,934,35
39793,0,3
39794,388,30
39795,197,21
39796,210,17
39797,394,26
39798,494,25
39799,292,25
39800,537,31
39801,0,3
39802,0,3
39803,361,30
39804,1000,10
39805,0,3
39806,896,22
39807,0,3
39808,0,3
39809,0,3
39810,0,3
39811,453,30
39812,429,31
39813,337,25
39814,0,3
39815,0,3
39816,0,3
39817,0,3
39818,487,27
39819,0,3
39820,372,26
39821,319,33
39822,211,18
39823,402,25
39824,0,3
39825,751,37
39826,0,3
39827,270,22
39828,499,23
39829,276,16
39830,0,3
39831,0,3
39832,333,25
39833,0,3
39834,0,3
39835,1000,22
39836,0,3
39837,0,3
39838,671,31
39839,283,25
39840,0,3
39841,0,3
39842,302,25
39843,26,6
39844,343,28
39845,389,27
39846,0,3
39847,821,25
39848,244,23
39849,0,3
39850,834,19
39851,969,28
39852,398,31
39853,0,3
39854,0,3
39855,0,3
39856,0,3
39857,0,3
39858,589,22
39859,674,28
39860,0,3
39861,468,20
39862,1000,17
39863,0,3
39864,0,3
39865,1000,15
39866,0,3
39867,379,22
39868,177,16
39869,0,3
39870,266,21
39871,303,26
39872,1000,29
39873,779,36
39874,0,3
39875,0,3
39876,649,25
39877,0,3
39878,1000,20
39879,0,3
39880,764,27
39881,164,19
39882,806,36
39883,1000,27
39884,89,13
39885,0,3
39886,304,28
39887,0,3
39888,509,25
39889,494,32
39890,470,27
39891,348,31
39892,0,3
39893,402,22
39894,401,31
39895,630,18
39896,387,29
39897,401,16
39898,0,3
39899,569,20
39900,0,3
39901,491,19
39902,0,3
39903,0,3
39904,410,26
39905,91,12
39906,24,4
39907,0,3
39908,888,25
39909,181,15
39910,0,3
39911,647,36
39912,761,18
39913,0,3
39914,0,3
39915,0,3
39916,0,3
39917,1000,14
39918,0,3
39919,312,29
39920,242,23
39921,285,27
39922,0,3
39923,271,23
39924,1000,29
39925,712,19
39926,0,3
39927,386,16
39928,0,3
39929,182,17
39930,0,3
39931,0,3
39932,0,3
39933,367,28
39934,0,3
39935,90,14
39936,350,21
39937,297,24
39938,164,13
39939,0,3
39940,468,25
39941,773,25
39942,0,3
39943,0,3
39944,0,3
39945,0,3
39946,343,23
39947,319,23
39948,0,3
39949,0,3
39950,367,28
39951,0,3
39952,0,3
39953,433,25
39954,0,3
39955,300,26
39956,560,37
39957,1000,11
39958,317,24
39959,563,25
39960,757,21
39961,0,3
39962,586,39
39963,733,32
39964,315,26
39965,0,3
39966,0,3
39967,493,27
39968,0,3
39969,412,29
39970,1000,17
39971,0,3
39972,0,3
39973,321,29
39974,274,23
39975,0,3
39976,0,3
39977,518,31
39978,724,23
39979,139,21
39980,255,22
39981,813,27
39982,180,16
39983,0,3
39984,0,3
39985,238,18
39986,0,3
39987,334,20
39988,409,21
39989,0,3
39990,481,16
39991,0,3
39992,166,18
39993,0,3
39994,0,3
39995,533,21
39996,0,3
39997,316,21
39998,1000,12
39999,169,17
40000,0,3
40001,214,20
40002,860,23
40003,0,3
40004,258,19
40005,437,28
40006,150,15
40007,814,29
40008,147,18
40009,0,3
40010,177,19
40011,37,9
40012,651,36
40013,270,22
40014,427,31
40015,398,35
40016,0,3
40017,954,30
40018,342,27
40019,201,18
40020,0,3
40021,651,28
40022,0,3
40023,0,3
40024,325,24
40025,969,23
40026,0,3
40027,0,3
40028,0,3
40029,0,3
40030,898,21
40031,130,17
40032,287,29
40033,0,3
40034,1000,7
40035,597,30
40036,553,27
40037,0,3
40038,0,3
40039,157,18
40040,0,3
40041,209,20
40042,173,19
40043,0,3
40044,0,3
40045,342,25
40046,1000,17
40047,236,21
40048,634,21
40049,0,3
40050,0,3
40051,229,22
40052,344,25
40053,531,25
40054,1000,16
40055,0,3
40056,0,3
40057,409,31
40058,0,3
40059,0,3
40060,147,13
40061,657,19
40062,424,29
40063,165,13
40064,0,3
40065,0,3
40066,0,3
40067,890,24
40068,0,3
40069,1000,17
40070,0,3
40071,653,26
40072,116,14
40073,524,30
40074,0,3
40075,1000,29
40076,531,24
40077,272,21
40078,191,16
40079,0,3
40080,0,3
40081,317,23
40082,237,18
40083,1000,4
40084,0,3
40085,0,3
40086,111,12
40087,136,18
40088,496,14
40089,0,3
40090,0,3
40091,1000,8
40092,0,3
40093,637,30
40094,0,3
40095,313,22
40096,342,23
40097,351,25
40098,1000,4
40099,0,3
40100,399,26
40101,368,28
40102,0,3
40103,0,3
40104,0,3
40105,0,3
40106,0,3
40107,352,25
40108,0,3
40109,242,19
40110,1000,16
40111,0,3
40112,378,18
40113,656,21
40114,0,3
40115,0,3
40116,280,27
40117,377,21
40118,0,3
40119,0,3
40120,349,24
40121,220,20
40122,476,20
40123,293,21
40124,0,3
40125,0,3
40126,0,3
40127,0,3
40128,200,16
40129,403,25
40130,186,20
40131,1000,5
40132,215,18
40133,504,38
40134,1000,18
40135,379,21
40136,200,14
40137,306,24
40138,0,3
40139,0,3
40140,507,13
40141,0,3
40142,709,27
40143,574,21
40144,576,21
40145,0,3
40146,0,3
40147,1000,4
40148,0,3
40149,0,3
40150,389,20
40151,260,19
40152,995,10
40153,1000,26
40154,718,24
40155,492,27
40156,482,39
40157,779,31
40158,0,3
40159,618,27
40160,258,22
40161,1000,12
40162,0,3
40163,596,25
40164,420,29
40165,308,24
40166,575,30
40167,180,12
40168,0,3
40169,459,29
40170,0,3
40171,495,38
40172,0,3
40173,0,3
40174,410,26
40175,288,24
40176,0,3
40177,0,3
40178,257,22
40179,1000,16
40180,321,25
40181,333,20
40182,261,22
40183,218,18
40184,380,27
40185,764,21
40186,1000,12
40187,245,29
40188,237,20
40189,0,3
40190,366,24
40191,194,25
40192,751,30
40193,0,3
40194,354,26
40195,476,25
40196,0,3
40197,0,3
40198,0,3
40199,817,23
40200,715,34
40201,0,3
40202,521,27
40203,758,26
40204,214,20
40205,0,3
40206,323,28
40207,740,23
40208,316,24
40209,0,3
40210,493,29
40211,833,27
40212,386,28
40213,544,25
40214,479,33
40215,1000,16
40216,325,27
40217,1000,29
40218,417,29
40219,305,26
40220,0,3
40221,1000,29
40222,0,3
40223,0,3
40224,630,22
40225,1000,18
40226,250,23
40227,562,38
40228,0,3
40229,456,30
40230,1000,15
40231,528,28
40232,96,8
40233,287,20
40234,0,3
40235,257,25
40236,0,3
40237,0,3
40238,0,3
40239,170,21
40240,247,25
40241,0,3
40242,0,3
40243,1000,12
40244,0,3
40245,344,21
40246,0,3
40247,916,32
40248,819,25
40249,0,3
40250,0,3
40251,198,18
40252,1000,10
40253,549,25
40254,0,3
40255,272,23
40256,436,30
40257,400,23
40258,204,9
40259,5,3
40260,335,28
40261,391,27
40262,0,3
40263,1000,6
40264,0,3
40265,266,18
40266,262,19
40267,245,28
40268,0,3
40269,201,16
40270,480,14
40271,0,3
40272,0,3
40273,478,37
40274,1000,21
40275,0,3
40276,0,3
40277,267,25
40278,165,18
40279,0,3
40280,331,32
40281,721,23
40282,290,35
40283,217,18
40284,701,35
40285,157,10
40286,728,26
40287,225,22
40288,0,3
40289,354,26
40290,0,3
40291,0,3
40292,0,3
40293,0,3
40294,334,21
40295,0,3
40296,970,36
40297,0,3
40298,1000,19
40299,0,3
40300,0,3
40301,482,20
40302,167,18
40303,545,27
40304,393,17
40305,0,3
40306,102,13
40307,367,26
40308,0,3
40309,0,3
40310,571,27
40311,185,19
40312,0,3
40313,0,3
40314,639,25
40315,138,14
40316,247,14
40317,509,15
40318,257,17
40319,282,22
40320,0,3
40321,400,31
40322,970,24
40323,415,20
40324,0,3
40325,492,22
40326,176,19
40327,259,14
40328,0,3
40329,554,22
40330,196,23
40331,390,26
40332,0,3
40333,590,31
40334,0,3
40335,178,15
40336,362,26
40337,484,21
40338,0,3
40339,235,24
40340,377,26
40341,0,3
40342,0,3
40343,353,29
40344,560,23
40345,1000,31
40346,390,24
40347,0,3
40348,0,3
40349,0,3
40350,0,3
40351,0,3
40352,0,3
40353,336,29
40354,1000,18
40355,0,3
40356,0,3
40357,696,22
40358,805,24
40359,0,3
40360,0,3
40361,328,23
40362,208,22
40363,454,27
40364,262,23
40365,278,19
40366,805,21
40367,0,3
40368,1000,19
40369,0,3
40370,0,3
40371,238,19
40372,460,29
40373,286,20
40374,176,16
40375,449,23
40376,147,20
40377,0,3
40378,393,28
40379,0,3
40380,0,3
40381,98,11
40382,0,3
40383,128,17
40384,48,3
40385,330,25
40386,0,3
40387,0,3
40388,0,3
40389,286,25
40390,914,29
40391,252,20
40392,259,22
40393,0,3
40394,0,3
40395,0,3
40396,191,16
40397,702,30
40398,1000,28
40399,0,3
40400,0,3
40401,645,27
40402,839,22
40403,292,18
40404,282,24
40405,0,3
40406,0,3
40407,0,3
40408,449,29
40409,167,21
40410,623,30
40411,0,3
40412,335,24
40413,260,25
40414,509,26
40415,486,28
40416,833,20
40417,483,22
40418,287,21
40419,787,23
40420,326,16
40421,122,12
40422,0,3
40423,336,23
40424,0,3
40425,721,30
40426,293,21
40427,0,3
40428,770,27
40429,1000,22
40430,375,17
40431,0,3
40432,266,23
40433,139,20
40434,123,15
40435,310,20
40436,579,24
40437,384,29
40438,0,3
40439,379,20
40440,0,3
40441,630,20
40442,582,32
40443,625,24
40444,389,20
40445,0,3
40446,329,24
40447,438,23
40448,640,22
40449,1000,20
40450,631,24
40451,0,3
40452,532,23
40453,1000,16
40454,325,27
40455,0,3
40456,1000,15
40457,0,3
40458,303,29
40459,0,3
40460,679,27
40461,424,29
40462,815,23
40463,398,15
40464,0,3
40465,256,20
40466,0,3
40467,61,9
40468,1000,20
40469,0,3
40470,437,33
40471,181,21
40472,590,29
40473,379,21
40474,307,23
40475,1000,12
40476,0,3
40477,253,19
40478,655,16
40479,659,28
40480,0,3
40481,321,20
40482,260,26
40483,340,18
40484,284,24
40485,0,3
40486,0,3
40487,649,27
40488,882,25
40489,506,31
40490,0,3
40491,247,15
40492,504,25
40493,1000,23
40494,812,28
40495,790,22
40496,414,22
40497,0,3
40498,600,25
40499,545,29
40500,0,3
40501,0,3
40502,835,24
40503,408,28
40504,424,27
40505,0,3
40506,636,15
40507,592,34
40508,557,30
40509,0,3
40510,443,27
40511,32,7
40512,475,30
40513,335,23
40514,431,30
40515,676,37
40516,0,3
40517,281,32
40518,259,23
40519,504,21
40520,202,15
40521,0,3
40522,112,16
40523,299,21
40524,285,27
40525,408,34
40526,285,26
40527,0,3
40528,0,3
40529,540,31
40530,163,16
40531,1000,26
40532,0,3
40533,0,3
40534,786,35
40535,346,27
40536,0,3
40537,502,31
40538,0,3
40539,286,22
40540,0,3
40541,0,3
40542,0,3
40543,0,3
40544,714,28
40545,150,11
40546,158,20
40547,1000,22
40548,99,12
40549,0,3
40550,0,3
40551,167,16
40552,205,14
40553,0,3
40554,320,25
40555,1000,22
40556,1000,28
40557,564,31
40558,616,27
40559,952,32
40560,1000,19
40561,0,3
40562,270,30
40563,0,3
40564,0,3
40565,0,3
40566,429,35
40567,0,3
40568,1000,13
40569,0,3
40570,159,15
40571,974,24
40572,0,3
40573,515,20
40574,1000,11
40575,317,22
40576,714,37
40577,851,23
40578,262,20
40579,1000,19
40580,572,18
40581,243,22
40582,388,26
40583,522,22
40584,0,3
40585,0,3
40586,0,3
40587,748,30
40588,0,3
40589,291,20
40590,0,3
40591,648,29
40592,423,22
40593,635,20
40594,370,26
40595,324,22
40596,0,3
40597,551,34
40598,0,3
40599,0,3
40600,361,23
40601,349,26
40602,451,30
40603,0,3
40604,0,3
40605,505,32
40606,356,27
40607,0,3
40608,854,32
40609,248,20
40610,232,23
40611,0,3
40612,0,3
40613,554,27
40614,0,3
40615,165,23
40616,0,3
40617,74,7
40618,286,27
40619,0,3
40620,1000,20
40621,0,3
40622,0,3
40623,103,14
40624,0,3
40625,285,22
40626,364,25
40627,218,22
40628,315,25
40629,369,25
40630,505,18
40631,154,17
40632,626,18
40633,957,31
40634,251,26
40635,253,23
40636,1000,15
40637,444,27
40638,456,24
40639,0,3
40640,0,3
40641,0,3
40642,1000,14
40643,378,31
40644,0,3
40645,227,18
40646,0,3
40647,0,3
40648,731,35
40649,620,18
40650,176,15
40651,0,3
40652,449,35
40653,1000,8
40654,0,3
40655,597,32
40656,249,21
40657,0,3
40658,509,28
40659,0,3
40660,0,3
40661,408,21
40662,26,6
40663,0,3
40664,409,30
40665,0,3
40666,879,37
40667,948,31
40668,0,3
40669,1000,8
40670,442,22
40671,0,3
40672,0,3
40673,0,3
40674,1000,13
40675,0,3
40676,460,37
40677,649,23
40678,35,9
40679,948,24
40680,371,22
40681,752,21
40682,811,18
40683,271,22
40684,0,3
40685,0,3
40686,605,29
40687,335,30
40688,501,28
40689,0,3
40690,235,26
40691,0,3
40692,0,3
40693,223,28
40694,235,21
40695,0,3
40696,683,24
40697,0,3
40698,0,3
40699,534,22
40700,246,32
40701,128,21
40702,409,26
40703,349,26
40704,0,3
40705,198,19
40706,500,29
40707,312,27
40708,291,29
40709,292,26
40710,846,19
40711,948,26
40712,574,22
40713,357,24
40714,749,27
40715,0,3
40716,0,3
40717,1000,28
40718,263,21
40719,0,3
40720,206,21
40721,625,23
40722,0,3
40723,0,3
40724,0,3
40725,0,3
40726,545,32
40727,66,10
40728,406,33
40729,411,20
40730,979,21
40731,0,3
40732,629,23
40733,0,3
40734,0,3
40735,678,27
40736,0,3
40737,0,3
40738,859,30
40739,0,3
40740,0,3
40741,79,12
40742,548,27
40743,0,3
40744,0,3
40745,0,3
40746,748,25
40747,238,22
40748,0,3
40749,779,21
40750,0,3
40751,0,3
40752,295,18
40753,0,3
40754,446,21
40755,1000,23
40756,0,3
40757,179,16
40758,0,3
40759,318,19
40760,0,3
40761,393,22
40762,406,17
40763,0,3
40764,1000,20
40765,0,3
40766,0,3
40767,535,27
40768,410,28
40769,249,24
40770,0,3
40771,226,21
40772,0,3
40773,0,3
40774,194,19
40775,456,25
40776,397,25
40777,194,22
40778,542,25
40779,1000,30
40780,0,3
40781,292,22
40782,0,3
40783,0,3
40784,284,22
40785,249,23
40786,0,3
40787,576,25
40788,332,23
40789,35,7
40790,155,16
40791,396,34
40792,175,23
40793,1000,19
40794,0,3
40795,223,25
40796,292,22
40797,150,15
40798,302,27
40799,532,22
40800,0,3
40801,443,12
40802,596,28
40803,0,3
40804,224,20
40805,912,25
40806,221,17
40807,299,27
40808,0,3
40809,422,28
40810,0,3
40811,7,3
40812,0,3
40813,0,3
40814,545,19
40815,0,3
40816,244,18
40817,662,33
40818,0,3
40819,252,26
40820,338,20
40821,370,26
40822,457,27
40823,0,3
40824,345,30
40825,487,26
40826,374,27
40827,1000,29
40828,0,3
40829,119,14
40830,0,3
40831,644,35
40832,0,3
40833,0,3
40834,0,3
40835,0,3
40836,332,21
40837,238,21
40838,732,28
40839,928,15
40840,0,3
40841,1000,22
40842,1000,7
40843,30,6
40844,0,3
40845,0,3
40846,190,23
40847,216,20
40848,152,14
40849,787,19
40850,86,14
40851,1000,17
40852,747,27
40853,345,19
40854,361,26
40855,0,3
40856,0,3
40857,0,3
40858,938,24
40859,0,3
40860,0,3
40861,1000,22
40862,726,24
40863,239,27
40864,0,3
40865,1000,12
40866,307,22
40867,0,3
40868,0,3
40869,0,3
40870,309,23
40871,210,20
40872,415,16
40873,195,17
40874,291,25
40875,440,29
40876,606,25
40877,672,16
40878,1000,10
40879,0,3
40880,784,27
40881,498,28
40882,0,3
40883,408,31
40884,619,26
40885,0,3
40886,0,3
40887,334,22
40888,0,3
40889,1000,20
40890,0,3
40891,555,32
40892,0,3
40893,258,20
40894,204,20
40895,0,3
40896,0,3
40897,328,23
40898,0,3
40899,0,3
40900,0,3
40901,402,26
40902,565,31
40903,1000,17
40904,1000,3
40905,498,30
40906,710,22
40907,1000,23
40908,268,20
40909,0,3
40910,458,25
40911,1000,26
40912,583,31
40913,302,21
40914,503,32
40915,363,30
40916,282,23
40917,1000,10
40918,188,17
40919,353,22
40920,431,20
40921,0,3
40922,0,3
40923,175,15
40924,0,3
40925,929,31
40926,287,23
40927,0,3
40928,0,3
40929,0,3
40930,0,3
40931,472,28
40932,1000,21
40933,0,3
40934,783,24
40935,292,25
40936,1000,31
40937,1000,25
40938,954,13
40939,979,35
40940,322,25
40941,432,27
40942,735,24
40943,0,3
40944,454,29
40945,325,15
40946,0,3
40947,1000,8
40948,0,3
40949,0,3
40950,225,21
40951,613,27
40952,260,16
40953,835,26
40954,696,28
40955,872,25
40956,970,30
40957,1000,14
40958,234,22
40959,363,33
40960,0,3
40961,499,29
40962,848,27
40963,0,3
40964,666,28
40965,514,24
40966,750,30
40967,266,29
40968,0,3
40969,207,21
40970,716,34
40971,0,3
40972,989,29
40973,390,17
40974,527,24
40975,274,22
40976,588,28
40977,1000,8
40978,181,16
40979,414,27
40980,487,22
40981,569,29
40982,0,3
40983,533,27
40984,0,3
40985,407,23
40986,311,22
40987,739,27
40988,246,31
40989,113,11
40990,0,3
40991,265,24
40992,233,16
40993,265,20
40994,0,3
40995,0,3
40996,0,3
40997,921,22
40998,0,3
40999,451,33
41000,398,29
41001,319,21
41002,792,21
41003,246,23
41004,1000,14
41005,49,9
41006,208,20
41007,509,23
41008,284,22
41009,406,19
41010,0,3
41011,0,3
41012,0,3
41013,243,18
41014,0,3
41015,0,3
41016,0,3
41017,863,19
41018,184,21
41019,268,30
41020,0,3
41021,440,35
41022,297,26
41023,1000,32
41024,0,3
41025,673,16
41026,552,32
41027,0,3
41028,214,18
41029,0,3
41030,1000,26
41031,0,3
41032,0,3
41033,350,24
41034,237,22
41035,255,21
41036,279,20
41037,226,23
41038,1000,28
41039,0,3
41040,431,33
41041,270,25
41042,444,28
41043,0,3
41044,294,24
41045,255,26
41046,199,20
41047,241,19
41048,218,20
41049,310,28
41050,0,3
41051,262,9
41052,0,3
41053,162,19
41054,1000,21
41055,290,24
41056,0,3
41057,0,3
41058,366,27
41059,234,25
41060,0,3
41061,1000,14
41062,447,27
41063,408,38
41064,958,25
41065,0,3
41066,336,25
41067,1000,5
41068,978,28
41069,359,25
41070,0,3
41071,257,17
41072,0,3
41073,0,3
41074,0,3
41075,0,3
41076,0,3
41077,193,22
41078,792,27
41079,442,32
41080,0,3
41081,265,20
41082,318,21
41083,0,3
41084,718,23
41085,0,3
41086,215,16
41087,261,19
41088,0,3
41089,385,26
41090,0,3
41091,0,3
41092,1000,22
41093,0,3
41094,0,3
41095,439,18
41096,192,18
41097,396,24
41098,276,26
41099,643,37
41100,0,3
41101,798,23
41102,333,29
41103,0,3
41104,221,19
41105,1000,20
41106,1000,12
41107,336,26
41108,292,19
41109,234,22
41110,292,22
41111,846,17
41112,651,13
41113,574,25
41114,0,3
41115,138,18
41116,0,3
41117,0,3
41118,314,28
41119,0,3
41120,331,24
41121,0,3
41122,0,3
41123,0,3
41124,314,25
41125,586,14
41126,0,3
41127,0,3
41128,0,3
41129,0,3
41130,505,32
41131,0,3
41132,271,26
41133,265,21
41134,1000,20
41135,0,3
41136,783,26
41137,868,19
41138,533,29
41139,636,25
41140,292,22
41141,1000,20
41142,116,13
41143,0,3
41144,657,21
41145,184,18
41146,0,3
41147,310,32
41148,774,23
41149,343,27
41150,705,23
41151,208,21
41152,230,22
41153,245,21
41154,621,28
41155,622,20
41156,0,3
41157,0,3
41158,0,3
41159,0,3
41160,416,25
41161,960,16
41162,699,28
41163,567,32
41164,621,35
41165,0,3
41166,266,22
41167,0,3
41168,359,19
41169,790,31
41170,404,28
41171,721,35
41172,351,27
41173,0,3
41174,0,3
41175,1000,5
41176,0,3
41177,497,29
41178,0,3
41179,511,27
41180,0,3
41181,0,3
41182,506,22
41183,306,29
41184,0,3
41185,0,3
41186,563,29
41187,234,21
41188,250,19
41189,0,3
41190,611,22
41191,289,30
41192,355,24
41193,479,29
41194,544,24
41195,0,3
41196,156,13
41197,884,22
41198,611,21
41199,808,24
41200,0,3
41201,567,30
41202,763,31
41203,0,3
41204,1000,10
41205,270,22
41206,0,3
41207,0,3
41208,0,3
41209,0,3
41210,0,3
41211,542,35
41212,0,3
41213,0,3
41214,0,3
41215,529,22
41216,0,3
41217,0,3
41218,439,18
41219,0,3
41220,430,33
41221,0,3
41222,117,12
41223,0,3
41224,0,3
41225,0,3
41226,1000,28
41227,379,28
41228,533,24
41229,402,27
41230,237,22
41231,1000,27
41232,358,30
41233,0,3
41234,0,3
41235,675,24
41236,393,28
41237,524,33
41238,210,18
41239,0,3
41240,0,3
41241,0,3
41242,0,3
41243,575,30
41244,1000,11
41245,174,15
41246,384,26
41247,429,17
41248,483,18
41249,0,3
41250,194,13
41251,0,3
41252,313,24
41253,0,3
41254,315,22
41255,0,3
41256,401,21
41257,267,27
41258,417,16
41259,251,23
41260,0,3
41261,528,31
41262,0,3
41263,409,20
41264,521,17
41265,0,3
41266,296,24
41267,0,3
41268,861,21
41269,898,27
41270,429,24
41271,0,3
41272,0,3
41273,0,3
41274,0,3
41275,1000,15
41276,0,3
41277,224,24
41278,0,3
41279,358,25
41280,0,3
41281,945,29
41282,0,3
41283,0,3
41284,480,32
41285,560,38
41286,0,3
41287,394,26
41288,192,18
41289,0,3
41290,234,18
41291,819,17
41292,530,28
41293,412,29
41294,245,25
41295,0,3
41296,0,3
41297,502,14
41298,315,21
41299,421,16
41300,0,3
41301,387,24
41302,0,3
41303,0,3
41304,0,3
41305,0,3
41306,201,17
41307,169,19
41308,270,25
41309,0,3
41310,0,3
41311,647,29
41312,738,24
41313,0,3
41314,395,25
41315,665,25
41316,0,3
41317,0,3
41318,628,14
41319,574,29
41320,0,3
41321,0,3
41322,211,14
41323,0,3
41324,819,29
41325,764,30
41326,314,24
41327,212,15
41328,899,35
41329,517,31
41330,214,20
41331,1000,22
41332,0,3
41333,303,25
41334,391,29
41335,0,3
41336,0,3
41337,0,3
41338,503,31
41339,627,22
41340,269,17
41341,375,32
41342,337,22
41343,575,24
41344,517,19
41345,0,3
41346,0,3
41347,0,3
41348,489,30
41349,311,13
41350,0,3
41351,496,37
41352,0,3
41353,183,18
41354,1000,18
41355,0,3
41356,1000,15
41357,496,23
41358,0,3
41359,0,3
41360,0,3
41361,1000,29
41362,229,19
41363,0,3
41364,0,3
41365,382,28
41366,602,30
41367,63,8
41368,0,3
41369,450,24
41370,26,6
41371,0,3
41372,0,3
41373,474,23
41374,327,24
41375,0,3
41376,310,23
41377,0,3
41378,418,29
41379,152,17
41380,868,24
41381,868,29
41382,0,3
41383,0,3
41384,0,3
41385,0,3
41386,346,31
41387,238,29
41388,314,25
41389,94,8
41390,453,31
41391,357,27
41392,330,26
41393,0,3
41394,0,3
41395,982,13
41396,479,37
41397,853,25
41398,421,33
41399,297,24
41400,263,24
41401,243,20
41402,0,3
41403,0,3
41404,0,3
41405,0,3
41406,704,21
41407,355,23
41408,0,3
41409,0,3
41410,1000,9
41411,0,3
41412,184,18
41413,551,35
41414,826,27
41415,258,18
41416,271,27
41417,493,25
41418,408,15
41419,601,27
41420,264,23
41421,505,26
41422,136,19
41423,1000,17
41424,473,21
41425,1000,21
41426,411,28
41427,266,25
41428,331,22
41429,443,26
41430,286,25
41431,0,3
41432,320,22
41433,380,35
41434,399,25
41435,0,3
41436,516,19
41437,770,28
41438,733,25
41439,0,3
41440,0,3
41441,502,20
41442,404,30
41443,731,27
41444,0,3
41445,0,3
41446,109,14
41447,0,3
41448,568,21
41449,331,23
41450,0,3
41451,0,3
41452,566,21
41453,372,28
41454,154,18
41455,1000,19
41456,0,3
41457,0,3
41458,451,31
41459,284,18
41460,329,24
41461,0,3
41462,1000,14
41463,1000,15
41464,167,20
41465,0,3
41466,288,26
41467,0,3
41468,156,18
41469,0,3
41470,268,22
41471,623,29
41472,175,22
41473,251,26
41474,613,22
41475,1000,19
41476,391,27
41477,847,29
41478,980,26
41479,230,18
41480,709,26
41481,480,17
41482,0,3
41483,275,26
41484,0,3
41485,289,26
41486,1000,7
41487,0,3
41488,0,3
41489,0,3
41490,0,3
41491,0,3
41492,460,28
41493,0,3
41494,0,3
41495,227,18
41496,324,27
41497,730,27
41498,0,3
41499,449,19
41500,244,29
41501,274,21
41502,249,22
41503,191,16
41504,427,29
41505,0,3
41506,0,3
41507,0,3
41508,405,20
41509,267,27
41510,364,26
41511,0,3
41512,0,3
41513,787,20
41514,0,3
41515,209,15
41516,267,25
41517,0,3
41518,363,33
41519,151,17
41520,395,21
41521,515,24
41522,0,3
41523,362,22
41524,269,29
41525,303,22
41526,322,33
41527,0,3
41528,463,28
41529,0,3
41530,213,26
41531,725,25
41532,227,23
41533,788,28
41534,0,3
41535,1000,14
41536,308,24
41537,258,23
41538,210,18
41539,745,24
41540,1000,21
41541,681,22
41542,250,25
41543,0,3
41544,721,29
41545,478,32
41546,423,29
41547,267,16
41548,586,28
41549,740,17
41550,394,25
41551,392,28
41552,369,30
41553,332,28
41554,0,3
41555,262,24
41556,365,30
41557,1000,19
41558,266,20
41559,0,3
41560,582,23
41561,0,3
41562,645,18
41563,360,28
41564,1000,12
41565,1000,25
41566,0,3
41567,385,29
41568,337,22
41569,581,30
41570,0,3
41571,331,27
41572,0,3
41573,380,22
41574,580,30
41575,595,25
41576,0,3
41577,612,36
41578,268,26
41579,835,14
41580,0,3
41581,0,3
41582,465,27
41583,0,3
41584,286,27
41585,661,31
41586,411,30
41587,943,25
41588,549,26
41589,667,22
41590,0,3
41591,394,30
41592,0,3
41593,482,32
41594,0,3
41595,281,22
41596,270,20
41597,195,18
41598,1000,18
41599,598,27
41600,0,3
41601,480,18
41602,369,26
41603,396,27
41604,279,22
41605,470,36
41606,385,29
41607,360,25
41608,1000,15
41609,301,15
41610,1000,24
41611,0,3
41612,0,3
41613,579,24
41614,170,16
41615,0,3
41616,0,3
41617,0,3
41618,0,3
41619,720,19
41620,0,3
41621,247,22
41622,295,25
41623,405,28
41624,233,19
41625,247,27
41626,0,3
41627,0,3
41628,851,30
41629,456,27
41630,1000,4
41631,389,32
41632,0,3
41633,0,3
41634,753,22
41635,215,25
41636,0,3
41637,783,17
41638,0,3
41639,871,23
41640,705,29
41641,1000,20
41642,326,27
41643,326,25
41644,0,3
41645,606,21
41646,1000,23
41647,0,3
41648,731,31
41649,0,3
41650,0,3
41651,0,3
41652,0,3
41653,345,25
41654,0,3
41655,993,25
41656,0,3
41657,365,26
41658,0,3
41659,248,21
41660,218,16
41661,0,3
41662,0,3
41663,814,18
41664,1000,22
41665,0,3
41666,1000,24
41667,599,17
41668,0,3
41669,465,32
41670,431,25
41671,333,20
41672,302,23
41673,0,3
41674,0,3
41675,239,18
41676,1000,7
41677,633,26
41678,0,3
41679,0,3
41680,430,19
41681,219,21
41682,501,35
41683,321,31
41684,0,3
41685,478,30
41686,0,3
41687,99,9
41688,5,3
41689,266,28
41690,369,32
41691,1000,13
41692,0,3
41693,0,3
41694,517,29
41695,519,29
41696,135,14
41697,0,3
41698,411,27
41699,602,34
41700,331,24
41701,1000,10
41702,444,31
41703,0,3
41704,390,19
41705,578,31
41706,0,3
41707,1000,12
41708,0,3
41709,227,21
41710,0,3
41711,108,12
41712,202,18
41713,0,3
41714,255,22
41715,514,37
41716,118,13
41717,0,3
41718,399,28
41719,486,28
41720,368,27
41721,0,3
41722,1000,11
41723,932,32
41724,0,3
41725,228,22
41726,337,27
41727,0,3
41728,227,21
41729,1000,14
41730,430,27
41731,0,3
41732,0,3
41733,327,31
41734,148,12
41735,0,3
41736,341,26
41737,914,24
41738,396,24
41739,0,3
41740,786,27
41741,483,33
41742,0,3
41743,0,3
41744,641,32
41745,461,29
41746,110,12
41747,330,23
41748,689,27
41749,745,18
41750,457,24
41751,223,20
41752,516,33
41753,491,29
41754,993,22
41755,350,18
41756,442,28
41757,189,17
41758,795,31
41759,0,3
41760,0,3
41761,493,28
41762,0,3
41763,279,22
41764,390,33
41765,309,23
41766,857,24
41767,457,24
41768,331,26
41769,1000,15
41770,329,27
41771,298,23
41772,261,24
41773,0,3
41774,0,3
41775,1000,19
41776,273,26
41777,1000,17
41778,543,24
41779,392,20
41780,779,22
41781,203,21
41782,858,27
41783,607,25
41784,301,27
41785,689,35
41786,607,27
41787,170,18
41788,0,3
41789,0,3
41790,1000,10
41791,0,3
41792,0,3
41793,327,27
41794,0,3
41795,722,30
41796,230,17
41797,533,34
41798,702,25
41799,1000,3
41800,1000,14
41801,0,3
41802,0,3
41803,439,22
41804,0,3
41805,225,23
41806,352,28
41807,70,10
41808,0,3
41809,1000,19
41810,0,3
41811,0,3
41812,631,31
41813,0,3
41814,314,20
41815,421,21
41816,228,22
41817,653,24
41818,0,3
41819,1000,23
41820,899,23
41821,0,3
41822,430,25
41823,0,3
41824,623,31
41825,1000,4
41826,754,22
41827,1000,22
41828,1000,24
41829,766,26
41830,211,24
41831,0,3
41832,1000,20
41833,355,29
41834,1000,26
41835,0,3
41836,0,3
41837,425,18
41838,477,24
41839,0,3
41840,232,21
41841,1000,15
41842,0,3
41843,484,27
41844,0,3
41845,0,3
41846,0,3
41847,377,27
41848,491,29
41849,0,3
41850,225,16
41851,276,23
41852,0,3
41853,0,3
41854,343,19
41855,375,22
41856,291,21
41857,0,3
41858,0,3
41859,420,25
41860,0,3
41861,212,18
41862,0,3
41863,345,18
41864,780,20
41865,0,3
41866,435,17
41867,0,3
41868,586,16
41869,0,3
41870,846,25
41871,0,3
41872,0,3
41873,882,19
41874,0,3
41875,481,25
41876,0,3
41877,0,3
41878,905,28
41879,252,25
41880,648,24
41881,56,9
41882,0,3
41883,0,3
41884,379,19
41885,306,24
41886,1000,26
41887,0,3
41888,0,3
41889,301,19
41890,0,3
41891,0,3
41892,525,31
41893,0,3
41894,367,24
41895,652,32
41896,308,17
41897,296,21
41898,100,16
41899,562,20
41900,1000,10
41901,1000,10
41902,0,3
41903,787,22
41904,353,24
41905,513,38
41906,0,3
41907,0,3
41908,423,33
41909,332,25
41910,386,28
41911,347,28
41912,0,3
41913,468,36
41914,0,3
41915,243,20
41916,345,25
41917,0,3
41918,544,25
41919,0,3
41920,0,3
41921,284,23
41922,0,3
41923,312,20
41924,330,31
41925,0,3
41926,443,33
41927,487,14
41928,0,3
41929,344,27
41930,246,21
41931,0,3
41932,401,26
41933,0,3
41934,258,28
41935,291,24
41936,0,3
41937,1000,25
41938,1000,17
41939,1000,19
41940,590,23
41941,701,26
41942,0,3
41943,316,23
41944,832,21
41945,0,3
41946,838,23
41947,390,26
41948,0,3
41949,0,3
41950,641,23
41951,495,27
41952,296,28
41953,0,3
41954,0,3
41955,0,3
41956,823,31
41957,0,3
41958,211,20
41959,201,21
41960,285,22
41961,912,19
41962,99,17
41963,0,3
41964,939,23
41965,346,28
41966,590,22
41967,179,20
41968,0,3
41969,225,24
41970,259,15
41971,0,3
41972,354,29
41973,0,3
41974,255,22
41975,271,22
41976,0,3
41977,749,24
41978,588,25
41979,523,24
41980,870,18
41981,54,8
41982,0,3
41983,1000,21
41984,145,9
41985,0,3
41986,259,20
41987,320,24
41988,307,19
41989,0,3
41990,224,19
41991,0,3
41992,421,20
41993,275,25
41994,383,23
41995,0,3
41996,347,30
41997,409,24
41998,342,30
41999,0,3
42000,373,27
42001,1000,5
42002,420,29
42003,0,3
42004,234,18
42005,374,29
42006,797,29
42007,0,3
42008,0,3
42009,402,33
42010,277,26
42011,287,24
42012,0,3
42013,228,25
42014,271,15
42015,529,32
42016,478,36
42017,394,31
42018,350,27
42019,659,21
42020,1000,23
42021,448,20
42022,265,14
42023,369,29
42024,365,17
42025,489,29
42026,522,31
42027,0,3
42028,159,14
42029,0,3
42030,0,3
42031,400,21
42032,273,28
42033,260,22
42034,211,19
42035,567,31
42036,231,19
42037,0,3
42038,453,22
42039,224,25
42040,0,3
42041,1000,24
42042,1000,22
42043,0,3
42044,0,3
42045,0,3
42046,389,27
42047,0,3
42048,459,32
42049,323,22
42050,287,24
42051,0,3
42052,369,29
42053,0,3
42054,325,22
42055,217,22
42056,0,3
42057,0,3
42058,0,3
42059,985,27
42060,267,29
42061,24,5
42062,0,3
42063,0,3
42064,453,18
42065,462,33
42066,217,18
42067,464,30
42068,611,26
42069,401,28
42070,0,3
42071,296,25
42072,305,21
42073,476,27
42074,0,3
42075,0,3
42076,366,21
42077,0,3
42078,400,21
42079,126,3
42080,313,21
42081,298,23
42082,238,18
42083,721,33
42084,734,28
42085,0,3
42086,1000,13
42087,1000,6
42088,1000,12
42089,718,32
42090,0,3
42091,242,18
42092,0,3
42093,0,3
42094,0,3
42095,0,3
42096,265,28
42097,414,33
42098,0,3
42099,169,20
42100,0,3
42101,0,3
42102,1000,19
42103,686,25
42104,0,3
42105,0,3
42106,148,17
42107,562,14
42108,101,14
42109,257,23
42110,620,29
42111,0,3
42112,812,28
42113,573,24
42114,0,3
42115,599,18
42116,0,3
42117,1000,16
42118,0,3
42119,374,29
42120,0,3
42121,0,3
42122,984,25
42123,0,3
42124,242,17
42125,211,17
42126,0,3
42127,0,3
42128,569,26
42129,0,3
42130,534,23
42131,384,16
42132,0,3
42133,154,17
42134,153,13
42135,0,3
42136,243,20
42137,0,3
42138,0,3
42139,0,3
42140,188,23
42141,0,3
42142,193,15
42143,0,3
42144,379,27
42145,292,23
42146,335,29
42147,379,28
42148,355,23
42149,531,20
42150,662,39
42151,287,25
42152,476,27
42153,295,29
42154,182,19
42155,1000,23
42156,253,25
42157,747,29
42158,48,5
42159,0,3
42160,359,24
42161,349,21
42162,0,3
42163,1000,5
42164,530,25
42165,258,24
42166,0,3
42167,610,30
42168,288,20
42169,0,3
42170,488,25
42171,334,25
42172,377,31
42173,0,3
42174,0,3
42175,436,29
42176,0,3
42177,198,18
42178,439,36
42179,311,21
42180,0,3
42181,491,27
42182,526,30
42183,0,3
42184,299,27
42185,302,25
42186,757,23
42187,0,3
42188,212,20
42189,0,3
42190,0,3
42191,488,36
42192,251,23
42193,345,21
42194,0,3
42195,216,16
42196,358,27
42197,0,3
42198,275,24
42199,547,23
42200,423,29
42201,0,3
42202,297,21
42203,808,27
42204,0,3
42205,602,18
42206,229,22
42207,287,20
42208,0,3
42209,374,23
42210,249,20
42211,267,27
42212,230,18
42213,495,13
42214,203,19
42215,0,3
42216,166,15
42217,139,9
42218,451,17
42219,0,3
42220,0,3
42221,0,3
42222,0,3
42223,0,3
42224,1000,14
42225,582,30
42226,695,26
42227,323,19
42228,466,28
42229,422,26
42230,485,33
42231,0,3
42232,0,3
42233,637,26
42234,835,27
42235,507,23
42236,708,30
42237,274,22
42238,841,21
42239,0,3
42240,429,34
42241,233,23
42242,197,18
42243,0,3
42244,0,3
42245,340,10
42246,372,30
42247,490,23
42248,283,23
42249,358,25
42250,0,3
42251,66,8
42252,1000,12
42253,302,24
42254,0,3
42255,686,24
42256,291,19
42257,0,3
42258,385,30
42259,606,27
42260,0,3
42261,599,27
42262,0,3
42263,377,28
42264,920,18
42265,0,3
42266,413,28
42267,465,31
42268,0,3
42269,458,33
42270,463,22
42271,1000,16
42272,602,23
42273,966,23
42274,477,25
42275,0,3
42276,0,3
42277,0,3
42278,0,3
42279,203,21
42280,693,30
42281,556,23
42282,1000,6
42283,283,27
42284,1000,7
42285,436,29
42286,0,3
42287,568,29
42288,1000,22
42289,0,3
42290,920,35
42291,0,3
42292,0,3
42293,0,3
42294,293,27
42295,310,19
42296,0,3
42297,0,3
42298,491,25
42299,118,14
42300,0,3
42301,0,3
42302,0,3
42303,259,27
42304,0,3
42305,376,24
42306,567,21
42307,0,3
42308,0,3
42309,0,3
42310,314,25
42311,284,21
42312,351,20
42313,0,3
42314,0,3
42315,430,26
42316,156,16
42317,1000,20
42318,468,29
42319,0,3
42320,453,31
42321,0,3
42322,621,30
42323,550,30
42324,188,18
42325,325,30
42326,0,3
42327,241,25
42328,333,24
42329,0,3
42330,870,28
42331,315,25
42332,0,3
42333,0,3
42334,0,3
42335,0,3
42336,289,30
42337,0,3
42338,0,3
42339,208,22
42340,234,22
42341,329,21
42342,450,26
42343,361,32
42344,225,24
42345,0,3
42346,0,3
42347,188,21
42348,652,27
42349,1000,10
42350,0,3
42351,0,3
42352,0,3
42353,0,3
42354,1000,18
42355,375,27
42356,0,3
42357,303,24
42358,476,10
42359,291,16
42360,420,32
42361,203,25
42362,328,26
42363,165,18
42364,469,24
42365,0,3
42366,176,14
42367,411,32
42368,296,23
42369,312,24
42370,64,9
42371,354,32
42372,1000,18
42373,840,27
42374,202,19
42375,539,37
42376,0,3
42377,395,24
42378,422,17
42379,333,15
42380,363,30
42381,1000,36
42382,347,22
42383,751,24
42384,0,3
42385,206,18
42386,1000,19
42387,1000,19
42388,0,3
42389,394,30
42390,0,3
42391,324,16
42392,278,24
42393,0,3
42394,373,29
42395,854,31
42396,0,3
42397,0,3
42398,258,27
42399,202,17
42400,0,3
42401,0,3
42402,581,18
42403,472,22
42404,0,3
42405,0,3
42406,258,26
42407,320,19
42408,0,3
42409,1000,26
42410,350,29
42411,0,3
42412,527,34
42413,744,18
42414,642,26
42415,637,33
42416,1000,22
42417,811,21
42418,0,3
42419,382,26
42420,278,12
42421,336,26
42422,439,29
42423,582,28
42424,0,3
42425,503,17
42426,327,21
42427,665,25
42428,0,3
42429,362,24
42430,430,23
42431,248,20
42432,339,30
42433,301,27
42434,149,18
42435,276,26
42436,395,25
42437,583,27
42438,414,33
42439,0,3
42440,0,3
42441,190,14
42442,236,24
42443,600,27
42444,347,32
42445,0,3
42446,0,3
42447,0,3
42448,328,23
42449,0,3
42450,0,3
42451,0,3
42452,0,3
42453,423,25
42454,255,23
42455,0,3
42456,0,3
42457,874,24
42458,180,23
42459,580,21
42460,582,25
42461,292,18
42462,330,21
42463,0,3
42464,0,3
42465,1000,6
42466,471,20
42467,1000,30
42468,0,3
42469,371,25
42470,912,26
42471,0,3
42472,235,21
42473,396,23
42474,0,3
42475,600,32
42476,469,25
42477,1000,12
42478,378,22
42479,0,3
42480,0,3
42481,113,4
42482,0,3
42483,0,3
42484,104,14
42485,486,33
42486,248,23
42487,1000,16
42488,448,20
42489,0,3
42490,0,3
42491,0,3
42492,518,14
42493,429,26
42494,1000,33
42495,0,3
42496,487,33
42497,423,24
42498,272,21
42499,112,8
42500,882,32
42501,219,24
42502,390,26
42503,53,6
42504,926,27
42505,0,3
42506,0,3
42507,0,3
42508,700,30
42509,318,25
42510,649,24
42511,1000,24
42512,1000,6
42513,0,3
42514,587,28
42515,0,3
42516,0,3
42517,109,12
42518,525,14
42519,1000,24
42520,0,3
42521,288,24
42522,174,19
42523,0,3
42524,0,3
42525,301,29
42526,0,3
42527,0,3
42528,461,30
42529,0,3
42530,152,17
42531,720,26
42532,1000,27
42533,0,3
42534,267,21
42535,880,34
42536,696,23
42537,319,24
42538,336,24
42539,0,3
42540,0,3
42541,0,3
42542,369,26
42543,176,21
42544,0,3
42545,305,9
42546,881,12
42547,832,27
42548,550,30
42549,0,3
42550,0,3
42551,683,32
42552,175,16
42553,833,24
42554,850,25
42555,0,3
42556,0,3
42557,194,19
42558,437,33
42559,663,25
42560,257,20
42561,1000,3
42562,402,29
42563,0,3
42564,0,3
42565,725,34
42566,0,3
42567,549,30
42568,527,14
42569,611,26
42570,851,34
42571,1000,17
42572,0,3
42573,238,17
42574,1000,24
42575,300,29
42576,771,30
42577,0,3
42578,530,22
42579,257,20
42580,233,18
42581,114,13
42582,0,3
42583,362,23
42584,1000,11
42585,238,19
42586,447,20
42587,699,25
42588,182,22
42589,0,3
42590,0,3
42591,715,32
42592,610,28
42593,444,29
42594,248,20
42595,543,29
42596,561,27
42597,372,27
42598,642,21
42599,0,3
42600,0,3
42601,232,23
42602,0,3
42603,336,26
42604,523,23
42605,0,3
42606,1000,11
42607,454,29
42608,365,28
42609,655,34
42610,0,3
42611,337,20
42612,0,3
42613,311,25
42614,339,27
42615,0,3
42616,607,25
42617,0,3
42618,551,26
42619,263,24
42620,502,27
42621,203,14
42622,0,3
42623,424,36
42624,501,24
42625,0,3
42626,0,3
42627,1000,26
42628,0,3
42629,0,3
42630,360,27
42631,321,16
42632,397,30
42633,0,3
42634,876,24
42635,219,23
42636,259,24
42637,478,25
42638,182,26
42639,0,3
42640,279,21
42641,227,20
42642,393,33
42643,514,29
42644,0,3
42645,0,3
42646,414,33
42647,379,27
42648,0,3
42649,0,3
42650,0,3
42651,0,3
42652,527,36
42653,352,26
42654,978,29
42655,381,29
42656,390,28
42657,235,18
42658,474,36
42659,372,26
42660,230,23
42661,0,3
42662,549,29
42663,645,33
42664,0,3
42665,0,3
42666,0,3
42667,850,27
42668,661,27
42669,979,27
42670,1000,16
42671,0,3
42672,303,28
42673,0,3
42674,541,28
42675,0,3
42676,1000,21
42677,0,3
42678,334,30
42679,947,29
42680,569,23
42681,762,24
42682,0,3
42683,0,3
42684,924,23
42685,0,3
42686,0,3
42687,0,3
42688,437,32
42689,558,22
42690,56,8
42691,0,3
42692,414,35
42693,0,3
42694,337,31
42695,1000,12
42696,731,23
42697,0,3
42698,0,3
42699,733,25
42700,0,3
42701,0,3
42702,0,3
42703,498,35
42704,0,3
42705,449,19
42706,236,26
42707,304,21
42708,303,19
42709,474,31
42710,713,21
42711,264,21
42712,644,29
42713,344,22
42714,94,12
42715,923,28
42716,476,27
42717,64,11
42718,212,21
42719,336,23
42720,0,3
42721,0,3
42722,338,21
42723,0,3
42724,218,17
42725,0,3
42726,325,27
42727,0,3
42728,0,3
42729,545,22
42730,0,3
42731,396,21
42732,332,24
42733,0,3
42734,0,3
42735,0,3
42736,589,30
42737,203,22
42738,0,3
42739,506,26
42740,0,3
42741,442,26
42742,1000,9
42743,659,30
42744,478,18
42745,1000,24
42746,0,3
42747,513,31
42748,630,17
42749,0,3
42750,0,3
42751,0,3
42752,383,30
42753,0,3
42754,1000,20
42755,396,30
42756,0,3
42757,0,3
42758,0,3
42759,469,24
42760,417,27
42761,487,32
42762,230,21
42763,0,3
42764,1000,25
42765,740,29
42766,0,3
42767,0,3
42768,260,19
42769,0,3
42770,0,3
42771,546,26
42772,856,25
42773,0,3
42774,0,3
42775,432,28
42776,0,3
42777,62,9
42778,0,3
42779,166,20
42780,489,25
42781,519,25
42782,846,32
42783,0,3
42784,0,3
42785,0,3
42786,434,31
42787,0,3
42788,604,25
42789,284,25
42790,0,3
42791,399,26
42792,0,3
42793,715,31
42794,116,8
42795,0,3
42796,0,3
42797,0,3
42798,88,9
42799,1000,18
42800,0,3
42801,436,22
42802,0,3
42803,1000,24
42804,149,16
42805,1000,24
42806,429,35
42807,0,3
42808,279,23
42809,1000,19
42810,0,3
42811,552,15
42812,271,22
42813,342,25
42814,1000,22
42815,0,3
42816,850,30
42817,0,3
42818,240,21
42819,752,38
42820,1000,6
42821,877,23
42822,435,41
42823,438,17
42824,0,3
42825,889,21
42826,267,22
42827,759,28
42828,350,33
42829,280,25
42830,1000,13
42831,460,12
42832,334,29
42833,0,3
42834,371,23
42835,0,3
42836,0,3
42837,386,24
42838,0,3
42839,0,3
42840,443,33
42841,0,3
42842,223,18
42843,428,9
42844,1000,6
42845,0,3
42846,942,25
42847,0,3
42848,0,3
42849,329,21
42850,0,3
42851,474,28
42852,0,3
42853,599,24
42854,0,3
42855,257,23
42856,365,18
42857,624,39
42858,1000,26
42859,0,3
42860,739,28
42861,1000,25
42862,146,10
42863,0,3
42864,1000,20
42865,436,18
42866,0,3
42867,0,3
42868,1000,24
42869,661,28
42870,485,28
42871,0,3
42872,0,3
42873,0,3
42874,292,21
42875,475,29
42876,959,21
42877,1000,25
42878,0,3
42879,0,3
42880,483,31
42881,0,3
42882,476,22
42883,0,3
42884,340,22
42885,280,29
42886,716,21
42887,192,19
42888,360,23
42889,0,3
42890,820,27
42891,0,3
42892,448,27
42893,732,19
42894,1000,25
42895,371,30
42896,0,3
42897,221,22
42898,0,3
42899,0,3
42900,0,3
42901,1000,21
42902,255,15
42903,567,22
42904,0,3
42905,320,21
42906,0,3
42907,401,31
42908,215,17
42909,0,3
42910,0,3
42911,265,23
42912,679,22
42913,0,3
42914,0,3
42915,348,28
42916,0,3
42917,379,22
42918,0,3
42919,234,17
42920,0,3
42921,0,3
42922,116,13
42923,255,20
42924,0,3
42925,298,20
42926,0,3
42927,1000,20
42928,0,3
42929,370,27
42930,446,28
42931,143,16
42932,170,20
42933,0,3
42934,1000,21
42935,361,25
42936,316,29
42937,519,32
42938,0,3
42939,347,19
42940,138,16
42941,0,3
42942,0,3
42943,0,3
42944,0,3
42945,235,21
42946,0,3
42947,423,30
42948,1000,12
42949,0,3
42950,497,22
42951,0,3
42952,423,20
42953,165,16
42954,18,4
42955,114,15
42956,462,32
42957,289,19
42958,300,25
42959,0,3
42960,1000,16
42961,205,21
42962,0,3
42963,0,3
42964,0,3
42965,316,22
42966,0,3
42967,0,3
42968,0,3
42969,0,3
42970,303,21
42971,0,3
42972,231,22
42973,251,21
42974,169,17
42975,0,3
42976,0,3
42977,0,3
42978,0,3
42979,437,30
42980,384,33
42981,749,32
42982,1000,10
42983,627,11
42984,0,3
42985,287,19
42986,506,30
42987,1000,17
42988,285,26
42989,197,21
42990,155,19
42991,429,29
42992,323,25
42993,405,21
42994,0,3
42995,515,33
42996,872,23
42997,41,6
42998,0,3
42999,0,3
43000,0,3
43001,115,11
43002,0,3
43003,0,3
43004,0,3
43005,261,24
43006,430,30
43007,163,21
43008,615,29
43009,317,22
43010,1000,20
43011,1000,18
43012,406,20
43013,509,29
43014,506,29
43015,1000,12
43016,780,28
43017,844,27
43018,494,37
43019,734,22
43020,491,34
43021,384,22
43022,1000,20
43023,0,3
43024,503,30
43025,534,20
43026,533,25
43027,0,3
43028,652,25
43029,1000,33
43030,447,14
43031,211,18
43032,0,3
43033,448,29
43034,0,3
43035,0,3
43036,863,20
43037,0,3
43038,445,28
43039,0,3
43040,0,3
43041,1000,23
43042,266,31
43043,598,18
43044,0,3
43045,433,17
43046,442,24
43047,0,3
43048,367,22
43049,340,31
43050,0,3
43051,0,3
43052,153,15
43053,866,25
43054,0,3
43055,0,3
43056,1000,13
43057,0,3
43058,246,26
43059,0,3
43060,112,7
43061,817,32
43062,327,21
43063,664,28
43064,0,3
43065,0,3
43066,434,22
43067,304,19
43068,419,33
43069,1000,15
43070,0,3
43071,0,3
43072,1000,13
43073,277,24
43074,0,3
43075,569,25
43076,0,3
43077,308,28
43078,197,13
43079,345,30
43080,386,30
43081,0,3
43082,216,15
43083,0,3
43084,0,3
43085,0,3
43086,0,3
43087,1000,12
43088,875,26
43089,1000,24
43090,495,20
43091,328,23
43092,661,18
43093,0,3
43094,301,19
43095,391,27
43096,344,25
43097,277,23
43098,0,3
43099,607,32
43100,0,3
43101,1000,18
43102,471,23
43103,208,20
43104,727,31
43105,1000,16
43106,0,3
43107,0,3
43108,332,21
43109,0,3
43110,588,39
43111,0,3
43112,435,24
43113,373,22
43114,0,3
43115,956,18
43116,610,28
43117,788,32
43118,241,25
43119,0,3
43120,0,3
43121,1000,3
43122,92,9
43123,0,3
43124,556,21
43125,368,22
43126,0,3
43127,0,3
43128,411,26
43129,519,22
43130,870,13
43131,491,25
43132,0,3
43133,184,19
43134,647,21
43135,0,3
43136,472,27
43137,0,3
43138,242,24
43139,1000,15
43140,0,3
43141,313,14
43142,248,15
43143,457,26
43144,386,29
43145,323,24
43146,506,22
43147,446,30
43148,743,22
43149,373,15
43150,0,3
43151,354,20
43152,160,19
43153,647,24
43154,702,24
43155,0,3
43156,1000,24
43157,1000,20
43158,177,17
43159,558,24
43160,826,19
43161,0,3
43162,0,3
43163,573,29
43164,691,31
43165,455,31
43166,301,24
43167,1000,26
43168,332,24
43169,0,3
43170,473,25
43171,867,30
43172,0,3
43173,0,3
43174,229,24
43175,219,26
43176,255,23
43177,340,20
43178,0,3
43179,393,31
43180,390,33
43181,1000,19
43182,0,3
43183,0,3
43184,0,3
43185,335,15
43186,183,18
43187,366,4
43188,1000,19
43189,0,3
43190,264,23
43191,435,28
43192,405,27
43193,0,3
43194,0,3
43195,0,3
43196,250,21
43197,478,32
43198,531,27
43199,278,28
43200,0,3
43201,0,3
43202,0,3
43203,0,3
43204,95,11
43205,0,3
43206,441,25
43207,252,28
43208,404,39
43209,1000,24
43210,311,23
43211,1000,5
43212,155,19
43213,641,23
43214,0,3
43215,618,25
43216,839,31
43217,6,4
43218,502,24
43219,526,23
43220,0,3
43221,308,26
43222,495,17
43223,580,21
43224,760,35
43225,0,3
43226,0,3
43227,292,22
43228,349,26
43229,0,3
43230,0,3
43231,1000,22
43232,218,21
43233,284,22
43234,0,3
43235,0,3
43236,0,3
43237,0,3
43238,1000,15
43239,457,27
43240,0,3
43241,982,23
43242,553,27
43243,723,30
43244,0,3
43245,350,31
43246,0,3
43247,391,36
43248,257,21
43249,516,30
43250,341,17
43251,0,3
43252,0,3
43253,215,17
43254,370,26
43255,364,21
43256,148,11
43257,0,3
43258,329,27
43259,203,20
43260,286,20
43261,0,3
43262,140,19
43263,0,3
43264,0,3
43265,0,3
43266,0,3
43267,339,24
43268,415,28
43269,0,3
43270,300,25
43271,0,3
43272,722,17
43273,0,3
43274,706,23
43275,414,24
43276,0,3
43277,0,3
43278,310,30
43279,312,17
43280,0,3
43281,0,3
43282,0,3
43283,735,36
43284,700,23
43285,0,3
43286,628,18
43287,303,20
43288,0,3
43289,296,17
43290,21,5
43291,1000,17
43292,389,30
43293,0,3
43294,1000,12
43295,204,11
43296,343,33
43297,0,3
43298,633,28
43299,0,3
43300,0,3
43301,262,20
43302,203,24
43303,0,3
43304,489,12
43305,0,3
43306,318,21
43307,670,26
43308,265,21
43309,88,8
43310,422,30
43311,298,28
43312,0,3
43313,623,28
43314,361,28
43315,0,3
43316,0,3
43317,850,25
43318,0,3
43319,363,32
43320,336,28
43321,0,3
43322,275,21
43323,0,3
43324,245,15
43325,0,3
43326,382,31
43327,169,23
43328,1000,23
43329,533,24
43330,0,3
43331,0,3
43332,55,9
43333,262,27
43334,623,26
43335,0,3
43336,60,8
43337,0,3
43338,996,28
43339,386,27
43340,558,33
43341,0,3
43342,441,30
43343,608,26
43344,0,3
43345,642,27
43346,1000,14
43347,560,27
43348,213,20
43349,384,30
43350,434,31
43351,559,18
43352,904,26
43353,0,3
43354,0,3
43355,228,19
43356,1000,9
43357,490,27
43358,0,3
43359,0,3
43360,284,37
43361,302,25
43362,657,23
43363,0,3
43364,646,30
43365,0,3
43366,145,20
43367,0,3
43368,443,34
43369,0,3
43370,757,24
43371,368,27
43372,303,28
43373,0,3
43374,0,3
43375,684,19
43376,0,3
43377,993,31
43378,390,25
43379,370,25
43380,449,27
43381,669,39
43382,0,3
43383,533,18
43384,0,3
43385,0,3
43386,0,3
43387,165,15
43388,151,18
43389,0,3
43390,0,3
43391,798,31
43392,503,30
43393,0,3
43394,220,20
43395,758,24
43396,509,25
43397,761,25
43398,470,22
43399,592,26
43400,222,28
43401,982,23
43402,754,28
43403,493,29
43404,687,27
43405,0,3
43406,0,3
43407,335,29
43408,447,22
43409,0,3
43410,601,27
43411,312,27
43412,0,3
43413,634,21
43414,389,25
43415,0,3
43416,518,22
43417,0,3
43418,0,3
43419,537,14
43420,577,29
43421,0,3
43422,454,29
43423,756,23
43424,293,23
43425,234,12
43426,0,3
43427,0,3
43428,206,24
43429,0,3
43430,0,3
43431,0,3
43432,117,13
43433,220,16
43434,363,20
43435,369,26
43436,636,20
43437,1000,12
43438,0,3
43439,766,27
43440,0,3
43441,1000,12
43442,428,29
43443,0,3
43444,0,3
43445,0,3
43446,0,3
43447,277,21
43448,0,3
43449,0,3
43450,947,19
43451,0,3
43452,919,33
43453,0,3
43454,414,32
43455,0,3
43456,424,29
43457,211,20
43458,301,24
43459,1000,14
43460,0,3
43461,863,20
43462,0,3
43463,657,22
43464,600,32
43465,264,25
43466,721,29
43467,0,3
43468,282,19
43469,1000,14
43470,304,28
43471,0,3
43472,0,3
43473,429,31
43474,1000,13
43475,627,25
43476,112,8
43477,0,3
43478,0,3
43479,0,3
43480,1000,20
43481,0,3
43482,1000,26
43483,745,15
43484,272,15
43485,0,3
43486,0,3
43487,457,26
43488,0,3
43489,240,11
43490,383,33
43491,0,3
43492,231,20
43493,513,38
43494,223,20
43495,248,25
43496,613,16
43497,197,20
43498,726,20
43499,545,25
43500,0,3
43501,392,31
43502,0,3
43503,274,25
43504,434,31
43505,540,29
43506,714,25
43507,120,15
43508,208,20
43509,0,3
43510,0,3
43511,361,22
43512,692,32
43513,0,3
43514,74,10
43515,411,31
43516,0,3
43517,290,16
43518,277,27
43519,856,27
43520,303,22
43521,0,3
43522,0,3
43523,333,25
43524,373,24
43525,259,22
43526,0,3
43527,254,24
43528,374,31
43529,135,17
43530,0,3
43531,459,29
43532,0,3
43533,0,3
43534,207,20
43535,0,3
43536,414,28
43537,329,26
43538,432,31
43539,257,21
43540,0,3
43541,0,3
43542,872,31
43543,332,19
43544,0,3
43545,0,3
43546,803,30
43547,0,3
43548,493,35
43549,325,22
43550,443,31
43551,538,34
43552,682,24
43553,255,23
43554,0,3
43555,0,3
43556,508,23
43557,267,19
43558,300,28
43559,0,3
43560,0,3
43561,0,3
43562,442,36
43563,328,29
43564,538,17
43565,617,22
43566,315,29
43567,0,3
43568,349,28
43569,450,30
43570,414,33
43571,462,30
43572,242,17
43573,0,3
43574,448,28
43575,175,17
43576,319,21
43577,0,3
43578,292,29
43579,106,5
43580,0,3
43581,298,23
43582,1000,8
43583,0,3
43584,485,40
43585,978,28
43586,417,17
43587,411,23
43588,504,20
43589,514,20
43590,212,18
43591,0,3
43592,0,3
43593,304,30
43594,819,31
43595,111,9
43596,1000,5
43597,372,27
43598,346,24
43599,0,3
43600,190,18
43601,696,25
43602,307,27
43603,257,18
43604,545,23
43605,395,20
43606,0,3
43607,280,20
43608,0,3
43609,867,31
43610,0,3
43611,611,24
43612,0,3
43613,0,3
43614,482,36
43615,0,3
43616,1000,25
43617,554,20
43618,294,20
43619,0,3
43620,541,26
43621,0,3
43622,1000,23
43623,527,41
43624,0,3
43625,1000,17
43626,237,16
43627,238,23
43628,383,27
43629,0,3
43630,0,3
43631,734,16
43632,37,5
43633,262,28
43634,824,21
43635,606,30
43636,0,3
43637,233,17
43638,0,3
43639,159,21
43640,800,13
43641,48,8
43642,0,3
43643,490,24
43644,0,3
43645,261,12
43646,444,22
43647,402,23
43648,798,24
43649,726,26
43650,144,16
43651,0,3
43652,408,28
43653,0,3
43654,0,3
43655,248,21
43656,498,25
43657,0,3
43658,311,25
43659,325,24
43660,634,30
43661,700,25
43662,0,3
43663,447,34
43664,552,27
43665,1000,20
43666,607,23
43667,355,30
43668,80,12
43669,321,27
43670,342,24
43671,405,32
43672,377,33
43673,0,3
43674,352,31
43675,598,19
43676,864,28
43677,295,33
43678,0,3
43679,472,27
43680,0,3
43681,675,36
43682,710,29
43683,0,3
43684,683,13
43685,0,3
43686,613,22
43687,365,20
43688,272,11
43689,0,3
43690,200,14
43691,0,3
43692,1000,16
43693,0,3
43694,325,25
43695,949,30
43696,1000,14
43697,127,14
43698,0,3
43699,990,34
43700,0,3
43701,0,3
43702,722,25
43703,361,28
43704,280,23
43705,0,3
43706,514,34
43707,645,28
43708,0,3
43709,0,3
43710,0,3
43711,362,30
43712,0,3
43713,404,26
43714,278,25
43715,1000,15
43716,0,3
43717,0,3
43718,0,3
43719,582,25
43720,1000,18
43721,0,3
43722,1000,23
43723,0,3
43724,557,14
43725,1000,23
43726,188,18
43727,423,28
43728,0,3
43729,0,3
43730,213,16
43731,534,16
43732,577,29
43733,527,30
43734,506,24
43735,406,17
43736,146,18
43737,533,26
43738,0,3
43739,268,18
43740,0,3
43741,1000,12
43742,0,3
43743,208,21
43744,418,26
43745,879,25
43746,0,3
43747,0,3
43748,579,25
43749,451,31
43750,0,3
43751,423,30
43752,166,18
43753,962,36
43754,0,3
43755,667,27
43756,868,23
43757,0,3
43758,815,32
43759,385,31
43760,72,7
43761,302,22
43762,1000,14
43763,0,3
43764,31,7
43765,244,23
43766,415,28
43767,0,3
43768,0,3
43769,390,25
43770,0,3
43771,0,3
43772,90,13
43773,0,3
43774,397,24
43775,0,3
43776,0,3
43777,153,16
43778,0,3
43779,266,18
43780,0,3
43781,608,26
43782,335,21
43783,299,17
43784,374,14
43785,277,19
43786,832,20
43787,232,28
43788,638,32
43789,0,3
43790,0,3
43791,523,31
43792,0,3
43793,1000,19
43794,640,16
43795,0,3
43796,0,3
43797,482,19
43798,519,31
43799,180,14
43800,369,26
43801,1000,22
43802,0,3
43803,0,3
43804,384,30
43805,274,27
43806,1000,22
43807,933,29
43808,257,22
43809,429,27
43810,548,27
43811,0,3
43812,868,25
43813,537,28
43814,894,24
43815,0,3
43816,0,3
43817,640,31
43818,0,3
43819,0,3
43820,0,3
43821,251,23
43822,376,12
43823,0,3
43824,347,23
43825,316,26
43826,0,3
43827,760,25
43828,188,14
43829,1000,5
43830,728,32
43831,0,3
43832,76,14
43833,282,23
43834,206,18
43835,236,21
43836,239,22
43837,264,23
43838,1000,13
43839,0,3
43840,0,3
43841,0,3
43842,675,25
43843,216,20
43844,247,27
43845,656,26
43846,0,3
43847,0,3
43848,1000,27
43849,473,26
43850,1000,16
43851,0,3
43852,0,3
43853,523,32
43854,1000,18
43855,351,28
43856,460,20
43857,533,21
43858,937,30
43859,0,3
43860,130,14
43861,233,20
43862,419,38
43863,0,3
43864,0,3
43865,240,10
43866,0,3
43867,607,35
43868,0,3
43869,1000,20
43870,831,20
43871,2,4
43872,469,35
43873,0,3
43874,438,27
43875,341,22
43876,493,36
43877,532,29
43878,1000,27
43879,0,3
43880,0,3
43881,1000,17
43882,175,16
43883,0,3
43884,0,3
43885,1000,26
43886,778,25
43887,119,12
43888,563,29
43889,481,33
43890,0,3
43891,783,33
43892,263,27
43893,0,3
43894,653,17
43895,0,3
43896,0,3
43897,0,3
43898,822,33
43899,0,3
43900,192,22
43901,1000,23
43902,333,20
43903,0,3
43904,0,3
43905,130,14
43906,0,3
43907,483,32
43908,0,3
43909,0,3
43910,690,25
43911,256,10
43912,0,3
43913,810,32
43914,431,33
43915,221,18
43916,185,16
43917,0,3
43918,302,29
43919,0,3
43920,343,24
43921,0,3
43922,853,22
43923,0,3
43924,444,28
43925,221,20
43926,0,3
43927,0,3
43928,0,3
43929,266,22
43930,402,30
43931,0,3
43932,0,3
43933,354,24
43934,0,3
43935,99,12
43936,0,3
43937,360,31
43938,1000,23
43939,0,3
43940,0,3
43941,620,22
43942,218,13
43943,102,14
43944,0,3
43945,0,3
43946,0,3
43947,360,25
43948,991,29
43949,726,27
43950,0,3
43951,87,12
43952,959,26
43953,98,8
43954,328,27
43955,268,20
43956,456,28
43957,1000,12
43958,72,13
43959,430,24
43960,0,3
43961,367,41
43962,326,30
43963,0,3
43964,398,31
43965,381,26
43966,0,3
43967,381,26
43968,486,22
43969,0,3
43970,1000,11
43971,123,15
43972,0,3
43973,955,22
43974,1000,12
43975,0,3
43976,723,28
43977,687,24
43978,0,3
43979,0,3
43980,0,3
43981,756,16
43982,308,19
43983,285,19
43984,262,23
43985,0,3
43986,231,18
43987,1000,5
43988,183,20
43989,490,22
43990,0,3
43991,0,3
43992,240,24
43993,357,33
43994,0,3
43995,410,24
43996,0,3
43997,1000,7
43998,726,16
43999,1000,22
44000,0,3
44001,0,3
44002,930,29
44003,674,30
44004,1000,18
44005,697,29
44006,305,25
44007,346,26
44008,337,28
44009,0,3
44010,0,3
44011,478,22
44012,0,3
44013,0,3
44014,132,14
44015,840,14
44016,197,22
44017,198,12
44018,451,29
44019,1000,3
44020,377,33
44021,615,27
44022,0,3
44023,0,3
44024,0,3
44025,538,28
44026,910,25
44027,664,26
44028,573,30
44029,262,26
44030,1000,22
44031,865,26
44032,532,28
44033,0,3
44034,0,3
44035,375,32
44036,114,11
44037,834,19
44038,922,22
44039,0,3
44040,0,3
44041,678,34
44042,0,3
44043,206,20
44044,0,3
44045,0,3
44046,0,3
44047,251,24
44048,273,24
44049,1000,15
44050,0,3
44051,1000,27
44052,517,15
44053,0,3
44054,0,3
44055,499,25
44056,1000,13
44057,0,3
44058,448,32
44059,275,20
44060,316,26
44061,0,3
44062,0,3
44063,406,26
44064,353,20
44065,1000,10
44066,410,21
44067,0,3
44068,754,21
44069,0,3
44070,0,3
44071,460,28
44072,489,15
44073,0,3
44074,427,31
44075,406,28
44076,0,3
44077,657,34
44078,0,3
44079,1000,24
44080,97,12
44081,555,20
44082,319,18
44083,454,22
44084,551,20
44085,0,3
44086,372,25
44087,0,3
44088,1000,4
44089,328,26
44090,920,35
44091,704,28
44092,294,22
44093,717,38
44094,219,16
44095,1000,9
44096,0,3
44097,830,26
44098,957,34
44099,1000,14
44100,333,23
44101,709,19
44102,0,3
44103,1000,20
44104,324,24
44105,0,3
44106,0,3
44107,549,34
44108,749,17
44109,770,28
44110,198,16
44111,1000,26
44112,0,3
44113,223,19
44114,0,3
44115,223,21
44116,1000,9
44117,841,31
44118,465,23
44119,0,3
44120,432,23
44121,118,13
44122,1000,13
44123,0,3
44124,225,23
44125,0,3
44126,700,26
44127,445,22
44128,194,20
44129,510,25
44130,0,3
44131,388,26
44132,1000,5
44133,0,3
44134,0,3
44135,459,25
44136,0,3
44137,514,23
44138,1000,6
44139,382,26
44140,388,23
44141,0,3
44142,224,14
44143,322,29
44144,333,17
44145,478,26
44146,1000,26
44147,1000,26
44148,0,3
44149,65,10
44150,119,11
44151,811,23
44152,545,23
44153,0,3
44154,306,24
44155,717,14
44156,371,28
44157,426,30
44158,254,16
44159,284,20
44160,631,28
44161,153,13
44162,745,16
44163,0,3
44164,187,24
44165,0,3
44166,375,25
44167,1000,20
44168,586,30
44169,493,20
44170,306,23
44171,701,29
44172,385,27
44173,240,22
44174,1000,24
44175,0,3
44176,0,3
44177,1000,28
44178,656,36
44179,1000,9
44180,827,25
44181,0,3
44182,698,20
44183,289,24
44184,156,14
44185,412,26
44186,92,11
44187,0,3
44188,155,16
44189,647,21
44190,320,29
44191,232,18
44192,409,16
44193,0,3
44194,448,34
44195,0,3
44196,0,3
44197,531,28
44198,0,3
44199,325,32
44200,0,3
44201,118,14
44202,0,3
44203,412,27
44204,505,28
44205,0,3
44206,0,3
44207,151,18
44208,276,22
44209,0,3
44210,188,18
44211,0,3
44212,0,3
44213,0,3
44214,962,27
44215,454,32
44216,0,3
44217,342,26
44218,725,21
44219,0,3
44220,0,3
44221,416,30
44222,0,3
44223,415,30
44224,316,23
44225,0,3
44226,281,26
44227,365,27
44228,444,29
44229,306,27
44230,416,30
44231,1000,23
44232,300,23
44233,1000,14
44234,409,30
44235,257,20
44236,1000,15
44237,445,23
44238,933,24
44239,0,3
44240,654,29
44241,0,3
44242,90,8
44243,0,3
44244,228,21
44245,1000,25
44246,0,3
44247,189,21
44248,400,28
44249,0,3
44250,378,28
44251,0,3
44252,329,18
44253,560,21
44254,767,29
44255,259,21
44256,0,3
44257,1000,19
44258,0,3
44259,209,23
44260,1000,21
44261,639,27
44262,319,19
44263,0,3
44264,390,28
44265,1000,23
44266,409,29
44267,1000,6
44268,0,3
44269,0,3
44270,585,20
44271,1000,11
44272,0,3
44273,873,6
44274,238,22
44275,1000,11
44276,0,3
44277,467,29
44278,413,30
44279,217,24
44280,750,21
44281,290,25
44282,969,23
44283,786,26
44284,0,3
44285,135,16
44286,270,23
44287,660,26
44288,0,3
44289,0,3
44290,553,22
44291,355,40
44292,351,17
44293,481,29
44294,566,22
44295,1000,31
44296,0,3
44297,0,3
44298,459,17
44299,484,25
44300,399,28
44301,0,3
44302,437,33
44303,188,17
44304,1000,13
44305,534,27
44306,0,3
44307,0,3
44308,419,19
44309,475,17
44310,0,3
44311,479,17
44312,509,23
44313,0,3
44314,0,3
44315,0,3
44316,81,11
44317,0,3
44318,989,20
44319,296,19
44320,369,18
44321,240,22
44322,681,27
44323,426,31
44324,0,3
44325,0,3
44326,457,31
44327,209,22
44328,0,3
44329,257,24
44330,284,21
44331,302,25
44332,0,3
44333,316,19
44334,434,22
44335,113,16
44336,107,17
44337,421,31
44338,188,19
44339,384,24
44340,0,3
44341,553,31
44342,0,3
44343,0,3
44344,458,30
44345,193,18
44346,0,3
44347,0,3
44348,705,22
44349,0,3
44350,252,27
44351,371,32
44352,132,23
44353,0,3
44354,211,23
44355,0,3
44356,0,3
44357,0,3
44358,56,7
44359,0,3
44360,690,36
44361,256,28
44362,0,3
44363,649,26
44364,352,25
44365,197,17
44366,0,3
44367,0,3
44368,1000,17
44369,266,25
44370,0,3
44371,375,30
44372,71,11
44373,0,3
44374,0,3
44375,233,23
44376,201,20
44377,437,32
44378,0,3
44379,276,24
44380,261,25
44381,0,3
44382,323,21
44383,0,3
44384,1000,17
44385,0,3
44386,0,3
44387,144,18
44388,234,22
44389,155,18
44390,855,14
44391,23,5
44392,192,21
44393,228,23
44394,0,3
44395,0,3
44396,570,29
44397,224,17
44398,447,27
44399,1000,12
44400,628,29
44401,0,3
44402,0,3
44403,0,3
44404,47,7
44405,276,24
44406,409,19
44407,31,4
44408,408,28
44409,380,25
44410,0,3
44411,355,22
44412,363,27
44413,1000,19
44414,0,3
44415,452,30
44416,0,3
44417,0,3
44418,343,29
44419,310,22
44420,908,27
44421,669,33
44422,289,25
44423,293,25
44424,0,3
44425,0,3
44426,504,22
44427,388,32
44428,0,3
44429,0,3
44430,0,3
44431,0,3
44432,202,21
44433,375,27
44434,335,30
44435,219,18
44436,0,3
44437,186,22
44438,85,11
44439,1000,18
44440,363,30
44441,606,26
44442,251,23
44443,766,20
44444,0,3
44445,0,3
44446,265,20
44447,159,13
44448,986,23
44449,662,19
44450,292,22
44451,1000,26
44452,0,3
44453,651,25
44454,0,3
44455,133,17
44456,0,3
44457,0,3
44458,207,22
44459,513,28
44460,469,28
44461,0,3
44462,0,3
44463,881,28
44464,366,35
44465,0,3
44466,0,3
44467,1000,8
44468,0,3
44469,0,3
44470,0,3
44471,802,27
44472,0,3
44473,0,3
44474,269,21
44475,217,13
44476,754,32
44477,0,3
44478,0,3
44479,450,25
44480,271,25
44481,0,3
44482,142,17
44483,305,22
44484,901,31
44485,466,28
44486,876,14
44487,249,21
44488,0,3
44489,649,25
44490,489,28
44491,1000,25
44492,0,3
44493,0,3
44494,0,3
44495,0,3
44496,0,3
44497,0,3
44498,82,12
44499,0,3
44500,171,12
44501,384,20
44502,309,29
44503,0,3
44504,0,3
44505,0,3
44506,123,11
44507,208,24
44508,1000,18
44509,353,24
44510,0,3
44511,0,3
44512,0,3
44513,950,22
44514,601,18
44515,330,29
44516,589,28
44517,271,29
44518,0,3
44519,718,34
44520,1000,14
44521,0,3
44522,186,18
44523,583,18
44524,0,3
44525,686,23
44526,0,3
44527,603,24
44528,0,3
44529,714,27
44530,0,3
44531,0,3
44532,306,22
44533,468,15
44534,394,26
44535,0,3
44536,350,25
44537,585,28
44538,0,3
44539,229,19
44540,310,25
44541,226,11
44542,740,26
44543,0,3
44544,339,26
44545,307,23
44546,161,18
44547,136,16
44548,0,3
44549,0,3
44550,236,28
44551,468,17
44552,177,16
44553,0,3
44554,0,3
44555,0,3
44556,408,23
44557,0,3
44558,0,3
44559,1000,20
44560,0,3
44561,327,27
44562,396,17
44563,958,11
44564,611,28
44565,831,20
44566,0,3
44567,202,22
44568,0,3
44569,0,3
44570,0,3
44571,368,27
44572,0,3
44573,213,19
44574,218,23
44575,0,3
44576,1000,28
44577,0,3
44578,0,3
44579,1000,15
44580,363,21
44581,0,3
44582,173,21
44583,396,25
44584,505,19
44585,828,27
44586,0,3
44587,0,3
44588,300,22
44589,0,3
44590,0,3
44591,0,3
44592,253,17
44593,443,30
44594,0,3
44595,0,3
44596,399,30
44597,0,3
44598,0,3
44599,630,26
44600,0,3
44601,54,9
44602,339,23
44603,248,20
44604,506,21
44605,0,3
44606,0,3
44607,386,30
44608,786,22
44609,275,24
44610,0,3
44611,0,3
44612,494,24
44613,754,26
44614,0,3
44615,0,3
44616,411,32
44617,409,22
44618,841,31
44619,210,25
44620,0,3
44621,351,23
44622,231,23
44623,329,29
44624,299,26
44625,1000,28
44626,232,19
44627,197,16
44628,429,27
44629,965,26
44630,336,23
44631,425,32
44632,417,27
44633,985,17
44634,365,28
44635,161,17
44636,0,3
44637,336,28
44638,566,39
44639,783,37
44640,375,22
44641,172,16
44642,0,3
44643,565,27
44644,0,3
44645,232,23
44646,1000,14
44647,0,3
44648,396,23
44649,1000,23
44650,0,3
44651,474,22
44652,0,3
44653,514,23
44654,0,3
44655,529,30
44656,0,3
44657,771,26
44658,113,16
44659,0,3
44660,0,3
44661,0,3
44662,0,3
44663,1000,12
44664,795,18
44665,151,18
44666,0,3
44667,285,27
44668,0,3
44669,0,3
44670,0,3
44671,248,25
44672,245,19
44673,0,3
44674,348,30
44675,385,28
44676,1000,9
44677,864,25
44678,0,3
44679,441,21
44680,0,3
44681,318,19
44682,362,20
44683,1000,17
44684,279,20
44685,495,25
44686,448,26
44687,387,22
44688,740,29
44689,296,27
44690,323,16
44691,1000,13
44692,0,3
44693,0,3
44694,536,31
44695,0,3
44696,532,26
44697,822,27
44698,342,30
44699,738,22
44700,778,20
44701,0,3
44702,0,3
44703,419,15
44704,0,3
44705,238,30
44706,0,3
44707,0,3
44708,102,10
44709,0,3
44710,0,3
44711,258,23
44712,496,22
44713,0,3
44714,0,3
44715,315,30
44716,703,27
44717,0,3
44718,291,22
44719,0,3
44720,0,3
44721,1000,10
44722,0,3
44723,126,16
44724,0,3
44725,456,27
44726,575,22
44727,0,3
44728,590,30
44729,0,3
44730,0,3
44731,0,3
44732,0,3
44733,293,21
44734,0,3
44735,413,29
44736,0,3
44737,309,22
44738,401,32
44739,440,25
44740,273,22
44741,0,3
44742,511,20
44743,424,25
44744,434,30
44745,0,3
44746,1000,18
44747,726,22
44748,656,28
44749,280,27
44750,0,3
44751,0,3
44752,448,25
44753,213,21
44754,75,15
44755,79,7
44756,290,24
44757,348,23
44758,0,3
44759,0,3
44760,0,3
44761,0,3
44762,376,28
44763,186,17
44764,434,13
44765,0,3
44766,214,24
44767,116,17
44768,230,23
44769,0,3
44770,0,3
44771,284,22
44772,0,3
44773,0,3
44774,0,3
44775,369,35
44776,166,22
44777,385,34
44778,894,31
44779,216,24
44780,0,3
44781,920,30
44782,221,22
44783,346,28
44784,337,33
44785,0,3
44786,0,3
44787,0,3
44788,423,27
44789,0,3
44790,290,21
44791,445,33
44792,197,23
44793,0,3
44794,273,25
44795,263,20
44796,422,29
44797,285,18
44798,0,3
44799,301,28
44800,0,3
44801,514,21
44802,0,3
44803,83,12
44804,260,21
44805,263,24
44806,387,30
44807,0,3
44808,212,17
44809,463,31
44810,0,3
44811,341,21
44812,0,3
44813,272,18
44814,475,24
44815,271,26
44816,234,17
44817,180,21
44818,741,22
44819,533,18
44820,0,3
44821,397,29
44822,335,27
44823,262,21
44824,0,3
44825,696,20
44826,452,28
44827,358,27
44828,456,26
44829,329,34
44830,408,30
44831,147,16
44832,248,17
44833,318,25
44834,431,26
44835,0,3
44836,0,3
44837,0,3
44838,393,27
44839,522,26
44840,951,26
44841,264,16
44842,349,25
44843,325,24
44844,475,32
44845,0,3
44846,852,17
44847,216,29
44848,130,15
44849,534,20
44850,0,3
44851,0,3
44852,164,11
44853,0,3
44854,175,17
44855,0,3
44856,797,16
44857,287,20
44858,184,16
44859,318,20
44860,0,3
44861,697,16
44862,284,23
44863,286,22
44864,392,38
44865,264,24
44866,473,23
44867,239,22
44868,0,3
44869,0,3
44870,127,14
44871,522,22
44872,1000,22
44873,408,34
44874,0,3
44875,512,27
44876,0,3
44877,1000,21
44878,1000,30
44879,0,3
44880,0,3
44881,461,30
44882,0,3
44883,0,3
44884,326,24
44885,270,21
44886,287,24
44887,223,17
44888,248,21
44889,0,3
44890,0,3
44891,907,19
44892,0,3
44893,266,24
44894,1000,29
44895,361,24
44896,399,24
44897,0,3
44898,0,3
44899,304,22
44900,146,16
44901,223,18
44902,0,3
44903,0,3
44904,235,22
44905,553,17
44906,0,3
44907,151,19
44908,276,13
44909,0,3
44910,348,26
44911,0,3
44912,0,3
44913,453,30
44914,282,25
44915,0,3
44916,338,26
44917,0,3
44918,143,15
44919,720,19
44920,412,25
44921,682,17
44922,0,3
44923,93,13
44924,172,18
44925,593,27
44926,0,3
44927,0,3
44928,0,3
44929,0,3
44930,511,29
44931,0,3
44932,0,3
44933,0,3
44934,0,3
44935,523,17
44936,296,10
44937,0,3
44938,432,18
44939,0,3
44940,1000,18
44941,556,14
44942,0,3
44943,287,27
44944,0,3
44945,227,18
44946,548,30
44947,0,3
44948,0,3
44949,479,28
44950,364,34
44951,0,3
44952,560,23
44953,209,17
44954,424,27
44955,0,3
44956,299,15
44957,412,25
44958,89,9
44959,465,34
44960,0,3
44961,0,3
44962,1000,18
44963,304,32
44964,235,19
44965,600,17
44966,397,25
44967,0,3
44968,0,3
44969,361,19
44970,312,24
44971,781,27
44972,220,20
44973,0,3
44974,413,26
44975,0,3
44976,283,27
44977,750,15
44978,0,3
44979,334,24
44980,304,15
44981,421,24
44982,0,3
44983,760,20
44984,354,26
44985,231,27
44986,1000,19
44987,389,32
44988,188,21
44989,0,3
44990,351,26
44991,433,29
44992,0,3
44993,0,3
44994,403,26
44995,0,3
44996,683,22
44997,0,3
44998,131,22
44999,0,3
45000,614,20
45001,1000,22
45002,0,3
45003,193,16
45004,1000,16
45005,457,30
45006,1000,20
45007,613,27
45008,352,28
45009,401,25
45010,815,31
45011,212,21
45012,591,13
45013,0,3
45014,989,23
45015,485,25
45016,420,26
45017,1000,21
45018,0,3
45019,625,30
45020,0,3
45021,550,22
45022,300,18
45023,944,17
45024,226,21
45025,254,18
45026,680,26
45027,695,35
45028,261,26
45029,256,22
45030,817,24
45031,555,26
45032,0,3
45033,456,19
45034,211,18
45035,588,17
45036,0,3
45037,0,3
45038,488,18
45039,211,21
45040,685,25
45041,432,27
45042,446,28
45043,0,3
45044,763,28
45045,561,29
45046,1000,19
45047,866,29
45048,510,40
45049,0,3
45050,0,3
45051,390,30
45052,399,31
45053,0,3
45054,364,29
45055,511,33
45056,90,12
45057,940,25
45058,0,3
45059,0,3
45060,0,3
45061,0,3
45062,560,24
45063,714,31
45064,513,15
45065,280,27
45066,179,15
45067,245,21
45068,376,22
45069,642,25
45070,1000,28
45071,1000,22
45072,337,23
45073,392,32
45074,504,25
45075,0,3
45076,871,28
45077,404,34
45078,124,8
45079,0,3
45080,0,3
45081,1000,17
45082,749,16
45083,589,28
45084,902,24
45085,324,19
45086,201,17
45087,0,3
45088,0,3
45089,392,27
45090,236,21
45091,0,3
45092,287,26
45093,0,3
45094,0,3
45095,315,23
45096,452,26
45097,165,12
45098,0,3
45099,519,19
45100,0,3
45101,0,3
45102,0,3
45103,301,27
45104,315,27
45105,0,3
45106,0,3
45107,279,29
45108,487,34
45109,0,3
45110,0,3
45111,1000,19
45112,882,36
45113,619,37
45114,377,22
45115,471,27
45116,0,3
45117,468,23
45118,557,19
45119,484,29
45120,0,3
45121,0,3
45122,0,3
45123,0,3
45124,0,3
45125,239,17
45126,225,18
45127,1000,28
45128,1000,26
45129,311,16
45130,360,26
45131,424,30
45132,266,24
45133,276,26
45134,0,3
45135,0,3
45136,1000,14
45137,1000,8
45138,0,3
45139,0,3
45140,0,3
45141,0,3
45142,381,22
45143,359,21
45144,262,23
45145,382,29
45146,370,27
45147,1000,26
45148,455,22
45149,896,39
45150,366,20
45151,638,28
45152,771,24
45153,969,30
45154,0,3
45155,347,23
45156,522,27
45157,611,32
45158,235,22
45159,203,18
45160,0,3
45161,1000,22
45162,358,27
45163,363,23
45164,0,3
45165,375,28
45166,827,27
45167,606,22
45168,0,3
45169,896,23
45170,1000,24
45171,347,27
45172,0,3
45173,547,18
45174,235,19
45175,0,3
45176,338,25
45177,394,27
45178,368,27
45179,1000,3
45180,315,25
45181,0,3
45182,992,25
45183,290,15
45184,0,3
45185,1000,26
45186,0,3
45187,948,27
45188,0,3
45189,391,33
45190,372,28
45191,0,3
45192,243,18
45193,454,29
45194,288,26
45195,384,28
45196,0,3
45197,0,3
45198,750,25
45199,226,23
45200,81,12
45201,0,3
45202,125,15
45203,376,31
45204,364,27
45205,0,3
45206,245,23
45207,0,3
45208,801,20
45209,342,29
45210,0,3
45211,153,21
45212,108,12
45213,245,25
45214,244,23
45215,1000,20
45216,336,20
45217,0,3
45218,257,18
45219,371,26
45220,0,3
45221,1000,26
45222,0,3
45223,255,22
45224,0,3
45225,960,20
45226,1000,15
45227,0,3
45228,0,3
45229,0,3
45230,0,3
45231,324,26
45232,196,15
45233,217,17
45234,998,22
45235,292,26
45236,99,14
45237,429,29
45238,395,24
45239,0,3
45240,0,3
45241,416,21
45242,0,3
45243,163,14
45244,309,28
45245,260,28
45246,0,3
45247,430,29
45248,562,23
45249,317,25
45250,146,12
45251,261,19
45252,343,31
45253,40,4
45254,302,26
45255,322,26
45256,1000,20
45257,0,3
45258,424,31
45259,0,3
45260,842,30
45261,310,24
45262,439,32
45263,0,3
45264,915,28
45265,339,30
45266,430,34
45267,0,3
45268,125,14
45269,419,34
45270,0,3
45271,0,3
45272,156,14
45273,354,28
45274,0,3
45275,0,3
45276,0,3
45277,221,22
45278,184,14
45279,756,30
45280,257,27
45281,262,26
45282,0,3
45283,0,3
45284,196,19
45285,307,22
45286,270,18
45287,0,3
45288,769,13
45289,0,3
45290,0,3
45291,0,3
45292,247,19
45293,393,17
45294,565,22
45295,190,20
45296,296,27
45297,964,32
45298,0,3
45299,418,30
45300,0,3
45301,317,24
45302,0,3
45303,462,28
45304,379,28
45305,331,25
45306,176,22
45307,366,25
45308,221,25
45309,627,33
45310,124,17
45311,0,3
45312,171,20
45313,0,3
45314,211,19
45315,0,3
45316,478,29
45317,396,34
45318,0,3
45319,165,15
45320,653,19
45321,0,3
45322,174,22
45323,0,3
45324,290,28
45325,496,27
45326,183,14
45327,0,3
45328,136,16
45329,358,12
45330,0,3
45331,0,3
45332,749,25
45333,0,3
45334,0,3
45335,299,25
45336,318,24
45337,903,30
45338,785,15
45339,339,31
45340,345,34
45341,242,19
45342,0,3
45343,573,23
45344,254,22
45345,0,3
45346,326,25
45347,240,23
45348,0,3
45349,635,19
45350,424,16
45351,294,27
45352,165,18
45353,0,3
45354,0,3
45355,339,33
45356,951,23
45357,0,3
45358,0,3
45359,197,14
45360,244,25
45361,87,14
45362,245,17
45363,186,21
45364,248,24
45365,346,29
45366,388,18
45367,250,27
45368,409,27
45369,235,22
45370,279,26
45371,241,25
45372,169,16
45373,0,3
45374,351,23
45375,0,3
45376,958,23
45377,0,3
45378,0,3
45379,0,3
45380,0,3
45381,203,19
45382,563,18
45383,742,23
45384,0,3
45385,0,3
45386,0,3
45387,648,20
45388,230,22
45389,0,3
45390,0,3
45391,602,22
45392,370,24
45393,439,21
45394,684,19
45395,565,27
45396,531,25
45397,256,23
45398,1000,11
45399,0,3
45400,502,26
45401,297,23
45402,522,24
45403,185,17
45404,183,17
45405,307,27
45406,0,3
45407,753,23
45408,394,24
45409,301,24
45410,393,23
45411,0,3
45412,49,9
45413,222,16
45414,0,3
45415,300,22
45416,1000,6
45417,335,27
45418,1000,10
45419,221,26
45420,216,22
45421,0,3
45422,0,3
45423,0,3
45424,0,3
45425,931,34
45426,272,27
45427,0,3
45428,848,26
45429,730,22
45430,0,3
45431,0,3
45432,394,27
45433,518,22
45434,0,3
45435,703,25
45436,0,3
45437,0,3
45438,0,3
45439,618,21
45440,271,22
45441,195,21
45442,294,22
45443,0,3
45444,0,3
45445,686,23
45446,0,3
45447,170,16
45448,277,29
45449,261,25
45450,0,3
45451,211,26
45452,0,3
45453,382,32
45454,148,16
45455,0,3
45456,0,3
45457,203,23
45458,223,22
45459,352,28
45460,812,16
45461,0,3
45462,1000,18
45463,485,25
45464,417,30
45465,0,3
45466,0,3
45467,497,24
45468,123,17
45469,45,9
45470,0,3
45471,338,20
45472,0,3
45473,372,31
45474,0,3
45475,0,3
45476,0,3
45477,1000,16
45478,0,3
45479,260,25
45480,894,27
45481,506,25
45482,284,26
45483,0,3
45484,0,3
45485,347,33
45486,512,19
45487,340,28
45488,300,25
45489,274,14
45490,217,26
45491,0,3
45492,0,3
45493,904,27
45494,190,17
45495,1000,6
45496,146,17
45497,382,16
45498,0,3
45499,0,3
45500,375,28
45501,0,3
45502,0,3
45503,0,3
45504,281,26
45505,282,30
45506,0,3
45507,0,3
45508,620,31
45509,0,3
45510,282,27
45511,362,22
45512,1000,17
45513,0,3
45514,242,16
45515,0,3
45516,479,27
45517,504,22
45518,330,24
45519,260,17
45520,589,25
45521,0,3
45522,0,3
45523,0,3
45524,124,13
45525,0,3
45526,249,25
45527,632,22
45528,288,24
45529,580,33
45530,501,28
45531,176,19
45532,0,3
45533,181,21
45534,0,3
45535,0,3
45536,264,21
45537,611,18
45538,0,3
45539,380,31
45540,0,3
45541,312,20
45542,392,23
45543,0,3
45544,0,3
45545,361,28
45546,280,25
45547,290,25
45548,358,22
45549,623,32
45550,176,18
45551,293,22
45552,0,3
45553,0,3
45554,0,3
45555,0,3
45556,1000,21
45557,303,25
45558,264,22
45559,783,23
45560,0,3
45561,0,3
45562,378,25
45563,504,30
45564,238,19
45565,356,26
45566,591,33
45567,702,21
45568,1000,6
45569,0,3
45570,305,20
45571,0,3
45572,0,3
45573,0,3
45574,0,3
45575,186,20
45576,326,16
45577,283,27
45578,1000,11
45579,578,34
45580,397,26
45581,0,3
45582,0,3
45583,389,25
45584,0,3
45585,244,28
45586,0,3
45587,236,23
45588,0,3
45589,574,19
45590,217,19
45591,0,3
45592,219,23
45593,0,3
45594,334,28
45595,258,25
45596,516,21
45597,403,28
45598,411,27
45599,404,28
45600,567,30
45601,0,3
45602,302,30
45603,288,23
45604,0,3
45605,477,25
45606,463,33
45607,0,3
45608,384,26
45609,508,34
45610,372,21
45611,378,29
45612,343,24
45613,0,3
45614,0,3
45615,0,3
45616,254,26
45617,65,10
45618,501,26
45619,236,20
45620,0,3
45621,1000,16
45622,0,3
45623,0,3
45624,152,15
45625,483,25
45626,0,3
45627,154,18
45628,256,24
45629,0,3
45630,0,3
45631,584,30
45632,0,3
45633,0,3
45634,97,9
45635,0,3
45636,0,3
45637,393,24
45638,414,30
45639,143,17
45640,844,24
45641,216,23
45642,250,24
45643,202,20
45644,789,30
45645,496,25
45646,316,28
45647,0,3
45648,82,14
45649,0,3
45650,0,3
45651,133,19
45652,0,3
45653,543,30
45654,262,21
45655,157,19
45656,531,26
45657,593,27
45658,0,3
45659,0,3
45660,363,28
45661,354,16
45662,0,3
45663,683,34
45664,449,28
45665,308,27
45666,286,24
45667,0,3
45668,281,32
45669,0,3
45670,0,3
45671,292,23
45672,337,24
45673,0,3
45674,183,20
45675,947,28
45676,270,14
45677,222,17
45678,0,3
45679,208,25
45680,352,23
45681,554,16
45682,363,27
45683,665,19
45684,0,3
45685,0,3
45686,0,3
45687,626,27
45688,0,3
45689,268,22
45690,0,3
45691,0,3
45692,0,3
45693,0,3
45694,338,28
45695,647,24
45696,153,18
45697,0,3
45698,0,3
45699,0,3
45700,0,3
45701,0,3
45702,274,24
45703,737,28
45704,448,31
45705,0,3
45706,789,30
45707,0,3
45708,334,26
45709,507,24
45710,0,3
45711,0,3
45712,372,29
45713,0,3
45714,502,19
45715,0,3
45716,249,18
45717,0,3
45718,278,26
45719,248,23
45720,438,34
45721,1000,23
45722,684,20
45723,552,35
45724,487,33
45725,0,3
45726,0,3
45727,0,3
45728,1000,8
45729,0,3
45730,624,26
45731,0,3
45732,0,3
45733,163,19
45734,0,3
45735,550,23
45736,118,15
45737,281,21
45738,1000,27
45739,421,29
45740,616,26
45741,0,3
45742,0,3
45743,1000,9
45744,0,3
45745,261,28
45746,0,3
45747,949,27
45748,391,26
45749,358,24
45750,0,3
45751,255,23
45752,0,3
45753,307,23
45754,0,3
45755,308,22
45756,78,9
45757,941,27
45758,0,3
45759,0,3
45760,0,3
45761,0,3
45762,277,21
45763,0,3
45764,232,25
45765,0,3
45766,0,3
45767,792,31
45768,391,28
45769,0,3
45770,0,3
45771,0,3
45772,988,27
45773,387,34
45774,438,33
45775,1000,22
45776,317,26
45777,0,3
45778,687,31
45779,492,29
45780,150,22
45781,355,27
45782,0,3
45783,0,3
45784,322,21
45785,294,23
45786,350,24
45787,980,23
45788,509,25
45789,1000,21
45790,0,3
45791,446,32
45792,367,24
45793,0,3
45794,430,31
45795,0,3
45796,0,3
45797,494,23
45798,1000,18
45799,0,3
45800,285,26
45801,0,3
45802,472,28
45803,0,3
45804,392,23
45805,351,28
45806,0,3
45807,0,3
45808,280,21
45809,213,21
45810,631,34
45811,1000,25
45812,0,3
45813,0,3
45814,274,28
45815,279,21
45816,0,3
45817,0,3
45818,261,19
45819,1000,15
45820,293,29
45821,233,21
45822,572,21
45823,240,23
45824,0,3
45825,377,21
45826,0,3
45827,1000,25
45828,1000,15
45829,375,28
45830,264,26
45831,522,27
45832,663,27
45833,458,30
45834,0,3
45835,662,29
45836,211,18
45837,208,17
45838,404,37
45839,0,3
45840,297,29
45841,194,22
45842,0,3
45843,0,3
45844,316,25
45845,402,31
45846,0,3
45847,0,3
45848,526,22
45849,0,3
45850,897,17
45851,344,32
45852,0,3
45853,0,3
45854,212,23
45855,1000,25
45856,0,3
45857,0,3
45858,0,3
45859,365,28
45860,289,30
45861,0,3
45862,977,20
45863,614,18
45864,425,30
45865,637,16
45866,0,3
45867,1000,18
45868,0,3
45869,234,20
45870,460,31
45871,0,3
45872,0,3
45873,282,26
45874,307,25
45875,961,29
45876,0,3
45877,0,3
45878,196,18
45879,150,19
45880,477,22
45881,32,7
45882,232,22
45883,0,3
45884,590,27
45885,227,26
45886,0,3
45887,0,3
45888,637,33
45889,305,22
45890,0,3
45891,480,25
45892,431,23
45893,668,14
45894,0,3
45895,0,3
45896,0,3
45897,443,23
45898,0,3
45899,315,24
45900,378,22
45901,731,37
45902,474,31
45903,0,3
45904,0,3
45905,0,3
45906,319,24
45907,88,13
45908,306,26
45909,0,3
45910,231,22
45911,342,24
45912,380,22
45913,203,21
45914,0,3
45915,0,3
45916,723,25
45917,0,3
45918,0,3
45919,781,27
45920,0,3
45921,329,27
45922,727,22
45923,239,18
45924,721,28
45925,0,3
45926,312,24
45927,670,31
45928,1000,17
45929,315,23
45930,913,32
45931,1000,22
45932,26,6
45933,0,3
45934,347,26
45935,0,3
45936,423,20
45937,0,3
45938,714,22
45939,193,21
45940,621,38
45941,309,22
45942,0,3
45943,267,21
45944,439,32
45945,0,3
45946,0,3
45947,452,14
45948,691,31
45949,0,3
45950,329,27
45951,207,21
45952,0,3
45953,138,15
45954,0,3
45955,0,3
45956,1000,20
45957,28,7
45958,353,31
45959,232,21
45960,0,3
45961,769,23
45962,0,3
45963,225,19
45964,328,28
45965,0,3
45966,808,15
45967,1000,23
45968,700,30
45969,0,3
45970,240,27
45971,191,21
45972,0,3
45973,108,14
45974,221,20
45975,0,3
45976,388,29
45977,205,17
45978,660,19
45979,0,3
45980,661,36
45981,730,21
45982,0,3
45983,0,3
45984,766,22
45985,0,3
45986,1000,5
45987,1000,13
45988,0,3
45989,114,6
45990,260,24
45991,495,35
45992,302,15
45993,494,21
45994,674,24
45995,572,36
45996,0,3
45997,912,24
45998,0,3
45999,30,6
46000,589,14
46001,0,3
46002,0,3
46003,0,3
46004,0,3
46005,431,22
46006,208,19
46007,194,24
46008,611,27
46009,0,3
46010,1000,18
46011,56,9
46012,0,3
46013,496,21
46014,0,3
46015,479,26
46016,272,29
46017,180,19
46018,0,3
46019,321,29
46020,0,3
46021,0,3
46022,75,9
46023,0,3
46024,0,3
46025,99,13
46026,0,3
46027,0,3
46028,0,3
46029,0,3
46030,0,3
46031,1000,13
46032,248,14
46033,0,3
46034,886,27
46035,729,31
46036,0,3
46037,363,13
46038,612,26
46039,0,3
46040,99,15
46041,765,29
46042,0,3
46043,178,20
46044,0,3
46045,640,19
46046,0,3
46047,486,25
46048,613,19
46049,0,3
46050,518,36
46051,458,26
46052,0,3
46053,346,23
46054,694,27
46055,0,3
46056,456,23
46057,235,21
46058,279,26
46059,352,32
46060,0,3
46061,0,3
46062,531,16
46063,0,3
46064,519,40
46065,346,28
46066,494,26
46067,0,3
46068,0,3
46069,605,35
46070,397,33
46071,884,22
46072,858,33
46073,321,23
46074,1000,16
46075,312,26
46076,220,21
46077,0,3
46078,640,32
46079,0,3
46080,275,30
46081,420,30
46082,246,25
46083,0,3
46084,370,22
46085,90,15
46086,917,25
46087,1000,15
46088,0,3
46089,227,17
46090,0,3
46091,267,27
46092,234,23
46093,1000,18
46094,50,6
46095,229,21
46096,371,27
46097,33,5
46098,176,14
46099,0,3
46100,1000,29
46101,271,28
46102,409,25
46103,537,24
46104,507,18
46105,333,22
46106,972,17
46107,295,32
46108,0,3
46109,1000,17
46110,462,29
46111,445,23
46112,601,26
46113,0,3
46114,592,22
46115,0,3
46116,0,3
46117,0,3
46118,0,3
46119,319,30
46120,0,3
46121,151,16
46122,0,3
46123,341,27
46124,0,3
46125,0,3
46126,0,3
46127,609,25
46128,295,17
46129,0,3
46130,309,26
46131,396,31
46132,0,3
46133,152,24
46134,0,3
46135,677,30
46136,114,16
46137,0,3
46138,350,20
46139,851,21
46140,1000,24
46141,0,3
46142,623,28
46143,47,9
46144,895,26
46145,422,30
46146,0,3
46147,0,3
46148,466,32
46149,0,3
46150,547,26
46151,605,23
46152,286,23
46153,0,3
46154,0,3
46155,528,34
46156,610,33
46157,335,27
46158,383,26
46159,0,3
46160,269,32
46161,0,3
46162,771,23
46163,151,14
46164,363,23
46165,373,25
46166,480,30
46167,508,25
46168,0,3
46169,602,20
46170,499,29
46171,0,3
46172,207,16
46173,0,3
46174,0,3
46175,1000,7
46176,0,3
46177,503,22
46178,402,30
46179,145,19
46180,466,25
46181,339,22
46182,0,3
46183,401,32
46184,375,30
46185,0,3
46186,346,30
46187,1000,24
46188,674,27
46189,399,28
46190,164,14
46191,453,32
46192,0,3
46193,0,3
46194,0,3
46195,755,17
46196,623,29
46197,0,3
46198,0,3
46199,0,3
46200,259,26
46201,0,3
46202,0,3
46203,197,20
46204,674,21
46205,328,27
46206,1000,16
46207,556,18
46208,0,3
46209,372,28
46210,0,3
46211,751,24
46212,0,3
46213,447,22
46214,669,32
46215,1000,13
46216,0,3
46217,444,27
46218,0,3
46219,0,3
46220,254,13
46221,439,30
46222,0,3
46223,465,17
46224,953,31
46225,429,31
46226,187,19
46227,307,26
46228,108,14
46229,400,22
46230,0,3
46231,341,23
46232,1000,23
46233,0,3
46234,0,3
46235,0,3
46236,266,25
46237,0,3
46238,222,18
46239,468,13
46240,0,3
46241,1000,16
46242,240,22
46243,0,3
46244,0,3
46245,293,27
46246,216,23
46247,0,3
46248,910,34
46249,398,30
46250,375,21
46251,1000,16
46252,1000,5
46253,0,3
46254,0,3
46255,124,13
46256,0,3
46257,440,33
46258,564,22
46259,0,3
46260,458,16
46261,997,22
46262,433,28
46263,0,3
46264,494,28
46265,0,3
46266,290,26
46267,0,3
46268,0,3
46269,0,3
46270,0,3
46271,209,21
46272,0,3
46273,0,3
46274,1000,12
46275,646,24
46276,649,42
46277,450,29
46278,251,20
46279,358,32
46280,0,3
46281,0,3
46282,351,27
46283,249,16
46284,1000,29
46285,0,3
46286,635,27
46287,150,20
46288,0,3
46289,939,35
46290,389,29
46291,135,13
46292,218,23
46293,171,22
46294,0,3
46295,416,29
46296,557,29
46297,309,23
46298,202,19
46299,248,23
46300,385,32
46301,1000,21
46302,1000,8
46303,178,22
46304,329,20
46305,388,32
46306,537,30
46307,373,23
46308,376,29
46309,0,3
46310,1000,17
46311,0,3
46312,349,26
46313,0,3
46314,0,3
46315,450,33
46316,0,3
46317,774,27
46318,0,3
46319,1000,25
46320,447,28
46321,763,27
46322,0,3
46323,131,15
46324,281,25
46325,245,20
46326,359,27
46327,337,27
46328,0,3
46329,1000,8
46330,205,18
46331,0,3
46332,0,3
46333,650,12
46334,395,24
46335,0,3
46336,0,3
46337,616,30
46338,363,29
46339,370,31
46340,0,3
46341,0,3
46342,0,3
46343,247,18
46344,641,29
46345,0,3
46346,1000,10
46347,839,29
46348,699,28
46349,0,3
46350,547,20
46351,322,28
46352,374,30
46353,0,3
46354,0,3
46355,357,30
46356,179,22
46357,0,3
46358,0,3
46359,0,3
46360,0,3
46361,667,25
46362,0,3
46363,294,23
46364,251,28
46365,0,3
46366,276,24
46367,1000,18
46368,241,17
46369,353,29
46370,0,3
46371,277,12
46372,0,3
46373,267,14
46374,393,26
46375,337,36
46376,541,29
46377,0,3
46378,538,28
46379,0,3
46380,338,24
46381,1000,6
46382,360,26
46383,420,31
46384,279,15
46385,554,15
46386,1000,21
46387,472,30
46388,0,3
46389,390,31
46390,0,3
46391,187,15
46392,473,24
46393,259,25
46394,0,3
46395,0,3
46396,0,3
46397,371,34
46398,83,12
46399,0,3
46400,0,3
46401,0,3
46402,228,19
46403,0,3
46404,414,33
46405,0,3
46406,0,3
46407,0,3
46408,0,3
46409,421,22
46410,0,3
46411,0,3
46412,148,18
46413,0,3
46414,975,30
46415,0,3
46416,255,26
46417,0,3
46418,392,35
46419,0,3
46420,225,17
46421,79,13
46422,413,20
46423,457,28
46424,418,23
46425,618,14
46426,256,19
46427,468,28
46428,0,3
46429,0,3
46430,135,18
46431,356,31
46432,0,3
46433,0,3
46434,1000,8
46435,423,24
46436,0,3
46437,0,3
46438,0,3
46439,368,23
46440,229,24
46441,0,3
46442,0,3
46443,672,25
46444,477,18
46445,1000,17
46446,0,3
46447,149,20
46448,235,21
46449,0,3
46450,311,25
46451,0,3
46452,0,3
46453,174,18
46454,456,22
46455,471,34
46456,0,3
46457,0,3
46458,0,3
46459,0,3
46460,361,26
46461,765,22
46462,0,3
46463,1000,18
46464,745,25
46465,0,3
46466,317,15
46467,152,17
46468,251,25
46469,0,3
46470,340,30
46471,525,17
46472,1000,26
46473,0,3
46474,379,18
46475,0,3
46476,323,25
46477,1000,23
46478,339,15
46479,332,29
46480,0,3
46481,0,3
46482,866,18
46483,1000,10
46484,0,3
46485,196,21
46486,897,23
46487,0,3
46488,0,3
46489,665,20
46490,0,3
46491,0,3
46492,0,3
46493,0,3
46494,103,13
46495,0,3
46496,261,22
46497,952,24
46498,137,15
46499,398,31
46500,346,24
46501,0,3
46502,0,3
46503,420,20
46504,0,3
46505,0,3
46506,376,26
46507,311,27
46508,1000,20
46509,698,24
46510,226,22
46511,61,10
46512,0,3
46513,0,3
46514,550,38
46515,0,3
46516,0,3
46517,0,3
46518,0,3
46519,338,30
46520,376,27
46521,0,3
46522,473,23
46523,1000,11
46524,281,28
46525,389,25
46526,0,3
46527,436,23
46528,0,3
46529,270,29
46530,755,30
46531,0,3
46532,0,3
46533,203,19
46534,299,25
46535,165,21
46536,284,22
46537,261,25
46538,0,3
46539,74,13
46540,240,17
46541,579,24
46542,0,3
46543,388,29
46544,1000,26
46545,519,28
46546,809,24
46547,338,19
46548,713,22
46549,304,23
46550,326,25
46551,0,3
46552,1000,14
46553,0,3
46554,0,3
46555,542,26
46556,0,3
46557,585,25
46558,0,3
46559,383,29
46560,633,24
46561,116,11
46562,321,22
46563,0,3
46564,175,17
46565,0,3
46566,186,10
46567,0,3
46568,0,3
46569,460,26
46570,270,30
46571,0,3
46572,230,23
46573,0,3
46574,292,27
46575,280,24
46576,121,17
46577,1000,9
46578,0,3
46579,0,3
46580,651,22
46581,0,3
46582,366,33
46583,0,3
46584,293,20
46585,468,27
46586,247,22
46587,324,24
46588,0,3
46589,198,20
46590,0,3
46591,214,14
46592,0,3
46593,0,3
46594,378,24
46595,356,31
46596,0,3
46597,0,3
46598,1000,31
46599,0,3
46600,372,27
46601,489,33
46602,290,24
46603,105,12
46604,341,27
46605,0,3
46606,0,3
46607,532,37
46608,662,20
46609,1000,22
46610,976,23
46611,842,19
46612,0,3
46613,289,19
46614,209,25
46615,360,31
46616,355,28
46617,1000,25
46618,0,3
46619,663,24
46620,410,34
46621,0,3
46622,218,21
46623,583,25
46624,394,28
46625,1000,24
46626,617,23
46627,567,30
46628,264,17
46629,200,19
46630,551,27
46631,448,20
46632,296,25
46633,0,3
46634,813,25
46635,807,17
46636,278,20
46637,0,3
46638,254,19
46639,377,34
46640,1000,13
46641,190,19
46642,591,28
46643,0,3
46644,349,17
46645,0,3
46646,300,26
46647,0,3
46648,0,3
46649,353,15
46650,582,16
46651,890,22
46652,1000,3
46653,532,34
46654,497,29
46655,260,25
46656,247,23
46657,0,3
46658,0,3
46659,251,14
46660,790,25
46661,614,31
46662,0,3
46663,0,3
46664,342,12
46665,0,3
46666,1000,27
46667,413,26
46668,381,34
46669,0,3
46670,0,3
46671,0,3
46672,388,14
46673,566,22
46674,421,29
46675,309,26
46676,407,28
46677,29,7
46678,190,18
46679,250,17
46680,0,3
46681,0,3
46682,1000,3
46683,269,26
46684,0,3
46685,0,3
46686,994,25
46687,252,26
46688,0,3
46689,46,8
46690,712,34
46691,603,18
46692,315,23
46693,336,21
46694,342,28
46695,420,30
46696,293,29
46697,0,3
46698,0,3
46699,0,3
46700,277,25
46701,0,3
46702,0,3
46703,282,28
46704,367,33
46705,1000,22
46706,0,3
46707,0,3
46708,1000,17
46709,927,34
46710,0,3
46711,168,16
46712,0,3
46713,1000,14
46714,0,3
46715,489,22
46716,0,3
46717,0,3
46718,450,26
46719,0,3
46720,0,3
46721,480,29
46722,229,21
46723,245,23
46724,324,30
46725,0,3
46726,609,22
46727,0,3
46728,270,27
46729,1000,9
46730,321,29
46731,816,32
46732,0,3
46733,0,3
46734,0,3
46735,642,31
46736,0,3
46737,300,26
46738,841,24
46739,332,26
46740,401,26
46741,1000,15
46742,0,3
46743,277,27
46744,1,4
46745,440,31
46746,349,29
46747,0,3
46748,311,25
46749,895,20
46750,288,30
46751,817,23
46752,0,3
46753,378,28
46754,146,14
46755,341,23
46756,0,3
46757,1000,15
46758,0,3
46759,464,12
46760,0,3
46761,283,21
46762,0,3
46763,0,3
46764,592,31
46765,369,29
46766,349,24
46767,1000,4
46768,0,3
46769,1000,12
46770,0,3
46771,670,27
46772,0,3
46773,505,28
46774,816,29
46775,307,27
46776,351,22
46777,0,3
46778,794,24
46779,680,32
46780,319,26
46781,213,21
46782,1000,10
46783,820,25
46784,739,34
46785,295,20
46786,366,30
46787,143,14
46788,0,3
46789,798,23
46790,472,29
46791,332,27
46792,0,3
46793,772,32
46794,304,21
46795,0,3
46796,1000,13
46797,302,26
46798,856,33
46799,646,28
46800,181,18
46801,375,24
46802,0,3
46803,0,3
46804,302,24
46805,241,12
46806,843,20
46807,0,3
46808,359,28
46809,0,3
46810,276,22
46811,188,16
46812,451,23
46813,1000,31
46814,605,30
46815,338,23
46816,0,3
46817,523,20
46818,295,20
46819,0,3
46820,580,26
46821,130,18
46822,133,13
46823,341,26
46824,204,18
46825,244,21
46826,660,33
46827,0,3
46828,561,20
46829,410,26
46830,358,27
46831,167,19
46832,0,3
46833,0,3
46834,111,15
46835,1000,14
46836,432,28
46837,0,3
46838,0,3
46839,1000,5
46840,672,15
46841,184,14
46842,178,20
46843,249,22
46844,1000,20
46845,215,24
46846,147,13
46847,291,20
46848,0,3
46849,0,3
46850,210,20
46851,0,3
46852,265,21
46853,0,3
46854,0,3
46855,0,3
46856,0,3
46857,0,3
46858,657,22
46859,326,28
46860,0,3
46861,647,21
46862,364,19
46863,280,25
46864,305,18
46865,614,45
46866,244,21
46867,0,3
46868,1000,18
46869,182,16
46870,316,32
46871,682,29
46872,307,25
46873,365,19
46874,409,24
46875,525,23
46876,207,26
46877,230,22
46878,1000,12
46879,634,27
46880,282,24
46881,530,21
46882,683,31
46883,395,34
46884,340,35
46885,395,23
46886,0,3
46887,607,28
46888,251,25
46889,1000,29
46890,0,3
46891,593,28
46892,440,35
46893,0,3
46894,398,20
46895,0,3
46896,334,25
46897,0,3
46898,0,3
46899,340,20
46900,706,15
46901,0,3
46902,0,3
46903,0,3
46904,0,3
46905,1000,24
46906,0,3
46907,742,29
46908,663,27
46909,0,3
46910,569,30
46911,535,31
46912,981,30
46913,515,27
46914,0,3
46915,0,3
46916,402,30
46917,195,13
46918,0,3
46919,436,14
46920,495,30
46921,469,17
46922,0,3
46923,0,3
46924,490,27
46925,268,25
46926,0,3
46927,0,3
46928,0,3
46929,0,3
46930,535,26
46931,498,9
46932,362,32
46933,273,20
46934,257,19
46935,578,23
46936,681,32
46937,996,25
46938,330,26
46939,671,20
46940,378,22
46941,301,26
46942,265,26
46943,0,3
46944,435,22
46945,0,3
46946,319,17
46947,373,23
46948,0,3
46949,0,3
46950,148,18
46951,329,31
46952,607,29
46953,0,3
46954,0,3
46955,0,3
46956,0,3
46957,405,21
46958,376,26
46959,585,22
46960,1000,5
46961,429,29
46962,358,23
46963,0,3
46964,445,29
46965,1000,34
46966,735,28
46967,272,24
46968,458,31
46969,0,3
46970,101,13
46971,485,23
46972,0,3
46973,516,25
46974,384,29
46975,0,3
46976,726,25
46977,167,17
46978,0,3
46979,356,21
46980,0,3
46981,709,26
46982,1000,16
46983,0,3
46984,0,3
46985,887,25
46986,255,20
46987,0,3
46988,0,3
46989,1000,23
46990,0,3
46991,0,3
46992,0,3
46993,680,26
46994,232,27
46995,1000,3
46996,0,3
46997,0,3
46998,0,3
46999,438,27
47000,0,3
47001,0,3
47002,520,29
47003,0,3
47004,0,3
47005,292,25
47006,855,14
47007,0,3
47008,494,28
47009,0,3
47010,0,3
47011,698,23
47012,0,3
47013,112,13
47014,248,21
47015,0,3
47016,842,21
47017,542,19
47018,1000,32
47019,459,31
47020,407,23
47021,0,3
47022,387,20
47023,391,17
47024,509,18
47025,0,3
47026,199,18
47027,0,3
47028,0,3
47029,0,3
47030,0,3
47031,0,3
47032,0,3
47033,559,35
47034,874,21
47035,417,26
47036,0,3
47037,568,36
47038,384,28
47039,773,23
47040,1000,27
47041,350,23
47042,0,3
47043,0,3
47044,1000,15
47045,0,3
47046,664,35
47047,678,19
47048,704,29
47049,230,14
47050,369,21
47051,411,16
47052,0,3
47053,367,25
47054,255,25
47055,632,23
47056,1000,23
47057,220,17
47058,1000,28
47059,0,3
47060,1000,14
47061,1000,25
47062,0,3
47063,0,3
47064,1000,26
47065,0,3
47066,490,26
47067,0,3
47068,530,22
47069,86,9
47070,0,3
47071,277,14
47072,471,23
47073,538,29
47074,298,21
47075,476,24
47076,383,27
47077,341,19
47078,99,13
47079,345,24
47080,170,18
47081,600,33
47082,274,25
47083,236,20
47084,263,21
47085,352,26
47086,0,3
47087,0,3
47088,271,21
47089,0,3
47090,0,3
47091,0,3
47092,1000,25
47093,0,3
47094,0,3
47095,514,33
47096,0,3
47097,435,22
47098,857,28
47099,1000,24
47100,0,3
47101,260,25
47102,442,30
47103,526,31
47104,0,3
47105,964,22
47106,0,3
47107,281,25
47108,1000,20
47109,0,3
47110,989,26
47111,277,19
47112,357,25
47113,0,3
47114,0,3
47115,124,11
47116,495,27
47117,0,3
47118,0,3
47119,392,31
47120,0,3
47121,284,24
47122,237,25
47123,0,3
47124,0,3
47125,0,3
47126,0,3
47127,0,3
47128,1000,12
47129,407,23
47130,234,21
47131,315,27
47132,0,3
47133,666,33
47134,721,21
47135,0,3
47136,445,30
47137,0,3
47138,594,32
47139,0,3
47140,446,26
47141,273,28
47142,0,3
47143,835,24
47144,382,37
47145,0,3
47146,670,24
47147,1000,27
47148,771,26
47149,328,23
47150,512,26
47151,963,16
47152,0,3
47153,639,32
47154,375,27
47155,0,3
47156,273,23
47157,474,25
47158,0,3
47159,179,20
47160,0,3
47161,329,27
47162,194,21
47163,389,26
47164,1000,13
47165,942,19
47166,238,20
47167,732,16
47168,1000,23
47169,212,20
47170,1000,14
47171,251,22
47172,0,3
47173,1000,5
47174,241,21
47175,266,20
47176,482,22
47177,0,3
47178,334,22
47179,0,3
47180,351,21
47181,440,27
47182,937,23
47183,489,15
47184,505,26
47185,1000,23
47186,236,26
47187,0,3
47188,0,3
47189,259,15
47190,515,30
47191,262,24
47192,354,26
47193,837,29
47194,1000,26
47195,530,26
47196,1000,4
47197,156,15
47198,1000,23
47199,685,38
47200,329,24
47201,0,3
47202,335,21
47203,1000,25
47204,1000,31
47205,0,3
47206,0,3
47207,753,19
47208,1000,39
47209,0,3
47210,0,3
47211,541,26
47212,496,19
47213,902,20
47214,1000,17
47215,619,22
47216,574,28
47217,352,32
47218,0,3
47219,480,21
47220,0,3
47221,422,25
47222,0,3
47223,0,3
47224,473,25
47225,776,23
47226,1000,26
47227,353,27
47228,843,24
47229,347,15
47230,319,24
47231,0,3
47232,726,25
47233,1000,25
47234,0,3
47235,0,3
47236,0,3
47237,422,20
47238,628,26
47239,618,26
47240,0,3
47241,78,11
47242,529,23
47243,553,27
47244,49,5
47245,923,20
47246,525,21
47247,0,3
47248,148,16
47249,395,24
47250,0,3
47251,0,3
47252,370,22
47253,0,3
47254,334,24
47255,393,37
47256,345,8
47257,0,3
47258,323,22
47259,0,3
47260,72,9
47261,493,25
47262,98,13
47263,953,35
47264,453,18
47265,1000,25
47266,556,33
47267,315,31
47268,0,3
47269,268,19
47270,698,17
47271,175,12
47272,0,3
47273,0,3
47274,0,3
47275,0,3
47276,195,16
47277,291,26
47278,787,23
47279,0,3
47280,684,19
47281,0,3
47282,0,3
47283,194,22
47284,0,3
47285,388,25
47286,594,38
47287,1000,8
47288,0,3
47289,0,3
47290,0,3
47291,266,26
47292,0,3
47293,0,3
47294,0,3
47295,481,33
47296,0,3
47297,236,23
47298,0,3
47299,202,19
47300,249,7
47301,974,23
47302,1000,19
47303,753,28
47304,235,17
47305,368,15
47306,0,3
47307,454,26
47308,512,32
47309,0,3
47310,276,23
47311,0,3
47312,342,29
47313,148,17
47314,416,28
47315,248,17
47316,0,3
47317,322,24
47318,514,30
47319,414,19
47320,195,19
47321,0,3
47322,1000,11
47323,672,32
47324,458,28
47325,224,21
47326,1000,11
47327,0,3
47328,0,3
47329,271,23
47330,166,20
47331,1000,25
47332,0,3
47333,411,29
47334,266,25
47335,1000,16
47336,1000,19
47337,68,8
47338,1000,25
47339,1000,11
47340,0,3
47341,845,23
47342,397,23
47343,1000,26
47344,0,3
47345,263,21
47346,0,3
47347,0,3
47348,0,3
47349,272,28
47350,0,3
47351,528,16
47352,328,24
47353,0,3
47354,0,3
47355,0,3
47356,430,28
47357,690,33
47358,0,3
47359,226,16
47360,0,3
47361,1000,24
47362,661,21
47363,0,3
47364,0,3
47365,0,3
47366,215,25
47367,558,30
47368,336,17
47369,126,10
47370,385,23
47371,416,27
47372,792,36
47373,315,23
47374,375,25
47375,469,19
47376,174,21
47377,227,25
47378,0,3
47379,0,3
47380,0,3
47381,252,24
47382,653,36
47383,0,3
47384,370,25
47385,394,31
47386,0,3
47387,0,3
47388,883,19
47389,0,3
47390,703,34
47391,1000,8
47392,394,27
47393,0,3
47394,0,3
47395,424,26
47396,0,3
47397,0,3
47398,102,15
47399,488,24
47400,398,29
47401,428,36
47402,440,29
47403,0,3
47404,0,3
47405,438,25
47406,0,3
47407,0,3
47408,247,18
47409,0,3
47410,302,20
47411,0,3
47412,1000,14
47413,0,3
47414,350,32
47415,1000,15
47416,495,34
47417,0,3
47418,0,3
47419,0,3
47420,496,25
47421,349,27
47422,416,27
47423,0,3
47424,0,3
47425,347,28
47426,541,24
47427,0,3
47428,276,22
47429,1000,15
47430,0,3
47431,321,29
47432,148,19
47433,302,18
47434,320,21
47435,258,22
47436,546,28
47437,0,3
47438,1000,10
47439,0,3
47440,325,24
47441,0,3
47442,0,3
47443,454,17
47444,386,25
47445,827,22
47446,0,3
47447,0,3
47448,987,22
47449,367,30
47450,583,22
47451,365,26
47452,158,17
47453,376,35
47454,380,24
47455,240,21
47456,359,28
47457,401,15
47458,225,16
47459,0,3
47460,464,20
47461,0,3
47462,1000,23
47463,0,3
47464,234,21
47465,896,28
47466,1000,21
47467,336,24
47468,0,3
47469,0,3
47470,143,17
47471,0,3
47472,0,3
47473,0,3
47474,321,26
47475,308,31
47476,0,3
47477,167,21
47478,335,26
47479,1000,18
47480,552,22
47481,0,3
47482,400,23
47483,354,30
47484,0,3
47485,948,30
47486,0,3
47487,0,3
47488,185,19
47489,1000,23
47490,0,3
47491,0,3
47492,0,3
47493,0,3
47494,293,23
47495,427,26
47496,0,3
47497,0,3
47498,298,29
47499,0,3
47500,121,14
47501,0,3
47502,0,3
47503,673,13
47504,0,3
47505,0,3
47506,758,28
47507,1000,22
47508,315,24
47509,645,31
47510,1000,25
47511,654,26
47512,284,22
47513,0,3
47514,0,3
47515,0,3
47516,557,19
47517,905,29
47518,159,17
47519,853,39
47520,0,3
47521,344,22
47522,214,18
47523,0,3
47524,489,30
47525,0,3
47526,527,20
47527,0,3
47528,0,3
47529,278,20
47530,193,18
47531,0,3
47532,0,3
47533,371,23
47534,482,35
47535,0,3
47536,0,3
47537,546,26
47538,395,26
47539,451,27
47540,201,20
47541,195,14
47542,293,23
47543,577,18
47544,597,34
47545,0,3
47546,0,3
47547,312,23
47548,1000,16
47549,483,27
47550,0,3
47551,0,3
47552,234,24
47553,0,3
47554,0,3
47555,247,16
47556,0,3
47557,362,29
47558,1000,10
47559,0,3
47560,0,3
47561,0,3
47562,0,3
47563,0,3
47564,453,26
47565,0,3
47566,272,21
47567,474,22
47568,583,12
47569,189,19
47570,0,3
47571,0,3
47572,644,23
47573,421,19
47574,378,37
47575,1000,24
47576,0,3
47577,0,3
47578,367,24
47579,418,30
47580,596,22
47581,303,24
47582,0,3
47583,0,3
47584,1000,15
47585,632,28
47586,336,25
47587,0,3
47588,0,3
47589,566,15
47590,183,15
47591,0,3
47592,228,22
47593,135,18
47594,1000,21
47595,354,19
47596,0,3
47597,161,20
47598,255,22
47599,0,3
47600,471,25
47601,386,26
47602,0,3
47603,287,23
47604,436,36
47605,329,28
47606,0,3
47607,0,3
47608,708,19
47609,0,3
47610,0,3
47611,1000,15
47612,0,3
47613,0,3
47614,358,21
47615,596,33
47616,413,24
47617,0,3
47618,343,22
47619,284,26
47620,154,14
47621,0,3
47622,181,19
47623,0,3
47624,0,3
47625,174,17
47626,309,22
47627,362,26
47628,0,3
47629,222,19
47630,261,21
47631,281,27
47632,0,3
47633,0,3
47634,164,23
47635,0,3
47636,359,28
47637,1000,14
47638,1000,26
47639,806,31
47640,677,27
47641,0,3
47642,0,3
47643,460,23
47644,0,3
47645,341,31
47646,312,25
47647,0,3
47648,0,3
47649,67,6
47650,0,3
47651,0,3
47652,323,21
47653,0,3
47654,0,3
47655,76,12
47656,245,21
47657,0,3
47658,0,3
47659,200,15
47660,457,31
47661,0,3
47662,276,23
47663,615,23
47664,324,25
47665,603,27
47666,0,3
47667,813,23
47668,420,29
47669,761,15
47670,838,34
47671,381,25
47672,0,3
47673,220,23
47674,474,27
47675,1000,19
47676,161,18
47677,0,3
47678,618,22
47679,0,3
47680,0,3
47681,1000,16
47682,0,3
47683,487,28
47684,0,3
47685,417,28
47686,799,26
47687,1000,13
47688,0,3
47689,486,28
47690,324,28
47691,160,17
47692,304,28
47693,370,28
47694,0,3
47695,371,23
47696,722,31
47697,596,31
47698,265,23
47699,0,3
47700,531,18
47701,1000,21
47702,465,30
47703,233,14
47704,896,32
47705,724,16
47706,1000,23
47707,909,19
47708,797,19
47709,394,28
47710,0,3
47711,643,29
47712,356,23
47713,1000,30
47714,214,20
47715,249,21
47716,269,18
47717,0,3
47718,0,3
47719,602,17
47720,0,3
47721,1000,23
47722,865,18
47723,287,26
47724,195,10
47725,0,3
47726,1000,28
47727,388,30
47728,443,33
47729,1000,13
47730,0,3
47731,0,3
47732,0,3
47733,0,3
47734,245,20
47735,418,20
47736,0,3
47737,298,26
47738,481,29
47739,0,3
47740,943,28
47741,0,3
47742,12,5
47743,0,3
47744,0,3
47745,1000,13
47746,171,15
47747,0,3
47748,1000,26
47749,492,10
47750,293,24
47751,770,25
47752,356,28
47753,527,31
47754,1000,14
47755,0,3
47756,516,32
47757,0,3
47758,470,25
47759,1000,31
47760,743,20
47761,7,4
47762,0,3
47763,0,3
47764,293,25
47765,670,30
47766,0,3
47767,846,33
47768,390,25
47769,0,3
47770,0,3
47771,178,21
47772,429,24
47773,1000,21
47774,1000,12
47775,384,28
47776,379,29
47777,447,21
47778,1000,24
47779,1000,15
47780,248,25
47781,1000,9
47782,411,31
47783,0,3
47784,435,26
47785,0,3
47786,564,24
47787,292,12
47788,785,19
47789,0,3
47790,474,25
47791,0,3
47792,0,3
47793,0,3
47794,486,31
47795,413,30
47796,570,14
47797,0,3
47798,857,17
47799,0,3
47800,676,27
47801,445,31
47802,0,3
47803,960,25
47804,0,3
47805,1000,23
47806,0,3
47807,487,22
47808,547,24
47809,481,20
47810,265,21
47811,133,19
47812,1000,22
47813,0,3
47814,0,3
47815,769,31
47816,0,3
47817,406,25
47818,0,3
47819,958,25
47820,1000,24
47821,0,3
47822,477,24
47823,0,3
47824,341,23
47825,1000,13
47826,0,3
47827,1000,23
47828,0,3
47829,528,20
47830,211,22
47831,584,22
47832,238,30
47833,188,21
47834,644,25
47835,514,27
47836,0,3
47837,242,23
47838,0,3
47839,0,3
47840,217,23
47841,239,25
47842,0,3
47843,300,12
47844,0,3
47845,160,17
47846,0,3
47847,409,28
47848,1000,14
47849,391,22
47850,0,3
47851,233,26
47852,835,18
47853,0,3
47854,0,3
47855,236,22
47856,989,27
47857,302,29
47858,0,3
47859,0,3
47860,303,20
47861,558,35
47862,540,21
47863,0,3
47864,554,20
47865,0,3
47866,611,26
47867,0,3
47868,0,3
47869,0,3
47870,173,25
47871,1000,28
47872,0,3
47873,0,3
47874,906,24
47875,437,27
47876,204,27
47877,351,28
47878,201,16
47879,0,3
47880,183,17
47881,1000,17
47882,815,24
47883,0,3
47884,754,28
47885,1000,13
47886,0,3
47887,243,19
47888,186,17
47889,0,3
47890,0,3
47891,684,21
47892,187,18
47893,0,3
47894,442,33
47895,872,29
47896,253,21
47897,0,3
47898,220,22
47899,0,3
47900,441,19
47901,0,3
47902,447,31
47903,1000,23
47904,0,3
47905,1000,10
47906,465,21
47907,364,24
47908,487,29
47909,0,3
47910,0,3
47911,0,3
47912,0,3
47913,302,20
47914,0,3
47915,1000,17
47916,0,3
47917,1000,13
47918,894,20
47919,292,27
47920,0,3
47921,0,3
47922,99,10
47923,299,32
47924,0,3
47925,481,23
47926,435,31
47927,236,21
47928,336,29
47929,429,35
47930,266,22
47931,0,3
47932,0,3
47933,648,27
47934,0,3
47935,539,31
47936,255,16
47937,632,30
47938,265,20
47939,0,3
47940,0,3
47941,0,3
47942,406,31
47943,376,36
47944,464,27
47945,511,26
47946,218,22
47947,0,3
47948,0,3
47949,0,3
47950,0,3
47951,945,26
47952,448,21
47953,250,20
47954,559,31
47955,636,23
47956,219,19
47957,244,26
47958,0,3
47959,183,22
47960,214,18
47961,205,23
47962,255,25
47963,734,28
47964,196,19
47965,228,19
47966,0,3
47967,222,17
47968,780,30
47969,327,20
47970,414,29
47971,498,29
47972,358,28
47973,192,19
47974,0,3
47975,0,3
47976,438,29
47977,0,3
47978,0,3
47979,0,3
47980,0,3
47981,0,3
47982,241,21
47983,561,23
47984,0,3
47985,483,21
47986,1000,22
47987,1000,21
47988,0,3
47989,335,28
47990,213,14
47991,283,23
47992,916,26
47993,1000,20
47994,0,3
47995,887,34
47996,265,23
47997,275,20
47998,322,25
47999,606,31
48000,349,27
48001,0,3
48002,405,27
48003,294,23
48004,0,3
48005,664,23
48006,0,3
48007,1000,17
48008,0,3
48009,215,17
48010,0,3
48011,1000,19
48012,243,20
48013,623,27
48014,679,25
48015,0,3
48016,456,18
48017,0,3
48018,0,3
48019,1000,27
48020,842,20
48021,0,3
48022,1000,22
48023,596,24
48024,318,25
48025,894,23
48026,516,26
48027,222,24
48028,0,3
48029,270,21
48030,0,3
48031,971,34
48032,238,24
48033,497,26
48034,451,20
48035,0,3
48036,0,3
48037,958,17
48038,250,16
48039,389,29
48040,0,3
48041,916,30
48042,1000,23
48043,0,3
48044,0,3
48045,261,28
48046,947,30
48047,205,24
48048,0,3
48049,537,20
48050,300,26
48051,0,3
48052,440,25
48053,0,3
48054,0,3
48055,296,23
48056,0,3
48057,401,20
48058,0,3
48059,477,31
48060,0,3
48061,0,3
48062,237,23
48063,463,22
48064,290,24
48065,33,8
48066,0,3
48067,0,3
48068,0,3
48069,162,20
48070,328,30
48071,995,18
48072,286,22
48073,534,22
48074,550,27
48075,169,11
48076,0,3
48077,0,3
48078,0,3
48079,930,30
48080,0,3
48081,517,27
48082,573,31
48083,137,17
48084,1000,10
48085,1000,17
48086,259,25
48087,175,15
48088,168,18
48089,0,3
48090,53,1
48091,286,23
48092,0,3
48093,396,35
48094,0,3
48095,502,16
48096,1000,9
48097,907,30
48098,0,3
48099,989,35
48100,0,3
48101,0,3
48102,0,3
48103,0,3
48104,1000,11
48105,649,31
48106,163,20
48107,0,3
48108,640,18
48109,0,3
48110,0,3
48111,0,3
48112,323,31
48113,242,20
48114,601,21
48115,0,3
48116,393,31
48117,337,26
48118,399,22
48119,373,31
48120,0,3
48121,0,3
48122,1000,10
48123,228,21
48124,976,28
48125,687,25
48126,0,3
48127,264,22
48128,0,3
48129,353,27
48130,862,28
48131,0,3
48132,0,3
48133,1000,10
48134,250,25
48135,0,3
48136,226,22
48137,0,3
48138,168,17
48139,503,24
48140,0,3
48141,0,3
48142,418,19
48143,686,19
48144,0,3
48145,0,3
48146,1000,4
48147,401,34
48148,988,21
48149,0,3
48150,0,3
48151,261,19
48152,225,21
48153,635,42
48154,119,9
48155,1000,17
48156,442,31
48157,918,29
48158,1000,11
48159,0,3
48160,0,3
48161,670,24
48162,159,12
48163,0,3
48164,536,24
48165,527,23
48166,381,27
48167,343,36
48168,0,3
48169,571,23
48170,264,24
48171,824,26
48172,356,28
48173,301,25
48174,1000,23
48175,387,22
48176,0,3
48177,0,3
48178,0,3
48179,1000,21
48180,295,26
48181,747,28
48182,412,36
48183,0,3
48184,0,3
48185,374,32
48186,1000,9
48187,0,3
48188,578,19
48189,283,26
48190,0,3
48191,904,21
48192,711,32
48193,0,3
48194,0,3
48195,0,3
48196,0,3
48197,0,3
48198,339,22
48199,0,3
48200,1000,21
48201,0,3
48202,0,3
48203,369,26
48204,327,30
48205,314,21
48206,267,16
48207,135,13
48208,0,3
48209,0,3
48210,259,24
48211,91,16
48212,259,19
48213,0,3
48214,0,3
48215,259,23
48216,246,24
48217,335,26
48218,320,27
48219,0,3
48220,205,18
48221,192,19
48222,0,3
48223,0,3
48224,1000,10
48225,374,21
48226,951,21
48227,653,30
48228,0,3
48229,231,23
48230,1000,23
48231,0,3
48232,0,3
48233,0,3
48234,0,3
48235,282,20
48236,316,27
48237,1000,3
48238,0,3
48239,397,28
48240,0,3
48241,0,3
48242,454,27
48243,252,15
48244,357,30
48245,789,23
48246,169,18
48247,766,34
48248,364,26
48249,293,23
48250,0,3
48251,0,3
48252,0,3
48253,1000,4
48254,453,29
48255,302,25
48256,372,23
48257,0,3
48258,0,3
48259,0,3
48260,394,32
48261,831,25
48262,301,19
48263,146,15
48264,514,18
48265,203,25
48266,729,29
48267,1000,14
48268,197,20
48269,0,3
48270,229,18
48271,350,31
48272,316,28
48273,393,24
48274,1000,17
48275,0,3
48276,474,20
48277,0,3
48278,612,22
48279,0,3
48280,1000,20
48281,0,3
48282,306,26
48283,0,3
48284,426,26
48285,735,30
48286,0,3
48287,448,27
48288,383,33
48289,367,25
48290,578,30
48291,0,3
48292,318,30
48293,0,3
48294,0,3
48295,0,3
48296,291,24
48297,0,3
48298,343,22
48299,0,3
48300,0,3
48301,0,3
48302,1000,28
48303,906,24
48304,0,3
48305,0,3
48306,0,3
48307,215,21
48308,326,23
48309,437,33
48310,0,3
48311,450,24
48312,0,3
48313,1000,21
48314,317,30
48315,0,3
48316,562,28
48317,0,3
48318,523,35
48319,415,16
48320,410,31
48321,0,3
48322,0,3
48323,432,22
48324,0,3
48325,616,17
48326,403,24
48327,265,20
48328,367,24
48329,261,20
48330,0,3
48331,1000,18
48332,1000,3
48333,0,3
48334,0,3
48335,178,24
48336,216,18
48337,0,3
48338,0,3
48339,219,23
48340,253,22
48341,637,19
48342,334,32
48343,318,33
48344,263,25
48345,334,29
48346,420,31
48347,264,25
48348,0,3
48349,575,16
48350,265,25
48351,0,3
48352,0,3
48353,204,23
48354,0,3
48355,670,33
48356,612,23
48357,437,17
48358,215,17
48359,0,3
48360,177,14
48361,187,16
48362,355,20
48363,198,19
48364,0,3
48365,435,21
48366,411,34
48367,1000,21
48368,506,24
48369,0,3
48370,287,20
48371,0,3
48372,355,17
48373,0,3
48374,488,27
48375,1000,20
48376,0,3
48377,739,29
48378,0,3
48379,254,26
48380,0,3
48381,350,30
48382,348,34
48383,370,23
48384,0,3
48385,0,3
48386,374,30
48387,713,24
48388,474,22
48389,363,28
48390,93,6
48391,771,26
48392,0,3
48393,0,3
48394,65,9
48395,0,3
48396,1000,18
48397,0,3
48398,0,3
48399,0,3
48400,238,20
48401,856,29
48402,457,28
48403,1000,20
48404,427,35
48405,651,29
48406,182,20
48407,831,23
48408,1000,15
48409,218,19
48410,595,18
48411,61,11
48412,0,3
48413,274,20
48414,0,3
48415,557,21
48416,518,22
48417,0,3
48418,0,3
48419,685,25
48420,350,25
48421,0,3
48422,263,17
48423,243,25
48424,0,3
48425,499,32
48426,229,19
48427,0,3
48428,0,3
48429,973,22
48430,1000,15
48431,338,29
48432,134,13
48433,165,24
48434,0,3
48435,722,28
48436,0,3
48437,0,3
48438,349,19
48439,0,3
48440,0,3
48441,270,21
48442,389,22
48443,654,29
48444,145,18
48445,645,14
48446,330,26
48447,0,3
48448,722,24
48449,0,3
48450,695,18
48451,232,15
48452,759,26
48453,0,3
48454,0,3
48455,0,3
48456,0,3
48457,0,3
48458,0,3
48459,0,3
48460,161,16
48461,338,30
48462,0,3
48463,250,22
48464,219,21
48465,0,3
48466,0,3
48467,1000,12
48468,0,3
48469,0,3
48470,636,19
48471,274,28
48472,289,30
48473,332,27
48474,231,20
48475,0,3
48476,0,3
48477,0,3
48478,887,32
48479,0,3
48480,207,16
48481,791,29
48482,0,3
48483,0,3
48484,3,3
48485,0,3
48486,257,25
48487,0,3
48488,447,33
48489,210,18
48490,0,3
48491,0,3
48492,280,19
48493,255,26
48494,0,3
48495,1000,22
48496,1000,26
48497,0,3
48498,629,23
48499,1000,17
48500,258,24
48501,276,20
48502,328,28
48503,347,23
48504,0,3
48505,371,29
48506,0,3
48507,757,28
48508,0,3
48509,395,33
48510,0,3
48511,246,25
48512,1000,10
48513,412,30
48514,184,24
48515,331,32
48516,0,3
48517,710,22
48518,0,3
48519,0,3
48520,223,20
48521,445,21
48522,0,3
48523,524,21
48524,0,3
48525,967,30
48526,453,16
48527,0,3
48528,0,3
48529,345,28
48530,0,3
48531,512,34
48532,407,30
48533,0,3
48534,0,3
48535,0,3
48536,565,29
48537,323,26
48538,1000,19
48539,0,3
48540,0,3
48541,431,30
48542,909,32
48543,122,20
48544,541,32
48545,537,31
48546,0,3
48547,0,3
48548,188,17
48549,0,3
48550,0,3
48551,924,23
48552,325,24
48553,898,24
48554,291,24
48555,388,33
48556,0,3
48557,1000,22
48558,292,18
48559,1000,25
48560,358,27
48561,0,3
48562,272,26
48563,0,3
48564,521,18
48565,0,3
48566,391,23
48567,455,32
48568,0,3
48569,251,18
48570,358,34
48571,0,3
48572,1000,5
48573,320,25
48574,192,18
48575,319,26
48576,628,20
48577,297,29
48578,416,26
48579,223,27
48580,0,3
48581,0,3
48582,1000,20
48583,922,37
48584,324,22
48585,829,40
48586,891,17
48587,0,3
48588,729,33
48589,0,3
48590,241,20
48591,246,26
48592,463,34
48593,0,3
48594,289,24
48595,0,3
48596,0,3
48597,400,30
48598,279,27
48599,367,28
48600,273,25
48601,0,3
48602,0,3
48603,706,28
48604,203,15
48605,249,26
48606,414,34
48607,927,28
48608,0,3
48609,354,28
48610,1000,12
48611,0,3
48612,0,3
48613,398,26
48614,0,3
48615,0,3
48616,0,3
48617,37,7
48618,0,3
48619,405,26
48620,249,22
48621,203,16
48622,0,3
48623,0,3
48624,0,3
48625,392,22
48626,770,28
48627,0,3
48628,142,14
48629,819,33
48630,0,3
48631,354,29
48632,234,21
48633,298,21
48634,871,15
48635,0,3
48636,213,19
48637,316,27
48638,954,30
48639,842,28
48640,266,29
48641,319,24
48642,478,41
48643,0,3
48644,0,3
48645,0,3
48646,1000,28
48647,653,17
48648,352,37
48649,367,26
48650,193,21
48651,407,33
48652,188,20
48653,551,26
48654,365,23
48655,643,32
48656,0,3
48657,291,24
48658,299,21
48659,371,25
48660,249,23
48661,285,24
48662,0,3
48663,350,29
48664,899,27
48665,0,3
48666,270,23
48667,0,3
48668,0,3
48669,328,31
48670,0,3
48671,273,20
48672,347,29
48673,475,29
48674,419,38
48675,255,23
48676,0,3
48677,0,3
48678,360,25
48679,0,3
48680,553,21
48681,301,25
48682,543,22
48683,254,27
48684,302,23
48685,591,19
48686,462,29
48687,0,3
48688,390,24
48689,696,32
48690,0,3
48691,1000,28
48692,0,3
48693,0,3
48694,0,3
48695,481,27
48696,268,27
48697,295,28
48698,0,3
48699,315,31
48700,900,28
48701,689,40
48702,455,35
48703,0,3
48704,1000,18
48705,1000,19
48706,281,24
48707,0,3
48708,174,15
48709,366,25
48710,338,29
48711,0,3
48712,1000,43
48713,0,3
48714,0,3
48715,0,3
48716,0,3
48717,617,31
48718,621,20
48719,114,13
48720,0,3
48721,0,3
48722,0,3
48723,338,28
48724,0,3
48725,748,31
48726,186,18
48727,0,3
48728,233,21
48729,440,27
48730,695,26
48731,631,22
48732,414,27
48733,193,18
48734,0,3
48735,384,27
48736,0,3
48737,288,23
48738,705,34
48739,0,3
48740,795,20
48741,0,3
48742,228,23
48743,422,26
48744,393,26
48745,356,22
48746,316,22
48747,0,3
48748,550,35
48749,1000,17
48750,1000,25
48751,0,3
48752,575,35
48753,346,30
48754,977,28
48755,419,34
48756,0,3
48757,0,3
48758,251,21
48759,0,3
48760,706,26
48761,449,24
48762,0,3
48763,1000,24
48764,0,3
48765,159,19
48766,423,17
48767,463,26
48768,0,3
48769,837,34
48770,282,24
48771,273,28
48772,856,25
48773,361,32
48774,241,15
48775,239,16
48776,376,27
48777,0,3
48778,0,3
48779,0,3
48780,0,3
48781,245,20
48782,0,3
48783,1000,17
48784,418,34
48785,369,28
48786,411,28
48787,41,6
48788,0,3
48789,0,3
48790,632,42
48791,322,30
48792,927,28
48793,838,29
48794,413,20
48795,335,21
48796,0,3
48797,0,3
48798,728,34
48799,0,3
48800,204,20
48801,443,29
48802,367,18
48803,0,3
48804,417,24
48805,801,34
48806,0,3
48807,417,25
48808,0,3
48809,189,16
48810,441,17
48811,329,25
48812,0,3
48813,230,24
48814,812,23
48815,472,19
48816,0,3
48817,0,3
48818,363,21
48819,0,3
48820,1000,27
48821,317,26
48822,87,12
48823,333,27
48824,221,17
48825,0,3
48826,0,3
48827,160,20
48828,0,3
48829,435,24
48830,225,21
48831,1000,26
48832,530,24
48833,367,30
48834,511,29
48835,843,24
48836,0,3
48837,0,3
48838,252,20
48839,247,22
48840,263,20
48841,0,3
48842,365,26
48843,859,20
48844,0,3
48845,326,31
48846,597,22
48847,0,3
48848,941,18
48849,0,3
48850,286,26
48851,536,32
48852,785,23
48853,879,29
48854,0,3
48855,101,16
48856,168,18
48857,407,28
48858,1000,15
48859,0,3
48860,323,28
48861,0,3
48862,0,3
48863,910,27
48864,292,16
48865,0,3
48866,315,28
48867,394,29
48868,0,3
48869,385,32
48870,311,27
48871,0,3
48872,0,3
48873,0,3
48874,1000,9
48875,368,28
48876,357,18
48877,55,8
48878,0,3
48879,728,31
48880,343,31
48881,1000,5
48882,719,17
48883,762,26
48884,350,31
48885,458,24
48886,168,23
48887,0,3
48888,0,3
48889,317,23
48890,270,26
48891,953,34
48892,333,28
48893,371,21
48894,0,3
48895,404,28
48896,0,3
48897,318,25
48898,436,28
48899,343,29
48900,400,26
48901,412,26
48902,0,3
48903,194,18
48904,0,3
48905,701,17
48906,0,3
48907,259,21
48908,123,14
48909,399,26
48910,0,3
48911,87,15
48912,252,25
48913,790,28
48914,0,3
48915,0,3
48916,904,14
48917,330,30
48918,149,14
48919,694,32
48920,321,21
48921,915,29
48922,453,23
48923,689,21
48924,0,3
48925,0,3
48926,684,25
48927,0,3
48928,249,22
48929,0,3
48930,368,28
48931,0,3
48932,493,33
48933,603,21
48934,240,24
48935,606,37
48936,90,16
48937,1000,17
48938,0,3
48939,0,3
48940,0,3
48941,163,19
48942,0,3
48943,661,30
48944,337,26
48945,0,3
48946,0,3
48947,184,17
48948,0,3
48949,435,32
48950,498,26
48951,0,3
48952,302,27
48953,135,18
48954,404,29
48955,461,30
48956,0,3
48957,0,3
48958,1000,19
48959,0,3
48960,0,3
48961,394,31
48962,0,3
48963,0,3
48964,304,23
48965,271,22
48966,207,21
48967,814,38
48968,223,22
48969,208,18
48970,253,27
48971,0,3
48972,0,3
48973,358,29
48974,386,26
48975,0,3
48976,0,3
48977,270,22
48978,475,26
48979,301,28
48980,2,4
48981,0,3
48982,0,3
48983,331,31
48984,519,32
48985,0,3
48986,235,18
48987,0,3
48988,569,37
48989,366,34
48990,139,16
48991,0,3
48992,408,32
48993,0,3
48994,427,17
48995,0,3
48996,0,3
48997,178,20
48998,0,3
48999,163,21
49000,0,3
49001,0,3
49002,1000,24
49003,0,3
49004,0,3
49005,222,20
49006,0,3
49007,487,22
49008,312,25
49009,243,20
49010,0,3
49011,0,3
49012,273,29
49013,0,3
49014,487,24
49015,407,24
49016,590,34
49017,796,30
49018,535,31
49019,0,3
49020,0,3
49021,864,25
49022,302,24
49023,460,35
49024,0,3
49025,307,28
49026,0,3
49027,316,26
49028,0,3
49029,0,3
49030,425,31
49031,125,15
49032,336,23
49033,416,26
49034,0,3
49035,0,3
49036,433,19
49037,0,3
49038,270,21
49039,194,19
49040,0,3
49041,1000,20
49042,0,3
49043,386,33
49044,593,30
49045,0,3
49046,0,3
49047,0,3
49048,440,24
49049,0,3
49050,0,3
49051,270,24
49052,231,28
49053,207,22
49054,0,3
49055,0,3
49056,0,3
49057,307,25
49058,55,10
49059,0,3
49060,944,23
49061,216,20
49062,0,3
49063,454,31
49064,325,26
49065,814,24
49066,0,3
49067,0,3
49068,585,21
49069,255,30
49070,220,24
49071,169,18
49072,214,20
49073,934,38
49074,219,25
49075,169,16
49076,287,23
49077,254,22
49078,277,28
49079,0,3
49080,0,3
49081,277,21
49082,264,28
49083,384,24
49084,300,25
49085,214,19
49086,315,19
49087,1000,30
49088,0,3
49089,452,29
49090,0,3
49091,218,21
49092,410,30
49093,313,22
49094,0,3
49095,379,30
49096,541,32
49097,427,14
49098,184,23
49099,0,3
49100,249,25
49101,1000,12
49102,182,16
49103,679,24
49104,0,3
49105,0,3
49106,333,30
49107,210,17
49108,817,26
49109,200,20
49110,364,33
49111,0,3
49112,256,21
49113,271,24
49114,306,24
49115,0,3
49116,1000,22
49117,335,29
49118,780,18
49119,0,3
49120,896,28
49121,956,28
49122,234,21
49123,341,21
49124,471,36
49125,0,3
49126,406,26
49127,0,3
49128,401,28
49129,312,24
49130,350,28
49131,209,19
49132,0,3
49133,360,29
49134,1000,12
49135,383,29
49136,261,26
49137,30,6
49138,0,3
49139,411,30
49140,0,3
49141,0,3
49142,340,27
49143,272,26
49144,0,3
49145,392,28
49146,270,22
49147,89,11
49148,238,23
49149,1000,18
49150,568,31
49151,0,3
49152,0,3
49153,0,3
49154,161,18
49155,445,31
49156,384,24
49157,364,30
49158,0,3
49159,339,29
49160,273,26
49161,222,20
49162,0,3
49163,196,23
49164,0,3
49165,342,27
49166,1000,23
49167,191,18
49168,0,3
49169,287,22
49170,1000,16
49171,180,18
49172,769,34
49173,0,3
49174,560,19
49175,0,3
49176,226,21
49177,242,18
49178,0,3
49179,444,28
49180,239,15
49181,0,3
49182,0,3
49183,295,27
49184,240,21
49185,0,3
49186,383,33
49187,0,3
49188,568,28
49189,1000,12
49190,0,3
49191,0,3
49192,346,19
49193,0,3
49194,966,33
49195,266,27
49196,629,25
49197,1000,26
49198,424,33
49199,366,32
49200,0,3
49201,0,3
49202,246,19
49203,576,29
49204,0,3
49205,933,29
49206,482,16
49207,1000,29
49208,1000,21
49209,0,3
49210,0,3
49211,326,29
49212,816,19
49213,321,26
49214,0,3
49215,727,30
49216,0,3
49217,734,31
49218,773,19
49219,840,31
49220,1000,10
49221,266,20
49222,307,26
49223,0,3
49224,0,3
49225,0,3
49226,201,21
49227,565,24
49228,945,22
49229,0,3
49230,425,22
49231,0,3
49232,243,22
49233,456,33
49234,351,22
49235,288,24
49236,284,26
49237,294,20
49238,0,3
49239,308,18
49240,0,3
49241,1000,16
49242,242,22
49243,366,32
49244,351,23
49245,256,21
49246,354,22
49247,571,33
49248,0,3
49249,408,32
49250,706,26
49251,1000,30
49252,274,25
49253,0,3
49254,0,3
49255,294,21
49256,0,3
49257,0,3
49258,0,3
49259,0,3
49260,0,3
49261,373,23
49262,1000,7
49263,0,3
49264,228,18
49265,235,22
49266,0,3
49267,320,22
49268,1000,25
49269,181,15
49270,285,22
49271,0,3
49272,552,17
49273,536,32
49274,387,27
49275,1000,8
49276,328,24
49277,0,3
49278,0,3
49279,327,25
49280,164,16
49281,540,24
49282,854,25
49283,571,35
49284,0,3
49285,1000,21
49286,353,28
49287,0,3
49288,0,3
49289,0,3
49290,1000,19
49291,0,3
49292,934,20
49293,156,20
49294,441,26
49295,784,29
49296,161,13
49297,188,20
49298,0,3
49299,551,27
49300,635,15
49301,607,6
49302,0,3
49303,0,3
49304,0,3
49305,0,3
49306,315,21
49307,438,17
49308,622,25
49309,963,28
49310,374,21
49311,0,3
49312,347,29
49313,0,3
49314,200,16
49315,0,3
49316,367,27
49317,536,36
49318,114,13
49319,362,32
49320,433,20
49321,345,25
49322,301,21
49323,256,23
49324,446,27
49325,1000,25
49326,218,21
49327,437,27
49328,304,21
49329,394,32
49330,921,27
49331,0,3
49332,485,29
49333,381,29
49334,0,3
49335,744,29
49336,169,20
49337,165,20
49338,384,26
49339,0,3
49340,0,3
49341,0,3
49342,1000,17
49343,857,23
49344,376,32
49345,0,3
49346,198,22
49347,162,19
49348,0,3
49349,157,19
49350,0,3
49351,0,3
49352,0,3
49353,662,20
49354,314,23
49355,0,3
49356,363,24
49357,479,29
49358,0,3
49359,457,34
49360,238,21
49361,288,27
49362,379,27
49363,393,27
49364,286,22
49365,0,3
49366,430,26
49367,419,19
49368,146,16
49369,0,3
49370,1000,13
49371,436,23
49372,0,3
49373,393,23
49374,352,21
49375,0,3
49376,0,3
49377,661,31
49378,217,24
49379,401,23
49380,311,22
49381,136,14
49382,150,16
49383,1000,17
49384,420,19
49385,828,28
49386,0,3
49387,896,50
49388,243,20
49389,269,21
49390,0,3
49391,0,3
49392,334,26
49393,0,3
49394,195,17
49395,814,30
49396,414,21
49397,0,3
49398,108,15
49399,305,30
49400,0,3
49401,0,3
49402,0,3
49403,494,26
49404,261,20
49405,239,27
49406,0,3
49407,230,25
49408,506,18
49409,422,30
49410,0,3
49411,40,8
49412,1000,22
49413,244,19
49414,374,29
49415,217,26
49416,0,3
49417,260,30
49418,318,24
49419,304,25
49420,199,19
49421,270,23
49422,464,31
49423,657,25
49424,407,29
49425,248,25
49426,0,3
49427,583,26
49428,0,3
49429,0,3
49430,0,3
49431,0,3
49432,0,3
49433,0,3
49434,577,24
49435,0,3
49436,0,3
49437,0,3
49438,116,12
49439,236,19
49440,0,3
49441,213,20
49442,0,3
49443,1000,25
49444,0,3
49445,576,28
49446,523,20
49447,0,3
49448,0,3
49449,0,3
49450,1000,22
49451,310,14
49452,380,18
49453,360,21
49454,0,3
49455,227,17
49456,226,24
49457,1000,8
49458,449,35
49459,583,29
49460,514,22
49461,0,3
49462,316,23
49463,233,22
49464,916,31
49465,855,29
49466,205,20
49467,349,30
49468,0,3
49469,144,13
49470,439,32
49471,1000,27
49472,1000,14
49473,387,20
49474,352,29
49475,0,3
49476,51,7
49477,632,26
49478,0,3
49479,0,3
49480,0,3
49481,171,17
49482,355,27
49483,192,21
49484,0,3
49485,328,22
49486,370,21
49487,930,29
49488,1000,4
49489,446,30
49490,433,27
49491,160,20
49492,0,3
49493,0,3
49494,0,3
49495,676,19
49496,0,3
49497,409,27
49498,836,28
49499,0,3
49500,124,15
49501,795,25
49502,395,27
49503,445,32
49504,263,22
49505,0,3
49506,316,30
49507,0,3
49508,192,21
49509,0,3
49510,305,27
49511,0,3
49512,0,3
49513,1000,18
49514,0,3
49515,0,3
49516,0,3
49517,0,3
49518,345,20
49519,649,18
49520,0,3
49521,0,3
49522,930,22
49523,0,3
49524,0,3
49525,0,3
49526,0,3
49527,772,25
49528,0,3
49529,0,3
49530,422,28
49531,0,3
49532,394,15
49533,0,3
49534,194,19
49535,0,3
49536,0,3
49537,0,3
49538,414,28
49539,1000,13
49540,1000,22
49541,0,3
49542,175,19
49543,663,27
49544,0,3
49545,0,3
49546,252,21
49547,0,3
49548,616,36
49549,971,28
49550,0,3
49551,271,14
49552,0,3
49553,816,25
49554,342,30
49555,189,18
49556,0,3
49557,0,3
49558,992,20
49559,0,3
49560,523,27
49561,0,3
49562,0,3
49563,612,17
49564,514,25
49565,191,19
49566,241,15
49567,48,5
49568,0,3
49569,236,22
49570,372,25
49571,0,3
49572,0,3
49573,1000,22
49574,1000,24
49575,0,3
49576,0,3
49577,82,15
49578,948,27
49579,384,32
49580,72,10
49581,0,3
49582,671,18
49583,0,3
49584,324,29
49585,0,3
49586,210,22
49587,0,3
49588,594,29
49589,0,3
49590,0,3
49591,453,30
49592,399,25
49593,906,21
49594,0,3
49595,217,27
49596,365,25
49597,0,3
49598,552,22
49599,453,22
49600,704,41
49601,347,26
49602,0,3
49603,0,3
49604,300,26
49605,452,31
49606,0,3
49607,352,27
49608,0,3
49609,320,32
49610,169,21
49611,0,3
49612,354,36
49613,0,3
49614,404,29
49615,1000,14
49616,250,24
49617,0,3
49618,0,3
49619,532,33
49620,0,3
49621,723,38
49622,0,3
49623,1000,26
49624,224,16
49625,0,3
49626,93,9
49627,1000,18
49628,89,8
49629,331,23
49630,0,3
49631,392,33
49632,311,23
49633,0,3
49634,186,21
49635,227,20
49636,208,24
49637,0,3
49638,0,3
49639,506,37
49640,301,24
49641,0,3
49642,0,3
49643,0,3
49644,913,35
49645,422,21
49646,259,20
49647,1000,28
49648,0,3
49649,1000,21
49650,309,27
49651,320,29
49652,0,3
49653,960,27
49654,514,26
49655,0,3
49656,0,3
49657,0,3
49658,636,27
49659,222,13
49660,143,16
49661,0,3
49662,368,28
49663,851,26
49664,0,3
49665,412,27
49666,1000,17
49667,404,27
49668,313,32
49669,340,27
49670,0,3
49671,0,3
49672,321,24
49673,502,31
49674,773,22
49675,0,3
49676,537,30
49677,0,3
49678,598,39
49679,287,23
49680,682,28
49681,0,3
49682,524,28
49683,484,25
49684,632,28
49685,1000,16
49686,275,26
49687,501,35
49688,210,22
49689,0,3
49690,329,27
49691,202,22
49692,523,32
49693,497,33
49694,311,26
49695,224,25
49696,270,22
49697,240,19
49698,0,3
49699,0,3
49700,375,26
49701,312,25
49702,362,15
49703,1000,32
49704,0,3
49705,379,32
49706,0,3
49707,463,35
49708,292,25
49709,393,28
49710,0,3
49711,977,27
49712,0,3
49713,0,3
49714,389,28
49715,491,33
49716,489,31
49717,0,3
49718,223,21
49719,513,31
49720,0,3
49721,0,3
49722,0,3
49723,845,32
49724,1000,10
49725,519,32
49726,333,25
49727,0,3
49728,116,10
49729,454,21
49730,464,26
49731,487,34
49732,0,3
49733,1000,28
49734,0,3
49735,623,22
49736,203,22
49737,318,30
49738,117,17
49739,435,20
49740,657,21
49741,0,3
49742,231,26
49743,1000,24
49744,268,25
49745,318,23
49746,0,3
49747,314,27
49748,321,31
49749,0,3
49750,0,3
49751,0,3
49752,302,29
49753,342,25
49754,0,3
49755,0,3
49756,0,3
49757,218,19
49758,0,3
49759,1000,19
49760,0,3
49761,528,31
49762,0,3
49763,0,3
49764,0,3
49765,230,22
49766,905,24
49767,267,24
49768,0,3
49769,0,3
49770,498,33
49771,428,25
49772,343,28
49773,0,3
49774,199,20
49775,388,29
49776,0,3
49777,398,34
49778,0,3
49779,490,31
49780,525,31
49781,0,3
49782,187,21
49783,473,32
49784,559,30
49785,202,24
49786,478,26
49787,143,16
49788,0,3
49789,0,3
49790,594,25
49791,0,3
49792,781,31
49793,334,16
49794,328,29
49795,525,25
49796,0,3
49797,0,3
49798,605,19
49799,0,3
49800,1000,22
49801,0,3
49802,165,16
49803,524,34
49804,844,42
49805,318,27
49806,279,24
49807,320,30
49808,0,3
49809,0,3
49810,0,3
49811,0,3
49812,0,3
49813,329,30
49814,249,25
49815,338,16
49816,435,28
49817,0,3
49818,0,3
49819,0,3
49820,0,3
49821,326,20
49822,0,3
49823,357,25
49824,0,3
49825,1000,30
49826,0,3
49827,0,3
49828,76,10
49829,275,28
49830,678,26
49831,0,3
49832,79,9
49833,0,3
49834,0,3
49835,0,3
49836,282,24
49837,285,19
49838,207,17
49839,277,29
49840,0,3
49841,0,3
49842,360,26
49843,0,3
49844,284,24
49845,0,3
49846,217,18
49847,1000,26
49848,420,31
49849,317,12
49850,245,16
49851,223,21
49852,328,19
49853,294,26
49854,0,3
49855,391,24
49856,0,3
49857,445,21
49858,319,27
49859,0,3
49860,340,29
49861,341,25
49862,808,26
49863,362,32
49864,374,35
49865,270,21
49866,0,3
49867,0,3
49868,0,3
49869,0,3
49870,0,3
49871,0,3
49872,0,3
49873,0,3
49874,243,25
49875,204,17
49876,120,13
49877,254,22
49878,0,3
49879,0,3
49880,433,25
49881,451,28
49882,410,29
49883,319,28
49884,0,3
49885,511,35
49886,154,19
49887,380,25
49888,389,28
49889,191,16
49890,387,22
49891,437,25
49892,0,3
49893,249,20
49894,540,31
49895,485,20
49896,151,18
49897,0,3
49898,0,3
49899,232,22
49900,1000,12
49901,0,3
49902,0,3
49903,0,3
49904,209,19
49905,0,3
49906,375,27
49907,405,27
49908,206,25
49909,614,23
49910,234,24
49911,104,8
49912,0,3
49913,1000,10
49914,202,20
49915,208,22
49916,241,21
49917,144,15
49918,230,20
49919,620,27
49920,0,3
49921,164,17
49922,0,3
49923,189,24
49924,226,15
49925,0,3
49926,364,25
49927,192,23
49928,823,23
49929,0,3
49930,242,23
49931,443,20
49932,0,3
49933,0,3
49934,1000,27
49935,0,3
49936,0,3
49937,0,3
49938,0,3
49939,662,24
49940,344,30
49941,285,24
49942,299,23
49943,694,28
49944,0,3
49945,243,29
49946,179,17
49947,248,20
49948,242,23
49949,265,20
49950,0,3
49951,1000,23
49952,0,3
49953,280,24
49954,0,3
49955,264,22
49956,0,3
49957,199,24
49958,625,33
49959,454,31
49960,313,24
49961,102,16
49962,649,24
49963,365,28
49964,0,3
49965,0,3
49966,429,19
49967,478,30
49968,249,25
49969,0,3
49970,0,3
49971,0,3
49972,243,27
49973,0,3
49974,0,3
49975,539,23
49976,0,3
49977,0,3
49978,0,3
49979,0,3
49980,351,23
49981,0,3
49982,384,31
49983,225,21
49984,202,20
49985,0,3
49986,0,3
49987,0,3
49988,869,26
49989,0,3
49990,385,31
49991,178,16
49992,473,30
49993,540,30
49994,0,3
49995,351,30
49996,0,3
49997,1000,13
49998,1000,15
49999,180,19
